[2025-12-06T05:45:43.261+0000] {processor.py:161} INFO - Started process (PID=105) to work on /home/airflow/.local/lib/python3.8/site-packages/airflow/example_dags/example_params_ui_tutorial.py
[2025-12-06T05:45:43.264+0000] {processor.py:830} INFO - Processing file /home/airflow/.local/lib/python3.8/site-packages/airflow/example_dags/example_params_ui_tutorial.py for tasks to queue
[2025-12-06T05:45:43.268+0000] {logging_mixin.py:188} INFO - [2025-12-06T05:45:43.267+0000] {dagbag.py:538} INFO - Filling up the DagBag from /home/airflow/.local/lib/python3.8/site-packages/airflow/example_dags/example_params_ui_tutorial.py
[2025-12-06T05:45:43.289+0000] {processor.py:840} INFO - DAG(s) 'example_params_ui_tutorial' retrieved from /home/airflow/.local/lib/python3.8/site-packages/airflow/example_dags/example_params_ui_tutorial.py
[2025-12-06T05:45:43.529+0000] {logging_mixin.py:188} INFO - [2025-12-06T05:45:43.528+0000] {dag.py:3036} INFO - Sync 1 DAGs
[2025-12-06T05:45:43.565+0000] {logging_mixin.py:188} INFO - [2025-12-06T05:45:43.564+0000] {dag.py:3823} INFO - Setting next_dagrun for example_params_ui_tutorial to None, run_after=None
[2025-12-06T05:45:43.626+0000] {processor.py:183} INFO - Processing /home/airflow/.local/lib/python3.8/site-packages/airflow/example_dags/example_params_ui_tutorial.py took 0.370 seconds
[2025-12-06T05:46:14.426+0000] {processor.py:161} INFO - Started process (PID=160) to work on /home/airflow/.local/lib/python3.8/site-packages/airflow/example_dags/example_params_ui_tutorial.py
[2025-12-06T05:46:14.428+0000] {processor.py:830} INFO - Processing file /home/airflow/.local/lib/python3.8/site-packages/airflow/example_dags/example_params_ui_tutorial.py for tasks to queue
[2025-12-06T05:46:14.431+0000] {logging_mixin.py:188} INFO - [2025-12-06T05:46:14.430+0000] {dagbag.py:538} INFO - Filling up the DagBag from /home/airflow/.local/lib/python3.8/site-packages/airflow/example_dags/example_params_ui_tutorial.py
[2025-12-06T05:46:14.449+0000] {processor.py:840} INFO - DAG(s) 'example_params_ui_tutorial' retrieved from /home/airflow/.local/lib/python3.8/site-packages/airflow/example_dags/example_params_ui_tutorial.py
[2025-12-06T05:46:14.536+0000] {logging_mixin.py:188} INFO - [2025-12-06T05:46:14.535+0000] {dag.py:3036} INFO - Sync 1 DAGs
[2025-12-06T05:46:14.564+0000] {logging_mixin.py:188} INFO - [2025-12-06T05:46:14.563+0000] {dag.py:3823} INFO - Setting next_dagrun for example_params_ui_tutorial to None, run_after=None
[2025-12-06T05:46:14.647+0000] {processor.py:183} INFO - Processing /home/airflow/.local/lib/python3.8/site-packages/airflow/example_dags/example_params_ui_tutorial.py took 0.226 seconds
[2025-12-06T05:46:45.222+0000] {processor.py:161} INFO - Started process (PID=215) to work on /home/airflow/.local/lib/python3.8/site-packages/airflow/example_dags/example_params_ui_tutorial.py
[2025-12-06T05:46:45.228+0000] {processor.py:830} INFO - Processing file /home/airflow/.local/lib/python3.8/site-packages/airflow/example_dags/example_params_ui_tutorial.py for tasks to queue
[2025-12-06T05:46:45.233+0000] {logging_mixin.py:188} INFO - [2025-12-06T05:46:45.233+0000] {dagbag.py:538} INFO - Filling up the DagBag from /home/airflow/.local/lib/python3.8/site-packages/airflow/example_dags/example_params_ui_tutorial.py
[2025-12-06T05:46:45.250+0000] {processor.py:840} INFO - DAG(s) 'example_params_ui_tutorial' retrieved from /home/airflow/.local/lib/python3.8/site-packages/airflow/example_dags/example_params_ui_tutorial.py
[2025-12-06T05:46:45.378+0000] {logging_mixin.py:188} INFO - [2025-12-06T05:46:45.378+0000] {dag.py:3036} INFO - Sync 1 DAGs
[2025-12-06T05:46:45.396+0000] {logging_mixin.py:188} INFO - [2025-12-06T05:46:45.395+0000] {dag.py:3823} INFO - Setting next_dagrun for example_params_ui_tutorial to None, run_after=None
[2025-12-06T05:46:45.427+0000] {processor.py:183} INFO - Processing /home/airflow/.local/lib/python3.8/site-packages/airflow/example_dags/example_params_ui_tutorial.py took 0.214 seconds
[2025-12-06T05:47:15.824+0000] {processor.py:161} INFO - Started process (PID=270) to work on /home/airflow/.local/lib/python3.8/site-packages/airflow/example_dags/example_params_ui_tutorial.py
[2025-12-06T05:47:15.826+0000] {processor.py:830} INFO - Processing file /home/airflow/.local/lib/python3.8/site-packages/airflow/example_dags/example_params_ui_tutorial.py for tasks to queue
[2025-12-06T05:47:15.828+0000] {logging_mixin.py:188} INFO - [2025-12-06T05:47:15.828+0000] {dagbag.py:538} INFO - Filling up the DagBag from /home/airflow/.local/lib/python3.8/site-packages/airflow/example_dags/example_params_ui_tutorial.py
[2025-12-06T05:47:15.849+0000] {processor.py:840} INFO - DAG(s) 'example_params_ui_tutorial' retrieved from /home/airflow/.local/lib/python3.8/site-packages/airflow/example_dags/example_params_ui_tutorial.py
[2025-12-06T05:47:15.980+0000] {logging_mixin.py:188} INFO - [2025-12-06T05:47:15.978+0000] {dag.py:3036} INFO - Sync 1 DAGs
[2025-12-06T05:47:16.007+0000] {logging_mixin.py:188} INFO - [2025-12-06T05:47:16.007+0000] {dag.py:3823} INFO - Setting next_dagrun for example_params_ui_tutorial to None, run_after=None
[2025-12-06T05:47:16.044+0000] {processor.py:183} INFO - Processing /home/airflow/.local/lib/python3.8/site-packages/airflow/example_dags/example_params_ui_tutorial.py took 0.226 seconds
[2025-12-06T05:47:46.113+0000] {processor.py:161} INFO - Started process (PID=325) to work on /home/airflow/.local/lib/python3.8/site-packages/airflow/example_dags/example_params_ui_tutorial.py
[2025-12-06T05:47:46.114+0000] {processor.py:830} INFO - Processing file /home/airflow/.local/lib/python3.8/site-packages/airflow/example_dags/example_params_ui_tutorial.py for tasks to queue
[2025-12-06T05:47:46.117+0000] {logging_mixin.py:188} INFO - [2025-12-06T05:47:46.117+0000] {dagbag.py:538} INFO - Filling up the DagBag from /home/airflow/.local/lib/python3.8/site-packages/airflow/example_dags/example_params_ui_tutorial.py
[2025-12-06T05:47:46.141+0000] {processor.py:840} INFO - DAG(s) 'example_params_ui_tutorial' retrieved from /home/airflow/.local/lib/python3.8/site-packages/airflow/example_dags/example_params_ui_tutorial.py
[2025-12-06T05:47:46.240+0000] {logging_mixin.py:188} INFO - [2025-12-06T05:47:46.240+0000] {dag.py:3036} INFO - Sync 1 DAGs
[2025-12-06T05:47:46.259+0000] {logging_mixin.py:188} INFO - [2025-12-06T05:47:46.258+0000] {dag.py:3823} INFO - Setting next_dagrun for example_params_ui_tutorial to None, run_after=None
[2025-12-06T05:47:46.298+0000] {processor.py:183} INFO - Processing /home/airflow/.local/lib/python3.8/site-packages/airflow/example_dags/example_params_ui_tutorial.py took 0.190 seconds
[2025-12-06T05:48:16.531+0000] {processor.py:161} INFO - Started process (PID=380) to work on /home/airflow/.local/lib/python3.8/site-packages/airflow/example_dags/example_params_ui_tutorial.py
[2025-12-06T05:48:16.533+0000] {processor.py:830} INFO - Processing file /home/airflow/.local/lib/python3.8/site-packages/airflow/example_dags/example_params_ui_tutorial.py for tasks to queue
[2025-12-06T05:48:16.538+0000] {logging_mixin.py:188} INFO - [2025-12-06T05:48:16.537+0000] {dagbag.py:538} INFO - Filling up the DagBag from /home/airflow/.local/lib/python3.8/site-packages/airflow/example_dags/example_params_ui_tutorial.py
[2025-12-06T05:48:16.555+0000] {processor.py:840} INFO - DAG(s) 'example_params_ui_tutorial' retrieved from /home/airflow/.local/lib/python3.8/site-packages/airflow/example_dags/example_params_ui_tutorial.py
[2025-12-06T05:48:16.643+0000] {logging_mixin.py:188} INFO - [2025-12-06T05:48:16.643+0000] {dag.py:3036} INFO - Sync 1 DAGs
[2025-12-06T05:48:16.661+0000] {logging_mixin.py:188} INFO - [2025-12-06T05:48:16.661+0000] {dag.py:3823} INFO - Setting next_dagrun for example_params_ui_tutorial to None, run_after=None
[2025-12-06T05:48:16.693+0000] {processor.py:183} INFO - Processing /home/airflow/.local/lib/python3.8/site-packages/airflow/example_dags/example_params_ui_tutorial.py took 0.167 seconds
[2025-12-06T05:48:46.925+0000] {processor.py:161} INFO - Started process (PID=435) to work on /home/airflow/.local/lib/python3.8/site-packages/airflow/example_dags/example_params_ui_tutorial.py
[2025-12-06T05:48:46.931+0000] {processor.py:830} INFO - Processing file /home/airflow/.local/lib/python3.8/site-packages/airflow/example_dags/example_params_ui_tutorial.py for tasks to queue
[2025-12-06T05:48:46.936+0000] {logging_mixin.py:188} INFO - [2025-12-06T05:48:46.935+0000] {dagbag.py:538} INFO - Filling up the DagBag from /home/airflow/.local/lib/python3.8/site-packages/airflow/example_dags/example_params_ui_tutorial.py
[2025-12-06T05:48:46.986+0000] {processor.py:840} INFO - DAG(s) 'example_params_ui_tutorial' retrieved from /home/airflow/.local/lib/python3.8/site-packages/airflow/example_dags/example_params_ui_tutorial.py
[2025-12-06T05:48:47.173+0000] {logging_mixin.py:188} INFO - [2025-12-06T05:48:47.172+0000] {dag.py:3036} INFO - Sync 1 DAGs
[2025-12-06T05:48:47.193+0000] {logging_mixin.py:188} INFO - [2025-12-06T05:48:47.192+0000] {dag.py:3823} INFO - Setting next_dagrun for example_params_ui_tutorial to None, run_after=None
[2025-12-06T05:48:47.226+0000] {processor.py:183} INFO - Processing /home/airflow/.local/lib/python3.8/site-packages/airflow/example_dags/example_params_ui_tutorial.py took 0.309 seconds
[2025-12-06T05:49:17.502+0000] {processor.py:161} INFO - Started process (PID=490) to work on /home/airflow/.local/lib/python3.8/site-packages/airflow/example_dags/example_params_ui_tutorial.py
[2025-12-06T05:49:17.504+0000] {processor.py:830} INFO - Processing file /home/airflow/.local/lib/python3.8/site-packages/airflow/example_dags/example_params_ui_tutorial.py for tasks to queue
[2025-12-06T05:49:17.507+0000] {logging_mixin.py:188} INFO - [2025-12-06T05:49:17.507+0000] {dagbag.py:538} INFO - Filling up the DagBag from /home/airflow/.local/lib/python3.8/site-packages/airflow/example_dags/example_params_ui_tutorial.py
[2025-12-06T05:49:17.524+0000] {processor.py:840} INFO - DAG(s) 'example_params_ui_tutorial' retrieved from /home/airflow/.local/lib/python3.8/site-packages/airflow/example_dags/example_params_ui_tutorial.py
[2025-12-06T05:49:17.624+0000] {logging_mixin.py:188} INFO - [2025-12-06T05:49:17.623+0000] {dag.py:3036} INFO - Sync 1 DAGs
[2025-12-06T05:49:17.650+0000] {logging_mixin.py:188} INFO - [2025-12-06T05:49:17.650+0000] {dag.py:3823} INFO - Setting next_dagrun for example_params_ui_tutorial to None, run_after=None
[2025-12-06T05:49:17.679+0000] {processor.py:183} INFO - Processing /home/airflow/.local/lib/python3.8/site-packages/airflow/example_dags/example_params_ui_tutorial.py took 0.182 seconds
[2025-12-06T05:49:47.998+0000] {processor.py:161} INFO - Started process (PID=545) to work on /home/airflow/.local/lib/python3.8/site-packages/airflow/example_dags/example_params_ui_tutorial.py
[2025-12-06T05:49:47.999+0000] {processor.py:830} INFO - Processing file /home/airflow/.local/lib/python3.8/site-packages/airflow/example_dags/example_params_ui_tutorial.py for tasks to queue
[2025-12-06T05:49:48.002+0000] {logging_mixin.py:188} INFO - [2025-12-06T05:49:48.002+0000] {dagbag.py:538} INFO - Filling up the DagBag from /home/airflow/.local/lib/python3.8/site-packages/airflow/example_dags/example_params_ui_tutorial.py
[2025-12-06T05:49:48.016+0000] {processor.py:840} INFO - DAG(s) 'example_params_ui_tutorial' retrieved from /home/airflow/.local/lib/python3.8/site-packages/airflow/example_dags/example_params_ui_tutorial.py
[2025-12-06T05:49:48.098+0000] {logging_mixin.py:188} INFO - [2025-12-06T05:49:48.098+0000] {dag.py:3036} INFO - Sync 1 DAGs
[2025-12-06T05:49:48.120+0000] {logging_mixin.py:188} INFO - [2025-12-06T05:49:48.119+0000] {dag.py:3823} INFO - Setting next_dagrun for example_params_ui_tutorial to None, run_after=None
[2025-12-06T05:49:48.149+0000] {processor.py:183} INFO - Processing /home/airflow/.local/lib/python3.8/site-packages/airflow/example_dags/example_params_ui_tutorial.py took 0.156 seconds
[2025-12-06T05:50:18.318+0000] {processor.py:161} INFO - Started process (PID=600) to work on /home/airflow/.local/lib/python3.8/site-packages/airflow/example_dags/example_params_ui_tutorial.py
[2025-12-06T05:50:18.320+0000] {processor.py:830} INFO - Processing file /home/airflow/.local/lib/python3.8/site-packages/airflow/example_dags/example_params_ui_tutorial.py for tasks to queue
[2025-12-06T05:50:18.323+0000] {logging_mixin.py:188} INFO - [2025-12-06T05:50:18.323+0000] {dagbag.py:538} INFO - Filling up the DagBag from /home/airflow/.local/lib/python3.8/site-packages/airflow/example_dags/example_params_ui_tutorial.py
[2025-12-06T05:50:18.347+0000] {processor.py:840} INFO - DAG(s) 'example_params_ui_tutorial' retrieved from /home/airflow/.local/lib/python3.8/site-packages/airflow/example_dags/example_params_ui_tutorial.py
[2025-12-06T05:50:18.436+0000] {logging_mixin.py:188} INFO - [2025-12-06T05:50:18.436+0000] {dag.py:3036} INFO - Sync 1 DAGs
[2025-12-06T05:50:18.457+0000] {logging_mixin.py:188} INFO - [2025-12-06T05:50:18.457+0000] {dag.py:3823} INFO - Setting next_dagrun for example_params_ui_tutorial to None, run_after=None
[2025-12-06T05:50:18.491+0000] {processor.py:183} INFO - Processing /home/airflow/.local/lib/python3.8/site-packages/airflow/example_dags/example_params_ui_tutorial.py took 0.178 seconds
[2025-12-06T05:50:48.973+0000] {processor.py:161} INFO - Started process (PID=655) to work on /home/airflow/.local/lib/python3.8/site-packages/airflow/example_dags/example_params_ui_tutorial.py
[2025-12-06T05:50:48.975+0000] {processor.py:830} INFO - Processing file /home/airflow/.local/lib/python3.8/site-packages/airflow/example_dags/example_params_ui_tutorial.py for tasks to queue
[2025-12-06T05:50:48.978+0000] {logging_mixin.py:188} INFO - [2025-12-06T05:50:48.977+0000] {dagbag.py:538} INFO - Filling up the DagBag from /home/airflow/.local/lib/python3.8/site-packages/airflow/example_dags/example_params_ui_tutorial.py
[2025-12-06T05:50:48.994+0000] {processor.py:840} INFO - DAG(s) 'example_params_ui_tutorial' retrieved from /home/airflow/.local/lib/python3.8/site-packages/airflow/example_dags/example_params_ui_tutorial.py
[2025-12-06T05:50:49.079+0000] {logging_mixin.py:188} INFO - [2025-12-06T05:50:49.079+0000] {dag.py:3036} INFO - Sync 1 DAGs
[2025-12-06T05:50:49.096+0000] {logging_mixin.py:188} INFO - [2025-12-06T05:50:49.096+0000] {dag.py:3823} INFO - Setting next_dagrun for example_params_ui_tutorial to None, run_after=None
[2025-12-06T05:50:49.129+0000] {processor.py:183} INFO - Processing /home/airflow/.local/lib/python3.8/site-packages/airflow/example_dags/example_params_ui_tutorial.py took 0.161 seconds
[2025-12-06T05:51:19.343+0000] {processor.py:161} INFO - Started process (PID=710) to work on /home/airflow/.local/lib/python3.8/site-packages/airflow/example_dags/example_params_ui_tutorial.py
[2025-12-06T05:51:19.345+0000] {processor.py:830} INFO - Processing file /home/airflow/.local/lib/python3.8/site-packages/airflow/example_dags/example_params_ui_tutorial.py for tasks to queue
[2025-12-06T05:51:19.348+0000] {logging_mixin.py:188} INFO - [2025-12-06T05:51:19.348+0000] {dagbag.py:538} INFO - Filling up the DagBag from /home/airflow/.local/lib/python3.8/site-packages/airflow/example_dags/example_params_ui_tutorial.py
[2025-12-06T05:51:19.369+0000] {processor.py:840} INFO - DAG(s) 'example_params_ui_tutorial' retrieved from /home/airflow/.local/lib/python3.8/site-packages/airflow/example_dags/example_params_ui_tutorial.py
[2025-12-06T05:51:19.459+0000] {logging_mixin.py:188} INFO - [2025-12-06T05:51:19.459+0000] {dag.py:3036} INFO - Sync 1 DAGs
[2025-12-06T05:51:19.477+0000] {logging_mixin.py:188} INFO - [2025-12-06T05:51:19.477+0000] {dag.py:3823} INFO - Setting next_dagrun for example_params_ui_tutorial to None, run_after=None
[2025-12-06T05:51:19.511+0000] {processor.py:183} INFO - Processing /home/airflow/.local/lib/python3.8/site-packages/airflow/example_dags/example_params_ui_tutorial.py took 0.176 seconds
[2025-12-06T05:51:49.708+0000] {processor.py:161} INFO - Started process (PID=766) to work on /home/airflow/.local/lib/python3.8/site-packages/airflow/example_dags/example_params_ui_tutorial.py
[2025-12-06T05:51:49.710+0000] {processor.py:830} INFO - Processing file /home/airflow/.local/lib/python3.8/site-packages/airflow/example_dags/example_params_ui_tutorial.py for tasks to queue
[2025-12-06T05:51:49.715+0000] {logging_mixin.py:188} INFO - [2025-12-06T05:51:49.714+0000] {dagbag.py:538} INFO - Filling up the DagBag from /home/airflow/.local/lib/python3.8/site-packages/airflow/example_dags/example_params_ui_tutorial.py
[2025-12-06T05:51:49.735+0000] {processor.py:840} INFO - DAG(s) 'example_params_ui_tutorial' retrieved from /home/airflow/.local/lib/python3.8/site-packages/airflow/example_dags/example_params_ui_tutorial.py
[2025-12-06T05:51:49.827+0000] {logging_mixin.py:188} INFO - [2025-12-06T05:51:49.827+0000] {dag.py:3036} INFO - Sync 1 DAGs
[2025-12-06T05:51:49.852+0000] {logging_mixin.py:188} INFO - [2025-12-06T05:51:49.851+0000] {dag.py:3823} INFO - Setting next_dagrun for example_params_ui_tutorial to None, run_after=None
[2025-12-06T05:51:49.888+0000] {processor.py:183} INFO - Processing /home/airflow/.local/lib/python3.8/site-packages/airflow/example_dags/example_params_ui_tutorial.py took 0.187 seconds
[2025-12-06T05:52:20.114+0000] {processor.py:161} INFO - Started process (PID=820) to work on /home/airflow/.local/lib/python3.8/site-packages/airflow/example_dags/example_params_ui_tutorial.py
[2025-12-06T05:52:20.115+0000] {processor.py:830} INFO - Processing file /home/airflow/.local/lib/python3.8/site-packages/airflow/example_dags/example_params_ui_tutorial.py for tasks to queue
[2025-12-06T05:52:20.119+0000] {logging_mixin.py:188} INFO - [2025-12-06T05:52:20.118+0000] {dagbag.py:538} INFO - Filling up the DagBag from /home/airflow/.local/lib/python3.8/site-packages/airflow/example_dags/example_params_ui_tutorial.py
[2025-12-06T05:52:20.143+0000] {processor.py:840} INFO - DAG(s) 'example_params_ui_tutorial' retrieved from /home/airflow/.local/lib/python3.8/site-packages/airflow/example_dags/example_params_ui_tutorial.py
[2025-12-06T05:52:20.241+0000] {logging_mixin.py:188} INFO - [2025-12-06T05:52:20.240+0000] {dag.py:3036} INFO - Sync 1 DAGs
[2025-12-06T05:52:20.260+0000] {logging_mixin.py:188} INFO - [2025-12-06T05:52:20.260+0000] {dag.py:3823} INFO - Setting next_dagrun for example_params_ui_tutorial to None, run_after=None
[2025-12-06T05:52:20.301+0000] {processor.py:183} INFO - Processing /home/airflow/.local/lib/python3.8/site-packages/airflow/example_dags/example_params_ui_tutorial.py took 0.193 seconds
[2025-12-06T05:52:50.366+0000] {processor.py:161} INFO - Started process (PID=875) to work on /home/airflow/.local/lib/python3.8/site-packages/airflow/example_dags/example_params_ui_tutorial.py
[2025-12-06T05:52:50.368+0000] {processor.py:830} INFO - Processing file /home/airflow/.local/lib/python3.8/site-packages/airflow/example_dags/example_params_ui_tutorial.py for tasks to queue
[2025-12-06T05:52:50.371+0000] {logging_mixin.py:188} INFO - [2025-12-06T05:52:50.370+0000] {dagbag.py:538} INFO - Filling up the DagBag from /home/airflow/.local/lib/python3.8/site-packages/airflow/example_dags/example_params_ui_tutorial.py
[2025-12-06T05:52:50.390+0000] {processor.py:840} INFO - DAG(s) 'example_params_ui_tutorial' retrieved from /home/airflow/.local/lib/python3.8/site-packages/airflow/example_dags/example_params_ui_tutorial.py
[2025-12-06T05:52:50.473+0000] {logging_mixin.py:188} INFO - [2025-12-06T05:52:50.472+0000] {dag.py:3036} INFO - Sync 1 DAGs
[2025-12-06T05:52:50.496+0000] {logging_mixin.py:188} INFO - [2025-12-06T05:52:50.496+0000] {dag.py:3823} INFO - Setting next_dagrun for example_params_ui_tutorial to None, run_after=None
[2025-12-06T05:52:50.525+0000] {processor.py:183} INFO - Processing /home/airflow/.local/lib/python3.8/site-packages/airflow/example_dags/example_params_ui_tutorial.py took 0.163 seconds
[2025-12-06T05:53:20.861+0000] {processor.py:161} INFO - Started process (PID=930) to work on /home/airflow/.local/lib/python3.8/site-packages/airflow/example_dags/example_params_ui_tutorial.py
[2025-12-06T05:53:20.863+0000] {processor.py:830} INFO - Processing file /home/airflow/.local/lib/python3.8/site-packages/airflow/example_dags/example_params_ui_tutorial.py for tasks to queue
[2025-12-06T05:53:20.867+0000] {logging_mixin.py:188} INFO - [2025-12-06T05:53:20.867+0000] {dagbag.py:538} INFO - Filling up the DagBag from /home/airflow/.local/lib/python3.8/site-packages/airflow/example_dags/example_params_ui_tutorial.py
[2025-12-06T05:53:20.897+0000] {processor.py:840} INFO - DAG(s) 'example_params_ui_tutorial' retrieved from /home/airflow/.local/lib/python3.8/site-packages/airflow/example_dags/example_params_ui_tutorial.py
[2025-12-06T05:53:21.008+0000] {logging_mixin.py:188} INFO - [2025-12-06T05:53:21.008+0000] {dag.py:3036} INFO - Sync 1 DAGs
[2025-12-06T05:53:21.025+0000] {logging_mixin.py:188} INFO - [2025-12-06T05:53:21.025+0000] {dag.py:3823} INFO - Setting next_dagrun for example_params_ui_tutorial to None, run_after=None
[2025-12-06T05:53:21.055+0000] {processor.py:183} INFO - Processing /home/airflow/.local/lib/python3.8/site-packages/airflow/example_dags/example_params_ui_tutorial.py took 0.200 seconds
[2025-12-06T05:53:51.198+0000] {processor.py:161} INFO - Started process (PID=985) to work on /home/airflow/.local/lib/python3.8/site-packages/airflow/example_dags/example_params_ui_tutorial.py
[2025-12-06T05:53:51.200+0000] {processor.py:830} INFO - Processing file /home/airflow/.local/lib/python3.8/site-packages/airflow/example_dags/example_params_ui_tutorial.py for tasks to queue
[2025-12-06T05:53:51.203+0000] {logging_mixin.py:188} INFO - [2025-12-06T05:53:51.202+0000] {dagbag.py:538} INFO - Filling up the DagBag from /home/airflow/.local/lib/python3.8/site-packages/airflow/example_dags/example_params_ui_tutorial.py
[2025-12-06T05:53:51.218+0000] {processor.py:840} INFO - DAG(s) 'example_params_ui_tutorial' retrieved from /home/airflow/.local/lib/python3.8/site-packages/airflow/example_dags/example_params_ui_tutorial.py
[2025-12-06T05:53:51.309+0000] {logging_mixin.py:188} INFO - [2025-12-06T05:53:51.309+0000] {dag.py:3036} INFO - Sync 1 DAGs
[2025-12-06T05:53:51.329+0000] {logging_mixin.py:188} INFO - [2025-12-06T05:53:51.329+0000] {dag.py:3823} INFO - Setting next_dagrun for example_params_ui_tutorial to None, run_after=None
[2025-12-06T05:53:51.366+0000] {processor.py:183} INFO - Processing /home/airflow/.local/lib/python3.8/site-packages/airflow/example_dags/example_params_ui_tutorial.py took 0.172 seconds
[2025-12-06T05:54:22.331+0000] {processor.py:161} INFO - Started process (PID=1048) to work on /home/airflow/.local/lib/python3.8/site-packages/airflow/example_dags/example_params_ui_tutorial.py
[2025-12-06T05:54:22.335+0000] {processor.py:830} INFO - Processing file /home/airflow/.local/lib/python3.8/site-packages/airflow/example_dags/example_params_ui_tutorial.py for tasks to queue
[2025-12-06T05:54:22.343+0000] {logging_mixin.py:188} INFO - [2025-12-06T05:54:22.342+0000] {dagbag.py:538} INFO - Filling up the DagBag from /home/airflow/.local/lib/python3.8/site-packages/airflow/example_dags/example_params_ui_tutorial.py
[2025-12-06T05:54:22.392+0000] {processor.py:840} INFO - DAG(s) 'example_params_ui_tutorial' retrieved from /home/airflow/.local/lib/python3.8/site-packages/airflow/example_dags/example_params_ui_tutorial.py
[2025-12-06T05:54:22.546+0000] {logging_mixin.py:188} INFO - [2025-12-06T05:54:22.546+0000] {dag.py:3036} INFO - Sync 1 DAGs
[2025-12-06T05:54:22.576+0000] {logging_mixin.py:188} INFO - [2025-12-06T05:54:22.575+0000] {dag.py:3823} INFO - Setting next_dagrun for example_params_ui_tutorial to None, run_after=None
[2025-12-06T05:54:22.627+0000] {processor.py:183} INFO - Processing /home/airflow/.local/lib/python3.8/site-packages/airflow/example_dags/example_params_ui_tutorial.py took 0.311 seconds
[2025-12-06T05:54:53.344+0000] {processor.py:161} INFO - Started process (PID=1102) to work on /home/airflow/.local/lib/python3.8/site-packages/airflow/example_dags/example_params_ui_tutorial.py
[2025-12-06T05:54:53.346+0000] {processor.py:830} INFO - Processing file /home/airflow/.local/lib/python3.8/site-packages/airflow/example_dags/example_params_ui_tutorial.py for tasks to queue
[2025-12-06T05:54:53.349+0000] {logging_mixin.py:188} INFO - [2025-12-06T05:54:53.348+0000] {dagbag.py:538} INFO - Filling up the DagBag from /home/airflow/.local/lib/python3.8/site-packages/airflow/example_dags/example_params_ui_tutorial.py
[2025-12-06T05:54:53.366+0000] {processor.py:840} INFO - DAG(s) 'example_params_ui_tutorial' retrieved from /home/airflow/.local/lib/python3.8/site-packages/airflow/example_dags/example_params_ui_tutorial.py
[2025-12-06T05:54:53.454+0000] {logging_mixin.py:188} INFO - [2025-12-06T05:54:53.454+0000] {dag.py:3036} INFO - Sync 1 DAGs
[2025-12-06T05:54:53.472+0000] {logging_mixin.py:188} INFO - [2025-12-06T05:54:53.472+0000] {dag.py:3823} INFO - Setting next_dagrun for example_params_ui_tutorial to None, run_after=None
[2025-12-06T05:54:53.503+0000] {processor.py:183} INFO - Processing /home/airflow/.local/lib/python3.8/site-packages/airflow/example_dags/example_params_ui_tutorial.py took 0.164 seconds
[2025-12-06T05:55:23.551+0000] {processor.py:161} INFO - Started process (PID=1157) to work on /home/airflow/.local/lib/python3.8/site-packages/airflow/example_dags/example_params_ui_tutorial.py
[2025-12-06T05:55:23.552+0000] {processor.py:830} INFO - Processing file /home/airflow/.local/lib/python3.8/site-packages/airflow/example_dags/example_params_ui_tutorial.py for tasks to queue
[2025-12-06T05:55:23.556+0000] {logging_mixin.py:188} INFO - [2025-12-06T05:55:23.555+0000] {dagbag.py:538} INFO - Filling up the DagBag from /home/airflow/.local/lib/python3.8/site-packages/airflow/example_dags/example_params_ui_tutorial.py
[2025-12-06T05:55:23.573+0000] {processor.py:840} INFO - DAG(s) 'example_params_ui_tutorial' retrieved from /home/airflow/.local/lib/python3.8/site-packages/airflow/example_dags/example_params_ui_tutorial.py
[2025-12-06T05:55:23.654+0000] {logging_mixin.py:188} INFO - [2025-12-06T05:55:23.654+0000] {dag.py:3036} INFO - Sync 1 DAGs
[2025-12-06T05:55:23.673+0000] {logging_mixin.py:188} INFO - [2025-12-06T05:55:23.672+0000] {dag.py:3823} INFO - Setting next_dagrun for example_params_ui_tutorial to None, run_after=None
[2025-12-06T05:55:23.707+0000] {processor.py:183} INFO - Processing /home/airflow/.local/lib/python3.8/site-packages/airflow/example_dags/example_params_ui_tutorial.py took 0.161 seconds
[2025-12-06T05:55:54.285+0000] {processor.py:161} INFO - Started process (PID=1213) to work on /home/airflow/.local/lib/python3.8/site-packages/airflow/example_dags/example_params_ui_tutorial.py
[2025-12-06T05:55:54.286+0000] {processor.py:830} INFO - Processing file /home/airflow/.local/lib/python3.8/site-packages/airflow/example_dags/example_params_ui_tutorial.py for tasks to queue
[2025-12-06T05:55:54.289+0000] {logging_mixin.py:188} INFO - [2025-12-06T05:55:54.288+0000] {dagbag.py:538} INFO - Filling up the DagBag from /home/airflow/.local/lib/python3.8/site-packages/airflow/example_dags/example_params_ui_tutorial.py
[2025-12-06T05:55:54.304+0000] {processor.py:840} INFO - DAG(s) 'example_params_ui_tutorial' retrieved from /home/airflow/.local/lib/python3.8/site-packages/airflow/example_dags/example_params_ui_tutorial.py
[2025-12-06T05:55:54.391+0000] {logging_mixin.py:188} INFO - [2025-12-06T05:55:54.390+0000] {dag.py:3036} INFO - Sync 1 DAGs
[2025-12-06T05:55:54.410+0000] {logging_mixin.py:188} INFO - [2025-12-06T05:55:54.410+0000] {dag.py:3823} INFO - Setting next_dagrun for example_params_ui_tutorial to None, run_after=None
[2025-12-06T05:55:54.444+0000] {processor.py:183} INFO - Processing /home/airflow/.local/lib/python3.8/site-packages/airflow/example_dags/example_params_ui_tutorial.py took 0.164 seconds
[2025-12-06T05:56:24.502+0000] {processor.py:161} INFO - Started process (PID=1271) to work on /home/airflow/.local/lib/python3.8/site-packages/airflow/example_dags/example_params_ui_tutorial.py
[2025-12-06T05:56:24.504+0000] {processor.py:830} INFO - Processing file /home/airflow/.local/lib/python3.8/site-packages/airflow/example_dags/example_params_ui_tutorial.py for tasks to queue
[2025-12-06T05:56:24.508+0000] {logging_mixin.py:188} INFO - [2025-12-06T05:56:24.507+0000] {dagbag.py:538} INFO - Filling up the DagBag from /home/airflow/.local/lib/python3.8/site-packages/airflow/example_dags/example_params_ui_tutorial.py
[2025-12-06T05:56:24.527+0000] {processor.py:840} INFO - DAG(s) 'example_params_ui_tutorial' retrieved from /home/airflow/.local/lib/python3.8/site-packages/airflow/example_dags/example_params_ui_tutorial.py
[2025-12-06T05:56:24.619+0000] {logging_mixin.py:188} INFO - [2025-12-06T05:56:24.619+0000] {dag.py:3036} INFO - Sync 1 DAGs
[2025-12-06T05:56:24.641+0000] {logging_mixin.py:188} INFO - [2025-12-06T05:56:24.640+0000] {dag.py:3823} INFO - Setting next_dagrun for example_params_ui_tutorial to None, run_after=None
[2025-12-06T05:56:24.673+0000] {processor.py:183} INFO - Processing /home/airflow/.local/lib/python3.8/site-packages/airflow/example_dags/example_params_ui_tutorial.py took 0.177 seconds
[2025-12-06T05:56:54.962+0000] {processor.py:161} INFO - Started process (PID=1326) to work on /home/airflow/.local/lib/python3.8/site-packages/airflow/example_dags/example_params_ui_tutorial.py
[2025-12-06T05:56:54.964+0000] {processor.py:830} INFO - Processing file /home/airflow/.local/lib/python3.8/site-packages/airflow/example_dags/example_params_ui_tutorial.py for tasks to queue
[2025-12-06T05:56:54.967+0000] {logging_mixin.py:188} INFO - [2025-12-06T05:56:54.966+0000] {dagbag.py:538} INFO - Filling up the DagBag from /home/airflow/.local/lib/python3.8/site-packages/airflow/example_dags/example_params_ui_tutorial.py
[2025-12-06T05:56:54.988+0000] {processor.py:840} INFO - DAG(s) 'example_params_ui_tutorial' retrieved from /home/airflow/.local/lib/python3.8/site-packages/airflow/example_dags/example_params_ui_tutorial.py
[2025-12-06T05:56:55.074+0000] {logging_mixin.py:188} INFO - [2025-12-06T05:56:55.073+0000] {dag.py:3036} INFO - Sync 1 DAGs
[2025-12-06T05:56:55.097+0000] {logging_mixin.py:188} INFO - [2025-12-06T05:56:55.096+0000] {dag.py:3823} INFO - Setting next_dagrun for example_params_ui_tutorial to None, run_after=None
[2025-12-06T05:56:55.131+0000] {processor.py:183} INFO - Processing /home/airflow/.local/lib/python3.8/site-packages/airflow/example_dags/example_params_ui_tutorial.py took 0.174 seconds
[2025-12-06T05:57:25.965+0000] {processor.py:161} INFO - Started process (PID=1383) to work on /home/airflow/.local/lib/python3.8/site-packages/airflow/example_dags/example_params_ui_tutorial.py
[2025-12-06T05:57:25.967+0000] {processor.py:830} INFO - Processing file /home/airflow/.local/lib/python3.8/site-packages/airflow/example_dags/example_params_ui_tutorial.py for tasks to queue
[2025-12-06T05:57:25.970+0000] {logging_mixin.py:188} INFO - [2025-12-06T05:57:25.970+0000] {dagbag.py:538} INFO - Filling up the DagBag from /home/airflow/.local/lib/python3.8/site-packages/airflow/example_dags/example_params_ui_tutorial.py
[2025-12-06T05:57:25.991+0000] {processor.py:840} INFO - DAG(s) 'example_params_ui_tutorial' retrieved from /home/airflow/.local/lib/python3.8/site-packages/airflow/example_dags/example_params_ui_tutorial.py
[2025-12-06T05:57:26.084+0000] {logging_mixin.py:188} INFO - [2025-12-06T05:57:26.084+0000] {dag.py:3036} INFO - Sync 1 DAGs
[2025-12-06T05:57:26.102+0000] {logging_mixin.py:188} INFO - [2025-12-06T05:57:26.102+0000] {dag.py:3823} INFO - Setting next_dagrun for example_params_ui_tutorial to None, run_after=None
[2025-12-06T05:57:26.134+0000] {processor.py:183} INFO - Processing /home/airflow/.local/lib/python3.8/site-packages/airflow/example_dags/example_params_ui_tutorial.py took 0.175 seconds
[2025-12-06T05:57:56.183+0000] {processor.py:161} INFO - Started process (PID=1439) to work on /home/airflow/.local/lib/python3.8/site-packages/airflow/example_dags/example_params_ui_tutorial.py
[2025-12-06T05:57:56.184+0000] {processor.py:830} INFO - Processing file /home/airflow/.local/lib/python3.8/site-packages/airflow/example_dags/example_params_ui_tutorial.py for tasks to queue
[2025-12-06T05:57:56.187+0000] {logging_mixin.py:188} INFO - [2025-12-06T05:57:56.186+0000] {dagbag.py:538} INFO - Filling up the DagBag from /home/airflow/.local/lib/python3.8/site-packages/airflow/example_dags/example_params_ui_tutorial.py
[2025-12-06T05:57:56.203+0000] {processor.py:840} INFO - DAG(s) 'example_params_ui_tutorial' retrieved from /home/airflow/.local/lib/python3.8/site-packages/airflow/example_dags/example_params_ui_tutorial.py
[2025-12-06T05:57:56.288+0000] {logging_mixin.py:188} INFO - [2025-12-06T05:57:56.288+0000] {dag.py:3036} INFO - Sync 1 DAGs
[2025-12-06T05:57:56.306+0000] {logging_mixin.py:188} INFO - [2025-12-06T05:57:56.306+0000] {dag.py:3823} INFO - Setting next_dagrun for example_params_ui_tutorial to None, run_after=None
[2025-12-06T05:57:56.339+0000] {processor.py:183} INFO - Processing /home/airflow/.local/lib/python3.8/site-packages/airflow/example_dags/example_params_ui_tutorial.py took 0.161 seconds
[2025-12-06T05:58:26.990+0000] {processor.py:161} INFO - Started process (PID=1495) to work on /home/airflow/.local/lib/python3.8/site-packages/airflow/example_dags/example_params_ui_tutorial.py
[2025-12-06T05:58:26.991+0000] {processor.py:830} INFO - Processing file /home/airflow/.local/lib/python3.8/site-packages/airflow/example_dags/example_params_ui_tutorial.py for tasks to queue
[2025-12-06T05:58:26.995+0000] {logging_mixin.py:188} INFO - [2025-12-06T05:58:26.994+0000] {dagbag.py:538} INFO - Filling up the DagBag from /home/airflow/.local/lib/python3.8/site-packages/airflow/example_dags/example_params_ui_tutorial.py
[2025-12-06T05:58:27.013+0000] {processor.py:840} INFO - DAG(s) 'example_params_ui_tutorial' retrieved from /home/airflow/.local/lib/python3.8/site-packages/airflow/example_dags/example_params_ui_tutorial.py
[2025-12-06T05:58:27.103+0000] {logging_mixin.py:188} INFO - [2025-12-06T05:58:27.103+0000] {dag.py:3036} INFO - Sync 1 DAGs
[2025-12-06T05:58:27.122+0000] {logging_mixin.py:188} INFO - [2025-12-06T05:58:27.121+0000] {dag.py:3823} INFO - Setting next_dagrun for example_params_ui_tutorial to None, run_after=None
[2025-12-06T05:58:27.157+0000] {processor.py:183} INFO - Processing /home/airflow/.local/lib/python3.8/site-packages/airflow/example_dags/example_params_ui_tutorial.py took 0.172 seconds
[2025-12-06T05:58:57.320+0000] {processor.py:161} INFO - Started process (PID=1551) to work on /home/airflow/.local/lib/python3.8/site-packages/airflow/example_dags/example_params_ui_tutorial.py
[2025-12-06T08:56:14.087+0000] {processor.py:161} INFO - Started process (PID=113) to work on /home/airflow/.local/lib/python3.8/site-packages/airflow/example_dags/example_params_ui_tutorial.py
[2025-12-06T08:56:14.089+0000] {processor.py:830} INFO - Processing file /home/airflow/.local/lib/python3.8/site-packages/airflow/example_dags/example_params_ui_tutorial.py for tasks to queue
[2025-12-06T08:56:14.092+0000] {logging_mixin.py:188} INFO - [2025-12-06T08:56:14.091+0000] {dagbag.py:538} INFO - Filling up the DagBag from /home/airflow/.local/lib/python3.8/site-packages/airflow/example_dags/example_params_ui_tutorial.py
[2025-12-06T08:56:14.117+0000] {processor.py:840} INFO - DAG(s) 'example_params_ui_tutorial' retrieved from /home/airflow/.local/lib/python3.8/site-packages/airflow/example_dags/example_params_ui_tutorial.py
[2025-12-06T08:56:14.382+0000] {logging_mixin.py:188} INFO - [2025-12-06T08:56:14.382+0000] {dag.py:3036} INFO - Sync 1 DAGs
[2025-12-06T08:56:14.406+0000] {logging_mixin.py:188} INFO - [2025-12-06T08:56:14.406+0000] {dag.py:3823} INFO - Setting next_dagrun for example_params_ui_tutorial to None, run_after=None
[2025-12-06T08:56:14.448+0000] {processor.py:183} INFO - Processing /home/airflow/.local/lib/python3.8/site-packages/airflow/example_dags/example_params_ui_tutorial.py took 0.367 seconds
[2025-12-06T08:56:45.317+0000] {processor.py:161} INFO - Started process (PID=172) to work on /home/airflow/.local/lib/python3.8/site-packages/airflow/example_dags/example_params_ui_tutorial.py
[2025-12-06T08:56:45.319+0000] {processor.py:830} INFO - Processing file /home/airflow/.local/lib/python3.8/site-packages/airflow/example_dags/example_params_ui_tutorial.py for tasks to queue
[2025-12-06T08:56:45.322+0000] {logging_mixin.py:188} INFO - [2025-12-06T08:56:45.322+0000] {dagbag.py:538} INFO - Filling up the DagBag from /home/airflow/.local/lib/python3.8/site-packages/airflow/example_dags/example_params_ui_tutorial.py
[2025-12-06T08:56:45.343+0000] {processor.py:840} INFO - DAG(s) 'example_params_ui_tutorial' retrieved from /home/airflow/.local/lib/python3.8/site-packages/airflow/example_dags/example_params_ui_tutorial.py
[2025-12-06T08:56:45.452+0000] {logging_mixin.py:188} INFO - [2025-12-06T08:56:45.452+0000] {dag.py:3036} INFO - Sync 1 DAGs
[2025-12-06T08:56:45.475+0000] {logging_mixin.py:188} INFO - [2025-12-06T08:56:45.475+0000] {dag.py:3823} INFO - Setting next_dagrun for example_params_ui_tutorial to None, run_after=None
[2025-12-06T08:56:45.517+0000] {processor.py:183} INFO - Processing /home/airflow/.local/lib/python3.8/site-packages/airflow/example_dags/example_params_ui_tutorial.py took 0.205 seconds
[2025-12-06T08:57:15.672+0000] {processor.py:161} INFO - Started process (PID=232) to work on /home/airflow/.local/lib/python3.8/site-packages/airflow/example_dags/example_params_ui_tutorial.py
[2025-12-06T08:57:15.674+0000] {processor.py:830} INFO - Processing file /home/airflow/.local/lib/python3.8/site-packages/airflow/example_dags/example_params_ui_tutorial.py for tasks to queue
[2025-12-06T08:57:15.677+0000] {logging_mixin.py:188} INFO - [2025-12-06T08:57:15.677+0000] {dagbag.py:538} INFO - Filling up the DagBag from /home/airflow/.local/lib/python3.8/site-packages/airflow/example_dags/example_params_ui_tutorial.py
[2025-12-06T08:57:15.694+0000] {processor.py:840} INFO - DAG(s) 'example_params_ui_tutorial' retrieved from /home/airflow/.local/lib/python3.8/site-packages/airflow/example_dags/example_params_ui_tutorial.py
[2025-12-06T08:57:15.779+0000] {logging_mixin.py:188} INFO - [2025-12-06T08:57:15.778+0000] {dag.py:3036} INFO - Sync 1 DAGs
[2025-12-06T08:57:15.795+0000] {logging_mixin.py:188} INFO - [2025-12-06T08:57:15.794+0000] {dag.py:3823} INFO - Setting next_dagrun for example_params_ui_tutorial to None, run_after=None
[2025-12-06T08:57:15.825+0000] {processor.py:183} INFO - Processing /home/airflow/.local/lib/python3.8/site-packages/airflow/example_dags/example_params_ui_tutorial.py took 0.158 seconds
[2025-12-06T08:57:45.973+0000] {processor.py:161} INFO - Started process (PID=290) to work on /home/airflow/.local/lib/python3.8/site-packages/airflow/example_dags/example_params_ui_tutorial.py
[2025-12-06T08:57:45.976+0000] {processor.py:830} INFO - Processing file /home/airflow/.local/lib/python3.8/site-packages/airflow/example_dags/example_params_ui_tutorial.py for tasks to queue
[2025-12-06T08:57:45.980+0000] {logging_mixin.py:188} INFO - [2025-12-06T08:57:45.980+0000] {dagbag.py:538} INFO - Filling up the DagBag from /home/airflow/.local/lib/python3.8/site-packages/airflow/example_dags/example_params_ui_tutorial.py
[2025-12-06T08:57:46.014+0000] {processor.py:840} INFO - DAG(s) 'example_params_ui_tutorial' retrieved from /home/airflow/.local/lib/python3.8/site-packages/airflow/example_dags/example_params_ui_tutorial.py
[2025-12-06T08:57:46.312+0000] {logging_mixin.py:188} INFO - [2025-12-06T08:57:46.311+0000] {dag.py:3036} INFO - Sync 1 DAGs
[2025-12-06T08:57:46.373+0000] {logging_mixin.py:188} INFO - [2025-12-06T08:57:46.372+0000] {dag.py:3823} INFO - Setting next_dagrun for example_params_ui_tutorial to None, run_after=None
[2025-12-06T08:57:46.447+0000] {processor.py:183} INFO - Processing /home/airflow/.local/lib/python3.8/site-packages/airflow/example_dags/example_params_ui_tutorial.py took 0.482 seconds
[2025-12-06T08:58:17.078+0000] {processor.py:161} INFO - Started process (PID=349) to work on /home/airflow/.local/lib/python3.8/site-packages/airflow/example_dags/example_params_ui_tutorial.py
[2025-12-06T08:58:17.080+0000] {processor.py:830} INFO - Processing file /home/airflow/.local/lib/python3.8/site-packages/airflow/example_dags/example_params_ui_tutorial.py for tasks to queue
[2025-12-06T08:58:17.084+0000] {logging_mixin.py:188} INFO - [2025-12-06T08:58:17.083+0000] {dagbag.py:538} INFO - Filling up the DagBag from /home/airflow/.local/lib/python3.8/site-packages/airflow/example_dags/example_params_ui_tutorial.py
[2025-12-06T08:58:17.102+0000] {processor.py:840} INFO - DAG(s) 'example_params_ui_tutorial' retrieved from /home/airflow/.local/lib/python3.8/site-packages/airflow/example_dags/example_params_ui_tutorial.py
[2025-12-06T08:58:17.185+0000] {logging_mixin.py:188} INFO - [2025-12-06T08:58:17.184+0000] {dag.py:3036} INFO - Sync 1 DAGs
[2025-12-06T08:58:17.203+0000] {logging_mixin.py:188} INFO - [2025-12-06T08:58:17.203+0000] {dag.py:3823} INFO - Setting next_dagrun for example_params_ui_tutorial to None, run_after=None
[2025-12-06T08:58:17.234+0000] {processor.py:183} INFO - Processing /home/airflow/.local/lib/python3.8/site-packages/airflow/example_dags/example_params_ui_tutorial.py took 0.160 seconds
[2025-12-06T08:58:47.883+0000] {processor.py:161} INFO - Started process (PID=408) to work on /home/airflow/.local/lib/python3.8/site-packages/airflow/example_dags/example_params_ui_tutorial.py
[2025-12-06T08:58:47.885+0000] {processor.py:830} INFO - Processing file /home/airflow/.local/lib/python3.8/site-packages/airflow/example_dags/example_params_ui_tutorial.py for tasks to queue
[2025-12-06T08:58:47.889+0000] {logging_mixin.py:188} INFO - [2025-12-06T08:58:47.888+0000] {dagbag.py:538} INFO - Filling up the DagBag from /home/airflow/.local/lib/python3.8/site-packages/airflow/example_dags/example_params_ui_tutorial.py
[2025-12-06T08:58:47.930+0000] {processor.py:840} INFO - DAG(s) 'example_params_ui_tutorial' retrieved from /home/airflow/.local/lib/python3.8/site-packages/airflow/example_dags/example_params_ui_tutorial.py
[2025-12-06T08:58:48.072+0000] {logging_mixin.py:188} INFO - [2025-12-06T08:58:48.072+0000] {dag.py:3036} INFO - Sync 1 DAGs
[2025-12-06T08:58:48.089+0000] {logging_mixin.py:188} INFO - [2025-12-06T08:58:48.089+0000] {dag.py:3823} INFO - Setting next_dagrun for example_params_ui_tutorial to None, run_after=None
[2025-12-06T08:58:48.127+0000] {processor.py:183} INFO - Processing /home/airflow/.local/lib/python3.8/site-packages/airflow/example_dags/example_params_ui_tutorial.py took 0.251 seconds
[2025-12-06T08:59:18.241+0000] {processor.py:161} INFO - Started process (PID=467) to work on /home/airflow/.local/lib/python3.8/site-packages/airflow/example_dags/example_params_ui_tutorial.py
[2025-12-06T08:59:18.243+0000] {processor.py:830} INFO - Processing file /home/airflow/.local/lib/python3.8/site-packages/airflow/example_dags/example_params_ui_tutorial.py for tasks to queue
[2025-12-06T08:59:18.245+0000] {logging_mixin.py:188} INFO - [2025-12-06T08:59:18.245+0000] {dagbag.py:538} INFO - Filling up the DagBag from /home/airflow/.local/lib/python3.8/site-packages/airflow/example_dags/example_params_ui_tutorial.py
[2025-12-06T08:59:18.265+0000] {processor.py:840} INFO - DAG(s) 'example_params_ui_tutorial' retrieved from /home/airflow/.local/lib/python3.8/site-packages/airflow/example_dags/example_params_ui_tutorial.py
[2025-12-06T08:59:18.351+0000] {logging_mixin.py:188} INFO - [2025-12-06T08:59:18.351+0000] {dag.py:3036} INFO - Sync 1 DAGs
[2025-12-06T08:59:18.369+0000] {logging_mixin.py:188} INFO - [2025-12-06T08:59:18.368+0000] {dag.py:3823} INFO - Setting next_dagrun for example_params_ui_tutorial to None, run_after=None
[2025-12-06T08:59:18.402+0000] {processor.py:183} INFO - Processing /home/airflow/.local/lib/python3.8/site-packages/airflow/example_dags/example_params_ui_tutorial.py took 0.167 seconds
[2025-12-06T08:59:49.194+0000] {processor.py:161} INFO - Started process (PID=526) to work on /home/airflow/.local/lib/python3.8/site-packages/airflow/example_dags/example_params_ui_tutorial.py
[2025-12-06T08:59:49.196+0000] {processor.py:830} INFO - Processing file /home/airflow/.local/lib/python3.8/site-packages/airflow/example_dags/example_params_ui_tutorial.py for tasks to queue
[2025-12-06T08:59:49.199+0000] {logging_mixin.py:188} INFO - [2025-12-06T08:59:49.198+0000] {dagbag.py:538} INFO - Filling up the DagBag from /home/airflow/.local/lib/python3.8/site-packages/airflow/example_dags/example_params_ui_tutorial.py
[2025-12-06T08:59:49.222+0000] {processor.py:840} INFO - DAG(s) 'example_params_ui_tutorial' retrieved from /home/airflow/.local/lib/python3.8/site-packages/airflow/example_dags/example_params_ui_tutorial.py
[2025-12-06T08:59:49.322+0000] {logging_mixin.py:188} INFO - [2025-12-06T08:59:49.322+0000] {dag.py:3036} INFO - Sync 1 DAGs
[2025-12-06T08:59:49.342+0000] {logging_mixin.py:188} INFO - [2025-12-06T08:59:49.341+0000] {dag.py:3823} INFO - Setting next_dagrun for example_params_ui_tutorial to None, run_after=None
[2025-12-06T08:59:49.382+0000] {processor.py:183} INFO - Processing /home/airflow/.local/lib/python3.8/site-packages/airflow/example_dags/example_params_ui_tutorial.py took 0.194 seconds
[2025-12-06T09:00:20.028+0000] {processor.py:161} INFO - Started process (PID=585) to work on /home/airflow/.local/lib/python3.8/site-packages/airflow/example_dags/example_params_ui_tutorial.py
[2025-12-06T09:00:20.029+0000] {processor.py:830} INFO - Processing file /home/airflow/.local/lib/python3.8/site-packages/airflow/example_dags/example_params_ui_tutorial.py for tasks to queue
[2025-12-06T09:00:20.032+0000] {logging_mixin.py:188} INFO - [2025-12-06T09:00:20.031+0000] {dagbag.py:538} INFO - Filling up the DagBag from /home/airflow/.local/lib/python3.8/site-packages/airflow/example_dags/example_params_ui_tutorial.py
[2025-12-06T09:00:20.057+0000] {processor.py:840} INFO - DAG(s) 'example_params_ui_tutorial' retrieved from /home/airflow/.local/lib/python3.8/site-packages/airflow/example_dags/example_params_ui_tutorial.py
[2025-12-06T09:00:20.177+0000] {logging_mixin.py:188} INFO - [2025-12-06T09:00:20.177+0000] {dag.py:3036} INFO - Sync 1 DAGs
[2025-12-06T09:00:20.196+0000] {logging_mixin.py:188} INFO - [2025-12-06T09:00:20.195+0000] {dag.py:3823} INFO - Setting next_dagrun for example_params_ui_tutorial to None, run_after=None
[2025-12-06T09:00:20.236+0000] {processor.py:183} INFO - Processing /home/airflow/.local/lib/python3.8/site-packages/airflow/example_dags/example_params_ui_tutorial.py took 0.213 seconds
[2025-12-06T09:00:50.320+0000] {processor.py:161} INFO - Started process (PID=645) to work on /home/airflow/.local/lib/python3.8/site-packages/airflow/example_dags/example_params_ui_tutorial.py
[2025-12-06T09:00:50.321+0000] {processor.py:830} INFO - Processing file /home/airflow/.local/lib/python3.8/site-packages/airflow/example_dags/example_params_ui_tutorial.py for tasks to queue
[2025-12-06T09:00:50.324+0000] {logging_mixin.py:188} INFO - [2025-12-06T09:00:50.324+0000] {dagbag.py:538} INFO - Filling up the DagBag from /home/airflow/.local/lib/python3.8/site-packages/airflow/example_dags/example_params_ui_tutorial.py
[2025-12-06T09:00:50.343+0000] {processor.py:840} INFO - DAG(s) 'example_params_ui_tutorial' retrieved from /home/airflow/.local/lib/python3.8/site-packages/airflow/example_dags/example_params_ui_tutorial.py
[2025-12-06T09:00:50.435+0000] {logging_mixin.py:188} INFO - [2025-12-06T09:00:50.435+0000] {dag.py:3036} INFO - Sync 1 DAGs
[2025-12-06T09:00:50.455+0000] {logging_mixin.py:188} INFO - [2025-12-06T09:00:50.455+0000] {dag.py:3823} INFO - Setting next_dagrun for example_params_ui_tutorial to None, run_after=None
[2025-12-06T09:00:50.493+0000] {processor.py:183} INFO - Processing /home/airflow/.local/lib/python3.8/site-packages/airflow/example_dags/example_params_ui_tutorial.py took 0.178 seconds
[2025-12-06T09:01:21.041+0000] {processor.py:161} INFO - Started process (PID=703) to work on /home/airflow/.local/lib/python3.8/site-packages/airflow/example_dags/example_params_ui_tutorial.py
[2025-12-06T09:01:21.043+0000] {processor.py:830} INFO - Processing file /home/airflow/.local/lib/python3.8/site-packages/airflow/example_dags/example_params_ui_tutorial.py for tasks to queue
[2025-12-06T09:01:21.048+0000] {logging_mixin.py:188} INFO - [2025-12-06T09:01:21.047+0000] {dagbag.py:538} INFO - Filling up the DagBag from /home/airflow/.local/lib/python3.8/site-packages/airflow/example_dags/example_params_ui_tutorial.py
[2025-12-06T09:01:21.070+0000] {processor.py:840} INFO - DAG(s) 'example_params_ui_tutorial' retrieved from /home/airflow/.local/lib/python3.8/site-packages/airflow/example_dags/example_params_ui_tutorial.py
[2025-12-06T09:01:21.210+0000] {logging_mixin.py:188} INFO - [2025-12-06T09:01:21.210+0000] {dag.py:3036} INFO - Sync 1 DAGs
[2025-12-06T09:01:21.250+0000] {logging_mixin.py:188} INFO - [2025-12-06T09:01:21.249+0000] {dag.py:3823} INFO - Setting next_dagrun for example_params_ui_tutorial to None, run_after=None
[2025-12-06T09:01:21.308+0000] {processor.py:183} INFO - Processing /home/airflow/.local/lib/python3.8/site-packages/airflow/example_dags/example_params_ui_tutorial.py took 0.273 seconds
[2025-12-06T09:01:51.386+0000] {processor.py:161} INFO - Started process (PID=762) to work on /home/airflow/.local/lib/python3.8/site-packages/airflow/example_dags/example_params_ui_tutorial.py
[2025-12-06T09:01:51.388+0000] {processor.py:830} INFO - Processing file /home/airflow/.local/lib/python3.8/site-packages/airflow/example_dags/example_params_ui_tutorial.py for tasks to queue
[2025-12-06T09:01:51.391+0000] {logging_mixin.py:188} INFO - [2025-12-06T09:01:51.391+0000] {dagbag.py:538} INFO - Filling up the DagBag from /home/airflow/.local/lib/python3.8/site-packages/airflow/example_dags/example_params_ui_tutorial.py
[2025-12-06T09:01:51.410+0000] {processor.py:840} INFO - DAG(s) 'example_params_ui_tutorial' retrieved from /home/airflow/.local/lib/python3.8/site-packages/airflow/example_dags/example_params_ui_tutorial.py
[2025-12-06T09:01:51.513+0000] {logging_mixin.py:188} INFO - [2025-12-06T09:01:51.512+0000] {dag.py:3036} INFO - Sync 1 DAGs
[2025-12-06T09:01:51.533+0000] {logging_mixin.py:188} INFO - [2025-12-06T09:01:51.533+0000] {dag.py:3823} INFO - Setting next_dagrun for example_params_ui_tutorial to None, run_after=None
[2025-12-06T09:01:51.571+0000] {processor.py:183} INFO - Processing /home/airflow/.local/lib/python3.8/site-packages/airflow/example_dags/example_params_ui_tutorial.py took 0.193 seconds
[2025-12-06T09:02:22.413+0000] {processor.py:161} INFO - Started process (PID=821) to work on /home/airflow/.local/lib/python3.8/site-packages/airflow/example_dags/example_params_ui_tutorial.py
[2025-12-06T09:02:22.415+0000] {processor.py:830} INFO - Processing file /home/airflow/.local/lib/python3.8/site-packages/airflow/example_dags/example_params_ui_tutorial.py for tasks to queue
[2025-12-06T09:02:22.418+0000] {logging_mixin.py:188} INFO - [2025-12-06T09:02:22.417+0000] {dagbag.py:538} INFO - Filling up the DagBag from /home/airflow/.local/lib/python3.8/site-packages/airflow/example_dags/example_params_ui_tutorial.py
[2025-12-06T09:02:22.440+0000] {processor.py:840} INFO - DAG(s) 'example_params_ui_tutorial' retrieved from /home/airflow/.local/lib/python3.8/site-packages/airflow/example_dags/example_params_ui_tutorial.py
[2025-12-06T09:02:22.550+0000] {logging_mixin.py:188} INFO - [2025-12-06T09:02:22.549+0000] {dag.py:3036} INFO - Sync 1 DAGs
[2025-12-06T09:02:22.570+0000] {logging_mixin.py:188} INFO - [2025-12-06T09:02:22.569+0000] {dag.py:3823} INFO - Setting next_dagrun for example_params_ui_tutorial to None, run_after=None
[2025-12-06T09:02:22.604+0000] {processor.py:183} INFO - Processing /home/airflow/.local/lib/python3.8/site-packages/airflow/example_dags/example_params_ui_tutorial.py took 0.198 seconds
[2025-12-06T09:02:52.731+0000] {processor.py:161} INFO - Started process (PID=880) to work on /home/airflow/.local/lib/python3.8/site-packages/airflow/example_dags/example_params_ui_tutorial.py
[2025-12-06T09:02:52.732+0000] {processor.py:830} INFO - Processing file /home/airflow/.local/lib/python3.8/site-packages/airflow/example_dags/example_params_ui_tutorial.py for tasks to queue
[2025-12-06T09:02:52.735+0000] {logging_mixin.py:188} INFO - [2025-12-06T09:02:52.734+0000] {dagbag.py:538} INFO - Filling up the DagBag from /home/airflow/.local/lib/python3.8/site-packages/airflow/example_dags/example_params_ui_tutorial.py
[2025-12-06T09:02:52.752+0000] {processor.py:840} INFO - DAG(s) 'example_params_ui_tutorial' retrieved from /home/airflow/.local/lib/python3.8/site-packages/airflow/example_dags/example_params_ui_tutorial.py
[2025-12-06T09:02:52.838+0000] {logging_mixin.py:188} INFO - [2025-12-06T09:02:52.837+0000] {dag.py:3036} INFO - Sync 1 DAGs
[2025-12-06T09:02:52.856+0000] {logging_mixin.py:188} INFO - [2025-12-06T09:02:52.855+0000] {dag.py:3823} INFO - Setting next_dagrun for example_params_ui_tutorial to None, run_after=None
[2025-12-06T09:02:52.890+0000] {processor.py:183} INFO - Processing /home/airflow/.local/lib/python3.8/site-packages/airflow/example_dags/example_params_ui_tutorial.py took 0.165 seconds
[2025-12-06T09:03:23.080+0000] {processor.py:161} INFO - Started process (PID=939) to work on /home/airflow/.local/lib/python3.8/site-packages/airflow/example_dags/example_params_ui_tutorial.py
[2025-12-06T09:03:23.082+0000] {processor.py:830} INFO - Processing file /home/airflow/.local/lib/python3.8/site-packages/airflow/example_dags/example_params_ui_tutorial.py for tasks to queue
[2025-12-06T09:03:23.085+0000] {logging_mixin.py:188} INFO - [2025-12-06T09:03:23.085+0000] {dagbag.py:538} INFO - Filling up the DagBag from /home/airflow/.local/lib/python3.8/site-packages/airflow/example_dags/example_params_ui_tutorial.py
[2025-12-06T09:03:23.103+0000] {processor.py:840} INFO - DAG(s) 'example_params_ui_tutorial' retrieved from /home/airflow/.local/lib/python3.8/site-packages/airflow/example_dags/example_params_ui_tutorial.py
[2025-12-06T09:03:23.194+0000] {logging_mixin.py:188} INFO - [2025-12-06T09:03:23.194+0000] {dag.py:3036} INFO - Sync 1 DAGs
[2025-12-06T09:03:23.212+0000] {logging_mixin.py:188} INFO - [2025-12-06T09:03:23.212+0000] {dag.py:3823} INFO - Setting next_dagrun for example_params_ui_tutorial to None, run_after=None
[2025-12-06T09:03:23.240+0000] {processor.py:183} INFO - Processing /home/airflow/.local/lib/python3.8/site-packages/airflow/example_dags/example_params_ui_tutorial.py took 0.165 seconds
[2025-12-06T09:03:53.510+0000] {processor.py:161} INFO - Started process (PID=998) to work on /home/airflow/.local/lib/python3.8/site-packages/airflow/example_dags/example_params_ui_tutorial.py
[2025-12-06T09:03:53.512+0000] {processor.py:830} INFO - Processing file /home/airflow/.local/lib/python3.8/site-packages/airflow/example_dags/example_params_ui_tutorial.py for tasks to queue
[2025-12-06T09:03:53.515+0000] {logging_mixin.py:188} INFO - [2025-12-06T09:03:53.515+0000] {dagbag.py:538} INFO - Filling up the DagBag from /home/airflow/.local/lib/python3.8/site-packages/airflow/example_dags/example_params_ui_tutorial.py
[2025-12-06T09:03:53.532+0000] {processor.py:840} INFO - DAG(s) 'example_params_ui_tutorial' retrieved from /home/airflow/.local/lib/python3.8/site-packages/airflow/example_dags/example_params_ui_tutorial.py
[2025-12-06T09:03:53.619+0000] {logging_mixin.py:188} INFO - [2025-12-06T09:03:53.619+0000] {dag.py:3036} INFO - Sync 1 DAGs
[2025-12-06T09:03:53.638+0000] {logging_mixin.py:188} INFO - [2025-12-06T09:03:53.638+0000] {dag.py:3823} INFO - Setting next_dagrun for example_params_ui_tutorial to None, run_after=None
[2025-12-06T09:03:53.671+0000] {processor.py:183} INFO - Processing /home/airflow/.local/lib/python3.8/site-packages/airflow/example_dags/example_params_ui_tutorial.py took 0.167 seconds
[2025-12-06T09:04:24.378+0000] {processor.py:161} INFO - Started process (PID=1057) to work on /home/airflow/.local/lib/python3.8/site-packages/airflow/example_dags/example_params_ui_tutorial.py
[2025-12-06T09:04:24.381+0000] {processor.py:830} INFO - Processing file /home/airflow/.local/lib/python3.8/site-packages/airflow/example_dags/example_params_ui_tutorial.py for tasks to queue
[2025-12-06T09:04:24.384+0000] {logging_mixin.py:188} INFO - [2025-12-06T09:04:24.384+0000] {dagbag.py:538} INFO - Filling up the DagBag from /home/airflow/.local/lib/python3.8/site-packages/airflow/example_dags/example_params_ui_tutorial.py
[2025-12-06T09:04:24.402+0000] {processor.py:840} INFO - DAG(s) 'example_params_ui_tutorial' retrieved from /home/airflow/.local/lib/python3.8/site-packages/airflow/example_dags/example_params_ui_tutorial.py
[2025-12-06T09:04:24.486+0000] {logging_mixin.py:188} INFO - [2025-12-06T09:04:24.485+0000] {dag.py:3036} INFO - Sync 1 DAGs
[2025-12-06T09:04:24.504+0000] {logging_mixin.py:188} INFO - [2025-12-06T09:04:24.503+0000] {dag.py:3823} INFO - Setting next_dagrun for example_params_ui_tutorial to None, run_after=None
[2025-12-06T09:04:24.543+0000] {processor.py:183} INFO - Processing /home/airflow/.local/lib/python3.8/site-packages/airflow/example_dags/example_params_ui_tutorial.py took 0.170 seconds
[2025-12-06T09:04:55.376+0000] {processor.py:161} INFO - Started process (PID=1116) to work on /home/airflow/.local/lib/python3.8/site-packages/airflow/example_dags/example_params_ui_tutorial.py
[2025-12-06T09:04:55.380+0000] {processor.py:830} INFO - Processing file /home/airflow/.local/lib/python3.8/site-packages/airflow/example_dags/example_params_ui_tutorial.py for tasks to queue
[2025-12-06T09:04:55.384+0000] {logging_mixin.py:188} INFO - [2025-12-06T09:04:55.384+0000] {dagbag.py:538} INFO - Filling up the DagBag from /home/airflow/.local/lib/python3.8/site-packages/airflow/example_dags/example_params_ui_tutorial.py
[2025-12-06T09:04:55.403+0000] {processor.py:840} INFO - DAG(s) 'example_params_ui_tutorial' retrieved from /home/airflow/.local/lib/python3.8/site-packages/airflow/example_dags/example_params_ui_tutorial.py
[2025-12-06T09:04:55.496+0000] {logging_mixin.py:188} INFO - [2025-12-06T09:04:55.496+0000] {dag.py:3036} INFO - Sync 1 DAGs
[2025-12-06T09:04:55.517+0000] {logging_mixin.py:188} INFO - [2025-12-06T09:04:55.516+0000] {dag.py:3823} INFO - Setting next_dagrun for example_params_ui_tutorial to None, run_after=None
[2025-12-06T09:04:55.553+0000] {processor.py:183} INFO - Processing /home/airflow/.local/lib/python3.8/site-packages/airflow/example_dags/example_params_ui_tutorial.py took 0.183 seconds
[2025-12-06T09:05:25.971+0000] {processor.py:161} INFO - Started process (PID=1175) to work on /home/airflow/.local/lib/python3.8/site-packages/airflow/example_dags/example_params_ui_tutorial.py
[2025-12-06T09:05:25.973+0000] {processor.py:830} INFO - Processing file /home/airflow/.local/lib/python3.8/site-packages/airflow/example_dags/example_params_ui_tutorial.py for tasks to queue
[2025-12-06T09:05:25.976+0000] {logging_mixin.py:188} INFO - [2025-12-06T09:05:25.975+0000] {dagbag.py:538} INFO - Filling up the DagBag from /home/airflow/.local/lib/python3.8/site-packages/airflow/example_dags/example_params_ui_tutorial.py
[2025-12-06T09:05:25.996+0000] {processor.py:840} INFO - DAG(s) 'example_params_ui_tutorial' retrieved from /home/airflow/.local/lib/python3.8/site-packages/airflow/example_dags/example_params_ui_tutorial.py
[2025-12-06T09:05:26.159+0000] {logging_mixin.py:188} INFO - [2025-12-06T09:05:26.158+0000] {dag.py:3036} INFO - Sync 1 DAGs
[2025-12-06T09:05:26.214+0000] {logging_mixin.py:188} INFO - [2025-12-06T09:05:26.214+0000] {dag.py:3823} INFO - Setting next_dagrun for example_params_ui_tutorial to None, run_after=None
[2025-12-06T09:05:26.311+0000] {processor.py:183} INFO - Processing /home/airflow/.local/lib/python3.8/site-packages/airflow/example_dags/example_params_ui_tutorial.py took 0.347 seconds
[2025-12-06T09:05:56.726+0000] {processor.py:161} INFO - Started process (PID=1235) to work on /home/airflow/.local/lib/python3.8/site-packages/airflow/example_dags/example_params_ui_tutorial.py
[2025-12-06T09:05:56.728+0000] {processor.py:830} INFO - Processing file /home/airflow/.local/lib/python3.8/site-packages/airflow/example_dags/example_params_ui_tutorial.py for tasks to queue
[2025-12-06T09:05:56.731+0000] {logging_mixin.py:188} INFO - [2025-12-06T09:05:56.730+0000] {dagbag.py:538} INFO - Filling up the DagBag from /home/airflow/.local/lib/python3.8/site-packages/airflow/example_dags/example_params_ui_tutorial.py
[2025-12-06T09:05:56.746+0000] {processor.py:840} INFO - DAG(s) 'example_params_ui_tutorial' retrieved from /home/airflow/.local/lib/python3.8/site-packages/airflow/example_dags/example_params_ui_tutorial.py
[2025-12-06T09:05:56.831+0000] {logging_mixin.py:188} INFO - [2025-12-06T09:05:56.830+0000] {dag.py:3036} INFO - Sync 1 DAGs
[2025-12-06T09:05:56.847+0000] {logging_mixin.py:188} INFO - [2025-12-06T09:05:56.847+0000] {dag.py:3823} INFO - Setting next_dagrun for example_params_ui_tutorial to None, run_after=None
[2025-12-06T09:05:56.877+0000] {processor.py:183} INFO - Processing /home/airflow/.local/lib/python3.8/site-packages/airflow/example_dags/example_params_ui_tutorial.py took 0.155 seconds
[2025-12-06T09:06:26.992+0000] {processor.py:161} INFO - Started process (PID=1294) to work on /home/airflow/.local/lib/python3.8/site-packages/airflow/example_dags/example_params_ui_tutorial.py
[2025-12-06T09:06:26.994+0000] {processor.py:830} INFO - Processing file /home/airflow/.local/lib/python3.8/site-packages/airflow/example_dags/example_params_ui_tutorial.py for tasks to queue
[2025-12-06T09:06:26.996+0000] {logging_mixin.py:188} INFO - [2025-12-06T09:06:26.996+0000] {dagbag.py:538} INFO - Filling up the DagBag from /home/airflow/.local/lib/python3.8/site-packages/airflow/example_dags/example_params_ui_tutorial.py
[2025-12-06T09:06:27.011+0000] {processor.py:840} INFO - DAG(s) 'example_params_ui_tutorial' retrieved from /home/airflow/.local/lib/python3.8/site-packages/airflow/example_dags/example_params_ui_tutorial.py
[2025-12-06T09:06:27.094+0000] {logging_mixin.py:188} INFO - [2025-12-06T09:06:27.093+0000] {dag.py:3036} INFO - Sync 1 DAGs
[2025-12-06T09:06:27.113+0000] {logging_mixin.py:188} INFO - [2025-12-06T09:06:27.112+0000] {dag.py:3823} INFO - Setting next_dagrun for example_params_ui_tutorial to None, run_after=None
[2025-12-06T09:06:27.145+0000] {processor.py:183} INFO - Processing /home/airflow/.local/lib/python3.8/site-packages/airflow/example_dags/example_params_ui_tutorial.py took 0.157 seconds
[2025-12-06T09:06:57.419+0000] {processor.py:161} INFO - Started process (PID=1354) to work on /home/airflow/.local/lib/python3.8/site-packages/airflow/example_dags/example_params_ui_tutorial.py
[2025-12-06T09:06:57.421+0000] {processor.py:830} INFO - Processing file /home/airflow/.local/lib/python3.8/site-packages/airflow/example_dags/example_params_ui_tutorial.py for tasks to queue
[2025-12-06T09:06:57.424+0000] {logging_mixin.py:188} INFO - [2025-12-06T09:06:57.423+0000] {dagbag.py:538} INFO - Filling up the DagBag from /home/airflow/.local/lib/python3.8/site-packages/airflow/example_dags/example_params_ui_tutorial.py
[2025-12-06T09:06:57.444+0000] {processor.py:840} INFO - DAG(s) 'example_params_ui_tutorial' retrieved from /home/airflow/.local/lib/python3.8/site-packages/airflow/example_dags/example_params_ui_tutorial.py
[2025-12-06T09:06:57.529+0000] {logging_mixin.py:188} INFO - [2025-12-06T09:06:57.529+0000] {dag.py:3036} INFO - Sync 1 DAGs
[2025-12-06T09:06:57.547+0000] {logging_mixin.py:188} INFO - [2025-12-06T09:06:57.547+0000] {dag.py:3823} INFO - Setting next_dagrun for example_params_ui_tutorial to None, run_after=None
[2025-12-06T09:06:57.580+0000] {processor.py:183} INFO - Processing /home/airflow/.local/lib/python3.8/site-packages/airflow/example_dags/example_params_ui_tutorial.py took 0.167 seconds
[2025-12-06T09:07:27.951+0000] {processor.py:161} INFO - Started process (PID=1413) to work on /home/airflow/.local/lib/python3.8/site-packages/airflow/example_dags/example_params_ui_tutorial.py
[2025-12-06T09:07:27.953+0000] {processor.py:830} INFO - Processing file /home/airflow/.local/lib/python3.8/site-packages/airflow/example_dags/example_params_ui_tutorial.py for tasks to queue
[2025-12-06T09:07:27.956+0000] {logging_mixin.py:188} INFO - [2025-12-06T09:07:27.955+0000] {dagbag.py:538} INFO - Filling up the DagBag from /home/airflow/.local/lib/python3.8/site-packages/airflow/example_dags/example_params_ui_tutorial.py
[2025-12-06T09:07:27.974+0000] {processor.py:840} INFO - DAG(s) 'example_params_ui_tutorial' retrieved from /home/airflow/.local/lib/python3.8/site-packages/airflow/example_dags/example_params_ui_tutorial.py
[2025-12-06T09:07:28.077+0000] {logging_mixin.py:188} INFO - [2025-12-06T09:07:28.077+0000] {dag.py:3036} INFO - Sync 1 DAGs
[2025-12-06T09:07:28.100+0000] {logging_mixin.py:188} INFO - [2025-12-06T09:07:28.100+0000] {dag.py:3823} INFO - Setting next_dagrun for example_params_ui_tutorial to None, run_after=None
[2025-12-06T09:07:28.137+0000] {processor.py:183} INFO - Processing /home/airflow/.local/lib/python3.8/site-packages/airflow/example_dags/example_params_ui_tutorial.py took 0.192 seconds
[2025-12-06T09:07:58.522+0000] {processor.py:161} INFO - Started process (PID=1472) to work on /home/airflow/.local/lib/python3.8/site-packages/airflow/example_dags/example_params_ui_tutorial.py
[2025-12-06T09:07:58.524+0000] {processor.py:830} INFO - Processing file /home/airflow/.local/lib/python3.8/site-packages/airflow/example_dags/example_params_ui_tutorial.py for tasks to queue
[2025-12-06T09:07:58.527+0000] {logging_mixin.py:188} INFO - [2025-12-06T09:07:58.526+0000] {dagbag.py:538} INFO - Filling up the DagBag from /home/airflow/.local/lib/python3.8/site-packages/airflow/example_dags/example_params_ui_tutorial.py
[2025-12-06T09:07:58.547+0000] {processor.py:840} INFO - DAG(s) 'example_params_ui_tutorial' retrieved from /home/airflow/.local/lib/python3.8/site-packages/airflow/example_dags/example_params_ui_tutorial.py
[2025-12-06T09:07:58.630+0000] {logging_mixin.py:188} INFO - [2025-12-06T09:07:58.630+0000] {dag.py:3036} INFO - Sync 1 DAGs
[2025-12-06T09:07:58.647+0000] {logging_mixin.py:188} INFO - [2025-12-06T09:07:58.647+0000] {dag.py:3823} INFO - Setting next_dagrun for example_params_ui_tutorial to None, run_after=None
[2025-12-06T09:07:58.680+0000] {processor.py:183} INFO - Processing /home/airflow/.local/lib/python3.8/site-packages/airflow/example_dags/example_params_ui_tutorial.py took 0.163 seconds
[2025-12-06T09:08:29.130+0000] {processor.py:161} INFO - Started process (PID=1531) to work on /home/airflow/.local/lib/python3.8/site-packages/airflow/example_dags/example_params_ui_tutorial.py
[2025-12-06T09:08:29.132+0000] {processor.py:830} INFO - Processing file /home/airflow/.local/lib/python3.8/site-packages/airflow/example_dags/example_params_ui_tutorial.py for tasks to queue
[2025-12-06T09:08:29.135+0000] {logging_mixin.py:188} INFO - [2025-12-06T09:08:29.135+0000] {dagbag.py:538} INFO - Filling up the DagBag from /home/airflow/.local/lib/python3.8/site-packages/airflow/example_dags/example_params_ui_tutorial.py
[2025-12-06T09:08:29.155+0000] {processor.py:840} INFO - DAG(s) 'example_params_ui_tutorial' retrieved from /home/airflow/.local/lib/python3.8/site-packages/airflow/example_dags/example_params_ui_tutorial.py
[2025-12-06T09:08:29.241+0000] {logging_mixin.py:188} INFO - [2025-12-06T09:08:29.240+0000] {dag.py:3036} INFO - Sync 1 DAGs
[2025-12-06T09:08:29.257+0000] {logging_mixin.py:188} INFO - [2025-12-06T09:08:29.257+0000] {dag.py:3823} INFO - Setting next_dagrun for example_params_ui_tutorial to None, run_after=None
[2025-12-06T09:08:29.287+0000] {processor.py:183} INFO - Processing /home/airflow/.local/lib/python3.8/site-packages/airflow/example_dags/example_params_ui_tutorial.py took 0.162 seconds
[2025-12-06T09:08:59.539+0000] {processor.py:161} INFO - Started process (PID=1591) to work on /home/airflow/.local/lib/python3.8/site-packages/airflow/example_dags/example_params_ui_tutorial.py
[2025-12-06T09:08:59.540+0000] {processor.py:830} INFO - Processing file /home/airflow/.local/lib/python3.8/site-packages/airflow/example_dags/example_params_ui_tutorial.py for tasks to queue
[2025-12-06T09:08:59.545+0000] {logging_mixin.py:188} INFO - [2025-12-06T09:08:59.545+0000] {dagbag.py:538} INFO - Filling up the DagBag from /home/airflow/.local/lib/python3.8/site-packages/airflow/example_dags/example_params_ui_tutorial.py
[2025-12-06T09:08:59.562+0000] {processor.py:840} INFO - DAG(s) 'example_params_ui_tutorial' retrieved from /home/airflow/.local/lib/python3.8/site-packages/airflow/example_dags/example_params_ui_tutorial.py
[2025-12-06T09:08:59.653+0000] {logging_mixin.py:188} INFO - [2025-12-06T09:08:59.653+0000] {dag.py:3036} INFO - Sync 1 DAGs
[2025-12-06T09:08:59.679+0000] {logging_mixin.py:188} INFO - [2025-12-06T09:08:59.679+0000] {dag.py:3823} INFO - Setting next_dagrun for example_params_ui_tutorial to None, run_after=None
[2025-12-06T09:08:59.712+0000] {processor.py:183} INFO - Processing /home/airflow/.local/lib/python3.8/site-packages/airflow/example_dags/example_params_ui_tutorial.py took 0.178 seconds
[2025-12-06T09:09:30.625+0000] {processor.py:161} INFO - Started process (PID=1650) to work on /home/airflow/.local/lib/python3.8/site-packages/airflow/example_dags/example_params_ui_tutorial.py
[2025-12-06T09:09:30.626+0000] {processor.py:830} INFO - Processing file /home/airflow/.local/lib/python3.8/site-packages/airflow/example_dags/example_params_ui_tutorial.py for tasks to queue
[2025-12-06T09:09:30.630+0000] {logging_mixin.py:188} INFO - [2025-12-06T09:09:30.629+0000] {dagbag.py:538} INFO - Filling up the DagBag from /home/airflow/.local/lib/python3.8/site-packages/airflow/example_dags/example_params_ui_tutorial.py
[2025-12-06T09:09:30.647+0000] {processor.py:840} INFO - DAG(s) 'example_params_ui_tutorial' retrieved from /home/airflow/.local/lib/python3.8/site-packages/airflow/example_dags/example_params_ui_tutorial.py
[2025-12-06T09:09:30.738+0000] {logging_mixin.py:188} INFO - [2025-12-06T09:09:30.738+0000] {dag.py:3036} INFO - Sync 1 DAGs
[2025-12-06T09:09:30.762+0000] {logging_mixin.py:188} INFO - [2025-12-06T09:09:30.762+0000] {dag.py:3823} INFO - Setting next_dagrun for example_params_ui_tutorial to None, run_after=None
[2025-12-06T09:09:30.798+0000] {processor.py:183} INFO - Processing /home/airflow/.local/lib/python3.8/site-packages/airflow/example_dags/example_params_ui_tutorial.py took 0.179 seconds
[2025-12-06T09:10:00.952+0000] {processor.py:161} INFO - Started process (PID=1709) to work on /home/airflow/.local/lib/python3.8/site-packages/airflow/example_dags/example_params_ui_tutorial.py
[2025-12-06T09:10:00.954+0000] {processor.py:830} INFO - Processing file /home/airflow/.local/lib/python3.8/site-packages/airflow/example_dags/example_params_ui_tutorial.py for tasks to queue
[2025-12-06T09:10:00.957+0000] {logging_mixin.py:188} INFO - [2025-12-06T09:10:00.957+0000] {dagbag.py:538} INFO - Filling up the DagBag from /home/airflow/.local/lib/python3.8/site-packages/airflow/example_dags/example_params_ui_tutorial.py
[2025-12-06T09:10:00.975+0000] {processor.py:840} INFO - DAG(s) 'example_params_ui_tutorial' retrieved from /home/airflow/.local/lib/python3.8/site-packages/airflow/example_dags/example_params_ui_tutorial.py
[2025-12-06T09:10:01.100+0000] {logging_mixin.py:188} INFO - [2025-12-06T09:10:01.099+0000] {dag.py:3036} INFO - Sync 1 DAGs
[2025-12-06T09:10:01.133+0000] {logging_mixin.py:188} INFO - [2025-12-06T09:10:01.132+0000] {dag.py:3823} INFO - Setting next_dagrun for example_params_ui_tutorial to None, run_after=None
[2025-12-06T09:10:01.171+0000] {processor.py:183} INFO - Processing /home/airflow/.local/lib/python3.8/site-packages/airflow/example_dags/example_params_ui_tutorial.py took 0.223 seconds
[2025-12-06T09:10:31.841+0000] {processor.py:161} INFO - Started process (PID=1768) to work on /home/airflow/.local/lib/python3.8/site-packages/airflow/example_dags/example_params_ui_tutorial.py
[2025-12-06T09:10:31.843+0000] {processor.py:830} INFO - Processing file /home/airflow/.local/lib/python3.8/site-packages/airflow/example_dags/example_params_ui_tutorial.py for tasks to queue
[2025-12-06T09:10:31.846+0000] {logging_mixin.py:188} INFO - [2025-12-06T09:10:31.846+0000] {dagbag.py:538} INFO - Filling up the DagBag from /home/airflow/.local/lib/python3.8/site-packages/airflow/example_dags/example_params_ui_tutorial.py
[2025-12-06T09:10:31.863+0000] {processor.py:840} INFO - DAG(s) 'example_params_ui_tutorial' retrieved from /home/airflow/.local/lib/python3.8/site-packages/airflow/example_dags/example_params_ui_tutorial.py
[2025-12-06T09:10:31.944+0000] {logging_mixin.py:188} INFO - [2025-12-06T09:10:31.943+0000] {dag.py:3036} INFO - Sync 1 DAGs
[2025-12-06T09:10:31.961+0000] {logging_mixin.py:188} INFO - [2025-12-06T09:10:31.960+0000] {dag.py:3823} INFO - Setting next_dagrun for example_params_ui_tutorial to None, run_after=None
[2025-12-06T09:10:31.994+0000] {processor.py:183} INFO - Processing /home/airflow/.local/lib/python3.8/site-packages/airflow/example_dags/example_params_ui_tutorial.py took 0.158 seconds
[2025-12-06T09:11:02.699+0000] {processor.py:161} INFO - Started process (PID=1827) to work on /home/airflow/.local/lib/python3.8/site-packages/airflow/example_dags/example_params_ui_tutorial.py
[2025-12-06T09:11:02.700+0000] {processor.py:830} INFO - Processing file /home/airflow/.local/lib/python3.8/site-packages/airflow/example_dags/example_params_ui_tutorial.py for tasks to queue
[2025-12-06T09:11:02.703+0000] {logging_mixin.py:188} INFO - [2025-12-06T09:11:02.703+0000] {dagbag.py:538} INFO - Filling up the DagBag from /home/airflow/.local/lib/python3.8/site-packages/airflow/example_dags/example_params_ui_tutorial.py
[2025-12-06T09:11:02.720+0000] {processor.py:840} INFO - DAG(s) 'example_params_ui_tutorial' retrieved from /home/airflow/.local/lib/python3.8/site-packages/airflow/example_dags/example_params_ui_tutorial.py
[2025-12-06T09:11:02.801+0000] {logging_mixin.py:188} INFO - [2025-12-06T09:11:02.800+0000] {dag.py:3036} INFO - Sync 1 DAGs
[2025-12-06T09:11:02.818+0000] {logging_mixin.py:188} INFO - [2025-12-06T09:11:02.818+0000] {dag.py:3823} INFO - Setting next_dagrun for example_params_ui_tutorial to None, run_after=None
[2025-12-06T09:11:02.847+0000] {processor.py:183} INFO - Processing /home/airflow/.local/lib/python3.8/site-packages/airflow/example_dags/example_params_ui_tutorial.py took 0.153 seconds
[2025-12-06T09:11:33.334+0000] {processor.py:161} INFO - Started process (PID=1886) to work on /home/airflow/.local/lib/python3.8/site-packages/airflow/example_dags/example_params_ui_tutorial.py
[2025-12-06T09:11:33.335+0000] {processor.py:830} INFO - Processing file /home/airflow/.local/lib/python3.8/site-packages/airflow/example_dags/example_params_ui_tutorial.py for tasks to queue
[2025-12-06T09:11:33.339+0000] {logging_mixin.py:188} INFO - [2025-12-06T09:11:33.338+0000] {dagbag.py:538} INFO - Filling up the DagBag from /home/airflow/.local/lib/python3.8/site-packages/airflow/example_dags/example_params_ui_tutorial.py
[2025-12-06T09:11:33.355+0000] {processor.py:840} INFO - DAG(s) 'example_params_ui_tutorial' retrieved from /home/airflow/.local/lib/python3.8/site-packages/airflow/example_dags/example_params_ui_tutorial.py
[2025-12-06T09:11:33.436+0000] {logging_mixin.py:188} INFO - [2025-12-06T09:11:33.435+0000] {dag.py:3036} INFO - Sync 1 DAGs
[2025-12-06T09:11:33.455+0000] {logging_mixin.py:188} INFO - [2025-12-06T09:11:33.455+0000] {dag.py:3823} INFO - Setting next_dagrun for example_params_ui_tutorial to None, run_after=None
[2025-12-06T09:11:33.489+0000] {processor.py:183} INFO - Processing /home/airflow/.local/lib/python3.8/site-packages/airflow/example_dags/example_params_ui_tutorial.py took 0.159 seconds
[2025-12-06T09:12:03.602+0000] {processor.py:161} INFO - Started process (PID=1944) to work on /home/airflow/.local/lib/python3.8/site-packages/airflow/example_dags/example_params_ui_tutorial.py
[2025-12-06T09:12:03.603+0000] {processor.py:830} INFO - Processing file /home/airflow/.local/lib/python3.8/site-packages/airflow/example_dags/example_params_ui_tutorial.py for tasks to queue
[2025-12-06T09:12:03.606+0000] {logging_mixin.py:188} INFO - [2025-12-06T09:12:03.606+0000] {dagbag.py:538} INFO - Filling up the DagBag from /home/airflow/.local/lib/python3.8/site-packages/airflow/example_dags/example_params_ui_tutorial.py
[2025-12-06T09:12:03.625+0000] {processor.py:840} INFO - DAG(s) 'example_params_ui_tutorial' retrieved from /home/airflow/.local/lib/python3.8/site-packages/airflow/example_dags/example_params_ui_tutorial.py
[2025-12-06T09:12:03.706+0000] {logging_mixin.py:188} INFO - [2025-12-06T09:12:03.706+0000] {dag.py:3036} INFO - Sync 1 DAGs
[2025-12-06T09:12:03.725+0000] {logging_mixin.py:188} INFO - [2025-12-06T09:12:03.724+0000] {dag.py:3823} INFO - Setting next_dagrun for example_params_ui_tutorial to None, run_after=None
[2025-12-06T09:12:03.756+0000] {processor.py:183} INFO - Processing /home/airflow/.local/lib/python3.8/site-packages/airflow/example_dags/example_params_ui_tutorial.py took 0.159 seconds
[2025-12-06T09:12:34.024+0000] {processor.py:161} INFO - Started process (PID=2003) to work on /home/airflow/.local/lib/python3.8/site-packages/airflow/example_dags/example_params_ui_tutorial.py
[2025-12-06T09:12:34.026+0000] {processor.py:830} INFO - Processing file /home/airflow/.local/lib/python3.8/site-packages/airflow/example_dags/example_params_ui_tutorial.py for tasks to queue
[2025-12-06T09:12:34.029+0000] {logging_mixin.py:188} INFO - [2025-12-06T09:12:34.029+0000] {dagbag.py:538} INFO - Filling up the DagBag from /home/airflow/.local/lib/python3.8/site-packages/airflow/example_dags/example_params_ui_tutorial.py
[2025-12-06T09:12:34.051+0000] {processor.py:840} INFO - DAG(s) 'example_params_ui_tutorial' retrieved from /home/airflow/.local/lib/python3.8/site-packages/airflow/example_dags/example_params_ui_tutorial.py
[2025-12-06T09:12:34.148+0000] {logging_mixin.py:188} INFO - [2025-12-06T09:12:34.148+0000] {dag.py:3036} INFO - Sync 1 DAGs
[2025-12-06T09:12:34.170+0000] {logging_mixin.py:188} INFO - [2025-12-06T09:12:34.169+0000] {dag.py:3823} INFO - Setting next_dagrun for example_params_ui_tutorial to None, run_after=None
[2025-12-06T09:12:34.204+0000] {processor.py:183} INFO - Processing /home/airflow/.local/lib/python3.8/site-packages/airflow/example_dags/example_params_ui_tutorial.py took 0.185 seconds
[2025-12-06T09:13:05.016+0000] {processor.py:161} INFO - Started process (PID=2063) to work on /home/airflow/.local/lib/python3.8/site-packages/airflow/example_dags/example_params_ui_tutorial.py
[2025-12-06T09:13:05.018+0000] {processor.py:830} INFO - Processing file /home/airflow/.local/lib/python3.8/site-packages/airflow/example_dags/example_params_ui_tutorial.py for tasks to queue
[2025-12-06T09:13:05.021+0000] {logging_mixin.py:188} INFO - [2025-12-06T09:13:05.021+0000] {dagbag.py:538} INFO - Filling up the DagBag from /home/airflow/.local/lib/python3.8/site-packages/airflow/example_dags/example_params_ui_tutorial.py
[2025-12-06T09:13:05.039+0000] {processor.py:840} INFO - DAG(s) 'example_params_ui_tutorial' retrieved from /home/airflow/.local/lib/python3.8/site-packages/airflow/example_dags/example_params_ui_tutorial.py
[2025-12-06T09:13:05.120+0000] {logging_mixin.py:188} INFO - [2025-12-06T09:13:05.120+0000] {dag.py:3036} INFO - Sync 1 DAGs
[2025-12-06T09:13:05.137+0000] {logging_mixin.py:188} INFO - [2025-12-06T09:13:05.137+0000] {dag.py:3823} INFO - Setting next_dagrun for example_params_ui_tutorial to None, run_after=None
[2025-12-06T09:13:05.173+0000] {processor.py:183} INFO - Processing /home/airflow/.local/lib/python3.8/site-packages/airflow/example_dags/example_params_ui_tutorial.py took 0.162 seconds
[2025-12-06T09:13:35.494+0000] {processor.py:161} INFO - Started process (PID=2121) to work on /home/airflow/.local/lib/python3.8/site-packages/airflow/example_dags/example_params_ui_tutorial.py
[2025-12-06T09:13:35.496+0000] {processor.py:830} INFO - Processing file /home/airflow/.local/lib/python3.8/site-packages/airflow/example_dags/example_params_ui_tutorial.py for tasks to queue
[2025-12-06T09:13:35.500+0000] {logging_mixin.py:188} INFO - [2025-12-06T09:13:35.500+0000] {dagbag.py:538} INFO - Filling up the DagBag from /home/airflow/.local/lib/python3.8/site-packages/airflow/example_dags/example_params_ui_tutorial.py
[2025-12-06T09:13:35.519+0000] {processor.py:840} INFO - DAG(s) 'example_params_ui_tutorial' retrieved from /home/airflow/.local/lib/python3.8/site-packages/airflow/example_dags/example_params_ui_tutorial.py
[2025-12-06T09:13:35.607+0000] {logging_mixin.py:188} INFO - [2025-12-06T09:13:35.607+0000] {dag.py:3036} INFO - Sync 1 DAGs
[2025-12-06T09:13:35.628+0000] {logging_mixin.py:188} INFO - [2025-12-06T09:13:35.628+0000] {dag.py:3823} INFO - Setting next_dagrun for example_params_ui_tutorial to None, run_after=None
[2025-12-06T09:13:35.662+0000] {processor.py:183} INFO - Processing /home/airflow/.local/lib/python3.8/site-packages/airflow/example_dags/example_params_ui_tutorial.py took 0.172 seconds
[2025-12-06T09:14:05.767+0000] {processor.py:161} INFO - Started process (PID=2180) to work on /home/airflow/.local/lib/python3.8/site-packages/airflow/example_dags/example_params_ui_tutorial.py
[2025-12-06T09:14:05.770+0000] {processor.py:830} INFO - Processing file /home/airflow/.local/lib/python3.8/site-packages/airflow/example_dags/example_params_ui_tutorial.py for tasks to queue
[2025-12-06T09:14:05.775+0000] {logging_mixin.py:188} INFO - [2025-12-06T09:14:05.774+0000] {dagbag.py:538} INFO - Filling up the DagBag from /home/airflow/.local/lib/python3.8/site-packages/airflow/example_dags/example_params_ui_tutorial.py
[2025-12-06T09:14:05.794+0000] {processor.py:840} INFO - DAG(s) 'example_params_ui_tutorial' retrieved from /home/airflow/.local/lib/python3.8/site-packages/airflow/example_dags/example_params_ui_tutorial.py
[2025-12-06T09:14:05.881+0000] {logging_mixin.py:188} INFO - [2025-12-06T09:14:05.880+0000] {dag.py:3036} INFO - Sync 1 DAGs
[2025-12-06T09:14:05.900+0000] {logging_mixin.py:188} INFO - [2025-12-06T09:14:05.900+0000] {dag.py:3823} INFO - Setting next_dagrun for example_params_ui_tutorial to None, run_after=None
[2025-12-06T09:14:05.933+0000] {processor.py:183} INFO - Processing /home/airflow/.local/lib/python3.8/site-packages/airflow/example_dags/example_params_ui_tutorial.py took 0.173 seconds
[2025-12-06T09:14:36.040+0000] {processor.py:161} INFO - Started process (PID=2239) to work on /home/airflow/.local/lib/python3.8/site-packages/airflow/example_dags/example_params_ui_tutorial.py
[2025-12-06T09:14:36.042+0000] {processor.py:830} INFO - Processing file /home/airflow/.local/lib/python3.8/site-packages/airflow/example_dags/example_params_ui_tutorial.py for tasks to queue
[2025-12-06T09:14:36.044+0000] {logging_mixin.py:188} INFO - [2025-12-06T09:14:36.044+0000] {dagbag.py:538} INFO - Filling up the DagBag from /home/airflow/.local/lib/python3.8/site-packages/airflow/example_dags/example_params_ui_tutorial.py
[2025-12-06T09:14:36.061+0000] {processor.py:840} INFO - DAG(s) 'example_params_ui_tutorial' retrieved from /home/airflow/.local/lib/python3.8/site-packages/airflow/example_dags/example_params_ui_tutorial.py
[2025-12-06T09:14:36.151+0000] {logging_mixin.py:188} INFO - [2025-12-06T09:14:36.151+0000] {dag.py:3036} INFO - Sync 1 DAGs
[2025-12-06T09:14:36.169+0000] {logging_mixin.py:188} INFO - [2025-12-06T09:14:36.169+0000] {dag.py:3823} INFO - Setting next_dagrun for example_params_ui_tutorial to None, run_after=None
[2025-12-06T09:14:36.203+0000] {processor.py:183} INFO - Processing /home/airflow/.local/lib/python3.8/site-packages/airflow/example_dags/example_params_ui_tutorial.py took 0.168 seconds
[2025-12-06T09:15:06.469+0000] {processor.py:161} INFO - Started process (PID=2298) to work on /home/airflow/.local/lib/python3.8/site-packages/airflow/example_dags/example_params_ui_tutorial.py
[2025-12-06T09:15:06.471+0000] {processor.py:830} INFO - Processing file /home/airflow/.local/lib/python3.8/site-packages/airflow/example_dags/example_params_ui_tutorial.py for tasks to queue
[2025-12-06T09:15:06.474+0000] {logging_mixin.py:188} INFO - [2025-12-06T09:15:06.474+0000] {dagbag.py:538} INFO - Filling up the DagBag from /home/airflow/.local/lib/python3.8/site-packages/airflow/example_dags/example_params_ui_tutorial.py
[2025-12-06T09:15:06.492+0000] {processor.py:840} INFO - DAG(s) 'example_params_ui_tutorial' retrieved from /home/airflow/.local/lib/python3.8/site-packages/airflow/example_dags/example_params_ui_tutorial.py
[2025-12-06T09:15:06.575+0000] {logging_mixin.py:188} INFO - [2025-12-06T09:15:06.575+0000] {dag.py:3036} INFO - Sync 1 DAGs
[2025-12-06T09:15:06.594+0000] {logging_mixin.py:188} INFO - [2025-12-06T09:15:06.594+0000] {dag.py:3823} INFO - Setting next_dagrun for example_params_ui_tutorial to None, run_after=None
[2025-12-06T09:15:06.628+0000] {processor.py:183} INFO - Processing /home/airflow/.local/lib/python3.8/site-packages/airflow/example_dags/example_params_ui_tutorial.py took 0.165 seconds
[2025-12-06T09:15:36.748+0000] {processor.py:161} INFO - Started process (PID=2357) to work on /home/airflow/.local/lib/python3.8/site-packages/airflow/example_dags/example_params_ui_tutorial.py
[2025-12-06T09:15:36.750+0000] {processor.py:830} INFO - Processing file /home/airflow/.local/lib/python3.8/site-packages/airflow/example_dags/example_params_ui_tutorial.py for tasks to queue
[2025-12-06T09:15:36.753+0000] {logging_mixin.py:188} INFO - [2025-12-06T09:15:36.753+0000] {dagbag.py:538} INFO - Filling up the DagBag from /home/airflow/.local/lib/python3.8/site-packages/airflow/example_dags/example_params_ui_tutorial.py
[2025-12-06T09:15:36.772+0000] {processor.py:840} INFO - DAG(s) 'example_params_ui_tutorial' retrieved from /home/airflow/.local/lib/python3.8/site-packages/airflow/example_dags/example_params_ui_tutorial.py
[2025-12-06T09:15:36.860+0000] {logging_mixin.py:188} INFO - [2025-12-06T09:15:36.859+0000] {dag.py:3036} INFO - Sync 1 DAGs
[2025-12-06T09:15:36.881+0000] {logging_mixin.py:188} INFO - [2025-12-06T09:15:36.880+0000] {dag.py:3823} INFO - Setting next_dagrun for example_params_ui_tutorial to None, run_after=None
[2025-12-06T09:15:36.914+0000] {processor.py:183} INFO - Processing /home/airflow/.local/lib/python3.8/site-packages/airflow/example_dags/example_params_ui_tutorial.py took 0.170 seconds
[2025-12-06T09:16:07.543+0000] {processor.py:161} INFO - Started process (PID=2416) to work on /home/airflow/.local/lib/python3.8/site-packages/airflow/example_dags/example_params_ui_tutorial.py
[2025-12-06T09:16:07.546+0000] {processor.py:830} INFO - Processing file /home/airflow/.local/lib/python3.8/site-packages/airflow/example_dags/example_params_ui_tutorial.py for tasks to queue
[2025-12-06T09:16:07.549+0000] {logging_mixin.py:188} INFO - [2025-12-06T09:16:07.548+0000] {dagbag.py:538} INFO - Filling up the DagBag from /home/airflow/.local/lib/python3.8/site-packages/airflow/example_dags/example_params_ui_tutorial.py
[2025-12-06T09:16:07.566+0000] {processor.py:840} INFO - DAG(s) 'example_params_ui_tutorial' retrieved from /home/airflow/.local/lib/python3.8/site-packages/airflow/example_dags/example_params_ui_tutorial.py
[2025-12-06T09:16:07.654+0000] {logging_mixin.py:188} INFO - [2025-12-06T09:16:07.654+0000] {dag.py:3036} INFO - Sync 1 DAGs
[2025-12-06T09:16:07.674+0000] {logging_mixin.py:188} INFO - [2025-12-06T09:16:07.673+0000] {dag.py:3823} INFO - Setting next_dagrun for example_params_ui_tutorial to None, run_after=None
[2025-12-06T09:16:07.707+0000] {processor.py:183} INFO - Processing /home/airflow/.local/lib/python3.8/site-packages/airflow/example_dags/example_params_ui_tutorial.py took 0.170 seconds
[2025-12-06T09:16:37.875+0000] {processor.py:161} INFO - Started process (PID=2475) to work on /home/airflow/.local/lib/python3.8/site-packages/airflow/example_dags/example_params_ui_tutorial.py
[2025-12-06T09:16:37.877+0000] {processor.py:830} INFO - Processing file /home/airflow/.local/lib/python3.8/site-packages/airflow/example_dags/example_params_ui_tutorial.py for tasks to queue
[2025-12-06T09:16:37.880+0000] {logging_mixin.py:188} INFO - [2025-12-06T09:16:37.879+0000] {dagbag.py:538} INFO - Filling up the DagBag from /home/airflow/.local/lib/python3.8/site-packages/airflow/example_dags/example_params_ui_tutorial.py
[2025-12-06T09:16:37.898+0000] {processor.py:840} INFO - DAG(s) 'example_params_ui_tutorial' retrieved from /home/airflow/.local/lib/python3.8/site-packages/airflow/example_dags/example_params_ui_tutorial.py
[2025-12-06T09:16:37.981+0000] {logging_mixin.py:188} INFO - [2025-12-06T09:16:37.980+0000] {dag.py:3036} INFO - Sync 1 DAGs
[2025-12-06T09:16:38.000+0000] {logging_mixin.py:188} INFO - [2025-12-06T09:16:37.999+0000] {dag.py:3823} INFO - Setting next_dagrun for example_params_ui_tutorial to None, run_after=None
[2025-12-06T09:16:38.030+0000] {processor.py:183} INFO - Processing /home/airflow/.local/lib/python3.8/site-packages/airflow/example_dags/example_params_ui_tutorial.py took 0.160 seconds
[2025-12-06T09:17:08.198+0000] {processor.py:161} INFO - Started process (PID=2534) to work on /home/airflow/.local/lib/python3.8/site-packages/airflow/example_dags/example_params_ui_tutorial.py
[2025-12-06T09:17:08.199+0000] {processor.py:830} INFO - Processing file /home/airflow/.local/lib/python3.8/site-packages/airflow/example_dags/example_params_ui_tutorial.py for tasks to queue
[2025-12-06T09:17:08.202+0000] {logging_mixin.py:188} INFO - [2025-12-06T09:17:08.202+0000] {dagbag.py:538} INFO - Filling up the DagBag from /home/airflow/.local/lib/python3.8/site-packages/airflow/example_dags/example_params_ui_tutorial.py
[2025-12-06T09:17:08.219+0000] {processor.py:840} INFO - DAG(s) 'example_params_ui_tutorial' retrieved from /home/airflow/.local/lib/python3.8/site-packages/airflow/example_dags/example_params_ui_tutorial.py
[2025-12-06T09:17:08.303+0000] {logging_mixin.py:188} INFO - [2025-12-06T09:17:08.302+0000] {dag.py:3036} INFO - Sync 1 DAGs
[2025-12-06T09:17:08.321+0000] {logging_mixin.py:188} INFO - [2025-12-06T09:17:08.320+0000] {dag.py:3823} INFO - Setting next_dagrun for example_params_ui_tutorial to None, run_after=None
[2025-12-06T09:17:08.353+0000] {processor.py:183} INFO - Processing /home/airflow/.local/lib/python3.8/site-packages/airflow/example_dags/example_params_ui_tutorial.py took 0.161 seconds
[2025-12-06T09:17:38.637+0000] {processor.py:161} INFO - Started process (PID=2593) to work on /home/airflow/.local/lib/python3.8/site-packages/airflow/example_dags/example_params_ui_tutorial.py
[2025-12-06T09:17:38.639+0000] {processor.py:830} INFO - Processing file /home/airflow/.local/lib/python3.8/site-packages/airflow/example_dags/example_params_ui_tutorial.py for tasks to queue
[2025-12-06T09:17:38.641+0000] {logging_mixin.py:188} INFO - [2025-12-06T09:17:38.641+0000] {dagbag.py:538} INFO - Filling up the DagBag from /home/airflow/.local/lib/python3.8/site-packages/airflow/example_dags/example_params_ui_tutorial.py
[2025-12-06T09:17:38.658+0000] {processor.py:840} INFO - DAG(s) 'example_params_ui_tutorial' retrieved from /home/airflow/.local/lib/python3.8/site-packages/airflow/example_dags/example_params_ui_tutorial.py
[2025-12-06T09:17:38.744+0000] {logging_mixin.py:188} INFO - [2025-12-06T09:17:38.743+0000] {dag.py:3036} INFO - Sync 1 DAGs
[2025-12-06T09:17:38.762+0000] {logging_mixin.py:188} INFO - [2025-12-06T09:17:38.762+0000] {dag.py:3823} INFO - Setting next_dagrun for example_params_ui_tutorial to None, run_after=None
[2025-12-06T09:17:38.796+0000] {processor.py:183} INFO - Processing /home/airflow/.local/lib/python3.8/site-packages/airflow/example_dags/example_params_ui_tutorial.py took 0.164 seconds
[2025-12-06T09:18:09.140+0000] {processor.py:161} INFO - Started process (PID=2652) to work on /home/airflow/.local/lib/python3.8/site-packages/airflow/example_dags/example_params_ui_tutorial.py
[2025-12-06T09:18:09.141+0000] {processor.py:830} INFO - Processing file /home/airflow/.local/lib/python3.8/site-packages/airflow/example_dags/example_params_ui_tutorial.py for tasks to queue
[2025-12-06T09:18:09.144+0000] {logging_mixin.py:188} INFO - [2025-12-06T09:18:09.143+0000] {dagbag.py:538} INFO - Filling up the DagBag from /home/airflow/.local/lib/python3.8/site-packages/airflow/example_dags/example_params_ui_tutorial.py
[2025-12-06T09:18:09.161+0000] {processor.py:840} INFO - DAG(s) 'example_params_ui_tutorial' retrieved from /home/airflow/.local/lib/python3.8/site-packages/airflow/example_dags/example_params_ui_tutorial.py
[2025-12-06T09:18:09.246+0000] {logging_mixin.py:188} INFO - [2025-12-06T09:18:09.246+0000] {dag.py:3036} INFO - Sync 1 DAGs
[2025-12-06T09:18:09.264+0000] {logging_mixin.py:188} INFO - [2025-12-06T09:18:09.263+0000] {dag.py:3823} INFO - Setting next_dagrun for example_params_ui_tutorial to None, run_after=None
[2025-12-06T09:18:09.296+0000] {processor.py:183} INFO - Processing /home/airflow/.local/lib/python3.8/site-packages/airflow/example_dags/example_params_ui_tutorial.py took 0.162 seconds
[2025-12-06T09:18:39.840+0000] {processor.py:161} INFO - Started process (PID=2717) to work on /home/airflow/.local/lib/python3.8/site-packages/airflow/example_dags/example_params_ui_tutorial.py
[2025-12-06T09:18:39.842+0000] {processor.py:830} INFO - Processing file /home/airflow/.local/lib/python3.8/site-packages/airflow/example_dags/example_params_ui_tutorial.py for tasks to queue
[2025-12-06T09:18:39.846+0000] {logging_mixin.py:188} INFO - [2025-12-06T09:18:39.845+0000] {dagbag.py:538} INFO - Filling up the DagBag from /home/airflow/.local/lib/python3.8/site-packages/airflow/example_dags/example_params_ui_tutorial.py
[2025-12-06T09:18:39.862+0000] {processor.py:840} INFO - DAG(s) 'example_params_ui_tutorial' retrieved from /home/airflow/.local/lib/python3.8/site-packages/airflow/example_dags/example_params_ui_tutorial.py
[2025-12-06T09:18:39.954+0000] {logging_mixin.py:188} INFO - [2025-12-06T09:18:39.953+0000] {dag.py:3036} INFO - Sync 1 DAGs
[2025-12-06T09:18:39.971+0000] {logging_mixin.py:188} INFO - [2025-12-06T09:18:39.971+0000] {dag.py:3823} INFO - Setting next_dagrun for example_params_ui_tutorial to None, run_after=None
[2025-12-06T09:18:40.003+0000] {processor.py:183} INFO - Processing /home/airflow/.local/lib/python3.8/site-packages/airflow/example_dags/example_params_ui_tutorial.py took 0.168 seconds
[2025-12-06T09:19:10.461+0000] {processor.py:161} INFO - Started process (PID=2776) to work on /home/airflow/.local/lib/python3.8/site-packages/airflow/example_dags/example_params_ui_tutorial.py
[2025-12-06T09:19:10.462+0000] {processor.py:830} INFO - Processing file /home/airflow/.local/lib/python3.8/site-packages/airflow/example_dags/example_params_ui_tutorial.py for tasks to queue
[2025-12-06T09:19:10.465+0000] {logging_mixin.py:188} INFO - [2025-12-06T09:19:10.465+0000] {dagbag.py:538} INFO - Filling up the DagBag from /home/airflow/.local/lib/python3.8/site-packages/airflow/example_dags/example_params_ui_tutorial.py
[2025-12-06T09:19:10.483+0000] {processor.py:840} INFO - DAG(s) 'example_params_ui_tutorial' retrieved from /home/airflow/.local/lib/python3.8/site-packages/airflow/example_dags/example_params_ui_tutorial.py
[2025-12-06T09:19:10.568+0000] {logging_mixin.py:188} INFO - [2025-12-06T09:19:10.567+0000] {dag.py:3036} INFO - Sync 1 DAGs
[2025-12-06T09:19:10.734+0000] {logging_mixin.py:188} INFO - [2025-12-06T09:19:10.733+0000] {dag.py:3823} INFO - Setting next_dagrun for example_params_ui_tutorial to None, run_after=None
[2025-12-06T09:19:10.763+0000] {processor.py:183} INFO - Processing /home/airflow/.local/lib/python3.8/site-packages/airflow/example_dags/example_params_ui_tutorial.py took 0.307 seconds
[2025-12-06T09:19:40.950+0000] {processor.py:161} INFO - Started process (PID=2836) to work on /home/airflow/.local/lib/python3.8/site-packages/airflow/example_dags/example_params_ui_tutorial.py
[2025-12-06T09:19:40.952+0000] {processor.py:830} INFO - Processing file /home/airflow/.local/lib/python3.8/site-packages/airflow/example_dags/example_params_ui_tutorial.py for tasks to queue
[2025-12-06T09:19:40.955+0000] {logging_mixin.py:188} INFO - [2025-12-06T09:19:40.954+0000] {dagbag.py:538} INFO - Filling up the DagBag from /home/airflow/.local/lib/python3.8/site-packages/airflow/example_dags/example_params_ui_tutorial.py
[2025-12-06T09:19:40.972+0000] {processor.py:840} INFO - DAG(s) 'example_params_ui_tutorial' retrieved from /home/airflow/.local/lib/python3.8/site-packages/airflow/example_dags/example_params_ui_tutorial.py
[2025-12-06T09:19:41.054+0000] {logging_mixin.py:188} INFO - [2025-12-06T09:19:41.054+0000] {dag.py:3036} INFO - Sync 1 DAGs
[2025-12-06T09:19:41.071+0000] {logging_mixin.py:188} INFO - [2025-12-06T09:19:41.070+0000] {dag.py:3823} INFO - Setting next_dagrun for example_params_ui_tutorial to None, run_after=None
[2025-12-06T09:19:41.104+0000] {processor.py:183} INFO - Processing /home/airflow/.local/lib/python3.8/site-packages/airflow/example_dags/example_params_ui_tutorial.py took 0.158 seconds
[2025-12-06T09:20:11.221+0000] {processor.py:161} INFO - Started process (PID=2894) to work on /home/airflow/.local/lib/python3.8/site-packages/airflow/example_dags/example_params_ui_tutorial.py
[2025-12-06T09:20:11.223+0000] {processor.py:830} INFO - Processing file /home/airflow/.local/lib/python3.8/site-packages/airflow/example_dags/example_params_ui_tutorial.py for tasks to queue
[2025-12-06T09:20:11.226+0000] {logging_mixin.py:188} INFO - [2025-12-06T09:20:11.225+0000] {dagbag.py:538} INFO - Filling up the DagBag from /home/airflow/.local/lib/python3.8/site-packages/airflow/example_dags/example_params_ui_tutorial.py
[2025-12-06T09:20:11.243+0000] {processor.py:840} INFO - DAG(s) 'example_params_ui_tutorial' retrieved from /home/airflow/.local/lib/python3.8/site-packages/airflow/example_dags/example_params_ui_tutorial.py
[2025-12-06T09:20:11.324+0000] {logging_mixin.py:188} INFO - [2025-12-06T09:20:11.323+0000] {dag.py:3036} INFO - Sync 1 DAGs
[2025-12-06T09:20:11.340+0000] {logging_mixin.py:188} INFO - [2025-12-06T09:20:11.339+0000] {dag.py:3823} INFO - Setting next_dagrun for example_params_ui_tutorial to None, run_after=None
[2025-12-06T09:20:11.372+0000] {processor.py:183} INFO - Processing /home/airflow/.local/lib/python3.8/site-packages/airflow/example_dags/example_params_ui_tutorial.py took 0.155 seconds
[2025-12-06T09:20:41.536+0000] {processor.py:161} INFO - Started process (PID=2954) to work on /home/airflow/.local/lib/python3.8/site-packages/airflow/example_dags/example_params_ui_tutorial.py
[2025-12-06T09:20:41.538+0000] {processor.py:830} INFO - Processing file /home/airflow/.local/lib/python3.8/site-packages/airflow/example_dags/example_params_ui_tutorial.py for tasks to queue
[2025-12-06T09:20:41.540+0000] {logging_mixin.py:188} INFO - [2025-12-06T09:20:41.540+0000] {dagbag.py:538} INFO - Filling up the DagBag from /home/airflow/.local/lib/python3.8/site-packages/airflow/example_dags/example_params_ui_tutorial.py
[2025-12-06T09:20:41.556+0000] {processor.py:840} INFO - DAG(s) 'example_params_ui_tutorial' retrieved from /home/airflow/.local/lib/python3.8/site-packages/airflow/example_dags/example_params_ui_tutorial.py
[2025-12-06T09:20:41.634+0000] {logging_mixin.py:188} INFO - [2025-12-06T09:20:41.633+0000] {dag.py:3036} INFO - Sync 1 DAGs
[2025-12-06T09:20:41.649+0000] {logging_mixin.py:188} INFO - [2025-12-06T09:20:41.649+0000] {dag.py:3823} INFO - Setting next_dagrun for example_params_ui_tutorial to None, run_after=None
[2025-12-06T09:20:41.679+0000] {processor.py:183} INFO - Processing /home/airflow/.local/lib/python3.8/site-packages/airflow/example_dags/example_params_ui_tutorial.py took 0.147 seconds
[2025-12-06T09:21:12.315+0000] {processor.py:161} INFO - Started process (PID=3013) to work on /home/airflow/.local/lib/python3.8/site-packages/airflow/example_dags/example_params_ui_tutorial.py
[2025-12-06T09:21:12.317+0000] {processor.py:830} INFO - Processing file /home/airflow/.local/lib/python3.8/site-packages/airflow/example_dags/example_params_ui_tutorial.py for tasks to queue
[2025-12-06T09:21:12.319+0000] {logging_mixin.py:188} INFO - [2025-12-06T09:21:12.319+0000] {dagbag.py:538} INFO - Filling up the DagBag from /home/airflow/.local/lib/python3.8/site-packages/airflow/example_dags/example_params_ui_tutorial.py
[2025-12-06T09:21:12.335+0000] {processor.py:840} INFO - DAG(s) 'example_params_ui_tutorial' retrieved from /home/airflow/.local/lib/python3.8/site-packages/airflow/example_dags/example_params_ui_tutorial.py
[2025-12-06T09:21:12.575+0000] {logging_mixin.py:188} INFO - [2025-12-06T09:21:12.574+0000] {dag.py:3036} INFO - Sync 1 DAGs
[2025-12-06T09:21:12.587+0000] {logging_mixin.py:188} INFO - [2025-12-06T09:21:12.587+0000] {dag.py:3823} INFO - Setting next_dagrun for example_params_ui_tutorial to None, run_after=None
[2025-12-06T09:21:12.616+0000] {processor.py:183} INFO - Processing /home/airflow/.local/lib/python3.8/site-packages/airflow/example_dags/example_params_ui_tutorial.py took 0.305 seconds
[2025-12-06T09:21:43.014+0000] {processor.py:161} INFO - Started process (PID=3069) to work on /home/airflow/.local/lib/python3.8/site-packages/airflow/example_dags/example_params_ui_tutorial.py
[2025-12-06T09:21:43.016+0000] {processor.py:830} INFO - Processing file /home/airflow/.local/lib/python3.8/site-packages/airflow/example_dags/example_params_ui_tutorial.py for tasks to queue
[2025-12-06T09:21:43.019+0000] {logging_mixin.py:188} INFO - [2025-12-06T09:21:43.018+0000] {dagbag.py:538} INFO - Filling up the DagBag from /home/airflow/.local/lib/python3.8/site-packages/airflow/example_dags/example_params_ui_tutorial.py
[2025-12-06T09:21:43.035+0000] {processor.py:840} INFO - DAG(s) 'example_params_ui_tutorial' retrieved from /home/airflow/.local/lib/python3.8/site-packages/airflow/example_dags/example_params_ui_tutorial.py
[2025-12-06T09:21:43.103+0000] {logging_mixin.py:188} INFO - [2025-12-06T09:21:43.103+0000] {dag.py:3036} INFO - Sync 1 DAGs
[2025-12-06T09:21:43.118+0000] {logging_mixin.py:188} INFO - [2025-12-06T09:21:43.118+0000] {dag.py:3823} INFO - Setting next_dagrun for example_params_ui_tutorial to None, run_after=None
[2025-12-06T09:21:43.148+0000] {processor.py:183} INFO - Processing /home/airflow/.local/lib/python3.8/site-packages/airflow/example_dags/example_params_ui_tutorial.py took 0.138 seconds
[2025-12-06T09:22:13.253+0000] {processor.py:161} INFO - Started process (PID=3127) to work on /home/airflow/.local/lib/python3.8/site-packages/airflow/example_dags/example_params_ui_tutorial.py
[2025-12-06T09:22:13.255+0000] {processor.py:830} INFO - Processing file /home/airflow/.local/lib/python3.8/site-packages/airflow/example_dags/example_params_ui_tutorial.py for tasks to queue
[2025-12-06T09:22:13.258+0000] {logging_mixin.py:188} INFO - [2025-12-06T09:22:13.257+0000] {dagbag.py:538} INFO - Filling up the DagBag from /home/airflow/.local/lib/python3.8/site-packages/airflow/example_dags/example_params_ui_tutorial.py
[2025-12-06T09:22:13.275+0000] {processor.py:840} INFO - DAG(s) 'example_params_ui_tutorial' retrieved from /home/airflow/.local/lib/python3.8/site-packages/airflow/example_dags/example_params_ui_tutorial.py
[2025-12-06T09:22:13.357+0000] {logging_mixin.py:188} INFO - [2025-12-06T09:22:13.356+0000] {dag.py:3036} INFO - Sync 1 DAGs
[2025-12-06T09:22:13.373+0000] {logging_mixin.py:188} INFO - [2025-12-06T09:22:13.373+0000] {dag.py:3823} INFO - Setting next_dagrun for example_params_ui_tutorial to None, run_after=None
[2025-12-06T09:22:13.404+0000] {processor.py:183} INFO - Processing /home/airflow/.local/lib/python3.8/site-packages/airflow/example_dags/example_params_ui_tutorial.py took 0.156 seconds
[2025-12-06T09:22:44.116+0000] {processor.py:161} INFO - Started process (PID=3186) to work on /home/airflow/.local/lib/python3.8/site-packages/airflow/example_dags/example_params_ui_tutorial.py
[2025-12-06T09:22:44.118+0000] {processor.py:830} INFO - Processing file /home/airflow/.local/lib/python3.8/site-packages/airflow/example_dags/example_params_ui_tutorial.py for tasks to queue
[2025-12-06T09:22:44.120+0000] {logging_mixin.py:188} INFO - [2025-12-06T09:22:44.120+0000] {dagbag.py:538} INFO - Filling up the DagBag from /home/airflow/.local/lib/python3.8/site-packages/airflow/example_dags/example_params_ui_tutorial.py
[2025-12-06T09:22:44.136+0000] {processor.py:840} INFO - DAG(s) 'example_params_ui_tutorial' retrieved from /home/airflow/.local/lib/python3.8/site-packages/airflow/example_dags/example_params_ui_tutorial.py
[2025-12-06T09:22:44.210+0000] {logging_mixin.py:188} INFO - [2025-12-06T09:22:44.209+0000] {dag.py:3036} INFO - Sync 1 DAGs
[2025-12-06T09:22:44.226+0000] {logging_mixin.py:188} INFO - [2025-12-06T09:22:44.226+0000] {dag.py:3823} INFO - Setting next_dagrun for example_params_ui_tutorial to None, run_after=None
[2025-12-06T09:22:44.258+0000] {processor.py:183} INFO - Processing /home/airflow/.local/lib/python3.8/site-packages/airflow/example_dags/example_params_ui_tutorial.py took 0.146 seconds
[2025-12-06T09:23:14.549+0000] {processor.py:161} INFO - Started process (PID=3245) to work on /home/airflow/.local/lib/python3.8/site-packages/airflow/example_dags/example_params_ui_tutorial.py
[2025-12-06T09:23:14.550+0000] {processor.py:830} INFO - Processing file /home/airflow/.local/lib/python3.8/site-packages/airflow/example_dags/example_params_ui_tutorial.py for tasks to queue
[2025-12-06T09:23:14.553+0000] {logging_mixin.py:188} INFO - [2025-12-06T09:23:14.552+0000] {dagbag.py:538} INFO - Filling up the DagBag from /home/airflow/.local/lib/python3.8/site-packages/airflow/example_dags/example_params_ui_tutorial.py
[2025-12-06T09:23:14.570+0000] {processor.py:840} INFO - DAG(s) 'example_params_ui_tutorial' retrieved from /home/airflow/.local/lib/python3.8/site-packages/airflow/example_dags/example_params_ui_tutorial.py
[2025-12-06T09:23:14.655+0000] {logging_mixin.py:188} INFO - [2025-12-06T09:23:14.654+0000] {dag.py:3036} INFO - Sync 1 DAGs
[2025-12-06T09:23:14.670+0000] {logging_mixin.py:188} INFO - [2025-12-06T09:23:14.670+0000] {dag.py:3823} INFO - Setting next_dagrun for example_params_ui_tutorial to None, run_after=None
[2025-12-06T09:23:14.699+0000] {processor.py:183} INFO - Processing /home/airflow/.local/lib/python3.8/site-packages/airflow/example_dags/example_params_ui_tutorial.py took 0.154 seconds
[2025-12-06T09:23:44.939+0000] {processor.py:161} INFO - Started process (PID=3304) to work on /home/airflow/.local/lib/python3.8/site-packages/airflow/example_dags/example_params_ui_tutorial.py
[2025-12-06T09:23:44.942+0000] {processor.py:830} INFO - Processing file /home/airflow/.local/lib/python3.8/site-packages/airflow/example_dags/example_params_ui_tutorial.py for tasks to queue
[2025-12-06T09:23:44.947+0000] {logging_mixin.py:188} INFO - [2025-12-06T09:23:44.947+0000] {dagbag.py:538} INFO - Filling up the DagBag from /home/airflow/.local/lib/python3.8/site-packages/airflow/example_dags/example_params_ui_tutorial.py
[2025-12-06T09:23:44.968+0000] {processor.py:840} INFO - DAG(s) 'example_params_ui_tutorial' retrieved from /home/airflow/.local/lib/python3.8/site-packages/airflow/example_dags/example_params_ui_tutorial.py
[2025-12-06T09:23:45.084+0000] {logging_mixin.py:188} INFO - [2025-12-06T09:23:45.084+0000] {dag.py:3036} INFO - Sync 1 DAGs
[2025-12-06T09:23:45.105+0000] {logging_mixin.py:188} INFO - [2025-12-06T09:23:45.104+0000] {dag.py:3823} INFO - Setting next_dagrun for example_params_ui_tutorial to None, run_after=None
[2025-12-06T09:23:45.140+0000] {processor.py:183} INFO - Processing /home/airflow/.local/lib/python3.8/site-packages/airflow/example_dags/example_params_ui_tutorial.py took 0.207 seconds
[2025-12-06T09:24:15.202+0000] {processor.py:161} INFO - Started process (PID=3363) to work on /home/airflow/.local/lib/python3.8/site-packages/airflow/example_dags/example_params_ui_tutorial.py
[2025-12-06T09:24:15.204+0000] {processor.py:830} INFO - Processing file /home/airflow/.local/lib/python3.8/site-packages/airflow/example_dags/example_params_ui_tutorial.py for tasks to queue
[2025-12-06T09:24:15.207+0000] {logging_mixin.py:188} INFO - [2025-12-06T09:24:15.206+0000] {dagbag.py:538} INFO - Filling up the DagBag from /home/airflow/.local/lib/python3.8/site-packages/airflow/example_dags/example_params_ui_tutorial.py
[2025-12-06T09:24:15.224+0000] {processor.py:840} INFO - DAG(s) 'example_params_ui_tutorial' retrieved from /home/airflow/.local/lib/python3.8/site-packages/airflow/example_dags/example_params_ui_tutorial.py
[2025-12-06T09:24:15.303+0000] {logging_mixin.py:188} INFO - [2025-12-06T09:24:15.303+0000] {dag.py:3036} INFO - Sync 1 DAGs
[2025-12-06T09:24:15.320+0000] {logging_mixin.py:188} INFO - [2025-12-06T09:24:15.320+0000] {dag.py:3823} INFO - Setting next_dagrun for example_params_ui_tutorial to None, run_after=None
[2025-12-06T09:24:15.354+0000] {processor.py:183} INFO - Processing /home/airflow/.local/lib/python3.8/site-packages/airflow/example_dags/example_params_ui_tutorial.py took 0.156 seconds
[2025-12-06T09:24:46.040+0000] {processor.py:161} INFO - Started process (PID=3422) to work on /home/airflow/.local/lib/python3.8/site-packages/airflow/example_dags/example_params_ui_tutorial.py
[2025-12-06T09:24:46.041+0000] {processor.py:830} INFO - Processing file /home/airflow/.local/lib/python3.8/site-packages/airflow/example_dags/example_params_ui_tutorial.py for tasks to queue
[2025-12-06T09:24:46.044+0000] {logging_mixin.py:188} INFO - [2025-12-06T09:24:46.044+0000] {dagbag.py:538} INFO - Filling up the DagBag from /home/airflow/.local/lib/python3.8/site-packages/airflow/example_dags/example_params_ui_tutorial.py
[2025-12-06T09:24:46.061+0000] {processor.py:840} INFO - DAG(s) 'example_params_ui_tutorial' retrieved from /home/airflow/.local/lib/python3.8/site-packages/airflow/example_dags/example_params_ui_tutorial.py
[2025-12-06T09:24:46.150+0000] {logging_mixin.py:188} INFO - [2025-12-06T09:24:46.150+0000] {dag.py:3036} INFO - Sync 1 DAGs
[2025-12-06T09:24:46.168+0000] {logging_mixin.py:188} INFO - [2025-12-06T09:24:46.168+0000] {dag.py:3823} INFO - Setting next_dagrun for example_params_ui_tutorial to None, run_after=None
[2025-12-06T09:24:46.203+0000] {processor.py:183} INFO - Processing /home/airflow/.local/lib/python3.8/site-packages/airflow/example_dags/example_params_ui_tutorial.py took 0.169 seconds
[2025-12-06T09:25:16.533+0000] {processor.py:161} INFO - Started process (PID=3481) to work on /home/airflow/.local/lib/python3.8/site-packages/airflow/example_dags/example_params_ui_tutorial.py
[2025-12-06T09:25:16.535+0000] {processor.py:830} INFO - Processing file /home/airflow/.local/lib/python3.8/site-packages/airflow/example_dags/example_params_ui_tutorial.py for tasks to queue
[2025-12-06T09:25:16.538+0000] {logging_mixin.py:188} INFO - [2025-12-06T09:25:16.537+0000] {dagbag.py:538} INFO - Filling up the DagBag from /home/airflow/.local/lib/python3.8/site-packages/airflow/example_dags/example_params_ui_tutorial.py
[2025-12-06T09:25:16.553+0000] {processor.py:840} INFO - DAG(s) 'example_params_ui_tutorial' retrieved from /home/airflow/.local/lib/python3.8/site-packages/airflow/example_dags/example_params_ui_tutorial.py
[2025-12-06T09:25:16.632+0000] {logging_mixin.py:188} INFO - [2025-12-06T09:25:16.632+0000] {dag.py:3036} INFO - Sync 1 DAGs
[2025-12-06T09:25:16.649+0000] {logging_mixin.py:188} INFO - [2025-12-06T09:25:16.649+0000] {dag.py:3823} INFO - Setting next_dagrun for example_params_ui_tutorial to None, run_after=None
[2025-12-06T09:25:16.679+0000] {processor.py:183} INFO - Processing /home/airflow/.local/lib/python3.8/site-packages/airflow/example_dags/example_params_ui_tutorial.py took 0.150 seconds
[2025-12-06T09:25:47.009+0000] {processor.py:161} INFO - Started process (PID=3540) to work on /home/airflow/.local/lib/python3.8/site-packages/airflow/example_dags/example_params_ui_tutorial.py
[2025-12-06T09:25:47.011+0000] {processor.py:830} INFO - Processing file /home/airflow/.local/lib/python3.8/site-packages/airflow/example_dags/example_params_ui_tutorial.py for tasks to queue
[2025-12-06T09:25:47.015+0000] {logging_mixin.py:188} INFO - [2025-12-06T09:25:47.014+0000] {dagbag.py:538} INFO - Filling up the DagBag from /home/airflow/.local/lib/python3.8/site-packages/airflow/example_dags/example_params_ui_tutorial.py
[2025-12-06T09:25:47.032+0000] {processor.py:840} INFO - DAG(s) 'example_params_ui_tutorial' retrieved from /home/airflow/.local/lib/python3.8/site-packages/airflow/example_dags/example_params_ui_tutorial.py
[2025-12-06T09:25:47.118+0000] {logging_mixin.py:188} INFO - [2025-12-06T09:25:47.118+0000] {dag.py:3036} INFO - Sync 1 DAGs
[2025-12-06T09:25:47.135+0000] {logging_mixin.py:188} INFO - [2025-12-06T09:25:47.134+0000] {dag.py:3823} INFO - Setting next_dagrun for example_params_ui_tutorial to None, run_after=None
[2025-12-06T09:25:47.169+0000] {processor.py:183} INFO - Processing /home/airflow/.local/lib/python3.8/site-packages/airflow/example_dags/example_params_ui_tutorial.py took 0.165 seconds
[2025-12-06T09:26:17.727+0000] {processor.py:161} INFO - Started process (PID=3599) to work on /home/airflow/.local/lib/python3.8/site-packages/airflow/example_dags/example_params_ui_tutorial.py
[2025-12-06T09:26:17.728+0000] {processor.py:830} INFO - Processing file /home/airflow/.local/lib/python3.8/site-packages/airflow/example_dags/example_params_ui_tutorial.py for tasks to queue
[2025-12-06T09:26:17.731+0000] {logging_mixin.py:188} INFO - [2025-12-06T09:26:17.731+0000] {dagbag.py:538} INFO - Filling up the DagBag from /home/airflow/.local/lib/python3.8/site-packages/airflow/example_dags/example_params_ui_tutorial.py
[2025-12-06T09:26:17.747+0000] {processor.py:840} INFO - DAG(s) 'example_params_ui_tutorial' retrieved from /home/airflow/.local/lib/python3.8/site-packages/airflow/example_dags/example_params_ui_tutorial.py
[2025-12-06T09:26:17.829+0000] {logging_mixin.py:188} INFO - [2025-12-06T09:26:17.829+0000] {dag.py:3036} INFO - Sync 1 DAGs
[2025-12-06T09:26:17.849+0000] {logging_mixin.py:188} INFO - [2025-12-06T09:26:17.848+0000] {dag.py:3823} INFO - Setting next_dagrun for example_params_ui_tutorial to None, run_after=None
[2025-12-06T09:26:17.883+0000] {processor.py:183} INFO - Processing /home/airflow/.local/lib/python3.8/site-packages/airflow/example_dags/example_params_ui_tutorial.py took 0.161 seconds
[2025-12-06T09:26:48.422+0000] {processor.py:161} INFO - Started process (PID=3658) to work on /home/airflow/.local/lib/python3.8/site-packages/airflow/example_dags/example_params_ui_tutorial.py
[2025-12-06T09:26:48.424+0000] {processor.py:830} INFO - Processing file /home/airflow/.local/lib/python3.8/site-packages/airflow/example_dags/example_params_ui_tutorial.py for tasks to queue
[2025-12-06T09:26:48.427+0000] {logging_mixin.py:188} INFO - [2025-12-06T09:26:48.427+0000] {dagbag.py:538} INFO - Filling up the DagBag from /home/airflow/.local/lib/python3.8/site-packages/airflow/example_dags/example_params_ui_tutorial.py
[2025-12-06T09:26:48.445+0000] {processor.py:840} INFO - DAG(s) 'example_params_ui_tutorial' retrieved from /home/airflow/.local/lib/python3.8/site-packages/airflow/example_dags/example_params_ui_tutorial.py
[2025-12-06T09:26:48.529+0000] {logging_mixin.py:188} INFO - [2025-12-06T09:26:48.529+0000] {dag.py:3036} INFO - Sync 1 DAGs
[2025-12-06T09:26:48.546+0000] {logging_mixin.py:188} INFO - [2025-12-06T09:26:48.545+0000] {dag.py:3823} INFO - Setting next_dagrun for example_params_ui_tutorial to None, run_after=None
[2025-12-06T09:26:48.580+0000] {processor.py:183} INFO - Processing /home/airflow/.local/lib/python3.8/site-packages/airflow/example_dags/example_params_ui_tutorial.py took 0.162 seconds
[2025-12-06T09:27:18.714+0000] {processor.py:161} INFO - Started process (PID=3717) to work on /home/airflow/.local/lib/python3.8/site-packages/airflow/example_dags/example_params_ui_tutorial.py
[2025-12-06T09:27:18.715+0000] {processor.py:830} INFO - Processing file /home/airflow/.local/lib/python3.8/site-packages/airflow/example_dags/example_params_ui_tutorial.py for tasks to queue
[2025-12-06T09:27:18.719+0000] {logging_mixin.py:188} INFO - [2025-12-06T09:27:18.718+0000] {dagbag.py:538} INFO - Filling up the DagBag from /home/airflow/.local/lib/python3.8/site-packages/airflow/example_dags/example_params_ui_tutorial.py
[2025-12-06T09:27:18.733+0000] {processor.py:840} INFO - DAG(s) 'example_params_ui_tutorial' retrieved from /home/airflow/.local/lib/python3.8/site-packages/airflow/example_dags/example_params_ui_tutorial.py
[2025-12-06T09:27:18.806+0000] {logging_mixin.py:188} INFO - [2025-12-06T09:27:18.806+0000] {dag.py:3036} INFO - Sync 1 DAGs
[2025-12-06T09:27:18.821+0000] {logging_mixin.py:188} INFO - [2025-12-06T09:27:18.821+0000] {dag.py:3823} INFO - Setting next_dagrun for example_params_ui_tutorial to None, run_after=None
[2025-12-06T09:27:18.850+0000] {processor.py:183} INFO - Processing /home/airflow/.local/lib/python3.8/site-packages/airflow/example_dags/example_params_ui_tutorial.py took 0.141 seconds
[2025-12-06T09:27:48.935+0000] {processor.py:161} INFO - Started process (PID=3776) to work on /home/airflow/.local/lib/python3.8/site-packages/airflow/example_dags/example_params_ui_tutorial.py
[2025-12-06T09:27:48.936+0000] {processor.py:830} INFO - Processing file /home/airflow/.local/lib/python3.8/site-packages/airflow/example_dags/example_params_ui_tutorial.py for tasks to queue
[2025-12-06T09:27:48.940+0000] {logging_mixin.py:188} INFO - [2025-12-06T09:27:48.940+0000] {dagbag.py:538} INFO - Filling up the DagBag from /home/airflow/.local/lib/python3.8/site-packages/airflow/example_dags/example_params_ui_tutorial.py
[2025-12-06T09:27:48.958+0000] {processor.py:840} INFO - DAG(s) 'example_params_ui_tutorial' retrieved from /home/airflow/.local/lib/python3.8/site-packages/airflow/example_dags/example_params_ui_tutorial.py
[2025-12-06T09:27:49.034+0000] {logging_mixin.py:188} INFO - [2025-12-06T09:27:49.034+0000] {dag.py:3036} INFO - Sync 1 DAGs
[2025-12-06T09:27:49.050+0000] {logging_mixin.py:188} INFO - [2025-12-06T09:27:49.050+0000] {dag.py:3823} INFO - Setting next_dagrun for example_params_ui_tutorial to None, run_after=None
[2025-12-06T09:27:49.081+0000] {processor.py:183} INFO - Processing /home/airflow/.local/lib/python3.8/site-packages/airflow/example_dags/example_params_ui_tutorial.py took 0.152 seconds
[2025-12-06T09:28:19.394+0000] {processor.py:161} INFO - Started process (PID=3835) to work on /home/airflow/.local/lib/python3.8/site-packages/airflow/example_dags/example_params_ui_tutorial.py
[2025-12-06T09:28:19.395+0000] {processor.py:830} INFO - Processing file /home/airflow/.local/lib/python3.8/site-packages/airflow/example_dags/example_params_ui_tutorial.py for tasks to queue
[2025-12-06T09:28:19.398+0000] {logging_mixin.py:188} INFO - [2025-12-06T09:28:19.398+0000] {dagbag.py:538} INFO - Filling up the DagBag from /home/airflow/.local/lib/python3.8/site-packages/airflow/example_dags/example_params_ui_tutorial.py
[2025-12-06T09:28:19.416+0000] {processor.py:840} INFO - DAG(s) 'example_params_ui_tutorial' retrieved from /home/airflow/.local/lib/python3.8/site-packages/airflow/example_dags/example_params_ui_tutorial.py
[2025-12-06T09:28:19.497+0000] {logging_mixin.py:188} INFO - [2025-12-06T09:28:19.496+0000] {dag.py:3036} INFO - Sync 1 DAGs
[2025-12-06T09:28:19.515+0000] {logging_mixin.py:188} INFO - [2025-12-06T09:28:19.514+0000] {dag.py:3823} INFO - Setting next_dagrun for example_params_ui_tutorial to None, run_after=None
[2025-12-06T09:28:19.550+0000] {processor.py:183} INFO - Processing /home/airflow/.local/lib/python3.8/site-packages/airflow/example_dags/example_params_ui_tutorial.py took 0.160 seconds
[2025-12-06T09:28:49.657+0000] {processor.py:161} INFO - Started process (PID=3894) to work on /home/airflow/.local/lib/python3.8/site-packages/airflow/example_dags/example_params_ui_tutorial.py
[2025-12-06T09:28:49.659+0000] {processor.py:830} INFO - Processing file /home/airflow/.local/lib/python3.8/site-packages/airflow/example_dags/example_params_ui_tutorial.py for tasks to queue
[2025-12-06T09:28:49.662+0000] {logging_mixin.py:188} INFO - [2025-12-06T09:28:49.662+0000] {dagbag.py:538} INFO - Filling up the DagBag from /home/airflow/.local/lib/python3.8/site-packages/airflow/example_dags/example_params_ui_tutorial.py
[2025-12-06T09:28:49.677+0000] {processor.py:840} INFO - DAG(s) 'example_params_ui_tutorial' retrieved from /home/airflow/.local/lib/python3.8/site-packages/airflow/example_dags/example_params_ui_tutorial.py
[2025-12-06T09:28:49.761+0000] {logging_mixin.py:188} INFO - [2025-12-06T09:28:49.761+0000] {dag.py:3036} INFO - Sync 1 DAGs
[2025-12-06T09:28:49.779+0000] {logging_mixin.py:188} INFO - [2025-12-06T09:28:49.778+0000] {dag.py:3823} INFO - Setting next_dagrun for example_params_ui_tutorial to None, run_after=None
[2025-12-06T09:28:49.815+0000] {processor.py:183} INFO - Processing /home/airflow/.local/lib/python3.8/site-packages/airflow/example_dags/example_params_ui_tutorial.py took 0.163 seconds
[2025-12-06T09:29:19.910+0000] {processor.py:161} INFO - Started process (PID=3953) to work on /home/airflow/.local/lib/python3.8/site-packages/airflow/example_dags/example_params_ui_tutorial.py
[2025-12-06T09:29:19.912+0000] {processor.py:830} INFO - Processing file /home/airflow/.local/lib/python3.8/site-packages/airflow/example_dags/example_params_ui_tutorial.py for tasks to queue
[2025-12-06T09:29:19.916+0000] {logging_mixin.py:188} INFO - [2025-12-06T09:29:19.915+0000] {dagbag.py:538} INFO - Filling up the DagBag from /home/airflow/.local/lib/python3.8/site-packages/airflow/example_dags/example_params_ui_tutorial.py
[2025-12-06T09:29:19.932+0000] {processor.py:840} INFO - DAG(s) 'example_params_ui_tutorial' retrieved from /home/airflow/.local/lib/python3.8/site-packages/airflow/example_dags/example_params_ui_tutorial.py
[2025-12-06T09:29:20.015+0000] {logging_mixin.py:188} INFO - [2025-12-06T09:29:20.015+0000] {dag.py:3036} INFO - Sync 1 DAGs
[2025-12-06T09:29:20.032+0000] {logging_mixin.py:188} INFO - [2025-12-06T09:29:20.032+0000] {dag.py:3823} INFO - Setting next_dagrun for example_params_ui_tutorial to None, run_after=None
[2025-12-06T09:29:20.068+0000] {processor.py:183} INFO - Processing /home/airflow/.local/lib/python3.8/site-packages/airflow/example_dags/example_params_ui_tutorial.py took 0.163 seconds
[2025-12-06T09:29:50.148+0000] {processor.py:161} INFO - Started process (PID=4012) to work on /home/airflow/.local/lib/python3.8/site-packages/airflow/example_dags/example_params_ui_tutorial.py
[2025-12-06T09:29:50.150+0000] {processor.py:830} INFO - Processing file /home/airflow/.local/lib/python3.8/site-packages/airflow/example_dags/example_params_ui_tutorial.py for tasks to queue
[2025-12-06T09:29:50.153+0000] {logging_mixin.py:188} INFO - [2025-12-06T09:29:50.153+0000] {dagbag.py:538} INFO - Filling up the DagBag from /home/airflow/.local/lib/python3.8/site-packages/airflow/example_dags/example_params_ui_tutorial.py
[2025-12-06T09:29:50.174+0000] {processor.py:840} INFO - DAG(s) 'example_params_ui_tutorial' retrieved from /home/airflow/.local/lib/python3.8/site-packages/airflow/example_dags/example_params_ui_tutorial.py
[2025-12-06T09:29:50.257+0000] {logging_mixin.py:188} INFO - [2025-12-06T09:29:50.256+0000] {dag.py:3036} INFO - Sync 1 DAGs
[2025-12-06T09:29:50.274+0000] {logging_mixin.py:188} INFO - [2025-12-06T09:29:50.274+0000] {dag.py:3823} INFO - Setting next_dagrun for example_params_ui_tutorial to None, run_after=None
[2025-12-06T09:29:50.308+0000] {processor.py:183} INFO - Processing /home/airflow/.local/lib/python3.8/site-packages/airflow/example_dags/example_params_ui_tutorial.py took 0.164 seconds
[2025-12-06T09:30:20.653+0000] {processor.py:161} INFO - Started process (PID=4071) to work on /home/airflow/.local/lib/python3.8/site-packages/airflow/example_dags/example_params_ui_tutorial.py
[2025-12-06T09:30:20.655+0000] {processor.py:830} INFO - Processing file /home/airflow/.local/lib/python3.8/site-packages/airflow/example_dags/example_params_ui_tutorial.py for tasks to queue
[2025-12-06T09:30:20.658+0000] {logging_mixin.py:188} INFO - [2025-12-06T09:30:20.657+0000] {dagbag.py:538} INFO - Filling up the DagBag from /home/airflow/.local/lib/python3.8/site-packages/airflow/example_dags/example_params_ui_tutorial.py
[2025-12-06T09:30:20.675+0000] {processor.py:840} INFO - DAG(s) 'example_params_ui_tutorial' retrieved from /home/airflow/.local/lib/python3.8/site-packages/airflow/example_dags/example_params_ui_tutorial.py
[2025-12-06T09:30:20.758+0000] {logging_mixin.py:188} INFO - [2025-12-06T09:30:20.757+0000] {dag.py:3036} INFO - Sync 1 DAGs
[2025-12-06T09:30:20.774+0000] {logging_mixin.py:188} INFO - [2025-12-06T09:30:20.774+0000] {dag.py:3823} INFO - Setting next_dagrun for example_params_ui_tutorial to None, run_after=None
[2025-12-06T09:30:20.809+0000] {processor.py:183} INFO - Processing /home/airflow/.local/lib/python3.8/site-packages/airflow/example_dags/example_params_ui_tutorial.py took 0.161 seconds
[2025-12-06T09:30:50.916+0000] {processor.py:161} INFO - Started process (PID=4130) to work on /home/airflow/.local/lib/python3.8/site-packages/airflow/example_dags/example_params_ui_tutorial.py
[2025-12-06T09:30:50.918+0000] {processor.py:830} INFO - Processing file /home/airflow/.local/lib/python3.8/site-packages/airflow/example_dags/example_params_ui_tutorial.py for tasks to queue
[2025-12-06T09:30:50.922+0000] {logging_mixin.py:188} INFO - [2025-12-06T09:30:50.921+0000] {dagbag.py:538} INFO - Filling up the DagBag from /home/airflow/.local/lib/python3.8/site-packages/airflow/example_dags/example_params_ui_tutorial.py
[2025-12-06T09:30:50.937+0000] {processor.py:840} INFO - DAG(s) 'example_params_ui_tutorial' retrieved from /home/airflow/.local/lib/python3.8/site-packages/airflow/example_dags/example_params_ui_tutorial.py
[2025-12-06T09:30:51.020+0000] {logging_mixin.py:188} INFO - [2025-12-06T09:30:51.019+0000] {dag.py:3036} INFO - Sync 1 DAGs
[2025-12-06T09:30:51.038+0000] {logging_mixin.py:188} INFO - [2025-12-06T09:30:51.037+0000] {dag.py:3823} INFO - Setting next_dagrun for example_params_ui_tutorial to None, run_after=None
[2025-12-06T09:30:51.072+0000] {processor.py:183} INFO - Processing /home/airflow/.local/lib/python3.8/site-packages/airflow/example_dags/example_params_ui_tutorial.py took 0.161 seconds
[2025-12-06T09:31:21.158+0000] {processor.py:161} INFO - Started process (PID=4189) to work on /home/airflow/.local/lib/python3.8/site-packages/airflow/example_dags/example_params_ui_tutorial.py
[2025-12-06T09:31:21.160+0000] {processor.py:830} INFO - Processing file /home/airflow/.local/lib/python3.8/site-packages/airflow/example_dags/example_params_ui_tutorial.py for tasks to queue
[2025-12-06T09:31:21.162+0000] {logging_mixin.py:188} INFO - [2025-12-06T09:31:21.162+0000] {dagbag.py:538} INFO - Filling up the DagBag from /home/airflow/.local/lib/python3.8/site-packages/airflow/example_dags/example_params_ui_tutorial.py
[2025-12-06T09:31:21.178+0000] {processor.py:840} INFO - DAG(s) 'example_params_ui_tutorial' retrieved from /home/airflow/.local/lib/python3.8/site-packages/airflow/example_dags/example_params_ui_tutorial.py
[2025-12-06T09:31:21.255+0000] {logging_mixin.py:188} INFO - [2025-12-06T09:31:21.255+0000] {dag.py:3036} INFO - Sync 1 DAGs
[2025-12-06T09:31:21.271+0000] {logging_mixin.py:188} INFO - [2025-12-06T09:31:21.271+0000] {dag.py:3823} INFO - Setting next_dagrun for example_params_ui_tutorial to None, run_after=None
[2025-12-06T09:31:21.303+0000] {processor.py:183} INFO - Processing /home/airflow/.local/lib/python3.8/site-packages/airflow/example_dags/example_params_ui_tutorial.py took 0.150 seconds
[2025-12-06T09:31:51.493+0000] {processor.py:161} INFO - Started process (PID=4248) to work on /home/airflow/.local/lib/python3.8/site-packages/airflow/example_dags/example_params_ui_tutorial.py
[2025-12-06T09:31:51.495+0000] {processor.py:830} INFO - Processing file /home/airflow/.local/lib/python3.8/site-packages/airflow/example_dags/example_params_ui_tutorial.py for tasks to queue
[2025-12-06T09:31:51.498+0000] {logging_mixin.py:188} INFO - [2025-12-06T09:31:51.497+0000] {dagbag.py:538} INFO - Filling up the DagBag from /home/airflow/.local/lib/python3.8/site-packages/airflow/example_dags/example_params_ui_tutorial.py
[2025-12-06T09:31:51.515+0000] {processor.py:840} INFO - DAG(s) 'example_params_ui_tutorial' retrieved from /home/airflow/.local/lib/python3.8/site-packages/airflow/example_dags/example_params_ui_tutorial.py
[2025-12-06T09:31:51.601+0000] {logging_mixin.py:188} INFO - [2025-12-06T09:31:51.601+0000] {dag.py:3036} INFO - Sync 1 DAGs
[2025-12-06T09:31:51.619+0000] {logging_mixin.py:188} INFO - [2025-12-06T09:31:51.618+0000] {dag.py:3823} INFO - Setting next_dagrun for example_params_ui_tutorial to None, run_after=None
[2025-12-06T09:31:51.655+0000] {processor.py:183} INFO - Processing /home/airflow/.local/lib/python3.8/site-packages/airflow/example_dags/example_params_ui_tutorial.py took 0.167 seconds
[2025-12-06T09:32:21.756+0000] {processor.py:161} INFO - Started process (PID=4307) to work on /home/airflow/.local/lib/python3.8/site-packages/airflow/example_dags/example_params_ui_tutorial.py
[2025-12-06T09:32:21.758+0000] {processor.py:830} INFO - Processing file /home/airflow/.local/lib/python3.8/site-packages/airflow/example_dags/example_params_ui_tutorial.py for tasks to queue
[2025-12-06T09:32:21.761+0000] {logging_mixin.py:188} INFO - [2025-12-06T09:32:21.760+0000] {dagbag.py:538} INFO - Filling up the DagBag from /home/airflow/.local/lib/python3.8/site-packages/airflow/example_dags/example_params_ui_tutorial.py
[2025-12-06T09:32:21.777+0000] {processor.py:840} INFO - DAG(s) 'example_params_ui_tutorial' retrieved from /home/airflow/.local/lib/python3.8/site-packages/airflow/example_dags/example_params_ui_tutorial.py
[2025-12-06T09:32:21.853+0000] {logging_mixin.py:188} INFO - [2025-12-06T09:32:21.853+0000] {dag.py:3036} INFO - Sync 1 DAGs
[2025-12-06T09:32:21.870+0000] {logging_mixin.py:188} INFO - [2025-12-06T09:32:21.870+0000] {dag.py:3823} INFO - Setting next_dagrun for example_params_ui_tutorial to None, run_after=None
[2025-12-06T09:32:21.900+0000] {processor.py:183} INFO - Processing /home/airflow/.local/lib/python3.8/site-packages/airflow/example_dags/example_params_ui_tutorial.py took 0.149 seconds
[2025-12-06T09:32:51.959+0000] {processor.py:161} INFO - Started process (PID=4366) to work on /home/airflow/.local/lib/python3.8/site-packages/airflow/example_dags/example_params_ui_tutorial.py
[2025-12-06T09:32:51.960+0000] {processor.py:830} INFO - Processing file /home/airflow/.local/lib/python3.8/site-packages/airflow/example_dags/example_params_ui_tutorial.py for tasks to queue
[2025-12-06T09:32:51.963+0000] {logging_mixin.py:188} INFO - [2025-12-06T09:32:51.963+0000] {dagbag.py:538} INFO - Filling up the DagBag from /home/airflow/.local/lib/python3.8/site-packages/airflow/example_dags/example_params_ui_tutorial.py
[2025-12-06T09:32:51.979+0000] {processor.py:840} INFO - DAG(s) 'example_params_ui_tutorial' retrieved from /home/airflow/.local/lib/python3.8/site-packages/airflow/example_dags/example_params_ui_tutorial.py
[2025-12-06T09:32:52.049+0000] {logging_mixin.py:188} INFO - [2025-12-06T09:32:52.049+0000] {dag.py:3036} INFO - Sync 1 DAGs
[2025-12-06T09:32:52.065+0000] {logging_mixin.py:188} INFO - [2025-12-06T09:32:52.065+0000] {dag.py:3823} INFO - Setting next_dagrun for example_params_ui_tutorial to None, run_after=None
[2025-12-06T09:32:52.099+0000] {processor.py:183} INFO - Processing /home/airflow/.local/lib/python3.8/site-packages/airflow/example_dags/example_params_ui_tutorial.py took 0.145 seconds
[2025-12-06T09:33:22.147+0000] {processor.py:161} INFO - Started process (PID=4425) to work on /home/airflow/.local/lib/python3.8/site-packages/airflow/example_dags/example_params_ui_tutorial.py
[2025-12-06T09:33:22.149+0000] {processor.py:830} INFO - Processing file /home/airflow/.local/lib/python3.8/site-packages/airflow/example_dags/example_params_ui_tutorial.py for tasks to queue
[2025-12-06T09:33:22.153+0000] {logging_mixin.py:188} INFO - [2025-12-06T09:33:22.152+0000] {dagbag.py:538} INFO - Filling up the DagBag from /home/airflow/.local/lib/python3.8/site-packages/airflow/example_dags/example_params_ui_tutorial.py
[2025-12-06T09:33:22.170+0000] {processor.py:840} INFO - DAG(s) 'example_params_ui_tutorial' retrieved from /home/airflow/.local/lib/python3.8/site-packages/airflow/example_dags/example_params_ui_tutorial.py
[2025-12-06T09:33:22.251+0000] {logging_mixin.py:188} INFO - [2025-12-06T09:33:22.251+0000] {dag.py:3036} INFO - Sync 1 DAGs
[2025-12-06T09:33:22.269+0000] {logging_mixin.py:188} INFO - [2025-12-06T09:33:22.269+0000] {dag.py:3823} INFO - Setting next_dagrun for example_params_ui_tutorial to None, run_after=None
[2025-12-06T09:33:22.303+0000] {processor.py:183} INFO - Processing /home/airflow/.local/lib/python3.8/site-packages/airflow/example_dags/example_params_ui_tutorial.py took 0.160 seconds
[2025-12-06T09:33:52.417+0000] {processor.py:161} INFO - Started process (PID=4484) to work on /home/airflow/.local/lib/python3.8/site-packages/airflow/example_dags/example_params_ui_tutorial.py
[2025-12-06T09:33:52.419+0000] {processor.py:830} INFO - Processing file /home/airflow/.local/lib/python3.8/site-packages/airflow/example_dags/example_params_ui_tutorial.py for tasks to queue
[2025-12-06T09:33:52.422+0000] {logging_mixin.py:188} INFO - [2025-12-06T09:33:52.422+0000] {dagbag.py:538} INFO - Filling up the DagBag from /home/airflow/.local/lib/python3.8/site-packages/airflow/example_dags/example_params_ui_tutorial.py
[2025-12-06T09:33:52.438+0000] {processor.py:840} INFO - DAG(s) 'example_params_ui_tutorial' retrieved from /home/airflow/.local/lib/python3.8/site-packages/airflow/example_dags/example_params_ui_tutorial.py
[2025-12-06T09:33:52.512+0000] {logging_mixin.py:188} INFO - [2025-12-06T09:33:52.511+0000] {dag.py:3036} INFO - Sync 1 DAGs
[2025-12-06T09:33:52.526+0000] {logging_mixin.py:188} INFO - [2025-12-06T09:33:52.526+0000] {dag.py:3823} INFO - Setting next_dagrun for example_params_ui_tutorial to None, run_after=None
[2025-12-06T09:33:52.557+0000] {processor.py:183} INFO - Processing /home/airflow/.local/lib/python3.8/site-packages/airflow/example_dags/example_params_ui_tutorial.py took 0.143 seconds
[2025-12-06T09:34:22.636+0000] {processor.py:161} INFO - Started process (PID=4543) to work on /home/airflow/.local/lib/python3.8/site-packages/airflow/example_dags/example_params_ui_tutorial.py
[2025-12-06T09:34:22.637+0000] {processor.py:830} INFO - Processing file /home/airflow/.local/lib/python3.8/site-packages/airflow/example_dags/example_params_ui_tutorial.py for tasks to queue
[2025-12-06T09:34:22.640+0000] {logging_mixin.py:188} INFO - [2025-12-06T09:34:22.640+0000] {dagbag.py:538} INFO - Filling up the DagBag from /home/airflow/.local/lib/python3.8/site-packages/airflow/example_dags/example_params_ui_tutorial.py
[2025-12-06T09:34:22.658+0000] {processor.py:840} INFO - DAG(s) 'example_params_ui_tutorial' retrieved from /home/airflow/.local/lib/python3.8/site-packages/airflow/example_dags/example_params_ui_tutorial.py
[2025-12-06T09:34:22.729+0000] {logging_mixin.py:188} INFO - [2025-12-06T09:34:22.729+0000] {dag.py:3036} INFO - Sync 1 DAGs
[2025-12-06T09:34:22.745+0000] {logging_mixin.py:188} INFO - [2025-12-06T09:34:22.745+0000] {dag.py:3823} INFO - Setting next_dagrun for example_params_ui_tutorial to None, run_after=None
[2025-12-06T09:34:22.774+0000] {processor.py:183} INFO - Processing /home/airflow/.local/lib/python3.8/site-packages/airflow/example_dags/example_params_ui_tutorial.py took 0.141 seconds
[2025-12-06T09:34:52.873+0000] {processor.py:161} INFO - Started process (PID=4602) to work on /home/airflow/.local/lib/python3.8/site-packages/airflow/example_dags/example_params_ui_tutorial.py
[2025-12-06T09:34:52.875+0000] {processor.py:830} INFO - Processing file /home/airflow/.local/lib/python3.8/site-packages/airflow/example_dags/example_params_ui_tutorial.py for tasks to queue
[2025-12-06T09:34:52.878+0000] {logging_mixin.py:188} INFO - [2025-12-06T09:34:52.878+0000] {dagbag.py:538} INFO - Filling up the DagBag from /home/airflow/.local/lib/python3.8/site-packages/airflow/example_dags/example_params_ui_tutorial.py
[2025-12-06T09:34:52.894+0000] {processor.py:840} INFO - DAG(s) 'example_params_ui_tutorial' retrieved from /home/airflow/.local/lib/python3.8/site-packages/airflow/example_dags/example_params_ui_tutorial.py
[2025-12-06T09:34:52.965+0000] {logging_mixin.py:188} INFO - [2025-12-06T09:34:52.965+0000] {dag.py:3036} INFO - Sync 1 DAGs
[2025-12-06T09:34:52.979+0000] {logging_mixin.py:188} INFO - [2025-12-06T09:34:52.979+0000] {dag.py:3823} INFO - Setting next_dagrun for example_params_ui_tutorial to None, run_after=None
[2025-12-06T09:34:53.011+0000] {processor.py:183} INFO - Processing /home/airflow/.local/lib/python3.8/site-packages/airflow/example_dags/example_params_ui_tutorial.py took 0.143 seconds
[2025-12-06T09:35:23.119+0000] {processor.py:161} INFO - Started process (PID=4661) to work on /home/airflow/.local/lib/python3.8/site-packages/airflow/example_dags/example_params_ui_tutorial.py
[2025-12-06T09:35:23.121+0000] {processor.py:830} INFO - Processing file /home/airflow/.local/lib/python3.8/site-packages/airflow/example_dags/example_params_ui_tutorial.py for tasks to queue
[2025-12-06T09:35:23.123+0000] {logging_mixin.py:188} INFO - [2025-12-06T09:35:23.123+0000] {dagbag.py:538} INFO - Filling up the DagBag from /home/airflow/.local/lib/python3.8/site-packages/airflow/example_dags/example_params_ui_tutorial.py
[2025-12-06T09:35:23.139+0000] {processor.py:840} INFO - DAG(s) 'example_params_ui_tutorial' retrieved from /home/airflow/.local/lib/python3.8/site-packages/airflow/example_dags/example_params_ui_tutorial.py
[2025-12-06T09:35:23.212+0000] {logging_mixin.py:188} INFO - [2025-12-06T09:35:23.212+0000] {dag.py:3036} INFO - Sync 1 DAGs
[2025-12-06T09:35:23.229+0000] {logging_mixin.py:188} INFO - [2025-12-06T09:35:23.228+0000] {dag.py:3823} INFO - Setting next_dagrun for example_params_ui_tutorial to None, run_after=None
[2025-12-06T09:35:23.258+0000] {processor.py:183} INFO - Processing /home/airflow/.local/lib/python3.8/site-packages/airflow/example_dags/example_params_ui_tutorial.py took 0.145 seconds
[2025-12-06T09:35:53.333+0000] {processor.py:161} INFO - Started process (PID=4720) to work on /home/airflow/.local/lib/python3.8/site-packages/airflow/example_dags/example_params_ui_tutorial.py
[2025-12-06T09:35:53.334+0000] {processor.py:830} INFO - Processing file /home/airflow/.local/lib/python3.8/site-packages/airflow/example_dags/example_params_ui_tutorial.py for tasks to queue
[2025-12-06T09:35:53.337+0000] {logging_mixin.py:188} INFO - [2025-12-06T09:35:53.337+0000] {dagbag.py:538} INFO - Filling up the DagBag from /home/airflow/.local/lib/python3.8/site-packages/airflow/example_dags/example_params_ui_tutorial.py
[2025-12-06T09:35:53.351+0000] {processor.py:840} INFO - DAG(s) 'example_params_ui_tutorial' retrieved from /home/airflow/.local/lib/python3.8/site-packages/airflow/example_dags/example_params_ui_tutorial.py
[2025-12-06T09:35:53.423+0000] {logging_mixin.py:188} INFO - [2025-12-06T09:35:53.422+0000] {dag.py:3036} INFO - Sync 1 DAGs
[2025-12-06T09:35:53.438+0000] {logging_mixin.py:188} INFO - [2025-12-06T09:35:53.437+0000] {dag.py:3823} INFO - Setting next_dagrun for example_params_ui_tutorial to None, run_after=None
[2025-12-06T09:35:53.467+0000] {processor.py:183} INFO - Processing /home/airflow/.local/lib/python3.8/site-packages/airflow/example_dags/example_params_ui_tutorial.py took 0.139 seconds
[2025-12-06T09:36:23.572+0000] {processor.py:161} INFO - Started process (PID=4779) to work on /home/airflow/.local/lib/python3.8/site-packages/airflow/example_dags/example_params_ui_tutorial.py
[2025-12-06T09:36:23.574+0000] {processor.py:830} INFO - Processing file /home/airflow/.local/lib/python3.8/site-packages/airflow/example_dags/example_params_ui_tutorial.py for tasks to queue
[2025-12-06T09:36:23.576+0000] {logging_mixin.py:188} INFO - [2025-12-06T09:36:23.576+0000] {dagbag.py:538} INFO - Filling up the DagBag from /home/airflow/.local/lib/python3.8/site-packages/airflow/example_dags/example_params_ui_tutorial.py
[2025-12-06T09:36:23.590+0000] {processor.py:840} INFO - DAG(s) 'example_params_ui_tutorial' retrieved from /home/airflow/.local/lib/python3.8/site-packages/airflow/example_dags/example_params_ui_tutorial.py
[2025-12-06T09:36:23.697+0000] {logging_mixin.py:188} INFO - [2025-12-06T09:36:23.697+0000] {dag.py:3036} INFO - Sync 1 DAGs
[2025-12-06T09:36:23.717+0000] {logging_mixin.py:188} INFO - [2025-12-06T09:36:23.717+0000] {dag.py:3823} INFO - Setting next_dagrun for example_params_ui_tutorial to None, run_after=None
[2025-12-06T09:36:23.747+0000] {processor.py:183} INFO - Processing /home/airflow/.local/lib/python3.8/site-packages/airflow/example_dags/example_params_ui_tutorial.py took 0.179 seconds
[2025-12-06T09:36:53.934+0000] {processor.py:161} INFO - Started process (PID=4838) to work on /home/airflow/.local/lib/python3.8/site-packages/airflow/example_dags/example_params_ui_tutorial.py
[2025-12-06T09:36:53.935+0000] {processor.py:830} INFO - Processing file /home/airflow/.local/lib/python3.8/site-packages/airflow/example_dags/example_params_ui_tutorial.py for tasks to queue
[2025-12-06T09:36:53.939+0000] {logging_mixin.py:188} INFO - [2025-12-06T09:36:53.938+0000] {dagbag.py:538} INFO - Filling up the DagBag from /home/airflow/.local/lib/python3.8/site-packages/airflow/example_dags/example_params_ui_tutorial.py
[2025-12-06T09:36:53.957+0000] {processor.py:840} INFO - DAG(s) 'example_params_ui_tutorial' retrieved from /home/airflow/.local/lib/python3.8/site-packages/airflow/example_dags/example_params_ui_tutorial.py
[2025-12-06T09:36:54.034+0000] {logging_mixin.py:188} INFO - [2025-12-06T09:36:54.034+0000] {dag.py:3036} INFO - Sync 1 DAGs
[2025-12-06T09:36:54.051+0000] {logging_mixin.py:188} INFO - [2025-12-06T09:36:54.051+0000] {dag.py:3823} INFO - Setting next_dagrun for example_params_ui_tutorial to None, run_after=None
[2025-12-06T09:36:54.082+0000] {processor.py:183} INFO - Processing /home/airflow/.local/lib/python3.8/site-packages/airflow/example_dags/example_params_ui_tutorial.py took 0.153 seconds
[2025-12-06T09:37:24.173+0000] {processor.py:161} INFO - Started process (PID=4897) to work on /home/airflow/.local/lib/python3.8/site-packages/airflow/example_dags/example_params_ui_tutorial.py
[2025-12-06T09:37:24.176+0000] {processor.py:830} INFO - Processing file /home/airflow/.local/lib/python3.8/site-packages/airflow/example_dags/example_params_ui_tutorial.py for tasks to queue
[2025-12-06T09:37:24.179+0000] {logging_mixin.py:188} INFO - [2025-12-06T09:37:24.178+0000] {dagbag.py:538} INFO - Filling up the DagBag from /home/airflow/.local/lib/python3.8/site-packages/airflow/example_dags/example_params_ui_tutorial.py
[2025-12-06T09:37:24.198+0000] {processor.py:840} INFO - DAG(s) 'example_params_ui_tutorial' retrieved from /home/airflow/.local/lib/python3.8/site-packages/airflow/example_dags/example_params_ui_tutorial.py
[2025-12-06T09:37:24.275+0000] {logging_mixin.py:188} INFO - [2025-12-06T09:37:24.274+0000] {dag.py:3036} INFO - Sync 1 DAGs
[2025-12-06T09:37:24.291+0000] {logging_mixin.py:188} INFO - [2025-12-06T09:37:24.291+0000] {dag.py:3823} INFO - Setting next_dagrun for example_params_ui_tutorial to None, run_after=None
[2025-12-06T09:37:24.323+0000] {processor.py:183} INFO - Processing /home/airflow/.local/lib/python3.8/site-packages/airflow/example_dags/example_params_ui_tutorial.py took 0.154 seconds
[2025-12-06T09:37:54.534+0000] {processor.py:161} INFO - Started process (PID=4956) to work on /home/airflow/.local/lib/python3.8/site-packages/airflow/example_dags/example_params_ui_tutorial.py
[2025-12-06T09:37:54.535+0000] {processor.py:830} INFO - Processing file /home/airflow/.local/lib/python3.8/site-packages/airflow/example_dags/example_params_ui_tutorial.py for tasks to queue
[2025-12-06T09:37:54.538+0000] {logging_mixin.py:188} INFO - [2025-12-06T09:37:54.538+0000] {dagbag.py:538} INFO - Filling up the DagBag from /home/airflow/.local/lib/python3.8/site-packages/airflow/example_dags/example_params_ui_tutorial.py
[2025-12-06T09:37:54.554+0000] {processor.py:840} INFO - DAG(s) 'example_params_ui_tutorial' retrieved from /home/airflow/.local/lib/python3.8/site-packages/airflow/example_dags/example_params_ui_tutorial.py
[2025-12-06T09:37:54.628+0000] {logging_mixin.py:188} INFO - [2025-12-06T09:37:54.628+0000] {dag.py:3036} INFO - Sync 1 DAGs
[2025-12-06T09:37:54.647+0000] {logging_mixin.py:188} INFO - [2025-12-06T09:37:54.647+0000] {dag.py:3823} INFO - Setting next_dagrun for example_params_ui_tutorial to None, run_after=None
[2025-12-06T09:37:54.681+0000] {processor.py:183} INFO - Processing /home/airflow/.local/lib/python3.8/site-packages/airflow/example_dags/example_params_ui_tutorial.py took 0.153 seconds
[2025-12-06T09:38:25.188+0000] {processor.py:161} INFO - Started process (PID=5015) to work on /home/airflow/.local/lib/python3.8/site-packages/airflow/example_dags/example_params_ui_tutorial.py
[2025-12-06T09:38:25.189+0000] {processor.py:830} INFO - Processing file /home/airflow/.local/lib/python3.8/site-packages/airflow/example_dags/example_params_ui_tutorial.py for tasks to queue
[2025-12-06T09:38:25.193+0000] {logging_mixin.py:188} INFO - [2025-12-06T09:38:25.192+0000] {dagbag.py:538} INFO - Filling up the DagBag from /home/airflow/.local/lib/python3.8/site-packages/airflow/example_dags/example_params_ui_tutorial.py
[2025-12-06T09:38:25.209+0000] {processor.py:840} INFO - DAG(s) 'example_params_ui_tutorial' retrieved from /home/airflow/.local/lib/python3.8/site-packages/airflow/example_dags/example_params_ui_tutorial.py
[2025-12-06T09:38:25.292+0000] {logging_mixin.py:188} INFO - [2025-12-06T09:38:25.292+0000] {dag.py:3036} INFO - Sync 1 DAGs
[2025-12-06T09:38:25.310+0000] {logging_mixin.py:188} INFO - [2025-12-06T09:38:25.309+0000] {dag.py:3823} INFO - Setting next_dagrun for example_params_ui_tutorial to None, run_after=None
[2025-12-06T09:38:25.344+0000] {processor.py:183} INFO - Processing /home/airflow/.local/lib/python3.8/site-packages/airflow/example_dags/example_params_ui_tutorial.py took 0.161 seconds
[2025-12-06T09:38:55.806+0000] {processor.py:161} INFO - Started process (PID=5074) to work on /home/airflow/.local/lib/python3.8/site-packages/airflow/example_dags/example_params_ui_tutorial.py
[2025-12-06T09:38:55.807+0000] {processor.py:830} INFO - Processing file /home/airflow/.local/lib/python3.8/site-packages/airflow/example_dags/example_params_ui_tutorial.py for tasks to queue
[2025-12-06T09:38:55.811+0000] {logging_mixin.py:188} INFO - [2025-12-06T09:38:55.810+0000] {dagbag.py:538} INFO - Filling up the DagBag from /home/airflow/.local/lib/python3.8/site-packages/airflow/example_dags/example_params_ui_tutorial.py
[2025-12-06T09:38:55.827+0000] {processor.py:840} INFO - DAG(s) 'example_params_ui_tutorial' retrieved from /home/airflow/.local/lib/python3.8/site-packages/airflow/example_dags/example_params_ui_tutorial.py
[2025-12-06T09:38:55.910+0000] {logging_mixin.py:188} INFO - [2025-12-06T09:38:55.910+0000] {dag.py:3036} INFO - Sync 1 DAGs
[2025-12-06T09:38:55.928+0000] {logging_mixin.py:188} INFO - [2025-12-06T09:38:55.928+0000] {dag.py:3823} INFO - Setting next_dagrun for example_params_ui_tutorial to None, run_after=None
[2025-12-06T09:38:55.960+0000] {processor.py:183} INFO - Processing /home/airflow/.local/lib/python3.8/site-packages/airflow/example_dags/example_params_ui_tutorial.py took 0.159 seconds
[2025-12-06T09:39:26.358+0000] {processor.py:161} INFO - Started process (PID=5133) to work on /home/airflow/.local/lib/python3.8/site-packages/airflow/example_dags/example_params_ui_tutorial.py
[2025-12-06T09:39:26.360+0000] {processor.py:830} INFO - Processing file /home/airflow/.local/lib/python3.8/site-packages/airflow/example_dags/example_params_ui_tutorial.py for tasks to queue
[2025-12-06T09:39:26.363+0000] {logging_mixin.py:188} INFO - [2025-12-06T09:39:26.363+0000] {dagbag.py:538} INFO - Filling up the DagBag from /home/airflow/.local/lib/python3.8/site-packages/airflow/example_dags/example_params_ui_tutorial.py
[2025-12-06T09:39:26.380+0000] {processor.py:840} INFO - DAG(s) 'example_params_ui_tutorial' retrieved from /home/airflow/.local/lib/python3.8/site-packages/airflow/example_dags/example_params_ui_tutorial.py
[2025-12-06T09:39:26.471+0000] {logging_mixin.py:188} INFO - [2025-12-06T09:39:26.470+0000] {dag.py:3036} INFO - Sync 1 DAGs
[2025-12-06T09:39:26.488+0000] {logging_mixin.py:188} INFO - [2025-12-06T09:39:26.487+0000] {dag.py:3823} INFO - Setting next_dagrun for example_params_ui_tutorial to None, run_after=None
[2025-12-06T09:39:26.522+0000] {processor.py:183} INFO - Processing /home/airflow/.local/lib/python3.8/site-packages/airflow/example_dags/example_params_ui_tutorial.py took 0.169 seconds
[2025-12-06T09:39:56.890+0000] {processor.py:161} INFO - Started process (PID=5192) to work on /home/airflow/.local/lib/python3.8/site-packages/airflow/example_dags/example_params_ui_tutorial.py
[2025-12-06T09:39:56.891+0000] {processor.py:830} INFO - Processing file /home/airflow/.local/lib/python3.8/site-packages/airflow/example_dags/example_params_ui_tutorial.py for tasks to queue
[2025-12-06T09:39:56.894+0000] {logging_mixin.py:188} INFO - [2025-12-06T09:39:56.894+0000] {dagbag.py:538} INFO - Filling up the DagBag from /home/airflow/.local/lib/python3.8/site-packages/airflow/example_dags/example_params_ui_tutorial.py
[2025-12-06T09:39:56.913+0000] {processor.py:840} INFO - DAG(s) 'example_params_ui_tutorial' retrieved from /home/airflow/.local/lib/python3.8/site-packages/airflow/example_dags/example_params_ui_tutorial.py
[2025-12-06T09:39:56.985+0000] {logging_mixin.py:188} INFO - [2025-12-06T09:39:56.985+0000] {dag.py:3036} INFO - Sync 1 DAGs
[2025-12-06T09:39:57.002+0000] {logging_mixin.py:188} INFO - [2025-12-06T09:39:57.002+0000] {dag.py:3823} INFO - Setting next_dagrun for example_params_ui_tutorial to None, run_after=None
[2025-12-06T09:39:57.036+0000] {processor.py:183} INFO - Processing /home/airflow/.local/lib/python3.8/site-packages/airflow/example_dags/example_params_ui_tutorial.py took 0.150 seconds
[2025-12-06T09:40:27.418+0000] {processor.py:161} INFO - Started process (PID=5251) to work on /home/airflow/.local/lib/python3.8/site-packages/airflow/example_dags/example_params_ui_tutorial.py
[2025-12-06T09:40:27.420+0000] {processor.py:830} INFO - Processing file /home/airflow/.local/lib/python3.8/site-packages/airflow/example_dags/example_params_ui_tutorial.py for tasks to queue
[2025-12-06T09:40:27.424+0000] {logging_mixin.py:188} INFO - [2025-12-06T09:40:27.424+0000] {dagbag.py:538} INFO - Filling up the DagBag from /home/airflow/.local/lib/python3.8/site-packages/airflow/example_dags/example_params_ui_tutorial.py
[2025-12-06T09:40:27.442+0000] {processor.py:840} INFO - DAG(s) 'example_params_ui_tutorial' retrieved from /home/airflow/.local/lib/python3.8/site-packages/airflow/example_dags/example_params_ui_tutorial.py
[2025-12-06T09:40:27.524+0000] {logging_mixin.py:188} INFO - [2025-12-06T09:40:27.524+0000] {dag.py:3036} INFO - Sync 1 DAGs
[2025-12-06T09:40:27.540+0000] {logging_mixin.py:188} INFO - [2025-12-06T09:40:27.540+0000] {dag.py:3823} INFO - Setting next_dagrun for example_params_ui_tutorial to None, run_after=None
[2025-12-06T09:40:27.570+0000] {processor.py:183} INFO - Processing /home/airflow/.local/lib/python3.8/site-packages/airflow/example_dags/example_params_ui_tutorial.py took 0.157 seconds
[2025-12-06T09:40:58.073+0000] {processor.py:161} INFO - Started process (PID=5310) to work on /home/airflow/.local/lib/python3.8/site-packages/airflow/example_dags/example_params_ui_tutorial.py
[2025-12-06T09:40:58.076+0000] {processor.py:830} INFO - Processing file /home/airflow/.local/lib/python3.8/site-packages/airflow/example_dags/example_params_ui_tutorial.py for tasks to queue
[2025-12-06T09:40:58.082+0000] {logging_mixin.py:188} INFO - [2025-12-06T09:40:58.081+0000] {dagbag.py:538} INFO - Filling up the DagBag from /home/airflow/.local/lib/python3.8/site-packages/airflow/example_dags/example_params_ui_tutorial.py
[2025-12-06T09:40:58.099+0000] {processor.py:840} INFO - DAG(s) 'example_params_ui_tutorial' retrieved from /home/airflow/.local/lib/python3.8/site-packages/airflow/example_dags/example_params_ui_tutorial.py
[2025-12-06T09:40:58.183+0000] {logging_mixin.py:188} INFO - [2025-12-06T09:40:58.183+0000] {dag.py:3036} INFO - Sync 1 DAGs
[2025-12-06T09:40:58.201+0000] {logging_mixin.py:188} INFO - [2025-12-06T09:40:58.201+0000] {dag.py:3823} INFO - Setting next_dagrun for example_params_ui_tutorial to None, run_after=None
[2025-12-06T09:40:58.235+0000] {processor.py:183} INFO - Processing /home/airflow/.local/lib/python3.8/site-packages/airflow/example_dags/example_params_ui_tutorial.py took 0.166 seconds
[2025-12-06T09:41:28.350+0000] {processor.py:161} INFO - Started process (PID=5369) to work on /home/airflow/.local/lib/python3.8/site-packages/airflow/example_dags/example_params_ui_tutorial.py
[2025-12-06T09:41:28.352+0000] {processor.py:830} INFO - Processing file /home/airflow/.local/lib/python3.8/site-packages/airflow/example_dags/example_params_ui_tutorial.py for tasks to queue
[2025-12-06T09:41:28.355+0000] {logging_mixin.py:188} INFO - [2025-12-06T09:41:28.355+0000] {dagbag.py:538} INFO - Filling up the DagBag from /home/airflow/.local/lib/python3.8/site-packages/airflow/example_dags/example_params_ui_tutorial.py
[2025-12-06T09:41:28.373+0000] {processor.py:840} INFO - DAG(s) 'example_params_ui_tutorial' retrieved from /home/airflow/.local/lib/python3.8/site-packages/airflow/example_dags/example_params_ui_tutorial.py
[2025-12-06T09:41:28.452+0000] {logging_mixin.py:188} INFO - [2025-12-06T09:41:28.452+0000] {dag.py:3036} INFO - Sync 1 DAGs
[2025-12-06T09:41:28.470+0000] {logging_mixin.py:188} INFO - [2025-12-06T09:41:28.469+0000] {dag.py:3823} INFO - Setting next_dagrun for example_params_ui_tutorial to None, run_after=None
[2025-12-06T09:41:28.502+0000] {processor.py:183} INFO - Processing /home/airflow/.local/lib/python3.8/site-packages/airflow/example_dags/example_params_ui_tutorial.py took 0.156 seconds
[2025-12-06T09:41:58.856+0000] {processor.py:161} INFO - Started process (PID=5428) to work on /home/airflow/.local/lib/python3.8/site-packages/airflow/example_dags/example_params_ui_tutorial.py
[2025-12-06T09:41:58.858+0000] {processor.py:830} INFO - Processing file /home/airflow/.local/lib/python3.8/site-packages/airflow/example_dags/example_params_ui_tutorial.py for tasks to queue
[2025-12-06T09:41:58.862+0000] {logging_mixin.py:188} INFO - [2025-12-06T09:41:58.861+0000] {dagbag.py:538} INFO - Filling up the DagBag from /home/airflow/.local/lib/python3.8/site-packages/airflow/example_dags/example_params_ui_tutorial.py
[2025-12-06T09:41:58.880+0000] {processor.py:840} INFO - DAG(s) 'example_params_ui_tutorial' retrieved from /home/airflow/.local/lib/python3.8/site-packages/airflow/example_dags/example_params_ui_tutorial.py
[2025-12-06T09:41:58.961+0000] {logging_mixin.py:188} INFO - [2025-12-06T09:41:58.961+0000] {dag.py:3036} INFO - Sync 1 DAGs
[2025-12-06T09:41:58.982+0000] {logging_mixin.py:188} INFO - [2025-12-06T09:41:58.981+0000] {dag.py:3823} INFO - Setting next_dagrun for example_params_ui_tutorial to None, run_after=None
[2025-12-06T09:41:59.014+0000] {processor.py:183} INFO - Processing /home/airflow/.local/lib/python3.8/site-packages/airflow/example_dags/example_params_ui_tutorial.py took 0.163 seconds
[2025-12-06T09:42:29.046+0000] {processor.py:161} INFO - Started process (PID=5487) to work on /home/airflow/.local/lib/python3.8/site-packages/airflow/example_dags/example_params_ui_tutorial.py
[2025-12-06T09:42:29.047+0000] {processor.py:830} INFO - Processing file /home/airflow/.local/lib/python3.8/site-packages/airflow/example_dags/example_params_ui_tutorial.py for tasks to queue
[2025-12-06T09:42:29.049+0000] {logging_mixin.py:188} INFO - [2025-12-06T09:42:29.049+0000] {dagbag.py:538} INFO - Filling up the DagBag from /home/airflow/.local/lib/python3.8/site-packages/airflow/example_dags/example_params_ui_tutorial.py
[2025-12-06T09:42:29.064+0000] {processor.py:840} INFO - DAG(s) 'example_params_ui_tutorial' retrieved from /home/airflow/.local/lib/python3.8/site-packages/airflow/example_dags/example_params_ui_tutorial.py
[2025-12-06T09:42:29.139+0000] {logging_mixin.py:188} INFO - [2025-12-06T09:42:29.139+0000] {dag.py:3036} INFO - Sync 1 DAGs
[2025-12-06T09:42:29.155+0000] {logging_mixin.py:188} INFO - [2025-12-06T09:42:29.154+0000] {dag.py:3823} INFO - Setting next_dagrun for example_params_ui_tutorial to None, run_after=None
[2025-12-06T09:42:29.184+0000] {processor.py:183} INFO - Processing /home/airflow/.local/lib/python3.8/site-packages/airflow/example_dags/example_params_ui_tutorial.py took 0.143 seconds
[2025-12-06T09:42:59.247+0000] {processor.py:161} INFO - Started process (PID=5546) to work on /home/airflow/.local/lib/python3.8/site-packages/airflow/example_dags/example_params_ui_tutorial.py
[2025-12-06T09:42:59.248+0000] {processor.py:830} INFO - Processing file /home/airflow/.local/lib/python3.8/site-packages/airflow/example_dags/example_params_ui_tutorial.py for tasks to queue
[2025-12-06T09:42:59.251+0000] {logging_mixin.py:188} INFO - [2025-12-06T09:42:59.250+0000] {dagbag.py:538} INFO - Filling up the DagBag from /home/airflow/.local/lib/python3.8/site-packages/airflow/example_dags/example_params_ui_tutorial.py
[2025-12-06T09:42:59.266+0000] {processor.py:840} INFO - DAG(s) 'example_params_ui_tutorial' retrieved from /home/airflow/.local/lib/python3.8/site-packages/airflow/example_dags/example_params_ui_tutorial.py
[2025-12-06T09:42:59.337+0000] {logging_mixin.py:188} INFO - [2025-12-06T09:42:59.336+0000] {dag.py:3036} INFO - Sync 1 DAGs
[2025-12-06T09:42:59.352+0000] {logging_mixin.py:188} INFO - [2025-12-06T09:42:59.351+0000] {dag.py:3823} INFO - Setting next_dagrun for example_params_ui_tutorial to None, run_after=None
[2025-12-06T09:42:59.382+0000] {processor.py:183} INFO - Processing /home/airflow/.local/lib/python3.8/site-packages/airflow/example_dags/example_params_ui_tutorial.py took 0.140 seconds
[2025-12-06T09:43:29.584+0000] {processor.py:161} INFO - Started process (PID=5605) to work on /home/airflow/.local/lib/python3.8/site-packages/airflow/example_dags/example_params_ui_tutorial.py
[2025-12-06T09:43:29.586+0000] {processor.py:830} INFO - Processing file /home/airflow/.local/lib/python3.8/site-packages/airflow/example_dags/example_params_ui_tutorial.py for tasks to queue
[2025-12-06T09:43:29.588+0000] {logging_mixin.py:188} INFO - [2025-12-06T09:43:29.588+0000] {dagbag.py:538} INFO - Filling up the DagBag from /home/airflow/.local/lib/python3.8/site-packages/airflow/example_dags/example_params_ui_tutorial.py
[2025-12-06T09:43:29.604+0000] {processor.py:840} INFO - DAG(s) 'example_params_ui_tutorial' retrieved from /home/airflow/.local/lib/python3.8/site-packages/airflow/example_dags/example_params_ui_tutorial.py
[2025-12-06T09:43:29.684+0000] {logging_mixin.py:188} INFO - [2025-12-06T09:43:29.684+0000] {dag.py:3036} INFO - Sync 1 DAGs
[2025-12-06T09:43:29.700+0000] {logging_mixin.py:188} INFO - [2025-12-06T09:43:29.700+0000] {dag.py:3823} INFO - Setting next_dagrun for example_params_ui_tutorial to None, run_after=None
[2025-12-06T09:43:29.734+0000] {processor.py:183} INFO - Processing /home/airflow/.local/lib/python3.8/site-packages/airflow/example_dags/example_params_ui_tutorial.py took 0.154 seconds
[2025-12-06T09:43:59.763+0000] {processor.py:161} INFO - Started process (PID=5664) to work on /home/airflow/.local/lib/python3.8/site-packages/airflow/example_dags/example_params_ui_tutorial.py
[2025-12-06T09:43:59.765+0000] {processor.py:830} INFO - Processing file /home/airflow/.local/lib/python3.8/site-packages/airflow/example_dags/example_params_ui_tutorial.py for tasks to queue
[2025-12-06T09:43:59.768+0000] {logging_mixin.py:188} INFO - [2025-12-06T09:43:59.767+0000] {dagbag.py:538} INFO - Filling up the DagBag from /home/airflow/.local/lib/python3.8/site-packages/airflow/example_dags/example_params_ui_tutorial.py
[2025-12-06T09:43:59.785+0000] {processor.py:840} INFO - DAG(s) 'example_params_ui_tutorial' retrieved from /home/airflow/.local/lib/python3.8/site-packages/airflow/example_dags/example_params_ui_tutorial.py
[2025-12-06T09:43:59.860+0000] {logging_mixin.py:188} INFO - [2025-12-06T09:43:59.859+0000] {dag.py:3036} INFO - Sync 1 DAGs
[2025-12-06T09:43:59.875+0000] {logging_mixin.py:188} INFO - [2025-12-06T09:43:59.875+0000] {dag.py:3823} INFO - Setting next_dagrun for example_params_ui_tutorial to None, run_after=None
[2025-12-06T09:43:59.906+0000] {processor.py:183} INFO - Processing /home/airflow/.local/lib/python3.8/site-packages/airflow/example_dags/example_params_ui_tutorial.py took 0.150 seconds
[2025-12-06T09:44:30.197+0000] {processor.py:161} INFO - Started process (PID=5723) to work on /home/airflow/.local/lib/python3.8/site-packages/airflow/example_dags/example_params_ui_tutorial.py
[2025-12-06T09:44:30.199+0000] {processor.py:830} INFO - Processing file /home/airflow/.local/lib/python3.8/site-packages/airflow/example_dags/example_params_ui_tutorial.py for tasks to queue
[2025-12-06T09:44:30.201+0000] {logging_mixin.py:188} INFO - [2025-12-06T09:44:30.201+0000] {dagbag.py:538} INFO - Filling up the DagBag from /home/airflow/.local/lib/python3.8/site-packages/airflow/example_dags/example_params_ui_tutorial.py
[2025-12-06T09:44:30.218+0000] {processor.py:840} INFO - DAG(s) 'example_params_ui_tutorial' retrieved from /home/airflow/.local/lib/python3.8/site-packages/airflow/example_dags/example_params_ui_tutorial.py
[2025-12-06T09:44:30.289+0000] {logging_mixin.py:188} INFO - [2025-12-06T09:44:30.289+0000] {dag.py:3036} INFO - Sync 1 DAGs
[2025-12-06T09:44:30.307+0000] {logging_mixin.py:188} INFO - [2025-12-06T09:44:30.306+0000] {dag.py:3823} INFO - Setting next_dagrun for example_params_ui_tutorial to None, run_after=None
[2025-12-06T09:44:30.338+0000] {processor.py:183} INFO - Processing /home/airflow/.local/lib/python3.8/site-packages/airflow/example_dags/example_params_ui_tutorial.py took 0.145 seconds
[2025-12-06T09:45:00.465+0000] {processor.py:161} INFO - Started process (PID=5782) to work on /home/airflow/.local/lib/python3.8/site-packages/airflow/example_dags/example_params_ui_tutorial.py
[2025-12-06T09:45:00.467+0000] {processor.py:830} INFO - Processing file /home/airflow/.local/lib/python3.8/site-packages/airflow/example_dags/example_params_ui_tutorial.py for tasks to queue
[2025-12-06T09:45:00.470+0000] {logging_mixin.py:188} INFO - [2025-12-06T09:45:00.470+0000] {dagbag.py:538} INFO - Filling up the DagBag from /home/airflow/.local/lib/python3.8/site-packages/airflow/example_dags/example_params_ui_tutorial.py
[2025-12-06T09:45:00.489+0000] {processor.py:840} INFO - DAG(s) 'example_params_ui_tutorial' retrieved from /home/airflow/.local/lib/python3.8/site-packages/airflow/example_dags/example_params_ui_tutorial.py
[2025-12-06T09:45:00.589+0000] {logging_mixin.py:188} INFO - [2025-12-06T09:45:00.588+0000] {dag.py:3036} INFO - Sync 1 DAGs
[2025-12-06T09:45:00.604+0000] {logging_mixin.py:188} INFO - [2025-12-06T09:45:00.603+0000] {dag.py:3823} INFO - Setting next_dagrun for example_params_ui_tutorial to None, run_after=None
[2025-12-06T09:45:00.632+0000] {processor.py:183} INFO - Processing /home/airflow/.local/lib/python3.8/site-packages/airflow/example_dags/example_params_ui_tutorial.py took 0.171 seconds
[2025-12-06T09:45:30.753+0000] {processor.py:161} INFO - Started process (PID=5841) to work on /home/airflow/.local/lib/python3.8/site-packages/airflow/example_dags/example_params_ui_tutorial.py
[2025-12-06T09:45:30.755+0000] {processor.py:830} INFO - Processing file /home/airflow/.local/lib/python3.8/site-packages/airflow/example_dags/example_params_ui_tutorial.py for tasks to queue
[2025-12-06T09:45:30.758+0000] {logging_mixin.py:188} INFO - [2025-12-06T09:45:30.758+0000] {dagbag.py:538} INFO - Filling up the DagBag from /home/airflow/.local/lib/python3.8/site-packages/airflow/example_dags/example_params_ui_tutorial.py
[2025-12-06T09:45:30.774+0000] {processor.py:840} INFO - DAG(s) 'example_params_ui_tutorial' retrieved from /home/airflow/.local/lib/python3.8/site-packages/airflow/example_dags/example_params_ui_tutorial.py
[2025-12-06T09:45:30.850+0000] {logging_mixin.py:188} INFO - [2025-12-06T09:45:30.850+0000] {dag.py:3036} INFO - Sync 1 DAGs
[2025-12-06T09:45:30.866+0000] {logging_mixin.py:188} INFO - [2025-12-06T09:45:30.865+0000] {dag.py:3823} INFO - Setting next_dagrun for example_params_ui_tutorial to None, run_after=None
[2025-12-06T09:45:30.898+0000] {processor.py:183} INFO - Processing /home/airflow/.local/lib/python3.8/site-packages/airflow/example_dags/example_params_ui_tutorial.py took 0.150 seconds
[2025-12-06T09:46:01.592+0000] {processor.py:161} INFO - Started process (PID=5900) to work on /home/airflow/.local/lib/python3.8/site-packages/airflow/example_dags/example_params_ui_tutorial.py
[2025-12-06T09:46:01.593+0000] {processor.py:830} INFO - Processing file /home/airflow/.local/lib/python3.8/site-packages/airflow/example_dags/example_params_ui_tutorial.py for tasks to queue
[2025-12-06T09:46:01.596+0000] {logging_mixin.py:188} INFO - [2025-12-06T09:46:01.596+0000] {dagbag.py:538} INFO - Filling up the DagBag from /home/airflow/.local/lib/python3.8/site-packages/airflow/example_dags/example_params_ui_tutorial.py
[2025-12-06T09:46:01.613+0000] {processor.py:840} INFO - DAG(s) 'example_params_ui_tutorial' retrieved from /home/airflow/.local/lib/python3.8/site-packages/airflow/example_dags/example_params_ui_tutorial.py
[2025-12-06T09:46:01.696+0000] {logging_mixin.py:188} INFO - [2025-12-06T09:46:01.695+0000] {dag.py:3036} INFO - Sync 1 DAGs
[2025-12-06T09:46:01.713+0000] {logging_mixin.py:188} INFO - [2025-12-06T09:46:01.712+0000] {dag.py:3823} INFO - Setting next_dagrun for example_params_ui_tutorial to None, run_after=None
[2025-12-06T09:46:01.745+0000] {processor.py:183} INFO - Processing /home/airflow/.local/lib/python3.8/site-packages/airflow/example_dags/example_params_ui_tutorial.py took 0.158 seconds
[2025-12-06T09:46:31.907+0000] {processor.py:161} INFO - Started process (PID=5959) to work on /home/airflow/.local/lib/python3.8/site-packages/airflow/example_dags/example_params_ui_tutorial.py
[2025-12-06T09:46:31.909+0000] {processor.py:830} INFO - Processing file /home/airflow/.local/lib/python3.8/site-packages/airflow/example_dags/example_params_ui_tutorial.py for tasks to queue
[2025-12-06T09:46:31.911+0000] {logging_mixin.py:188} INFO - [2025-12-06T09:46:31.911+0000] {dagbag.py:538} INFO - Filling up the DagBag from /home/airflow/.local/lib/python3.8/site-packages/airflow/example_dags/example_params_ui_tutorial.py
[2025-12-06T09:46:31.928+0000] {processor.py:840} INFO - DAG(s) 'example_params_ui_tutorial' retrieved from /home/airflow/.local/lib/python3.8/site-packages/airflow/example_dags/example_params_ui_tutorial.py
[2025-12-06T09:46:32.003+0000] {logging_mixin.py:188} INFO - [2025-12-06T09:46:32.003+0000] {dag.py:3036} INFO - Sync 1 DAGs
[2025-12-06T09:46:32.019+0000] {logging_mixin.py:188} INFO - [2025-12-06T09:46:32.019+0000] {dag.py:3823} INFO - Setting next_dagrun for example_params_ui_tutorial to None, run_after=None
[2025-12-06T09:46:32.049+0000] {processor.py:183} INFO - Processing /home/airflow/.local/lib/python3.8/site-packages/airflow/example_dags/example_params_ui_tutorial.py took 0.147 seconds
[2025-12-06T09:47:02.666+0000] {processor.py:161} INFO - Started process (PID=6018) to work on /home/airflow/.local/lib/python3.8/site-packages/airflow/example_dags/example_params_ui_tutorial.py
[2025-12-06T09:47:02.668+0000] {processor.py:830} INFO - Processing file /home/airflow/.local/lib/python3.8/site-packages/airflow/example_dags/example_params_ui_tutorial.py for tasks to queue
[2025-12-06T09:47:02.672+0000] {logging_mixin.py:188} INFO - [2025-12-06T09:47:02.671+0000] {dagbag.py:538} INFO - Filling up the DagBag from /home/airflow/.local/lib/python3.8/site-packages/airflow/example_dags/example_params_ui_tutorial.py
[2025-12-06T09:47:02.690+0000] {processor.py:840} INFO - DAG(s) 'example_params_ui_tutorial' retrieved from /home/airflow/.local/lib/python3.8/site-packages/airflow/example_dags/example_params_ui_tutorial.py
[2025-12-06T09:47:02.779+0000] {logging_mixin.py:188} INFO - [2025-12-06T09:47:02.779+0000] {dag.py:3036} INFO - Sync 1 DAGs
[2025-12-06T09:47:02.802+0000] {logging_mixin.py:188} INFO - [2025-12-06T09:47:02.801+0000] {dag.py:3823} INFO - Setting next_dagrun for example_params_ui_tutorial to None, run_after=None
[2025-12-06T09:47:02.838+0000] {processor.py:183} INFO - Processing /home/airflow/.local/lib/python3.8/site-packages/airflow/example_dags/example_params_ui_tutorial.py took 0.177 seconds
[2025-12-06T09:47:33.253+0000] {processor.py:161} INFO - Started process (PID=6077) to work on /home/airflow/.local/lib/python3.8/site-packages/airflow/example_dags/example_params_ui_tutorial.py
[2025-12-06T09:47:33.254+0000] {processor.py:830} INFO - Processing file /home/airflow/.local/lib/python3.8/site-packages/airflow/example_dags/example_params_ui_tutorial.py for tasks to queue
[2025-12-06T09:47:33.257+0000] {logging_mixin.py:188} INFO - [2025-12-06T09:47:33.257+0000] {dagbag.py:538} INFO - Filling up the DagBag from /home/airflow/.local/lib/python3.8/site-packages/airflow/example_dags/example_params_ui_tutorial.py
[2025-12-06T09:47:33.273+0000] {processor.py:840} INFO - DAG(s) 'example_params_ui_tutorial' retrieved from /home/airflow/.local/lib/python3.8/site-packages/airflow/example_dags/example_params_ui_tutorial.py
[2025-12-06T09:47:33.355+0000] {logging_mixin.py:188} INFO - [2025-12-06T09:47:33.355+0000] {dag.py:3036} INFO - Sync 1 DAGs
[2025-12-06T09:47:33.373+0000] {logging_mixin.py:188} INFO - [2025-12-06T09:47:33.372+0000] {dag.py:3823} INFO - Setting next_dagrun for example_params_ui_tutorial to None, run_after=None
[2025-12-06T09:47:33.412+0000] {processor.py:183} INFO - Processing /home/airflow/.local/lib/python3.8/site-packages/airflow/example_dags/example_params_ui_tutorial.py took 0.164 seconds
[2025-12-06T09:48:03.939+0000] {processor.py:161} INFO - Started process (PID=6136) to work on /home/airflow/.local/lib/python3.8/site-packages/airflow/example_dags/example_params_ui_tutorial.py
[2025-12-06T09:48:03.941+0000] {processor.py:830} INFO - Processing file /home/airflow/.local/lib/python3.8/site-packages/airflow/example_dags/example_params_ui_tutorial.py for tasks to queue
[2025-12-06T09:48:03.945+0000] {logging_mixin.py:188} INFO - [2025-12-06T09:48:03.945+0000] {dagbag.py:538} INFO - Filling up the DagBag from /home/airflow/.local/lib/python3.8/site-packages/airflow/example_dags/example_params_ui_tutorial.py
[2025-12-06T09:48:03.962+0000] {processor.py:840} INFO - DAG(s) 'example_params_ui_tutorial' retrieved from /home/airflow/.local/lib/python3.8/site-packages/airflow/example_dags/example_params_ui_tutorial.py
[2025-12-06T09:48:04.044+0000] {logging_mixin.py:188} INFO - [2025-12-06T09:48:04.044+0000] {dag.py:3036} INFO - Sync 1 DAGs
[2025-12-06T09:48:04.062+0000] {logging_mixin.py:188} INFO - [2025-12-06T09:48:04.061+0000] {dag.py:3823} INFO - Setting next_dagrun for example_params_ui_tutorial to None, run_after=None
[2025-12-06T09:48:04.096+0000] {processor.py:183} INFO - Processing /home/airflow/.local/lib/python3.8/site-packages/airflow/example_dags/example_params_ui_tutorial.py took 0.161 seconds
[2025-12-06T09:48:34.723+0000] {processor.py:161} INFO - Started process (PID=6195) to work on /home/airflow/.local/lib/python3.8/site-packages/airflow/example_dags/example_params_ui_tutorial.py
[2025-12-06T09:48:34.724+0000] {processor.py:830} INFO - Processing file /home/airflow/.local/lib/python3.8/site-packages/airflow/example_dags/example_params_ui_tutorial.py for tasks to queue
[2025-12-06T09:48:34.727+0000] {logging_mixin.py:188} INFO - [2025-12-06T09:48:34.727+0000] {dagbag.py:538} INFO - Filling up the DagBag from /home/airflow/.local/lib/python3.8/site-packages/airflow/example_dags/example_params_ui_tutorial.py
[2025-12-06T09:48:34.744+0000] {processor.py:840} INFO - DAG(s) 'example_params_ui_tutorial' retrieved from /home/airflow/.local/lib/python3.8/site-packages/airflow/example_dags/example_params_ui_tutorial.py
[2025-12-06T09:48:34.824+0000] {logging_mixin.py:188} INFO - [2025-12-06T09:48:34.824+0000] {dag.py:3036} INFO - Sync 1 DAGs
[2025-12-06T09:48:34.842+0000] {logging_mixin.py:188} INFO - [2025-12-06T09:48:34.842+0000] {dag.py:3823} INFO - Setting next_dagrun for example_params_ui_tutorial to None, run_after=None
[2025-12-06T09:48:34.878+0000] {processor.py:183} INFO - Processing /home/airflow/.local/lib/python3.8/site-packages/airflow/example_dags/example_params_ui_tutorial.py took 0.160 seconds
[2025-12-06T09:49:05.382+0000] {processor.py:161} INFO - Started process (PID=6254) to work on /home/airflow/.local/lib/python3.8/site-packages/airflow/example_dags/example_params_ui_tutorial.py
[2025-12-06T09:49:05.383+0000] {processor.py:830} INFO - Processing file /home/airflow/.local/lib/python3.8/site-packages/airflow/example_dags/example_params_ui_tutorial.py for tasks to queue
[2025-12-06T09:49:05.386+0000] {logging_mixin.py:188} INFO - [2025-12-06T09:49:05.386+0000] {dagbag.py:538} INFO - Filling up the DagBag from /home/airflow/.local/lib/python3.8/site-packages/airflow/example_dags/example_params_ui_tutorial.py
[2025-12-06T09:49:05.402+0000] {processor.py:840} INFO - DAG(s) 'example_params_ui_tutorial' retrieved from /home/airflow/.local/lib/python3.8/site-packages/airflow/example_dags/example_params_ui_tutorial.py
[2025-12-06T09:49:05.477+0000] {logging_mixin.py:188} INFO - [2025-12-06T09:49:05.476+0000] {dag.py:3036} INFO - Sync 1 DAGs
[2025-12-06T09:49:05.492+0000] {logging_mixin.py:188} INFO - [2025-12-06T09:49:05.492+0000] {dag.py:3823} INFO - Setting next_dagrun for example_params_ui_tutorial to None, run_after=None
[2025-12-06T09:49:05.523+0000] {processor.py:183} INFO - Processing /home/airflow/.local/lib/python3.8/site-packages/airflow/example_dags/example_params_ui_tutorial.py took 0.146 seconds
[2025-12-06T09:49:35.950+0000] {processor.py:161} INFO - Started process (PID=6313) to work on /home/airflow/.local/lib/python3.8/site-packages/airflow/example_dags/example_params_ui_tutorial.py
[2025-12-06T09:49:35.952+0000] {processor.py:830} INFO - Processing file /home/airflow/.local/lib/python3.8/site-packages/airflow/example_dags/example_params_ui_tutorial.py for tasks to queue
[2025-12-06T09:49:35.956+0000] {logging_mixin.py:188} INFO - [2025-12-06T09:49:35.955+0000] {dagbag.py:538} INFO - Filling up the DagBag from /home/airflow/.local/lib/python3.8/site-packages/airflow/example_dags/example_params_ui_tutorial.py
[2025-12-06T09:49:35.975+0000] {processor.py:840} INFO - DAG(s) 'example_params_ui_tutorial' retrieved from /home/airflow/.local/lib/python3.8/site-packages/airflow/example_dags/example_params_ui_tutorial.py
[2025-12-06T09:49:36.069+0000] {logging_mixin.py:188} INFO - [2025-12-06T09:49:36.069+0000] {dag.py:3036} INFO - Sync 1 DAGs
[2025-12-06T09:49:36.090+0000] {logging_mixin.py:188} INFO - [2025-12-06T09:49:36.090+0000] {dag.py:3823} INFO - Setting next_dagrun for example_params_ui_tutorial to None, run_after=None
[2025-12-06T09:49:36.126+0000] {processor.py:183} INFO - Processing /home/airflow/.local/lib/python3.8/site-packages/airflow/example_dags/example_params_ui_tutorial.py took 0.180 seconds
