[2025-12-06T05:45:36.771+0000] {processor.py:161} INFO - Started process (PID=74) to work on /home/airflow/.local/lib/python3.8/site-packages/airflow/example_dags/example_subdag_operator.py
[2025-12-06T05:45:36.773+0000] {processor.py:830} INFO - Processing file /home/airflow/.local/lib/python3.8/site-packages/airflow/example_dags/example_subdag_operator.py for tasks to queue
[2025-12-06T05:45:36.777+0000] {logging_mixin.py:188} INFO - [2025-12-06T05:45:36.776+0000] {dagbag.py:538} INFO - Filling up the DagBag from /home/airflow/.local/lib/python3.8/site-packages/airflow/example_dags/example_subdag_operator.py
[2025-12-06T05:45:36.837+0000] {processor.py:840} INFO - DAG(s) 'example_subdag_operator.section-1', 'example_subdag_operator.section-2', 'example_subdag_operator' retrieved from /home/airflow/.local/lib/python3.8/site-packages/airflow/example_dags/example_subdag_operator.py
[2025-12-06T05:45:37.118+0000] {logging_mixin.py:188} INFO - [2025-12-06T05:45:37.117+0000] {dag.py:3036} INFO - Sync 3 DAGs
[2025-12-06T05:45:37.158+0000] {logging_mixin.py:188} INFO - [2025-12-06T05:45:37.158+0000] {dag.py:3823} INFO - Setting next_dagrun for example_subdag_operator to 2022-01-01 00:00:00+00:00, run_after=2022-01-01 00:00:00+00:00
[2025-12-06T05:45:37.166+0000] {logging_mixin.py:188} INFO - [2025-12-06T05:45:37.166+0000] {dag.py:3823} INFO - Setting next_dagrun for example_subdag_operator.section-1 to None, run_after=None
[2025-12-06T05:45:37.170+0000] {logging_mixin.py:188} INFO - [2025-12-06T05:45:37.170+0000] {dag.py:3823} INFO - Setting next_dagrun for example_subdag_operator.section-2 to None, run_after=None
[2025-12-06T05:45:37.196+0000] {logging_mixin.py:188} INFO - [2025-12-06T05:45:37.195+0000] {dag.py:3036} INFO - Sync 2 DAGs
[2025-12-06T05:45:37.209+0000] {logging_mixin.py:188} INFO - [2025-12-06T05:45:37.208+0000] {dag.py:3823} INFO - Setting next_dagrun for example_subdag_operator.section-1 to None, run_after=None
[2025-12-06T05:45:37.210+0000] {logging_mixin.py:188} INFO - [2025-12-06T05:45:37.210+0000] {dag.py:3823} INFO - Setting next_dagrun for example_subdag_operator.section-2 to None, run_after=None
[2025-12-06T05:45:37.240+0000] {processor.py:183} INFO - Processing /home/airflow/.local/lib/python3.8/site-packages/airflow/example_dags/example_subdag_operator.py took 0.477 seconds
[2025-12-06T05:46:08.139+0000] {processor.py:161} INFO - Started process (PID=129) to work on /home/airflow/.local/lib/python3.8/site-packages/airflow/example_dags/example_subdag_operator.py
[2025-12-06T05:46:08.141+0000] {processor.py:830} INFO - Processing file /home/airflow/.local/lib/python3.8/site-packages/airflow/example_dags/example_subdag_operator.py for tasks to queue
[2025-12-06T05:46:08.144+0000] {logging_mixin.py:188} INFO - [2025-12-06T05:46:08.143+0000] {dagbag.py:538} INFO - Filling up the DagBag from /home/airflow/.local/lib/python3.8/site-packages/airflow/example_dags/example_subdag_operator.py
[2025-12-06T05:46:08.196+0000] {processor.py:840} INFO - DAG(s) 'example_subdag_operator.section-1', 'example_subdag_operator.section-2', 'example_subdag_operator' retrieved from /home/airflow/.local/lib/python3.8/site-packages/airflow/example_dags/example_subdag_operator.py
[2025-12-06T05:46:08.228+0000] {logging_mixin.py:188} INFO - [2025-12-06T05:46:08.228+0000] {dag.py:3036} INFO - Sync 3 DAGs
[2025-12-06T05:46:08.290+0000] {logging_mixin.py:188} INFO - [2025-12-06T05:46:08.289+0000] {dag.py:3823} INFO - Setting next_dagrun for example_subdag_operator to 2022-01-01 00:00:00+00:00, run_after=2022-01-01 00:00:00+00:00
[2025-12-06T05:46:08.350+0000] {logging_mixin.py:188} INFO - [2025-12-06T05:46:08.348+0000] {dag.py:3823} INFO - Setting next_dagrun for example_subdag_operator.section-1 to None, run_after=None
[2025-12-06T05:46:08.363+0000] {logging_mixin.py:188} INFO - [2025-12-06T05:46:08.362+0000] {dag.py:3823} INFO - Setting next_dagrun for example_subdag_operator.section-2 to None, run_after=None
[2025-12-06T05:46:08.394+0000] {logging_mixin.py:188} INFO - [2025-12-06T05:46:08.393+0000] {dag.py:3036} INFO - Sync 2 DAGs
[2025-12-06T05:46:08.424+0000] {logging_mixin.py:188} INFO - [2025-12-06T05:46:08.423+0000] {dag.py:3823} INFO - Setting next_dagrun for example_subdag_operator.section-1 to None, run_after=None
[2025-12-06T05:46:08.426+0000] {logging_mixin.py:188} INFO - [2025-12-06T05:46:08.425+0000] {dag.py:3823} INFO - Setting next_dagrun for example_subdag_operator.section-2 to None, run_after=None
[2025-12-06T05:46:08.466+0000] {processor.py:183} INFO - Processing /home/airflow/.local/lib/python3.8/site-packages/airflow/example_dags/example_subdag_operator.py took 0.333 seconds
[2025-12-06T05:46:38.544+0000] {processor.py:161} INFO - Started process (PID=184) to work on /home/airflow/.local/lib/python3.8/site-packages/airflow/example_dags/example_subdag_operator.py
[2025-12-06T05:46:38.546+0000] {processor.py:830} INFO - Processing file /home/airflow/.local/lib/python3.8/site-packages/airflow/example_dags/example_subdag_operator.py for tasks to queue
[2025-12-06T05:46:38.551+0000] {logging_mixin.py:188} INFO - [2025-12-06T05:46:38.550+0000] {dagbag.py:538} INFO - Filling up the DagBag from /home/airflow/.local/lib/python3.8/site-packages/airflow/example_dags/example_subdag_operator.py
[2025-12-06T05:46:38.600+0000] {processor.py:840} INFO - DAG(s) 'example_subdag_operator.section-1', 'example_subdag_operator.section-2', 'example_subdag_operator' retrieved from /home/airflow/.local/lib/python3.8/site-packages/airflow/example_dags/example_subdag_operator.py
[2025-12-06T05:46:38.626+0000] {logging_mixin.py:188} INFO - [2025-12-06T05:46:38.626+0000] {dag.py:3036} INFO - Sync 3 DAGs
[2025-12-06T05:46:38.661+0000] {logging_mixin.py:188} INFO - [2025-12-06T05:46:38.661+0000] {dag.py:3823} INFO - Setting next_dagrun for example_subdag_operator to 2022-01-01 00:00:00+00:00, run_after=2022-01-01 00:00:00+00:00
[2025-12-06T05:46:38.668+0000] {logging_mixin.py:188} INFO - [2025-12-06T05:46:38.667+0000] {dag.py:3823} INFO - Setting next_dagrun for example_subdag_operator.section-1 to None, run_after=None
[2025-12-06T05:46:38.673+0000] {logging_mixin.py:188} INFO - [2025-12-06T05:46:38.673+0000] {dag.py:3823} INFO - Setting next_dagrun for example_subdag_operator.section-2 to None, run_after=None
[2025-12-06T05:46:38.688+0000] {logging_mixin.py:188} INFO - [2025-12-06T05:46:38.688+0000] {dag.py:3036} INFO - Sync 2 DAGs
[2025-12-06T05:46:38.701+0000] {logging_mixin.py:188} INFO - [2025-12-06T05:46:38.701+0000] {dag.py:3823} INFO - Setting next_dagrun for example_subdag_operator.section-1 to None, run_after=None
[2025-12-06T05:46:38.702+0000] {logging_mixin.py:188} INFO - [2025-12-06T05:46:38.702+0000] {dag.py:3823} INFO - Setting next_dagrun for example_subdag_operator.section-2 to None, run_after=None
[2025-12-06T05:46:38.726+0000] {processor.py:183} INFO - Processing /home/airflow/.local/lib/python3.8/site-packages/airflow/example_dags/example_subdag_operator.py took 0.188 seconds
[2025-12-06T05:47:09.084+0000] {processor.py:161} INFO - Started process (PID=239) to work on /home/airflow/.local/lib/python3.8/site-packages/airflow/example_dags/example_subdag_operator.py
[2025-12-06T05:47:09.086+0000] {processor.py:830} INFO - Processing file /home/airflow/.local/lib/python3.8/site-packages/airflow/example_dags/example_subdag_operator.py for tasks to queue
[2025-12-06T05:47:09.090+0000] {logging_mixin.py:188} INFO - [2025-12-06T05:47:09.089+0000] {dagbag.py:538} INFO - Filling up the DagBag from /home/airflow/.local/lib/python3.8/site-packages/airflow/example_dags/example_subdag_operator.py
[2025-12-06T05:47:09.131+0000] {processor.py:840} INFO - DAG(s) 'example_subdag_operator.section-1', 'example_subdag_operator.section-2', 'example_subdag_operator' retrieved from /home/airflow/.local/lib/python3.8/site-packages/airflow/example_dags/example_subdag_operator.py
[2025-12-06T05:47:09.158+0000] {logging_mixin.py:188} INFO - [2025-12-06T05:47:09.157+0000] {dag.py:3036} INFO - Sync 3 DAGs
[2025-12-06T05:47:09.191+0000] {logging_mixin.py:188} INFO - [2025-12-06T05:47:09.191+0000] {dag.py:3823} INFO - Setting next_dagrun for example_subdag_operator to 2022-01-01 00:00:00+00:00, run_after=2022-01-01 00:00:00+00:00
[2025-12-06T05:47:09.202+0000] {logging_mixin.py:188} INFO - [2025-12-06T05:47:09.202+0000] {dag.py:3823} INFO - Setting next_dagrun for example_subdag_operator.section-1 to None, run_after=None
[2025-12-06T05:47:09.205+0000] {logging_mixin.py:188} INFO - [2025-12-06T05:47:09.205+0000] {dag.py:3823} INFO - Setting next_dagrun for example_subdag_operator.section-2 to None, run_after=None
[2025-12-06T05:47:09.221+0000] {logging_mixin.py:188} INFO - [2025-12-06T05:47:09.221+0000] {dag.py:3036} INFO - Sync 2 DAGs
[2025-12-06T05:47:09.232+0000] {logging_mixin.py:188} INFO - [2025-12-06T05:47:09.232+0000] {dag.py:3823} INFO - Setting next_dagrun for example_subdag_operator.section-1 to None, run_after=None
[2025-12-06T05:47:09.234+0000] {logging_mixin.py:188} INFO - [2025-12-06T05:47:09.233+0000] {dag.py:3823} INFO - Setting next_dagrun for example_subdag_operator.section-2 to None, run_after=None
[2025-12-06T05:47:09.261+0000] {processor.py:183} INFO - Processing /home/airflow/.local/lib/python3.8/site-packages/airflow/example_dags/example_subdag_operator.py took 0.182 seconds
[2025-12-06T05:47:39.410+0000] {processor.py:161} INFO - Started process (PID=294) to work on /home/airflow/.local/lib/python3.8/site-packages/airflow/example_dags/example_subdag_operator.py
[2025-12-06T05:47:39.411+0000] {processor.py:830} INFO - Processing file /home/airflow/.local/lib/python3.8/site-packages/airflow/example_dags/example_subdag_operator.py for tasks to queue
[2025-12-06T05:47:39.414+0000] {logging_mixin.py:188} INFO - [2025-12-06T05:47:39.413+0000] {dagbag.py:538} INFO - Filling up the DagBag from /home/airflow/.local/lib/python3.8/site-packages/airflow/example_dags/example_subdag_operator.py
[2025-12-06T05:47:39.455+0000] {processor.py:840} INFO - DAG(s) 'example_subdag_operator.section-1', 'example_subdag_operator.section-2', 'example_subdag_operator' retrieved from /home/airflow/.local/lib/python3.8/site-packages/airflow/example_dags/example_subdag_operator.py
[2025-12-06T05:47:39.477+0000] {logging_mixin.py:188} INFO - [2025-12-06T05:47:39.476+0000] {dag.py:3036} INFO - Sync 3 DAGs
[2025-12-06T05:47:39.507+0000] {logging_mixin.py:188} INFO - [2025-12-06T05:47:39.506+0000] {dag.py:3823} INFO - Setting next_dagrun for example_subdag_operator to 2022-01-01 00:00:00+00:00, run_after=2022-01-01 00:00:00+00:00
[2025-12-06T05:47:39.513+0000] {logging_mixin.py:188} INFO - [2025-12-06T05:47:39.513+0000] {dag.py:3823} INFO - Setting next_dagrun for example_subdag_operator.section-1 to None, run_after=None
[2025-12-06T05:47:39.515+0000] {logging_mixin.py:188} INFO - [2025-12-06T05:47:39.515+0000] {dag.py:3823} INFO - Setting next_dagrun for example_subdag_operator.section-2 to None, run_after=None
[2025-12-06T05:47:39.527+0000] {logging_mixin.py:188} INFO - [2025-12-06T05:47:39.526+0000] {dag.py:3036} INFO - Sync 2 DAGs
[2025-12-06T05:47:39.537+0000] {logging_mixin.py:188} INFO - [2025-12-06T05:47:39.537+0000] {dag.py:3823} INFO - Setting next_dagrun for example_subdag_operator.section-1 to None, run_after=None
[2025-12-06T05:47:39.538+0000] {logging_mixin.py:188} INFO - [2025-12-06T05:47:39.538+0000] {dag.py:3823} INFO - Setting next_dagrun for example_subdag_operator.section-2 to None, run_after=None
[2025-12-06T05:47:39.563+0000] {processor.py:183} INFO - Processing /home/airflow/.local/lib/python3.8/site-packages/airflow/example_dags/example_subdag_operator.py took 0.157 seconds
[2025-12-06T05:48:10.119+0000] {processor.py:161} INFO - Started process (PID=349) to work on /home/airflow/.local/lib/python3.8/site-packages/airflow/example_dags/example_subdag_operator.py
[2025-12-06T05:48:10.120+0000] {processor.py:830} INFO - Processing file /home/airflow/.local/lib/python3.8/site-packages/airflow/example_dags/example_subdag_operator.py for tasks to queue
[2025-12-06T05:48:10.126+0000] {logging_mixin.py:188} INFO - [2025-12-06T05:48:10.125+0000] {dagbag.py:538} INFO - Filling up the DagBag from /home/airflow/.local/lib/python3.8/site-packages/airflow/example_dags/example_subdag_operator.py
[2025-12-06T05:48:10.165+0000] {processor.py:840} INFO - DAG(s) 'example_subdag_operator.section-1', 'example_subdag_operator.section-2', 'example_subdag_operator' retrieved from /home/airflow/.local/lib/python3.8/site-packages/airflow/example_dags/example_subdag_operator.py
[2025-12-06T05:48:10.189+0000] {logging_mixin.py:188} INFO - [2025-12-06T05:48:10.188+0000] {dag.py:3036} INFO - Sync 3 DAGs
[2025-12-06T05:48:10.223+0000] {logging_mixin.py:188} INFO - [2025-12-06T05:48:10.222+0000] {dag.py:3823} INFO - Setting next_dagrun for example_subdag_operator to 2022-01-01 00:00:00+00:00, run_after=2022-01-01 00:00:00+00:00
[2025-12-06T05:48:10.228+0000] {logging_mixin.py:188} INFO - [2025-12-06T05:48:10.228+0000] {dag.py:3823} INFO - Setting next_dagrun for example_subdag_operator.section-1 to None, run_after=None
[2025-12-06T05:48:10.232+0000] {logging_mixin.py:188} INFO - [2025-12-06T05:48:10.232+0000] {dag.py:3823} INFO - Setting next_dagrun for example_subdag_operator.section-2 to None, run_after=None
[2025-12-06T05:48:10.245+0000] {logging_mixin.py:188} INFO - [2025-12-06T05:48:10.244+0000] {dag.py:3036} INFO - Sync 2 DAGs
[2025-12-06T05:48:10.252+0000] {logging_mixin.py:188} INFO - [2025-12-06T05:48:10.252+0000] {dag.py:3823} INFO - Setting next_dagrun for example_subdag_operator.section-1 to None, run_after=None
[2025-12-06T05:48:10.253+0000] {logging_mixin.py:188} INFO - [2025-12-06T05:48:10.253+0000] {dag.py:3823} INFO - Setting next_dagrun for example_subdag_operator.section-2 to None, run_after=None
[2025-12-06T05:48:10.275+0000] {processor.py:183} INFO - Processing /home/airflow/.local/lib/python3.8/site-packages/airflow/example_dags/example_subdag_operator.py took 0.161 seconds
[2025-12-06T05:48:40.393+0000] {processor.py:161} INFO - Started process (PID=404) to work on /home/airflow/.local/lib/python3.8/site-packages/airflow/example_dags/example_subdag_operator.py
[2025-12-06T05:48:40.395+0000] {processor.py:830} INFO - Processing file /home/airflow/.local/lib/python3.8/site-packages/airflow/example_dags/example_subdag_operator.py for tasks to queue
[2025-12-06T05:48:40.398+0000] {logging_mixin.py:188} INFO - [2025-12-06T05:48:40.397+0000] {dagbag.py:538} INFO - Filling up the DagBag from /home/airflow/.local/lib/python3.8/site-packages/airflow/example_dags/example_subdag_operator.py
[2025-12-06T05:48:40.432+0000] {processor.py:840} INFO - DAG(s) 'example_subdag_operator.section-1', 'example_subdag_operator.section-2', 'example_subdag_operator' retrieved from /home/airflow/.local/lib/python3.8/site-packages/airflow/example_dags/example_subdag_operator.py
[2025-12-06T05:48:40.455+0000] {logging_mixin.py:188} INFO - [2025-12-06T05:48:40.455+0000] {dag.py:3036} INFO - Sync 3 DAGs
[2025-12-06T05:48:40.488+0000] {logging_mixin.py:188} INFO - [2025-12-06T05:48:40.488+0000] {dag.py:3823} INFO - Setting next_dagrun for example_subdag_operator to 2022-01-01 00:00:00+00:00, run_after=2022-01-01 00:00:00+00:00
[2025-12-06T05:48:40.494+0000] {logging_mixin.py:188} INFO - [2025-12-06T05:48:40.494+0000] {dag.py:3823} INFO - Setting next_dagrun for example_subdag_operator.section-1 to None, run_after=None
[2025-12-06T05:48:40.496+0000] {logging_mixin.py:188} INFO - [2025-12-06T05:48:40.496+0000] {dag.py:3823} INFO - Setting next_dagrun for example_subdag_operator.section-2 to None, run_after=None
[2025-12-06T05:48:40.509+0000] {logging_mixin.py:188} INFO - [2025-12-06T05:48:40.509+0000] {dag.py:3036} INFO - Sync 2 DAGs
[2025-12-06T05:48:40.519+0000] {logging_mixin.py:188} INFO - [2025-12-06T05:48:40.518+0000] {dag.py:3823} INFO - Setting next_dagrun for example_subdag_operator.section-1 to None, run_after=None
[2025-12-06T05:48:40.520+0000] {logging_mixin.py:188} INFO - [2025-12-06T05:48:40.519+0000] {dag.py:3823} INFO - Setting next_dagrun for example_subdag_operator.section-2 to None, run_after=None
[2025-12-06T05:48:40.541+0000] {processor.py:183} INFO - Processing /home/airflow/.local/lib/python3.8/site-packages/airflow/example_dags/example_subdag_operator.py took 0.152 seconds
[2025-12-06T05:49:10.869+0000] {processor.py:161} INFO - Started process (PID=459) to work on /home/airflow/.local/lib/python3.8/site-packages/airflow/example_dags/example_subdag_operator.py
[2025-12-06T05:49:10.871+0000] {processor.py:830} INFO - Processing file /home/airflow/.local/lib/python3.8/site-packages/airflow/example_dags/example_subdag_operator.py for tasks to queue
[2025-12-06T05:49:10.873+0000] {logging_mixin.py:188} INFO - [2025-12-06T05:49:10.873+0000] {dagbag.py:538} INFO - Filling up the DagBag from /home/airflow/.local/lib/python3.8/site-packages/airflow/example_dags/example_subdag_operator.py
[2025-12-06T05:49:10.914+0000] {processor.py:840} INFO - DAG(s) 'example_subdag_operator.section-1', 'example_subdag_operator.section-2', 'example_subdag_operator' retrieved from /home/airflow/.local/lib/python3.8/site-packages/airflow/example_dags/example_subdag_operator.py
[2025-12-06T05:49:10.933+0000] {logging_mixin.py:188} INFO - [2025-12-06T05:49:10.933+0000] {dag.py:3036} INFO - Sync 3 DAGs
[2025-12-06T05:49:10.967+0000] {logging_mixin.py:188} INFO - [2025-12-06T05:49:10.967+0000] {dag.py:3823} INFO - Setting next_dagrun for example_subdag_operator to 2022-01-01 00:00:00+00:00, run_after=2022-01-01 00:00:00+00:00
[2025-12-06T05:49:10.974+0000] {logging_mixin.py:188} INFO - [2025-12-06T05:49:10.973+0000] {dag.py:3823} INFO - Setting next_dagrun for example_subdag_operator.section-1 to None, run_after=None
[2025-12-06T05:49:10.976+0000] {logging_mixin.py:188} INFO - [2025-12-06T05:49:10.976+0000] {dag.py:3823} INFO - Setting next_dagrun for example_subdag_operator.section-2 to None, run_after=None
[2025-12-06T05:49:10.989+0000] {logging_mixin.py:188} INFO - [2025-12-06T05:49:10.989+0000] {dag.py:3036} INFO - Sync 2 DAGs
[2025-12-06T05:49:11.001+0000] {logging_mixin.py:188} INFO - [2025-12-06T05:49:11.001+0000] {dag.py:3823} INFO - Setting next_dagrun for example_subdag_operator.section-1 to None, run_after=None
[2025-12-06T05:49:11.002+0000] {logging_mixin.py:188} INFO - [2025-12-06T05:49:11.002+0000] {dag.py:3823} INFO - Setting next_dagrun for example_subdag_operator.section-2 to None, run_after=None
[2025-12-06T05:49:11.027+0000] {processor.py:183} INFO - Processing /home/airflow/.local/lib/python3.8/site-packages/airflow/example_dags/example_subdag_operator.py took 0.166 seconds
[2025-12-06T05:49:41.229+0000] {processor.py:161} INFO - Started process (PID=514) to work on /home/airflow/.local/lib/python3.8/site-packages/airflow/example_dags/example_subdag_operator.py
[2025-12-06T05:49:41.233+0000] {processor.py:830} INFO - Processing file /home/airflow/.local/lib/python3.8/site-packages/airflow/example_dags/example_subdag_operator.py for tasks to queue
[2025-12-06T05:49:41.236+0000] {logging_mixin.py:188} INFO - [2025-12-06T05:49:41.235+0000] {dagbag.py:538} INFO - Filling up the DagBag from /home/airflow/.local/lib/python3.8/site-packages/airflow/example_dags/example_subdag_operator.py
[2025-12-06T05:49:41.287+0000] {processor.py:840} INFO - DAG(s) 'example_subdag_operator.section-1', 'example_subdag_operator.section-2', 'example_subdag_operator' retrieved from /home/airflow/.local/lib/python3.8/site-packages/airflow/example_dags/example_subdag_operator.py
[2025-12-06T05:49:41.312+0000] {logging_mixin.py:188} INFO - [2025-12-06T05:49:41.312+0000] {dag.py:3036} INFO - Sync 3 DAGs
[2025-12-06T05:49:41.347+0000] {logging_mixin.py:188} INFO - [2025-12-06T05:49:41.347+0000] {dag.py:3823} INFO - Setting next_dagrun for example_subdag_operator to 2022-01-01 00:00:00+00:00, run_after=2022-01-01 00:00:00+00:00
[2025-12-06T05:49:41.353+0000] {logging_mixin.py:188} INFO - [2025-12-06T05:49:41.353+0000] {dag.py:3823} INFO - Setting next_dagrun for example_subdag_operator.section-1 to None, run_after=None
[2025-12-06T05:49:41.356+0000] {logging_mixin.py:188} INFO - [2025-12-06T05:49:41.355+0000] {dag.py:3823} INFO - Setting next_dagrun for example_subdag_operator.section-2 to None, run_after=None
[2025-12-06T05:49:41.370+0000] {logging_mixin.py:188} INFO - [2025-12-06T05:49:41.369+0000] {dag.py:3036} INFO - Sync 2 DAGs
[2025-12-06T05:49:41.380+0000] {logging_mixin.py:188} INFO - [2025-12-06T05:49:41.380+0000] {dag.py:3823} INFO - Setting next_dagrun for example_subdag_operator.section-1 to None, run_after=None
[2025-12-06T05:49:41.383+0000] {logging_mixin.py:188} INFO - [2025-12-06T05:49:41.383+0000] {dag.py:3823} INFO - Setting next_dagrun for example_subdag_operator.section-2 to None, run_after=None
[2025-12-06T05:49:41.406+0000] {processor.py:183} INFO - Processing /home/airflow/.local/lib/python3.8/site-packages/airflow/example_dags/example_subdag_operator.py took 0.181 seconds
[2025-12-06T05:50:11.611+0000] {processor.py:161} INFO - Started process (PID=569) to work on /home/airflow/.local/lib/python3.8/site-packages/airflow/example_dags/example_subdag_operator.py
[2025-12-06T05:50:11.612+0000] {processor.py:830} INFO - Processing file /home/airflow/.local/lib/python3.8/site-packages/airflow/example_dags/example_subdag_operator.py for tasks to queue
[2025-12-06T05:50:11.616+0000] {logging_mixin.py:188} INFO - [2025-12-06T05:50:11.615+0000] {dagbag.py:538} INFO - Filling up the DagBag from /home/airflow/.local/lib/python3.8/site-packages/airflow/example_dags/example_subdag_operator.py
[2025-12-06T05:50:11.659+0000] {processor.py:840} INFO - DAG(s) 'example_subdag_operator.section-1', 'example_subdag_operator.section-2', 'example_subdag_operator' retrieved from /home/airflow/.local/lib/python3.8/site-packages/airflow/example_dags/example_subdag_operator.py
[2025-12-06T05:50:11.688+0000] {logging_mixin.py:188} INFO - [2025-12-06T05:50:11.687+0000] {dag.py:3036} INFO - Sync 3 DAGs
[2025-12-06T05:50:11.731+0000] {logging_mixin.py:188} INFO - [2025-12-06T05:50:11.730+0000] {dag.py:3823} INFO - Setting next_dagrun for example_subdag_operator to 2022-01-01 00:00:00+00:00, run_after=2022-01-01 00:00:00+00:00
[2025-12-06T05:50:11.737+0000] {logging_mixin.py:188} INFO - [2025-12-06T05:50:11.737+0000] {dag.py:3823} INFO - Setting next_dagrun for example_subdag_operator.section-1 to None, run_after=None
[2025-12-06T05:50:11.740+0000] {logging_mixin.py:188} INFO - [2025-12-06T05:50:11.740+0000] {dag.py:3823} INFO - Setting next_dagrun for example_subdag_operator.section-2 to None, run_after=None
[2025-12-06T05:50:11.754+0000] {logging_mixin.py:188} INFO - [2025-12-06T05:50:11.754+0000] {dag.py:3036} INFO - Sync 2 DAGs
[2025-12-06T05:50:11.764+0000] {logging_mixin.py:188} INFO - [2025-12-06T05:50:11.764+0000] {dag.py:3823} INFO - Setting next_dagrun for example_subdag_operator.section-1 to None, run_after=None
[2025-12-06T05:50:11.765+0000] {logging_mixin.py:188} INFO - [2025-12-06T05:50:11.765+0000] {dag.py:3823} INFO - Setting next_dagrun for example_subdag_operator.section-2 to None, run_after=None
[2025-12-06T05:50:11.793+0000] {processor.py:183} INFO - Processing /home/airflow/.local/lib/python3.8/site-packages/airflow/example_dags/example_subdag_operator.py took 0.188 seconds
[2025-12-06T05:50:42.220+0000] {processor.py:161} INFO - Started process (PID=624) to work on /home/airflow/.local/lib/python3.8/site-packages/airflow/example_dags/example_subdag_operator.py
[2025-12-06T05:50:42.225+0000] {processor.py:830} INFO - Processing file /home/airflow/.local/lib/python3.8/site-packages/airflow/example_dags/example_subdag_operator.py for tasks to queue
[2025-12-06T05:50:42.229+0000] {logging_mixin.py:188} INFO - [2025-12-06T05:50:42.228+0000] {dagbag.py:538} INFO - Filling up the DagBag from /home/airflow/.local/lib/python3.8/site-packages/airflow/example_dags/example_subdag_operator.py
[2025-12-06T05:50:42.271+0000] {processor.py:840} INFO - DAG(s) 'example_subdag_operator.section-1', 'example_subdag_operator.section-2', 'example_subdag_operator' retrieved from /home/airflow/.local/lib/python3.8/site-packages/airflow/example_dags/example_subdag_operator.py
[2025-12-06T05:50:42.292+0000] {logging_mixin.py:188} INFO - [2025-12-06T05:50:42.292+0000] {dag.py:3036} INFO - Sync 3 DAGs
[2025-12-06T05:50:42.328+0000] {logging_mixin.py:188} INFO - [2025-12-06T05:50:42.328+0000] {dag.py:3823} INFO - Setting next_dagrun for example_subdag_operator to 2022-01-01 00:00:00+00:00, run_after=2022-01-01 00:00:00+00:00
[2025-12-06T05:50:42.335+0000] {logging_mixin.py:188} INFO - [2025-12-06T05:50:42.334+0000] {dag.py:3823} INFO - Setting next_dagrun for example_subdag_operator.section-1 to None, run_after=None
[2025-12-06T05:50:42.337+0000] {logging_mixin.py:188} INFO - [2025-12-06T05:50:42.337+0000] {dag.py:3823} INFO - Setting next_dagrun for example_subdag_operator.section-2 to None, run_after=None
[2025-12-06T05:50:42.348+0000] {logging_mixin.py:188} INFO - [2025-12-06T05:50:42.348+0000] {dag.py:3036} INFO - Sync 2 DAGs
[2025-12-06T05:50:42.358+0000] {logging_mixin.py:188} INFO - [2025-12-06T05:50:42.357+0000] {dag.py:3823} INFO - Setting next_dagrun for example_subdag_operator.section-1 to None, run_after=None
[2025-12-06T05:50:42.359+0000] {logging_mixin.py:188} INFO - [2025-12-06T05:50:42.359+0000] {dag.py:3823} INFO - Setting next_dagrun for example_subdag_operator.section-2 to None, run_after=None
[2025-12-06T05:50:42.380+0000] {processor.py:183} INFO - Processing /home/airflow/.local/lib/python3.8/site-packages/airflow/example_dags/example_subdag_operator.py took 0.166 seconds
[2025-12-06T05:51:12.688+0000] {processor.py:161} INFO - Started process (PID=679) to work on /home/airflow/.local/lib/python3.8/site-packages/airflow/example_dags/example_subdag_operator.py
[2025-12-06T05:51:12.689+0000] {processor.py:830} INFO - Processing file /home/airflow/.local/lib/python3.8/site-packages/airflow/example_dags/example_subdag_operator.py for tasks to queue
[2025-12-06T05:51:12.692+0000] {logging_mixin.py:188} INFO - [2025-12-06T05:51:12.691+0000] {dagbag.py:538} INFO - Filling up the DagBag from /home/airflow/.local/lib/python3.8/site-packages/airflow/example_dags/example_subdag_operator.py
[2025-12-06T05:51:12.731+0000] {processor.py:840} INFO - DAG(s) 'example_subdag_operator.section-1', 'example_subdag_operator.section-2', 'example_subdag_operator' retrieved from /home/airflow/.local/lib/python3.8/site-packages/airflow/example_dags/example_subdag_operator.py
[2025-12-06T05:51:12.752+0000] {logging_mixin.py:188} INFO - [2025-12-06T05:51:12.752+0000] {dag.py:3036} INFO - Sync 3 DAGs
[2025-12-06T05:51:12.783+0000] {logging_mixin.py:188} INFO - [2025-12-06T05:51:12.783+0000] {dag.py:3823} INFO - Setting next_dagrun for example_subdag_operator to 2022-01-01 00:00:00+00:00, run_after=2022-01-01 00:00:00+00:00
[2025-12-06T05:51:12.788+0000] {logging_mixin.py:188} INFO - [2025-12-06T05:51:12.787+0000] {dag.py:3823} INFO - Setting next_dagrun for example_subdag_operator.section-1 to None, run_after=None
[2025-12-06T05:51:12.790+0000] {logging_mixin.py:188} INFO - [2025-12-06T05:51:12.790+0000] {dag.py:3823} INFO - Setting next_dagrun for example_subdag_operator.section-2 to None, run_after=None
[2025-12-06T05:51:12.801+0000] {logging_mixin.py:188} INFO - [2025-12-06T05:51:12.801+0000] {dag.py:3036} INFO - Sync 2 DAGs
[2025-12-06T05:51:12.810+0000] {logging_mixin.py:188} INFO - [2025-12-06T05:51:12.810+0000] {dag.py:3823} INFO - Setting next_dagrun for example_subdag_operator.section-1 to None, run_after=None
[2025-12-06T05:51:12.811+0000] {logging_mixin.py:188} INFO - [2025-12-06T05:51:12.811+0000] {dag.py:3823} INFO - Setting next_dagrun for example_subdag_operator.section-2 to None, run_after=None
[2025-12-06T05:51:12.831+0000] {processor.py:183} INFO - Processing /home/airflow/.local/lib/python3.8/site-packages/airflow/example_dags/example_subdag_operator.py took 0.150 seconds
[2025-12-06T05:51:43.159+0000] {processor.py:161} INFO - Started process (PID=734) to work on /home/airflow/.local/lib/python3.8/site-packages/airflow/example_dags/example_subdag_operator.py
[2025-12-06T05:51:43.160+0000] {processor.py:830} INFO - Processing file /home/airflow/.local/lib/python3.8/site-packages/airflow/example_dags/example_subdag_operator.py for tasks to queue
[2025-12-06T05:51:43.163+0000] {logging_mixin.py:188} INFO - [2025-12-06T05:51:43.162+0000] {dagbag.py:538} INFO - Filling up the DagBag from /home/airflow/.local/lib/python3.8/site-packages/airflow/example_dags/example_subdag_operator.py
[2025-12-06T05:51:43.200+0000] {processor.py:840} INFO - DAG(s) 'example_subdag_operator.section-1', 'example_subdag_operator.section-2', 'example_subdag_operator' retrieved from /home/airflow/.local/lib/python3.8/site-packages/airflow/example_dags/example_subdag_operator.py
[2025-12-06T05:51:43.222+0000] {logging_mixin.py:188} INFO - [2025-12-06T05:51:43.221+0000] {dag.py:3036} INFO - Sync 3 DAGs
[2025-12-06T05:51:43.252+0000] {logging_mixin.py:188} INFO - [2025-12-06T05:51:43.251+0000] {dag.py:3823} INFO - Setting next_dagrun for example_subdag_operator to 2022-01-01 00:00:00+00:00, run_after=2022-01-01 00:00:00+00:00
[2025-12-06T05:51:43.257+0000] {logging_mixin.py:188} INFO - [2025-12-06T05:51:43.257+0000] {dag.py:3823} INFO - Setting next_dagrun for example_subdag_operator.section-1 to None, run_after=None
[2025-12-06T05:51:43.260+0000] {logging_mixin.py:188} INFO - [2025-12-06T05:51:43.259+0000] {dag.py:3823} INFO - Setting next_dagrun for example_subdag_operator.section-2 to None, run_after=None
[2025-12-06T05:51:43.273+0000] {logging_mixin.py:188} INFO - [2025-12-06T05:51:43.273+0000] {dag.py:3036} INFO - Sync 2 DAGs
[2025-12-06T05:51:43.281+0000] {logging_mixin.py:188} INFO - [2025-12-06T05:51:43.280+0000] {dag.py:3823} INFO - Setting next_dagrun for example_subdag_operator.section-1 to None, run_after=None
[2025-12-06T05:51:43.281+0000] {logging_mixin.py:188} INFO - [2025-12-06T05:51:43.281+0000] {dag.py:3823} INFO - Setting next_dagrun for example_subdag_operator.section-2 to None, run_after=None
[2025-12-06T05:51:43.300+0000] {processor.py:183} INFO - Processing /home/airflow/.local/lib/python3.8/site-packages/airflow/example_dags/example_subdag_operator.py took 0.147 seconds
[2025-12-06T05:52:13.751+0000] {processor.py:161} INFO - Started process (PID=789) to work on /home/airflow/.local/lib/python3.8/site-packages/airflow/example_dags/example_subdag_operator.py
[2025-12-06T05:52:13.752+0000] {processor.py:830} INFO - Processing file /home/airflow/.local/lib/python3.8/site-packages/airflow/example_dags/example_subdag_operator.py for tasks to queue
[2025-12-06T05:52:13.755+0000] {logging_mixin.py:188} INFO - [2025-12-06T05:52:13.755+0000] {dagbag.py:538} INFO - Filling up the DagBag from /home/airflow/.local/lib/python3.8/site-packages/airflow/example_dags/example_subdag_operator.py
[2025-12-06T05:52:13.791+0000] {processor.py:840} INFO - DAG(s) 'example_subdag_operator.section-1', 'example_subdag_operator.section-2', 'example_subdag_operator' retrieved from /home/airflow/.local/lib/python3.8/site-packages/airflow/example_dags/example_subdag_operator.py
[2025-12-06T05:52:13.815+0000] {logging_mixin.py:188} INFO - [2025-12-06T05:52:13.815+0000] {dag.py:3036} INFO - Sync 3 DAGs
[2025-12-06T05:52:13.849+0000] {logging_mixin.py:188} INFO - [2025-12-06T05:52:13.849+0000] {dag.py:3823} INFO - Setting next_dagrun for example_subdag_operator to 2022-01-01 00:00:00+00:00, run_after=2022-01-01 00:00:00+00:00
[2025-12-06T05:52:13.856+0000] {logging_mixin.py:188} INFO - [2025-12-06T05:52:13.856+0000] {dag.py:3823} INFO - Setting next_dagrun for example_subdag_operator.section-1 to None, run_after=None
[2025-12-06T05:52:13.859+0000] {logging_mixin.py:188} INFO - [2025-12-06T05:52:13.858+0000] {dag.py:3823} INFO - Setting next_dagrun for example_subdag_operator.section-2 to None, run_after=None
[2025-12-06T05:52:13.875+0000] {logging_mixin.py:188} INFO - [2025-12-06T05:52:13.874+0000] {dag.py:3036} INFO - Sync 2 DAGs
[2025-12-06T05:52:13.886+0000] {logging_mixin.py:188} INFO - [2025-12-06T05:52:13.885+0000] {dag.py:3823} INFO - Setting next_dagrun for example_subdag_operator.section-1 to None, run_after=None
[2025-12-06T05:52:13.886+0000] {logging_mixin.py:188} INFO - [2025-12-06T05:52:13.886+0000] {dag.py:3823} INFO - Setting next_dagrun for example_subdag_operator.section-2 to None, run_after=None
[2025-12-06T05:52:13.907+0000] {processor.py:183} INFO - Processing /home/airflow/.local/lib/python3.8/site-packages/airflow/example_dags/example_subdag_operator.py took 0.162 seconds
[2025-12-06T05:52:43.936+0000] {processor.py:161} INFO - Started process (PID=844) to work on /home/airflow/.local/lib/python3.8/site-packages/airflow/example_dags/example_subdag_operator.py
[2025-12-06T05:52:43.939+0000] {processor.py:830} INFO - Processing file /home/airflow/.local/lib/python3.8/site-packages/airflow/example_dags/example_subdag_operator.py for tasks to queue
[2025-12-06T05:52:43.941+0000] {logging_mixin.py:188} INFO - [2025-12-06T05:52:43.941+0000] {dagbag.py:538} INFO - Filling up the DagBag from /home/airflow/.local/lib/python3.8/site-packages/airflow/example_dags/example_subdag_operator.py
[2025-12-06T05:52:43.981+0000] {processor.py:840} INFO - DAG(s) 'example_subdag_operator.section-1', 'example_subdag_operator.section-2', 'example_subdag_operator' retrieved from /home/airflow/.local/lib/python3.8/site-packages/airflow/example_dags/example_subdag_operator.py
[2025-12-06T05:52:44.008+0000] {logging_mixin.py:188} INFO - [2025-12-06T05:52:44.008+0000] {dag.py:3036} INFO - Sync 3 DAGs
[2025-12-06T05:52:44.046+0000] {logging_mixin.py:188} INFO - [2025-12-06T05:52:44.046+0000] {dag.py:3823} INFO - Setting next_dagrun for example_subdag_operator to 2022-01-01 00:00:00+00:00, run_after=2022-01-01 00:00:00+00:00
[2025-12-06T05:52:44.054+0000] {logging_mixin.py:188} INFO - [2025-12-06T05:52:44.053+0000] {dag.py:3823} INFO - Setting next_dagrun for example_subdag_operator.section-1 to None, run_after=None
[2025-12-06T05:52:44.057+0000] {logging_mixin.py:188} INFO - [2025-12-06T05:52:44.056+0000] {dag.py:3823} INFO - Setting next_dagrun for example_subdag_operator.section-2 to None, run_after=None
[2025-12-06T05:52:44.072+0000] {logging_mixin.py:188} INFO - [2025-12-06T05:52:44.072+0000] {dag.py:3036} INFO - Sync 2 DAGs
[2025-12-06T05:52:44.081+0000] {logging_mixin.py:188} INFO - [2025-12-06T05:52:44.080+0000] {dag.py:3823} INFO - Setting next_dagrun for example_subdag_operator.section-1 to None, run_after=None
[2025-12-06T05:52:44.085+0000] {logging_mixin.py:188} INFO - [2025-12-06T05:52:44.084+0000] {dag.py:3823} INFO - Setting next_dagrun for example_subdag_operator.section-2 to None, run_after=None
[2025-12-06T05:52:44.108+0000] {processor.py:183} INFO - Processing /home/airflow/.local/lib/python3.8/site-packages/airflow/example_dags/example_subdag_operator.py took 0.176 seconds
[2025-12-06T05:53:14.157+0000] {processor.py:161} INFO - Started process (PID=899) to work on /home/airflow/.local/lib/python3.8/site-packages/airflow/example_dags/example_subdag_operator.py
[2025-12-06T05:53:14.159+0000] {processor.py:830} INFO - Processing file /home/airflow/.local/lib/python3.8/site-packages/airflow/example_dags/example_subdag_operator.py for tasks to queue
[2025-12-06T05:53:14.163+0000] {logging_mixin.py:188} INFO - [2025-12-06T05:53:14.162+0000] {dagbag.py:538} INFO - Filling up the DagBag from /home/airflow/.local/lib/python3.8/site-packages/airflow/example_dags/example_subdag_operator.py
[2025-12-06T05:53:14.219+0000] {processor.py:840} INFO - DAG(s) 'example_subdag_operator.section-1', 'example_subdag_operator.section-2', 'example_subdag_operator' retrieved from /home/airflow/.local/lib/python3.8/site-packages/airflow/example_dags/example_subdag_operator.py
[2025-12-06T05:53:14.248+0000] {logging_mixin.py:188} INFO - [2025-12-06T05:53:14.248+0000] {dag.py:3036} INFO - Sync 3 DAGs
[2025-12-06T05:53:14.286+0000] {logging_mixin.py:188} INFO - [2025-12-06T05:53:14.285+0000] {dag.py:3823} INFO - Setting next_dagrun for example_subdag_operator to 2022-01-01 00:00:00+00:00, run_after=2022-01-01 00:00:00+00:00
[2025-12-06T05:53:14.294+0000] {logging_mixin.py:188} INFO - [2025-12-06T05:53:14.293+0000] {dag.py:3823} INFO - Setting next_dagrun for example_subdag_operator.section-1 to None, run_after=None
[2025-12-06T05:53:14.297+0000] {logging_mixin.py:188} INFO - [2025-12-06T05:53:14.296+0000] {dag.py:3823} INFO - Setting next_dagrun for example_subdag_operator.section-2 to None, run_after=None
[2025-12-06T05:53:14.310+0000] {logging_mixin.py:188} INFO - [2025-12-06T05:53:14.310+0000] {dag.py:3036} INFO - Sync 2 DAGs
[2025-12-06T05:53:14.319+0000] {logging_mixin.py:188} INFO - [2025-12-06T05:53:14.319+0000] {dag.py:3823} INFO - Setting next_dagrun for example_subdag_operator.section-1 to None, run_after=None
[2025-12-06T05:53:14.321+0000] {logging_mixin.py:188} INFO - [2025-12-06T05:53:14.320+0000] {dag.py:3823} INFO - Setting next_dagrun for example_subdag_operator.section-2 to None, run_after=None
[2025-12-06T05:53:14.345+0000] {processor.py:183} INFO - Processing /home/airflow/.local/lib/python3.8/site-packages/airflow/example_dags/example_subdag_operator.py took 0.198 seconds
[2025-12-06T05:53:44.610+0000] {processor.py:161} INFO - Started process (PID=954) to work on /home/airflow/.local/lib/python3.8/site-packages/airflow/example_dags/example_subdag_operator.py
[2025-12-06T05:53:44.613+0000] {processor.py:830} INFO - Processing file /home/airflow/.local/lib/python3.8/site-packages/airflow/example_dags/example_subdag_operator.py for tasks to queue
[2025-12-06T05:53:44.616+0000] {logging_mixin.py:188} INFO - [2025-12-06T05:53:44.615+0000] {dagbag.py:538} INFO - Filling up the DagBag from /home/airflow/.local/lib/python3.8/site-packages/airflow/example_dags/example_subdag_operator.py
[2025-12-06T05:53:44.656+0000] {processor.py:840} INFO - DAG(s) 'example_subdag_operator.section-1', 'example_subdag_operator.section-2', 'example_subdag_operator' retrieved from /home/airflow/.local/lib/python3.8/site-packages/airflow/example_dags/example_subdag_operator.py
[2025-12-06T05:53:44.679+0000] {logging_mixin.py:188} INFO - [2025-12-06T05:53:44.679+0000] {dag.py:3036} INFO - Sync 3 DAGs
[2025-12-06T05:53:44.716+0000] {logging_mixin.py:188} INFO - [2025-12-06T05:53:44.716+0000] {dag.py:3823} INFO - Setting next_dagrun for example_subdag_operator to 2022-01-01 00:00:00+00:00, run_after=2022-01-01 00:00:00+00:00
[2025-12-06T05:53:44.720+0000] {logging_mixin.py:188} INFO - [2025-12-06T05:53:44.720+0000] {dag.py:3823} INFO - Setting next_dagrun for example_subdag_operator.section-1 to None, run_after=None
[2025-12-06T05:53:44.723+0000] {logging_mixin.py:188} INFO - [2025-12-06T05:53:44.723+0000] {dag.py:3823} INFO - Setting next_dagrun for example_subdag_operator.section-2 to None, run_after=None
[2025-12-06T05:53:44.735+0000] {logging_mixin.py:188} INFO - [2025-12-06T05:53:44.734+0000] {dag.py:3036} INFO - Sync 2 DAGs
[2025-12-06T05:53:44.743+0000] {logging_mixin.py:188} INFO - [2025-12-06T05:53:44.743+0000] {dag.py:3823} INFO - Setting next_dagrun for example_subdag_operator.section-1 to None, run_after=None
[2025-12-06T05:53:44.745+0000] {logging_mixin.py:188} INFO - [2025-12-06T05:53:44.745+0000] {dag.py:3823} INFO - Setting next_dagrun for example_subdag_operator.section-2 to None, run_after=None
[2025-12-06T05:53:44.764+0000] {processor.py:183} INFO - Processing /home/airflow/.local/lib/python3.8/site-packages/airflow/example_dags/example_subdag_operator.py took 0.159 seconds
[2025-12-06T05:54:14.955+0000] {processor.py:161} INFO - Started process (PID=1009) to work on /home/airflow/.local/lib/python3.8/site-packages/airflow/example_dags/example_subdag_operator.py
[2025-12-06T05:54:14.957+0000] {processor.py:830} INFO - Processing file /home/airflow/.local/lib/python3.8/site-packages/airflow/example_dags/example_subdag_operator.py for tasks to queue
[2025-12-06T05:54:14.960+0000] {logging_mixin.py:188} INFO - [2025-12-06T05:54:14.960+0000] {dagbag.py:538} INFO - Filling up the DagBag from /home/airflow/.local/lib/python3.8/site-packages/airflow/example_dags/example_subdag_operator.py
[2025-12-06T05:54:14.999+0000] {processor.py:840} INFO - DAG(s) 'example_subdag_operator.section-1', 'example_subdag_operator.section-2', 'example_subdag_operator' retrieved from /home/airflow/.local/lib/python3.8/site-packages/airflow/example_dags/example_subdag_operator.py
[2025-12-06T05:54:15.027+0000] {logging_mixin.py:188} INFO - [2025-12-06T05:54:15.026+0000] {dag.py:3036} INFO - Sync 3 DAGs
[2025-12-06T05:54:15.066+0000] {logging_mixin.py:188} INFO - [2025-12-06T05:54:15.065+0000] {dag.py:3823} INFO - Setting next_dagrun for example_subdag_operator to 2022-01-01 00:00:00+00:00, run_after=2022-01-01 00:00:00+00:00
[2025-12-06T05:54:15.072+0000] {logging_mixin.py:188} INFO - [2025-12-06T05:54:15.072+0000] {dag.py:3823} INFO - Setting next_dagrun for example_subdag_operator.section-1 to None, run_after=None
[2025-12-06T05:54:15.076+0000] {logging_mixin.py:188} INFO - [2025-12-06T05:54:15.075+0000] {dag.py:3823} INFO - Setting next_dagrun for example_subdag_operator.section-2 to None, run_after=None
[2025-12-06T05:54:15.088+0000] {logging_mixin.py:188} INFO - [2025-12-06T05:54:15.087+0000] {dag.py:3036} INFO - Sync 2 DAGs
[2025-12-06T05:54:15.096+0000] {logging_mixin.py:188} INFO - [2025-12-06T05:54:15.096+0000] {dag.py:3823} INFO - Setting next_dagrun for example_subdag_operator.section-1 to None, run_after=None
[2025-12-06T05:54:15.097+0000] {logging_mixin.py:188} INFO - [2025-12-06T05:54:15.097+0000] {dag.py:3823} INFO - Setting next_dagrun for example_subdag_operator.section-2 to None, run_after=None
[2025-12-06T05:54:15.118+0000] {processor.py:183} INFO - Processing /home/airflow/.local/lib/python3.8/site-packages/airflow/example_dags/example_subdag_operator.py took 0.168 seconds
[2025-12-06T05:54:45.746+0000] {processor.py:161} INFO - Started process (PID=1071) to work on /home/airflow/.local/lib/python3.8/site-packages/airflow/example_dags/example_subdag_operator.py
[2025-12-06T05:54:45.748+0000] {processor.py:830} INFO - Processing file /home/airflow/.local/lib/python3.8/site-packages/airflow/example_dags/example_subdag_operator.py for tasks to queue
[2025-12-06T05:54:45.751+0000] {logging_mixin.py:188} INFO - [2025-12-06T05:54:45.750+0000] {dagbag.py:538} INFO - Filling up the DagBag from /home/airflow/.local/lib/python3.8/site-packages/airflow/example_dags/example_subdag_operator.py
[2025-12-06T05:54:45.792+0000] {processor.py:840} INFO - DAG(s) 'example_subdag_operator.section-1', 'example_subdag_operator.section-2', 'example_subdag_operator' retrieved from /home/airflow/.local/lib/python3.8/site-packages/airflow/example_dags/example_subdag_operator.py
[2025-12-06T05:54:45.824+0000] {logging_mixin.py:188} INFO - [2025-12-06T05:54:45.823+0000] {dag.py:3036} INFO - Sync 3 DAGs
[2025-12-06T05:54:45.887+0000] {logging_mixin.py:188} INFO - [2025-12-06T05:54:45.886+0000] {dag.py:3823} INFO - Setting next_dagrun for example_subdag_operator to 2022-01-01 00:00:00+00:00, run_after=2022-01-01 00:00:00+00:00
[2025-12-06T05:54:45.892+0000] {logging_mixin.py:188} INFO - [2025-12-06T05:54:45.892+0000] {dag.py:3823} INFO - Setting next_dagrun for example_subdag_operator.section-1 to None, run_after=None
[2025-12-06T05:54:45.896+0000] {logging_mixin.py:188} INFO - [2025-12-06T05:54:45.895+0000] {dag.py:3823} INFO - Setting next_dagrun for example_subdag_operator.section-2 to None, run_after=None
[2025-12-06T05:54:45.909+0000] {logging_mixin.py:188} INFO - [2025-12-06T05:54:45.909+0000] {dag.py:3036} INFO - Sync 2 DAGs
[2025-12-06T05:54:45.919+0000] {logging_mixin.py:188} INFO - [2025-12-06T05:54:45.918+0000] {dag.py:3823} INFO - Setting next_dagrun for example_subdag_operator.section-1 to None, run_after=None
[2025-12-06T05:54:45.919+0000] {logging_mixin.py:188} INFO - [2025-12-06T05:54:45.919+0000] {dag.py:3823} INFO - Setting next_dagrun for example_subdag_operator.section-2 to None, run_after=None
[2025-12-06T05:54:45.942+0000] {processor.py:183} INFO - Processing /home/airflow/.local/lib/python3.8/site-packages/airflow/example_dags/example_subdag_operator.py took 0.200 seconds
[2025-12-06T05:55:16.151+0000] {processor.py:161} INFO - Started process (PID=1126) to work on /home/airflow/.local/lib/python3.8/site-packages/airflow/example_dags/example_subdag_operator.py
[2025-12-06T05:55:16.152+0000] {processor.py:830} INFO - Processing file /home/airflow/.local/lib/python3.8/site-packages/airflow/example_dags/example_subdag_operator.py for tasks to queue
[2025-12-06T05:55:16.156+0000] {logging_mixin.py:188} INFO - [2025-12-06T05:55:16.155+0000] {dagbag.py:538} INFO - Filling up the DagBag from /home/airflow/.local/lib/python3.8/site-packages/airflow/example_dags/example_subdag_operator.py
[2025-12-06T05:55:16.192+0000] {processor.py:840} INFO - DAG(s) 'example_subdag_operator.section-1', 'example_subdag_operator.section-2', 'example_subdag_operator' retrieved from /home/airflow/.local/lib/python3.8/site-packages/airflow/example_dags/example_subdag_operator.py
[2025-12-06T05:55:16.217+0000] {logging_mixin.py:188} INFO - [2025-12-06T05:55:16.216+0000] {dag.py:3036} INFO - Sync 3 DAGs
[2025-12-06T05:55:16.253+0000] {logging_mixin.py:188} INFO - [2025-12-06T05:55:16.252+0000] {dag.py:3823} INFO - Setting next_dagrun for example_subdag_operator to 2022-01-01 00:00:00+00:00, run_after=2022-01-01 00:00:00+00:00
[2025-12-06T05:55:16.259+0000] {logging_mixin.py:188} INFO - [2025-12-06T05:55:16.258+0000] {dag.py:3823} INFO - Setting next_dagrun for example_subdag_operator.section-1 to None, run_after=None
[2025-12-06T05:55:16.262+0000] {logging_mixin.py:188} INFO - [2025-12-06T05:55:16.261+0000] {dag.py:3823} INFO - Setting next_dagrun for example_subdag_operator.section-2 to None, run_after=None
[2025-12-06T05:55:16.273+0000] {logging_mixin.py:188} INFO - [2025-12-06T05:55:16.272+0000] {dag.py:3036} INFO - Sync 2 DAGs
[2025-12-06T05:55:16.282+0000] {logging_mixin.py:188} INFO - [2025-12-06T05:55:16.281+0000] {dag.py:3823} INFO - Setting next_dagrun for example_subdag_operator.section-1 to None, run_after=None
[2025-12-06T05:55:16.282+0000] {logging_mixin.py:188} INFO - [2025-12-06T05:55:16.282+0000] {dag.py:3823} INFO - Setting next_dagrun for example_subdag_operator.section-2 to None, run_after=None
[2025-12-06T05:55:16.300+0000] {processor.py:183} INFO - Processing /home/airflow/.local/lib/python3.8/site-packages/airflow/example_dags/example_subdag_operator.py took 0.155 seconds
[2025-12-06T05:55:46.602+0000] {processor.py:161} INFO - Started process (PID=1182) to work on /home/airflow/.local/lib/python3.8/site-packages/airflow/example_dags/example_subdag_operator.py
[2025-12-06T05:55:46.604+0000] {processor.py:830} INFO - Processing file /home/airflow/.local/lib/python3.8/site-packages/airflow/example_dags/example_subdag_operator.py for tasks to queue
[2025-12-06T05:55:46.607+0000] {logging_mixin.py:188} INFO - [2025-12-06T05:55:46.606+0000] {dagbag.py:538} INFO - Filling up the DagBag from /home/airflow/.local/lib/python3.8/site-packages/airflow/example_dags/example_subdag_operator.py
[2025-12-06T05:55:46.651+0000] {processor.py:840} INFO - DAG(s) 'example_subdag_operator.section-1', 'example_subdag_operator.section-2', 'example_subdag_operator' retrieved from /home/airflow/.local/lib/python3.8/site-packages/airflow/example_dags/example_subdag_operator.py
[2025-12-06T05:55:46.675+0000] {logging_mixin.py:188} INFO - [2025-12-06T05:55:46.675+0000] {dag.py:3036} INFO - Sync 3 DAGs
[2025-12-06T05:55:46.708+0000] {logging_mixin.py:188} INFO - [2025-12-06T05:55:46.708+0000] {dag.py:3823} INFO - Setting next_dagrun for example_subdag_operator to 2022-01-01 00:00:00+00:00, run_after=2022-01-01 00:00:00+00:00
[2025-12-06T05:55:46.714+0000] {logging_mixin.py:188} INFO - [2025-12-06T05:55:46.714+0000] {dag.py:3823} INFO - Setting next_dagrun for example_subdag_operator.section-1 to None, run_after=None
[2025-12-06T05:55:46.717+0000] {logging_mixin.py:188} INFO - [2025-12-06T05:55:46.717+0000] {dag.py:3823} INFO - Setting next_dagrun for example_subdag_operator.section-2 to None, run_after=None
[2025-12-06T05:55:46.732+0000] {logging_mixin.py:188} INFO - [2025-12-06T05:55:46.731+0000] {dag.py:3036} INFO - Sync 2 DAGs
[2025-12-06T05:55:46.741+0000] {logging_mixin.py:188} INFO - [2025-12-06T05:55:46.741+0000] {dag.py:3823} INFO - Setting next_dagrun for example_subdag_operator.section-1 to None, run_after=None
[2025-12-06T05:55:46.742+0000] {logging_mixin.py:188} INFO - [2025-12-06T05:55:46.741+0000] {dag.py:3823} INFO - Setting next_dagrun for example_subdag_operator.section-2 to None, run_after=None
[2025-12-06T05:55:46.758+0000] {processor.py:183} INFO - Processing /home/airflow/.local/lib/python3.8/site-packages/airflow/example_dags/example_subdag_operator.py took 0.161 seconds
[2025-12-06T05:56:17.159+0000] {processor.py:161} INFO - Started process (PID=1240) to work on /home/airflow/.local/lib/python3.8/site-packages/airflow/example_dags/example_subdag_operator.py
[2025-12-06T05:56:17.160+0000] {processor.py:830} INFO - Processing file /home/airflow/.local/lib/python3.8/site-packages/airflow/example_dags/example_subdag_operator.py for tasks to queue
[2025-12-06T05:56:17.163+0000] {logging_mixin.py:188} INFO - [2025-12-06T05:56:17.162+0000] {dagbag.py:538} INFO - Filling up the DagBag from /home/airflow/.local/lib/python3.8/site-packages/airflow/example_dags/example_subdag_operator.py
[2025-12-06T05:56:17.194+0000] {processor.py:840} INFO - DAG(s) 'example_subdag_operator.section-1', 'example_subdag_operator.section-2', 'example_subdag_operator' retrieved from /home/airflow/.local/lib/python3.8/site-packages/airflow/example_dags/example_subdag_operator.py
[2025-12-06T05:56:17.213+0000] {logging_mixin.py:188} INFO - [2025-12-06T05:56:17.213+0000] {dag.py:3036} INFO - Sync 3 DAGs
[2025-12-06T05:56:17.241+0000] {logging_mixin.py:188} INFO - [2025-12-06T05:56:17.240+0000] {dag.py:3823} INFO - Setting next_dagrun for example_subdag_operator to 2022-01-01 00:00:00+00:00, run_after=2022-01-01 00:00:00+00:00
[2025-12-06T05:56:17.247+0000] {logging_mixin.py:188} INFO - [2025-12-06T05:56:17.246+0000] {dag.py:3823} INFO - Setting next_dagrun for example_subdag_operator.section-1 to None, run_after=None
[2025-12-06T05:56:17.249+0000] {logging_mixin.py:188} INFO - [2025-12-06T05:56:17.249+0000] {dag.py:3823} INFO - Setting next_dagrun for example_subdag_operator.section-2 to None, run_after=None
[2025-12-06T05:56:17.260+0000] {logging_mixin.py:188} INFO - [2025-12-06T05:56:17.259+0000] {dag.py:3036} INFO - Sync 2 DAGs
[2025-12-06T05:56:17.267+0000] {logging_mixin.py:188} INFO - [2025-12-06T05:56:17.267+0000] {dag.py:3823} INFO - Setting next_dagrun for example_subdag_operator.section-1 to None, run_after=None
[2025-12-06T05:56:17.268+0000] {logging_mixin.py:188} INFO - [2025-12-06T05:56:17.268+0000] {dag.py:3823} INFO - Setting next_dagrun for example_subdag_operator.section-2 to None, run_after=None
[2025-12-06T05:56:17.285+0000] {processor.py:183} INFO - Processing /home/airflow/.local/lib/python3.8/site-packages/airflow/example_dags/example_subdag_operator.py took 0.131 seconds
[2025-12-06T05:56:48.119+0000] {processor.py:161} INFO - Started process (PID=1296) to work on /home/airflow/.local/lib/python3.8/site-packages/airflow/example_dags/example_subdag_operator.py
[2025-12-06T05:56:48.124+0000] {processor.py:830} INFO - Processing file /home/airflow/.local/lib/python3.8/site-packages/airflow/example_dags/example_subdag_operator.py for tasks to queue
[2025-12-06T05:56:48.129+0000] {logging_mixin.py:188} INFO - [2025-12-06T05:56:48.128+0000] {dagbag.py:538} INFO - Filling up the DagBag from /home/airflow/.local/lib/python3.8/site-packages/airflow/example_dags/example_subdag_operator.py
[2025-12-06T05:56:48.208+0000] {processor.py:840} INFO - DAG(s) 'example_subdag_operator.section-1', 'example_subdag_operator.section-2', 'example_subdag_operator' retrieved from /home/airflow/.local/lib/python3.8/site-packages/airflow/example_dags/example_subdag_operator.py
[2025-12-06T05:56:48.253+0000] {logging_mixin.py:188} INFO - [2025-12-06T05:56:48.253+0000] {dag.py:3036} INFO - Sync 3 DAGs
[2025-12-06T05:56:48.327+0000] {logging_mixin.py:188} INFO - [2025-12-06T05:56:48.327+0000] {dag.py:3823} INFO - Setting next_dagrun for example_subdag_operator to 2022-01-01 00:00:00+00:00, run_after=2022-01-01 00:00:00+00:00
[2025-12-06T05:56:48.344+0000] {logging_mixin.py:188} INFO - [2025-12-06T05:56:48.344+0000] {dag.py:3823} INFO - Setting next_dagrun for example_subdag_operator.section-1 to None, run_after=None
[2025-12-06T05:56:48.357+0000] {logging_mixin.py:188} INFO - [2025-12-06T05:56:48.356+0000] {dag.py:3823} INFO - Setting next_dagrun for example_subdag_operator.section-2 to None, run_after=None
[2025-12-06T05:56:48.381+0000] {logging_mixin.py:188} INFO - [2025-12-06T05:56:48.380+0000] {dag.py:3036} INFO - Sync 2 DAGs
[2025-12-06T05:56:48.399+0000] {logging_mixin.py:188} INFO - [2025-12-06T05:56:48.398+0000] {dag.py:3823} INFO - Setting next_dagrun for example_subdag_operator.section-1 to None, run_after=None
[2025-12-06T05:56:48.400+0000] {logging_mixin.py:188} INFO - [2025-12-06T05:56:48.400+0000] {dag.py:3823} INFO - Setting next_dagrun for example_subdag_operator.section-2 to None, run_after=None
[2025-12-06T05:56:48.437+0000] {processor.py:183} INFO - Processing /home/airflow/.local/lib/python3.8/site-packages/airflow/example_dags/example_subdag_operator.py took 0.335 seconds
[2025-12-06T05:57:19.005+0000] {processor.py:161} INFO - Started process (PID=1352) to work on /home/airflow/.local/lib/python3.8/site-packages/airflow/example_dags/example_subdag_operator.py
[2025-12-06T05:57:19.006+0000] {processor.py:830} INFO - Processing file /home/airflow/.local/lib/python3.8/site-packages/airflow/example_dags/example_subdag_operator.py for tasks to queue
[2025-12-06T05:57:19.010+0000] {logging_mixin.py:188} INFO - [2025-12-06T05:57:19.009+0000] {dagbag.py:538} INFO - Filling up the DagBag from /home/airflow/.local/lib/python3.8/site-packages/airflow/example_dags/example_subdag_operator.py
[2025-12-06T05:57:19.050+0000] {processor.py:840} INFO - DAG(s) 'example_subdag_operator.section-1', 'example_subdag_operator.section-2', 'example_subdag_operator' retrieved from /home/airflow/.local/lib/python3.8/site-packages/airflow/example_dags/example_subdag_operator.py
[2025-12-06T05:57:19.074+0000] {logging_mixin.py:188} INFO - [2025-12-06T05:57:19.074+0000] {dag.py:3036} INFO - Sync 3 DAGs
[2025-12-06T05:57:19.109+0000] {logging_mixin.py:188} INFO - [2025-12-06T05:57:19.109+0000] {dag.py:3823} INFO - Setting next_dagrun for example_subdag_operator to 2022-01-01 00:00:00+00:00, run_after=2022-01-01 00:00:00+00:00
[2025-12-06T05:57:19.116+0000] {logging_mixin.py:188} INFO - [2025-12-06T05:57:19.115+0000] {dag.py:3823} INFO - Setting next_dagrun for example_subdag_operator.section-1 to None, run_after=None
[2025-12-06T05:57:19.119+0000] {logging_mixin.py:188} INFO - [2025-12-06T05:57:19.118+0000] {dag.py:3823} INFO - Setting next_dagrun for example_subdag_operator.section-2 to None, run_after=None
[2025-12-06T05:57:19.130+0000] {logging_mixin.py:188} INFO - [2025-12-06T05:57:19.130+0000] {dag.py:3036} INFO - Sync 2 DAGs
[2025-12-06T05:57:19.140+0000] {logging_mixin.py:188} INFO - [2025-12-06T05:57:19.139+0000] {dag.py:3823} INFO - Setting next_dagrun for example_subdag_operator.section-1 to None, run_after=None
[2025-12-06T05:57:19.140+0000] {logging_mixin.py:188} INFO - [2025-12-06T05:57:19.140+0000] {dag.py:3823} INFO - Setting next_dagrun for example_subdag_operator.section-2 to None, run_after=None
[2025-12-06T05:57:19.160+0000] {processor.py:183} INFO - Processing /home/airflow/.local/lib/python3.8/site-packages/airflow/example_dags/example_subdag_operator.py took 0.160 seconds
[2025-12-06T05:57:49.517+0000] {processor.py:161} INFO - Started process (PID=1408) to work on /home/airflow/.local/lib/python3.8/site-packages/airflow/example_dags/example_subdag_operator.py
[2025-12-06T05:57:49.519+0000] {processor.py:830} INFO - Processing file /home/airflow/.local/lib/python3.8/site-packages/airflow/example_dags/example_subdag_operator.py for tasks to queue
[2025-12-06T05:57:49.522+0000] {logging_mixin.py:188} INFO - [2025-12-06T05:57:49.522+0000] {dagbag.py:538} INFO - Filling up the DagBag from /home/airflow/.local/lib/python3.8/site-packages/airflow/example_dags/example_subdag_operator.py
[2025-12-06T05:57:49.563+0000] {processor.py:840} INFO - DAG(s) 'example_subdag_operator.section-1', 'example_subdag_operator.section-2', 'example_subdag_operator' retrieved from /home/airflow/.local/lib/python3.8/site-packages/airflow/example_dags/example_subdag_operator.py
[2025-12-06T05:57:49.592+0000] {logging_mixin.py:188} INFO - [2025-12-06T05:57:49.591+0000] {dag.py:3036} INFO - Sync 3 DAGs
[2025-12-06T05:57:49.625+0000] {logging_mixin.py:188} INFO - [2025-12-06T05:57:49.624+0000] {dag.py:3823} INFO - Setting next_dagrun for example_subdag_operator to 2022-01-01 00:00:00+00:00, run_after=2022-01-01 00:00:00+00:00
[2025-12-06T05:57:49.631+0000] {logging_mixin.py:188} INFO - [2025-12-06T05:57:49.631+0000] {dag.py:3823} INFO - Setting next_dagrun for example_subdag_operator.section-1 to None, run_after=None
[2025-12-06T05:57:49.636+0000] {logging_mixin.py:188} INFO - [2025-12-06T05:57:49.636+0000] {dag.py:3823} INFO - Setting next_dagrun for example_subdag_operator.section-2 to None, run_after=None
[2025-12-06T05:57:49.648+0000] {logging_mixin.py:188} INFO - [2025-12-06T05:57:49.648+0000] {dag.py:3036} INFO - Sync 2 DAGs
[2025-12-06T05:57:49.656+0000] {logging_mixin.py:188} INFO - [2025-12-06T05:57:49.656+0000] {dag.py:3823} INFO - Setting next_dagrun for example_subdag_operator.section-1 to None, run_after=None
[2025-12-06T05:57:49.657+0000] {logging_mixin.py:188} INFO - [2025-12-06T05:57:49.657+0000] {dag.py:3823} INFO - Setting next_dagrun for example_subdag_operator.section-2 to None, run_after=None
[2025-12-06T05:57:49.676+0000] {processor.py:183} INFO - Processing /home/airflow/.local/lib/python3.8/site-packages/airflow/example_dags/example_subdag_operator.py took 0.164 seconds
[2025-12-06T05:58:20.161+0000] {processor.py:161} INFO - Started process (PID=1464) to work on /home/airflow/.local/lib/python3.8/site-packages/airflow/example_dags/example_subdag_operator.py
[2025-12-06T05:58:20.162+0000] {processor.py:830} INFO - Processing file /home/airflow/.local/lib/python3.8/site-packages/airflow/example_dags/example_subdag_operator.py for tasks to queue
[2025-12-06T05:58:20.166+0000] {logging_mixin.py:188} INFO - [2025-12-06T05:58:20.165+0000] {dagbag.py:538} INFO - Filling up the DagBag from /home/airflow/.local/lib/python3.8/site-packages/airflow/example_dags/example_subdag_operator.py
[2025-12-06T05:58:20.207+0000] {processor.py:840} INFO - DAG(s) 'example_subdag_operator.section-1', 'example_subdag_operator.section-2', 'example_subdag_operator' retrieved from /home/airflow/.local/lib/python3.8/site-packages/airflow/example_dags/example_subdag_operator.py
[2025-12-06T05:58:20.230+0000] {logging_mixin.py:188} INFO - [2025-12-06T05:58:20.229+0000] {dag.py:3036} INFO - Sync 3 DAGs
[2025-12-06T05:58:20.262+0000] {logging_mixin.py:188} INFO - [2025-12-06T05:58:20.262+0000] {dag.py:3823} INFO - Setting next_dagrun for example_subdag_operator to 2022-01-01 00:00:00+00:00, run_after=2022-01-01 00:00:00+00:00
[2025-12-06T05:58:20.269+0000] {logging_mixin.py:188} INFO - [2025-12-06T05:58:20.268+0000] {dag.py:3823} INFO - Setting next_dagrun for example_subdag_operator.section-1 to None, run_after=None
[2025-12-06T05:58:20.272+0000] {logging_mixin.py:188} INFO - [2025-12-06T05:58:20.272+0000] {dag.py:3823} INFO - Setting next_dagrun for example_subdag_operator.section-2 to None, run_after=None
[2025-12-06T05:58:20.286+0000] {logging_mixin.py:188} INFO - [2025-12-06T05:58:20.285+0000] {dag.py:3036} INFO - Sync 2 DAGs
[2025-12-06T05:58:20.294+0000] {logging_mixin.py:188} INFO - [2025-12-06T05:58:20.294+0000] {dag.py:3823} INFO - Setting next_dagrun for example_subdag_operator.section-1 to None, run_after=None
[2025-12-06T05:58:20.296+0000] {logging_mixin.py:188} INFO - [2025-12-06T05:58:20.296+0000] {dag.py:3823} INFO - Setting next_dagrun for example_subdag_operator.section-2 to None, run_after=None
[2025-12-06T05:58:20.319+0000] {processor.py:183} INFO - Processing /home/airflow/.local/lib/python3.8/site-packages/airflow/example_dags/example_subdag_operator.py took 0.162 seconds
[2025-12-06T05:58:50.413+0000] {processor.py:161} INFO - Started process (PID=1520) to work on /home/airflow/.local/lib/python3.8/site-packages/airflow/example_dags/example_subdag_operator.py
[2025-12-06T05:58:50.414+0000] {processor.py:830} INFO - Processing file /home/airflow/.local/lib/python3.8/site-packages/airflow/example_dags/example_subdag_operator.py for tasks to queue
[2025-12-06T05:58:50.417+0000] {logging_mixin.py:188} INFO - [2025-12-06T05:58:50.416+0000] {dagbag.py:538} INFO - Filling up the DagBag from /home/airflow/.local/lib/python3.8/site-packages/airflow/example_dags/example_subdag_operator.py
[2025-12-06T05:58:50.452+0000] {processor.py:840} INFO - DAG(s) 'example_subdag_operator.section-1', 'example_subdag_operator.section-2', 'example_subdag_operator' retrieved from /home/airflow/.local/lib/python3.8/site-packages/airflow/example_dags/example_subdag_operator.py
[2025-12-06T05:58:50.474+0000] {logging_mixin.py:188} INFO - [2025-12-06T05:58:50.474+0000] {dag.py:3036} INFO - Sync 3 DAGs
[2025-12-06T05:58:50.509+0000] {logging_mixin.py:188} INFO - [2025-12-06T05:58:50.509+0000] {dag.py:3823} INFO - Setting next_dagrun for example_subdag_operator to 2022-01-01 00:00:00+00:00, run_after=2022-01-01 00:00:00+00:00
[2025-12-06T05:58:50.515+0000] {logging_mixin.py:188} INFO - [2025-12-06T05:58:50.515+0000] {dag.py:3823} INFO - Setting next_dagrun for example_subdag_operator.section-1 to None, run_after=None
[2025-12-06T05:58:50.518+0000] {logging_mixin.py:188} INFO - [2025-12-06T05:58:50.518+0000] {dag.py:3823} INFO - Setting next_dagrun for example_subdag_operator.section-2 to None, run_after=None
[2025-12-06T05:58:50.533+0000] {logging_mixin.py:188} INFO - [2025-12-06T05:58:50.533+0000] {dag.py:3036} INFO - Sync 2 DAGs
[2025-12-06T05:58:50.541+0000] {logging_mixin.py:188} INFO - [2025-12-06T05:58:50.540+0000] {dag.py:3823} INFO - Setting next_dagrun for example_subdag_operator.section-1 to None, run_after=None
[2025-12-06T05:58:50.542+0000] {logging_mixin.py:188} INFO - [2025-12-06T05:58:50.542+0000] {dag.py:3823} INFO - Setting next_dagrun for example_subdag_operator.section-2 to None, run_after=None
[2025-12-06T05:58:50.563+0000] {processor.py:183} INFO - Processing /home/airflow/.local/lib/python3.8/site-packages/airflow/example_dags/example_subdag_operator.py took 0.156 seconds
[2025-12-06T08:56:06.674+0000] {processor.py:161} INFO - Started process (PID=82) to work on /home/airflow/.local/lib/python3.8/site-packages/airflow/example_dags/example_subdag_operator.py
[2025-12-06T08:56:06.678+0000] {processor.py:830} INFO - Processing file /home/airflow/.local/lib/python3.8/site-packages/airflow/example_dags/example_subdag_operator.py for tasks to queue
[2025-12-06T08:56:06.682+0000] {logging_mixin.py:188} INFO - [2025-12-06T08:56:06.681+0000] {dagbag.py:538} INFO - Filling up the DagBag from /home/airflow/.local/lib/python3.8/site-packages/airflow/example_dags/example_subdag_operator.py
[2025-12-06T08:56:06.749+0000] {processor.py:840} INFO - DAG(s) 'example_subdag_operator.section-1', 'example_subdag_operator.section-2', 'example_subdag_operator' retrieved from /home/airflow/.local/lib/python3.8/site-packages/airflow/example_dags/example_subdag_operator.py
[2025-12-06T08:56:07.068+0000] {logging_mixin.py:188} INFO - [2025-12-06T08:56:07.068+0000] {dag.py:3036} INFO - Sync 3 DAGs
[2025-12-06T08:56:07.130+0000] {logging_mixin.py:188} INFO - [2025-12-06T08:56:07.130+0000] {dag.py:3823} INFO - Setting next_dagrun for example_subdag_operator to 2022-01-01 00:00:00+00:00, run_after=2022-01-01 00:00:00+00:00
[2025-12-06T08:56:07.141+0000] {logging_mixin.py:188} INFO - [2025-12-06T08:56:07.140+0000] {dag.py:3823} INFO - Setting next_dagrun for example_subdag_operator.section-1 to None, run_after=None
[2025-12-06T08:56:07.152+0000] {logging_mixin.py:188} INFO - [2025-12-06T08:56:07.151+0000] {dag.py:3823} INFO - Setting next_dagrun for example_subdag_operator.section-2 to None, run_after=None
[2025-12-06T08:56:07.192+0000] {logging_mixin.py:188} INFO - [2025-12-06T08:56:07.192+0000] {dag.py:3036} INFO - Sync 2 DAGs
[2025-12-06T08:56:07.208+0000] {logging_mixin.py:188} INFO - [2025-12-06T08:56:07.207+0000] {dag.py:3823} INFO - Setting next_dagrun for example_subdag_operator.section-1 to None, run_after=None
[2025-12-06T08:56:07.210+0000] {logging_mixin.py:188} INFO - [2025-12-06T08:56:07.209+0000] {dag.py:3823} INFO - Setting next_dagrun for example_subdag_operator.section-2 to None, run_after=None
[2025-12-06T08:56:07.244+0000] {processor.py:183} INFO - Processing /home/airflow/.local/lib/python3.8/site-packages/airflow/example_dags/example_subdag_operator.py took 0.585 seconds
[2025-12-06T08:56:38.028+0000] {processor.py:161} INFO - Started process (PID=141) to work on /home/airflow/.local/lib/python3.8/site-packages/airflow/example_dags/example_subdag_operator.py
[2025-12-06T08:56:38.031+0000] {processor.py:830} INFO - Processing file /home/airflow/.local/lib/python3.8/site-packages/airflow/example_dags/example_subdag_operator.py for tasks to queue
[2025-12-06T08:56:38.034+0000] {logging_mixin.py:188} INFO - [2025-12-06T08:56:38.034+0000] {dagbag.py:538} INFO - Filling up the DagBag from /home/airflow/.local/lib/python3.8/site-packages/airflow/example_dags/example_subdag_operator.py
[2025-12-06T08:56:38.087+0000] {processor.py:840} INFO - DAG(s) 'example_subdag_operator.section-1', 'example_subdag_operator.section-2', 'example_subdag_operator' retrieved from /home/airflow/.local/lib/python3.8/site-packages/airflow/example_dags/example_subdag_operator.py
[2025-12-06T08:56:38.117+0000] {logging_mixin.py:188} INFO - [2025-12-06T08:56:38.116+0000] {dag.py:3036} INFO - Sync 3 DAGs
[2025-12-06T08:56:38.155+0000] {logging_mixin.py:188} INFO - [2025-12-06T08:56:38.155+0000] {dag.py:3823} INFO - Setting next_dagrun for example_subdag_operator to 2022-01-01 00:00:00+00:00, run_after=2022-01-01 00:00:00+00:00
[2025-12-06T08:56:38.166+0000] {logging_mixin.py:188} INFO - [2025-12-06T08:56:38.166+0000] {dag.py:3823} INFO - Setting next_dagrun for example_subdag_operator.section-1 to None, run_after=None
[2025-12-06T08:56:38.169+0000] {logging_mixin.py:188} INFO - [2025-12-06T08:56:38.168+0000] {dag.py:3823} INFO - Setting next_dagrun for example_subdag_operator.section-2 to None, run_after=None
[2025-12-06T08:56:38.181+0000] {logging_mixin.py:188} INFO - [2025-12-06T08:56:38.180+0000] {dag.py:3036} INFO - Sync 2 DAGs
[2025-12-06T08:56:38.194+0000] {logging_mixin.py:188} INFO - [2025-12-06T08:56:38.194+0000] {dag.py:3823} INFO - Setting next_dagrun for example_subdag_operator.section-1 to None, run_after=None
[2025-12-06T08:56:38.197+0000] {logging_mixin.py:188} INFO - [2025-12-06T08:56:38.196+0000] {dag.py:3823} INFO - Setting next_dagrun for example_subdag_operator.section-2 to None, run_after=None
[2025-12-06T08:56:38.228+0000] {processor.py:183} INFO - Processing /home/airflow/.local/lib/python3.8/site-packages/airflow/example_dags/example_subdag_operator.py took 0.204 seconds
[2025-12-06T08:57:08.479+0000] {processor.py:161} INFO - Started process (PID=200) to work on /home/airflow/.local/lib/python3.8/site-packages/airflow/example_dags/example_subdag_operator.py
[2025-12-06T08:57:08.482+0000] {processor.py:830} INFO - Processing file /home/airflow/.local/lib/python3.8/site-packages/airflow/example_dags/example_subdag_operator.py for tasks to queue
[2025-12-06T08:57:08.485+0000] {logging_mixin.py:188} INFO - [2025-12-06T08:57:08.484+0000] {dagbag.py:538} INFO - Filling up the DagBag from /home/airflow/.local/lib/python3.8/site-packages/airflow/example_dags/example_subdag_operator.py
[2025-12-06T08:57:08.536+0000] {processor.py:840} INFO - DAG(s) 'example_subdag_operator.section-1', 'example_subdag_operator.section-2', 'example_subdag_operator' retrieved from /home/airflow/.local/lib/python3.8/site-packages/airflow/example_dags/example_subdag_operator.py
[2025-12-06T08:57:08.562+0000] {logging_mixin.py:188} INFO - [2025-12-06T08:57:08.562+0000] {dag.py:3036} INFO - Sync 3 DAGs
[2025-12-06T08:57:08.608+0000] {logging_mixin.py:188} INFO - [2025-12-06T08:57:08.607+0000] {dag.py:3823} INFO - Setting next_dagrun for example_subdag_operator to 2022-01-01 00:00:00+00:00, run_after=2022-01-01 00:00:00+00:00
[2025-12-06T08:57:08.617+0000] {logging_mixin.py:188} INFO - [2025-12-06T08:57:08.616+0000] {dag.py:3823} INFO - Setting next_dagrun for example_subdag_operator.section-1 to None, run_after=None
[2025-12-06T08:57:08.619+0000] {logging_mixin.py:188} INFO - [2025-12-06T08:57:08.619+0000] {dag.py:3823} INFO - Setting next_dagrun for example_subdag_operator.section-2 to None, run_after=None
[2025-12-06T08:57:08.633+0000] {logging_mixin.py:188} INFO - [2025-12-06T08:57:08.632+0000] {dag.py:3036} INFO - Sync 2 DAGs
[2025-12-06T08:57:08.643+0000] {logging_mixin.py:188} INFO - [2025-12-06T08:57:08.643+0000] {dag.py:3823} INFO - Setting next_dagrun for example_subdag_operator.section-1 to None, run_after=None
[2025-12-06T08:57:08.647+0000] {logging_mixin.py:188} INFO - [2025-12-06T08:57:08.646+0000] {dag.py:3823} INFO - Setting next_dagrun for example_subdag_operator.section-2 to None, run_after=None
[2025-12-06T08:57:08.681+0000] {processor.py:183} INFO - Processing /home/airflow/.local/lib/python3.8/site-packages/airflow/example_dags/example_subdag_operator.py took 0.208 seconds
[2025-12-06T08:57:39.132+0000] {processor.py:161} INFO - Started process (PID=259) to work on /home/airflow/.local/lib/python3.8/site-packages/airflow/example_dags/example_subdag_operator.py
[2025-12-06T08:57:39.134+0000] {processor.py:830} INFO - Processing file /home/airflow/.local/lib/python3.8/site-packages/airflow/example_dags/example_subdag_operator.py for tasks to queue
[2025-12-06T08:57:39.140+0000] {logging_mixin.py:188} INFO - [2025-12-06T08:57:39.140+0000] {dagbag.py:538} INFO - Filling up the DagBag from /home/airflow/.local/lib/python3.8/site-packages/airflow/example_dags/example_subdag_operator.py
[2025-12-06T08:57:39.182+0000] {processor.py:840} INFO - DAG(s) 'example_subdag_operator.section-1', 'example_subdag_operator.section-2', 'example_subdag_operator' retrieved from /home/airflow/.local/lib/python3.8/site-packages/airflow/example_dags/example_subdag_operator.py
[2025-12-06T08:57:39.206+0000] {logging_mixin.py:188} INFO - [2025-12-06T08:57:39.205+0000] {dag.py:3036} INFO - Sync 3 DAGs
[2025-12-06T08:57:39.239+0000] {logging_mixin.py:188} INFO - [2025-12-06T08:57:39.239+0000] {dag.py:3823} INFO - Setting next_dagrun for example_subdag_operator to 2022-01-01 00:00:00+00:00, run_after=2022-01-01 00:00:00+00:00
[2025-12-06T08:57:39.246+0000] {logging_mixin.py:188} INFO - [2025-12-06T08:57:39.245+0000] {dag.py:3823} INFO - Setting next_dagrun for example_subdag_operator.section-1 to None, run_after=None
[2025-12-06T08:57:39.248+0000] {logging_mixin.py:188} INFO - [2025-12-06T08:57:39.248+0000] {dag.py:3823} INFO - Setting next_dagrun for example_subdag_operator.section-2 to None, run_after=None
[2025-12-06T08:57:39.260+0000] {logging_mixin.py:188} INFO - [2025-12-06T08:57:39.259+0000] {dag.py:3036} INFO - Sync 2 DAGs
[2025-12-06T08:57:39.269+0000] {logging_mixin.py:188} INFO - [2025-12-06T08:57:39.269+0000] {dag.py:3823} INFO - Setting next_dagrun for example_subdag_operator.section-1 to None, run_after=None
[2025-12-06T08:57:39.270+0000] {logging_mixin.py:188} INFO - [2025-12-06T08:57:39.270+0000] {dag.py:3823} INFO - Setting next_dagrun for example_subdag_operator.section-2 to None, run_after=None
[2025-12-06T08:57:39.291+0000] {processor.py:183} INFO - Processing /home/airflow/.local/lib/python3.8/site-packages/airflow/example_dags/example_subdag_operator.py took 0.165 seconds
[2025-12-06T08:58:09.364+0000] {processor.py:161} INFO - Started process (PID=318) to work on /home/airflow/.local/lib/python3.8/site-packages/airflow/example_dags/example_subdag_operator.py
[2025-12-06T08:58:09.366+0000] {processor.py:830} INFO - Processing file /home/airflow/.local/lib/python3.8/site-packages/airflow/example_dags/example_subdag_operator.py for tasks to queue
[2025-12-06T08:58:09.368+0000] {logging_mixin.py:188} INFO - [2025-12-06T08:58:09.368+0000] {dagbag.py:538} INFO - Filling up the DagBag from /home/airflow/.local/lib/python3.8/site-packages/airflow/example_dags/example_subdag_operator.py
[2025-12-06T08:58:09.408+0000] {processor.py:840} INFO - DAG(s) 'example_subdag_operator.section-1', 'example_subdag_operator.section-2', 'example_subdag_operator' retrieved from /home/airflow/.local/lib/python3.8/site-packages/airflow/example_dags/example_subdag_operator.py
[2025-12-06T08:58:09.434+0000] {logging_mixin.py:188} INFO - [2025-12-06T08:58:09.433+0000] {dag.py:3036} INFO - Sync 3 DAGs
[2025-12-06T08:58:09.466+0000] {logging_mixin.py:188} INFO - [2025-12-06T08:58:09.466+0000] {dag.py:3823} INFO - Setting next_dagrun for example_subdag_operator to 2022-01-01 00:00:00+00:00, run_after=2022-01-01 00:00:00+00:00
[2025-12-06T08:58:09.472+0000] {logging_mixin.py:188} INFO - [2025-12-06T08:58:09.472+0000] {dag.py:3823} INFO - Setting next_dagrun for example_subdag_operator.section-1 to None, run_after=None
[2025-12-06T08:58:09.475+0000] {logging_mixin.py:188} INFO - [2025-12-06T08:58:09.474+0000] {dag.py:3823} INFO - Setting next_dagrun for example_subdag_operator.section-2 to None, run_after=None
[2025-12-06T08:58:09.486+0000] {logging_mixin.py:188} INFO - [2025-12-06T08:58:09.486+0000] {dag.py:3036} INFO - Sync 2 DAGs
[2025-12-06T08:58:09.494+0000] {logging_mixin.py:188} INFO - [2025-12-06T08:58:09.493+0000] {dag.py:3823} INFO - Setting next_dagrun for example_subdag_operator.section-1 to None, run_after=None
[2025-12-06T08:58:09.495+0000] {logging_mixin.py:188} INFO - [2025-12-06T08:58:09.494+0000] {dag.py:3823} INFO - Setting next_dagrun for example_subdag_operator.section-2 to None, run_after=None
[2025-12-06T08:58:09.518+0000] {processor.py:183} INFO - Processing /home/airflow/.local/lib/python3.8/site-packages/airflow/example_dags/example_subdag_operator.py took 0.160 seconds
[2025-12-06T08:58:39.617+0000] {processor.py:161} INFO - Started process (PID=377) to work on /home/airflow/.local/lib/python3.8/site-packages/airflow/example_dags/example_subdag_operator.py
[2025-12-06T08:58:39.619+0000] {processor.py:830} INFO - Processing file /home/airflow/.local/lib/python3.8/site-packages/airflow/example_dags/example_subdag_operator.py for tasks to queue
[2025-12-06T08:58:39.622+0000] {logging_mixin.py:188} INFO - [2025-12-06T08:58:39.622+0000] {dagbag.py:538} INFO - Filling up the DagBag from /home/airflow/.local/lib/python3.8/site-packages/airflow/example_dags/example_subdag_operator.py
[2025-12-06T08:58:39.677+0000] {processor.py:840} INFO - DAG(s) 'example_subdag_operator.section-1', 'example_subdag_operator.section-2', 'example_subdag_operator' retrieved from /home/airflow/.local/lib/python3.8/site-packages/airflow/example_dags/example_subdag_operator.py
[2025-12-06T08:58:39.706+0000] {logging_mixin.py:188} INFO - [2025-12-06T08:58:39.705+0000] {dag.py:3036} INFO - Sync 3 DAGs
[2025-12-06T08:58:39.748+0000] {logging_mixin.py:188} INFO - [2025-12-06T08:58:39.747+0000] {dag.py:3823} INFO - Setting next_dagrun for example_subdag_operator to 2022-01-01 00:00:00+00:00, run_after=2022-01-01 00:00:00+00:00
[2025-12-06T08:58:39.757+0000] {logging_mixin.py:188} INFO - [2025-12-06T08:58:39.756+0000] {dag.py:3823} INFO - Setting next_dagrun for example_subdag_operator.section-1 to None, run_after=None
[2025-12-06T08:58:39.760+0000] {logging_mixin.py:188} INFO - [2025-12-06T08:58:39.759+0000] {dag.py:3823} INFO - Setting next_dagrun for example_subdag_operator.section-2 to None, run_after=None
[2025-12-06T08:58:39.776+0000] {logging_mixin.py:188} INFO - [2025-12-06T08:58:39.776+0000] {dag.py:3036} INFO - Sync 2 DAGs
[2025-12-06T08:58:39.786+0000] {logging_mixin.py:188} INFO - [2025-12-06T08:58:39.785+0000] {dag.py:3823} INFO - Setting next_dagrun for example_subdag_operator.section-1 to None, run_after=None
[2025-12-06T08:58:39.787+0000] {logging_mixin.py:188} INFO - [2025-12-06T08:58:39.787+0000] {dag.py:3823} INFO - Setting next_dagrun for example_subdag_operator.section-2 to None, run_after=None
[2025-12-06T08:58:39.812+0000] {processor.py:183} INFO - Processing /home/airflow/.local/lib/python3.8/site-packages/airflow/example_dags/example_subdag_operator.py took 0.201 seconds
[2025-12-06T08:59:10.092+0000] {processor.py:161} INFO - Started process (PID=436) to work on /home/airflow/.local/lib/python3.8/site-packages/airflow/example_dags/example_subdag_operator.py
[2025-12-06T08:59:10.094+0000] {processor.py:830} INFO - Processing file /home/airflow/.local/lib/python3.8/site-packages/airflow/example_dags/example_subdag_operator.py for tasks to queue
[2025-12-06T08:59:10.097+0000] {logging_mixin.py:188} INFO - [2025-12-06T08:59:10.096+0000] {dagbag.py:538} INFO - Filling up the DagBag from /home/airflow/.local/lib/python3.8/site-packages/airflow/example_dags/example_subdag_operator.py
[2025-12-06T08:59:10.137+0000] {processor.py:840} INFO - DAG(s) 'example_subdag_operator.section-1', 'example_subdag_operator.section-2', 'example_subdag_operator' retrieved from /home/airflow/.local/lib/python3.8/site-packages/airflow/example_dags/example_subdag_operator.py
[2025-12-06T08:59:10.161+0000] {logging_mixin.py:188} INFO - [2025-12-06T08:59:10.161+0000] {dag.py:3036} INFO - Sync 3 DAGs
[2025-12-06T08:59:10.194+0000] {logging_mixin.py:188} INFO - [2025-12-06T08:59:10.193+0000] {dag.py:3823} INFO - Setting next_dagrun for example_subdag_operator to 2022-01-01 00:00:00+00:00, run_after=2022-01-01 00:00:00+00:00
[2025-12-06T08:59:10.199+0000] {logging_mixin.py:188} INFO - [2025-12-06T08:59:10.199+0000] {dag.py:3823} INFO - Setting next_dagrun for example_subdag_operator.section-1 to None, run_after=None
[2025-12-06T08:59:10.203+0000] {logging_mixin.py:188} INFO - [2025-12-06T08:59:10.202+0000] {dag.py:3823} INFO - Setting next_dagrun for example_subdag_operator.section-2 to None, run_after=None
[2025-12-06T08:59:10.219+0000] {logging_mixin.py:188} INFO - [2025-12-06T08:59:10.219+0000] {dag.py:3036} INFO - Sync 2 DAGs
[2025-12-06T08:59:10.227+0000] {logging_mixin.py:188} INFO - [2025-12-06T08:59:10.226+0000] {dag.py:3823} INFO - Setting next_dagrun for example_subdag_operator.section-1 to None, run_after=None
[2025-12-06T08:59:10.228+0000] {logging_mixin.py:188} INFO - [2025-12-06T08:59:10.227+0000] {dag.py:3823} INFO - Setting next_dagrun for example_subdag_operator.section-2 to None, run_after=None
[2025-12-06T08:59:10.250+0000] {processor.py:183} INFO - Processing /home/airflow/.local/lib/python3.8/site-packages/airflow/example_dags/example_subdag_operator.py took 0.162 seconds
[2025-12-06T08:59:40.889+0000] {processor.py:161} INFO - Started process (PID=495) to work on /home/airflow/.local/lib/python3.8/site-packages/airflow/example_dags/example_subdag_operator.py
[2025-12-06T08:59:40.891+0000] {processor.py:830} INFO - Processing file /home/airflow/.local/lib/python3.8/site-packages/airflow/example_dags/example_subdag_operator.py for tasks to queue
[2025-12-06T08:59:40.894+0000] {logging_mixin.py:188} INFO - [2025-12-06T08:59:40.893+0000] {dagbag.py:538} INFO - Filling up the DagBag from /home/airflow/.local/lib/python3.8/site-packages/airflow/example_dags/example_subdag_operator.py
[2025-12-06T08:59:40.934+0000] {processor.py:840} INFO - DAG(s) 'example_subdag_operator.section-1', 'example_subdag_operator.section-2', 'example_subdag_operator' retrieved from /home/airflow/.local/lib/python3.8/site-packages/airflow/example_dags/example_subdag_operator.py
[2025-12-06T08:59:40.956+0000] {logging_mixin.py:188} INFO - [2025-12-06T08:59:40.956+0000] {dag.py:3036} INFO - Sync 3 DAGs
[2025-12-06T08:59:40.997+0000] {logging_mixin.py:188} INFO - [2025-12-06T08:59:40.996+0000] {dag.py:3823} INFO - Setting next_dagrun for example_subdag_operator to 2022-01-01 00:00:00+00:00, run_after=2022-01-01 00:00:00+00:00
[2025-12-06T08:59:41.002+0000] {logging_mixin.py:188} INFO - [2025-12-06T08:59:41.002+0000] {dag.py:3823} INFO - Setting next_dagrun for example_subdag_operator.section-1 to None, run_after=None
[2025-12-06T08:59:41.005+0000] {logging_mixin.py:188} INFO - [2025-12-06T08:59:41.004+0000] {dag.py:3823} INFO - Setting next_dagrun for example_subdag_operator.section-2 to None, run_after=None
[2025-12-06T08:59:41.017+0000] {logging_mixin.py:188} INFO - [2025-12-06T08:59:41.016+0000] {dag.py:3036} INFO - Sync 2 DAGs
[2025-12-06T08:59:41.025+0000] {logging_mixin.py:188} INFO - [2025-12-06T08:59:41.025+0000] {dag.py:3823} INFO - Setting next_dagrun for example_subdag_operator.section-1 to None, run_after=None
[2025-12-06T08:59:41.026+0000] {logging_mixin.py:188} INFO - [2025-12-06T08:59:41.026+0000] {dag.py:3823} INFO - Setting next_dagrun for example_subdag_operator.section-2 to None, run_after=None
[2025-12-06T08:59:41.047+0000] {processor.py:183} INFO - Processing /home/airflow/.local/lib/python3.8/site-packages/airflow/example_dags/example_subdag_operator.py took 0.163 seconds
[2025-12-06T09:00:11.512+0000] {processor.py:161} INFO - Started process (PID=554) to work on /home/airflow/.local/lib/python3.8/site-packages/airflow/example_dags/example_subdag_operator.py
[2025-12-06T09:00:11.514+0000] {processor.py:830} INFO - Processing file /home/airflow/.local/lib/python3.8/site-packages/airflow/example_dags/example_subdag_operator.py for tasks to queue
[2025-12-06T09:00:11.517+0000] {logging_mixin.py:188} INFO - [2025-12-06T09:00:11.516+0000] {dagbag.py:538} INFO - Filling up the DagBag from /home/airflow/.local/lib/python3.8/site-packages/airflow/example_dags/example_subdag_operator.py
[2025-12-06T09:00:11.556+0000] {processor.py:840} INFO - DAG(s) 'example_subdag_operator.section-1', 'example_subdag_operator.section-2', 'example_subdag_operator' retrieved from /home/airflow/.local/lib/python3.8/site-packages/airflow/example_dags/example_subdag_operator.py
[2025-12-06T09:00:11.585+0000] {logging_mixin.py:188} INFO - [2025-12-06T09:00:11.584+0000] {dag.py:3036} INFO - Sync 3 DAGs
[2025-12-06T09:00:11.620+0000] {logging_mixin.py:188} INFO - [2025-12-06T09:00:11.619+0000] {dag.py:3823} INFO - Setting next_dagrun for example_subdag_operator to 2022-01-01 00:00:00+00:00, run_after=2022-01-01 00:00:00+00:00
[2025-12-06T09:00:11.627+0000] {logging_mixin.py:188} INFO - [2025-12-06T09:00:11.627+0000] {dag.py:3823} INFO - Setting next_dagrun for example_subdag_operator.section-1 to None, run_after=None
[2025-12-06T09:00:11.630+0000] {logging_mixin.py:188} INFO - [2025-12-06T09:00:11.629+0000] {dag.py:3823} INFO - Setting next_dagrun for example_subdag_operator.section-2 to None, run_after=None
[2025-12-06T09:00:11.645+0000] {logging_mixin.py:188} INFO - [2025-12-06T09:00:11.644+0000] {dag.py:3036} INFO - Sync 2 DAGs
[2025-12-06T09:00:11.658+0000] {logging_mixin.py:188} INFO - [2025-12-06T09:00:11.658+0000] {dag.py:3823} INFO - Setting next_dagrun for example_subdag_operator.section-1 to None, run_after=None
[2025-12-06T09:00:11.660+0000] {logging_mixin.py:188} INFO - [2025-12-06T09:00:11.660+0000] {dag.py:3823} INFO - Setting next_dagrun for example_subdag_operator.section-2 to None, run_after=None
[2025-12-06T09:00:11.687+0000] {processor.py:183} INFO - Processing /home/airflow/.local/lib/python3.8/site-packages/airflow/example_dags/example_subdag_operator.py took 0.181 seconds
[2025-12-06T09:00:41.869+0000] {processor.py:161} INFO - Started process (PID=613) to work on /home/airflow/.local/lib/python3.8/site-packages/airflow/example_dags/example_subdag_operator.py
[2025-12-06T09:00:41.871+0000] {processor.py:830} INFO - Processing file /home/airflow/.local/lib/python3.8/site-packages/airflow/example_dags/example_subdag_operator.py for tasks to queue
[2025-12-06T09:00:41.874+0000] {logging_mixin.py:188} INFO - [2025-12-06T09:00:41.873+0000] {dagbag.py:538} INFO - Filling up the DagBag from /home/airflow/.local/lib/python3.8/site-packages/airflow/example_dags/example_subdag_operator.py
[2025-12-06T09:00:41.916+0000] {processor.py:840} INFO - DAG(s) 'example_subdag_operator.section-1', 'example_subdag_operator.section-2', 'example_subdag_operator' retrieved from /home/airflow/.local/lib/python3.8/site-packages/airflow/example_dags/example_subdag_operator.py
[2025-12-06T09:00:41.940+0000] {logging_mixin.py:188} INFO - [2025-12-06T09:00:41.939+0000] {dag.py:3036} INFO - Sync 3 DAGs
[2025-12-06T09:00:41.974+0000] {logging_mixin.py:188} INFO - [2025-12-06T09:00:41.974+0000] {dag.py:3823} INFO - Setting next_dagrun for example_subdag_operator to 2022-01-01 00:00:00+00:00, run_after=2022-01-01 00:00:00+00:00
[2025-12-06T09:00:41.980+0000] {logging_mixin.py:188} INFO - [2025-12-06T09:00:41.980+0000] {dag.py:3823} INFO - Setting next_dagrun for example_subdag_operator.section-1 to None, run_after=None
[2025-12-06T09:00:41.983+0000] {logging_mixin.py:188} INFO - [2025-12-06T09:00:41.983+0000] {dag.py:3823} INFO - Setting next_dagrun for example_subdag_operator.section-2 to None, run_after=None
[2025-12-06T09:00:41.997+0000] {logging_mixin.py:188} INFO - [2025-12-06T09:00:41.997+0000] {dag.py:3036} INFO - Sync 2 DAGs
[2025-12-06T09:00:42.007+0000] {logging_mixin.py:188} INFO - [2025-12-06T09:00:42.007+0000] {dag.py:3823} INFO - Setting next_dagrun for example_subdag_operator.section-1 to None, run_after=None
[2025-12-06T09:00:42.008+0000] {logging_mixin.py:188} INFO - [2025-12-06T09:00:42.008+0000] {dag.py:3823} INFO - Setting next_dagrun for example_subdag_operator.section-2 to None, run_after=None
[2025-12-06T09:00:42.039+0000] {processor.py:183} INFO - Processing /home/airflow/.local/lib/python3.8/site-packages/airflow/example_dags/example_subdag_operator.py took 0.174 seconds
[2025-12-06T09:01:12.869+0000] {processor.py:161} INFO - Started process (PID=672) to work on /home/airflow/.local/lib/python3.8/site-packages/airflow/example_dags/example_subdag_operator.py
[2025-12-06T09:01:12.870+0000] {processor.py:830} INFO - Processing file /home/airflow/.local/lib/python3.8/site-packages/airflow/example_dags/example_subdag_operator.py for tasks to queue
[2025-12-06T09:01:12.873+0000] {logging_mixin.py:188} INFO - [2025-12-06T09:01:12.873+0000] {dagbag.py:538} INFO - Filling up the DagBag from /home/airflow/.local/lib/python3.8/site-packages/airflow/example_dags/example_subdag_operator.py
[2025-12-06T09:01:12.928+0000] {processor.py:840} INFO - DAG(s) 'example_subdag_operator.section-1', 'example_subdag_operator.section-2', 'example_subdag_operator' retrieved from /home/airflow/.local/lib/python3.8/site-packages/airflow/example_dags/example_subdag_operator.py
[2025-12-06T09:01:12.961+0000] {logging_mixin.py:188} INFO - [2025-12-06T09:01:12.961+0000] {dag.py:3036} INFO - Sync 3 DAGs
[2025-12-06T09:01:13.010+0000] {logging_mixin.py:188} INFO - [2025-12-06T09:01:13.010+0000] {dag.py:3823} INFO - Setting next_dagrun for example_subdag_operator to 2022-01-01 00:00:00+00:00, run_after=2022-01-01 00:00:00+00:00
[2025-12-06T09:01:13.016+0000] {logging_mixin.py:188} INFO - [2025-12-06T09:01:13.016+0000] {dag.py:3823} INFO - Setting next_dagrun for example_subdag_operator.section-1 to None, run_after=None
[2025-12-06T09:01:13.021+0000] {logging_mixin.py:188} INFO - [2025-12-06T09:01:13.021+0000] {dag.py:3823} INFO - Setting next_dagrun for example_subdag_operator.section-2 to None, run_after=None
[2025-12-06T09:01:13.039+0000] {logging_mixin.py:188} INFO - [2025-12-06T09:01:13.038+0000] {dag.py:3036} INFO - Sync 2 DAGs
[2025-12-06T09:01:13.048+0000] {logging_mixin.py:188} INFO - [2025-12-06T09:01:13.048+0000] {dag.py:3823} INFO - Setting next_dagrun for example_subdag_operator.section-1 to None, run_after=None
[2025-12-06T09:01:13.050+0000] {logging_mixin.py:188} INFO - [2025-12-06T09:01:13.050+0000] {dag.py:3823} INFO - Setting next_dagrun for example_subdag_operator.section-2 to None, run_after=None
[2025-12-06T09:01:13.074+0000] {processor.py:183} INFO - Processing /home/airflow/.local/lib/python3.8/site-packages/airflow/example_dags/example_subdag_operator.py took 0.211 seconds
[2025-12-06T09:01:43.527+0000] {processor.py:161} INFO - Started process (PID=731) to work on /home/airflow/.local/lib/python3.8/site-packages/airflow/example_dags/example_subdag_operator.py
[2025-12-06T09:01:43.528+0000] {processor.py:830} INFO - Processing file /home/airflow/.local/lib/python3.8/site-packages/airflow/example_dags/example_subdag_operator.py for tasks to queue
[2025-12-06T09:01:43.532+0000] {logging_mixin.py:188} INFO - [2025-12-06T09:01:43.531+0000] {dagbag.py:538} INFO - Filling up the DagBag from /home/airflow/.local/lib/python3.8/site-packages/airflow/example_dags/example_subdag_operator.py
[2025-12-06T09:01:43.572+0000] {processor.py:840} INFO - DAG(s) 'example_subdag_operator.section-1', 'example_subdag_operator.section-2', 'example_subdag_operator' retrieved from /home/airflow/.local/lib/python3.8/site-packages/airflow/example_dags/example_subdag_operator.py
[2025-12-06T09:01:43.598+0000] {logging_mixin.py:188} INFO - [2025-12-06T09:01:43.598+0000] {dag.py:3036} INFO - Sync 3 DAGs
[2025-12-06T09:01:43.640+0000] {logging_mixin.py:188} INFO - [2025-12-06T09:01:43.639+0000] {dag.py:3823} INFO - Setting next_dagrun for example_subdag_operator to 2022-01-01 00:00:00+00:00, run_after=2022-01-01 00:00:00+00:00
[2025-12-06T09:01:43.647+0000] {logging_mixin.py:188} INFO - [2025-12-06T09:01:43.647+0000] {dag.py:3823} INFO - Setting next_dagrun for example_subdag_operator.section-1 to None, run_after=None
[2025-12-06T09:01:43.653+0000] {logging_mixin.py:188} INFO - [2025-12-06T09:01:43.653+0000] {dag.py:3823} INFO - Setting next_dagrun for example_subdag_operator.section-2 to None, run_after=None
[2025-12-06T09:01:43.671+0000] {logging_mixin.py:188} INFO - [2025-12-06T09:01:43.670+0000] {dag.py:3036} INFO - Sync 2 DAGs
[2025-12-06T09:01:43.681+0000] {logging_mixin.py:188} INFO - [2025-12-06T09:01:43.681+0000] {dag.py:3823} INFO - Setting next_dagrun for example_subdag_operator.section-1 to None, run_after=None
[2025-12-06T09:01:43.682+0000] {logging_mixin.py:188} INFO - [2025-12-06T09:01:43.682+0000] {dag.py:3823} INFO - Setting next_dagrun for example_subdag_operator.section-2 to None, run_after=None
[2025-12-06T09:01:43.711+0000] {processor.py:183} INFO - Processing /home/airflow/.local/lib/python3.8/site-packages/airflow/example_dags/example_subdag_operator.py took 0.189 seconds
[2025-12-06T09:02:13.852+0000] {processor.py:161} INFO - Started process (PID=790) to work on /home/airflow/.local/lib/python3.8/site-packages/airflow/example_dags/example_subdag_operator.py
[2025-12-06T09:02:13.854+0000] {processor.py:830} INFO - Processing file /home/airflow/.local/lib/python3.8/site-packages/airflow/example_dags/example_subdag_operator.py for tasks to queue
[2025-12-06T09:02:13.857+0000] {logging_mixin.py:188} INFO - [2025-12-06T09:02:13.856+0000] {dagbag.py:538} INFO - Filling up the DagBag from /home/airflow/.local/lib/python3.8/site-packages/airflow/example_dags/example_subdag_operator.py
[2025-12-06T09:02:13.904+0000] {processor.py:840} INFO - DAG(s) 'example_subdag_operator.section-1', 'example_subdag_operator.section-2', 'example_subdag_operator' retrieved from /home/airflow/.local/lib/python3.8/site-packages/airflow/example_dags/example_subdag_operator.py
[2025-12-06T09:02:13.931+0000] {logging_mixin.py:188} INFO - [2025-12-06T09:02:13.931+0000] {dag.py:3036} INFO - Sync 3 DAGs
[2025-12-06T09:02:13.963+0000] {logging_mixin.py:188} INFO - [2025-12-06T09:02:13.962+0000] {dag.py:3823} INFO - Setting next_dagrun for example_subdag_operator to 2022-01-01 00:00:00+00:00, run_after=2022-01-01 00:00:00+00:00
[2025-12-06T09:02:13.969+0000] {logging_mixin.py:188} INFO - [2025-12-06T09:02:13.968+0000] {dag.py:3823} INFO - Setting next_dagrun for example_subdag_operator.section-1 to None, run_after=None
[2025-12-06T09:02:13.972+0000] {logging_mixin.py:188} INFO - [2025-12-06T09:02:13.972+0000] {dag.py:3823} INFO - Setting next_dagrun for example_subdag_operator.section-2 to None, run_after=None
[2025-12-06T09:02:13.983+0000] {logging_mixin.py:188} INFO - [2025-12-06T09:02:13.983+0000] {dag.py:3036} INFO - Sync 2 DAGs
[2025-12-06T09:02:13.992+0000] {logging_mixin.py:188} INFO - [2025-12-06T09:02:13.992+0000] {dag.py:3823} INFO - Setting next_dagrun for example_subdag_operator.section-1 to None, run_after=None
[2025-12-06T09:02:13.994+0000] {logging_mixin.py:188} INFO - [2025-12-06T09:02:13.993+0000] {dag.py:3823} INFO - Setting next_dagrun for example_subdag_operator.section-2 to None, run_after=None
[2025-12-06T09:02:14.020+0000] {processor.py:183} INFO - Processing /home/airflow/.local/lib/python3.8/site-packages/airflow/example_dags/example_subdag_operator.py took 0.173 seconds
[2025-12-06T09:02:44.279+0000] {processor.py:161} INFO - Started process (PID=849) to work on /home/airflow/.local/lib/python3.8/site-packages/airflow/example_dags/example_subdag_operator.py
[2025-12-06T09:02:44.281+0000] {processor.py:830} INFO - Processing file /home/airflow/.local/lib/python3.8/site-packages/airflow/example_dags/example_subdag_operator.py for tasks to queue
[2025-12-06T09:02:44.283+0000] {logging_mixin.py:188} INFO - [2025-12-06T09:02:44.283+0000] {dagbag.py:538} INFO - Filling up the DagBag from /home/airflow/.local/lib/python3.8/site-packages/airflow/example_dags/example_subdag_operator.py
[2025-12-06T09:02:44.324+0000] {processor.py:840} INFO - DAG(s) 'example_subdag_operator.section-1', 'example_subdag_operator.section-2', 'example_subdag_operator' retrieved from /home/airflow/.local/lib/python3.8/site-packages/airflow/example_dags/example_subdag_operator.py
[2025-12-06T09:02:44.347+0000] {logging_mixin.py:188} INFO - [2025-12-06T09:02:44.347+0000] {dag.py:3036} INFO - Sync 3 DAGs
[2025-12-06T09:02:44.379+0000] {logging_mixin.py:188} INFO - [2025-12-06T09:02:44.379+0000] {dag.py:3823} INFO - Setting next_dagrun for example_subdag_operator to 2022-01-01 00:00:00+00:00, run_after=2022-01-01 00:00:00+00:00
[2025-12-06T09:02:44.384+0000] {logging_mixin.py:188} INFO - [2025-12-06T09:02:44.384+0000] {dag.py:3823} INFO - Setting next_dagrun for example_subdag_operator.section-1 to None, run_after=None
[2025-12-06T09:02:44.386+0000] {logging_mixin.py:188} INFO - [2025-12-06T09:02:44.386+0000] {dag.py:3823} INFO - Setting next_dagrun for example_subdag_operator.section-2 to None, run_after=None
[2025-12-06T09:02:44.398+0000] {logging_mixin.py:188} INFO - [2025-12-06T09:02:44.398+0000] {dag.py:3036} INFO - Sync 2 DAGs
[2025-12-06T09:02:44.407+0000] {logging_mixin.py:188} INFO - [2025-12-06T09:02:44.406+0000] {dag.py:3823} INFO - Setting next_dagrun for example_subdag_operator.section-1 to None, run_after=None
[2025-12-06T09:02:44.408+0000] {logging_mixin.py:188} INFO - [2025-12-06T09:02:44.407+0000] {dag.py:3823} INFO - Setting next_dagrun for example_subdag_operator.section-2 to None, run_after=None
[2025-12-06T09:02:44.431+0000] {processor.py:183} INFO - Processing /home/airflow/.local/lib/python3.8/site-packages/airflow/example_dags/example_subdag_operator.py took 0.158 seconds
[2025-12-06T09:03:14.648+0000] {processor.py:161} INFO - Started process (PID=908) to work on /home/airflow/.local/lib/python3.8/site-packages/airflow/example_dags/example_subdag_operator.py
[2025-12-06T09:03:14.650+0000] {processor.py:830} INFO - Processing file /home/airflow/.local/lib/python3.8/site-packages/airflow/example_dags/example_subdag_operator.py for tasks to queue
[2025-12-06T09:03:14.655+0000] {logging_mixin.py:188} INFO - [2025-12-06T09:03:14.654+0000] {dagbag.py:538} INFO - Filling up the DagBag from /home/airflow/.local/lib/python3.8/site-packages/airflow/example_dags/example_subdag_operator.py
[2025-12-06T09:03:14.694+0000] {processor.py:840} INFO - DAG(s) 'example_subdag_operator.section-1', 'example_subdag_operator.section-2', 'example_subdag_operator' retrieved from /home/airflow/.local/lib/python3.8/site-packages/airflow/example_dags/example_subdag_operator.py
[2025-12-06T09:03:14.717+0000] {logging_mixin.py:188} INFO - [2025-12-06T09:03:14.716+0000] {dag.py:3036} INFO - Sync 3 DAGs
[2025-12-06T09:03:14.751+0000] {logging_mixin.py:188} INFO - [2025-12-06T09:03:14.750+0000] {dag.py:3823} INFO - Setting next_dagrun for example_subdag_operator to 2022-01-01 00:00:00+00:00, run_after=2022-01-01 00:00:00+00:00
[2025-12-06T09:03:14.757+0000] {logging_mixin.py:188} INFO - [2025-12-06T09:03:14.756+0000] {dag.py:3823} INFO - Setting next_dagrun for example_subdag_operator.section-1 to None, run_after=None
[2025-12-06T09:03:14.760+0000] {logging_mixin.py:188} INFO - [2025-12-06T09:03:14.760+0000] {dag.py:3823} INFO - Setting next_dagrun for example_subdag_operator.section-2 to None, run_after=None
[2025-12-06T09:03:14.774+0000] {logging_mixin.py:188} INFO - [2025-12-06T09:03:14.774+0000] {dag.py:3036} INFO - Sync 2 DAGs
[2025-12-06T09:03:14.782+0000] {logging_mixin.py:188} INFO - [2025-12-06T09:03:14.782+0000] {dag.py:3823} INFO - Setting next_dagrun for example_subdag_operator.section-1 to None, run_after=None
[2025-12-06T09:03:14.783+0000] {logging_mixin.py:188} INFO - [2025-12-06T09:03:14.783+0000] {dag.py:3823} INFO - Setting next_dagrun for example_subdag_operator.section-2 to None, run_after=None
[2025-12-06T09:03:14.806+0000] {processor.py:183} INFO - Processing /home/airflow/.local/lib/python3.8/site-packages/airflow/example_dags/example_subdag_operator.py took 0.163 seconds
[2025-12-06T09:03:44.933+0000] {processor.py:161} INFO - Started process (PID=967) to work on /home/airflow/.local/lib/python3.8/site-packages/airflow/example_dags/example_subdag_operator.py
[2025-12-06T09:03:44.936+0000] {processor.py:830} INFO - Processing file /home/airflow/.local/lib/python3.8/site-packages/airflow/example_dags/example_subdag_operator.py for tasks to queue
[2025-12-06T09:03:44.940+0000] {logging_mixin.py:188} INFO - [2025-12-06T09:03:44.939+0000] {dagbag.py:538} INFO - Filling up the DagBag from /home/airflow/.local/lib/python3.8/site-packages/airflow/example_dags/example_subdag_operator.py
[2025-12-06T09:03:44.977+0000] {processor.py:840} INFO - DAG(s) 'example_subdag_operator.section-1', 'example_subdag_operator.section-2', 'example_subdag_operator' retrieved from /home/airflow/.local/lib/python3.8/site-packages/airflow/example_dags/example_subdag_operator.py
[2025-12-06T09:03:44.999+0000] {logging_mixin.py:188} INFO - [2025-12-06T09:03:44.999+0000] {dag.py:3036} INFO - Sync 3 DAGs
[2025-12-06T09:03:45.034+0000] {logging_mixin.py:188} INFO - [2025-12-06T09:03:45.034+0000] {dag.py:3823} INFO - Setting next_dagrun for example_subdag_operator to 2022-01-01 00:00:00+00:00, run_after=2022-01-01 00:00:00+00:00
[2025-12-06T09:03:45.045+0000] {logging_mixin.py:188} INFO - [2025-12-06T09:03:45.045+0000] {dag.py:3823} INFO - Setting next_dagrun for example_subdag_operator.section-1 to None, run_after=None
[2025-12-06T09:03:45.049+0000] {logging_mixin.py:188} INFO - [2025-12-06T09:03:45.049+0000] {dag.py:3823} INFO - Setting next_dagrun for example_subdag_operator.section-2 to None, run_after=None
[2025-12-06T09:03:45.061+0000] {logging_mixin.py:188} INFO - [2025-12-06T09:03:45.060+0000] {dag.py:3036} INFO - Sync 2 DAGs
[2025-12-06T09:03:45.069+0000] {logging_mixin.py:188} INFO - [2025-12-06T09:03:45.069+0000] {dag.py:3823} INFO - Setting next_dagrun for example_subdag_operator.section-1 to None, run_after=None
[2025-12-06T09:03:45.070+0000] {logging_mixin.py:188} INFO - [2025-12-06T09:03:45.070+0000] {dag.py:3823} INFO - Setting next_dagrun for example_subdag_operator.section-2 to None, run_after=None
[2025-12-06T09:03:45.092+0000] {processor.py:183} INFO - Processing /home/airflow/.local/lib/python3.8/site-packages/airflow/example_dags/example_subdag_operator.py took 0.164 seconds
[2025-12-06T09:04:15.389+0000] {processor.py:161} INFO - Started process (PID=1026) to work on /home/airflow/.local/lib/python3.8/site-packages/airflow/example_dags/example_subdag_operator.py
[2025-12-06T09:04:15.391+0000] {processor.py:830} INFO - Processing file /home/airflow/.local/lib/python3.8/site-packages/airflow/example_dags/example_subdag_operator.py for tasks to queue
[2025-12-06T09:04:15.394+0000] {logging_mixin.py:188} INFO - [2025-12-06T09:04:15.394+0000] {dagbag.py:538} INFO - Filling up the DagBag from /home/airflow/.local/lib/python3.8/site-packages/airflow/example_dags/example_subdag_operator.py
[2025-12-06T09:04:15.441+0000] {processor.py:840} INFO - DAG(s) 'example_subdag_operator.section-1', 'example_subdag_operator.section-2', 'example_subdag_operator' retrieved from /home/airflow/.local/lib/python3.8/site-packages/airflow/example_dags/example_subdag_operator.py
[2025-12-06T09:04:15.467+0000] {logging_mixin.py:188} INFO - [2025-12-06T09:04:15.466+0000] {dag.py:3036} INFO - Sync 3 DAGs
[2025-12-06T09:04:15.504+0000] {logging_mixin.py:188} INFO - [2025-12-06T09:04:15.504+0000] {dag.py:3823} INFO - Setting next_dagrun for example_subdag_operator to 2022-01-01 00:00:00+00:00, run_after=2022-01-01 00:00:00+00:00
[2025-12-06T09:04:15.511+0000] {logging_mixin.py:188} INFO - [2025-12-06T09:04:15.511+0000] {dag.py:3823} INFO - Setting next_dagrun for example_subdag_operator.section-1 to None, run_after=None
[2025-12-06T09:04:15.515+0000] {logging_mixin.py:188} INFO - [2025-12-06T09:04:15.514+0000] {dag.py:3823} INFO - Setting next_dagrun for example_subdag_operator.section-2 to None, run_after=None
[2025-12-06T09:04:15.532+0000] {logging_mixin.py:188} INFO - [2025-12-06T09:04:15.531+0000] {dag.py:3036} INFO - Sync 2 DAGs
[2025-12-06T09:04:15.541+0000] {logging_mixin.py:188} INFO - [2025-12-06T09:04:15.540+0000] {dag.py:3823} INFO - Setting next_dagrun for example_subdag_operator.section-1 to None, run_after=None
[2025-12-06T09:04:15.542+0000] {logging_mixin.py:188} INFO - [2025-12-06T09:04:15.542+0000] {dag.py:3823} INFO - Setting next_dagrun for example_subdag_operator.section-2 to None, run_after=None
[2025-12-06T09:04:15.568+0000] {processor.py:183} INFO - Processing /home/airflow/.local/lib/python3.8/site-packages/airflow/example_dags/example_subdag_operator.py took 0.186 seconds
[2025-12-06T09:04:45.772+0000] {processor.py:161} INFO - Started process (PID=1085) to work on /home/airflow/.local/lib/python3.8/site-packages/airflow/example_dags/example_subdag_operator.py
[2025-12-06T09:04:45.773+0000] {processor.py:830} INFO - Processing file /home/airflow/.local/lib/python3.8/site-packages/airflow/example_dags/example_subdag_operator.py for tasks to queue
[2025-12-06T09:04:45.777+0000] {logging_mixin.py:188} INFO - [2025-12-06T09:04:45.777+0000] {dagbag.py:538} INFO - Filling up the DagBag from /home/airflow/.local/lib/python3.8/site-packages/airflow/example_dags/example_subdag_operator.py
[2025-12-06T09:04:45.819+0000] {processor.py:840} INFO - DAG(s) 'example_subdag_operator.section-1', 'example_subdag_operator.section-2', 'example_subdag_operator' retrieved from /home/airflow/.local/lib/python3.8/site-packages/airflow/example_dags/example_subdag_operator.py
[2025-12-06T09:04:45.845+0000] {logging_mixin.py:188} INFO - [2025-12-06T09:04:45.845+0000] {dag.py:3036} INFO - Sync 3 DAGs
[2025-12-06T09:04:45.874+0000] {logging_mixin.py:188} INFO - [2025-12-06T09:04:45.874+0000] {dag.py:3823} INFO - Setting next_dagrun for example_subdag_operator to 2022-01-01 00:00:00+00:00, run_after=2022-01-01 00:00:00+00:00
[2025-12-06T09:04:45.880+0000] {logging_mixin.py:188} INFO - [2025-12-06T09:04:45.879+0000] {dag.py:3823} INFO - Setting next_dagrun for example_subdag_operator.section-1 to None, run_after=None
[2025-12-06T09:04:45.882+0000] {logging_mixin.py:188} INFO - [2025-12-06T09:04:45.882+0000] {dag.py:3823} INFO - Setting next_dagrun for example_subdag_operator.section-2 to None, run_after=None
[2025-12-06T09:04:45.893+0000] {logging_mixin.py:188} INFO - [2025-12-06T09:04:45.893+0000] {dag.py:3036} INFO - Sync 2 DAGs
[2025-12-06T09:04:45.903+0000] {logging_mixin.py:188} INFO - [2025-12-06T09:04:45.903+0000] {dag.py:3823} INFO - Setting next_dagrun for example_subdag_operator.section-1 to None, run_after=None
[2025-12-06T09:04:45.904+0000] {logging_mixin.py:188} INFO - [2025-12-06T09:04:45.904+0000] {dag.py:3823} INFO - Setting next_dagrun for example_subdag_operator.section-2 to None, run_after=None
[2025-12-06T09:04:45.930+0000] {processor.py:183} INFO - Processing /home/airflow/.local/lib/python3.8/site-packages/airflow/example_dags/example_subdag_operator.py took 0.165 seconds
[2025-12-06T09:05:16.377+0000] {processor.py:161} INFO - Started process (PID=1144) to work on /home/airflow/.local/lib/python3.8/site-packages/airflow/example_dags/example_subdag_operator.py
[2025-12-06T09:05:16.378+0000] {processor.py:830} INFO - Processing file /home/airflow/.local/lib/python3.8/site-packages/airflow/example_dags/example_subdag_operator.py for tasks to queue
[2025-12-06T09:05:16.382+0000] {logging_mixin.py:188} INFO - [2025-12-06T09:05:16.381+0000] {dagbag.py:538} INFO - Filling up the DagBag from /home/airflow/.local/lib/python3.8/site-packages/airflow/example_dags/example_subdag_operator.py
[2025-12-06T09:05:16.420+0000] {processor.py:840} INFO - DAG(s) 'example_subdag_operator.section-1', 'example_subdag_operator.section-2', 'example_subdag_operator' retrieved from /home/airflow/.local/lib/python3.8/site-packages/airflow/example_dags/example_subdag_operator.py
[2025-12-06T09:05:16.443+0000] {logging_mixin.py:188} INFO - [2025-12-06T09:05:16.442+0000] {dag.py:3036} INFO - Sync 3 DAGs
[2025-12-06T09:05:16.476+0000] {logging_mixin.py:188} INFO - [2025-12-06T09:05:16.476+0000] {dag.py:3823} INFO - Setting next_dagrun for example_subdag_operator to 2022-01-01 00:00:00+00:00, run_after=2022-01-01 00:00:00+00:00
[2025-12-06T09:05:16.483+0000] {logging_mixin.py:188} INFO - [2025-12-06T09:05:16.483+0000] {dag.py:3823} INFO - Setting next_dagrun for example_subdag_operator.section-1 to None, run_after=None
[2025-12-06T09:05:16.486+0000] {logging_mixin.py:188} INFO - [2025-12-06T09:05:16.486+0000] {dag.py:3823} INFO - Setting next_dagrun for example_subdag_operator.section-2 to None, run_after=None
[2025-12-06T09:05:16.498+0000] {logging_mixin.py:188} INFO - [2025-12-06T09:05:16.498+0000] {dag.py:3036} INFO - Sync 2 DAGs
[2025-12-06T09:05:16.507+0000] {logging_mixin.py:188} INFO - [2025-12-06T09:05:16.507+0000] {dag.py:3823} INFO - Setting next_dagrun for example_subdag_operator.section-1 to None, run_after=None
[2025-12-06T09:05:16.508+0000] {logging_mixin.py:188} INFO - [2025-12-06T09:05:16.507+0000] {dag.py:3823} INFO - Setting next_dagrun for example_subdag_operator.section-2 to None, run_after=None
[2025-12-06T09:05:16.528+0000] {processor.py:183} INFO - Processing /home/airflow/.local/lib/python3.8/site-packages/airflow/example_dags/example_subdag_operator.py took 0.156 seconds
[2025-12-06T09:05:47.100+0000] {processor.py:161} INFO - Started process (PID=1204) to work on /home/airflow/.local/lib/python3.8/site-packages/airflow/example_dags/example_subdag_operator.py
[2025-12-06T09:05:47.101+0000] {processor.py:830} INFO - Processing file /home/airflow/.local/lib/python3.8/site-packages/airflow/example_dags/example_subdag_operator.py for tasks to queue
[2025-12-06T09:05:47.105+0000] {logging_mixin.py:188} INFO - [2025-12-06T09:05:47.105+0000] {dagbag.py:538} INFO - Filling up the DagBag from /home/airflow/.local/lib/python3.8/site-packages/airflow/example_dags/example_subdag_operator.py
[2025-12-06T09:05:47.148+0000] {processor.py:840} INFO - DAG(s) 'example_subdag_operator.section-1', 'example_subdag_operator.section-2', 'example_subdag_operator' retrieved from /home/airflow/.local/lib/python3.8/site-packages/airflow/example_dags/example_subdag_operator.py
[2025-12-06T09:05:47.171+0000] {logging_mixin.py:188} INFO - [2025-12-06T09:05:47.171+0000] {dag.py:3036} INFO - Sync 3 DAGs
[2025-12-06T09:05:47.207+0000] {logging_mixin.py:188} INFO - [2025-12-06T09:05:47.206+0000] {dag.py:3823} INFO - Setting next_dagrun for example_subdag_operator to 2022-01-01 00:00:00+00:00, run_after=2022-01-01 00:00:00+00:00
[2025-12-06T09:05:47.212+0000] {logging_mixin.py:188} INFO - [2025-12-06T09:05:47.212+0000] {dag.py:3823} INFO - Setting next_dagrun for example_subdag_operator.section-1 to None, run_after=None
[2025-12-06T09:05:47.215+0000] {logging_mixin.py:188} INFO - [2025-12-06T09:05:47.214+0000] {dag.py:3823} INFO - Setting next_dagrun for example_subdag_operator.section-2 to None, run_after=None
[2025-12-06T09:05:47.227+0000] {logging_mixin.py:188} INFO - [2025-12-06T09:05:47.226+0000] {dag.py:3036} INFO - Sync 2 DAGs
[2025-12-06T09:05:47.236+0000] {logging_mixin.py:188} INFO - [2025-12-06T09:05:47.236+0000] {dag.py:3823} INFO - Setting next_dagrun for example_subdag_operator.section-1 to None, run_after=None
[2025-12-06T09:05:47.238+0000] {logging_mixin.py:188} INFO - [2025-12-06T09:05:47.238+0000] {dag.py:3823} INFO - Setting next_dagrun for example_subdag_operator.section-2 to None, run_after=None
[2025-12-06T09:05:47.260+0000] {processor.py:183} INFO - Processing /home/airflow/.local/lib/python3.8/site-packages/airflow/example_dags/example_subdag_operator.py took 0.165 seconds
[2025-12-06T09:06:17.376+0000] {processor.py:161} INFO - Started process (PID=1263) to work on /home/airflow/.local/lib/python3.8/site-packages/airflow/example_dags/example_subdag_operator.py
[2025-12-06T09:06:17.377+0000] {processor.py:830} INFO - Processing file /home/airflow/.local/lib/python3.8/site-packages/airflow/example_dags/example_subdag_operator.py for tasks to queue
[2025-12-06T09:06:17.380+0000] {logging_mixin.py:188} INFO - [2025-12-06T09:06:17.379+0000] {dagbag.py:538} INFO - Filling up the DagBag from /home/airflow/.local/lib/python3.8/site-packages/airflow/example_dags/example_subdag_operator.py
[2025-12-06T09:06:17.425+0000] {processor.py:840} INFO - DAG(s) 'example_subdag_operator.section-1', 'example_subdag_operator.section-2', 'example_subdag_operator' retrieved from /home/airflow/.local/lib/python3.8/site-packages/airflow/example_dags/example_subdag_operator.py
[2025-12-06T09:06:17.450+0000] {logging_mixin.py:188} INFO - [2025-12-06T09:06:17.450+0000] {dag.py:3036} INFO - Sync 3 DAGs
[2025-12-06T09:06:17.483+0000] {logging_mixin.py:188} INFO - [2025-12-06T09:06:17.483+0000] {dag.py:3823} INFO - Setting next_dagrun for example_subdag_operator to 2022-01-01 00:00:00+00:00, run_after=2022-01-01 00:00:00+00:00
[2025-12-06T09:06:17.489+0000] {logging_mixin.py:188} INFO - [2025-12-06T09:06:17.489+0000] {dag.py:3823} INFO - Setting next_dagrun for example_subdag_operator.section-1 to None, run_after=None
[2025-12-06T09:06:17.493+0000] {logging_mixin.py:188} INFO - [2025-12-06T09:06:17.492+0000] {dag.py:3823} INFO - Setting next_dagrun for example_subdag_operator.section-2 to None, run_after=None
[2025-12-06T09:06:17.505+0000] {logging_mixin.py:188} INFO - [2025-12-06T09:06:17.504+0000] {dag.py:3036} INFO - Sync 2 DAGs
[2025-12-06T09:06:17.514+0000] {logging_mixin.py:188} INFO - [2025-12-06T09:06:17.514+0000] {dag.py:3823} INFO - Setting next_dagrun for example_subdag_operator.section-1 to None, run_after=None
[2025-12-06T09:06:17.516+0000] {logging_mixin.py:188} INFO - [2025-12-06T09:06:17.515+0000] {dag.py:3823} INFO - Setting next_dagrun for example_subdag_operator.section-2 to None, run_after=None
[2025-12-06T09:06:17.541+0000] {processor.py:183} INFO - Processing /home/airflow/.local/lib/python3.8/site-packages/airflow/example_dags/example_subdag_operator.py took 0.172 seconds
[2025-12-06T09:06:47.914+0000] {processor.py:161} INFO - Started process (PID=1323) to work on /home/airflow/.local/lib/python3.8/site-packages/airflow/example_dags/example_subdag_operator.py
[2025-12-06T09:06:47.915+0000] {processor.py:830} INFO - Processing file /home/airflow/.local/lib/python3.8/site-packages/airflow/example_dags/example_subdag_operator.py for tasks to queue
[2025-12-06T09:06:47.918+0000] {logging_mixin.py:188} INFO - [2025-12-06T09:06:47.917+0000] {dagbag.py:538} INFO - Filling up the DagBag from /home/airflow/.local/lib/python3.8/site-packages/airflow/example_dags/example_subdag_operator.py
[2025-12-06T09:06:47.959+0000] {processor.py:840} INFO - DAG(s) 'example_subdag_operator.section-1', 'example_subdag_operator.section-2', 'example_subdag_operator' retrieved from /home/airflow/.local/lib/python3.8/site-packages/airflow/example_dags/example_subdag_operator.py
[2025-12-06T09:06:47.984+0000] {logging_mixin.py:188} INFO - [2025-12-06T09:06:47.983+0000] {dag.py:3036} INFO - Sync 3 DAGs
[2025-12-06T09:06:48.018+0000] {logging_mixin.py:188} INFO - [2025-12-06T09:06:48.017+0000] {dag.py:3823} INFO - Setting next_dagrun for example_subdag_operator to 2022-01-01 00:00:00+00:00, run_after=2022-01-01 00:00:00+00:00
[2025-12-06T09:06:48.023+0000] {logging_mixin.py:188} INFO - [2025-12-06T09:06:48.023+0000] {dag.py:3823} INFO - Setting next_dagrun for example_subdag_operator.section-1 to None, run_after=None
[2025-12-06T09:06:48.026+0000] {logging_mixin.py:188} INFO - [2025-12-06T09:06:48.026+0000] {dag.py:3823} INFO - Setting next_dagrun for example_subdag_operator.section-2 to None, run_after=None
[2025-12-06T09:06:48.041+0000] {logging_mixin.py:188} INFO - [2025-12-06T09:06:48.041+0000] {dag.py:3036} INFO - Sync 2 DAGs
[2025-12-06T09:06:48.051+0000] {logging_mixin.py:188} INFO - [2025-12-06T09:06:48.051+0000] {dag.py:3823} INFO - Setting next_dagrun for example_subdag_operator.section-1 to None, run_after=None
[2025-12-06T09:06:48.054+0000] {logging_mixin.py:188} INFO - [2025-12-06T09:06:48.053+0000] {dag.py:3823} INFO - Setting next_dagrun for example_subdag_operator.section-2 to None, run_after=None
[2025-12-06T09:06:48.076+0000] {processor.py:183} INFO - Processing /home/airflow/.local/lib/python3.8/site-packages/airflow/example_dags/example_subdag_operator.py took 0.168 seconds
[2025-12-06T09:07:18.383+0000] {processor.py:161} INFO - Started process (PID=1382) to work on /home/airflow/.local/lib/python3.8/site-packages/airflow/example_dags/example_subdag_operator.py
[2025-12-06T09:07:18.385+0000] {processor.py:830} INFO - Processing file /home/airflow/.local/lib/python3.8/site-packages/airflow/example_dags/example_subdag_operator.py for tasks to queue
[2025-12-06T09:07:18.388+0000] {logging_mixin.py:188} INFO - [2025-12-06T09:07:18.387+0000] {dagbag.py:538} INFO - Filling up the DagBag from /home/airflow/.local/lib/python3.8/site-packages/airflow/example_dags/example_subdag_operator.py
[2025-12-06T09:07:18.433+0000] {processor.py:840} INFO - DAG(s) 'example_subdag_operator.section-1', 'example_subdag_operator.section-2', 'example_subdag_operator' retrieved from /home/airflow/.local/lib/python3.8/site-packages/airflow/example_dags/example_subdag_operator.py
[2025-12-06T09:07:18.461+0000] {logging_mixin.py:188} INFO - [2025-12-06T09:07:18.461+0000] {dag.py:3036} INFO - Sync 3 DAGs
[2025-12-06T09:07:18.497+0000] {logging_mixin.py:188} INFO - [2025-12-06T09:07:18.497+0000] {dag.py:3823} INFO - Setting next_dagrun for example_subdag_operator to 2022-01-01 00:00:00+00:00, run_after=2022-01-01 00:00:00+00:00
[2025-12-06T09:07:18.503+0000] {logging_mixin.py:188} INFO - [2025-12-06T09:07:18.503+0000] {dag.py:3823} INFO - Setting next_dagrun for example_subdag_operator.section-1 to None, run_after=None
[2025-12-06T09:07:18.507+0000] {logging_mixin.py:188} INFO - [2025-12-06T09:07:18.506+0000] {dag.py:3823} INFO - Setting next_dagrun for example_subdag_operator.section-2 to None, run_after=None
[2025-12-06T09:07:18.519+0000] {logging_mixin.py:188} INFO - [2025-12-06T09:07:18.518+0000] {dag.py:3036} INFO - Sync 2 DAGs
[2025-12-06T09:07:18.529+0000] {logging_mixin.py:188} INFO - [2025-12-06T09:07:18.528+0000] {dag.py:3823} INFO - Setting next_dagrun for example_subdag_operator.section-1 to None, run_after=None
[2025-12-06T09:07:18.530+0000] {logging_mixin.py:188} INFO - [2025-12-06T09:07:18.530+0000] {dag.py:3823} INFO - Setting next_dagrun for example_subdag_operator.section-2 to None, run_after=None
[2025-12-06T09:07:18.557+0000] {processor.py:183} INFO - Processing /home/airflow/.local/lib/python3.8/site-packages/airflow/example_dags/example_subdag_operator.py took 0.178 seconds
[2025-12-06T09:07:48.946+0000] {processor.py:161} INFO - Started process (PID=1441) to work on /home/airflow/.local/lib/python3.8/site-packages/airflow/example_dags/example_subdag_operator.py
[2025-12-06T09:07:48.948+0000] {processor.py:830} INFO - Processing file /home/airflow/.local/lib/python3.8/site-packages/airflow/example_dags/example_subdag_operator.py for tasks to queue
[2025-12-06T09:07:48.951+0000] {logging_mixin.py:188} INFO - [2025-12-06T09:07:48.950+0000] {dagbag.py:538} INFO - Filling up the DagBag from /home/airflow/.local/lib/python3.8/site-packages/airflow/example_dags/example_subdag_operator.py
[2025-12-06T09:07:48.994+0000] {processor.py:840} INFO - DAG(s) 'example_subdag_operator.section-1', 'example_subdag_operator.section-2', 'example_subdag_operator' retrieved from /home/airflow/.local/lib/python3.8/site-packages/airflow/example_dags/example_subdag_operator.py
[2025-12-06T09:07:49.016+0000] {logging_mixin.py:188} INFO - [2025-12-06T09:07:49.016+0000] {dag.py:3036} INFO - Sync 3 DAGs
[2025-12-06T09:07:49.048+0000] {logging_mixin.py:188} INFO - [2025-12-06T09:07:49.047+0000] {dag.py:3823} INFO - Setting next_dagrun for example_subdag_operator to 2022-01-01 00:00:00+00:00, run_after=2022-01-01 00:00:00+00:00
[2025-12-06T09:07:49.053+0000] {logging_mixin.py:188} INFO - [2025-12-06T09:07:49.053+0000] {dag.py:3823} INFO - Setting next_dagrun for example_subdag_operator.section-1 to None, run_after=None
[2025-12-06T09:07:49.056+0000] {logging_mixin.py:188} INFO - [2025-12-06T09:07:49.056+0000] {dag.py:3823} INFO - Setting next_dagrun for example_subdag_operator.section-2 to None, run_after=None
[2025-12-06T09:07:49.069+0000] {logging_mixin.py:188} INFO - [2025-12-06T09:07:49.069+0000] {dag.py:3036} INFO - Sync 2 DAGs
[2025-12-06T09:07:49.078+0000] {logging_mixin.py:188} INFO - [2025-12-06T09:07:49.077+0000] {dag.py:3823} INFO - Setting next_dagrun for example_subdag_operator.section-1 to None, run_after=None
[2025-12-06T09:07:49.079+0000] {logging_mixin.py:188} INFO - [2025-12-06T09:07:49.079+0000] {dag.py:3823} INFO - Setting next_dagrun for example_subdag_operator.section-2 to None, run_after=None
[2025-12-06T09:07:49.100+0000] {processor.py:183} INFO - Processing /home/airflow/.local/lib/python3.8/site-packages/airflow/example_dags/example_subdag_operator.py took 0.159 seconds
[2025-12-06T09:08:19.368+0000] {processor.py:161} INFO - Started process (PID=1500) to work on /home/airflow/.local/lib/python3.8/site-packages/airflow/example_dags/example_subdag_operator.py
[2025-12-06T09:08:19.370+0000] {processor.py:830} INFO - Processing file /home/airflow/.local/lib/python3.8/site-packages/airflow/example_dags/example_subdag_operator.py for tasks to queue
[2025-12-06T09:08:19.374+0000] {logging_mixin.py:188} INFO - [2025-12-06T09:08:19.373+0000] {dagbag.py:538} INFO - Filling up the DagBag from /home/airflow/.local/lib/python3.8/site-packages/airflow/example_dags/example_subdag_operator.py
[2025-12-06T09:08:19.412+0000] {processor.py:840} INFO - DAG(s) 'example_subdag_operator.section-1', 'example_subdag_operator.section-2', 'example_subdag_operator' retrieved from /home/airflow/.local/lib/python3.8/site-packages/airflow/example_dags/example_subdag_operator.py
[2025-12-06T09:08:19.433+0000] {logging_mixin.py:188} INFO - [2025-12-06T09:08:19.433+0000] {dag.py:3036} INFO - Sync 3 DAGs
[2025-12-06T09:08:19.463+0000] {logging_mixin.py:188} INFO - [2025-12-06T09:08:19.463+0000] {dag.py:3823} INFO - Setting next_dagrun for example_subdag_operator to 2022-01-01 00:00:00+00:00, run_after=2022-01-01 00:00:00+00:00
[2025-12-06T09:08:19.469+0000] {logging_mixin.py:188} INFO - [2025-12-06T09:08:19.468+0000] {dag.py:3823} INFO - Setting next_dagrun for example_subdag_operator.section-1 to None, run_after=None
[2025-12-06T09:08:19.471+0000] {logging_mixin.py:188} INFO - [2025-12-06T09:08:19.471+0000] {dag.py:3823} INFO - Setting next_dagrun for example_subdag_operator.section-2 to None, run_after=None
[2025-12-06T09:08:19.482+0000] {logging_mixin.py:188} INFO - [2025-12-06T09:08:19.482+0000] {dag.py:3036} INFO - Sync 2 DAGs
[2025-12-06T09:08:19.491+0000] {logging_mixin.py:188} INFO - [2025-12-06T09:08:19.491+0000] {dag.py:3823} INFO - Setting next_dagrun for example_subdag_operator.section-1 to None, run_after=None
[2025-12-06T09:08:19.493+0000] {logging_mixin.py:188} INFO - [2025-12-06T09:08:19.492+0000] {dag.py:3823} INFO - Setting next_dagrun for example_subdag_operator.section-2 to None, run_after=None
[2025-12-06T09:08:19.516+0000] {processor.py:183} INFO - Processing /home/airflow/.local/lib/python3.8/site-packages/airflow/example_dags/example_subdag_operator.py took 0.154 seconds
[2025-12-06T09:08:49.929+0000] {processor.py:161} INFO - Started process (PID=1560) to work on /home/airflow/.local/lib/python3.8/site-packages/airflow/example_dags/example_subdag_operator.py
[2025-12-06T09:08:49.930+0000] {processor.py:830} INFO - Processing file /home/airflow/.local/lib/python3.8/site-packages/airflow/example_dags/example_subdag_operator.py for tasks to queue
[2025-12-06T09:08:49.935+0000] {logging_mixin.py:188} INFO - [2025-12-06T09:08:49.934+0000] {dagbag.py:538} INFO - Filling up the DagBag from /home/airflow/.local/lib/python3.8/site-packages/airflow/example_dags/example_subdag_operator.py
[2025-12-06T09:08:49.973+0000] {processor.py:840} INFO - DAG(s) 'example_subdag_operator.section-1', 'example_subdag_operator.section-2', 'example_subdag_operator' retrieved from /home/airflow/.local/lib/python3.8/site-packages/airflow/example_dags/example_subdag_operator.py
[2025-12-06T09:08:49.995+0000] {logging_mixin.py:188} INFO - [2025-12-06T09:08:49.995+0000] {dag.py:3036} INFO - Sync 3 DAGs
[2025-12-06T09:08:50.027+0000] {logging_mixin.py:188} INFO - [2025-12-06T09:08:50.027+0000] {dag.py:3823} INFO - Setting next_dagrun for example_subdag_operator to 2022-01-01 00:00:00+00:00, run_after=2022-01-01 00:00:00+00:00
[2025-12-06T09:08:50.033+0000] {logging_mixin.py:188} INFO - [2025-12-06T09:08:50.033+0000] {dag.py:3823} INFO - Setting next_dagrun for example_subdag_operator.section-1 to None, run_after=None
[2025-12-06T09:08:50.036+0000] {logging_mixin.py:188} INFO - [2025-12-06T09:08:50.036+0000] {dag.py:3823} INFO - Setting next_dagrun for example_subdag_operator.section-2 to None, run_after=None
[2025-12-06T09:08:50.047+0000] {logging_mixin.py:188} INFO - [2025-12-06T09:08:50.047+0000] {dag.py:3036} INFO - Sync 2 DAGs
[2025-12-06T09:08:50.056+0000] {logging_mixin.py:188} INFO - [2025-12-06T09:08:50.056+0000] {dag.py:3823} INFO - Setting next_dagrun for example_subdag_operator.section-1 to None, run_after=None
[2025-12-06T09:08:50.057+0000] {logging_mixin.py:188} INFO - [2025-12-06T09:08:50.057+0000] {dag.py:3823} INFO - Setting next_dagrun for example_subdag_operator.section-2 to None, run_after=None
[2025-12-06T09:08:50.079+0000] {processor.py:183} INFO - Processing /home/airflow/.local/lib/python3.8/site-packages/airflow/example_dags/example_subdag_operator.py took 0.155 seconds
[2025-12-06T09:09:20.136+0000] {processor.py:161} INFO - Started process (PID=1619) to work on /home/airflow/.local/lib/python3.8/site-packages/airflow/example_dags/example_subdag_operator.py
[2025-12-06T09:09:20.140+0000] {processor.py:830} INFO - Processing file /home/airflow/.local/lib/python3.8/site-packages/airflow/example_dags/example_subdag_operator.py for tasks to queue
[2025-12-06T09:09:20.147+0000] {logging_mixin.py:188} INFO - [2025-12-06T09:09:20.145+0000] {dagbag.py:538} INFO - Filling up the DagBag from /home/airflow/.local/lib/python3.8/site-packages/airflow/example_dags/example_subdag_operator.py
[2025-12-06T09:09:20.215+0000] {processor.py:840} INFO - DAG(s) 'example_subdag_operator.section-1', 'example_subdag_operator.section-2', 'example_subdag_operator' retrieved from /home/airflow/.local/lib/python3.8/site-packages/airflow/example_dags/example_subdag_operator.py
[2025-12-06T09:09:20.250+0000] {logging_mixin.py:188} INFO - [2025-12-06T09:09:20.250+0000] {dag.py:3036} INFO - Sync 3 DAGs
[2025-12-06T09:09:20.300+0000] {logging_mixin.py:188} INFO - [2025-12-06T09:09:20.300+0000] {dag.py:3823} INFO - Setting next_dagrun for example_subdag_operator to 2022-01-01 00:00:00+00:00, run_after=2022-01-01 00:00:00+00:00
[2025-12-06T09:09:20.308+0000] {logging_mixin.py:188} INFO - [2025-12-06T09:09:20.308+0000] {dag.py:3823} INFO - Setting next_dagrun for example_subdag_operator.section-1 to None, run_after=None
[2025-12-06T09:09:20.312+0000] {logging_mixin.py:188} INFO - [2025-12-06T09:09:20.311+0000] {dag.py:3823} INFO - Setting next_dagrun for example_subdag_operator.section-2 to None, run_after=None
[2025-12-06T09:09:20.334+0000] {logging_mixin.py:188} INFO - [2025-12-06T09:09:20.333+0000] {dag.py:3036} INFO - Sync 2 DAGs
[2025-12-06T09:09:20.345+0000] {logging_mixin.py:188} INFO - [2025-12-06T09:09:20.344+0000] {dag.py:3823} INFO - Setting next_dagrun for example_subdag_operator.section-1 to None, run_after=None
[2025-12-06T09:09:20.347+0000] {logging_mixin.py:188} INFO - [2025-12-06T09:09:20.346+0000] {dag.py:3823} INFO - Setting next_dagrun for example_subdag_operator.section-2 to None, run_after=None
[2025-12-06T09:09:20.376+0000] {processor.py:183} INFO - Processing /home/airflow/.local/lib/python3.8/site-packages/airflow/example_dags/example_subdag_operator.py took 0.254 seconds
[2025-12-06T09:09:50.742+0000] {processor.py:161} INFO - Started process (PID=1678) to work on /home/airflow/.local/lib/python3.8/site-packages/airflow/example_dags/example_subdag_operator.py
[2025-12-06T09:09:50.744+0000] {processor.py:830} INFO - Processing file /home/airflow/.local/lib/python3.8/site-packages/airflow/example_dags/example_subdag_operator.py for tasks to queue
[2025-12-06T09:09:50.747+0000] {logging_mixin.py:188} INFO - [2025-12-06T09:09:50.746+0000] {dagbag.py:538} INFO - Filling up the DagBag from /home/airflow/.local/lib/python3.8/site-packages/airflow/example_dags/example_subdag_operator.py
[2025-12-06T09:09:50.785+0000] {processor.py:840} INFO - DAG(s) 'example_subdag_operator.section-1', 'example_subdag_operator.section-2', 'example_subdag_operator' retrieved from /home/airflow/.local/lib/python3.8/site-packages/airflow/example_dags/example_subdag_operator.py
[2025-12-06T09:09:50.809+0000] {logging_mixin.py:188} INFO - [2025-12-06T09:09:50.809+0000] {dag.py:3036} INFO - Sync 3 DAGs
[2025-12-06T09:09:50.843+0000] {logging_mixin.py:188} INFO - [2025-12-06T09:09:50.843+0000] {dag.py:3823} INFO - Setting next_dagrun for example_subdag_operator to 2022-01-01 00:00:00+00:00, run_after=2022-01-01 00:00:00+00:00
[2025-12-06T09:09:50.850+0000] {logging_mixin.py:188} INFO - [2025-12-06T09:09:50.849+0000] {dag.py:3823} INFO - Setting next_dagrun for example_subdag_operator.section-1 to None, run_after=None
[2025-12-06T09:09:50.852+0000] {logging_mixin.py:188} INFO - [2025-12-06T09:09:50.852+0000] {dag.py:3823} INFO - Setting next_dagrun for example_subdag_operator.section-2 to None, run_after=None
[2025-12-06T09:09:50.864+0000] {logging_mixin.py:188} INFO - [2025-12-06T09:09:50.864+0000] {dag.py:3036} INFO - Sync 2 DAGs
[2025-12-06T09:09:50.874+0000] {logging_mixin.py:188} INFO - [2025-12-06T09:09:50.873+0000] {dag.py:3823} INFO - Setting next_dagrun for example_subdag_operator.section-1 to None, run_after=None
[2025-12-06T09:09:50.875+0000] {logging_mixin.py:188} INFO - [2025-12-06T09:09:50.875+0000] {dag.py:3823} INFO - Setting next_dagrun for example_subdag_operator.section-2 to None, run_after=None
[2025-12-06T09:09:50.899+0000] {processor.py:183} INFO - Processing /home/airflow/.local/lib/python3.8/site-packages/airflow/example_dags/example_subdag_operator.py took 0.162 seconds
[2025-12-06T09:10:21.065+0000] {processor.py:161} INFO - Started process (PID=1737) to work on /home/airflow/.local/lib/python3.8/site-packages/airflow/example_dags/example_subdag_operator.py
[2025-12-06T09:10:21.067+0000] {processor.py:830} INFO - Processing file /home/airflow/.local/lib/python3.8/site-packages/airflow/example_dags/example_subdag_operator.py for tasks to queue
[2025-12-06T09:10:21.070+0000] {logging_mixin.py:188} INFO - [2025-12-06T09:10:21.069+0000] {dagbag.py:538} INFO - Filling up the DagBag from /home/airflow/.local/lib/python3.8/site-packages/airflow/example_dags/example_subdag_operator.py
[2025-12-06T09:10:21.115+0000] {processor.py:840} INFO - DAG(s) 'example_subdag_operator.section-1', 'example_subdag_operator.section-2', 'example_subdag_operator' retrieved from /home/airflow/.local/lib/python3.8/site-packages/airflow/example_dags/example_subdag_operator.py
[2025-12-06T09:10:21.142+0000] {logging_mixin.py:188} INFO - [2025-12-06T09:10:21.141+0000] {dag.py:3036} INFO - Sync 3 DAGs
[2025-12-06T09:10:21.177+0000] {logging_mixin.py:188} INFO - [2025-12-06T09:10:21.177+0000] {dag.py:3823} INFO - Setting next_dagrun for example_subdag_operator to 2022-01-01 00:00:00+00:00, run_after=2022-01-01 00:00:00+00:00
[2025-12-06T09:10:21.183+0000] {logging_mixin.py:188} INFO - [2025-12-06T09:10:21.183+0000] {dag.py:3823} INFO - Setting next_dagrun for example_subdag_operator.section-1 to None, run_after=None
[2025-12-06T09:10:21.186+0000] {logging_mixin.py:188} INFO - [2025-12-06T09:10:21.186+0000] {dag.py:3823} INFO - Setting next_dagrun for example_subdag_operator.section-2 to None, run_after=None
[2025-12-06T09:10:21.202+0000] {logging_mixin.py:188} INFO - [2025-12-06T09:10:21.202+0000] {dag.py:3036} INFO - Sync 2 DAGs
[2025-12-06T09:10:21.211+0000] {logging_mixin.py:188} INFO - [2025-12-06T09:10:21.210+0000] {dag.py:3823} INFO - Setting next_dagrun for example_subdag_operator.section-1 to None, run_after=None
[2025-12-06T09:10:21.212+0000] {logging_mixin.py:188} INFO - [2025-12-06T09:10:21.211+0000] {dag.py:3823} INFO - Setting next_dagrun for example_subdag_operator.section-2 to None, run_after=None
[2025-12-06T09:10:21.235+0000] {processor.py:183} INFO - Processing /home/airflow/.local/lib/python3.8/site-packages/airflow/example_dags/example_subdag_operator.py took 0.176 seconds
[2025-12-06T09:10:51.296+0000] {processor.py:161} INFO - Started process (PID=1796) to work on /home/airflow/.local/lib/python3.8/site-packages/airflow/example_dags/example_subdag_operator.py
[2025-12-06T09:10:51.298+0000] {processor.py:830} INFO - Processing file /home/airflow/.local/lib/python3.8/site-packages/airflow/example_dags/example_subdag_operator.py for tasks to queue
[2025-12-06T09:10:51.301+0000] {logging_mixin.py:188} INFO - [2025-12-06T09:10:51.300+0000] {dagbag.py:538} INFO - Filling up the DagBag from /home/airflow/.local/lib/python3.8/site-packages/airflow/example_dags/example_subdag_operator.py
[2025-12-06T09:10:51.340+0000] {processor.py:840} INFO - DAG(s) 'example_subdag_operator.section-1', 'example_subdag_operator.section-2', 'example_subdag_operator' retrieved from /home/airflow/.local/lib/python3.8/site-packages/airflow/example_dags/example_subdag_operator.py
[2025-12-06T09:10:51.363+0000] {logging_mixin.py:188} INFO - [2025-12-06T09:10:51.363+0000] {dag.py:3036} INFO - Sync 3 DAGs
[2025-12-06T09:10:51.395+0000] {logging_mixin.py:188} INFO - [2025-12-06T09:10:51.395+0000] {dag.py:3823} INFO - Setting next_dagrun for example_subdag_operator to 2022-01-01 00:00:00+00:00, run_after=2022-01-01 00:00:00+00:00
[2025-12-06T09:10:51.401+0000] {logging_mixin.py:188} INFO - [2025-12-06T09:10:51.400+0000] {dag.py:3823} INFO - Setting next_dagrun for example_subdag_operator.section-1 to None, run_after=None
[2025-12-06T09:10:51.403+0000] {logging_mixin.py:188} INFO - [2025-12-06T09:10:51.403+0000] {dag.py:3823} INFO - Setting next_dagrun for example_subdag_operator.section-2 to None, run_after=None
[2025-12-06T09:10:51.418+0000] {logging_mixin.py:188} INFO - [2025-12-06T09:10:51.418+0000] {dag.py:3036} INFO - Sync 2 DAGs
[2025-12-06T09:10:51.429+0000] {logging_mixin.py:188} INFO - [2025-12-06T09:10:51.429+0000] {dag.py:3823} INFO - Setting next_dagrun for example_subdag_operator.section-1 to None, run_after=None
[2025-12-06T09:10:51.430+0000] {logging_mixin.py:188} INFO - [2025-12-06T09:10:51.430+0000] {dag.py:3823} INFO - Setting next_dagrun for example_subdag_operator.section-2 to None, run_after=None
[2025-12-06T09:10:51.455+0000] {processor.py:183} INFO - Processing /home/airflow/.local/lib/python3.8/site-packages/airflow/example_dags/example_subdag_operator.py took 0.163 seconds
[2025-12-06T09:11:21.855+0000] {processor.py:161} INFO - Started process (PID=1855) to work on /home/airflow/.local/lib/python3.8/site-packages/airflow/example_dags/example_subdag_operator.py
[2025-12-06T09:11:21.857+0000] {processor.py:830} INFO - Processing file /home/airflow/.local/lib/python3.8/site-packages/airflow/example_dags/example_subdag_operator.py for tasks to queue
[2025-12-06T09:11:21.859+0000] {logging_mixin.py:188} INFO - [2025-12-06T09:11:21.859+0000] {dagbag.py:538} INFO - Filling up the DagBag from /home/airflow/.local/lib/python3.8/site-packages/airflow/example_dags/example_subdag_operator.py
[2025-12-06T09:11:21.900+0000] {processor.py:840} INFO - DAG(s) 'example_subdag_operator.section-1', 'example_subdag_operator.section-2', 'example_subdag_operator' retrieved from /home/airflow/.local/lib/python3.8/site-packages/airflow/example_dags/example_subdag_operator.py
[2025-12-06T09:11:21.925+0000] {logging_mixin.py:188} INFO - [2025-12-06T09:11:21.925+0000] {dag.py:3036} INFO - Sync 3 DAGs
[2025-12-06T09:11:21.956+0000] {logging_mixin.py:188} INFO - [2025-12-06T09:11:21.955+0000] {dag.py:3823} INFO - Setting next_dagrun for example_subdag_operator to 2022-01-01 00:00:00+00:00, run_after=2022-01-01 00:00:00+00:00
[2025-12-06T09:11:21.962+0000] {logging_mixin.py:188} INFO - [2025-12-06T09:11:21.962+0000] {dag.py:3823} INFO - Setting next_dagrun for example_subdag_operator.section-1 to None, run_after=None
[2025-12-06T09:11:21.965+0000] {logging_mixin.py:188} INFO - [2025-12-06T09:11:21.964+0000] {dag.py:3823} INFO - Setting next_dagrun for example_subdag_operator.section-2 to None, run_after=None
[2025-12-06T09:11:21.978+0000] {logging_mixin.py:188} INFO - [2025-12-06T09:11:21.977+0000] {dag.py:3036} INFO - Sync 2 DAGs
[2025-12-06T09:11:21.987+0000] {logging_mixin.py:188} INFO - [2025-12-06T09:11:21.986+0000] {dag.py:3823} INFO - Setting next_dagrun for example_subdag_operator.section-1 to None, run_after=None
[2025-12-06T09:11:21.987+0000] {logging_mixin.py:188} INFO - [2025-12-06T09:11:21.987+0000] {dag.py:3823} INFO - Setting next_dagrun for example_subdag_operator.section-2 to None, run_after=None
[2025-12-06T09:11:22.010+0000] {processor.py:183} INFO - Processing /home/airflow/.local/lib/python3.8/site-packages/airflow/example_dags/example_subdag_operator.py took 0.159 seconds
[2025-12-06T09:11:52.238+0000] {processor.py:161} INFO - Started process (PID=1914) to work on /home/airflow/.local/lib/python3.8/site-packages/airflow/example_dags/example_subdag_operator.py
[2025-12-06T09:11:52.240+0000] {processor.py:830} INFO - Processing file /home/airflow/.local/lib/python3.8/site-packages/airflow/example_dags/example_subdag_operator.py for tasks to queue
[2025-12-06T09:11:52.243+0000] {logging_mixin.py:188} INFO - [2025-12-06T09:11:52.243+0000] {dagbag.py:538} INFO - Filling up the DagBag from /home/airflow/.local/lib/python3.8/site-packages/airflow/example_dags/example_subdag_operator.py
[2025-12-06T09:11:52.283+0000] {processor.py:840} INFO - DAG(s) 'example_subdag_operator.section-1', 'example_subdag_operator.section-2', 'example_subdag_operator' retrieved from /home/airflow/.local/lib/python3.8/site-packages/airflow/example_dags/example_subdag_operator.py
[2025-12-06T09:11:52.304+0000] {logging_mixin.py:188} INFO - [2025-12-06T09:11:52.304+0000] {dag.py:3036} INFO - Sync 3 DAGs
[2025-12-06T09:11:52.337+0000] {logging_mixin.py:188} INFO - [2025-12-06T09:11:52.337+0000] {dag.py:3823} INFO - Setting next_dagrun for example_subdag_operator to 2022-01-01 00:00:00+00:00, run_after=2022-01-01 00:00:00+00:00
[2025-12-06T09:11:52.343+0000] {logging_mixin.py:188} INFO - [2025-12-06T09:11:52.343+0000] {dag.py:3823} INFO - Setting next_dagrun for example_subdag_operator.section-1 to None, run_after=None
[2025-12-06T09:11:52.346+0000] {logging_mixin.py:188} INFO - [2025-12-06T09:11:52.346+0000] {dag.py:3823} INFO - Setting next_dagrun for example_subdag_operator.section-2 to None, run_after=None
[2025-12-06T09:11:52.356+0000] {logging_mixin.py:188} INFO - [2025-12-06T09:11:52.356+0000] {dag.py:3036} INFO - Sync 2 DAGs
[2025-12-06T09:11:52.364+0000] {logging_mixin.py:188} INFO - [2025-12-06T09:11:52.364+0000] {dag.py:3823} INFO - Setting next_dagrun for example_subdag_operator.section-1 to None, run_after=None
[2025-12-06T09:11:52.367+0000] {logging_mixin.py:188} INFO - [2025-12-06T09:11:52.367+0000] {dag.py:3823} INFO - Setting next_dagrun for example_subdag_operator.section-2 to None, run_after=None
[2025-12-06T09:11:52.389+0000] {processor.py:183} INFO - Processing /home/airflow/.local/lib/python3.8/site-packages/airflow/example_dags/example_subdag_operator.py took 0.157 seconds
[2025-12-06T09:12:22.721+0000] {processor.py:161} INFO - Started process (PID=1973) to work on /home/airflow/.local/lib/python3.8/site-packages/airflow/example_dags/example_subdag_operator.py
[2025-12-06T09:12:22.722+0000] {processor.py:830} INFO - Processing file /home/airflow/.local/lib/python3.8/site-packages/airflow/example_dags/example_subdag_operator.py for tasks to queue
[2025-12-06T09:12:22.725+0000] {logging_mixin.py:188} INFO - [2025-12-06T09:12:22.724+0000] {dagbag.py:538} INFO - Filling up the DagBag from /home/airflow/.local/lib/python3.8/site-packages/airflow/example_dags/example_subdag_operator.py
[2025-12-06T09:12:22.765+0000] {processor.py:840} INFO - DAG(s) 'example_subdag_operator.section-1', 'example_subdag_operator.section-2', 'example_subdag_operator' retrieved from /home/airflow/.local/lib/python3.8/site-packages/airflow/example_dags/example_subdag_operator.py
[2025-12-06T09:12:22.788+0000] {logging_mixin.py:188} INFO - [2025-12-06T09:12:22.788+0000] {dag.py:3036} INFO - Sync 3 DAGs
[2025-12-06T09:12:22.821+0000] {logging_mixin.py:188} INFO - [2025-12-06T09:12:22.820+0000] {dag.py:3823} INFO - Setting next_dagrun for example_subdag_operator to 2022-01-01 00:00:00+00:00, run_after=2022-01-01 00:00:00+00:00
[2025-12-06T09:12:22.827+0000] {logging_mixin.py:188} INFO - [2025-12-06T09:12:22.827+0000] {dag.py:3823} INFO - Setting next_dagrun for example_subdag_operator.section-1 to None, run_after=None
[2025-12-06T09:12:22.831+0000] {logging_mixin.py:188} INFO - [2025-12-06T09:12:22.830+0000] {dag.py:3823} INFO - Setting next_dagrun for example_subdag_operator.section-2 to None, run_after=None
[2025-12-06T09:12:22.843+0000] {logging_mixin.py:188} INFO - [2025-12-06T09:12:22.843+0000] {dag.py:3036} INFO - Sync 2 DAGs
[2025-12-06T09:12:22.852+0000] {logging_mixin.py:188} INFO - [2025-12-06T09:12:22.851+0000] {dag.py:3823} INFO - Setting next_dagrun for example_subdag_operator.section-1 to None, run_after=None
[2025-12-06T09:12:22.852+0000] {logging_mixin.py:188} INFO - [2025-12-06T09:12:22.852+0000] {dag.py:3823} INFO - Setting next_dagrun for example_subdag_operator.section-2 to None, run_after=None
[2025-12-06T09:12:22.878+0000] {processor.py:183} INFO - Processing /home/airflow/.local/lib/python3.8/site-packages/airflow/example_dags/example_subdag_operator.py took 0.163 seconds
[2025-12-06T09:12:52.949+0000] {processor.py:161} INFO - Started process (PID=2030) to work on /home/airflow/.local/lib/python3.8/site-packages/airflow/example_dags/example_subdag_operator.py
[2025-12-06T09:12:52.950+0000] {processor.py:830} INFO - Processing file /home/airflow/.local/lib/python3.8/site-packages/airflow/example_dags/example_subdag_operator.py for tasks to queue
[2025-12-06T09:12:52.953+0000] {logging_mixin.py:188} INFO - [2025-12-06T09:12:52.953+0000] {dagbag.py:538} INFO - Filling up the DagBag from /home/airflow/.local/lib/python3.8/site-packages/airflow/example_dags/example_subdag_operator.py
[2025-12-06T09:12:52.994+0000] {processor.py:840} INFO - DAG(s) 'example_subdag_operator.section-1', 'example_subdag_operator.section-2', 'example_subdag_operator' retrieved from /home/airflow/.local/lib/python3.8/site-packages/airflow/example_dags/example_subdag_operator.py
[2025-12-06T09:12:53.019+0000] {logging_mixin.py:188} INFO - [2025-12-06T09:12:53.019+0000] {dag.py:3036} INFO - Sync 3 DAGs
[2025-12-06T09:12:53.056+0000] {logging_mixin.py:188} INFO - [2025-12-06T09:12:53.055+0000] {dag.py:3823} INFO - Setting next_dagrun for example_subdag_operator to 2022-01-01 00:00:00+00:00, run_after=2022-01-01 00:00:00+00:00
[2025-12-06T09:12:53.062+0000] {logging_mixin.py:188} INFO - [2025-12-06T09:12:53.061+0000] {dag.py:3823} INFO - Setting next_dagrun for example_subdag_operator.section-1 to None, run_after=None
[2025-12-06T09:12:53.065+0000] {logging_mixin.py:188} INFO - [2025-12-06T09:12:53.065+0000] {dag.py:3823} INFO - Setting next_dagrun for example_subdag_operator.section-2 to None, run_after=None
[2025-12-06T09:12:53.080+0000] {logging_mixin.py:188} INFO - [2025-12-06T09:12:53.079+0000] {dag.py:3036} INFO - Sync 2 DAGs
[2025-12-06T09:12:53.088+0000] {logging_mixin.py:188} INFO - [2025-12-06T09:12:53.088+0000] {dag.py:3823} INFO - Setting next_dagrun for example_subdag_operator.section-1 to None, run_after=None
[2025-12-06T09:12:53.090+0000] {logging_mixin.py:188} INFO - [2025-12-06T09:12:53.089+0000] {dag.py:3823} INFO - Setting next_dagrun for example_subdag_operator.section-2 to None, run_after=None
[2025-12-06T09:12:53.117+0000] {processor.py:183} INFO - Processing /home/airflow/.local/lib/python3.8/site-packages/airflow/example_dags/example_subdag_operator.py took 0.174 seconds
[2025-12-06T09:13:23.716+0000] {processor.py:161} INFO - Started process (PID=2089) to work on /home/airflow/.local/lib/python3.8/site-packages/airflow/example_dags/example_subdag_operator.py
[2025-12-06T09:13:23.718+0000] {processor.py:830} INFO - Processing file /home/airflow/.local/lib/python3.8/site-packages/airflow/example_dags/example_subdag_operator.py for tasks to queue
[2025-12-06T09:13:23.724+0000] {logging_mixin.py:188} INFO - [2025-12-06T09:13:23.724+0000] {dagbag.py:538} INFO - Filling up the DagBag from /home/airflow/.local/lib/python3.8/site-packages/airflow/example_dags/example_subdag_operator.py
[2025-12-06T09:13:23.761+0000] {processor.py:840} INFO - DAG(s) 'example_subdag_operator.section-1', 'example_subdag_operator.section-2', 'example_subdag_operator' retrieved from /home/airflow/.local/lib/python3.8/site-packages/airflow/example_dags/example_subdag_operator.py
[2025-12-06T09:13:23.785+0000] {logging_mixin.py:188} INFO - [2025-12-06T09:13:23.784+0000] {dag.py:3036} INFO - Sync 3 DAGs
[2025-12-06T09:13:23.819+0000] {logging_mixin.py:188} INFO - [2025-12-06T09:13:23.819+0000] {dag.py:3823} INFO - Setting next_dagrun for example_subdag_operator to 2022-01-01 00:00:00+00:00, run_after=2022-01-01 00:00:00+00:00
[2025-12-06T09:13:23.824+0000] {logging_mixin.py:188} INFO - [2025-12-06T09:13:23.824+0000] {dag.py:3823} INFO - Setting next_dagrun for example_subdag_operator.section-1 to None, run_after=None
[2025-12-06T09:13:23.827+0000] {logging_mixin.py:188} INFO - [2025-12-06T09:13:23.827+0000] {dag.py:3823} INFO - Setting next_dagrun for example_subdag_operator.section-2 to None, run_after=None
[2025-12-06T09:13:23.837+0000] {logging_mixin.py:188} INFO - [2025-12-06T09:13:23.837+0000] {dag.py:3036} INFO - Sync 2 DAGs
[2025-12-06T09:13:23.845+0000] {logging_mixin.py:188} INFO - [2025-12-06T09:13:23.845+0000] {dag.py:3823} INFO - Setting next_dagrun for example_subdag_operator.section-1 to None, run_after=None
[2025-12-06T09:13:23.847+0000] {logging_mixin.py:188} INFO - [2025-12-06T09:13:23.846+0000] {dag.py:3823} INFO - Setting next_dagrun for example_subdag_operator.section-2 to None, run_after=None
[2025-12-06T09:13:23.869+0000] {processor.py:183} INFO - Processing /home/airflow/.local/lib/python3.8/site-packages/airflow/example_dags/example_subdag_operator.py took 0.157 seconds
[2025-12-06T09:13:54.018+0000] {processor.py:161} INFO - Started process (PID=2148) to work on /home/airflow/.local/lib/python3.8/site-packages/airflow/example_dags/example_subdag_operator.py
[2025-12-06T09:13:54.019+0000] {processor.py:830} INFO - Processing file /home/airflow/.local/lib/python3.8/site-packages/airflow/example_dags/example_subdag_operator.py for tasks to queue
[2025-12-06T09:13:54.021+0000] {logging_mixin.py:188} INFO - [2025-12-06T09:13:54.021+0000] {dagbag.py:538} INFO - Filling up the DagBag from /home/airflow/.local/lib/python3.8/site-packages/airflow/example_dags/example_subdag_operator.py
[2025-12-06T09:13:54.062+0000] {processor.py:840} INFO - DAG(s) 'example_subdag_operator.section-1', 'example_subdag_operator.section-2', 'example_subdag_operator' retrieved from /home/airflow/.local/lib/python3.8/site-packages/airflow/example_dags/example_subdag_operator.py
[2025-12-06T09:13:54.084+0000] {logging_mixin.py:188} INFO - [2025-12-06T09:13:54.083+0000] {dag.py:3036} INFO - Sync 3 DAGs
[2025-12-06T09:13:54.117+0000] {logging_mixin.py:188} INFO - [2025-12-06T09:13:54.117+0000] {dag.py:3823} INFO - Setting next_dagrun for example_subdag_operator to 2022-01-01 00:00:00+00:00, run_after=2022-01-01 00:00:00+00:00
[2025-12-06T09:13:54.123+0000] {logging_mixin.py:188} INFO - [2025-12-06T09:13:54.123+0000] {dag.py:3823} INFO - Setting next_dagrun for example_subdag_operator.section-1 to None, run_after=None
[2025-12-06T09:13:54.126+0000] {logging_mixin.py:188} INFO - [2025-12-06T09:13:54.125+0000] {dag.py:3823} INFO - Setting next_dagrun for example_subdag_operator.section-2 to None, run_after=None
[2025-12-06T09:13:54.138+0000] {logging_mixin.py:188} INFO - [2025-12-06T09:13:54.138+0000] {dag.py:3036} INFO - Sync 2 DAGs
[2025-12-06T09:13:54.147+0000] {logging_mixin.py:188} INFO - [2025-12-06T09:13:54.147+0000] {dag.py:3823} INFO - Setting next_dagrun for example_subdag_operator.section-1 to None, run_after=None
[2025-12-06T09:13:54.148+0000] {logging_mixin.py:188} INFO - [2025-12-06T09:13:54.148+0000] {dag.py:3823} INFO - Setting next_dagrun for example_subdag_operator.section-2 to None, run_after=None
[2025-12-06T09:13:54.173+0000] {processor.py:183} INFO - Processing /home/airflow/.local/lib/python3.8/site-packages/airflow/example_dags/example_subdag_operator.py took 0.161 seconds
[2025-12-06T09:14:24.706+0000] {processor.py:161} INFO - Started process (PID=2207) to work on /home/airflow/.local/lib/python3.8/site-packages/airflow/example_dags/example_subdag_operator.py
[2025-12-06T09:14:24.708+0000] {processor.py:830} INFO - Processing file /home/airflow/.local/lib/python3.8/site-packages/airflow/example_dags/example_subdag_operator.py for tasks to queue
[2025-12-06T09:14:24.711+0000] {logging_mixin.py:188} INFO - [2025-12-06T09:14:24.711+0000] {dagbag.py:538} INFO - Filling up the DagBag from /home/airflow/.local/lib/python3.8/site-packages/airflow/example_dags/example_subdag_operator.py
[2025-12-06T09:14:24.765+0000] {processor.py:840} INFO - DAG(s) 'example_subdag_operator.section-1', 'example_subdag_operator.section-2', 'example_subdag_operator' retrieved from /home/airflow/.local/lib/python3.8/site-packages/airflow/example_dags/example_subdag_operator.py
[2025-12-06T09:14:24.791+0000] {logging_mixin.py:188} INFO - [2025-12-06T09:14:24.791+0000] {dag.py:3036} INFO - Sync 3 DAGs
[2025-12-06T09:14:24.823+0000] {logging_mixin.py:188} INFO - [2025-12-06T09:14:24.823+0000] {dag.py:3823} INFO - Setting next_dagrun for example_subdag_operator to 2022-01-01 00:00:00+00:00, run_after=2022-01-01 00:00:00+00:00
[2025-12-06T09:14:24.829+0000] {logging_mixin.py:188} INFO - [2025-12-06T09:14:24.829+0000] {dag.py:3823} INFO - Setting next_dagrun for example_subdag_operator.section-1 to None, run_after=None
[2025-12-06T09:14:24.831+0000] {logging_mixin.py:188} INFO - [2025-12-06T09:14:24.831+0000] {dag.py:3823} INFO - Setting next_dagrun for example_subdag_operator.section-2 to None, run_after=None
[2025-12-06T09:14:24.844+0000] {logging_mixin.py:188} INFO - [2025-12-06T09:14:24.843+0000] {dag.py:3036} INFO - Sync 2 DAGs
[2025-12-06T09:14:24.852+0000] {logging_mixin.py:188} INFO - [2025-12-06T09:14:24.851+0000] {dag.py:3823} INFO - Setting next_dagrun for example_subdag_operator.section-1 to None, run_after=None
[2025-12-06T09:14:24.853+0000] {logging_mixin.py:188} INFO - [2025-12-06T09:14:24.853+0000] {dag.py:3823} INFO - Setting next_dagrun for example_subdag_operator.section-2 to None, run_after=None
[2025-12-06T09:14:24.877+0000] {processor.py:183} INFO - Processing /home/airflow/.local/lib/python3.8/site-packages/airflow/example_dags/example_subdag_operator.py took 0.175 seconds
[2025-12-06T09:14:54.990+0000] {processor.py:161} INFO - Started process (PID=2266) to work on /home/airflow/.local/lib/python3.8/site-packages/airflow/example_dags/example_subdag_operator.py
[2025-12-06T09:14:54.991+0000] {processor.py:830} INFO - Processing file /home/airflow/.local/lib/python3.8/site-packages/airflow/example_dags/example_subdag_operator.py for tasks to queue
[2025-12-06T09:14:54.994+0000] {logging_mixin.py:188} INFO - [2025-12-06T09:14:54.993+0000] {dagbag.py:538} INFO - Filling up the DagBag from /home/airflow/.local/lib/python3.8/site-packages/airflow/example_dags/example_subdag_operator.py
[2025-12-06T09:14:55.034+0000] {processor.py:840} INFO - DAG(s) 'example_subdag_operator.section-1', 'example_subdag_operator.section-2', 'example_subdag_operator' retrieved from /home/airflow/.local/lib/python3.8/site-packages/airflow/example_dags/example_subdag_operator.py
[2025-12-06T09:14:55.054+0000] {logging_mixin.py:188} INFO - [2025-12-06T09:14:55.053+0000] {dag.py:3036} INFO - Sync 3 DAGs
[2025-12-06T09:14:55.088+0000] {logging_mixin.py:188} INFO - [2025-12-06T09:14:55.088+0000] {dag.py:3823} INFO - Setting next_dagrun for example_subdag_operator to 2022-01-01 00:00:00+00:00, run_after=2022-01-01 00:00:00+00:00
[2025-12-06T09:14:55.096+0000] {logging_mixin.py:188} INFO - [2025-12-06T09:14:55.095+0000] {dag.py:3823} INFO - Setting next_dagrun for example_subdag_operator.section-1 to None, run_after=None
[2025-12-06T09:14:55.099+0000] {logging_mixin.py:188} INFO - [2025-12-06T09:14:55.098+0000] {dag.py:3823} INFO - Setting next_dagrun for example_subdag_operator.section-2 to None, run_after=None
[2025-12-06T09:14:55.113+0000] {logging_mixin.py:188} INFO - [2025-12-06T09:14:55.113+0000] {dag.py:3036} INFO - Sync 2 DAGs
[2025-12-06T09:14:55.125+0000] {logging_mixin.py:188} INFO - [2025-12-06T09:14:55.125+0000] {dag.py:3823} INFO - Setting next_dagrun for example_subdag_operator.section-1 to None, run_after=None
[2025-12-06T09:14:55.126+0000] {logging_mixin.py:188} INFO - [2025-12-06T09:14:55.126+0000] {dag.py:3823} INFO - Setting next_dagrun for example_subdag_operator.section-2 to None, run_after=None
[2025-12-06T09:14:55.149+0000] {processor.py:183} INFO - Processing /home/airflow/.local/lib/python3.8/site-packages/airflow/example_dags/example_subdag_operator.py took 0.165 seconds
[2025-12-06T09:15:25.493+0000] {processor.py:161} INFO - Started process (PID=2325) to work on /home/airflow/.local/lib/python3.8/site-packages/airflow/example_dags/example_subdag_operator.py
[2025-12-06T09:15:25.494+0000] {processor.py:830} INFO - Processing file /home/airflow/.local/lib/python3.8/site-packages/airflow/example_dags/example_subdag_operator.py for tasks to queue
[2025-12-06T09:15:25.496+0000] {logging_mixin.py:188} INFO - [2025-12-06T09:15:25.496+0000] {dagbag.py:538} INFO - Filling up the DagBag from /home/airflow/.local/lib/python3.8/site-packages/airflow/example_dags/example_subdag_operator.py
[2025-12-06T09:15:25.536+0000] {processor.py:840} INFO - DAG(s) 'example_subdag_operator.section-1', 'example_subdag_operator.section-2', 'example_subdag_operator' retrieved from /home/airflow/.local/lib/python3.8/site-packages/airflow/example_dags/example_subdag_operator.py
[2025-12-06T09:15:25.562+0000] {logging_mixin.py:188} INFO - [2025-12-06T09:15:25.561+0000] {dag.py:3036} INFO - Sync 3 DAGs
[2025-12-06T09:15:25.596+0000] {logging_mixin.py:188} INFO - [2025-12-06T09:15:25.595+0000] {dag.py:3823} INFO - Setting next_dagrun for example_subdag_operator to 2022-01-01 00:00:00+00:00, run_after=2022-01-01 00:00:00+00:00
[2025-12-06T09:15:25.601+0000] {logging_mixin.py:188} INFO - [2025-12-06T09:15:25.601+0000] {dag.py:3823} INFO - Setting next_dagrun for example_subdag_operator.section-1 to None, run_after=None
[2025-12-06T09:15:25.607+0000] {logging_mixin.py:188} INFO - [2025-12-06T09:15:25.606+0000] {dag.py:3823} INFO - Setting next_dagrun for example_subdag_operator.section-2 to None, run_after=None
[2025-12-06T09:15:25.625+0000] {logging_mixin.py:188} INFO - [2025-12-06T09:15:25.625+0000] {dag.py:3036} INFO - Sync 2 DAGs
[2025-12-06T09:15:25.634+0000] {logging_mixin.py:188} INFO - [2025-12-06T09:15:25.634+0000] {dag.py:3823} INFO - Setting next_dagrun for example_subdag_operator.section-1 to None, run_after=None
[2025-12-06T09:15:25.635+0000] {logging_mixin.py:188} INFO - [2025-12-06T09:15:25.635+0000] {dag.py:3823} INFO - Setting next_dagrun for example_subdag_operator.section-2 to None, run_after=None
[2025-12-06T09:15:25.659+0000] {processor.py:183} INFO - Processing /home/airflow/.local/lib/python3.8/site-packages/airflow/example_dags/example_subdag_operator.py took 0.172 seconds
[2025-12-06T09:15:55.688+0000] {processor.py:161} INFO - Started process (PID=2384) to work on /home/airflow/.local/lib/python3.8/site-packages/airflow/example_dags/example_subdag_operator.py
[2025-12-06T09:15:55.690+0000] {processor.py:830} INFO - Processing file /home/airflow/.local/lib/python3.8/site-packages/airflow/example_dags/example_subdag_operator.py for tasks to queue
[2025-12-06T09:15:55.693+0000] {logging_mixin.py:188} INFO - [2025-12-06T09:15:55.693+0000] {dagbag.py:538} INFO - Filling up the DagBag from /home/airflow/.local/lib/python3.8/site-packages/airflow/example_dags/example_subdag_operator.py
[2025-12-06T09:15:55.737+0000] {processor.py:840} INFO - DAG(s) 'example_subdag_operator.section-1', 'example_subdag_operator.section-2', 'example_subdag_operator' retrieved from /home/airflow/.local/lib/python3.8/site-packages/airflow/example_dags/example_subdag_operator.py
[2025-12-06T09:15:55.758+0000] {logging_mixin.py:188} INFO - [2025-12-06T09:15:55.757+0000] {dag.py:3036} INFO - Sync 3 DAGs
[2025-12-06T09:15:55.791+0000] {logging_mixin.py:188} INFO - [2025-12-06T09:15:55.791+0000] {dag.py:3823} INFO - Setting next_dagrun for example_subdag_operator to 2022-01-01 00:00:00+00:00, run_after=2022-01-01 00:00:00+00:00
[2025-12-06T09:15:55.798+0000] {logging_mixin.py:188} INFO - [2025-12-06T09:15:55.798+0000] {dag.py:3823} INFO - Setting next_dagrun for example_subdag_operator.section-1 to None, run_after=None
[2025-12-06T09:15:55.802+0000] {logging_mixin.py:188} INFO - [2025-12-06T09:15:55.802+0000] {dag.py:3823} INFO - Setting next_dagrun for example_subdag_operator.section-2 to None, run_after=None
[2025-12-06T09:15:55.814+0000] {logging_mixin.py:188} INFO - [2025-12-06T09:15:55.814+0000] {dag.py:3036} INFO - Sync 2 DAGs
[2025-12-06T09:15:55.824+0000] {logging_mixin.py:188} INFO - [2025-12-06T09:15:55.823+0000] {dag.py:3823} INFO - Setting next_dagrun for example_subdag_operator.section-1 to None, run_after=None
[2025-12-06T09:15:55.825+0000] {logging_mixin.py:188} INFO - [2025-12-06T09:15:55.825+0000] {dag.py:3823} INFO - Setting next_dagrun for example_subdag_operator.section-2 to None, run_after=None
[2025-12-06T09:15:55.849+0000] {processor.py:183} INFO - Processing /home/airflow/.local/lib/python3.8/site-packages/airflow/example_dags/example_subdag_operator.py took 0.165 seconds
[2025-12-06T09:16:26.045+0000] {processor.py:161} INFO - Started process (PID=2443) to work on /home/airflow/.local/lib/python3.8/site-packages/airflow/example_dags/example_subdag_operator.py
[2025-12-06T09:16:26.046+0000] {processor.py:830} INFO - Processing file /home/airflow/.local/lib/python3.8/site-packages/airflow/example_dags/example_subdag_operator.py for tasks to queue
[2025-12-06T09:16:26.050+0000] {logging_mixin.py:188} INFO - [2025-12-06T09:16:26.049+0000] {dagbag.py:538} INFO - Filling up the DagBag from /home/airflow/.local/lib/python3.8/site-packages/airflow/example_dags/example_subdag_operator.py
[2025-12-06T09:16:26.087+0000] {processor.py:840} INFO - DAG(s) 'example_subdag_operator.section-1', 'example_subdag_operator.section-2', 'example_subdag_operator' retrieved from /home/airflow/.local/lib/python3.8/site-packages/airflow/example_dags/example_subdag_operator.py
[2025-12-06T09:16:26.110+0000] {logging_mixin.py:188} INFO - [2025-12-06T09:16:26.109+0000] {dag.py:3036} INFO - Sync 3 DAGs
[2025-12-06T09:16:26.139+0000] {logging_mixin.py:188} INFO - [2025-12-06T09:16:26.139+0000] {dag.py:3823} INFO - Setting next_dagrun for example_subdag_operator to 2022-01-01 00:00:00+00:00, run_after=2022-01-01 00:00:00+00:00
[2025-12-06T09:16:26.145+0000] {logging_mixin.py:188} INFO - [2025-12-06T09:16:26.144+0000] {dag.py:3823} INFO - Setting next_dagrun for example_subdag_operator.section-1 to None, run_after=None
[2025-12-06T09:16:26.147+0000] {logging_mixin.py:188} INFO - [2025-12-06T09:16:26.146+0000] {dag.py:3823} INFO - Setting next_dagrun for example_subdag_operator.section-2 to None, run_after=None
[2025-12-06T09:16:26.158+0000] {logging_mixin.py:188} INFO - [2025-12-06T09:16:26.157+0000] {dag.py:3036} INFO - Sync 2 DAGs
[2025-12-06T09:16:26.166+0000] {logging_mixin.py:188} INFO - [2025-12-06T09:16:26.165+0000] {dag.py:3823} INFO - Setting next_dagrun for example_subdag_operator.section-1 to None, run_after=None
[2025-12-06T09:16:26.167+0000] {logging_mixin.py:188} INFO - [2025-12-06T09:16:26.167+0000] {dag.py:3823} INFO - Setting next_dagrun for example_subdag_operator.section-2 to None, run_after=None
[2025-12-06T09:16:26.187+0000] {processor.py:183} INFO - Processing /home/airflow/.local/lib/python3.8/site-packages/airflow/example_dags/example_subdag_operator.py took 0.147 seconds
[2025-12-06T09:16:56.337+0000] {processor.py:161} INFO - Started process (PID=2502) to work on /home/airflow/.local/lib/python3.8/site-packages/airflow/example_dags/example_subdag_operator.py
[2025-12-06T09:16:56.339+0000] {processor.py:830} INFO - Processing file /home/airflow/.local/lib/python3.8/site-packages/airflow/example_dags/example_subdag_operator.py for tasks to queue
[2025-12-06T09:16:56.341+0000] {logging_mixin.py:188} INFO - [2025-12-06T09:16:56.341+0000] {dagbag.py:538} INFO - Filling up the DagBag from /home/airflow/.local/lib/python3.8/site-packages/airflow/example_dags/example_subdag_operator.py
[2025-12-06T09:16:56.376+0000] {processor.py:840} INFO - DAG(s) 'example_subdag_operator.section-1', 'example_subdag_operator.section-2', 'example_subdag_operator' retrieved from /home/airflow/.local/lib/python3.8/site-packages/airflow/example_dags/example_subdag_operator.py
[2025-12-06T09:16:56.399+0000] {logging_mixin.py:188} INFO - [2025-12-06T09:16:56.399+0000] {dag.py:3036} INFO - Sync 3 DAGs
[2025-12-06T09:16:56.430+0000] {logging_mixin.py:188} INFO - [2025-12-06T09:16:56.429+0000] {dag.py:3823} INFO - Setting next_dagrun for example_subdag_operator to 2022-01-01 00:00:00+00:00, run_after=2022-01-01 00:00:00+00:00
[2025-12-06T09:16:56.435+0000] {logging_mixin.py:188} INFO - [2025-12-06T09:16:56.434+0000] {dag.py:3823} INFO - Setting next_dagrun for example_subdag_operator.section-1 to None, run_after=None
[2025-12-06T09:16:56.438+0000] {logging_mixin.py:188} INFO - [2025-12-06T09:16:56.438+0000] {dag.py:3823} INFO - Setting next_dagrun for example_subdag_operator.section-2 to None, run_after=None
[2025-12-06T09:16:56.453+0000] {logging_mixin.py:188} INFO - [2025-12-06T09:16:56.453+0000] {dag.py:3036} INFO - Sync 2 DAGs
[2025-12-06T09:16:56.463+0000] {logging_mixin.py:188} INFO - [2025-12-06T09:16:56.463+0000] {dag.py:3823} INFO - Setting next_dagrun for example_subdag_operator.section-1 to None, run_after=None
[2025-12-06T09:16:56.464+0000] {logging_mixin.py:188} INFO - [2025-12-06T09:16:56.464+0000] {dag.py:3823} INFO - Setting next_dagrun for example_subdag_operator.section-2 to None, run_after=None
[2025-12-06T09:16:56.485+0000] {processor.py:183} INFO - Processing /home/airflow/.local/lib/python3.8/site-packages/airflow/example_dags/example_subdag_operator.py took 0.153 seconds
[2025-12-06T09:17:26.616+0000] {processor.py:161} INFO - Started process (PID=2561) to work on /home/airflow/.local/lib/python3.8/site-packages/airflow/example_dags/example_subdag_operator.py
[2025-12-06T09:17:26.618+0000] {processor.py:830} INFO - Processing file /home/airflow/.local/lib/python3.8/site-packages/airflow/example_dags/example_subdag_operator.py for tasks to queue
[2025-12-06T09:17:26.621+0000] {logging_mixin.py:188} INFO - [2025-12-06T09:17:26.621+0000] {dagbag.py:538} INFO - Filling up the DagBag from /home/airflow/.local/lib/python3.8/site-packages/airflow/example_dags/example_subdag_operator.py
[2025-12-06T09:17:26.662+0000] {processor.py:840} INFO - DAG(s) 'example_subdag_operator.section-1', 'example_subdag_operator.section-2', 'example_subdag_operator' retrieved from /home/airflow/.local/lib/python3.8/site-packages/airflow/example_dags/example_subdag_operator.py
[2025-12-06T09:17:26.685+0000] {logging_mixin.py:188} INFO - [2025-12-06T09:17:26.684+0000] {dag.py:3036} INFO - Sync 3 DAGs
[2025-12-06T09:17:26.717+0000] {logging_mixin.py:188} INFO - [2025-12-06T09:17:26.717+0000] {dag.py:3823} INFO - Setting next_dagrun for example_subdag_operator to 2022-01-01 00:00:00+00:00, run_after=2022-01-01 00:00:00+00:00
[2025-12-06T09:17:26.723+0000] {logging_mixin.py:188} INFO - [2025-12-06T09:17:26.723+0000] {dag.py:3823} INFO - Setting next_dagrun for example_subdag_operator.section-1 to None, run_after=None
[2025-12-06T09:17:26.727+0000] {logging_mixin.py:188} INFO - [2025-12-06T09:17:26.726+0000] {dag.py:3823} INFO - Setting next_dagrun for example_subdag_operator.section-2 to None, run_after=None
[2025-12-06T09:17:26.904+0000] {logging_mixin.py:188} INFO - [2025-12-06T09:17:26.904+0000] {dag.py:3036} INFO - Sync 2 DAGs
[2025-12-06T09:17:26.915+0000] {logging_mixin.py:188} INFO - [2025-12-06T09:17:26.914+0000] {dag.py:3823} INFO - Setting next_dagrun for example_subdag_operator.section-1 to None, run_after=None
[2025-12-06T09:17:26.916+0000] {logging_mixin.py:188} INFO - [2025-12-06T09:17:26.916+0000] {dag.py:3823} INFO - Setting next_dagrun for example_subdag_operator.section-2 to None, run_after=None
[2025-12-06T09:17:26.936+0000] {processor.py:183} INFO - Processing /home/airflow/.local/lib/python3.8/site-packages/airflow/example_dags/example_subdag_operator.py took 0.325 seconds
[2025-12-06T09:17:57.123+0000] {processor.py:161} INFO - Started process (PID=2620) to work on /home/airflow/.local/lib/python3.8/site-packages/airflow/example_dags/example_subdag_operator.py
[2025-12-06T09:17:57.124+0000] {processor.py:830} INFO - Processing file /home/airflow/.local/lib/python3.8/site-packages/airflow/example_dags/example_subdag_operator.py for tasks to queue
[2025-12-06T09:17:57.127+0000] {logging_mixin.py:188} INFO - [2025-12-06T09:17:57.127+0000] {dagbag.py:538} INFO - Filling up the DagBag from /home/airflow/.local/lib/python3.8/site-packages/airflow/example_dags/example_subdag_operator.py
[2025-12-06T09:17:57.169+0000] {processor.py:840} INFO - DAG(s) 'example_subdag_operator.section-1', 'example_subdag_operator.section-2', 'example_subdag_operator' retrieved from /home/airflow/.local/lib/python3.8/site-packages/airflow/example_dags/example_subdag_operator.py
[2025-12-06T09:17:57.191+0000] {logging_mixin.py:188} INFO - [2025-12-06T09:17:57.191+0000] {dag.py:3036} INFO - Sync 3 DAGs
[2025-12-06T09:17:57.222+0000] {logging_mixin.py:188} INFO - [2025-12-06T09:17:57.222+0000] {dag.py:3823} INFO - Setting next_dagrun for example_subdag_operator to 2022-01-01 00:00:00+00:00, run_after=2022-01-01 00:00:00+00:00
[2025-12-06T09:17:57.229+0000] {logging_mixin.py:188} INFO - [2025-12-06T09:17:57.228+0000] {dag.py:3823} INFO - Setting next_dagrun for example_subdag_operator.section-1 to None, run_after=None
[2025-12-06T09:17:57.231+0000] {logging_mixin.py:188} INFO - [2025-12-06T09:17:57.231+0000] {dag.py:3823} INFO - Setting next_dagrun for example_subdag_operator.section-2 to None, run_after=None
[2025-12-06T09:17:57.244+0000] {logging_mixin.py:188} INFO - [2025-12-06T09:17:57.243+0000] {dag.py:3036} INFO - Sync 2 DAGs
[2025-12-06T09:17:57.252+0000] {logging_mixin.py:188} INFO - [2025-12-06T09:17:57.252+0000] {dag.py:3823} INFO - Setting next_dagrun for example_subdag_operator.section-1 to None, run_after=None
[2025-12-06T09:17:57.253+0000] {logging_mixin.py:188} INFO - [2025-12-06T09:17:57.253+0000] {dag.py:3823} INFO - Setting next_dagrun for example_subdag_operator.section-2 to None, run_after=None
[2025-12-06T09:17:57.276+0000] {processor.py:183} INFO - Processing /home/airflow/.local/lib/python3.8/site-packages/airflow/example_dags/example_subdag_operator.py took 0.158 seconds
[2025-12-06T09:18:27.724+0000] {processor.py:161} INFO - Started process (PID=2679) to work on /home/airflow/.local/lib/python3.8/site-packages/airflow/example_dags/example_subdag_operator.py
[2025-12-06T09:18:27.726+0000] {processor.py:830} INFO - Processing file /home/airflow/.local/lib/python3.8/site-packages/airflow/example_dags/example_subdag_operator.py for tasks to queue
[2025-12-06T09:18:27.729+0000] {logging_mixin.py:188} INFO - [2025-12-06T09:18:27.729+0000] {dagbag.py:538} INFO - Filling up the DagBag from /home/airflow/.local/lib/python3.8/site-packages/airflow/example_dags/example_subdag_operator.py
[2025-12-06T09:18:27.768+0000] {processor.py:840} INFO - DAG(s) 'example_subdag_operator.section-1', 'example_subdag_operator.section-2', 'example_subdag_operator' retrieved from /home/airflow/.local/lib/python3.8/site-packages/airflow/example_dags/example_subdag_operator.py
[2025-12-06T09:18:27.791+0000] {logging_mixin.py:188} INFO - [2025-12-06T09:18:27.791+0000] {dag.py:3036} INFO - Sync 3 DAGs
[2025-12-06T09:18:27.822+0000] {logging_mixin.py:188} INFO - [2025-12-06T09:18:27.822+0000] {dag.py:3823} INFO - Setting next_dagrun for example_subdag_operator to 2022-01-01 00:00:00+00:00, run_after=2022-01-01 00:00:00+00:00
[2025-12-06T09:18:27.831+0000] {logging_mixin.py:188} INFO - [2025-12-06T09:18:27.830+0000] {dag.py:3823} INFO - Setting next_dagrun for example_subdag_operator.section-1 to None, run_after=None
[2025-12-06T09:18:27.833+0000] {logging_mixin.py:188} INFO - [2025-12-06T09:18:27.833+0000] {dag.py:3823} INFO - Setting next_dagrun for example_subdag_operator.section-2 to None, run_after=None
[2025-12-06T09:18:27.845+0000] {logging_mixin.py:188} INFO - [2025-12-06T09:18:27.845+0000] {dag.py:3036} INFO - Sync 2 DAGs
[2025-12-06T09:18:27.855+0000] {logging_mixin.py:188} INFO - [2025-12-06T09:18:27.854+0000] {dag.py:3823} INFO - Setting next_dagrun for example_subdag_operator.section-1 to None, run_after=None
[2025-12-06T09:18:27.856+0000] {logging_mixin.py:188} INFO - [2025-12-06T09:18:27.856+0000] {dag.py:3823} INFO - Setting next_dagrun for example_subdag_operator.section-2 to None, run_after=None
[2025-12-06T09:18:27.877+0000] {processor.py:183} INFO - Processing /home/airflow/.local/lib/python3.8/site-packages/airflow/example_dags/example_subdag_operator.py took 0.158 seconds
[2025-12-06T09:18:58.349+0000] {processor.py:161} INFO - Started process (PID=2738) to work on /home/airflow/.local/lib/python3.8/site-packages/airflow/example_dags/example_subdag_operator.py
[2025-12-06T09:18:58.351+0000] {processor.py:830} INFO - Processing file /home/airflow/.local/lib/python3.8/site-packages/airflow/example_dags/example_subdag_operator.py for tasks to queue
[2025-12-06T09:18:58.354+0000] {logging_mixin.py:188} INFO - [2025-12-06T09:18:58.353+0000] {dagbag.py:538} INFO - Filling up the DagBag from /home/airflow/.local/lib/python3.8/site-packages/airflow/example_dags/example_subdag_operator.py
[2025-12-06T09:18:58.393+0000] {processor.py:840} INFO - DAG(s) 'example_subdag_operator.section-1', 'example_subdag_operator.section-2', 'example_subdag_operator' retrieved from /home/airflow/.local/lib/python3.8/site-packages/airflow/example_dags/example_subdag_operator.py
[2025-12-06T09:18:58.416+0000] {logging_mixin.py:188} INFO - [2025-12-06T09:18:58.416+0000] {dag.py:3036} INFO - Sync 3 DAGs
[2025-12-06T09:18:58.445+0000] {logging_mixin.py:188} INFO - [2025-12-06T09:18:58.445+0000] {dag.py:3823} INFO - Setting next_dagrun for example_subdag_operator to 2022-01-01 00:00:00+00:00, run_after=2022-01-01 00:00:00+00:00
[2025-12-06T09:18:58.451+0000] {logging_mixin.py:188} INFO - [2025-12-06T09:18:58.451+0000] {dag.py:3823} INFO - Setting next_dagrun for example_subdag_operator.section-1 to None, run_after=None
[2025-12-06T09:18:58.454+0000] {logging_mixin.py:188} INFO - [2025-12-06T09:18:58.454+0000] {dag.py:3823} INFO - Setting next_dagrun for example_subdag_operator.section-2 to None, run_after=None
[2025-12-06T09:18:58.466+0000] {logging_mixin.py:188} INFO - [2025-12-06T09:18:58.465+0000] {dag.py:3036} INFO - Sync 2 DAGs
[2025-12-06T09:18:58.475+0000] {logging_mixin.py:188} INFO - [2025-12-06T09:18:58.474+0000] {dag.py:3823} INFO - Setting next_dagrun for example_subdag_operator.section-1 to None, run_after=None
[2025-12-06T09:18:58.476+0000] {logging_mixin.py:188} INFO - [2025-12-06T09:18:58.475+0000] {dag.py:3823} INFO - Setting next_dagrun for example_subdag_operator.section-2 to None, run_after=None
[2025-12-06T09:18:58.496+0000] {processor.py:183} INFO - Processing /home/airflow/.local/lib/python3.8/site-packages/airflow/example_dags/example_subdag_operator.py took 0.153 seconds
[2025-12-06T09:19:28.705+0000] {processor.py:161} INFO - Started process (PID=2797) to work on /home/airflow/.local/lib/python3.8/site-packages/airflow/example_dags/example_subdag_operator.py
[2025-12-06T09:19:28.707+0000] {processor.py:830} INFO - Processing file /home/airflow/.local/lib/python3.8/site-packages/airflow/example_dags/example_subdag_operator.py for tasks to queue
[2025-12-06T09:19:28.713+0000] {logging_mixin.py:188} INFO - [2025-12-06T09:19:28.713+0000] {dagbag.py:538} INFO - Filling up the DagBag from /home/airflow/.local/lib/python3.8/site-packages/airflow/example_dags/example_subdag_operator.py
[2025-12-06T09:19:28.753+0000] {processor.py:840} INFO - DAG(s) 'example_subdag_operator.section-1', 'example_subdag_operator.section-2', 'example_subdag_operator' retrieved from /home/airflow/.local/lib/python3.8/site-packages/airflow/example_dags/example_subdag_operator.py
[2025-12-06T09:19:28.776+0000] {logging_mixin.py:188} INFO - [2025-12-06T09:19:28.776+0000] {dag.py:3036} INFO - Sync 3 DAGs
[2025-12-06T09:19:28.806+0000] {logging_mixin.py:188} INFO - [2025-12-06T09:19:28.806+0000] {dag.py:3823} INFO - Setting next_dagrun for example_subdag_operator to 2022-01-01 00:00:00+00:00, run_after=2022-01-01 00:00:00+00:00
[2025-12-06T09:19:28.812+0000] {logging_mixin.py:188} INFO - [2025-12-06T09:19:28.812+0000] {dag.py:3823} INFO - Setting next_dagrun for example_subdag_operator.section-1 to None, run_after=None
[2025-12-06T09:19:28.815+0000] {logging_mixin.py:188} INFO - [2025-12-06T09:19:28.814+0000] {dag.py:3823} INFO - Setting next_dagrun for example_subdag_operator.section-2 to None, run_after=None
[2025-12-06T09:19:28.827+0000] {logging_mixin.py:188} INFO - [2025-12-06T09:19:28.827+0000] {dag.py:3036} INFO - Sync 2 DAGs
[2025-12-06T09:19:28.837+0000] {logging_mixin.py:188} INFO - [2025-12-06T09:19:28.836+0000] {dag.py:3823} INFO - Setting next_dagrun for example_subdag_operator.section-1 to None, run_after=None
[2025-12-06T09:19:28.838+0000] {logging_mixin.py:188} INFO - [2025-12-06T09:19:28.838+0000] {dag.py:3823} INFO - Setting next_dagrun for example_subdag_operator.section-2 to None, run_after=None
[2025-12-06T09:19:28.862+0000] {processor.py:183} INFO - Processing /home/airflow/.local/lib/python3.8/site-packages/airflow/example_dags/example_subdag_operator.py took 0.163 seconds
[2025-12-06T09:19:59.072+0000] {processor.py:161} INFO - Started process (PID=2856) to work on /home/airflow/.local/lib/python3.8/site-packages/airflow/example_dags/example_subdag_operator.py
[2025-12-06T09:19:59.074+0000] {processor.py:830} INFO - Processing file /home/airflow/.local/lib/python3.8/site-packages/airflow/example_dags/example_subdag_operator.py for tasks to queue
[2025-12-06T09:19:59.078+0000] {logging_mixin.py:188} INFO - [2025-12-06T09:19:59.077+0000] {dagbag.py:538} INFO - Filling up the DagBag from /home/airflow/.local/lib/python3.8/site-packages/airflow/example_dags/example_subdag_operator.py
[2025-12-06T09:19:59.119+0000] {processor.py:840} INFO - DAG(s) 'example_subdag_operator.section-1', 'example_subdag_operator.section-2', 'example_subdag_operator' retrieved from /home/airflow/.local/lib/python3.8/site-packages/airflow/example_dags/example_subdag_operator.py
[2025-12-06T09:19:59.142+0000] {logging_mixin.py:188} INFO - [2025-12-06T09:19:59.142+0000] {dag.py:3036} INFO - Sync 3 DAGs
[2025-12-06T09:19:59.332+0000] {logging_mixin.py:188} INFO - [2025-12-06T09:19:59.331+0000] {dag.py:3823} INFO - Setting next_dagrun for example_subdag_operator to 2022-01-01 00:00:00+00:00, run_after=2022-01-01 00:00:00+00:00
[2025-12-06T09:19:59.338+0000] {logging_mixin.py:188} INFO - [2025-12-06T09:19:59.337+0000] {dag.py:3823} INFO - Setting next_dagrun for example_subdag_operator.section-1 to None, run_after=None
[2025-12-06T09:19:59.341+0000] {logging_mixin.py:188} INFO - [2025-12-06T09:19:59.340+0000] {dag.py:3823} INFO - Setting next_dagrun for example_subdag_operator.section-2 to None, run_after=None
[2025-12-06T09:19:59.352+0000] {logging_mixin.py:188} INFO - [2025-12-06T09:19:59.352+0000] {dag.py:3036} INFO - Sync 2 DAGs
[2025-12-06T09:19:59.360+0000] {logging_mixin.py:188} INFO - [2025-12-06T09:19:59.360+0000] {dag.py:3823} INFO - Setting next_dagrun for example_subdag_operator.section-1 to None, run_after=None
[2025-12-06T09:19:59.363+0000] {logging_mixin.py:188} INFO - [2025-12-06T09:19:59.362+0000] {dag.py:3823} INFO - Setting next_dagrun for example_subdag_operator.section-2 to None, run_after=None
[2025-12-06T09:19:59.385+0000] {processor.py:183} INFO - Processing /home/airflow/.local/lib/python3.8/site-packages/airflow/example_dags/example_subdag_operator.py took 0.317 seconds
[2025-12-06T09:20:29.515+0000] {processor.py:161} INFO - Started process (PID=2915) to work on /home/airflow/.local/lib/python3.8/site-packages/airflow/example_dags/example_subdag_operator.py
[2025-12-06T09:20:29.517+0000] {processor.py:830} INFO - Processing file /home/airflow/.local/lib/python3.8/site-packages/airflow/example_dags/example_subdag_operator.py for tasks to queue
[2025-12-06T09:20:29.519+0000] {logging_mixin.py:188} INFO - [2025-12-06T09:20:29.519+0000] {dagbag.py:538} INFO - Filling up the DagBag from /home/airflow/.local/lib/python3.8/site-packages/airflow/example_dags/example_subdag_operator.py
[2025-12-06T09:20:29.557+0000] {processor.py:840} INFO - DAG(s) 'example_subdag_operator.section-1', 'example_subdag_operator.section-2', 'example_subdag_operator' retrieved from /home/airflow/.local/lib/python3.8/site-packages/airflow/example_dags/example_subdag_operator.py
[2025-12-06T09:20:29.585+0000] {logging_mixin.py:188} INFO - [2025-12-06T09:20:29.584+0000] {dag.py:3036} INFO - Sync 3 DAGs
[2025-12-06T09:20:29.775+0000] {logging_mixin.py:188} INFO - [2025-12-06T09:20:29.775+0000] {dag.py:3823} INFO - Setting next_dagrun for example_subdag_operator to 2022-01-01 00:00:00+00:00, run_after=2022-01-01 00:00:00+00:00
[2025-12-06T09:20:29.780+0000] {logging_mixin.py:188} INFO - [2025-12-06T09:20:29.780+0000] {dag.py:3823} INFO - Setting next_dagrun for example_subdag_operator.section-1 to None, run_after=None
[2025-12-06T09:20:29.782+0000] {logging_mixin.py:188} INFO - [2025-12-06T09:20:29.782+0000] {dag.py:3823} INFO - Setting next_dagrun for example_subdag_operator.section-2 to None, run_after=None
[2025-12-06T09:20:29.793+0000] {logging_mixin.py:188} INFO - [2025-12-06T09:20:29.793+0000] {dag.py:3036} INFO - Sync 2 DAGs
[2025-12-06T09:20:29.802+0000] {logging_mixin.py:188} INFO - [2025-12-06T09:20:29.801+0000] {dag.py:3823} INFO - Setting next_dagrun for example_subdag_operator.section-1 to None, run_after=None
[2025-12-06T09:20:29.803+0000] {logging_mixin.py:188} INFO - [2025-12-06T09:20:29.803+0000] {dag.py:3823} INFO - Setting next_dagrun for example_subdag_operator.section-2 to None, run_after=None
[2025-12-06T09:20:29.828+0000] {processor.py:183} INFO - Processing /home/airflow/.local/lib/python3.8/site-packages/airflow/example_dags/example_subdag_operator.py took 0.317 seconds
[2025-12-06T09:21:00.758+0000] {processor.py:161} INFO - Started process (PID=2974) to work on /home/airflow/.local/lib/python3.8/site-packages/airflow/example_dags/example_subdag_operator.py
[2025-12-06T09:21:00.759+0000] {processor.py:830} INFO - Processing file /home/airflow/.local/lib/python3.8/site-packages/airflow/example_dags/example_subdag_operator.py for tasks to queue
[2025-12-06T09:21:00.762+0000] {logging_mixin.py:188} INFO - [2025-12-06T09:21:00.762+0000] {dagbag.py:538} INFO - Filling up the DagBag from /home/airflow/.local/lib/python3.8/site-packages/airflow/example_dags/example_subdag_operator.py
[2025-12-06T09:21:00.806+0000] {processor.py:840} INFO - DAG(s) 'example_subdag_operator.section-1', 'example_subdag_operator.section-2', 'example_subdag_operator' retrieved from /home/airflow/.local/lib/python3.8/site-packages/airflow/example_dags/example_subdag_operator.py
[2025-12-06T09:21:00.829+0000] {logging_mixin.py:188} INFO - [2025-12-06T09:21:00.828+0000] {dag.py:3036} INFO - Sync 3 DAGs
[2025-12-06T09:21:00.860+0000] {logging_mixin.py:188} INFO - [2025-12-06T09:21:00.859+0000] {dag.py:3823} INFO - Setting next_dagrun for example_subdag_operator to 2022-01-01 00:00:00+00:00, run_after=2022-01-01 00:00:00+00:00
[2025-12-06T09:21:00.866+0000] {logging_mixin.py:188} INFO - [2025-12-06T09:21:00.866+0000] {dag.py:3823} INFO - Setting next_dagrun for example_subdag_operator.section-1 to None, run_after=None
[2025-12-06T09:21:00.870+0000] {logging_mixin.py:188} INFO - [2025-12-06T09:21:00.869+0000] {dag.py:3823} INFO - Setting next_dagrun for example_subdag_operator.section-2 to None, run_after=None
[2025-12-06T09:21:00.883+0000] {logging_mixin.py:188} INFO - [2025-12-06T09:21:00.882+0000] {dag.py:3036} INFO - Sync 2 DAGs
[2025-12-06T09:21:00.891+0000] {logging_mixin.py:188} INFO - [2025-12-06T09:21:00.890+0000] {dag.py:3823} INFO - Setting next_dagrun for example_subdag_operator.section-1 to None, run_after=None
[2025-12-06T09:21:00.892+0000] {logging_mixin.py:188} INFO - [2025-12-06T09:21:00.891+0000] {dag.py:3823} INFO - Setting next_dagrun for example_subdag_operator.section-2 to None, run_after=None
[2025-12-06T09:21:00.916+0000] {processor.py:183} INFO - Processing /home/airflow/.local/lib/python3.8/site-packages/airflow/example_dags/example_subdag_operator.py took 0.163 seconds
[2025-12-06T09:21:31.152+0000] {processor.py:161} INFO - Started process (PID=3033) to work on /home/airflow/.local/lib/python3.8/site-packages/airflow/example_dags/example_subdag_operator.py
[2025-12-06T09:21:31.153+0000] {processor.py:830} INFO - Processing file /home/airflow/.local/lib/python3.8/site-packages/airflow/example_dags/example_subdag_operator.py for tasks to queue
[2025-12-06T09:21:31.157+0000] {logging_mixin.py:188} INFO - [2025-12-06T09:21:31.156+0000] {dagbag.py:538} INFO - Filling up the DagBag from /home/airflow/.local/lib/python3.8/site-packages/airflow/example_dags/example_subdag_operator.py
[2025-12-06T09:21:31.197+0000] {processor.py:840} INFO - DAG(s) 'example_subdag_operator.section-1', 'example_subdag_operator.section-2', 'example_subdag_operator' retrieved from /home/airflow/.local/lib/python3.8/site-packages/airflow/example_dags/example_subdag_operator.py
[2025-12-06T09:21:31.219+0000] {logging_mixin.py:188} INFO - [2025-12-06T09:21:31.219+0000] {dag.py:3036} INFO - Sync 3 DAGs
[2025-12-06T09:21:31.250+0000] {logging_mixin.py:188} INFO - [2025-12-06T09:21:31.250+0000] {dag.py:3823} INFO - Setting next_dagrun for example_subdag_operator to 2022-01-01 00:00:00+00:00, run_after=2022-01-01 00:00:00+00:00
[2025-12-06T09:21:31.256+0000] {logging_mixin.py:188} INFO - [2025-12-06T09:21:31.256+0000] {dag.py:3823} INFO - Setting next_dagrun for example_subdag_operator.section-1 to None, run_after=None
[2025-12-06T09:21:31.259+0000] {logging_mixin.py:188} INFO - [2025-12-06T09:21:31.258+0000] {dag.py:3823} INFO - Setting next_dagrun for example_subdag_operator.section-2 to None, run_after=None
[2025-12-06T09:21:31.270+0000] {logging_mixin.py:188} INFO - [2025-12-06T09:21:31.270+0000] {dag.py:3036} INFO - Sync 2 DAGs
[2025-12-06T09:21:31.281+0000] {logging_mixin.py:188} INFO - [2025-12-06T09:21:31.281+0000] {dag.py:3823} INFO - Setting next_dagrun for example_subdag_operator.section-1 to None, run_after=None
[2025-12-06T09:21:31.282+0000] {logging_mixin.py:188} INFO - [2025-12-06T09:21:31.282+0000] {dag.py:3823} INFO - Setting next_dagrun for example_subdag_operator.section-2 to None, run_after=None
[2025-12-06T09:21:31.306+0000] {processor.py:183} INFO - Processing /home/airflow/.local/lib/python3.8/site-packages/airflow/example_dags/example_subdag_operator.py took 0.160 seconds
[2025-12-06T09:22:01.365+0000] {processor.py:161} INFO - Started process (PID=3092) to work on /home/airflow/.local/lib/python3.8/site-packages/airflow/example_dags/example_subdag_operator.py
[2025-12-06T09:22:01.367+0000] {processor.py:830} INFO - Processing file /home/airflow/.local/lib/python3.8/site-packages/airflow/example_dags/example_subdag_operator.py for tasks to queue
[2025-12-06T09:22:01.370+0000] {logging_mixin.py:188} INFO - [2025-12-06T09:22:01.370+0000] {dagbag.py:538} INFO - Filling up the DagBag from /home/airflow/.local/lib/python3.8/site-packages/airflow/example_dags/example_subdag_operator.py
[2025-12-06T09:22:01.409+0000] {processor.py:840} INFO - DAG(s) 'example_subdag_operator.section-1', 'example_subdag_operator.section-2', 'example_subdag_operator' retrieved from /home/airflow/.local/lib/python3.8/site-packages/airflow/example_dags/example_subdag_operator.py
[2025-12-06T09:22:01.432+0000] {logging_mixin.py:188} INFO - [2025-12-06T09:22:01.432+0000] {dag.py:3036} INFO - Sync 3 DAGs
[2025-12-06T09:22:01.465+0000] {logging_mixin.py:188} INFO - [2025-12-06T09:22:01.464+0000] {dag.py:3823} INFO - Setting next_dagrun for example_subdag_operator to 2022-01-01 00:00:00+00:00, run_after=2022-01-01 00:00:00+00:00
[2025-12-06T09:22:01.470+0000] {logging_mixin.py:188} INFO - [2025-12-06T09:22:01.470+0000] {dag.py:3823} INFO - Setting next_dagrun for example_subdag_operator.section-1 to None, run_after=None
[2025-12-06T09:22:01.473+0000] {logging_mixin.py:188} INFO - [2025-12-06T09:22:01.473+0000] {dag.py:3823} INFO - Setting next_dagrun for example_subdag_operator.section-2 to None, run_after=None
[2025-12-06T09:22:01.485+0000] {logging_mixin.py:188} INFO - [2025-12-06T09:22:01.485+0000] {dag.py:3036} INFO - Sync 2 DAGs
[2025-12-06T09:22:01.493+0000] {logging_mixin.py:188} INFO - [2025-12-06T09:22:01.493+0000] {dag.py:3823} INFO - Setting next_dagrun for example_subdag_operator.section-1 to None, run_after=None
[2025-12-06T09:22:01.494+0000] {logging_mixin.py:188} INFO - [2025-12-06T09:22:01.494+0000] {dag.py:3823} INFO - Setting next_dagrun for example_subdag_operator.section-2 to None, run_after=None
[2025-12-06T09:22:01.514+0000] {processor.py:183} INFO - Processing /home/airflow/.local/lib/python3.8/site-packages/airflow/example_dags/example_subdag_operator.py took 0.154 seconds
[2025-12-06T09:22:31.817+0000] {processor.py:161} INFO - Started process (PID=3150) to work on /home/airflow/.local/lib/python3.8/site-packages/airflow/example_dags/example_subdag_operator.py
[2025-12-06T09:22:31.818+0000] {processor.py:830} INFO - Processing file /home/airflow/.local/lib/python3.8/site-packages/airflow/example_dags/example_subdag_operator.py for tasks to queue
[2025-12-06T09:22:31.821+0000] {logging_mixin.py:188} INFO - [2025-12-06T09:22:31.820+0000] {dagbag.py:538} INFO - Filling up the DagBag from /home/airflow/.local/lib/python3.8/site-packages/airflow/example_dags/example_subdag_operator.py
[2025-12-06T09:22:31.869+0000] {processor.py:840} INFO - DAG(s) 'example_subdag_operator.section-1', 'example_subdag_operator.section-2', 'example_subdag_operator' retrieved from /home/airflow/.local/lib/python3.8/site-packages/airflow/example_dags/example_subdag_operator.py
[2025-12-06T09:22:31.896+0000] {logging_mixin.py:188} INFO - [2025-12-06T09:22:31.895+0000] {dag.py:3036} INFO - Sync 3 DAGs
[2025-12-06T09:22:31.925+0000] {logging_mixin.py:188} INFO - [2025-12-06T09:22:31.925+0000] {dag.py:3823} INFO - Setting next_dagrun for example_subdag_operator to 2022-01-01 00:00:00+00:00, run_after=2022-01-01 00:00:00+00:00
[2025-12-06T09:22:31.933+0000] {logging_mixin.py:188} INFO - [2025-12-06T09:22:31.933+0000] {dag.py:3823} INFO - Setting next_dagrun for example_subdag_operator.section-1 to None, run_after=None
[2025-12-06T09:22:31.936+0000] {logging_mixin.py:188} INFO - [2025-12-06T09:22:31.936+0000] {dag.py:3823} INFO - Setting next_dagrun for example_subdag_operator.section-2 to None, run_after=None
[2025-12-06T09:22:31.950+0000] {logging_mixin.py:188} INFO - [2025-12-06T09:22:31.949+0000] {dag.py:3036} INFO - Sync 2 DAGs
[2025-12-06T09:22:31.961+0000] {logging_mixin.py:188} INFO - [2025-12-06T09:22:31.960+0000] {dag.py:3823} INFO - Setting next_dagrun for example_subdag_operator.section-1 to None, run_after=None
[2025-12-06T09:22:31.964+0000] {logging_mixin.py:188} INFO - [2025-12-06T09:22:31.963+0000] {dag.py:3823} INFO - Setting next_dagrun for example_subdag_operator.section-2 to None, run_after=None
[2025-12-06T09:22:31.992+0000] {processor.py:183} INFO - Processing /home/airflow/.local/lib/python3.8/site-packages/airflow/example_dags/example_subdag_operator.py took 0.180 seconds
[2025-12-06T09:23:02.231+0000] {processor.py:161} INFO - Started process (PID=3209) to work on /home/airflow/.local/lib/python3.8/site-packages/airflow/example_dags/example_subdag_operator.py
[2025-12-06T09:23:02.233+0000] {processor.py:830} INFO - Processing file /home/airflow/.local/lib/python3.8/site-packages/airflow/example_dags/example_subdag_operator.py for tasks to queue
[2025-12-06T09:23:02.237+0000] {logging_mixin.py:188} INFO - [2025-12-06T09:23:02.237+0000] {dagbag.py:538} INFO - Filling up the DagBag from /home/airflow/.local/lib/python3.8/site-packages/airflow/example_dags/example_subdag_operator.py
[2025-12-06T09:23:02.278+0000] {processor.py:840} INFO - DAG(s) 'example_subdag_operator.section-1', 'example_subdag_operator.section-2', 'example_subdag_operator' retrieved from /home/airflow/.local/lib/python3.8/site-packages/airflow/example_dags/example_subdag_operator.py
[2025-12-06T09:23:02.309+0000] {logging_mixin.py:188} INFO - [2025-12-06T09:23:02.308+0000] {dag.py:3036} INFO - Sync 3 DAGs
[2025-12-06T09:23:02.342+0000] {logging_mixin.py:188} INFO - [2025-12-06T09:23:02.341+0000] {dag.py:3823} INFO - Setting next_dagrun for example_subdag_operator to 2022-01-01 00:00:00+00:00, run_after=2022-01-01 00:00:00+00:00
[2025-12-06T09:23:02.347+0000] {logging_mixin.py:188} INFO - [2025-12-06T09:23:02.347+0000] {dag.py:3823} INFO - Setting next_dagrun for example_subdag_operator.section-1 to None, run_after=None
[2025-12-06T09:23:02.350+0000] {logging_mixin.py:188} INFO - [2025-12-06T09:23:02.349+0000] {dag.py:3823} INFO - Setting next_dagrun for example_subdag_operator.section-2 to None, run_after=None
[2025-12-06T09:23:02.364+0000] {logging_mixin.py:188} INFO - [2025-12-06T09:23:02.364+0000] {dag.py:3036} INFO - Sync 2 DAGs
[2025-12-06T09:23:02.373+0000] {logging_mixin.py:188} INFO - [2025-12-06T09:23:02.372+0000] {dag.py:3823} INFO - Setting next_dagrun for example_subdag_operator.section-1 to None, run_after=None
[2025-12-06T09:23:02.374+0000] {logging_mixin.py:188} INFO - [2025-12-06T09:23:02.374+0000] {dag.py:3823} INFO - Setting next_dagrun for example_subdag_operator.section-2 to None, run_after=None
[2025-12-06T09:23:02.399+0000] {processor.py:183} INFO - Processing /home/airflow/.local/lib/python3.8/site-packages/airflow/example_dags/example_subdag_operator.py took 0.172 seconds
[2025-12-06T09:23:32.457+0000] {processor.py:161} INFO - Started process (PID=3268) to work on /home/airflow/.local/lib/python3.8/site-packages/airflow/example_dags/example_subdag_operator.py
[2025-12-06T09:23:32.458+0000] {processor.py:830} INFO - Processing file /home/airflow/.local/lib/python3.8/site-packages/airflow/example_dags/example_subdag_operator.py for tasks to queue
[2025-12-06T09:23:32.461+0000] {logging_mixin.py:188} INFO - [2025-12-06T09:23:32.461+0000] {dagbag.py:538} INFO - Filling up the DagBag from /home/airflow/.local/lib/python3.8/site-packages/airflow/example_dags/example_subdag_operator.py
[2025-12-06T09:23:32.507+0000] {processor.py:840} INFO - DAG(s) 'example_subdag_operator.section-1', 'example_subdag_operator.section-2', 'example_subdag_operator' retrieved from /home/airflow/.local/lib/python3.8/site-packages/airflow/example_dags/example_subdag_operator.py
[2025-12-06T09:23:32.530+0000] {logging_mixin.py:188} INFO - [2025-12-06T09:23:32.530+0000] {dag.py:3036} INFO - Sync 3 DAGs
[2025-12-06T09:23:32.563+0000] {logging_mixin.py:188} INFO - [2025-12-06T09:23:32.563+0000] {dag.py:3823} INFO - Setting next_dagrun for example_subdag_operator to 2022-01-01 00:00:00+00:00, run_after=2022-01-01 00:00:00+00:00
[2025-12-06T09:23:32.569+0000] {logging_mixin.py:188} INFO - [2025-12-06T09:23:32.568+0000] {dag.py:3823} INFO - Setting next_dagrun for example_subdag_operator.section-1 to None, run_after=None
[2025-12-06T09:23:32.572+0000] {logging_mixin.py:188} INFO - [2025-12-06T09:23:32.572+0000] {dag.py:3823} INFO - Setting next_dagrun for example_subdag_operator.section-2 to None, run_after=None
[2025-12-06T09:23:32.585+0000] {logging_mixin.py:188} INFO - [2025-12-06T09:23:32.585+0000] {dag.py:3036} INFO - Sync 2 DAGs
[2025-12-06T09:23:32.593+0000] {logging_mixin.py:188} INFO - [2025-12-06T09:23:32.593+0000] {dag.py:3823} INFO - Setting next_dagrun for example_subdag_operator.section-1 to None, run_after=None
[2025-12-06T09:23:32.594+0000] {logging_mixin.py:188} INFO - [2025-12-06T09:23:32.594+0000] {dag.py:3823} INFO - Setting next_dagrun for example_subdag_operator.section-2 to None, run_after=None
[2025-12-06T09:23:32.616+0000] {processor.py:183} INFO - Processing /home/airflow/.local/lib/python3.8/site-packages/airflow/example_dags/example_subdag_operator.py took 0.164 seconds
[2025-12-06T09:24:02.766+0000] {processor.py:161} INFO - Started process (PID=3327) to work on /home/airflow/.local/lib/python3.8/site-packages/airflow/example_dags/example_subdag_operator.py
[2025-12-06T09:24:02.767+0000] {processor.py:830} INFO - Processing file /home/airflow/.local/lib/python3.8/site-packages/airflow/example_dags/example_subdag_operator.py for tasks to queue
[2025-12-06T09:24:02.775+0000] {logging_mixin.py:188} INFO - [2025-12-06T09:24:02.774+0000] {dagbag.py:538} INFO - Filling up the DagBag from /home/airflow/.local/lib/python3.8/site-packages/airflow/example_dags/example_subdag_operator.py
[2025-12-06T09:24:02.817+0000] {processor.py:840} INFO - DAG(s) 'example_subdag_operator.section-1', 'example_subdag_operator.section-2', 'example_subdag_operator' retrieved from /home/airflow/.local/lib/python3.8/site-packages/airflow/example_dags/example_subdag_operator.py
[2025-12-06T09:24:02.850+0000] {logging_mixin.py:188} INFO - [2025-12-06T09:24:02.850+0000] {dag.py:3036} INFO - Sync 3 DAGs
[2025-12-06T09:24:02.903+0000] {logging_mixin.py:188} INFO - [2025-12-06T09:24:02.903+0000] {dag.py:3823} INFO - Setting next_dagrun for example_subdag_operator to 2022-01-01 00:00:00+00:00, run_after=2022-01-01 00:00:00+00:00
[2025-12-06T09:24:02.915+0000] {logging_mixin.py:188} INFO - [2025-12-06T09:24:02.915+0000] {dag.py:3823} INFO - Setting next_dagrun for example_subdag_operator.section-1 to None, run_after=None
[2025-12-06T09:24:02.920+0000] {logging_mixin.py:188} INFO - [2025-12-06T09:24:02.920+0000] {dag.py:3823} INFO - Setting next_dagrun for example_subdag_operator.section-2 to None, run_after=None
[2025-12-06T09:24:02.948+0000] {logging_mixin.py:188} INFO - [2025-12-06T09:24:02.948+0000] {dag.py:3036} INFO - Sync 2 DAGs
[2025-12-06T09:24:02.965+0000] {logging_mixin.py:188} INFO - [2025-12-06T09:24:02.964+0000] {dag.py:3823} INFO - Setting next_dagrun for example_subdag_operator.section-1 to None, run_after=None
[2025-12-06T09:24:02.966+0000] {logging_mixin.py:188} INFO - [2025-12-06T09:24:02.966+0000] {dag.py:3823} INFO - Setting next_dagrun for example_subdag_operator.section-2 to None, run_after=None
[2025-12-06T09:24:02.994+0000] {processor.py:183} INFO - Processing /home/airflow/.local/lib/python3.8/site-packages/airflow/example_dags/example_subdag_operator.py took 0.237 seconds
[2025-12-06T09:24:33.717+0000] {processor.py:161} INFO - Started process (PID=3386) to work on /home/airflow/.local/lib/python3.8/site-packages/airflow/example_dags/example_subdag_operator.py
[2025-12-06T09:24:33.718+0000] {processor.py:830} INFO - Processing file /home/airflow/.local/lib/python3.8/site-packages/airflow/example_dags/example_subdag_operator.py for tasks to queue
[2025-12-06T09:24:33.722+0000] {logging_mixin.py:188} INFO - [2025-12-06T09:24:33.721+0000] {dagbag.py:538} INFO - Filling up the DagBag from /home/airflow/.local/lib/python3.8/site-packages/airflow/example_dags/example_subdag_operator.py
[2025-12-06T09:24:33.766+0000] {processor.py:840} INFO - DAG(s) 'example_subdag_operator.section-1', 'example_subdag_operator.section-2', 'example_subdag_operator' retrieved from /home/airflow/.local/lib/python3.8/site-packages/airflow/example_dags/example_subdag_operator.py
[2025-12-06T09:24:33.799+0000] {logging_mixin.py:188} INFO - [2025-12-06T09:24:33.799+0000] {dag.py:3036} INFO - Sync 3 DAGs
[2025-12-06T09:24:33.834+0000] {logging_mixin.py:188} INFO - [2025-12-06T09:24:33.833+0000] {dag.py:3823} INFO - Setting next_dagrun for example_subdag_operator to 2022-01-01 00:00:00+00:00, run_after=2022-01-01 00:00:00+00:00
[2025-12-06T09:24:33.844+0000] {logging_mixin.py:188} INFO - [2025-12-06T09:24:33.843+0000] {dag.py:3823} INFO - Setting next_dagrun for example_subdag_operator.section-1 to None, run_after=None
[2025-12-06T09:24:33.847+0000] {logging_mixin.py:188} INFO - [2025-12-06T09:24:33.846+0000] {dag.py:3823} INFO - Setting next_dagrun for example_subdag_operator.section-2 to None, run_after=None
[2025-12-06T09:24:33.858+0000] {logging_mixin.py:188} INFO - [2025-12-06T09:24:33.857+0000] {dag.py:3036} INFO - Sync 2 DAGs
[2025-12-06T09:24:33.870+0000] {logging_mixin.py:188} INFO - [2025-12-06T09:24:33.870+0000] {dag.py:3823} INFO - Setting next_dagrun for example_subdag_operator.section-1 to None, run_after=None
[2025-12-06T09:24:33.871+0000] {logging_mixin.py:188} INFO - [2025-12-06T09:24:33.871+0000] {dag.py:3823} INFO - Setting next_dagrun for example_subdag_operator.section-2 to None, run_after=None
[2025-12-06T09:24:33.902+0000] {processor.py:183} INFO - Processing /home/airflow/.local/lib/python3.8/site-packages/airflow/example_dags/example_subdag_operator.py took 0.191 seconds
[2025-12-06T09:25:04.332+0000] {processor.py:161} INFO - Started process (PID=3445) to work on /home/airflow/.local/lib/python3.8/site-packages/airflow/example_dags/example_subdag_operator.py
[2025-12-06T09:25:04.333+0000] {processor.py:830} INFO - Processing file /home/airflow/.local/lib/python3.8/site-packages/airflow/example_dags/example_subdag_operator.py for tasks to queue
[2025-12-06T09:25:04.337+0000] {logging_mixin.py:188} INFO - [2025-12-06T09:25:04.336+0000] {dagbag.py:538} INFO - Filling up the DagBag from /home/airflow/.local/lib/python3.8/site-packages/airflow/example_dags/example_subdag_operator.py
[2025-12-06T09:25:04.377+0000] {processor.py:840} INFO - DAG(s) 'example_subdag_operator.section-1', 'example_subdag_operator.section-2', 'example_subdag_operator' retrieved from /home/airflow/.local/lib/python3.8/site-packages/airflow/example_dags/example_subdag_operator.py
[2025-12-06T09:25:04.400+0000] {logging_mixin.py:188} INFO - [2025-12-06T09:25:04.400+0000] {dag.py:3036} INFO - Sync 3 DAGs
[2025-12-06T09:25:04.434+0000] {logging_mixin.py:188} INFO - [2025-12-06T09:25:04.434+0000] {dag.py:3823} INFO - Setting next_dagrun for example_subdag_operator to 2022-01-01 00:00:00+00:00, run_after=2022-01-01 00:00:00+00:00
[2025-12-06T09:25:04.442+0000] {logging_mixin.py:188} INFO - [2025-12-06T09:25:04.442+0000] {dag.py:3823} INFO - Setting next_dagrun for example_subdag_operator.section-1 to None, run_after=None
[2025-12-06T09:25:04.445+0000] {logging_mixin.py:188} INFO - [2025-12-06T09:25:04.445+0000] {dag.py:3823} INFO - Setting next_dagrun for example_subdag_operator.section-2 to None, run_after=None
[2025-12-06T09:25:04.458+0000] {logging_mixin.py:188} INFO - [2025-12-06T09:25:04.458+0000] {dag.py:3036} INFO - Sync 2 DAGs
[2025-12-06T09:25:04.467+0000] {logging_mixin.py:188} INFO - [2025-12-06T09:25:04.467+0000] {dag.py:3823} INFO - Setting next_dagrun for example_subdag_operator.section-1 to None, run_after=None
[2025-12-06T09:25:04.468+0000] {logging_mixin.py:188} INFO - [2025-12-06T09:25:04.468+0000] {dag.py:3823} INFO - Setting next_dagrun for example_subdag_operator.section-2 to None, run_after=None
[2025-12-06T09:25:04.494+0000] {processor.py:183} INFO - Processing /home/airflow/.local/lib/python3.8/site-packages/airflow/example_dags/example_subdag_operator.py took 0.169 seconds
[2025-12-06T09:25:34.773+0000] {processor.py:161} INFO - Started process (PID=3504) to work on /home/airflow/.local/lib/python3.8/site-packages/airflow/example_dags/example_subdag_operator.py
[2025-12-06T09:25:34.775+0000] {processor.py:830} INFO - Processing file /home/airflow/.local/lib/python3.8/site-packages/airflow/example_dags/example_subdag_operator.py for tasks to queue
[2025-12-06T09:25:34.778+0000] {logging_mixin.py:188} INFO - [2025-12-06T09:25:34.778+0000] {dagbag.py:538} INFO - Filling up the DagBag from /home/airflow/.local/lib/python3.8/site-packages/airflow/example_dags/example_subdag_operator.py
[2025-12-06T09:25:34.822+0000] {processor.py:840} INFO - DAG(s) 'example_subdag_operator.section-1', 'example_subdag_operator.section-2', 'example_subdag_operator' retrieved from /home/airflow/.local/lib/python3.8/site-packages/airflow/example_dags/example_subdag_operator.py
[2025-12-06T09:25:34.844+0000] {logging_mixin.py:188} INFO - [2025-12-06T09:25:34.844+0000] {dag.py:3036} INFO - Sync 3 DAGs
[2025-12-06T09:25:34.877+0000] {logging_mixin.py:188} INFO - [2025-12-06T09:25:34.877+0000] {dag.py:3823} INFO - Setting next_dagrun for example_subdag_operator to 2022-01-01 00:00:00+00:00, run_after=2022-01-01 00:00:00+00:00
[2025-12-06T09:25:34.884+0000] {logging_mixin.py:188} INFO - [2025-12-06T09:25:34.884+0000] {dag.py:3823} INFO - Setting next_dagrun for example_subdag_operator.section-1 to None, run_after=None
[2025-12-06T09:25:34.887+0000] {logging_mixin.py:188} INFO - [2025-12-06T09:25:34.887+0000] {dag.py:3823} INFO - Setting next_dagrun for example_subdag_operator.section-2 to None, run_after=None
[2025-12-06T09:25:34.901+0000] {logging_mixin.py:188} INFO - [2025-12-06T09:25:34.900+0000] {dag.py:3036} INFO - Sync 2 DAGs
[2025-12-06T09:25:34.910+0000] {logging_mixin.py:188} INFO - [2025-12-06T09:25:34.910+0000] {dag.py:3823} INFO - Setting next_dagrun for example_subdag_operator.section-1 to None, run_after=None
[2025-12-06T09:25:34.911+0000] {logging_mixin.py:188} INFO - [2025-12-06T09:25:34.911+0000] {dag.py:3823} INFO - Setting next_dagrun for example_subdag_operator.section-2 to None, run_after=None
[2025-12-06T09:25:34.934+0000] {processor.py:183} INFO - Processing /home/airflow/.local/lib/python3.8/site-packages/airflow/example_dags/example_subdag_operator.py took 0.166 seconds
[2025-12-06T09:26:05.474+0000] {processor.py:161} INFO - Started process (PID=3563) to work on /home/airflow/.local/lib/python3.8/site-packages/airflow/example_dags/example_subdag_operator.py
[2025-12-06T09:26:05.476+0000] {processor.py:830} INFO - Processing file /home/airflow/.local/lib/python3.8/site-packages/airflow/example_dags/example_subdag_operator.py for tasks to queue
[2025-12-06T09:26:05.480+0000] {logging_mixin.py:188} INFO - [2025-12-06T09:26:05.479+0000] {dagbag.py:538} INFO - Filling up the DagBag from /home/airflow/.local/lib/python3.8/site-packages/airflow/example_dags/example_subdag_operator.py
[2025-12-06T09:26:05.521+0000] {processor.py:840} INFO - DAG(s) 'example_subdag_operator.section-1', 'example_subdag_operator.section-2', 'example_subdag_operator' retrieved from /home/airflow/.local/lib/python3.8/site-packages/airflow/example_dags/example_subdag_operator.py
[2025-12-06T09:26:05.547+0000] {logging_mixin.py:188} INFO - [2025-12-06T09:26:05.547+0000] {dag.py:3036} INFO - Sync 3 DAGs
[2025-12-06T09:26:05.591+0000] {logging_mixin.py:188} INFO - [2025-12-06T09:26:05.591+0000] {dag.py:3823} INFO - Setting next_dagrun for example_subdag_operator to 2022-01-01 00:00:00+00:00, run_after=2022-01-01 00:00:00+00:00
[2025-12-06T09:26:05.599+0000] {logging_mixin.py:188} INFO - [2025-12-06T09:26:05.599+0000] {dag.py:3823} INFO - Setting next_dagrun for example_subdag_operator.section-1 to None, run_after=None
[2025-12-06T09:26:05.604+0000] {logging_mixin.py:188} INFO - [2025-12-06T09:26:05.604+0000] {dag.py:3823} INFO - Setting next_dagrun for example_subdag_operator.section-2 to None, run_after=None
[2025-12-06T09:26:05.616+0000] {logging_mixin.py:188} INFO - [2025-12-06T09:26:05.616+0000] {dag.py:3036} INFO - Sync 2 DAGs
[2025-12-06T09:26:05.625+0000] {logging_mixin.py:188} INFO - [2025-12-06T09:26:05.625+0000] {dag.py:3823} INFO - Setting next_dagrun for example_subdag_operator.section-1 to None, run_after=None
[2025-12-06T09:26:05.626+0000] {logging_mixin.py:188} INFO - [2025-12-06T09:26:05.626+0000] {dag.py:3823} INFO - Setting next_dagrun for example_subdag_operator.section-2 to None, run_after=None
[2025-12-06T09:26:05.648+0000] {processor.py:183} INFO - Processing /home/airflow/.local/lib/python3.8/site-packages/airflow/example_dags/example_subdag_operator.py took 0.179 seconds
[2025-12-06T09:26:36.064+0000] {processor.py:161} INFO - Started process (PID=3622) to work on /home/airflow/.local/lib/python3.8/site-packages/airflow/example_dags/example_subdag_operator.py
[2025-12-06T09:26:36.069+0000] {processor.py:830} INFO - Processing file /home/airflow/.local/lib/python3.8/site-packages/airflow/example_dags/example_subdag_operator.py for tasks to queue
[2025-12-06T09:26:36.072+0000] {logging_mixin.py:188} INFO - [2025-12-06T09:26:36.071+0000] {dagbag.py:538} INFO - Filling up the DagBag from /home/airflow/.local/lib/python3.8/site-packages/airflow/example_dags/example_subdag_operator.py
[2025-12-06T09:26:36.121+0000] {processor.py:840} INFO - DAG(s) 'example_subdag_operator.section-1', 'example_subdag_operator.section-2', 'example_subdag_operator' retrieved from /home/airflow/.local/lib/python3.8/site-packages/airflow/example_dags/example_subdag_operator.py
[2025-12-06T09:26:36.152+0000] {logging_mixin.py:188} INFO - [2025-12-06T09:26:36.152+0000] {dag.py:3036} INFO - Sync 3 DAGs
[2025-12-06T09:26:36.189+0000] {logging_mixin.py:188} INFO - [2025-12-06T09:26:36.188+0000] {dag.py:3823} INFO - Setting next_dagrun for example_subdag_operator to 2022-01-01 00:00:00+00:00, run_after=2022-01-01 00:00:00+00:00
[2025-12-06T09:26:36.194+0000] {logging_mixin.py:188} INFO - [2025-12-06T09:26:36.194+0000] {dag.py:3823} INFO - Setting next_dagrun for example_subdag_operator.section-1 to None, run_after=None
[2025-12-06T09:26:36.196+0000] {logging_mixin.py:188} INFO - [2025-12-06T09:26:36.196+0000] {dag.py:3823} INFO - Setting next_dagrun for example_subdag_operator.section-2 to None, run_after=None
[2025-12-06T09:26:36.210+0000] {logging_mixin.py:188} INFO - [2025-12-06T09:26:36.210+0000] {dag.py:3036} INFO - Sync 2 DAGs
[2025-12-06T09:26:36.219+0000] {logging_mixin.py:188} INFO - [2025-12-06T09:26:36.219+0000] {dag.py:3823} INFO - Setting next_dagrun for example_subdag_operator.section-1 to None, run_after=None
[2025-12-06T09:26:36.220+0000] {logging_mixin.py:188} INFO - [2025-12-06T09:26:36.220+0000] {dag.py:3823} INFO - Setting next_dagrun for example_subdag_operator.section-2 to None, run_after=None
[2025-12-06T09:26:36.242+0000] {processor.py:183} INFO - Processing /home/airflow/.local/lib/python3.8/site-packages/airflow/example_dags/example_subdag_operator.py took 0.185 seconds
[2025-12-06T09:27:06.431+0000] {processor.py:161} INFO - Started process (PID=3682) to work on /home/airflow/.local/lib/python3.8/site-packages/airflow/example_dags/example_subdag_operator.py
[2025-12-06T09:27:06.432+0000] {processor.py:830} INFO - Processing file /home/airflow/.local/lib/python3.8/site-packages/airflow/example_dags/example_subdag_operator.py for tasks to queue
[2025-12-06T09:27:06.434+0000] {logging_mixin.py:188} INFO - [2025-12-06T09:27:06.434+0000] {dagbag.py:538} INFO - Filling up the DagBag from /home/airflow/.local/lib/python3.8/site-packages/airflow/example_dags/example_subdag_operator.py
[2025-12-06T09:27:06.464+0000] {processor.py:840} INFO - DAG(s) 'example_subdag_operator.section-1', 'example_subdag_operator.section-2', 'example_subdag_operator' retrieved from /home/airflow/.local/lib/python3.8/site-packages/airflow/example_dags/example_subdag_operator.py
[2025-12-06T09:27:06.484+0000] {logging_mixin.py:188} INFO - [2025-12-06T09:27:06.484+0000] {dag.py:3036} INFO - Sync 3 DAGs
[2025-12-06T09:27:06.512+0000] {logging_mixin.py:188} INFO - [2025-12-06T09:27:06.512+0000] {dag.py:3823} INFO - Setting next_dagrun for example_subdag_operator to 2022-01-01 00:00:00+00:00, run_after=2022-01-01 00:00:00+00:00
[2025-12-06T09:27:06.519+0000] {logging_mixin.py:188} INFO - [2025-12-06T09:27:06.519+0000] {dag.py:3823} INFO - Setting next_dagrun for example_subdag_operator.section-1 to None, run_after=None
[2025-12-06T09:27:06.521+0000] {logging_mixin.py:188} INFO - [2025-12-06T09:27:06.521+0000] {dag.py:3823} INFO - Setting next_dagrun for example_subdag_operator.section-2 to None, run_after=None
[2025-12-06T09:27:06.531+0000] {logging_mixin.py:188} INFO - [2025-12-06T09:27:06.531+0000] {dag.py:3036} INFO - Sync 2 DAGs
[2025-12-06T09:27:06.539+0000] {logging_mixin.py:188} INFO - [2025-12-06T09:27:06.539+0000] {dag.py:3823} INFO - Setting next_dagrun for example_subdag_operator.section-1 to None, run_after=None
[2025-12-06T09:27:06.540+0000] {logging_mixin.py:188} INFO - [2025-12-06T09:27:06.540+0000] {dag.py:3823} INFO - Setting next_dagrun for example_subdag_operator.section-2 to None, run_after=None
[2025-12-06T09:27:06.555+0000] {processor.py:183} INFO - Processing /home/airflow/.local/lib/python3.8/site-packages/airflow/example_dags/example_subdag_operator.py took 0.129 seconds
[2025-12-06T09:27:36.686+0000] {processor.py:161} INFO - Started process (PID=3741) to work on /home/airflow/.local/lib/python3.8/site-packages/airflow/example_dags/example_subdag_operator.py
[2025-12-06T09:27:36.689+0000] {processor.py:830} INFO - Processing file /home/airflow/.local/lib/python3.8/site-packages/airflow/example_dags/example_subdag_operator.py for tasks to queue
[2025-12-06T09:27:36.691+0000] {logging_mixin.py:188} INFO - [2025-12-06T09:27:36.691+0000] {dagbag.py:538} INFO - Filling up the DagBag from /home/airflow/.local/lib/python3.8/site-packages/airflow/example_dags/example_subdag_operator.py
[2025-12-06T09:27:36.727+0000] {processor.py:840} INFO - DAG(s) 'example_subdag_operator.section-1', 'example_subdag_operator.section-2', 'example_subdag_operator' retrieved from /home/airflow/.local/lib/python3.8/site-packages/airflow/example_dags/example_subdag_operator.py
[2025-12-06T09:27:36.748+0000] {logging_mixin.py:188} INFO - [2025-12-06T09:27:36.748+0000] {dag.py:3036} INFO - Sync 3 DAGs
[2025-12-06T09:27:36.778+0000] {logging_mixin.py:188} INFO - [2025-12-06T09:27:36.778+0000] {dag.py:3823} INFO - Setting next_dagrun for example_subdag_operator to 2022-01-01 00:00:00+00:00, run_after=2022-01-01 00:00:00+00:00
[2025-12-06T09:27:36.783+0000] {logging_mixin.py:188} INFO - [2025-12-06T09:27:36.783+0000] {dag.py:3823} INFO - Setting next_dagrun for example_subdag_operator.section-1 to None, run_after=None
[2025-12-06T09:27:36.786+0000] {logging_mixin.py:188} INFO - [2025-12-06T09:27:36.785+0000] {dag.py:3823} INFO - Setting next_dagrun for example_subdag_operator.section-2 to None, run_after=None
[2025-12-06T09:27:36.796+0000] {logging_mixin.py:188} INFO - [2025-12-06T09:27:36.795+0000] {dag.py:3036} INFO - Sync 2 DAGs
[2025-12-06T09:27:36.806+0000] {logging_mixin.py:188} INFO - [2025-12-06T09:27:36.806+0000] {dag.py:3823} INFO - Setting next_dagrun for example_subdag_operator.section-1 to None, run_after=None
[2025-12-06T09:27:36.807+0000] {logging_mixin.py:188} INFO - [2025-12-06T09:27:36.807+0000] {dag.py:3823} INFO - Setting next_dagrun for example_subdag_operator.section-2 to None, run_after=None
[2025-12-06T09:27:36.824+0000] {processor.py:183} INFO - Processing /home/airflow/.local/lib/python3.8/site-packages/airflow/example_dags/example_subdag_operator.py took 0.143 seconds
[2025-12-06T09:28:06.910+0000] {processor.py:161} INFO - Started process (PID=3800) to work on /home/airflow/.local/lib/python3.8/site-packages/airflow/example_dags/example_subdag_operator.py
[2025-12-06T09:28:06.911+0000] {processor.py:830} INFO - Processing file /home/airflow/.local/lib/python3.8/site-packages/airflow/example_dags/example_subdag_operator.py for tasks to queue
[2025-12-06T09:28:06.914+0000] {logging_mixin.py:188} INFO - [2025-12-06T09:28:06.914+0000] {dagbag.py:538} INFO - Filling up the DagBag from /home/airflow/.local/lib/python3.8/site-packages/airflow/example_dags/example_subdag_operator.py
[2025-12-06T09:28:06.952+0000] {processor.py:840} INFO - DAG(s) 'example_subdag_operator.section-1', 'example_subdag_operator.section-2', 'example_subdag_operator' retrieved from /home/airflow/.local/lib/python3.8/site-packages/airflow/example_dags/example_subdag_operator.py
[2025-12-06T09:28:06.974+0000] {logging_mixin.py:188} INFO - [2025-12-06T09:28:06.974+0000] {dag.py:3036} INFO - Sync 3 DAGs
[2025-12-06T09:28:07.004+0000] {logging_mixin.py:188} INFO - [2025-12-06T09:28:07.004+0000] {dag.py:3823} INFO - Setting next_dagrun for example_subdag_operator to 2022-01-01 00:00:00+00:00, run_after=2022-01-01 00:00:00+00:00
[2025-12-06T09:28:07.010+0000] {logging_mixin.py:188} INFO - [2025-12-06T09:28:07.009+0000] {dag.py:3823} INFO - Setting next_dagrun for example_subdag_operator.section-1 to None, run_after=None
[2025-12-06T09:28:07.012+0000] {logging_mixin.py:188} INFO - [2025-12-06T09:28:07.012+0000] {dag.py:3823} INFO - Setting next_dagrun for example_subdag_operator.section-2 to None, run_after=None
[2025-12-06T09:28:07.024+0000] {logging_mixin.py:188} INFO - [2025-12-06T09:28:07.023+0000] {dag.py:3036} INFO - Sync 2 DAGs
[2025-12-06T09:28:07.033+0000] {logging_mixin.py:188} INFO - [2025-12-06T09:28:07.032+0000] {dag.py:3823} INFO - Setting next_dagrun for example_subdag_operator.section-1 to None, run_after=None
[2025-12-06T09:28:07.033+0000] {logging_mixin.py:188} INFO - [2025-12-06T09:28:07.033+0000] {dag.py:3823} INFO - Setting next_dagrun for example_subdag_operator.section-2 to None, run_after=None
[2025-12-06T09:28:07.053+0000] {processor.py:183} INFO - Processing /home/airflow/.local/lib/python3.8/site-packages/airflow/example_dags/example_subdag_operator.py took 0.147 seconds
[2025-12-06T09:28:37.097+0000] {processor.py:161} INFO - Started process (PID=3859) to work on /home/airflow/.local/lib/python3.8/site-packages/airflow/example_dags/example_subdag_operator.py
[2025-12-06T09:28:37.098+0000] {processor.py:830} INFO - Processing file /home/airflow/.local/lib/python3.8/site-packages/airflow/example_dags/example_subdag_operator.py for tasks to queue
[2025-12-06T09:28:37.101+0000] {logging_mixin.py:188} INFO - [2025-12-06T09:28:37.101+0000] {dagbag.py:538} INFO - Filling up the DagBag from /home/airflow/.local/lib/python3.8/site-packages/airflow/example_dags/example_subdag_operator.py
[2025-12-06T09:28:37.138+0000] {processor.py:840} INFO - DAG(s) 'example_subdag_operator.section-1', 'example_subdag_operator.section-2', 'example_subdag_operator' retrieved from /home/airflow/.local/lib/python3.8/site-packages/airflow/example_dags/example_subdag_operator.py
[2025-12-06T09:28:37.166+0000] {logging_mixin.py:188} INFO - [2025-12-06T09:28:37.165+0000] {dag.py:3036} INFO - Sync 3 DAGs
[2025-12-06T09:28:37.202+0000] {logging_mixin.py:188} INFO - [2025-12-06T09:28:37.201+0000] {dag.py:3823} INFO - Setting next_dagrun for example_subdag_operator to 2022-01-01 00:00:00+00:00, run_after=2022-01-01 00:00:00+00:00
[2025-12-06T09:28:37.208+0000] {logging_mixin.py:188} INFO - [2025-12-06T09:28:37.208+0000] {dag.py:3823} INFO - Setting next_dagrun for example_subdag_operator.section-1 to None, run_after=None
[2025-12-06T09:28:37.211+0000] {logging_mixin.py:188} INFO - [2025-12-06T09:28:37.211+0000] {dag.py:3823} INFO - Setting next_dagrun for example_subdag_operator.section-2 to None, run_after=None
[2025-12-06T09:28:37.223+0000] {logging_mixin.py:188} INFO - [2025-12-06T09:28:37.223+0000] {dag.py:3036} INFO - Sync 2 DAGs
[2025-12-06T09:28:37.235+0000] {logging_mixin.py:188} INFO - [2025-12-06T09:28:37.235+0000] {dag.py:3823} INFO - Setting next_dagrun for example_subdag_operator.section-1 to None, run_after=None
[2025-12-06T09:28:37.237+0000] {logging_mixin.py:188} INFO - [2025-12-06T09:28:37.237+0000] {dag.py:3823} INFO - Setting next_dagrun for example_subdag_operator.section-2 to None, run_after=None
[2025-12-06T09:28:37.260+0000] {processor.py:183} INFO - Processing /home/airflow/.local/lib/python3.8/site-packages/airflow/example_dags/example_subdag_operator.py took 0.168 seconds
[2025-12-06T09:29:07.463+0000] {processor.py:161} INFO - Started process (PID=3917) to work on /home/airflow/.local/lib/python3.8/site-packages/airflow/example_dags/example_subdag_operator.py
[2025-12-06T09:29:07.464+0000] {processor.py:830} INFO - Processing file /home/airflow/.local/lib/python3.8/site-packages/airflow/example_dags/example_subdag_operator.py for tasks to queue
[2025-12-06T09:29:07.467+0000] {logging_mixin.py:188} INFO - [2025-12-06T09:29:07.467+0000] {dagbag.py:538} INFO - Filling up the DagBag from /home/airflow/.local/lib/python3.8/site-packages/airflow/example_dags/example_subdag_operator.py
[2025-12-06T09:29:07.508+0000] {processor.py:840} INFO - DAG(s) 'example_subdag_operator.section-1', 'example_subdag_operator.section-2', 'example_subdag_operator' retrieved from /home/airflow/.local/lib/python3.8/site-packages/airflow/example_dags/example_subdag_operator.py
[2025-12-06T09:29:07.539+0000] {logging_mixin.py:188} INFO - [2025-12-06T09:29:07.539+0000] {dag.py:3036} INFO - Sync 3 DAGs
[2025-12-06T09:29:07.576+0000] {logging_mixin.py:188} INFO - [2025-12-06T09:29:07.576+0000] {dag.py:3823} INFO - Setting next_dagrun for example_subdag_operator to 2022-01-01 00:00:00+00:00, run_after=2022-01-01 00:00:00+00:00
[2025-12-06T09:29:07.586+0000] {logging_mixin.py:188} INFO - [2025-12-06T09:29:07.585+0000] {dag.py:3823} INFO - Setting next_dagrun for example_subdag_operator.section-1 to None, run_after=None
[2025-12-06T09:29:07.589+0000] {logging_mixin.py:188} INFO - [2025-12-06T09:29:07.589+0000] {dag.py:3823} INFO - Setting next_dagrun for example_subdag_operator.section-2 to None, run_after=None
[2025-12-06T09:29:07.604+0000] {logging_mixin.py:188} INFO - [2025-12-06T09:29:07.604+0000] {dag.py:3036} INFO - Sync 2 DAGs
[2025-12-06T09:29:07.618+0000] {logging_mixin.py:188} INFO - [2025-12-06T09:29:07.618+0000] {dag.py:3823} INFO - Setting next_dagrun for example_subdag_operator.section-1 to None, run_after=None
[2025-12-06T09:29:07.619+0000] {logging_mixin.py:188} INFO - [2025-12-06T09:29:07.619+0000] {dag.py:3823} INFO - Setting next_dagrun for example_subdag_operator.section-2 to None, run_after=None
[2025-12-06T09:29:07.648+0000] {processor.py:183} INFO - Processing /home/airflow/.local/lib/python3.8/site-packages/airflow/example_dags/example_subdag_operator.py took 0.192 seconds
[2025-12-06T09:29:37.701+0000] {processor.py:161} INFO - Started process (PID=3976) to work on /home/airflow/.local/lib/python3.8/site-packages/airflow/example_dags/example_subdag_operator.py
[2025-12-06T09:29:37.703+0000] {processor.py:830} INFO - Processing file /home/airflow/.local/lib/python3.8/site-packages/airflow/example_dags/example_subdag_operator.py for tasks to queue
[2025-12-06T09:29:37.706+0000] {logging_mixin.py:188} INFO - [2025-12-06T09:29:37.705+0000] {dagbag.py:538} INFO - Filling up the DagBag from /home/airflow/.local/lib/python3.8/site-packages/airflow/example_dags/example_subdag_operator.py
[2025-12-06T09:29:37.747+0000] {processor.py:840} INFO - DAG(s) 'example_subdag_operator.section-1', 'example_subdag_operator.section-2', 'example_subdag_operator' retrieved from /home/airflow/.local/lib/python3.8/site-packages/airflow/example_dags/example_subdag_operator.py
[2025-12-06T09:29:37.770+0000] {logging_mixin.py:188} INFO - [2025-12-06T09:29:37.769+0000] {dag.py:3036} INFO - Sync 3 DAGs
[2025-12-06T09:29:37.801+0000] {logging_mixin.py:188} INFO - [2025-12-06T09:29:37.801+0000] {dag.py:3823} INFO - Setting next_dagrun for example_subdag_operator to 2022-01-01 00:00:00+00:00, run_after=2022-01-01 00:00:00+00:00
[2025-12-06T09:29:37.808+0000] {logging_mixin.py:188} INFO - [2025-12-06T09:29:37.807+0000] {dag.py:3823} INFO - Setting next_dagrun for example_subdag_operator.section-1 to None, run_after=None
[2025-12-06T09:29:37.811+0000] {logging_mixin.py:188} INFO - [2025-12-06T09:29:37.811+0000] {dag.py:3823} INFO - Setting next_dagrun for example_subdag_operator.section-2 to None, run_after=None
[2025-12-06T09:29:37.823+0000] {logging_mixin.py:188} INFO - [2025-12-06T09:29:37.823+0000] {dag.py:3036} INFO - Sync 2 DAGs
[2025-12-06T09:29:37.832+0000] {logging_mixin.py:188} INFO - [2025-12-06T09:29:37.832+0000] {dag.py:3823} INFO - Setting next_dagrun for example_subdag_operator.section-1 to None, run_after=None
[2025-12-06T09:29:37.833+0000] {logging_mixin.py:188} INFO - [2025-12-06T09:29:37.833+0000] {dag.py:3823} INFO - Setting next_dagrun for example_subdag_operator.section-2 to None, run_after=None
[2025-12-06T09:29:37.855+0000] {processor.py:183} INFO - Processing /home/airflow/.local/lib/python3.8/site-packages/airflow/example_dags/example_subdag_operator.py took 0.159 seconds
[2025-12-06T09:30:08.182+0000] {processor.py:161} INFO - Started process (PID=4035) to work on /home/airflow/.local/lib/python3.8/site-packages/airflow/example_dags/example_subdag_operator.py
[2025-12-06T09:30:08.183+0000] {processor.py:830} INFO - Processing file /home/airflow/.local/lib/python3.8/site-packages/airflow/example_dags/example_subdag_operator.py for tasks to queue
[2025-12-06T09:30:08.189+0000] {logging_mixin.py:188} INFO - [2025-12-06T09:30:08.188+0000] {dagbag.py:538} INFO - Filling up the DagBag from /home/airflow/.local/lib/python3.8/site-packages/airflow/example_dags/example_subdag_operator.py
[2025-12-06T09:30:08.227+0000] {processor.py:840} INFO - DAG(s) 'example_subdag_operator.section-1', 'example_subdag_operator.section-2', 'example_subdag_operator' retrieved from /home/airflow/.local/lib/python3.8/site-packages/airflow/example_dags/example_subdag_operator.py
[2025-12-06T09:30:08.250+0000] {logging_mixin.py:188} INFO - [2025-12-06T09:30:08.249+0000] {dag.py:3036} INFO - Sync 3 DAGs
[2025-12-06T09:30:08.282+0000] {logging_mixin.py:188} INFO - [2025-12-06T09:30:08.281+0000] {dag.py:3823} INFO - Setting next_dagrun for example_subdag_operator to 2022-01-01 00:00:00+00:00, run_after=2022-01-01 00:00:00+00:00
[2025-12-06T09:30:08.289+0000] {logging_mixin.py:188} INFO - [2025-12-06T09:30:08.289+0000] {dag.py:3823} INFO - Setting next_dagrun for example_subdag_operator.section-1 to None, run_after=None
[2025-12-06T09:30:08.294+0000] {logging_mixin.py:188} INFO - [2025-12-06T09:30:08.294+0000] {dag.py:3823} INFO - Setting next_dagrun for example_subdag_operator.section-2 to None, run_after=None
[2025-12-06T09:30:08.307+0000] {logging_mixin.py:188} INFO - [2025-12-06T09:30:08.307+0000] {dag.py:3036} INFO - Sync 2 DAGs
[2025-12-06T09:30:08.317+0000] {logging_mixin.py:188} INFO - [2025-12-06T09:30:08.317+0000] {dag.py:3823} INFO - Setting next_dagrun for example_subdag_operator.section-1 to None, run_after=None
[2025-12-06T09:30:08.318+0000] {logging_mixin.py:188} INFO - [2025-12-06T09:30:08.318+0000] {dag.py:3823} INFO - Setting next_dagrun for example_subdag_operator.section-2 to None, run_after=None
[2025-12-06T09:30:08.338+0000] {processor.py:183} INFO - Processing /home/airflow/.local/lib/python3.8/site-packages/airflow/example_dags/example_subdag_operator.py took 0.162 seconds
[2025-12-06T09:30:38.452+0000] {processor.py:161} INFO - Started process (PID=4095) to work on /home/airflow/.local/lib/python3.8/site-packages/airflow/example_dags/example_subdag_operator.py
[2025-12-06T09:30:38.453+0000] {processor.py:830} INFO - Processing file /home/airflow/.local/lib/python3.8/site-packages/airflow/example_dags/example_subdag_operator.py for tasks to queue
[2025-12-06T09:30:38.456+0000] {logging_mixin.py:188} INFO - [2025-12-06T09:30:38.455+0000] {dagbag.py:538} INFO - Filling up the DagBag from /home/airflow/.local/lib/python3.8/site-packages/airflow/example_dags/example_subdag_operator.py
[2025-12-06T09:30:38.492+0000] {processor.py:840} INFO - DAG(s) 'example_subdag_operator.section-1', 'example_subdag_operator.section-2', 'example_subdag_operator' retrieved from /home/airflow/.local/lib/python3.8/site-packages/airflow/example_dags/example_subdag_operator.py
[2025-12-06T09:30:38.514+0000] {logging_mixin.py:188} INFO - [2025-12-06T09:30:38.514+0000] {dag.py:3036} INFO - Sync 3 DAGs
[2025-12-06T09:30:38.547+0000] {logging_mixin.py:188} INFO - [2025-12-06T09:30:38.547+0000] {dag.py:3823} INFO - Setting next_dagrun for example_subdag_operator to 2022-01-01 00:00:00+00:00, run_after=2022-01-01 00:00:00+00:00
[2025-12-06T09:30:38.556+0000] {logging_mixin.py:188} INFO - [2025-12-06T09:30:38.555+0000] {dag.py:3823} INFO - Setting next_dagrun for example_subdag_operator.section-1 to None, run_after=None
[2025-12-06T09:30:38.558+0000] {logging_mixin.py:188} INFO - [2025-12-06T09:30:38.558+0000] {dag.py:3823} INFO - Setting next_dagrun for example_subdag_operator.section-2 to None, run_after=None
[2025-12-06T09:30:38.569+0000] {logging_mixin.py:188} INFO - [2025-12-06T09:30:38.568+0000] {dag.py:3036} INFO - Sync 2 DAGs
[2025-12-06T09:30:38.578+0000] {logging_mixin.py:188} INFO - [2025-12-06T09:30:38.578+0000] {dag.py:3823} INFO - Setting next_dagrun for example_subdag_operator.section-1 to None, run_after=None
[2025-12-06T09:30:38.580+0000] {logging_mixin.py:188} INFO - [2025-12-06T09:30:38.579+0000] {dag.py:3823} INFO - Setting next_dagrun for example_subdag_operator.section-2 to None, run_after=None
[2025-12-06T09:30:38.599+0000] {processor.py:183} INFO - Processing /home/airflow/.local/lib/python3.8/site-packages/airflow/example_dags/example_subdag_operator.py took 0.152 seconds
[2025-12-06T09:31:08.743+0000] {processor.py:161} INFO - Started process (PID=4154) to work on /home/airflow/.local/lib/python3.8/site-packages/airflow/example_dags/example_subdag_operator.py
[2025-12-06T09:31:08.745+0000] {processor.py:830} INFO - Processing file /home/airflow/.local/lib/python3.8/site-packages/airflow/example_dags/example_subdag_operator.py for tasks to queue
[2025-12-06T09:31:08.748+0000] {logging_mixin.py:188} INFO - [2025-12-06T09:31:08.748+0000] {dagbag.py:538} INFO - Filling up the DagBag from /home/airflow/.local/lib/python3.8/site-packages/airflow/example_dags/example_subdag_operator.py
[2025-12-06T09:31:08.789+0000] {processor.py:840} INFO - DAG(s) 'example_subdag_operator.section-1', 'example_subdag_operator.section-2', 'example_subdag_operator' retrieved from /home/airflow/.local/lib/python3.8/site-packages/airflow/example_dags/example_subdag_operator.py
[2025-12-06T09:31:08.813+0000] {logging_mixin.py:188} INFO - [2025-12-06T09:31:08.813+0000] {dag.py:3036} INFO - Sync 3 DAGs
[2025-12-06T09:31:08.851+0000] {logging_mixin.py:188} INFO - [2025-12-06T09:31:08.851+0000] {dag.py:3823} INFO - Setting next_dagrun for example_subdag_operator to 2022-01-01 00:00:00+00:00, run_after=2022-01-01 00:00:00+00:00
[2025-12-06T09:31:08.857+0000] {logging_mixin.py:188} INFO - [2025-12-06T09:31:08.856+0000] {dag.py:3823} INFO - Setting next_dagrun for example_subdag_operator.section-1 to None, run_after=None
[2025-12-06T09:31:08.859+0000] {logging_mixin.py:188} INFO - [2025-12-06T09:31:08.859+0000] {dag.py:3823} INFO - Setting next_dagrun for example_subdag_operator.section-2 to None, run_after=None
[2025-12-06T09:31:08.871+0000] {logging_mixin.py:188} INFO - [2025-12-06T09:31:08.871+0000] {dag.py:3036} INFO - Sync 2 DAGs
[2025-12-06T09:31:08.879+0000] {logging_mixin.py:188} INFO - [2025-12-06T09:31:08.879+0000] {dag.py:3823} INFO - Setting next_dagrun for example_subdag_operator.section-1 to None, run_after=None
[2025-12-06T09:31:08.880+0000] {logging_mixin.py:188} INFO - [2025-12-06T09:31:08.879+0000] {dag.py:3823} INFO - Setting next_dagrun for example_subdag_operator.section-2 to None, run_after=None
[2025-12-06T09:31:08.902+0000] {processor.py:183} INFO - Processing /home/airflow/.local/lib/python3.8/site-packages/airflow/example_dags/example_subdag_operator.py took 0.164 seconds
[2025-12-06T09:31:38.952+0000] {processor.py:161} INFO - Started process (PID=4213) to work on /home/airflow/.local/lib/python3.8/site-packages/airflow/example_dags/example_subdag_operator.py
[2025-12-06T09:31:38.953+0000] {processor.py:830} INFO - Processing file /home/airflow/.local/lib/python3.8/site-packages/airflow/example_dags/example_subdag_operator.py for tasks to queue
[2025-12-06T09:31:38.957+0000] {logging_mixin.py:188} INFO - [2025-12-06T09:31:38.956+0000] {dagbag.py:538} INFO - Filling up the DagBag from /home/airflow/.local/lib/python3.8/site-packages/airflow/example_dags/example_subdag_operator.py
[2025-12-06T09:31:38.998+0000] {processor.py:840} INFO - DAG(s) 'example_subdag_operator.section-1', 'example_subdag_operator.section-2', 'example_subdag_operator' retrieved from /home/airflow/.local/lib/python3.8/site-packages/airflow/example_dags/example_subdag_operator.py
[2025-12-06T09:31:39.025+0000] {logging_mixin.py:188} INFO - [2025-12-06T09:31:39.025+0000] {dag.py:3036} INFO - Sync 3 DAGs
[2025-12-06T09:31:39.057+0000] {logging_mixin.py:188} INFO - [2025-12-06T09:31:39.056+0000] {dag.py:3823} INFO - Setting next_dagrun for example_subdag_operator to 2022-01-01 00:00:00+00:00, run_after=2022-01-01 00:00:00+00:00
[2025-12-06T09:31:39.065+0000] {logging_mixin.py:188} INFO - [2025-12-06T09:31:39.064+0000] {dag.py:3823} INFO - Setting next_dagrun for example_subdag_operator.section-1 to None, run_after=None
[2025-12-06T09:31:39.067+0000] {logging_mixin.py:188} INFO - [2025-12-06T09:31:39.067+0000] {dag.py:3823} INFO - Setting next_dagrun for example_subdag_operator.section-2 to None, run_after=None
[2025-12-06T09:31:39.078+0000] {logging_mixin.py:188} INFO - [2025-12-06T09:31:39.078+0000] {dag.py:3036} INFO - Sync 2 DAGs
[2025-12-06T09:31:39.086+0000] {logging_mixin.py:188} INFO - [2025-12-06T09:31:39.086+0000] {dag.py:3823} INFO - Setting next_dagrun for example_subdag_operator.section-1 to None, run_after=None
[2025-12-06T09:31:39.087+0000] {logging_mixin.py:188} INFO - [2025-12-06T09:31:39.087+0000] {dag.py:3823} INFO - Setting next_dagrun for example_subdag_operator.section-2 to None, run_after=None
[2025-12-06T09:31:39.109+0000] {processor.py:183} INFO - Processing /home/airflow/.local/lib/python3.8/site-packages/airflow/example_dags/example_subdag_operator.py took 0.163 seconds
[2025-12-06T09:32:09.161+0000] {processor.py:161} INFO - Started process (PID=4272) to work on /home/airflow/.local/lib/python3.8/site-packages/airflow/example_dags/example_subdag_operator.py
[2025-12-06T09:32:09.163+0000] {processor.py:830} INFO - Processing file /home/airflow/.local/lib/python3.8/site-packages/airflow/example_dags/example_subdag_operator.py for tasks to queue
[2025-12-06T09:32:09.166+0000] {logging_mixin.py:188} INFO - [2025-12-06T09:32:09.165+0000] {dagbag.py:538} INFO - Filling up the DagBag from /home/airflow/.local/lib/python3.8/site-packages/airflow/example_dags/example_subdag_operator.py
[2025-12-06T09:32:09.209+0000] {processor.py:840} INFO - DAG(s) 'example_subdag_operator.section-1', 'example_subdag_operator.section-2', 'example_subdag_operator' retrieved from /home/airflow/.local/lib/python3.8/site-packages/airflow/example_dags/example_subdag_operator.py
[2025-12-06T09:32:09.236+0000] {logging_mixin.py:188} INFO - [2025-12-06T09:32:09.235+0000] {dag.py:3036} INFO - Sync 3 DAGs
[2025-12-06T09:32:09.270+0000] {logging_mixin.py:188} INFO - [2025-12-06T09:32:09.269+0000] {dag.py:3823} INFO - Setting next_dagrun for example_subdag_operator to 2022-01-01 00:00:00+00:00, run_after=2022-01-01 00:00:00+00:00
[2025-12-06T09:32:09.276+0000] {logging_mixin.py:188} INFO - [2025-12-06T09:32:09.275+0000] {dag.py:3823} INFO - Setting next_dagrun for example_subdag_operator.section-1 to None, run_after=None
[2025-12-06T09:32:09.279+0000] {logging_mixin.py:188} INFO - [2025-12-06T09:32:09.278+0000] {dag.py:3823} INFO - Setting next_dagrun for example_subdag_operator.section-2 to None, run_after=None
[2025-12-06T09:32:09.293+0000] {logging_mixin.py:188} INFO - [2025-12-06T09:32:09.292+0000] {dag.py:3036} INFO - Sync 2 DAGs
[2025-12-06T09:32:09.303+0000] {logging_mixin.py:188} INFO - [2025-12-06T09:32:09.302+0000] {dag.py:3823} INFO - Setting next_dagrun for example_subdag_operator.section-1 to None, run_after=None
[2025-12-06T09:32:09.305+0000] {logging_mixin.py:188} INFO - [2025-12-06T09:32:09.305+0000] {dag.py:3823} INFO - Setting next_dagrun for example_subdag_operator.section-2 to None, run_after=None
[2025-12-06T09:32:09.328+0000] {processor.py:183} INFO - Processing /home/airflow/.local/lib/python3.8/site-packages/airflow/example_dags/example_subdag_operator.py took 0.172 seconds
[2025-12-06T09:32:39.358+0000] {processor.py:161} INFO - Started process (PID=4330) to work on /home/airflow/.local/lib/python3.8/site-packages/airflow/example_dags/example_subdag_operator.py
[2025-12-06T09:32:39.359+0000] {processor.py:830} INFO - Processing file /home/airflow/.local/lib/python3.8/site-packages/airflow/example_dags/example_subdag_operator.py for tasks to queue
[2025-12-06T09:32:39.363+0000] {logging_mixin.py:188} INFO - [2025-12-06T09:32:39.362+0000] {dagbag.py:538} INFO - Filling up the DagBag from /home/airflow/.local/lib/python3.8/site-packages/airflow/example_dags/example_subdag_operator.py
[2025-12-06T09:32:39.404+0000] {processor.py:840} INFO - DAG(s) 'example_subdag_operator.section-1', 'example_subdag_operator.section-2', 'example_subdag_operator' retrieved from /home/airflow/.local/lib/python3.8/site-packages/airflow/example_dags/example_subdag_operator.py
[2025-12-06T09:32:39.428+0000] {logging_mixin.py:188} INFO - [2025-12-06T09:32:39.428+0000] {dag.py:3036} INFO - Sync 3 DAGs
[2025-12-06T09:32:39.463+0000] {logging_mixin.py:188} INFO - [2025-12-06T09:32:39.463+0000] {dag.py:3823} INFO - Setting next_dagrun for example_subdag_operator to 2022-01-01 00:00:00+00:00, run_after=2022-01-01 00:00:00+00:00
[2025-12-06T09:32:39.470+0000] {logging_mixin.py:188} INFO - [2025-12-06T09:32:39.470+0000] {dag.py:3823} INFO - Setting next_dagrun for example_subdag_operator.section-1 to None, run_after=None
[2025-12-06T09:32:39.472+0000] {logging_mixin.py:188} INFO - [2025-12-06T09:32:39.472+0000] {dag.py:3823} INFO - Setting next_dagrun for example_subdag_operator.section-2 to None, run_after=None
[2025-12-06T09:32:39.486+0000] {logging_mixin.py:188} INFO - [2025-12-06T09:32:39.486+0000] {dag.py:3036} INFO - Sync 2 DAGs
[2025-12-06T09:32:39.495+0000] {logging_mixin.py:188} INFO - [2025-12-06T09:32:39.495+0000] {dag.py:3823} INFO - Setting next_dagrun for example_subdag_operator.section-1 to None, run_after=None
[2025-12-06T09:32:39.497+0000] {logging_mixin.py:188} INFO - [2025-12-06T09:32:39.497+0000] {dag.py:3823} INFO - Setting next_dagrun for example_subdag_operator.section-2 to None, run_after=None
[2025-12-06T09:32:39.524+0000] {processor.py:183} INFO - Processing /home/airflow/.local/lib/python3.8/site-packages/airflow/example_dags/example_subdag_operator.py took 0.172 seconds
[2025-12-06T09:33:09.779+0000] {processor.py:161} INFO - Started process (PID=4389) to work on /home/airflow/.local/lib/python3.8/site-packages/airflow/example_dags/example_subdag_operator.py
[2025-12-06T09:33:09.781+0000] {processor.py:830} INFO - Processing file /home/airflow/.local/lib/python3.8/site-packages/airflow/example_dags/example_subdag_operator.py for tasks to queue
[2025-12-06T09:33:09.784+0000] {logging_mixin.py:188} INFO - [2025-12-06T09:33:09.783+0000] {dagbag.py:538} INFO - Filling up the DagBag from /home/airflow/.local/lib/python3.8/site-packages/airflow/example_dags/example_subdag_operator.py
[2025-12-06T09:33:09.825+0000] {processor.py:840} INFO - DAG(s) 'example_subdag_operator.section-1', 'example_subdag_operator.section-2', 'example_subdag_operator' retrieved from /home/airflow/.local/lib/python3.8/site-packages/airflow/example_dags/example_subdag_operator.py
[2025-12-06T09:33:09.848+0000] {logging_mixin.py:188} INFO - [2025-12-06T09:33:09.847+0000] {dag.py:3036} INFO - Sync 3 DAGs
[2025-12-06T09:33:09.879+0000] {logging_mixin.py:188} INFO - [2025-12-06T09:33:09.879+0000] {dag.py:3823} INFO - Setting next_dagrun for example_subdag_operator to 2022-01-01 00:00:00+00:00, run_after=2022-01-01 00:00:00+00:00
[2025-12-06T09:33:09.884+0000] {logging_mixin.py:188} INFO - [2025-12-06T09:33:09.884+0000] {dag.py:3823} INFO - Setting next_dagrun for example_subdag_operator.section-1 to None, run_after=None
[2025-12-06T09:33:09.887+0000] {logging_mixin.py:188} INFO - [2025-12-06T09:33:09.886+0000] {dag.py:3823} INFO - Setting next_dagrun for example_subdag_operator.section-2 to None, run_after=None
[2025-12-06T09:33:09.900+0000] {logging_mixin.py:188} INFO - [2025-12-06T09:33:09.900+0000] {dag.py:3036} INFO - Sync 2 DAGs
[2025-12-06T09:33:09.909+0000] {logging_mixin.py:188} INFO - [2025-12-06T09:33:09.909+0000] {dag.py:3823} INFO - Setting next_dagrun for example_subdag_operator.section-1 to None, run_after=None
[2025-12-06T09:33:09.910+0000] {logging_mixin.py:188} INFO - [2025-12-06T09:33:09.910+0000] {dag.py:3823} INFO - Setting next_dagrun for example_subdag_operator.section-2 to None, run_after=None
[2025-12-06T09:33:09.934+0000] {processor.py:183} INFO - Processing /home/airflow/.local/lib/python3.8/site-packages/airflow/example_dags/example_subdag_operator.py took 0.160 seconds
[2025-12-06T09:33:40.680+0000] {processor.py:161} INFO - Started process (PID=4447) to work on /home/airflow/.local/lib/python3.8/site-packages/airflow/example_dags/example_subdag_operator.py
[2025-12-06T09:33:40.681+0000] {processor.py:830} INFO - Processing file /home/airflow/.local/lib/python3.8/site-packages/airflow/example_dags/example_subdag_operator.py for tasks to queue
[2025-12-06T09:33:40.683+0000] {logging_mixin.py:188} INFO - [2025-12-06T09:33:40.683+0000] {dagbag.py:538} INFO - Filling up the DagBag from /home/airflow/.local/lib/python3.8/site-packages/airflow/example_dags/example_subdag_operator.py
[2025-12-06T09:33:40.725+0000] {processor.py:840} INFO - DAG(s) 'example_subdag_operator.section-1', 'example_subdag_operator.section-2', 'example_subdag_operator' retrieved from /home/airflow/.local/lib/python3.8/site-packages/airflow/example_dags/example_subdag_operator.py
[2025-12-06T09:33:40.748+0000] {logging_mixin.py:188} INFO - [2025-12-06T09:33:40.747+0000] {dag.py:3036} INFO - Sync 3 DAGs
[2025-12-06T09:33:40.780+0000] {logging_mixin.py:188} INFO - [2025-12-06T09:33:40.780+0000] {dag.py:3823} INFO - Setting next_dagrun for example_subdag_operator to 2022-01-01 00:00:00+00:00, run_after=2022-01-01 00:00:00+00:00
[2025-12-06T09:33:40.787+0000] {logging_mixin.py:188} INFO - [2025-12-06T09:33:40.786+0000] {dag.py:3823} INFO - Setting next_dagrun for example_subdag_operator.section-1 to None, run_after=None
[2025-12-06T09:33:40.792+0000] {logging_mixin.py:188} INFO - [2025-12-06T09:33:40.792+0000] {dag.py:3823} INFO - Setting next_dagrun for example_subdag_operator.section-2 to None, run_after=None
[2025-12-06T09:33:40.805+0000] {logging_mixin.py:188} INFO - [2025-12-06T09:33:40.804+0000] {dag.py:3036} INFO - Sync 2 DAGs
[2025-12-06T09:33:40.816+0000] {logging_mixin.py:188} INFO - [2025-12-06T09:33:40.816+0000] {dag.py:3823} INFO - Setting next_dagrun for example_subdag_operator.section-1 to None, run_after=None
[2025-12-06T09:33:40.817+0000] {logging_mixin.py:188} INFO - [2025-12-06T09:33:40.817+0000] {dag.py:3823} INFO - Setting next_dagrun for example_subdag_operator.section-2 to None, run_after=None
[2025-12-06T09:33:40.838+0000] {processor.py:183} INFO - Processing /home/airflow/.local/lib/python3.8/site-packages/airflow/example_dags/example_subdag_operator.py took 0.163 seconds
[2025-12-06T09:34:10.941+0000] {processor.py:161} INFO - Started process (PID=4506) to work on /home/airflow/.local/lib/python3.8/site-packages/airflow/example_dags/example_subdag_operator.py
[2025-12-06T09:34:10.942+0000] {processor.py:830} INFO - Processing file /home/airflow/.local/lib/python3.8/site-packages/airflow/example_dags/example_subdag_operator.py for tasks to queue
[2025-12-06T09:34:10.945+0000] {logging_mixin.py:188} INFO - [2025-12-06T09:34:10.945+0000] {dagbag.py:538} INFO - Filling up the DagBag from /home/airflow/.local/lib/python3.8/site-packages/airflow/example_dags/example_subdag_operator.py
[2025-12-06T09:34:10.984+0000] {processor.py:840} INFO - DAG(s) 'example_subdag_operator.section-1', 'example_subdag_operator.section-2', 'example_subdag_operator' retrieved from /home/airflow/.local/lib/python3.8/site-packages/airflow/example_dags/example_subdag_operator.py
[2025-12-06T09:34:11.007+0000] {logging_mixin.py:188} INFO - [2025-12-06T09:34:11.007+0000] {dag.py:3036} INFO - Sync 3 DAGs
[2025-12-06T09:34:11.039+0000] {logging_mixin.py:188} INFO - [2025-12-06T09:34:11.039+0000] {dag.py:3823} INFO - Setting next_dagrun for example_subdag_operator to 2022-01-01 00:00:00+00:00, run_after=2022-01-01 00:00:00+00:00
[2025-12-06T09:34:11.046+0000] {logging_mixin.py:188} INFO - [2025-12-06T09:34:11.045+0000] {dag.py:3823} INFO - Setting next_dagrun for example_subdag_operator.section-1 to None, run_after=None
[2025-12-06T09:34:11.049+0000] {logging_mixin.py:188} INFO - [2025-12-06T09:34:11.048+0000] {dag.py:3823} INFO - Setting next_dagrun for example_subdag_operator.section-2 to None, run_after=None
[2025-12-06T09:34:11.064+0000] {logging_mixin.py:188} INFO - [2025-12-06T09:34:11.063+0000] {dag.py:3036} INFO - Sync 2 DAGs
[2025-12-06T09:34:11.073+0000] {logging_mixin.py:188} INFO - [2025-12-06T09:34:11.073+0000] {dag.py:3823} INFO - Setting next_dagrun for example_subdag_operator.section-1 to None, run_after=None
[2025-12-06T09:34:11.075+0000] {logging_mixin.py:188} INFO - [2025-12-06T09:34:11.074+0000] {dag.py:3823} INFO - Setting next_dagrun for example_subdag_operator.section-2 to None, run_after=None
[2025-12-06T09:34:11.097+0000] {processor.py:183} INFO - Processing /home/airflow/.local/lib/python3.8/site-packages/airflow/example_dags/example_subdag_operator.py took 0.163 seconds
[2025-12-06T09:34:41.190+0000] {processor.py:161} INFO - Started process (PID=4565) to work on /home/airflow/.local/lib/python3.8/site-packages/airflow/example_dags/example_subdag_operator.py
[2025-12-06T09:34:41.192+0000] {processor.py:830} INFO - Processing file /home/airflow/.local/lib/python3.8/site-packages/airflow/example_dags/example_subdag_operator.py for tasks to queue
[2025-12-06T09:34:41.195+0000] {logging_mixin.py:188} INFO - [2025-12-06T09:34:41.195+0000] {dagbag.py:538} INFO - Filling up the DagBag from /home/airflow/.local/lib/python3.8/site-packages/airflow/example_dags/example_subdag_operator.py
[2025-12-06T09:34:41.232+0000] {processor.py:840} INFO - DAG(s) 'example_subdag_operator.section-1', 'example_subdag_operator.section-2', 'example_subdag_operator' retrieved from /home/airflow/.local/lib/python3.8/site-packages/airflow/example_dags/example_subdag_operator.py
[2025-12-06T09:34:41.256+0000] {logging_mixin.py:188} INFO - [2025-12-06T09:34:41.256+0000] {dag.py:3036} INFO - Sync 3 DAGs
[2025-12-06T09:34:41.289+0000] {logging_mixin.py:188} INFO - [2025-12-06T09:34:41.288+0000] {dag.py:3823} INFO - Setting next_dagrun for example_subdag_operator to 2022-01-01 00:00:00+00:00, run_after=2022-01-01 00:00:00+00:00
[2025-12-06T09:34:41.294+0000] {logging_mixin.py:188} INFO - [2025-12-06T09:34:41.294+0000] {dag.py:3823} INFO - Setting next_dagrun for example_subdag_operator.section-1 to None, run_after=None
[2025-12-06T09:34:41.296+0000] {logging_mixin.py:188} INFO - [2025-12-06T09:34:41.296+0000] {dag.py:3823} INFO - Setting next_dagrun for example_subdag_operator.section-2 to None, run_after=None
[2025-12-06T09:34:41.307+0000] {logging_mixin.py:188} INFO - [2025-12-06T09:34:41.307+0000] {dag.py:3036} INFO - Sync 2 DAGs
[2025-12-06T09:34:41.315+0000] {logging_mixin.py:188} INFO - [2025-12-06T09:34:41.315+0000] {dag.py:3823} INFO - Setting next_dagrun for example_subdag_operator.section-1 to None, run_after=None
[2025-12-06T09:34:41.316+0000] {logging_mixin.py:188} INFO - [2025-12-06T09:34:41.316+0000] {dag.py:3823} INFO - Setting next_dagrun for example_subdag_operator.section-2 to None, run_after=None
[2025-12-06T09:34:41.338+0000] {processor.py:183} INFO - Processing /home/airflow/.local/lib/python3.8/site-packages/airflow/example_dags/example_subdag_operator.py took 0.153 seconds
[2025-12-06T09:35:11.414+0000] {processor.py:161} INFO - Started process (PID=4624) to work on /home/airflow/.local/lib/python3.8/site-packages/airflow/example_dags/example_subdag_operator.py
[2025-12-06T09:35:11.416+0000] {processor.py:830} INFO - Processing file /home/airflow/.local/lib/python3.8/site-packages/airflow/example_dags/example_subdag_operator.py for tasks to queue
[2025-12-06T09:35:11.421+0000] {logging_mixin.py:188} INFO - [2025-12-06T09:35:11.421+0000] {dagbag.py:538} INFO - Filling up the DagBag from /home/airflow/.local/lib/python3.8/site-packages/airflow/example_dags/example_subdag_operator.py
[2025-12-06T09:35:11.463+0000] {processor.py:840} INFO - DAG(s) 'example_subdag_operator.section-1', 'example_subdag_operator.section-2', 'example_subdag_operator' retrieved from /home/airflow/.local/lib/python3.8/site-packages/airflow/example_dags/example_subdag_operator.py
[2025-12-06T09:35:11.488+0000] {logging_mixin.py:188} INFO - [2025-12-06T09:35:11.487+0000] {dag.py:3036} INFO - Sync 3 DAGs
[2025-12-06T09:35:11.522+0000] {logging_mixin.py:188} INFO - [2025-12-06T09:35:11.521+0000] {dag.py:3823} INFO - Setting next_dagrun for example_subdag_operator to 2022-01-01 00:00:00+00:00, run_after=2022-01-01 00:00:00+00:00
[2025-12-06T09:35:11.529+0000] {logging_mixin.py:188} INFO - [2025-12-06T09:35:11.528+0000] {dag.py:3823} INFO - Setting next_dagrun for example_subdag_operator.section-1 to None, run_after=None
[2025-12-06T09:35:11.533+0000] {logging_mixin.py:188} INFO - [2025-12-06T09:35:11.532+0000] {dag.py:3823} INFO - Setting next_dagrun for example_subdag_operator.section-2 to None, run_after=None
[2025-12-06T09:35:11.546+0000] {logging_mixin.py:188} INFO - [2025-12-06T09:35:11.546+0000] {dag.py:3036} INFO - Sync 2 DAGs
[2025-12-06T09:35:11.555+0000] {logging_mixin.py:188} INFO - [2025-12-06T09:35:11.555+0000] {dag.py:3823} INFO - Setting next_dagrun for example_subdag_operator.section-1 to None, run_after=None
[2025-12-06T09:35:11.556+0000] {logging_mixin.py:188} INFO - [2025-12-06T09:35:11.556+0000] {dag.py:3823} INFO - Setting next_dagrun for example_subdag_operator.section-2 to None, run_after=None
[2025-12-06T09:35:11.581+0000] {processor.py:183} INFO - Processing /home/airflow/.local/lib/python3.8/site-packages/airflow/example_dags/example_subdag_operator.py took 0.173 seconds
[2025-12-06T09:35:41.843+0000] {processor.py:161} INFO - Started process (PID=4683) to work on /home/airflow/.local/lib/python3.8/site-packages/airflow/example_dags/example_subdag_operator.py
[2025-12-06T09:35:41.845+0000] {processor.py:830} INFO - Processing file /home/airflow/.local/lib/python3.8/site-packages/airflow/example_dags/example_subdag_operator.py for tasks to queue
[2025-12-06T09:35:41.848+0000] {logging_mixin.py:188} INFO - [2025-12-06T09:35:41.848+0000] {dagbag.py:538} INFO - Filling up the DagBag from /home/airflow/.local/lib/python3.8/site-packages/airflow/example_dags/example_subdag_operator.py
[2025-12-06T09:35:41.888+0000] {processor.py:840} INFO - DAG(s) 'example_subdag_operator.section-1', 'example_subdag_operator.section-2', 'example_subdag_operator' retrieved from /home/airflow/.local/lib/python3.8/site-packages/airflow/example_dags/example_subdag_operator.py
[2025-12-06T09:35:41.913+0000] {logging_mixin.py:188} INFO - [2025-12-06T09:35:41.913+0000] {dag.py:3036} INFO - Sync 3 DAGs
[2025-12-06T09:35:41.946+0000] {logging_mixin.py:188} INFO - [2025-12-06T09:35:41.945+0000] {dag.py:3823} INFO - Setting next_dagrun for example_subdag_operator to 2022-01-01 00:00:00+00:00, run_after=2022-01-01 00:00:00+00:00
[2025-12-06T09:35:41.951+0000] {logging_mixin.py:188} INFO - [2025-12-06T09:35:41.951+0000] {dag.py:3823} INFO - Setting next_dagrun for example_subdag_operator.section-1 to None, run_after=None
[2025-12-06T09:35:41.953+0000] {logging_mixin.py:188} INFO - [2025-12-06T09:35:41.953+0000] {dag.py:3823} INFO - Setting next_dagrun for example_subdag_operator.section-2 to None, run_after=None
[2025-12-06T09:35:41.964+0000] {logging_mixin.py:188} INFO - [2025-12-06T09:35:41.964+0000] {dag.py:3036} INFO - Sync 2 DAGs
[2025-12-06T09:35:41.973+0000] {logging_mixin.py:188} INFO - [2025-12-06T09:35:41.973+0000] {dag.py:3823} INFO - Setting next_dagrun for example_subdag_operator.section-1 to None, run_after=None
[2025-12-06T09:35:41.974+0000] {logging_mixin.py:188} INFO - [2025-12-06T09:35:41.974+0000] {dag.py:3823} INFO - Setting next_dagrun for example_subdag_operator.section-2 to None, run_after=None
[2025-12-06T09:35:42.000+0000] {processor.py:183} INFO - Processing /home/airflow/.local/lib/python3.8/site-packages/airflow/example_dags/example_subdag_operator.py took 0.162 seconds
[2025-12-06T09:36:12.098+0000] {processor.py:161} INFO - Started process (PID=4742) to work on /home/airflow/.local/lib/python3.8/site-packages/airflow/example_dags/example_subdag_operator.py
[2025-12-06T09:36:12.099+0000] {processor.py:830} INFO - Processing file /home/airflow/.local/lib/python3.8/site-packages/airflow/example_dags/example_subdag_operator.py for tasks to queue
[2025-12-06T09:36:12.102+0000] {logging_mixin.py:188} INFO - [2025-12-06T09:36:12.101+0000] {dagbag.py:538} INFO - Filling up the DagBag from /home/airflow/.local/lib/python3.8/site-packages/airflow/example_dags/example_subdag_operator.py
[2025-12-06T09:36:12.141+0000] {processor.py:840} INFO - DAG(s) 'example_subdag_operator.section-1', 'example_subdag_operator.section-2', 'example_subdag_operator' retrieved from /home/airflow/.local/lib/python3.8/site-packages/airflow/example_dags/example_subdag_operator.py
[2025-12-06T09:36:12.163+0000] {logging_mixin.py:188} INFO - [2025-12-06T09:36:12.163+0000] {dag.py:3036} INFO - Sync 3 DAGs
[2025-12-06T09:36:12.197+0000] {logging_mixin.py:188} INFO - [2025-12-06T09:36:12.196+0000] {dag.py:3823} INFO - Setting next_dagrun for example_subdag_operator to 2022-01-01 00:00:00+00:00, run_after=2022-01-01 00:00:00+00:00
[2025-12-06T09:36:12.203+0000] {logging_mixin.py:188} INFO - [2025-12-06T09:36:12.203+0000] {dag.py:3823} INFO - Setting next_dagrun for example_subdag_operator.section-1 to None, run_after=None
[2025-12-06T09:36:12.206+0000] {logging_mixin.py:188} INFO - [2025-12-06T09:36:12.206+0000] {dag.py:3823} INFO - Setting next_dagrun for example_subdag_operator.section-2 to None, run_after=None
[2025-12-06T09:36:12.219+0000] {logging_mixin.py:188} INFO - [2025-12-06T09:36:12.219+0000] {dag.py:3036} INFO - Sync 2 DAGs
[2025-12-06T09:36:12.228+0000] {logging_mixin.py:188} INFO - [2025-12-06T09:36:12.228+0000] {dag.py:3823} INFO - Setting next_dagrun for example_subdag_operator.section-1 to None, run_after=None
[2025-12-06T09:36:12.229+0000] {logging_mixin.py:188} INFO - [2025-12-06T09:36:12.229+0000] {dag.py:3823} INFO - Setting next_dagrun for example_subdag_operator.section-2 to None, run_after=None
[2025-12-06T09:36:12.253+0000] {processor.py:183} INFO - Processing /home/airflow/.local/lib/python3.8/site-packages/airflow/example_dags/example_subdag_operator.py took 0.162 seconds
[2025-12-06T09:36:42.450+0000] {processor.py:161} INFO - Started process (PID=4801) to work on /home/airflow/.local/lib/python3.8/site-packages/airflow/example_dags/example_subdag_operator.py
[2025-12-06T09:36:42.452+0000] {processor.py:830} INFO - Processing file /home/airflow/.local/lib/python3.8/site-packages/airflow/example_dags/example_subdag_operator.py for tasks to queue
[2025-12-06T09:36:42.455+0000] {logging_mixin.py:188} INFO - [2025-12-06T09:36:42.455+0000] {dagbag.py:538} INFO - Filling up the DagBag from /home/airflow/.local/lib/python3.8/site-packages/airflow/example_dags/example_subdag_operator.py
[2025-12-06T09:36:42.495+0000] {processor.py:840} INFO - DAG(s) 'example_subdag_operator.section-1', 'example_subdag_operator.section-2', 'example_subdag_operator' retrieved from /home/airflow/.local/lib/python3.8/site-packages/airflow/example_dags/example_subdag_operator.py
[2025-12-06T09:36:42.518+0000] {logging_mixin.py:188} INFO - [2025-12-06T09:36:42.518+0000] {dag.py:3036} INFO - Sync 3 DAGs
[2025-12-06T09:36:42.551+0000] {logging_mixin.py:188} INFO - [2025-12-06T09:36:42.550+0000] {dag.py:3823} INFO - Setting next_dagrun for example_subdag_operator to 2022-01-01 00:00:00+00:00, run_after=2022-01-01 00:00:00+00:00
[2025-12-06T09:36:42.557+0000] {logging_mixin.py:188} INFO - [2025-12-06T09:36:42.557+0000] {dag.py:3823} INFO - Setting next_dagrun for example_subdag_operator.section-1 to None, run_after=None
[2025-12-06T09:36:42.559+0000] {logging_mixin.py:188} INFO - [2025-12-06T09:36:42.559+0000] {dag.py:3823} INFO - Setting next_dagrun for example_subdag_operator.section-2 to None, run_after=None
[2025-12-06T09:36:42.570+0000] {logging_mixin.py:188} INFO - [2025-12-06T09:36:42.570+0000] {dag.py:3036} INFO - Sync 2 DAGs
[2025-12-06T09:36:42.579+0000] {logging_mixin.py:188} INFO - [2025-12-06T09:36:42.579+0000] {dag.py:3823} INFO - Setting next_dagrun for example_subdag_operator.section-1 to None, run_after=None
[2025-12-06T09:36:42.581+0000] {logging_mixin.py:188} INFO - [2025-12-06T09:36:42.581+0000] {dag.py:3823} INFO - Setting next_dagrun for example_subdag_operator.section-2 to None, run_after=None
[2025-12-06T09:36:42.602+0000] {processor.py:183} INFO - Processing /home/airflow/.local/lib/python3.8/site-packages/airflow/example_dags/example_subdag_operator.py took 0.157 seconds
[2025-12-06T09:37:12.636+0000] {processor.py:161} INFO - Started process (PID=4860) to work on /home/airflow/.local/lib/python3.8/site-packages/airflow/example_dags/example_subdag_operator.py
[2025-12-06T09:37:12.638+0000] {processor.py:830} INFO - Processing file /home/airflow/.local/lib/python3.8/site-packages/airflow/example_dags/example_subdag_operator.py for tasks to queue
[2025-12-06T09:37:12.640+0000] {logging_mixin.py:188} INFO - [2025-12-06T09:37:12.640+0000] {dagbag.py:538} INFO - Filling up the DagBag from /home/airflow/.local/lib/python3.8/site-packages/airflow/example_dags/example_subdag_operator.py
[2025-12-06T09:37:12.680+0000] {processor.py:840} INFO - DAG(s) 'example_subdag_operator.section-1', 'example_subdag_operator.section-2', 'example_subdag_operator' retrieved from /home/airflow/.local/lib/python3.8/site-packages/airflow/example_dags/example_subdag_operator.py
[2025-12-06T09:37:12.700+0000] {logging_mixin.py:188} INFO - [2025-12-06T09:37:12.700+0000] {dag.py:3036} INFO - Sync 3 DAGs
[2025-12-06T09:37:12.733+0000] {logging_mixin.py:188} INFO - [2025-12-06T09:37:12.733+0000] {dag.py:3823} INFO - Setting next_dagrun for example_subdag_operator to 2022-01-01 00:00:00+00:00, run_after=2022-01-01 00:00:00+00:00
[2025-12-06T09:37:12.740+0000] {logging_mixin.py:188} INFO - [2025-12-06T09:37:12.740+0000] {dag.py:3823} INFO - Setting next_dagrun for example_subdag_operator.section-1 to None, run_after=None
[2025-12-06T09:37:12.742+0000] {logging_mixin.py:188} INFO - [2025-12-06T09:37:12.742+0000] {dag.py:3823} INFO - Setting next_dagrun for example_subdag_operator.section-2 to None, run_after=None
[2025-12-06T09:37:12.754+0000] {logging_mixin.py:188} INFO - [2025-12-06T09:37:12.753+0000] {dag.py:3036} INFO - Sync 2 DAGs
[2025-12-06T09:37:12.763+0000] {logging_mixin.py:188} INFO - [2025-12-06T09:37:12.763+0000] {dag.py:3823} INFO - Setting next_dagrun for example_subdag_operator.section-1 to None, run_after=None
[2025-12-06T09:37:12.764+0000] {logging_mixin.py:188} INFO - [2025-12-06T09:37:12.764+0000] {dag.py:3823} INFO - Setting next_dagrun for example_subdag_operator.section-2 to None, run_after=None
[2025-12-06T09:37:12.785+0000] {processor.py:183} INFO - Processing /home/airflow/.local/lib/python3.8/site-packages/airflow/example_dags/example_subdag_operator.py took 0.153 seconds
[2025-12-06T09:37:43.131+0000] {processor.py:161} INFO - Started process (PID=4919) to work on /home/airflow/.local/lib/python3.8/site-packages/airflow/example_dags/example_subdag_operator.py
[2025-12-06T09:37:43.133+0000] {processor.py:830} INFO - Processing file /home/airflow/.local/lib/python3.8/site-packages/airflow/example_dags/example_subdag_operator.py for tasks to queue
[2025-12-06T09:37:43.135+0000] {logging_mixin.py:188} INFO - [2025-12-06T09:37:43.135+0000] {dagbag.py:538} INFO - Filling up the DagBag from /home/airflow/.local/lib/python3.8/site-packages/airflow/example_dags/example_subdag_operator.py
[2025-12-06T09:37:43.175+0000] {processor.py:840} INFO - DAG(s) 'example_subdag_operator.section-1', 'example_subdag_operator.section-2', 'example_subdag_operator' retrieved from /home/airflow/.local/lib/python3.8/site-packages/airflow/example_dags/example_subdag_operator.py
[2025-12-06T09:37:43.196+0000] {logging_mixin.py:188} INFO - [2025-12-06T09:37:43.196+0000] {dag.py:3036} INFO - Sync 3 DAGs
[2025-12-06T09:37:43.228+0000] {logging_mixin.py:188} INFO - [2025-12-06T09:37:43.228+0000] {dag.py:3823} INFO - Setting next_dagrun for example_subdag_operator to 2022-01-01 00:00:00+00:00, run_after=2022-01-01 00:00:00+00:00
[2025-12-06T09:37:43.234+0000] {logging_mixin.py:188} INFO - [2025-12-06T09:37:43.233+0000] {dag.py:3823} INFO - Setting next_dagrun for example_subdag_operator.section-1 to None, run_after=None
[2025-12-06T09:37:43.236+0000] {logging_mixin.py:188} INFO - [2025-12-06T09:37:43.236+0000] {dag.py:3823} INFO - Setting next_dagrun for example_subdag_operator.section-2 to None, run_after=None
[2025-12-06T09:37:43.248+0000] {logging_mixin.py:188} INFO - [2025-12-06T09:37:43.248+0000] {dag.py:3036} INFO - Sync 2 DAGs
[2025-12-06T09:37:43.259+0000] {logging_mixin.py:188} INFO - [2025-12-06T09:37:43.259+0000] {dag.py:3823} INFO - Setting next_dagrun for example_subdag_operator.section-1 to None, run_after=None
[2025-12-06T09:37:43.260+0000] {logging_mixin.py:188} INFO - [2025-12-06T09:37:43.260+0000] {dag.py:3823} INFO - Setting next_dagrun for example_subdag_operator.section-2 to None, run_after=None
[2025-12-06T09:37:43.285+0000] {processor.py:183} INFO - Processing /home/airflow/.local/lib/python3.8/site-packages/airflow/example_dags/example_subdag_operator.py took 0.159 seconds
[2025-12-06T09:38:13.946+0000] {processor.py:161} INFO - Started process (PID=4984) to work on /home/airflow/.local/lib/python3.8/site-packages/airflow/example_dags/example_subdag_operator.py
[2025-12-06T09:38:13.948+0000] {processor.py:830} INFO - Processing file /home/airflow/.local/lib/python3.8/site-packages/airflow/example_dags/example_subdag_operator.py for tasks to queue
[2025-12-06T09:38:13.950+0000] {logging_mixin.py:188} INFO - [2025-12-06T09:38:13.950+0000] {dagbag.py:538} INFO - Filling up the DagBag from /home/airflow/.local/lib/python3.8/site-packages/airflow/example_dags/example_subdag_operator.py
[2025-12-06T09:38:13.987+0000] {processor.py:840} INFO - DAG(s) 'example_subdag_operator.section-1', 'example_subdag_operator.section-2', 'example_subdag_operator' retrieved from /home/airflow/.local/lib/python3.8/site-packages/airflow/example_dags/example_subdag_operator.py
[2025-12-06T09:38:14.012+0000] {logging_mixin.py:188} INFO - [2025-12-06T09:38:14.012+0000] {dag.py:3036} INFO - Sync 3 DAGs
[2025-12-06T09:38:14.045+0000] {logging_mixin.py:188} INFO - [2025-12-06T09:38:14.045+0000] {dag.py:3823} INFO - Setting next_dagrun for example_subdag_operator to 2022-01-01 00:00:00+00:00, run_after=2022-01-01 00:00:00+00:00
[2025-12-06T09:38:14.051+0000] {logging_mixin.py:188} INFO - [2025-12-06T09:38:14.051+0000] {dag.py:3823} INFO - Setting next_dagrun for example_subdag_operator.section-1 to None, run_after=None
[2025-12-06T09:38:14.057+0000] {logging_mixin.py:188} INFO - [2025-12-06T09:38:14.056+0000] {dag.py:3823} INFO - Setting next_dagrun for example_subdag_operator.section-2 to None, run_after=None
[2025-12-06T09:38:14.069+0000] {logging_mixin.py:188} INFO - [2025-12-06T09:38:14.068+0000] {dag.py:3036} INFO - Sync 2 DAGs
[2025-12-06T09:38:14.078+0000] {logging_mixin.py:188} INFO - [2025-12-06T09:38:14.078+0000] {dag.py:3823} INFO - Setting next_dagrun for example_subdag_operator.section-1 to None, run_after=None
[2025-12-06T09:38:14.079+0000] {logging_mixin.py:188} INFO - [2025-12-06T09:38:14.079+0000] {dag.py:3823} INFO - Setting next_dagrun for example_subdag_operator.section-2 to None, run_after=None
[2025-12-06T09:38:14.102+0000] {processor.py:183} INFO - Processing /home/airflow/.local/lib/python3.8/site-packages/airflow/example_dags/example_subdag_operator.py took 0.161 seconds
[2025-12-06T09:38:44.437+0000] {processor.py:161} INFO - Started process (PID=5043) to work on /home/airflow/.local/lib/python3.8/site-packages/airflow/example_dags/example_subdag_operator.py
[2025-12-06T09:38:44.439+0000] {processor.py:830} INFO - Processing file /home/airflow/.local/lib/python3.8/site-packages/airflow/example_dags/example_subdag_operator.py for tasks to queue
[2025-12-06T09:38:44.442+0000] {logging_mixin.py:188} INFO - [2025-12-06T09:38:44.441+0000] {dagbag.py:538} INFO - Filling up the DagBag from /home/airflow/.local/lib/python3.8/site-packages/airflow/example_dags/example_subdag_operator.py
[2025-12-06T09:38:44.482+0000] {processor.py:840} INFO - DAG(s) 'example_subdag_operator.section-1', 'example_subdag_operator.section-2', 'example_subdag_operator' retrieved from /home/airflow/.local/lib/python3.8/site-packages/airflow/example_dags/example_subdag_operator.py
[2025-12-06T09:38:44.503+0000] {logging_mixin.py:188} INFO - [2025-12-06T09:38:44.503+0000] {dag.py:3036} INFO - Sync 3 DAGs
[2025-12-06T09:38:44.534+0000] {logging_mixin.py:188} INFO - [2025-12-06T09:38:44.534+0000] {dag.py:3823} INFO - Setting next_dagrun for example_subdag_operator to 2022-01-01 00:00:00+00:00, run_after=2022-01-01 00:00:00+00:00
[2025-12-06T09:38:44.541+0000] {logging_mixin.py:188} INFO - [2025-12-06T09:38:44.540+0000] {dag.py:3823} INFO - Setting next_dagrun for example_subdag_operator.section-1 to None, run_after=None
[2025-12-06T09:38:44.545+0000] {logging_mixin.py:188} INFO - [2025-12-06T09:38:44.545+0000] {dag.py:3823} INFO - Setting next_dagrun for example_subdag_operator.section-2 to None, run_after=None
[2025-12-06T09:38:44.557+0000] {logging_mixin.py:188} INFO - [2025-12-06T09:38:44.557+0000] {dag.py:3036} INFO - Sync 2 DAGs
[2025-12-06T09:38:44.566+0000] {logging_mixin.py:188} INFO - [2025-12-06T09:38:44.566+0000] {dag.py:3823} INFO - Setting next_dagrun for example_subdag_operator.section-1 to None, run_after=None
[2025-12-06T09:38:44.567+0000] {logging_mixin.py:188} INFO - [2025-12-06T09:38:44.567+0000] {dag.py:3823} INFO - Setting next_dagrun for example_subdag_operator.section-2 to None, run_after=None
[2025-12-06T09:38:44.593+0000] {processor.py:183} INFO - Processing /home/airflow/.local/lib/python3.8/site-packages/airflow/example_dags/example_subdag_operator.py took 0.162 seconds
[2025-12-06T09:39:15.157+0000] {processor.py:161} INFO - Started process (PID=5102) to work on /home/airflow/.local/lib/python3.8/site-packages/airflow/example_dags/example_subdag_operator.py
[2025-12-06T09:39:15.159+0000] {processor.py:830} INFO - Processing file /home/airflow/.local/lib/python3.8/site-packages/airflow/example_dags/example_subdag_operator.py for tasks to queue
[2025-12-06T09:39:15.162+0000] {logging_mixin.py:188} INFO - [2025-12-06T09:39:15.161+0000] {dagbag.py:538} INFO - Filling up the DagBag from /home/airflow/.local/lib/python3.8/site-packages/airflow/example_dags/example_subdag_operator.py
[2025-12-06T09:39:15.202+0000] {processor.py:840} INFO - DAG(s) 'example_subdag_operator.section-1', 'example_subdag_operator.section-2', 'example_subdag_operator' retrieved from /home/airflow/.local/lib/python3.8/site-packages/airflow/example_dags/example_subdag_operator.py
[2025-12-06T09:39:15.225+0000] {logging_mixin.py:188} INFO - [2025-12-06T09:39:15.225+0000] {dag.py:3036} INFO - Sync 3 DAGs
[2025-12-06T09:39:15.258+0000] {logging_mixin.py:188} INFO - [2025-12-06T09:39:15.258+0000] {dag.py:3823} INFO - Setting next_dagrun for example_subdag_operator to 2022-01-01 00:00:00+00:00, run_after=2022-01-01 00:00:00+00:00
[2025-12-06T09:39:15.264+0000] {logging_mixin.py:188} INFO - [2025-12-06T09:39:15.263+0000] {dag.py:3823} INFO - Setting next_dagrun for example_subdag_operator.section-1 to None, run_after=None
[2025-12-06T09:39:15.266+0000] {logging_mixin.py:188} INFO - [2025-12-06T09:39:15.266+0000] {dag.py:3823} INFO - Setting next_dagrun for example_subdag_operator.section-2 to None, run_after=None
[2025-12-06T09:39:15.280+0000] {logging_mixin.py:188} INFO - [2025-12-06T09:39:15.280+0000] {dag.py:3036} INFO - Sync 2 DAGs
[2025-12-06T09:39:15.288+0000] {logging_mixin.py:188} INFO - [2025-12-06T09:39:15.288+0000] {dag.py:3823} INFO - Setting next_dagrun for example_subdag_operator.section-1 to None, run_after=None
[2025-12-06T09:39:15.290+0000] {logging_mixin.py:188} INFO - [2025-12-06T09:39:15.290+0000] {dag.py:3823} INFO - Setting next_dagrun for example_subdag_operator.section-2 to None, run_after=None
[2025-12-06T09:39:15.312+0000] {processor.py:183} INFO - Processing /home/airflow/.local/lib/python3.8/site-packages/airflow/example_dags/example_subdag_operator.py took 0.160 seconds
[2025-12-06T09:39:45.541+0000] {processor.py:161} INFO - Started process (PID=5161) to work on /home/airflow/.local/lib/python3.8/site-packages/airflow/example_dags/example_subdag_operator.py
[2025-12-06T09:39:45.542+0000] {processor.py:830} INFO - Processing file /home/airflow/.local/lib/python3.8/site-packages/airflow/example_dags/example_subdag_operator.py for tasks to queue
[2025-12-06T09:39:45.545+0000] {logging_mixin.py:188} INFO - [2025-12-06T09:39:45.545+0000] {dagbag.py:538} INFO - Filling up the DagBag from /home/airflow/.local/lib/python3.8/site-packages/airflow/example_dags/example_subdag_operator.py
[2025-12-06T09:39:45.586+0000] {processor.py:840} INFO - DAG(s) 'example_subdag_operator.section-1', 'example_subdag_operator.section-2', 'example_subdag_operator' retrieved from /home/airflow/.local/lib/python3.8/site-packages/airflow/example_dags/example_subdag_operator.py
[2025-12-06T09:39:45.611+0000] {logging_mixin.py:188} INFO - [2025-12-06T09:39:45.611+0000] {dag.py:3036} INFO - Sync 3 DAGs
[2025-12-06T09:39:45.643+0000] {logging_mixin.py:188} INFO - [2025-12-06T09:39:45.642+0000] {dag.py:3823} INFO - Setting next_dagrun for example_subdag_operator to 2022-01-01 00:00:00+00:00, run_after=2022-01-01 00:00:00+00:00
[2025-12-06T09:39:45.651+0000] {logging_mixin.py:188} INFO - [2025-12-06T09:39:45.651+0000] {dag.py:3823} INFO - Setting next_dagrun for example_subdag_operator.section-1 to None, run_after=None
[2025-12-06T09:39:45.654+0000] {logging_mixin.py:188} INFO - [2025-12-06T09:39:45.653+0000] {dag.py:3823} INFO - Setting next_dagrun for example_subdag_operator.section-2 to None, run_after=None
[2025-12-06T09:39:45.664+0000] {logging_mixin.py:188} INFO - [2025-12-06T09:39:45.664+0000] {dag.py:3036} INFO - Sync 2 DAGs
[2025-12-06T09:39:45.674+0000] {logging_mixin.py:188} INFO - [2025-12-06T09:39:45.674+0000] {dag.py:3823} INFO - Setting next_dagrun for example_subdag_operator.section-1 to None, run_after=None
[2025-12-06T09:39:45.677+0000] {logging_mixin.py:188} INFO - [2025-12-06T09:39:45.677+0000] {dag.py:3823} INFO - Setting next_dagrun for example_subdag_operator.section-2 to None, run_after=None
[2025-12-06T09:39:45.699+0000] {processor.py:183} INFO - Processing /home/airflow/.local/lib/python3.8/site-packages/airflow/example_dags/example_subdag_operator.py took 0.163 seconds
[2025-12-06T09:40:16.123+0000] {processor.py:161} INFO - Started process (PID=5220) to work on /home/airflow/.local/lib/python3.8/site-packages/airflow/example_dags/example_subdag_operator.py
[2025-12-06T09:40:16.125+0000] {processor.py:830} INFO - Processing file /home/airflow/.local/lib/python3.8/site-packages/airflow/example_dags/example_subdag_operator.py for tasks to queue
[2025-12-06T09:40:16.128+0000] {logging_mixin.py:188} INFO - [2025-12-06T09:40:16.127+0000] {dagbag.py:538} INFO - Filling up the DagBag from /home/airflow/.local/lib/python3.8/site-packages/airflow/example_dags/example_subdag_operator.py
[2025-12-06T09:40:16.171+0000] {processor.py:840} INFO - DAG(s) 'example_subdag_operator.section-1', 'example_subdag_operator.section-2', 'example_subdag_operator' retrieved from /home/airflow/.local/lib/python3.8/site-packages/airflow/example_dags/example_subdag_operator.py
[2025-12-06T09:40:16.193+0000] {logging_mixin.py:188} INFO - [2025-12-06T09:40:16.192+0000] {dag.py:3036} INFO - Sync 3 DAGs
[2025-12-06T09:40:16.223+0000] {logging_mixin.py:188} INFO - [2025-12-06T09:40:16.223+0000] {dag.py:3823} INFO - Setting next_dagrun for example_subdag_operator to 2022-01-01 00:00:00+00:00, run_after=2022-01-01 00:00:00+00:00
[2025-12-06T09:40:16.229+0000] {logging_mixin.py:188} INFO - [2025-12-06T09:40:16.229+0000] {dag.py:3823} INFO - Setting next_dagrun for example_subdag_operator.section-1 to None, run_after=None
[2025-12-06T09:40:16.231+0000] {logging_mixin.py:188} INFO - [2025-12-06T09:40:16.231+0000] {dag.py:3823} INFO - Setting next_dagrun for example_subdag_operator.section-2 to None, run_after=None
[2025-12-06T09:40:16.243+0000] {logging_mixin.py:188} INFO - [2025-12-06T09:40:16.243+0000] {dag.py:3036} INFO - Sync 2 DAGs
[2025-12-06T09:40:16.252+0000] {logging_mixin.py:188} INFO - [2025-12-06T09:40:16.251+0000] {dag.py:3823} INFO - Setting next_dagrun for example_subdag_operator.section-1 to None, run_after=None
[2025-12-06T09:40:16.253+0000] {logging_mixin.py:188} INFO - [2025-12-06T09:40:16.253+0000] {dag.py:3823} INFO - Setting next_dagrun for example_subdag_operator.section-2 to None, run_after=None
[2025-12-06T09:40:16.280+0000] {processor.py:183} INFO - Processing /home/airflow/.local/lib/python3.8/site-packages/airflow/example_dags/example_subdag_operator.py took 0.162 seconds
[2025-12-06T09:40:46.610+0000] {processor.py:161} INFO - Started process (PID=5279) to work on /home/airflow/.local/lib/python3.8/site-packages/airflow/example_dags/example_subdag_operator.py
[2025-12-06T09:40:46.612+0000] {processor.py:830} INFO - Processing file /home/airflow/.local/lib/python3.8/site-packages/airflow/example_dags/example_subdag_operator.py for tasks to queue
[2025-12-06T09:40:46.615+0000] {logging_mixin.py:188} INFO - [2025-12-06T09:40:46.615+0000] {dagbag.py:538} INFO - Filling up the DagBag from /home/airflow/.local/lib/python3.8/site-packages/airflow/example_dags/example_subdag_operator.py
[2025-12-06T09:40:46.659+0000] {processor.py:840} INFO - DAG(s) 'example_subdag_operator.section-1', 'example_subdag_operator.section-2', 'example_subdag_operator' retrieved from /home/airflow/.local/lib/python3.8/site-packages/airflow/example_dags/example_subdag_operator.py
[2025-12-06T09:40:46.682+0000] {logging_mixin.py:188} INFO - [2025-12-06T09:40:46.681+0000] {dag.py:3036} INFO - Sync 3 DAGs
[2025-12-06T09:40:46.710+0000] {logging_mixin.py:188} INFO - [2025-12-06T09:40:46.710+0000] {dag.py:3823} INFO - Setting next_dagrun for example_subdag_operator to 2022-01-01 00:00:00+00:00, run_after=2022-01-01 00:00:00+00:00
[2025-12-06T09:40:46.716+0000] {logging_mixin.py:188} INFO - [2025-12-06T09:40:46.715+0000] {dag.py:3823} INFO - Setting next_dagrun for example_subdag_operator.section-1 to None, run_after=None
[2025-12-06T09:40:46.718+0000] {logging_mixin.py:188} INFO - [2025-12-06T09:40:46.718+0000] {dag.py:3823} INFO - Setting next_dagrun for example_subdag_operator.section-2 to None, run_after=None
[2025-12-06T09:40:46.729+0000] {logging_mixin.py:188} INFO - [2025-12-06T09:40:46.729+0000] {dag.py:3036} INFO - Sync 2 DAGs
[2025-12-06T09:40:46.738+0000] {logging_mixin.py:188} INFO - [2025-12-06T09:40:46.738+0000] {dag.py:3823} INFO - Setting next_dagrun for example_subdag_operator.section-1 to None, run_after=None
[2025-12-06T09:40:46.739+0000] {logging_mixin.py:188} INFO - [2025-12-06T09:40:46.738+0000] {dag.py:3823} INFO - Setting next_dagrun for example_subdag_operator.section-2 to None, run_after=None
[2025-12-06T09:40:46.765+0000] {processor.py:183} INFO - Processing /home/airflow/.local/lib/python3.8/site-packages/airflow/example_dags/example_subdag_operator.py took 0.159 seconds
[2025-12-06T09:41:16.846+0000] {processor.py:161} INFO - Started process (PID=5338) to work on /home/airflow/.local/lib/python3.8/site-packages/airflow/example_dags/example_subdag_operator.py
[2025-12-06T09:41:16.848+0000] {processor.py:830} INFO - Processing file /home/airflow/.local/lib/python3.8/site-packages/airflow/example_dags/example_subdag_operator.py for tasks to queue
[2025-12-06T09:41:16.851+0000] {logging_mixin.py:188} INFO - [2025-12-06T09:41:16.851+0000] {dagbag.py:538} INFO - Filling up the DagBag from /home/airflow/.local/lib/python3.8/site-packages/airflow/example_dags/example_subdag_operator.py
[2025-12-06T09:41:16.890+0000] {processor.py:840} INFO - DAG(s) 'example_subdag_operator.section-1', 'example_subdag_operator.section-2', 'example_subdag_operator' retrieved from /home/airflow/.local/lib/python3.8/site-packages/airflow/example_dags/example_subdag_operator.py
[2025-12-06T09:41:16.913+0000] {logging_mixin.py:188} INFO - [2025-12-06T09:41:16.912+0000] {dag.py:3036} INFO - Sync 3 DAGs
[2025-12-06T09:41:16.948+0000] {logging_mixin.py:188} INFO - [2025-12-06T09:41:16.947+0000] {dag.py:3823} INFO - Setting next_dagrun for example_subdag_operator to 2022-01-01 00:00:00+00:00, run_after=2022-01-01 00:00:00+00:00
[2025-12-06T09:41:16.953+0000] {logging_mixin.py:188} INFO - [2025-12-06T09:41:16.953+0000] {dag.py:3823} INFO - Setting next_dagrun for example_subdag_operator.section-1 to None, run_after=None
[2025-12-06T09:41:16.955+0000] {logging_mixin.py:188} INFO - [2025-12-06T09:41:16.955+0000] {dag.py:3823} INFO - Setting next_dagrun for example_subdag_operator.section-2 to None, run_after=None
[2025-12-06T09:41:16.966+0000] {logging_mixin.py:188} INFO - [2025-12-06T09:41:16.965+0000] {dag.py:3036} INFO - Sync 2 DAGs
[2025-12-06T09:41:16.974+0000] {logging_mixin.py:188} INFO - [2025-12-06T09:41:16.973+0000] {dag.py:3823} INFO - Setting next_dagrun for example_subdag_operator.section-1 to None, run_after=None
[2025-12-06T09:41:16.975+0000] {logging_mixin.py:188} INFO - [2025-12-06T09:41:16.975+0000] {dag.py:3823} INFO - Setting next_dagrun for example_subdag_operator.section-2 to None, run_after=None
[2025-12-06T09:41:16.998+0000] {processor.py:183} INFO - Processing /home/airflow/.local/lib/python3.8/site-packages/airflow/example_dags/example_subdag_operator.py took 0.158 seconds
[2025-12-06T09:41:47.661+0000] {processor.py:161} INFO - Started process (PID=5395) to work on /home/airflow/.local/lib/python3.8/site-packages/airflow/example_dags/example_subdag_operator.py
[2025-12-06T09:41:47.663+0000] {processor.py:830} INFO - Processing file /home/airflow/.local/lib/python3.8/site-packages/airflow/example_dags/example_subdag_operator.py for tasks to queue
[2025-12-06T09:41:47.668+0000] {logging_mixin.py:188} INFO - [2025-12-06T09:41:47.668+0000] {dagbag.py:538} INFO - Filling up the DagBag from /home/airflow/.local/lib/python3.8/site-packages/airflow/example_dags/example_subdag_operator.py
[2025-12-06T09:41:47.705+0000] {processor.py:840} INFO - DAG(s) 'example_subdag_operator.section-1', 'example_subdag_operator.section-2', 'example_subdag_operator' retrieved from /home/airflow/.local/lib/python3.8/site-packages/airflow/example_dags/example_subdag_operator.py
[2025-12-06T09:41:47.727+0000] {logging_mixin.py:188} INFO - [2025-12-06T09:41:47.727+0000] {dag.py:3036} INFO - Sync 3 DAGs
[2025-12-06T09:41:47.758+0000] {logging_mixin.py:188} INFO - [2025-12-06T09:41:47.758+0000] {dag.py:3823} INFO - Setting next_dagrun for example_subdag_operator to 2022-01-01 00:00:00+00:00, run_after=2022-01-01 00:00:00+00:00
[2025-12-06T09:41:47.764+0000] {logging_mixin.py:188} INFO - [2025-12-06T09:41:47.764+0000] {dag.py:3823} INFO - Setting next_dagrun for example_subdag_operator.section-1 to None, run_after=None
[2025-12-06T09:41:47.769+0000] {logging_mixin.py:188} INFO - [2025-12-06T09:41:47.769+0000] {dag.py:3823} INFO - Setting next_dagrun for example_subdag_operator.section-2 to None, run_after=None
[2025-12-06T09:41:47.781+0000] {logging_mixin.py:188} INFO - [2025-12-06T09:41:47.781+0000] {dag.py:3036} INFO - Sync 2 DAGs
[2025-12-06T09:41:47.789+0000] {logging_mixin.py:188} INFO - [2025-12-06T09:41:47.789+0000] {dag.py:3823} INFO - Setting next_dagrun for example_subdag_operator.section-1 to None, run_after=None
[2025-12-06T09:41:47.790+0000] {logging_mixin.py:188} INFO - [2025-12-06T09:41:47.790+0000] {dag.py:3823} INFO - Setting next_dagrun for example_subdag_operator.section-2 to None, run_after=None
[2025-12-06T09:41:47.811+0000] {processor.py:183} INFO - Processing /home/airflow/.local/lib/python3.8/site-packages/airflow/example_dags/example_subdag_operator.py took 0.154 seconds
[2025-12-06T09:42:18.020+0000] {processor.py:161} INFO - Started process (PID=5454) to work on /home/airflow/.local/lib/python3.8/site-packages/airflow/example_dags/example_subdag_operator.py
[2025-12-06T09:42:18.021+0000] {processor.py:830} INFO - Processing file /home/airflow/.local/lib/python3.8/site-packages/airflow/example_dags/example_subdag_operator.py for tasks to queue
[2025-12-06T09:42:18.025+0000] {logging_mixin.py:188} INFO - [2025-12-06T09:42:18.024+0000] {dagbag.py:538} INFO - Filling up the DagBag from /home/airflow/.local/lib/python3.8/site-packages/airflow/example_dags/example_subdag_operator.py
[2025-12-06T09:42:18.064+0000] {processor.py:840} INFO - DAG(s) 'example_subdag_operator.section-1', 'example_subdag_operator.section-2', 'example_subdag_operator' retrieved from /home/airflow/.local/lib/python3.8/site-packages/airflow/example_dags/example_subdag_operator.py
[2025-12-06T09:42:18.084+0000] {logging_mixin.py:188} INFO - [2025-12-06T09:42:18.084+0000] {dag.py:3036} INFO - Sync 3 DAGs
[2025-12-06T09:42:18.115+0000] {logging_mixin.py:188} INFO - [2025-12-06T09:42:18.115+0000] {dag.py:3823} INFO - Setting next_dagrun for example_subdag_operator to 2022-01-01 00:00:00+00:00, run_after=2022-01-01 00:00:00+00:00
[2025-12-06T09:42:18.121+0000] {logging_mixin.py:188} INFO - [2025-12-06T09:42:18.121+0000] {dag.py:3823} INFO - Setting next_dagrun for example_subdag_operator.section-1 to None, run_after=None
[2025-12-06T09:42:18.125+0000] {logging_mixin.py:188} INFO - [2025-12-06T09:42:18.124+0000] {dag.py:3823} INFO - Setting next_dagrun for example_subdag_operator.section-2 to None, run_after=None
[2025-12-06T09:42:18.136+0000] {logging_mixin.py:188} INFO - [2025-12-06T09:42:18.136+0000] {dag.py:3036} INFO - Sync 2 DAGs
[2025-12-06T09:42:18.146+0000] {logging_mixin.py:188} INFO - [2025-12-06T09:42:18.146+0000] {dag.py:3823} INFO - Setting next_dagrun for example_subdag_operator.section-1 to None, run_after=None
[2025-12-06T09:42:18.147+0000] {logging_mixin.py:188} INFO - [2025-12-06T09:42:18.147+0000] {dag.py:3823} INFO - Setting next_dagrun for example_subdag_operator.section-2 to None, run_after=None
[2025-12-06T09:42:18.170+0000] {processor.py:183} INFO - Processing /home/airflow/.local/lib/python3.8/site-packages/airflow/example_dags/example_subdag_operator.py took 0.156 seconds
[2025-12-06T09:42:48.352+0000] {processor.py:161} INFO - Started process (PID=5513) to work on /home/airflow/.local/lib/python3.8/site-packages/airflow/example_dags/example_subdag_operator.py
[2025-12-06T09:42:48.353+0000] {processor.py:830} INFO - Processing file /home/airflow/.local/lib/python3.8/site-packages/airflow/example_dags/example_subdag_operator.py for tasks to queue
[2025-12-06T09:42:48.359+0000] {logging_mixin.py:188} INFO - [2025-12-06T09:42:48.358+0000] {dagbag.py:538} INFO - Filling up the DagBag from /home/airflow/.local/lib/python3.8/site-packages/airflow/example_dags/example_subdag_operator.py
[2025-12-06T09:42:48.399+0000] {processor.py:840} INFO - DAG(s) 'example_subdag_operator.section-1', 'example_subdag_operator.section-2', 'example_subdag_operator' retrieved from /home/airflow/.local/lib/python3.8/site-packages/airflow/example_dags/example_subdag_operator.py
[2025-12-06T09:42:48.422+0000] {logging_mixin.py:188} INFO - [2025-12-06T09:42:48.421+0000] {dag.py:3036} INFO - Sync 3 DAGs
[2025-12-06T09:42:48.454+0000] {logging_mixin.py:188} INFO - [2025-12-06T09:42:48.454+0000] {dag.py:3823} INFO - Setting next_dagrun for example_subdag_operator to 2022-01-01 00:00:00+00:00, run_after=2022-01-01 00:00:00+00:00
[2025-12-06T09:42:48.461+0000] {logging_mixin.py:188} INFO - [2025-12-06T09:42:48.461+0000] {dag.py:3823} INFO - Setting next_dagrun for example_subdag_operator.section-1 to None, run_after=None
[2025-12-06T09:42:48.465+0000] {logging_mixin.py:188} INFO - [2025-12-06T09:42:48.465+0000] {dag.py:3823} INFO - Setting next_dagrun for example_subdag_operator.section-2 to None, run_after=None
[2025-12-06T09:42:48.477+0000] {logging_mixin.py:188} INFO - [2025-12-06T09:42:48.476+0000] {dag.py:3036} INFO - Sync 2 DAGs
[2025-12-06T09:42:48.486+0000] {logging_mixin.py:188} INFO - [2025-12-06T09:42:48.486+0000] {dag.py:3823} INFO - Setting next_dagrun for example_subdag_operator.section-1 to None, run_after=None
[2025-12-06T09:42:48.488+0000] {logging_mixin.py:188} INFO - [2025-12-06T09:42:48.487+0000] {dag.py:3823} INFO - Setting next_dagrun for example_subdag_operator.section-2 to None, run_after=None
[2025-12-06T09:42:48.510+0000] {processor.py:183} INFO - Processing /home/airflow/.local/lib/python3.8/site-packages/airflow/example_dags/example_subdag_operator.py took 0.163 seconds
[2025-12-06T09:43:18.573+0000] {processor.py:161} INFO - Started process (PID=5572) to work on /home/airflow/.local/lib/python3.8/site-packages/airflow/example_dags/example_subdag_operator.py
[2025-12-06T09:43:18.575+0000] {processor.py:830} INFO - Processing file /home/airflow/.local/lib/python3.8/site-packages/airflow/example_dags/example_subdag_operator.py for tasks to queue
[2025-12-06T09:43:18.578+0000] {logging_mixin.py:188} INFO - [2025-12-06T09:43:18.578+0000] {dagbag.py:538} INFO - Filling up the DagBag from /home/airflow/.local/lib/python3.8/site-packages/airflow/example_dags/example_subdag_operator.py
[2025-12-06T09:43:18.615+0000] {processor.py:840} INFO - DAG(s) 'example_subdag_operator.section-1', 'example_subdag_operator.section-2', 'example_subdag_operator' retrieved from /home/airflow/.local/lib/python3.8/site-packages/airflow/example_dags/example_subdag_operator.py
[2025-12-06T09:43:18.644+0000] {logging_mixin.py:188} INFO - [2025-12-06T09:43:18.643+0000] {dag.py:3036} INFO - Sync 3 DAGs
[2025-12-06T09:43:18.678+0000] {logging_mixin.py:188} INFO - [2025-12-06T09:43:18.678+0000] {dag.py:3823} INFO - Setting next_dagrun for example_subdag_operator to 2022-01-01 00:00:00+00:00, run_after=2022-01-01 00:00:00+00:00
[2025-12-06T09:43:18.683+0000] {logging_mixin.py:188} INFO - [2025-12-06T09:43:18.683+0000] {dag.py:3823} INFO - Setting next_dagrun for example_subdag_operator.section-1 to None, run_after=None
[2025-12-06T09:43:18.687+0000] {logging_mixin.py:188} INFO - [2025-12-06T09:43:18.686+0000] {dag.py:3823} INFO - Setting next_dagrun for example_subdag_operator.section-2 to None, run_after=None
[2025-12-06T09:43:18.697+0000] {logging_mixin.py:188} INFO - [2025-12-06T09:43:18.697+0000] {dag.py:3036} INFO - Sync 2 DAGs
[2025-12-06T09:43:18.706+0000] {logging_mixin.py:188} INFO - [2025-12-06T09:43:18.706+0000] {dag.py:3823} INFO - Setting next_dagrun for example_subdag_operator.section-1 to None, run_after=None
[2025-12-06T09:43:18.707+0000] {logging_mixin.py:188} INFO - [2025-12-06T09:43:18.707+0000] {dag.py:3823} INFO - Setting next_dagrun for example_subdag_operator.section-2 to None, run_after=None
[2025-12-06T09:43:18.731+0000] {processor.py:183} INFO - Processing /home/airflow/.local/lib/python3.8/site-packages/airflow/example_dags/example_subdag_operator.py took 0.164 seconds
[2025-12-06T09:43:49.750+0000] {processor.py:161} INFO - Started process (PID=5631) to work on /home/airflow/.local/lib/python3.8/site-packages/airflow/example_dags/example_subdag_operator.py
[2025-12-06T09:43:49.752+0000] {processor.py:830} INFO - Processing file /home/airflow/.local/lib/python3.8/site-packages/airflow/example_dags/example_subdag_operator.py for tasks to queue
[2025-12-06T09:43:49.756+0000] {logging_mixin.py:188} INFO - [2025-12-06T09:43:49.755+0000] {dagbag.py:538} INFO - Filling up the DagBag from /home/airflow/.local/lib/python3.8/site-packages/airflow/example_dags/example_subdag_operator.py
[2025-12-06T09:43:49.798+0000] {processor.py:840} INFO - DAG(s) 'example_subdag_operator.section-1', 'example_subdag_operator.section-2', 'example_subdag_operator' retrieved from /home/airflow/.local/lib/python3.8/site-packages/airflow/example_dags/example_subdag_operator.py
[2025-12-06T09:43:49.821+0000] {logging_mixin.py:188} INFO - [2025-12-06T09:43:49.820+0000] {dag.py:3036} INFO - Sync 3 DAGs
[2025-12-06T09:43:49.853+0000] {logging_mixin.py:188} INFO - [2025-12-06T09:43:49.853+0000] {dag.py:3823} INFO - Setting next_dagrun for example_subdag_operator to 2022-01-01 00:00:00+00:00, run_after=2022-01-01 00:00:00+00:00
[2025-12-06T09:43:49.860+0000] {logging_mixin.py:188} INFO - [2025-12-06T09:43:49.859+0000] {dag.py:3823} INFO - Setting next_dagrun for example_subdag_operator.section-1 to None, run_after=None
[2025-12-06T09:43:49.862+0000] {logging_mixin.py:188} INFO - [2025-12-06T09:43:49.862+0000] {dag.py:3823} INFO - Setting next_dagrun for example_subdag_operator.section-2 to None, run_after=None
[2025-12-06T09:43:49.875+0000] {logging_mixin.py:188} INFO - [2025-12-06T09:43:49.874+0000] {dag.py:3036} INFO - Sync 2 DAGs
[2025-12-06T09:43:49.884+0000] {logging_mixin.py:188} INFO - [2025-12-06T09:43:49.883+0000] {dag.py:3823} INFO - Setting next_dagrun for example_subdag_operator.section-1 to None, run_after=None
[2025-12-06T09:43:49.885+0000] {logging_mixin.py:188} INFO - [2025-12-06T09:43:49.885+0000] {dag.py:3823} INFO - Setting next_dagrun for example_subdag_operator.section-2 to None, run_after=None
[2025-12-06T09:43:49.907+0000] {processor.py:183} INFO - Processing /home/airflow/.local/lib/python3.8/site-packages/airflow/example_dags/example_subdag_operator.py took 0.162 seconds
[2025-12-06T09:44:20.140+0000] {processor.py:161} INFO - Started process (PID=5690) to work on /home/airflow/.local/lib/python3.8/site-packages/airflow/example_dags/example_subdag_operator.py
[2025-12-06T09:44:20.142+0000] {processor.py:830} INFO - Processing file /home/airflow/.local/lib/python3.8/site-packages/airflow/example_dags/example_subdag_operator.py for tasks to queue
[2025-12-06T09:44:20.145+0000] {logging_mixin.py:188} INFO - [2025-12-06T09:44:20.145+0000] {dagbag.py:538} INFO - Filling up the DagBag from /home/airflow/.local/lib/python3.8/site-packages/airflow/example_dags/example_subdag_operator.py
[2025-12-06T09:44:20.185+0000] {processor.py:840} INFO - DAG(s) 'example_subdag_operator.section-1', 'example_subdag_operator.section-2', 'example_subdag_operator' retrieved from /home/airflow/.local/lib/python3.8/site-packages/airflow/example_dags/example_subdag_operator.py
[2025-12-06T09:44:20.206+0000] {logging_mixin.py:188} INFO - [2025-12-06T09:44:20.206+0000] {dag.py:3036} INFO - Sync 3 DAGs
[2025-12-06T09:44:20.242+0000] {logging_mixin.py:188} INFO - [2025-12-06T09:44:20.242+0000] {dag.py:3823} INFO - Setting next_dagrun for example_subdag_operator to 2022-01-01 00:00:00+00:00, run_after=2022-01-01 00:00:00+00:00
[2025-12-06T09:44:20.250+0000] {logging_mixin.py:188} INFO - [2025-12-06T09:44:20.249+0000] {dag.py:3823} INFO - Setting next_dagrun for example_subdag_operator.section-1 to None, run_after=None
[2025-12-06T09:44:20.252+0000] {logging_mixin.py:188} INFO - [2025-12-06T09:44:20.252+0000] {dag.py:3823} INFO - Setting next_dagrun for example_subdag_operator.section-2 to None, run_after=None
[2025-12-06T09:44:20.265+0000] {logging_mixin.py:188} INFO - [2025-12-06T09:44:20.264+0000] {dag.py:3036} INFO - Sync 2 DAGs
[2025-12-06T09:44:20.273+0000] {logging_mixin.py:188} INFO - [2025-12-06T09:44:20.273+0000] {dag.py:3823} INFO - Setting next_dagrun for example_subdag_operator.section-1 to None, run_after=None
[2025-12-06T09:44:20.274+0000] {logging_mixin.py:188} INFO - [2025-12-06T09:44:20.274+0000] {dag.py:3823} INFO - Setting next_dagrun for example_subdag_operator.section-2 to None, run_after=None
[2025-12-06T09:44:20.296+0000] {processor.py:183} INFO - Processing /home/airflow/.local/lib/python3.8/site-packages/airflow/example_dags/example_subdag_operator.py took 0.163 seconds
[2025-12-06T09:44:50.400+0000] {processor.py:161} INFO - Started process (PID=5749) to work on /home/airflow/.local/lib/python3.8/site-packages/airflow/example_dags/example_subdag_operator.py
[2025-12-06T09:44:50.401+0000] {processor.py:830} INFO - Processing file /home/airflow/.local/lib/python3.8/site-packages/airflow/example_dags/example_subdag_operator.py for tasks to queue
[2025-12-06T09:44:50.406+0000] {logging_mixin.py:188} INFO - [2025-12-06T09:44:50.406+0000] {dagbag.py:538} INFO - Filling up the DagBag from /home/airflow/.local/lib/python3.8/site-packages/airflow/example_dags/example_subdag_operator.py
[2025-12-06T09:44:50.444+0000] {processor.py:840} INFO - DAG(s) 'example_subdag_operator.section-1', 'example_subdag_operator.section-2', 'example_subdag_operator' retrieved from /home/airflow/.local/lib/python3.8/site-packages/airflow/example_dags/example_subdag_operator.py
[2025-12-06T09:44:50.464+0000] {logging_mixin.py:188} INFO - [2025-12-06T09:44:50.464+0000] {dag.py:3036} INFO - Sync 3 DAGs
[2025-12-06T09:44:50.495+0000] {logging_mixin.py:188} INFO - [2025-12-06T09:44:50.494+0000] {dag.py:3823} INFO - Setting next_dagrun for example_subdag_operator to 2022-01-01 00:00:00+00:00, run_after=2022-01-01 00:00:00+00:00
[2025-12-06T09:44:50.502+0000] {logging_mixin.py:188} INFO - [2025-12-06T09:44:50.502+0000] {dag.py:3823} INFO - Setting next_dagrun for example_subdag_operator.section-1 to None, run_after=None
[2025-12-06T09:44:50.506+0000] {logging_mixin.py:188} INFO - [2025-12-06T09:44:50.506+0000] {dag.py:3823} INFO - Setting next_dagrun for example_subdag_operator.section-2 to None, run_after=None
[2025-12-06T09:44:50.517+0000] {logging_mixin.py:188} INFO - [2025-12-06T09:44:50.517+0000] {dag.py:3036} INFO - Sync 2 DAGs
[2025-12-06T09:44:50.525+0000] {logging_mixin.py:188} INFO - [2025-12-06T09:44:50.525+0000] {dag.py:3823} INFO - Setting next_dagrun for example_subdag_operator.section-1 to None, run_after=None
[2025-12-06T09:44:50.526+0000] {logging_mixin.py:188} INFO - [2025-12-06T09:44:50.526+0000] {dag.py:3823} INFO - Setting next_dagrun for example_subdag_operator.section-2 to None, run_after=None
[2025-12-06T09:44:50.545+0000] {processor.py:183} INFO - Processing /home/airflow/.local/lib/python3.8/site-packages/airflow/example_dags/example_subdag_operator.py took 0.151 seconds
[2025-12-06T09:45:20.796+0000] {processor.py:161} INFO - Started process (PID=5808) to work on /home/airflow/.local/lib/python3.8/site-packages/airflow/example_dags/example_subdag_operator.py
[2025-12-06T09:45:20.797+0000] {processor.py:830} INFO - Processing file /home/airflow/.local/lib/python3.8/site-packages/airflow/example_dags/example_subdag_operator.py for tasks to queue
[2025-12-06T09:45:20.800+0000] {logging_mixin.py:188} INFO - [2025-12-06T09:45:20.799+0000] {dagbag.py:538} INFO - Filling up the DagBag from /home/airflow/.local/lib/python3.8/site-packages/airflow/example_dags/example_subdag_operator.py
[2025-12-06T09:45:20.842+0000] {processor.py:840} INFO - DAG(s) 'example_subdag_operator.section-1', 'example_subdag_operator.section-2', 'example_subdag_operator' retrieved from /home/airflow/.local/lib/python3.8/site-packages/airflow/example_dags/example_subdag_operator.py
[2025-12-06T09:45:20.866+0000] {logging_mixin.py:188} INFO - [2025-12-06T09:45:20.866+0000] {dag.py:3036} INFO - Sync 3 DAGs
[2025-12-06T09:45:20.901+0000] {logging_mixin.py:188} INFO - [2025-12-06T09:45:20.901+0000] {dag.py:3823} INFO - Setting next_dagrun for example_subdag_operator to 2022-01-01 00:00:00+00:00, run_after=2022-01-01 00:00:00+00:00
[2025-12-06T09:45:20.908+0000] {logging_mixin.py:188} INFO - [2025-12-06T09:45:20.908+0000] {dag.py:3823} INFO - Setting next_dagrun for example_subdag_operator.section-1 to None, run_after=None
[2025-12-06T09:45:20.913+0000] {logging_mixin.py:188} INFO - [2025-12-06T09:45:20.913+0000] {dag.py:3823} INFO - Setting next_dagrun for example_subdag_operator.section-2 to None, run_after=None
[2025-12-06T09:45:20.926+0000] {logging_mixin.py:188} INFO - [2025-12-06T09:45:20.926+0000] {dag.py:3036} INFO - Sync 2 DAGs
[2025-12-06T09:45:20.937+0000] {logging_mixin.py:188} INFO - [2025-12-06T09:45:20.936+0000] {dag.py:3823} INFO - Setting next_dagrun for example_subdag_operator.section-1 to None, run_after=None
[2025-12-06T09:45:20.938+0000] {logging_mixin.py:188} INFO - [2025-12-06T09:45:20.938+0000] {dag.py:3823} INFO - Setting next_dagrun for example_subdag_operator.section-2 to None, run_after=None
[2025-12-06T09:45:20.961+0000] {processor.py:183} INFO - Processing /home/airflow/.local/lib/python3.8/site-packages/airflow/example_dags/example_subdag_operator.py took 0.170 seconds
[2025-12-06T09:45:50.991+0000] {processor.py:161} INFO - Started process (PID=5867) to work on /home/airflow/.local/lib/python3.8/site-packages/airflow/example_dags/example_subdag_operator.py
[2025-12-06T09:45:50.993+0000] {processor.py:830} INFO - Processing file /home/airflow/.local/lib/python3.8/site-packages/airflow/example_dags/example_subdag_operator.py for tasks to queue
[2025-12-06T09:45:50.996+0000] {logging_mixin.py:188} INFO - [2025-12-06T09:45:50.995+0000] {dagbag.py:538} INFO - Filling up the DagBag from /home/airflow/.local/lib/python3.8/site-packages/airflow/example_dags/example_subdag_operator.py
[2025-12-06T09:45:51.039+0000] {processor.py:840} INFO - DAG(s) 'example_subdag_operator.section-1', 'example_subdag_operator.section-2', 'example_subdag_operator' retrieved from /home/airflow/.local/lib/python3.8/site-packages/airflow/example_dags/example_subdag_operator.py
[2025-12-06T09:45:51.062+0000] {logging_mixin.py:188} INFO - [2025-12-06T09:45:51.062+0000] {dag.py:3036} INFO - Sync 3 DAGs
[2025-12-06T09:45:51.095+0000] {logging_mixin.py:188} INFO - [2025-12-06T09:45:51.095+0000] {dag.py:3823} INFO - Setting next_dagrun for example_subdag_operator to 2022-01-01 00:00:00+00:00, run_after=2022-01-01 00:00:00+00:00
[2025-12-06T09:45:51.101+0000] {logging_mixin.py:188} INFO - [2025-12-06T09:45:51.101+0000] {dag.py:3823} INFO - Setting next_dagrun for example_subdag_operator.section-1 to None, run_after=None
[2025-12-06T09:45:51.104+0000] {logging_mixin.py:188} INFO - [2025-12-06T09:45:51.104+0000] {dag.py:3823} INFO - Setting next_dagrun for example_subdag_operator.section-2 to None, run_after=None
[2025-12-06T09:45:51.116+0000] {logging_mixin.py:188} INFO - [2025-12-06T09:45:51.115+0000] {dag.py:3036} INFO - Sync 2 DAGs
[2025-12-06T09:45:51.126+0000] {logging_mixin.py:188} INFO - [2025-12-06T09:45:51.125+0000] {dag.py:3823} INFO - Setting next_dagrun for example_subdag_operator.section-1 to None, run_after=None
[2025-12-06T09:45:51.127+0000] {logging_mixin.py:188} INFO - [2025-12-06T09:45:51.127+0000] {dag.py:3823} INFO - Setting next_dagrun for example_subdag_operator.section-2 to None, run_after=None
[2025-12-06T09:45:51.151+0000] {processor.py:183} INFO - Processing /home/airflow/.local/lib/python3.8/site-packages/airflow/example_dags/example_subdag_operator.py took 0.165 seconds
[2025-12-06T09:46:21.988+0000] {processor.py:161} INFO - Started process (PID=5926) to work on /home/airflow/.local/lib/python3.8/site-packages/airflow/example_dags/example_subdag_operator.py
[2025-12-06T09:46:21.989+0000] {processor.py:830} INFO - Processing file /home/airflow/.local/lib/python3.8/site-packages/airflow/example_dags/example_subdag_operator.py for tasks to queue
[2025-12-06T09:46:21.993+0000] {logging_mixin.py:188} INFO - [2025-12-06T09:46:21.992+0000] {dagbag.py:538} INFO - Filling up the DagBag from /home/airflow/.local/lib/python3.8/site-packages/airflow/example_dags/example_subdag_operator.py
[2025-12-06T09:46:22.036+0000] {processor.py:840} INFO - DAG(s) 'example_subdag_operator.section-1', 'example_subdag_operator.section-2', 'example_subdag_operator' retrieved from /home/airflow/.local/lib/python3.8/site-packages/airflow/example_dags/example_subdag_operator.py
[2025-12-06T09:46:22.057+0000] {logging_mixin.py:188} INFO - [2025-12-06T09:46:22.057+0000] {dag.py:3036} INFO - Sync 3 DAGs
[2025-12-06T09:46:22.090+0000] {logging_mixin.py:188} INFO - [2025-12-06T09:46:22.090+0000] {dag.py:3823} INFO - Setting next_dagrun for example_subdag_operator to 2022-01-01 00:00:00+00:00, run_after=2022-01-01 00:00:00+00:00
[2025-12-06T09:46:22.098+0000] {logging_mixin.py:188} INFO - [2025-12-06T09:46:22.098+0000] {dag.py:3823} INFO - Setting next_dagrun for example_subdag_operator.section-1 to None, run_after=None
[2025-12-06T09:46:22.104+0000] {logging_mixin.py:188} INFO - [2025-12-06T09:46:22.103+0000] {dag.py:3823} INFO - Setting next_dagrun for example_subdag_operator.section-2 to None, run_after=None
[2025-12-06T09:46:22.116+0000] {logging_mixin.py:188} INFO - [2025-12-06T09:46:22.116+0000] {dag.py:3036} INFO - Sync 2 DAGs
[2025-12-06T09:46:22.127+0000] {logging_mixin.py:188} INFO - [2025-12-06T09:46:22.126+0000] {dag.py:3823} INFO - Setting next_dagrun for example_subdag_operator.section-1 to None, run_after=None
[2025-12-06T09:46:22.128+0000] {logging_mixin.py:188} INFO - [2025-12-06T09:46:22.128+0000] {dag.py:3823} INFO - Setting next_dagrun for example_subdag_operator.section-2 to None, run_after=None
[2025-12-06T09:46:22.150+0000] {processor.py:183} INFO - Processing /home/airflow/.local/lib/python3.8/site-packages/airflow/example_dags/example_subdag_operator.py took 0.168 seconds
[2025-12-06T09:46:52.218+0000] {processor.py:161} INFO - Started process (PID=5985) to work on /home/airflow/.local/lib/python3.8/site-packages/airflow/example_dags/example_subdag_operator.py
[2025-12-06T09:46:52.222+0000] {processor.py:830} INFO - Processing file /home/airflow/.local/lib/python3.8/site-packages/airflow/example_dags/example_subdag_operator.py for tasks to queue
[2025-12-06T09:46:52.227+0000] {logging_mixin.py:188} INFO - [2025-12-06T09:46:52.227+0000] {dagbag.py:538} INFO - Filling up the DagBag from /home/airflow/.local/lib/python3.8/site-packages/airflow/example_dags/example_subdag_operator.py
[2025-12-06T09:46:52.266+0000] {processor.py:840} INFO - DAG(s) 'example_subdag_operator.section-1', 'example_subdag_operator.section-2', 'example_subdag_operator' retrieved from /home/airflow/.local/lib/python3.8/site-packages/airflow/example_dags/example_subdag_operator.py
[2025-12-06T09:46:52.291+0000] {logging_mixin.py:188} INFO - [2025-12-06T09:46:52.290+0000] {dag.py:3036} INFO - Sync 3 DAGs
[2025-12-06T09:46:52.323+0000] {logging_mixin.py:188} INFO - [2025-12-06T09:46:52.323+0000] {dag.py:3823} INFO - Setting next_dagrun for example_subdag_operator to 2022-01-01 00:00:00+00:00, run_after=2022-01-01 00:00:00+00:00
[2025-12-06T09:46:52.329+0000] {logging_mixin.py:188} INFO - [2025-12-06T09:46:52.328+0000] {dag.py:3823} INFO - Setting next_dagrun for example_subdag_operator.section-1 to None, run_after=None
[2025-12-06T09:46:52.332+0000] {logging_mixin.py:188} INFO - [2025-12-06T09:46:52.331+0000] {dag.py:3823} INFO - Setting next_dagrun for example_subdag_operator.section-2 to None, run_after=None
[2025-12-06T09:46:52.345+0000] {logging_mixin.py:188} INFO - [2025-12-06T09:46:52.344+0000] {dag.py:3036} INFO - Sync 2 DAGs
[2025-12-06T09:46:52.354+0000] {logging_mixin.py:188} INFO - [2025-12-06T09:46:52.354+0000] {dag.py:3823} INFO - Setting next_dagrun for example_subdag_operator.section-1 to None, run_after=None
[2025-12-06T09:46:52.356+0000] {logging_mixin.py:188} INFO - [2025-12-06T09:46:52.356+0000] {dag.py:3823} INFO - Setting next_dagrun for example_subdag_operator.section-2 to None, run_after=None
[2025-12-06T09:46:52.376+0000] {processor.py:183} INFO - Processing /home/airflow/.local/lib/python3.8/site-packages/airflow/example_dags/example_subdag_operator.py took 0.164 seconds
[2025-12-06T09:47:22.856+0000] {processor.py:161} INFO - Started process (PID=6044) to work on /home/airflow/.local/lib/python3.8/site-packages/airflow/example_dags/example_subdag_operator.py
[2025-12-06T09:47:22.858+0000] {processor.py:830} INFO - Processing file /home/airflow/.local/lib/python3.8/site-packages/airflow/example_dags/example_subdag_operator.py for tasks to queue
[2025-12-06T09:47:22.861+0000] {logging_mixin.py:188} INFO - [2025-12-06T09:47:22.860+0000] {dagbag.py:538} INFO - Filling up the DagBag from /home/airflow/.local/lib/python3.8/site-packages/airflow/example_dags/example_subdag_operator.py
[2025-12-06T09:47:22.902+0000] {processor.py:840} INFO - DAG(s) 'example_subdag_operator.section-1', 'example_subdag_operator.section-2', 'example_subdag_operator' retrieved from /home/airflow/.local/lib/python3.8/site-packages/airflow/example_dags/example_subdag_operator.py
[2025-12-06T09:47:22.927+0000] {logging_mixin.py:188} INFO - [2025-12-06T09:47:22.927+0000] {dag.py:3036} INFO - Sync 3 DAGs
[2025-12-06T09:47:22.958+0000] {logging_mixin.py:188} INFO - [2025-12-06T09:47:22.958+0000] {dag.py:3823} INFO - Setting next_dagrun for example_subdag_operator to 2022-01-01 00:00:00+00:00, run_after=2022-01-01 00:00:00+00:00
[2025-12-06T09:47:22.964+0000] {logging_mixin.py:188} INFO - [2025-12-06T09:47:22.964+0000] {dag.py:3823} INFO - Setting next_dagrun for example_subdag_operator.section-1 to None, run_after=None
[2025-12-06T09:47:22.967+0000] {logging_mixin.py:188} INFO - [2025-12-06T09:47:22.967+0000] {dag.py:3823} INFO - Setting next_dagrun for example_subdag_operator.section-2 to None, run_after=None
[2025-12-06T09:47:22.981+0000] {logging_mixin.py:188} INFO - [2025-12-06T09:47:22.981+0000] {dag.py:3036} INFO - Sync 2 DAGs
[2025-12-06T09:47:22.990+0000] {logging_mixin.py:188} INFO - [2025-12-06T09:47:22.989+0000] {dag.py:3823} INFO - Setting next_dagrun for example_subdag_operator.section-1 to None, run_after=None
[2025-12-06T09:47:22.991+0000] {logging_mixin.py:188} INFO - [2025-12-06T09:47:22.991+0000] {dag.py:3823} INFO - Setting next_dagrun for example_subdag_operator.section-2 to None, run_after=None
[2025-12-06T09:47:23.016+0000] {processor.py:183} INFO - Processing /home/airflow/.local/lib/python3.8/site-packages/airflow/example_dags/example_subdag_operator.py took 0.166 seconds
[2025-12-06T09:47:53.451+0000] {processor.py:161} INFO - Started process (PID=6103) to work on /home/airflow/.local/lib/python3.8/site-packages/airflow/example_dags/example_subdag_operator.py
[2025-12-06T09:47:53.452+0000] {processor.py:830} INFO - Processing file /home/airflow/.local/lib/python3.8/site-packages/airflow/example_dags/example_subdag_operator.py for tasks to queue
[2025-12-06T09:47:53.456+0000] {logging_mixin.py:188} INFO - [2025-12-06T09:47:53.455+0000] {dagbag.py:538} INFO - Filling up the DagBag from /home/airflow/.local/lib/python3.8/site-packages/airflow/example_dags/example_subdag_operator.py
[2025-12-06T09:47:53.493+0000] {processor.py:840} INFO - DAG(s) 'example_subdag_operator.section-1', 'example_subdag_operator.section-2', 'example_subdag_operator' retrieved from /home/airflow/.local/lib/python3.8/site-packages/airflow/example_dags/example_subdag_operator.py
[2025-12-06T09:47:53.516+0000] {logging_mixin.py:188} INFO - [2025-12-06T09:47:53.515+0000] {dag.py:3036} INFO - Sync 3 DAGs
[2025-12-06T09:47:53.543+0000] {logging_mixin.py:188} INFO - [2025-12-06T09:47:53.543+0000] {dag.py:3823} INFO - Setting next_dagrun for example_subdag_operator to 2022-01-01 00:00:00+00:00, run_after=2022-01-01 00:00:00+00:00
[2025-12-06T09:47:53.549+0000] {logging_mixin.py:188} INFO - [2025-12-06T09:47:53.548+0000] {dag.py:3823} INFO - Setting next_dagrun for example_subdag_operator.section-1 to None, run_after=None
[2025-12-06T09:47:53.555+0000] {logging_mixin.py:188} INFO - [2025-12-06T09:47:53.554+0000] {dag.py:3823} INFO - Setting next_dagrun for example_subdag_operator.section-2 to None, run_after=None
[2025-12-06T09:47:53.566+0000] {logging_mixin.py:188} INFO - [2025-12-06T09:47:53.565+0000] {dag.py:3036} INFO - Sync 2 DAGs
[2025-12-06T09:47:53.574+0000] {logging_mixin.py:188} INFO - [2025-12-06T09:47:53.574+0000] {dag.py:3823} INFO - Setting next_dagrun for example_subdag_operator.section-1 to None, run_after=None
[2025-12-06T09:47:53.575+0000] {logging_mixin.py:188} INFO - [2025-12-06T09:47:53.575+0000] {dag.py:3823} INFO - Setting next_dagrun for example_subdag_operator.section-2 to None, run_after=None
[2025-12-06T09:47:53.595+0000] {processor.py:183} INFO - Processing /home/airflow/.local/lib/python3.8/site-packages/airflow/example_dags/example_subdag_operator.py took 0.148 seconds
[2025-12-06T09:48:24.163+0000] {processor.py:161} INFO - Started process (PID=6162) to work on /home/airflow/.local/lib/python3.8/site-packages/airflow/example_dags/example_subdag_operator.py
[2025-12-06T09:48:24.165+0000] {processor.py:830} INFO - Processing file /home/airflow/.local/lib/python3.8/site-packages/airflow/example_dags/example_subdag_operator.py for tasks to queue
[2025-12-06T09:48:24.168+0000] {logging_mixin.py:188} INFO - [2025-12-06T09:48:24.167+0000] {dagbag.py:538} INFO - Filling up the DagBag from /home/airflow/.local/lib/python3.8/site-packages/airflow/example_dags/example_subdag_operator.py
[2025-12-06T09:48:24.211+0000] {processor.py:840} INFO - DAG(s) 'example_subdag_operator.section-1', 'example_subdag_operator.section-2', 'example_subdag_operator' retrieved from /home/airflow/.local/lib/python3.8/site-packages/airflow/example_dags/example_subdag_operator.py
[2025-12-06T09:48:24.237+0000] {logging_mixin.py:188} INFO - [2025-12-06T09:48:24.237+0000] {dag.py:3036} INFO - Sync 3 DAGs
[2025-12-06T09:48:24.271+0000] {logging_mixin.py:188} INFO - [2025-12-06T09:48:24.270+0000] {dag.py:3823} INFO - Setting next_dagrun for example_subdag_operator to 2022-01-01 00:00:00+00:00, run_after=2022-01-01 00:00:00+00:00
[2025-12-06T09:48:24.278+0000] {logging_mixin.py:188} INFO - [2025-12-06T09:48:24.277+0000] {dag.py:3823} INFO - Setting next_dagrun for example_subdag_operator.section-1 to None, run_after=None
[2025-12-06T09:48:24.281+0000] {logging_mixin.py:188} INFO - [2025-12-06T09:48:24.280+0000] {dag.py:3823} INFO - Setting next_dagrun for example_subdag_operator.section-2 to None, run_after=None
[2025-12-06T09:48:24.296+0000] {logging_mixin.py:188} INFO - [2025-12-06T09:48:24.295+0000] {dag.py:3036} INFO - Sync 2 DAGs
[2025-12-06T09:48:24.313+0000] {logging_mixin.py:188} INFO - [2025-12-06T09:48:24.313+0000] {dag.py:3823} INFO - Setting next_dagrun for example_subdag_operator.section-1 to None, run_after=None
[2025-12-06T09:48:24.315+0000] {logging_mixin.py:188} INFO - [2025-12-06T09:48:24.314+0000] {dag.py:3823} INFO - Setting next_dagrun for example_subdag_operator.section-2 to None, run_after=None
[2025-12-06T09:48:24.344+0000] {processor.py:183} INFO - Processing /home/airflow/.local/lib/python3.8/site-packages/airflow/example_dags/example_subdag_operator.py took 0.186 seconds
[2025-12-06T09:48:54.934+0000] {processor.py:161} INFO - Started process (PID=6221) to work on /home/airflow/.local/lib/python3.8/site-packages/airflow/example_dags/example_subdag_operator.py
[2025-12-06T09:48:54.935+0000] {processor.py:830} INFO - Processing file /home/airflow/.local/lib/python3.8/site-packages/airflow/example_dags/example_subdag_operator.py for tasks to queue
[2025-12-06T09:48:54.938+0000] {logging_mixin.py:188} INFO - [2025-12-06T09:48:54.938+0000] {dagbag.py:538} INFO - Filling up the DagBag from /home/airflow/.local/lib/python3.8/site-packages/airflow/example_dags/example_subdag_operator.py
[2025-12-06T09:48:54.977+0000] {processor.py:840} INFO - DAG(s) 'example_subdag_operator.section-1', 'example_subdag_operator.section-2', 'example_subdag_operator' retrieved from /home/airflow/.local/lib/python3.8/site-packages/airflow/example_dags/example_subdag_operator.py
[2025-12-06T09:48:54.999+0000] {logging_mixin.py:188} INFO - [2025-12-06T09:48:54.999+0000] {dag.py:3036} INFO - Sync 3 DAGs
[2025-12-06T09:48:55.030+0000] {logging_mixin.py:188} INFO - [2025-12-06T09:48:55.030+0000] {dag.py:3823} INFO - Setting next_dagrun for example_subdag_operator to 2022-01-01 00:00:00+00:00, run_after=2022-01-01 00:00:00+00:00
[2025-12-06T09:48:55.036+0000] {logging_mixin.py:188} INFO - [2025-12-06T09:48:55.036+0000] {dag.py:3823} INFO - Setting next_dagrun for example_subdag_operator.section-1 to None, run_after=None
[2025-12-06T09:48:55.039+0000] {logging_mixin.py:188} INFO - [2025-12-06T09:48:55.039+0000] {dag.py:3823} INFO - Setting next_dagrun for example_subdag_operator.section-2 to None, run_after=None
[2025-12-06T09:48:55.054+0000] {logging_mixin.py:188} INFO - [2025-12-06T09:48:55.053+0000] {dag.py:3036} INFO - Sync 2 DAGs
[2025-12-06T09:48:55.063+0000] {logging_mixin.py:188} INFO - [2025-12-06T09:48:55.062+0000] {dag.py:3823} INFO - Setting next_dagrun for example_subdag_operator.section-1 to None, run_after=None
[2025-12-06T09:48:55.064+0000] {logging_mixin.py:188} INFO - [2025-12-06T09:48:55.063+0000] {dag.py:3823} INFO - Setting next_dagrun for example_subdag_operator.section-2 to None, run_after=None
[2025-12-06T09:48:55.089+0000] {processor.py:183} INFO - Processing /home/airflow/.local/lib/python3.8/site-packages/airflow/example_dags/example_subdag_operator.py took 0.159 seconds
[2025-12-06T09:49:25.610+0000] {processor.py:161} INFO - Started process (PID=6280) to work on /home/airflow/.local/lib/python3.8/site-packages/airflow/example_dags/example_subdag_operator.py
[2025-12-06T09:49:25.612+0000] {processor.py:830} INFO - Processing file /home/airflow/.local/lib/python3.8/site-packages/airflow/example_dags/example_subdag_operator.py for tasks to queue
[2025-12-06T09:49:25.615+0000] {logging_mixin.py:188} INFO - [2025-12-06T09:49:25.614+0000] {dagbag.py:538} INFO - Filling up the DagBag from /home/airflow/.local/lib/python3.8/site-packages/airflow/example_dags/example_subdag_operator.py
[2025-12-06T09:49:25.659+0000] {processor.py:840} INFO - DAG(s) 'example_subdag_operator.section-1', 'example_subdag_operator.section-2', 'example_subdag_operator' retrieved from /home/airflow/.local/lib/python3.8/site-packages/airflow/example_dags/example_subdag_operator.py
[2025-12-06T09:49:25.680+0000] {logging_mixin.py:188} INFO - [2025-12-06T09:49:25.680+0000] {dag.py:3036} INFO - Sync 3 DAGs
[2025-12-06T09:49:25.714+0000] {logging_mixin.py:188} INFO - [2025-12-06T09:49:25.713+0000] {dag.py:3823} INFO - Setting next_dagrun for example_subdag_operator to 2022-01-01 00:00:00+00:00, run_after=2022-01-01 00:00:00+00:00
[2025-12-06T09:49:25.722+0000] {logging_mixin.py:188} INFO - [2025-12-06T09:49:25.721+0000] {dag.py:3823} INFO - Setting next_dagrun for example_subdag_operator.section-1 to None, run_after=None
[2025-12-06T09:49:25.724+0000] {logging_mixin.py:188} INFO - [2025-12-06T09:49:25.724+0000] {dag.py:3823} INFO - Setting next_dagrun for example_subdag_operator.section-2 to None, run_after=None
[2025-12-06T09:49:25.736+0000] {logging_mixin.py:188} INFO - [2025-12-06T09:49:25.736+0000] {dag.py:3036} INFO - Sync 2 DAGs
[2025-12-06T09:49:25.745+0000] {logging_mixin.py:188} INFO - [2025-12-06T09:49:25.745+0000] {dag.py:3823} INFO - Setting next_dagrun for example_subdag_operator.section-1 to None, run_after=None
[2025-12-06T09:49:25.746+0000] {logging_mixin.py:188} INFO - [2025-12-06T09:49:25.746+0000] {dag.py:3823} INFO - Setting next_dagrun for example_subdag_operator.section-2 to None, run_after=None
[2025-12-06T09:49:25.769+0000] {processor.py:183} INFO - Processing /home/airflow/.local/lib/python3.8/site-packages/airflow/example_dags/example_subdag_operator.py took 0.166 seconds
[2025-12-06T09:49:56.230+0000] {processor.py:161} INFO - Started process (PID=6339) to work on /home/airflow/.local/lib/python3.8/site-packages/airflow/example_dags/example_subdag_operator.py
[2025-12-06T09:49:56.232+0000] {processor.py:830} INFO - Processing file /home/airflow/.local/lib/python3.8/site-packages/airflow/example_dags/example_subdag_operator.py for tasks to queue
[2025-12-06T09:49:56.234+0000] {logging_mixin.py:188} INFO - [2025-12-06T09:49:56.234+0000] {dagbag.py:538} INFO - Filling up the DagBag from /home/airflow/.local/lib/python3.8/site-packages/airflow/example_dags/example_subdag_operator.py
[2025-12-06T09:49:56.278+0000] {processor.py:840} INFO - DAG(s) 'example_subdag_operator.section-1', 'example_subdag_operator.section-2', 'example_subdag_operator' retrieved from /home/airflow/.local/lib/python3.8/site-packages/airflow/example_dags/example_subdag_operator.py
[2025-12-06T09:49:56.302+0000] {logging_mixin.py:188} INFO - [2025-12-06T09:49:56.302+0000] {dag.py:3036} INFO - Sync 3 DAGs
[2025-12-06T09:49:56.335+0000] {logging_mixin.py:188} INFO - [2025-12-06T09:49:56.335+0000] {dag.py:3823} INFO - Setting next_dagrun for example_subdag_operator to 2022-01-01 00:00:00+00:00, run_after=2022-01-01 00:00:00+00:00
[2025-12-06T09:49:56.341+0000] {logging_mixin.py:188} INFO - [2025-12-06T09:49:56.340+0000] {dag.py:3823} INFO - Setting next_dagrun for example_subdag_operator.section-1 to None, run_after=None
[2025-12-06T09:49:56.343+0000] {logging_mixin.py:188} INFO - [2025-12-06T09:49:56.343+0000] {dag.py:3823} INFO - Setting next_dagrun for example_subdag_operator.section-2 to None, run_after=None
[2025-12-06T09:49:56.356+0000] {logging_mixin.py:188} INFO - [2025-12-06T09:49:56.356+0000] {dag.py:3036} INFO - Sync 2 DAGs
[2025-12-06T09:49:56.366+0000] {logging_mixin.py:188} INFO - [2025-12-06T09:49:56.365+0000] {dag.py:3823} INFO - Setting next_dagrun for example_subdag_operator.section-1 to None, run_after=None
[2025-12-06T09:49:56.367+0000] {logging_mixin.py:188} INFO - [2025-12-06T09:49:56.366+0000] {dag.py:3823} INFO - Setting next_dagrun for example_subdag_operator.section-2 to None, run_after=None
[2025-12-06T09:49:56.391+0000] {processor.py:183} INFO - Processing /home/airflow/.local/lib/python3.8/site-packages/airflow/example_dags/example_subdag_operator.py took 0.165 seconds
