[2025-12-06T05:45:40.999+0000] {processor.py:161} INFO - Started process (PID=92) to work on /home/airflow/.local/lib/python3.8/site-packages/airflow/example_dags/example_latest_only_with_trigger.py
[2025-12-06T05:45:41.001+0000] {processor.py:830} INFO - Processing file /home/airflow/.local/lib/python3.8/site-packages/airflow/example_dags/example_latest_only_with_trigger.py for tasks to queue
[2025-12-06T05:45:41.005+0000] {logging_mixin.py:188} INFO - [2025-12-06T05:45:41.004+0000] {dagbag.py:538} INFO - Filling up the DagBag from /home/airflow/.local/lib/python3.8/site-packages/airflow/example_dags/example_latest_only_with_trigger.py
[2025-12-06T05:45:41.016+0000] {processor.py:840} INFO - DAG(s) 'latest_only_with_trigger' retrieved from /home/airflow/.local/lib/python3.8/site-packages/airflow/example_dags/example_latest_only_with_trigger.py
[2025-12-06T05:45:41.193+0000] {logging_mixin.py:188} INFO - [2025-12-06T05:45:41.192+0000] {dag.py:3036} INFO - Sync 1 DAGs
[2025-12-06T05:45:41.234+0000] {logging_mixin.py:188} INFO - [2025-12-06T05:45:41.233+0000] {dag.py:3823} INFO - Setting next_dagrun for latest_only_with_trigger to 2025-12-06 00:00:00+00:00, run_after=2025-12-06 04:00:00+00:00
[2025-12-06T05:45:41.276+0000] {processor.py:183} INFO - Processing /home/airflow/.local/lib/python3.8/site-packages/airflow/example_dags/example_latest_only_with_trigger.py took 0.284 seconds
[2025-12-06T05:46:12.088+0000] {processor.py:161} INFO - Started process (PID=147) to work on /home/airflow/.local/lib/python3.8/site-packages/airflow/example_dags/example_latest_only_with_trigger.py
[2025-12-06T05:46:12.090+0000] {processor.py:830} INFO - Processing file /home/airflow/.local/lib/python3.8/site-packages/airflow/example_dags/example_latest_only_with_trigger.py for tasks to queue
[2025-12-06T05:46:12.093+0000] {logging_mixin.py:188} INFO - [2025-12-06T05:46:12.093+0000] {dagbag.py:538} INFO - Filling up the DagBag from /home/airflow/.local/lib/python3.8/site-packages/airflow/example_dags/example_latest_only_with_trigger.py
[2025-12-06T05:46:12.103+0000] {processor.py:840} INFO - DAG(s) 'latest_only_with_trigger' retrieved from /home/airflow/.local/lib/python3.8/site-packages/airflow/example_dags/example_latest_only_with_trigger.py
[2025-12-06T05:46:12.142+0000] {logging_mixin.py:188} INFO - [2025-12-06T05:46:12.142+0000] {dag.py:3036} INFO - Sync 1 DAGs
[2025-12-06T05:46:12.175+0000] {logging_mixin.py:188} INFO - [2025-12-06T05:46:12.175+0000] {dag.py:3823} INFO - Setting next_dagrun for latest_only_with_trigger to 2025-12-06 00:00:00+00:00, run_after=2025-12-06 04:00:00+00:00
[2025-12-06T05:46:12.204+0000] {processor.py:183} INFO - Processing /home/airflow/.local/lib/python3.8/site-packages/airflow/example_dags/example_latest_only_with_trigger.py took 0.123 seconds
[2025-12-06T05:46:42.922+0000] {processor.py:161} INFO - Started process (PID=202) to work on /home/airflow/.local/lib/python3.8/site-packages/airflow/example_dags/example_latest_only_with_trigger.py
[2025-12-06T05:46:42.923+0000] {processor.py:830} INFO - Processing file /home/airflow/.local/lib/python3.8/site-packages/airflow/example_dags/example_latest_only_with_trigger.py for tasks to queue
[2025-12-06T05:46:42.927+0000] {logging_mixin.py:188} INFO - [2025-12-06T05:46:42.926+0000] {dagbag.py:538} INFO - Filling up the DagBag from /home/airflow/.local/lib/python3.8/site-packages/airflow/example_dags/example_latest_only_with_trigger.py
[2025-12-06T05:46:42.934+0000] {processor.py:840} INFO - DAG(s) 'latest_only_with_trigger' retrieved from /home/airflow/.local/lib/python3.8/site-packages/airflow/example_dags/example_latest_only_with_trigger.py
[2025-12-06T05:46:42.969+0000] {logging_mixin.py:188} INFO - [2025-12-06T05:46:42.969+0000] {dag.py:3036} INFO - Sync 1 DAGs
[2025-12-06T05:46:43.001+0000] {logging_mixin.py:188} INFO - [2025-12-06T05:46:43.001+0000] {dag.py:3823} INFO - Setting next_dagrun for latest_only_with_trigger to 2025-12-06 00:00:00+00:00, run_after=2025-12-06 04:00:00+00:00
[2025-12-06T05:46:43.033+0000] {processor.py:183} INFO - Processing /home/airflow/.local/lib/python3.8/site-packages/airflow/example_dags/example_latest_only_with_trigger.py took 0.116 seconds
[2025-12-06T05:47:13.619+0000] {processor.py:161} INFO - Started process (PID=257) to work on /home/airflow/.local/lib/python3.8/site-packages/airflow/example_dags/example_latest_only_with_trigger.py
[2025-12-06T05:47:13.620+0000] {processor.py:830} INFO - Processing file /home/airflow/.local/lib/python3.8/site-packages/airflow/example_dags/example_latest_only_with_trigger.py for tasks to queue
[2025-12-06T05:47:13.624+0000] {logging_mixin.py:188} INFO - [2025-12-06T05:47:13.623+0000] {dagbag.py:538} INFO - Filling up the DagBag from /home/airflow/.local/lib/python3.8/site-packages/airflow/example_dags/example_latest_only_with_trigger.py
[2025-12-06T05:47:13.633+0000] {processor.py:840} INFO - DAG(s) 'latest_only_with_trigger' retrieved from /home/airflow/.local/lib/python3.8/site-packages/airflow/example_dags/example_latest_only_with_trigger.py
[2025-12-06T05:47:13.667+0000] {logging_mixin.py:188} INFO - [2025-12-06T05:47:13.667+0000] {dag.py:3036} INFO - Sync 1 DAGs
[2025-12-06T05:47:13.702+0000] {logging_mixin.py:188} INFO - [2025-12-06T05:47:13.702+0000] {dag.py:3823} INFO - Setting next_dagrun for latest_only_with_trigger to 2025-12-06 00:00:00+00:00, run_after=2025-12-06 04:00:00+00:00
[2025-12-06T05:47:13.735+0000] {processor.py:183} INFO - Processing /home/airflow/.local/lib/python3.8/site-packages/airflow/example_dags/example_latest_only_with_trigger.py took 0.121 seconds
[2025-12-06T05:47:43.797+0000] {processor.py:161} INFO - Started process (PID=312) to work on /home/airflow/.local/lib/python3.8/site-packages/airflow/example_dags/example_latest_only_with_trigger.py
[2025-12-06T05:47:43.798+0000] {processor.py:830} INFO - Processing file /home/airflow/.local/lib/python3.8/site-packages/airflow/example_dags/example_latest_only_with_trigger.py for tasks to queue
[2025-12-06T05:47:43.802+0000] {logging_mixin.py:188} INFO - [2025-12-06T05:47:43.801+0000] {dagbag.py:538} INFO - Filling up the DagBag from /home/airflow/.local/lib/python3.8/site-packages/airflow/example_dags/example_latest_only_with_trigger.py
[2025-12-06T05:47:43.812+0000] {processor.py:840} INFO - DAG(s) 'latest_only_with_trigger' retrieved from /home/airflow/.local/lib/python3.8/site-packages/airflow/example_dags/example_latest_only_with_trigger.py
[2025-12-06T05:47:43.847+0000] {logging_mixin.py:188} INFO - [2025-12-06T05:47:43.846+0000] {dag.py:3036} INFO - Sync 1 DAGs
[2025-12-06T05:47:43.881+0000] {logging_mixin.py:188} INFO - [2025-12-06T05:47:43.881+0000] {dag.py:3823} INFO - Setting next_dagrun for latest_only_with_trigger to 2025-12-06 00:00:00+00:00, run_after=2025-12-06 04:00:00+00:00
[2025-12-06T05:47:43.913+0000] {processor.py:183} INFO - Processing /home/airflow/.local/lib/python3.8/site-packages/airflow/example_dags/example_latest_only_with_trigger.py took 0.122 seconds
[2025-12-06T05:48:14.461+0000] {processor.py:161} INFO - Started process (PID=367) to work on /home/airflow/.local/lib/python3.8/site-packages/airflow/example_dags/example_latest_only_with_trigger.py
[2025-12-06T05:48:14.463+0000] {processor.py:830} INFO - Processing file /home/airflow/.local/lib/python3.8/site-packages/airflow/example_dags/example_latest_only_with_trigger.py for tasks to queue
[2025-12-06T05:48:14.466+0000] {logging_mixin.py:188} INFO - [2025-12-06T05:48:14.465+0000] {dagbag.py:538} INFO - Filling up the DagBag from /home/airflow/.local/lib/python3.8/site-packages/airflow/example_dags/example_latest_only_with_trigger.py
[2025-12-06T05:48:14.475+0000] {processor.py:840} INFO - DAG(s) 'latest_only_with_trigger' retrieved from /home/airflow/.local/lib/python3.8/site-packages/airflow/example_dags/example_latest_only_with_trigger.py
[2025-12-06T05:48:14.508+0000] {logging_mixin.py:188} INFO - [2025-12-06T05:48:14.508+0000] {dag.py:3036} INFO - Sync 1 DAGs
[2025-12-06T05:48:14.548+0000] {logging_mixin.py:188} INFO - [2025-12-06T05:48:14.547+0000] {dag.py:3823} INFO - Setting next_dagrun for latest_only_with_trigger to 2025-12-06 00:00:00+00:00, run_after=2025-12-06 04:00:00+00:00
[2025-12-06T05:48:14.581+0000] {processor.py:183} INFO - Processing /home/airflow/.local/lib/python3.8/site-packages/airflow/example_dags/example_latest_only_with_trigger.py took 0.125 seconds
[2025-12-06T05:48:44.633+0000] {processor.py:161} INFO - Started process (PID=422) to work on /home/airflow/.local/lib/python3.8/site-packages/airflow/example_dags/example_latest_only_with_trigger.py
[2025-12-06T05:48:44.635+0000] {processor.py:830} INFO - Processing file /home/airflow/.local/lib/python3.8/site-packages/airflow/example_dags/example_latest_only_with_trigger.py for tasks to queue
[2025-12-06T05:48:44.641+0000] {logging_mixin.py:188} INFO - [2025-12-06T05:48:44.640+0000] {dagbag.py:538} INFO - Filling up the DagBag from /home/airflow/.local/lib/python3.8/site-packages/airflow/example_dags/example_latest_only_with_trigger.py
[2025-12-06T05:48:44.651+0000] {processor.py:840} INFO - DAG(s) 'latest_only_with_trigger' retrieved from /home/airflow/.local/lib/python3.8/site-packages/airflow/example_dags/example_latest_only_with_trigger.py
[2025-12-06T05:48:44.688+0000] {logging_mixin.py:188} INFO - [2025-12-06T05:48:44.688+0000] {dag.py:3036} INFO - Sync 1 DAGs
[2025-12-06T05:48:44.723+0000] {logging_mixin.py:188} INFO - [2025-12-06T05:48:44.723+0000] {dag.py:3823} INFO - Setting next_dagrun for latest_only_with_trigger to 2025-12-06 00:00:00+00:00, run_after=2025-12-06 04:00:00+00:00
[2025-12-06T05:48:44.758+0000] {processor.py:183} INFO - Processing /home/airflow/.local/lib/python3.8/site-packages/airflow/example_dags/example_latest_only_with_trigger.py took 0.131 seconds
[2025-12-06T05:49:15.220+0000] {processor.py:161} INFO - Started process (PID=477) to work on /home/airflow/.local/lib/python3.8/site-packages/airflow/example_dags/example_latest_only_with_trigger.py
[2025-12-06T05:49:15.221+0000] {processor.py:830} INFO - Processing file /home/airflow/.local/lib/python3.8/site-packages/airflow/example_dags/example_latest_only_with_trigger.py for tasks to queue
[2025-12-06T05:49:15.224+0000] {logging_mixin.py:188} INFO - [2025-12-06T05:49:15.224+0000] {dagbag.py:538} INFO - Filling up the DagBag from /home/airflow/.local/lib/python3.8/site-packages/airflow/example_dags/example_latest_only_with_trigger.py
[2025-12-06T05:49:15.233+0000] {processor.py:840} INFO - DAG(s) 'latest_only_with_trigger' retrieved from /home/airflow/.local/lib/python3.8/site-packages/airflow/example_dags/example_latest_only_with_trigger.py
[2025-12-06T05:49:15.271+0000] {logging_mixin.py:188} INFO - [2025-12-06T05:49:15.271+0000] {dag.py:3036} INFO - Sync 1 DAGs
[2025-12-06T05:49:15.302+0000] {logging_mixin.py:188} INFO - [2025-12-06T05:49:15.302+0000] {dag.py:3823} INFO - Setting next_dagrun for latest_only_with_trigger to 2025-12-06 00:00:00+00:00, run_after=2025-12-06 04:00:00+00:00
[2025-12-06T05:49:15.335+0000] {processor.py:183} INFO - Processing /home/airflow/.local/lib/python3.8/site-packages/airflow/example_dags/example_latest_only_with_trigger.py took 0.120 seconds
[2025-12-06T05:49:45.683+0000] {processor.py:161} INFO - Started process (PID=532) to work on /home/airflow/.local/lib/python3.8/site-packages/airflow/example_dags/example_latest_only_with_trigger.py
[2025-12-06T05:49:45.685+0000] {processor.py:830} INFO - Processing file /home/airflow/.local/lib/python3.8/site-packages/airflow/example_dags/example_latest_only_with_trigger.py for tasks to queue
[2025-12-06T05:49:45.690+0000] {logging_mixin.py:188} INFO - [2025-12-06T05:49:45.689+0000] {dagbag.py:538} INFO - Filling up the DagBag from /home/airflow/.local/lib/python3.8/site-packages/airflow/example_dags/example_latest_only_with_trigger.py
[2025-12-06T05:49:45.704+0000] {processor.py:840} INFO - DAG(s) 'latest_only_with_trigger' retrieved from /home/airflow/.local/lib/python3.8/site-packages/airflow/example_dags/example_latest_only_with_trigger.py
[2025-12-06T05:49:45.753+0000] {logging_mixin.py:188} INFO - [2025-12-06T05:49:45.752+0000] {dag.py:3036} INFO - Sync 1 DAGs
[2025-12-06T05:49:45.788+0000] {logging_mixin.py:188} INFO - [2025-12-06T05:49:45.787+0000] {dag.py:3823} INFO - Setting next_dagrun for latest_only_with_trigger to 2025-12-06 00:00:00+00:00, run_after=2025-12-06 04:00:00+00:00
[2025-12-06T05:49:45.826+0000] {processor.py:183} INFO - Processing /home/airflow/.local/lib/python3.8/site-packages/airflow/example_dags/example_latest_only_with_trigger.py took 0.150 seconds
[2025-12-06T05:50:16.041+0000] {processor.py:161} INFO - Started process (PID=587) to work on /home/airflow/.local/lib/python3.8/site-packages/airflow/example_dags/example_latest_only_with_trigger.py
[2025-12-06T05:50:16.042+0000] {processor.py:830} INFO - Processing file /home/airflow/.local/lib/python3.8/site-packages/airflow/example_dags/example_latest_only_with_trigger.py for tasks to queue
[2025-12-06T05:50:16.045+0000] {logging_mixin.py:188} INFO - [2025-12-06T05:50:16.045+0000] {dagbag.py:538} INFO - Filling up the DagBag from /home/airflow/.local/lib/python3.8/site-packages/airflow/example_dags/example_latest_only_with_trigger.py
[2025-12-06T05:50:16.053+0000] {processor.py:840} INFO - DAG(s) 'latest_only_with_trigger' retrieved from /home/airflow/.local/lib/python3.8/site-packages/airflow/example_dags/example_latest_only_with_trigger.py
[2025-12-06T05:50:16.091+0000] {logging_mixin.py:188} INFO - [2025-12-06T05:50:16.090+0000] {dag.py:3036} INFO - Sync 1 DAGs
[2025-12-06T05:50:16.124+0000] {logging_mixin.py:188} INFO - [2025-12-06T05:50:16.124+0000] {dag.py:3823} INFO - Setting next_dagrun for latest_only_with_trigger to 2025-12-06 00:00:00+00:00, run_after=2025-12-06 04:00:00+00:00
[2025-12-06T05:50:16.157+0000] {processor.py:183} INFO - Processing /home/airflow/.local/lib/python3.8/site-packages/airflow/example_dags/example_latest_only_with_trigger.py took 0.121 seconds
[2025-12-06T05:50:46.784+0000] {processor.py:161} INFO - Started process (PID=642) to work on /home/airflow/.local/lib/python3.8/site-packages/airflow/example_dags/example_latest_only_with_trigger.py
[2025-12-06T05:50:46.785+0000] {processor.py:830} INFO - Processing file /home/airflow/.local/lib/python3.8/site-packages/airflow/example_dags/example_latest_only_with_trigger.py for tasks to queue
[2025-12-06T05:50:46.789+0000] {logging_mixin.py:188} INFO - [2025-12-06T05:50:46.788+0000] {dagbag.py:538} INFO - Filling up the DagBag from /home/airflow/.local/lib/python3.8/site-packages/airflow/example_dags/example_latest_only_with_trigger.py
[2025-12-06T05:50:46.798+0000] {processor.py:840} INFO - DAG(s) 'latest_only_with_trigger' retrieved from /home/airflow/.local/lib/python3.8/site-packages/airflow/example_dags/example_latest_only_with_trigger.py
[2025-12-06T05:50:46.826+0000] {logging_mixin.py:188} INFO - [2025-12-06T05:50:46.826+0000] {dag.py:3036} INFO - Sync 1 DAGs
[2025-12-06T05:50:46.860+0000] {logging_mixin.py:188} INFO - [2025-12-06T05:50:46.860+0000] {dag.py:3823} INFO - Setting next_dagrun for latest_only_with_trigger to 2025-12-06 00:00:00+00:00, run_after=2025-12-06 04:00:00+00:00
[2025-12-06T05:50:46.888+0000] {processor.py:183} INFO - Processing /home/airflow/.local/lib/python3.8/site-packages/airflow/example_dags/example_latest_only_with_trigger.py took 0.110 seconds
[2025-12-06T05:51:16.962+0000] {processor.py:161} INFO - Started process (PID=697) to work on /home/airflow/.local/lib/python3.8/site-packages/airflow/example_dags/example_latest_only_with_trigger.py
[2025-12-06T05:51:16.964+0000] {processor.py:830} INFO - Processing file /home/airflow/.local/lib/python3.8/site-packages/airflow/example_dags/example_latest_only_with_trigger.py for tasks to queue
[2025-12-06T05:51:16.968+0000] {logging_mixin.py:188} INFO - [2025-12-06T05:51:16.968+0000] {dagbag.py:538} INFO - Filling up the DagBag from /home/airflow/.local/lib/python3.8/site-packages/airflow/example_dags/example_latest_only_with_trigger.py
[2025-12-06T05:51:16.978+0000] {processor.py:840} INFO - DAG(s) 'latest_only_with_trigger' retrieved from /home/airflow/.local/lib/python3.8/site-packages/airflow/example_dags/example_latest_only_with_trigger.py
[2025-12-06T05:51:17.015+0000] {logging_mixin.py:188} INFO - [2025-12-06T05:51:17.015+0000] {dag.py:3036} INFO - Sync 1 DAGs
[2025-12-06T05:51:17.057+0000] {logging_mixin.py:188} INFO - [2025-12-06T05:51:17.057+0000] {dag.py:3823} INFO - Setting next_dagrun for latest_only_with_trigger to 2025-12-06 00:00:00+00:00, run_after=2025-12-06 04:00:00+00:00
[2025-12-06T05:51:17.093+0000] {processor.py:183} INFO - Processing /home/airflow/.local/lib/python3.8/site-packages/airflow/example_dags/example_latest_only_with_trigger.py took 0.136 seconds
[2025-12-06T05:51:48.063+0000] {processor.py:161} INFO - Started process (PID=752) to work on /home/airflow/.local/lib/python3.8/site-packages/airflow/example_dags/example_latest_only_with_trigger.py
[2025-12-06T05:51:48.067+0000] {processor.py:830} INFO - Processing file /home/airflow/.local/lib/python3.8/site-packages/airflow/example_dags/example_latest_only_with_trigger.py for tasks to queue
[2025-12-06T05:51:48.073+0000] {logging_mixin.py:188} INFO - [2025-12-06T05:51:48.072+0000] {dagbag.py:538} INFO - Filling up the DagBag from /home/airflow/.local/lib/python3.8/site-packages/airflow/example_dags/example_latest_only_with_trigger.py
[2025-12-06T05:51:48.089+0000] {processor.py:840} INFO - DAG(s) 'latest_only_with_trigger' retrieved from /home/airflow/.local/lib/python3.8/site-packages/airflow/example_dags/example_latest_only_with_trigger.py
[2025-12-06T05:51:48.135+0000] {logging_mixin.py:188} INFO - [2025-12-06T05:51:48.134+0000] {dag.py:3036} INFO - Sync 1 DAGs
[2025-12-06T05:51:48.177+0000] {logging_mixin.py:188} INFO - [2025-12-06T05:51:48.176+0000] {dag.py:3823} INFO - Setting next_dagrun for latest_only_with_trigger to 2025-12-06 00:00:00+00:00, run_after=2025-12-06 04:00:00+00:00
[2025-12-06T05:51:48.219+0000] {processor.py:183} INFO - Processing /home/airflow/.local/lib/python3.8/site-packages/airflow/example_dags/example_latest_only_with_trigger.py took 0.171 seconds
[2025-12-06T05:52:18.902+0000] {processor.py:161} INFO - Started process (PID=807) to work on /home/airflow/.local/lib/python3.8/site-packages/airflow/example_dags/example_latest_only_with_trigger.py
[2025-12-06T05:52:18.904+0000] {processor.py:830} INFO - Processing file /home/airflow/.local/lib/python3.8/site-packages/airflow/example_dags/example_latest_only_with_trigger.py for tasks to queue
[2025-12-06T05:52:18.906+0000] {logging_mixin.py:188} INFO - [2025-12-06T05:52:18.906+0000] {dagbag.py:538} INFO - Filling up the DagBag from /home/airflow/.local/lib/python3.8/site-packages/airflow/example_dags/example_latest_only_with_trigger.py
[2025-12-06T05:52:18.914+0000] {processor.py:840} INFO - DAG(s) 'latest_only_with_trigger' retrieved from /home/airflow/.local/lib/python3.8/site-packages/airflow/example_dags/example_latest_only_with_trigger.py
[2025-12-06T05:52:18.950+0000] {logging_mixin.py:188} INFO - [2025-12-06T05:52:18.949+0000] {dag.py:3036} INFO - Sync 1 DAGs
[2025-12-06T05:52:18.985+0000] {logging_mixin.py:188} INFO - [2025-12-06T05:52:18.984+0000] {dag.py:3823} INFO - Setting next_dagrun for latest_only_with_trigger to 2025-12-06 00:00:00+00:00, run_after=2025-12-06 04:00:00+00:00
[2025-12-06T05:52:19.016+0000] {processor.py:183} INFO - Processing /home/airflow/.local/lib/python3.8/site-packages/airflow/example_dags/example_latest_only_with_trigger.py took 0.118 seconds
[2025-12-06T05:52:49.181+0000] {processor.py:161} INFO - Started process (PID=862) to work on /home/airflow/.local/lib/python3.8/site-packages/airflow/example_dags/example_latest_only_with_trigger.py
[2025-12-06T05:52:49.183+0000] {processor.py:830} INFO - Processing file /home/airflow/.local/lib/python3.8/site-packages/airflow/example_dags/example_latest_only_with_trigger.py for tasks to queue
[2025-12-06T05:52:49.187+0000] {logging_mixin.py:188} INFO - [2025-12-06T05:52:49.186+0000] {dagbag.py:538} INFO - Filling up the DagBag from /home/airflow/.local/lib/python3.8/site-packages/airflow/example_dags/example_latest_only_with_trigger.py
[2025-12-06T05:52:49.196+0000] {processor.py:840} INFO - DAG(s) 'latest_only_with_trigger' retrieved from /home/airflow/.local/lib/python3.8/site-packages/airflow/example_dags/example_latest_only_with_trigger.py
[2025-12-06T05:52:49.239+0000] {logging_mixin.py:188} INFO - [2025-12-06T05:52:49.238+0000] {dag.py:3036} INFO - Sync 1 DAGs
[2025-12-06T05:52:49.275+0000] {logging_mixin.py:188} INFO - [2025-12-06T05:52:49.274+0000] {dag.py:3823} INFO - Setting next_dagrun for latest_only_with_trigger to 2025-12-06 00:00:00+00:00, run_after=2025-12-06 04:00:00+00:00
[2025-12-06T05:52:49.311+0000] {processor.py:183} INFO - Processing /home/airflow/.local/lib/python3.8/site-packages/airflow/example_dags/example_latest_only_with_trigger.py took 0.136 seconds
[2025-12-06T05:53:19.551+0000] {processor.py:161} INFO - Started process (PID=917) to work on /home/airflow/.local/lib/python3.8/site-packages/airflow/example_dags/example_latest_only_with_trigger.py
[2025-12-06T05:53:19.552+0000] {processor.py:830} INFO - Processing file /home/airflow/.local/lib/python3.8/site-packages/airflow/example_dags/example_latest_only_with_trigger.py for tasks to queue
[2025-12-06T05:53:19.556+0000] {logging_mixin.py:188} INFO - [2025-12-06T05:53:19.555+0000] {dagbag.py:538} INFO - Filling up the DagBag from /home/airflow/.local/lib/python3.8/site-packages/airflow/example_dags/example_latest_only_with_trigger.py
[2025-12-06T05:53:19.564+0000] {processor.py:840} INFO - DAG(s) 'latest_only_with_trigger' retrieved from /home/airflow/.local/lib/python3.8/site-packages/airflow/example_dags/example_latest_only_with_trigger.py
[2025-12-06T05:53:19.594+0000] {logging_mixin.py:188} INFO - [2025-12-06T05:53:19.594+0000] {dag.py:3036} INFO - Sync 1 DAGs
[2025-12-06T05:53:19.622+0000] {logging_mixin.py:188} INFO - [2025-12-06T05:53:19.621+0000] {dag.py:3823} INFO - Setting next_dagrun for latest_only_with_trigger to 2025-12-06 00:00:00+00:00, run_after=2025-12-06 04:00:00+00:00
[2025-12-06T05:53:19.648+0000] {processor.py:183} INFO - Processing /home/airflow/.local/lib/python3.8/site-packages/airflow/example_dags/example_latest_only_with_trigger.py took 0.102 seconds
[2025-12-06T05:53:49.882+0000] {processor.py:161} INFO - Started process (PID=972) to work on /home/airflow/.local/lib/python3.8/site-packages/airflow/example_dags/example_latest_only_with_trigger.py
[2025-12-06T05:53:49.884+0000] {processor.py:830} INFO - Processing file /home/airflow/.local/lib/python3.8/site-packages/airflow/example_dags/example_latest_only_with_trigger.py for tasks to queue
[2025-12-06T05:53:49.887+0000] {logging_mixin.py:188} INFO - [2025-12-06T05:53:49.886+0000] {dagbag.py:538} INFO - Filling up the DagBag from /home/airflow/.local/lib/python3.8/site-packages/airflow/example_dags/example_latest_only_with_trigger.py
[2025-12-06T05:53:49.897+0000] {processor.py:840} INFO - DAG(s) 'latest_only_with_trigger' retrieved from /home/airflow/.local/lib/python3.8/site-packages/airflow/example_dags/example_latest_only_with_trigger.py
[2025-12-06T05:53:49.929+0000] {logging_mixin.py:188} INFO - [2025-12-06T05:53:49.929+0000] {dag.py:3036} INFO - Sync 1 DAGs
[2025-12-06T05:53:49.965+0000] {logging_mixin.py:188} INFO - [2025-12-06T05:53:49.965+0000] {dag.py:3823} INFO - Setting next_dagrun for latest_only_with_trigger to 2025-12-06 00:00:00+00:00, run_after=2025-12-06 04:00:00+00:00
[2025-12-06T05:53:49.996+0000] {processor.py:183} INFO - Processing /home/airflow/.local/lib/python3.8/site-packages/airflow/example_dags/example_latest_only_with_trigger.py took 0.119 seconds
[2025-12-06T05:54:20.545+0000] {processor.py:161} INFO - Started process (PID=1031) to work on /home/airflow/.local/lib/python3.8/site-packages/airflow/example_dags/example_latest_only_with_trigger.py
[2025-12-06T05:54:20.546+0000] {processor.py:830} INFO - Processing file /home/airflow/.local/lib/python3.8/site-packages/airflow/example_dags/example_latest_only_with_trigger.py for tasks to queue
[2025-12-06T05:54:20.549+0000] {logging_mixin.py:188} INFO - [2025-12-06T05:54:20.549+0000] {dagbag.py:538} INFO - Filling up the DagBag from /home/airflow/.local/lib/python3.8/site-packages/airflow/example_dags/example_latest_only_with_trigger.py
[2025-12-06T05:54:20.557+0000] {processor.py:840} INFO - DAG(s) 'latest_only_with_trigger' retrieved from /home/airflow/.local/lib/python3.8/site-packages/airflow/example_dags/example_latest_only_with_trigger.py
[2025-12-06T05:54:20.601+0000] {logging_mixin.py:188} INFO - [2025-12-06T05:54:20.601+0000] {dag.py:3036} INFO - Sync 1 DAGs
[2025-12-06T05:54:20.654+0000] {logging_mixin.py:188} INFO - [2025-12-06T05:54:20.652+0000] {dag.py:3823} INFO - Setting next_dagrun for latest_only_with_trigger to 2025-12-06 00:00:00+00:00, run_after=2025-12-06 04:00:00+00:00
[2025-12-06T05:54:20.722+0000] {processor.py:183} INFO - Processing /home/airflow/.local/lib/python3.8/site-packages/airflow/example_dags/example_latest_only_with_trigger.py took 0.181 seconds
[2025-12-06T05:54:51.233+0000] {processor.py:161} INFO - Started process (PID=1089) to work on /home/airflow/.local/lib/python3.8/site-packages/airflow/example_dags/example_latest_only_with_trigger.py
[2025-12-06T05:54:51.235+0000] {processor.py:830} INFO - Processing file /home/airflow/.local/lib/python3.8/site-packages/airflow/example_dags/example_latest_only_with_trigger.py for tasks to queue
[2025-12-06T05:54:51.238+0000] {logging_mixin.py:188} INFO - [2025-12-06T05:54:51.238+0000] {dagbag.py:538} INFO - Filling up the DagBag from /home/airflow/.local/lib/python3.8/site-packages/airflow/example_dags/example_latest_only_with_trigger.py
[2025-12-06T05:54:51.247+0000] {processor.py:840} INFO - DAG(s) 'latest_only_with_trigger' retrieved from /home/airflow/.local/lib/python3.8/site-packages/airflow/example_dags/example_latest_only_with_trigger.py
[2025-12-06T05:54:51.278+0000] {logging_mixin.py:188} INFO - [2025-12-06T05:54:51.278+0000] {dag.py:3036} INFO - Sync 1 DAGs
[2025-12-06T05:54:51.312+0000] {logging_mixin.py:188} INFO - [2025-12-06T05:54:51.312+0000] {dag.py:3823} INFO - Setting next_dagrun for latest_only_with_trigger to 2025-12-06 00:00:00+00:00, run_after=2025-12-06 04:00:00+00:00
[2025-12-06T05:54:51.341+0000] {processor.py:183} INFO - Processing /home/airflow/.local/lib/python3.8/site-packages/airflow/example_dags/example_latest_only_with_trigger.py took 0.114 seconds
[2025-12-06T05:55:21.512+0000] {processor.py:161} INFO - Started process (PID=1144) to work on /home/airflow/.local/lib/python3.8/site-packages/airflow/example_dags/example_latest_only_with_trigger.py
[2025-12-06T05:55:21.513+0000] {processor.py:830} INFO - Processing file /home/airflow/.local/lib/python3.8/site-packages/airflow/example_dags/example_latest_only_with_trigger.py for tasks to queue
[2025-12-06T05:55:21.516+0000] {logging_mixin.py:188} INFO - [2025-12-06T05:55:21.516+0000] {dagbag.py:538} INFO - Filling up the DagBag from /home/airflow/.local/lib/python3.8/site-packages/airflow/example_dags/example_latest_only_with_trigger.py
[2025-12-06T05:55:21.524+0000] {processor.py:840} INFO - DAG(s) 'latest_only_with_trigger' retrieved from /home/airflow/.local/lib/python3.8/site-packages/airflow/example_dags/example_latest_only_with_trigger.py
[2025-12-06T05:55:21.558+0000] {logging_mixin.py:188} INFO - [2025-12-06T05:55:21.558+0000] {dag.py:3036} INFO - Sync 1 DAGs
[2025-12-06T05:55:21.593+0000] {logging_mixin.py:188} INFO - [2025-12-06T05:55:21.593+0000] {dag.py:3823} INFO - Setting next_dagrun for latest_only_with_trigger to 2025-12-06 00:00:00+00:00, run_after=2025-12-06 04:00:00+00:00
[2025-12-06T05:55:21.624+0000] {processor.py:183} INFO - Processing /home/airflow/.local/lib/python3.8/site-packages/airflow/example_dags/example_latest_only_with_trigger.py took 0.118 seconds
[2025-12-06T05:55:52.089+0000] {processor.py:161} INFO - Started process (PID=1200) to work on /home/airflow/.local/lib/python3.8/site-packages/airflow/example_dags/example_latest_only_with_trigger.py
[2025-12-06T05:55:52.091+0000] {processor.py:830} INFO - Processing file /home/airflow/.local/lib/python3.8/site-packages/airflow/example_dags/example_latest_only_with_trigger.py for tasks to queue
[2025-12-06T05:55:52.094+0000] {logging_mixin.py:188} INFO - [2025-12-06T05:55:52.093+0000] {dagbag.py:538} INFO - Filling up the DagBag from /home/airflow/.local/lib/python3.8/site-packages/airflow/example_dags/example_latest_only_with_trigger.py
[2025-12-06T05:55:52.104+0000] {processor.py:840} INFO - DAG(s) 'latest_only_with_trigger' retrieved from /home/airflow/.local/lib/python3.8/site-packages/airflow/example_dags/example_latest_only_with_trigger.py
[2025-12-06T05:55:52.141+0000] {logging_mixin.py:188} INFO - [2025-12-06T05:55:52.140+0000] {dag.py:3036} INFO - Sync 1 DAGs
[2025-12-06T05:55:52.173+0000] {logging_mixin.py:188} INFO - [2025-12-06T05:55:52.172+0000] {dag.py:3823} INFO - Setting next_dagrun for latest_only_with_trigger to 2025-12-06 00:00:00+00:00, run_after=2025-12-06 04:00:00+00:00
[2025-12-06T05:55:52.202+0000] {processor.py:183} INFO - Processing /home/airflow/.local/lib/python3.8/site-packages/airflow/example_dags/example_latest_only_with_trigger.py took 0.119 seconds
[2025-12-06T05:56:22.438+0000] {processor.py:161} INFO - Started process (PID=1258) to work on /home/airflow/.local/lib/python3.8/site-packages/airflow/example_dags/example_latest_only_with_trigger.py
[2025-12-06T05:56:22.440+0000] {processor.py:830} INFO - Processing file /home/airflow/.local/lib/python3.8/site-packages/airflow/example_dags/example_latest_only_with_trigger.py for tasks to queue
[2025-12-06T05:56:22.443+0000] {logging_mixin.py:188} INFO - [2025-12-06T05:56:22.442+0000] {dagbag.py:538} INFO - Filling up the DagBag from /home/airflow/.local/lib/python3.8/site-packages/airflow/example_dags/example_latest_only_with_trigger.py
[2025-12-06T05:56:22.452+0000] {processor.py:840} INFO - DAG(s) 'latest_only_with_trigger' retrieved from /home/airflow/.local/lib/python3.8/site-packages/airflow/example_dags/example_latest_only_with_trigger.py
[2025-12-06T05:56:22.488+0000] {logging_mixin.py:188} INFO - [2025-12-06T05:56:22.488+0000] {dag.py:3036} INFO - Sync 1 DAGs
[2025-12-06T05:56:22.522+0000] {logging_mixin.py:188} INFO - [2025-12-06T05:56:22.522+0000] {dag.py:3823} INFO - Setting next_dagrun for latest_only_with_trigger to 2025-12-06 00:00:00+00:00, run_after=2025-12-06 04:00:00+00:00
[2025-12-06T05:56:22.553+0000] {processor.py:183} INFO - Processing /home/airflow/.local/lib/python3.8/site-packages/airflow/example_dags/example_latest_only_with_trigger.py took 0.120 seconds
[2025-12-06T05:56:52.890+0000] {processor.py:161} INFO - Started process (PID=1314) to work on /home/airflow/.local/lib/python3.8/site-packages/airflow/example_dags/example_latest_only_with_trigger.py
[2025-12-06T05:56:52.892+0000] {processor.py:830} INFO - Processing file /home/airflow/.local/lib/python3.8/site-packages/airflow/example_dags/example_latest_only_with_trigger.py for tasks to queue
[2025-12-06T05:56:52.896+0000] {logging_mixin.py:188} INFO - [2025-12-06T05:56:52.895+0000] {dagbag.py:538} INFO - Filling up the DagBag from /home/airflow/.local/lib/python3.8/site-packages/airflow/example_dags/example_latest_only_with_trigger.py
[2025-12-06T05:56:52.908+0000] {processor.py:840} INFO - DAG(s) 'latest_only_with_trigger' retrieved from /home/airflow/.local/lib/python3.8/site-packages/airflow/example_dags/example_latest_only_with_trigger.py
[2025-12-06T05:56:52.950+0000] {logging_mixin.py:188} INFO - [2025-12-06T05:56:52.949+0000] {dag.py:3036} INFO - Sync 1 DAGs
[2025-12-06T05:56:52.987+0000] {logging_mixin.py:188} INFO - [2025-12-06T05:56:52.987+0000] {dag.py:3823} INFO - Setting next_dagrun for latest_only_with_trigger to 2025-12-06 00:00:00+00:00, run_after=2025-12-06 04:00:00+00:00
[2025-12-06T05:56:53.024+0000] {processor.py:183} INFO - Processing /home/airflow/.local/lib/python3.8/site-packages/airflow/example_dags/example_latest_only_with_trigger.py took 0.141 seconds
[2025-12-06T05:57:23.545+0000] {processor.py:161} INFO - Started process (PID=1370) to work on /home/airflow/.local/lib/python3.8/site-packages/airflow/example_dags/example_latest_only_with_trigger.py
[2025-12-06T05:57:23.546+0000] {processor.py:830} INFO - Processing file /home/airflow/.local/lib/python3.8/site-packages/airflow/example_dags/example_latest_only_with_trigger.py for tasks to queue
[2025-12-06T05:57:23.549+0000] {logging_mixin.py:188} INFO - [2025-12-06T05:57:23.549+0000] {dagbag.py:538} INFO - Filling up the DagBag from /home/airflow/.local/lib/python3.8/site-packages/airflow/example_dags/example_latest_only_with_trigger.py
[2025-12-06T05:57:23.560+0000] {processor.py:840} INFO - DAG(s) 'latest_only_with_trigger' retrieved from /home/airflow/.local/lib/python3.8/site-packages/airflow/example_dags/example_latest_only_with_trigger.py
[2025-12-06T05:57:23.600+0000] {logging_mixin.py:188} INFO - [2025-12-06T05:57:23.599+0000] {dag.py:3036} INFO - Sync 1 DAGs
[2025-12-06T05:57:23.638+0000] {logging_mixin.py:188} INFO - [2025-12-06T05:57:23.638+0000] {dag.py:3823} INFO - Setting next_dagrun for latest_only_with_trigger to 2025-12-06 00:00:00+00:00, run_after=2025-12-06 04:00:00+00:00
[2025-12-06T05:57:23.674+0000] {processor.py:183} INFO - Processing /home/airflow/.local/lib/python3.8/site-packages/airflow/example_dags/example_latest_only_with_trigger.py took 0.133 seconds
[2025-12-06T05:57:54.054+0000] {processor.py:161} INFO - Started process (PID=1426) to work on /home/airflow/.local/lib/python3.8/site-packages/airflow/example_dags/example_latest_only_with_trigger.py
[2025-12-06T05:57:54.056+0000] {processor.py:830} INFO - Processing file /home/airflow/.local/lib/python3.8/site-packages/airflow/example_dags/example_latest_only_with_trigger.py for tasks to queue
[2025-12-06T05:57:54.061+0000] {logging_mixin.py:188} INFO - [2025-12-06T05:57:54.060+0000] {dagbag.py:538} INFO - Filling up the DagBag from /home/airflow/.local/lib/python3.8/site-packages/airflow/example_dags/example_latest_only_with_trigger.py
[2025-12-06T05:57:54.070+0000] {processor.py:840} INFO - DAG(s) 'latest_only_with_trigger' retrieved from /home/airflow/.local/lib/python3.8/site-packages/airflow/example_dags/example_latest_only_with_trigger.py
[2025-12-06T05:57:54.106+0000] {logging_mixin.py:188} INFO - [2025-12-06T05:57:54.106+0000] {dag.py:3036} INFO - Sync 1 DAGs
[2025-12-06T05:57:54.139+0000] {logging_mixin.py:188} INFO - [2025-12-06T05:57:54.139+0000] {dag.py:3823} INFO - Setting next_dagrun for latest_only_with_trigger to 2025-12-06 00:00:00+00:00, run_after=2025-12-06 04:00:00+00:00
[2025-12-06T05:57:54.171+0000] {processor.py:183} INFO - Processing /home/airflow/.local/lib/python3.8/site-packages/airflow/example_dags/example_latest_only_with_trigger.py took 0.122 seconds
[2025-12-06T05:58:24.763+0000] {processor.py:161} INFO - Started process (PID=1482) to work on /home/airflow/.local/lib/python3.8/site-packages/airflow/example_dags/example_latest_only_with_trigger.py
[2025-12-06T05:58:24.765+0000] {processor.py:830} INFO - Processing file /home/airflow/.local/lib/python3.8/site-packages/airflow/example_dags/example_latest_only_with_trigger.py for tasks to queue
[2025-12-06T05:58:24.769+0000] {logging_mixin.py:188} INFO - [2025-12-06T05:58:24.768+0000] {dagbag.py:538} INFO - Filling up the DagBag from /home/airflow/.local/lib/python3.8/site-packages/airflow/example_dags/example_latest_only_with_trigger.py
[2025-12-06T05:58:24.779+0000] {processor.py:840} INFO - DAG(s) 'latest_only_with_trigger' retrieved from /home/airflow/.local/lib/python3.8/site-packages/airflow/example_dags/example_latest_only_with_trigger.py
[2025-12-06T05:58:24.820+0000] {logging_mixin.py:188} INFO - [2025-12-06T05:58:24.820+0000] {dag.py:3036} INFO - Sync 1 DAGs
[2025-12-06T05:58:24.860+0000] {logging_mixin.py:188} INFO - [2025-12-06T05:58:24.860+0000] {dag.py:3823} INFO - Setting next_dagrun for latest_only_with_trigger to 2025-12-06 00:00:00+00:00, run_after=2025-12-06 04:00:00+00:00
[2025-12-06T05:58:24.892+0000] {processor.py:183} INFO - Processing /home/airflow/.local/lib/python3.8/site-packages/airflow/example_dags/example_latest_only_with_trigger.py took 0.135 seconds
[2025-12-06T05:58:55.092+0000] {processor.py:161} INFO - Started process (PID=1538) to work on /home/airflow/.local/lib/python3.8/site-packages/airflow/example_dags/example_latest_only_with_trigger.py
[2025-12-06T05:58:55.093+0000] {processor.py:830} INFO - Processing file /home/airflow/.local/lib/python3.8/site-packages/airflow/example_dags/example_latest_only_with_trigger.py for tasks to queue
[2025-12-06T05:58:55.096+0000] {logging_mixin.py:188} INFO - [2025-12-06T05:58:55.095+0000] {dagbag.py:538} INFO - Filling up the DagBag from /home/airflow/.local/lib/python3.8/site-packages/airflow/example_dags/example_latest_only_with_trigger.py
[2025-12-06T05:58:55.104+0000] {processor.py:840} INFO - DAG(s) 'latest_only_with_trigger' retrieved from /home/airflow/.local/lib/python3.8/site-packages/airflow/example_dags/example_latest_only_with_trigger.py
[2025-12-06T05:58:55.139+0000] {logging_mixin.py:188} INFO - [2025-12-06T05:58:55.138+0000] {dag.py:3036} INFO - Sync 1 DAGs
[2025-12-06T05:58:55.168+0000] {logging_mixin.py:188} INFO - [2025-12-06T05:58:55.167+0000] {dag.py:3823} INFO - Setting next_dagrun for latest_only_with_trigger to 2025-12-06 00:00:00+00:00, run_after=2025-12-06 04:00:00+00:00
[2025-12-06T05:58:55.196+0000] {processor.py:183} INFO - Processing /home/airflow/.local/lib/python3.8/site-packages/airflow/example_dags/example_latest_only_with_trigger.py took 0.109 seconds
[2025-12-06T08:56:10.924+0000] {processor.py:161} INFO - Started process (PID=100) to work on /home/airflow/.local/lib/python3.8/site-packages/airflow/example_dags/example_latest_only_with_trigger.py
[2025-12-06T08:56:10.928+0000] {processor.py:830} INFO - Processing file /home/airflow/.local/lib/python3.8/site-packages/airflow/example_dags/example_latest_only_with_trigger.py for tasks to queue
[2025-12-06T08:56:10.933+0000] {logging_mixin.py:188} INFO - [2025-12-06T08:56:10.932+0000] {dagbag.py:538} INFO - Filling up the DagBag from /home/airflow/.local/lib/python3.8/site-packages/airflow/example_dags/example_latest_only_with_trigger.py
[2025-12-06T08:56:10.962+0000] {processor.py:840} INFO - DAG(s) 'latest_only_with_trigger' retrieved from /home/airflow/.local/lib/python3.8/site-packages/airflow/example_dags/example_latest_only_with_trigger.py
[2025-12-06T08:56:11.203+0000] {logging_mixin.py:188} INFO - [2025-12-06T08:56:11.201+0000] {dag.py:3036} INFO - Sync 1 DAGs
[2025-12-06T08:56:11.251+0000] {logging_mixin.py:188} INFO - [2025-12-06T08:56:11.250+0000] {dag.py:3823} INFO - Setting next_dagrun for latest_only_with_trigger to 2025-12-06 04:00:00+00:00, run_after=2025-12-06 08:00:00+00:00
[2025-12-06T08:56:11.306+0000] {processor.py:183} INFO - Processing /home/airflow/.local/lib/python3.8/site-packages/airflow/example_dags/example_latest_only_with_trigger.py took 0.389 seconds
[2025-12-06T08:56:41.864+0000] {processor.py:161} INFO - Started process (PID=159) to work on /home/airflow/.local/lib/python3.8/site-packages/airflow/example_dags/example_latest_only_with_trigger.py
[2025-12-06T08:56:41.865+0000] {processor.py:830} INFO - Processing file /home/airflow/.local/lib/python3.8/site-packages/airflow/example_dags/example_latest_only_with_trigger.py for tasks to queue
[2025-12-06T08:56:41.867+0000] {logging_mixin.py:188} INFO - [2025-12-06T08:56:41.867+0000] {dagbag.py:538} INFO - Filling up the DagBag from /home/airflow/.local/lib/python3.8/site-packages/airflow/example_dags/example_latest_only_with_trigger.py
[2025-12-06T08:56:41.874+0000] {processor.py:840} INFO - DAG(s) 'latest_only_with_trigger' retrieved from /home/airflow/.local/lib/python3.8/site-packages/airflow/example_dags/example_latest_only_with_trigger.py
[2025-12-06T08:56:41.903+0000] {logging_mixin.py:188} INFO - [2025-12-06T08:56:41.903+0000] {dag.py:3036} INFO - Sync 1 DAGs
[2025-12-06T08:56:41.936+0000] {logging_mixin.py:188} INFO - [2025-12-06T08:56:41.935+0000] {dag.py:3823} INFO - Setting next_dagrun for latest_only_with_trigger to 2025-12-06 04:00:00+00:00, run_after=2025-12-06 08:00:00+00:00
[2025-12-06T08:56:41.968+0000] {processor.py:183} INFO - Processing /home/airflow/.local/lib/python3.8/site-packages/airflow/example_dags/example_latest_only_with_trigger.py took 0.108 seconds
[2025-12-06T08:57:12.162+0000] {processor.py:161} INFO - Started process (PID=218) to work on /home/airflow/.local/lib/python3.8/site-packages/airflow/example_dags/example_latest_only_with_trigger.py
[2025-12-06T08:57:12.165+0000] {processor.py:830} INFO - Processing file /home/airflow/.local/lib/python3.8/site-packages/airflow/example_dags/example_latest_only_with_trigger.py for tasks to queue
[2025-12-06T08:57:12.171+0000] {logging_mixin.py:188} INFO - [2025-12-06T08:57:12.170+0000] {dagbag.py:538} INFO - Filling up the DagBag from /home/airflow/.local/lib/python3.8/site-packages/airflow/example_dags/example_latest_only_with_trigger.py
[2025-12-06T08:57:12.185+0000] {processor.py:840} INFO - DAG(s) 'latest_only_with_trigger' retrieved from /home/airflow/.local/lib/python3.8/site-packages/airflow/example_dags/example_latest_only_with_trigger.py
[2025-12-06T08:57:12.228+0000] {logging_mixin.py:188} INFO - [2025-12-06T08:57:12.228+0000] {dag.py:3036} INFO - Sync 1 DAGs
[2025-12-06T08:57:12.268+0000] {logging_mixin.py:188} INFO - [2025-12-06T08:57:12.267+0000] {dag.py:3823} INFO - Setting next_dagrun for latest_only_with_trigger to 2025-12-06 04:00:00+00:00, run_after=2025-12-06 08:00:00+00:00
[2025-12-06T08:57:12.305+0000] {processor.py:183} INFO - Processing /home/airflow/.local/lib/python3.8/site-packages/airflow/example_dags/example_latest_only_with_trigger.py took 0.149 seconds
[2025-12-06T08:57:42.585+0000] {processor.py:161} INFO - Started process (PID=277) to work on /home/airflow/.local/lib/python3.8/site-packages/airflow/example_dags/example_latest_only_with_trigger.py
[2025-12-06T08:57:42.587+0000] {processor.py:830} INFO - Processing file /home/airflow/.local/lib/python3.8/site-packages/airflow/example_dags/example_latest_only_with_trigger.py for tasks to queue
[2025-12-06T08:57:42.592+0000] {logging_mixin.py:188} INFO - [2025-12-06T08:57:42.592+0000] {dagbag.py:538} INFO - Filling up the DagBag from /home/airflow/.local/lib/python3.8/site-packages/airflow/example_dags/example_latest_only_with_trigger.py
[2025-12-06T08:57:42.604+0000] {processor.py:840} INFO - DAG(s) 'latest_only_with_trigger' retrieved from /home/airflow/.local/lib/python3.8/site-packages/airflow/example_dags/example_latest_only_with_trigger.py
[2025-12-06T08:57:42.652+0000] {logging_mixin.py:188} INFO - [2025-12-06T08:57:42.652+0000] {dag.py:3036} INFO - Sync 1 DAGs
[2025-12-06T08:57:42.696+0000] {logging_mixin.py:188} INFO - [2025-12-06T08:57:42.695+0000] {dag.py:3823} INFO - Setting next_dagrun for latest_only_with_trigger to 2025-12-06 04:00:00+00:00, run_after=2025-12-06 08:00:00+00:00
[2025-12-06T08:57:42.745+0000] {processor.py:183} INFO - Processing /home/airflow/.local/lib/python3.8/site-packages/airflow/example_dags/example_latest_only_with_trigger.py took 0.167 seconds
[2025-12-06T08:58:12.815+0000] {processor.py:161} INFO - Started process (PID=336) to work on /home/airflow/.local/lib/python3.8/site-packages/airflow/example_dags/example_latest_only_with_trigger.py
[2025-12-06T08:58:12.818+0000] {processor.py:830} INFO - Processing file /home/airflow/.local/lib/python3.8/site-packages/airflow/example_dags/example_latest_only_with_trigger.py for tasks to queue
[2025-12-06T08:58:12.821+0000] {logging_mixin.py:188} INFO - [2025-12-06T08:58:12.820+0000] {dagbag.py:538} INFO - Filling up the DagBag from /home/airflow/.local/lib/python3.8/site-packages/airflow/example_dags/example_latest_only_with_trigger.py
[2025-12-06T08:58:12.830+0000] {processor.py:840} INFO - DAG(s) 'latest_only_with_trigger' retrieved from /home/airflow/.local/lib/python3.8/site-packages/airflow/example_dags/example_latest_only_with_trigger.py
[2025-12-06T08:58:12.868+0000] {logging_mixin.py:188} INFO - [2025-12-06T08:58:12.867+0000] {dag.py:3036} INFO - Sync 1 DAGs
[2025-12-06T08:58:12.898+0000] {logging_mixin.py:188} INFO - [2025-12-06T08:58:12.897+0000] {dag.py:3823} INFO - Setting next_dagrun for latest_only_with_trigger to 2025-12-06 04:00:00+00:00, run_after=2025-12-06 08:00:00+00:00
[2025-12-06T08:58:12.930+0000] {processor.py:183} INFO - Processing /home/airflow/.local/lib/python3.8/site-packages/airflow/example_dags/example_latest_only_with_trigger.py took 0.120 seconds
[2025-12-06T08:58:43.281+0000] {processor.py:161} INFO - Started process (PID=395) to work on /home/airflow/.local/lib/python3.8/site-packages/airflow/example_dags/example_latest_only_with_trigger.py
[2025-12-06T08:58:43.285+0000] {processor.py:830} INFO - Processing file /home/airflow/.local/lib/python3.8/site-packages/airflow/example_dags/example_latest_only_with_trigger.py for tasks to queue
[2025-12-06T08:58:43.287+0000] {logging_mixin.py:188} INFO - [2025-12-06T08:58:43.287+0000] {dagbag.py:538} INFO - Filling up the DagBag from /home/airflow/.local/lib/python3.8/site-packages/airflow/example_dags/example_latest_only_with_trigger.py
[2025-12-06T08:58:43.304+0000] {processor.py:840} INFO - DAG(s) 'latest_only_with_trigger' retrieved from /home/airflow/.local/lib/python3.8/site-packages/airflow/example_dags/example_latest_only_with_trigger.py
[2025-12-06T08:58:43.342+0000] {logging_mixin.py:188} INFO - [2025-12-06T08:58:43.342+0000] {dag.py:3036} INFO - Sync 1 DAGs
[2025-12-06T08:58:43.385+0000] {logging_mixin.py:188} INFO - [2025-12-06T08:58:43.385+0000] {dag.py:3823} INFO - Setting next_dagrun for latest_only_with_trigger to 2025-12-06 04:00:00+00:00, run_after=2025-12-06 08:00:00+00:00
[2025-12-06T08:58:43.427+0000] {processor.py:183} INFO - Processing /home/airflow/.local/lib/python3.8/site-packages/airflow/example_dags/example_latest_only_with_trigger.py took 0.152 seconds
[2025-12-06T08:59:13.793+0000] {processor.py:161} INFO - Started process (PID=454) to work on /home/airflow/.local/lib/python3.8/site-packages/airflow/example_dags/example_latest_only_with_trigger.py
[2025-12-06T08:59:13.795+0000] {processor.py:830} INFO - Processing file /home/airflow/.local/lib/python3.8/site-packages/airflow/example_dags/example_latest_only_with_trigger.py for tasks to queue
[2025-12-06T08:59:13.799+0000] {logging_mixin.py:188} INFO - [2025-12-06T08:59:13.798+0000] {dagbag.py:538} INFO - Filling up the DagBag from /home/airflow/.local/lib/python3.8/site-packages/airflow/example_dags/example_latest_only_with_trigger.py
[2025-12-06T08:59:13.807+0000] {processor.py:840} INFO - DAG(s) 'latest_only_with_trigger' retrieved from /home/airflow/.local/lib/python3.8/site-packages/airflow/example_dags/example_latest_only_with_trigger.py
[2025-12-06T08:59:13.842+0000] {logging_mixin.py:188} INFO - [2025-12-06T08:59:13.841+0000] {dag.py:3036} INFO - Sync 1 DAGs
[2025-12-06T08:59:13.876+0000] {logging_mixin.py:188} INFO - [2025-12-06T08:59:13.875+0000] {dag.py:3823} INFO - Setting next_dagrun for latest_only_with_trigger to 2025-12-06 04:00:00+00:00, run_after=2025-12-06 08:00:00+00:00
[2025-12-06T08:59:13.910+0000] {processor.py:183} INFO - Processing /home/airflow/.local/lib/python3.8/site-packages/airflow/example_dags/example_latest_only_with_trigger.py took 0.121 seconds
[2025-12-06T08:59:44.613+0000] {processor.py:161} INFO - Started process (PID=513) to work on /home/airflow/.local/lib/python3.8/site-packages/airflow/example_dags/example_latest_only_with_trigger.py
[2025-12-06T08:59:44.614+0000] {processor.py:830} INFO - Processing file /home/airflow/.local/lib/python3.8/site-packages/airflow/example_dags/example_latest_only_with_trigger.py for tasks to queue
[2025-12-06T08:59:44.617+0000] {logging_mixin.py:188} INFO - [2025-12-06T08:59:44.616+0000] {dagbag.py:538} INFO - Filling up the DagBag from /home/airflow/.local/lib/python3.8/site-packages/airflow/example_dags/example_latest_only_with_trigger.py
[2025-12-06T08:59:44.627+0000] {processor.py:840} INFO - DAG(s) 'latest_only_with_trigger' retrieved from /home/airflow/.local/lib/python3.8/site-packages/airflow/example_dags/example_latest_only_with_trigger.py
[2025-12-06T08:59:44.694+0000] {logging_mixin.py:188} INFO - [2025-12-06T08:59:44.694+0000] {dag.py:3036} INFO - Sync 1 DAGs
[2025-12-06T08:59:44.770+0000] {logging_mixin.py:188} INFO - [2025-12-06T08:59:44.769+0000] {dag.py:3823} INFO - Setting next_dagrun for latest_only_with_trigger to 2025-12-06 04:00:00+00:00, run_after=2025-12-06 08:00:00+00:00
[2025-12-06T08:59:44.833+0000] {processor.py:183} INFO - Processing /home/airflow/.local/lib/python3.8/site-packages/airflow/example_dags/example_latest_only_with_trigger.py took 0.225 seconds
[2025-12-06T09:00:15.356+0000] {processor.py:161} INFO - Started process (PID=572) to work on /home/airflow/.local/lib/python3.8/site-packages/airflow/example_dags/example_latest_only_with_trigger.py
[2025-12-06T09:00:15.358+0000] {processor.py:830} INFO - Processing file /home/airflow/.local/lib/python3.8/site-packages/airflow/example_dags/example_latest_only_with_trigger.py for tasks to queue
[2025-12-06T09:00:15.363+0000] {logging_mixin.py:188} INFO - [2025-12-06T09:00:15.362+0000] {dagbag.py:538} INFO - Filling up the DagBag from /home/airflow/.local/lib/python3.8/site-packages/airflow/example_dags/example_latest_only_with_trigger.py
[2025-12-06T09:00:15.374+0000] {processor.py:840} INFO - DAG(s) 'latest_only_with_trigger' retrieved from /home/airflow/.local/lib/python3.8/site-packages/airflow/example_dags/example_latest_only_with_trigger.py
[2025-12-06T09:00:15.423+0000] {logging_mixin.py:188} INFO - [2025-12-06T09:00:15.423+0000] {dag.py:3036} INFO - Sync 1 DAGs
[2025-12-06T09:00:15.466+0000] {logging_mixin.py:188} INFO - [2025-12-06T09:00:15.466+0000] {dag.py:3823} INFO - Setting next_dagrun for latest_only_with_trigger to 2025-12-06 04:00:00+00:00, run_after=2025-12-06 08:00:00+00:00
[2025-12-06T09:00:15.515+0000] {processor.py:183} INFO - Processing /home/airflow/.local/lib/python3.8/site-packages/airflow/example_dags/example_latest_only_with_trigger.py took 0.167 seconds
[2025-12-06T09:00:45.625+0000] {processor.py:161} INFO - Started process (PID=631) to work on /home/airflow/.local/lib/python3.8/site-packages/airflow/example_dags/example_latest_only_with_trigger.py
[2025-12-06T09:00:45.626+0000] {processor.py:830} INFO - Processing file /home/airflow/.local/lib/python3.8/site-packages/airflow/example_dags/example_latest_only_with_trigger.py for tasks to queue
[2025-12-06T09:00:45.629+0000] {logging_mixin.py:188} INFO - [2025-12-06T09:00:45.628+0000] {dagbag.py:538} INFO - Filling up the DagBag from /home/airflow/.local/lib/python3.8/site-packages/airflow/example_dags/example_latest_only_with_trigger.py
[2025-12-06T09:00:45.637+0000] {processor.py:840} INFO - DAG(s) 'latest_only_with_trigger' retrieved from /home/airflow/.local/lib/python3.8/site-packages/airflow/example_dags/example_latest_only_with_trigger.py
[2025-12-06T09:00:45.679+0000] {logging_mixin.py:188} INFO - [2025-12-06T09:00:45.679+0000] {dag.py:3036} INFO - Sync 1 DAGs
[2025-12-06T09:00:45.712+0000] {logging_mixin.py:188} INFO - [2025-12-06T09:00:45.711+0000] {dag.py:3823} INFO - Setting next_dagrun for latest_only_with_trigger to 2025-12-06 04:00:00+00:00, run_after=2025-12-06 08:00:00+00:00
[2025-12-06T09:00:45.749+0000] {processor.py:183} INFO - Processing /home/airflow/.local/lib/python3.8/site-packages/airflow/example_dags/example_latest_only_with_trigger.py took 0.130 seconds
[2025-12-06T09:01:16.487+0000] {processor.py:161} INFO - Started process (PID=690) to work on /home/airflow/.local/lib/python3.8/site-packages/airflow/example_dags/example_latest_only_with_trigger.py
[2025-12-06T09:01:16.489+0000] {processor.py:830} INFO - Processing file /home/airflow/.local/lib/python3.8/site-packages/airflow/example_dags/example_latest_only_with_trigger.py for tasks to queue
[2025-12-06T09:01:16.492+0000] {logging_mixin.py:188} INFO - [2025-12-06T09:01:16.492+0000] {dagbag.py:538} INFO - Filling up the DagBag from /home/airflow/.local/lib/python3.8/site-packages/airflow/example_dags/example_latest_only_with_trigger.py
[2025-12-06T09:01:16.502+0000] {processor.py:840} INFO - DAG(s) 'latest_only_with_trigger' retrieved from /home/airflow/.local/lib/python3.8/site-packages/airflow/example_dags/example_latest_only_with_trigger.py
[2025-12-06T09:01:16.543+0000] {logging_mixin.py:188} INFO - [2025-12-06T09:01:16.542+0000] {dag.py:3036} INFO - Sync 1 DAGs
[2025-12-06T09:01:16.576+0000] {logging_mixin.py:188} INFO - [2025-12-06T09:01:16.576+0000] {dag.py:3823} INFO - Setting next_dagrun for latest_only_with_trigger to 2025-12-06 04:00:00+00:00, run_after=2025-12-06 08:00:00+00:00
[2025-12-06T09:01:16.619+0000] {processor.py:183} INFO - Processing /home/airflow/.local/lib/python3.8/site-packages/airflow/example_dags/example_latest_only_with_trigger.py took 0.138 seconds
[2025-12-06T09:01:46.862+0000] {processor.py:161} INFO - Started process (PID=749) to work on /home/airflow/.local/lib/python3.8/site-packages/airflow/example_dags/example_latest_only_with_trigger.py
[2025-12-06T09:01:46.864+0000] {processor.py:830} INFO - Processing file /home/airflow/.local/lib/python3.8/site-packages/airflow/example_dags/example_latest_only_with_trigger.py for tasks to queue
[2025-12-06T09:01:46.866+0000] {logging_mixin.py:188} INFO - [2025-12-06T09:01:46.866+0000] {dagbag.py:538} INFO - Filling up the DagBag from /home/airflow/.local/lib/python3.8/site-packages/airflow/example_dags/example_latest_only_with_trigger.py
[2025-12-06T09:01:46.879+0000] {processor.py:840} INFO - DAG(s) 'latest_only_with_trigger' retrieved from /home/airflow/.local/lib/python3.8/site-packages/airflow/example_dags/example_latest_only_with_trigger.py
[2025-12-06T09:01:46.919+0000] {logging_mixin.py:188} INFO - [2025-12-06T09:01:46.919+0000] {dag.py:3036} INFO - Sync 1 DAGs
[2025-12-06T09:01:46.956+0000] {logging_mixin.py:188} INFO - [2025-12-06T09:01:46.956+0000] {dag.py:3823} INFO - Setting next_dagrun for latest_only_with_trigger to 2025-12-06 04:00:00+00:00, run_after=2025-12-06 08:00:00+00:00
[2025-12-06T09:01:46.996+0000] {processor.py:183} INFO - Processing /home/airflow/.local/lib/python3.8/site-packages/airflow/example_dags/example_latest_only_with_trigger.py took 0.141 seconds
[2025-12-06T09:02:17.193+0000] {processor.py:161} INFO - Started process (PID=807) to work on /home/airflow/.local/lib/python3.8/site-packages/airflow/example_dags/example_latest_only_with_trigger.py
[2025-12-06T09:02:17.194+0000] {processor.py:830} INFO - Processing file /home/airflow/.local/lib/python3.8/site-packages/airflow/example_dags/example_latest_only_with_trigger.py for tasks to queue
[2025-12-06T09:02:17.198+0000] {logging_mixin.py:188} INFO - [2025-12-06T09:02:17.197+0000] {dagbag.py:538} INFO - Filling up the DagBag from /home/airflow/.local/lib/python3.8/site-packages/airflow/example_dags/example_latest_only_with_trigger.py
[2025-12-06T09:02:17.206+0000] {processor.py:840} INFO - DAG(s) 'latest_only_with_trigger' retrieved from /home/airflow/.local/lib/python3.8/site-packages/airflow/example_dags/example_latest_only_with_trigger.py
[2025-12-06T09:02:17.238+0000] {logging_mixin.py:188} INFO - [2025-12-06T09:02:17.237+0000] {dag.py:3036} INFO - Sync 1 DAGs
[2025-12-06T09:02:17.273+0000] {logging_mixin.py:188} INFO - [2025-12-06T09:02:17.273+0000] {dag.py:3823} INFO - Setting next_dagrun for latest_only_with_trigger to 2025-12-06 04:00:00+00:00, run_after=2025-12-06 08:00:00+00:00
[2025-12-06T09:02:17.307+0000] {processor.py:183} INFO - Processing /home/airflow/.local/lib/python3.8/site-packages/airflow/example_dags/example_latest_only_with_trigger.py took 0.120 seconds
[2025-12-06T09:02:47.624+0000] {processor.py:161} INFO - Started process (PID=866) to work on /home/airflow/.local/lib/python3.8/site-packages/airflow/example_dags/example_latest_only_with_trigger.py
[2025-12-06T09:02:47.626+0000] {processor.py:830} INFO - Processing file /home/airflow/.local/lib/python3.8/site-packages/airflow/example_dags/example_latest_only_with_trigger.py for tasks to queue
[2025-12-06T09:02:47.629+0000] {logging_mixin.py:188} INFO - [2025-12-06T09:02:47.628+0000] {dagbag.py:538} INFO - Filling up the DagBag from /home/airflow/.local/lib/python3.8/site-packages/airflow/example_dags/example_latest_only_with_trigger.py
[2025-12-06T09:02:47.638+0000] {processor.py:840} INFO - DAG(s) 'latest_only_with_trigger' retrieved from /home/airflow/.local/lib/python3.8/site-packages/airflow/example_dags/example_latest_only_with_trigger.py
[2025-12-06T09:02:47.674+0000] {logging_mixin.py:188} INFO - [2025-12-06T09:02:47.673+0000] {dag.py:3036} INFO - Sync 1 DAGs
[2025-12-06T09:02:47.703+0000] {logging_mixin.py:188} INFO - [2025-12-06T09:02:47.703+0000] {dag.py:3823} INFO - Setting next_dagrun for latest_only_with_trigger to 2025-12-06 04:00:00+00:00, run_after=2025-12-06 08:00:00+00:00
[2025-12-06T09:02:47.732+0000] {processor.py:183} INFO - Processing /home/airflow/.local/lib/python3.8/site-packages/airflow/example_dags/example_latest_only_with_trigger.py took 0.114 seconds
[2025-12-06T09:03:18.091+0000] {processor.py:161} INFO - Started process (PID=926) to work on /home/airflow/.local/lib/python3.8/site-packages/airflow/example_dags/example_latest_only_with_trigger.py
[2025-12-06T09:03:18.092+0000] {processor.py:830} INFO - Processing file /home/airflow/.local/lib/python3.8/site-packages/airflow/example_dags/example_latest_only_with_trigger.py for tasks to queue
[2025-12-06T09:03:18.095+0000] {logging_mixin.py:188} INFO - [2025-12-06T09:03:18.095+0000] {dagbag.py:538} INFO - Filling up the DagBag from /home/airflow/.local/lib/python3.8/site-packages/airflow/example_dags/example_latest_only_with_trigger.py
[2025-12-06T09:03:18.104+0000] {processor.py:840} INFO - DAG(s) 'latest_only_with_trigger' retrieved from /home/airflow/.local/lib/python3.8/site-packages/airflow/example_dags/example_latest_only_with_trigger.py
[2025-12-06T09:03:18.140+0000] {logging_mixin.py:188} INFO - [2025-12-06T09:03:18.139+0000] {dag.py:3036} INFO - Sync 1 DAGs
[2025-12-06T09:03:18.173+0000] {logging_mixin.py:188} INFO - [2025-12-06T09:03:18.173+0000] {dag.py:3823} INFO - Setting next_dagrun for latest_only_with_trigger to 2025-12-06 04:00:00+00:00, run_after=2025-12-06 08:00:00+00:00
[2025-12-06T09:03:18.206+0000] {processor.py:183} INFO - Processing /home/airflow/.local/lib/python3.8/site-packages/airflow/example_dags/example_latest_only_with_trigger.py took 0.120 seconds
[2025-12-06T09:03:48.500+0000] {processor.py:161} INFO - Started process (PID=985) to work on /home/airflow/.local/lib/python3.8/site-packages/airflow/example_dags/example_latest_only_with_trigger.py
[2025-12-06T09:03:48.502+0000] {processor.py:830} INFO - Processing file /home/airflow/.local/lib/python3.8/site-packages/airflow/example_dags/example_latest_only_with_trigger.py for tasks to queue
[2025-12-06T09:03:48.505+0000] {logging_mixin.py:188} INFO - [2025-12-06T09:03:48.505+0000] {dagbag.py:538} INFO - Filling up the DagBag from /home/airflow/.local/lib/python3.8/site-packages/airflow/example_dags/example_latest_only_with_trigger.py
[2025-12-06T09:03:48.513+0000] {processor.py:840} INFO - DAG(s) 'latest_only_with_trigger' retrieved from /home/airflow/.local/lib/python3.8/site-packages/airflow/example_dags/example_latest_only_with_trigger.py
[2025-12-06T09:03:48.547+0000] {logging_mixin.py:188} INFO - [2025-12-06T09:03:48.547+0000] {dag.py:3036} INFO - Sync 1 DAGs
[2025-12-06T09:03:48.583+0000] {logging_mixin.py:188} INFO - [2025-12-06T09:03:48.583+0000] {dag.py:3823} INFO - Setting next_dagrun for latest_only_with_trigger to 2025-12-06 04:00:00+00:00, run_after=2025-12-06 08:00:00+00:00
[2025-12-06T09:03:48.622+0000] {processor.py:183} INFO - Processing /home/airflow/.local/lib/python3.8/site-packages/airflow/example_dags/example_latest_only_with_trigger.py took 0.126 seconds
[2025-12-06T09:04:19.275+0000] {processor.py:161} INFO - Started process (PID=1044) to work on /home/airflow/.local/lib/python3.8/site-packages/airflow/example_dags/example_latest_only_with_trigger.py
[2025-12-06T09:04:19.276+0000] {processor.py:830} INFO - Processing file /home/airflow/.local/lib/python3.8/site-packages/airflow/example_dags/example_latest_only_with_trigger.py for tasks to queue
[2025-12-06T09:04:19.280+0000] {logging_mixin.py:188} INFO - [2025-12-06T09:04:19.279+0000] {dagbag.py:538} INFO - Filling up the DagBag from /home/airflow/.local/lib/python3.8/site-packages/airflow/example_dags/example_latest_only_with_trigger.py
[2025-12-06T09:04:19.288+0000] {processor.py:840} INFO - DAG(s) 'latest_only_with_trigger' retrieved from /home/airflow/.local/lib/python3.8/site-packages/airflow/example_dags/example_latest_only_with_trigger.py
[2025-12-06T09:04:19.326+0000] {logging_mixin.py:188} INFO - [2025-12-06T09:04:19.326+0000] {dag.py:3036} INFO - Sync 1 DAGs
[2025-12-06T09:04:19.368+0000] {logging_mixin.py:188} INFO - [2025-12-06T09:04:19.368+0000] {dag.py:3823} INFO - Setting next_dagrun for latest_only_with_trigger to 2025-12-06 04:00:00+00:00, run_after=2025-12-06 08:00:00+00:00
[2025-12-06T09:04:19.407+0000] {processor.py:183} INFO - Processing /home/airflow/.local/lib/python3.8/site-packages/airflow/example_dags/example_latest_only_with_trigger.py took 0.138 seconds
[2025-12-06T09:04:50.297+0000] {processor.py:161} INFO - Started process (PID=1103) to work on /home/airflow/.local/lib/python3.8/site-packages/airflow/example_dags/example_latest_only_with_trigger.py
[2025-12-06T09:04:50.299+0000] {processor.py:830} INFO - Processing file /home/airflow/.local/lib/python3.8/site-packages/airflow/example_dags/example_latest_only_with_trigger.py for tasks to queue
[2025-12-06T09:04:50.302+0000] {logging_mixin.py:188} INFO - [2025-12-06T09:04:50.302+0000] {dagbag.py:538} INFO - Filling up the DagBag from /home/airflow/.local/lib/python3.8/site-packages/airflow/example_dags/example_latest_only_with_trigger.py
[2025-12-06T09:04:50.310+0000] {processor.py:840} INFO - DAG(s) 'latest_only_with_trigger' retrieved from /home/airflow/.local/lib/python3.8/site-packages/airflow/example_dags/example_latest_only_with_trigger.py
[2025-12-06T09:04:50.344+0000] {logging_mixin.py:188} INFO - [2025-12-06T09:04:50.343+0000] {dag.py:3036} INFO - Sync 1 DAGs
[2025-12-06T09:04:50.382+0000] {logging_mixin.py:188} INFO - [2025-12-06T09:04:50.381+0000] {dag.py:3823} INFO - Setting next_dagrun for latest_only_with_trigger to 2025-12-06 04:00:00+00:00, run_after=2025-12-06 08:00:00+00:00
[2025-12-06T09:04:50.411+0000] {processor.py:183} INFO - Processing /home/airflow/.local/lib/python3.8/site-packages/airflow/example_dags/example_latest_only_with_trigger.py took 0.118 seconds
[2025-12-06T09:05:20.866+0000] {processor.py:161} INFO - Started process (PID=1162) to work on /home/airflow/.local/lib/python3.8/site-packages/airflow/example_dags/example_latest_only_with_trigger.py
[2025-12-06T09:05:20.867+0000] {processor.py:830} INFO - Processing file /home/airflow/.local/lib/python3.8/site-packages/airflow/example_dags/example_latest_only_with_trigger.py for tasks to queue
[2025-12-06T09:05:20.870+0000] {logging_mixin.py:188} INFO - [2025-12-06T09:05:20.870+0000] {dagbag.py:538} INFO - Filling up the DagBag from /home/airflow/.local/lib/python3.8/site-packages/airflow/example_dags/example_latest_only_with_trigger.py
[2025-12-06T09:05:20.879+0000] {processor.py:840} INFO - DAG(s) 'latest_only_with_trigger' retrieved from /home/airflow/.local/lib/python3.8/site-packages/airflow/example_dags/example_latest_only_with_trigger.py
[2025-12-06T09:05:20.910+0000] {logging_mixin.py:188} INFO - [2025-12-06T09:05:20.910+0000] {dag.py:3036} INFO - Sync 1 DAGs
[2025-12-06T09:05:20.946+0000] {logging_mixin.py:188} INFO - [2025-12-06T09:05:20.946+0000] {dag.py:3823} INFO - Setting next_dagrun for latest_only_with_trigger to 2025-12-06 04:00:00+00:00, run_after=2025-12-06 08:00:00+00:00
[2025-12-06T09:05:20.978+0000] {processor.py:183} INFO - Processing /home/airflow/.local/lib/python3.8/site-packages/airflow/example_dags/example_latest_only_with_trigger.py took 0.117 seconds
[2025-12-06T09:05:51.432+0000] {processor.py:161} INFO - Started process (PID=1222) to work on /home/airflow/.local/lib/python3.8/site-packages/airflow/example_dags/example_latest_only_with_trigger.py
[2025-12-06T09:05:51.433+0000] {processor.py:830} INFO - Processing file /home/airflow/.local/lib/python3.8/site-packages/airflow/example_dags/example_latest_only_with_trigger.py for tasks to queue
[2025-12-06T09:05:51.437+0000] {logging_mixin.py:188} INFO - [2025-12-06T09:05:51.436+0000] {dagbag.py:538} INFO - Filling up the DagBag from /home/airflow/.local/lib/python3.8/site-packages/airflow/example_dags/example_latest_only_with_trigger.py
[2025-12-06T09:05:51.447+0000] {processor.py:840} INFO - DAG(s) 'latest_only_with_trigger' retrieved from /home/airflow/.local/lib/python3.8/site-packages/airflow/example_dags/example_latest_only_with_trigger.py
[2025-12-06T09:05:51.484+0000] {logging_mixin.py:188} INFO - [2025-12-06T09:05:51.484+0000] {dag.py:3036} INFO - Sync 1 DAGs
[2025-12-06T09:05:51.527+0000] {logging_mixin.py:188} INFO - [2025-12-06T09:05:51.526+0000] {dag.py:3823} INFO - Setting next_dagrun for latest_only_with_trigger to 2025-12-06 04:00:00+00:00, run_after=2025-12-06 08:00:00+00:00
[2025-12-06T09:05:51.570+0000] {processor.py:183} INFO - Processing /home/airflow/.local/lib/python3.8/site-packages/airflow/example_dags/example_latest_only_with_trigger.py took 0.144 seconds
[2025-12-06T09:06:21.897+0000] {processor.py:161} INFO - Started process (PID=1281) to work on /home/airflow/.local/lib/python3.8/site-packages/airflow/example_dags/example_latest_only_with_trigger.py
[2025-12-06T09:06:21.899+0000] {processor.py:830} INFO - Processing file /home/airflow/.local/lib/python3.8/site-packages/airflow/example_dags/example_latest_only_with_trigger.py for tasks to queue
[2025-12-06T09:06:21.904+0000] {logging_mixin.py:188} INFO - [2025-12-06T09:06:21.903+0000] {dagbag.py:538} INFO - Filling up the DagBag from /home/airflow/.local/lib/python3.8/site-packages/airflow/example_dags/example_latest_only_with_trigger.py
[2025-12-06T09:06:21.914+0000] {processor.py:840} INFO - DAG(s) 'latest_only_with_trigger' retrieved from /home/airflow/.local/lib/python3.8/site-packages/airflow/example_dags/example_latest_only_with_trigger.py
[2025-12-06T09:06:21.957+0000] {logging_mixin.py:188} INFO - [2025-12-06T09:06:21.956+0000] {dag.py:3036} INFO - Sync 1 DAGs
[2025-12-06T09:06:21.996+0000] {logging_mixin.py:188} INFO - [2025-12-06T09:06:21.996+0000] {dag.py:3823} INFO - Setting next_dagrun for latest_only_with_trigger to 2025-12-06 04:00:00+00:00, run_after=2025-12-06 08:00:00+00:00
[2025-12-06T09:06:22.038+0000] {processor.py:183} INFO - Processing /home/airflow/.local/lib/python3.8/site-packages/airflow/example_dags/example_latest_only_with_trigger.py took 0.147 seconds
[2025-12-06T09:06:52.313+0000] {processor.py:161} INFO - Started process (PID=1341) to work on /home/airflow/.local/lib/python3.8/site-packages/airflow/example_dags/example_latest_only_with_trigger.py
[2025-12-06T09:06:52.315+0000] {processor.py:830} INFO - Processing file /home/airflow/.local/lib/python3.8/site-packages/airflow/example_dags/example_latest_only_with_trigger.py for tasks to queue
[2025-12-06T09:06:52.318+0000] {logging_mixin.py:188} INFO - [2025-12-06T09:06:52.318+0000] {dagbag.py:538} INFO - Filling up the DagBag from /home/airflow/.local/lib/python3.8/site-packages/airflow/example_dags/example_latest_only_with_trigger.py
[2025-12-06T09:06:52.326+0000] {processor.py:840} INFO - DAG(s) 'latest_only_with_trigger' retrieved from /home/airflow/.local/lib/python3.8/site-packages/airflow/example_dags/example_latest_only_with_trigger.py
[2025-12-06T09:06:52.360+0000] {logging_mixin.py:188} INFO - [2025-12-06T09:06:52.360+0000] {dag.py:3036} INFO - Sync 1 DAGs
[2025-12-06T09:06:52.393+0000] {logging_mixin.py:188} INFO - [2025-12-06T09:06:52.392+0000] {dag.py:3823} INFO - Setting next_dagrun for latest_only_with_trigger to 2025-12-06 04:00:00+00:00, run_after=2025-12-06 08:00:00+00:00
[2025-12-06T09:06:52.433+0000] {processor.py:183} INFO - Processing /home/airflow/.local/lib/python3.8/site-packages/airflow/example_dags/example_latest_only_with_trigger.py took 0.125 seconds
[2025-12-06T09:07:22.854+0000] {processor.py:161} INFO - Started process (PID=1400) to work on /home/airflow/.local/lib/python3.8/site-packages/airflow/example_dags/example_latest_only_with_trigger.py
[2025-12-06T09:07:22.855+0000] {processor.py:830} INFO - Processing file /home/airflow/.local/lib/python3.8/site-packages/airflow/example_dags/example_latest_only_with_trigger.py for tasks to queue
[2025-12-06T09:07:22.859+0000] {logging_mixin.py:188} INFO - [2025-12-06T09:07:22.858+0000] {dagbag.py:538} INFO - Filling up the DagBag from /home/airflow/.local/lib/python3.8/site-packages/airflow/example_dags/example_latest_only_with_trigger.py
[2025-12-06T09:07:22.868+0000] {processor.py:840} INFO - DAG(s) 'latest_only_with_trigger' retrieved from /home/airflow/.local/lib/python3.8/site-packages/airflow/example_dags/example_latest_only_with_trigger.py
[2025-12-06T09:07:22.905+0000] {logging_mixin.py:188} INFO - [2025-12-06T09:07:22.905+0000] {dag.py:3036} INFO - Sync 1 DAGs
[2025-12-06T09:07:22.936+0000] {logging_mixin.py:188} INFO - [2025-12-06T09:07:22.936+0000] {dag.py:3823} INFO - Setting next_dagrun for latest_only_with_trigger to 2025-12-06 04:00:00+00:00, run_after=2025-12-06 08:00:00+00:00
[2025-12-06T09:07:22.969+0000] {processor.py:183} INFO - Processing /home/airflow/.local/lib/python3.8/site-packages/airflow/example_dags/example_latest_only_with_trigger.py took 0.121 seconds
[2025-12-06T09:07:53.444+0000] {processor.py:161} INFO - Started process (PID=1459) to work on /home/airflow/.local/lib/python3.8/site-packages/airflow/example_dags/example_latest_only_with_trigger.py
[2025-12-06T09:07:53.446+0000] {processor.py:830} INFO - Processing file /home/airflow/.local/lib/python3.8/site-packages/airflow/example_dags/example_latest_only_with_trigger.py for tasks to queue
[2025-12-06T09:07:53.449+0000] {logging_mixin.py:188} INFO - [2025-12-06T09:07:53.448+0000] {dagbag.py:538} INFO - Filling up the DagBag from /home/airflow/.local/lib/python3.8/site-packages/airflow/example_dags/example_latest_only_with_trigger.py
[2025-12-06T09:07:53.458+0000] {processor.py:840} INFO - DAG(s) 'latest_only_with_trigger' retrieved from /home/airflow/.local/lib/python3.8/site-packages/airflow/example_dags/example_latest_only_with_trigger.py
[2025-12-06T09:07:53.489+0000] {logging_mixin.py:188} INFO - [2025-12-06T09:07:53.489+0000] {dag.py:3036} INFO - Sync 1 DAGs
[2025-12-06T09:07:53.521+0000] {logging_mixin.py:188} INFO - [2025-12-06T09:07:53.520+0000] {dag.py:3823} INFO - Setting next_dagrun for latest_only_with_trigger to 2025-12-06 04:00:00+00:00, run_after=2025-12-06 08:00:00+00:00
[2025-12-06T09:07:53.551+0000] {processor.py:183} INFO - Processing /home/airflow/.local/lib/python3.8/site-packages/airflow/example_dags/example_latest_only_with_trigger.py took 0.112 seconds
[2025-12-06T09:08:23.901+0000] {processor.py:161} INFO - Started process (PID=1518) to work on /home/airflow/.local/lib/python3.8/site-packages/airflow/example_dags/example_latest_only_with_trigger.py
[2025-12-06T09:08:23.903+0000] {processor.py:830} INFO - Processing file /home/airflow/.local/lib/python3.8/site-packages/airflow/example_dags/example_latest_only_with_trigger.py for tasks to queue
[2025-12-06T09:08:23.906+0000] {logging_mixin.py:188} INFO - [2025-12-06T09:08:23.906+0000] {dagbag.py:538} INFO - Filling up the DagBag from /home/airflow/.local/lib/python3.8/site-packages/airflow/example_dags/example_latest_only_with_trigger.py
[2025-12-06T09:08:23.916+0000] {processor.py:840} INFO - DAG(s) 'latest_only_with_trigger' retrieved from /home/airflow/.local/lib/python3.8/site-packages/airflow/example_dags/example_latest_only_with_trigger.py
[2025-12-06T09:08:23.951+0000] {logging_mixin.py:188} INFO - [2025-12-06T09:08:23.950+0000] {dag.py:3036} INFO - Sync 1 DAGs
[2025-12-06T09:08:23.985+0000] {logging_mixin.py:188} INFO - [2025-12-06T09:08:23.984+0000] {dag.py:3823} INFO - Setting next_dagrun for latest_only_with_trigger to 2025-12-06 04:00:00+00:00, run_after=2025-12-06 08:00:00+00:00
[2025-12-06T09:08:24.019+0000] {processor.py:183} INFO - Processing /home/airflow/.local/lib/python3.8/site-packages/airflow/example_dags/example_latest_only_with_trigger.py took 0.123 seconds
[2025-12-06T09:08:54.313+0000] {processor.py:161} INFO - Started process (PID=1578) to work on /home/airflow/.local/lib/python3.8/site-packages/airflow/example_dags/example_latest_only_with_trigger.py
[2025-12-06T09:08:54.315+0000] {processor.py:830} INFO - Processing file /home/airflow/.local/lib/python3.8/site-packages/airflow/example_dags/example_latest_only_with_trigger.py for tasks to queue
[2025-12-06T09:08:54.318+0000] {logging_mixin.py:188} INFO - [2025-12-06T09:08:54.317+0000] {dagbag.py:538} INFO - Filling up the DagBag from /home/airflow/.local/lib/python3.8/site-packages/airflow/example_dags/example_latest_only_with_trigger.py
[2025-12-06T09:08:54.326+0000] {processor.py:840} INFO - DAG(s) 'latest_only_with_trigger' retrieved from /home/airflow/.local/lib/python3.8/site-packages/airflow/example_dags/example_latest_only_with_trigger.py
[2025-12-06T09:08:54.365+0000] {logging_mixin.py:188} INFO - [2025-12-06T09:08:54.364+0000] {dag.py:3036} INFO - Sync 1 DAGs
[2025-12-06T09:08:54.399+0000] {logging_mixin.py:188} INFO - [2025-12-06T09:08:54.398+0000] {dag.py:3823} INFO - Setting next_dagrun for latest_only_with_trigger to 2025-12-06 04:00:00+00:00, run_after=2025-12-06 08:00:00+00:00
[2025-12-06T09:08:54.435+0000] {processor.py:183} INFO - Processing /home/airflow/.local/lib/python3.8/site-packages/airflow/example_dags/example_latest_only_with_trigger.py took 0.126 seconds
[2025-12-06T09:09:25.211+0000] {processor.py:161} INFO - Started process (PID=1637) to work on /home/airflow/.local/lib/python3.8/site-packages/airflow/example_dags/example_latest_only_with_trigger.py
[2025-12-06T09:09:25.213+0000] {processor.py:830} INFO - Processing file /home/airflow/.local/lib/python3.8/site-packages/airflow/example_dags/example_latest_only_with_trigger.py for tasks to queue
[2025-12-06T09:09:25.217+0000] {logging_mixin.py:188} INFO - [2025-12-06T09:09:25.216+0000] {dagbag.py:538} INFO - Filling up the DagBag from /home/airflow/.local/lib/python3.8/site-packages/airflow/example_dags/example_latest_only_with_trigger.py
[2025-12-06T09:09:25.233+0000] {processor.py:840} INFO - DAG(s) 'latest_only_with_trigger' retrieved from /home/airflow/.local/lib/python3.8/site-packages/airflow/example_dags/example_latest_only_with_trigger.py
[2025-12-06T09:09:25.294+0000] {logging_mixin.py:188} INFO - [2025-12-06T09:09:25.292+0000] {dag.py:3036} INFO - Sync 1 DAGs
[2025-12-06T09:09:25.351+0000] {logging_mixin.py:188} INFO - [2025-12-06T09:09:25.350+0000] {dag.py:3823} INFO - Setting next_dagrun for latest_only_with_trigger to 2025-12-06 04:00:00+00:00, run_after=2025-12-06 08:00:00+00:00
[2025-12-06T09:09:25.396+0000] {processor.py:183} INFO - Processing /home/airflow/.local/lib/python3.8/site-packages/airflow/example_dags/example_latest_only_with_trigger.py took 0.194 seconds
[2025-12-06T09:09:55.521+0000] {processor.py:161} INFO - Started process (PID=1696) to work on /home/airflow/.local/lib/python3.8/site-packages/airflow/example_dags/example_latest_only_with_trigger.py
[2025-12-06T09:09:55.522+0000] {processor.py:830} INFO - Processing file /home/airflow/.local/lib/python3.8/site-packages/airflow/example_dags/example_latest_only_with_trigger.py for tasks to queue
[2025-12-06T09:09:55.525+0000] {logging_mixin.py:188} INFO - [2025-12-06T09:09:55.525+0000] {dagbag.py:538} INFO - Filling up the DagBag from /home/airflow/.local/lib/python3.8/site-packages/airflow/example_dags/example_latest_only_with_trigger.py
[2025-12-06T09:09:55.535+0000] {processor.py:840} INFO - DAG(s) 'latest_only_with_trigger' retrieved from /home/airflow/.local/lib/python3.8/site-packages/airflow/example_dags/example_latest_only_with_trigger.py
[2025-12-06T09:09:55.575+0000] {logging_mixin.py:188} INFO - [2025-12-06T09:09:55.575+0000] {dag.py:3036} INFO - Sync 1 DAGs
[2025-12-06T09:09:55.608+0000] {logging_mixin.py:188} INFO - [2025-12-06T09:09:55.608+0000] {dag.py:3823} INFO - Setting next_dagrun for latest_only_with_trigger to 2025-12-06 04:00:00+00:00, run_after=2025-12-06 08:00:00+00:00
[2025-12-06T09:09:55.643+0000] {processor.py:183} INFO - Processing /home/airflow/.local/lib/python3.8/site-packages/airflow/example_dags/example_latest_only_with_trigger.py took 0.129 seconds
[2025-12-06T09:10:25.771+0000] {processor.py:161} INFO - Started process (PID=1755) to work on /home/airflow/.local/lib/python3.8/site-packages/airflow/example_dags/example_latest_only_with_trigger.py
[2025-12-06T09:10:25.772+0000] {processor.py:830} INFO - Processing file /home/airflow/.local/lib/python3.8/site-packages/airflow/example_dags/example_latest_only_with_trigger.py for tasks to queue
[2025-12-06T09:10:25.775+0000] {logging_mixin.py:188} INFO - [2025-12-06T09:10:25.775+0000] {dagbag.py:538} INFO - Filling up the DagBag from /home/airflow/.local/lib/python3.8/site-packages/airflow/example_dags/example_latest_only_with_trigger.py
[2025-12-06T09:10:25.784+0000] {processor.py:840} INFO - DAG(s) 'latest_only_with_trigger' retrieved from /home/airflow/.local/lib/python3.8/site-packages/airflow/example_dags/example_latest_only_with_trigger.py
[2025-12-06T09:10:25.823+0000] {logging_mixin.py:188} INFO - [2025-12-06T09:10:25.823+0000] {dag.py:3036} INFO - Sync 1 DAGs
[2025-12-06T09:10:25.856+0000] {logging_mixin.py:188} INFO - [2025-12-06T09:10:25.855+0000] {dag.py:3823} INFO - Setting next_dagrun for latest_only_with_trigger to 2025-12-06 04:00:00+00:00, run_after=2025-12-06 08:00:00+00:00
[2025-12-06T09:10:25.889+0000] {processor.py:183} INFO - Processing /home/airflow/.local/lib/python3.8/site-packages/airflow/example_dags/example_latest_only_with_trigger.py took 0.125 seconds
[2025-12-06T09:10:56.644+0000] {processor.py:161} INFO - Started process (PID=1814) to work on /home/airflow/.local/lib/python3.8/site-packages/airflow/example_dags/example_latest_only_with_trigger.py
[2025-12-06T09:10:56.645+0000] {processor.py:830} INFO - Processing file /home/airflow/.local/lib/python3.8/site-packages/airflow/example_dags/example_latest_only_with_trigger.py for tasks to queue
[2025-12-06T09:10:56.649+0000] {logging_mixin.py:188} INFO - [2025-12-06T09:10:56.648+0000] {dagbag.py:538} INFO - Filling up the DagBag from /home/airflow/.local/lib/python3.8/site-packages/airflow/example_dags/example_latest_only_with_trigger.py
[2025-12-06T09:10:56.657+0000] {processor.py:840} INFO - DAG(s) 'latest_only_with_trigger' retrieved from /home/airflow/.local/lib/python3.8/site-packages/airflow/example_dags/example_latest_only_with_trigger.py
[2025-12-06T09:10:56.698+0000] {logging_mixin.py:188} INFO - [2025-12-06T09:10:56.697+0000] {dag.py:3036} INFO - Sync 1 DAGs
[2025-12-06T09:10:56.732+0000] {logging_mixin.py:188} INFO - [2025-12-06T09:10:56.731+0000] {dag.py:3823} INFO - Setting next_dagrun for latest_only_with_trigger to 2025-12-06 04:00:00+00:00, run_after=2025-12-06 08:00:00+00:00
[2025-12-06T09:10:56.771+0000] {processor.py:183} INFO - Processing /home/airflow/.local/lib/python3.8/site-packages/airflow/example_dags/example_latest_only_with_trigger.py took 0.132 seconds
[2025-12-06T09:11:27.339+0000] {processor.py:161} INFO - Started process (PID=1873) to work on /home/airflow/.local/lib/python3.8/site-packages/airflow/example_dags/example_latest_only_with_trigger.py
[2025-12-06T09:11:27.341+0000] {processor.py:830} INFO - Processing file /home/airflow/.local/lib/python3.8/site-packages/airflow/example_dags/example_latest_only_with_trigger.py for tasks to queue
[2025-12-06T09:11:27.344+0000] {logging_mixin.py:188} INFO - [2025-12-06T09:11:27.343+0000] {dagbag.py:538} INFO - Filling up the DagBag from /home/airflow/.local/lib/python3.8/site-packages/airflow/example_dags/example_latest_only_with_trigger.py
[2025-12-06T09:11:27.352+0000] {processor.py:840} INFO - DAG(s) 'latest_only_with_trigger' retrieved from /home/airflow/.local/lib/python3.8/site-packages/airflow/example_dags/example_latest_only_with_trigger.py
[2025-12-06T09:11:27.396+0000] {logging_mixin.py:188} INFO - [2025-12-06T09:11:27.395+0000] {dag.py:3036} INFO - Sync 1 DAGs
[2025-12-06T09:11:27.437+0000] {logging_mixin.py:188} INFO - [2025-12-06T09:11:27.437+0000] {dag.py:3823} INFO - Setting next_dagrun for latest_only_with_trigger to 2025-12-06 04:00:00+00:00, run_after=2025-12-06 08:00:00+00:00
[2025-12-06T09:11:27.476+0000] {processor.py:183} INFO - Processing /home/airflow/.local/lib/python3.8/site-packages/airflow/example_dags/example_latest_only_with_trigger.py took 0.141 seconds
[2025-12-06T09:11:57.632+0000] {processor.py:161} INFO - Started process (PID=1932) to work on /home/airflow/.local/lib/python3.8/site-packages/airflow/example_dags/example_latest_only_with_trigger.py
[2025-12-06T09:11:57.635+0000] {processor.py:830} INFO - Processing file /home/airflow/.local/lib/python3.8/site-packages/airflow/example_dags/example_latest_only_with_trigger.py for tasks to queue
[2025-12-06T09:11:57.637+0000] {logging_mixin.py:188} INFO - [2025-12-06T09:11:57.637+0000] {dagbag.py:538} INFO - Filling up the DagBag from /home/airflow/.local/lib/python3.8/site-packages/airflow/example_dags/example_latest_only_with_trigger.py
[2025-12-06T09:11:57.646+0000] {processor.py:840} INFO - DAG(s) 'latest_only_with_trigger' retrieved from /home/airflow/.local/lib/python3.8/site-packages/airflow/example_dags/example_latest_only_with_trigger.py
[2025-12-06T09:11:57.682+0000] {logging_mixin.py:188} INFO - [2025-12-06T09:11:57.681+0000] {dag.py:3036} INFO - Sync 1 DAGs
[2025-12-06T09:11:57.713+0000] {logging_mixin.py:188} INFO - [2025-12-06T09:11:57.712+0000] {dag.py:3823} INFO - Setting next_dagrun for latest_only_with_trigger to 2025-12-06 04:00:00+00:00, run_after=2025-12-06 08:00:00+00:00
[2025-12-06T09:11:57.748+0000] {processor.py:183} INFO - Processing /home/airflow/.local/lib/python3.8/site-packages/airflow/example_dags/example_latest_only_with_trigger.py took 0.120 seconds
[2025-12-06T09:12:28.086+0000] {processor.py:161} INFO - Started process (PID=1991) to work on /home/airflow/.local/lib/python3.8/site-packages/airflow/example_dags/example_latest_only_with_trigger.py
[2025-12-06T09:12:28.089+0000] {processor.py:830} INFO - Processing file /home/airflow/.local/lib/python3.8/site-packages/airflow/example_dags/example_latest_only_with_trigger.py for tasks to queue
[2025-12-06T09:12:28.092+0000] {logging_mixin.py:188} INFO - [2025-12-06T09:12:28.092+0000] {dagbag.py:538} INFO - Filling up the DagBag from /home/airflow/.local/lib/python3.8/site-packages/airflow/example_dags/example_latest_only_with_trigger.py
[2025-12-06T09:12:28.102+0000] {processor.py:840} INFO - DAG(s) 'latest_only_with_trigger' retrieved from /home/airflow/.local/lib/python3.8/site-packages/airflow/example_dags/example_latest_only_with_trigger.py
[2025-12-06T09:12:28.138+0000] {logging_mixin.py:188} INFO - [2025-12-06T09:12:28.137+0000] {dag.py:3036} INFO - Sync 1 DAGs
[2025-12-06T09:12:28.167+0000] {logging_mixin.py:188} INFO - [2025-12-06T09:12:28.167+0000] {dag.py:3823} INFO - Setting next_dagrun for latest_only_with_trigger to 2025-12-06 04:00:00+00:00, run_after=2025-12-06 08:00:00+00:00
[2025-12-06T09:12:28.198+0000] {processor.py:183} INFO - Processing /home/airflow/.local/lib/python3.8/site-packages/airflow/example_dags/example_latest_only_with_trigger.py took 0.116 seconds
[2025-12-06T09:12:58.949+0000] {processor.py:161} INFO - Started process (PID=2050) to work on /home/airflow/.local/lib/python3.8/site-packages/airflow/example_dags/example_latest_only_with_trigger.py
[2025-12-06T09:12:58.950+0000] {processor.py:830} INFO - Processing file /home/airflow/.local/lib/python3.8/site-packages/airflow/example_dags/example_latest_only_with_trigger.py for tasks to queue
[2025-12-06T09:12:58.954+0000] {logging_mixin.py:188} INFO - [2025-12-06T09:12:58.953+0000] {dagbag.py:538} INFO - Filling up the DagBag from /home/airflow/.local/lib/python3.8/site-packages/airflow/example_dags/example_latest_only_with_trigger.py
[2025-12-06T09:12:58.964+0000] {processor.py:840} INFO - DAG(s) 'latest_only_with_trigger' retrieved from /home/airflow/.local/lib/python3.8/site-packages/airflow/example_dags/example_latest_only_with_trigger.py
[2025-12-06T09:12:59.004+0000] {logging_mixin.py:188} INFO - [2025-12-06T09:12:59.003+0000] {dag.py:3036} INFO - Sync 1 DAGs
[2025-12-06T09:12:59.038+0000] {logging_mixin.py:188} INFO - [2025-12-06T09:12:59.038+0000] {dag.py:3823} INFO - Setting next_dagrun for latest_only_with_trigger to 2025-12-06 04:00:00+00:00, run_after=2025-12-06 08:00:00+00:00
[2025-12-06T09:12:59.093+0000] {processor.py:183} INFO - Processing /home/airflow/.local/lib/python3.8/site-packages/airflow/example_dags/example_latest_only_with_trigger.py took 0.150 seconds
[2025-12-06T09:13:29.543+0000] {processor.py:161} INFO - Started process (PID=2109) to work on /home/airflow/.local/lib/python3.8/site-packages/airflow/example_dags/example_latest_only_with_trigger.py
[2025-12-06T09:13:29.545+0000] {processor.py:830} INFO - Processing file /home/airflow/.local/lib/python3.8/site-packages/airflow/example_dags/example_latest_only_with_trigger.py for tasks to queue
[2025-12-06T09:13:29.549+0000] {logging_mixin.py:188} INFO - [2025-12-06T09:13:29.549+0000] {dagbag.py:538} INFO - Filling up the DagBag from /home/airflow/.local/lib/python3.8/site-packages/airflow/example_dags/example_latest_only_with_trigger.py
[2025-12-06T09:13:29.557+0000] {processor.py:840} INFO - DAG(s) 'latest_only_with_trigger' retrieved from /home/airflow/.local/lib/python3.8/site-packages/airflow/example_dags/example_latest_only_with_trigger.py
[2025-12-06T09:13:29.592+0000] {logging_mixin.py:188} INFO - [2025-12-06T09:13:29.592+0000] {dag.py:3036} INFO - Sync 1 DAGs
[2025-12-06T09:13:29.624+0000] {logging_mixin.py:188} INFO - [2025-12-06T09:13:29.624+0000] {dag.py:3823} INFO - Setting next_dagrun for latest_only_with_trigger to 2025-12-06 04:00:00+00:00, run_after=2025-12-06 08:00:00+00:00
[2025-12-06T09:13:29.655+0000] {processor.py:183} INFO - Processing /home/airflow/.local/lib/python3.8/site-packages/airflow/example_dags/example_latest_only_with_trigger.py took 0.117 seconds
[2025-12-06T09:13:59.822+0000] {processor.py:161} INFO - Started process (PID=2168) to work on /home/airflow/.local/lib/python3.8/site-packages/airflow/example_dags/example_latest_only_with_trigger.py
[2025-12-06T09:13:59.823+0000] {processor.py:830} INFO - Processing file /home/airflow/.local/lib/python3.8/site-packages/airflow/example_dags/example_latest_only_with_trigger.py for tasks to queue
[2025-12-06T09:13:59.827+0000] {logging_mixin.py:188} INFO - [2025-12-06T09:13:59.826+0000] {dagbag.py:538} INFO - Filling up the DagBag from /home/airflow/.local/lib/python3.8/site-packages/airflow/example_dags/example_latest_only_with_trigger.py
[2025-12-06T09:13:59.837+0000] {processor.py:840} INFO - DAG(s) 'latest_only_with_trigger' retrieved from /home/airflow/.local/lib/python3.8/site-packages/airflow/example_dags/example_latest_only_with_trigger.py
[2025-12-06T09:13:59.870+0000] {logging_mixin.py:188} INFO - [2025-12-06T09:13:59.870+0000] {dag.py:3036} INFO - Sync 1 DAGs
[2025-12-06T09:13:59.902+0000] {logging_mixin.py:188} INFO - [2025-12-06T09:13:59.902+0000] {dag.py:3823} INFO - Setting next_dagrun for latest_only_with_trigger to 2025-12-06 04:00:00+00:00, run_after=2025-12-06 08:00:00+00:00
[2025-12-06T09:13:59.935+0000] {processor.py:183} INFO - Processing /home/airflow/.local/lib/python3.8/site-packages/airflow/example_dags/example_latest_only_with_trigger.py took 0.118 seconds
[2025-12-06T09:14:30.080+0000] {processor.py:161} INFO - Started process (PID=2227) to work on /home/airflow/.local/lib/python3.8/site-packages/airflow/example_dags/example_latest_only_with_trigger.py
[2025-12-06T09:14:30.082+0000] {processor.py:830} INFO - Processing file /home/airflow/.local/lib/python3.8/site-packages/airflow/example_dags/example_latest_only_with_trigger.py for tasks to queue
[2025-12-06T09:14:30.084+0000] {logging_mixin.py:188} INFO - [2025-12-06T09:14:30.084+0000] {dagbag.py:538} INFO - Filling up the DagBag from /home/airflow/.local/lib/python3.8/site-packages/airflow/example_dags/example_latest_only_with_trigger.py
[2025-12-06T09:14:30.095+0000] {processor.py:840} INFO - DAG(s) 'latest_only_with_trigger' retrieved from /home/airflow/.local/lib/python3.8/site-packages/airflow/example_dags/example_latest_only_with_trigger.py
[2025-12-06T09:14:30.127+0000] {logging_mixin.py:188} INFO - [2025-12-06T09:14:30.126+0000] {dag.py:3036} INFO - Sync 1 DAGs
[2025-12-06T09:14:30.157+0000] {logging_mixin.py:188} INFO - [2025-12-06T09:14:30.156+0000] {dag.py:3823} INFO - Setting next_dagrun for latest_only_with_trigger to 2025-12-06 04:00:00+00:00, run_after=2025-12-06 08:00:00+00:00
[2025-12-06T09:14:30.191+0000] {processor.py:183} INFO - Processing /home/airflow/.local/lib/python3.8/site-packages/airflow/example_dags/example_latest_only_with_trigger.py took 0.117 seconds
[2025-12-06T09:15:00.501+0000] {processor.py:161} INFO - Started process (PID=2286) to work on /home/airflow/.local/lib/python3.8/site-packages/airflow/example_dags/example_latest_only_with_trigger.py
[2025-12-06T09:15:00.505+0000] {processor.py:830} INFO - Processing file /home/airflow/.local/lib/python3.8/site-packages/airflow/example_dags/example_latest_only_with_trigger.py for tasks to queue
[2025-12-06T09:15:00.509+0000] {logging_mixin.py:188} INFO - [2025-12-06T09:15:00.508+0000] {dagbag.py:538} INFO - Filling up the DagBag from /home/airflow/.local/lib/python3.8/site-packages/airflow/example_dags/example_latest_only_with_trigger.py
[2025-12-06T09:15:00.518+0000] {processor.py:840} INFO - DAG(s) 'latest_only_with_trigger' retrieved from /home/airflow/.local/lib/python3.8/site-packages/airflow/example_dags/example_latest_only_with_trigger.py
[2025-12-06T09:15:00.555+0000] {logging_mixin.py:188} INFO - [2025-12-06T09:15:00.555+0000] {dag.py:3036} INFO - Sync 1 DAGs
[2025-12-06T09:15:00.594+0000] {logging_mixin.py:188} INFO - [2025-12-06T09:15:00.593+0000] {dag.py:3823} INFO - Setting next_dagrun for latest_only_with_trigger to 2025-12-06 04:00:00+00:00, run_after=2025-12-06 08:00:00+00:00
[2025-12-06T09:15:00.633+0000] {processor.py:183} INFO - Processing /home/airflow/.local/lib/python3.8/site-packages/airflow/example_dags/example_latest_only_with_trigger.py took 0.136 seconds
[2025-12-06T09:15:30.827+0000] {processor.py:161} INFO - Started process (PID=2345) to work on /home/airflow/.local/lib/python3.8/site-packages/airflow/example_dags/example_latest_only_with_trigger.py
[2025-12-06T09:15:30.829+0000] {processor.py:830} INFO - Processing file /home/airflow/.local/lib/python3.8/site-packages/airflow/example_dags/example_latest_only_with_trigger.py for tasks to queue
[2025-12-06T09:15:30.832+0000] {logging_mixin.py:188} INFO - [2025-12-06T09:15:30.832+0000] {dagbag.py:538} INFO - Filling up the DagBag from /home/airflow/.local/lib/python3.8/site-packages/airflow/example_dags/example_latest_only_with_trigger.py
[2025-12-06T09:15:30.841+0000] {processor.py:840} INFO - DAG(s) 'latest_only_with_trigger' retrieved from /home/airflow/.local/lib/python3.8/site-packages/airflow/example_dags/example_latest_only_with_trigger.py
[2025-12-06T09:15:30.877+0000] {logging_mixin.py:188} INFO - [2025-12-06T09:15:30.877+0000] {dag.py:3036} INFO - Sync 1 DAGs
[2025-12-06T09:15:30.912+0000] {logging_mixin.py:188} INFO - [2025-12-06T09:15:30.912+0000] {dag.py:3823} INFO - Setting next_dagrun for latest_only_with_trigger to 2025-12-06 04:00:00+00:00, run_after=2025-12-06 08:00:00+00:00
[2025-12-06T09:15:30.946+0000] {processor.py:183} INFO - Processing /home/airflow/.local/lib/python3.8/site-packages/airflow/example_dags/example_latest_only_with_trigger.py took 0.124 seconds
[2025-12-06T09:16:01.389+0000] {processor.py:161} INFO - Started process (PID=2404) to work on /home/airflow/.local/lib/python3.8/site-packages/airflow/example_dags/example_latest_only_with_trigger.py
[2025-12-06T09:16:01.391+0000] {processor.py:830} INFO - Processing file /home/airflow/.local/lib/python3.8/site-packages/airflow/example_dags/example_latest_only_with_trigger.py for tasks to queue
[2025-12-06T09:16:01.394+0000] {logging_mixin.py:188} INFO - [2025-12-06T09:16:01.393+0000] {dagbag.py:538} INFO - Filling up the DagBag from /home/airflow/.local/lib/python3.8/site-packages/airflow/example_dags/example_latest_only_with_trigger.py
[2025-12-06T09:16:01.402+0000] {processor.py:840} INFO - DAG(s) 'latest_only_with_trigger' retrieved from /home/airflow/.local/lib/python3.8/site-packages/airflow/example_dags/example_latest_only_with_trigger.py
[2025-12-06T09:16:01.437+0000] {logging_mixin.py:188} INFO - [2025-12-06T09:16:01.437+0000] {dag.py:3036} INFO - Sync 1 DAGs
[2025-12-06T09:16:01.468+0000] {logging_mixin.py:188} INFO - [2025-12-06T09:16:01.468+0000] {dag.py:3823} INFO - Setting next_dagrun for latest_only_with_trigger to 2025-12-06 04:00:00+00:00, run_after=2025-12-06 08:00:00+00:00
[2025-12-06T09:16:01.501+0000] {processor.py:183} INFO - Processing /home/airflow/.local/lib/python3.8/site-packages/airflow/example_dags/example_latest_only_with_trigger.py took 0.117 seconds
[2025-12-06T09:16:31.947+0000] {processor.py:161} INFO - Started process (PID=2463) to work on /home/airflow/.local/lib/python3.8/site-packages/airflow/example_dags/example_latest_only_with_trigger.py
[2025-12-06T09:16:31.948+0000] {processor.py:830} INFO - Processing file /home/airflow/.local/lib/python3.8/site-packages/airflow/example_dags/example_latest_only_with_trigger.py for tasks to queue
[2025-12-06T09:16:31.951+0000] {logging_mixin.py:188} INFO - [2025-12-06T09:16:31.950+0000] {dagbag.py:538} INFO - Filling up the DagBag from /home/airflow/.local/lib/python3.8/site-packages/airflow/example_dags/example_latest_only_with_trigger.py
[2025-12-06T09:16:31.959+0000] {processor.py:840} INFO - DAG(s) 'latest_only_with_trigger' retrieved from /home/airflow/.local/lib/python3.8/site-packages/airflow/example_dags/example_latest_only_with_trigger.py
[2025-12-06T09:16:31.995+0000] {logging_mixin.py:188} INFO - [2025-12-06T09:16:31.995+0000] {dag.py:3036} INFO - Sync 1 DAGs
[2025-12-06T09:16:32.029+0000] {logging_mixin.py:188} INFO - [2025-12-06T09:16:32.028+0000] {dag.py:3823} INFO - Setting next_dagrun for latest_only_with_trigger to 2025-12-06 04:00:00+00:00, run_after=2025-12-06 08:00:00+00:00
[2025-12-06T09:16:32.063+0000] {processor.py:183} INFO - Processing /home/airflow/.local/lib/python3.8/site-packages/airflow/example_dags/example_latest_only_with_trigger.py took 0.122 seconds
[2025-12-06T09:17:02.660+0000] {processor.py:161} INFO - Started process (PID=2520) to work on /home/airflow/.local/lib/python3.8/site-packages/airflow/example_dags/example_latest_only_with_trigger.py
[2025-12-06T09:17:02.661+0000] {processor.py:830} INFO - Processing file /home/airflow/.local/lib/python3.8/site-packages/airflow/example_dags/example_latest_only_with_trigger.py for tasks to queue
[2025-12-06T09:17:02.664+0000] {logging_mixin.py:188} INFO - [2025-12-06T09:17:02.664+0000] {dagbag.py:538} INFO - Filling up the DagBag from /home/airflow/.local/lib/python3.8/site-packages/airflow/example_dags/example_latest_only_with_trigger.py
[2025-12-06T09:17:02.673+0000] {processor.py:840} INFO - DAG(s) 'latest_only_with_trigger' retrieved from /home/airflow/.local/lib/python3.8/site-packages/airflow/example_dags/example_latest_only_with_trigger.py
[2025-12-06T09:17:02.714+0000] {logging_mixin.py:188} INFO - [2025-12-06T09:17:02.714+0000] {dag.py:3036} INFO - Sync 1 DAGs
[2025-12-06T09:17:02.773+0000] {logging_mixin.py:188} INFO - [2025-12-06T09:17:02.772+0000] {dag.py:3823} INFO - Setting next_dagrun for latest_only_with_trigger to 2025-12-06 04:00:00+00:00, run_after=2025-12-06 08:00:00+00:00
[2025-12-06T09:17:02.807+0000] {processor.py:183} INFO - Processing /home/airflow/.local/lib/python3.8/site-packages/airflow/example_dags/example_latest_only_with_trigger.py took 0.151 seconds
[2025-12-06T09:17:33.102+0000] {processor.py:161} INFO - Started process (PID=2579) to work on /home/airflow/.local/lib/python3.8/site-packages/airflow/example_dags/example_latest_only_with_trigger.py
[2025-12-06T09:17:33.104+0000] {processor.py:830} INFO - Processing file /home/airflow/.local/lib/python3.8/site-packages/airflow/example_dags/example_latest_only_with_trigger.py for tasks to queue
[2025-12-06T09:17:33.106+0000] {logging_mixin.py:188} INFO - [2025-12-06T09:17:33.106+0000] {dagbag.py:538} INFO - Filling up the DagBag from /home/airflow/.local/lib/python3.8/site-packages/airflow/example_dags/example_latest_only_with_trigger.py
[2025-12-06T09:17:33.115+0000] {processor.py:840} INFO - DAG(s) 'latest_only_with_trigger' retrieved from /home/airflow/.local/lib/python3.8/site-packages/airflow/example_dags/example_latest_only_with_trigger.py
[2025-12-06T09:17:33.149+0000] {logging_mixin.py:188} INFO - [2025-12-06T09:17:33.149+0000] {dag.py:3036} INFO - Sync 1 DAGs
[2025-12-06T09:17:33.187+0000] {logging_mixin.py:188} INFO - [2025-12-06T09:17:33.186+0000] {dag.py:3823} INFO - Setting next_dagrun for latest_only_with_trigger to 2025-12-06 04:00:00+00:00, run_after=2025-12-06 08:00:00+00:00
[2025-12-06T09:17:33.222+0000] {processor.py:183} INFO - Processing /home/airflow/.local/lib/python3.8/site-packages/airflow/example_dags/example_latest_only_with_trigger.py took 0.126 seconds
[2025-12-06T09:18:03.538+0000] {processor.py:161} INFO - Started process (PID=2638) to work on /home/airflow/.local/lib/python3.8/site-packages/airflow/example_dags/example_latest_only_with_trigger.py
[2025-12-06T09:18:03.540+0000] {processor.py:830} INFO - Processing file /home/airflow/.local/lib/python3.8/site-packages/airflow/example_dags/example_latest_only_with_trigger.py for tasks to queue
[2025-12-06T09:18:03.543+0000] {logging_mixin.py:188} INFO - [2025-12-06T09:18:03.543+0000] {dagbag.py:538} INFO - Filling up the DagBag from /home/airflow/.local/lib/python3.8/site-packages/airflow/example_dags/example_latest_only_with_trigger.py
[2025-12-06T09:18:03.552+0000] {processor.py:840} INFO - DAG(s) 'latest_only_with_trigger' retrieved from /home/airflow/.local/lib/python3.8/site-packages/airflow/example_dags/example_latest_only_with_trigger.py
[2025-12-06T09:18:03.586+0000] {logging_mixin.py:188} INFO - [2025-12-06T09:18:03.586+0000] {dag.py:3036} INFO - Sync 1 DAGs
[2025-12-06T09:18:03.624+0000] {logging_mixin.py:188} INFO - [2025-12-06T09:18:03.623+0000] {dag.py:3823} INFO - Setting next_dagrun for latest_only_with_trigger to 2025-12-06 04:00:00+00:00, run_after=2025-12-06 08:00:00+00:00
[2025-12-06T09:18:03.805+0000] {processor.py:183} INFO - Processing /home/airflow/.local/lib/python3.8/site-packages/airflow/example_dags/example_latest_only_with_trigger.py took 0.272 seconds
[2025-12-06T09:18:33.931+0000] {processor.py:161} INFO - Started process (PID=2697) to work on /home/airflow/.local/lib/python3.8/site-packages/airflow/example_dags/example_latest_only_with_trigger.py
[2025-12-06T09:18:33.933+0000] {processor.py:830} INFO - Processing file /home/airflow/.local/lib/python3.8/site-packages/airflow/example_dags/example_latest_only_with_trigger.py for tasks to queue
[2025-12-06T09:18:33.936+0000] {logging_mixin.py:188} INFO - [2025-12-06T09:18:33.935+0000] {dagbag.py:538} INFO - Filling up the DagBag from /home/airflow/.local/lib/python3.8/site-packages/airflow/example_dags/example_latest_only_with_trigger.py
[2025-12-06T09:18:33.944+0000] {processor.py:840} INFO - DAG(s) 'latest_only_with_trigger' retrieved from /home/airflow/.local/lib/python3.8/site-packages/airflow/example_dags/example_latest_only_with_trigger.py
[2025-12-06T09:18:33.980+0000] {logging_mixin.py:188} INFO - [2025-12-06T09:18:33.980+0000] {dag.py:3036} INFO - Sync 1 DAGs
[2025-12-06T09:18:34.013+0000] {logging_mixin.py:188} INFO - [2025-12-06T09:18:34.012+0000] {dag.py:3823} INFO - Setting next_dagrun for latest_only_with_trigger to 2025-12-06 04:00:00+00:00, run_after=2025-12-06 08:00:00+00:00
[2025-12-06T09:18:34.046+0000] {processor.py:183} INFO - Processing /home/airflow/.local/lib/python3.8/site-packages/airflow/example_dags/example_latest_only_with_trigger.py took 0.119 seconds
[2025-12-06T09:19:04.747+0000] {processor.py:161} INFO - Started process (PID=2756) to work on /home/airflow/.local/lib/python3.8/site-packages/airflow/example_dags/example_latest_only_with_trigger.py
[2025-12-06T09:19:04.749+0000] {processor.py:830} INFO - Processing file /home/airflow/.local/lib/python3.8/site-packages/airflow/example_dags/example_latest_only_with_trigger.py for tasks to queue
[2025-12-06T09:19:04.752+0000] {logging_mixin.py:188} INFO - [2025-12-06T09:19:04.751+0000] {dagbag.py:538} INFO - Filling up the DagBag from /home/airflow/.local/lib/python3.8/site-packages/airflow/example_dags/example_latest_only_with_trigger.py
[2025-12-06T09:19:04.759+0000] {processor.py:840} INFO - DAG(s) 'latest_only_with_trigger' retrieved from /home/airflow/.local/lib/python3.8/site-packages/airflow/example_dags/example_latest_only_with_trigger.py
[2025-12-06T09:19:04.793+0000] {logging_mixin.py:188} INFO - [2025-12-06T09:19:04.793+0000] {dag.py:3036} INFO - Sync 1 DAGs
[2025-12-06T09:19:04.836+0000] {logging_mixin.py:188} INFO - [2025-12-06T09:19:04.835+0000] {dag.py:3823} INFO - Setting next_dagrun for latest_only_with_trigger to 2025-12-06 04:00:00+00:00, run_after=2025-12-06 08:00:00+00:00
[2025-12-06T09:19:04.869+0000] {processor.py:183} INFO - Processing /home/airflow/.local/lib/python3.8/site-packages/airflow/example_dags/example_latest_only_with_trigger.py took 0.125 seconds
[2025-12-06T09:19:35.147+0000] {processor.py:161} INFO - Started process (PID=2815) to work on /home/airflow/.local/lib/python3.8/site-packages/airflow/example_dags/example_latest_only_with_trigger.py
[2025-12-06T09:19:35.148+0000] {processor.py:830} INFO - Processing file /home/airflow/.local/lib/python3.8/site-packages/airflow/example_dags/example_latest_only_with_trigger.py for tasks to queue
[2025-12-06T09:19:35.151+0000] {logging_mixin.py:188} INFO - [2025-12-06T09:19:35.151+0000] {dagbag.py:538} INFO - Filling up the DagBag from /home/airflow/.local/lib/python3.8/site-packages/airflow/example_dags/example_latest_only_with_trigger.py
[2025-12-06T09:19:35.159+0000] {processor.py:840} INFO - DAG(s) 'latest_only_with_trigger' retrieved from /home/airflow/.local/lib/python3.8/site-packages/airflow/example_dags/example_latest_only_with_trigger.py
[2025-12-06T09:19:35.192+0000] {logging_mixin.py:188} INFO - [2025-12-06T09:19:35.191+0000] {dag.py:3036} INFO - Sync 1 DAGs
[2025-12-06T09:19:35.226+0000] {logging_mixin.py:188} INFO - [2025-12-06T09:19:35.225+0000] {dag.py:3823} INFO - Setting next_dagrun for latest_only_with_trigger to 2025-12-06 04:00:00+00:00, run_after=2025-12-06 08:00:00+00:00
[2025-12-06T09:19:35.258+0000] {processor.py:183} INFO - Processing /home/airflow/.local/lib/python3.8/site-packages/airflow/example_dags/example_latest_only_with_trigger.py took 0.115 seconds
[2025-12-06T09:20:05.639+0000] {processor.py:161} INFO - Started process (PID=2874) to work on /home/airflow/.local/lib/python3.8/site-packages/airflow/example_dags/example_latest_only_with_trigger.py
[2025-12-06T09:20:05.640+0000] {processor.py:830} INFO - Processing file /home/airflow/.local/lib/python3.8/site-packages/airflow/example_dags/example_latest_only_with_trigger.py for tasks to queue
[2025-12-06T09:20:05.643+0000] {logging_mixin.py:188} INFO - [2025-12-06T09:20:05.643+0000] {dagbag.py:538} INFO - Filling up the DagBag from /home/airflow/.local/lib/python3.8/site-packages/airflow/example_dags/example_latest_only_with_trigger.py
[2025-12-06T09:20:05.652+0000] {processor.py:840} INFO - DAG(s) 'latest_only_with_trigger' retrieved from /home/airflow/.local/lib/python3.8/site-packages/airflow/example_dags/example_latest_only_with_trigger.py
[2025-12-06T09:20:05.689+0000] {logging_mixin.py:188} INFO - [2025-12-06T09:20:05.688+0000] {dag.py:3036} INFO - Sync 1 DAGs
[2025-12-06T09:20:05.719+0000] {logging_mixin.py:188} INFO - [2025-12-06T09:20:05.719+0000] {dag.py:3823} INFO - Setting next_dagrun for latest_only_with_trigger to 2025-12-06 04:00:00+00:00, run_after=2025-12-06 08:00:00+00:00
[2025-12-06T09:20:05.753+0000] {processor.py:183} INFO - Processing /home/airflow/.local/lib/python3.8/site-packages/airflow/example_dags/example_latest_only_with_trigger.py took 0.120 seconds
[2025-12-06T09:20:36.151+0000] {processor.py:161} INFO - Started process (PID=2933) to work on /home/airflow/.local/lib/python3.8/site-packages/airflow/example_dags/example_latest_only_with_trigger.py
[2025-12-06T09:20:36.153+0000] {processor.py:830} INFO - Processing file /home/airflow/.local/lib/python3.8/site-packages/airflow/example_dags/example_latest_only_with_trigger.py for tasks to queue
[2025-12-06T09:20:36.155+0000] {logging_mixin.py:188} INFO - [2025-12-06T09:20:36.155+0000] {dagbag.py:538} INFO - Filling up the DagBag from /home/airflow/.local/lib/python3.8/site-packages/airflow/example_dags/example_latest_only_with_trigger.py
[2025-12-06T09:20:36.165+0000] {processor.py:840} INFO - DAG(s) 'latest_only_with_trigger' retrieved from /home/airflow/.local/lib/python3.8/site-packages/airflow/example_dags/example_latest_only_with_trigger.py
[2025-12-06T09:20:36.197+0000] {logging_mixin.py:188} INFO - [2025-12-06T09:20:36.197+0000] {dag.py:3036} INFO - Sync 1 DAGs
[2025-12-06T09:20:36.387+0000] {logging_mixin.py:188} INFO - [2025-12-06T09:20:36.386+0000] {dag.py:3823} INFO - Setting next_dagrun for latest_only_with_trigger to 2025-12-06 04:00:00+00:00, run_after=2025-12-06 08:00:00+00:00
[2025-12-06T09:20:36.418+0000] {processor.py:183} INFO - Processing /home/airflow/.local/lib/python3.8/site-packages/airflow/example_dags/example_latest_only_with_trigger.py took 0.272 seconds
[2025-12-06T09:21:07.118+0000] {processor.py:161} INFO - Started process (PID=2992) to work on /home/airflow/.local/lib/python3.8/site-packages/airflow/example_dags/example_latest_only_with_trigger.py
[2025-12-06T09:21:07.119+0000] {processor.py:830} INFO - Processing file /home/airflow/.local/lib/python3.8/site-packages/airflow/example_dags/example_latest_only_with_trigger.py for tasks to queue
[2025-12-06T09:21:07.123+0000] {logging_mixin.py:188} INFO - [2025-12-06T09:21:07.122+0000] {dagbag.py:538} INFO - Filling up the DagBag from /home/airflow/.local/lib/python3.8/site-packages/airflow/example_dags/example_latest_only_with_trigger.py
[2025-12-06T09:21:07.131+0000] {processor.py:840} INFO - DAG(s) 'latest_only_with_trigger' retrieved from /home/airflow/.local/lib/python3.8/site-packages/airflow/example_dags/example_latest_only_with_trigger.py
[2025-12-06T09:21:07.165+0000] {logging_mixin.py:188} INFO - [2025-12-06T09:21:07.165+0000] {dag.py:3036} INFO - Sync 1 DAGs
[2025-12-06T09:21:07.352+0000] {logging_mixin.py:188} INFO - [2025-12-06T09:21:07.352+0000] {dag.py:3823} INFO - Setting next_dagrun for latest_only_with_trigger to 2025-12-06 04:00:00+00:00, run_after=2025-12-06 08:00:00+00:00
[2025-12-06T09:21:07.384+0000] {processor.py:183} INFO - Processing /home/airflow/.local/lib/python3.8/site-packages/airflow/example_dags/example_latest_only_with_trigger.py took 0.270 seconds
[2025-12-06T09:21:37.702+0000] {processor.py:161} INFO - Started process (PID=3051) to work on /home/airflow/.local/lib/python3.8/site-packages/airflow/example_dags/example_latest_only_with_trigger.py
[2025-12-06T09:21:37.704+0000] {processor.py:830} INFO - Processing file /home/airflow/.local/lib/python3.8/site-packages/airflow/example_dags/example_latest_only_with_trigger.py for tasks to queue
[2025-12-06T09:21:37.707+0000] {logging_mixin.py:188} INFO - [2025-12-06T09:21:37.706+0000] {dagbag.py:538} INFO - Filling up the DagBag from /home/airflow/.local/lib/python3.8/site-packages/airflow/example_dags/example_latest_only_with_trigger.py
[2025-12-06T09:21:37.716+0000] {processor.py:840} INFO - DAG(s) 'latest_only_with_trigger' retrieved from /home/airflow/.local/lib/python3.8/site-packages/airflow/example_dags/example_latest_only_with_trigger.py
[2025-12-06T09:21:37.754+0000] {logging_mixin.py:188} INFO - [2025-12-06T09:21:37.754+0000] {dag.py:3036} INFO - Sync 1 DAGs
[2025-12-06T09:21:37.787+0000] {logging_mixin.py:188} INFO - [2025-12-06T09:21:37.787+0000] {dag.py:3823} INFO - Setting next_dagrun for latest_only_with_trigger to 2025-12-06 04:00:00+00:00, run_after=2025-12-06 08:00:00+00:00
[2025-12-06T09:21:37.823+0000] {processor.py:183} INFO - Processing /home/airflow/.local/lib/python3.8/site-packages/airflow/example_dags/example_latest_only_with_trigger.py took 0.126 seconds
[2025-12-06T09:22:07.907+0000] {processor.py:161} INFO - Started process (PID=3110) to work on /home/airflow/.local/lib/python3.8/site-packages/airflow/example_dags/example_latest_only_with_trigger.py
[2025-12-06T09:22:07.908+0000] {processor.py:830} INFO - Processing file /home/airflow/.local/lib/python3.8/site-packages/airflow/example_dags/example_latest_only_with_trigger.py for tasks to queue
[2025-12-06T09:22:07.911+0000] {logging_mixin.py:188} INFO - [2025-12-06T09:22:07.911+0000] {dagbag.py:538} INFO - Filling up the DagBag from /home/airflow/.local/lib/python3.8/site-packages/airflow/example_dags/example_latest_only_with_trigger.py
[2025-12-06T09:22:07.919+0000] {processor.py:840} INFO - DAG(s) 'latest_only_with_trigger' retrieved from /home/airflow/.local/lib/python3.8/site-packages/airflow/example_dags/example_latest_only_with_trigger.py
[2025-12-06T09:22:07.953+0000] {logging_mixin.py:188} INFO - [2025-12-06T09:22:07.952+0000] {dag.py:3036} INFO - Sync 1 DAGs
[2025-12-06T09:22:07.985+0000] {logging_mixin.py:188} INFO - [2025-12-06T09:22:07.985+0000] {dag.py:3823} INFO - Setting next_dagrun for latest_only_with_trigger to 2025-12-06 04:00:00+00:00, run_after=2025-12-06 08:00:00+00:00
[2025-12-06T09:22:08.020+0000] {processor.py:183} INFO - Processing /home/airflow/.local/lib/python3.8/site-packages/airflow/example_dags/example_latest_only_with_trigger.py took 0.117 seconds
[2025-12-06T09:22:38.065+0000] {processor.py:161} INFO - Started process (PID=3167) to work on /home/airflow/.local/lib/python3.8/site-packages/airflow/example_dags/example_latest_only_with_trigger.py
[2025-12-06T09:22:38.067+0000] {processor.py:830} INFO - Processing file /home/airflow/.local/lib/python3.8/site-packages/airflow/example_dags/example_latest_only_with_trigger.py for tasks to queue
[2025-12-06T09:22:38.070+0000] {logging_mixin.py:188} INFO - [2025-12-06T09:22:38.069+0000] {dagbag.py:538} INFO - Filling up the DagBag from /home/airflow/.local/lib/python3.8/site-packages/airflow/example_dags/example_latest_only_with_trigger.py
[2025-12-06T09:22:38.078+0000] {processor.py:840} INFO - DAG(s) 'latest_only_with_trigger' retrieved from /home/airflow/.local/lib/python3.8/site-packages/airflow/example_dags/example_latest_only_with_trigger.py
[2025-12-06T09:22:38.112+0000] {logging_mixin.py:188} INFO - [2025-12-06T09:22:38.111+0000] {dag.py:3036} INFO - Sync 1 DAGs
[2025-12-06T09:22:38.149+0000] {logging_mixin.py:188} INFO - [2025-12-06T09:22:38.148+0000] {dag.py:3823} INFO - Setting next_dagrun for latest_only_with_trigger to 2025-12-06 04:00:00+00:00, run_after=2025-12-06 08:00:00+00:00
[2025-12-06T09:22:38.179+0000] {processor.py:183} INFO - Processing /home/airflow/.local/lib/python3.8/site-packages/airflow/example_dags/example_latest_only_with_trigger.py took 0.120 seconds
[2025-12-06T09:23:08.530+0000] {processor.py:161} INFO - Started process (PID=3227) to work on /home/airflow/.local/lib/python3.8/site-packages/airflow/example_dags/example_latest_only_with_trigger.py
[2025-12-06T09:23:08.531+0000] {processor.py:830} INFO - Processing file /home/airflow/.local/lib/python3.8/site-packages/airflow/example_dags/example_latest_only_with_trigger.py for tasks to queue
[2025-12-06T09:23:08.536+0000] {logging_mixin.py:188} INFO - [2025-12-06T09:23:08.535+0000] {dagbag.py:538} INFO - Filling up the DagBag from /home/airflow/.local/lib/python3.8/site-packages/airflow/example_dags/example_latest_only_with_trigger.py
[2025-12-06T09:23:08.545+0000] {processor.py:840} INFO - DAG(s) 'latest_only_with_trigger' retrieved from /home/airflow/.local/lib/python3.8/site-packages/airflow/example_dags/example_latest_only_with_trigger.py
[2025-12-06T09:23:08.585+0000] {logging_mixin.py:188} INFO - [2025-12-06T09:23:08.584+0000] {dag.py:3036} INFO - Sync 1 DAGs
[2025-12-06T09:23:08.627+0000] {logging_mixin.py:188} INFO - [2025-12-06T09:23:08.626+0000] {dag.py:3823} INFO - Setting next_dagrun for latest_only_with_trigger to 2025-12-06 04:00:00+00:00, run_after=2025-12-06 08:00:00+00:00
[2025-12-06T09:23:08.663+0000] {processor.py:183} INFO - Processing /home/airflow/.local/lib/python3.8/site-packages/airflow/example_dags/example_latest_only_with_trigger.py took 0.138 seconds
[2025-12-06T09:23:38.887+0000] {processor.py:161} INFO - Started process (PID=3286) to work on /home/airflow/.local/lib/python3.8/site-packages/airflow/example_dags/example_latest_only_with_trigger.py
[2025-12-06T09:23:38.889+0000] {processor.py:830} INFO - Processing file /home/airflow/.local/lib/python3.8/site-packages/airflow/example_dags/example_latest_only_with_trigger.py for tasks to queue
[2025-12-06T09:23:38.893+0000] {logging_mixin.py:188} INFO - [2025-12-06T09:23:38.892+0000] {dagbag.py:538} INFO - Filling up the DagBag from /home/airflow/.local/lib/python3.8/site-packages/airflow/example_dags/example_latest_only_with_trigger.py
[2025-12-06T09:23:38.902+0000] {processor.py:840} INFO - DAG(s) 'latest_only_with_trigger' retrieved from /home/airflow/.local/lib/python3.8/site-packages/airflow/example_dags/example_latest_only_with_trigger.py
[2025-12-06T09:23:38.940+0000] {logging_mixin.py:188} INFO - [2025-12-06T09:23:38.939+0000] {dag.py:3036} INFO - Sync 1 DAGs
[2025-12-06T09:23:38.978+0000] {logging_mixin.py:188} INFO - [2025-12-06T09:23:38.977+0000] {dag.py:3823} INFO - Setting next_dagrun for latest_only_with_trigger to 2025-12-06 04:00:00+00:00, run_after=2025-12-06 08:00:00+00:00
[2025-12-06T09:23:39.013+0000] {processor.py:183} INFO - Processing /home/airflow/.local/lib/python3.8/site-packages/airflow/example_dags/example_latest_only_with_trigger.py took 0.132 seconds
[2025-12-06T09:24:09.170+0000] {processor.py:161} INFO - Started process (PID=3345) to work on /home/airflow/.local/lib/python3.8/site-packages/airflow/example_dags/example_latest_only_with_trigger.py
[2025-12-06T09:24:09.172+0000] {processor.py:830} INFO - Processing file /home/airflow/.local/lib/python3.8/site-packages/airflow/example_dags/example_latest_only_with_trigger.py for tasks to queue
[2025-12-06T09:24:09.175+0000] {logging_mixin.py:188} INFO - [2025-12-06T09:24:09.174+0000] {dagbag.py:538} INFO - Filling up the DagBag from /home/airflow/.local/lib/python3.8/site-packages/airflow/example_dags/example_latest_only_with_trigger.py
[2025-12-06T09:24:09.183+0000] {processor.py:840} INFO - DAG(s) 'latest_only_with_trigger' retrieved from /home/airflow/.local/lib/python3.8/site-packages/airflow/example_dags/example_latest_only_with_trigger.py
[2025-12-06T09:24:09.223+0000] {logging_mixin.py:188} INFO - [2025-12-06T09:24:09.222+0000] {dag.py:3036} INFO - Sync 1 DAGs
[2025-12-06T09:24:09.257+0000] {logging_mixin.py:188} INFO - [2025-12-06T09:24:09.257+0000] {dag.py:3823} INFO - Setting next_dagrun for latest_only_with_trigger to 2025-12-06 04:00:00+00:00, run_after=2025-12-06 08:00:00+00:00
[2025-12-06T09:24:09.293+0000] {processor.py:183} INFO - Processing /home/airflow/.local/lib/python3.8/site-packages/airflow/example_dags/example_latest_only_with_trigger.py took 0.127 seconds
[2025-12-06T09:24:40.020+0000] {processor.py:161} INFO - Started process (PID=3404) to work on /home/airflow/.local/lib/python3.8/site-packages/airflow/example_dags/example_latest_only_with_trigger.py
[2025-12-06T09:24:40.022+0000] {processor.py:830} INFO - Processing file /home/airflow/.local/lib/python3.8/site-packages/airflow/example_dags/example_latest_only_with_trigger.py for tasks to queue
[2025-12-06T09:24:40.025+0000] {logging_mixin.py:188} INFO - [2025-12-06T09:24:40.025+0000] {dagbag.py:538} INFO - Filling up the DagBag from /home/airflow/.local/lib/python3.8/site-packages/airflow/example_dags/example_latest_only_with_trigger.py
[2025-12-06T09:24:40.037+0000] {processor.py:840} INFO - DAG(s) 'latest_only_with_trigger' retrieved from /home/airflow/.local/lib/python3.8/site-packages/airflow/example_dags/example_latest_only_with_trigger.py
[2025-12-06T09:24:40.075+0000] {logging_mixin.py:188} INFO - [2025-12-06T09:24:40.075+0000] {dag.py:3036} INFO - Sync 1 DAGs
[2025-12-06T09:24:40.117+0000] {logging_mixin.py:188} INFO - [2025-12-06T09:24:40.117+0000] {dag.py:3823} INFO - Setting next_dagrun for latest_only_with_trigger to 2025-12-06 04:00:00+00:00, run_after=2025-12-06 08:00:00+00:00
[2025-12-06T09:24:40.150+0000] {processor.py:183} INFO - Processing /home/airflow/.local/lib/python3.8/site-packages/airflow/example_dags/example_latest_only_with_trigger.py took 0.135 seconds
[2025-12-06T09:25:10.600+0000] {processor.py:161} INFO - Started process (PID=3463) to work on /home/airflow/.local/lib/python3.8/site-packages/airflow/example_dags/example_latest_only_with_trigger.py
[2025-12-06T09:25:10.602+0000] {processor.py:830} INFO - Processing file /home/airflow/.local/lib/python3.8/site-packages/airflow/example_dags/example_latest_only_with_trigger.py for tasks to queue
[2025-12-06T09:25:10.604+0000] {logging_mixin.py:188} INFO - [2025-12-06T09:25:10.604+0000] {dagbag.py:538} INFO - Filling up the DagBag from /home/airflow/.local/lib/python3.8/site-packages/airflow/example_dags/example_latest_only_with_trigger.py
[2025-12-06T09:25:10.612+0000] {processor.py:840} INFO - DAG(s) 'latest_only_with_trigger' retrieved from /home/airflow/.local/lib/python3.8/site-packages/airflow/example_dags/example_latest_only_with_trigger.py
[2025-12-06T09:25:10.644+0000] {logging_mixin.py:188} INFO - [2025-12-06T09:25:10.643+0000] {dag.py:3036} INFO - Sync 1 DAGs
[2025-12-06T09:25:10.674+0000] {logging_mixin.py:188} INFO - [2025-12-06T09:25:10.674+0000] {dag.py:3823} INFO - Setting next_dagrun for latest_only_with_trigger to 2025-12-06 04:00:00+00:00, run_after=2025-12-06 08:00:00+00:00
[2025-12-06T09:25:10.707+0000] {processor.py:183} INFO - Processing /home/airflow/.local/lib/python3.8/site-packages/airflow/example_dags/example_latest_only_with_trigger.py took 0.111 seconds
[2025-12-06T09:25:41.108+0000] {processor.py:161} INFO - Started process (PID=3528) to work on /home/airflow/.local/lib/python3.8/site-packages/airflow/example_dags/example_latest_only_with_trigger.py
[2025-12-06T09:25:41.109+0000] {processor.py:830} INFO - Processing file /home/airflow/.local/lib/python3.8/site-packages/airflow/example_dags/example_latest_only_with_trigger.py for tasks to queue
[2025-12-06T09:25:41.113+0000] {logging_mixin.py:188} INFO - [2025-12-06T09:25:41.112+0000] {dagbag.py:538} INFO - Filling up the DagBag from /home/airflow/.local/lib/python3.8/site-packages/airflow/example_dags/example_latest_only_with_trigger.py
[2025-12-06T09:25:41.121+0000] {processor.py:840} INFO - DAG(s) 'latest_only_with_trigger' retrieved from /home/airflow/.local/lib/python3.8/site-packages/airflow/example_dags/example_latest_only_with_trigger.py
[2025-12-06T09:25:41.157+0000] {logging_mixin.py:188} INFO - [2025-12-06T09:25:41.157+0000] {dag.py:3036} INFO - Sync 1 DAGs
[2025-12-06T09:25:41.191+0000] {logging_mixin.py:188} INFO - [2025-12-06T09:25:41.191+0000] {dag.py:3823} INFO - Setting next_dagrun for latest_only_with_trigger to 2025-12-06 04:00:00+00:00, run_after=2025-12-06 08:00:00+00:00
[2025-12-06T09:25:41.227+0000] {processor.py:183} INFO - Processing /home/airflow/.local/lib/python3.8/site-packages/airflow/example_dags/example_latest_only_with_trigger.py took 0.125 seconds
[2025-12-06T09:26:11.749+0000] {processor.py:161} INFO - Started process (PID=3587) to work on /home/airflow/.local/lib/python3.8/site-packages/airflow/example_dags/example_latest_only_with_trigger.py
[2025-12-06T09:26:11.750+0000] {processor.py:830} INFO - Processing file /home/airflow/.local/lib/python3.8/site-packages/airflow/example_dags/example_latest_only_with_trigger.py for tasks to queue
[2025-12-06T09:26:11.753+0000] {logging_mixin.py:188} INFO - [2025-12-06T09:26:11.753+0000] {dagbag.py:538} INFO - Filling up the DagBag from /home/airflow/.local/lib/python3.8/site-packages/airflow/example_dags/example_latest_only_with_trigger.py
[2025-12-06T09:26:11.762+0000] {processor.py:840} INFO - DAG(s) 'latest_only_with_trigger' retrieved from /home/airflow/.local/lib/python3.8/site-packages/airflow/example_dags/example_latest_only_with_trigger.py
[2025-12-06T09:26:11.798+0000] {logging_mixin.py:188} INFO - [2025-12-06T09:26:11.797+0000] {dag.py:3036} INFO - Sync 1 DAGs
[2025-12-06T09:26:11.832+0000] {logging_mixin.py:188} INFO - [2025-12-06T09:26:11.832+0000] {dag.py:3823} INFO - Setting next_dagrun for latest_only_with_trigger to 2025-12-06 04:00:00+00:00, run_after=2025-12-06 08:00:00+00:00
[2025-12-06T09:26:11.867+0000] {processor.py:183} INFO - Processing /home/airflow/.local/lib/python3.8/site-packages/airflow/example_dags/example_latest_only_with_trigger.py took 0.125 seconds
[2025-12-06T09:26:42.418+0000] {processor.py:161} INFO - Started process (PID=3646) to work on /home/airflow/.local/lib/python3.8/site-packages/airflow/example_dags/example_latest_only_with_trigger.py
[2025-12-06T09:26:42.420+0000] {processor.py:830} INFO - Processing file /home/airflow/.local/lib/python3.8/site-packages/airflow/example_dags/example_latest_only_with_trigger.py for tasks to queue
[2025-12-06T09:26:42.424+0000] {logging_mixin.py:188} INFO - [2025-12-06T09:26:42.424+0000] {dagbag.py:538} INFO - Filling up the DagBag from /home/airflow/.local/lib/python3.8/site-packages/airflow/example_dags/example_latest_only_with_trigger.py
[2025-12-06T09:26:42.433+0000] {processor.py:840} INFO - DAG(s) 'latest_only_with_trigger' retrieved from /home/airflow/.local/lib/python3.8/site-packages/airflow/example_dags/example_latest_only_with_trigger.py
[2025-12-06T09:26:42.465+0000] {logging_mixin.py:188} INFO - [2025-12-06T09:26:42.465+0000] {dag.py:3036} INFO - Sync 1 DAGs
[2025-12-06T09:26:42.496+0000] {logging_mixin.py:188} INFO - [2025-12-06T09:26:42.496+0000] {dag.py:3823} INFO - Setting next_dagrun for latest_only_with_trigger to 2025-12-06 04:00:00+00:00, run_after=2025-12-06 08:00:00+00:00
[2025-12-06T09:26:42.530+0000] {processor.py:183} INFO - Processing /home/airflow/.local/lib/python3.8/site-packages/airflow/example_dags/example_latest_only_with_trigger.py took 0.117 seconds
[2025-12-06T09:27:12.619+0000] {processor.py:161} INFO - Started process (PID=3705) to work on /home/airflow/.local/lib/python3.8/site-packages/airflow/example_dags/example_latest_only_with_trigger.py
[2025-12-06T09:27:12.622+0000] {processor.py:830} INFO - Processing file /home/airflow/.local/lib/python3.8/site-packages/airflow/example_dags/example_latest_only_with_trigger.py for tasks to queue
[2025-12-06T09:27:12.625+0000] {logging_mixin.py:188} INFO - [2025-12-06T09:27:12.625+0000] {dagbag.py:538} INFO - Filling up the DagBag from /home/airflow/.local/lib/python3.8/site-packages/airflow/example_dags/example_latest_only_with_trigger.py
[2025-12-06T09:27:12.634+0000] {processor.py:840} INFO - DAG(s) 'latest_only_with_trigger' retrieved from /home/airflow/.local/lib/python3.8/site-packages/airflow/example_dags/example_latest_only_with_trigger.py
[2025-12-06T09:27:12.669+0000] {logging_mixin.py:188} INFO - [2025-12-06T09:27:12.669+0000] {dag.py:3036} INFO - Sync 1 DAGs
[2025-12-06T09:27:12.702+0000] {logging_mixin.py:188} INFO - [2025-12-06T09:27:12.702+0000] {dag.py:3823} INFO - Setting next_dagrun for latest_only_with_trigger to 2025-12-06 04:00:00+00:00, run_after=2025-12-06 08:00:00+00:00
[2025-12-06T09:27:12.737+0000] {processor.py:183} INFO - Processing /home/airflow/.local/lib/python3.8/site-packages/airflow/example_dags/example_latest_only_with_trigger.py took 0.123 seconds
[2025-12-06T09:27:42.880+0000] {processor.py:161} INFO - Started process (PID=3764) to work on /home/airflow/.local/lib/python3.8/site-packages/airflow/example_dags/example_latest_only_with_trigger.py
[2025-12-06T09:27:42.882+0000] {processor.py:830} INFO - Processing file /home/airflow/.local/lib/python3.8/site-packages/airflow/example_dags/example_latest_only_with_trigger.py for tasks to queue
[2025-12-06T09:27:42.884+0000] {logging_mixin.py:188} INFO - [2025-12-06T09:27:42.884+0000] {dagbag.py:538} INFO - Filling up the DagBag from /home/airflow/.local/lib/python3.8/site-packages/airflow/example_dags/example_latest_only_with_trigger.py
[2025-12-06T09:27:42.892+0000] {processor.py:840} INFO - DAG(s) 'latest_only_with_trigger' retrieved from /home/airflow/.local/lib/python3.8/site-packages/airflow/example_dags/example_latest_only_with_trigger.py
[2025-12-06T09:27:42.931+0000] {logging_mixin.py:188} INFO - [2025-12-06T09:27:42.930+0000] {dag.py:3036} INFO - Sync 1 DAGs
[2025-12-06T09:27:42.963+0000] {logging_mixin.py:188} INFO - [2025-12-06T09:27:42.962+0000] {dag.py:3823} INFO - Setting next_dagrun for latest_only_with_trigger to 2025-12-06 04:00:00+00:00, run_after=2025-12-06 08:00:00+00:00
[2025-12-06T09:27:43.001+0000] {processor.py:183} INFO - Processing /home/airflow/.local/lib/python3.8/site-packages/airflow/example_dags/example_latest_only_with_trigger.py took 0.126 seconds
[2025-12-06T09:28:13.343+0000] {processor.py:161} INFO - Started process (PID=3823) to work on /home/airflow/.local/lib/python3.8/site-packages/airflow/example_dags/example_latest_only_with_trigger.py
[2025-12-06T09:28:13.344+0000] {processor.py:830} INFO - Processing file /home/airflow/.local/lib/python3.8/site-packages/airflow/example_dags/example_latest_only_with_trigger.py for tasks to queue
[2025-12-06T09:28:13.347+0000] {logging_mixin.py:188} INFO - [2025-12-06T09:28:13.346+0000] {dagbag.py:538} INFO - Filling up the DagBag from /home/airflow/.local/lib/python3.8/site-packages/airflow/example_dags/example_latest_only_with_trigger.py
[2025-12-06T09:28:13.354+0000] {processor.py:840} INFO - DAG(s) 'latest_only_with_trigger' retrieved from /home/airflow/.local/lib/python3.8/site-packages/airflow/example_dags/example_latest_only_with_trigger.py
[2025-12-06T09:28:13.388+0000] {logging_mixin.py:188} INFO - [2025-12-06T09:28:13.388+0000] {dag.py:3036} INFO - Sync 1 DAGs
[2025-12-06T09:28:13.420+0000] {logging_mixin.py:188} INFO - [2025-12-06T09:28:13.419+0000] {dag.py:3823} INFO - Setting next_dagrun for latest_only_with_trigger to 2025-12-06 04:00:00+00:00, run_after=2025-12-06 08:00:00+00:00
[2025-12-06T09:28:13.454+0000] {processor.py:183} INFO - Processing /home/airflow/.local/lib/python3.8/site-packages/airflow/example_dags/example_latest_only_with_trigger.py took 0.115 seconds
[2025-12-06T09:28:43.575+0000] {processor.py:161} INFO - Started process (PID=3882) to work on /home/airflow/.local/lib/python3.8/site-packages/airflow/example_dags/example_latest_only_with_trigger.py
[2025-12-06T09:28:43.577+0000] {processor.py:830} INFO - Processing file /home/airflow/.local/lib/python3.8/site-packages/airflow/example_dags/example_latest_only_with_trigger.py for tasks to queue
[2025-12-06T09:28:43.580+0000] {logging_mixin.py:188} INFO - [2025-12-06T09:28:43.580+0000] {dagbag.py:538} INFO - Filling up the DagBag from /home/airflow/.local/lib/python3.8/site-packages/airflow/example_dags/example_latest_only_with_trigger.py
[2025-12-06T09:28:43.591+0000] {processor.py:840} INFO - DAG(s) 'latest_only_with_trigger' retrieved from /home/airflow/.local/lib/python3.8/site-packages/airflow/example_dags/example_latest_only_with_trigger.py
[2025-12-06T09:28:43.624+0000] {logging_mixin.py:188} INFO - [2025-12-06T09:28:43.624+0000] {dag.py:3036} INFO - Sync 1 DAGs
[2025-12-06T09:28:43.656+0000] {logging_mixin.py:188} INFO - [2025-12-06T09:28:43.655+0000] {dag.py:3823} INFO - Setting next_dagrun for latest_only_with_trigger to 2025-12-06 04:00:00+00:00, run_after=2025-12-06 08:00:00+00:00
[2025-12-06T09:28:43.691+0000] {processor.py:183} INFO - Processing /home/airflow/.local/lib/python3.8/site-packages/airflow/example_dags/example_latest_only_with_trigger.py took 0.121 seconds
[2025-12-06T09:29:13.844+0000] {processor.py:161} INFO - Started process (PID=3941) to work on /home/airflow/.local/lib/python3.8/site-packages/airflow/example_dags/example_latest_only_with_trigger.py
[2025-12-06T09:29:13.846+0000] {processor.py:830} INFO - Processing file /home/airflow/.local/lib/python3.8/site-packages/airflow/example_dags/example_latest_only_with_trigger.py for tasks to queue
[2025-12-06T09:29:13.853+0000] {logging_mixin.py:188} INFO - [2025-12-06T09:29:13.852+0000] {dagbag.py:538} INFO - Filling up the DagBag from /home/airflow/.local/lib/python3.8/site-packages/airflow/example_dags/example_latest_only_with_trigger.py
[2025-12-06T09:29:13.861+0000] {processor.py:840} INFO - DAG(s) 'latest_only_with_trigger' retrieved from /home/airflow/.local/lib/python3.8/site-packages/airflow/example_dags/example_latest_only_with_trigger.py
[2025-12-06T09:29:13.897+0000] {logging_mixin.py:188} INFO - [2025-12-06T09:29:13.897+0000] {dag.py:3036} INFO - Sync 1 DAGs
[2025-12-06T09:29:13.928+0000] {logging_mixin.py:188} INFO - [2025-12-06T09:29:13.928+0000] {dag.py:3823} INFO - Setting next_dagrun for latest_only_with_trigger to 2025-12-06 04:00:00+00:00, run_after=2025-12-06 08:00:00+00:00
[2025-12-06T09:29:13.960+0000] {processor.py:183} INFO - Processing /home/airflow/.local/lib/python3.8/site-packages/airflow/example_dags/example_latest_only_with_trigger.py took 0.120 seconds
[2025-12-06T09:29:43.996+0000] {processor.py:161} INFO - Started process (PID=3999) to work on /home/airflow/.local/lib/python3.8/site-packages/airflow/example_dags/example_latest_only_with_trigger.py
[2025-12-06T09:29:43.998+0000] {processor.py:830} INFO - Processing file /home/airflow/.local/lib/python3.8/site-packages/airflow/example_dags/example_latest_only_with_trigger.py for tasks to queue
[2025-12-06T09:29:44.001+0000] {logging_mixin.py:188} INFO - [2025-12-06T09:29:44.001+0000] {dagbag.py:538} INFO - Filling up the DagBag from /home/airflow/.local/lib/python3.8/site-packages/airflow/example_dags/example_latest_only_with_trigger.py
[2025-12-06T09:29:44.010+0000] {processor.py:840} INFO - DAG(s) 'latest_only_with_trigger' retrieved from /home/airflow/.local/lib/python3.8/site-packages/airflow/example_dags/example_latest_only_with_trigger.py
[2025-12-06T09:29:44.045+0000] {logging_mixin.py:188} INFO - [2025-12-06T09:29:44.045+0000] {dag.py:3036} INFO - Sync 1 DAGs
[2025-12-06T09:29:44.077+0000] {logging_mixin.py:188} INFO - [2025-12-06T09:29:44.076+0000] {dag.py:3823} INFO - Setting next_dagrun for latest_only_with_trigger to 2025-12-06 04:00:00+00:00, run_after=2025-12-06 08:00:00+00:00
[2025-12-06T09:29:44.110+0000] {processor.py:183} INFO - Processing /home/airflow/.local/lib/python3.8/site-packages/airflow/example_dags/example_latest_only_with_trigger.py took 0.118 seconds
[2025-12-06T09:30:14.670+0000] {processor.py:161} INFO - Started process (PID=4059) to work on /home/airflow/.local/lib/python3.8/site-packages/airflow/example_dags/example_latest_only_with_trigger.py
[2025-12-06T09:30:14.672+0000] {processor.py:830} INFO - Processing file /home/airflow/.local/lib/python3.8/site-packages/airflow/example_dags/example_latest_only_with_trigger.py for tasks to queue
[2025-12-06T09:30:14.676+0000] {logging_mixin.py:188} INFO - [2025-12-06T09:30:14.675+0000] {dagbag.py:538} INFO - Filling up the DagBag from /home/airflow/.local/lib/python3.8/site-packages/airflow/example_dags/example_latest_only_with_trigger.py
[2025-12-06T09:30:14.686+0000] {processor.py:840} INFO - DAG(s) 'latest_only_with_trigger' retrieved from /home/airflow/.local/lib/python3.8/site-packages/airflow/example_dags/example_latest_only_with_trigger.py
[2025-12-06T09:30:14.719+0000] {logging_mixin.py:188} INFO - [2025-12-06T09:30:14.718+0000] {dag.py:3036} INFO - Sync 1 DAGs
[2025-12-06T09:30:14.757+0000] {logging_mixin.py:188} INFO - [2025-12-06T09:30:14.757+0000] {dag.py:3823} INFO - Setting next_dagrun for latest_only_with_trigger to 2025-12-06 04:00:00+00:00, run_after=2025-12-06 08:00:00+00:00
[2025-12-06T09:30:14.788+0000] {processor.py:183} INFO - Processing /home/airflow/.local/lib/python3.8/site-packages/airflow/example_dags/example_latest_only_with_trigger.py took 0.123 seconds
[2025-12-06T09:30:44.819+0000] {processor.py:161} INFO - Started process (PID=4117) to work on /home/airflow/.local/lib/python3.8/site-packages/airflow/example_dags/example_latest_only_with_trigger.py
[2025-12-06T09:30:44.821+0000] {processor.py:830} INFO - Processing file /home/airflow/.local/lib/python3.8/site-packages/airflow/example_dags/example_latest_only_with_trigger.py for tasks to queue
[2025-12-06T09:30:44.823+0000] {logging_mixin.py:188} INFO - [2025-12-06T09:30:44.823+0000] {dagbag.py:538} INFO - Filling up the DagBag from /home/airflow/.local/lib/python3.8/site-packages/airflow/example_dags/example_latest_only_with_trigger.py
[2025-12-06T09:30:44.832+0000] {processor.py:840} INFO - DAG(s) 'latest_only_with_trigger' retrieved from /home/airflow/.local/lib/python3.8/site-packages/airflow/example_dags/example_latest_only_with_trigger.py
[2025-12-06T09:30:44.862+0000] {logging_mixin.py:188} INFO - [2025-12-06T09:30:44.862+0000] {dag.py:3036} INFO - Sync 1 DAGs
[2025-12-06T09:30:44.892+0000] {logging_mixin.py:188} INFO - [2025-12-06T09:30:44.891+0000] {dag.py:3823} INFO - Setting next_dagrun for latest_only_with_trigger to 2025-12-06 04:00:00+00:00, run_after=2025-12-06 08:00:00+00:00
[2025-12-06T09:30:44.922+0000] {processor.py:183} INFO - Processing /home/airflow/.local/lib/python3.8/site-packages/airflow/example_dags/example_latest_only_with_trigger.py took 0.107 seconds
[2025-12-06T09:31:15.120+0000] {processor.py:161} INFO - Started process (PID=4176) to work on /home/airflow/.local/lib/python3.8/site-packages/airflow/example_dags/example_latest_only_with_trigger.py
[2025-12-06T09:31:15.122+0000] {processor.py:830} INFO - Processing file /home/airflow/.local/lib/python3.8/site-packages/airflow/example_dags/example_latest_only_with_trigger.py for tasks to queue
[2025-12-06T09:31:15.125+0000] {logging_mixin.py:188} INFO - [2025-12-06T09:31:15.125+0000] {dagbag.py:538} INFO - Filling up the DagBag from /home/airflow/.local/lib/python3.8/site-packages/airflow/example_dags/example_latest_only_with_trigger.py
[2025-12-06T09:31:15.134+0000] {processor.py:840} INFO - DAG(s) 'latest_only_with_trigger' retrieved from /home/airflow/.local/lib/python3.8/site-packages/airflow/example_dags/example_latest_only_with_trigger.py
[2025-12-06T09:31:15.165+0000] {logging_mixin.py:188} INFO - [2025-12-06T09:31:15.165+0000] {dag.py:3036} INFO - Sync 1 DAGs
[2025-12-06T09:31:15.195+0000] {logging_mixin.py:188} INFO - [2025-12-06T09:31:15.195+0000] {dag.py:3823} INFO - Setting next_dagrun for latest_only_with_trigger to 2025-12-06 04:00:00+00:00, run_after=2025-12-06 08:00:00+00:00
[2025-12-06T09:31:15.227+0000] {processor.py:183} INFO - Processing /home/airflow/.local/lib/python3.8/site-packages/airflow/example_dags/example_latest_only_with_trigger.py took 0.113 seconds
[2025-12-06T09:31:45.370+0000] {processor.py:161} INFO - Started process (PID=4235) to work on /home/airflow/.local/lib/python3.8/site-packages/airflow/example_dags/example_latest_only_with_trigger.py
[2025-12-06T09:31:45.371+0000] {processor.py:830} INFO - Processing file /home/airflow/.local/lib/python3.8/site-packages/airflow/example_dags/example_latest_only_with_trigger.py for tasks to queue
[2025-12-06T09:31:45.375+0000] {logging_mixin.py:188} INFO - [2025-12-06T09:31:45.374+0000] {dagbag.py:538} INFO - Filling up the DagBag from /home/airflow/.local/lib/python3.8/site-packages/airflow/example_dags/example_latest_only_with_trigger.py
[2025-12-06T09:31:45.395+0000] {processor.py:840} INFO - DAG(s) 'latest_only_with_trigger' retrieved from /home/airflow/.local/lib/python3.8/site-packages/airflow/example_dags/example_latest_only_with_trigger.py
[2025-12-06T09:31:45.432+0000] {logging_mixin.py:188} INFO - [2025-12-06T09:31:45.431+0000] {dag.py:3036} INFO - Sync 1 DAGs
[2025-12-06T09:31:45.462+0000] {logging_mixin.py:188} INFO - [2025-12-06T09:31:45.461+0000] {dag.py:3823} INFO - Setting next_dagrun for latest_only_with_trigger to 2025-12-06 04:00:00+00:00, run_after=2025-12-06 08:00:00+00:00
[2025-12-06T09:31:45.491+0000] {processor.py:183} INFO - Processing /home/airflow/.local/lib/python3.8/site-packages/airflow/example_dags/example_latest_only_with_trigger.py took 0.127 seconds
[2025-12-06T09:32:15.530+0000] {processor.py:161} INFO - Started process (PID=4294) to work on /home/airflow/.local/lib/python3.8/site-packages/airflow/example_dags/example_latest_only_with_trigger.py
[2025-12-06T09:32:15.533+0000] {processor.py:830} INFO - Processing file /home/airflow/.local/lib/python3.8/site-packages/airflow/example_dags/example_latest_only_with_trigger.py for tasks to queue
[2025-12-06T09:32:15.535+0000] {logging_mixin.py:188} INFO - [2025-12-06T09:32:15.535+0000] {dagbag.py:538} INFO - Filling up the DagBag from /home/airflow/.local/lib/python3.8/site-packages/airflow/example_dags/example_latest_only_with_trigger.py
[2025-12-06T09:32:15.546+0000] {processor.py:840} INFO - DAG(s) 'latest_only_with_trigger' retrieved from /home/airflow/.local/lib/python3.8/site-packages/airflow/example_dags/example_latest_only_with_trigger.py
[2025-12-06T09:32:15.580+0000] {logging_mixin.py:188} INFO - [2025-12-06T09:32:15.579+0000] {dag.py:3036} INFO - Sync 1 DAGs
[2025-12-06T09:32:15.612+0000] {logging_mixin.py:188} INFO - [2025-12-06T09:32:15.611+0000] {dag.py:3823} INFO - Setting next_dagrun for latest_only_with_trigger to 2025-12-06 04:00:00+00:00, run_after=2025-12-06 08:00:00+00:00
[2025-12-06T09:32:15.649+0000] {processor.py:183} INFO - Processing /home/airflow/.local/lib/python3.8/site-packages/airflow/example_dags/example_latest_only_with_trigger.py took 0.125 seconds
[2025-12-06T09:32:45.701+0000] {processor.py:161} INFO - Started process (PID=4353) to work on /home/airflow/.local/lib/python3.8/site-packages/airflow/example_dags/example_latest_only_with_trigger.py
[2025-12-06T09:32:45.702+0000] {processor.py:830} INFO - Processing file /home/airflow/.local/lib/python3.8/site-packages/airflow/example_dags/example_latest_only_with_trigger.py for tasks to queue
[2025-12-06T09:32:45.706+0000] {logging_mixin.py:188} INFO - [2025-12-06T09:32:45.705+0000] {dagbag.py:538} INFO - Filling up the DagBag from /home/airflow/.local/lib/python3.8/site-packages/airflow/example_dags/example_latest_only_with_trigger.py
[2025-12-06T09:32:45.718+0000] {processor.py:840} INFO - DAG(s) 'latest_only_with_trigger' retrieved from /home/airflow/.local/lib/python3.8/site-packages/airflow/example_dags/example_latest_only_with_trigger.py
[2025-12-06T09:32:45.754+0000] {logging_mixin.py:188} INFO - [2025-12-06T09:32:45.754+0000] {dag.py:3036} INFO - Sync 1 DAGs
[2025-12-06T09:32:45.786+0000] {logging_mixin.py:188} INFO - [2025-12-06T09:32:45.786+0000] {dag.py:3823} INFO - Setting next_dagrun for latest_only_with_trigger to 2025-12-06 04:00:00+00:00, run_after=2025-12-06 08:00:00+00:00
[2025-12-06T09:32:45.820+0000] {processor.py:183} INFO - Processing /home/airflow/.local/lib/python3.8/site-packages/airflow/example_dags/example_latest_only_with_trigger.py took 0.126 seconds
[2025-12-06T09:33:16.241+0000] {processor.py:161} INFO - Started process (PID=4413) to work on /home/airflow/.local/lib/python3.8/site-packages/airflow/example_dags/example_latest_only_with_trigger.py
[2025-12-06T09:33:16.243+0000] {processor.py:830} INFO - Processing file /home/airflow/.local/lib/python3.8/site-packages/airflow/example_dags/example_latest_only_with_trigger.py for tasks to queue
[2025-12-06T09:33:16.246+0000] {logging_mixin.py:188} INFO - [2025-12-06T09:33:16.246+0000] {dagbag.py:538} INFO - Filling up the DagBag from /home/airflow/.local/lib/python3.8/site-packages/airflow/example_dags/example_latest_only_with_trigger.py
[2025-12-06T09:33:16.255+0000] {processor.py:840} INFO - DAG(s) 'latest_only_with_trigger' retrieved from /home/airflow/.local/lib/python3.8/site-packages/airflow/example_dags/example_latest_only_with_trigger.py
[2025-12-06T09:33:16.288+0000] {logging_mixin.py:188} INFO - [2025-12-06T09:33:16.288+0000] {dag.py:3036} INFO - Sync 1 DAGs
[2025-12-06T09:33:16.324+0000] {logging_mixin.py:188} INFO - [2025-12-06T09:33:16.323+0000] {dag.py:3823} INFO - Setting next_dagrun for latest_only_with_trigger to 2025-12-06 04:00:00+00:00, run_after=2025-12-06 08:00:00+00:00
[2025-12-06T09:33:16.358+0000] {processor.py:183} INFO - Processing /home/airflow/.local/lib/python3.8/site-packages/airflow/example_dags/example_latest_only_with_trigger.py took 0.122 seconds
[2025-12-06T09:33:46.577+0000] {processor.py:161} INFO - Started process (PID=4472) to work on /home/airflow/.local/lib/python3.8/site-packages/airflow/example_dags/example_latest_only_with_trigger.py
[2025-12-06T09:33:46.579+0000] {processor.py:830} INFO - Processing file /home/airflow/.local/lib/python3.8/site-packages/airflow/example_dags/example_latest_only_with_trigger.py for tasks to queue
[2025-12-06T09:33:46.582+0000] {logging_mixin.py:188} INFO - [2025-12-06T09:33:46.581+0000] {dagbag.py:538} INFO - Filling up the DagBag from /home/airflow/.local/lib/python3.8/site-packages/airflow/example_dags/example_latest_only_with_trigger.py
[2025-12-06T09:33:46.588+0000] {processor.py:840} INFO - DAG(s) 'latest_only_with_trigger' retrieved from /home/airflow/.local/lib/python3.8/site-packages/airflow/example_dags/example_latest_only_with_trigger.py
[2025-12-06T09:33:46.619+0000] {logging_mixin.py:188} INFO - [2025-12-06T09:33:46.619+0000] {dag.py:3036} INFO - Sync 1 DAGs
[2025-12-06T09:33:46.656+0000] {logging_mixin.py:188} INFO - [2025-12-06T09:33:46.656+0000] {dag.py:3823} INFO - Setting next_dagrun for latest_only_with_trigger to 2025-12-06 04:00:00+00:00, run_after=2025-12-06 08:00:00+00:00
[2025-12-06T09:33:46.685+0000] {processor.py:183} INFO - Processing /home/airflow/.local/lib/python3.8/site-packages/airflow/example_dags/example_latest_only_with_trigger.py took 0.113 seconds
[2025-12-06T09:34:16.818+0000] {processor.py:161} INFO - Started process (PID=4531) to work on /home/airflow/.local/lib/python3.8/site-packages/airflow/example_dags/example_latest_only_with_trigger.py
[2025-12-06T09:34:16.820+0000] {processor.py:830} INFO - Processing file /home/airflow/.local/lib/python3.8/site-packages/airflow/example_dags/example_latest_only_with_trigger.py for tasks to queue
[2025-12-06T09:34:16.823+0000] {logging_mixin.py:188} INFO - [2025-12-06T09:34:16.823+0000] {dagbag.py:538} INFO - Filling up the DagBag from /home/airflow/.local/lib/python3.8/site-packages/airflow/example_dags/example_latest_only_with_trigger.py
[2025-12-06T09:34:16.831+0000] {processor.py:840} INFO - DAG(s) 'latest_only_with_trigger' retrieved from /home/airflow/.local/lib/python3.8/site-packages/airflow/example_dags/example_latest_only_with_trigger.py
[2025-12-06T09:34:16.859+0000] {logging_mixin.py:188} INFO - [2025-12-06T09:34:16.859+0000] {dag.py:3036} INFO - Sync 1 DAGs
[2025-12-06T09:34:16.888+0000] {logging_mixin.py:188} INFO - [2025-12-06T09:34:16.888+0000] {dag.py:3823} INFO - Setting next_dagrun for latest_only_with_trigger to 2025-12-06 04:00:00+00:00, run_after=2025-12-06 08:00:00+00:00
[2025-12-06T09:34:16.920+0000] {processor.py:183} INFO - Processing /home/airflow/.local/lib/python3.8/site-packages/airflow/example_dags/example_latest_only_with_trigger.py took 0.105 seconds
[2025-12-06T09:34:46.973+0000] {processor.py:161} INFO - Started process (PID=4590) to work on /home/airflow/.local/lib/python3.8/site-packages/airflow/example_dags/example_latest_only_with_trigger.py
[2025-12-06T09:34:46.975+0000] {processor.py:830} INFO - Processing file /home/airflow/.local/lib/python3.8/site-packages/airflow/example_dags/example_latest_only_with_trigger.py for tasks to queue
[2025-12-06T09:34:46.978+0000] {logging_mixin.py:188} INFO - [2025-12-06T09:34:46.977+0000] {dagbag.py:538} INFO - Filling up the DagBag from /home/airflow/.local/lib/python3.8/site-packages/airflow/example_dags/example_latest_only_with_trigger.py
[2025-12-06T09:34:46.987+0000] {processor.py:840} INFO - DAG(s) 'latest_only_with_trigger' retrieved from /home/airflow/.local/lib/python3.8/site-packages/airflow/example_dags/example_latest_only_with_trigger.py
[2025-12-06T09:34:47.017+0000] {logging_mixin.py:188} INFO - [2025-12-06T09:34:47.017+0000] {dag.py:3036} INFO - Sync 1 DAGs
[2025-12-06T09:34:47.048+0000] {logging_mixin.py:188} INFO - [2025-12-06T09:34:47.048+0000] {dag.py:3823} INFO - Setting next_dagrun for latest_only_with_trigger to 2025-12-06 04:00:00+00:00, run_after=2025-12-06 08:00:00+00:00
[2025-12-06T09:34:47.077+0000] {processor.py:183} INFO - Processing /home/airflow/.local/lib/python3.8/site-packages/airflow/example_dags/example_latest_only_with_trigger.py took 0.110 seconds
[2025-12-06T09:35:17.205+0000] {processor.py:161} INFO - Started process (PID=4649) to work on /home/airflow/.local/lib/python3.8/site-packages/airflow/example_dags/example_latest_only_with_trigger.py
[2025-12-06T09:35:17.206+0000] {processor.py:830} INFO - Processing file /home/airflow/.local/lib/python3.8/site-packages/airflow/example_dags/example_latest_only_with_trigger.py for tasks to queue
[2025-12-06T09:35:17.209+0000] {logging_mixin.py:188} INFO - [2025-12-06T09:35:17.208+0000] {dagbag.py:538} INFO - Filling up the DagBag from /home/airflow/.local/lib/python3.8/site-packages/airflow/example_dags/example_latest_only_with_trigger.py
[2025-12-06T09:35:17.218+0000] {processor.py:840} INFO - DAG(s) 'latest_only_with_trigger' retrieved from /home/airflow/.local/lib/python3.8/site-packages/airflow/example_dags/example_latest_only_with_trigger.py
[2025-12-06T09:35:17.243+0000] {logging_mixin.py:188} INFO - [2025-12-06T09:35:17.243+0000] {dag.py:3036} INFO - Sync 1 DAGs
[2025-12-06T09:35:17.273+0000] {logging_mixin.py:188} INFO - [2025-12-06T09:35:17.272+0000] {dag.py:3823} INFO - Setting next_dagrun for latest_only_with_trigger to 2025-12-06 04:00:00+00:00, run_after=2025-12-06 08:00:00+00:00
[2025-12-06T09:35:17.301+0000] {processor.py:183} INFO - Processing /home/airflow/.local/lib/python3.8/site-packages/airflow/example_dags/example_latest_only_with_trigger.py took 0.102 seconds
[2025-12-06T09:35:47.449+0000] {processor.py:161} INFO - Started process (PID=4708) to work on /home/airflow/.local/lib/python3.8/site-packages/airflow/example_dags/example_latest_only_with_trigger.py
[2025-12-06T09:35:47.451+0000] {processor.py:830} INFO - Processing file /home/airflow/.local/lib/python3.8/site-packages/airflow/example_dags/example_latest_only_with_trigger.py for tasks to queue
[2025-12-06T09:35:47.454+0000] {logging_mixin.py:188} INFO - [2025-12-06T09:35:47.453+0000] {dagbag.py:538} INFO - Filling up the DagBag from /home/airflow/.local/lib/python3.8/site-packages/airflow/example_dags/example_latest_only_with_trigger.py
[2025-12-06T09:35:47.462+0000] {processor.py:840} INFO - DAG(s) 'latest_only_with_trigger' retrieved from /home/airflow/.local/lib/python3.8/site-packages/airflow/example_dags/example_latest_only_with_trigger.py
[2025-12-06T09:35:47.497+0000] {logging_mixin.py:188} INFO - [2025-12-06T09:35:47.497+0000] {dag.py:3036} INFO - Sync 1 DAGs
[2025-12-06T09:35:47.529+0000] {logging_mixin.py:188} INFO - [2025-12-06T09:35:47.528+0000] {dag.py:3823} INFO - Setting next_dagrun for latest_only_with_trigger to 2025-12-06 04:00:00+00:00, run_after=2025-12-06 08:00:00+00:00
[2025-12-06T09:35:47.560+0000] {processor.py:183} INFO - Processing /home/airflow/.local/lib/python3.8/site-packages/airflow/example_dags/example_latest_only_with_trigger.py took 0.117 seconds
[2025-12-06T09:36:17.758+0000] {processor.py:161} INFO - Started process (PID=4767) to work on /home/airflow/.local/lib/python3.8/site-packages/airflow/example_dags/example_latest_only_with_trigger.py
[2025-12-06T09:36:17.760+0000] {processor.py:830} INFO - Processing file /home/airflow/.local/lib/python3.8/site-packages/airflow/example_dags/example_latest_only_with_trigger.py for tasks to queue
[2025-12-06T09:36:17.763+0000] {logging_mixin.py:188} INFO - [2025-12-06T09:36:17.762+0000] {dagbag.py:538} INFO - Filling up the DagBag from /home/airflow/.local/lib/python3.8/site-packages/airflow/example_dags/example_latest_only_with_trigger.py
[2025-12-06T09:36:17.772+0000] {processor.py:840} INFO - DAG(s) 'latest_only_with_trigger' retrieved from /home/airflow/.local/lib/python3.8/site-packages/airflow/example_dags/example_latest_only_with_trigger.py
[2025-12-06T09:36:17.805+0000] {logging_mixin.py:188} INFO - [2025-12-06T09:36:17.805+0000] {dag.py:3036} INFO - Sync 1 DAGs
[2025-12-06T09:36:17.841+0000] {logging_mixin.py:188} INFO - [2025-12-06T09:36:17.841+0000] {dag.py:3823} INFO - Setting next_dagrun for latest_only_with_trigger to 2025-12-06 04:00:00+00:00, run_after=2025-12-06 08:00:00+00:00
[2025-12-06T09:36:17.872+0000] {processor.py:183} INFO - Processing /home/airflow/.local/lib/python3.8/site-packages/airflow/example_dags/example_latest_only_with_trigger.py took 0.120 seconds
[2025-12-06T09:36:48.136+0000] {processor.py:161} INFO - Started process (PID=4826) to work on /home/airflow/.local/lib/python3.8/site-packages/airflow/example_dags/example_latest_only_with_trigger.py
[2025-12-06T09:36:48.138+0000] {processor.py:830} INFO - Processing file /home/airflow/.local/lib/python3.8/site-packages/airflow/example_dags/example_latest_only_with_trigger.py for tasks to queue
[2025-12-06T09:36:48.141+0000] {logging_mixin.py:188} INFO - [2025-12-06T09:36:48.141+0000] {dagbag.py:538} INFO - Filling up the DagBag from /home/airflow/.local/lib/python3.8/site-packages/airflow/example_dags/example_latest_only_with_trigger.py
[2025-12-06T09:36:48.149+0000] {processor.py:840} INFO - DAG(s) 'latest_only_with_trigger' retrieved from /home/airflow/.local/lib/python3.8/site-packages/airflow/example_dags/example_latest_only_with_trigger.py
[2025-12-06T09:36:48.180+0000] {logging_mixin.py:188} INFO - [2025-12-06T09:36:48.180+0000] {dag.py:3036} INFO - Sync 1 DAGs
[2025-12-06T09:36:48.215+0000] {logging_mixin.py:188} INFO - [2025-12-06T09:36:48.215+0000] {dag.py:3823} INFO - Setting next_dagrun for latest_only_with_trigger to 2025-12-06 04:00:00+00:00, run_after=2025-12-06 08:00:00+00:00
[2025-12-06T09:36:48.249+0000] {processor.py:183} INFO - Processing /home/airflow/.local/lib/python3.8/site-packages/airflow/example_dags/example_latest_only_with_trigger.py took 0.118 seconds
[2025-12-06T09:37:18.323+0000] {processor.py:161} INFO - Started process (PID=4885) to work on /home/airflow/.local/lib/python3.8/site-packages/airflow/example_dags/example_latest_only_with_trigger.py
[2025-12-06T09:37:18.325+0000] {processor.py:830} INFO - Processing file /home/airflow/.local/lib/python3.8/site-packages/airflow/example_dags/example_latest_only_with_trigger.py for tasks to queue
[2025-12-06T09:37:18.328+0000] {logging_mixin.py:188} INFO - [2025-12-06T09:37:18.328+0000] {dagbag.py:538} INFO - Filling up the DagBag from /home/airflow/.local/lib/python3.8/site-packages/airflow/example_dags/example_latest_only_with_trigger.py
[2025-12-06T09:37:18.337+0000] {processor.py:840} INFO - DAG(s) 'latest_only_with_trigger' retrieved from /home/airflow/.local/lib/python3.8/site-packages/airflow/example_dags/example_latest_only_with_trigger.py
[2025-12-06T09:37:18.367+0000] {logging_mixin.py:188} INFO - [2025-12-06T09:37:18.366+0000] {dag.py:3036} INFO - Sync 1 DAGs
[2025-12-06T09:37:18.399+0000] {logging_mixin.py:188} INFO - [2025-12-06T09:37:18.399+0000] {dag.py:3823} INFO - Setting next_dagrun for latest_only_with_trigger to 2025-12-06 04:00:00+00:00, run_after=2025-12-06 08:00:00+00:00
[2025-12-06T09:37:18.431+0000] {processor.py:183} INFO - Processing /home/airflow/.local/lib/python3.8/site-packages/airflow/example_dags/example_latest_only_with_trigger.py took 0.112 seconds
[2025-12-06T09:37:48.701+0000] {processor.py:161} INFO - Started process (PID=4944) to work on /home/airflow/.local/lib/python3.8/site-packages/airflow/example_dags/example_latest_only_with_trigger.py
[2025-12-06T09:37:48.703+0000] {processor.py:830} INFO - Processing file /home/airflow/.local/lib/python3.8/site-packages/airflow/example_dags/example_latest_only_with_trigger.py for tasks to queue
[2025-12-06T09:37:48.706+0000] {logging_mixin.py:188} INFO - [2025-12-06T09:37:48.705+0000] {dagbag.py:538} INFO - Filling up the DagBag from /home/airflow/.local/lib/python3.8/site-packages/airflow/example_dags/example_latest_only_with_trigger.py
[2025-12-06T09:37:48.714+0000] {processor.py:840} INFO - DAG(s) 'latest_only_with_trigger' retrieved from /home/airflow/.local/lib/python3.8/site-packages/airflow/example_dags/example_latest_only_with_trigger.py
[2025-12-06T09:37:48.745+0000] {logging_mixin.py:188} INFO - [2025-12-06T09:37:48.744+0000] {dag.py:3036} INFO - Sync 1 DAGs
[2025-12-06T09:37:48.779+0000] {logging_mixin.py:188} INFO - [2025-12-06T09:37:48.779+0000] {dag.py:3823} INFO - Setting next_dagrun for latest_only_with_trigger to 2025-12-06 04:00:00+00:00, run_after=2025-12-06 08:00:00+00:00
[2025-12-06T09:37:48.811+0000] {processor.py:183} INFO - Processing /home/airflow/.local/lib/python3.8/site-packages/airflow/example_dags/example_latest_only_with_trigger.py took 0.115 seconds
[2025-12-06T09:38:19.318+0000] {processor.py:161} INFO - Started process (PID=5003) to work on /home/airflow/.local/lib/python3.8/site-packages/airflow/example_dags/example_latest_only_with_trigger.py
[2025-12-06T09:38:19.320+0000] {processor.py:830} INFO - Processing file /home/airflow/.local/lib/python3.8/site-packages/airflow/example_dags/example_latest_only_with_trigger.py for tasks to queue
[2025-12-06T09:38:19.324+0000] {logging_mixin.py:188} INFO - [2025-12-06T09:38:19.323+0000] {dagbag.py:538} INFO - Filling up the DagBag from /home/airflow/.local/lib/python3.8/site-packages/airflow/example_dags/example_latest_only_with_trigger.py
[2025-12-06T09:38:19.332+0000] {processor.py:840} INFO - DAG(s) 'latest_only_with_trigger' retrieved from /home/airflow/.local/lib/python3.8/site-packages/airflow/example_dags/example_latest_only_with_trigger.py
[2025-12-06T09:38:19.365+0000] {logging_mixin.py:188} INFO - [2025-12-06T09:38:19.365+0000] {dag.py:3036} INFO - Sync 1 DAGs
[2025-12-06T09:38:19.398+0000] {logging_mixin.py:188} INFO - [2025-12-06T09:38:19.398+0000] {dag.py:3823} INFO - Setting next_dagrun for latest_only_with_trigger to 2025-12-06 04:00:00+00:00, run_after=2025-12-06 08:00:00+00:00
[2025-12-06T09:38:19.431+0000] {processor.py:183} INFO - Processing /home/airflow/.local/lib/python3.8/site-packages/airflow/example_dags/example_latest_only_with_trigger.py took 0.118 seconds
[2025-12-06T09:38:49.933+0000] {processor.py:161} INFO - Started process (PID=5062) to work on /home/airflow/.local/lib/python3.8/site-packages/airflow/example_dags/example_latest_only_with_trigger.py
[2025-12-06T09:38:49.935+0000] {processor.py:830} INFO - Processing file /home/airflow/.local/lib/python3.8/site-packages/airflow/example_dags/example_latest_only_with_trigger.py for tasks to queue
[2025-12-06T09:38:49.938+0000] {logging_mixin.py:188} INFO - [2025-12-06T09:38:49.938+0000] {dagbag.py:538} INFO - Filling up the DagBag from /home/airflow/.local/lib/python3.8/site-packages/airflow/example_dags/example_latest_only_with_trigger.py
[2025-12-06T09:38:49.950+0000] {processor.py:840} INFO - DAG(s) 'latest_only_with_trigger' retrieved from /home/airflow/.local/lib/python3.8/site-packages/airflow/example_dags/example_latest_only_with_trigger.py
[2025-12-06T09:38:49.986+0000] {logging_mixin.py:188} INFO - [2025-12-06T09:38:49.986+0000] {dag.py:3036} INFO - Sync 1 DAGs
[2025-12-06T09:38:50.022+0000] {logging_mixin.py:188} INFO - [2025-12-06T09:38:50.022+0000] {dag.py:3823} INFO - Setting next_dagrun for latest_only_with_trigger to 2025-12-06 04:00:00+00:00, run_after=2025-12-06 08:00:00+00:00
[2025-12-06T09:38:50.057+0000] {processor.py:183} INFO - Processing /home/airflow/.local/lib/python3.8/site-packages/airflow/example_dags/example_latest_only_with_trigger.py took 0.130 seconds
[2025-12-06T09:39:20.546+0000] {processor.py:161} INFO - Started process (PID=5121) to work on /home/airflow/.local/lib/python3.8/site-packages/airflow/example_dags/example_latest_only_with_trigger.py
[2025-12-06T09:39:20.548+0000] {processor.py:830} INFO - Processing file /home/airflow/.local/lib/python3.8/site-packages/airflow/example_dags/example_latest_only_with_trigger.py for tasks to queue
[2025-12-06T09:39:20.551+0000] {logging_mixin.py:188} INFO - [2025-12-06T09:39:20.551+0000] {dagbag.py:538} INFO - Filling up the DagBag from /home/airflow/.local/lib/python3.8/site-packages/airflow/example_dags/example_latest_only_with_trigger.py
[2025-12-06T09:39:20.561+0000] {processor.py:840} INFO - DAG(s) 'latest_only_with_trigger' retrieved from /home/airflow/.local/lib/python3.8/site-packages/airflow/example_dags/example_latest_only_with_trigger.py
[2025-12-06T09:39:20.594+0000] {logging_mixin.py:188} INFO - [2025-12-06T09:39:20.594+0000] {dag.py:3036} INFO - Sync 1 DAGs
[2025-12-06T09:39:20.626+0000] {logging_mixin.py:188} INFO - [2025-12-06T09:39:20.625+0000] {dag.py:3823} INFO - Setting next_dagrun for latest_only_with_trigger to 2025-12-06 04:00:00+00:00, run_after=2025-12-06 08:00:00+00:00
[2025-12-06T09:39:20.657+0000] {processor.py:183} INFO - Processing /home/airflow/.local/lib/python3.8/site-packages/airflow/example_dags/example_latest_only_with_trigger.py took 0.116 seconds
[2025-12-06T09:39:51.055+0000] {processor.py:161} INFO - Started process (PID=5180) to work on /home/airflow/.local/lib/python3.8/site-packages/airflow/example_dags/example_latest_only_with_trigger.py
[2025-12-06T09:39:51.057+0000] {processor.py:830} INFO - Processing file /home/airflow/.local/lib/python3.8/site-packages/airflow/example_dags/example_latest_only_with_trigger.py for tasks to queue
[2025-12-06T09:39:51.060+0000] {logging_mixin.py:188} INFO - [2025-12-06T09:39:51.060+0000] {dagbag.py:538} INFO - Filling up the DagBag from /home/airflow/.local/lib/python3.8/site-packages/airflow/example_dags/example_latest_only_with_trigger.py
[2025-12-06T09:39:51.069+0000] {processor.py:840} INFO - DAG(s) 'latest_only_with_trigger' retrieved from /home/airflow/.local/lib/python3.8/site-packages/airflow/example_dags/example_latest_only_with_trigger.py
[2025-12-06T09:39:51.102+0000] {logging_mixin.py:188} INFO - [2025-12-06T09:39:51.102+0000] {dag.py:3036} INFO - Sync 1 DAGs
[2025-12-06T09:39:51.135+0000] {logging_mixin.py:188} INFO - [2025-12-06T09:39:51.135+0000] {dag.py:3823} INFO - Setting next_dagrun for latest_only_with_trigger to 2025-12-06 04:00:00+00:00, run_after=2025-12-06 08:00:00+00:00
[2025-12-06T09:39:51.167+0000] {processor.py:183} INFO - Processing /home/airflow/.local/lib/python3.8/site-packages/airflow/example_dags/example_latest_only_with_trigger.py took 0.117 seconds
[2025-12-06T09:40:21.587+0000] {processor.py:161} INFO - Started process (PID=5239) to work on /home/airflow/.local/lib/python3.8/site-packages/airflow/example_dags/example_latest_only_with_trigger.py
[2025-12-06T09:40:21.589+0000] {processor.py:830} INFO - Processing file /home/airflow/.local/lib/python3.8/site-packages/airflow/example_dags/example_latest_only_with_trigger.py for tasks to queue
[2025-12-06T09:40:21.593+0000] {logging_mixin.py:188} INFO - [2025-12-06T09:40:21.592+0000] {dagbag.py:538} INFO - Filling up the DagBag from /home/airflow/.local/lib/python3.8/site-packages/airflow/example_dags/example_latest_only_with_trigger.py
[2025-12-06T09:40:21.605+0000] {processor.py:840} INFO - DAG(s) 'latest_only_with_trigger' retrieved from /home/airflow/.local/lib/python3.8/site-packages/airflow/example_dags/example_latest_only_with_trigger.py
[2025-12-06T09:40:21.637+0000] {logging_mixin.py:188} INFO - [2025-12-06T09:40:21.637+0000] {dag.py:3036} INFO - Sync 1 DAGs
[2025-12-06T09:40:21.671+0000] {logging_mixin.py:188} INFO - [2025-12-06T09:40:21.670+0000] {dag.py:3823} INFO - Setting next_dagrun for latest_only_with_trigger to 2025-12-06 04:00:00+00:00, run_after=2025-12-06 08:00:00+00:00
[2025-12-06T09:40:21.704+0000] {processor.py:183} INFO - Processing /home/airflow/.local/lib/python3.8/site-packages/airflow/example_dags/example_latest_only_with_trigger.py took 0.123 seconds
[2025-12-06T09:40:52.228+0000] {processor.py:161} INFO - Started process (PID=5298) to work on /home/airflow/.local/lib/python3.8/site-packages/airflow/example_dags/example_latest_only_with_trigger.py
[2025-12-06T09:40:52.229+0000] {processor.py:830} INFO - Processing file /home/airflow/.local/lib/python3.8/site-packages/airflow/example_dags/example_latest_only_with_trigger.py for tasks to queue
[2025-12-06T09:40:52.232+0000] {logging_mixin.py:188} INFO - [2025-12-06T09:40:52.232+0000] {dagbag.py:538} INFO - Filling up the DagBag from /home/airflow/.local/lib/python3.8/site-packages/airflow/example_dags/example_latest_only_with_trigger.py
[2025-12-06T09:40:52.239+0000] {processor.py:840} INFO - DAG(s) 'latest_only_with_trigger' retrieved from /home/airflow/.local/lib/python3.8/site-packages/airflow/example_dags/example_latest_only_with_trigger.py
[2025-12-06T09:40:52.271+0000] {logging_mixin.py:188} INFO - [2025-12-06T09:40:52.271+0000] {dag.py:3036} INFO - Sync 1 DAGs
[2025-12-06T09:40:52.303+0000] {logging_mixin.py:188} INFO - [2025-12-06T09:40:52.303+0000] {dag.py:3823} INFO - Setting next_dagrun for latest_only_with_trigger to 2025-12-06 04:00:00+00:00, run_after=2025-12-06 08:00:00+00:00
[2025-12-06T09:40:52.333+0000] {processor.py:183} INFO - Processing /home/airflow/.local/lib/python3.8/site-packages/airflow/example_dags/example_latest_only_with_trigger.py took 0.110 seconds
[2025-12-06T09:41:22.516+0000] {processor.py:161} INFO - Started process (PID=5357) to work on /home/airflow/.local/lib/python3.8/site-packages/airflow/example_dags/example_latest_only_with_trigger.py
[2025-12-06T09:41:22.517+0000] {processor.py:830} INFO - Processing file /home/airflow/.local/lib/python3.8/site-packages/airflow/example_dags/example_latest_only_with_trigger.py for tasks to queue
[2025-12-06T09:41:22.520+0000] {logging_mixin.py:188} INFO - [2025-12-06T09:41:22.520+0000] {dagbag.py:538} INFO - Filling up the DagBag from /home/airflow/.local/lib/python3.8/site-packages/airflow/example_dags/example_latest_only_with_trigger.py
[2025-12-06T09:41:22.530+0000] {processor.py:840} INFO - DAG(s) 'latest_only_with_trigger' retrieved from /home/airflow/.local/lib/python3.8/site-packages/airflow/example_dags/example_latest_only_with_trigger.py
[2025-12-06T09:41:22.563+0000] {logging_mixin.py:188} INFO - [2025-12-06T09:41:22.562+0000] {dag.py:3036} INFO - Sync 1 DAGs
[2025-12-06T09:41:22.595+0000] {logging_mixin.py:188} INFO - [2025-12-06T09:41:22.594+0000] {dag.py:3823} INFO - Setting next_dagrun for latest_only_with_trigger to 2025-12-06 04:00:00+00:00, run_after=2025-12-06 08:00:00+00:00
[2025-12-06T09:41:22.624+0000] {processor.py:183} INFO - Processing /home/airflow/.local/lib/python3.8/site-packages/airflow/example_dags/example_latest_only_with_trigger.py took 0.113 seconds
[2025-12-06T09:41:52.977+0000] {processor.py:161} INFO - Started process (PID=5416) to work on /home/airflow/.local/lib/python3.8/site-packages/airflow/example_dags/example_latest_only_with_trigger.py
[2025-12-06T09:41:52.979+0000] {processor.py:830} INFO - Processing file /home/airflow/.local/lib/python3.8/site-packages/airflow/example_dags/example_latest_only_with_trigger.py for tasks to queue
[2025-12-06T09:41:52.982+0000] {logging_mixin.py:188} INFO - [2025-12-06T09:41:52.981+0000] {dagbag.py:538} INFO - Filling up the DagBag from /home/airflow/.local/lib/python3.8/site-packages/airflow/example_dags/example_latest_only_with_trigger.py
[2025-12-06T09:41:52.990+0000] {processor.py:840} INFO - DAG(s) 'latest_only_with_trigger' retrieved from /home/airflow/.local/lib/python3.8/site-packages/airflow/example_dags/example_latest_only_with_trigger.py
[2025-12-06T09:41:53.024+0000] {logging_mixin.py:188} INFO - [2025-12-06T09:41:53.024+0000] {dag.py:3036} INFO - Sync 1 DAGs
[2025-12-06T09:41:53.057+0000] {logging_mixin.py:188} INFO - [2025-12-06T09:41:53.057+0000] {dag.py:3823} INFO - Setting next_dagrun for latest_only_with_trigger to 2025-12-06 04:00:00+00:00, run_after=2025-12-06 08:00:00+00:00
[2025-12-06T09:41:53.089+0000] {processor.py:183} INFO - Processing /home/airflow/.local/lib/python3.8/site-packages/airflow/example_dags/example_latest_only_with_trigger.py took 0.117 seconds
[2025-12-06T09:42:23.219+0000] {processor.py:161} INFO - Started process (PID=5475) to work on /home/airflow/.local/lib/python3.8/site-packages/airflow/example_dags/example_latest_only_with_trigger.py
[2025-12-06T09:42:23.221+0000] {processor.py:830} INFO - Processing file /home/airflow/.local/lib/python3.8/site-packages/airflow/example_dags/example_latest_only_with_trigger.py for tasks to queue
[2025-12-06T09:42:23.224+0000] {logging_mixin.py:188} INFO - [2025-12-06T09:42:23.224+0000] {dagbag.py:538} INFO - Filling up the DagBag from /home/airflow/.local/lib/python3.8/site-packages/airflow/example_dags/example_latest_only_with_trigger.py
[2025-12-06T09:42:23.233+0000] {processor.py:840} INFO - DAG(s) 'latest_only_with_trigger' retrieved from /home/airflow/.local/lib/python3.8/site-packages/airflow/example_dags/example_latest_only_with_trigger.py
[2025-12-06T09:42:23.266+0000] {logging_mixin.py:188} INFO - [2025-12-06T09:42:23.266+0000] {dag.py:3036} INFO - Sync 1 DAGs
[2025-12-06T09:42:23.299+0000] {logging_mixin.py:188} INFO - [2025-12-06T09:42:23.298+0000] {dag.py:3823} INFO - Setting next_dagrun for latest_only_with_trigger to 2025-12-06 04:00:00+00:00, run_after=2025-12-06 08:00:00+00:00
[2025-12-06T09:42:23.329+0000] {processor.py:183} INFO - Processing /home/airflow/.local/lib/python3.8/site-packages/airflow/example_dags/example_latest_only_with_trigger.py took 0.114 seconds
[2025-12-06T09:42:54.123+0000] {processor.py:161} INFO - Started process (PID=5533) to work on /home/airflow/.local/lib/python3.8/site-packages/airflow/example_dags/example_latest_only_with_trigger.py
[2025-12-06T09:42:54.125+0000] {processor.py:830} INFO - Processing file /home/airflow/.local/lib/python3.8/site-packages/airflow/example_dags/example_latest_only_with_trigger.py for tasks to queue
[2025-12-06T09:42:54.129+0000] {logging_mixin.py:188} INFO - [2025-12-06T09:42:54.128+0000] {dagbag.py:538} INFO - Filling up the DagBag from /home/airflow/.local/lib/python3.8/site-packages/airflow/example_dags/example_latest_only_with_trigger.py
[2025-12-06T09:42:54.140+0000] {processor.py:840} INFO - DAG(s) 'latest_only_with_trigger' retrieved from /home/airflow/.local/lib/python3.8/site-packages/airflow/example_dags/example_latest_only_with_trigger.py
[2025-12-06T09:42:54.175+0000] {logging_mixin.py:188} INFO - [2025-12-06T09:42:54.175+0000] {dag.py:3036} INFO - Sync 1 DAGs
[2025-12-06T09:42:54.210+0000] {logging_mixin.py:188} INFO - [2025-12-06T09:42:54.209+0000] {dag.py:3823} INFO - Setting next_dagrun for latest_only_with_trigger to 2025-12-06 04:00:00+00:00, run_after=2025-12-06 08:00:00+00:00
[2025-12-06T09:42:54.241+0000] {processor.py:183} INFO - Processing /home/airflow/.local/lib/python3.8/site-packages/airflow/example_dags/example_latest_only_with_trigger.py took 0.123 seconds
[2025-12-06T09:43:24.428+0000] {processor.py:161} INFO - Started process (PID=5592) to work on /home/airflow/.local/lib/python3.8/site-packages/airflow/example_dags/example_latest_only_with_trigger.py
[2025-12-06T09:43:24.430+0000] {processor.py:830} INFO - Processing file /home/airflow/.local/lib/python3.8/site-packages/airflow/example_dags/example_latest_only_with_trigger.py for tasks to queue
[2025-12-06T09:43:24.432+0000] {logging_mixin.py:188} INFO - [2025-12-06T09:43:24.432+0000] {dagbag.py:538} INFO - Filling up the DagBag from /home/airflow/.local/lib/python3.8/site-packages/airflow/example_dags/example_latest_only_with_trigger.py
[2025-12-06T09:43:24.440+0000] {processor.py:840} INFO - DAG(s) 'latest_only_with_trigger' retrieved from /home/airflow/.local/lib/python3.8/site-packages/airflow/example_dags/example_latest_only_with_trigger.py
[2025-12-06T09:43:24.469+0000] {logging_mixin.py:188} INFO - [2025-12-06T09:43:24.469+0000] {dag.py:3036} INFO - Sync 1 DAGs
[2025-12-06T09:43:24.501+0000] {logging_mixin.py:188} INFO - [2025-12-06T09:43:24.501+0000] {dag.py:3823} INFO - Setting next_dagrun for latest_only_with_trigger to 2025-12-06 04:00:00+00:00, run_after=2025-12-06 08:00:00+00:00
[2025-12-06T09:43:24.531+0000] {processor.py:183} INFO - Processing /home/airflow/.local/lib/python3.8/site-packages/airflow/example_dags/example_latest_only_with_trigger.py took 0.109 seconds
[2025-12-06T09:43:54.641+0000] {processor.py:161} INFO - Started process (PID=5651) to work on /home/airflow/.local/lib/python3.8/site-packages/airflow/example_dags/example_latest_only_with_trigger.py
[2025-12-06T09:43:54.643+0000] {processor.py:830} INFO - Processing file /home/airflow/.local/lib/python3.8/site-packages/airflow/example_dags/example_latest_only_with_trigger.py for tasks to queue
[2025-12-06T09:43:54.647+0000] {logging_mixin.py:188} INFO - [2025-12-06T09:43:54.646+0000] {dagbag.py:538} INFO - Filling up the DagBag from /home/airflow/.local/lib/python3.8/site-packages/airflow/example_dags/example_latest_only_with_trigger.py
[2025-12-06T09:43:54.656+0000] {processor.py:840} INFO - DAG(s) 'latest_only_with_trigger' retrieved from /home/airflow/.local/lib/python3.8/site-packages/airflow/example_dags/example_latest_only_with_trigger.py
[2025-12-06T09:43:54.684+0000] {logging_mixin.py:188} INFO - [2025-12-06T09:43:54.684+0000] {dag.py:3036} INFO - Sync 1 DAGs
[2025-12-06T09:43:54.717+0000] {logging_mixin.py:188} INFO - [2025-12-06T09:43:54.717+0000] {dag.py:3823} INFO - Setting next_dagrun for latest_only_with_trigger to 2025-12-06 04:00:00+00:00, run_after=2025-12-06 08:00:00+00:00
[2025-12-06T09:43:54.749+0000] {processor.py:183} INFO - Processing /home/airflow/.local/lib/python3.8/site-packages/airflow/example_dags/example_latest_only_with_trigger.py took 0.113 seconds
[2025-12-06T09:44:25.554+0000] {processor.py:161} INFO - Started process (PID=5708) to work on /home/airflow/.local/lib/python3.8/site-packages/airflow/example_dags/example_latest_only_with_trigger.py
[2025-12-06T09:44:25.556+0000] {processor.py:830} INFO - Processing file /home/airflow/.local/lib/python3.8/site-packages/airflow/example_dags/example_latest_only_with_trigger.py for tasks to queue
[2025-12-06T09:44:25.558+0000] {logging_mixin.py:188} INFO - [2025-12-06T09:44:25.558+0000] {dagbag.py:538} INFO - Filling up the DagBag from /home/airflow/.local/lib/python3.8/site-packages/airflow/example_dags/example_latest_only_with_trigger.py
[2025-12-06T09:44:25.566+0000] {processor.py:840} INFO - DAG(s) 'latest_only_with_trigger' retrieved from /home/airflow/.local/lib/python3.8/site-packages/airflow/example_dags/example_latest_only_with_trigger.py
[2025-12-06T09:44:25.596+0000] {logging_mixin.py:188} INFO - [2025-12-06T09:44:25.596+0000] {dag.py:3036} INFO - Sync 1 DAGs
[2025-12-06T09:44:25.629+0000] {logging_mixin.py:188} INFO - [2025-12-06T09:44:25.629+0000] {dag.py:3823} INFO - Setting next_dagrun for latest_only_with_trigger to 2025-12-06 04:00:00+00:00, run_after=2025-12-06 08:00:00+00:00
[2025-12-06T09:44:25.665+0000] {processor.py:183} INFO - Processing /home/airflow/.local/lib/python3.8/site-packages/airflow/example_dags/example_latest_only_with_trigger.py took 0.115 seconds
[2025-12-06T09:44:56.001+0000] {processor.py:161} INFO - Started process (PID=5767) to work on /home/airflow/.local/lib/python3.8/site-packages/airflow/example_dags/example_latest_only_with_trigger.py
[2025-12-06T09:44:56.002+0000] {processor.py:830} INFO - Processing file /home/airflow/.local/lib/python3.8/site-packages/airflow/example_dags/example_latest_only_with_trigger.py for tasks to queue
[2025-12-06T09:44:56.006+0000] {logging_mixin.py:188} INFO - [2025-12-06T09:44:56.005+0000] {dagbag.py:538} INFO - Filling up the DagBag from /home/airflow/.local/lib/python3.8/site-packages/airflow/example_dags/example_latest_only_with_trigger.py
[2025-12-06T09:44:56.014+0000] {processor.py:840} INFO - DAG(s) 'latest_only_with_trigger' retrieved from /home/airflow/.local/lib/python3.8/site-packages/airflow/example_dags/example_latest_only_with_trigger.py
[2025-12-06T09:44:56.052+0000] {logging_mixin.py:188} INFO - [2025-12-06T09:44:56.051+0000] {dag.py:3036} INFO - Sync 1 DAGs
[2025-12-06T09:44:56.084+0000] {logging_mixin.py:188} INFO - [2025-12-06T09:44:56.084+0000] {dag.py:3823} INFO - Setting next_dagrun for latest_only_with_trigger to 2025-12-06 04:00:00+00:00, run_after=2025-12-06 08:00:00+00:00
[2025-12-06T09:44:56.114+0000] {processor.py:183} INFO - Processing /home/airflow/.local/lib/python3.8/site-packages/airflow/example_dags/example_latest_only_with_trigger.py took 0.119 seconds
[2025-12-06T09:45:26.299+0000] {processor.py:161} INFO - Started process (PID=5826) to work on /home/airflow/.local/lib/python3.8/site-packages/airflow/example_dags/example_latest_only_with_trigger.py
[2025-12-06T09:45:26.300+0000] {processor.py:830} INFO - Processing file /home/airflow/.local/lib/python3.8/site-packages/airflow/example_dags/example_latest_only_with_trigger.py for tasks to queue
[2025-12-06T09:45:26.304+0000] {logging_mixin.py:188} INFO - [2025-12-06T09:45:26.303+0000] {dagbag.py:538} INFO - Filling up the DagBag from /home/airflow/.local/lib/python3.8/site-packages/airflow/example_dags/example_latest_only_with_trigger.py
[2025-12-06T09:45:26.313+0000] {processor.py:840} INFO - DAG(s) 'latest_only_with_trigger' retrieved from /home/airflow/.local/lib/python3.8/site-packages/airflow/example_dags/example_latest_only_with_trigger.py
[2025-12-06T09:45:26.344+0000] {logging_mixin.py:188} INFO - [2025-12-06T09:45:26.344+0000] {dag.py:3036} INFO - Sync 1 DAGs
[2025-12-06T09:45:26.377+0000] {logging_mixin.py:188} INFO - [2025-12-06T09:45:26.377+0000] {dag.py:3823} INFO - Setting next_dagrun for latest_only_with_trigger to 2025-12-06 04:00:00+00:00, run_after=2025-12-06 08:00:00+00:00
[2025-12-06T09:45:26.405+0000] {processor.py:183} INFO - Processing /home/airflow/.local/lib/python3.8/site-packages/airflow/example_dags/example_latest_only_with_trigger.py took 0.111 seconds
[2025-12-06T09:45:56.455+0000] {processor.py:161} INFO - Started process (PID=5885) to work on /home/airflow/.local/lib/python3.8/site-packages/airflow/example_dags/example_latest_only_with_trigger.py
[2025-12-06T09:45:56.457+0000] {processor.py:830} INFO - Processing file /home/airflow/.local/lib/python3.8/site-packages/airflow/example_dags/example_latest_only_with_trigger.py for tasks to queue
[2025-12-06T09:45:56.460+0000] {logging_mixin.py:188} INFO - [2025-12-06T09:45:56.459+0000] {dagbag.py:538} INFO - Filling up the DagBag from /home/airflow/.local/lib/python3.8/site-packages/airflow/example_dags/example_latest_only_with_trigger.py
[2025-12-06T09:45:56.469+0000] {processor.py:840} INFO - DAG(s) 'latest_only_with_trigger' retrieved from /home/airflow/.local/lib/python3.8/site-packages/airflow/example_dags/example_latest_only_with_trigger.py
[2025-12-06T09:45:56.504+0000] {logging_mixin.py:188} INFO - [2025-12-06T09:45:56.504+0000] {dag.py:3036} INFO - Sync 1 DAGs
[2025-12-06T09:45:56.537+0000] {logging_mixin.py:188} INFO - [2025-12-06T09:45:56.537+0000] {dag.py:3823} INFO - Setting next_dagrun for latest_only_with_trigger to 2025-12-06 04:00:00+00:00, run_after=2025-12-06 08:00:00+00:00
[2025-12-06T09:45:56.570+0000] {processor.py:183} INFO - Processing /home/airflow/.local/lib/python3.8/site-packages/airflow/example_dags/example_latest_only_with_trigger.py took 0.120 seconds
[2025-12-06T09:46:26.728+0000] {processor.py:161} INFO - Started process (PID=5944) to work on /home/airflow/.local/lib/python3.8/site-packages/airflow/example_dags/example_latest_only_with_trigger.py
[2025-12-06T09:46:26.730+0000] {processor.py:830} INFO - Processing file /home/airflow/.local/lib/python3.8/site-packages/airflow/example_dags/example_latest_only_with_trigger.py for tasks to queue
[2025-12-06T09:46:26.734+0000] {logging_mixin.py:188} INFO - [2025-12-06T09:46:26.733+0000] {dagbag.py:538} INFO - Filling up the DagBag from /home/airflow/.local/lib/python3.8/site-packages/airflow/example_dags/example_latest_only_with_trigger.py
[2025-12-06T09:46:26.746+0000] {processor.py:840} INFO - DAG(s) 'latest_only_with_trigger' retrieved from /home/airflow/.local/lib/python3.8/site-packages/airflow/example_dags/example_latest_only_with_trigger.py
[2025-12-06T09:46:26.789+0000] {logging_mixin.py:188} INFO - [2025-12-06T09:46:26.789+0000] {dag.py:3036} INFO - Sync 1 DAGs
[2025-12-06T09:46:26.824+0000] {logging_mixin.py:188} INFO - [2025-12-06T09:46:26.823+0000] {dag.py:3823} INFO - Setting next_dagrun for latest_only_with_trigger to 2025-12-06 04:00:00+00:00, run_after=2025-12-06 08:00:00+00:00
[2025-12-06T09:46:26.858+0000] {processor.py:183} INFO - Processing /home/airflow/.local/lib/python3.8/site-packages/airflow/example_dags/example_latest_only_with_trigger.py took 0.136 seconds
[2025-12-06T09:46:57.546+0000] {processor.py:161} INFO - Started process (PID=6003) to work on /home/airflow/.local/lib/python3.8/site-packages/airflow/example_dags/example_latest_only_with_trigger.py
[2025-12-06T09:46:57.548+0000] {processor.py:830} INFO - Processing file /home/airflow/.local/lib/python3.8/site-packages/airflow/example_dags/example_latest_only_with_trigger.py for tasks to queue
[2025-12-06T09:46:57.551+0000] {logging_mixin.py:188} INFO - [2025-12-06T09:46:57.551+0000] {dagbag.py:538} INFO - Filling up the DagBag from /home/airflow/.local/lib/python3.8/site-packages/airflow/example_dags/example_latest_only_with_trigger.py
[2025-12-06T09:46:57.562+0000] {processor.py:840} INFO - DAG(s) 'latest_only_with_trigger' retrieved from /home/airflow/.local/lib/python3.8/site-packages/airflow/example_dags/example_latest_only_with_trigger.py
[2025-12-06T09:46:57.593+0000] {logging_mixin.py:188} INFO - [2025-12-06T09:46:57.593+0000] {dag.py:3036} INFO - Sync 1 DAGs
[2025-12-06T09:46:57.627+0000] {logging_mixin.py:188} INFO - [2025-12-06T09:46:57.626+0000] {dag.py:3823} INFO - Setting next_dagrun for latest_only_with_trigger to 2025-12-06 04:00:00+00:00, run_after=2025-12-06 08:00:00+00:00
[2025-12-06T09:46:57.659+0000] {processor.py:183} INFO - Processing /home/airflow/.local/lib/python3.8/site-packages/airflow/example_dags/example_latest_only_with_trigger.py took 0.118 seconds
[2025-12-06T09:47:28.153+0000] {processor.py:161} INFO - Started process (PID=6062) to work on /home/airflow/.local/lib/python3.8/site-packages/airflow/example_dags/example_latest_only_with_trigger.py
[2025-12-06T09:47:28.155+0000] {processor.py:830} INFO - Processing file /home/airflow/.local/lib/python3.8/site-packages/airflow/example_dags/example_latest_only_with_trigger.py for tasks to queue
[2025-12-06T09:47:28.158+0000] {logging_mixin.py:188} INFO - [2025-12-06T09:47:28.158+0000] {dagbag.py:538} INFO - Filling up the DagBag from /home/airflow/.local/lib/python3.8/site-packages/airflow/example_dags/example_latest_only_with_trigger.py
[2025-12-06T09:47:28.168+0000] {processor.py:840} INFO - DAG(s) 'latest_only_with_trigger' retrieved from /home/airflow/.local/lib/python3.8/site-packages/airflow/example_dags/example_latest_only_with_trigger.py
[2025-12-06T09:47:28.205+0000] {logging_mixin.py:188} INFO - [2025-12-06T09:47:28.205+0000] {dag.py:3036} INFO - Sync 1 DAGs
[2025-12-06T09:47:28.238+0000] {logging_mixin.py:188} INFO - [2025-12-06T09:47:28.238+0000] {dag.py:3823} INFO - Setting next_dagrun for latest_only_with_trigger to 2025-12-06 04:00:00+00:00, run_after=2025-12-06 08:00:00+00:00
[2025-12-06T09:47:28.272+0000] {processor.py:183} INFO - Processing /home/airflow/.local/lib/python3.8/site-packages/airflow/example_dags/example_latest_only_with_trigger.py took 0.125 seconds
[2025-12-06T09:47:58.829+0000] {processor.py:161} INFO - Started process (PID=6121) to work on /home/airflow/.local/lib/python3.8/site-packages/airflow/example_dags/example_latest_only_with_trigger.py
[2025-12-06T09:47:58.832+0000] {processor.py:830} INFO - Processing file /home/airflow/.local/lib/python3.8/site-packages/airflow/example_dags/example_latest_only_with_trigger.py for tasks to queue
[2025-12-06T09:47:58.835+0000] {logging_mixin.py:188} INFO - [2025-12-06T09:47:58.835+0000] {dagbag.py:538} INFO - Filling up the DagBag from /home/airflow/.local/lib/python3.8/site-packages/airflow/example_dags/example_latest_only_with_trigger.py
[2025-12-06T09:47:58.847+0000] {processor.py:840} INFO - DAG(s) 'latest_only_with_trigger' retrieved from /home/airflow/.local/lib/python3.8/site-packages/airflow/example_dags/example_latest_only_with_trigger.py
[2025-12-06T09:47:58.882+0000] {logging_mixin.py:188} INFO - [2025-12-06T09:47:58.881+0000] {dag.py:3036} INFO - Sync 1 DAGs
[2025-12-06T09:47:58.913+0000] {logging_mixin.py:188} INFO - [2025-12-06T09:47:58.913+0000] {dag.py:3823} INFO - Setting next_dagrun for latest_only_with_trigger to 2025-12-06 04:00:00+00:00, run_after=2025-12-06 08:00:00+00:00
[2025-12-06T09:47:58.947+0000] {processor.py:183} INFO - Processing /home/airflow/.local/lib/python3.8/site-packages/airflow/example_dags/example_latest_only_with_trigger.py took 0.124 seconds
[2025-12-06T09:48:29.585+0000] {processor.py:161} INFO - Started process (PID=6180) to work on /home/airflow/.local/lib/python3.8/site-packages/airflow/example_dags/example_latest_only_with_trigger.py
[2025-12-06T09:48:29.586+0000] {processor.py:830} INFO - Processing file /home/airflow/.local/lib/python3.8/site-packages/airflow/example_dags/example_latest_only_with_trigger.py for tasks to queue
[2025-12-06T09:48:29.590+0000] {logging_mixin.py:188} INFO - [2025-12-06T09:48:29.589+0000] {dagbag.py:538} INFO - Filling up the DagBag from /home/airflow/.local/lib/python3.8/site-packages/airflow/example_dags/example_latest_only_with_trigger.py
[2025-12-06T09:48:29.600+0000] {processor.py:840} INFO - DAG(s) 'latest_only_with_trigger' retrieved from /home/airflow/.local/lib/python3.8/site-packages/airflow/example_dags/example_latest_only_with_trigger.py
[2025-12-06T09:48:29.635+0000] {logging_mixin.py:188} INFO - [2025-12-06T09:48:29.634+0000] {dag.py:3036} INFO - Sync 1 DAGs
[2025-12-06T09:48:29.675+0000] {logging_mixin.py:188} INFO - [2025-12-06T09:48:29.675+0000] {dag.py:3823} INFO - Setting next_dagrun for latest_only_with_trigger to 2025-12-06 04:00:00+00:00, run_after=2025-12-06 08:00:00+00:00
[2025-12-06T09:48:29.705+0000] {processor.py:183} INFO - Processing /home/airflow/.local/lib/python3.8/site-packages/airflow/example_dags/example_latest_only_with_trigger.py took 0.127 seconds
[2025-12-06T09:49:00.327+0000] {processor.py:161} INFO - Started process (PID=6239) to work on /home/airflow/.local/lib/python3.8/site-packages/airflow/example_dags/example_latest_only_with_trigger.py
[2025-12-06T09:49:00.328+0000] {processor.py:830} INFO - Processing file /home/airflow/.local/lib/python3.8/site-packages/airflow/example_dags/example_latest_only_with_trigger.py for tasks to queue
[2025-12-06T09:49:00.331+0000] {logging_mixin.py:188} INFO - [2025-12-06T09:49:00.331+0000] {dagbag.py:538} INFO - Filling up the DagBag from /home/airflow/.local/lib/python3.8/site-packages/airflow/example_dags/example_latest_only_with_trigger.py
[2025-12-06T09:49:00.342+0000] {processor.py:840} INFO - DAG(s) 'latest_only_with_trigger' retrieved from /home/airflow/.local/lib/python3.8/site-packages/airflow/example_dags/example_latest_only_with_trigger.py
[2025-12-06T09:49:00.373+0000] {logging_mixin.py:188} INFO - [2025-12-06T09:49:00.372+0000] {dag.py:3036} INFO - Sync 1 DAGs
[2025-12-06T09:49:00.401+0000] {logging_mixin.py:188} INFO - [2025-12-06T09:49:00.400+0000] {dag.py:3823} INFO - Setting next_dagrun for latest_only_with_trigger to 2025-12-06 04:00:00+00:00, run_after=2025-12-06 08:00:00+00:00
[2025-12-06T09:49:00.429+0000] {processor.py:183} INFO - Processing /home/airflow/.local/lib/python3.8/site-packages/airflow/example_dags/example_latest_only_with_trigger.py took 0.106 seconds
[2025-12-06T09:49:31.106+0000] {processor.py:161} INFO - Started process (PID=6298) to work on /home/airflow/.local/lib/python3.8/site-packages/airflow/example_dags/example_latest_only_with_trigger.py
[2025-12-06T09:49:31.107+0000] {processor.py:830} INFO - Processing file /home/airflow/.local/lib/python3.8/site-packages/airflow/example_dags/example_latest_only_with_trigger.py for tasks to queue
[2025-12-06T09:49:31.111+0000] {logging_mixin.py:188} INFO - [2025-12-06T09:49:31.111+0000] {dagbag.py:538} INFO - Filling up the DagBag from /home/airflow/.local/lib/python3.8/site-packages/airflow/example_dags/example_latest_only_with_trigger.py
[2025-12-06T09:49:31.122+0000] {processor.py:840} INFO - DAG(s) 'latest_only_with_trigger' retrieved from /home/airflow/.local/lib/python3.8/site-packages/airflow/example_dags/example_latest_only_with_trigger.py
[2025-12-06T09:49:31.158+0000] {logging_mixin.py:188} INFO - [2025-12-06T09:49:31.157+0000] {dag.py:3036} INFO - Sync 1 DAGs
[2025-12-06T09:49:31.198+0000] {logging_mixin.py:188} INFO - [2025-12-06T09:49:31.197+0000] {dag.py:3823} INFO - Setting next_dagrun for latest_only_with_trigger to 2025-12-06 04:00:00+00:00, run_after=2025-12-06 08:00:00+00:00
[2025-12-06T09:49:31.230+0000] {processor.py:183} INFO - Processing /home/airflow/.local/lib/python3.8/site-packages/airflow/example_dags/example_latest_only_with_trigger.py took 0.130 seconds
[2025-12-06T09:50:01.719+0000] {processor.py:161} INFO - Started process (PID=6357) to work on /home/airflow/.local/lib/python3.8/site-packages/airflow/example_dags/example_latest_only_with_trigger.py
[2025-12-06T09:50:01.721+0000] {processor.py:830} INFO - Processing file /home/airflow/.local/lib/python3.8/site-packages/airflow/example_dags/example_latest_only_with_trigger.py for tasks to queue
[2025-12-06T09:50:01.723+0000] {logging_mixin.py:188} INFO - [2025-12-06T09:50:01.723+0000] {dagbag.py:538} INFO - Filling up the DagBag from /home/airflow/.local/lib/python3.8/site-packages/airflow/example_dags/example_latest_only_with_trigger.py
[2025-12-06T09:50:01.737+0000] {processor.py:840} INFO - DAG(s) 'latest_only_with_trigger' retrieved from /home/airflow/.local/lib/python3.8/site-packages/airflow/example_dags/example_latest_only_with_trigger.py
[2025-12-06T09:50:01.773+0000] {logging_mixin.py:188} INFO - [2025-12-06T09:50:01.773+0000] {dag.py:3036} INFO - Sync 1 DAGs
[2025-12-06T09:50:01.805+0000] {logging_mixin.py:188} INFO - [2025-12-06T09:50:01.805+0000] {dag.py:3823} INFO - Setting next_dagrun for latest_only_with_trigger to 2025-12-06 04:00:00+00:00, run_after=2025-12-06 08:00:00+00:00
[2025-12-06T09:50:01.836+0000] {processor.py:183} INFO - Processing /home/airflow/.local/lib/python3.8/site-packages/airflow/example_dags/example_latest_only_with_trigger.py took 0.122 seconds
