[2025-12-06T05:45:41.504+0000] {processor.py:161} INFO - Started process (PID=95) to work on /home/airflow/.local/lib/python3.8/site-packages/airflow/example_dags/example_complex.py
[2025-12-06T05:45:41.506+0000] {processor.py:830} INFO - Processing file /home/airflow/.local/lib/python3.8/site-packages/airflow/example_dags/example_complex.py for tasks to queue
[2025-12-06T05:45:41.511+0000] {logging_mixin.py:188} INFO - [2025-12-06T05:45:41.511+0000] {dagbag.py:538} INFO - Filling up the DagBag from /home/airflow/.local/lib/python3.8/site-packages/airflow/example_dags/example_complex.py
[2025-12-06T05:45:41.537+0000] {processor.py:840} INFO - DAG(s) 'example_complex' retrieved from /home/airflow/.local/lib/python3.8/site-packages/airflow/example_dags/example_complex.py
[2025-12-06T05:45:41.746+0000] {logging_mixin.py:188} INFO - [2025-12-06T05:45:41.745+0000] {dag.py:3036} INFO - Sync 1 DAGs
[2025-12-06T05:45:41.763+0000] {logging_mixin.py:188} INFO - [2025-12-06T05:45:41.762+0000] {dag.py:3823} INFO - Setting next_dagrun for example_complex to None, run_after=None
[2025-12-06T05:45:41.799+0000] {processor.py:183} INFO - Processing /home/airflow/.local/lib/python3.8/site-packages/airflow/example_dags/example_complex.py took 0.304 seconds
[2025-12-06T05:46:12.319+0000] {processor.py:161} INFO - Started process (PID=150) to work on /home/airflow/.local/lib/python3.8/site-packages/airflow/example_dags/example_complex.py
[2025-12-06T05:46:12.320+0000] {processor.py:830} INFO - Processing file /home/airflow/.local/lib/python3.8/site-packages/airflow/example_dags/example_complex.py for tasks to queue
[2025-12-06T05:46:12.324+0000] {logging_mixin.py:188} INFO - [2025-12-06T05:46:12.323+0000] {dagbag.py:538} INFO - Filling up the DagBag from /home/airflow/.local/lib/python3.8/site-packages/airflow/example_dags/example_complex.py
[2025-12-06T05:46:12.339+0000] {processor.py:840} INFO - DAG(s) 'example_complex' retrieved from /home/airflow/.local/lib/python3.8/site-packages/airflow/example_dags/example_complex.py
[2025-12-06T05:46:12.383+0000] {logging_mixin.py:188} INFO - [2025-12-06T05:46:12.382+0000] {dag.py:3036} INFO - Sync 1 DAGs
[2025-12-06T05:46:12.407+0000] {logging_mixin.py:188} INFO - [2025-12-06T05:46:12.407+0000] {dag.py:3823} INFO - Setting next_dagrun for example_complex to None, run_after=None
[2025-12-06T05:46:12.445+0000] {processor.py:183} INFO - Processing /home/airflow/.local/lib/python3.8/site-packages/airflow/example_dags/example_complex.py took 0.131 seconds
[2025-12-06T05:46:43.223+0000] {processor.py:161} INFO - Started process (PID=205) to work on /home/airflow/.local/lib/python3.8/site-packages/airflow/example_dags/example_complex.py
[2025-12-06T05:46:43.237+0000] {processor.py:830} INFO - Processing file /home/airflow/.local/lib/python3.8/site-packages/airflow/example_dags/example_complex.py for tasks to queue
[2025-12-06T05:46:43.257+0000] {logging_mixin.py:188} INFO - [2025-12-06T05:46:43.256+0000] {dagbag.py:538} INFO - Filling up the DagBag from /home/airflow/.local/lib/python3.8/site-packages/airflow/example_dags/example_complex.py
[2025-12-06T05:46:43.273+0000] {processor.py:840} INFO - DAG(s) 'example_complex' retrieved from /home/airflow/.local/lib/python3.8/site-packages/airflow/example_dags/example_complex.py
[2025-12-06T05:46:43.325+0000] {logging_mixin.py:188} INFO - [2025-12-06T05:46:43.325+0000] {dag.py:3036} INFO - Sync 1 DAGs
[2025-12-06T05:46:43.345+0000] {logging_mixin.py:188} INFO - [2025-12-06T05:46:43.344+0000] {dag.py:3823} INFO - Setting next_dagrun for example_complex to None, run_after=None
[2025-12-06T05:46:43.378+0000] {processor.py:183} INFO - Processing /home/airflow/.local/lib/python3.8/site-packages/airflow/example_dags/example_complex.py took 0.160 seconds
[2025-12-06T05:47:13.818+0000] {processor.py:161} INFO - Started process (PID=260) to work on /home/airflow/.local/lib/python3.8/site-packages/airflow/example_dags/example_complex.py
[2025-12-06T05:47:13.819+0000] {processor.py:830} INFO - Processing file /home/airflow/.local/lib/python3.8/site-packages/airflow/example_dags/example_complex.py for tasks to queue
[2025-12-06T05:47:13.823+0000] {logging_mixin.py:188} INFO - [2025-12-06T05:47:13.823+0000] {dagbag.py:538} INFO - Filling up the DagBag from /home/airflow/.local/lib/python3.8/site-packages/airflow/example_dags/example_complex.py
[2025-12-06T05:47:13.841+0000] {processor.py:840} INFO - DAG(s) 'example_complex' retrieved from /home/airflow/.local/lib/python3.8/site-packages/airflow/example_dags/example_complex.py
[2025-12-06T05:47:13.891+0000] {logging_mixin.py:188} INFO - [2025-12-06T05:47:13.891+0000] {dag.py:3036} INFO - Sync 1 DAGs
[2025-12-06T05:47:13.911+0000] {logging_mixin.py:188} INFO - [2025-12-06T05:47:13.911+0000] {dag.py:3823} INFO - Setting next_dagrun for example_complex to None, run_after=None
[2025-12-06T05:47:13.942+0000] {processor.py:183} INFO - Processing /home/airflow/.local/lib/python3.8/site-packages/airflow/example_dags/example_complex.py took 0.128 seconds
[2025-12-06T05:47:44.028+0000] {processor.py:161} INFO - Started process (PID=315) to work on /home/airflow/.local/lib/python3.8/site-packages/airflow/example_dags/example_complex.py
[2025-12-06T05:47:44.030+0000] {processor.py:830} INFO - Processing file /home/airflow/.local/lib/python3.8/site-packages/airflow/example_dags/example_complex.py for tasks to queue
[2025-12-06T05:47:44.034+0000] {logging_mixin.py:188} INFO - [2025-12-06T05:47:44.033+0000] {dagbag.py:538} INFO - Filling up the DagBag from /home/airflow/.local/lib/python3.8/site-packages/airflow/example_dags/example_complex.py
[2025-12-06T05:47:44.054+0000] {processor.py:840} INFO - DAG(s) 'example_complex' retrieved from /home/airflow/.local/lib/python3.8/site-packages/airflow/example_dags/example_complex.py
[2025-12-06T05:47:44.102+0000] {logging_mixin.py:188} INFO - [2025-12-06T05:47:44.102+0000] {dag.py:3036} INFO - Sync 1 DAGs
[2025-12-06T05:47:44.117+0000] {logging_mixin.py:188} INFO - [2025-12-06T05:47:44.117+0000] {dag.py:3823} INFO - Setting next_dagrun for example_complex to None, run_after=None
[2025-12-06T05:47:44.144+0000] {processor.py:183} INFO - Processing /home/airflow/.local/lib/python3.8/site-packages/airflow/example_dags/example_complex.py took 0.121 seconds
[2025-12-06T05:48:14.658+0000] {processor.py:161} INFO - Started process (PID=370) to work on /home/airflow/.local/lib/python3.8/site-packages/airflow/example_dags/example_complex.py
[2025-12-06T05:48:14.659+0000] {processor.py:830} INFO - Processing file /home/airflow/.local/lib/python3.8/site-packages/airflow/example_dags/example_complex.py for tasks to queue
[2025-12-06T05:48:14.663+0000] {logging_mixin.py:188} INFO - [2025-12-06T05:48:14.663+0000] {dagbag.py:538} INFO - Filling up the DagBag from /home/airflow/.local/lib/python3.8/site-packages/airflow/example_dags/example_complex.py
[2025-12-06T05:48:14.680+0000] {processor.py:840} INFO - DAG(s) 'example_complex' retrieved from /home/airflow/.local/lib/python3.8/site-packages/airflow/example_dags/example_complex.py
[2025-12-06T05:48:14.727+0000] {logging_mixin.py:188} INFO - [2025-12-06T05:48:14.727+0000] {dag.py:3036} INFO - Sync 1 DAGs
[2025-12-06T05:48:14.745+0000] {logging_mixin.py:188} INFO - [2025-12-06T05:48:14.745+0000] {dag.py:3823} INFO - Setting next_dagrun for example_complex to None, run_after=None
[2025-12-06T05:48:14.774+0000] {processor.py:183} INFO - Processing /home/airflow/.local/lib/python3.8/site-packages/airflow/example_dags/example_complex.py took 0.121 seconds
[2025-12-06T05:48:44.938+0000] {processor.py:161} INFO - Started process (PID=425) to work on /home/airflow/.local/lib/python3.8/site-packages/airflow/example_dags/example_complex.py
[2025-12-06T05:48:44.940+0000] {processor.py:830} INFO - Processing file /home/airflow/.local/lib/python3.8/site-packages/airflow/example_dags/example_complex.py for tasks to queue
[2025-12-06T05:48:44.943+0000] {logging_mixin.py:188} INFO - [2025-12-06T05:48:44.942+0000] {dagbag.py:538} INFO - Filling up the DagBag from /home/airflow/.local/lib/python3.8/site-packages/airflow/example_dags/example_complex.py
[2025-12-06T05:48:44.961+0000] {processor.py:840} INFO - DAG(s) 'example_complex' retrieved from /home/airflow/.local/lib/python3.8/site-packages/airflow/example_dags/example_complex.py
[2025-12-06T05:48:45.011+0000] {logging_mixin.py:188} INFO - [2025-12-06T05:48:45.010+0000] {dag.py:3036} INFO - Sync 1 DAGs
[2025-12-06T05:48:45.028+0000] {logging_mixin.py:188} INFO - [2025-12-06T05:48:45.028+0000] {dag.py:3823} INFO - Setting next_dagrun for example_complex to None, run_after=None
[2025-12-06T05:48:45.063+0000] {processor.py:183} INFO - Processing /home/airflow/.local/lib/python3.8/site-packages/airflow/example_dags/example_complex.py took 0.130 seconds
[2025-12-06T05:49:15.427+0000] {processor.py:161} INFO - Started process (PID=480) to work on /home/airflow/.local/lib/python3.8/site-packages/airflow/example_dags/example_complex.py
[2025-12-06T05:49:15.429+0000] {processor.py:830} INFO - Processing file /home/airflow/.local/lib/python3.8/site-packages/airflow/example_dags/example_complex.py for tasks to queue
[2025-12-06T05:49:15.433+0000] {logging_mixin.py:188} INFO - [2025-12-06T05:49:15.432+0000] {dagbag.py:538} INFO - Filling up the DagBag from /home/airflow/.local/lib/python3.8/site-packages/airflow/example_dags/example_complex.py
[2025-12-06T05:49:15.453+0000] {processor.py:840} INFO - DAG(s) 'example_complex' retrieved from /home/airflow/.local/lib/python3.8/site-packages/airflow/example_dags/example_complex.py
[2025-12-06T05:49:15.503+0000] {logging_mixin.py:188} INFO - [2025-12-06T05:49:15.502+0000] {dag.py:3036} INFO - Sync 1 DAGs
[2025-12-06T05:49:15.521+0000] {logging_mixin.py:188} INFO - [2025-12-06T05:49:15.520+0000] {dag.py:3823} INFO - Setting next_dagrun for example_complex to None, run_after=None
[2025-12-06T05:49:15.555+0000] {processor.py:183} INFO - Processing /home/airflow/.local/lib/python3.8/site-packages/airflow/example_dags/example_complex.py took 0.132 seconds
[2025-12-06T05:49:46.001+0000] {processor.py:161} INFO - Started process (PID=535) to work on /home/airflow/.local/lib/python3.8/site-packages/airflow/example_dags/example_complex.py
[2025-12-06T05:49:46.002+0000] {processor.py:830} INFO - Processing file /home/airflow/.local/lib/python3.8/site-packages/airflow/example_dags/example_complex.py for tasks to queue
[2025-12-06T05:49:46.006+0000] {logging_mixin.py:188} INFO - [2025-12-06T05:49:46.005+0000] {dagbag.py:538} INFO - Filling up the DagBag from /home/airflow/.local/lib/python3.8/site-packages/airflow/example_dags/example_complex.py
[2025-12-06T05:49:46.020+0000] {processor.py:840} INFO - DAG(s) 'example_complex' retrieved from /home/airflow/.local/lib/python3.8/site-packages/airflow/example_dags/example_complex.py
[2025-12-06T05:49:46.090+0000] {logging_mixin.py:188} INFO - [2025-12-06T05:49:46.090+0000] {dag.py:3036} INFO - Sync 1 DAGs
[2025-12-06T05:49:46.113+0000] {logging_mixin.py:188} INFO - [2025-12-06T05:49:46.112+0000] {dag.py:3823} INFO - Setting next_dagrun for example_complex to None, run_after=None
[2025-12-06T05:49:46.150+0000] {processor.py:183} INFO - Processing /home/airflow/.local/lib/python3.8/site-packages/airflow/example_dags/example_complex.py took 0.153 seconds
[2025-12-06T05:50:16.269+0000] {processor.py:161} INFO - Started process (PID=590) to work on /home/airflow/.local/lib/python3.8/site-packages/airflow/example_dags/example_complex.py
[2025-12-06T05:50:16.271+0000] {processor.py:830} INFO - Processing file /home/airflow/.local/lib/python3.8/site-packages/airflow/example_dags/example_complex.py for tasks to queue
[2025-12-06T05:50:16.274+0000] {logging_mixin.py:188} INFO - [2025-12-06T05:50:16.274+0000] {dagbag.py:538} INFO - Filling up the DagBag from /home/airflow/.local/lib/python3.8/site-packages/airflow/example_dags/example_complex.py
[2025-12-06T05:50:16.295+0000] {processor.py:840} INFO - DAG(s) 'example_complex' retrieved from /home/airflow/.local/lib/python3.8/site-packages/airflow/example_dags/example_complex.py
[2025-12-06T05:50:16.347+0000] {logging_mixin.py:188} INFO - [2025-12-06T05:50:16.346+0000] {dag.py:3036} INFO - Sync 1 DAGs
[2025-12-06T05:50:16.371+0000] {logging_mixin.py:188} INFO - [2025-12-06T05:50:16.371+0000] {dag.py:3823} INFO - Setting next_dagrun for example_complex to None, run_after=None
[2025-12-06T05:50:16.422+0000] {processor.py:183} INFO - Processing /home/airflow/.local/lib/python3.8/site-packages/airflow/example_dags/example_complex.py took 0.158 seconds
[2025-12-06T05:50:46.966+0000] {processor.py:161} INFO - Started process (PID=645) to work on /home/airflow/.local/lib/python3.8/site-packages/airflow/example_dags/example_complex.py
[2025-12-06T05:50:46.969+0000] {processor.py:830} INFO - Processing file /home/airflow/.local/lib/python3.8/site-packages/airflow/example_dags/example_complex.py for tasks to queue
[2025-12-06T05:50:46.972+0000] {logging_mixin.py:188} INFO - [2025-12-06T05:50:46.972+0000] {dagbag.py:538} INFO - Filling up the DagBag from /home/airflow/.local/lib/python3.8/site-packages/airflow/example_dags/example_complex.py
[2025-12-06T05:50:46.994+0000] {processor.py:840} INFO - DAG(s) 'example_complex' retrieved from /home/airflow/.local/lib/python3.8/site-packages/airflow/example_dags/example_complex.py
[2025-12-06T05:50:47.052+0000] {logging_mixin.py:188} INFO - [2025-12-06T05:50:47.052+0000] {dag.py:3036} INFO - Sync 1 DAGs
[2025-12-06T05:50:47.076+0000] {logging_mixin.py:188} INFO - [2025-12-06T05:50:47.075+0000] {dag.py:3823} INFO - Setting next_dagrun for example_complex to None, run_after=None
[2025-12-06T05:50:47.113+0000] {processor.py:183} INFO - Processing /home/airflow/.local/lib/python3.8/site-packages/airflow/example_dags/example_complex.py took 0.156 seconds
[2025-12-06T05:51:17.191+0000] {processor.py:161} INFO - Started process (PID=700) to work on /home/airflow/.local/lib/python3.8/site-packages/airflow/example_dags/example_complex.py
[2025-12-06T05:51:17.193+0000] {processor.py:830} INFO - Processing file /home/airflow/.local/lib/python3.8/site-packages/airflow/example_dags/example_complex.py for tasks to queue
[2025-12-06T05:51:17.197+0000] {logging_mixin.py:188} INFO - [2025-12-06T05:51:17.196+0000] {dagbag.py:538} INFO - Filling up the DagBag from /home/airflow/.local/lib/python3.8/site-packages/airflow/example_dags/example_complex.py
[2025-12-06T05:51:17.214+0000] {processor.py:840} INFO - DAG(s) 'example_complex' retrieved from /home/airflow/.local/lib/python3.8/site-packages/airflow/example_dags/example_complex.py
[2025-12-06T05:51:17.262+0000] {logging_mixin.py:188} INFO - [2025-12-06T05:51:17.261+0000] {dag.py:3036} INFO - Sync 1 DAGs
[2025-12-06T05:51:17.282+0000] {logging_mixin.py:188} INFO - [2025-12-06T05:51:17.282+0000] {dag.py:3823} INFO - Setting next_dagrun for example_complex to None, run_after=None
[2025-12-06T05:51:17.316+0000] {processor.py:183} INFO - Processing /home/airflow/.local/lib/python3.8/site-packages/airflow/example_dags/example_complex.py took 0.129 seconds
[2025-12-06T05:51:48.350+0000] {processor.py:161} INFO - Started process (PID=755) to work on /home/airflow/.local/lib/python3.8/site-packages/airflow/example_dags/example_complex.py
[2025-12-06T05:51:48.352+0000] {processor.py:830} INFO - Processing file /home/airflow/.local/lib/python3.8/site-packages/airflow/example_dags/example_complex.py for tasks to queue
[2025-12-06T05:51:48.355+0000] {logging_mixin.py:188} INFO - [2025-12-06T05:51:48.354+0000] {dagbag.py:538} INFO - Filling up the DagBag from /home/airflow/.local/lib/python3.8/site-packages/airflow/example_dags/example_complex.py
[2025-12-06T05:51:48.375+0000] {processor.py:840} INFO - DAG(s) 'example_complex' retrieved from /home/airflow/.local/lib/python3.8/site-packages/airflow/example_dags/example_complex.py
[2025-12-06T05:51:48.445+0000] {logging_mixin.py:188} INFO - [2025-12-06T05:51:48.445+0000] {dag.py:3036} INFO - Sync 1 DAGs
[2025-12-06T05:51:48.469+0000] {logging_mixin.py:188} INFO - [2025-12-06T05:51:48.469+0000] {dag.py:3823} INFO - Setting next_dagrun for example_complex to None, run_after=None
[2025-12-06T05:51:48.510+0000] {processor.py:183} INFO - Processing /home/airflow/.local/lib/python3.8/site-packages/airflow/example_dags/example_complex.py took 0.164 seconds
[2025-12-06T05:52:19.120+0000] {processor.py:161} INFO - Started process (PID=810) to work on /home/airflow/.local/lib/python3.8/site-packages/airflow/example_dags/example_complex.py
[2025-12-06T05:52:19.122+0000] {processor.py:830} INFO - Processing file /home/airflow/.local/lib/python3.8/site-packages/airflow/example_dags/example_complex.py for tasks to queue
[2025-12-06T05:52:19.124+0000] {logging_mixin.py:188} INFO - [2025-12-06T05:52:19.124+0000] {dagbag.py:538} INFO - Filling up the DagBag from /home/airflow/.local/lib/python3.8/site-packages/airflow/example_dags/example_complex.py
[2025-12-06T05:52:19.145+0000] {processor.py:840} INFO - DAG(s) 'example_complex' retrieved from /home/airflow/.local/lib/python3.8/site-packages/airflow/example_dags/example_complex.py
[2025-12-06T05:52:19.197+0000] {logging_mixin.py:188} INFO - [2025-12-06T05:52:19.196+0000] {dag.py:3036} INFO - Sync 1 DAGs
[2025-12-06T05:52:19.215+0000] {logging_mixin.py:188} INFO - [2025-12-06T05:52:19.215+0000] {dag.py:3823} INFO - Setting next_dagrun for example_complex to None, run_after=None
[2025-12-06T05:52:19.250+0000] {processor.py:183} INFO - Processing /home/airflow/.local/lib/python3.8/site-packages/airflow/example_dags/example_complex.py took 0.135 seconds
[2025-12-06T05:52:49.405+0000] {processor.py:161} INFO - Started process (PID=865) to work on /home/airflow/.local/lib/python3.8/site-packages/airflow/example_dags/example_complex.py
[2025-12-06T05:52:49.407+0000] {processor.py:830} INFO - Processing file /home/airflow/.local/lib/python3.8/site-packages/airflow/example_dags/example_complex.py for tasks to queue
[2025-12-06T05:52:49.410+0000] {logging_mixin.py:188} INFO - [2025-12-06T05:52:49.409+0000] {dagbag.py:538} INFO - Filling up the DagBag from /home/airflow/.local/lib/python3.8/site-packages/airflow/example_dags/example_complex.py
[2025-12-06T05:52:49.424+0000] {processor.py:840} INFO - DAG(s) 'example_complex' retrieved from /home/airflow/.local/lib/python3.8/site-packages/airflow/example_dags/example_complex.py
[2025-12-06T05:52:49.472+0000] {logging_mixin.py:188} INFO - [2025-12-06T05:52:49.471+0000] {dag.py:3036} INFO - Sync 1 DAGs
[2025-12-06T05:52:49.494+0000] {logging_mixin.py:188} INFO - [2025-12-06T05:52:49.493+0000] {dag.py:3823} INFO - Setting next_dagrun for example_complex to None, run_after=None
[2025-12-06T05:52:49.529+0000] {processor.py:183} INFO - Processing /home/airflow/.local/lib/python3.8/site-packages/airflow/example_dags/example_complex.py took 0.129 seconds
[2025-12-06T05:53:19.740+0000] {processor.py:161} INFO - Started process (PID=920) to work on /home/airflow/.local/lib/python3.8/site-packages/airflow/example_dags/example_complex.py
[2025-12-06T05:53:19.742+0000] {processor.py:830} INFO - Processing file /home/airflow/.local/lib/python3.8/site-packages/airflow/example_dags/example_complex.py for tasks to queue
[2025-12-06T05:53:19.746+0000] {logging_mixin.py:188} INFO - [2025-12-06T05:53:19.745+0000] {dagbag.py:538} INFO - Filling up the DagBag from /home/airflow/.local/lib/python3.8/site-packages/airflow/example_dags/example_complex.py
[2025-12-06T05:53:19.763+0000] {processor.py:840} INFO - DAG(s) 'example_complex' retrieved from /home/airflow/.local/lib/python3.8/site-packages/airflow/example_dags/example_complex.py
[2025-12-06T05:53:19.808+0000] {logging_mixin.py:188} INFO - [2025-12-06T05:53:19.808+0000] {dag.py:3036} INFO - Sync 1 DAGs
[2025-12-06T05:53:19.826+0000] {logging_mixin.py:188} INFO - [2025-12-06T05:53:19.825+0000] {dag.py:3823} INFO - Setting next_dagrun for example_complex to None, run_after=None
[2025-12-06T05:53:19.856+0000] {processor.py:183} INFO - Processing /home/airflow/.local/lib/python3.8/site-packages/airflow/example_dags/example_complex.py took 0.121 seconds
[2025-12-06T05:53:50.109+0000] {processor.py:161} INFO - Started process (PID=975) to work on /home/airflow/.local/lib/python3.8/site-packages/airflow/example_dags/example_complex.py
[2025-12-06T05:53:50.110+0000] {processor.py:830} INFO - Processing file /home/airflow/.local/lib/python3.8/site-packages/airflow/example_dags/example_complex.py for tasks to queue
[2025-12-06T05:53:50.113+0000] {logging_mixin.py:188} INFO - [2025-12-06T05:53:50.113+0000] {dagbag.py:538} INFO - Filling up the DagBag from /home/airflow/.local/lib/python3.8/site-packages/airflow/example_dags/example_complex.py
[2025-12-06T05:53:50.133+0000] {processor.py:840} INFO - DAG(s) 'example_complex' retrieved from /home/airflow/.local/lib/python3.8/site-packages/airflow/example_dags/example_complex.py
[2025-12-06T05:53:50.184+0000] {logging_mixin.py:188} INFO - [2025-12-06T05:53:50.183+0000] {dag.py:3036} INFO - Sync 1 DAGs
[2025-12-06T05:53:50.204+0000] {logging_mixin.py:188} INFO - [2025-12-06T05:53:50.203+0000] {dag.py:3823} INFO - Setting next_dagrun for example_complex to None, run_after=None
[2025-12-06T05:53:50.234+0000] {processor.py:183} INFO - Processing /home/airflow/.local/lib/python3.8/site-packages/airflow/example_dags/example_complex.py took 0.131 seconds
[2025-12-06T05:54:20.955+0000] {processor.py:161} INFO - Started process (PID=1038) to work on /home/airflow/.local/lib/python3.8/site-packages/airflow/example_dags/example_complex.py
[2025-12-06T05:54:20.958+0000] {processor.py:830} INFO - Processing file /home/airflow/.local/lib/python3.8/site-packages/airflow/example_dags/example_complex.py for tasks to queue
[2025-12-06T05:54:20.962+0000] {logging_mixin.py:188} INFO - [2025-12-06T05:54:20.961+0000] {dagbag.py:538} INFO - Filling up the DagBag from /home/airflow/.local/lib/python3.8/site-packages/airflow/example_dags/example_complex.py
[2025-12-06T05:54:20.989+0000] {processor.py:840} INFO - DAG(s) 'example_complex' retrieved from /home/airflow/.local/lib/python3.8/site-packages/airflow/example_dags/example_complex.py
[2025-12-06T05:54:21.054+0000] {logging_mixin.py:188} INFO - [2025-12-06T05:54:21.054+0000] {dag.py:3036} INFO - Sync 1 DAGs
[2025-12-06T05:54:21.077+0000] {logging_mixin.py:188} INFO - [2025-12-06T05:54:21.077+0000] {dag.py:3823} INFO - Setting next_dagrun for example_complex to None, run_after=None
[2025-12-06T05:54:21.119+0000] {processor.py:183} INFO - Processing /home/airflow/.local/lib/python3.8/site-packages/airflow/example_dags/example_complex.py took 0.172 seconds
[2025-12-06T05:54:51.452+0000] {processor.py:161} INFO - Started process (PID=1092) to work on /home/airflow/.local/lib/python3.8/site-packages/airflow/example_dags/example_complex.py
[2025-12-06T05:54:51.454+0000] {processor.py:830} INFO - Processing file /home/airflow/.local/lib/python3.8/site-packages/airflow/example_dags/example_complex.py for tasks to queue
[2025-12-06T05:54:51.457+0000] {logging_mixin.py:188} INFO - [2025-12-06T05:54:51.457+0000] {dagbag.py:538} INFO - Filling up the DagBag from /home/airflow/.local/lib/python3.8/site-packages/airflow/example_dags/example_complex.py
[2025-12-06T05:54:51.474+0000] {processor.py:840} INFO - DAG(s) 'example_complex' retrieved from /home/airflow/.local/lib/python3.8/site-packages/airflow/example_dags/example_complex.py
[2025-12-06T05:54:51.521+0000] {logging_mixin.py:188} INFO - [2025-12-06T05:54:51.521+0000] {dag.py:3036} INFO - Sync 1 DAGs
[2025-12-06T05:54:51.539+0000] {logging_mixin.py:188} INFO - [2025-12-06T05:54:51.539+0000] {dag.py:3823} INFO - Setting next_dagrun for example_complex to None, run_after=None
[2025-12-06T05:54:51.571+0000] {processor.py:183} INFO - Processing /home/airflow/.local/lib/python3.8/site-packages/airflow/example_dags/example_complex.py took 0.125 seconds
[2025-12-06T05:55:21.737+0000] {processor.py:161} INFO - Started process (PID=1147) to work on /home/airflow/.local/lib/python3.8/site-packages/airflow/example_dags/example_complex.py
[2025-12-06T05:55:21.739+0000] {processor.py:830} INFO - Processing file /home/airflow/.local/lib/python3.8/site-packages/airflow/example_dags/example_complex.py for tasks to queue
[2025-12-06T05:55:21.742+0000] {logging_mixin.py:188} INFO - [2025-12-06T05:55:21.742+0000] {dagbag.py:538} INFO - Filling up the DagBag from /home/airflow/.local/lib/python3.8/site-packages/airflow/example_dags/example_complex.py
[2025-12-06T05:55:21.759+0000] {processor.py:840} INFO - DAG(s) 'example_complex' retrieved from /home/airflow/.local/lib/python3.8/site-packages/airflow/example_dags/example_complex.py
[2025-12-06T05:55:21.804+0000] {logging_mixin.py:188} INFO - [2025-12-06T05:55:21.803+0000] {dag.py:3036} INFO - Sync 1 DAGs
[2025-12-06T05:55:21.823+0000] {logging_mixin.py:188} INFO - [2025-12-06T05:55:21.823+0000] {dag.py:3823} INFO - Setting next_dagrun for example_complex to None, run_after=None
[2025-12-06T05:55:21.855+0000] {processor.py:183} INFO - Processing /home/airflow/.local/lib/python3.8/site-packages/airflow/example_dags/example_complex.py took 0.122 seconds
[2025-12-06T05:55:52.315+0000] {processor.py:161} INFO - Started process (PID=1203) to work on /home/airflow/.local/lib/python3.8/site-packages/airflow/example_dags/example_complex.py
[2025-12-06T05:55:52.318+0000] {processor.py:830} INFO - Processing file /home/airflow/.local/lib/python3.8/site-packages/airflow/example_dags/example_complex.py for tasks to queue
[2025-12-06T05:55:52.321+0000] {logging_mixin.py:188} INFO - [2025-12-06T05:55:52.321+0000] {dagbag.py:538} INFO - Filling up the DagBag from /home/airflow/.local/lib/python3.8/site-packages/airflow/example_dags/example_complex.py
[2025-12-06T05:55:52.339+0000] {processor.py:840} INFO - DAG(s) 'example_complex' retrieved from /home/airflow/.local/lib/python3.8/site-packages/airflow/example_dags/example_complex.py
[2025-12-06T05:55:52.389+0000] {logging_mixin.py:188} INFO - [2025-12-06T05:55:52.389+0000] {dag.py:3036} INFO - Sync 1 DAGs
[2025-12-06T05:55:52.409+0000] {logging_mixin.py:188} INFO - [2025-12-06T05:55:52.409+0000] {dag.py:3823} INFO - Setting next_dagrun for example_complex to None, run_after=None
[2025-12-06T05:55:52.453+0000] {processor.py:183} INFO - Processing /home/airflow/.local/lib/python3.8/site-packages/airflow/example_dags/example_complex.py took 0.142 seconds
[2025-12-06T05:56:22.678+0000] {processor.py:161} INFO - Started process (PID=1261) to work on /home/airflow/.local/lib/python3.8/site-packages/airflow/example_dags/example_complex.py
[2025-12-06T05:56:22.680+0000] {processor.py:830} INFO - Processing file /home/airflow/.local/lib/python3.8/site-packages/airflow/example_dags/example_complex.py for tasks to queue
[2025-12-06T05:56:22.683+0000] {logging_mixin.py:188} INFO - [2025-12-06T05:56:22.682+0000] {dagbag.py:538} INFO - Filling up the DagBag from /home/airflow/.local/lib/python3.8/site-packages/airflow/example_dags/example_complex.py
[2025-12-06T05:56:22.699+0000] {processor.py:840} INFO - DAG(s) 'example_complex' retrieved from /home/airflow/.local/lib/python3.8/site-packages/airflow/example_dags/example_complex.py
[2025-12-06T05:56:22.745+0000] {logging_mixin.py:188} INFO - [2025-12-06T05:56:22.745+0000] {dag.py:3036} INFO - Sync 1 DAGs
[2025-12-06T05:56:22.763+0000] {logging_mixin.py:188} INFO - [2025-12-06T05:56:22.762+0000] {dag.py:3823} INFO - Setting next_dagrun for example_complex to None, run_after=None
[2025-12-06T05:56:22.801+0000] {processor.py:183} INFO - Processing /home/airflow/.local/lib/python3.8/site-packages/airflow/example_dags/example_complex.py took 0.128 seconds
[2025-12-06T05:56:53.139+0000] {processor.py:161} INFO - Started process (PID=1317) to work on /home/airflow/.local/lib/python3.8/site-packages/airflow/example_dags/example_complex.py
[2025-12-06T05:56:53.141+0000] {processor.py:830} INFO - Processing file /home/airflow/.local/lib/python3.8/site-packages/airflow/example_dags/example_complex.py for tasks to queue
[2025-12-06T05:56:53.144+0000] {logging_mixin.py:188} INFO - [2025-12-06T05:56:53.144+0000] {dagbag.py:538} INFO - Filling up the DagBag from /home/airflow/.local/lib/python3.8/site-packages/airflow/example_dags/example_complex.py
[2025-12-06T05:56:53.158+0000] {processor.py:840} INFO - DAG(s) 'example_complex' retrieved from /home/airflow/.local/lib/python3.8/site-packages/airflow/example_dags/example_complex.py
[2025-12-06T05:56:53.214+0000] {logging_mixin.py:188} INFO - [2025-12-06T05:56:53.214+0000] {dag.py:3036} INFO - Sync 1 DAGs
[2025-12-06T05:56:53.236+0000] {logging_mixin.py:188} INFO - [2025-12-06T05:56:53.235+0000] {dag.py:3823} INFO - Setting next_dagrun for example_complex to None, run_after=None
[2025-12-06T05:56:53.272+0000] {processor.py:183} INFO - Processing /home/airflow/.local/lib/python3.8/site-packages/airflow/example_dags/example_complex.py took 0.140 seconds
[2025-12-06T05:57:23.790+0000] {processor.py:161} INFO - Started process (PID=1373) to work on /home/airflow/.local/lib/python3.8/site-packages/airflow/example_dags/example_complex.py
[2025-12-06T05:57:23.791+0000] {processor.py:830} INFO - Processing file /home/airflow/.local/lib/python3.8/site-packages/airflow/example_dags/example_complex.py for tasks to queue
[2025-12-06T05:57:23.794+0000] {logging_mixin.py:188} INFO - [2025-12-06T05:57:23.793+0000] {dagbag.py:538} INFO - Filling up the DagBag from /home/airflow/.local/lib/python3.8/site-packages/airflow/example_dags/example_complex.py
[2025-12-06T05:57:23.810+0000] {processor.py:840} INFO - DAG(s) 'example_complex' retrieved from /home/airflow/.local/lib/python3.8/site-packages/airflow/example_dags/example_complex.py
[2025-12-06T05:57:23.856+0000] {logging_mixin.py:188} INFO - [2025-12-06T05:57:23.856+0000] {dag.py:3036} INFO - Sync 1 DAGs
[2025-12-06T05:57:23.874+0000] {logging_mixin.py:188} INFO - [2025-12-06T05:57:23.874+0000] {dag.py:3823} INFO - Setting next_dagrun for example_complex to None, run_after=None
[2025-12-06T05:57:23.911+0000] {processor.py:183} INFO - Processing /home/airflow/.local/lib/python3.8/site-packages/airflow/example_dags/example_complex.py took 0.127 seconds
[2025-12-06T05:57:54.269+0000] {processor.py:161} INFO - Started process (PID=1429) to work on /home/airflow/.local/lib/python3.8/site-packages/airflow/example_dags/example_complex.py
[2025-12-06T05:57:54.271+0000] {processor.py:830} INFO - Processing file /home/airflow/.local/lib/python3.8/site-packages/airflow/example_dags/example_complex.py for tasks to queue
[2025-12-06T05:57:54.274+0000] {logging_mixin.py:188} INFO - [2025-12-06T05:57:54.274+0000] {dagbag.py:538} INFO - Filling up the DagBag from /home/airflow/.local/lib/python3.8/site-packages/airflow/example_dags/example_complex.py
[2025-12-06T05:57:54.290+0000] {processor.py:840} INFO - DAG(s) 'example_complex' retrieved from /home/airflow/.local/lib/python3.8/site-packages/airflow/example_dags/example_complex.py
[2025-12-06T05:57:54.334+0000] {logging_mixin.py:188} INFO - [2025-12-06T05:57:54.334+0000] {dag.py:3036} INFO - Sync 1 DAGs
[2025-12-06T05:57:54.352+0000] {logging_mixin.py:188} INFO - [2025-12-06T05:57:54.352+0000] {dag.py:3823} INFO - Setting next_dagrun for example_complex to None, run_after=None
[2025-12-06T05:57:54.385+0000] {processor.py:183} INFO - Processing /home/airflow/.local/lib/python3.8/site-packages/airflow/example_dags/example_complex.py took 0.121 seconds
[2025-12-06T05:58:25.019+0000] {processor.py:161} INFO - Started process (PID=1485) to work on /home/airflow/.local/lib/python3.8/site-packages/airflow/example_dags/example_complex.py
[2025-12-06T05:58:25.020+0000] {processor.py:830} INFO - Processing file /home/airflow/.local/lib/python3.8/site-packages/airflow/example_dags/example_complex.py for tasks to queue
[2025-12-06T05:58:25.023+0000] {logging_mixin.py:188} INFO - [2025-12-06T05:58:25.023+0000] {dagbag.py:538} INFO - Filling up the DagBag from /home/airflow/.local/lib/python3.8/site-packages/airflow/example_dags/example_complex.py
[2025-12-06T05:58:25.045+0000] {processor.py:840} INFO - DAG(s) 'example_complex' retrieved from /home/airflow/.local/lib/python3.8/site-packages/airflow/example_dags/example_complex.py
[2025-12-06T05:58:25.109+0000] {logging_mixin.py:188} INFO - [2025-12-06T05:58:25.109+0000] {dag.py:3036} INFO - Sync 1 DAGs
[2025-12-06T05:58:25.128+0000] {logging_mixin.py:188} INFO - [2025-12-06T05:58:25.127+0000] {dag.py:3823} INFO - Setting next_dagrun for example_complex to None, run_after=None
[2025-12-06T05:58:25.163+0000] {processor.py:183} INFO - Processing /home/airflow/.local/lib/python3.8/site-packages/airflow/example_dags/example_complex.py took 0.151 seconds
[2025-12-06T05:58:55.376+0000] {processor.py:161} INFO - Started process (PID=1541) to work on /home/airflow/.local/lib/python3.8/site-packages/airflow/example_dags/example_complex.py
[2025-12-06T05:58:55.378+0000] {processor.py:830} INFO - Processing file /home/airflow/.local/lib/python3.8/site-packages/airflow/example_dags/example_complex.py for tasks to queue
[2025-12-06T05:58:55.381+0000] {logging_mixin.py:188} INFO - [2025-12-06T05:58:55.381+0000] {dagbag.py:538} INFO - Filling up the DagBag from /home/airflow/.local/lib/python3.8/site-packages/airflow/example_dags/example_complex.py
[2025-12-06T05:58:55.405+0000] {processor.py:840} INFO - DAG(s) 'example_complex' retrieved from /home/airflow/.local/lib/python3.8/site-packages/airflow/example_dags/example_complex.py
[2025-12-06T05:58:55.454+0000] {logging_mixin.py:188} INFO - [2025-12-06T05:58:55.454+0000] {dag.py:3036} INFO - Sync 1 DAGs
[2025-12-06T05:58:55.471+0000] {logging_mixin.py:188} INFO - [2025-12-06T05:58:55.471+0000] {dag.py:3823} INFO - Setting next_dagrun for example_complex to None, run_after=None
[2025-12-06T05:58:55.501+0000] {processor.py:183} INFO - Processing /home/airflow/.local/lib/python3.8/site-packages/airflow/example_dags/example_complex.py took 0.133 seconds
[2025-12-06T08:56:11.641+0000] {processor.py:161} INFO - Started process (PID=103) to work on /home/airflow/.local/lib/python3.8/site-packages/airflow/example_dags/example_complex.py
[2025-12-06T08:56:11.644+0000] {processor.py:830} INFO - Processing file /home/airflow/.local/lib/python3.8/site-packages/airflow/example_dags/example_complex.py for tasks to queue
[2025-12-06T08:56:11.648+0000] {logging_mixin.py:188} INFO - [2025-12-06T08:56:11.647+0000] {dagbag.py:538} INFO - Filling up the DagBag from /home/airflow/.local/lib/python3.8/site-packages/airflow/example_dags/example_complex.py
[2025-12-06T08:56:11.686+0000] {processor.py:840} INFO - DAG(s) 'example_complex' retrieved from /home/airflow/.local/lib/python3.8/site-packages/airflow/example_dags/example_complex.py
[2025-12-06T08:56:11.981+0000] {logging_mixin.py:188} INFO - [2025-12-06T08:56:11.981+0000] {dag.py:3036} INFO - Sync 1 DAGs
[2025-12-06T08:56:12.000+0000] {logging_mixin.py:188} INFO - [2025-12-06T08:56:12.000+0000] {dag.py:3823} INFO - Setting next_dagrun for example_complex to None, run_after=None
[2025-12-06T08:56:12.045+0000] {processor.py:183} INFO - Processing /home/airflow/.local/lib/python3.8/site-packages/airflow/example_dags/example_complex.py took 0.409 seconds
[2025-12-06T08:56:42.146+0000] {processor.py:161} INFO - Started process (PID=162) to work on /home/airflow/.local/lib/python3.8/site-packages/airflow/example_dags/example_complex.py
[2025-12-06T08:56:42.147+0000] {processor.py:830} INFO - Processing file /home/airflow/.local/lib/python3.8/site-packages/airflow/example_dags/example_complex.py for tasks to queue
[2025-12-06T08:56:42.150+0000] {logging_mixin.py:188} INFO - [2025-12-06T08:56:42.150+0000] {dagbag.py:538} INFO - Filling up the DagBag from /home/airflow/.local/lib/python3.8/site-packages/airflow/example_dags/example_complex.py
[2025-12-06T08:56:42.164+0000] {processor.py:840} INFO - DAG(s) 'example_complex' retrieved from /home/airflow/.local/lib/python3.8/site-packages/airflow/example_dags/example_complex.py
[2025-12-06T08:56:42.205+0000] {logging_mixin.py:188} INFO - [2025-12-06T08:56:42.204+0000] {dag.py:3036} INFO - Sync 1 DAGs
[2025-12-06T08:56:42.226+0000] {logging_mixin.py:188} INFO - [2025-12-06T08:56:42.226+0000] {dag.py:3823} INFO - Setting next_dagrun for example_complex to None, run_after=None
[2025-12-06T08:56:42.258+0000] {processor.py:183} INFO - Processing /home/airflow/.local/lib/python3.8/site-packages/airflow/example_dags/example_complex.py took 0.117 seconds
[2025-12-06T08:57:12.500+0000] {processor.py:161} INFO - Started process (PID=221) to work on /home/airflow/.local/lib/python3.8/site-packages/airflow/example_dags/example_complex.py
[2025-12-06T08:57:12.501+0000] {processor.py:830} INFO - Processing file /home/airflow/.local/lib/python3.8/site-packages/airflow/example_dags/example_complex.py for tasks to queue
[2025-12-06T08:57:12.504+0000] {logging_mixin.py:188} INFO - [2025-12-06T08:57:12.504+0000] {dagbag.py:538} INFO - Filling up the DagBag from /home/airflow/.local/lib/python3.8/site-packages/airflow/example_dags/example_complex.py
[2025-12-06T08:57:12.518+0000] {processor.py:840} INFO - DAG(s) 'example_complex' retrieved from /home/airflow/.local/lib/python3.8/site-packages/airflow/example_dags/example_complex.py
[2025-12-06T08:57:12.562+0000] {logging_mixin.py:188} INFO - [2025-12-06T08:57:12.561+0000] {dag.py:3036} INFO - Sync 1 DAGs
[2025-12-06T08:57:12.579+0000] {logging_mixin.py:188} INFO - [2025-12-06T08:57:12.578+0000] {dag.py:3823} INFO - Setting next_dagrun for example_complex to None, run_after=None
[2025-12-06T08:57:12.607+0000] {processor.py:183} INFO - Processing /home/airflow/.local/lib/python3.8/site-packages/airflow/example_dags/example_complex.py took 0.112 seconds
[2025-12-06T08:57:42.988+0000] {processor.py:161} INFO - Started process (PID=280) to work on /home/airflow/.local/lib/python3.8/site-packages/airflow/example_dags/example_complex.py
[2025-12-06T08:57:42.990+0000] {processor.py:830} INFO - Processing file /home/airflow/.local/lib/python3.8/site-packages/airflow/example_dags/example_complex.py for tasks to queue
[2025-12-06T08:57:42.993+0000] {logging_mixin.py:188} INFO - [2025-12-06T08:57:42.992+0000] {dagbag.py:538} INFO - Filling up the DagBag from /home/airflow/.local/lib/python3.8/site-packages/airflow/example_dags/example_complex.py
[2025-12-06T08:57:43.012+0000] {processor.py:840} INFO - DAG(s) 'example_complex' retrieved from /home/airflow/.local/lib/python3.8/site-packages/airflow/example_dags/example_complex.py
[2025-12-06T08:57:43.056+0000] {logging_mixin.py:188} INFO - [2025-12-06T08:57:43.056+0000] {dag.py:3036} INFO - Sync 1 DAGs
[2025-12-06T08:57:43.074+0000] {logging_mixin.py:188} INFO - [2025-12-06T08:57:43.074+0000] {dag.py:3823} INFO - Setting next_dagrun for example_complex to None, run_after=None
[2025-12-06T08:57:43.107+0000] {processor.py:183} INFO - Processing /home/airflow/.local/lib/python3.8/site-packages/airflow/example_dags/example_complex.py took 0.124 seconds
[2025-12-06T08:58:13.248+0000] {processor.py:161} INFO - Started process (PID=339) to work on /home/airflow/.local/lib/python3.8/site-packages/airflow/example_dags/example_complex.py
[2025-12-06T08:58:13.250+0000] {processor.py:830} INFO - Processing file /home/airflow/.local/lib/python3.8/site-packages/airflow/example_dags/example_complex.py for tasks to queue
[2025-12-06T08:58:13.253+0000] {logging_mixin.py:188} INFO - [2025-12-06T08:58:13.252+0000] {dagbag.py:538} INFO - Filling up the DagBag from /home/airflow/.local/lib/python3.8/site-packages/airflow/example_dags/example_complex.py
[2025-12-06T08:58:13.265+0000] {processor.py:840} INFO - DAG(s) 'example_complex' retrieved from /home/airflow/.local/lib/python3.8/site-packages/airflow/example_dags/example_complex.py
[2025-12-06T08:58:13.306+0000] {logging_mixin.py:188} INFO - [2025-12-06T08:58:13.306+0000] {dag.py:3036} INFO - Sync 1 DAGs
[2025-12-06T08:58:13.322+0000] {logging_mixin.py:188} INFO - [2025-12-06T08:58:13.322+0000] {dag.py:3823} INFO - Setting next_dagrun for example_complex to None, run_after=None
[2025-12-06T08:58:13.351+0000] {processor.py:183} INFO - Processing /home/airflow/.local/lib/python3.8/site-packages/airflow/example_dags/example_complex.py took 0.107 seconds
[2025-12-06T08:58:43.632+0000] {processor.py:161} INFO - Started process (PID=398) to work on /home/airflow/.local/lib/python3.8/site-packages/airflow/example_dags/example_complex.py
[2025-12-06T08:58:43.634+0000] {processor.py:830} INFO - Processing file /home/airflow/.local/lib/python3.8/site-packages/airflow/example_dags/example_complex.py for tasks to queue
[2025-12-06T08:58:43.637+0000] {logging_mixin.py:188} INFO - [2025-12-06T08:58:43.636+0000] {dagbag.py:538} INFO - Filling up the DagBag from /home/airflow/.local/lib/python3.8/site-packages/airflow/example_dags/example_complex.py
[2025-12-06T08:58:43.662+0000] {processor.py:840} INFO - DAG(s) 'example_complex' retrieved from /home/airflow/.local/lib/python3.8/site-packages/airflow/example_dags/example_complex.py
[2025-12-06T08:58:43.718+0000] {logging_mixin.py:188} INFO - [2025-12-06T08:58:43.717+0000] {dag.py:3036} INFO - Sync 1 DAGs
[2025-12-06T08:58:43.738+0000] {logging_mixin.py:188} INFO - [2025-12-06T08:58:43.737+0000] {dag.py:3823} INFO - Setting next_dagrun for example_complex to None, run_after=None
[2025-12-06T08:58:43.779+0000] {processor.py:183} INFO - Processing /home/airflow/.local/lib/python3.8/site-packages/airflow/example_dags/example_complex.py took 0.151 seconds
[2025-12-06T08:59:14.096+0000] {processor.py:161} INFO - Started process (PID=457) to work on /home/airflow/.local/lib/python3.8/site-packages/airflow/example_dags/example_complex.py
[2025-12-06T08:59:14.098+0000] {processor.py:830} INFO - Processing file /home/airflow/.local/lib/python3.8/site-packages/airflow/example_dags/example_complex.py for tasks to queue
[2025-12-06T08:59:14.101+0000] {logging_mixin.py:188} INFO - [2025-12-06T08:59:14.100+0000] {dagbag.py:538} INFO - Filling up the DagBag from /home/airflow/.local/lib/python3.8/site-packages/airflow/example_dags/example_complex.py
[2025-12-06T08:59:14.117+0000] {processor.py:840} INFO - DAG(s) 'example_complex' retrieved from /home/airflow/.local/lib/python3.8/site-packages/airflow/example_dags/example_complex.py
[2025-12-06T08:59:14.170+0000] {logging_mixin.py:188} INFO - [2025-12-06T08:59:14.170+0000] {dag.py:3036} INFO - Sync 1 DAGs
[2025-12-06T08:59:14.191+0000] {logging_mixin.py:188} INFO - [2025-12-06T08:59:14.191+0000] {dag.py:3823} INFO - Setting next_dagrun for example_complex to None, run_after=None
[2025-12-06T08:59:14.228+0000] {processor.py:183} INFO - Processing /home/airflow/.local/lib/python3.8/site-packages/airflow/example_dags/example_complex.py took 0.138 seconds
[2025-12-06T08:59:45.040+0000] {processor.py:161} INFO - Started process (PID=516) to work on /home/airflow/.local/lib/python3.8/site-packages/airflow/example_dags/example_complex.py
[2025-12-06T08:59:45.042+0000] {processor.py:830} INFO - Processing file /home/airflow/.local/lib/python3.8/site-packages/airflow/example_dags/example_complex.py for tasks to queue
[2025-12-06T08:59:45.045+0000] {logging_mixin.py:188} INFO - [2025-12-06T08:59:45.045+0000] {dagbag.py:538} INFO - Filling up the DagBag from /home/airflow/.local/lib/python3.8/site-packages/airflow/example_dags/example_complex.py
[2025-12-06T08:59:45.064+0000] {processor.py:840} INFO - DAG(s) 'example_complex' retrieved from /home/airflow/.local/lib/python3.8/site-packages/airflow/example_dags/example_complex.py
[2025-12-06T08:59:45.116+0000] {logging_mixin.py:188} INFO - [2025-12-06T08:59:45.115+0000] {dag.py:3036} INFO - Sync 1 DAGs
[2025-12-06T08:59:45.136+0000] {logging_mixin.py:188} INFO - [2025-12-06T08:59:45.135+0000] {dag.py:3823} INFO - Setting next_dagrun for example_complex to None, run_after=None
[2025-12-06T08:59:45.170+0000] {processor.py:183} INFO - Processing /home/airflow/.local/lib/python3.8/site-packages/airflow/example_dags/example_complex.py took 0.134 seconds
[2025-12-06T09:00:15.752+0000] {processor.py:161} INFO - Started process (PID=575) to work on /home/airflow/.local/lib/python3.8/site-packages/airflow/example_dags/example_complex.py
[2025-12-06T09:00:15.755+0000] {processor.py:830} INFO - Processing file /home/airflow/.local/lib/python3.8/site-packages/airflow/example_dags/example_complex.py for tasks to queue
[2025-12-06T09:00:15.760+0000] {logging_mixin.py:188} INFO - [2025-12-06T09:00:15.758+0000] {dagbag.py:538} INFO - Filling up the DagBag from /home/airflow/.local/lib/python3.8/site-packages/airflow/example_dags/example_complex.py
[2025-12-06T09:00:15.778+0000] {processor.py:840} INFO - DAG(s) 'example_complex' retrieved from /home/airflow/.local/lib/python3.8/site-packages/airflow/example_dags/example_complex.py
[2025-12-06T09:00:15.837+0000] {logging_mixin.py:188} INFO - [2025-12-06T09:00:15.836+0000] {dag.py:3036} INFO - Sync 1 DAGs
[2025-12-06T09:00:15.863+0000] {logging_mixin.py:188} INFO - [2025-12-06T09:00:15.862+0000] {dag.py:3823} INFO - Setting next_dagrun for example_complex to None, run_after=None
[2025-12-06T09:00:15.905+0000] {processor.py:183} INFO - Processing /home/airflow/.local/lib/python3.8/site-packages/airflow/example_dags/example_complex.py took 0.161 seconds
[2025-12-06T09:00:46.118+0000] {processor.py:161} INFO - Started process (PID=634) to work on /home/airflow/.local/lib/python3.8/site-packages/airflow/example_dags/example_complex.py
[2025-12-06T09:00:46.119+0000] {processor.py:830} INFO - Processing file /home/airflow/.local/lib/python3.8/site-packages/airflow/example_dags/example_complex.py for tasks to queue
[2025-12-06T09:00:46.123+0000] {logging_mixin.py:188} INFO - [2025-12-06T09:00:46.122+0000] {dagbag.py:538} INFO - Filling up the DagBag from /home/airflow/.local/lib/python3.8/site-packages/airflow/example_dags/example_complex.py
[2025-12-06T09:00:46.147+0000] {processor.py:840} INFO - DAG(s) 'example_complex' retrieved from /home/airflow/.local/lib/python3.8/site-packages/airflow/example_dags/example_complex.py
[2025-12-06T09:00:46.216+0000] {logging_mixin.py:188} INFO - [2025-12-06T09:00:46.216+0000] {dag.py:3036} INFO - Sync 1 DAGs
[2025-12-06T09:00:46.239+0000] {logging_mixin.py:188} INFO - [2025-12-06T09:00:46.239+0000] {dag.py:3823} INFO - Setting next_dagrun for example_complex to None, run_after=None
[2025-12-06T09:00:46.278+0000] {processor.py:183} INFO - Processing /home/airflow/.local/lib/python3.8/site-packages/airflow/example_dags/example_complex.py took 0.167 seconds
[2025-12-06T09:01:16.808+0000] {processor.py:161} INFO - Started process (PID=693) to work on /home/airflow/.local/lib/python3.8/site-packages/airflow/example_dags/example_complex.py
[2025-12-06T09:01:16.810+0000] {processor.py:830} INFO - Processing file /home/airflow/.local/lib/python3.8/site-packages/airflow/example_dags/example_complex.py for tasks to queue
[2025-12-06T09:01:16.814+0000] {logging_mixin.py:188} INFO - [2025-12-06T09:01:16.813+0000] {dagbag.py:538} INFO - Filling up the DagBag from /home/airflow/.local/lib/python3.8/site-packages/airflow/example_dags/example_complex.py
[2025-12-06T09:01:16.833+0000] {processor.py:840} INFO - DAG(s) 'example_complex' retrieved from /home/airflow/.local/lib/python3.8/site-packages/airflow/example_dags/example_complex.py
[2025-12-06T09:01:16.880+0000] {logging_mixin.py:188} INFO - [2025-12-06T09:01:16.880+0000] {dag.py:3036} INFO - Sync 1 DAGs
[2025-12-06T09:01:16.902+0000] {logging_mixin.py:188} INFO - [2025-12-06T09:01:16.901+0000] {dag.py:3823} INFO - Setting next_dagrun for example_complex to None, run_after=None
[2025-12-06T09:01:16.935+0000] {processor.py:183} INFO - Processing /home/airflow/.local/lib/python3.8/site-packages/airflow/example_dags/example_complex.py took 0.134 seconds
[2025-12-06T09:01:47.196+0000] {processor.py:161} INFO - Started process (PID=752) to work on /home/airflow/.local/lib/python3.8/site-packages/airflow/example_dags/example_complex.py
[2025-12-06T09:01:47.198+0000] {processor.py:830} INFO - Processing file /home/airflow/.local/lib/python3.8/site-packages/airflow/example_dags/example_complex.py for tasks to queue
[2025-12-06T09:01:47.201+0000] {logging_mixin.py:188} INFO - [2025-12-06T09:01:47.200+0000] {dagbag.py:538} INFO - Filling up the DagBag from /home/airflow/.local/lib/python3.8/site-packages/airflow/example_dags/example_complex.py
[2025-12-06T09:01:47.215+0000] {processor.py:840} INFO - DAG(s) 'example_complex' retrieved from /home/airflow/.local/lib/python3.8/site-packages/airflow/example_dags/example_complex.py
[2025-12-06T09:01:47.253+0000] {logging_mixin.py:188} INFO - [2025-12-06T09:01:47.253+0000] {dag.py:3036} INFO - Sync 1 DAGs
[2025-12-06T09:01:47.271+0000] {logging_mixin.py:188} INFO - [2025-12-06T09:01:47.271+0000] {dag.py:3823} INFO - Setting next_dagrun for example_complex to None, run_after=None
[2025-12-06T09:01:47.299+0000] {processor.py:183} INFO - Processing /home/airflow/.local/lib/python3.8/site-packages/airflow/example_dags/example_complex.py took 0.109 seconds
[2025-12-06T09:02:17.617+0000] {processor.py:161} INFO - Started process (PID=811) to work on /home/airflow/.local/lib/python3.8/site-packages/airflow/example_dags/example_complex.py
[2025-12-06T09:02:17.619+0000] {processor.py:830} INFO - Processing file /home/airflow/.local/lib/python3.8/site-packages/airflow/example_dags/example_complex.py for tasks to queue
[2025-12-06T09:02:17.623+0000] {logging_mixin.py:188} INFO - [2025-12-06T09:02:17.623+0000] {dagbag.py:538} INFO - Filling up the DagBag from /home/airflow/.local/lib/python3.8/site-packages/airflow/example_dags/example_complex.py
[2025-12-06T09:02:17.640+0000] {processor.py:840} INFO - DAG(s) 'example_complex' retrieved from /home/airflow/.local/lib/python3.8/site-packages/airflow/example_dags/example_complex.py
[2025-12-06T09:02:17.681+0000] {logging_mixin.py:188} INFO - [2025-12-06T09:02:17.680+0000] {dag.py:3036} INFO - Sync 1 DAGs
[2025-12-06T09:02:17.698+0000] {logging_mixin.py:188} INFO - [2025-12-06T09:02:17.698+0000] {dag.py:3823} INFO - Setting next_dagrun for example_complex to None, run_after=None
[2025-12-06T09:02:17.731+0000] {processor.py:183} INFO - Processing /home/airflow/.local/lib/python3.8/site-packages/airflow/example_dags/example_complex.py took 0.118 seconds
[2025-12-06T09:02:47.916+0000] {processor.py:161} INFO - Started process (PID=870) to work on /home/airflow/.local/lib/python3.8/site-packages/airflow/example_dags/example_complex.py
[2025-12-06T09:02:47.917+0000] {processor.py:830} INFO - Processing file /home/airflow/.local/lib/python3.8/site-packages/airflow/example_dags/example_complex.py for tasks to queue
[2025-12-06T09:02:47.921+0000] {logging_mixin.py:188} INFO - [2025-12-06T09:02:47.920+0000] {dagbag.py:538} INFO - Filling up the DagBag from /home/airflow/.local/lib/python3.8/site-packages/airflow/example_dags/example_complex.py
[2025-12-06T09:02:47.936+0000] {processor.py:840} INFO - DAG(s) 'example_complex' retrieved from /home/airflow/.local/lib/python3.8/site-packages/airflow/example_dags/example_complex.py
[2025-12-06T09:02:47.979+0000] {logging_mixin.py:188} INFO - [2025-12-06T09:02:47.979+0000] {dag.py:3036} INFO - Sync 1 DAGs
[2025-12-06T09:02:47.996+0000] {logging_mixin.py:188} INFO - [2025-12-06T09:02:47.995+0000] {dag.py:3823} INFO - Setting next_dagrun for example_complex to None, run_after=None
[2025-12-06T09:02:48.025+0000] {processor.py:183} INFO - Processing /home/airflow/.local/lib/python3.8/site-packages/airflow/example_dags/example_complex.py took 0.113 seconds
[2025-12-06T09:03:18.321+0000] {processor.py:161} INFO - Started process (PID=929) to work on /home/airflow/.local/lib/python3.8/site-packages/airflow/example_dags/example_complex.py
[2025-12-06T09:03:18.323+0000] {processor.py:830} INFO - Processing file /home/airflow/.local/lib/python3.8/site-packages/airflow/example_dags/example_complex.py for tasks to queue
[2025-12-06T09:03:18.325+0000] {logging_mixin.py:188} INFO - [2025-12-06T09:03:18.325+0000] {dagbag.py:538} INFO - Filling up the DagBag from /home/airflow/.local/lib/python3.8/site-packages/airflow/example_dags/example_complex.py
[2025-12-06T09:03:18.342+0000] {processor.py:840} INFO - DAG(s) 'example_complex' retrieved from /home/airflow/.local/lib/python3.8/site-packages/airflow/example_dags/example_complex.py
[2025-12-06T09:03:18.386+0000] {logging_mixin.py:188} INFO - [2025-12-06T09:03:18.386+0000] {dag.py:3036} INFO - Sync 1 DAGs
[2025-12-06T09:03:18.403+0000] {logging_mixin.py:188} INFO - [2025-12-06T09:03:18.403+0000] {dag.py:3823} INFO - Setting next_dagrun for example_complex to None, run_after=None
[2025-12-06T09:03:18.434+0000] {processor.py:183} INFO - Processing /home/airflow/.local/lib/python3.8/site-packages/airflow/example_dags/example_complex.py took 0.118 seconds
[2025-12-06T09:03:48.696+0000] {processor.py:161} INFO - Started process (PID=988) to work on /home/airflow/.local/lib/python3.8/site-packages/airflow/example_dags/example_complex.py
[2025-12-06T09:03:48.698+0000] {processor.py:830} INFO - Processing file /home/airflow/.local/lib/python3.8/site-packages/airflow/example_dags/example_complex.py for tasks to queue
[2025-12-06T09:03:48.701+0000] {logging_mixin.py:188} INFO - [2025-12-06T09:03:48.701+0000] {dagbag.py:538} INFO - Filling up the DagBag from /home/airflow/.local/lib/python3.8/site-packages/airflow/example_dags/example_complex.py
[2025-12-06T09:03:48.716+0000] {processor.py:840} INFO - DAG(s) 'example_complex' retrieved from /home/airflow/.local/lib/python3.8/site-packages/airflow/example_dags/example_complex.py
[2025-12-06T09:03:48.760+0000] {logging_mixin.py:188} INFO - [2025-12-06T09:03:48.760+0000] {dag.py:3036} INFO - Sync 1 DAGs
[2025-12-06T09:03:48.779+0000] {logging_mixin.py:188} INFO - [2025-12-06T09:03:48.779+0000] {dag.py:3823} INFO - Setting next_dagrun for example_complex to None, run_after=None
[2025-12-06T09:03:48.805+0000] {processor.py:183} INFO - Processing /home/airflow/.local/lib/python3.8/site-packages/airflow/example_dags/example_complex.py took 0.115 seconds
[2025-12-06T09:04:19.592+0000] {processor.py:161} INFO - Started process (PID=1047) to work on /home/airflow/.local/lib/python3.8/site-packages/airflow/example_dags/example_complex.py
[2025-12-06T09:04:19.593+0000] {processor.py:830} INFO - Processing file /home/airflow/.local/lib/python3.8/site-packages/airflow/example_dags/example_complex.py for tasks to queue
[2025-12-06T09:04:19.596+0000] {logging_mixin.py:188} INFO - [2025-12-06T09:04:19.595+0000] {dagbag.py:538} INFO - Filling up the DagBag from /home/airflow/.local/lib/python3.8/site-packages/airflow/example_dags/example_complex.py
[2025-12-06T09:04:19.612+0000] {processor.py:840} INFO - DAG(s) 'example_complex' retrieved from /home/airflow/.local/lib/python3.8/site-packages/airflow/example_dags/example_complex.py
[2025-12-06T09:04:19.661+0000] {logging_mixin.py:188} INFO - [2025-12-06T09:04:19.661+0000] {dag.py:3036} INFO - Sync 1 DAGs
[2025-12-06T09:04:19.682+0000] {logging_mixin.py:188} INFO - [2025-12-06T09:04:19.681+0000] {dag.py:3823} INFO - Setting next_dagrun for example_complex to None, run_after=None
[2025-12-06T09:04:19.713+0000] {processor.py:183} INFO - Processing /home/airflow/.local/lib/python3.8/site-packages/airflow/example_dags/example_complex.py took 0.126 seconds
[2025-12-06T09:04:50.487+0000] {processor.py:161} INFO - Started process (PID=1106) to work on /home/airflow/.local/lib/python3.8/site-packages/airflow/example_dags/example_complex.py
[2025-12-06T09:04:50.488+0000] {processor.py:830} INFO - Processing file /home/airflow/.local/lib/python3.8/site-packages/airflow/example_dags/example_complex.py for tasks to queue
[2025-12-06T09:04:50.491+0000] {logging_mixin.py:188} INFO - [2025-12-06T09:04:50.490+0000] {dagbag.py:538} INFO - Filling up the DagBag from /home/airflow/.local/lib/python3.8/site-packages/airflow/example_dags/example_complex.py
[2025-12-06T09:04:50.506+0000] {processor.py:840} INFO - DAG(s) 'example_complex' retrieved from /home/airflow/.local/lib/python3.8/site-packages/airflow/example_dags/example_complex.py
[2025-12-06T09:04:50.551+0000] {logging_mixin.py:188} INFO - [2025-12-06T09:04:50.550+0000] {dag.py:3036} INFO - Sync 1 DAGs
[2025-12-06T09:04:50.570+0000] {logging_mixin.py:188} INFO - [2025-12-06T09:04:50.569+0000] {dag.py:3823} INFO - Setting next_dagrun for example_complex to None, run_after=None
[2025-12-06T09:04:50.601+0000] {processor.py:183} INFO - Processing /home/airflow/.local/lib/python3.8/site-packages/airflow/example_dags/example_complex.py took 0.119 seconds
[2025-12-06T09:05:21.050+0000] {processor.py:161} INFO - Started process (PID=1165) to work on /home/airflow/.local/lib/python3.8/site-packages/airflow/example_dags/example_complex.py
[2025-12-06T09:05:21.051+0000] {processor.py:830} INFO - Processing file /home/airflow/.local/lib/python3.8/site-packages/airflow/example_dags/example_complex.py for tasks to queue
[2025-12-06T09:05:21.054+0000] {logging_mixin.py:188} INFO - [2025-12-06T09:05:21.054+0000] {dagbag.py:538} INFO - Filling up the DagBag from /home/airflow/.local/lib/python3.8/site-packages/airflow/example_dags/example_complex.py
[2025-12-06T09:05:21.068+0000] {processor.py:840} INFO - DAG(s) 'example_complex' retrieved from /home/airflow/.local/lib/python3.8/site-packages/airflow/example_dags/example_complex.py
[2025-12-06T09:05:21.109+0000] {logging_mixin.py:188} INFO - [2025-12-06T09:05:21.109+0000] {dag.py:3036} INFO - Sync 1 DAGs
[2025-12-06T09:05:21.128+0000] {logging_mixin.py:188} INFO - [2025-12-06T09:05:21.128+0000] {dag.py:3823} INFO - Setting next_dagrun for example_complex to None, run_after=None
[2025-12-06T09:05:21.160+0000] {processor.py:183} INFO - Processing /home/airflow/.local/lib/python3.8/site-packages/airflow/example_dags/example_complex.py took 0.115 seconds
[2025-12-06T09:05:51.688+0000] {processor.py:161} INFO - Started process (PID=1225) to work on /home/airflow/.local/lib/python3.8/site-packages/airflow/example_dags/example_complex.py
[2025-12-06T09:05:51.691+0000] {processor.py:830} INFO - Processing file /home/airflow/.local/lib/python3.8/site-packages/airflow/example_dags/example_complex.py for tasks to queue
[2025-12-06T09:05:51.694+0000] {logging_mixin.py:188} INFO - [2025-12-06T09:05:51.694+0000] {dagbag.py:538} INFO - Filling up the DagBag from /home/airflow/.local/lib/python3.8/site-packages/airflow/example_dags/example_complex.py
[2025-12-06T09:05:51.713+0000] {processor.py:840} INFO - DAG(s) 'example_complex' retrieved from /home/airflow/.local/lib/python3.8/site-packages/airflow/example_dags/example_complex.py
[2025-12-06T09:05:51.766+0000] {logging_mixin.py:188} INFO - [2025-12-06T09:05:51.765+0000] {dag.py:3036} INFO - Sync 1 DAGs
[2025-12-06T09:05:51.787+0000] {logging_mixin.py:188} INFO - [2025-12-06T09:05:51.787+0000] {dag.py:3823} INFO - Setting next_dagrun for example_complex to None, run_after=None
[2025-12-06T09:05:51.819+0000] {processor.py:183} INFO - Processing /home/airflow/.local/lib/python3.8/site-packages/airflow/example_dags/example_complex.py took 0.136 seconds
[2025-12-06T09:06:22.149+0000] {processor.py:161} INFO - Started process (PID=1284) to work on /home/airflow/.local/lib/python3.8/site-packages/airflow/example_dags/example_complex.py
[2025-12-06T09:06:22.151+0000] {processor.py:830} INFO - Processing file /home/airflow/.local/lib/python3.8/site-packages/airflow/example_dags/example_complex.py for tasks to queue
[2025-12-06T09:06:22.154+0000] {logging_mixin.py:188} INFO - [2025-12-06T09:06:22.154+0000] {dagbag.py:538} INFO - Filling up the DagBag from /home/airflow/.local/lib/python3.8/site-packages/airflow/example_dags/example_complex.py
[2025-12-06T09:06:22.171+0000] {processor.py:840} INFO - DAG(s) 'example_complex' retrieved from /home/airflow/.local/lib/python3.8/site-packages/airflow/example_dags/example_complex.py
[2025-12-06T09:06:22.217+0000] {logging_mixin.py:188} INFO - [2025-12-06T09:06:22.216+0000] {dag.py:3036} INFO - Sync 1 DAGs
[2025-12-06T09:06:22.234+0000] {logging_mixin.py:188} INFO - [2025-12-06T09:06:22.234+0000] {dag.py:3823} INFO - Setting next_dagrun for example_complex to None, run_after=None
[2025-12-06T09:06:22.264+0000] {processor.py:183} INFO - Processing /home/airflow/.local/lib/python3.8/site-packages/airflow/example_dags/example_complex.py took 0.119 seconds
[2025-12-06T09:06:52.681+0000] {processor.py:161} INFO - Started process (PID=1344) to work on /home/airflow/.local/lib/python3.8/site-packages/airflow/example_dags/example_complex.py
[2025-12-06T09:06:52.684+0000] {processor.py:830} INFO - Processing file /home/airflow/.local/lib/python3.8/site-packages/airflow/example_dags/example_complex.py for tasks to queue
[2025-12-06T09:06:52.691+0000] {logging_mixin.py:188} INFO - [2025-12-06T09:06:52.690+0000] {dagbag.py:538} INFO - Filling up the DagBag from /home/airflow/.local/lib/python3.8/site-packages/airflow/example_dags/example_complex.py
[2025-12-06T09:06:52.715+0000] {processor.py:840} INFO - DAG(s) 'example_complex' retrieved from /home/airflow/.local/lib/python3.8/site-packages/airflow/example_dags/example_complex.py
[2025-12-06T09:06:52.776+0000] {logging_mixin.py:188} INFO - [2025-12-06T09:06:52.775+0000] {dag.py:3036} INFO - Sync 1 DAGs
[2025-12-06T09:06:52.795+0000] {logging_mixin.py:188} INFO - [2025-12-06T09:06:52.794+0000] {dag.py:3823} INFO - Setting next_dagrun for example_complex to None, run_after=None
[2025-12-06T09:06:52.831+0000] {processor.py:183} INFO - Processing /home/airflow/.local/lib/python3.8/site-packages/airflow/example_dags/example_complex.py took 0.161 seconds
[2025-12-06T09:07:23.070+0000] {processor.py:161} INFO - Started process (PID=1403) to work on /home/airflow/.local/lib/python3.8/site-packages/airflow/example_dags/example_complex.py
[2025-12-06T09:07:23.071+0000] {processor.py:830} INFO - Processing file /home/airflow/.local/lib/python3.8/site-packages/airflow/example_dags/example_complex.py for tasks to queue
[2025-12-06T09:07:23.076+0000] {logging_mixin.py:188} INFO - [2025-12-06T09:07:23.075+0000] {dagbag.py:538} INFO - Filling up the DagBag from /home/airflow/.local/lib/python3.8/site-packages/airflow/example_dags/example_complex.py
[2025-12-06T09:07:23.094+0000] {processor.py:840} INFO - DAG(s) 'example_complex' retrieved from /home/airflow/.local/lib/python3.8/site-packages/airflow/example_dags/example_complex.py
[2025-12-06T09:07:23.148+0000] {logging_mixin.py:188} INFO - [2025-12-06T09:07:23.148+0000] {dag.py:3036} INFO - Sync 1 DAGs
[2025-12-06T09:07:23.166+0000] {logging_mixin.py:188} INFO - [2025-12-06T09:07:23.166+0000] {dag.py:3823} INFO - Setting next_dagrun for example_complex to None, run_after=None
[2025-12-06T09:07:23.198+0000] {processor.py:183} INFO - Processing /home/airflow/.local/lib/python3.8/site-packages/airflow/example_dags/example_complex.py took 0.134 seconds
[2025-12-06T09:07:53.638+0000] {processor.py:161} INFO - Started process (PID=1462) to work on /home/airflow/.local/lib/python3.8/site-packages/airflow/example_dags/example_complex.py
[2025-12-06T09:07:53.639+0000] {processor.py:830} INFO - Processing file /home/airflow/.local/lib/python3.8/site-packages/airflow/example_dags/example_complex.py for tasks to queue
[2025-12-06T09:07:53.642+0000] {logging_mixin.py:188} INFO - [2025-12-06T09:07:53.641+0000] {dagbag.py:538} INFO - Filling up the DagBag from /home/airflow/.local/lib/python3.8/site-packages/airflow/example_dags/example_complex.py
[2025-12-06T09:07:53.658+0000] {processor.py:840} INFO - DAG(s) 'example_complex' retrieved from /home/airflow/.local/lib/python3.8/site-packages/airflow/example_dags/example_complex.py
[2025-12-06T09:07:53.703+0000] {logging_mixin.py:188} INFO - [2025-12-06T09:07:53.703+0000] {dag.py:3036} INFO - Sync 1 DAGs
[2025-12-06T09:07:53.723+0000] {logging_mixin.py:188} INFO - [2025-12-06T09:07:53.723+0000] {dag.py:3823} INFO - Setting next_dagrun for example_complex to None, run_after=None
[2025-12-06T09:07:53.753+0000] {processor.py:183} INFO - Processing /home/airflow/.local/lib/python3.8/site-packages/airflow/example_dags/example_complex.py took 0.120 seconds
[2025-12-06T09:08:24.135+0000] {processor.py:161} INFO - Started process (PID=1521) to work on /home/airflow/.local/lib/python3.8/site-packages/airflow/example_dags/example_complex.py
[2025-12-06T09:08:24.137+0000] {processor.py:830} INFO - Processing file /home/airflow/.local/lib/python3.8/site-packages/airflow/example_dags/example_complex.py for tasks to queue
[2025-12-06T09:08:24.141+0000] {logging_mixin.py:188} INFO - [2025-12-06T09:08:24.140+0000] {dagbag.py:538} INFO - Filling up the DagBag from /home/airflow/.local/lib/python3.8/site-packages/airflow/example_dags/example_complex.py
[2025-12-06T09:08:24.158+0000] {processor.py:840} INFO - DAG(s) 'example_complex' retrieved from /home/airflow/.local/lib/python3.8/site-packages/airflow/example_dags/example_complex.py
[2025-12-06T09:08:24.210+0000] {logging_mixin.py:188} INFO - [2025-12-06T09:08:24.210+0000] {dag.py:3036} INFO - Sync 1 DAGs
[2025-12-06T09:08:24.231+0000] {logging_mixin.py:188} INFO - [2025-12-06T09:08:24.231+0000] {dag.py:3823} INFO - Setting next_dagrun for example_complex to None, run_after=None
[2025-12-06T09:08:24.262+0000] {processor.py:183} INFO - Processing /home/airflow/.local/lib/python3.8/site-packages/airflow/example_dags/example_complex.py took 0.132 seconds
[2025-12-06T09:08:54.577+0000] {processor.py:161} INFO - Started process (PID=1581) to work on /home/airflow/.local/lib/python3.8/site-packages/airflow/example_dags/example_complex.py
[2025-12-06T09:08:54.579+0000] {processor.py:830} INFO - Processing file /home/airflow/.local/lib/python3.8/site-packages/airflow/example_dags/example_complex.py for tasks to queue
[2025-12-06T09:08:54.582+0000] {logging_mixin.py:188} INFO - [2025-12-06T09:08:54.582+0000] {dagbag.py:538} INFO - Filling up the DagBag from /home/airflow/.local/lib/python3.8/site-packages/airflow/example_dags/example_complex.py
[2025-12-06T09:08:54.600+0000] {processor.py:840} INFO - DAG(s) 'example_complex' retrieved from /home/airflow/.local/lib/python3.8/site-packages/airflow/example_dags/example_complex.py
[2025-12-06T09:08:54.670+0000] {logging_mixin.py:188} INFO - [2025-12-06T09:08:54.670+0000] {dag.py:3036} INFO - Sync 1 DAGs
[2025-12-06T09:08:54.693+0000] {logging_mixin.py:188} INFO - [2025-12-06T09:08:54.693+0000] {dag.py:3823} INFO - Setting next_dagrun for example_complex to None, run_after=None
[2025-12-06T09:08:54.731+0000] {processor.py:183} INFO - Processing /home/airflow/.local/lib/python3.8/site-packages/airflow/example_dags/example_complex.py took 0.162 seconds
[2025-12-06T09:09:25.483+0000] {processor.py:161} INFO - Started process (PID=1640) to work on /home/airflow/.local/lib/python3.8/site-packages/airflow/example_dags/example_complex.py
[2025-12-06T09:09:25.485+0000] {processor.py:830} INFO - Processing file /home/airflow/.local/lib/python3.8/site-packages/airflow/example_dags/example_complex.py for tasks to queue
[2025-12-06T09:09:25.488+0000] {logging_mixin.py:188} INFO - [2025-12-06T09:09:25.487+0000] {dagbag.py:538} INFO - Filling up the DagBag from /home/airflow/.local/lib/python3.8/site-packages/airflow/example_dags/example_complex.py
[2025-12-06T09:09:25.505+0000] {processor.py:840} INFO - DAG(s) 'example_complex' retrieved from /home/airflow/.local/lib/python3.8/site-packages/airflow/example_dags/example_complex.py
[2025-12-06T09:09:25.560+0000] {logging_mixin.py:188} INFO - [2025-12-06T09:09:25.559+0000] {dag.py:3036} INFO - Sync 1 DAGs
[2025-12-06T09:09:25.585+0000] {logging_mixin.py:188} INFO - [2025-12-06T09:09:25.585+0000] {dag.py:3823} INFO - Setting next_dagrun for example_complex to None, run_after=None
[2025-12-06T09:09:25.623+0000] {processor.py:183} INFO - Processing /home/airflow/.local/lib/python3.8/site-packages/airflow/example_dags/example_complex.py took 0.146 seconds
[2025-12-06T09:09:55.809+0000] {processor.py:161} INFO - Started process (PID=1699) to work on /home/airflow/.local/lib/python3.8/site-packages/airflow/example_dags/example_complex.py
[2025-12-06T09:09:55.811+0000] {processor.py:830} INFO - Processing file /home/airflow/.local/lib/python3.8/site-packages/airflow/example_dags/example_complex.py for tasks to queue
[2025-12-06T09:09:55.815+0000] {logging_mixin.py:188} INFO - [2025-12-06T09:09:55.814+0000] {dagbag.py:538} INFO - Filling up the DagBag from /home/airflow/.local/lib/python3.8/site-packages/airflow/example_dags/example_complex.py
[2025-12-06T09:09:55.832+0000] {processor.py:840} INFO - DAG(s) 'example_complex' retrieved from /home/airflow/.local/lib/python3.8/site-packages/airflow/example_dags/example_complex.py
[2025-12-06T09:09:55.875+0000] {logging_mixin.py:188} INFO - [2025-12-06T09:09:55.875+0000] {dag.py:3036} INFO - Sync 1 DAGs
[2025-12-06T09:09:55.892+0000] {logging_mixin.py:188} INFO - [2025-12-06T09:09:55.892+0000] {dag.py:3823} INFO - Setting next_dagrun for example_complex to None, run_after=None
[2025-12-06T09:09:55.923+0000] {processor.py:183} INFO - Processing /home/airflow/.local/lib/python3.8/site-packages/airflow/example_dags/example_complex.py took 0.118 seconds
[2025-12-06T09:10:26.056+0000] {processor.py:161} INFO - Started process (PID=1758) to work on /home/airflow/.local/lib/python3.8/site-packages/airflow/example_dags/example_complex.py
[2025-12-06T09:10:26.058+0000] {processor.py:830} INFO - Processing file /home/airflow/.local/lib/python3.8/site-packages/airflow/example_dags/example_complex.py for tasks to queue
[2025-12-06T09:10:26.060+0000] {logging_mixin.py:188} INFO - [2025-12-06T09:10:26.060+0000] {dagbag.py:538} INFO - Filling up the DagBag from /home/airflow/.local/lib/python3.8/site-packages/airflow/example_dags/example_complex.py
[2025-12-06T09:10:26.075+0000] {processor.py:840} INFO - DAG(s) 'example_complex' retrieved from /home/airflow/.local/lib/python3.8/site-packages/airflow/example_dags/example_complex.py
[2025-12-06T09:10:26.120+0000] {logging_mixin.py:188} INFO - [2025-12-06T09:10:26.120+0000] {dag.py:3036} INFO - Sync 1 DAGs
[2025-12-06T09:10:26.136+0000] {logging_mixin.py:188} INFO - [2025-12-06T09:10:26.136+0000] {dag.py:3823} INFO - Setting next_dagrun for example_complex to None, run_after=None
[2025-12-06T09:10:26.167+0000] {processor.py:183} INFO - Processing /home/airflow/.local/lib/python3.8/site-packages/airflow/example_dags/example_complex.py took 0.116 seconds
[2025-12-06T09:10:56.960+0000] {processor.py:161} INFO - Started process (PID=1817) to work on /home/airflow/.local/lib/python3.8/site-packages/airflow/example_dags/example_complex.py
[2025-12-06T09:10:56.962+0000] {processor.py:830} INFO - Processing file /home/airflow/.local/lib/python3.8/site-packages/airflow/example_dags/example_complex.py for tasks to queue
[2025-12-06T09:10:56.965+0000] {logging_mixin.py:188} INFO - [2025-12-06T09:10:56.964+0000] {dagbag.py:538} INFO - Filling up the DagBag from /home/airflow/.local/lib/python3.8/site-packages/airflow/example_dags/example_complex.py
[2025-12-06T09:10:56.979+0000] {processor.py:840} INFO - DAG(s) 'example_complex' retrieved from /home/airflow/.local/lib/python3.8/site-packages/airflow/example_dags/example_complex.py
[2025-12-06T09:10:57.017+0000] {logging_mixin.py:188} INFO - [2025-12-06T09:10:57.017+0000] {dag.py:3036} INFO - Sync 1 DAGs
[2025-12-06T09:10:57.034+0000] {logging_mixin.py:188} INFO - [2025-12-06T09:10:57.034+0000] {dag.py:3823} INFO - Setting next_dagrun for example_complex to None, run_after=None
[2025-12-06T09:10:57.064+0000] {processor.py:183} INFO - Processing /home/airflow/.local/lib/python3.8/site-packages/airflow/example_dags/example_complex.py took 0.108 seconds
[2025-12-06T09:11:27.678+0000] {processor.py:161} INFO - Started process (PID=1876) to work on /home/airflow/.local/lib/python3.8/site-packages/airflow/example_dags/example_complex.py
[2025-12-06T09:11:27.680+0000] {processor.py:830} INFO - Processing file /home/airflow/.local/lib/python3.8/site-packages/airflow/example_dags/example_complex.py for tasks to queue
[2025-12-06T09:11:27.683+0000] {logging_mixin.py:188} INFO - [2025-12-06T09:11:27.682+0000] {dagbag.py:538} INFO - Filling up the DagBag from /home/airflow/.local/lib/python3.8/site-packages/airflow/example_dags/example_complex.py
[2025-12-06T09:11:27.698+0000] {processor.py:840} INFO - DAG(s) 'example_complex' retrieved from /home/airflow/.local/lib/python3.8/site-packages/airflow/example_dags/example_complex.py
[2025-12-06T09:11:27.739+0000] {logging_mixin.py:188} INFO - [2025-12-06T09:11:27.738+0000] {dag.py:3036} INFO - Sync 1 DAGs
[2025-12-06T09:11:27.753+0000] {logging_mixin.py:188} INFO - [2025-12-06T09:11:27.753+0000] {dag.py:3823} INFO - Setting next_dagrun for example_complex to None, run_after=None
[2025-12-06T09:11:27.786+0000] {processor.py:183} INFO - Processing /home/airflow/.local/lib/python3.8/site-packages/airflow/example_dags/example_complex.py took 0.114 seconds
[2025-12-06T09:11:57.930+0000] {processor.py:161} INFO - Started process (PID=1935) to work on /home/airflow/.local/lib/python3.8/site-packages/airflow/example_dags/example_complex.py
[2025-12-06T09:11:57.932+0000] {processor.py:830} INFO - Processing file /home/airflow/.local/lib/python3.8/site-packages/airflow/example_dags/example_complex.py for tasks to queue
[2025-12-06T09:11:57.935+0000] {logging_mixin.py:188} INFO - [2025-12-06T09:11:57.935+0000] {dagbag.py:538} INFO - Filling up the DagBag from /home/airflow/.local/lib/python3.8/site-packages/airflow/example_dags/example_complex.py
[2025-12-06T09:11:57.950+0000] {processor.py:840} INFO - DAG(s) 'example_complex' retrieved from /home/airflow/.local/lib/python3.8/site-packages/airflow/example_dags/example_complex.py
[2025-12-06T09:11:57.989+0000] {logging_mixin.py:188} INFO - [2025-12-06T09:11:57.989+0000] {dag.py:3036} INFO - Sync 1 DAGs
[2025-12-06T09:11:58.005+0000] {logging_mixin.py:188} INFO - [2025-12-06T09:11:58.005+0000] {dag.py:3823} INFO - Setting next_dagrun for example_complex to None, run_after=None
[2025-12-06T09:11:58.034+0000] {processor.py:183} INFO - Processing /home/airflow/.local/lib/python3.8/site-packages/airflow/example_dags/example_complex.py took 0.109 seconds
[2025-12-06T09:12:28.384+0000] {processor.py:161} INFO - Started process (PID=1994) to work on /home/airflow/.local/lib/python3.8/site-packages/airflow/example_dags/example_complex.py
[2025-12-06T09:12:28.386+0000] {processor.py:830} INFO - Processing file /home/airflow/.local/lib/python3.8/site-packages/airflow/example_dags/example_complex.py for tasks to queue
[2025-12-06T09:12:28.390+0000] {logging_mixin.py:188} INFO - [2025-12-06T09:12:28.389+0000] {dagbag.py:538} INFO - Filling up the DagBag from /home/airflow/.local/lib/python3.8/site-packages/airflow/example_dags/example_complex.py
[2025-12-06T09:12:28.404+0000] {processor.py:840} INFO - DAG(s) 'example_complex' retrieved from /home/airflow/.local/lib/python3.8/site-packages/airflow/example_dags/example_complex.py
[2025-12-06T09:12:28.442+0000] {logging_mixin.py:188} INFO - [2025-12-06T09:12:28.442+0000] {dag.py:3036} INFO - Sync 1 DAGs
[2025-12-06T09:12:28.459+0000] {logging_mixin.py:188} INFO - [2025-12-06T09:12:28.458+0000] {dag.py:3823} INFO - Setting next_dagrun for example_complex to None, run_after=None
[2025-12-06T09:12:28.485+0000] {processor.py:183} INFO - Processing /home/airflow/.local/lib/python3.8/site-packages/airflow/example_dags/example_complex.py took 0.106 seconds
[2025-12-06T09:12:59.351+0000] {processor.py:161} INFO - Started process (PID=2053) to work on /home/airflow/.local/lib/python3.8/site-packages/airflow/example_dags/example_complex.py
[2025-12-06T09:12:59.353+0000] {processor.py:830} INFO - Processing file /home/airflow/.local/lib/python3.8/site-packages/airflow/example_dags/example_complex.py for tasks to queue
[2025-12-06T09:12:59.358+0000] {logging_mixin.py:188} INFO - [2025-12-06T09:12:59.357+0000] {dagbag.py:538} INFO - Filling up the DagBag from /home/airflow/.local/lib/python3.8/site-packages/airflow/example_dags/example_complex.py
[2025-12-06T09:12:59.378+0000] {processor.py:840} INFO - DAG(s) 'example_complex' retrieved from /home/airflow/.local/lib/python3.8/site-packages/airflow/example_dags/example_complex.py
[2025-12-06T09:12:59.420+0000] {logging_mixin.py:188} INFO - [2025-12-06T09:12:59.420+0000] {dag.py:3036} INFO - Sync 1 DAGs
[2025-12-06T09:12:59.437+0000] {logging_mixin.py:188} INFO - [2025-12-06T09:12:59.437+0000] {dag.py:3823} INFO - Setting next_dagrun for example_complex to None, run_after=None
[2025-12-06T09:12:59.465+0000] {processor.py:183} INFO - Processing /home/airflow/.local/lib/python3.8/site-packages/airflow/example_dags/example_complex.py took 0.120 seconds
[2025-12-06T09:13:29.831+0000] {processor.py:161} INFO - Started process (PID=2112) to work on /home/airflow/.local/lib/python3.8/site-packages/airflow/example_dags/example_complex.py
[2025-12-06T09:13:29.833+0000] {processor.py:830} INFO - Processing file /home/airflow/.local/lib/python3.8/site-packages/airflow/example_dags/example_complex.py for tasks to queue
[2025-12-06T09:13:29.836+0000] {logging_mixin.py:188} INFO - [2025-12-06T09:13:29.835+0000] {dagbag.py:538} INFO - Filling up the DagBag from /home/airflow/.local/lib/python3.8/site-packages/airflow/example_dags/example_complex.py
[2025-12-06T09:13:29.850+0000] {processor.py:840} INFO - DAG(s) 'example_complex' retrieved from /home/airflow/.local/lib/python3.8/site-packages/airflow/example_dags/example_complex.py
[2025-12-06T09:13:29.885+0000] {logging_mixin.py:188} INFO - [2025-12-06T09:13:29.884+0000] {dag.py:3036} INFO - Sync 1 DAGs
[2025-12-06T09:13:29.902+0000] {logging_mixin.py:188} INFO - [2025-12-06T09:13:29.902+0000] {dag.py:3823} INFO - Setting next_dagrun for example_complex to None, run_after=None
[2025-12-06T09:13:29.931+0000] {processor.py:183} INFO - Processing /home/airflow/.local/lib/python3.8/site-packages/airflow/example_dags/example_complex.py took 0.103 seconds
[2025-12-06T09:14:00.132+0000] {processor.py:161} INFO - Started process (PID=2171) to work on /home/airflow/.local/lib/python3.8/site-packages/airflow/example_dags/example_complex.py
[2025-12-06T09:14:00.133+0000] {processor.py:830} INFO - Processing file /home/airflow/.local/lib/python3.8/site-packages/airflow/example_dags/example_complex.py for tasks to queue
[2025-12-06T09:14:00.136+0000] {logging_mixin.py:188} INFO - [2025-12-06T09:14:00.136+0000] {dagbag.py:538} INFO - Filling up the DagBag from /home/airflow/.local/lib/python3.8/site-packages/airflow/example_dags/example_complex.py
[2025-12-06T09:14:00.151+0000] {processor.py:840} INFO - DAG(s) 'example_complex' retrieved from /home/airflow/.local/lib/python3.8/site-packages/airflow/example_dags/example_complex.py
[2025-12-06T09:14:00.192+0000] {logging_mixin.py:188} INFO - [2025-12-06T09:14:00.192+0000] {dag.py:3036} INFO - Sync 1 DAGs
[2025-12-06T09:14:00.210+0000] {logging_mixin.py:188} INFO - [2025-12-06T09:14:00.210+0000] {dag.py:3823} INFO - Setting next_dagrun for example_complex to None, run_after=None
[2025-12-06T09:14:00.239+0000] {processor.py:183} INFO - Processing /home/airflow/.local/lib/python3.8/site-packages/airflow/example_dags/example_complex.py took 0.112 seconds
[2025-12-06T09:14:30.373+0000] {processor.py:161} INFO - Started process (PID=2230) to work on /home/airflow/.local/lib/python3.8/site-packages/airflow/example_dags/example_complex.py
[2025-12-06T09:14:30.375+0000] {processor.py:830} INFO - Processing file /home/airflow/.local/lib/python3.8/site-packages/airflow/example_dags/example_complex.py for tasks to queue
[2025-12-06T09:14:30.379+0000] {logging_mixin.py:188} INFO - [2025-12-06T09:14:30.378+0000] {dagbag.py:538} INFO - Filling up the DagBag from /home/airflow/.local/lib/python3.8/site-packages/airflow/example_dags/example_complex.py
[2025-12-06T09:14:30.393+0000] {processor.py:840} INFO - DAG(s) 'example_complex' retrieved from /home/airflow/.local/lib/python3.8/site-packages/airflow/example_dags/example_complex.py
[2025-12-06T09:14:30.429+0000] {logging_mixin.py:188} INFO - [2025-12-06T09:14:30.428+0000] {dag.py:3036} INFO - Sync 1 DAGs
[2025-12-06T09:14:30.445+0000] {logging_mixin.py:188} INFO - [2025-12-06T09:14:30.445+0000] {dag.py:3823} INFO - Setting next_dagrun for example_complex to None, run_after=None
[2025-12-06T09:14:30.472+0000] {processor.py:183} INFO - Processing /home/airflow/.local/lib/python3.8/site-packages/airflow/example_dags/example_complex.py took 0.103 seconds
[2025-12-06T09:15:00.813+0000] {processor.py:161} INFO - Started process (PID=2289) to work on /home/airflow/.local/lib/python3.8/site-packages/airflow/example_dags/example_complex.py
[2025-12-06T09:15:00.815+0000] {processor.py:830} INFO - Processing file /home/airflow/.local/lib/python3.8/site-packages/airflow/example_dags/example_complex.py for tasks to queue
[2025-12-06T09:15:00.817+0000] {logging_mixin.py:188} INFO - [2025-12-06T09:15:00.817+0000] {dagbag.py:538} INFO - Filling up the DagBag from /home/airflow/.local/lib/python3.8/site-packages/airflow/example_dags/example_complex.py
[2025-12-06T09:15:00.830+0000] {processor.py:840} INFO - DAG(s) 'example_complex' retrieved from /home/airflow/.local/lib/python3.8/site-packages/airflow/example_dags/example_complex.py
[2025-12-06T09:15:00.867+0000] {logging_mixin.py:188} INFO - [2025-12-06T09:15:00.867+0000] {dag.py:3036} INFO - Sync 1 DAGs
[2025-12-06T09:15:00.883+0000] {logging_mixin.py:188} INFO - [2025-12-06T09:15:00.882+0000] {dag.py:3823} INFO - Setting next_dagrun for example_complex to None, run_after=None
[2025-12-06T09:15:00.910+0000] {processor.py:183} INFO - Processing /home/airflow/.local/lib/python3.8/site-packages/airflow/example_dags/example_complex.py took 0.102 seconds
[2025-12-06T09:15:31.128+0000] {processor.py:161} INFO - Started process (PID=2348) to work on /home/airflow/.local/lib/python3.8/site-packages/airflow/example_dags/example_complex.py
[2025-12-06T09:15:31.130+0000] {processor.py:830} INFO - Processing file /home/airflow/.local/lib/python3.8/site-packages/airflow/example_dags/example_complex.py for tasks to queue
[2025-12-06T09:15:31.133+0000] {logging_mixin.py:188} INFO - [2025-12-06T09:15:31.132+0000] {dagbag.py:538} INFO - Filling up the DagBag from /home/airflow/.local/lib/python3.8/site-packages/airflow/example_dags/example_complex.py
[2025-12-06T09:15:31.148+0000] {processor.py:840} INFO - DAG(s) 'example_complex' retrieved from /home/airflow/.local/lib/python3.8/site-packages/airflow/example_dags/example_complex.py
[2025-12-06T09:15:31.184+0000] {logging_mixin.py:188} INFO - [2025-12-06T09:15:31.184+0000] {dag.py:3036} INFO - Sync 1 DAGs
[2025-12-06T09:15:31.200+0000] {logging_mixin.py:188} INFO - [2025-12-06T09:15:31.200+0000] {dag.py:3823} INFO - Setting next_dagrun for example_complex to None, run_after=None
[2025-12-06T09:15:31.232+0000] {processor.py:183} INFO - Processing /home/airflow/.local/lib/python3.8/site-packages/airflow/example_dags/example_complex.py took 0.110 seconds
[2025-12-06T09:16:01.715+0000] {processor.py:161} INFO - Started process (PID=2407) to work on /home/airflow/.local/lib/python3.8/site-packages/airflow/example_dags/example_complex.py
[2025-12-06T09:16:01.716+0000] {processor.py:830} INFO - Processing file /home/airflow/.local/lib/python3.8/site-packages/airflow/example_dags/example_complex.py for tasks to queue
[2025-12-06T09:16:01.719+0000] {logging_mixin.py:188} INFO - [2025-12-06T09:16:01.719+0000] {dagbag.py:538} INFO - Filling up the DagBag from /home/airflow/.local/lib/python3.8/site-packages/airflow/example_dags/example_complex.py
[2025-12-06T09:16:01.733+0000] {processor.py:840} INFO - DAG(s) 'example_complex' retrieved from /home/airflow/.local/lib/python3.8/site-packages/airflow/example_dags/example_complex.py
[2025-12-06T09:16:01.769+0000] {logging_mixin.py:188} INFO - [2025-12-06T09:16:01.768+0000] {dag.py:3036} INFO - Sync 1 DAGs
[2025-12-06T09:16:01.788+0000] {logging_mixin.py:188} INFO - [2025-12-06T09:16:01.787+0000] {dag.py:3823} INFO - Setting next_dagrun for example_complex to None, run_after=None
[2025-12-06T09:16:01.821+0000] {processor.py:183} INFO - Processing /home/airflow/.local/lib/python3.8/site-packages/airflow/example_dags/example_complex.py took 0.111 seconds
[2025-12-06T09:16:32.240+0000] {processor.py:161} INFO - Started process (PID=2466) to work on /home/airflow/.local/lib/python3.8/site-packages/airflow/example_dags/example_complex.py
[2025-12-06T09:16:32.242+0000] {processor.py:830} INFO - Processing file /home/airflow/.local/lib/python3.8/site-packages/airflow/example_dags/example_complex.py for tasks to queue
[2025-12-06T09:16:32.244+0000] {logging_mixin.py:188} INFO - [2025-12-06T09:16:32.244+0000] {dagbag.py:538} INFO - Filling up the DagBag from /home/airflow/.local/lib/python3.8/site-packages/airflow/example_dags/example_complex.py
[2025-12-06T09:16:32.263+0000] {processor.py:840} INFO - DAG(s) 'example_complex' retrieved from /home/airflow/.local/lib/python3.8/site-packages/airflow/example_dags/example_complex.py
[2025-12-06T09:16:32.339+0000] {logging_mixin.py:188} INFO - [2025-12-06T09:16:32.338+0000] {dag.py:3036} INFO - Sync 1 DAGs
[2025-12-06T09:16:32.361+0000] {logging_mixin.py:188} INFO - [2025-12-06T09:16:32.361+0000] {dag.py:3823} INFO - Setting next_dagrun for example_complex to None, run_after=None
[2025-12-06T09:16:32.390+0000] {processor.py:183} INFO - Processing /home/airflow/.local/lib/python3.8/site-packages/airflow/example_dags/example_complex.py took 0.155 seconds
[2025-12-06T09:17:02.993+0000] {processor.py:161} INFO - Started process (PID=2523) to work on /home/airflow/.local/lib/python3.8/site-packages/airflow/example_dags/example_complex.py
[2025-12-06T09:17:02.995+0000] {processor.py:830} INFO - Processing file /home/airflow/.local/lib/python3.8/site-packages/airflow/example_dags/example_complex.py for tasks to queue
[2025-12-06T09:17:02.998+0000] {logging_mixin.py:188} INFO - [2025-12-06T09:17:02.998+0000] {dagbag.py:538} INFO - Filling up the DagBag from /home/airflow/.local/lib/python3.8/site-packages/airflow/example_dags/example_complex.py
[2025-12-06T09:17:03.016+0000] {processor.py:840} INFO - DAG(s) 'example_complex' retrieved from /home/airflow/.local/lib/python3.8/site-packages/airflow/example_dags/example_complex.py
[2025-12-06T09:17:03.056+0000] {logging_mixin.py:188} INFO - [2025-12-06T09:17:03.056+0000] {dag.py:3036} INFO - Sync 1 DAGs
[2025-12-06T09:17:03.075+0000] {logging_mixin.py:188} INFO - [2025-12-06T09:17:03.075+0000] {dag.py:3823} INFO - Setting next_dagrun for example_complex to None, run_after=None
[2025-12-06T09:17:03.111+0000] {processor.py:183} INFO - Processing /home/airflow/.local/lib/python3.8/site-packages/airflow/example_dags/example_complex.py took 0.122 seconds
[2025-12-06T09:17:33.418+0000] {processor.py:161} INFO - Started process (PID=2582) to work on /home/airflow/.local/lib/python3.8/site-packages/airflow/example_dags/example_complex.py
[2025-12-06T09:17:33.420+0000] {processor.py:830} INFO - Processing file /home/airflow/.local/lib/python3.8/site-packages/airflow/example_dags/example_complex.py for tasks to queue
[2025-12-06T09:17:33.423+0000] {logging_mixin.py:188} INFO - [2025-12-06T09:17:33.423+0000] {dagbag.py:538} INFO - Filling up the DagBag from /home/airflow/.local/lib/python3.8/site-packages/airflow/example_dags/example_complex.py
[2025-12-06T09:17:33.439+0000] {processor.py:840} INFO - DAG(s) 'example_complex' retrieved from /home/airflow/.local/lib/python3.8/site-packages/airflow/example_dags/example_complex.py
[2025-12-06T09:17:33.482+0000] {logging_mixin.py:188} INFO - [2025-12-06T09:17:33.482+0000] {dag.py:3036} INFO - Sync 1 DAGs
[2025-12-06T09:17:33.501+0000] {logging_mixin.py:188} INFO - [2025-12-06T09:17:33.500+0000] {dag.py:3823} INFO - Setting next_dagrun for example_complex to None, run_after=None
[2025-12-06T09:17:33.534+0000] {processor.py:183} INFO - Processing /home/airflow/.local/lib/python3.8/site-packages/airflow/example_dags/example_complex.py took 0.121 seconds
[2025-12-06T09:18:04.131+0000] {processor.py:161} INFO - Started process (PID=2641) to work on /home/airflow/.local/lib/python3.8/site-packages/airflow/example_dags/example_complex.py
[2025-12-06T09:18:04.132+0000] {processor.py:830} INFO - Processing file /home/airflow/.local/lib/python3.8/site-packages/airflow/example_dags/example_complex.py for tasks to queue
[2025-12-06T09:18:04.135+0000] {logging_mixin.py:188} INFO - [2025-12-06T09:18:04.135+0000] {dagbag.py:538} INFO - Filling up the DagBag from /home/airflow/.local/lib/python3.8/site-packages/airflow/example_dags/example_complex.py
[2025-12-06T09:18:04.149+0000] {processor.py:840} INFO - DAG(s) 'example_complex' retrieved from /home/airflow/.local/lib/python3.8/site-packages/airflow/example_dags/example_complex.py
[2025-12-06T09:18:04.195+0000] {logging_mixin.py:188} INFO - [2025-12-06T09:18:04.195+0000] {dag.py:3036} INFO - Sync 1 DAGs
[2025-12-06T09:18:04.212+0000] {logging_mixin.py:188} INFO - [2025-12-06T09:18:04.212+0000] {dag.py:3823} INFO - Setting next_dagrun for example_complex to None, run_after=None
[2025-12-06T09:18:04.245+0000] {processor.py:183} INFO - Processing /home/airflow/.local/lib/python3.8/site-packages/airflow/example_dags/example_complex.py took 0.119 seconds
[2025-12-06T09:18:34.408+0000] {processor.py:161} INFO - Started process (PID=2700) to work on /home/airflow/.local/lib/python3.8/site-packages/airflow/example_dags/example_complex.py
[2025-12-06T09:18:34.410+0000] {processor.py:830} INFO - Processing file /home/airflow/.local/lib/python3.8/site-packages/airflow/example_dags/example_complex.py for tasks to queue
[2025-12-06T09:18:34.412+0000] {logging_mixin.py:188} INFO - [2025-12-06T09:18:34.412+0000] {dagbag.py:538} INFO - Filling up the DagBag from /home/airflow/.local/lib/python3.8/site-packages/airflow/example_dags/example_complex.py
[2025-12-06T09:18:34.427+0000] {processor.py:840} INFO - DAG(s) 'example_complex' retrieved from /home/airflow/.local/lib/python3.8/site-packages/airflow/example_dags/example_complex.py
[2025-12-06T09:18:34.469+0000] {logging_mixin.py:188} INFO - [2025-12-06T09:18:34.468+0000] {dag.py:3036} INFO - Sync 1 DAGs
[2025-12-06T09:18:34.486+0000] {logging_mixin.py:188} INFO - [2025-12-06T09:18:34.485+0000] {dag.py:3823} INFO - Setting next_dagrun for example_complex to None, run_after=None
[2025-12-06T09:18:34.518+0000] {processor.py:183} INFO - Processing /home/airflow/.local/lib/python3.8/site-packages/airflow/example_dags/example_complex.py took 0.114 seconds
[2025-12-06T09:19:05.052+0000] {processor.py:161} INFO - Started process (PID=2759) to work on /home/airflow/.local/lib/python3.8/site-packages/airflow/example_dags/example_complex.py
[2025-12-06T09:19:05.054+0000] {processor.py:830} INFO - Processing file /home/airflow/.local/lib/python3.8/site-packages/airflow/example_dags/example_complex.py for tasks to queue
[2025-12-06T09:19:05.057+0000] {logging_mixin.py:188} INFO - [2025-12-06T09:19:05.057+0000] {dagbag.py:538} INFO - Filling up the DagBag from /home/airflow/.local/lib/python3.8/site-packages/airflow/example_dags/example_complex.py
[2025-12-06T09:19:05.070+0000] {processor.py:840} INFO - DAG(s) 'example_complex' retrieved from /home/airflow/.local/lib/python3.8/site-packages/airflow/example_dags/example_complex.py
[2025-12-06T09:19:05.107+0000] {logging_mixin.py:188} INFO - [2025-12-06T09:19:05.107+0000] {dag.py:3036} INFO - Sync 1 DAGs
[2025-12-06T09:19:05.123+0000] {logging_mixin.py:188} INFO - [2025-12-06T09:19:05.123+0000] {dag.py:3823} INFO - Setting next_dagrun for example_complex to None, run_after=None
[2025-12-06T09:19:05.155+0000] {processor.py:183} INFO - Processing /home/airflow/.local/lib/python3.8/site-packages/airflow/example_dags/example_complex.py took 0.107 seconds
[2025-12-06T09:19:35.434+0000] {processor.py:161} INFO - Started process (PID=2818) to work on /home/airflow/.local/lib/python3.8/site-packages/airflow/example_dags/example_complex.py
[2025-12-06T09:19:35.436+0000] {processor.py:830} INFO - Processing file /home/airflow/.local/lib/python3.8/site-packages/airflow/example_dags/example_complex.py for tasks to queue
[2025-12-06T09:19:35.439+0000] {logging_mixin.py:188} INFO - [2025-12-06T09:19:35.439+0000] {dagbag.py:538} INFO - Filling up the DagBag from /home/airflow/.local/lib/python3.8/site-packages/airflow/example_dags/example_complex.py
[2025-12-06T09:19:35.455+0000] {processor.py:840} INFO - DAG(s) 'example_complex' retrieved from /home/airflow/.local/lib/python3.8/site-packages/airflow/example_dags/example_complex.py
[2025-12-06T09:19:35.498+0000] {logging_mixin.py:188} INFO - [2025-12-06T09:19:35.497+0000] {dag.py:3036} INFO - Sync 1 DAGs
[2025-12-06T09:19:35.516+0000] {logging_mixin.py:188} INFO - [2025-12-06T09:19:35.516+0000] {dag.py:3823} INFO - Setting next_dagrun for example_complex to None, run_after=None
[2025-12-06T09:19:35.548+0000] {processor.py:183} INFO - Processing /home/airflow/.local/lib/python3.8/site-packages/airflow/example_dags/example_complex.py took 0.119 seconds
[2025-12-06T09:20:05.923+0000] {processor.py:161} INFO - Started process (PID=2877) to work on /home/airflow/.local/lib/python3.8/site-packages/airflow/example_dags/example_complex.py
[2025-12-06T09:20:05.924+0000] {processor.py:830} INFO - Processing file /home/airflow/.local/lib/python3.8/site-packages/airflow/example_dags/example_complex.py for tasks to queue
[2025-12-06T09:20:05.927+0000] {logging_mixin.py:188} INFO - [2025-12-06T09:20:05.926+0000] {dagbag.py:538} INFO - Filling up the DagBag from /home/airflow/.local/lib/python3.8/site-packages/airflow/example_dags/example_complex.py
[2025-12-06T09:20:05.940+0000] {processor.py:840} INFO - DAG(s) 'example_complex' retrieved from /home/airflow/.local/lib/python3.8/site-packages/airflow/example_dags/example_complex.py
[2025-12-06T09:20:05.976+0000] {logging_mixin.py:188} INFO - [2025-12-06T09:20:05.976+0000] {dag.py:3036} INFO - Sync 1 DAGs
[2025-12-06T09:20:05.994+0000] {logging_mixin.py:188} INFO - [2025-12-06T09:20:05.993+0000] {dag.py:3823} INFO - Setting next_dagrun for example_complex to None, run_after=None
[2025-12-06T09:20:06.026+0000] {processor.py:183} INFO - Processing /home/airflow/.local/lib/python3.8/site-packages/airflow/example_dags/example_complex.py took 0.108 seconds
[2025-12-06T09:20:36.758+0000] {processor.py:161} INFO - Started process (PID=2936) to work on /home/airflow/.local/lib/python3.8/site-packages/airflow/example_dags/example_complex.py
[2025-12-06T09:20:36.759+0000] {processor.py:830} INFO - Processing file /home/airflow/.local/lib/python3.8/site-packages/airflow/example_dags/example_complex.py for tasks to queue
[2025-12-06T09:20:36.762+0000] {logging_mixin.py:188} INFO - [2025-12-06T09:20:36.762+0000] {dagbag.py:538} INFO - Filling up the DagBag from /home/airflow/.local/lib/python3.8/site-packages/airflow/example_dags/example_complex.py
[2025-12-06T09:20:36.777+0000] {processor.py:840} INFO - DAG(s) 'example_complex' retrieved from /home/airflow/.local/lib/python3.8/site-packages/airflow/example_dags/example_complex.py
[2025-12-06T09:20:36.977+0000] {logging_mixin.py:188} INFO - [2025-12-06T09:20:36.976+0000] {dag.py:3036} INFO - Sync 1 DAGs
[2025-12-06T09:20:36.991+0000] {logging_mixin.py:188} INFO - [2025-12-06T09:20:36.990+0000] {dag.py:3823} INFO - Setting next_dagrun for example_complex to None, run_after=None
[2025-12-06T09:20:37.022+0000] {processor.py:183} INFO - Processing /home/airflow/.local/lib/python3.8/site-packages/airflow/example_dags/example_complex.py took 0.268 seconds
[2025-12-06T09:21:07.726+0000] {processor.py:161} INFO - Started process (PID=2995) to work on /home/airflow/.local/lib/python3.8/site-packages/airflow/example_dags/example_complex.py
[2025-12-06T09:21:07.728+0000] {processor.py:830} INFO - Processing file /home/airflow/.local/lib/python3.8/site-packages/airflow/example_dags/example_complex.py for tasks to queue
[2025-12-06T09:21:07.731+0000] {logging_mixin.py:188} INFO - [2025-12-06T09:21:07.730+0000] {dagbag.py:538} INFO - Filling up the DagBag from /home/airflow/.local/lib/python3.8/site-packages/airflow/example_dags/example_complex.py
[2025-12-06T09:21:07.745+0000] {processor.py:840} INFO - DAG(s) 'example_complex' retrieved from /home/airflow/.local/lib/python3.8/site-packages/airflow/example_dags/example_complex.py
[2025-12-06T09:21:07.946+0000] {logging_mixin.py:188} INFO - [2025-12-06T09:21:07.946+0000] {dag.py:3036} INFO - Sync 1 DAGs
[2025-12-06T09:21:07.960+0000] {logging_mixin.py:188} INFO - [2025-12-06T09:21:07.960+0000] {dag.py:3823} INFO - Setting next_dagrun for example_complex to None, run_after=None
[2025-12-06T09:21:07.989+0000] {processor.py:183} INFO - Processing /home/airflow/.local/lib/python3.8/site-packages/airflow/example_dags/example_complex.py took 0.268 seconds
[2025-12-06T09:21:38.029+0000] {processor.py:161} INFO - Started process (PID=3054) to work on /home/airflow/.local/lib/python3.8/site-packages/airflow/example_dags/example_complex.py
[2025-12-06T09:21:38.030+0000] {processor.py:830} INFO - Processing file /home/airflow/.local/lib/python3.8/site-packages/airflow/example_dags/example_complex.py for tasks to queue
[2025-12-06T09:21:38.033+0000] {logging_mixin.py:188} INFO - [2025-12-06T09:21:38.032+0000] {dagbag.py:538} INFO - Filling up the DagBag from /home/airflow/.local/lib/python3.8/site-packages/airflow/example_dags/example_complex.py
[2025-12-06T09:21:38.045+0000] {processor.py:840} INFO - DAG(s) 'example_complex' retrieved from /home/airflow/.local/lib/python3.8/site-packages/airflow/example_dags/example_complex.py
[2025-12-06T09:21:38.087+0000] {logging_mixin.py:188} INFO - [2025-12-06T09:21:38.087+0000] {dag.py:3036} INFO - Sync 1 DAGs
[2025-12-06T09:21:38.105+0000] {logging_mixin.py:188} INFO - [2025-12-06T09:21:38.104+0000] {dag.py:3823} INFO - Setting next_dagrun for example_complex to None, run_after=None
[2025-12-06T09:21:38.136+0000] {processor.py:183} INFO - Processing /home/airflow/.local/lib/python3.8/site-packages/airflow/example_dags/example_complex.py took 0.112 seconds
[2025-12-06T09:22:08.198+0000] {processor.py:161} INFO - Started process (PID=3113) to work on /home/airflow/.local/lib/python3.8/site-packages/airflow/example_dags/example_complex.py
[2025-12-06T09:22:08.200+0000] {processor.py:830} INFO - Processing file /home/airflow/.local/lib/python3.8/site-packages/airflow/example_dags/example_complex.py for tasks to queue
[2025-12-06T09:22:08.202+0000] {logging_mixin.py:188} INFO - [2025-12-06T09:22:08.202+0000] {dagbag.py:538} INFO - Filling up the DagBag from /home/airflow/.local/lib/python3.8/site-packages/airflow/example_dags/example_complex.py
[2025-12-06T09:22:08.216+0000] {processor.py:840} INFO - DAG(s) 'example_complex' retrieved from /home/airflow/.local/lib/python3.8/site-packages/airflow/example_dags/example_complex.py
[2025-12-06T09:22:08.253+0000] {logging_mixin.py:188} INFO - [2025-12-06T09:22:08.253+0000] {dag.py:3036} INFO - Sync 1 DAGs
[2025-12-06T09:22:08.270+0000] {logging_mixin.py:188} INFO - [2025-12-06T09:22:08.269+0000] {dag.py:3823} INFO - Setting next_dagrun for example_complex to None, run_after=None
[2025-12-06T09:22:08.300+0000] {processor.py:183} INFO - Processing /home/airflow/.local/lib/python3.8/site-packages/airflow/example_dags/example_complex.py took 0.106 seconds
[2025-12-06T09:22:38.387+0000] {processor.py:161} INFO - Started process (PID=3171) to work on /home/airflow/.local/lib/python3.8/site-packages/airflow/example_dags/example_complex.py
[2025-12-06T09:22:38.388+0000] {processor.py:830} INFO - Processing file /home/airflow/.local/lib/python3.8/site-packages/airflow/example_dags/example_complex.py for tasks to queue
[2025-12-06T09:22:38.391+0000] {logging_mixin.py:188} INFO - [2025-12-06T09:22:38.391+0000] {dagbag.py:538} INFO - Filling up the DagBag from /home/airflow/.local/lib/python3.8/site-packages/airflow/example_dags/example_complex.py
[2025-12-06T09:22:38.407+0000] {processor.py:840} INFO - DAG(s) 'example_complex' retrieved from /home/airflow/.local/lib/python3.8/site-packages/airflow/example_dags/example_complex.py
[2025-12-06T09:22:38.450+0000] {logging_mixin.py:188} INFO - [2025-12-06T09:22:38.450+0000] {dag.py:3036} INFO - Sync 1 DAGs
[2025-12-06T09:22:38.471+0000] {logging_mixin.py:188} INFO - [2025-12-06T09:22:38.471+0000] {dag.py:3823} INFO - Setting next_dagrun for example_complex to None, run_after=None
[2025-12-06T09:22:38.504+0000] {processor.py:183} INFO - Processing /home/airflow/.local/lib/python3.8/site-packages/airflow/example_dags/example_complex.py took 0.121 seconds
[2025-12-06T09:23:08.860+0000] {processor.py:161} INFO - Started process (PID=3230) to work on /home/airflow/.local/lib/python3.8/site-packages/airflow/example_dags/example_complex.py
[2025-12-06T09:23:08.862+0000] {processor.py:830} INFO - Processing file /home/airflow/.local/lib/python3.8/site-packages/airflow/example_dags/example_complex.py for tasks to queue
[2025-12-06T09:23:08.865+0000] {logging_mixin.py:188} INFO - [2025-12-06T09:23:08.865+0000] {dagbag.py:538} INFO - Filling up the DagBag from /home/airflow/.local/lib/python3.8/site-packages/airflow/example_dags/example_complex.py
[2025-12-06T09:23:08.879+0000] {processor.py:840} INFO - DAG(s) 'example_complex' retrieved from /home/airflow/.local/lib/python3.8/site-packages/airflow/example_dags/example_complex.py
[2025-12-06T09:23:08.919+0000] {logging_mixin.py:188} INFO - [2025-12-06T09:23:08.918+0000] {dag.py:3036} INFO - Sync 1 DAGs
[2025-12-06T09:23:08.935+0000] {logging_mixin.py:188} INFO - [2025-12-06T09:23:08.935+0000] {dag.py:3823} INFO - Setting next_dagrun for example_complex to None, run_after=None
[2025-12-06T09:23:08.965+0000] {processor.py:183} INFO - Processing /home/airflow/.local/lib/python3.8/site-packages/airflow/example_dags/example_complex.py took 0.109 seconds
[2025-12-06T09:23:39.208+0000] {processor.py:161} INFO - Started process (PID=3289) to work on /home/airflow/.local/lib/python3.8/site-packages/airflow/example_dags/example_complex.py
[2025-12-06T09:23:39.210+0000] {processor.py:830} INFO - Processing file /home/airflow/.local/lib/python3.8/site-packages/airflow/example_dags/example_complex.py for tasks to queue
[2025-12-06T09:23:39.215+0000] {logging_mixin.py:188} INFO - [2025-12-06T09:23:39.214+0000] {dagbag.py:538} INFO - Filling up the DagBag from /home/airflow/.local/lib/python3.8/site-packages/airflow/example_dags/example_complex.py
[2025-12-06T09:23:39.232+0000] {processor.py:840} INFO - DAG(s) 'example_complex' retrieved from /home/airflow/.local/lib/python3.8/site-packages/airflow/example_dags/example_complex.py
[2025-12-06T09:23:39.275+0000] {logging_mixin.py:188} INFO - [2025-12-06T09:23:39.275+0000] {dag.py:3036} INFO - Sync 1 DAGs
[2025-12-06T09:23:39.295+0000] {logging_mixin.py:188} INFO - [2025-12-06T09:23:39.294+0000] {dag.py:3823} INFO - Setting next_dagrun for example_complex to None, run_after=None
[2025-12-06T09:23:39.330+0000] {processor.py:183} INFO - Processing /home/airflow/.local/lib/python3.8/site-packages/airflow/example_dags/example_complex.py took 0.127 seconds
[2025-12-06T09:24:09.489+0000] {processor.py:161} INFO - Started process (PID=3348) to work on /home/airflow/.local/lib/python3.8/site-packages/airflow/example_dags/example_complex.py
[2025-12-06T09:24:09.491+0000] {processor.py:830} INFO - Processing file /home/airflow/.local/lib/python3.8/site-packages/airflow/example_dags/example_complex.py for tasks to queue
[2025-12-06T09:24:09.493+0000] {logging_mixin.py:188} INFO - [2025-12-06T09:24:09.493+0000] {dagbag.py:538} INFO - Filling up the DagBag from /home/airflow/.local/lib/python3.8/site-packages/airflow/example_dags/example_complex.py
[2025-12-06T09:24:09.509+0000] {processor.py:840} INFO - DAG(s) 'example_complex' retrieved from /home/airflow/.local/lib/python3.8/site-packages/airflow/example_dags/example_complex.py
[2025-12-06T09:24:09.556+0000] {logging_mixin.py:188} INFO - [2025-12-06T09:24:09.556+0000] {dag.py:3036} INFO - Sync 1 DAGs
[2025-12-06T09:24:09.575+0000] {logging_mixin.py:188} INFO - [2025-12-06T09:24:09.575+0000] {dag.py:3823} INFO - Setting next_dagrun for example_complex to None, run_after=None
[2025-12-06T09:24:09.612+0000] {processor.py:183} INFO - Processing /home/airflow/.local/lib/python3.8/site-packages/airflow/example_dags/example_complex.py took 0.128 seconds
[2025-12-06T09:24:40.325+0000] {processor.py:161} INFO - Started process (PID=3407) to work on /home/airflow/.local/lib/python3.8/site-packages/airflow/example_dags/example_complex.py
[2025-12-06T09:24:40.326+0000] {processor.py:830} INFO - Processing file /home/airflow/.local/lib/python3.8/site-packages/airflow/example_dags/example_complex.py for tasks to queue
[2025-12-06T09:24:40.329+0000] {logging_mixin.py:188} INFO - [2025-12-06T09:24:40.329+0000] {dagbag.py:538} INFO - Filling up the DagBag from /home/airflow/.local/lib/python3.8/site-packages/airflow/example_dags/example_complex.py
[2025-12-06T09:24:40.343+0000] {processor.py:840} INFO - DAG(s) 'example_complex' retrieved from /home/airflow/.local/lib/python3.8/site-packages/airflow/example_dags/example_complex.py
[2025-12-06T09:24:40.380+0000] {logging_mixin.py:188} INFO - [2025-12-06T09:24:40.380+0000] {dag.py:3036} INFO - Sync 1 DAGs
[2025-12-06T09:24:40.398+0000] {logging_mixin.py:188} INFO - [2025-12-06T09:24:40.397+0000] {dag.py:3823} INFO - Setting next_dagrun for example_complex to None, run_after=None
[2025-12-06T09:24:40.428+0000] {processor.py:183} INFO - Processing /home/airflow/.local/lib/python3.8/site-packages/airflow/example_dags/example_complex.py took 0.107 seconds
[2025-12-06T09:25:10.915+0000] {processor.py:161} INFO - Started process (PID=3472) to work on /home/airflow/.local/lib/python3.8/site-packages/airflow/example_dags/example_complex.py
[2025-12-06T09:25:10.917+0000] {processor.py:830} INFO - Processing file /home/airflow/.local/lib/python3.8/site-packages/airflow/example_dags/example_complex.py for tasks to queue
[2025-12-06T09:25:10.920+0000] {logging_mixin.py:188} INFO - [2025-12-06T09:25:10.919+0000] {dagbag.py:538} INFO - Filling up the DagBag from /home/airflow/.local/lib/python3.8/site-packages/airflow/example_dags/example_complex.py
[2025-12-06T09:25:10.938+0000] {processor.py:840} INFO - DAG(s) 'example_complex' retrieved from /home/airflow/.local/lib/python3.8/site-packages/airflow/example_dags/example_complex.py
[2025-12-06T09:25:10.979+0000] {logging_mixin.py:188} INFO - [2025-12-06T09:25:10.979+0000] {dag.py:3036} INFO - Sync 1 DAGs
[2025-12-06T09:25:10.999+0000] {logging_mixin.py:188} INFO - [2025-12-06T09:25:10.998+0000] {dag.py:3823} INFO - Setting next_dagrun for example_complex to None, run_after=None
[2025-12-06T09:25:11.035+0000] {processor.py:183} INFO - Processing /home/airflow/.local/lib/python3.8/site-packages/airflow/example_dags/example_complex.py took 0.125 seconds
[2025-12-06T09:25:41.416+0000] {processor.py:161} INFO - Started process (PID=3531) to work on /home/airflow/.local/lib/python3.8/site-packages/airflow/example_dags/example_complex.py
[2025-12-06T09:25:41.418+0000] {processor.py:830} INFO - Processing file /home/airflow/.local/lib/python3.8/site-packages/airflow/example_dags/example_complex.py for tasks to queue
[2025-12-06T09:25:41.421+0000] {logging_mixin.py:188} INFO - [2025-12-06T09:25:41.420+0000] {dagbag.py:538} INFO - Filling up the DagBag from /home/airflow/.local/lib/python3.8/site-packages/airflow/example_dags/example_complex.py
[2025-12-06T09:25:41.434+0000] {processor.py:840} INFO - DAG(s) 'example_complex' retrieved from /home/airflow/.local/lib/python3.8/site-packages/airflow/example_dags/example_complex.py
[2025-12-06T09:25:41.475+0000] {logging_mixin.py:188} INFO - [2025-12-06T09:25:41.474+0000] {dag.py:3036} INFO - Sync 1 DAGs
[2025-12-06T09:25:41.494+0000] {logging_mixin.py:188} INFO - [2025-12-06T09:25:41.493+0000] {dag.py:3823} INFO - Setting next_dagrun for example_complex to None, run_after=None
[2025-12-06T09:25:41.530+0000] {processor.py:183} INFO - Processing /home/airflow/.local/lib/python3.8/site-packages/airflow/example_dags/example_complex.py took 0.118 seconds
[2025-12-06T09:26:12.054+0000] {processor.py:161} INFO - Started process (PID=3590) to work on /home/airflow/.local/lib/python3.8/site-packages/airflow/example_dags/example_complex.py
[2025-12-06T09:26:12.056+0000] {processor.py:830} INFO - Processing file /home/airflow/.local/lib/python3.8/site-packages/airflow/example_dags/example_complex.py for tasks to queue
[2025-12-06T09:26:12.059+0000] {logging_mixin.py:188} INFO - [2025-12-06T09:26:12.058+0000] {dagbag.py:538} INFO - Filling up the DagBag from /home/airflow/.local/lib/python3.8/site-packages/airflow/example_dags/example_complex.py
[2025-12-06T09:26:12.074+0000] {processor.py:840} INFO - DAG(s) 'example_complex' retrieved from /home/airflow/.local/lib/python3.8/site-packages/airflow/example_dags/example_complex.py
[2025-12-06T09:26:12.113+0000] {logging_mixin.py:188} INFO - [2025-12-06T09:26:12.112+0000] {dag.py:3036} INFO - Sync 1 DAGs
[2025-12-06T09:26:12.129+0000] {logging_mixin.py:188} INFO - [2025-12-06T09:26:12.129+0000] {dag.py:3823} INFO - Setting next_dagrun for example_complex to None, run_after=None
[2025-12-06T09:26:12.159+0000] {processor.py:183} INFO - Processing /home/airflow/.local/lib/python3.8/site-packages/airflow/example_dags/example_complex.py took 0.110 seconds
[2025-12-06T09:26:42.720+0000] {processor.py:161} INFO - Started process (PID=3649) to work on /home/airflow/.local/lib/python3.8/site-packages/airflow/example_dags/example_complex.py
[2025-12-06T09:26:42.722+0000] {processor.py:830} INFO - Processing file /home/airflow/.local/lib/python3.8/site-packages/airflow/example_dags/example_complex.py for tasks to queue
[2025-12-06T09:26:42.725+0000] {logging_mixin.py:188} INFO - [2025-12-06T09:26:42.724+0000] {dagbag.py:538} INFO - Filling up the DagBag from /home/airflow/.local/lib/python3.8/site-packages/airflow/example_dags/example_complex.py
[2025-12-06T09:26:42.738+0000] {processor.py:840} INFO - DAG(s) 'example_complex' retrieved from /home/airflow/.local/lib/python3.8/site-packages/airflow/example_dags/example_complex.py
[2025-12-06T09:26:42.783+0000] {logging_mixin.py:188} INFO - [2025-12-06T09:26:42.782+0000] {dag.py:3036} INFO - Sync 1 DAGs
[2025-12-06T09:26:42.801+0000] {logging_mixin.py:188} INFO - [2025-12-06T09:26:42.801+0000] {dag.py:3823} INFO - Setting next_dagrun for example_complex to None, run_after=None
[2025-12-06T09:26:42.832+0000] {processor.py:183} INFO - Processing /home/airflow/.local/lib/python3.8/site-packages/airflow/example_dags/example_complex.py took 0.116 seconds
[2025-12-06T09:27:12.919+0000] {processor.py:161} INFO - Started process (PID=3708) to work on /home/airflow/.local/lib/python3.8/site-packages/airflow/example_dags/example_complex.py
[2025-12-06T09:27:12.921+0000] {processor.py:830} INFO - Processing file /home/airflow/.local/lib/python3.8/site-packages/airflow/example_dags/example_complex.py for tasks to queue
[2025-12-06T09:27:12.925+0000] {logging_mixin.py:188} INFO - [2025-12-06T09:27:12.924+0000] {dagbag.py:538} INFO - Filling up the DagBag from /home/airflow/.local/lib/python3.8/site-packages/airflow/example_dags/example_complex.py
[2025-12-06T09:27:12.939+0000] {processor.py:840} INFO - DAG(s) 'example_complex' retrieved from /home/airflow/.local/lib/python3.8/site-packages/airflow/example_dags/example_complex.py
[2025-12-06T09:27:12.978+0000] {logging_mixin.py:188} INFO - [2025-12-06T09:27:12.978+0000] {dag.py:3036} INFO - Sync 1 DAGs
[2025-12-06T09:27:12.994+0000] {logging_mixin.py:188} INFO - [2025-12-06T09:27:12.994+0000] {dag.py:3823} INFO - Setting next_dagrun for example_complex to None, run_after=None
[2025-12-06T09:27:13.025+0000] {processor.py:183} INFO - Processing /home/airflow/.local/lib/python3.8/site-packages/airflow/example_dags/example_complex.py took 0.111 seconds
[2025-12-06T09:27:43.232+0000] {processor.py:161} INFO - Started process (PID=3767) to work on /home/airflow/.local/lib/python3.8/site-packages/airflow/example_dags/example_complex.py
[2025-12-06T09:27:43.233+0000] {processor.py:830} INFO - Processing file /home/airflow/.local/lib/python3.8/site-packages/airflow/example_dags/example_complex.py for tasks to queue
[2025-12-06T09:27:43.236+0000] {logging_mixin.py:188} INFO - [2025-12-06T09:27:43.236+0000] {dagbag.py:538} INFO - Filling up the DagBag from /home/airflow/.local/lib/python3.8/site-packages/airflow/example_dags/example_complex.py
[2025-12-06T09:27:43.252+0000] {processor.py:840} INFO - DAG(s) 'example_complex' retrieved from /home/airflow/.local/lib/python3.8/site-packages/airflow/example_dags/example_complex.py
[2025-12-06T09:27:43.296+0000] {logging_mixin.py:188} INFO - [2025-12-06T09:27:43.295+0000] {dag.py:3036} INFO - Sync 1 DAGs
[2025-12-06T09:27:43.314+0000] {logging_mixin.py:188} INFO - [2025-12-06T09:27:43.314+0000] {dag.py:3823} INFO - Setting next_dagrun for example_complex to None, run_after=None
[2025-12-06T09:27:43.342+0000] {processor.py:183} INFO - Processing /home/airflow/.local/lib/python3.8/site-packages/airflow/example_dags/example_complex.py took 0.115 seconds
[2025-12-06T09:28:13.642+0000] {processor.py:161} INFO - Started process (PID=3826) to work on /home/airflow/.local/lib/python3.8/site-packages/airflow/example_dags/example_complex.py
[2025-12-06T09:28:13.645+0000] {processor.py:830} INFO - Processing file /home/airflow/.local/lib/python3.8/site-packages/airflow/example_dags/example_complex.py for tasks to queue
[2025-12-06T09:28:13.649+0000] {logging_mixin.py:188} INFO - [2025-12-06T09:28:13.649+0000] {dagbag.py:538} INFO - Filling up the DagBag from /home/airflow/.local/lib/python3.8/site-packages/airflow/example_dags/example_complex.py
[2025-12-06T09:28:13.664+0000] {processor.py:840} INFO - DAG(s) 'example_complex' retrieved from /home/airflow/.local/lib/python3.8/site-packages/airflow/example_dags/example_complex.py
[2025-12-06T09:28:13.705+0000] {logging_mixin.py:188} INFO - [2025-12-06T09:28:13.704+0000] {dag.py:3036} INFO - Sync 1 DAGs
[2025-12-06T09:28:13.721+0000] {logging_mixin.py:188} INFO - [2025-12-06T09:28:13.721+0000] {dag.py:3823} INFO - Setting next_dagrun for example_complex to None, run_after=None
[2025-12-06T09:28:13.750+0000] {processor.py:183} INFO - Processing /home/airflow/.local/lib/python3.8/site-packages/airflow/example_dags/example_complex.py took 0.112 seconds
[2025-12-06T09:28:43.871+0000] {processor.py:161} INFO - Started process (PID=3885) to work on /home/airflow/.local/lib/python3.8/site-packages/airflow/example_dags/example_complex.py
[2025-12-06T09:28:43.873+0000] {processor.py:830} INFO - Processing file /home/airflow/.local/lib/python3.8/site-packages/airflow/example_dags/example_complex.py for tasks to queue
[2025-12-06T09:28:43.875+0000] {logging_mixin.py:188} INFO - [2025-12-06T09:28:43.875+0000] {dagbag.py:538} INFO - Filling up the DagBag from /home/airflow/.local/lib/python3.8/site-packages/airflow/example_dags/example_complex.py
[2025-12-06T09:28:43.889+0000] {processor.py:840} INFO - DAG(s) 'example_complex' retrieved from /home/airflow/.local/lib/python3.8/site-packages/airflow/example_dags/example_complex.py
[2025-12-06T09:28:43.931+0000] {logging_mixin.py:188} INFO - [2025-12-06T09:28:43.930+0000] {dag.py:3036} INFO - Sync 1 DAGs
[2025-12-06T09:28:43.946+0000] {logging_mixin.py:188} INFO - [2025-12-06T09:28:43.945+0000] {dag.py:3823} INFO - Setting next_dagrun for example_complex to None, run_after=None
[2025-12-06T09:28:43.977+0000] {processor.py:183} INFO - Processing /home/airflow/.local/lib/python3.8/site-packages/airflow/example_dags/example_complex.py took 0.111 seconds
[2025-12-06T09:29:14.141+0000] {processor.py:161} INFO - Started process (PID=3944) to work on /home/airflow/.local/lib/python3.8/site-packages/airflow/example_dags/example_complex.py
[2025-12-06T09:29:14.143+0000] {processor.py:830} INFO - Processing file /home/airflow/.local/lib/python3.8/site-packages/airflow/example_dags/example_complex.py for tasks to queue
[2025-12-06T09:29:14.146+0000] {logging_mixin.py:188} INFO - [2025-12-06T09:29:14.145+0000] {dagbag.py:538} INFO - Filling up the DagBag from /home/airflow/.local/lib/python3.8/site-packages/airflow/example_dags/example_complex.py
[2025-12-06T09:29:14.161+0000] {processor.py:840} INFO - DAG(s) 'example_complex' retrieved from /home/airflow/.local/lib/python3.8/site-packages/airflow/example_dags/example_complex.py
[2025-12-06T09:29:14.199+0000] {logging_mixin.py:188} INFO - [2025-12-06T09:29:14.198+0000] {dag.py:3036} INFO - Sync 1 DAGs
[2025-12-06T09:29:14.218+0000] {logging_mixin.py:188} INFO - [2025-12-06T09:29:14.218+0000] {dag.py:3823} INFO - Setting next_dagrun for example_complex to None, run_after=None
[2025-12-06T09:29:14.249+0000] {processor.py:183} INFO - Processing /home/airflow/.local/lib/python3.8/site-packages/airflow/example_dags/example_complex.py took 0.112 seconds
[2025-12-06T09:29:44.309+0000] {processor.py:161} INFO - Started process (PID=4003) to work on /home/airflow/.local/lib/python3.8/site-packages/airflow/example_dags/example_complex.py
[2025-12-06T09:29:44.311+0000] {processor.py:830} INFO - Processing file /home/airflow/.local/lib/python3.8/site-packages/airflow/example_dags/example_complex.py for tasks to queue
[2025-12-06T09:29:44.314+0000] {logging_mixin.py:188} INFO - [2025-12-06T09:29:44.313+0000] {dagbag.py:538} INFO - Filling up the DagBag from /home/airflow/.local/lib/python3.8/site-packages/airflow/example_dags/example_complex.py
[2025-12-06T09:29:44.332+0000] {processor.py:840} INFO - DAG(s) 'example_complex' retrieved from /home/airflow/.local/lib/python3.8/site-packages/airflow/example_dags/example_complex.py
[2025-12-06T09:29:44.379+0000] {logging_mixin.py:188} INFO - [2025-12-06T09:29:44.378+0000] {dag.py:3036} INFO - Sync 1 DAGs
[2025-12-06T09:29:44.400+0000] {logging_mixin.py:188} INFO - [2025-12-06T09:29:44.400+0000] {dag.py:3823} INFO - Setting next_dagrun for example_complex to None, run_after=None
[2025-12-06T09:29:44.432+0000] {processor.py:183} INFO - Processing /home/airflow/.local/lib/python3.8/site-packages/airflow/example_dags/example_complex.py took 0.128 seconds
[2025-12-06T09:30:14.961+0000] {processor.py:161} INFO - Started process (PID=4062) to work on /home/airflow/.local/lib/python3.8/site-packages/airflow/example_dags/example_complex.py
[2025-12-06T09:30:14.962+0000] {processor.py:830} INFO - Processing file /home/airflow/.local/lib/python3.8/site-packages/airflow/example_dags/example_complex.py for tasks to queue
[2025-12-06T09:30:14.966+0000] {logging_mixin.py:188} INFO - [2025-12-06T09:30:14.965+0000] {dagbag.py:538} INFO - Filling up the DagBag from /home/airflow/.local/lib/python3.8/site-packages/airflow/example_dags/example_complex.py
[2025-12-06T09:30:14.982+0000] {processor.py:840} INFO - DAG(s) 'example_complex' retrieved from /home/airflow/.local/lib/python3.8/site-packages/airflow/example_dags/example_complex.py
[2025-12-06T09:30:15.026+0000] {logging_mixin.py:188} INFO - [2025-12-06T09:30:15.025+0000] {dag.py:3036} INFO - Sync 1 DAGs
[2025-12-06T09:30:15.043+0000] {logging_mixin.py:188} INFO - [2025-12-06T09:30:15.043+0000] {dag.py:3823} INFO - Setting next_dagrun for example_complex to None, run_after=None
[2025-12-06T09:30:15.078+0000] {processor.py:183} INFO - Processing /home/airflow/.local/lib/python3.8/site-packages/airflow/example_dags/example_complex.py took 0.122 seconds
[2025-12-06T09:30:45.267+0000] {processor.py:161} INFO - Started process (PID=4121) to work on /home/airflow/.local/lib/python3.8/site-packages/airflow/example_dags/example_complex.py
[2025-12-06T09:30:45.269+0000] {processor.py:830} INFO - Processing file /home/airflow/.local/lib/python3.8/site-packages/airflow/example_dags/example_complex.py for tasks to queue
[2025-12-06T09:30:45.272+0000] {logging_mixin.py:188} INFO - [2025-12-06T09:30:45.271+0000] {dagbag.py:538} INFO - Filling up the DagBag from /home/airflow/.local/lib/python3.8/site-packages/airflow/example_dags/example_complex.py
[2025-12-06T09:30:45.286+0000] {processor.py:840} INFO - DAG(s) 'example_complex' retrieved from /home/airflow/.local/lib/python3.8/site-packages/airflow/example_dags/example_complex.py
[2025-12-06T09:30:45.341+0000] {logging_mixin.py:188} INFO - [2025-12-06T09:30:45.341+0000] {dag.py:3036} INFO - Sync 1 DAGs
[2025-12-06T09:30:45.361+0000] {logging_mixin.py:188} INFO - [2025-12-06T09:30:45.360+0000] {dag.py:3823} INFO - Setting next_dagrun for example_complex to None, run_after=None
[2025-12-06T09:30:45.396+0000] {processor.py:183} INFO - Processing /home/airflow/.local/lib/python3.8/site-packages/airflow/example_dags/example_complex.py took 0.134 seconds
[2025-12-06T09:31:15.591+0000] {processor.py:161} INFO - Started process (PID=4180) to work on /home/airflow/.local/lib/python3.8/site-packages/airflow/example_dags/example_complex.py
[2025-12-06T09:31:15.592+0000] {processor.py:830} INFO - Processing file /home/airflow/.local/lib/python3.8/site-packages/airflow/example_dags/example_complex.py for tasks to queue
[2025-12-06T09:31:15.595+0000] {logging_mixin.py:188} INFO - [2025-12-06T09:31:15.594+0000] {dagbag.py:538} INFO - Filling up the DagBag from /home/airflow/.local/lib/python3.8/site-packages/airflow/example_dags/example_complex.py
[2025-12-06T09:31:15.610+0000] {processor.py:840} INFO - DAG(s) 'example_complex' retrieved from /home/airflow/.local/lib/python3.8/site-packages/airflow/example_dags/example_complex.py
[2025-12-06T09:31:15.653+0000] {logging_mixin.py:188} INFO - [2025-12-06T09:31:15.653+0000] {dag.py:3036} INFO - Sync 1 DAGs
[2025-12-06T09:31:15.670+0000] {logging_mixin.py:188} INFO - [2025-12-06T09:31:15.670+0000] {dag.py:3823} INFO - Setting next_dagrun for example_complex to None, run_after=None
[2025-12-06T09:31:15.702+0000] {processor.py:183} INFO - Processing /home/airflow/.local/lib/python3.8/site-packages/airflow/example_dags/example_complex.py took 0.116 seconds
[2025-12-06T09:31:45.840+0000] {processor.py:161} INFO - Started process (PID=4239) to work on /home/airflow/.local/lib/python3.8/site-packages/airflow/example_dags/example_complex.py
[2025-12-06T09:31:45.842+0000] {processor.py:830} INFO - Processing file /home/airflow/.local/lib/python3.8/site-packages/airflow/example_dags/example_complex.py for tasks to queue
[2025-12-06T09:31:45.846+0000] {logging_mixin.py:188} INFO - [2025-12-06T09:31:45.846+0000] {dagbag.py:538} INFO - Filling up the DagBag from /home/airflow/.local/lib/python3.8/site-packages/airflow/example_dags/example_complex.py
[2025-12-06T09:31:45.862+0000] {processor.py:840} INFO - DAG(s) 'example_complex' retrieved from /home/airflow/.local/lib/python3.8/site-packages/airflow/example_dags/example_complex.py
[2025-12-06T09:31:45.917+0000] {logging_mixin.py:188} INFO - [2025-12-06T09:31:45.917+0000] {dag.py:3036} INFO - Sync 1 DAGs
[2025-12-06T09:31:45.944+0000] {logging_mixin.py:188} INFO - [2025-12-06T09:31:45.944+0000] {dag.py:3823} INFO - Setting next_dagrun for example_complex to None, run_after=None
[2025-12-06T09:31:45.984+0000] {processor.py:183} INFO - Processing /home/airflow/.local/lib/python3.8/site-packages/airflow/example_dags/example_complex.py took 0.148 seconds
[2025-12-06T09:32:16.167+0000] {processor.py:161} INFO - Started process (PID=4298) to work on /home/airflow/.local/lib/python3.8/site-packages/airflow/example_dags/example_complex.py
[2025-12-06T09:32:16.169+0000] {processor.py:830} INFO - Processing file /home/airflow/.local/lib/python3.8/site-packages/airflow/example_dags/example_complex.py for tasks to queue
[2025-12-06T09:32:16.172+0000] {logging_mixin.py:188} INFO - [2025-12-06T09:32:16.171+0000] {dagbag.py:538} INFO - Filling up the DagBag from /home/airflow/.local/lib/python3.8/site-packages/airflow/example_dags/example_complex.py
[2025-12-06T09:32:16.189+0000] {processor.py:840} INFO - DAG(s) 'example_complex' retrieved from /home/airflow/.local/lib/python3.8/site-packages/airflow/example_dags/example_complex.py
[2025-12-06T09:32:16.231+0000] {logging_mixin.py:188} INFO - [2025-12-06T09:32:16.231+0000] {dag.py:3036} INFO - Sync 1 DAGs
[2025-12-06T09:32:16.250+0000] {logging_mixin.py:188} INFO - [2025-12-06T09:32:16.250+0000] {dag.py:3823} INFO - Setting next_dagrun for example_complex to None, run_after=None
[2025-12-06T09:32:16.279+0000] {processor.py:183} INFO - Processing /home/airflow/.local/lib/python3.8/site-packages/airflow/example_dags/example_complex.py took 0.117 seconds
[2025-12-06T09:32:46.330+0000] {processor.py:161} INFO - Started process (PID=4357) to work on /home/airflow/.local/lib/python3.8/site-packages/airflow/example_dags/example_complex.py
[2025-12-06T09:32:46.332+0000] {processor.py:830} INFO - Processing file /home/airflow/.local/lib/python3.8/site-packages/airflow/example_dags/example_complex.py for tasks to queue
[2025-12-06T09:32:46.334+0000] {logging_mixin.py:188} INFO - [2025-12-06T09:32:46.334+0000] {dagbag.py:538} INFO - Filling up the DagBag from /home/airflow/.local/lib/python3.8/site-packages/airflow/example_dags/example_complex.py
[2025-12-06T09:32:46.349+0000] {processor.py:840} INFO - DAG(s) 'example_complex' retrieved from /home/airflow/.local/lib/python3.8/site-packages/airflow/example_dags/example_complex.py
[2025-12-06T09:32:46.393+0000] {logging_mixin.py:188} INFO - [2025-12-06T09:32:46.392+0000] {dag.py:3036} INFO - Sync 1 DAGs
[2025-12-06T09:32:46.410+0000] {logging_mixin.py:188} INFO - [2025-12-06T09:32:46.410+0000] {dag.py:3823} INFO - Setting next_dagrun for example_complex to None, run_after=None
[2025-12-06T09:32:46.442+0000] {processor.py:183} INFO - Processing /home/airflow/.local/lib/python3.8/site-packages/airflow/example_dags/example_complex.py took 0.117 seconds
[2025-12-06T09:33:16.530+0000] {processor.py:161} INFO - Started process (PID=4416) to work on /home/airflow/.local/lib/python3.8/site-packages/airflow/example_dags/example_complex.py
[2025-12-06T09:33:16.532+0000] {processor.py:830} INFO - Processing file /home/airflow/.local/lib/python3.8/site-packages/airflow/example_dags/example_complex.py for tasks to queue
[2025-12-06T09:33:16.535+0000] {logging_mixin.py:188} INFO - [2025-12-06T09:33:16.534+0000] {dagbag.py:538} INFO - Filling up the DagBag from /home/airflow/.local/lib/python3.8/site-packages/airflow/example_dags/example_complex.py
[2025-12-06T09:33:16.551+0000] {processor.py:840} INFO - DAG(s) 'example_complex' retrieved from /home/airflow/.local/lib/python3.8/site-packages/airflow/example_dags/example_complex.py
[2025-12-06T09:33:16.595+0000] {logging_mixin.py:188} INFO - [2025-12-06T09:33:16.594+0000] {dag.py:3036} INFO - Sync 1 DAGs
[2025-12-06T09:33:16.611+0000] {logging_mixin.py:188} INFO - [2025-12-06T09:33:16.611+0000] {dag.py:3823} INFO - Setting next_dagrun for example_complex to None, run_after=None
[2025-12-06T09:33:16.645+0000] {processor.py:183} INFO - Processing /home/airflow/.local/lib/python3.8/site-packages/airflow/example_dags/example_complex.py took 0.119 seconds
[2025-12-06T09:33:46.861+0000] {processor.py:161} INFO - Started process (PID=4475) to work on /home/airflow/.local/lib/python3.8/site-packages/airflow/example_dags/example_complex.py
[2025-12-06T09:33:46.863+0000] {processor.py:830} INFO - Processing file /home/airflow/.local/lib/python3.8/site-packages/airflow/example_dags/example_complex.py for tasks to queue
[2025-12-06T09:33:46.866+0000] {logging_mixin.py:188} INFO - [2025-12-06T09:33:46.865+0000] {dagbag.py:538} INFO - Filling up the DagBag from /home/airflow/.local/lib/python3.8/site-packages/airflow/example_dags/example_complex.py
[2025-12-06T09:33:46.882+0000] {processor.py:840} INFO - DAG(s) 'example_complex' retrieved from /home/airflow/.local/lib/python3.8/site-packages/airflow/example_dags/example_complex.py
[2025-12-06T09:33:46.918+0000] {logging_mixin.py:188} INFO - [2025-12-06T09:33:46.918+0000] {dag.py:3036} INFO - Sync 1 DAGs
[2025-12-06T09:33:46.935+0000] {logging_mixin.py:188} INFO - [2025-12-06T09:33:46.935+0000] {dag.py:3823} INFO - Setting next_dagrun for example_complex to None, run_after=None
[2025-12-06T09:33:46.964+0000] {processor.py:183} INFO - Processing /home/airflow/.local/lib/python3.8/site-packages/airflow/example_dags/example_complex.py took 0.108 seconds
[2025-12-06T09:34:17.094+0000] {processor.py:161} INFO - Started process (PID=4534) to work on /home/airflow/.local/lib/python3.8/site-packages/airflow/example_dags/example_complex.py
[2025-12-06T09:34:17.095+0000] {processor.py:830} INFO - Processing file /home/airflow/.local/lib/python3.8/site-packages/airflow/example_dags/example_complex.py for tasks to queue
[2025-12-06T09:34:17.097+0000] {logging_mixin.py:188} INFO - [2025-12-06T09:34:17.097+0000] {dagbag.py:538} INFO - Filling up the DagBag from /home/airflow/.local/lib/python3.8/site-packages/airflow/example_dags/example_complex.py
[2025-12-06T09:34:17.111+0000] {processor.py:840} INFO - DAG(s) 'example_complex' retrieved from /home/airflow/.local/lib/python3.8/site-packages/airflow/example_dags/example_complex.py
[2025-12-06T09:34:17.150+0000] {logging_mixin.py:188} INFO - [2025-12-06T09:34:17.149+0000] {dag.py:3036} INFO - Sync 1 DAGs
[2025-12-06T09:34:17.165+0000] {logging_mixin.py:188} INFO - [2025-12-06T09:34:17.165+0000] {dag.py:3823} INFO - Setting next_dagrun for example_complex to None, run_after=None
[2025-12-06T09:34:17.191+0000] {processor.py:183} INFO - Processing /home/airflow/.local/lib/python3.8/site-packages/airflow/example_dags/example_complex.py took 0.102 seconds
[2025-12-06T09:34:47.258+0000] {processor.py:161} INFO - Started process (PID=4593) to work on /home/airflow/.local/lib/python3.8/site-packages/airflow/example_dags/example_complex.py
[2025-12-06T09:34:47.259+0000] {processor.py:830} INFO - Processing file /home/airflow/.local/lib/python3.8/site-packages/airflow/example_dags/example_complex.py for tasks to queue
[2025-12-06T09:34:47.262+0000] {logging_mixin.py:188} INFO - [2025-12-06T09:34:47.261+0000] {dagbag.py:538} INFO - Filling up the DagBag from /home/airflow/.local/lib/python3.8/site-packages/airflow/example_dags/example_complex.py
[2025-12-06T09:34:47.276+0000] {processor.py:840} INFO - DAG(s) 'example_complex' retrieved from /home/airflow/.local/lib/python3.8/site-packages/airflow/example_dags/example_complex.py
[2025-12-06T09:34:47.318+0000] {logging_mixin.py:188} INFO - [2025-12-06T09:34:47.317+0000] {dag.py:3036} INFO - Sync 1 DAGs
[2025-12-06T09:34:47.335+0000] {logging_mixin.py:188} INFO - [2025-12-06T09:34:47.334+0000] {dag.py:3823} INFO - Setting next_dagrun for example_complex to None, run_after=None
[2025-12-06T09:34:47.365+0000] {processor.py:183} INFO - Processing /home/airflow/.local/lib/python3.8/site-packages/airflow/example_dags/example_complex.py took 0.111 seconds
[2025-12-06T09:35:17.470+0000] {processor.py:161} INFO - Started process (PID=4652) to work on /home/airflow/.local/lib/python3.8/site-packages/airflow/example_dags/example_complex.py
[2025-12-06T09:35:17.472+0000] {processor.py:830} INFO - Processing file /home/airflow/.local/lib/python3.8/site-packages/airflow/example_dags/example_complex.py for tasks to queue
[2025-12-06T09:35:17.474+0000] {logging_mixin.py:188} INFO - [2025-12-06T09:35:17.474+0000] {dagbag.py:538} INFO - Filling up the DagBag from /home/airflow/.local/lib/python3.8/site-packages/airflow/example_dags/example_complex.py
[2025-12-06T09:35:17.491+0000] {processor.py:840} INFO - DAG(s) 'example_complex' retrieved from /home/airflow/.local/lib/python3.8/site-packages/airflow/example_dags/example_complex.py
[2025-12-06T09:35:17.534+0000] {logging_mixin.py:188} INFO - [2025-12-06T09:35:17.533+0000] {dag.py:3036} INFO - Sync 1 DAGs
[2025-12-06T09:35:17.550+0000] {logging_mixin.py:188} INFO - [2025-12-06T09:35:17.549+0000] {dag.py:3823} INFO - Setting next_dagrun for example_complex to None, run_after=None
[2025-12-06T09:35:17.580+0000] {processor.py:183} INFO - Processing /home/airflow/.local/lib/python3.8/site-packages/airflow/example_dags/example_complex.py took 0.115 seconds
[2025-12-06T09:35:47.643+0000] {processor.py:161} INFO - Started process (PID=4711) to work on /home/airflow/.local/lib/python3.8/site-packages/airflow/example_dags/example_complex.py
[2025-12-06T09:35:47.645+0000] {processor.py:830} INFO - Processing file /home/airflow/.local/lib/python3.8/site-packages/airflow/example_dags/example_complex.py for tasks to queue
[2025-12-06T09:35:47.648+0000] {logging_mixin.py:188} INFO - [2025-12-06T09:35:47.648+0000] {dagbag.py:538} INFO - Filling up the DagBag from /home/airflow/.local/lib/python3.8/site-packages/airflow/example_dags/example_complex.py
[2025-12-06T09:35:47.663+0000] {processor.py:840} INFO - DAG(s) 'example_complex' retrieved from /home/airflow/.local/lib/python3.8/site-packages/airflow/example_dags/example_complex.py
[2025-12-06T09:35:47.708+0000] {logging_mixin.py:188} INFO - [2025-12-06T09:35:47.707+0000] {dag.py:3036} INFO - Sync 1 DAGs
[2025-12-06T09:35:47.724+0000] {logging_mixin.py:188} INFO - [2025-12-06T09:35:47.724+0000] {dag.py:3823} INFO - Setting next_dagrun for example_complex to None, run_after=None
[2025-12-06T09:35:47.761+0000] {processor.py:183} INFO - Processing /home/airflow/.local/lib/python3.8/site-packages/airflow/example_dags/example_complex.py took 0.123 seconds
[2025-12-06T09:36:17.950+0000] {processor.py:161} INFO - Started process (PID=4770) to work on /home/airflow/.local/lib/python3.8/site-packages/airflow/example_dags/example_complex.py
[2025-12-06T09:36:17.952+0000] {processor.py:830} INFO - Processing file /home/airflow/.local/lib/python3.8/site-packages/airflow/example_dags/example_complex.py for tasks to queue
[2025-12-06T09:36:17.954+0000] {logging_mixin.py:188} INFO - [2025-12-06T09:36:17.954+0000] {dagbag.py:538} INFO - Filling up the DagBag from /home/airflow/.local/lib/python3.8/site-packages/airflow/example_dags/example_complex.py
[2025-12-06T09:36:17.968+0000] {processor.py:840} INFO - DAG(s) 'example_complex' retrieved from /home/airflow/.local/lib/python3.8/site-packages/airflow/example_dags/example_complex.py
[2025-12-06T09:36:18.012+0000] {logging_mixin.py:188} INFO - [2025-12-06T09:36:18.012+0000] {dag.py:3036} INFO - Sync 1 DAGs
[2025-12-06T09:36:18.030+0000] {logging_mixin.py:188} INFO - [2025-12-06T09:36:18.030+0000] {dag.py:3823} INFO - Setting next_dagrun for example_complex to None, run_after=None
[2025-12-06T09:36:18.057+0000] {processor.py:183} INFO - Processing /home/airflow/.local/lib/python3.8/site-packages/airflow/example_dags/example_complex.py took 0.111 seconds
[2025-12-06T09:36:48.326+0000] {processor.py:161} INFO - Started process (PID=4829) to work on /home/airflow/.local/lib/python3.8/site-packages/airflow/example_dags/example_complex.py
[2025-12-06T09:36:48.328+0000] {processor.py:830} INFO - Processing file /home/airflow/.local/lib/python3.8/site-packages/airflow/example_dags/example_complex.py for tasks to queue
[2025-12-06T09:36:48.330+0000] {logging_mixin.py:188} INFO - [2025-12-06T09:36:48.330+0000] {dagbag.py:538} INFO - Filling up the DagBag from /home/airflow/.local/lib/python3.8/site-packages/airflow/example_dags/example_complex.py
[2025-12-06T09:36:48.346+0000] {processor.py:840} INFO - DAG(s) 'example_complex' retrieved from /home/airflow/.local/lib/python3.8/site-packages/airflow/example_dags/example_complex.py
[2025-12-06T09:36:48.392+0000] {logging_mixin.py:188} INFO - [2025-12-06T09:36:48.391+0000] {dag.py:3036} INFO - Sync 1 DAGs
[2025-12-06T09:36:48.408+0000] {logging_mixin.py:188} INFO - [2025-12-06T09:36:48.408+0000] {dag.py:3823} INFO - Setting next_dagrun for example_complex to None, run_after=None
[2025-12-06T09:36:48.435+0000] {processor.py:183} INFO - Processing /home/airflow/.local/lib/python3.8/site-packages/airflow/example_dags/example_complex.py took 0.113 seconds
[2025-12-06T09:37:18.513+0000] {processor.py:161} INFO - Started process (PID=4888) to work on /home/airflow/.local/lib/python3.8/site-packages/airflow/example_dags/example_complex.py
[2025-12-06T09:37:18.515+0000] {processor.py:830} INFO - Processing file /home/airflow/.local/lib/python3.8/site-packages/airflow/example_dags/example_complex.py for tasks to queue
[2025-12-06T09:37:18.518+0000] {logging_mixin.py:188} INFO - [2025-12-06T09:37:18.517+0000] {dagbag.py:538} INFO - Filling up the DagBag from /home/airflow/.local/lib/python3.8/site-packages/airflow/example_dags/example_complex.py
[2025-12-06T09:37:18.533+0000] {processor.py:840} INFO - DAG(s) 'example_complex' retrieved from /home/airflow/.local/lib/python3.8/site-packages/airflow/example_dags/example_complex.py
[2025-12-06T09:37:18.585+0000] {logging_mixin.py:188} INFO - [2025-12-06T09:37:18.584+0000] {dag.py:3036} INFO - Sync 1 DAGs
[2025-12-06T09:37:18.605+0000] {logging_mixin.py:188} INFO - [2025-12-06T09:37:18.605+0000] {dag.py:3823} INFO - Setting next_dagrun for example_complex to None, run_after=None
[2025-12-06T09:37:18.636+0000] {processor.py:183} INFO - Processing /home/airflow/.local/lib/python3.8/site-packages/airflow/example_dags/example_complex.py took 0.128 seconds
[2025-12-06T09:37:48.886+0000] {processor.py:161} INFO - Started process (PID=4947) to work on /home/airflow/.local/lib/python3.8/site-packages/airflow/example_dags/example_complex.py
[2025-12-06T09:37:48.887+0000] {processor.py:830} INFO - Processing file /home/airflow/.local/lib/python3.8/site-packages/airflow/example_dags/example_complex.py for tasks to queue
[2025-12-06T09:37:48.890+0000] {logging_mixin.py:188} INFO - [2025-12-06T09:37:48.890+0000] {dagbag.py:538} INFO - Filling up the DagBag from /home/airflow/.local/lib/python3.8/site-packages/airflow/example_dags/example_complex.py
[2025-12-06T09:37:48.905+0000] {processor.py:840} INFO - DAG(s) 'example_complex' retrieved from /home/airflow/.local/lib/python3.8/site-packages/airflow/example_dags/example_complex.py
[2025-12-06T09:37:48.953+0000] {logging_mixin.py:188} INFO - [2025-12-06T09:37:48.953+0000] {dag.py:3036} INFO - Sync 1 DAGs
[2025-12-06T09:37:48.971+0000] {logging_mixin.py:188} INFO - [2025-12-06T09:37:48.971+0000] {dag.py:3823} INFO - Setting next_dagrun for example_complex to None, run_after=None
[2025-12-06T09:37:49.000+0000] {processor.py:183} INFO - Processing /home/airflow/.local/lib/python3.8/site-packages/airflow/example_dags/example_complex.py took 0.118 seconds
[2025-12-06T09:38:19.508+0000] {processor.py:161} INFO - Started process (PID=5006) to work on /home/airflow/.local/lib/python3.8/site-packages/airflow/example_dags/example_complex.py
[2025-12-06T09:38:19.512+0000] {processor.py:830} INFO - Processing file /home/airflow/.local/lib/python3.8/site-packages/airflow/example_dags/example_complex.py for tasks to queue
[2025-12-06T09:38:19.515+0000] {logging_mixin.py:188} INFO - [2025-12-06T09:38:19.514+0000] {dagbag.py:538} INFO - Filling up the DagBag from /home/airflow/.local/lib/python3.8/site-packages/airflow/example_dags/example_complex.py
[2025-12-06T09:38:19.530+0000] {processor.py:840} INFO - DAG(s) 'example_complex' retrieved from /home/airflow/.local/lib/python3.8/site-packages/airflow/example_dags/example_complex.py
[2025-12-06T09:38:19.573+0000] {logging_mixin.py:188} INFO - [2025-12-06T09:38:19.572+0000] {dag.py:3036} INFO - Sync 1 DAGs
[2025-12-06T09:38:19.592+0000] {logging_mixin.py:188} INFO - [2025-12-06T09:38:19.592+0000] {dag.py:3823} INFO - Setting next_dagrun for example_complex to None, run_after=None
[2025-12-06T09:38:19.626+0000] {processor.py:183} INFO - Processing /home/airflow/.local/lib/python3.8/site-packages/airflow/example_dags/example_complex.py took 0.124 seconds
[2025-12-06T09:38:50.134+0000] {processor.py:161} INFO - Started process (PID=5065) to work on /home/airflow/.local/lib/python3.8/site-packages/airflow/example_dags/example_complex.py
[2025-12-06T09:38:50.135+0000] {processor.py:830} INFO - Processing file /home/airflow/.local/lib/python3.8/site-packages/airflow/example_dags/example_complex.py for tasks to queue
[2025-12-06T09:38:50.138+0000] {logging_mixin.py:188} INFO - [2025-12-06T09:38:50.138+0000] {dagbag.py:538} INFO - Filling up the DagBag from /home/airflow/.local/lib/python3.8/site-packages/airflow/example_dags/example_complex.py
[2025-12-06T09:38:50.156+0000] {processor.py:840} INFO - DAG(s) 'example_complex' retrieved from /home/airflow/.local/lib/python3.8/site-packages/airflow/example_dags/example_complex.py
[2025-12-06T09:38:50.202+0000] {logging_mixin.py:188} INFO - [2025-12-06T09:38:50.201+0000] {dag.py:3036} INFO - Sync 1 DAGs
[2025-12-06T09:38:50.218+0000] {logging_mixin.py:188} INFO - [2025-12-06T09:38:50.217+0000] {dag.py:3823} INFO - Setting next_dagrun for example_complex to None, run_after=None
[2025-12-06T09:38:50.247+0000] {processor.py:183} INFO - Processing /home/airflow/.local/lib/python3.8/site-packages/airflow/example_dags/example_complex.py took 0.119 seconds
[2025-12-06T09:39:20.739+0000] {processor.py:161} INFO - Started process (PID=5124) to work on /home/airflow/.local/lib/python3.8/site-packages/airflow/example_dags/example_complex.py
[2025-12-06T09:39:20.741+0000] {processor.py:830} INFO - Processing file /home/airflow/.local/lib/python3.8/site-packages/airflow/example_dags/example_complex.py for tasks to queue
[2025-12-06T09:39:20.744+0000] {logging_mixin.py:188} INFO - [2025-12-06T09:39:20.743+0000] {dagbag.py:538} INFO - Filling up the DagBag from /home/airflow/.local/lib/python3.8/site-packages/airflow/example_dags/example_complex.py
[2025-12-06T09:39:20.759+0000] {processor.py:840} INFO - DAG(s) 'example_complex' retrieved from /home/airflow/.local/lib/python3.8/site-packages/airflow/example_dags/example_complex.py
[2025-12-06T09:39:20.805+0000] {logging_mixin.py:188} INFO - [2025-12-06T09:39:20.805+0000] {dag.py:3036} INFO - Sync 1 DAGs
[2025-12-06T09:39:20.823+0000] {logging_mixin.py:188} INFO - [2025-12-06T09:39:20.822+0000] {dag.py:3823} INFO - Setting next_dagrun for example_complex to None, run_after=None
[2025-12-06T09:39:20.848+0000] {processor.py:183} INFO - Processing /home/airflow/.local/lib/python3.8/site-packages/airflow/example_dags/example_complex.py took 0.114 seconds
[2025-12-06T09:39:51.245+0000] {processor.py:161} INFO - Started process (PID=5183) to work on /home/airflow/.local/lib/python3.8/site-packages/airflow/example_dags/example_complex.py
[2025-12-06T09:39:51.247+0000] {processor.py:830} INFO - Processing file /home/airflow/.local/lib/python3.8/site-packages/airflow/example_dags/example_complex.py for tasks to queue
[2025-12-06T09:39:51.250+0000] {logging_mixin.py:188} INFO - [2025-12-06T09:39:51.249+0000] {dagbag.py:538} INFO - Filling up the DagBag from /home/airflow/.local/lib/python3.8/site-packages/airflow/example_dags/example_complex.py
[2025-12-06T09:39:51.267+0000] {processor.py:840} INFO - DAG(s) 'example_complex' retrieved from /home/airflow/.local/lib/python3.8/site-packages/airflow/example_dags/example_complex.py
[2025-12-06T09:39:51.313+0000] {logging_mixin.py:188} INFO - [2025-12-06T09:39:51.313+0000] {dag.py:3036} INFO - Sync 1 DAGs
[2025-12-06T09:39:51.332+0000] {logging_mixin.py:188} INFO - [2025-12-06T09:39:51.332+0000] {dag.py:3823} INFO - Setting next_dagrun for example_complex to None, run_after=None
[2025-12-06T09:39:51.363+0000] {processor.py:183} INFO - Processing /home/airflow/.local/lib/python3.8/site-packages/airflow/example_dags/example_complex.py took 0.123 seconds
[2025-12-06T09:40:21.790+0000] {processor.py:161} INFO - Started process (PID=5242) to work on /home/airflow/.local/lib/python3.8/site-packages/airflow/example_dags/example_complex.py
[2025-12-06T09:40:21.791+0000] {processor.py:830} INFO - Processing file /home/airflow/.local/lib/python3.8/site-packages/airflow/example_dags/example_complex.py for tasks to queue
[2025-12-06T09:40:21.794+0000] {logging_mixin.py:188} INFO - [2025-12-06T09:40:21.793+0000] {dagbag.py:538} INFO - Filling up the DagBag from /home/airflow/.local/lib/python3.8/site-packages/airflow/example_dags/example_complex.py
[2025-12-06T09:40:21.809+0000] {processor.py:840} INFO - DAG(s) 'example_complex' retrieved from /home/airflow/.local/lib/python3.8/site-packages/airflow/example_dags/example_complex.py
[2025-12-06T09:40:21.857+0000] {logging_mixin.py:188} INFO - [2025-12-06T09:40:21.856+0000] {dag.py:3036} INFO - Sync 1 DAGs
[2025-12-06T09:40:21.873+0000] {logging_mixin.py:188} INFO - [2025-12-06T09:40:21.873+0000] {dag.py:3823} INFO - Setting next_dagrun for example_complex to None, run_after=None
[2025-12-06T09:40:21.900+0000] {processor.py:183} INFO - Processing /home/airflow/.local/lib/python3.8/site-packages/airflow/example_dags/example_complex.py took 0.115 seconds
[2025-12-06T09:40:52.411+0000] {processor.py:161} INFO - Started process (PID=5301) to work on /home/airflow/.local/lib/python3.8/site-packages/airflow/example_dags/example_complex.py
[2025-12-06T09:40:52.413+0000] {processor.py:830} INFO - Processing file /home/airflow/.local/lib/python3.8/site-packages/airflow/example_dags/example_complex.py for tasks to queue
[2025-12-06T09:40:52.416+0000] {logging_mixin.py:188} INFO - [2025-12-06T09:40:52.415+0000] {dagbag.py:538} INFO - Filling up the DagBag from /home/airflow/.local/lib/python3.8/site-packages/airflow/example_dags/example_complex.py
[2025-12-06T09:40:52.432+0000] {processor.py:840} INFO - DAG(s) 'example_complex' retrieved from /home/airflow/.local/lib/python3.8/site-packages/airflow/example_dags/example_complex.py
[2025-12-06T09:40:52.479+0000] {logging_mixin.py:188} INFO - [2025-12-06T09:40:52.478+0000] {dag.py:3036} INFO - Sync 1 DAGs
[2025-12-06T09:40:52.495+0000] {logging_mixin.py:188} INFO - [2025-12-06T09:40:52.495+0000] {dag.py:3823} INFO - Setting next_dagrun for example_complex to None, run_after=None
[2025-12-06T09:40:52.524+0000] {processor.py:183} INFO - Processing /home/airflow/.local/lib/python3.8/site-packages/airflow/example_dags/example_complex.py took 0.117 seconds
[2025-12-06T09:41:22.703+0000] {processor.py:161} INFO - Started process (PID=5360) to work on /home/airflow/.local/lib/python3.8/site-packages/airflow/example_dags/example_complex.py
[2025-12-06T09:41:22.704+0000] {processor.py:830} INFO - Processing file /home/airflow/.local/lib/python3.8/site-packages/airflow/example_dags/example_complex.py for tasks to queue
[2025-12-06T09:41:22.707+0000] {logging_mixin.py:188} INFO - [2025-12-06T09:41:22.706+0000] {dagbag.py:538} INFO - Filling up the DagBag from /home/airflow/.local/lib/python3.8/site-packages/airflow/example_dags/example_complex.py
[2025-12-06T09:41:22.723+0000] {processor.py:840} INFO - DAG(s) 'example_complex' retrieved from /home/airflow/.local/lib/python3.8/site-packages/airflow/example_dags/example_complex.py
[2025-12-06T09:41:22.769+0000] {logging_mixin.py:188} INFO - [2025-12-06T09:41:22.768+0000] {dag.py:3036} INFO - Sync 1 DAGs
[2025-12-06T09:41:22.785+0000] {logging_mixin.py:188} INFO - [2025-12-06T09:41:22.785+0000] {dag.py:3823} INFO - Setting next_dagrun for example_complex to None, run_after=None
[2025-12-06T09:41:22.811+0000] {processor.py:183} INFO - Processing /home/airflow/.local/lib/python3.8/site-packages/airflow/example_dags/example_complex.py took 0.113 seconds
[2025-12-06T09:41:53.171+0000] {processor.py:161} INFO - Started process (PID=5419) to work on /home/airflow/.local/lib/python3.8/site-packages/airflow/example_dags/example_complex.py
[2025-12-06T09:41:53.173+0000] {processor.py:830} INFO - Processing file /home/airflow/.local/lib/python3.8/site-packages/airflow/example_dags/example_complex.py for tasks to queue
[2025-12-06T09:41:53.176+0000] {logging_mixin.py:188} INFO - [2025-12-06T09:41:53.175+0000] {dagbag.py:538} INFO - Filling up the DagBag from /home/airflow/.local/lib/python3.8/site-packages/airflow/example_dags/example_complex.py
[2025-12-06T09:41:53.191+0000] {processor.py:840} INFO - DAG(s) 'example_complex' retrieved from /home/airflow/.local/lib/python3.8/site-packages/airflow/example_dags/example_complex.py
[2025-12-06T09:41:53.239+0000] {logging_mixin.py:188} INFO - [2025-12-06T09:41:53.239+0000] {dag.py:3036} INFO - Sync 1 DAGs
[2025-12-06T09:41:53.257+0000] {logging_mixin.py:188} INFO - [2025-12-06T09:41:53.257+0000] {dag.py:3823} INFO - Setting next_dagrun for example_complex to None, run_after=None
[2025-12-06T09:41:53.286+0000] {processor.py:183} INFO - Processing /home/airflow/.local/lib/python3.8/site-packages/airflow/example_dags/example_complex.py took 0.120 seconds
[2025-12-06T09:42:23.403+0000] {processor.py:161} INFO - Started process (PID=5478) to work on /home/airflow/.local/lib/python3.8/site-packages/airflow/example_dags/example_complex.py
[2025-12-06T09:42:23.405+0000] {processor.py:830} INFO - Processing file /home/airflow/.local/lib/python3.8/site-packages/airflow/example_dags/example_complex.py for tasks to queue
[2025-12-06T09:42:23.408+0000] {logging_mixin.py:188} INFO - [2025-12-06T09:42:23.408+0000] {dagbag.py:538} INFO - Filling up the DagBag from /home/airflow/.local/lib/python3.8/site-packages/airflow/example_dags/example_complex.py
[2025-12-06T09:42:23.423+0000] {processor.py:840} INFO - DAG(s) 'example_complex' retrieved from /home/airflow/.local/lib/python3.8/site-packages/airflow/example_dags/example_complex.py
[2025-12-06T09:42:23.464+0000] {logging_mixin.py:188} INFO - [2025-12-06T09:42:23.464+0000] {dag.py:3036} INFO - Sync 1 DAGs
[2025-12-06T09:42:23.481+0000] {logging_mixin.py:188} INFO - [2025-12-06T09:42:23.480+0000] {dag.py:3823} INFO - Setting next_dagrun for example_complex to None, run_after=None
[2025-12-06T09:42:23.510+0000] {processor.py:183} INFO - Processing /home/airflow/.local/lib/python3.8/site-packages/airflow/example_dags/example_complex.py took 0.112 seconds
[2025-12-06T09:42:54.313+0000] {processor.py:161} INFO - Started process (PID=5536) to work on /home/airflow/.local/lib/python3.8/site-packages/airflow/example_dags/example_complex.py
[2025-12-06T09:42:54.315+0000] {processor.py:830} INFO - Processing file /home/airflow/.local/lib/python3.8/site-packages/airflow/example_dags/example_complex.py for tasks to queue
[2025-12-06T09:42:54.318+0000] {logging_mixin.py:188} INFO - [2025-12-06T09:42:54.318+0000] {dagbag.py:538} INFO - Filling up the DagBag from /home/airflow/.local/lib/python3.8/site-packages/airflow/example_dags/example_complex.py
[2025-12-06T09:42:54.334+0000] {processor.py:840} INFO - DAG(s) 'example_complex' retrieved from /home/airflow/.local/lib/python3.8/site-packages/airflow/example_dags/example_complex.py
[2025-12-06T09:42:54.380+0000] {logging_mixin.py:188} INFO - [2025-12-06T09:42:54.380+0000] {dag.py:3036} INFO - Sync 1 DAGs
[2025-12-06T09:42:54.399+0000] {logging_mixin.py:188} INFO - [2025-12-06T09:42:54.399+0000] {dag.py:3823} INFO - Setting next_dagrun for example_complex to None, run_after=None
[2025-12-06T09:42:54.432+0000] {processor.py:183} INFO - Processing /home/airflow/.local/lib/python3.8/site-packages/airflow/example_dags/example_complex.py took 0.124 seconds
[2025-12-06T09:43:24.612+0000] {processor.py:161} INFO - Started process (PID=5595) to work on /home/airflow/.local/lib/python3.8/site-packages/airflow/example_dags/example_complex.py
[2025-12-06T09:43:24.614+0000] {processor.py:830} INFO - Processing file /home/airflow/.local/lib/python3.8/site-packages/airflow/example_dags/example_complex.py for tasks to queue
[2025-12-06T09:43:24.616+0000] {logging_mixin.py:188} INFO - [2025-12-06T09:43:24.616+0000] {dagbag.py:538} INFO - Filling up the DagBag from /home/airflow/.local/lib/python3.8/site-packages/airflow/example_dags/example_complex.py
[2025-12-06T09:43:24.632+0000] {processor.py:840} INFO - DAG(s) 'example_complex' retrieved from /home/airflow/.local/lib/python3.8/site-packages/airflow/example_dags/example_complex.py
[2025-12-06T09:43:24.683+0000] {logging_mixin.py:188} INFO - [2025-12-06T09:43:24.683+0000] {dag.py:3036} INFO - Sync 1 DAGs
[2025-12-06T09:43:24.701+0000] {logging_mixin.py:188} INFO - [2025-12-06T09:43:24.701+0000] {dag.py:3823} INFO - Setting next_dagrun for example_complex to None, run_after=None
[2025-12-06T09:43:24.730+0000] {processor.py:183} INFO - Processing /home/airflow/.local/lib/python3.8/site-packages/airflow/example_dags/example_complex.py took 0.122 seconds
[2025-12-06T09:43:54.828+0000] {processor.py:161} INFO - Started process (PID=5654) to work on /home/airflow/.local/lib/python3.8/site-packages/airflow/example_dags/example_complex.py
[2025-12-06T09:43:54.830+0000] {processor.py:830} INFO - Processing file /home/airflow/.local/lib/python3.8/site-packages/airflow/example_dags/example_complex.py for tasks to queue
[2025-12-06T09:43:54.832+0000] {logging_mixin.py:188} INFO - [2025-12-06T09:43:54.832+0000] {dagbag.py:538} INFO - Filling up the DagBag from /home/airflow/.local/lib/python3.8/site-packages/airflow/example_dags/example_complex.py
[2025-12-06T09:43:54.846+0000] {processor.py:840} INFO - DAG(s) 'example_complex' retrieved from /home/airflow/.local/lib/python3.8/site-packages/airflow/example_dags/example_complex.py
[2025-12-06T09:43:54.890+0000] {logging_mixin.py:188} INFO - [2025-12-06T09:43:54.890+0000] {dag.py:3036} INFO - Sync 1 DAGs
[2025-12-06T09:43:54.908+0000] {logging_mixin.py:188} INFO - [2025-12-06T09:43:54.907+0000] {dag.py:3823} INFO - Setting next_dagrun for example_complex to None, run_after=None
[2025-12-06T09:43:54.937+0000] {processor.py:183} INFO - Processing /home/airflow/.local/lib/python3.8/site-packages/airflow/example_dags/example_complex.py took 0.114 seconds
[2025-12-06T09:44:25.738+0000] {processor.py:161} INFO - Started process (PID=5711) to work on /home/airflow/.local/lib/python3.8/site-packages/airflow/example_dags/example_complex.py
[2025-12-06T09:44:25.740+0000] {processor.py:830} INFO - Processing file /home/airflow/.local/lib/python3.8/site-packages/airflow/example_dags/example_complex.py for tasks to queue
[2025-12-06T09:44:25.742+0000] {logging_mixin.py:188} INFO - [2025-12-06T09:44:25.742+0000] {dagbag.py:538} INFO - Filling up the DagBag from /home/airflow/.local/lib/python3.8/site-packages/airflow/example_dags/example_complex.py
[2025-12-06T09:44:25.758+0000] {processor.py:840} INFO - DAG(s) 'example_complex' retrieved from /home/airflow/.local/lib/python3.8/site-packages/airflow/example_dags/example_complex.py
[2025-12-06T09:44:25.804+0000] {logging_mixin.py:188} INFO - [2025-12-06T09:44:25.803+0000] {dag.py:3036} INFO - Sync 1 DAGs
[2025-12-06T09:44:25.824+0000] {logging_mixin.py:188} INFO - [2025-12-06T09:44:25.824+0000] {dag.py:3823} INFO - Setting next_dagrun for example_complex to None, run_after=None
[2025-12-06T09:44:25.854+0000] {processor.py:183} INFO - Processing /home/airflow/.local/lib/python3.8/site-packages/airflow/example_dags/example_complex.py took 0.121 seconds
[2025-12-06T09:44:56.212+0000] {processor.py:161} INFO - Started process (PID=5770) to work on /home/airflow/.local/lib/python3.8/site-packages/airflow/example_dags/example_complex.py
[2025-12-06T09:44:56.213+0000] {processor.py:830} INFO - Processing file /home/airflow/.local/lib/python3.8/site-packages/airflow/example_dags/example_complex.py for tasks to queue
[2025-12-06T09:44:56.218+0000] {logging_mixin.py:188} INFO - [2025-12-06T09:44:56.217+0000] {dagbag.py:538} INFO - Filling up the DagBag from /home/airflow/.local/lib/python3.8/site-packages/airflow/example_dags/example_complex.py
[2025-12-06T09:44:56.234+0000] {processor.py:840} INFO - DAG(s) 'example_complex' retrieved from /home/airflow/.local/lib/python3.8/site-packages/airflow/example_dags/example_complex.py
[2025-12-06T09:44:56.287+0000] {logging_mixin.py:188} INFO - [2025-12-06T09:44:56.287+0000] {dag.py:3036} INFO - Sync 1 DAGs
[2025-12-06T09:44:56.305+0000] {logging_mixin.py:188} INFO - [2025-12-06T09:44:56.304+0000] {dag.py:3823} INFO - Setting next_dagrun for example_complex to None, run_after=None
[2025-12-06T09:44:56.337+0000] {processor.py:183} INFO - Processing /home/airflow/.local/lib/python3.8/site-packages/airflow/example_dags/example_complex.py took 0.129 seconds
[2025-12-06T09:45:26.486+0000] {processor.py:161} INFO - Started process (PID=5829) to work on /home/airflow/.local/lib/python3.8/site-packages/airflow/example_dags/example_complex.py
[2025-12-06T09:45:26.487+0000] {processor.py:830} INFO - Processing file /home/airflow/.local/lib/python3.8/site-packages/airflow/example_dags/example_complex.py for tasks to queue
[2025-12-06T09:45:26.491+0000] {logging_mixin.py:188} INFO - [2025-12-06T09:45:26.490+0000] {dagbag.py:538} INFO - Filling up the DagBag from /home/airflow/.local/lib/python3.8/site-packages/airflow/example_dags/example_complex.py
[2025-12-06T09:45:26.505+0000] {processor.py:840} INFO - DAG(s) 'example_complex' retrieved from /home/airflow/.local/lib/python3.8/site-packages/airflow/example_dags/example_complex.py
[2025-12-06T09:45:26.553+0000] {logging_mixin.py:188} INFO - [2025-12-06T09:45:26.552+0000] {dag.py:3036} INFO - Sync 1 DAGs
[2025-12-06T09:45:26.571+0000] {logging_mixin.py:188} INFO - [2025-12-06T09:45:26.571+0000] {dag.py:3823} INFO - Setting next_dagrun for example_complex to None, run_after=None
[2025-12-06T09:45:26.599+0000] {processor.py:183} INFO - Processing /home/airflow/.local/lib/python3.8/site-packages/airflow/example_dags/example_complex.py took 0.117 seconds
[2025-12-06T09:45:56.684+0000] {processor.py:161} INFO - Started process (PID=5888) to work on /home/airflow/.local/lib/python3.8/site-packages/airflow/example_dags/example_complex.py
[2025-12-06T09:45:56.686+0000] {processor.py:830} INFO - Processing file /home/airflow/.local/lib/python3.8/site-packages/airflow/example_dags/example_complex.py for tasks to queue
[2025-12-06T09:45:56.689+0000] {logging_mixin.py:188} INFO - [2025-12-06T09:45:56.689+0000] {dagbag.py:538} INFO - Filling up the DagBag from /home/airflow/.local/lib/python3.8/site-packages/airflow/example_dags/example_complex.py
[2025-12-06T09:45:56.703+0000] {processor.py:840} INFO - DAG(s) 'example_complex' retrieved from /home/airflow/.local/lib/python3.8/site-packages/airflow/example_dags/example_complex.py
[2025-12-06T09:45:56.760+0000] {logging_mixin.py:188} INFO - [2025-12-06T09:45:56.760+0000] {dag.py:3036} INFO - Sync 1 DAGs
[2025-12-06T09:45:56.776+0000] {logging_mixin.py:188} INFO - [2025-12-06T09:45:56.776+0000] {dag.py:3823} INFO - Setting next_dagrun for example_complex to None, run_after=None
[2025-12-06T09:45:56.810+0000] {processor.py:183} INFO - Processing /home/airflow/.local/lib/python3.8/site-packages/airflow/example_dags/example_complex.py took 0.131 seconds
[2025-12-06T09:46:26.933+0000] {processor.py:161} INFO - Started process (PID=5947) to work on /home/airflow/.local/lib/python3.8/site-packages/airflow/example_dags/example_complex.py
[2025-12-06T09:46:26.935+0000] {processor.py:830} INFO - Processing file /home/airflow/.local/lib/python3.8/site-packages/airflow/example_dags/example_complex.py for tasks to queue
[2025-12-06T09:46:26.939+0000] {logging_mixin.py:188} INFO - [2025-12-06T09:46:26.939+0000] {dagbag.py:538} INFO - Filling up the DagBag from /home/airflow/.local/lib/python3.8/site-packages/airflow/example_dags/example_complex.py
[2025-12-06T09:46:26.954+0000] {processor.py:840} INFO - DAG(s) 'example_complex' retrieved from /home/airflow/.local/lib/python3.8/site-packages/airflow/example_dags/example_complex.py
[2025-12-06T09:46:27.000+0000] {logging_mixin.py:188} INFO - [2025-12-06T09:46:27.000+0000] {dag.py:3036} INFO - Sync 1 DAGs
[2025-12-06T09:46:27.018+0000] {logging_mixin.py:188} INFO - [2025-12-06T09:46:27.017+0000] {dag.py:3823} INFO - Setting next_dagrun for example_complex to None, run_after=None
[2025-12-06T09:46:27.052+0000] {processor.py:183} INFO - Processing /home/airflow/.local/lib/python3.8/site-packages/airflow/example_dags/example_complex.py took 0.125 seconds
[2025-12-06T09:46:57.737+0000] {processor.py:161} INFO - Started process (PID=6006) to work on /home/airflow/.local/lib/python3.8/site-packages/airflow/example_dags/example_complex.py
[2025-12-06T09:46:57.738+0000] {processor.py:830} INFO - Processing file /home/airflow/.local/lib/python3.8/site-packages/airflow/example_dags/example_complex.py for tasks to queue
[2025-12-06T09:46:57.740+0000] {logging_mixin.py:188} INFO - [2025-12-06T09:46:57.740+0000] {dagbag.py:538} INFO - Filling up the DagBag from /home/airflow/.local/lib/python3.8/site-packages/airflow/example_dags/example_complex.py
[2025-12-06T09:46:57.756+0000] {processor.py:840} INFO - DAG(s) 'example_complex' retrieved from /home/airflow/.local/lib/python3.8/site-packages/airflow/example_dags/example_complex.py
[2025-12-06T09:46:57.802+0000] {logging_mixin.py:188} INFO - [2025-12-06T09:46:57.801+0000] {dag.py:3036} INFO - Sync 1 DAGs
[2025-12-06T09:46:57.822+0000] {logging_mixin.py:188} INFO - [2025-12-06T09:46:57.822+0000] {dag.py:3823} INFO - Setting next_dagrun for example_complex to None, run_after=None
[2025-12-06T09:46:57.852+0000] {processor.py:183} INFO - Processing /home/airflow/.local/lib/python3.8/site-packages/airflow/example_dags/example_complex.py took 0.120 seconds
[2025-12-06T09:47:28.348+0000] {processor.py:161} INFO - Started process (PID=6065) to work on /home/airflow/.local/lib/python3.8/site-packages/airflow/example_dags/example_complex.py
[2025-12-06T09:47:28.350+0000] {processor.py:830} INFO - Processing file /home/airflow/.local/lib/python3.8/site-packages/airflow/example_dags/example_complex.py for tasks to queue
[2025-12-06T09:47:28.353+0000] {logging_mixin.py:188} INFO - [2025-12-06T09:47:28.352+0000] {dagbag.py:538} INFO - Filling up the DagBag from /home/airflow/.local/lib/python3.8/site-packages/airflow/example_dags/example_complex.py
[2025-12-06T09:47:28.367+0000] {processor.py:840} INFO - DAG(s) 'example_complex' retrieved from /home/airflow/.local/lib/python3.8/site-packages/airflow/example_dags/example_complex.py
[2025-12-06T09:47:28.416+0000] {logging_mixin.py:188} INFO - [2025-12-06T09:47:28.416+0000] {dag.py:3036} INFO - Sync 1 DAGs
[2025-12-06T09:47:28.436+0000] {logging_mixin.py:188} INFO - [2025-12-06T09:47:28.436+0000] {dag.py:3823} INFO - Setting next_dagrun for example_complex to None, run_after=None
[2025-12-06T09:47:28.465+0000] {processor.py:183} INFO - Processing /home/airflow/.local/lib/python3.8/site-packages/airflow/example_dags/example_complex.py took 0.121 seconds
[2025-12-06T09:47:59.042+0000] {processor.py:161} INFO - Started process (PID=6124) to work on /home/airflow/.local/lib/python3.8/site-packages/airflow/example_dags/example_complex.py
[2025-12-06T09:47:59.044+0000] {processor.py:830} INFO - Processing file /home/airflow/.local/lib/python3.8/site-packages/airflow/example_dags/example_complex.py for tasks to queue
[2025-12-06T09:47:59.048+0000] {logging_mixin.py:188} INFO - [2025-12-06T09:47:59.047+0000] {dagbag.py:538} INFO - Filling up the DagBag from /home/airflow/.local/lib/python3.8/site-packages/airflow/example_dags/example_complex.py
[2025-12-06T09:47:59.066+0000] {processor.py:840} INFO - DAG(s) 'example_complex' retrieved from /home/airflow/.local/lib/python3.8/site-packages/airflow/example_dags/example_complex.py
[2025-12-06T09:47:59.113+0000] {logging_mixin.py:188} INFO - [2025-12-06T09:47:59.113+0000] {dag.py:3036} INFO - Sync 1 DAGs
[2025-12-06T09:47:59.131+0000] {logging_mixin.py:188} INFO - [2025-12-06T09:47:59.131+0000] {dag.py:3823} INFO - Setting next_dagrun for example_complex to None, run_after=None
[2025-12-06T09:47:59.161+0000] {processor.py:183} INFO - Processing /home/airflow/.local/lib/python3.8/site-packages/airflow/example_dags/example_complex.py took 0.124 seconds
[2025-12-06T09:48:29.790+0000] {processor.py:161} INFO - Started process (PID=6183) to work on /home/airflow/.local/lib/python3.8/site-packages/airflow/example_dags/example_complex.py
[2025-12-06T09:48:29.792+0000] {processor.py:830} INFO - Processing file /home/airflow/.local/lib/python3.8/site-packages/airflow/example_dags/example_complex.py for tasks to queue
[2025-12-06T09:48:29.795+0000] {logging_mixin.py:188} INFO - [2025-12-06T09:48:29.795+0000] {dagbag.py:538} INFO - Filling up the DagBag from /home/airflow/.local/lib/python3.8/site-packages/airflow/example_dags/example_complex.py
[2025-12-06T09:48:29.812+0000] {processor.py:840} INFO - DAG(s) 'example_complex' retrieved from /home/airflow/.local/lib/python3.8/site-packages/airflow/example_dags/example_complex.py
[2025-12-06T09:48:29.859+0000] {logging_mixin.py:188} INFO - [2025-12-06T09:48:29.859+0000] {dag.py:3036} INFO - Sync 1 DAGs
[2025-12-06T09:48:29.878+0000] {logging_mixin.py:188} INFO - [2025-12-06T09:48:29.877+0000] {dag.py:3823} INFO - Setting next_dagrun for example_complex to None, run_after=None
[2025-12-06T09:48:29.912+0000] {processor.py:183} INFO - Processing /home/airflow/.local/lib/python3.8/site-packages/airflow/example_dags/example_complex.py took 0.126 seconds
[2025-12-06T09:49:00.505+0000] {processor.py:161} INFO - Started process (PID=6242) to work on /home/airflow/.local/lib/python3.8/site-packages/airflow/example_dags/example_complex.py
[2025-12-06T09:49:00.507+0000] {processor.py:830} INFO - Processing file /home/airflow/.local/lib/python3.8/site-packages/airflow/example_dags/example_complex.py for tasks to queue
[2025-12-06T09:49:00.510+0000] {logging_mixin.py:188} INFO - [2025-12-06T09:49:00.510+0000] {dagbag.py:538} INFO - Filling up the DagBag from /home/airflow/.local/lib/python3.8/site-packages/airflow/example_dags/example_complex.py
[2025-12-06T09:49:00.525+0000] {processor.py:840} INFO - DAG(s) 'example_complex' retrieved from /home/airflow/.local/lib/python3.8/site-packages/airflow/example_dags/example_complex.py
[2025-12-06T09:49:00.567+0000] {logging_mixin.py:188} INFO - [2025-12-06T09:49:00.567+0000] {dag.py:3036} INFO - Sync 1 DAGs
[2025-12-06T09:49:00.586+0000] {logging_mixin.py:188} INFO - [2025-12-06T09:49:00.585+0000] {dag.py:3823} INFO - Setting next_dagrun for example_complex to None, run_after=None
[2025-12-06T09:49:00.618+0000] {processor.py:183} INFO - Processing /home/airflow/.local/lib/python3.8/site-packages/airflow/example_dags/example_complex.py took 0.118 seconds
[2025-12-06T09:49:31.341+0000] {processor.py:161} INFO - Started process (PID=6301) to work on /home/airflow/.local/lib/python3.8/site-packages/airflow/example_dags/example_complex.py
[2025-12-06T09:49:31.343+0000] {processor.py:830} INFO - Processing file /home/airflow/.local/lib/python3.8/site-packages/airflow/example_dags/example_complex.py for tasks to queue
[2025-12-06T09:49:31.348+0000] {logging_mixin.py:188} INFO - [2025-12-06T09:49:31.347+0000] {dagbag.py:538} INFO - Filling up the DagBag from /home/airflow/.local/lib/python3.8/site-packages/airflow/example_dags/example_complex.py
[2025-12-06T09:49:31.377+0000] {processor.py:840} INFO - DAG(s) 'example_complex' retrieved from /home/airflow/.local/lib/python3.8/site-packages/airflow/example_dags/example_complex.py
[2025-12-06T09:49:31.448+0000] {logging_mixin.py:188} INFO - [2025-12-06T09:49:31.448+0000] {dag.py:3036} INFO - Sync 1 DAGs
[2025-12-06T09:49:31.477+0000] {logging_mixin.py:188} INFO - [2025-12-06T09:49:31.476+0000] {dag.py:3823} INFO - Setting next_dagrun for example_complex to None, run_after=None
[2025-12-06T09:49:31.530+0000] {processor.py:183} INFO - Processing /home/airflow/.local/lib/python3.8/site-packages/airflow/example_dags/example_complex.py took 0.199 seconds
[2025-12-06T09:50:01.920+0000] {processor.py:161} INFO - Started process (PID=6360) to work on /home/airflow/.local/lib/python3.8/site-packages/airflow/example_dags/example_complex.py
[2025-12-06T09:50:01.922+0000] {processor.py:830} INFO - Processing file /home/airflow/.local/lib/python3.8/site-packages/airflow/example_dags/example_complex.py for tasks to queue
[2025-12-06T09:50:01.925+0000] {logging_mixin.py:188} INFO - [2025-12-06T09:50:01.925+0000] {dagbag.py:538} INFO - Filling up the DagBag from /home/airflow/.local/lib/python3.8/site-packages/airflow/example_dags/example_complex.py
[2025-12-06T09:50:01.944+0000] {processor.py:840} INFO - DAG(s) 'example_complex' retrieved from /home/airflow/.local/lib/python3.8/site-packages/airflow/example_dags/example_complex.py
[2025-12-06T09:50:01.989+0000] {logging_mixin.py:188} INFO - [2025-12-06T09:50:01.988+0000] {dag.py:3036} INFO - Sync 1 DAGs
[2025-12-06T09:50:02.009+0000] {logging_mixin.py:188} INFO - [2025-12-06T09:50:02.008+0000] {dag.py:3823} INFO - Setting next_dagrun for example_complex to None, run_after=None
[2025-12-06T09:50:02.041+0000] {processor.py:183} INFO - Processing /home/airflow/.local/lib/python3.8/site-packages/airflow/example_dags/example_complex.py took 0.125 seconds
