[2025-12-06T05:45:37.270+0000] {processor.py:161} INFO - Started process (PID=75) to work on /home/airflow/.local/lib/python3.8/site-packages/airflow/example_dags/example_branch_datetime_operator.py
[2025-12-06T05:45:37.273+0000] {processor.py:830} INFO - Processing file /home/airflow/.local/lib/python3.8/site-packages/airflow/example_dags/example_branch_datetime_operator.py for tasks to queue
[2025-12-06T05:45:37.276+0000] {logging_mixin.py:188} INFO - [2025-12-06T05:45:37.276+0000] {dagbag.py:538} INFO - Filling up the DagBag from /home/airflow/.local/lib/python3.8/site-packages/airflow/example_dags/example_branch_datetime_operator.py
[2025-12-06T05:45:37.305+0000] {processor.py:840} INFO - DAG(s) 'example_branch_datetime_operator', 'example_branch_datetime_operator_3', 'example_branch_datetime_operator_2' retrieved from /home/airflow/.local/lib/python3.8/site-packages/airflow/example_dags/example_branch_datetime_operator.py
[2025-12-06T05:45:37.670+0000] {logging_mixin.py:188} INFO - [2025-12-06T05:45:37.670+0000] {dag.py:3036} INFO - Sync 3 DAGs
[2025-12-06T05:45:37.745+0000] {logging_mixin.py:188} INFO - [2025-12-06T05:45:37.744+0000] {dag.py:3823} INFO - Setting next_dagrun for example_branch_datetime_operator to 2025-12-05 00:00:00+00:00, run_after=2025-12-06 00:00:00+00:00
[2025-12-06T05:45:37.765+0000] {logging_mixin.py:188} INFO - [2025-12-06T05:45:37.764+0000] {dag.py:3823} INFO - Setting next_dagrun for example_branch_datetime_operator_2 to 2025-12-05 00:00:00+00:00, run_after=2025-12-06 00:00:00+00:00
[2025-12-06T05:45:37.771+0000] {logging_mixin.py:188} INFO - [2025-12-06T05:45:37.770+0000] {dag.py:3823} INFO - Setting next_dagrun for example_branch_datetime_operator_3 to 2025-12-05 00:00:00+00:00, run_after=2025-12-06 00:00:00+00:00
[2025-12-06T05:45:37.817+0000] {processor.py:183} INFO - Processing /home/airflow/.local/lib/python3.8/site-packages/airflow/example_dags/example_branch_datetime_operator.py took 0.555 seconds
[2025-12-06T05:46:08.149+0000] {processor.py:161} INFO - Started process (PID=130) to work on /home/airflow/.local/lib/python3.8/site-packages/airflow/example_dags/example_branch_datetime_operator.py
[2025-12-06T05:46:08.151+0000] {processor.py:830} INFO - Processing file /home/airflow/.local/lib/python3.8/site-packages/airflow/example_dags/example_branch_datetime_operator.py for tasks to queue
[2025-12-06T05:46:08.154+0000] {logging_mixin.py:188} INFO - [2025-12-06T05:46:08.153+0000] {dagbag.py:538} INFO - Filling up the DagBag from /home/airflow/.local/lib/python3.8/site-packages/airflow/example_dags/example_branch_datetime_operator.py
[2025-12-06T05:46:08.171+0000] {processor.py:840} INFO - DAG(s) 'example_branch_datetime_operator_3', 'example_branch_datetime_operator_2', 'example_branch_datetime_operator' retrieved from /home/airflow/.local/lib/python3.8/site-packages/airflow/example_dags/example_branch_datetime_operator.py
[2025-12-06T05:46:08.232+0000] {logging_mixin.py:188} INFO - [2025-12-06T05:46:08.232+0000] {dag.py:3036} INFO - Sync 3 DAGs
[2025-12-06T05:46:08.304+0000] {logging_mixin.py:188} INFO - [2025-12-06T05:46:08.303+0000] {dag.py:3823} INFO - Setting next_dagrun for example_branch_datetime_operator to 2025-12-05 00:00:00+00:00, run_after=2025-12-06 00:00:00+00:00
[2025-12-06T05:46:08.364+0000] {logging_mixin.py:188} INFO - [2025-12-06T05:46:08.363+0000] {dag.py:3823} INFO - Setting next_dagrun for example_branch_datetime_operator_2 to 2025-12-05 00:00:00+00:00, run_after=2025-12-06 00:00:00+00:00
[2025-12-06T05:46:08.378+0000] {logging_mixin.py:188} INFO - [2025-12-06T05:46:08.376+0000] {dag.py:3823} INFO - Setting next_dagrun for example_branch_datetime_operator_3 to 2025-12-05 00:00:00+00:00, run_after=2025-12-06 00:00:00+00:00
[2025-12-06T05:46:08.455+0000] {processor.py:183} INFO - Processing /home/airflow/.local/lib/python3.8/site-packages/airflow/example_dags/example_branch_datetime_operator.py took 0.311 seconds
[2025-12-06T05:46:38.553+0000] {processor.py:161} INFO - Started process (PID=185) to work on /home/airflow/.local/lib/python3.8/site-packages/airflow/example_dags/example_branch_datetime_operator.py
[2025-12-06T05:46:38.557+0000] {processor.py:830} INFO - Processing file /home/airflow/.local/lib/python3.8/site-packages/airflow/example_dags/example_branch_datetime_operator.py for tasks to queue
[2025-12-06T05:46:38.560+0000] {logging_mixin.py:188} INFO - [2025-12-06T05:46:38.559+0000] {dagbag.py:538} INFO - Filling up the DagBag from /home/airflow/.local/lib/python3.8/site-packages/airflow/example_dags/example_branch_datetime_operator.py
[2025-12-06T05:46:38.583+0000] {processor.py:840} INFO - DAG(s) 'example_branch_datetime_operator_2', 'example_branch_datetime_operator_3', 'example_branch_datetime_operator' retrieved from /home/airflow/.local/lib/python3.8/site-packages/airflow/example_dags/example_branch_datetime_operator.py
[2025-12-06T05:46:38.630+0000] {logging_mixin.py:188} INFO - [2025-12-06T05:46:38.630+0000] {dag.py:3036} INFO - Sync 3 DAGs
[2025-12-06T05:46:38.667+0000] {logging_mixin.py:188} INFO - [2025-12-06T05:46:38.666+0000] {dag.py:3823} INFO - Setting next_dagrun for example_branch_datetime_operator to 2025-12-05 00:00:00+00:00, run_after=2025-12-06 00:00:00+00:00
[2025-12-06T05:46:38.674+0000] {logging_mixin.py:188} INFO - [2025-12-06T05:46:38.674+0000] {dag.py:3823} INFO - Setting next_dagrun for example_branch_datetime_operator_2 to 2025-12-05 00:00:00+00:00, run_after=2025-12-06 00:00:00+00:00
[2025-12-06T05:46:38.679+0000] {logging_mixin.py:188} INFO - [2025-12-06T05:46:38.679+0000] {dag.py:3823} INFO - Setting next_dagrun for example_branch_datetime_operator_3 to 2025-12-05 00:00:00+00:00, run_after=2025-12-06 00:00:00+00:00
[2025-12-06T05:46:38.716+0000] {processor.py:183} INFO - Processing /home/airflow/.local/lib/python3.8/site-packages/airflow/example_dags/example_branch_datetime_operator.py took 0.171 seconds
[2025-12-06T05:47:09.092+0000] {processor.py:161} INFO - Started process (PID=240) to work on /home/airflow/.local/lib/python3.8/site-packages/airflow/example_dags/example_branch_datetime_operator.py
[2025-12-06T05:47:09.094+0000] {processor.py:830} INFO - Processing file /home/airflow/.local/lib/python3.8/site-packages/airflow/example_dags/example_branch_datetime_operator.py for tasks to queue
[2025-12-06T05:47:09.097+0000] {logging_mixin.py:188} INFO - [2025-12-06T05:47:09.096+0000] {dagbag.py:538} INFO - Filling up the DagBag from /home/airflow/.local/lib/python3.8/site-packages/airflow/example_dags/example_branch_datetime_operator.py
[2025-12-06T05:47:09.115+0000] {processor.py:840} INFO - DAG(s) 'example_branch_datetime_operator_2', 'example_branch_datetime_operator_3', 'example_branch_datetime_operator' retrieved from /home/airflow/.local/lib/python3.8/site-packages/airflow/example_dags/example_branch_datetime_operator.py
[2025-12-06T05:47:09.163+0000] {logging_mixin.py:188} INFO - [2025-12-06T05:47:09.163+0000] {dag.py:3036} INFO - Sync 3 DAGs
[2025-12-06T05:47:09.205+0000] {logging_mixin.py:188} INFO - [2025-12-06T05:47:09.205+0000] {dag.py:3823} INFO - Setting next_dagrun for example_branch_datetime_operator to 2025-12-05 00:00:00+00:00, run_after=2025-12-06 00:00:00+00:00
[2025-12-06T05:47:09.213+0000] {logging_mixin.py:188} INFO - [2025-12-06T05:47:09.212+0000] {dag.py:3823} INFO - Setting next_dagrun for example_branch_datetime_operator_2 to 2025-12-05 00:00:00+00:00, run_after=2025-12-06 00:00:00+00:00
[2025-12-06T05:47:09.218+0000] {logging_mixin.py:188} INFO - [2025-12-06T05:47:09.217+0000] {dag.py:3823} INFO - Setting next_dagrun for example_branch_datetime_operator_3 to 2025-12-05 00:00:00+00:00, run_after=2025-12-06 00:00:00+00:00
[2025-12-06T05:47:09.252+0000] {processor.py:183} INFO - Processing /home/airflow/.local/lib/python3.8/site-packages/airflow/example_dags/example_branch_datetime_operator.py took 0.165 seconds
[2025-12-06T05:47:39.418+0000] {processor.py:161} INFO - Started process (PID=295) to work on /home/airflow/.local/lib/python3.8/site-packages/airflow/example_dags/example_branch_datetime_operator.py
[2025-12-06T05:47:39.420+0000] {processor.py:830} INFO - Processing file /home/airflow/.local/lib/python3.8/site-packages/airflow/example_dags/example_branch_datetime_operator.py for tasks to queue
[2025-12-06T05:47:39.427+0000] {logging_mixin.py:188} INFO - [2025-12-06T05:47:39.426+0000] {dagbag.py:538} INFO - Filling up the DagBag from /home/airflow/.local/lib/python3.8/site-packages/airflow/example_dags/example_branch_datetime_operator.py
[2025-12-06T05:47:39.443+0000] {processor.py:840} INFO - DAG(s) 'example_branch_datetime_operator_2', 'example_branch_datetime_operator', 'example_branch_datetime_operator_3' retrieved from /home/airflow/.local/lib/python3.8/site-packages/airflow/example_dags/example_branch_datetime_operator.py
[2025-12-06T05:47:39.484+0000] {logging_mixin.py:188} INFO - [2025-12-06T05:47:39.484+0000] {dag.py:3036} INFO - Sync 3 DAGs
[2025-12-06T05:47:39.519+0000] {logging_mixin.py:188} INFO - [2025-12-06T05:47:39.518+0000] {dag.py:3823} INFO - Setting next_dagrun for example_branch_datetime_operator to 2025-12-05 00:00:00+00:00, run_after=2025-12-06 00:00:00+00:00
[2025-12-06T05:47:39.526+0000] {logging_mixin.py:188} INFO - [2025-12-06T05:47:39.526+0000] {dag.py:3823} INFO - Setting next_dagrun for example_branch_datetime_operator_2 to 2025-12-05 00:00:00+00:00, run_after=2025-12-06 00:00:00+00:00
[2025-12-06T05:47:39.531+0000] {logging_mixin.py:188} INFO - [2025-12-06T05:47:39.531+0000] {dag.py:3823} INFO - Setting next_dagrun for example_branch_datetime_operator_3 to 2025-12-05 00:00:00+00:00, run_after=2025-12-06 00:00:00+00:00
[2025-12-06T05:47:39.565+0000] {processor.py:183} INFO - Processing /home/airflow/.local/lib/python3.8/site-packages/airflow/example_dags/example_branch_datetime_operator.py took 0.152 seconds
[2025-12-06T05:48:10.126+0000] {processor.py:161} INFO - Started process (PID=350) to work on /home/airflow/.local/lib/python3.8/site-packages/airflow/example_dags/example_branch_datetime_operator.py
[2025-12-06T05:48:10.127+0000] {processor.py:830} INFO - Processing file /home/airflow/.local/lib/python3.8/site-packages/airflow/example_dags/example_branch_datetime_operator.py for tasks to queue
[2025-12-06T05:48:10.129+0000] {logging_mixin.py:188} INFO - [2025-12-06T05:48:10.129+0000] {dagbag.py:538} INFO - Filling up the DagBag from /home/airflow/.local/lib/python3.8/site-packages/airflow/example_dags/example_branch_datetime_operator.py
[2025-12-06T05:48:10.143+0000] {processor.py:840} INFO - DAG(s) 'example_branch_datetime_operator_3', 'example_branch_datetime_operator', 'example_branch_datetime_operator_2' retrieved from /home/airflow/.local/lib/python3.8/site-packages/airflow/example_dags/example_branch_datetime_operator.py
[2025-12-06T05:48:10.192+0000] {logging_mixin.py:188} INFO - [2025-12-06T05:48:10.191+0000] {dag.py:3036} INFO - Sync 3 DAGs
[2025-12-06T05:48:10.228+0000] {logging_mixin.py:188} INFO - [2025-12-06T05:48:10.228+0000] {dag.py:3823} INFO - Setting next_dagrun for example_branch_datetime_operator to 2025-12-05 00:00:00+00:00, run_after=2025-12-06 00:00:00+00:00
[2025-12-06T05:48:10.236+0000] {logging_mixin.py:188} INFO - [2025-12-06T05:48:10.235+0000] {dag.py:3823} INFO - Setting next_dagrun for example_branch_datetime_operator_2 to 2025-12-05 00:00:00+00:00, run_after=2025-12-06 00:00:00+00:00
[2025-12-06T05:48:10.241+0000] {logging_mixin.py:188} INFO - [2025-12-06T05:48:10.241+0000] {dag.py:3823} INFO - Setting next_dagrun for example_branch_datetime_operator_3 to 2025-12-05 00:00:00+00:00, run_after=2025-12-06 00:00:00+00:00
[2025-12-06T05:48:10.269+0000] {processor.py:183} INFO - Processing /home/airflow/.local/lib/python3.8/site-packages/airflow/example_dags/example_branch_datetime_operator.py took 0.148 seconds
[2025-12-06T05:48:40.402+0000] {processor.py:161} INFO - Started process (PID=405) to work on /home/airflow/.local/lib/python3.8/site-packages/airflow/example_dags/example_branch_datetime_operator.py
[2025-12-06T05:48:40.403+0000] {processor.py:830} INFO - Processing file /home/airflow/.local/lib/python3.8/site-packages/airflow/example_dags/example_branch_datetime_operator.py for tasks to queue
[2025-12-06T05:48:40.406+0000] {logging_mixin.py:188} INFO - [2025-12-06T05:48:40.406+0000] {dagbag.py:538} INFO - Filling up the DagBag from /home/airflow/.local/lib/python3.8/site-packages/airflow/example_dags/example_branch_datetime_operator.py
[2025-12-06T05:48:40.419+0000] {processor.py:840} INFO - DAG(s) 'example_branch_datetime_operator_3', 'example_branch_datetime_operator_2', 'example_branch_datetime_operator' retrieved from /home/airflow/.local/lib/python3.8/site-packages/airflow/example_dags/example_branch_datetime_operator.py
[2025-12-06T05:48:40.460+0000] {logging_mixin.py:188} INFO - [2025-12-06T05:48:40.460+0000] {dag.py:3036} INFO - Sync 3 DAGs
[2025-12-06T05:48:40.496+0000] {logging_mixin.py:188} INFO - [2025-12-06T05:48:40.496+0000] {dag.py:3823} INFO - Setting next_dagrun for example_branch_datetime_operator to 2025-12-05 00:00:00+00:00, run_after=2025-12-06 00:00:00+00:00
[2025-12-06T05:48:40.505+0000] {logging_mixin.py:188} INFO - [2025-12-06T05:48:40.505+0000] {dag.py:3823} INFO - Setting next_dagrun for example_branch_datetime_operator_2 to 2025-12-05 00:00:00+00:00, run_after=2025-12-06 00:00:00+00:00
[2025-12-06T05:48:40.510+0000] {logging_mixin.py:188} INFO - [2025-12-06T05:48:40.509+0000] {dag.py:3823} INFO - Setting next_dagrun for example_branch_datetime_operator_3 to 2025-12-05 00:00:00+00:00, run_after=2025-12-06 00:00:00+00:00
[2025-12-06T05:48:40.541+0000] {processor.py:183} INFO - Processing /home/airflow/.local/lib/python3.8/site-packages/airflow/example_dags/example_branch_datetime_operator.py took 0.145 seconds
[2025-12-06T05:49:10.873+0000] {processor.py:161} INFO - Started process (PID=460) to work on /home/airflow/.local/lib/python3.8/site-packages/airflow/example_dags/example_branch_datetime_operator.py
[2025-12-06T05:49:10.876+0000] {processor.py:830} INFO - Processing file /home/airflow/.local/lib/python3.8/site-packages/airflow/example_dags/example_branch_datetime_operator.py for tasks to queue
[2025-12-06T05:49:10.879+0000] {logging_mixin.py:188} INFO - [2025-12-06T05:49:10.878+0000] {dagbag.py:538} INFO - Filling up the DagBag from /home/airflow/.local/lib/python3.8/site-packages/airflow/example_dags/example_branch_datetime_operator.py
[2025-12-06T05:49:10.897+0000] {processor.py:840} INFO - DAG(s) 'example_branch_datetime_operator', 'example_branch_datetime_operator_2', 'example_branch_datetime_operator_3' retrieved from /home/airflow/.local/lib/python3.8/site-packages/airflow/example_dags/example_branch_datetime_operator.py
[2025-12-06T05:49:10.935+0000] {logging_mixin.py:188} INFO - [2025-12-06T05:49:10.935+0000] {dag.py:3036} INFO - Sync 3 DAGs
[2025-12-06T05:49:10.974+0000] {logging_mixin.py:188} INFO - [2025-12-06T05:49:10.974+0000] {dag.py:3823} INFO - Setting next_dagrun for example_branch_datetime_operator to 2025-12-05 00:00:00+00:00, run_after=2025-12-06 00:00:00+00:00
[2025-12-06T05:49:10.983+0000] {logging_mixin.py:188} INFO - [2025-12-06T05:49:10.983+0000] {dag.py:3823} INFO - Setting next_dagrun for example_branch_datetime_operator_2 to 2025-12-05 00:00:00+00:00, run_after=2025-12-06 00:00:00+00:00
[2025-12-06T05:49:10.988+0000] {logging_mixin.py:188} INFO - [2025-12-06T05:49:10.988+0000] {dag.py:3823} INFO - Setting next_dagrun for example_branch_datetime_operator_3 to 2025-12-05 00:00:00+00:00, run_after=2025-12-06 00:00:00+00:00
[2025-12-06T05:49:11.023+0000] {processor.py:183} INFO - Processing /home/airflow/.local/lib/python3.8/site-packages/airflow/example_dags/example_branch_datetime_operator.py took 0.154 seconds
[2025-12-06T05:49:41.238+0000] {processor.py:161} INFO - Started process (PID=515) to work on /home/airflow/.local/lib/python3.8/site-packages/airflow/example_dags/example_branch_datetime_operator.py
[2025-12-06T05:49:41.241+0000] {processor.py:830} INFO - Processing file /home/airflow/.local/lib/python3.8/site-packages/airflow/example_dags/example_branch_datetime_operator.py for tasks to queue
[2025-12-06T05:49:41.244+0000] {logging_mixin.py:188} INFO - [2025-12-06T05:49:41.244+0000] {dagbag.py:538} INFO - Filling up the DagBag from /home/airflow/.local/lib/python3.8/site-packages/airflow/example_dags/example_branch_datetime_operator.py
[2025-12-06T05:49:41.269+0000] {processor.py:840} INFO - DAG(s) 'example_branch_datetime_operator', 'example_branch_datetime_operator_2', 'example_branch_datetime_operator_3' retrieved from /home/airflow/.local/lib/python3.8/site-packages/airflow/example_dags/example_branch_datetime_operator.py
[2025-12-06T05:49:41.317+0000] {logging_mixin.py:188} INFO - [2025-12-06T05:49:41.316+0000] {dag.py:3036} INFO - Sync 3 DAGs
[2025-12-06T05:49:41.356+0000] {logging_mixin.py:188} INFO - [2025-12-06T05:49:41.355+0000] {dag.py:3823} INFO - Setting next_dagrun for example_branch_datetime_operator to 2025-12-05 00:00:00+00:00, run_after=2025-12-06 00:00:00+00:00
[2025-12-06T05:49:41.364+0000] {logging_mixin.py:188} INFO - [2025-12-06T05:49:41.364+0000] {dag.py:3823} INFO - Setting next_dagrun for example_branch_datetime_operator_2 to 2025-12-05 00:00:00+00:00, run_after=2025-12-06 00:00:00+00:00
[2025-12-06T05:49:41.369+0000] {logging_mixin.py:188} INFO - [2025-12-06T05:49:41.369+0000] {dag.py:3823} INFO - Setting next_dagrun for example_branch_datetime_operator_3 to 2025-12-05 00:00:00+00:00, run_after=2025-12-06 00:00:00+00:00
[2025-12-06T05:49:41.403+0000] {processor.py:183} INFO - Processing /home/airflow/.local/lib/python3.8/site-packages/airflow/example_dags/example_branch_datetime_operator.py took 0.171 seconds
[2025-12-06T05:50:11.619+0000] {processor.py:161} INFO - Started process (PID=570) to work on /home/airflow/.local/lib/python3.8/site-packages/airflow/example_dags/example_branch_datetime_operator.py
[2025-12-06T05:50:11.621+0000] {processor.py:830} INFO - Processing file /home/airflow/.local/lib/python3.8/site-packages/airflow/example_dags/example_branch_datetime_operator.py for tasks to queue
[2025-12-06T05:50:11.624+0000] {logging_mixin.py:188} INFO - [2025-12-06T05:50:11.624+0000] {dagbag.py:538} INFO - Filling up the DagBag from /home/airflow/.local/lib/python3.8/site-packages/airflow/example_dags/example_branch_datetime_operator.py
[2025-12-06T05:50:11.643+0000] {processor.py:840} INFO - DAG(s) 'example_branch_datetime_operator_2', 'example_branch_datetime_operator_3', 'example_branch_datetime_operator' retrieved from /home/airflow/.local/lib/python3.8/site-packages/airflow/example_dags/example_branch_datetime_operator.py
[2025-12-06T05:50:11.698+0000] {logging_mixin.py:188} INFO - [2025-12-06T05:50:11.698+0000] {dag.py:3036} INFO - Sync 3 DAGs
[2025-12-06T05:50:11.741+0000] {logging_mixin.py:188} INFO - [2025-12-06T05:50:11.740+0000] {dag.py:3823} INFO - Setting next_dagrun for example_branch_datetime_operator to 2025-12-05 00:00:00+00:00, run_after=2025-12-06 00:00:00+00:00
[2025-12-06T05:50:11.751+0000] {logging_mixin.py:188} INFO - [2025-12-06T05:50:11.750+0000] {dag.py:3823} INFO - Setting next_dagrun for example_branch_datetime_operator_2 to 2025-12-05 00:00:00+00:00, run_after=2025-12-06 00:00:00+00:00
[2025-12-06T05:50:11.756+0000] {logging_mixin.py:188} INFO - [2025-12-06T05:50:11.755+0000] {dag.py:3823} INFO - Setting next_dagrun for example_branch_datetime_operator_3 to 2025-12-05 00:00:00+00:00, run_after=2025-12-06 00:00:00+00:00
[2025-12-06T05:50:11.793+0000] {processor.py:183} INFO - Processing /home/airflow/.local/lib/python3.8/site-packages/airflow/example_dags/example_branch_datetime_operator.py took 0.182 seconds
[2025-12-06T05:50:42.227+0000] {processor.py:161} INFO - Started process (PID=625) to work on /home/airflow/.local/lib/python3.8/site-packages/airflow/example_dags/example_branch_datetime_operator.py
[2025-12-06T05:50:42.229+0000] {processor.py:830} INFO - Processing file /home/airflow/.local/lib/python3.8/site-packages/airflow/example_dags/example_branch_datetime_operator.py for tasks to queue
[2025-12-06T05:50:42.233+0000] {logging_mixin.py:188} INFO - [2025-12-06T05:50:42.232+0000] {dagbag.py:538} INFO - Filling up the DagBag from /home/airflow/.local/lib/python3.8/site-packages/airflow/example_dags/example_branch_datetime_operator.py
[2025-12-06T05:50:42.250+0000] {processor.py:840} INFO - DAG(s) 'example_branch_datetime_operator_2', 'example_branch_datetime_operator_3', 'example_branch_datetime_operator' retrieved from /home/airflow/.local/lib/python3.8/site-packages/airflow/example_dags/example_branch_datetime_operator.py
[2025-12-06T05:50:42.291+0000] {logging_mixin.py:188} INFO - [2025-12-06T05:50:42.291+0000] {dag.py:3036} INFO - Sync 3 DAGs
[2025-12-06T05:50:42.329+0000] {logging_mixin.py:188} INFO - [2025-12-06T05:50:42.329+0000] {dag.py:3823} INFO - Setting next_dagrun for example_branch_datetime_operator to 2025-12-05 00:00:00+00:00, run_after=2025-12-06 00:00:00+00:00
[2025-12-06T05:50:42.337+0000] {logging_mixin.py:188} INFO - [2025-12-06T05:50:42.337+0000] {dag.py:3823} INFO - Setting next_dagrun for example_branch_datetime_operator_2 to 2025-12-05 00:00:00+00:00, run_after=2025-12-06 00:00:00+00:00
[2025-12-06T05:50:42.341+0000] {logging_mixin.py:188} INFO - [2025-12-06T05:50:42.341+0000] {dag.py:3823} INFO - Setting next_dagrun for example_branch_datetime_operator_3 to 2025-12-05 00:00:00+00:00, run_after=2025-12-06 00:00:00+00:00
[2025-12-06T05:50:42.370+0000] {processor.py:183} INFO - Processing /home/airflow/.local/lib/python3.8/site-packages/airflow/example_dags/example_branch_datetime_operator.py took 0.147 seconds
[2025-12-06T05:51:12.694+0000] {processor.py:161} INFO - Started process (PID=680) to work on /home/airflow/.local/lib/python3.8/site-packages/airflow/example_dags/example_branch_datetime_operator.py
[2025-12-06T05:51:12.696+0000] {processor.py:830} INFO - Processing file /home/airflow/.local/lib/python3.8/site-packages/airflow/example_dags/example_branch_datetime_operator.py for tasks to queue
[2025-12-06T05:51:12.699+0000] {logging_mixin.py:188} INFO - [2025-12-06T05:51:12.699+0000] {dagbag.py:538} INFO - Filling up the DagBag from /home/airflow/.local/lib/python3.8/site-packages/airflow/example_dags/example_branch_datetime_operator.py
[2025-12-06T05:51:12.716+0000] {processor.py:840} INFO - DAG(s) 'example_branch_datetime_operator_3', 'example_branch_datetime_operator', 'example_branch_datetime_operator_2' retrieved from /home/airflow/.local/lib/python3.8/site-packages/airflow/example_dags/example_branch_datetime_operator.py
[2025-12-06T05:51:12.759+0000] {logging_mixin.py:188} INFO - [2025-12-06T05:51:12.759+0000] {dag.py:3036} INFO - Sync 3 DAGs
[2025-12-06T05:51:12.791+0000] {logging_mixin.py:188} INFO - [2025-12-06T05:51:12.791+0000] {dag.py:3823} INFO - Setting next_dagrun for example_branch_datetime_operator to 2025-12-05 00:00:00+00:00, run_after=2025-12-06 00:00:00+00:00
[2025-12-06T05:51:12.799+0000] {logging_mixin.py:188} INFO - [2025-12-06T05:51:12.798+0000] {dag.py:3823} INFO - Setting next_dagrun for example_branch_datetime_operator_2 to 2025-12-05 00:00:00+00:00, run_after=2025-12-06 00:00:00+00:00
[2025-12-06T05:51:12.803+0000] {logging_mixin.py:188} INFO - [2025-12-06T05:51:12.802+0000] {dag.py:3823} INFO - Setting next_dagrun for example_branch_datetime_operator_3 to 2025-12-05 00:00:00+00:00, run_after=2025-12-06 00:00:00+00:00
[2025-12-06T05:51:12.831+0000] {processor.py:183} INFO - Processing /home/airflow/.local/lib/python3.8/site-packages/airflow/example_dags/example_branch_datetime_operator.py took 0.141 seconds
[2025-12-06T05:51:43.166+0000] {processor.py:161} INFO - Started process (PID=735) to work on /home/airflow/.local/lib/python3.8/site-packages/airflow/example_dags/example_branch_datetime_operator.py
[2025-12-06T05:51:43.168+0000] {processor.py:830} INFO - Processing file /home/airflow/.local/lib/python3.8/site-packages/airflow/example_dags/example_branch_datetime_operator.py for tasks to queue
[2025-12-06T05:51:43.172+0000] {logging_mixin.py:188} INFO - [2025-12-06T05:51:43.171+0000] {dagbag.py:538} INFO - Filling up the DagBag from /home/airflow/.local/lib/python3.8/site-packages/airflow/example_dags/example_branch_datetime_operator.py
[2025-12-06T05:51:43.185+0000] {processor.py:840} INFO - DAG(s) 'example_branch_datetime_operator_2', 'example_branch_datetime_operator', 'example_branch_datetime_operator_3' retrieved from /home/airflow/.local/lib/python3.8/site-packages/airflow/example_dags/example_branch_datetime_operator.py
[2025-12-06T05:51:43.229+0000] {logging_mixin.py:188} INFO - [2025-12-06T05:51:43.229+0000] {dag.py:3036} INFO - Sync 3 DAGs
[2025-12-06T05:51:43.260+0000] {logging_mixin.py:188} INFO - [2025-12-06T05:51:43.259+0000] {dag.py:3823} INFO - Setting next_dagrun for example_branch_datetime_operator to 2025-12-05 00:00:00+00:00, run_after=2025-12-06 00:00:00+00:00
[2025-12-06T05:51:43.267+0000] {logging_mixin.py:188} INFO - [2025-12-06T05:51:43.267+0000] {dag.py:3823} INFO - Setting next_dagrun for example_branch_datetime_operator_2 to 2025-12-05 00:00:00+00:00, run_after=2025-12-06 00:00:00+00:00
[2025-12-06T05:51:43.271+0000] {logging_mixin.py:188} INFO - [2025-12-06T05:51:43.271+0000] {dag.py:3823} INFO - Setting next_dagrun for example_branch_datetime_operator_3 to 2025-12-05 00:00:00+00:00, run_after=2025-12-06 00:00:00+00:00
[2025-12-06T05:51:43.297+0000] {processor.py:183} INFO - Processing /home/airflow/.local/lib/python3.8/site-packages/airflow/example_dags/example_branch_datetime_operator.py took 0.136 seconds
[2025-12-06T05:52:13.759+0000] {processor.py:161} INFO - Started process (PID=790) to work on /home/airflow/.local/lib/python3.8/site-packages/airflow/example_dags/example_branch_datetime_operator.py
[2025-12-06T05:52:13.760+0000] {processor.py:830} INFO - Processing file /home/airflow/.local/lib/python3.8/site-packages/airflow/example_dags/example_branch_datetime_operator.py for tasks to queue
[2025-12-06T05:52:13.764+0000] {logging_mixin.py:188} INFO - [2025-12-06T05:52:13.763+0000] {dagbag.py:538} INFO - Filling up the DagBag from /home/airflow/.local/lib/python3.8/site-packages/airflow/example_dags/example_branch_datetime_operator.py
[2025-12-06T05:52:13.779+0000] {processor.py:840} INFO - DAG(s) 'example_branch_datetime_operator', 'example_branch_datetime_operator_2', 'example_branch_datetime_operator_3' retrieved from /home/airflow/.local/lib/python3.8/site-packages/airflow/example_dags/example_branch_datetime_operator.py
[2025-12-06T05:52:13.823+0000] {logging_mixin.py:188} INFO - [2025-12-06T05:52:13.822+0000] {dag.py:3036} INFO - Sync 3 DAGs
[2025-12-06T05:52:13.859+0000] {logging_mixin.py:188} INFO - [2025-12-06T05:52:13.859+0000] {dag.py:3823} INFO - Setting next_dagrun for example_branch_datetime_operator to 2025-12-05 00:00:00+00:00, run_after=2025-12-06 00:00:00+00:00
[2025-12-06T05:52:13.871+0000] {logging_mixin.py:188} INFO - [2025-12-06T05:52:13.871+0000] {dag.py:3823} INFO - Setting next_dagrun for example_branch_datetime_operator_2 to 2025-12-05 00:00:00+00:00, run_after=2025-12-06 00:00:00+00:00
[2025-12-06T05:52:13.876+0000] {logging_mixin.py:188} INFO - [2025-12-06T05:52:13.875+0000] {dag.py:3823} INFO - Setting next_dagrun for example_branch_datetime_operator_3 to 2025-12-05 00:00:00+00:00, run_after=2025-12-06 00:00:00+00:00
[2025-12-06T05:52:13.908+0000] {processor.py:183} INFO - Processing /home/airflow/.local/lib/python3.8/site-packages/airflow/example_dags/example_branch_datetime_operator.py took 0.154 seconds
[2025-12-06T05:52:43.944+0000] {processor.py:161} INFO - Started process (PID=845) to work on /home/airflow/.local/lib/python3.8/site-packages/airflow/example_dags/example_branch_datetime_operator.py
[2025-12-06T05:52:43.946+0000] {processor.py:830} INFO - Processing file /home/airflow/.local/lib/python3.8/site-packages/airflow/example_dags/example_branch_datetime_operator.py for tasks to queue
[2025-12-06T05:52:43.949+0000] {logging_mixin.py:188} INFO - [2025-12-06T05:52:43.949+0000] {dagbag.py:538} INFO - Filling up the DagBag from /home/airflow/.local/lib/python3.8/site-packages/airflow/example_dags/example_branch_datetime_operator.py
[2025-12-06T05:52:43.968+0000] {processor.py:840} INFO - DAG(s) 'example_branch_datetime_operator_3', 'example_branch_datetime_operator', 'example_branch_datetime_operator_2' retrieved from /home/airflow/.local/lib/python3.8/site-packages/airflow/example_dags/example_branch_datetime_operator.py
[2025-12-06T05:52:44.015+0000] {logging_mixin.py:188} INFO - [2025-12-06T05:52:44.014+0000] {dag.py:3036} INFO - Sync 3 DAGs
[2025-12-06T05:52:44.060+0000] {logging_mixin.py:188} INFO - [2025-12-06T05:52:44.060+0000] {dag.py:3823} INFO - Setting next_dagrun for example_branch_datetime_operator to 2025-12-05 00:00:00+00:00, run_after=2025-12-06 00:00:00+00:00
[2025-12-06T05:52:44.070+0000] {logging_mixin.py:188} INFO - [2025-12-06T05:52:44.070+0000] {dag.py:3823} INFO - Setting next_dagrun for example_branch_datetime_operator_2 to 2025-12-05 00:00:00+00:00, run_after=2025-12-06 00:00:00+00:00
[2025-12-06T05:52:44.075+0000] {logging_mixin.py:188} INFO - [2025-12-06T05:52:44.075+0000] {dag.py:3823} INFO - Setting next_dagrun for example_branch_datetime_operator_3 to 2025-12-05 00:00:00+00:00, run_after=2025-12-06 00:00:00+00:00
[2025-12-06T05:52:44.108+0000] {processor.py:183} INFO - Processing /home/airflow/.local/lib/python3.8/site-packages/airflow/example_dags/example_branch_datetime_operator.py took 0.168 seconds
[2025-12-06T05:53:14.381+0000] {processor.py:161} INFO - Started process (PID=900) to work on /home/airflow/.local/lib/python3.8/site-packages/airflow/example_dags/example_branch_datetime_operator.py
[2025-12-06T05:53:14.383+0000] {processor.py:830} INFO - Processing file /home/airflow/.local/lib/python3.8/site-packages/airflow/example_dags/example_branch_datetime_operator.py for tasks to queue
[2025-12-06T05:53:14.386+0000] {logging_mixin.py:188} INFO - [2025-12-06T05:53:14.386+0000] {dagbag.py:538} INFO - Filling up the DagBag from /home/airflow/.local/lib/python3.8/site-packages/airflow/example_dags/example_branch_datetime_operator.py
[2025-12-06T05:53:14.401+0000] {processor.py:840} INFO - DAG(s) 'example_branch_datetime_operator', 'example_branch_datetime_operator_3', 'example_branch_datetime_operator_2' retrieved from /home/airflow/.local/lib/python3.8/site-packages/airflow/example_dags/example_branch_datetime_operator.py
[2025-12-06T05:53:14.446+0000] {logging_mixin.py:188} INFO - [2025-12-06T05:53:14.446+0000] {dag.py:3036} INFO - Sync 3 DAGs
[2025-12-06T05:53:14.482+0000] {logging_mixin.py:188} INFO - [2025-12-06T05:53:14.481+0000] {dag.py:3823} INFO - Setting next_dagrun for example_branch_datetime_operator to 2025-12-05 00:00:00+00:00, run_after=2025-12-06 00:00:00+00:00
[2025-12-06T05:53:14.488+0000] {logging_mixin.py:188} INFO - [2025-12-06T05:53:14.488+0000] {dag.py:3823} INFO - Setting next_dagrun for example_branch_datetime_operator_2 to 2025-12-05 00:00:00+00:00, run_after=2025-12-06 00:00:00+00:00
[2025-12-06T05:53:14.492+0000] {logging_mixin.py:188} INFO - [2025-12-06T05:53:14.492+0000] {dag.py:3823} INFO - Setting next_dagrun for example_branch_datetime_operator_3 to 2025-12-05 00:00:00+00:00, run_after=2025-12-06 00:00:00+00:00
[2025-12-06T05:53:14.517+0000] {processor.py:183} INFO - Processing /home/airflow/.local/lib/python3.8/site-packages/airflow/example_dags/example_branch_datetime_operator.py took 0.147 seconds
[2025-12-06T05:53:44.789+0000] {processor.py:161} INFO - Started process (PID=955) to work on /home/airflow/.local/lib/python3.8/site-packages/airflow/example_dags/example_branch_datetime_operator.py
[2025-12-06T05:53:44.791+0000] {processor.py:830} INFO - Processing file /home/airflow/.local/lib/python3.8/site-packages/airflow/example_dags/example_branch_datetime_operator.py for tasks to queue
[2025-12-06T05:53:44.794+0000] {logging_mixin.py:188} INFO - [2025-12-06T05:53:44.793+0000] {dagbag.py:538} INFO - Filling up the DagBag from /home/airflow/.local/lib/python3.8/site-packages/airflow/example_dags/example_branch_datetime_operator.py
[2025-12-06T05:53:44.806+0000] {processor.py:840} INFO - DAG(s) 'example_branch_datetime_operator', 'example_branch_datetime_operator_3', 'example_branch_datetime_operator_2' retrieved from /home/airflow/.local/lib/python3.8/site-packages/airflow/example_dags/example_branch_datetime_operator.py
[2025-12-06T05:53:44.845+0000] {logging_mixin.py:188} INFO - [2025-12-06T05:53:44.845+0000] {dag.py:3036} INFO - Sync 3 DAGs
[2025-12-06T05:53:44.877+0000] {logging_mixin.py:188} INFO - [2025-12-06T05:53:44.876+0000] {dag.py:3823} INFO - Setting next_dagrun for example_branch_datetime_operator to 2025-12-05 00:00:00+00:00, run_after=2025-12-06 00:00:00+00:00
[2025-12-06T05:53:44.884+0000] {logging_mixin.py:188} INFO - [2025-12-06T05:53:44.884+0000] {dag.py:3823} INFO - Setting next_dagrun for example_branch_datetime_operator_2 to 2025-12-05 00:00:00+00:00, run_after=2025-12-06 00:00:00+00:00
[2025-12-06T05:53:44.889+0000] {logging_mixin.py:188} INFO - [2025-12-06T05:53:44.888+0000] {dag.py:3823} INFO - Setting next_dagrun for example_branch_datetime_operator_3 to 2025-12-05 00:00:00+00:00, run_after=2025-12-06 00:00:00+00:00
[2025-12-06T05:53:44.915+0000] {processor.py:183} INFO - Processing /home/airflow/.local/lib/python3.8/site-packages/airflow/example_dags/example_branch_datetime_operator.py took 0.130 seconds
[2025-12-06T05:54:15.149+0000] {processor.py:161} INFO - Started process (PID=1014) to work on /home/airflow/.local/lib/python3.8/site-packages/airflow/example_dags/example_branch_datetime_operator.py
[2025-12-06T05:54:15.151+0000] {processor.py:830} INFO - Processing file /home/airflow/.local/lib/python3.8/site-packages/airflow/example_dags/example_branch_datetime_operator.py for tasks to queue
[2025-12-06T05:54:15.154+0000] {logging_mixin.py:188} INFO - [2025-12-06T05:54:15.154+0000] {dagbag.py:538} INFO - Filling up the DagBag from /home/airflow/.local/lib/python3.8/site-packages/airflow/example_dags/example_branch_datetime_operator.py
[2025-12-06T05:54:15.170+0000] {processor.py:840} INFO - DAG(s) 'example_branch_datetime_operator_2', 'example_branch_datetime_operator_3', 'example_branch_datetime_operator' retrieved from /home/airflow/.local/lib/python3.8/site-packages/airflow/example_dags/example_branch_datetime_operator.py
[2025-12-06T05:54:15.221+0000] {logging_mixin.py:188} INFO - [2025-12-06T05:54:15.220+0000] {dag.py:3036} INFO - Sync 3 DAGs
[2025-12-06T05:54:15.259+0000] {logging_mixin.py:188} INFO - [2025-12-06T05:54:15.258+0000] {dag.py:3823} INFO - Setting next_dagrun for example_branch_datetime_operator to 2025-12-05 00:00:00+00:00, run_after=2025-12-06 00:00:00+00:00
[2025-12-06T05:54:15.268+0000] {logging_mixin.py:188} INFO - [2025-12-06T05:54:15.267+0000] {dag.py:3823} INFO - Setting next_dagrun for example_branch_datetime_operator_2 to 2025-12-05 00:00:00+00:00, run_after=2025-12-06 00:00:00+00:00
[2025-12-06T05:54:15.272+0000] {logging_mixin.py:188} INFO - [2025-12-06T05:54:15.272+0000] {dag.py:3823} INFO - Setting next_dagrun for example_branch_datetime_operator_3 to 2025-12-05 00:00:00+00:00, run_after=2025-12-06 00:00:00+00:00
[2025-12-06T05:54:15.303+0000] {processor.py:183} INFO - Processing /home/airflow/.local/lib/python3.8/site-packages/airflow/example_dags/example_branch_datetime_operator.py took 0.159 seconds
[2025-12-06T05:54:45.921+0000] {processor.py:161} INFO - Started process (PID=1072) to work on /home/airflow/.local/lib/python3.8/site-packages/airflow/example_dags/example_branch_datetime_operator.py
[2025-12-06T05:54:45.922+0000] {processor.py:830} INFO - Processing file /home/airflow/.local/lib/python3.8/site-packages/airflow/example_dags/example_branch_datetime_operator.py for tasks to queue
[2025-12-06T05:54:45.926+0000] {logging_mixin.py:188} INFO - [2025-12-06T05:54:45.926+0000] {dagbag.py:538} INFO - Filling up the DagBag from /home/airflow/.local/lib/python3.8/site-packages/airflow/example_dags/example_branch_datetime_operator.py
[2025-12-06T05:54:45.944+0000] {processor.py:840} INFO - DAG(s) 'example_branch_datetime_operator_2', 'example_branch_datetime_operator', 'example_branch_datetime_operator_3' retrieved from /home/airflow/.local/lib/python3.8/site-packages/airflow/example_dags/example_branch_datetime_operator.py
[2025-12-06T05:54:45.987+0000] {logging_mixin.py:188} INFO - [2025-12-06T05:54:45.986+0000] {dag.py:3036} INFO - Sync 3 DAGs
[2025-12-06T05:54:46.018+0000] {logging_mixin.py:188} INFO - [2025-12-06T05:54:46.018+0000] {dag.py:3823} INFO - Setting next_dagrun for example_branch_datetime_operator to 2025-12-05 00:00:00+00:00, run_after=2025-12-06 00:00:00+00:00
[2025-12-06T05:54:46.024+0000] {logging_mixin.py:188} INFO - [2025-12-06T05:54:46.024+0000] {dag.py:3823} INFO - Setting next_dagrun for example_branch_datetime_operator_2 to 2025-12-05 00:00:00+00:00, run_after=2025-12-06 00:00:00+00:00
[2025-12-06T05:54:46.029+0000] {logging_mixin.py:188} INFO - [2025-12-06T05:54:46.028+0000] {dag.py:3823} INFO - Setting next_dagrun for example_branch_datetime_operator_3 to 2025-12-05 00:00:00+00:00, run_after=2025-12-06 00:00:00+00:00
[2025-12-06T05:54:46.057+0000] {processor.py:183} INFO - Processing /home/airflow/.local/lib/python3.8/site-packages/airflow/example_dags/example_branch_datetime_operator.py took 0.142 seconds
[2025-12-06T05:55:16.288+0000] {processor.py:161} INFO - Started process (PID=1127) to work on /home/airflow/.local/lib/python3.8/site-packages/airflow/example_dags/example_branch_datetime_operator.py
[2025-12-06T05:55:16.290+0000] {processor.py:830} INFO - Processing file /home/airflow/.local/lib/python3.8/site-packages/airflow/example_dags/example_branch_datetime_operator.py for tasks to queue
[2025-12-06T05:55:16.292+0000] {logging_mixin.py:188} INFO - [2025-12-06T05:55:16.292+0000] {dagbag.py:538} INFO - Filling up the DagBag from /home/airflow/.local/lib/python3.8/site-packages/airflow/example_dags/example_branch_datetime_operator.py
[2025-12-06T05:55:16.307+0000] {processor.py:840} INFO - DAG(s) 'example_branch_datetime_operator', 'example_branch_datetime_operator_3', 'example_branch_datetime_operator_2' retrieved from /home/airflow/.local/lib/python3.8/site-packages/airflow/example_dags/example_branch_datetime_operator.py
[2025-12-06T05:55:16.344+0000] {logging_mixin.py:188} INFO - [2025-12-06T05:55:16.343+0000] {dag.py:3036} INFO - Sync 3 DAGs
[2025-12-06T05:55:16.373+0000] {logging_mixin.py:188} INFO - [2025-12-06T05:55:16.373+0000] {dag.py:3823} INFO - Setting next_dagrun for example_branch_datetime_operator to 2025-12-05 00:00:00+00:00, run_after=2025-12-06 00:00:00+00:00
[2025-12-06T05:55:16.379+0000] {logging_mixin.py:188} INFO - [2025-12-06T05:55:16.379+0000] {dag.py:3823} INFO - Setting next_dagrun for example_branch_datetime_operator_2 to 2025-12-05 00:00:00+00:00, run_after=2025-12-06 00:00:00+00:00
[2025-12-06T05:55:16.383+0000] {logging_mixin.py:188} INFO - [2025-12-06T05:55:16.383+0000] {dag.py:3823} INFO - Setting next_dagrun for example_branch_datetime_operator_3 to 2025-12-05 00:00:00+00:00, run_after=2025-12-06 00:00:00+00:00
[2025-12-06T05:55:16.409+0000] {processor.py:183} INFO - Processing /home/airflow/.local/lib/python3.8/site-packages/airflow/example_dags/example_branch_datetime_operator.py took 0.125 seconds
[2025-12-06T05:55:46.747+0000] {processor.py:161} INFO - Started process (PID=1183) to work on /home/airflow/.local/lib/python3.8/site-packages/airflow/example_dags/example_branch_datetime_operator.py
[2025-12-06T05:55:46.748+0000] {processor.py:830} INFO - Processing file /home/airflow/.local/lib/python3.8/site-packages/airflow/example_dags/example_branch_datetime_operator.py for tasks to queue
[2025-12-06T05:55:46.751+0000] {logging_mixin.py:188} INFO - [2025-12-06T05:55:46.751+0000] {dagbag.py:538} INFO - Filling up the DagBag from /home/airflow/.local/lib/python3.8/site-packages/airflow/example_dags/example_branch_datetime_operator.py
[2025-12-06T05:55:46.765+0000] {processor.py:840} INFO - DAG(s) 'example_branch_datetime_operator', 'example_branch_datetime_operator_2', 'example_branch_datetime_operator_3' retrieved from /home/airflow/.local/lib/python3.8/site-packages/airflow/example_dags/example_branch_datetime_operator.py
[2025-12-06T05:55:46.805+0000] {logging_mixin.py:188} INFO - [2025-12-06T05:55:46.804+0000] {dag.py:3036} INFO - Sync 3 DAGs
[2025-12-06T05:55:46.836+0000] {logging_mixin.py:188} INFO - [2025-12-06T05:55:46.835+0000] {dag.py:3823} INFO - Setting next_dagrun for example_branch_datetime_operator to 2025-12-05 00:00:00+00:00, run_after=2025-12-06 00:00:00+00:00
[2025-12-06T05:55:46.842+0000] {logging_mixin.py:188} INFO - [2025-12-06T05:55:46.842+0000] {dag.py:3823} INFO - Setting next_dagrun for example_branch_datetime_operator_2 to 2025-12-05 00:00:00+00:00, run_after=2025-12-06 00:00:00+00:00
[2025-12-06T05:55:46.847+0000] {logging_mixin.py:188} INFO - [2025-12-06T05:55:46.847+0000] {dag.py:3823} INFO - Setting next_dagrun for example_branch_datetime_operator_3 to 2025-12-05 00:00:00+00:00, run_after=2025-12-06 00:00:00+00:00
[2025-12-06T05:55:46.875+0000] {processor.py:183} INFO - Processing /home/airflow/.local/lib/python3.8/site-packages/airflow/example_dags/example_branch_datetime_operator.py took 0.132 seconds
[2025-12-06T05:56:17.314+0000] {processor.py:161} INFO - Started process (PID=1241) to work on /home/airflow/.local/lib/python3.8/site-packages/airflow/example_dags/example_branch_datetime_operator.py
[2025-12-06T05:56:17.315+0000] {processor.py:830} INFO - Processing file /home/airflow/.local/lib/python3.8/site-packages/airflow/example_dags/example_branch_datetime_operator.py for tasks to queue
[2025-12-06T05:56:17.319+0000] {logging_mixin.py:188} INFO - [2025-12-06T05:56:17.318+0000] {dagbag.py:538} INFO - Filling up the DagBag from /home/airflow/.local/lib/python3.8/site-packages/airflow/example_dags/example_branch_datetime_operator.py
[2025-12-06T05:56:17.336+0000] {processor.py:840} INFO - DAG(s) 'example_branch_datetime_operator_2', 'example_branch_datetime_operator', 'example_branch_datetime_operator_3' retrieved from /home/airflow/.local/lib/python3.8/site-packages/airflow/example_dags/example_branch_datetime_operator.py
[2025-12-06T05:56:17.386+0000] {logging_mixin.py:188} INFO - [2025-12-06T05:56:17.386+0000] {dag.py:3036} INFO - Sync 3 DAGs
[2025-12-06T05:56:17.429+0000] {logging_mixin.py:188} INFO - [2025-12-06T05:56:17.429+0000] {dag.py:3823} INFO - Setting next_dagrun for example_branch_datetime_operator to 2025-12-05 00:00:00+00:00, run_after=2025-12-06 00:00:00+00:00
[2025-12-06T05:56:17.440+0000] {logging_mixin.py:188} INFO - [2025-12-06T05:56:17.440+0000] {dag.py:3823} INFO - Setting next_dagrun for example_branch_datetime_operator_2 to 2025-12-05 00:00:00+00:00, run_after=2025-12-06 00:00:00+00:00
[2025-12-06T05:56:17.446+0000] {logging_mixin.py:188} INFO - [2025-12-06T05:56:17.446+0000] {dag.py:3823} INFO - Setting next_dagrun for example_branch_datetime_operator_3 to 2025-12-05 00:00:00+00:00, run_after=2025-12-06 00:00:00+00:00
[2025-12-06T05:56:17.475+0000] {processor.py:183} INFO - Processing /home/airflow/.local/lib/python3.8/site-packages/airflow/example_dags/example_branch_datetime_operator.py took 0.167 seconds
[2025-12-06T05:56:48.432+0000] {processor.py:161} INFO - Started process (PID=1297) to work on /home/airflow/.local/lib/python3.8/site-packages/airflow/example_dags/example_branch_datetime_operator.py
[2025-12-06T05:56:48.435+0000] {processor.py:830} INFO - Processing file /home/airflow/.local/lib/python3.8/site-packages/airflow/example_dags/example_branch_datetime_operator.py for tasks to queue
[2025-12-06T05:56:48.443+0000] {logging_mixin.py:188} INFO - [2025-12-06T05:56:48.443+0000] {dagbag.py:538} INFO - Filling up the DagBag from /home/airflow/.local/lib/python3.8/site-packages/airflow/example_dags/example_branch_datetime_operator.py
[2025-12-06T05:56:48.469+0000] {processor.py:840} INFO - DAG(s) 'example_branch_datetime_operator_2', 'example_branch_datetime_operator', 'example_branch_datetime_operator_3' retrieved from /home/airflow/.local/lib/python3.8/site-packages/airflow/example_dags/example_branch_datetime_operator.py
[2025-12-06T05:56:48.547+0000] {logging_mixin.py:188} INFO - [2025-12-06T05:56:48.547+0000] {dag.py:3036} INFO - Sync 3 DAGs
[2025-12-06T05:56:48.594+0000] {logging_mixin.py:188} INFO - [2025-12-06T05:56:48.594+0000] {dag.py:3823} INFO - Setting next_dagrun for example_branch_datetime_operator to 2025-12-05 00:00:00+00:00, run_after=2025-12-06 00:00:00+00:00
[2025-12-06T05:56:48.603+0000] {logging_mixin.py:188} INFO - [2025-12-06T05:56:48.602+0000] {dag.py:3823} INFO - Setting next_dagrun for example_branch_datetime_operator_2 to 2025-12-05 00:00:00+00:00, run_after=2025-12-06 00:00:00+00:00
[2025-12-06T05:56:48.610+0000] {logging_mixin.py:188} INFO - [2025-12-06T05:56:48.610+0000] {dag.py:3823} INFO - Setting next_dagrun for example_branch_datetime_operator_3 to 2025-12-05 00:00:00+00:00, run_after=2025-12-06 00:00:00+00:00
[2025-12-06T05:56:48.648+0000] {processor.py:183} INFO - Processing /home/airflow/.local/lib/python3.8/site-packages/airflow/example_dags/example_branch_datetime_operator.py took 0.227 seconds
[2025-12-06T05:57:19.151+0000] {processor.py:161} INFO - Started process (PID=1353) to work on /home/airflow/.local/lib/python3.8/site-packages/airflow/example_dags/example_branch_datetime_operator.py
[2025-12-06T05:57:19.153+0000] {processor.py:830} INFO - Processing file /home/airflow/.local/lib/python3.8/site-packages/airflow/example_dags/example_branch_datetime_operator.py for tasks to queue
[2025-12-06T05:57:19.156+0000] {logging_mixin.py:188} INFO - [2025-12-06T05:57:19.155+0000] {dagbag.py:538} INFO - Filling up the DagBag from /home/airflow/.local/lib/python3.8/site-packages/airflow/example_dags/example_branch_datetime_operator.py
[2025-12-06T05:57:19.170+0000] {processor.py:840} INFO - DAG(s) 'example_branch_datetime_operator_2', 'example_branch_datetime_operator_3', 'example_branch_datetime_operator' retrieved from /home/airflow/.local/lib/python3.8/site-packages/airflow/example_dags/example_branch_datetime_operator.py
[2025-12-06T05:57:19.213+0000] {logging_mixin.py:188} INFO - [2025-12-06T05:57:19.213+0000] {dag.py:3036} INFO - Sync 3 DAGs
[2025-12-06T05:57:19.249+0000] {logging_mixin.py:188} INFO - [2025-12-06T05:57:19.248+0000] {dag.py:3823} INFO - Setting next_dagrun for example_branch_datetime_operator to 2025-12-05 00:00:00+00:00, run_after=2025-12-06 00:00:00+00:00
[2025-12-06T05:57:19.259+0000] {logging_mixin.py:188} INFO - [2025-12-06T05:57:19.258+0000] {dag.py:3823} INFO - Setting next_dagrun for example_branch_datetime_operator_2 to 2025-12-05 00:00:00+00:00, run_after=2025-12-06 00:00:00+00:00
[2025-12-06T05:57:19.263+0000] {logging_mixin.py:188} INFO - [2025-12-06T05:57:19.262+0000] {dag.py:3823} INFO - Setting next_dagrun for example_branch_datetime_operator_3 to 2025-12-05 00:00:00+00:00, run_after=2025-12-06 00:00:00+00:00
[2025-12-06T05:57:19.296+0000] {processor.py:183} INFO - Processing /home/airflow/.local/lib/python3.8/site-packages/airflow/example_dags/example_branch_datetime_operator.py took 0.150 seconds
[2025-12-06T05:57:49.657+0000] {processor.py:161} INFO - Started process (PID=1409) to work on /home/airflow/.local/lib/python3.8/site-packages/airflow/example_dags/example_branch_datetime_operator.py
[2025-12-06T05:57:49.658+0000] {processor.py:830} INFO - Processing file /home/airflow/.local/lib/python3.8/site-packages/airflow/example_dags/example_branch_datetime_operator.py for tasks to queue
[2025-12-06T05:57:49.661+0000] {logging_mixin.py:188} INFO - [2025-12-06T05:57:49.661+0000] {dagbag.py:538} INFO - Filling up the DagBag from /home/airflow/.local/lib/python3.8/site-packages/airflow/example_dags/example_branch_datetime_operator.py
[2025-12-06T05:57:49.675+0000] {processor.py:840} INFO - DAG(s) 'example_branch_datetime_operator', 'example_branch_datetime_operator_2', 'example_branch_datetime_operator_3' retrieved from /home/airflow/.local/lib/python3.8/site-packages/airflow/example_dags/example_branch_datetime_operator.py
[2025-12-06T05:57:49.717+0000] {logging_mixin.py:188} INFO - [2025-12-06T05:57:49.717+0000] {dag.py:3036} INFO - Sync 3 DAGs
[2025-12-06T05:57:49.749+0000] {logging_mixin.py:188} INFO - [2025-12-06T05:57:49.749+0000] {dag.py:3823} INFO - Setting next_dagrun for example_branch_datetime_operator to 2025-12-05 00:00:00+00:00, run_after=2025-12-06 00:00:00+00:00
[2025-12-06T05:57:49.756+0000] {logging_mixin.py:188} INFO - [2025-12-06T05:57:49.755+0000] {dag.py:3823} INFO - Setting next_dagrun for example_branch_datetime_operator_2 to 2025-12-05 00:00:00+00:00, run_after=2025-12-06 00:00:00+00:00
[2025-12-06T05:57:49.760+0000] {logging_mixin.py:188} INFO - [2025-12-06T05:57:49.760+0000] {dag.py:3823} INFO - Setting next_dagrun for example_branch_datetime_operator_3 to 2025-12-05 00:00:00+00:00, run_after=2025-12-06 00:00:00+00:00
[2025-12-06T05:57:49.792+0000] {processor.py:183} INFO - Processing /home/airflow/.local/lib/python3.8/site-packages/airflow/example_dags/example_branch_datetime_operator.py took 0.140 seconds
[2025-12-06T05:58:20.308+0000] {processor.py:161} INFO - Started process (PID=1465) to work on /home/airflow/.local/lib/python3.8/site-packages/airflow/example_dags/example_branch_datetime_operator.py
[2025-12-06T05:58:20.310+0000] {processor.py:830} INFO - Processing file /home/airflow/.local/lib/python3.8/site-packages/airflow/example_dags/example_branch_datetime_operator.py for tasks to queue
[2025-12-06T05:58:20.313+0000] {logging_mixin.py:188} INFO - [2025-12-06T05:58:20.313+0000] {dagbag.py:538} INFO - Filling up the DagBag from /home/airflow/.local/lib/python3.8/site-packages/airflow/example_dags/example_branch_datetime_operator.py
[2025-12-06T05:58:20.330+0000] {processor.py:840} INFO - DAG(s) 'example_branch_datetime_operator_3', 'example_branch_datetime_operator', 'example_branch_datetime_operator_2' retrieved from /home/airflow/.local/lib/python3.8/site-packages/airflow/example_dags/example_branch_datetime_operator.py
[2025-12-06T05:58:20.372+0000] {logging_mixin.py:188} INFO - [2025-12-06T05:58:20.372+0000] {dag.py:3036} INFO - Sync 3 DAGs
[2025-12-06T05:58:20.406+0000] {logging_mixin.py:188} INFO - [2025-12-06T05:58:20.406+0000] {dag.py:3823} INFO - Setting next_dagrun for example_branch_datetime_operator to 2025-12-05 00:00:00+00:00, run_after=2025-12-06 00:00:00+00:00
[2025-12-06T05:58:20.414+0000] {logging_mixin.py:188} INFO - [2025-12-06T05:58:20.413+0000] {dag.py:3823} INFO - Setting next_dagrun for example_branch_datetime_operator_2 to 2025-12-05 00:00:00+00:00, run_after=2025-12-06 00:00:00+00:00
[2025-12-06T05:58:20.420+0000] {logging_mixin.py:188} INFO - [2025-12-06T05:58:20.419+0000] {dag.py:3823} INFO - Setting next_dagrun for example_branch_datetime_operator_3 to 2025-12-05 00:00:00+00:00, run_after=2025-12-06 00:00:00+00:00
[2025-12-06T05:58:20.450+0000] {processor.py:183} INFO - Processing /home/airflow/.local/lib/python3.8/site-packages/airflow/example_dags/example_branch_datetime_operator.py took 0.147 seconds
[2025-12-06T05:58:50.553+0000] {processor.py:161} INFO - Started process (PID=1521) to work on /home/airflow/.local/lib/python3.8/site-packages/airflow/example_dags/example_branch_datetime_operator.py
[2025-12-06T05:58:50.554+0000] {processor.py:830} INFO - Processing file /home/airflow/.local/lib/python3.8/site-packages/airflow/example_dags/example_branch_datetime_operator.py for tasks to queue
[2025-12-06T05:58:50.558+0000] {logging_mixin.py:188} INFO - [2025-12-06T05:58:50.557+0000] {dagbag.py:538} INFO - Filling up the DagBag from /home/airflow/.local/lib/python3.8/site-packages/airflow/example_dags/example_branch_datetime_operator.py
[2025-12-06T05:58:50.574+0000] {processor.py:840} INFO - DAG(s) 'example_branch_datetime_operator', 'example_branch_datetime_operator_3', 'example_branch_datetime_operator_2' retrieved from /home/airflow/.local/lib/python3.8/site-packages/airflow/example_dags/example_branch_datetime_operator.py
[2025-12-06T05:58:50.620+0000] {logging_mixin.py:188} INFO - [2025-12-06T05:58:50.620+0000] {dag.py:3036} INFO - Sync 3 DAGs
[2025-12-06T05:58:50.658+0000] {logging_mixin.py:188} INFO - [2025-12-06T05:58:50.658+0000] {dag.py:3823} INFO - Setting next_dagrun for example_branch_datetime_operator to 2025-12-05 00:00:00+00:00, run_after=2025-12-06 00:00:00+00:00
[2025-12-06T05:58:50.666+0000] {logging_mixin.py:188} INFO - [2025-12-06T05:58:50.666+0000] {dag.py:3823} INFO - Setting next_dagrun for example_branch_datetime_operator_2 to 2025-12-05 00:00:00+00:00, run_after=2025-12-06 00:00:00+00:00
[2025-12-06T05:58:50.671+0000] {logging_mixin.py:188} INFO - [2025-12-06T05:58:50.671+0000] {dag.py:3823} INFO - Setting next_dagrun for example_branch_datetime_operator_3 to 2025-12-05 00:00:00+00:00, run_after=2025-12-06 00:00:00+00:00
[2025-12-06T05:58:50.703+0000] {processor.py:183} INFO - Processing /home/airflow/.local/lib/python3.8/site-packages/airflow/example_dags/example_branch_datetime_operator.py took 0.156 seconds
[2025-12-06T08:56:06.788+0000] {processor.py:161} INFO - Started process (PID=83) to work on /home/airflow/.local/lib/python3.8/site-packages/airflow/example_dags/example_branch_datetime_operator.py
[2025-12-06T08:56:06.793+0000] {processor.py:830} INFO - Processing file /home/airflow/.local/lib/python3.8/site-packages/airflow/example_dags/example_branch_datetime_operator.py for tasks to queue
[2025-12-06T08:56:06.801+0000] {logging_mixin.py:188} INFO - [2025-12-06T08:56:06.800+0000] {dagbag.py:538} INFO - Filling up the DagBag from /home/airflow/.local/lib/python3.8/site-packages/airflow/example_dags/example_branch_datetime_operator.py
[2025-12-06T08:56:06.828+0000] {processor.py:840} INFO - DAG(s) 'example_branch_datetime_operator', 'example_branch_datetime_operator_3', 'example_branch_datetime_operator_2' retrieved from /home/airflow/.local/lib/python3.8/site-packages/airflow/example_dags/example_branch_datetime_operator.py
[2025-12-06T08:56:07.228+0000] {logging_mixin.py:188} INFO - [2025-12-06T08:56:07.228+0000] {dag.py:3036} INFO - Sync 3 DAGs
[2025-12-06T08:56:07.299+0000] {logging_mixin.py:188} INFO - [2025-12-06T08:56:07.298+0000] {dag.py:3823} INFO - Setting next_dagrun for example_branch_datetime_operator to 2025-12-05 00:00:00+00:00, run_after=2025-12-06 00:00:00+00:00
[2025-12-06T08:56:07.311+0000] {logging_mixin.py:188} INFO - [2025-12-06T08:56:07.311+0000] {dag.py:3823} INFO - Setting next_dagrun for example_branch_datetime_operator_2 to 2025-12-05 00:00:00+00:00, run_after=2025-12-06 00:00:00+00:00
[2025-12-06T08:56:07.319+0000] {logging_mixin.py:188} INFO - [2025-12-06T08:56:07.319+0000] {dag.py:3823} INFO - Setting next_dagrun for example_branch_datetime_operator_3 to 2025-12-05 00:00:00+00:00, run_after=2025-12-06 00:00:00+00:00
[2025-12-06T08:56:07.375+0000] {processor.py:183} INFO - Processing /home/airflow/.local/lib/python3.8/site-packages/airflow/example_dags/example_branch_datetime_operator.py took 0.604 seconds
[2025-12-06T08:56:38.040+0000] {processor.py:161} INFO - Started process (PID=142) to work on /home/airflow/.local/lib/python3.8/site-packages/airflow/example_dags/example_branch_datetime_operator.py
[2025-12-06T08:56:38.042+0000] {processor.py:830} INFO - Processing file /home/airflow/.local/lib/python3.8/site-packages/airflow/example_dags/example_branch_datetime_operator.py for tasks to queue
[2025-12-06T08:56:38.046+0000] {logging_mixin.py:188} INFO - [2025-12-06T08:56:38.045+0000] {dagbag.py:538} INFO - Filling up the DagBag from /home/airflow/.local/lib/python3.8/site-packages/airflow/example_dags/example_branch_datetime_operator.py
[2025-12-06T08:56:38.063+0000] {processor.py:840} INFO - DAG(s) 'example_branch_datetime_operator_3', 'example_branch_datetime_operator_2', 'example_branch_datetime_operator' retrieved from /home/airflow/.local/lib/python3.8/site-packages/airflow/example_dags/example_branch_datetime_operator.py
[2025-12-06T08:56:38.122+0000] {logging_mixin.py:188} INFO - [2025-12-06T08:56:38.121+0000] {dag.py:3036} INFO - Sync 3 DAGs
[2025-12-06T08:56:38.163+0000] {logging_mixin.py:188} INFO - [2025-12-06T08:56:38.163+0000] {dag.py:3823} INFO - Setting next_dagrun for example_branch_datetime_operator to 2025-12-05 00:00:00+00:00, run_after=2025-12-06 00:00:00+00:00
[2025-12-06T08:56:38.173+0000] {logging_mixin.py:188} INFO - [2025-12-06T08:56:38.172+0000] {dag.py:3823} INFO - Setting next_dagrun for example_branch_datetime_operator_2 to 2025-12-05 00:00:00+00:00, run_after=2025-12-06 00:00:00+00:00
[2025-12-06T08:56:38.177+0000] {logging_mixin.py:188} INFO - [2025-12-06T08:56:38.176+0000] {dag.py:3823} INFO - Setting next_dagrun for example_branch_datetime_operator_3 to 2025-12-05 00:00:00+00:00, run_after=2025-12-06 00:00:00+00:00
[2025-12-06T08:56:38.220+0000] {processor.py:183} INFO - Processing /home/airflow/.local/lib/python3.8/site-packages/airflow/example_dags/example_branch_datetime_operator.py took 0.185 seconds
[2025-12-06T08:57:08.487+0000] {processor.py:161} INFO - Started process (PID=201) to work on /home/airflow/.local/lib/python3.8/site-packages/airflow/example_dags/example_branch_datetime_operator.py
[2025-12-06T08:57:08.490+0000] {processor.py:830} INFO - Processing file /home/airflow/.local/lib/python3.8/site-packages/airflow/example_dags/example_branch_datetime_operator.py for tasks to queue
[2025-12-06T08:57:08.495+0000] {logging_mixin.py:188} INFO - [2025-12-06T08:57:08.494+0000] {dagbag.py:538} INFO - Filling up the DagBag from /home/airflow/.local/lib/python3.8/site-packages/airflow/example_dags/example_branch_datetime_operator.py
[2025-12-06T08:57:08.517+0000] {processor.py:840} INFO - DAG(s) 'example_branch_datetime_operator', 'example_branch_datetime_operator_3', 'example_branch_datetime_operator_2' retrieved from /home/airflow/.local/lib/python3.8/site-packages/airflow/example_dags/example_branch_datetime_operator.py
[2025-12-06T08:57:08.580+0000] {logging_mixin.py:188} INFO - [2025-12-06T08:57:08.579+0000] {dag.py:3036} INFO - Sync 3 DAGs
[2025-12-06T08:57:08.628+0000] {logging_mixin.py:188} INFO - [2025-12-06T08:57:08.627+0000] {dag.py:3823} INFO - Setting next_dagrun for example_branch_datetime_operator to 2025-12-05 00:00:00+00:00, run_after=2025-12-06 00:00:00+00:00
[2025-12-06T08:57:08.638+0000] {logging_mixin.py:188} INFO - [2025-12-06T08:57:08.638+0000] {dag.py:3823} INFO - Setting next_dagrun for example_branch_datetime_operator_2 to 2025-12-05 00:00:00+00:00, run_after=2025-12-06 00:00:00+00:00
[2025-12-06T08:57:08.645+0000] {logging_mixin.py:188} INFO - [2025-12-06T08:57:08.644+0000] {dag.py:3823} INFO - Setting next_dagrun for example_branch_datetime_operator_3 to 2025-12-05 00:00:00+00:00, run_after=2025-12-06 00:00:00+00:00
[2025-12-06T08:57:08.685+0000] {processor.py:183} INFO - Processing /home/airflow/.local/lib/python3.8/site-packages/airflow/example_dags/example_branch_datetime_operator.py took 0.204 seconds
[2025-12-06T08:57:39.142+0000] {processor.py:161} INFO - Started process (PID=260) to work on /home/airflow/.local/lib/python3.8/site-packages/airflow/example_dags/example_branch_datetime_operator.py
[2025-12-06T08:57:39.145+0000] {processor.py:830} INFO - Processing file /home/airflow/.local/lib/python3.8/site-packages/airflow/example_dags/example_branch_datetime_operator.py for tasks to queue
[2025-12-06T08:57:39.149+0000] {logging_mixin.py:188} INFO - [2025-12-06T08:57:39.148+0000] {dagbag.py:538} INFO - Filling up the DagBag from /home/airflow/.local/lib/python3.8/site-packages/airflow/example_dags/example_branch_datetime_operator.py
[2025-12-06T08:57:39.166+0000] {processor.py:840} INFO - DAG(s) 'example_branch_datetime_operator', 'example_branch_datetime_operator_3', 'example_branch_datetime_operator_2' retrieved from /home/airflow/.local/lib/python3.8/site-packages/airflow/example_dags/example_branch_datetime_operator.py
[2025-12-06T08:57:39.212+0000] {logging_mixin.py:188} INFO - [2025-12-06T08:57:39.211+0000] {dag.py:3036} INFO - Sync 3 DAGs
[2025-12-06T08:57:39.247+0000] {logging_mixin.py:188} INFO - [2025-12-06T08:57:39.247+0000] {dag.py:3823} INFO - Setting next_dagrun for example_branch_datetime_operator to 2025-12-05 00:00:00+00:00, run_after=2025-12-06 00:00:00+00:00
[2025-12-06T08:57:39.256+0000] {logging_mixin.py:188} INFO - [2025-12-06T08:57:39.256+0000] {dag.py:3823} INFO - Setting next_dagrun for example_branch_datetime_operator_2 to 2025-12-05 00:00:00+00:00, run_after=2025-12-06 00:00:00+00:00
[2025-12-06T08:57:39.261+0000] {logging_mixin.py:188} INFO - [2025-12-06T08:57:39.261+0000] {dag.py:3823} INFO - Setting next_dagrun for example_branch_datetime_operator_3 to 2025-12-05 00:00:00+00:00, run_after=2025-12-06 00:00:00+00:00
[2025-12-06T08:57:39.292+0000] {processor.py:183} INFO - Processing /home/airflow/.local/lib/python3.8/site-packages/airflow/example_dags/example_branch_datetime_operator.py took 0.156 seconds
[2025-12-06T08:58:09.372+0000] {processor.py:161} INFO - Started process (PID=319) to work on /home/airflow/.local/lib/python3.8/site-packages/airflow/example_dags/example_branch_datetime_operator.py
[2025-12-06T08:58:09.374+0000] {processor.py:830} INFO - Processing file /home/airflow/.local/lib/python3.8/site-packages/airflow/example_dags/example_branch_datetime_operator.py for tasks to queue
[2025-12-06T08:58:09.377+0000] {logging_mixin.py:188} INFO - [2025-12-06T08:58:09.377+0000] {dagbag.py:538} INFO - Filling up the DagBag from /home/airflow/.local/lib/python3.8/site-packages/airflow/example_dags/example_branch_datetime_operator.py
[2025-12-06T08:58:09.394+0000] {processor.py:840} INFO - DAG(s) 'example_branch_datetime_operator_3', 'example_branch_datetime_operator', 'example_branch_datetime_operator_2' retrieved from /home/airflow/.local/lib/python3.8/site-packages/airflow/example_dags/example_branch_datetime_operator.py
[2025-12-06T08:58:09.442+0000] {logging_mixin.py:188} INFO - [2025-12-06T08:58:09.442+0000] {dag.py:3036} INFO - Sync 3 DAGs
[2025-12-06T08:58:09.477+0000] {logging_mixin.py:188} INFO - [2025-12-06T08:58:09.477+0000] {dag.py:3823} INFO - Setting next_dagrun for example_branch_datetime_operator to 2025-12-05 00:00:00+00:00, run_after=2025-12-06 00:00:00+00:00
[2025-12-06T08:58:09.485+0000] {logging_mixin.py:188} INFO - [2025-12-06T08:58:09.485+0000] {dag.py:3823} INFO - Setting next_dagrun for example_branch_datetime_operator_2 to 2025-12-05 00:00:00+00:00, run_after=2025-12-06 00:00:00+00:00
[2025-12-06T08:58:09.489+0000] {logging_mixin.py:188} INFO - [2025-12-06T08:58:09.489+0000] {dag.py:3823} INFO - Setting next_dagrun for example_branch_datetime_operator_3 to 2025-12-05 00:00:00+00:00, run_after=2025-12-06 00:00:00+00:00
[2025-12-06T08:58:09.524+0000] {processor.py:183} INFO - Processing /home/airflow/.local/lib/python3.8/site-packages/airflow/example_dags/example_branch_datetime_operator.py took 0.156 seconds
[2025-12-06T08:58:39.626+0000] {processor.py:161} INFO - Started process (PID=378) to work on /home/airflow/.local/lib/python3.8/site-packages/airflow/example_dags/example_branch_datetime_operator.py
[2025-12-06T08:58:39.629+0000] {processor.py:830} INFO - Processing file /home/airflow/.local/lib/python3.8/site-packages/airflow/example_dags/example_branch_datetime_operator.py for tasks to queue
[2025-12-06T08:58:39.633+0000] {logging_mixin.py:188} INFO - [2025-12-06T08:58:39.632+0000] {dagbag.py:538} INFO - Filling up the DagBag from /home/airflow/.local/lib/python3.8/site-packages/airflow/example_dags/example_branch_datetime_operator.py
[2025-12-06T08:58:39.659+0000] {processor.py:840} INFO - DAG(s) 'example_branch_datetime_operator', 'example_branch_datetime_operator_2', 'example_branch_datetime_operator_3' retrieved from /home/airflow/.local/lib/python3.8/site-packages/airflow/example_dags/example_branch_datetime_operator.py
[2025-12-06T08:58:39.719+0000] {logging_mixin.py:188} INFO - [2025-12-06T08:58:39.719+0000] {dag.py:3036} INFO - Sync 3 DAGs
[2025-12-06T08:58:39.767+0000] {logging_mixin.py:188} INFO - [2025-12-06T08:58:39.766+0000] {dag.py:3823} INFO - Setting next_dagrun for example_branch_datetime_operator to 2025-12-05 00:00:00+00:00, run_after=2025-12-06 00:00:00+00:00
[2025-12-06T08:58:39.778+0000] {logging_mixin.py:188} INFO - [2025-12-06T08:58:39.777+0000] {dag.py:3823} INFO - Setting next_dagrun for example_branch_datetime_operator_2 to 2025-12-05 00:00:00+00:00, run_after=2025-12-06 00:00:00+00:00
[2025-12-06T08:58:39.784+0000] {logging_mixin.py:188} INFO - [2025-12-06T08:58:39.784+0000] {dag.py:3823} INFO - Setting next_dagrun for example_branch_datetime_operator_3 to 2025-12-05 00:00:00+00:00, run_after=2025-12-06 00:00:00+00:00
[2025-12-06T08:58:39.820+0000] {processor.py:183} INFO - Processing /home/airflow/.local/lib/python3.8/site-packages/airflow/example_dags/example_branch_datetime_operator.py took 0.199 seconds
[2025-12-06T08:59:10.099+0000] {processor.py:161} INFO - Started process (PID=437) to work on /home/airflow/.local/lib/python3.8/site-packages/airflow/example_dags/example_branch_datetime_operator.py
[2025-12-06T08:59:10.102+0000] {processor.py:830} INFO - Processing file /home/airflow/.local/lib/python3.8/site-packages/airflow/example_dags/example_branch_datetime_operator.py for tasks to queue
[2025-12-06T08:59:10.105+0000] {logging_mixin.py:188} INFO - [2025-12-06T08:59:10.104+0000] {dagbag.py:538} INFO - Filling up the DagBag from /home/airflow/.local/lib/python3.8/site-packages/airflow/example_dags/example_branch_datetime_operator.py
[2025-12-06T08:59:10.121+0000] {processor.py:840} INFO - DAG(s) 'example_branch_datetime_operator_3', 'example_branch_datetime_operator', 'example_branch_datetime_operator_2' retrieved from /home/airflow/.local/lib/python3.8/site-packages/airflow/example_dags/example_branch_datetime_operator.py
[2025-12-06T08:59:10.166+0000] {logging_mixin.py:188} INFO - [2025-12-06T08:59:10.166+0000] {dag.py:3036} INFO - Sync 3 DAGs
[2025-12-06T08:59:10.203+0000] {logging_mixin.py:188} INFO - [2025-12-06T08:59:10.202+0000] {dag.py:3823} INFO - Setting next_dagrun for example_branch_datetime_operator to 2025-12-05 00:00:00+00:00, run_after=2025-12-06 00:00:00+00:00
[2025-12-06T08:59:10.214+0000] {logging_mixin.py:188} INFO - [2025-12-06T08:59:10.213+0000] {dag.py:3823} INFO - Setting next_dagrun for example_branch_datetime_operator_2 to 2025-12-05 00:00:00+00:00, run_after=2025-12-06 00:00:00+00:00
[2025-12-06T08:59:10.217+0000] {logging_mixin.py:188} INFO - [2025-12-06T08:59:10.217+0000] {dag.py:3823} INFO - Setting next_dagrun for example_branch_datetime_operator_3 to 2025-12-05 00:00:00+00:00, run_after=2025-12-06 00:00:00+00:00
[2025-12-06T08:59:10.247+0000] {processor.py:183} INFO - Processing /home/airflow/.local/lib/python3.8/site-packages/airflow/example_dags/example_branch_datetime_operator.py took 0.152 seconds
[2025-12-06T08:59:40.898+0000] {processor.py:161} INFO - Started process (PID=496) to work on /home/airflow/.local/lib/python3.8/site-packages/airflow/example_dags/example_branch_datetime_operator.py
[2025-12-06T08:59:40.899+0000] {processor.py:830} INFO - Processing file /home/airflow/.local/lib/python3.8/site-packages/airflow/example_dags/example_branch_datetime_operator.py for tasks to queue
[2025-12-06T08:59:40.902+0000] {logging_mixin.py:188} INFO - [2025-12-06T08:59:40.902+0000] {dagbag.py:538} INFO - Filling up the DagBag from /home/airflow/.local/lib/python3.8/site-packages/airflow/example_dags/example_branch_datetime_operator.py
[2025-12-06T08:59:40.920+0000] {processor.py:840} INFO - DAG(s) 'example_branch_datetime_operator_3', 'example_branch_datetime_operator_2', 'example_branch_datetime_operator' retrieved from /home/airflow/.local/lib/python3.8/site-packages/airflow/example_dags/example_branch_datetime_operator.py
[2025-12-06T08:59:40.966+0000] {logging_mixin.py:188} INFO - [2025-12-06T08:59:40.965+0000] {dag.py:3036} INFO - Sync 3 DAGs
[2025-12-06T08:59:41.005+0000] {logging_mixin.py:188} INFO - [2025-12-06T08:59:41.004+0000] {dag.py:3823} INFO - Setting next_dagrun for example_branch_datetime_operator to 2025-12-05 00:00:00+00:00, run_after=2025-12-06 00:00:00+00:00
[2025-12-06T08:59:41.013+0000] {logging_mixin.py:188} INFO - [2025-12-06T08:59:41.012+0000] {dag.py:3823} INFO - Setting next_dagrun for example_branch_datetime_operator_2 to 2025-12-05 00:00:00+00:00, run_after=2025-12-06 00:00:00+00:00
[2025-12-06T08:59:41.016+0000] {logging_mixin.py:188} INFO - [2025-12-06T08:59:41.016+0000] {dag.py:3823} INFO - Setting next_dagrun for example_branch_datetime_operator_3 to 2025-12-05 00:00:00+00:00, run_after=2025-12-06 00:00:00+00:00
[2025-12-06T08:59:41.046+0000] {processor.py:183} INFO - Processing /home/airflow/.local/lib/python3.8/site-packages/airflow/example_dags/example_branch_datetime_operator.py took 0.153 seconds
[2025-12-06T09:00:11.519+0000] {processor.py:161} INFO - Started process (PID=555) to work on /home/airflow/.local/lib/python3.8/site-packages/airflow/example_dags/example_branch_datetime_operator.py
[2025-12-06T09:00:11.520+0000] {processor.py:830} INFO - Processing file /home/airflow/.local/lib/python3.8/site-packages/airflow/example_dags/example_branch_datetime_operator.py for tasks to queue
[2025-12-06T09:00:11.523+0000] {logging_mixin.py:188} INFO - [2025-12-06T09:00:11.523+0000] {dagbag.py:538} INFO - Filling up the DagBag from /home/airflow/.local/lib/python3.8/site-packages/airflow/example_dags/example_branch_datetime_operator.py
[2025-12-06T09:00:11.541+0000] {processor.py:840} INFO - DAG(s) 'example_branch_datetime_operator_2', 'example_branch_datetime_operator', 'example_branch_datetime_operator_3' retrieved from /home/airflow/.local/lib/python3.8/site-packages/airflow/example_dags/example_branch_datetime_operator.py
[2025-12-06T09:00:11.593+0000] {logging_mixin.py:188} INFO - [2025-12-06T09:00:11.593+0000] {dag.py:3036} INFO - Sync 3 DAGs
[2025-12-06T09:00:11.631+0000] {logging_mixin.py:188} INFO - [2025-12-06T09:00:11.631+0000] {dag.py:3823} INFO - Setting next_dagrun for example_branch_datetime_operator to 2025-12-05 00:00:00+00:00, run_after=2025-12-06 00:00:00+00:00
[2025-12-06T09:00:11.642+0000] {logging_mixin.py:188} INFO - [2025-12-06T09:00:11.642+0000] {dag.py:3823} INFO - Setting next_dagrun for example_branch_datetime_operator_2 to 2025-12-05 00:00:00+00:00, run_after=2025-12-06 00:00:00+00:00
[2025-12-06T09:00:11.651+0000] {logging_mixin.py:188} INFO - [2025-12-06T09:00:11.650+0000] {dag.py:3823} INFO - Setting next_dagrun for example_branch_datetime_operator_3 to 2025-12-05 00:00:00+00:00, run_after=2025-12-06 00:00:00+00:00
[2025-12-06T09:00:11.689+0000] {processor.py:183} INFO - Processing /home/airflow/.local/lib/python3.8/site-packages/airflow/example_dags/example_branch_datetime_operator.py took 0.175 seconds
[2025-12-06T09:00:41.878+0000] {processor.py:161} INFO - Started process (PID=614) to work on /home/airflow/.local/lib/python3.8/site-packages/airflow/example_dags/example_branch_datetime_operator.py
[2025-12-06T09:00:41.879+0000] {processor.py:830} INFO - Processing file /home/airflow/.local/lib/python3.8/site-packages/airflow/example_dags/example_branch_datetime_operator.py for tasks to queue
[2025-12-06T09:00:41.882+0000] {logging_mixin.py:188} INFO - [2025-12-06T09:00:41.882+0000] {dagbag.py:538} INFO - Filling up the DagBag from /home/airflow/.local/lib/python3.8/site-packages/airflow/example_dags/example_branch_datetime_operator.py
[2025-12-06T09:00:41.900+0000] {processor.py:840} INFO - DAG(s) 'example_branch_datetime_operator', 'example_branch_datetime_operator_3', 'example_branch_datetime_operator_2' retrieved from /home/airflow/.local/lib/python3.8/site-packages/airflow/example_dags/example_branch_datetime_operator.py
[2025-12-06T09:00:41.949+0000] {logging_mixin.py:188} INFO - [2025-12-06T09:00:41.949+0000] {dag.py:3036} INFO - Sync 3 DAGs
[2025-12-06T09:00:41.988+0000] {logging_mixin.py:188} INFO - [2025-12-06T09:00:41.988+0000] {dag.py:3823} INFO - Setting next_dagrun for example_branch_datetime_operator to 2025-12-05 00:00:00+00:00, run_after=2025-12-06 00:00:00+00:00
[2025-12-06T09:00:41.995+0000] {logging_mixin.py:188} INFO - [2025-12-06T09:00:41.995+0000] {dag.py:3823} INFO - Setting next_dagrun for example_branch_datetime_operator_2 to 2025-12-05 00:00:00+00:00, run_after=2025-12-06 00:00:00+00:00
[2025-12-06T09:00:42.002+0000] {logging_mixin.py:188} INFO - [2025-12-06T09:00:42.001+0000] {dag.py:3823} INFO - Setting next_dagrun for example_branch_datetime_operator_3 to 2025-12-05 00:00:00+00:00, run_after=2025-12-06 00:00:00+00:00
[2025-12-06T09:00:42.045+0000] {processor.py:183} INFO - Processing /home/airflow/.local/lib/python3.8/site-packages/airflow/example_dags/example_branch_datetime_operator.py took 0.171 seconds
[2025-12-06T09:01:12.876+0000] {processor.py:161} INFO - Started process (PID=673) to work on /home/airflow/.local/lib/python3.8/site-packages/airflow/example_dags/example_branch_datetime_operator.py
[2025-12-06T09:01:12.879+0000] {processor.py:830} INFO - Processing file /home/airflow/.local/lib/python3.8/site-packages/airflow/example_dags/example_branch_datetime_operator.py for tasks to queue
[2025-12-06T09:01:12.882+0000] {logging_mixin.py:188} INFO - [2025-12-06T09:01:12.881+0000] {dagbag.py:538} INFO - Filling up the DagBag from /home/airflow/.local/lib/python3.8/site-packages/airflow/example_dags/example_branch_datetime_operator.py
[2025-12-06T09:01:12.906+0000] {processor.py:840} INFO - DAG(s) 'example_branch_datetime_operator_2', 'example_branch_datetime_operator_3', 'example_branch_datetime_operator' retrieved from /home/airflow/.local/lib/python3.8/site-packages/airflow/example_dags/example_branch_datetime_operator.py
[2025-12-06T09:01:12.976+0000] {logging_mixin.py:188} INFO - [2025-12-06T09:01:12.975+0000] {dag.py:3036} INFO - Sync 3 DAGs
[2025-12-06T09:01:13.026+0000] {logging_mixin.py:188} INFO - [2025-12-06T09:01:13.025+0000] {dag.py:3823} INFO - Setting next_dagrun for example_branch_datetime_operator to 2025-12-05 00:00:00+00:00, run_after=2025-12-06 00:00:00+00:00
[2025-12-06T09:01:13.039+0000] {logging_mixin.py:188} INFO - [2025-12-06T09:01:13.038+0000] {dag.py:3823} INFO - Setting next_dagrun for example_branch_datetime_operator_2 to 2025-12-05 00:00:00+00:00, run_after=2025-12-06 00:00:00+00:00
[2025-12-06T09:01:13.042+0000] {logging_mixin.py:188} INFO - [2025-12-06T09:01:13.042+0000] {dag.py:3823} INFO - Setting next_dagrun for example_branch_datetime_operator_3 to 2025-12-05 00:00:00+00:00, run_after=2025-12-06 00:00:00+00:00
[2025-12-06T09:01:13.074+0000] {processor.py:183} INFO - Processing /home/airflow/.local/lib/python3.8/site-packages/airflow/example_dags/example_branch_datetime_operator.py took 0.203 seconds
[2025-12-06T09:01:43.536+0000] {processor.py:161} INFO - Started process (PID=732) to work on /home/airflow/.local/lib/python3.8/site-packages/airflow/example_dags/example_branch_datetime_operator.py
[2025-12-06T09:01:43.537+0000] {processor.py:830} INFO - Processing file /home/airflow/.local/lib/python3.8/site-packages/airflow/example_dags/example_branch_datetime_operator.py for tasks to queue
[2025-12-06T09:01:43.541+0000] {logging_mixin.py:188} INFO - [2025-12-06T09:01:43.540+0000] {dagbag.py:538} INFO - Filling up the DagBag from /home/airflow/.local/lib/python3.8/site-packages/airflow/example_dags/example_branch_datetime_operator.py
[2025-12-06T09:01:43.559+0000] {processor.py:840} INFO - DAG(s) 'example_branch_datetime_operator', 'example_branch_datetime_operator_3', 'example_branch_datetime_operator_2' retrieved from /home/airflow/.local/lib/python3.8/site-packages/airflow/example_dags/example_branch_datetime_operator.py
[2025-12-06T09:01:43.614+0000] {logging_mixin.py:188} INFO - [2025-12-06T09:01:43.613+0000] {dag.py:3036} INFO - Sync 3 DAGs
[2025-12-06T09:01:43.663+0000] {logging_mixin.py:188} INFO - [2025-12-06T09:01:43.663+0000] {dag.py:3823} INFO - Setting next_dagrun for example_branch_datetime_operator to 2025-12-05 00:00:00+00:00, run_after=2025-12-06 00:00:00+00:00
[2025-12-06T09:01:43.676+0000] {logging_mixin.py:188} INFO - [2025-12-06T09:01:43.675+0000] {dag.py:3823} INFO - Setting next_dagrun for example_branch_datetime_operator_2 to 2025-12-05 00:00:00+00:00, run_after=2025-12-06 00:00:00+00:00
[2025-12-06T09:01:43.683+0000] {logging_mixin.py:188} INFO - [2025-12-06T09:01:43.682+0000] {dag.py:3823} INFO - Setting next_dagrun for example_branch_datetime_operator_3 to 2025-12-05 00:00:00+00:00, run_after=2025-12-06 00:00:00+00:00
[2025-12-06T09:01:43.721+0000] {processor.py:183} INFO - Processing /home/airflow/.local/lib/python3.8/site-packages/airflow/example_dags/example_branch_datetime_operator.py took 0.190 seconds
[2025-12-06T09:02:13.861+0000] {processor.py:161} INFO - Started process (PID=791) to work on /home/airflow/.local/lib/python3.8/site-packages/airflow/example_dags/example_branch_datetime_operator.py
[2025-12-06T09:02:13.863+0000] {processor.py:830} INFO - Processing file /home/airflow/.local/lib/python3.8/site-packages/airflow/example_dags/example_branch_datetime_operator.py for tasks to queue
[2025-12-06T09:02:13.870+0000] {logging_mixin.py:188} INFO - [2025-12-06T09:02:13.869+0000] {dagbag.py:538} INFO - Filling up the DagBag from /home/airflow/.local/lib/python3.8/site-packages/airflow/example_dags/example_branch_datetime_operator.py
[2025-12-06T09:02:13.884+0000] {processor.py:840} INFO - DAG(s) 'example_branch_datetime_operator_2', 'example_branch_datetime_operator_3', 'example_branch_datetime_operator' retrieved from /home/airflow/.local/lib/python3.8/site-packages/airflow/example_dags/example_branch_datetime_operator.py
[2025-12-06T09:02:13.935+0000] {logging_mixin.py:188} INFO - [2025-12-06T09:02:13.935+0000] {dag.py:3036} INFO - Sync 3 DAGs
[2025-12-06T09:02:13.970+0000] {logging_mixin.py:188} INFO - [2025-12-06T09:02:13.969+0000] {dag.py:3823} INFO - Setting next_dagrun for example_branch_datetime_operator to 2025-12-05 00:00:00+00:00, run_after=2025-12-06 00:00:00+00:00
[2025-12-06T09:02:13.978+0000] {logging_mixin.py:188} INFO - [2025-12-06T09:02:13.978+0000] {dag.py:3823} INFO - Setting next_dagrun for example_branch_datetime_operator_2 to 2025-12-05 00:00:00+00:00, run_after=2025-12-06 00:00:00+00:00
[2025-12-06T09:02:13.982+0000] {logging_mixin.py:188} INFO - [2025-12-06T09:02:13.982+0000] {dag.py:3823} INFO - Setting next_dagrun for example_branch_datetime_operator_3 to 2025-12-05 00:00:00+00:00, run_after=2025-12-06 00:00:00+00:00
[2025-12-06T09:02:14.014+0000] {processor.py:183} INFO - Processing /home/airflow/.local/lib/python3.8/site-packages/airflow/example_dags/example_branch_datetime_operator.py took 0.157 seconds
[2025-12-06T09:02:44.295+0000] {processor.py:161} INFO - Started process (PID=850) to work on /home/airflow/.local/lib/python3.8/site-packages/airflow/example_dags/example_branch_datetime_operator.py
[2025-12-06T09:02:44.297+0000] {processor.py:830} INFO - Processing file /home/airflow/.local/lib/python3.8/site-packages/airflow/example_dags/example_branch_datetime_operator.py for tasks to queue
[2025-12-06T09:02:44.300+0000] {logging_mixin.py:188} INFO - [2025-12-06T09:02:44.299+0000] {dagbag.py:538} INFO - Filling up the DagBag from /home/airflow/.local/lib/python3.8/site-packages/airflow/example_dags/example_branch_datetime_operator.py
[2025-12-06T09:02:44.317+0000] {processor.py:840} INFO - DAG(s) 'example_branch_datetime_operator_2', 'example_branch_datetime_operator_3', 'example_branch_datetime_operator' retrieved from /home/airflow/.local/lib/python3.8/site-packages/airflow/example_dags/example_branch_datetime_operator.py
[2025-12-06T09:02:44.362+0000] {logging_mixin.py:188} INFO - [2025-12-06T09:02:44.361+0000] {dag.py:3036} INFO - Sync 3 DAGs
[2025-12-06T09:02:44.395+0000] {logging_mixin.py:188} INFO - [2025-12-06T09:02:44.394+0000] {dag.py:3823} INFO - Setting next_dagrun for example_branch_datetime_operator to 2025-12-05 00:00:00+00:00, run_after=2025-12-06 00:00:00+00:00
[2025-12-06T09:02:44.403+0000] {logging_mixin.py:188} INFO - [2025-12-06T09:02:44.403+0000] {dag.py:3823} INFO - Setting next_dagrun for example_branch_datetime_operator_2 to 2025-12-05 00:00:00+00:00, run_after=2025-12-06 00:00:00+00:00
[2025-12-06T09:02:44.408+0000] {logging_mixin.py:188} INFO - [2025-12-06T09:02:44.407+0000] {dag.py:3823} INFO - Setting next_dagrun for example_branch_datetime_operator_3 to 2025-12-05 00:00:00+00:00, run_after=2025-12-06 00:00:00+00:00
[2025-12-06T09:02:44.437+0000] {processor.py:183} INFO - Processing /home/airflow/.local/lib/python3.8/site-packages/airflow/example_dags/example_branch_datetime_operator.py took 0.147 seconds
[2025-12-06T09:03:14.656+0000] {processor.py:161} INFO - Started process (PID=909) to work on /home/airflow/.local/lib/python3.8/site-packages/airflow/example_dags/example_branch_datetime_operator.py
[2025-12-06T09:03:14.658+0000] {processor.py:830} INFO - Processing file /home/airflow/.local/lib/python3.8/site-packages/airflow/example_dags/example_branch_datetime_operator.py for tasks to queue
[2025-12-06T09:03:14.661+0000] {logging_mixin.py:188} INFO - [2025-12-06T09:03:14.660+0000] {dagbag.py:538} INFO - Filling up the DagBag from /home/airflow/.local/lib/python3.8/site-packages/airflow/example_dags/example_branch_datetime_operator.py
[2025-12-06T09:03:14.676+0000] {processor.py:840} INFO - DAG(s) 'example_branch_datetime_operator_3', 'example_branch_datetime_operator_2', 'example_branch_datetime_operator' retrieved from /home/airflow/.local/lib/python3.8/site-packages/airflow/example_dags/example_branch_datetime_operator.py
[2025-12-06T09:03:14.724+0000] {logging_mixin.py:188} INFO - [2025-12-06T09:03:14.723+0000] {dag.py:3036} INFO - Sync 3 DAGs
[2025-12-06T09:03:14.760+0000] {logging_mixin.py:188} INFO - [2025-12-06T09:03:14.759+0000] {dag.py:3823} INFO - Setting next_dagrun for example_branch_datetime_operator to 2025-12-05 00:00:00+00:00, run_after=2025-12-06 00:00:00+00:00
[2025-12-06T09:03:14.768+0000] {logging_mixin.py:188} INFO - [2025-12-06T09:03:14.767+0000] {dag.py:3823} INFO - Setting next_dagrun for example_branch_datetime_operator_2 to 2025-12-05 00:00:00+00:00, run_after=2025-12-06 00:00:00+00:00
[2025-12-06T09:03:14.771+0000] {logging_mixin.py:188} INFO - [2025-12-06T09:03:14.771+0000] {dag.py:3823} INFO - Setting next_dagrun for example_branch_datetime_operator_3 to 2025-12-05 00:00:00+00:00, run_after=2025-12-06 00:00:00+00:00
[2025-12-06T09:03:14.804+0000] {processor.py:183} INFO - Processing /home/airflow/.local/lib/python3.8/site-packages/airflow/example_dags/example_branch_datetime_operator.py took 0.153 seconds
[2025-12-06T09:03:44.938+0000] {processor.py:161} INFO - Started process (PID=968) to work on /home/airflow/.local/lib/python3.8/site-packages/airflow/example_dags/example_branch_datetime_operator.py
[2025-12-06T09:03:44.940+0000] {processor.py:830} INFO - Processing file /home/airflow/.local/lib/python3.8/site-packages/airflow/example_dags/example_branch_datetime_operator.py for tasks to queue
[2025-12-06T09:03:44.942+0000] {logging_mixin.py:188} INFO - [2025-12-06T09:03:44.942+0000] {dagbag.py:538} INFO - Filling up the DagBag from /home/airflow/.local/lib/python3.8/site-packages/airflow/example_dags/example_branch_datetime_operator.py
[2025-12-06T09:03:44.955+0000] {processor.py:840} INFO - DAG(s) 'example_branch_datetime_operator_2', 'example_branch_datetime_operator_3', 'example_branch_datetime_operator' retrieved from /home/airflow/.local/lib/python3.8/site-packages/airflow/example_dags/example_branch_datetime_operator.py
[2025-12-06T09:03:44.997+0000] {logging_mixin.py:188} INFO - [2025-12-06T09:03:44.997+0000] {dag.py:3036} INFO - Sync 3 DAGs
[2025-12-06T09:03:45.038+0000] {logging_mixin.py:188} INFO - [2025-12-06T09:03:45.037+0000] {dag.py:3823} INFO - Setting next_dagrun for example_branch_datetime_operator to 2025-12-05 00:00:00+00:00, run_after=2025-12-06 00:00:00+00:00
[2025-12-06T09:03:45.049+0000] {logging_mixin.py:188} INFO - [2025-12-06T09:03:45.048+0000] {dag.py:3823} INFO - Setting next_dagrun for example_branch_datetime_operator_2 to 2025-12-05 00:00:00+00:00, run_after=2025-12-06 00:00:00+00:00
[2025-12-06T09:03:45.056+0000] {logging_mixin.py:188} INFO - [2025-12-06T09:03:45.056+0000] {dag.py:3823} INFO - Setting next_dagrun for example_branch_datetime_operator_3 to 2025-12-05 00:00:00+00:00, run_after=2025-12-06 00:00:00+00:00
[2025-12-06T09:03:45.087+0000] {processor.py:183} INFO - Processing /home/airflow/.local/lib/python3.8/site-packages/airflow/example_dags/example_branch_datetime_operator.py took 0.154 seconds
[2025-12-06T09:04:15.398+0000] {processor.py:161} INFO - Started process (PID=1027) to work on /home/airflow/.local/lib/python3.8/site-packages/airflow/example_dags/example_branch_datetime_operator.py
[2025-12-06T09:04:15.400+0000] {processor.py:830} INFO - Processing file /home/airflow/.local/lib/python3.8/site-packages/airflow/example_dags/example_branch_datetime_operator.py for tasks to queue
[2025-12-06T09:04:15.407+0000] {logging_mixin.py:188} INFO - [2025-12-06T09:04:15.406+0000] {dagbag.py:538} INFO - Filling up the DagBag from /home/airflow/.local/lib/python3.8/site-packages/airflow/example_dags/example_branch_datetime_operator.py
[2025-12-06T09:04:15.430+0000] {processor.py:840} INFO - DAG(s) 'example_branch_datetime_operator_2', 'example_branch_datetime_operator_3', 'example_branch_datetime_operator' retrieved from /home/airflow/.local/lib/python3.8/site-packages/airflow/example_dags/example_branch_datetime_operator.py
[2025-12-06T09:04:15.487+0000] {logging_mixin.py:188} INFO - [2025-12-06T09:04:15.487+0000] {dag.py:3036} INFO - Sync 3 DAGs
[2025-12-06T09:04:15.529+0000] {logging_mixin.py:188} INFO - [2025-12-06T09:04:15.528+0000] {dag.py:3823} INFO - Setting next_dagrun for example_branch_datetime_operator to 2025-12-05 00:00:00+00:00, run_after=2025-12-06 00:00:00+00:00
[2025-12-06T09:04:15.539+0000] {logging_mixin.py:188} INFO - [2025-12-06T09:04:15.539+0000] {dag.py:3823} INFO - Setting next_dagrun for example_branch_datetime_operator_2 to 2025-12-05 00:00:00+00:00, run_after=2025-12-06 00:00:00+00:00
[2025-12-06T09:04:15.545+0000] {logging_mixin.py:188} INFO - [2025-12-06T09:04:15.545+0000] {dag.py:3823} INFO - Setting next_dagrun for example_branch_datetime_operator_3 to 2025-12-05 00:00:00+00:00, run_after=2025-12-06 00:00:00+00:00
[2025-12-06T09:04:15.580+0000] {processor.py:183} INFO - Processing /home/airflow/.local/lib/python3.8/site-packages/airflow/example_dags/example_branch_datetime_operator.py took 0.188 seconds
[2025-12-06T09:04:45.782+0000] {processor.py:161} INFO - Started process (PID=1086) to work on /home/airflow/.local/lib/python3.8/site-packages/airflow/example_dags/example_branch_datetime_operator.py
[2025-12-06T09:04:45.783+0000] {processor.py:830} INFO - Processing file /home/airflow/.local/lib/python3.8/site-packages/airflow/example_dags/example_branch_datetime_operator.py for tasks to queue
[2025-12-06T09:04:45.787+0000] {logging_mixin.py:188} INFO - [2025-12-06T09:04:45.786+0000] {dagbag.py:538} INFO - Filling up the DagBag from /home/airflow/.local/lib/python3.8/site-packages/airflow/example_dags/example_branch_datetime_operator.py
[2025-12-06T09:04:45.805+0000] {processor.py:840} INFO - DAG(s) 'example_branch_datetime_operator', 'example_branch_datetime_operator_2', 'example_branch_datetime_operator_3' retrieved from /home/airflow/.local/lib/python3.8/site-packages/airflow/example_dags/example_branch_datetime_operator.py
[2025-12-06T09:04:45.850+0000] {logging_mixin.py:188} INFO - [2025-12-06T09:04:45.849+0000] {dag.py:3036} INFO - Sync 3 DAGs
[2025-12-06T09:04:45.883+0000] {logging_mixin.py:188} INFO - [2025-12-06T09:04:45.883+0000] {dag.py:3823} INFO - Setting next_dagrun for example_branch_datetime_operator to 2025-12-05 00:00:00+00:00, run_after=2025-12-06 00:00:00+00:00
[2025-12-06T09:04:45.890+0000] {logging_mixin.py:188} INFO - [2025-12-06T09:04:45.889+0000] {dag.py:3823} INFO - Setting next_dagrun for example_branch_datetime_operator_2 to 2025-12-05 00:00:00+00:00, run_after=2025-12-06 00:00:00+00:00
[2025-12-06T09:04:45.894+0000] {logging_mixin.py:188} INFO - [2025-12-06T09:04:45.893+0000] {dag.py:3823} INFO - Setting next_dagrun for example_branch_datetime_operator_3 to 2025-12-05 00:00:00+00:00, run_after=2025-12-06 00:00:00+00:00
[2025-12-06T09:04:45.931+0000] {processor.py:183} INFO - Processing /home/airflow/.local/lib/python3.8/site-packages/airflow/example_dags/example_branch_datetime_operator.py took 0.155 seconds
[2025-12-06T09:05:16.384+0000] {processor.py:161} INFO - Started process (PID=1145) to work on /home/airflow/.local/lib/python3.8/site-packages/airflow/example_dags/example_branch_datetime_operator.py
[2025-12-06T09:05:16.386+0000] {processor.py:830} INFO - Processing file /home/airflow/.local/lib/python3.8/site-packages/airflow/example_dags/example_branch_datetime_operator.py for tasks to queue
[2025-12-06T09:05:16.389+0000] {logging_mixin.py:188} INFO - [2025-12-06T09:05:16.388+0000] {dagbag.py:538} INFO - Filling up the DagBag from /home/airflow/.local/lib/python3.8/site-packages/airflow/example_dags/example_branch_datetime_operator.py
[2025-12-06T09:05:16.405+0000] {processor.py:840} INFO - DAG(s) 'example_branch_datetime_operator_3', 'example_branch_datetime_operator', 'example_branch_datetime_operator_2' retrieved from /home/airflow/.local/lib/python3.8/site-packages/airflow/example_dags/example_branch_datetime_operator.py
[2025-12-06T09:05:16.447+0000] {logging_mixin.py:188} INFO - [2025-12-06T09:05:16.447+0000] {dag.py:3036} INFO - Sync 3 DAGs
[2025-12-06T09:05:16.484+0000] {logging_mixin.py:188} INFO - [2025-12-06T09:05:16.483+0000] {dag.py:3823} INFO - Setting next_dagrun for example_branch_datetime_operator to 2025-12-05 00:00:00+00:00, run_after=2025-12-06 00:00:00+00:00
[2025-12-06T09:05:16.493+0000] {logging_mixin.py:188} INFO - [2025-12-06T09:05:16.493+0000] {dag.py:3823} INFO - Setting next_dagrun for example_branch_datetime_operator_2 to 2025-12-05 00:00:00+00:00, run_after=2025-12-06 00:00:00+00:00
[2025-12-06T09:05:16.498+0000] {logging_mixin.py:188} INFO - [2025-12-06T09:05:16.498+0000] {dag.py:3823} INFO - Setting next_dagrun for example_branch_datetime_operator_3 to 2025-12-05 00:00:00+00:00, run_after=2025-12-06 00:00:00+00:00
[2025-12-06T09:05:16.528+0000] {processor.py:183} INFO - Processing /home/airflow/.local/lib/python3.8/site-packages/airflow/example_dags/example_branch_datetime_operator.py took 0.149 seconds
[2025-12-06T09:05:47.109+0000] {processor.py:161} INFO - Started process (PID=1205) to work on /home/airflow/.local/lib/python3.8/site-packages/airflow/example_dags/example_branch_datetime_operator.py
[2025-12-06T09:05:47.113+0000] {processor.py:830} INFO - Processing file /home/airflow/.local/lib/python3.8/site-packages/airflow/example_dags/example_branch_datetime_operator.py for tasks to queue
[2025-12-06T09:05:47.117+0000] {logging_mixin.py:188} INFO - [2025-12-06T09:05:47.116+0000] {dagbag.py:538} INFO - Filling up the DagBag from /home/airflow/.local/lib/python3.8/site-packages/airflow/example_dags/example_branch_datetime_operator.py
[2025-12-06T09:05:47.135+0000] {processor.py:840} INFO - DAG(s) 'example_branch_datetime_operator_2', 'example_branch_datetime_operator_3', 'example_branch_datetime_operator' retrieved from /home/airflow/.local/lib/python3.8/site-packages/airflow/example_dags/example_branch_datetime_operator.py
[2025-12-06T09:05:47.186+0000] {logging_mixin.py:188} INFO - [2025-12-06T09:05:47.186+0000] {dag.py:3036} INFO - Sync 3 DAGs
[2025-12-06T09:05:47.229+0000] {logging_mixin.py:188} INFO - [2025-12-06T09:05:47.229+0000] {dag.py:3823} INFO - Setting next_dagrun for example_branch_datetime_operator to 2025-12-05 00:00:00+00:00, run_after=2025-12-06 00:00:00+00:00
[2025-12-06T09:05:47.240+0000] {logging_mixin.py:188} INFO - [2025-12-06T09:05:47.239+0000] {dag.py:3823} INFO - Setting next_dagrun for example_branch_datetime_operator_2 to 2025-12-05 00:00:00+00:00, run_after=2025-12-06 00:00:00+00:00
[2025-12-06T09:05:47.245+0000] {logging_mixin.py:188} INFO - [2025-12-06T09:05:47.245+0000] {dag.py:3823} INFO - Setting next_dagrun for example_branch_datetime_operator_3 to 2025-12-05 00:00:00+00:00, run_after=2025-12-06 00:00:00+00:00
[2025-12-06T09:05:47.279+0000] {processor.py:183} INFO - Processing /home/airflow/.local/lib/python3.8/site-packages/airflow/example_dags/example_branch_datetime_operator.py took 0.176 seconds
[2025-12-06T09:06:17.385+0000] {processor.py:161} INFO - Started process (PID=1264) to work on /home/airflow/.local/lib/python3.8/site-packages/airflow/example_dags/example_branch_datetime_operator.py
[2025-12-06T09:06:17.388+0000] {processor.py:830} INFO - Processing file /home/airflow/.local/lib/python3.8/site-packages/airflow/example_dags/example_branch_datetime_operator.py for tasks to queue
[2025-12-06T09:06:17.391+0000] {logging_mixin.py:188} INFO - [2025-12-06T09:06:17.390+0000] {dagbag.py:538} INFO - Filling up the DagBag from /home/airflow/.local/lib/python3.8/site-packages/airflow/example_dags/example_branch_datetime_operator.py
[2025-12-06T09:06:17.410+0000] {processor.py:840} INFO - DAG(s) 'example_branch_datetime_operator', 'example_branch_datetime_operator_3', 'example_branch_datetime_operator_2' retrieved from /home/airflow/.local/lib/python3.8/site-packages/airflow/example_dags/example_branch_datetime_operator.py
[2025-12-06T09:06:17.458+0000] {logging_mixin.py:188} INFO - [2025-12-06T09:06:17.458+0000] {dag.py:3036} INFO - Sync 3 DAGs
[2025-12-06T09:06:17.496+0000] {logging_mixin.py:188} INFO - [2025-12-06T09:06:17.496+0000] {dag.py:3823} INFO - Setting next_dagrun for example_branch_datetime_operator to 2025-12-05 00:00:00+00:00, run_after=2025-12-06 00:00:00+00:00
[2025-12-06T09:06:17.505+0000] {logging_mixin.py:188} INFO - [2025-12-06T09:06:17.504+0000] {dag.py:3823} INFO - Setting next_dagrun for example_branch_datetime_operator_2 to 2025-12-05 00:00:00+00:00, run_after=2025-12-06 00:00:00+00:00
[2025-12-06T09:06:17.510+0000] {logging_mixin.py:188} INFO - [2025-12-06T09:06:17.509+0000] {dag.py:3823} INFO - Setting next_dagrun for example_branch_datetime_operator_3 to 2025-12-05 00:00:00+00:00, run_after=2025-12-06 00:00:00+00:00
[2025-12-06T09:06:17.540+0000] {processor.py:183} INFO - Processing /home/airflow/.local/lib/python3.8/site-packages/airflow/example_dags/example_branch_datetime_operator.py took 0.161 seconds
[2025-12-06T09:06:47.924+0000] {processor.py:161} INFO - Started process (PID=1324) to work on /home/airflow/.local/lib/python3.8/site-packages/airflow/example_dags/example_branch_datetime_operator.py
[2025-12-06T09:06:47.925+0000] {processor.py:830} INFO - Processing file /home/airflow/.local/lib/python3.8/site-packages/airflow/example_dags/example_branch_datetime_operator.py for tasks to queue
[2025-12-06T09:06:47.929+0000] {logging_mixin.py:188} INFO - [2025-12-06T09:06:47.928+0000] {dagbag.py:538} INFO - Filling up the DagBag from /home/airflow/.local/lib/python3.8/site-packages/airflow/example_dags/example_branch_datetime_operator.py
[2025-12-06T09:06:47.945+0000] {processor.py:840} INFO - DAG(s) 'example_branch_datetime_operator_2', 'example_branch_datetime_operator_3', 'example_branch_datetime_operator' retrieved from /home/airflow/.local/lib/python3.8/site-packages/airflow/example_dags/example_branch_datetime_operator.py
[2025-12-06T09:06:47.990+0000] {logging_mixin.py:188} INFO - [2025-12-06T09:06:47.990+0000] {dag.py:3036} INFO - Sync 3 DAGs
[2025-12-06T09:06:48.026+0000] {logging_mixin.py:188} INFO - [2025-12-06T09:06:48.025+0000] {dag.py:3823} INFO - Setting next_dagrun for example_branch_datetime_operator to 2025-12-05 00:00:00+00:00, run_after=2025-12-06 00:00:00+00:00
[2025-12-06T09:06:48.034+0000] {logging_mixin.py:188} INFO - [2025-12-06T09:06:48.034+0000] {dag.py:3823} INFO - Setting next_dagrun for example_branch_datetime_operator_2 to 2025-12-05 00:00:00+00:00, run_after=2025-12-06 00:00:00+00:00
[2025-12-06T09:06:48.039+0000] {logging_mixin.py:188} INFO - [2025-12-06T09:06:48.038+0000] {dag.py:3823} INFO - Setting next_dagrun for example_branch_datetime_operator_3 to 2025-12-05 00:00:00+00:00, run_after=2025-12-06 00:00:00+00:00
[2025-12-06T09:06:48.072+0000] {processor.py:183} INFO - Processing /home/airflow/.local/lib/python3.8/site-packages/airflow/example_dags/example_branch_datetime_operator.py took 0.152 seconds
[2025-12-06T09:07:18.390+0000] {processor.py:161} INFO - Started process (PID=1383) to work on /home/airflow/.local/lib/python3.8/site-packages/airflow/example_dags/example_branch_datetime_operator.py
[2025-12-06T09:07:18.391+0000] {processor.py:830} INFO - Processing file /home/airflow/.local/lib/python3.8/site-packages/airflow/example_dags/example_branch_datetime_operator.py for tasks to queue
[2025-12-06T09:07:18.396+0000] {logging_mixin.py:188} INFO - [2025-12-06T09:07:18.395+0000] {dagbag.py:538} INFO - Filling up the DagBag from /home/airflow/.local/lib/python3.8/site-packages/airflow/example_dags/example_branch_datetime_operator.py
[2025-12-06T09:07:18.414+0000] {processor.py:840} INFO - DAG(s) 'example_branch_datetime_operator', 'example_branch_datetime_operator_3', 'example_branch_datetime_operator_2' retrieved from /home/airflow/.local/lib/python3.8/site-packages/airflow/example_dags/example_branch_datetime_operator.py
[2025-12-06T09:07:18.465+0000] {logging_mixin.py:188} INFO - [2025-12-06T09:07:18.464+0000] {dag.py:3036} INFO - Sync 3 DAGs
[2025-12-06T09:07:18.501+0000] {logging_mixin.py:188} INFO - [2025-12-06T09:07:18.501+0000] {dag.py:3823} INFO - Setting next_dagrun for example_branch_datetime_operator to 2025-12-05 00:00:00+00:00, run_after=2025-12-06 00:00:00+00:00
[2025-12-06T09:07:18.511+0000] {logging_mixin.py:188} INFO - [2025-12-06T09:07:18.511+0000] {dag.py:3823} INFO - Setting next_dagrun for example_branch_datetime_operator_2 to 2025-12-05 00:00:00+00:00, run_after=2025-12-06 00:00:00+00:00
[2025-12-06T09:07:18.516+0000] {logging_mixin.py:188} INFO - [2025-12-06T09:07:18.516+0000] {dag.py:3823} INFO - Setting next_dagrun for example_branch_datetime_operator_3 to 2025-12-05 00:00:00+00:00, run_after=2025-12-06 00:00:00+00:00
[2025-12-06T09:07:18.553+0000] {processor.py:183} INFO - Processing /home/airflow/.local/lib/python3.8/site-packages/airflow/example_dags/example_branch_datetime_operator.py took 0.167 seconds
[2025-12-06T09:07:48.953+0000] {processor.py:161} INFO - Started process (PID=1442) to work on /home/airflow/.local/lib/python3.8/site-packages/airflow/example_dags/example_branch_datetime_operator.py
[2025-12-06T09:07:48.954+0000] {processor.py:830} INFO - Processing file /home/airflow/.local/lib/python3.8/site-packages/airflow/example_dags/example_branch_datetime_operator.py for tasks to queue
[2025-12-06T09:07:48.958+0000] {logging_mixin.py:188} INFO - [2025-12-06T09:07:48.957+0000] {dagbag.py:538} INFO - Filling up the DagBag from /home/airflow/.local/lib/python3.8/site-packages/airflow/example_dags/example_branch_datetime_operator.py
[2025-12-06T09:07:48.977+0000] {processor.py:840} INFO - DAG(s) 'example_branch_datetime_operator_2', 'example_branch_datetime_operator_3', 'example_branch_datetime_operator' retrieved from /home/airflow/.local/lib/python3.8/site-packages/airflow/example_dags/example_branch_datetime_operator.py
[2025-12-06T09:07:49.023+0000] {logging_mixin.py:188} INFO - [2025-12-06T09:07:49.022+0000] {dag.py:3036} INFO - Sync 3 DAGs
[2025-12-06T09:07:49.056+0000] {logging_mixin.py:188} INFO - [2025-12-06T09:07:49.056+0000] {dag.py:3823} INFO - Setting next_dagrun for example_branch_datetime_operator to 2025-12-05 00:00:00+00:00, run_after=2025-12-06 00:00:00+00:00
[2025-12-06T09:07:49.065+0000] {logging_mixin.py:188} INFO - [2025-12-06T09:07:49.065+0000] {dag.py:3823} INFO - Setting next_dagrun for example_branch_datetime_operator_2 to 2025-12-05 00:00:00+00:00, run_after=2025-12-06 00:00:00+00:00
[2025-12-06T09:07:49.069+0000] {logging_mixin.py:188} INFO - [2025-12-06T09:07:49.069+0000] {dag.py:3823} INFO - Setting next_dagrun for example_branch_datetime_operator_3 to 2025-12-05 00:00:00+00:00, run_after=2025-12-06 00:00:00+00:00
[2025-12-06T09:07:49.099+0000] {processor.py:183} INFO - Processing /home/airflow/.local/lib/python3.8/site-packages/airflow/example_dags/example_branch_datetime_operator.py took 0.150 seconds
[2025-12-06T09:08:19.376+0000] {processor.py:161} INFO - Started process (PID=1501) to work on /home/airflow/.local/lib/python3.8/site-packages/airflow/example_dags/example_branch_datetime_operator.py
[2025-12-06T09:08:19.378+0000] {processor.py:830} INFO - Processing file /home/airflow/.local/lib/python3.8/site-packages/airflow/example_dags/example_branch_datetime_operator.py for tasks to queue
[2025-12-06T09:08:19.380+0000] {logging_mixin.py:188} INFO - [2025-12-06T09:08:19.380+0000] {dagbag.py:538} INFO - Filling up the DagBag from /home/airflow/.local/lib/python3.8/site-packages/airflow/example_dags/example_branch_datetime_operator.py
[2025-12-06T09:08:19.396+0000] {processor.py:840} INFO - DAG(s) 'example_branch_datetime_operator', 'example_branch_datetime_operator_3', 'example_branch_datetime_operator_2' retrieved from /home/airflow/.local/lib/python3.8/site-packages/airflow/example_dags/example_branch_datetime_operator.py
[2025-12-06T09:08:19.440+0000] {logging_mixin.py:188} INFO - [2025-12-06T09:08:19.439+0000] {dag.py:3036} INFO - Sync 3 DAGs
[2025-12-06T09:08:19.473+0000] {logging_mixin.py:188} INFO - [2025-12-06T09:08:19.473+0000] {dag.py:3823} INFO - Setting next_dagrun for example_branch_datetime_operator to 2025-12-05 00:00:00+00:00, run_after=2025-12-06 00:00:00+00:00
[2025-12-06T09:08:19.480+0000] {logging_mixin.py:188} INFO - [2025-12-06T09:08:19.480+0000] {dag.py:3823} INFO - Setting next_dagrun for example_branch_datetime_operator_2 to 2025-12-05 00:00:00+00:00, run_after=2025-12-06 00:00:00+00:00
[2025-12-06T09:08:19.485+0000] {logging_mixin.py:188} INFO - [2025-12-06T09:08:19.484+0000] {dag.py:3823} INFO - Setting next_dagrun for example_branch_datetime_operator_3 to 2025-12-05 00:00:00+00:00, run_after=2025-12-06 00:00:00+00:00
[2025-12-06T09:08:19.517+0000] {processor.py:183} INFO - Processing /home/airflow/.local/lib/python3.8/site-packages/airflow/example_dags/example_branch_datetime_operator.py took 0.146 seconds
[2025-12-06T09:08:49.940+0000] {processor.py:161} INFO - Started process (PID=1561) to work on /home/airflow/.local/lib/python3.8/site-packages/airflow/example_dags/example_branch_datetime_operator.py
[2025-12-06T09:08:49.942+0000] {processor.py:830} INFO - Processing file /home/airflow/.local/lib/python3.8/site-packages/airflow/example_dags/example_branch_datetime_operator.py for tasks to queue
[2025-12-06T09:08:49.946+0000] {logging_mixin.py:188} INFO - [2025-12-06T09:08:49.946+0000] {dagbag.py:538} INFO - Filling up the DagBag from /home/airflow/.local/lib/python3.8/site-packages/airflow/example_dags/example_branch_datetime_operator.py
[2025-12-06T09:08:49.963+0000] {processor.py:840} INFO - DAG(s) 'example_branch_datetime_operator_2', 'example_branch_datetime_operator_3', 'example_branch_datetime_operator' retrieved from /home/airflow/.local/lib/python3.8/site-packages/airflow/example_dags/example_branch_datetime_operator.py
[2025-12-06T09:08:50.003+0000] {logging_mixin.py:188} INFO - [2025-12-06T09:08:50.003+0000] {dag.py:3036} INFO - Sync 3 DAGs
[2025-12-06T09:08:50.037+0000] {logging_mixin.py:188} INFO - [2025-12-06T09:08:50.037+0000] {dag.py:3823} INFO - Setting next_dagrun for example_branch_datetime_operator to 2025-12-05 00:00:00+00:00, run_after=2025-12-06 00:00:00+00:00
[2025-12-06T09:08:50.045+0000] {logging_mixin.py:188} INFO - [2025-12-06T09:08:50.045+0000] {dag.py:3823} INFO - Setting next_dagrun for example_branch_datetime_operator_2 to 2025-12-05 00:00:00+00:00, run_after=2025-12-06 00:00:00+00:00
[2025-12-06T09:08:50.049+0000] {logging_mixin.py:188} INFO - [2025-12-06T09:08:50.049+0000] {dag.py:3823} INFO - Setting next_dagrun for example_branch_datetime_operator_3 to 2025-12-05 00:00:00+00:00, run_after=2025-12-06 00:00:00+00:00
[2025-12-06T09:08:50.080+0000] {processor.py:183} INFO - Processing /home/airflow/.local/lib/python3.8/site-packages/airflow/example_dags/example_branch_datetime_operator.py took 0.144 seconds
[2025-12-06T09:09:20.148+0000] {processor.py:161} INFO - Started process (PID=1620) to work on /home/airflow/.local/lib/python3.8/site-packages/airflow/example_dags/example_branch_datetime_operator.py
[2025-12-06T09:09:20.152+0000] {processor.py:830} INFO - Processing file /home/airflow/.local/lib/python3.8/site-packages/airflow/example_dags/example_branch_datetime_operator.py for tasks to queue
[2025-12-06T09:09:20.156+0000] {logging_mixin.py:188} INFO - [2025-12-06T09:09:20.155+0000] {dagbag.py:538} INFO - Filling up the DagBag from /home/airflow/.local/lib/python3.8/site-packages/airflow/example_dags/example_branch_datetime_operator.py
[2025-12-06T09:09:20.186+0000] {processor.py:840} INFO - DAG(s) 'example_branch_datetime_operator_2', 'example_branch_datetime_operator_3', 'example_branch_datetime_operator' retrieved from /home/airflow/.local/lib/python3.8/site-packages/airflow/example_dags/example_branch_datetime_operator.py
[2025-12-06T09:09:20.257+0000] {logging_mixin.py:188} INFO - [2025-12-06T09:09:20.256+0000] {dag.py:3036} INFO - Sync 3 DAGs
[2025-12-06T09:09:20.311+0000] {logging_mixin.py:188} INFO - [2025-12-06T09:09:20.310+0000] {dag.py:3823} INFO - Setting next_dagrun for example_branch_datetime_operator to 2025-12-05 00:00:00+00:00, run_after=2025-12-06 00:00:00+00:00
[2025-12-06T09:09:20.322+0000] {logging_mixin.py:188} INFO - [2025-12-06T09:09:20.321+0000] {dag.py:3823} INFO - Setting next_dagrun for example_branch_datetime_operator_2 to 2025-12-05 00:00:00+00:00, run_after=2025-12-06 00:00:00+00:00
[2025-12-06T09:09:20.329+0000] {logging_mixin.py:188} INFO - [2025-12-06T09:09:20.329+0000] {dag.py:3823} INFO - Setting next_dagrun for example_branch_datetime_operator_3 to 2025-12-05 00:00:00+00:00, run_after=2025-12-06 00:00:00+00:00
[2025-12-06T09:09:20.371+0000] {processor.py:183} INFO - Processing /home/airflow/.local/lib/python3.8/site-packages/airflow/example_dags/example_branch_datetime_operator.py took 0.234 seconds
[2025-12-06T09:09:50.750+0000] {processor.py:161} INFO - Started process (PID=1679) to work on /home/airflow/.local/lib/python3.8/site-packages/airflow/example_dags/example_branch_datetime_operator.py
[2025-12-06T09:09:50.752+0000] {processor.py:830} INFO - Processing file /home/airflow/.local/lib/python3.8/site-packages/airflow/example_dags/example_branch_datetime_operator.py for tasks to queue
[2025-12-06T09:09:50.755+0000] {logging_mixin.py:188} INFO - [2025-12-06T09:09:50.755+0000] {dagbag.py:538} INFO - Filling up the DagBag from /home/airflow/.local/lib/python3.8/site-packages/airflow/example_dags/example_branch_datetime_operator.py
[2025-12-06T09:09:50.772+0000] {processor.py:840} INFO - DAG(s) 'example_branch_datetime_operator_2', 'example_branch_datetime_operator_3', 'example_branch_datetime_operator' retrieved from /home/airflow/.local/lib/python3.8/site-packages/airflow/example_dags/example_branch_datetime_operator.py
[2025-12-06T09:09:50.817+0000] {logging_mixin.py:188} INFO - [2025-12-06T09:09:50.817+0000] {dag.py:3036} INFO - Sync 3 DAGs
[2025-12-06T09:09:50.855+0000] {logging_mixin.py:188} INFO - [2025-12-06T09:09:50.855+0000] {dag.py:3823} INFO - Setting next_dagrun for example_branch_datetime_operator to 2025-12-05 00:00:00+00:00, run_after=2025-12-06 00:00:00+00:00
[2025-12-06T09:09:50.861+0000] {logging_mixin.py:188} INFO - [2025-12-06T09:09:50.861+0000] {dag.py:3823} INFO - Setting next_dagrun for example_branch_datetime_operator_2 to 2025-12-05 00:00:00+00:00, run_after=2025-12-06 00:00:00+00:00
[2025-12-06T09:09:50.867+0000] {logging_mixin.py:188} INFO - [2025-12-06T09:09:50.866+0000] {dag.py:3823} INFO - Setting next_dagrun for example_branch_datetime_operator_3 to 2025-12-05 00:00:00+00:00, run_after=2025-12-06 00:00:00+00:00
[2025-12-06T09:09:50.901+0000] {processor.py:183} INFO - Processing /home/airflow/.local/lib/python3.8/site-packages/airflow/example_dags/example_branch_datetime_operator.py took 0.156 seconds
[2025-12-06T09:10:21.076+0000] {processor.py:161} INFO - Started process (PID=1738) to work on /home/airflow/.local/lib/python3.8/site-packages/airflow/example_dags/example_branch_datetime_operator.py
[2025-12-06T09:10:21.078+0000] {processor.py:830} INFO - Processing file /home/airflow/.local/lib/python3.8/site-packages/airflow/example_dags/example_branch_datetime_operator.py for tasks to queue
[2025-12-06T09:10:21.081+0000] {logging_mixin.py:188} INFO - [2025-12-06T09:10:21.080+0000] {dagbag.py:538} INFO - Filling up the DagBag from /home/airflow/.local/lib/python3.8/site-packages/airflow/example_dags/example_branch_datetime_operator.py
[2025-12-06T09:10:21.097+0000] {processor.py:840} INFO - DAG(s) 'example_branch_datetime_operator_3', 'example_branch_datetime_operator', 'example_branch_datetime_operator_2' retrieved from /home/airflow/.local/lib/python3.8/site-packages/airflow/example_dags/example_branch_datetime_operator.py
[2025-12-06T09:10:21.147+0000] {logging_mixin.py:188} INFO - [2025-12-06T09:10:21.147+0000] {dag.py:3036} INFO - Sync 3 DAGs
[2025-12-06T09:10:21.184+0000] {logging_mixin.py:188} INFO - [2025-12-06T09:10:21.183+0000] {dag.py:3823} INFO - Setting next_dagrun for example_branch_datetime_operator to 2025-12-05 00:00:00+00:00, run_after=2025-12-06 00:00:00+00:00
[2025-12-06T09:10:21.194+0000] {logging_mixin.py:188} INFO - [2025-12-06T09:10:21.193+0000] {dag.py:3823} INFO - Setting next_dagrun for example_branch_datetime_operator_2 to 2025-12-05 00:00:00+00:00, run_after=2025-12-06 00:00:00+00:00
[2025-12-06T09:10:21.199+0000] {logging_mixin.py:188} INFO - [2025-12-06T09:10:21.199+0000] {dag.py:3823} INFO - Setting next_dagrun for example_branch_datetime_operator_3 to 2025-12-05 00:00:00+00:00, run_after=2025-12-06 00:00:00+00:00
[2025-12-06T09:10:21.232+0000] {processor.py:183} INFO - Processing /home/airflow/.local/lib/python3.8/site-packages/airflow/example_dags/example_branch_datetime_operator.py took 0.163 seconds
[2025-12-06T09:10:51.304+0000] {processor.py:161} INFO - Started process (PID=1797) to work on /home/airflow/.local/lib/python3.8/site-packages/airflow/example_dags/example_branch_datetime_operator.py
[2025-12-06T09:10:51.306+0000] {processor.py:830} INFO - Processing file /home/airflow/.local/lib/python3.8/site-packages/airflow/example_dags/example_branch_datetime_operator.py for tasks to queue
[2025-12-06T09:10:51.309+0000] {logging_mixin.py:188} INFO - [2025-12-06T09:10:51.308+0000] {dagbag.py:538} INFO - Filling up the DagBag from /home/airflow/.local/lib/python3.8/site-packages/airflow/example_dags/example_branch_datetime_operator.py
[2025-12-06T09:10:51.326+0000] {processor.py:840} INFO - DAG(s) 'example_branch_datetime_operator_3', 'example_branch_datetime_operator', 'example_branch_datetime_operator_2' retrieved from /home/airflow/.local/lib/python3.8/site-packages/airflow/example_dags/example_branch_datetime_operator.py
[2025-12-06T09:10:51.373+0000] {logging_mixin.py:188} INFO - [2025-12-06T09:10:51.372+0000] {dag.py:3036} INFO - Sync 3 DAGs
[2025-12-06T09:10:51.408+0000] {logging_mixin.py:188} INFO - [2025-12-06T09:10:51.408+0000] {dag.py:3823} INFO - Setting next_dagrun for example_branch_datetime_operator to 2025-12-05 00:00:00+00:00, run_after=2025-12-06 00:00:00+00:00
[2025-12-06T09:10:51.416+0000] {logging_mixin.py:188} INFO - [2025-12-06T09:10:51.416+0000] {dag.py:3823} INFO - Setting next_dagrun for example_branch_datetime_operator_2 to 2025-12-05 00:00:00+00:00, run_after=2025-12-06 00:00:00+00:00
[2025-12-06T09:10:51.421+0000] {logging_mixin.py:188} INFO - [2025-12-06T09:10:51.421+0000] {dag.py:3823} INFO - Setting next_dagrun for example_branch_datetime_operator_3 to 2025-12-05 00:00:00+00:00, run_after=2025-12-06 00:00:00+00:00
[2025-12-06T09:10:51.450+0000] {processor.py:183} INFO - Processing /home/airflow/.local/lib/python3.8/site-packages/airflow/example_dags/example_branch_datetime_operator.py took 0.149 seconds
[2025-12-06T09:11:21.860+0000] {processor.py:161} INFO - Started process (PID=1856) to work on /home/airflow/.local/lib/python3.8/site-packages/airflow/example_dags/example_branch_datetime_operator.py
[2025-12-06T09:11:21.862+0000] {processor.py:830} INFO - Processing file /home/airflow/.local/lib/python3.8/site-packages/airflow/example_dags/example_branch_datetime_operator.py for tasks to queue
[2025-12-06T09:11:21.865+0000] {logging_mixin.py:188} INFO - [2025-12-06T09:11:21.864+0000] {dagbag.py:538} INFO - Filling up the DagBag from /home/airflow/.local/lib/python3.8/site-packages/airflow/example_dags/example_branch_datetime_operator.py
[2025-12-06T09:11:21.880+0000] {processor.py:840} INFO - DAG(s) 'example_branch_datetime_operator_2', 'example_branch_datetime_operator', 'example_branch_datetime_operator_3' retrieved from /home/airflow/.local/lib/python3.8/site-packages/airflow/example_dags/example_branch_datetime_operator.py
[2025-12-06T09:11:21.927+0000] {logging_mixin.py:188} INFO - [2025-12-06T09:11:21.926+0000] {dag.py:3036} INFO - Sync 3 DAGs
[2025-12-06T09:11:21.963+0000] {logging_mixin.py:188} INFO - [2025-12-06T09:11:21.962+0000] {dag.py:3823} INFO - Setting next_dagrun for example_branch_datetime_operator to 2025-12-05 00:00:00+00:00, run_after=2025-12-06 00:00:00+00:00
[2025-12-06T09:11:21.971+0000] {logging_mixin.py:188} INFO - [2025-12-06T09:11:21.971+0000] {dag.py:3823} INFO - Setting next_dagrun for example_branch_datetime_operator_2 to 2025-12-05 00:00:00+00:00, run_after=2025-12-06 00:00:00+00:00
[2025-12-06T09:11:21.976+0000] {logging_mixin.py:188} INFO - [2025-12-06T09:11:21.976+0000] {dag.py:3823} INFO - Setting next_dagrun for example_branch_datetime_operator_3 to 2025-12-05 00:00:00+00:00, run_after=2025-12-06 00:00:00+00:00
[2025-12-06T09:11:22.010+0000] {processor.py:183} INFO - Processing /home/airflow/.local/lib/python3.8/site-packages/airflow/example_dags/example_branch_datetime_operator.py took 0.154 seconds
[2025-12-06T09:11:52.244+0000] {processor.py:161} INFO - Started process (PID=1915) to work on /home/airflow/.local/lib/python3.8/site-packages/airflow/example_dags/example_branch_datetime_operator.py
[2025-12-06T09:11:52.245+0000] {processor.py:830} INFO - Processing file /home/airflow/.local/lib/python3.8/site-packages/airflow/example_dags/example_branch_datetime_operator.py for tasks to queue
[2025-12-06T09:11:52.249+0000] {logging_mixin.py:188} INFO - [2025-12-06T09:11:52.248+0000] {dagbag.py:538} INFO - Filling up the DagBag from /home/airflow/.local/lib/python3.8/site-packages/airflow/example_dags/example_branch_datetime_operator.py
[2025-12-06T09:11:52.265+0000] {processor.py:840} INFO - DAG(s) 'example_branch_datetime_operator', 'example_branch_datetime_operator_2', 'example_branch_datetime_operator_3' retrieved from /home/airflow/.local/lib/python3.8/site-packages/airflow/example_dags/example_branch_datetime_operator.py
[2025-12-06T09:11:52.309+0000] {logging_mixin.py:188} INFO - [2025-12-06T09:11:52.309+0000] {dag.py:3036} INFO - Sync 3 DAGs
[2025-12-06T09:11:52.345+0000] {logging_mixin.py:188} INFO - [2025-12-06T09:11:52.345+0000] {dag.py:3823} INFO - Setting next_dagrun for example_branch_datetime_operator to 2025-12-05 00:00:00+00:00, run_after=2025-12-06 00:00:00+00:00
[2025-12-06T09:11:52.351+0000] {logging_mixin.py:188} INFO - [2025-12-06T09:11:52.351+0000] {dag.py:3823} INFO - Setting next_dagrun for example_branch_datetime_operator_2 to 2025-12-05 00:00:00+00:00, run_after=2025-12-06 00:00:00+00:00
[2025-12-06T09:11:52.356+0000] {logging_mixin.py:188} INFO - [2025-12-06T09:11:52.355+0000] {dag.py:3823} INFO - Setting next_dagrun for example_branch_datetime_operator_3 to 2025-12-05 00:00:00+00:00, run_after=2025-12-06 00:00:00+00:00
[2025-12-06T09:11:52.388+0000] {processor.py:183} INFO - Processing /home/airflow/.local/lib/python3.8/site-packages/airflow/example_dags/example_branch_datetime_operator.py took 0.149 seconds
[2025-12-06T09:12:22.728+0000] {processor.py:161} INFO - Started process (PID=1974) to work on /home/airflow/.local/lib/python3.8/site-packages/airflow/example_dags/example_branch_datetime_operator.py
[2025-12-06T09:12:22.730+0000] {processor.py:830} INFO - Processing file /home/airflow/.local/lib/python3.8/site-packages/airflow/example_dags/example_branch_datetime_operator.py for tasks to queue
[2025-12-06T09:12:22.733+0000] {logging_mixin.py:188} INFO - [2025-12-06T09:12:22.732+0000] {dagbag.py:538} INFO - Filling up the DagBag from /home/airflow/.local/lib/python3.8/site-packages/airflow/example_dags/example_branch_datetime_operator.py
[2025-12-06T09:12:22.751+0000] {processor.py:840} INFO - DAG(s) 'example_branch_datetime_operator_2', 'example_branch_datetime_operator', 'example_branch_datetime_operator_3' retrieved from /home/airflow/.local/lib/python3.8/site-packages/airflow/example_dags/example_branch_datetime_operator.py
[2025-12-06T09:12:22.798+0000] {logging_mixin.py:188} INFO - [2025-12-06T09:12:22.797+0000] {dag.py:3036} INFO - Sync 3 DAGs
[2025-12-06T09:12:22.833+0000] {logging_mixin.py:188} INFO - [2025-12-06T09:12:22.832+0000] {dag.py:3823} INFO - Setting next_dagrun for example_branch_datetime_operator to 2025-12-05 00:00:00+00:00, run_after=2025-12-06 00:00:00+00:00
[2025-12-06T09:12:22.840+0000] {logging_mixin.py:188} INFO - [2025-12-06T09:12:22.839+0000] {dag.py:3823} INFO - Setting next_dagrun for example_branch_datetime_operator_2 to 2025-12-05 00:00:00+00:00, run_after=2025-12-06 00:00:00+00:00
[2025-12-06T09:12:22.844+0000] {logging_mixin.py:188} INFO - [2025-12-06T09:12:22.844+0000] {dag.py:3823} INFO - Setting next_dagrun for example_branch_datetime_operator_3 to 2025-12-05 00:00:00+00:00, run_after=2025-12-06 00:00:00+00:00
[2025-12-06T09:12:22.877+0000] {processor.py:183} INFO - Processing /home/airflow/.local/lib/python3.8/site-packages/airflow/example_dags/example_branch_datetime_operator.py took 0.154 seconds
[2025-12-06T09:12:52.957+0000] {processor.py:161} INFO - Started process (PID=2031) to work on /home/airflow/.local/lib/python3.8/site-packages/airflow/example_dags/example_branch_datetime_operator.py
[2025-12-06T09:12:52.959+0000] {processor.py:830} INFO - Processing file /home/airflow/.local/lib/python3.8/site-packages/airflow/example_dags/example_branch_datetime_operator.py for tasks to queue
[2025-12-06T09:12:52.961+0000] {logging_mixin.py:188} INFO - [2025-12-06T09:12:52.961+0000] {dagbag.py:538} INFO - Filling up the DagBag from /home/airflow/.local/lib/python3.8/site-packages/airflow/example_dags/example_branch_datetime_operator.py
[2025-12-06T09:12:52.978+0000] {processor.py:840} INFO - DAG(s) 'example_branch_datetime_operator', 'example_branch_datetime_operator_2', 'example_branch_datetime_operator_3' retrieved from /home/airflow/.local/lib/python3.8/site-packages/airflow/example_dags/example_branch_datetime_operator.py
[2025-12-06T09:12:53.027+0000] {logging_mixin.py:188} INFO - [2025-12-06T09:12:53.027+0000] {dag.py:3036} INFO - Sync 3 DAGs
[2025-12-06T09:12:53.064+0000] {logging_mixin.py:188} INFO - [2025-12-06T09:12:53.064+0000] {dag.py:3823} INFO - Setting next_dagrun for example_branch_datetime_operator to 2025-12-05 00:00:00+00:00, run_after=2025-12-06 00:00:00+00:00
[2025-12-06T09:12:53.072+0000] {logging_mixin.py:188} INFO - [2025-12-06T09:12:53.072+0000] {dag.py:3823} INFO - Setting next_dagrun for example_branch_datetime_operator_2 to 2025-12-05 00:00:00+00:00, run_after=2025-12-06 00:00:00+00:00
[2025-12-06T09:12:53.077+0000] {logging_mixin.py:188} INFO - [2025-12-06T09:12:53.077+0000] {dag.py:3823} INFO - Setting next_dagrun for example_branch_datetime_operator_3 to 2025-12-05 00:00:00+00:00, run_after=2025-12-06 00:00:00+00:00
[2025-12-06T09:12:53.111+0000] {processor.py:183} INFO - Processing /home/airflow/.local/lib/python3.8/site-packages/airflow/example_dags/example_branch_datetime_operator.py took 0.160 seconds
[2025-12-06T09:13:23.729+0000] {processor.py:161} INFO - Started process (PID=2090) to work on /home/airflow/.local/lib/python3.8/site-packages/airflow/example_dags/example_branch_datetime_operator.py
[2025-12-06T09:13:23.730+0000] {processor.py:830} INFO - Processing file /home/airflow/.local/lib/python3.8/site-packages/airflow/example_dags/example_branch_datetime_operator.py for tasks to queue
[2025-12-06T09:13:23.732+0000] {logging_mixin.py:188} INFO - [2025-12-06T09:13:23.732+0000] {dagbag.py:538} INFO - Filling up the DagBag from /home/airflow/.local/lib/python3.8/site-packages/airflow/example_dags/example_branch_datetime_operator.py
[2025-12-06T09:13:23.748+0000] {processor.py:840} INFO - DAG(s) 'example_branch_datetime_operator_2', 'example_branch_datetime_operator', 'example_branch_datetime_operator_3' retrieved from /home/airflow/.local/lib/python3.8/site-packages/airflow/example_dags/example_branch_datetime_operator.py
[2025-12-06T09:13:23.789+0000] {logging_mixin.py:188} INFO - [2025-12-06T09:13:23.789+0000] {dag.py:3036} INFO - Sync 3 DAGs
[2025-12-06T09:13:23.825+0000] {logging_mixin.py:188} INFO - [2025-12-06T09:13:23.825+0000] {dag.py:3823} INFO - Setting next_dagrun for example_branch_datetime_operator to 2025-12-05 00:00:00+00:00, run_after=2025-12-06 00:00:00+00:00
[2025-12-06T09:13:23.833+0000] {logging_mixin.py:188} INFO - [2025-12-06T09:13:23.833+0000] {dag.py:3823} INFO - Setting next_dagrun for example_branch_datetime_operator_2 to 2025-12-05 00:00:00+00:00, run_after=2025-12-06 00:00:00+00:00
[2025-12-06T09:13:23.837+0000] {logging_mixin.py:188} INFO - [2025-12-06T09:13:23.837+0000] {dag.py:3823} INFO - Setting next_dagrun for example_branch_datetime_operator_3 to 2025-12-05 00:00:00+00:00, run_after=2025-12-06 00:00:00+00:00
[2025-12-06T09:13:23.867+0000] {processor.py:183} INFO - Processing /home/airflow/.local/lib/python3.8/site-packages/airflow/example_dags/example_branch_datetime_operator.py took 0.148 seconds
[2025-12-06T09:13:54.025+0000] {processor.py:161} INFO - Started process (PID=2149) to work on /home/airflow/.local/lib/python3.8/site-packages/airflow/example_dags/example_branch_datetime_operator.py
[2025-12-06T09:13:54.027+0000] {processor.py:830} INFO - Processing file /home/airflow/.local/lib/python3.8/site-packages/airflow/example_dags/example_branch_datetime_operator.py for tasks to queue
[2025-12-06T09:13:54.030+0000] {logging_mixin.py:188} INFO - [2025-12-06T09:13:54.029+0000] {dagbag.py:538} INFO - Filling up the DagBag from /home/airflow/.local/lib/python3.8/site-packages/airflow/example_dags/example_branch_datetime_operator.py
[2025-12-06T09:13:54.048+0000] {processor.py:840} INFO - DAG(s) 'example_branch_datetime_operator', 'example_branch_datetime_operator_2', 'example_branch_datetime_operator_3' retrieved from /home/airflow/.local/lib/python3.8/site-packages/airflow/example_dags/example_branch_datetime_operator.py
[2025-12-06T09:13:54.100+0000] {logging_mixin.py:188} INFO - [2025-12-06T09:13:54.099+0000] {dag.py:3036} INFO - Sync 3 DAGs
[2025-12-06T09:13:54.136+0000] {logging_mixin.py:188} INFO - [2025-12-06T09:13:54.135+0000] {dag.py:3823} INFO - Setting next_dagrun for example_branch_datetime_operator to 2025-12-05 00:00:00+00:00, run_after=2025-12-06 00:00:00+00:00
[2025-12-06T09:13:54.145+0000] {logging_mixin.py:188} INFO - [2025-12-06T09:13:54.145+0000] {dag.py:3823} INFO - Setting next_dagrun for example_branch_datetime_operator_2 to 2025-12-05 00:00:00+00:00, run_after=2025-12-06 00:00:00+00:00
[2025-12-06T09:13:54.150+0000] {logging_mixin.py:188} INFO - [2025-12-06T09:13:54.150+0000] {dag.py:3823} INFO - Setting next_dagrun for example_branch_datetime_operator_3 to 2025-12-05 00:00:00+00:00, run_after=2025-12-06 00:00:00+00:00
[2025-12-06T09:13:54.181+0000] {processor.py:183} INFO - Processing /home/airflow/.local/lib/python3.8/site-packages/airflow/example_dags/example_branch_datetime_operator.py took 0.161 seconds
[2025-12-06T09:14:24.714+0000] {processor.py:161} INFO - Started process (PID=2208) to work on /home/airflow/.local/lib/python3.8/site-packages/airflow/example_dags/example_branch_datetime_operator.py
[2025-12-06T09:14:24.716+0000] {processor.py:830} INFO - Processing file /home/airflow/.local/lib/python3.8/site-packages/airflow/example_dags/example_branch_datetime_operator.py for tasks to queue
[2025-12-06T09:14:24.723+0000] {logging_mixin.py:188} INFO - [2025-12-06T09:14:24.722+0000] {dagbag.py:538} INFO - Filling up the DagBag from /home/airflow/.local/lib/python3.8/site-packages/airflow/example_dags/example_branch_datetime_operator.py
[2025-12-06T09:14:24.749+0000] {processor.py:840} INFO - DAG(s) 'example_branch_datetime_operator', 'example_branch_datetime_operator_2', 'example_branch_datetime_operator_3' retrieved from /home/airflow/.local/lib/python3.8/site-packages/airflow/example_dags/example_branch_datetime_operator.py
[2025-12-06T09:14:24.793+0000] {logging_mixin.py:188} INFO - [2025-12-06T09:14:24.792+0000] {dag.py:3036} INFO - Sync 3 DAGs
[2025-12-06T09:14:24.828+0000] {logging_mixin.py:188} INFO - [2025-12-06T09:14:24.828+0000] {dag.py:3823} INFO - Setting next_dagrun for example_branch_datetime_operator to 2025-12-05 00:00:00+00:00, run_after=2025-12-06 00:00:00+00:00
[2025-12-06T09:14:24.837+0000] {logging_mixin.py:188} INFO - [2025-12-06T09:14:24.836+0000] {dag.py:3823} INFO - Setting next_dagrun for example_branch_datetime_operator_2 to 2025-12-05 00:00:00+00:00, run_after=2025-12-06 00:00:00+00:00
[2025-12-06T09:14:24.840+0000] {logging_mixin.py:188} INFO - [2025-12-06T09:14:24.840+0000] {dag.py:3823} INFO - Setting next_dagrun for example_branch_datetime_operator_3 to 2025-12-05 00:00:00+00:00, run_after=2025-12-06 00:00:00+00:00
[2025-12-06T09:14:24.870+0000] {processor.py:183} INFO - Processing /home/airflow/.local/lib/python3.8/site-packages/airflow/example_dags/example_branch_datetime_operator.py took 0.161 seconds
[2025-12-06T09:14:54.997+0000] {processor.py:161} INFO - Started process (PID=2267) to work on /home/airflow/.local/lib/python3.8/site-packages/airflow/example_dags/example_branch_datetime_operator.py
[2025-12-06T09:14:54.999+0000] {processor.py:830} INFO - Processing file /home/airflow/.local/lib/python3.8/site-packages/airflow/example_dags/example_branch_datetime_operator.py for tasks to queue
[2025-12-06T09:14:55.002+0000] {logging_mixin.py:188} INFO - [2025-12-06T09:14:55.001+0000] {dagbag.py:538} INFO - Filling up the DagBag from /home/airflow/.local/lib/python3.8/site-packages/airflow/example_dags/example_branch_datetime_operator.py
[2025-12-06T09:14:55.020+0000] {processor.py:840} INFO - DAG(s) 'example_branch_datetime_operator_3', 'example_branch_datetime_operator_2', 'example_branch_datetime_operator' retrieved from /home/airflow/.local/lib/python3.8/site-packages/airflow/example_dags/example_branch_datetime_operator.py
[2025-12-06T09:14:55.059+0000] {logging_mixin.py:188} INFO - [2025-12-06T09:14:55.059+0000] {dag.py:3036} INFO - Sync 3 DAGs
[2025-12-06T09:14:55.101+0000] {logging_mixin.py:188} INFO - [2025-12-06T09:14:55.100+0000] {dag.py:3823} INFO - Setting next_dagrun for example_branch_datetime_operator to 2025-12-05 00:00:00+00:00, run_after=2025-12-06 00:00:00+00:00
[2025-12-06T09:14:55.110+0000] {logging_mixin.py:188} INFO - [2025-12-06T09:14:55.109+0000] {dag.py:3823} INFO - Setting next_dagrun for example_branch_datetime_operator_2 to 2025-12-05 00:00:00+00:00, run_after=2025-12-06 00:00:00+00:00
[2025-12-06T09:14:55.116+0000] {logging_mixin.py:188} INFO - [2025-12-06T09:14:55.116+0000] {dag.py:3823} INFO - Setting next_dagrun for example_branch_datetime_operator_3 to 2025-12-05 00:00:00+00:00, run_after=2025-12-06 00:00:00+00:00
[2025-12-06T09:14:55.147+0000] {processor.py:183} INFO - Processing /home/airflow/.local/lib/python3.8/site-packages/airflow/example_dags/example_branch_datetime_operator.py took 0.155 seconds
[2025-12-06T09:15:25.497+0000] {processor.py:161} INFO - Started process (PID=2326) to work on /home/airflow/.local/lib/python3.8/site-packages/airflow/example_dags/example_branch_datetime_operator.py
[2025-12-06T09:15:25.499+0000] {processor.py:830} INFO - Processing file /home/airflow/.local/lib/python3.8/site-packages/airflow/example_dags/example_branch_datetime_operator.py for tasks to queue
[2025-12-06T09:15:25.505+0000] {logging_mixin.py:188} INFO - [2025-12-06T09:15:25.505+0000] {dagbag.py:538} INFO - Filling up the DagBag from /home/airflow/.local/lib/python3.8/site-packages/airflow/example_dags/example_branch_datetime_operator.py
[2025-12-06T09:15:25.521+0000] {processor.py:840} INFO - DAG(s) 'example_branch_datetime_operator_3', 'example_branch_datetime_operator_2', 'example_branch_datetime_operator' retrieved from /home/airflow/.local/lib/python3.8/site-packages/airflow/example_dags/example_branch_datetime_operator.py
[2025-12-06T09:15:25.570+0000] {logging_mixin.py:188} INFO - [2025-12-06T09:15:25.569+0000] {dag.py:3036} INFO - Sync 3 DAGs
[2025-12-06T09:15:25.612+0000] {logging_mixin.py:188} INFO - [2025-12-06T09:15:25.611+0000] {dag.py:3823} INFO - Setting next_dagrun for example_branch_datetime_operator to 2025-12-05 00:00:00+00:00, run_after=2025-12-06 00:00:00+00:00
[2025-12-06T09:15:25.624+0000] {logging_mixin.py:188} INFO - [2025-12-06T09:15:25.624+0000] {dag.py:3823} INFO - Setting next_dagrun for example_branch_datetime_operator_2 to 2025-12-05 00:00:00+00:00, run_after=2025-12-06 00:00:00+00:00
[2025-12-06T09:15:25.629+0000] {logging_mixin.py:188} INFO - [2025-12-06T09:15:25.629+0000] {dag.py:3823} INFO - Setting next_dagrun for example_branch_datetime_operator_3 to 2025-12-05 00:00:00+00:00, run_after=2025-12-06 00:00:00+00:00
[2025-12-06T09:15:25.660+0000] {processor.py:183} INFO - Processing /home/airflow/.local/lib/python3.8/site-packages/airflow/example_dags/example_branch_datetime_operator.py took 0.167 seconds
[2025-12-06T09:15:55.699+0000] {processor.py:161} INFO - Started process (PID=2385) to work on /home/airflow/.local/lib/python3.8/site-packages/airflow/example_dags/example_branch_datetime_operator.py
[2025-12-06T09:15:55.700+0000] {processor.py:830} INFO - Processing file /home/airflow/.local/lib/python3.8/site-packages/airflow/example_dags/example_branch_datetime_operator.py for tasks to queue
[2025-12-06T09:15:55.704+0000] {logging_mixin.py:188} INFO - [2025-12-06T09:15:55.703+0000] {dagbag.py:538} INFO - Filling up the DagBag from /home/airflow/.local/lib/python3.8/site-packages/airflow/example_dags/example_branch_datetime_operator.py
[2025-12-06T09:15:55.719+0000] {processor.py:840} INFO - DAG(s) 'example_branch_datetime_operator_2', 'example_branch_datetime_operator', 'example_branch_datetime_operator_3' retrieved from /home/airflow/.local/lib/python3.8/site-packages/airflow/example_dags/example_branch_datetime_operator.py
[2025-12-06T09:15:55.761+0000] {logging_mixin.py:188} INFO - [2025-12-06T09:15:55.761+0000] {dag.py:3036} INFO - Sync 3 DAGs
[2025-12-06T09:15:55.795+0000] {logging_mixin.py:188} INFO - [2025-12-06T09:15:55.794+0000] {dag.py:3823} INFO - Setting next_dagrun for example_branch_datetime_operator to 2025-12-05 00:00:00+00:00, run_after=2025-12-06 00:00:00+00:00
[2025-12-06T09:15:55.803+0000] {logging_mixin.py:188} INFO - [2025-12-06T09:15:55.803+0000] {dag.py:3823} INFO - Setting next_dagrun for example_branch_datetime_operator_2 to 2025-12-05 00:00:00+00:00, run_after=2025-12-06 00:00:00+00:00
[2025-12-06T09:15:55.808+0000] {logging_mixin.py:188} INFO - [2025-12-06T09:15:55.808+0000] {dag.py:3823} INFO - Setting next_dagrun for example_branch_datetime_operator_3 to 2025-12-05 00:00:00+00:00, run_after=2025-12-06 00:00:00+00:00
[2025-12-06T09:15:55.839+0000] {processor.py:183} INFO - Processing /home/airflow/.local/lib/python3.8/site-packages/airflow/example_dags/example_branch_datetime_operator.py took 0.146 seconds
[2025-12-06T09:16:26.055+0000] {processor.py:161} INFO - Started process (PID=2444) to work on /home/airflow/.local/lib/python3.8/site-packages/airflow/example_dags/example_branch_datetime_operator.py
[2025-12-06T09:16:26.058+0000] {processor.py:830} INFO - Processing file /home/airflow/.local/lib/python3.8/site-packages/airflow/example_dags/example_branch_datetime_operator.py for tasks to queue
[2025-12-06T09:16:26.062+0000] {logging_mixin.py:188} INFO - [2025-12-06T09:16:26.062+0000] {dagbag.py:538} INFO - Filling up the DagBag from /home/airflow/.local/lib/python3.8/site-packages/airflow/example_dags/example_branch_datetime_operator.py
[2025-12-06T09:16:26.077+0000] {processor.py:840} INFO - DAG(s) 'example_branch_datetime_operator', 'example_branch_datetime_operator_3', 'example_branch_datetime_operator_2' retrieved from /home/airflow/.local/lib/python3.8/site-packages/airflow/example_dags/example_branch_datetime_operator.py
[2025-12-06T09:16:26.120+0000] {logging_mixin.py:188} INFO - [2025-12-06T09:16:26.119+0000] {dag.py:3036} INFO - Sync 3 DAGs
[2025-12-06T09:16:26.154+0000] {logging_mixin.py:188} INFO - [2025-12-06T09:16:26.154+0000] {dag.py:3823} INFO - Setting next_dagrun for example_branch_datetime_operator to 2025-12-05 00:00:00+00:00, run_after=2025-12-06 00:00:00+00:00
[2025-12-06T09:16:26.161+0000] {logging_mixin.py:188} INFO - [2025-12-06T09:16:26.161+0000] {dag.py:3823} INFO - Setting next_dagrun for example_branch_datetime_operator_2 to 2025-12-05 00:00:00+00:00, run_after=2025-12-06 00:00:00+00:00
[2025-12-06T09:16:26.165+0000] {logging_mixin.py:188} INFO - [2025-12-06T09:16:26.165+0000] {dag.py:3823} INFO - Setting next_dagrun for example_branch_datetime_operator_3 to 2025-12-05 00:00:00+00:00, run_after=2025-12-06 00:00:00+00:00
[2025-12-06T09:16:26.195+0000] {processor.py:183} INFO - Processing /home/airflow/.local/lib/python3.8/site-packages/airflow/example_dags/example_branch_datetime_operator.py took 0.144 seconds
[2025-12-06T09:16:56.345+0000] {processor.py:161} INFO - Started process (PID=2503) to work on /home/airflow/.local/lib/python3.8/site-packages/airflow/example_dags/example_branch_datetime_operator.py
[2025-12-06T09:16:56.347+0000] {processor.py:830} INFO - Processing file /home/airflow/.local/lib/python3.8/site-packages/airflow/example_dags/example_branch_datetime_operator.py for tasks to queue
[2025-12-06T09:16:56.349+0000] {logging_mixin.py:188} INFO - [2025-12-06T09:16:56.349+0000] {dagbag.py:538} INFO - Filling up the DagBag from /home/airflow/.local/lib/python3.8/site-packages/airflow/example_dags/example_branch_datetime_operator.py
[2025-12-06T09:16:56.364+0000] {processor.py:840} INFO - DAG(s) 'example_branch_datetime_operator_2', 'example_branch_datetime_operator_3', 'example_branch_datetime_operator' retrieved from /home/airflow/.local/lib/python3.8/site-packages/airflow/example_dags/example_branch_datetime_operator.py
[2025-12-06T09:16:56.405+0000] {logging_mixin.py:188} INFO - [2025-12-06T09:16:56.405+0000] {dag.py:3036} INFO - Sync 3 DAGs
[2025-12-06T09:16:56.443+0000] {logging_mixin.py:188} INFO - [2025-12-06T09:16:56.443+0000] {dag.py:3823} INFO - Setting next_dagrun for example_branch_datetime_operator to 2025-12-05 00:00:00+00:00, run_after=2025-12-06 00:00:00+00:00
[2025-12-06T09:16:56.453+0000] {logging_mixin.py:188} INFO - [2025-12-06T09:16:56.453+0000] {dag.py:3823} INFO - Setting next_dagrun for example_branch_datetime_operator_2 to 2025-12-05 00:00:00+00:00, run_after=2025-12-06 00:00:00+00:00
[2025-12-06T09:16:56.459+0000] {logging_mixin.py:188} INFO - [2025-12-06T09:16:56.459+0000] {dag.py:3823} INFO - Setting next_dagrun for example_branch_datetime_operator_3 to 2025-12-05 00:00:00+00:00, run_after=2025-12-06 00:00:00+00:00
[2025-12-06T09:16:56.489+0000] {processor.py:183} INFO - Processing /home/airflow/.local/lib/python3.8/site-packages/airflow/example_dags/example_branch_datetime_operator.py took 0.148 seconds
[2025-12-06T09:17:26.624+0000] {processor.py:161} INFO - Started process (PID=2562) to work on /home/airflow/.local/lib/python3.8/site-packages/airflow/example_dags/example_branch_datetime_operator.py
[2025-12-06T09:17:26.626+0000] {processor.py:830} INFO - Processing file /home/airflow/.local/lib/python3.8/site-packages/airflow/example_dags/example_branch_datetime_operator.py for tasks to queue
[2025-12-06T09:17:26.629+0000] {logging_mixin.py:188} INFO - [2025-12-06T09:17:26.628+0000] {dagbag.py:538} INFO - Filling up the DagBag from /home/airflow/.local/lib/python3.8/site-packages/airflow/example_dags/example_branch_datetime_operator.py
[2025-12-06T09:17:26.647+0000] {processor.py:840} INFO - DAG(s) 'example_branch_datetime_operator', 'example_branch_datetime_operator_2', 'example_branch_datetime_operator_3' retrieved from /home/airflow/.local/lib/python3.8/site-packages/airflow/example_dags/example_branch_datetime_operator.py
[2025-12-06T09:17:26.692+0000] {logging_mixin.py:188} INFO - [2025-12-06T09:17:26.692+0000] {dag.py:3036} INFO - Sync 3 DAGs
[2025-12-06T09:17:26.728+0000] {logging_mixin.py:188} INFO - [2025-12-06T09:17:26.728+0000] {dag.py:3823} INFO - Setting next_dagrun for example_branch_datetime_operator to 2025-12-05 00:00:00+00:00, run_after=2025-12-06 00:00:00+00:00
[2025-12-06T09:17:26.736+0000] {logging_mixin.py:188} INFO - [2025-12-06T09:17:26.736+0000] {dag.py:3823} INFO - Setting next_dagrun for example_branch_datetime_operator_2 to 2025-12-05 00:00:00+00:00, run_after=2025-12-06 00:00:00+00:00
[2025-12-06T09:17:26.742+0000] {logging_mixin.py:188} INFO - [2025-12-06T09:17:26.742+0000] {dag.py:3823} INFO - Setting next_dagrun for example_branch_datetime_operator_3 to 2025-12-05 00:00:00+00:00, run_after=2025-12-06 00:00:00+00:00
[2025-12-06T09:17:26.939+0000] {processor.py:183} INFO - Processing /home/airflow/.local/lib/python3.8/site-packages/airflow/example_dags/example_branch_datetime_operator.py took 0.319 seconds
[2025-12-06T09:17:57.136+0000] {processor.py:161} INFO - Started process (PID=2621) to work on /home/airflow/.local/lib/python3.8/site-packages/airflow/example_dags/example_branch_datetime_operator.py
[2025-12-06T09:17:57.137+0000] {processor.py:830} INFO - Processing file /home/airflow/.local/lib/python3.8/site-packages/airflow/example_dags/example_branch_datetime_operator.py for tasks to queue
[2025-12-06T09:17:57.141+0000] {logging_mixin.py:188} INFO - [2025-12-06T09:17:57.140+0000] {dagbag.py:538} INFO - Filling up the DagBag from /home/airflow/.local/lib/python3.8/site-packages/airflow/example_dags/example_branch_datetime_operator.py
[2025-12-06T09:17:57.157+0000] {processor.py:840} INFO - DAG(s) 'example_branch_datetime_operator', 'example_branch_datetime_operator_3', 'example_branch_datetime_operator_2' retrieved from /home/airflow/.local/lib/python3.8/site-packages/airflow/example_dags/example_branch_datetime_operator.py
[2025-12-06T09:17:57.199+0000] {logging_mixin.py:188} INFO - [2025-12-06T09:17:57.198+0000] {dag.py:3036} INFO - Sync 3 DAGs
[2025-12-06T09:17:57.234+0000] {logging_mixin.py:188} INFO - [2025-12-06T09:17:57.234+0000] {dag.py:3823} INFO - Setting next_dagrun for example_branch_datetime_operator to 2025-12-05 00:00:00+00:00, run_after=2025-12-06 00:00:00+00:00
[2025-12-06T09:17:57.242+0000] {logging_mixin.py:188} INFO - [2025-12-06T09:17:57.242+0000] {dag.py:3823} INFO - Setting next_dagrun for example_branch_datetime_operator_2 to 2025-12-05 00:00:00+00:00, run_after=2025-12-06 00:00:00+00:00
[2025-12-06T09:17:57.248+0000] {logging_mixin.py:188} INFO - [2025-12-06T09:17:57.248+0000] {dag.py:3823} INFO - Setting next_dagrun for example_branch_datetime_operator_3 to 2025-12-05 00:00:00+00:00, run_after=2025-12-06 00:00:00+00:00
[2025-12-06T09:17:57.278+0000] {processor.py:183} INFO - Processing /home/airflow/.local/lib/python3.8/site-packages/airflow/example_dags/example_branch_datetime_operator.py took 0.148 seconds
[2025-12-06T09:18:27.732+0000] {processor.py:161} INFO - Started process (PID=2680) to work on /home/airflow/.local/lib/python3.8/site-packages/airflow/example_dags/example_branch_datetime_operator.py
[2025-12-06T09:18:27.734+0000] {processor.py:830} INFO - Processing file /home/airflow/.local/lib/python3.8/site-packages/airflow/example_dags/example_branch_datetime_operator.py for tasks to queue
[2025-12-06T09:18:27.737+0000] {logging_mixin.py:188} INFO - [2025-12-06T09:18:27.737+0000] {dagbag.py:538} INFO - Filling up the DagBag from /home/airflow/.local/lib/python3.8/site-packages/airflow/example_dags/example_branch_datetime_operator.py
[2025-12-06T09:18:27.754+0000] {processor.py:840} INFO - DAG(s) 'example_branch_datetime_operator', 'example_branch_datetime_operator_2', 'example_branch_datetime_operator_3' retrieved from /home/airflow/.local/lib/python3.8/site-packages/airflow/example_dags/example_branch_datetime_operator.py
[2025-12-06T09:18:27.799+0000] {logging_mixin.py:188} INFO - [2025-12-06T09:18:27.798+0000] {dag.py:3036} INFO - Sync 3 DAGs
[2025-12-06T09:18:27.834+0000] {logging_mixin.py:188} INFO - [2025-12-06T09:18:27.834+0000] {dag.py:3823} INFO - Setting next_dagrun for example_branch_datetime_operator to 2025-12-05 00:00:00+00:00, run_after=2025-12-06 00:00:00+00:00
[2025-12-06T09:18:27.841+0000] {logging_mixin.py:188} INFO - [2025-12-06T09:18:27.841+0000] {dag.py:3823} INFO - Setting next_dagrun for example_branch_datetime_operator_2 to 2025-12-05 00:00:00+00:00, run_after=2025-12-06 00:00:00+00:00
[2025-12-06T09:18:27.846+0000] {logging_mixin.py:188} INFO - [2025-12-06T09:18:27.846+0000] {dag.py:3823} INFO - Setting next_dagrun for example_branch_datetime_operator_3 to 2025-12-05 00:00:00+00:00, run_after=2025-12-06 00:00:00+00:00
[2025-12-06T09:18:27.880+0000] {processor.py:183} INFO - Processing /home/airflow/.local/lib/python3.8/site-packages/airflow/example_dags/example_branch_datetime_operator.py took 0.152 seconds
[2025-12-06T09:18:58.356+0000] {processor.py:161} INFO - Started process (PID=2739) to work on /home/airflow/.local/lib/python3.8/site-packages/airflow/example_dags/example_branch_datetime_operator.py
[2025-12-06T09:18:58.357+0000] {processor.py:830} INFO - Processing file /home/airflow/.local/lib/python3.8/site-packages/airflow/example_dags/example_branch_datetime_operator.py for tasks to queue
[2025-12-06T09:18:58.360+0000] {logging_mixin.py:188} INFO - [2025-12-06T09:18:58.360+0000] {dagbag.py:538} INFO - Filling up the DagBag from /home/airflow/.local/lib/python3.8/site-packages/airflow/example_dags/example_branch_datetime_operator.py
[2025-12-06T09:18:58.375+0000] {processor.py:840} INFO - DAG(s) 'example_branch_datetime_operator_3', 'example_branch_datetime_operator_2', 'example_branch_datetime_operator' retrieved from /home/airflow/.local/lib/python3.8/site-packages/airflow/example_dags/example_branch_datetime_operator.py
[2025-12-06T09:18:58.416+0000] {logging_mixin.py:188} INFO - [2025-12-06T09:18:58.415+0000] {dag.py:3036} INFO - Sync 3 DAGs
[2025-12-06T09:18:58.447+0000] {logging_mixin.py:188} INFO - [2025-12-06T09:18:58.447+0000] {dag.py:3823} INFO - Setting next_dagrun for example_branch_datetime_operator to 2025-12-05 00:00:00+00:00, run_after=2025-12-06 00:00:00+00:00
[2025-12-06T09:18:58.455+0000] {logging_mixin.py:188} INFO - [2025-12-06T09:18:58.455+0000] {dag.py:3823} INFO - Setting next_dagrun for example_branch_datetime_operator_2 to 2025-12-05 00:00:00+00:00, run_after=2025-12-06 00:00:00+00:00
[2025-12-06T09:18:58.461+0000] {logging_mixin.py:188} INFO - [2025-12-06T09:18:58.460+0000] {dag.py:3823} INFO - Setting next_dagrun for example_branch_datetime_operator_3 to 2025-12-05 00:00:00+00:00, run_after=2025-12-06 00:00:00+00:00
[2025-12-06T09:18:58.490+0000] {processor.py:183} INFO - Processing /home/airflow/.local/lib/python3.8/site-packages/airflow/example_dags/example_branch_datetime_operator.py took 0.138 seconds
[2025-12-06T09:19:28.715+0000] {processor.py:161} INFO - Started process (PID=2798) to work on /home/airflow/.local/lib/python3.8/site-packages/airflow/example_dags/example_branch_datetime_operator.py
[2025-12-06T09:19:28.716+0000] {processor.py:830} INFO - Processing file /home/airflow/.local/lib/python3.8/site-packages/airflow/example_dags/example_branch_datetime_operator.py for tasks to queue
[2025-12-06T09:19:28.719+0000] {logging_mixin.py:188} INFO - [2025-12-06T09:19:28.719+0000] {dagbag.py:538} INFO - Filling up the DagBag from /home/airflow/.local/lib/python3.8/site-packages/airflow/example_dags/example_branch_datetime_operator.py
[2025-12-06T09:19:28.735+0000] {processor.py:840} INFO - DAG(s) 'example_branch_datetime_operator_3', 'example_branch_datetime_operator', 'example_branch_datetime_operator_2' retrieved from /home/airflow/.local/lib/python3.8/site-packages/airflow/example_dags/example_branch_datetime_operator.py
[2025-12-06T09:19:28.776+0000] {logging_mixin.py:188} INFO - [2025-12-06T09:19:28.775+0000] {dag.py:3036} INFO - Sync 3 DAGs
[2025-12-06T09:19:28.809+0000] {logging_mixin.py:188} INFO - [2025-12-06T09:19:28.808+0000] {dag.py:3823} INFO - Setting next_dagrun for example_branch_datetime_operator to 2025-12-05 00:00:00+00:00, run_after=2025-12-06 00:00:00+00:00
[2025-12-06T09:19:28.817+0000] {logging_mixin.py:188} INFO - [2025-12-06T09:19:28.816+0000] {dag.py:3823} INFO - Setting next_dagrun for example_branch_datetime_operator_2 to 2025-12-05 00:00:00+00:00, run_after=2025-12-06 00:00:00+00:00
[2025-12-06T09:19:28.821+0000] {logging_mixin.py:188} INFO - [2025-12-06T09:19:28.821+0000] {dag.py:3823} INFO - Setting next_dagrun for example_branch_datetime_operator_3 to 2025-12-05 00:00:00+00:00, run_after=2025-12-06 00:00:00+00:00
[2025-12-06T09:19:28.853+0000] {processor.py:183} INFO - Processing /home/airflow/.local/lib/python3.8/site-packages/airflow/example_dags/example_branch_datetime_operator.py took 0.144 seconds
[2025-12-06T09:19:59.081+0000] {processor.py:161} INFO - Started process (PID=2857) to work on /home/airflow/.local/lib/python3.8/site-packages/airflow/example_dags/example_branch_datetime_operator.py
[2025-12-06T09:19:59.082+0000] {processor.py:830} INFO - Processing file /home/airflow/.local/lib/python3.8/site-packages/airflow/example_dags/example_branch_datetime_operator.py for tasks to queue
[2025-12-06T09:19:59.085+0000] {logging_mixin.py:188} INFO - [2025-12-06T09:19:59.084+0000] {dagbag.py:538} INFO - Filling up the DagBag from /home/airflow/.local/lib/python3.8/site-packages/airflow/example_dags/example_branch_datetime_operator.py
[2025-12-06T09:19:59.101+0000] {processor.py:840} INFO - DAG(s) 'example_branch_datetime_operator_3', 'example_branch_datetime_operator', 'example_branch_datetime_operator_2' retrieved from /home/airflow/.local/lib/python3.8/site-packages/airflow/example_dags/example_branch_datetime_operator.py
[2025-12-06T09:19:59.144+0000] {logging_mixin.py:188} INFO - [2025-12-06T09:19:59.144+0000] {dag.py:3036} INFO - Sync 3 DAGs
[2025-12-06T09:19:59.336+0000] {logging_mixin.py:188} INFO - [2025-12-06T09:19:59.336+0000] {dag.py:3823} INFO - Setting next_dagrun for example_branch_datetime_operator to 2025-12-05 00:00:00+00:00, run_after=2025-12-06 00:00:00+00:00
[2025-12-06T09:19:59.344+0000] {logging_mixin.py:188} INFO - [2025-12-06T09:19:59.343+0000] {dag.py:3823} INFO - Setting next_dagrun for example_branch_datetime_operator_2 to 2025-12-05 00:00:00+00:00, run_after=2025-12-06 00:00:00+00:00
[2025-12-06T09:19:59.350+0000] {logging_mixin.py:188} INFO - [2025-12-06T09:19:59.349+0000] {dag.py:3823} INFO - Setting next_dagrun for example_branch_datetime_operator_3 to 2025-12-05 00:00:00+00:00, run_after=2025-12-06 00:00:00+00:00
[2025-12-06T09:19:59.381+0000] {processor.py:183} INFO - Processing /home/airflow/.local/lib/python3.8/site-packages/airflow/example_dags/example_branch_datetime_operator.py took 0.306 seconds
[2025-12-06T09:20:29.525+0000] {processor.py:161} INFO - Started process (PID=2916) to work on /home/airflow/.local/lib/python3.8/site-packages/airflow/example_dags/example_branch_datetime_operator.py
[2025-12-06T09:20:29.526+0000] {processor.py:830} INFO - Processing file /home/airflow/.local/lib/python3.8/site-packages/airflow/example_dags/example_branch_datetime_operator.py for tasks to queue
[2025-12-06T09:20:29.528+0000] {logging_mixin.py:188} INFO - [2025-12-06T09:20:29.528+0000] {dagbag.py:538} INFO - Filling up the DagBag from /home/airflow/.local/lib/python3.8/site-packages/airflow/example_dags/example_branch_datetime_operator.py
[2025-12-06T09:20:29.543+0000] {processor.py:840} INFO - DAG(s) 'example_branch_datetime_operator', 'example_branch_datetime_operator_2', 'example_branch_datetime_operator_3' retrieved from /home/airflow/.local/lib/python3.8/site-packages/airflow/example_dags/example_branch_datetime_operator.py
[2025-12-06T09:20:29.588+0000] {logging_mixin.py:188} INFO - [2025-12-06T09:20:29.588+0000] {dag.py:3036} INFO - Sync 3 DAGs
[2025-12-06T09:20:29.622+0000] {logging_mixin.py:188} INFO - [2025-12-06T09:20:29.622+0000] {dag.py:3823} INFO - Setting next_dagrun for example_branch_datetime_operator to 2025-12-05 00:00:00+00:00, run_after=2025-12-06 00:00:00+00:00
[2025-12-06T09:20:29.791+0000] {logging_mixin.py:188} INFO - [2025-12-06T09:20:29.790+0000] {dag.py:3823} INFO - Setting next_dagrun for example_branch_datetime_operator_2 to 2025-12-05 00:00:00+00:00, run_after=2025-12-06 00:00:00+00:00
[2025-12-06T09:20:29.795+0000] {logging_mixin.py:188} INFO - [2025-12-06T09:20:29.795+0000] {dag.py:3823} INFO - Setting next_dagrun for example_branch_datetime_operator_3 to 2025-12-05 00:00:00+00:00, run_after=2025-12-06 00:00:00+00:00
[2025-12-06T09:20:29.827+0000] {processor.py:183} INFO - Processing /home/airflow/.local/lib/python3.8/site-packages/airflow/example_dags/example_branch_datetime_operator.py took 0.308 seconds
[2025-12-06T09:21:00.766+0000] {processor.py:161} INFO - Started process (PID=2975) to work on /home/airflow/.local/lib/python3.8/site-packages/airflow/example_dags/example_branch_datetime_operator.py
[2025-12-06T09:21:00.767+0000] {processor.py:830} INFO - Processing file /home/airflow/.local/lib/python3.8/site-packages/airflow/example_dags/example_branch_datetime_operator.py for tasks to queue
[2025-12-06T09:21:00.771+0000] {logging_mixin.py:188} INFO - [2025-12-06T09:21:00.770+0000] {dagbag.py:538} INFO - Filling up the DagBag from /home/airflow/.local/lib/python3.8/site-packages/airflow/example_dags/example_branch_datetime_operator.py
[2025-12-06T09:21:00.786+0000] {processor.py:840} INFO - DAG(s) 'example_branch_datetime_operator', 'example_branch_datetime_operator_3', 'example_branch_datetime_operator_2' retrieved from /home/airflow/.local/lib/python3.8/site-packages/airflow/example_dags/example_branch_datetime_operator.py
[2025-12-06T09:21:00.832+0000] {logging_mixin.py:188} INFO - [2025-12-06T09:21:00.831+0000] {dag.py:3036} INFO - Sync 3 DAGs
[2025-12-06T09:21:00.868+0000] {logging_mixin.py:188} INFO - [2025-12-06T09:21:00.867+0000] {dag.py:3823} INFO - Setting next_dagrun for example_branch_datetime_operator to 2025-12-05 00:00:00+00:00, run_after=2025-12-06 00:00:00+00:00
[2025-12-06T09:21:00.876+0000] {logging_mixin.py:188} INFO - [2025-12-06T09:21:00.876+0000] {dag.py:3823} INFO - Setting next_dagrun for example_branch_datetime_operator_2 to 2025-12-05 00:00:00+00:00, run_after=2025-12-06 00:00:00+00:00
[2025-12-06T09:21:00.881+0000] {logging_mixin.py:188} INFO - [2025-12-06T09:21:00.880+0000] {dag.py:3823} INFO - Setting next_dagrun for example_branch_datetime_operator_3 to 2025-12-05 00:00:00+00:00, run_after=2025-12-06 00:00:00+00:00
[2025-12-06T09:21:00.915+0000] {processor.py:183} INFO - Processing /home/airflow/.local/lib/python3.8/site-packages/airflow/example_dags/example_branch_datetime_operator.py took 0.154 seconds
[2025-12-06T09:21:31.160+0000] {processor.py:161} INFO - Started process (PID=3034) to work on /home/airflow/.local/lib/python3.8/site-packages/airflow/example_dags/example_branch_datetime_operator.py
[2025-12-06T09:21:31.163+0000] {processor.py:830} INFO - Processing file /home/airflow/.local/lib/python3.8/site-packages/airflow/example_dags/example_branch_datetime_operator.py for tasks to queue
[2025-12-06T09:21:31.166+0000] {logging_mixin.py:188} INFO - [2025-12-06T09:21:31.165+0000] {dagbag.py:538} INFO - Filling up the DagBag from /home/airflow/.local/lib/python3.8/site-packages/airflow/example_dags/example_branch_datetime_operator.py
[2025-12-06T09:21:31.184+0000] {processor.py:840} INFO - DAG(s) 'example_branch_datetime_operator_3', 'example_branch_datetime_operator', 'example_branch_datetime_operator_2' retrieved from /home/airflow/.local/lib/python3.8/site-packages/airflow/example_dags/example_branch_datetime_operator.py
[2025-12-06T09:21:31.228+0000] {logging_mixin.py:188} INFO - [2025-12-06T09:21:31.227+0000] {dag.py:3036} INFO - Sync 3 DAGs
[2025-12-06T09:21:31.264+0000] {logging_mixin.py:188} INFO - [2025-12-06T09:21:31.264+0000] {dag.py:3823} INFO - Setting next_dagrun for example_branch_datetime_operator to 2025-12-05 00:00:00+00:00, run_after=2025-12-06 00:00:00+00:00
[2025-12-06T09:21:31.273+0000] {logging_mixin.py:188} INFO - [2025-12-06T09:21:31.272+0000] {dag.py:3823} INFO - Setting next_dagrun for example_branch_datetime_operator_2 to 2025-12-05 00:00:00+00:00, run_after=2025-12-06 00:00:00+00:00
[2025-12-06T09:21:31.277+0000] {logging_mixin.py:188} INFO - [2025-12-06T09:21:31.277+0000] {dag.py:3823} INFO - Setting next_dagrun for example_branch_datetime_operator_3 to 2025-12-05 00:00:00+00:00, run_after=2025-12-06 00:00:00+00:00
[2025-12-06T09:21:31.308+0000] {processor.py:183} INFO - Processing /home/airflow/.local/lib/python3.8/site-packages/airflow/example_dags/example_branch_datetime_operator.py took 0.152 seconds
[2025-12-06T09:22:01.375+0000] {processor.py:161} INFO - Started process (PID=3093) to work on /home/airflow/.local/lib/python3.8/site-packages/airflow/example_dags/example_branch_datetime_operator.py
[2025-12-06T09:22:01.376+0000] {processor.py:830} INFO - Processing file /home/airflow/.local/lib/python3.8/site-packages/airflow/example_dags/example_branch_datetime_operator.py for tasks to queue
[2025-12-06T09:22:01.380+0000] {logging_mixin.py:188} INFO - [2025-12-06T09:22:01.379+0000] {dagbag.py:538} INFO - Filling up the DagBag from /home/airflow/.local/lib/python3.8/site-packages/airflow/example_dags/example_branch_datetime_operator.py
[2025-12-06T09:22:01.397+0000] {processor.py:840} INFO - DAG(s) 'example_branch_datetime_operator_2', 'example_branch_datetime_operator', 'example_branch_datetime_operator_3' retrieved from /home/airflow/.local/lib/python3.8/site-packages/airflow/example_dags/example_branch_datetime_operator.py
[2025-12-06T09:22:01.442+0000] {logging_mixin.py:188} INFO - [2025-12-06T09:22:01.442+0000] {dag.py:3036} INFO - Sync 3 DAGs
[2025-12-06T09:22:01.477+0000] {logging_mixin.py:188} INFO - [2025-12-06T09:22:01.476+0000] {dag.py:3823} INFO - Setting next_dagrun for example_branch_datetime_operator to 2025-12-05 00:00:00+00:00, run_after=2025-12-06 00:00:00+00:00
[2025-12-06T09:22:01.485+0000] {logging_mixin.py:188} INFO - [2025-12-06T09:22:01.484+0000] {dag.py:3823} INFO - Setting next_dagrun for example_branch_datetime_operator_2 to 2025-12-05 00:00:00+00:00, run_after=2025-12-06 00:00:00+00:00
[2025-12-06T09:22:01.489+0000] {logging_mixin.py:188} INFO - [2025-12-06T09:22:01.488+0000] {dag.py:3823} INFO - Setting next_dagrun for example_branch_datetime_operator_3 to 2025-12-05 00:00:00+00:00, run_after=2025-12-06 00:00:00+00:00
[2025-12-06T09:22:01.517+0000] {processor.py:183} INFO - Processing /home/airflow/.local/lib/python3.8/site-packages/airflow/example_dags/example_branch_datetime_operator.py took 0.147 seconds
[2025-12-06T09:22:31.823+0000] {processor.py:161} INFO - Started process (PID=3151) to work on /home/airflow/.local/lib/python3.8/site-packages/airflow/example_dags/example_branch_datetime_operator.py
[2025-12-06T09:22:31.826+0000] {processor.py:830} INFO - Processing file /home/airflow/.local/lib/python3.8/site-packages/airflow/example_dags/example_branch_datetime_operator.py for tasks to queue
[2025-12-06T09:22:31.829+0000] {logging_mixin.py:188} INFO - [2025-12-06T09:22:31.829+0000] {dagbag.py:538} INFO - Filling up the DagBag from /home/airflow/.local/lib/python3.8/site-packages/airflow/example_dags/example_branch_datetime_operator.py
[2025-12-06T09:22:31.844+0000] {processor.py:840} INFO - DAG(s) 'example_branch_datetime_operator', 'example_branch_datetime_operator_3', 'example_branch_datetime_operator_2' retrieved from /home/airflow/.local/lib/python3.8/site-packages/airflow/example_dags/example_branch_datetime_operator.py
[2025-12-06T09:22:31.897+0000] {logging_mixin.py:188} INFO - [2025-12-06T09:22:31.896+0000] {dag.py:3036} INFO - Sync 3 DAGs
[2025-12-06T09:22:31.928+0000] {logging_mixin.py:188} INFO - [2025-12-06T09:22:31.928+0000] {dag.py:3823} INFO - Setting next_dagrun for example_branch_datetime_operator to 2025-12-05 00:00:00+00:00, run_after=2025-12-06 00:00:00+00:00
[2025-12-06T09:22:31.936+0000] {logging_mixin.py:188} INFO - [2025-12-06T09:22:31.936+0000] {dag.py:3823} INFO - Setting next_dagrun for example_branch_datetime_operator_2 to 2025-12-05 00:00:00+00:00, run_after=2025-12-06 00:00:00+00:00
[2025-12-06T09:22:31.942+0000] {logging_mixin.py:188} INFO - [2025-12-06T09:22:31.941+0000] {dag.py:3823} INFO - Setting next_dagrun for example_branch_datetime_operator_3 to 2025-12-05 00:00:00+00:00, run_after=2025-12-06 00:00:00+00:00
[2025-12-06T09:22:31.976+0000] {processor.py:183} INFO - Processing /home/airflow/.local/lib/python3.8/site-packages/airflow/example_dags/example_branch_datetime_operator.py took 0.158 seconds
[2025-12-06T09:23:02.244+0000] {processor.py:161} INFO - Started process (PID=3210) to work on /home/airflow/.local/lib/python3.8/site-packages/airflow/example_dags/example_branch_datetime_operator.py
[2025-12-06T09:23:02.245+0000] {processor.py:830} INFO - Processing file /home/airflow/.local/lib/python3.8/site-packages/airflow/example_dags/example_branch_datetime_operator.py for tasks to queue
[2025-12-06T09:23:02.250+0000] {logging_mixin.py:188} INFO - [2025-12-06T09:23:02.249+0000] {dagbag.py:538} INFO - Filling up the DagBag from /home/airflow/.local/lib/python3.8/site-packages/airflow/example_dags/example_branch_datetime_operator.py
[2025-12-06T09:23:02.268+0000] {processor.py:840} INFO - DAG(s) 'example_branch_datetime_operator_2', 'example_branch_datetime_operator_3', 'example_branch_datetime_operator' retrieved from /home/airflow/.local/lib/python3.8/site-packages/airflow/example_dags/example_branch_datetime_operator.py
[2025-12-06T09:23:02.317+0000] {logging_mixin.py:188} INFO - [2025-12-06T09:23:02.316+0000] {dag.py:3036} INFO - Sync 3 DAGs
[2025-12-06T09:23:02.348+0000] {logging_mixin.py:188} INFO - [2025-12-06T09:23:02.348+0000] {dag.py:3823} INFO - Setting next_dagrun for example_branch_datetime_operator to 2025-12-05 00:00:00+00:00, run_after=2025-12-06 00:00:00+00:00
[2025-12-06T09:23:02.355+0000] {logging_mixin.py:188} INFO - [2025-12-06T09:23:02.355+0000] {dag.py:3823} INFO - Setting next_dagrun for example_branch_datetime_operator_2 to 2025-12-05 00:00:00+00:00, run_after=2025-12-06 00:00:00+00:00
[2025-12-06T09:23:02.360+0000] {logging_mixin.py:188} INFO - [2025-12-06T09:23:02.359+0000] {dag.py:3823} INFO - Setting next_dagrun for example_branch_datetime_operator_3 to 2025-12-05 00:00:00+00:00, run_after=2025-12-06 00:00:00+00:00
[2025-12-06T09:23:02.394+0000] {processor.py:183} INFO - Processing /home/airflow/.local/lib/python3.8/site-packages/airflow/example_dags/example_branch_datetime_operator.py took 0.156 seconds
[2025-12-06T09:23:32.465+0000] {processor.py:161} INFO - Started process (PID=3269) to work on /home/airflow/.local/lib/python3.8/site-packages/airflow/example_dags/example_branch_datetime_operator.py
[2025-12-06T09:23:32.466+0000] {processor.py:830} INFO - Processing file /home/airflow/.local/lib/python3.8/site-packages/airflow/example_dags/example_branch_datetime_operator.py for tasks to queue
[2025-12-06T09:23:32.470+0000] {logging_mixin.py:188} INFO - [2025-12-06T09:23:32.469+0000] {dagbag.py:538} INFO - Filling up the DagBag from /home/airflow/.local/lib/python3.8/site-packages/airflow/example_dags/example_branch_datetime_operator.py
[2025-12-06T09:23:32.492+0000] {processor.py:840} INFO - DAG(s) 'example_branch_datetime_operator_3', 'example_branch_datetime_operator_2', 'example_branch_datetime_operator' retrieved from /home/airflow/.local/lib/python3.8/site-packages/airflow/example_dags/example_branch_datetime_operator.py
[2025-12-06T09:23:32.540+0000] {logging_mixin.py:188} INFO - [2025-12-06T09:23:32.539+0000] {dag.py:3036} INFO - Sync 3 DAGs
[2025-12-06T09:23:32.579+0000] {logging_mixin.py:188} INFO - [2025-12-06T09:23:32.578+0000] {dag.py:3823} INFO - Setting next_dagrun for example_branch_datetime_operator to 2025-12-05 00:00:00+00:00, run_after=2025-12-06 00:00:00+00:00
[2025-12-06T09:23:32.587+0000] {logging_mixin.py:188} INFO - [2025-12-06T09:23:32.587+0000] {dag.py:3823} INFO - Setting next_dagrun for example_branch_datetime_operator_2 to 2025-12-05 00:00:00+00:00, run_after=2025-12-06 00:00:00+00:00
[2025-12-06T09:23:32.592+0000] {logging_mixin.py:188} INFO - [2025-12-06T09:23:32.591+0000] {dag.py:3823} INFO - Setting next_dagrun for example_branch_datetime_operator_3 to 2025-12-05 00:00:00+00:00, run_after=2025-12-06 00:00:00+00:00
[2025-12-06T09:23:32.621+0000] {processor.py:183} INFO - Processing /home/airflow/.local/lib/python3.8/site-packages/airflow/example_dags/example_branch_datetime_operator.py took 0.161 seconds
[2025-12-06T09:24:02.782+0000] {processor.py:161} INFO - Started process (PID=3328) to work on /home/airflow/.local/lib/python3.8/site-packages/airflow/example_dags/example_branch_datetime_operator.py
[2025-12-06T09:24:02.784+0000] {processor.py:830} INFO - Processing file /home/airflow/.local/lib/python3.8/site-packages/airflow/example_dags/example_branch_datetime_operator.py for tasks to queue
[2025-12-06T09:24:02.787+0000] {logging_mixin.py:188} INFO - [2025-12-06T09:24:02.786+0000] {dagbag.py:538} INFO - Filling up the DagBag from /home/airflow/.local/lib/python3.8/site-packages/airflow/example_dags/example_branch_datetime_operator.py
[2025-12-06T09:24:02.806+0000] {processor.py:840} INFO - DAG(s) 'example_branch_datetime_operator_2', 'example_branch_datetime_operator_3', 'example_branch_datetime_operator' retrieved from /home/airflow/.local/lib/python3.8/site-packages/airflow/example_dags/example_branch_datetime_operator.py
[2025-12-06T09:24:02.865+0000] {logging_mixin.py:188} INFO - [2025-12-06T09:24:02.864+0000] {dag.py:3036} INFO - Sync 3 DAGs
[2025-12-06T09:24:02.933+0000] {logging_mixin.py:188} INFO - [2025-12-06T09:24:02.932+0000] {dag.py:3823} INFO - Setting next_dagrun for example_branch_datetime_operator to 2025-12-05 00:00:00+00:00, run_after=2025-12-06 00:00:00+00:00
[2025-12-06T09:24:02.948+0000] {logging_mixin.py:188} INFO - [2025-12-06T09:24:02.947+0000] {dag.py:3823} INFO - Setting next_dagrun for example_branch_datetime_operator_2 to 2025-12-05 00:00:00+00:00, run_after=2025-12-06 00:00:00+00:00
[2025-12-06T09:24:02.957+0000] {logging_mixin.py:188} INFO - [2025-12-06T09:24:02.957+0000] {dag.py:3823} INFO - Setting next_dagrun for example_branch_datetime_operator_3 to 2025-12-05 00:00:00+00:00, run_after=2025-12-06 00:00:00+00:00
[2025-12-06T09:24:03.002+0000] {processor.py:183} INFO - Processing /home/airflow/.local/lib/python3.8/site-packages/airflow/example_dags/example_branch_datetime_operator.py took 0.230 seconds
[2025-12-06T09:24:33.726+0000] {processor.py:161} INFO - Started process (PID=3387) to work on /home/airflow/.local/lib/python3.8/site-packages/airflow/example_dags/example_branch_datetime_operator.py
[2025-12-06T09:24:33.730+0000] {processor.py:830} INFO - Processing file /home/airflow/.local/lib/python3.8/site-packages/airflow/example_dags/example_branch_datetime_operator.py for tasks to queue
[2025-12-06T09:24:33.733+0000] {logging_mixin.py:188} INFO - [2025-12-06T09:24:33.732+0000] {dagbag.py:538} INFO - Filling up the DagBag from /home/airflow/.local/lib/python3.8/site-packages/airflow/example_dags/example_branch_datetime_operator.py
[2025-12-06T09:24:33.750+0000] {processor.py:840} INFO - DAG(s) 'example_branch_datetime_operator_3', 'example_branch_datetime_operator_2', 'example_branch_datetime_operator' retrieved from /home/airflow/.local/lib/python3.8/site-packages/airflow/example_dags/example_branch_datetime_operator.py
[2025-12-06T09:24:33.804+0000] {logging_mixin.py:188} INFO - [2025-12-06T09:24:33.803+0000] {dag.py:3036} INFO - Sync 3 DAGs
[2025-12-06T09:24:33.846+0000] {logging_mixin.py:188} INFO - [2025-12-06T09:24:33.845+0000] {dag.py:3823} INFO - Setting next_dagrun for example_branch_datetime_operator to 2025-12-05 00:00:00+00:00, run_after=2025-12-06 00:00:00+00:00
[2025-12-06T09:24:33.853+0000] {logging_mixin.py:188} INFO - [2025-12-06T09:24:33.853+0000] {dag.py:3823} INFO - Setting next_dagrun for example_branch_datetime_operator_2 to 2025-12-05 00:00:00+00:00, run_after=2025-12-06 00:00:00+00:00
[2025-12-06T09:24:33.859+0000] {logging_mixin.py:188} INFO - [2025-12-06T09:24:33.859+0000] {dag.py:3823} INFO - Setting next_dagrun for example_branch_datetime_operator_3 to 2025-12-05 00:00:00+00:00, run_after=2025-12-06 00:00:00+00:00
[2025-12-06T09:24:33.897+0000] {processor.py:183} INFO - Processing /home/airflow/.local/lib/python3.8/site-packages/airflow/example_dags/example_branch_datetime_operator.py took 0.176 seconds
[2025-12-06T09:25:04.338+0000] {processor.py:161} INFO - Started process (PID=3446) to work on /home/airflow/.local/lib/python3.8/site-packages/airflow/example_dags/example_branch_datetime_operator.py
[2025-12-06T09:25:04.340+0000] {processor.py:830} INFO - Processing file /home/airflow/.local/lib/python3.8/site-packages/airflow/example_dags/example_branch_datetime_operator.py for tasks to queue
[2025-12-06T09:25:04.343+0000] {logging_mixin.py:188} INFO - [2025-12-06T09:25:04.343+0000] {dagbag.py:538} INFO - Filling up the DagBag from /home/airflow/.local/lib/python3.8/site-packages/airflow/example_dags/example_branch_datetime_operator.py
[2025-12-06T09:25:04.361+0000] {processor.py:840} INFO - DAG(s) 'example_branch_datetime_operator', 'example_branch_datetime_operator_3', 'example_branch_datetime_operator_2' retrieved from /home/airflow/.local/lib/python3.8/site-packages/airflow/example_dags/example_branch_datetime_operator.py
[2025-12-06T09:25:04.408+0000] {logging_mixin.py:188} INFO - [2025-12-06T09:25:04.408+0000] {dag.py:3036} INFO - Sync 3 DAGs
[2025-12-06T09:25:04.449+0000] {logging_mixin.py:188} INFO - [2025-12-06T09:25:04.448+0000] {dag.py:3823} INFO - Setting next_dagrun for example_branch_datetime_operator to 2025-12-05 00:00:00+00:00, run_after=2025-12-06 00:00:00+00:00
[2025-12-06T09:25:04.458+0000] {logging_mixin.py:188} INFO - [2025-12-06T09:25:04.458+0000] {dag.py:3823} INFO - Setting next_dagrun for example_branch_datetime_operator_2 to 2025-12-05 00:00:00+00:00, run_after=2025-12-06 00:00:00+00:00
[2025-12-06T09:25:04.463+0000] {logging_mixin.py:188} INFO - [2025-12-06T09:25:04.462+0000] {dag.py:3823} INFO - Setting next_dagrun for example_branch_datetime_operator_3 to 2025-12-05 00:00:00+00:00, run_after=2025-12-06 00:00:00+00:00
[2025-12-06T09:25:04.496+0000] {processor.py:183} INFO - Processing /home/airflow/.local/lib/python3.8/site-packages/airflow/example_dags/example_branch_datetime_operator.py took 0.163 seconds
[2025-12-06T09:25:34.783+0000] {processor.py:161} INFO - Started process (PID=3505) to work on /home/airflow/.local/lib/python3.8/site-packages/airflow/example_dags/example_branch_datetime_operator.py
[2025-12-06T09:25:34.785+0000] {processor.py:830} INFO - Processing file /home/airflow/.local/lib/python3.8/site-packages/airflow/example_dags/example_branch_datetime_operator.py for tasks to queue
[2025-12-06T09:25:34.788+0000] {logging_mixin.py:188} INFO - [2025-12-06T09:25:34.788+0000] {dagbag.py:538} INFO - Filling up the DagBag from /home/airflow/.local/lib/python3.8/site-packages/airflow/example_dags/example_branch_datetime_operator.py
[2025-12-06T09:25:34.806+0000] {processor.py:840} INFO - DAG(s) 'example_branch_datetime_operator_3', 'example_branch_datetime_operator_2', 'example_branch_datetime_operator' retrieved from /home/airflow/.local/lib/python3.8/site-packages/airflow/example_dags/example_branch_datetime_operator.py
[2025-12-06T09:25:34.852+0000] {logging_mixin.py:188} INFO - [2025-12-06T09:25:34.852+0000] {dag.py:3036} INFO - Sync 3 DAGs
[2025-12-06T09:25:34.887+0000] {logging_mixin.py:188} INFO - [2025-12-06T09:25:34.887+0000] {dag.py:3823} INFO - Setting next_dagrun for example_branch_datetime_operator to 2025-12-05 00:00:00+00:00, run_after=2025-12-06 00:00:00+00:00
[2025-12-06T09:25:34.895+0000] {logging_mixin.py:188} INFO - [2025-12-06T09:25:34.895+0000] {dag.py:3823} INFO - Setting next_dagrun for example_branch_datetime_operator_2 to 2025-12-05 00:00:00+00:00, run_after=2025-12-06 00:00:00+00:00
[2025-12-06T09:25:34.899+0000] {logging_mixin.py:188} INFO - [2025-12-06T09:25:34.899+0000] {dag.py:3823} INFO - Setting next_dagrun for example_branch_datetime_operator_3 to 2025-12-05 00:00:00+00:00, run_after=2025-12-06 00:00:00+00:00
[2025-12-06T09:25:34.933+0000] {processor.py:183} INFO - Processing /home/airflow/.local/lib/python3.8/site-packages/airflow/example_dags/example_branch_datetime_operator.py took 0.155 seconds
[2025-12-06T09:26:05.483+0000] {processor.py:161} INFO - Started process (PID=3564) to work on /home/airflow/.local/lib/python3.8/site-packages/airflow/example_dags/example_branch_datetime_operator.py
[2025-12-06T09:26:05.485+0000] {processor.py:830} INFO - Processing file /home/airflow/.local/lib/python3.8/site-packages/airflow/example_dags/example_branch_datetime_operator.py for tasks to queue
[2025-12-06T09:26:05.488+0000] {logging_mixin.py:188} INFO - [2025-12-06T09:26:05.488+0000] {dagbag.py:538} INFO - Filling up the DagBag from /home/airflow/.local/lib/python3.8/site-packages/airflow/example_dags/example_branch_datetime_operator.py
[2025-12-06T09:26:05.506+0000] {processor.py:840} INFO - DAG(s) 'example_branch_datetime_operator_3', 'example_branch_datetime_operator', 'example_branch_datetime_operator_2' retrieved from /home/airflow/.local/lib/python3.8/site-packages/airflow/example_dags/example_branch_datetime_operator.py
[2025-12-06T09:26:05.550+0000] {logging_mixin.py:188} INFO - [2025-12-06T09:26:05.550+0000] {dag.py:3036} INFO - Sync 3 DAGs
[2025-12-06T09:26:05.596+0000] {logging_mixin.py:188} INFO - [2025-12-06T09:26:05.596+0000] {dag.py:3823} INFO - Setting next_dagrun for example_branch_datetime_operator to 2025-12-05 00:00:00+00:00, run_after=2025-12-06 00:00:00+00:00
[2025-12-06T09:26:05.604+0000] {logging_mixin.py:188} INFO - [2025-12-06T09:26:05.604+0000] {dag.py:3823} INFO - Setting next_dagrun for example_branch_datetime_operator_2 to 2025-12-05 00:00:00+00:00, run_after=2025-12-06 00:00:00+00:00
[2025-12-06T09:26:05.611+0000] {logging_mixin.py:188} INFO - [2025-12-06T09:26:05.610+0000] {dag.py:3823} INFO - Setting next_dagrun for example_branch_datetime_operator_3 to 2025-12-05 00:00:00+00:00, run_after=2025-12-06 00:00:00+00:00
[2025-12-06T09:26:05.645+0000] {processor.py:183} INFO - Processing /home/airflow/.local/lib/python3.8/site-packages/airflow/example_dags/example_branch_datetime_operator.py took 0.168 seconds
[2025-12-06T09:26:36.071+0000] {processor.py:161} INFO - Started process (PID=3623) to work on /home/airflow/.local/lib/python3.8/site-packages/airflow/example_dags/example_branch_datetime_operator.py
[2025-12-06T09:26:36.072+0000] {processor.py:830} INFO - Processing file /home/airflow/.local/lib/python3.8/site-packages/airflow/example_dags/example_branch_datetime_operator.py for tasks to queue
[2025-12-06T09:26:36.075+0000] {logging_mixin.py:188} INFO - [2025-12-06T09:26:36.075+0000] {dagbag.py:538} INFO - Filling up the DagBag from /home/airflow/.local/lib/python3.8/site-packages/airflow/example_dags/example_branch_datetime_operator.py
[2025-12-06T09:26:36.098+0000] {processor.py:840} INFO - DAG(s) 'example_branch_datetime_operator_3', 'example_branch_datetime_operator', 'example_branch_datetime_operator_2' retrieved from /home/airflow/.local/lib/python3.8/site-packages/airflow/example_dags/example_branch_datetime_operator.py
[2025-12-06T09:26:36.156+0000] {logging_mixin.py:188} INFO - [2025-12-06T09:26:36.155+0000] {dag.py:3036} INFO - Sync 3 DAGs
[2025-12-06T09:26:36.193+0000] {logging_mixin.py:188} INFO - [2025-12-06T09:26:36.193+0000] {dag.py:3823} INFO - Setting next_dagrun for example_branch_datetime_operator to 2025-12-05 00:00:00+00:00, run_after=2025-12-06 00:00:00+00:00
[2025-12-06T09:26:36.201+0000] {logging_mixin.py:188} INFO - [2025-12-06T09:26:36.200+0000] {dag.py:3823} INFO - Setting next_dagrun for example_branch_datetime_operator_2 to 2025-12-05 00:00:00+00:00, run_after=2025-12-06 00:00:00+00:00
[2025-12-06T09:26:36.206+0000] {logging_mixin.py:188} INFO - [2025-12-06T09:26:36.205+0000] {dag.py:3823} INFO - Setting next_dagrun for example_branch_datetime_operator_3 to 2025-12-05 00:00:00+00:00, run_after=2025-12-06 00:00:00+00:00
[2025-12-06T09:26:36.239+0000] {processor.py:183} INFO - Processing /home/airflow/.local/lib/python3.8/site-packages/airflow/example_dags/example_branch_datetime_operator.py took 0.173 seconds
[2025-12-06T09:27:06.267+0000] {processor.py:161} INFO - Started process (PID=3681) to work on /home/airflow/.local/lib/python3.8/site-packages/airflow/example_dags/example_branch_datetime_operator.py
[2025-12-06T09:27:06.269+0000] {processor.py:830} INFO - Processing file /home/airflow/.local/lib/python3.8/site-packages/airflow/example_dags/example_branch_datetime_operator.py for tasks to queue
[2025-12-06T09:27:06.271+0000] {logging_mixin.py:188} INFO - [2025-12-06T09:27:06.271+0000] {dagbag.py:538} INFO - Filling up the DagBag from /home/airflow/.local/lib/python3.8/site-packages/airflow/example_dags/example_branch_datetime_operator.py
[2025-12-06T09:27:06.287+0000] {processor.py:840} INFO - DAG(s) 'example_branch_datetime_operator', 'example_branch_datetime_operator_2', 'example_branch_datetime_operator_3' retrieved from /home/airflow/.local/lib/python3.8/site-packages/airflow/example_dags/example_branch_datetime_operator.py
[2025-12-06T09:27:06.329+0000] {logging_mixin.py:188} INFO - [2025-12-06T09:27:06.329+0000] {dag.py:3036} INFO - Sync 3 DAGs
[2025-12-06T09:27:06.362+0000] {logging_mixin.py:188} INFO - [2025-12-06T09:27:06.362+0000] {dag.py:3823} INFO - Setting next_dagrun for example_branch_datetime_operator to 2025-12-05 00:00:00+00:00, run_after=2025-12-06 00:00:00+00:00
[2025-12-06T09:27:06.370+0000] {logging_mixin.py:188} INFO - [2025-12-06T09:27:06.369+0000] {dag.py:3823} INFO - Setting next_dagrun for example_branch_datetime_operator_2 to 2025-12-05 00:00:00+00:00, run_after=2025-12-06 00:00:00+00:00
[2025-12-06T09:27:06.373+0000] {logging_mixin.py:188} INFO - [2025-12-06T09:27:06.373+0000] {dag.py:3823} INFO - Setting next_dagrun for example_branch_datetime_operator_3 to 2025-12-05 00:00:00+00:00, run_after=2025-12-06 00:00:00+00:00
[2025-12-06T09:27:06.402+0000] {processor.py:183} INFO - Processing /home/airflow/.local/lib/python3.8/site-packages/airflow/example_dags/example_branch_datetime_operator.py took 0.140 seconds
[2025-12-06T09:27:36.525+0000] {processor.py:161} INFO - Started process (PID=3740) to work on /home/airflow/.local/lib/python3.8/site-packages/airflow/example_dags/example_branch_datetime_operator.py
[2025-12-06T09:27:36.526+0000] {processor.py:830} INFO - Processing file /home/airflow/.local/lib/python3.8/site-packages/airflow/example_dags/example_branch_datetime_operator.py for tasks to queue
[2025-12-06T09:27:36.530+0000] {logging_mixin.py:188} INFO - [2025-12-06T09:27:36.529+0000] {dagbag.py:538} INFO - Filling up the DagBag from /home/airflow/.local/lib/python3.8/site-packages/airflow/example_dags/example_branch_datetime_operator.py
[2025-12-06T09:27:36.545+0000] {processor.py:840} INFO - DAG(s) 'example_branch_datetime_operator_3', 'example_branch_datetime_operator_2', 'example_branch_datetime_operator' retrieved from /home/airflow/.local/lib/python3.8/site-packages/airflow/example_dags/example_branch_datetime_operator.py
[2025-12-06T09:27:36.589+0000] {logging_mixin.py:188} INFO - [2025-12-06T09:27:36.588+0000] {dag.py:3036} INFO - Sync 3 DAGs
[2025-12-06T09:27:36.620+0000] {logging_mixin.py:188} INFO - [2025-12-06T09:27:36.620+0000] {dag.py:3823} INFO - Setting next_dagrun for example_branch_datetime_operator to 2025-12-05 00:00:00+00:00, run_after=2025-12-06 00:00:00+00:00
[2025-12-06T09:27:36.627+0000] {logging_mixin.py:188} INFO - [2025-12-06T09:27:36.627+0000] {dag.py:3823} INFO - Setting next_dagrun for example_branch_datetime_operator_2 to 2025-12-05 00:00:00+00:00, run_after=2025-12-06 00:00:00+00:00
[2025-12-06T09:27:36.632+0000] {logging_mixin.py:188} INFO - [2025-12-06T09:27:36.631+0000] {dag.py:3823} INFO - Setting next_dagrun for example_branch_datetime_operator_3 to 2025-12-05 00:00:00+00:00, run_after=2025-12-06 00:00:00+00:00
[2025-12-06T09:27:36.660+0000] {processor.py:183} INFO - Processing /home/airflow/.local/lib/python3.8/site-packages/airflow/example_dags/example_branch_datetime_operator.py took 0.139 seconds
[2025-12-06T09:28:06.744+0000] {processor.py:161} INFO - Started process (PID=3799) to work on /home/airflow/.local/lib/python3.8/site-packages/airflow/example_dags/example_branch_datetime_operator.py
[2025-12-06T09:28:06.745+0000] {processor.py:830} INFO - Processing file /home/airflow/.local/lib/python3.8/site-packages/airflow/example_dags/example_branch_datetime_operator.py for tasks to queue
[2025-12-06T09:28:06.748+0000] {logging_mixin.py:188} INFO - [2025-12-06T09:28:06.748+0000] {dagbag.py:538} INFO - Filling up the DagBag from /home/airflow/.local/lib/python3.8/site-packages/airflow/example_dags/example_branch_datetime_operator.py
[2025-12-06T09:28:06.762+0000] {processor.py:840} INFO - DAG(s) 'example_branch_datetime_operator_2', 'example_branch_datetime_operator_3', 'example_branch_datetime_operator' retrieved from /home/airflow/.local/lib/python3.8/site-packages/airflow/example_dags/example_branch_datetime_operator.py
[2025-12-06T09:28:06.803+0000] {logging_mixin.py:188} INFO - [2025-12-06T09:28:06.802+0000] {dag.py:3036} INFO - Sync 3 DAGs
[2025-12-06T09:28:06.841+0000] {logging_mixin.py:188} INFO - [2025-12-06T09:28:06.840+0000] {dag.py:3823} INFO - Setting next_dagrun for example_branch_datetime_operator to 2025-12-05 00:00:00+00:00, run_after=2025-12-06 00:00:00+00:00
[2025-12-06T09:28:06.849+0000] {logging_mixin.py:188} INFO - [2025-12-06T09:28:06.849+0000] {dag.py:3823} INFO - Setting next_dagrun for example_branch_datetime_operator_2 to 2025-12-05 00:00:00+00:00, run_after=2025-12-06 00:00:00+00:00
[2025-12-06T09:28:06.853+0000] {logging_mixin.py:188} INFO - [2025-12-06T09:28:06.852+0000] {dag.py:3823} INFO - Setting next_dagrun for example_branch_datetime_operator_3 to 2025-12-05 00:00:00+00:00, run_after=2025-12-06 00:00:00+00:00
[2025-12-06T09:28:06.882+0000] {processor.py:183} INFO - Processing /home/airflow/.local/lib/python3.8/site-packages/airflow/example_dags/example_branch_datetime_operator.py took 0.143 seconds
[2025-12-06T09:28:37.014+0000] {processor.py:161} INFO - Started process (PID=3858) to work on /home/airflow/.local/lib/python3.8/site-packages/airflow/example_dags/example_branch_datetime_operator.py
[2025-12-06T09:28:37.015+0000] {processor.py:830} INFO - Processing file /home/airflow/.local/lib/python3.8/site-packages/airflow/example_dags/example_branch_datetime_operator.py for tasks to queue
[2025-12-06T09:28:37.018+0000] {logging_mixin.py:188} INFO - [2025-12-06T09:28:37.018+0000] {dagbag.py:538} INFO - Filling up the DagBag from /home/airflow/.local/lib/python3.8/site-packages/airflow/example_dags/example_branch_datetime_operator.py
[2025-12-06T09:28:37.034+0000] {processor.py:840} INFO - DAG(s) 'example_branch_datetime_operator_3', 'example_branch_datetime_operator', 'example_branch_datetime_operator_2' retrieved from /home/airflow/.local/lib/python3.8/site-packages/airflow/example_dags/example_branch_datetime_operator.py
[2025-12-06T09:28:37.082+0000] {logging_mixin.py:188} INFO - [2025-12-06T09:28:37.082+0000] {dag.py:3036} INFO - Sync 3 DAGs
[2025-12-06T09:28:37.115+0000] {logging_mixin.py:188} INFO - [2025-12-06T09:28:37.115+0000] {dag.py:3823} INFO - Setting next_dagrun for example_branch_datetime_operator to 2025-12-05 00:00:00+00:00, run_after=2025-12-06 00:00:00+00:00
[2025-12-06T09:28:37.123+0000] {logging_mixin.py:188} INFO - [2025-12-06T09:28:37.123+0000] {dag.py:3823} INFO - Setting next_dagrun for example_branch_datetime_operator_2 to 2025-12-05 00:00:00+00:00, run_after=2025-12-06 00:00:00+00:00
[2025-12-06T09:28:37.128+0000] {logging_mixin.py:188} INFO - [2025-12-06T09:28:37.128+0000] {dag.py:3823} INFO - Setting next_dagrun for example_branch_datetime_operator_3 to 2025-12-05 00:00:00+00:00, run_after=2025-12-06 00:00:00+00:00
[2025-12-06T09:28:37.161+0000] {processor.py:183} INFO - Processing /home/airflow/.local/lib/python3.8/site-packages/airflow/example_dags/example_branch_datetime_operator.py took 0.152 seconds
[2025-12-06T09:29:07.471+0000] {processor.py:161} INFO - Started process (PID=3918) to work on /home/airflow/.local/lib/python3.8/site-packages/airflow/example_dags/example_branch_datetime_operator.py
[2025-12-06T09:29:07.473+0000] {processor.py:830} INFO - Processing file /home/airflow/.local/lib/python3.8/site-packages/airflow/example_dags/example_branch_datetime_operator.py for tasks to queue
[2025-12-06T09:29:07.476+0000] {logging_mixin.py:188} INFO - [2025-12-06T09:29:07.476+0000] {dagbag.py:538} INFO - Filling up the DagBag from /home/airflow/.local/lib/python3.8/site-packages/airflow/example_dags/example_branch_datetime_operator.py
[2025-12-06T09:29:07.492+0000] {processor.py:840} INFO - DAG(s) 'example_branch_datetime_operator', 'example_branch_datetime_operator_2', 'example_branch_datetime_operator_3' retrieved from /home/airflow/.local/lib/python3.8/site-packages/airflow/example_dags/example_branch_datetime_operator.py
[2025-12-06T09:29:07.547+0000] {logging_mixin.py:188} INFO - [2025-12-06T09:29:07.547+0000] {dag.py:3036} INFO - Sync 3 DAGs
[2025-12-06T09:29:07.589+0000] {logging_mixin.py:188} INFO - [2025-12-06T09:29:07.588+0000] {dag.py:3823} INFO - Setting next_dagrun for example_branch_datetime_operator to 2025-12-05 00:00:00+00:00, run_after=2025-12-06 00:00:00+00:00
[2025-12-06T09:29:07.598+0000] {logging_mixin.py:188} INFO - [2025-12-06T09:29:07.597+0000] {dag.py:3823} INFO - Setting next_dagrun for example_branch_datetime_operator_2 to 2025-12-05 00:00:00+00:00, run_after=2025-12-06 00:00:00+00:00
[2025-12-06T09:29:07.602+0000] {logging_mixin.py:188} INFO - [2025-12-06T09:29:07.601+0000] {dag.py:3823} INFO - Setting next_dagrun for example_branch_datetime_operator_3 to 2025-12-05 00:00:00+00:00, run_after=2025-12-06 00:00:00+00:00
[2025-12-06T09:29:07.641+0000] {processor.py:183} INFO - Processing /home/airflow/.local/lib/python3.8/site-packages/airflow/example_dags/example_branch_datetime_operator.py took 0.174 seconds
[2025-12-06T09:29:37.709+0000] {processor.py:161} INFO - Started process (PID=3977) to work on /home/airflow/.local/lib/python3.8/site-packages/airflow/example_dags/example_branch_datetime_operator.py
[2025-12-06T09:29:37.711+0000] {processor.py:830} INFO - Processing file /home/airflow/.local/lib/python3.8/site-packages/airflow/example_dags/example_branch_datetime_operator.py for tasks to queue
[2025-12-06T09:29:37.714+0000] {logging_mixin.py:188} INFO - [2025-12-06T09:29:37.713+0000] {dagbag.py:538} INFO - Filling up the DagBag from /home/airflow/.local/lib/python3.8/site-packages/airflow/example_dags/example_branch_datetime_operator.py
[2025-12-06T09:29:37.729+0000] {processor.py:840} INFO - DAG(s) 'example_branch_datetime_operator_2', 'example_branch_datetime_operator', 'example_branch_datetime_operator_3' retrieved from /home/airflow/.local/lib/python3.8/site-packages/airflow/example_dags/example_branch_datetime_operator.py
[2025-12-06T09:29:37.773+0000] {logging_mixin.py:188} INFO - [2025-12-06T09:29:37.773+0000] {dag.py:3036} INFO - Sync 3 DAGs
[2025-12-06T09:29:37.807+0000] {logging_mixin.py:188} INFO - [2025-12-06T09:29:37.806+0000] {dag.py:3823} INFO - Setting next_dagrun for example_branch_datetime_operator to 2025-12-05 00:00:00+00:00, run_after=2025-12-06 00:00:00+00:00
[2025-12-06T09:29:37.816+0000] {logging_mixin.py:188} INFO - [2025-12-06T09:29:37.815+0000] {dag.py:3823} INFO - Setting next_dagrun for example_branch_datetime_operator_2 to 2025-12-05 00:00:00+00:00, run_after=2025-12-06 00:00:00+00:00
[2025-12-06T09:29:37.820+0000] {logging_mixin.py:188} INFO - [2025-12-06T09:29:37.820+0000] {dag.py:3823} INFO - Setting next_dagrun for example_branch_datetime_operator_3 to 2025-12-05 00:00:00+00:00, run_after=2025-12-06 00:00:00+00:00
[2025-12-06T09:29:37.852+0000] {processor.py:183} INFO - Processing /home/airflow/.local/lib/python3.8/site-packages/airflow/example_dags/example_branch_datetime_operator.py took 0.148 seconds
[2025-12-06T09:30:08.190+0000] {processor.py:161} INFO - Started process (PID=4036) to work on /home/airflow/.local/lib/python3.8/site-packages/airflow/example_dags/example_branch_datetime_operator.py
[2025-12-06T09:30:08.192+0000] {processor.py:830} INFO - Processing file /home/airflow/.local/lib/python3.8/site-packages/airflow/example_dags/example_branch_datetime_operator.py for tasks to queue
[2025-12-06T09:30:08.194+0000] {logging_mixin.py:188} INFO - [2025-12-06T09:30:08.194+0000] {dagbag.py:538} INFO - Filling up the DagBag from /home/airflow/.local/lib/python3.8/site-packages/airflow/example_dags/example_branch_datetime_operator.py
[2025-12-06T09:30:08.210+0000] {processor.py:840} INFO - DAG(s) 'example_branch_datetime_operator_2', 'example_branch_datetime_operator', 'example_branch_datetime_operator_3' retrieved from /home/airflow/.local/lib/python3.8/site-packages/airflow/example_dags/example_branch_datetime_operator.py
[2025-12-06T09:30:08.254+0000] {logging_mixin.py:188} INFO - [2025-12-06T09:30:08.254+0000] {dag.py:3036} INFO - Sync 3 DAGs
[2025-12-06T09:30:08.288+0000] {logging_mixin.py:188} INFO - [2025-12-06T09:30:08.288+0000] {dag.py:3823} INFO - Setting next_dagrun for example_branch_datetime_operator to 2025-12-05 00:00:00+00:00, run_after=2025-12-06 00:00:00+00:00
[2025-12-06T09:30:08.297+0000] {logging_mixin.py:188} INFO - [2025-12-06T09:30:08.297+0000] {dag.py:3823} INFO - Setting next_dagrun for example_branch_datetime_operator_2 to 2025-12-05 00:00:00+00:00, run_after=2025-12-06 00:00:00+00:00
[2025-12-06T09:30:08.301+0000] {logging_mixin.py:188} INFO - [2025-12-06T09:30:08.301+0000] {dag.py:3823} INFO - Setting next_dagrun for example_branch_datetime_operator_3 to 2025-12-05 00:00:00+00:00, run_after=2025-12-06 00:00:00+00:00
[2025-12-06T09:30:08.333+0000] {processor.py:183} INFO - Processing /home/airflow/.local/lib/python3.8/site-packages/airflow/example_dags/example_branch_datetime_operator.py took 0.148 seconds
[2025-12-06T09:30:38.360+0000] {processor.py:161} INFO - Started process (PID=4094) to work on /home/airflow/.local/lib/python3.8/site-packages/airflow/example_dags/example_branch_datetime_operator.py
[2025-12-06T09:30:38.362+0000] {processor.py:830} INFO - Processing file /home/airflow/.local/lib/python3.8/site-packages/airflow/example_dags/example_branch_datetime_operator.py for tasks to queue
[2025-12-06T09:30:38.365+0000] {logging_mixin.py:188} INFO - [2025-12-06T09:30:38.364+0000] {dagbag.py:538} INFO - Filling up the DagBag from /home/airflow/.local/lib/python3.8/site-packages/airflow/example_dags/example_branch_datetime_operator.py
[2025-12-06T09:30:38.381+0000] {processor.py:840} INFO - DAG(s) 'example_branch_datetime_operator_3', 'example_branch_datetime_operator_2', 'example_branch_datetime_operator' retrieved from /home/airflow/.local/lib/python3.8/site-packages/airflow/example_dags/example_branch_datetime_operator.py
[2025-12-06T09:30:38.425+0000] {logging_mixin.py:188} INFO - [2025-12-06T09:30:38.425+0000] {dag.py:3036} INFO - Sync 3 DAGs
[2025-12-06T09:30:38.457+0000] {logging_mixin.py:188} INFO - [2025-12-06T09:30:38.457+0000] {dag.py:3823} INFO - Setting next_dagrun for example_branch_datetime_operator to 2025-12-05 00:00:00+00:00, run_after=2025-12-06 00:00:00+00:00
[2025-12-06T09:30:38.466+0000] {logging_mixin.py:188} INFO - [2025-12-06T09:30:38.466+0000] {dag.py:3823} INFO - Setting next_dagrun for example_branch_datetime_operator_2 to 2025-12-05 00:00:00+00:00, run_after=2025-12-06 00:00:00+00:00
[2025-12-06T09:30:38.471+0000] {logging_mixin.py:188} INFO - [2025-12-06T09:30:38.470+0000] {dag.py:3823} INFO - Setting next_dagrun for example_branch_datetime_operator_3 to 2025-12-05 00:00:00+00:00, run_after=2025-12-06 00:00:00+00:00
[2025-12-06T09:30:38.501+0000] {processor.py:183} INFO - Processing /home/airflow/.local/lib/python3.8/site-packages/airflow/example_dags/example_branch_datetime_operator.py took 0.147 seconds
[2025-12-06T09:31:08.623+0000] {processor.py:161} INFO - Started process (PID=4153) to work on /home/airflow/.local/lib/python3.8/site-packages/airflow/example_dags/example_branch_datetime_operator.py
[2025-12-06T09:31:08.625+0000] {processor.py:830} INFO - Processing file /home/airflow/.local/lib/python3.8/site-packages/airflow/example_dags/example_branch_datetime_operator.py for tasks to queue
[2025-12-06T09:31:08.629+0000] {logging_mixin.py:188} INFO - [2025-12-06T09:31:08.628+0000] {dagbag.py:538} INFO - Filling up the DagBag from /home/airflow/.local/lib/python3.8/site-packages/airflow/example_dags/example_branch_datetime_operator.py
[2025-12-06T09:31:08.643+0000] {processor.py:840} INFO - DAG(s) 'example_branch_datetime_operator', 'example_branch_datetime_operator_3', 'example_branch_datetime_operator_2' retrieved from /home/airflow/.local/lib/python3.8/site-packages/airflow/example_dags/example_branch_datetime_operator.py
[2025-12-06T09:31:08.686+0000] {logging_mixin.py:188} INFO - [2025-12-06T09:31:08.686+0000] {dag.py:3036} INFO - Sync 3 DAGs
[2025-12-06T09:31:08.718+0000] {logging_mixin.py:188} INFO - [2025-12-06T09:31:08.718+0000] {dag.py:3823} INFO - Setting next_dagrun for example_branch_datetime_operator to 2025-12-05 00:00:00+00:00, run_after=2025-12-06 00:00:00+00:00
[2025-12-06T09:31:08.725+0000] {logging_mixin.py:188} INFO - [2025-12-06T09:31:08.725+0000] {dag.py:3823} INFO - Setting next_dagrun for example_branch_datetime_operator_2 to 2025-12-05 00:00:00+00:00, run_after=2025-12-06 00:00:00+00:00
[2025-12-06T09:31:08.730+0000] {logging_mixin.py:188} INFO - [2025-12-06T09:31:08.729+0000] {dag.py:3823} INFO - Setting next_dagrun for example_branch_datetime_operator_3 to 2025-12-05 00:00:00+00:00, run_after=2025-12-06 00:00:00+00:00
[2025-12-06T09:31:08.760+0000] {processor.py:183} INFO - Processing /home/airflow/.local/lib/python3.8/site-packages/airflow/example_dags/example_branch_datetime_operator.py took 0.142 seconds
[2025-12-06T09:31:38.858+0000] {processor.py:161} INFO - Started process (PID=4212) to work on /home/airflow/.local/lib/python3.8/site-packages/airflow/example_dags/example_branch_datetime_operator.py
[2025-12-06T09:31:38.860+0000] {processor.py:830} INFO - Processing file /home/airflow/.local/lib/python3.8/site-packages/airflow/example_dags/example_branch_datetime_operator.py for tasks to queue
[2025-12-06T09:31:38.862+0000] {logging_mixin.py:188} INFO - [2025-12-06T09:31:38.862+0000] {dagbag.py:538} INFO - Filling up the DagBag from /home/airflow/.local/lib/python3.8/site-packages/airflow/example_dags/example_branch_datetime_operator.py
[2025-12-06T09:31:38.877+0000] {processor.py:840} INFO - DAG(s) 'example_branch_datetime_operator_3', 'example_branch_datetime_operator_2', 'example_branch_datetime_operator' retrieved from /home/airflow/.local/lib/python3.8/site-packages/airflow/example_dags/example_branch_datetime_operator.py
[2025-12-06T09:31:38.919+0000] {logging_mixin.py:188} INFO - [2025-12-06T09:31:38.918+0000] {dag.py:3036} INFO - Sync 3 DAGs
[2025-12-06T09:31:38.954+0000] {logging_mixin.py:188} INFO - [2025-12-06T09:31:38.953+0000] {dag.py:3823} INFO - Setting next_dagrun for example_branch_datetime_operator to 2025-12-05 00:00:00+00:00, run_after=2025-12-06 00:00:00+00:00
[2025-12-06T09:31:38.964+0000] {logging_mixin.py:188} INFO - [2025-12-06T09:31:38.963+0000] {dag.py:3823} INFO - Setting next_dagrun for example_branch_datetime_operator_2 to 2025-12-05 00:00:00+00:00, run_after=2025-12-06 00:00:00+00:00
[2025-12-06T09:31:38.970+0000] {logging_mixin.py:188} INFO - [2025-12-06T09:31:38.969+0000] {dag.py:3823} INFO - Setting next_dagrun for example_branch_datetime_operator_3 to 2025-12-05 00:00:00+00:00, run_after=2025-12-06 00:00:00+00:00
[2025-12-06T09:31:38.999+0000] {processor.py:183} INFO - Processing /home/airflow/.local/lib/python3.8/site-packages/airflow/example_dags/example_branch_datetime_operator.py took 0.146 seconds
[2025-12-06T09:32:09.083+0000] {processor.py:161} INFO - Started process (PID=4271) to work on /home/airflow/.local/lib/python3.8/site-packages/airflow/example_dags/example_branch_datetime_operator.py
[2025-12-06T09:32:09.085+0000] {processor.py:830} INFO - Processing file /home/airflow/.local/lib/python3.8/site-packages/airflow/example_dags/example_branch_datetime_operator.py for tasks to queue
[2025-12-06T09:32:09.089+0000] {logging_mixin.py:188} INFO - [2025-12-06T09:32:09.088+0000] {dagbag.py:538} INFO - Filling up the DagBag from /home/airflow/.local/lib/python3.8/site-packages/airflow/example_dags/example_branch_datetime_operator.py
[2025-12-06T09:32:09.104+0000] {processor.py:840} INFO - DAG(s) 'example_branch_datetime_operator', 'example_branch_datetime_operator_3', 'example_branch_datetime_operator_2' retrieved from /home/airflow/.local/lib/python3.8/site-packages/airflow/example_dags/example_branch_datetime_operator.py
[2025-12-06T09:32:09.149+0000] {logging_mixin.py:188} INFO - [2025-12-06T09:32:09.149+0000] {dag.py:3036} INFO - Sync 3 DAGs
[2025-12-06T09:32:09.185+0000] {logging_mixin.py:188} INFO - [2025-12-06T09:32:09.185+0000] {dag.py:3823} INFO - Setting next_dagrun for example_branch_datetime_operator to 2025-12-05 00:00:00+00:00, run_after=2025-12-06 00:00:00+00:00
[2025-12-06T09:32:09.193+0000] {logging_mixin.py:188} INFO - [2025-12-06T09:32:09.193+0000] {dag.py:3823} INFO - Setting next_dagrun for example_branch_datetime_operator_2 to 2025-12-05 00:00:00+00:00, run_after=2025-12-06 00:00:00+00:00
[2025-12-06T09:32:09.198+0000] {logging_mixin.py:188} INFO - [2025-12-06T09:32:09.198+0000] {dag.py:3823} INFO - Setting next_dagrun for example_branch_datetime_operator_3 to 2025-12-05 00:00:00+00:00, run_after=2025-12-06 00:00:00+00:00
[2025-12-06T09:32:09.232+0000] {processor.py:183} INFO - Processing /home/airflow/.local/lib/python3.8/site-packages/airflow/example_dags/example_branch_datetime_operator.py took 0.155 seconds
[2025-12-06T09:32:39.370+0000] {processor.py:161} INFO - Started process (PID=4331) to work on /home/airflow/.local/lib/python3.8/site-packages/airflow/example_dags/example_branch_datetime_operator.py
[2025-12-06T09:32:39.372+0000] {processor.py:830} INFO - Processing file /home/airflow/.local/lib/python3.8/site-packages/airflow/example_dags/example_branch_datetime_operator.py for tasks to queue
[2025-12-06T09:32:39.375+0000] {logging_mixin.py:188} INFO - [2025-12-06T09:32:39.375+0000] {dagbag.py:538} INFO - Filling up the DagBag from /home/airflow/.local/lib/python3.8/site-packages/airflow/example_dags/example_branch_datetime_operator.py
[2025-12-06T09:32:39.392+0000] {processor.py:840} INFO - DAG(s) 'example_branch_datetime_operator', 'example_branch_datetime_operator_3', 'example_branch_datetime_operator_2' retrieved from /home/airflow/.local/lib/python3.8/site-packages/airflow/example_dags/example_branch_datetime_operator.py
[2025-12-06T09:32:39.436+0000] {logging_mixin.py:188} INFO - [2025-12-06T09:32:39.436+0000] {dag.py:3036} INFO - Sync 3 DAGs
[2025-12-06T09:32:39.473+0000] {logging_mixin.py:188} INFO - [2025-12-06T09:32:39.472+0000] {dag.py:3823} INFO - Setting next_dagrun for example_branch_datetime_operator to 2025-12-05 00:00:00+00:00, run_after=2025-12-06 00:00:00+00:00
[2025-12-06T09:32:39.482+0000] {logging_mixin.py:188} INFO - [2025-12-06T09:32:39.482+0000] {dag.py:3823} INFO - Setting next_dagrun for example_branch_datetime_operator_2 to 2025-12-05 00:00:00+00:00, run_after=2025-12-06 00:00:00+00:00
[2025-12-06T09:32:39.488+0000] {logging_mixin.py:188} INFO - [2025-12-06T09:32:39.488+0000] {dag.py:3823} INFO - Setting next_dagrun for example_branch_datetime_operator_3 to 2025-12-05 00:00:00+00:00, run_after=2025-12-06 00:00:00+00:00
[2025-12-06T09:32:39.526+0000] {processor.py:183} INFO - Processing /home/airflow/.local/lib/python3.8/site-packages/airflow/example_dags/example_branch_datetime_operator.py took 0.161 seconds
[2025-12-06T09:33:09.788+0000] {processor.py:161} INFO - Started process (PID=4390) to work on /home/airflow/.local/lib/python3.8/site-packages/airflow/example_dags/example_branch_datetime_operator.py
[2025-12-06T09:33:09.790+0000] {processor.py:830} INFO - Processing file /home/airflow/.local/lib/python3.8/site-packages/airflow/example_dags/example_branch_datetime_operator.py for tasks to queue
[2025-12-06T09:33:09.793+0000] {logging_mixin.py:188} INFO - [2025-12-06T09:33:09.793+0000] {dagbag.py:538} INFO - Filling up the DagBag from /home/airflow/.local/lib/python3.8/site-packages/airflow/example_dags/example_branch_datetime_operator.py
[2025-12-06T09:33:09.811+0000] {processor.py:840} INFO - DAG(s) 'example_branch_datetime_operator', 'example_branch_datetime_operator_3', 'example_branch_datetime_operator_2' retrieved from /home/airflow/.local/lib/python3.8/site-packages/airflow/example_dags/example_branch_datetime_operator.py
[2025-12-06T09:33:09.854+0000] {logging_mixin.py:188} INFO - [2025-12-06T09:33:09.853+0000] {dag.py:3036} INFO - Sync 3 DAGs
[2025-12-06T09:33:09.890+0000] {logging_mixin.py:188} INFO - [2025-12-06T09:33:09.890+0000] {dag.py:3823} INFO - Setting next_dagrun for example_branch_datetime_operator to 2025-12-05 00:00:00+00:00, run_after=2025-12-06 00:00:00+00:00
[2025-12-06T09:33:09.899+0000] {logging_mixin.py:188} INFO - [2025-12-06T09:33:09.898+0000] {dag.py:3823} INFO - Setting next_dagrun for example_branch_datetime_operator_2 to 2025-12-05 00:00:00+00:00, run_after=2025-12-06 00:00:00+00:00
[2025-12-06T09:33:09.904+0000] {logging_mixin.py:188} INFO - [2025-12-06T09:33:09.903+0000] {dag.py:3823} INFO - Setting next_dagrun for example_branch_datetime_operator_3 to 2025-12-05 00:00:00+00:00, run_after=2025-12-06 00:00:00+00:00
[2025-12-06T09:33:09.935+0000] {processor.py:183} INFO - Processing /home/airflow/.local/lib/python3.8/site-packages/airflow/example_dags/example_branch_datetime_operator.py took 0.153 seconds
[2025-12-06T09:33:40.687+0000] {processor.py:161} INFO - Started process (PID=4448) to work on /home/airflow/.local/lib/python3.8/site-packages/airflow/example_dags/example_branch_datetime_operator.py
[2025-12-06T09:33:40.688+0000] {processor.py:830} INFO - Processing file /home/airflow/.local/lib/python3.8/site-packages/airflow/example_dags/example_branch_datetime_operator.py for tasks to queue
[2025-12-06T09:33:40.691+0000] {logging_mixin.py:188} INFO - [2025-12-06T09:33:40.690+0000] {dagbag.py:538} INFO - Filling up the DagBag from /home/airflow/.local/lib/python3.8/site-packages/airflow/example_dags/example_branch_datetime_operator.py
[2025-12-06T09:33:40.707+0000] {processor.py:840} INFO - DAG(s) 'example_branch_datetime_operator', 'example_branch_datetime_operator_2', 'example_branch_datetime_operator_3' retrieved from /home/airflow/.local/lib/python3.8/site-packages/airflow/example_dags/example_branch_datetime_operator.py
[2025-12-06T09:33:40.750+0000] {logging_mixin.py:188} INFO - [2025-12-06T09:33:40.750+0000] {dag.py:3036} INFO - Sync 3 DAGs
[2025-12-06T09:33:40.785+0000] {logging_mixin.py:188} INFO - [2025-12-06T09:33:40.785+0000] {dag.py:3823} INFO - Setting next_dagrun for example_branch_datetime_operator to 2025-12-05 00:00:00+00:00, run_after=2025-12-06 00:00:00+00:00
[2025-12-06T09:33:40.794+0000] {logging_mixin.py:188} INFO - [2025-12-06T09:33:40.793+0000] {dag.py:3823} INFO - Setting next_dagrun for example_branch_datetime_operator_2 to 2025-12-05 00:00:00+00:00, run_after=2025-12-06 00:00:00+00:00
[2025-12-06T09:33:40.798+0000] {logging_mixin.py:188} INFO - [2025-12-06T09:33:40.798+0000] {dag.py:3823} INFO - Setting next_dagrun for example_branch_datetime_operator_3 to 2025-12-05 00:00:00+00:00, run_after=2025-12-06 00:00:00+00:00
[2025-12-06T09:33:40.831+0000] {processor.py:183} INFO - Processing /home/airflow/.local/lib/python3.8/site-packages/airflow/example_dags/example_branch_datetime_operator.py took 0.148 seconds
[2025-12-06T09:34:10.948+0000] {processor.py:161} INFO - Started process (PID=4507) to work on /home/airflow/.local/lib/python3.8/site-packages/airflow/example_dags/example_branch_datetime_operator.py
[2025-12-06T09:34:10.949+0000] {processor.py:830} INFO - Processing file /home/airflow/.local/lib/python3.8/site-packages/airflow/example_dags/example_branch_datetime_operator.py for tasks to queue
[2025-12-06T09:34:10.953+0000] {logging_mixin.py:188} INFO - [2025-12-06T09:34:10.952+0000] {dagbag.py:538} INFO - Filling up the DagBag from /home/airflow/.local/lib/python3.8/site-packages/airflow/example_dags/example_branch_datetime_operator.py
[2025-12-06T09:34:10.970+0000] {processor.py:840} INFO - DAG(s) 'example_branch_datetime_operator', 'example_branch_datetime_operator_2', 'example_branch_datetime_operator_3' retrieved from /home/airflow/.local/lib/python3.8/site-packages/airflow/example_dags/example_branch_datetime_operator.py
[2025-12-06T09:34:11.013+0000] {logging_mixin.py:188} INFO - [2025-12-06T09:34:11.013+0000] {dag.py:3036} INFO - Sync 3 DAGs
[2025-12-06T09:34:11.049+0000] {logging_mixin.py:188} INFO - [2025-12-06T09:34:11.048+0000] {dag.py:3823} INFO - Setting next_dagrun for example_branch_datetime_operator to 2025-12-05 00:00:00+00:00, run_after=2025-12-06 00:00:00+00:00
[2025-12-06T09:34:11.057+0000] {logging_mixin.py:188} INFO - [2025-12-06T09:34:11.057+0000] {dag.py:3823} INFO - Setting next_dagrun for example_branch_datetime_operator_2 to 2025-12-05 00:00:00+00:00, run_after=2025-12-06 00:00:00+00:00
[2025-12-06T09:34:11.062+0000] {logging_mixin.py:188} INFO - [2025-12-06T09:34:11.061+0000] {dag.py:3823} INFO - Setting next_dagrun for example_branch_datetime_operator_3 to 2025-12-05 00:00:00+00:00, run_after=2025-12-06 00:00:00+00:00
[2025-12-06T09:34:11.094+0000] {processor.py:183} INFO - Processing /home/airflow/.local/lib/python3.8/site-packages/airflow/example_dags/example_branch_datetime_operator.py took 0.151 seconds
[2025-12-06T09:34:41.198+0000] {processor.py:161} INFO - Started process (PID=4566) to work on /home/airflow/.local/lib/python3.8/site-packages/airflow/example_dags/example_branch_datetime_operator.py
[2025-12-06T09:34:41.199+0000] {processor.py:830} INFO - Processing file /home/airflow/.local/lib/python3.8/site-packages/airflow/example_dags/example_branch_datetime_operator.py for tasks to queue
[2025-12-06T09:34:41.202+0000] {logging_mixin.py:188} INFO - [2025-12-06T09:34:41.202+0000] {dagbag.py:538} INFO - Filling up the DagBag from /home/airflow/.local/lib/python3.8/site-packages/airflow/example_dags/example_branch_datetime_operator.py
[2025-12-06T09:34:41.219+0000] {processor.py:840} INFO - DAG(s) 'example_branch_datetime_operator', 'example_branch_datetime_operator_3', 'example_branch_datetime_operator_2' retrieved from /home/airflow/.local/lib/python3.8/site-packages/airflow/example_dags/example_branch_datetime_operator.py
[2025-12-06T09:34:41.260+0000] {logging_mixin.py:188} INFO - [2025-12-06T09:34:41.260+0000] {dag.py:3036} INFO - Sync 3 DAGs
[2025-12-06T09:34:41.290+0000] {logging_mixin.py:188} INFO - [2025-12-06T09:34:41.289+0000] {dag.py:3823} INFO - Setting next_dagrun for example_branch_datetime_operator to 2025-12-05 00:00:00+00:00, run_after=2025-12-06 00:00:00+00:00
[2025-12-06T09:34:41.297+0000] {logging_mixin.py:188} INFO - [2025-12-06T09:34:41.296+0000] {dag.py:3823} INFO - Setting next_dagrun for example_branch_datetime_operator_2 to 2025-12-05 00:00:00+00:00, run_after=2025-12-06 00:00:00+00:00
[2025-12-06T09:34:41.302+0000] {logging_mixin.py:188} INFO - [2025-12-06T09:34:41.301+0000] {dag.py:3823} INFO - Setting next_dagrun for example_branch_datetime_operator_3 to 2025-12-05 00:00:00+00:00, run_after=2025-12-06 00:00:00+00:00
[2025-12-06T09:34:41.331+0000] {processor.py:183} INFO - Processing /home/airflow/.local/lib/python3.8/site-packages/airflow/example_dags/example_branch_datetime_operator.py took 0.137 seconds
[2025-12-06T09:35:11.423+0000] {processor.py:161} INFO - Started process (PID=4625) to work on /home/airflow/.local/lib/python3.8/site-packages/airflow/example_dags/example_branch_datetime_operator.py
[2025-12-06T09:35:11.425+0000] {processor.py:830} INFO - Processing file /home/airflow/.local/lib/python3.8/site-packages/airflow/example_dags/example_branch_datetime_operator.py for tasks to queue
[2025-12-06T09:35:11.428+0000] {logging_mixin.py:188} INFO - [2025-12-06T09:35:11.427+0000] {dagbag.py:538} INFO - Filling up the DagBag from /home/airflow/.local/lib/python3.8/site-packages/airflow/example_dags/example_branch_datetime_operator.py
[2025-12-06T09:35:11.444+0000] {processor.py:840} INFO - DAG(s) 'example_branch_datetime_operator_3', 'example_branch_datetime_operator', 'example_branch_datetime_operator_2' retrieved from /home/airflow/.local/lib/python3.8/site-packages/airflow/example_dags/example_branch_datetime_operator.py
[2025-12-06T09:35:11.495+0000] {logging_mixin.py:188} INFO - [2025-12-06T09:35:11.495+0000] {dag.py:3036} INFO - Sync 3 DAGs
[2025-12-06T09:35:11.534+0000] {logging_mixin.py:188} INFO - [2025-12-06T09:35:11.533+0000] {dag.py:3823} INFO - Setting next_dagrun for example_branch_datetime_operator to 2025-12-05 00:00:00+00:00, run_after=2025-12-06 00:00:00+00:00
[2025-12-06T09:35:11.542+0000] {logging_mixin.py:188} INFO - [2025-12-06T09:35:11.541+0000] {dag.py:3823} INFO - Setting next_dagrun for example_branch_datetime_operator_2 to 2025-12-05 00:00:00+00:00, run_after=2025-12-06 00:00:00+00:00
[2025-12-06T09:35:11.546+0000] {logging_mixin.py:188} INFO - [2025-12-06T09:35:11.546+0000] {dag.py:3823} INFO - Setting next_dagrun for example_branch_datetime_operator_3 to 2025-12-05 00:00:00+00:00, run_after=2025-12-06 00:00:00+00:00
[2025-12-06T09:35:11.582+0000] {processor.py:183} INFO - Processing /home/airflow/.local/lib/python3.8/site-packages/airflow/example_dags/example_branch_datetime_operator.py took 0.165 seconds
[2025-12-06T09:35:41.853+0000] {processor.py:161} INFO - Started process (PID=4684) to work on /home/airflow/.local/lib/python3.8/site-packages/airflow/example_dags/example_branch_datetime_operator.py
[2025-12-06T09:35:41.855+0000] {processor.py:830} INFO - Processing file /home/airflow/.local/lib/python3.8/site-packages/airflow/example_dags/example_branch_datetime_operator.py for tasks to queue
[2025-12-06T09:35:41.858+0000] {logging_mixin.py:188} INFO - [2025-12-06T09:35:41.857+0000] {dagbag.py:538} INFO - Filling up the DagBag from /home/airflow/.local/lib/python3.8/site-packages/airflow/example_dags/example_branch_datetime_operator.py
[2025-12-06T09:35:41.875+0000] {processor.py:840} INFO - DAG(s) 'example_branch_datetime_operator', 'example_branch_datetime_operator_2', 'example_branch_datetime_operator_3' retrieved from /home/airflow/.local/lib/python3.8/site-packages/airflow/example_dags/example_branch_datetime_operator.py
[2025-12-06T09:35:41.922+0000] {logging_mixin.py:188} INFO - [2025-12-06T09:35:41.921+0000] {dag.py:3036} INFO - Sync 3 DAGs
[2025-12-06T09:35:41.961+0000] {logging_mixin.py:188} INFO - [2025-12-06T09:35:41.958+0000] {dag.py:3823} INFO - Setting next_dagrun for example_branch_datetime_operator to 2025-12-05 00:00:00+00:00, run_after=2025-12-06 00:00:00+00:00
[2025-12-06T09:35:41.969+0000] {logging_mixin.py:188} INFO - [2025-12-06T09:35:41.969+0000] {dag.py:3823} INFO - Setting next_dagrun for example_branch_datetime_operator_2 to 2025-12-05 00:00:00+00:00, run_after=2025-12-06 00:00:00+00:00
[2025-12-06T09:35:41.974+0000] {logging_mixin.py:188} INFO - [2025-12-06T09:35:41.974+0000] {dag.py:3823} INFO - Setting next_dagrun for example_branch_datetime_operator_3 to 2025-12-05 00:00:00+00:00, run_after=2025-12-06 00:00:00+00:00
[2025-12-06T09:35:42.006+0000] {processor.py:183} INFO - Processing /home/airflow/.local/lib/python3.8/site-packages/airflow/example_dags/example_branch_datetime_operator.py took 0.159 seconds
[2025-12-06T09:36:12.107+0000] {processor.py:161} INFO - Started process (PID=4743) to work on /home/airflow/.local/lib/python3.8/site-packages/airflow/example_dags/example_branch_datetime_operator.py
[2025-12-06T09:36:12.110+0000] {processor.py:830} INFO - Processing file /home/airflow/.local/lib/python3.8/site-packages/airflow/example_dags/example_branch_datetime_operator.py for tasks to queue
[2025-12-06T09:36:12.113+0000] {logging_mixin.py:188} INFO - [2025-12-06T09:36:12.112+0000] {dagbag.py:538} INFO - Filling up the DagBag from /home/airflow/.local/lib/python3.8/site-packages/airflow/example_dags/example_branch_datetime_operator.py
[2025-12-06T09:36:12.131+0000] {processor.py:840} INFO - DAG(s) 'example_branch_datetime_operator_3', 'example_branch_datetime_operator_2', 'example_branch_datetime_operator' retrieved from /home/airflow/.local/lib/python3.8/site-packages/airflow/example_dags/example_branch_datetime_operator.py
[2025-12-06T09:36:12.177+0000] {logging_mixin.py:188} INFO - [2025-12-06T09:36:12.176+0000] {dag.py:3036} INFO - Sync 3 DAGs
[2025-12-06T09:36:12.214+0000] {logging_mixin.py:188} INFO - [2025-12-06T09:36:12.213+0000] {dag.py:3823} INFO - Setting next_dagrun for example_branch_datetime_operator to 2025-12-05 00:00:00+00:00, run_after=2025-12-06 00:00:00+00:00
[2025-12-06T09:36:12.221+0000] {logging_mixin.py:188} INFO - [2025-12-06T09:36:12.221+0000] {dag.py:3823} INFO - Setting next_dagrun for example_branch_datetime_operator_2 to 2025-12-05 00:00:00+00:00, run_after=2025-12-06 00:00:00+00:00
[2025-12-06T09:36:12.226+0000] {logging_mixin.py:188} INFO - [2025-12-06T09:36:12.225+0000] {dag.py:3823} INFO - Setting next_dagrun for example_branch_datetime_operator_3 to 2025-12-05 00:00:00+00:00, run_after=2025-12-06 00:00:00+00:00
[2025-12-06T09:36:12.257+0000] {processor.py:183} INFO - Processing /home/airflow/.local/lib/python3.8/site-packages/airflow/example_dags/example_branch_datetime_operator.py took 0.156 seconds
[2025-12-06T09:36:42.458+0000] {processor.py:161} INFO - Started process (PID=4802) to work on /home/airflow/.local/lib/python3.8/site-packages/airflow/example_dags/example_branch_datetime_operator.py
[2025-12-06T09:36:42.459+0000] {processor.py:830} INFO - Processing file /home/airflow/.local/lib/python3.8/site-packages/airflow/example_dags/example_branch_datetime_operator.py for tasks to queue
[2025-12-06T09:36:42.462+0000] {logging_mixin.py:188} INFO - [2025-12-06T09:36:42.462+0000] {dagbag.py:538} INFO - Filling up the DagBag from /home/airflow/.local/lib/python3.8/site-packages/airflow/example_dags/example_branch_datetime_operator.py
[2025-12-06T09:36:42.480+0000] {processor.py:840} INFO - DAG(s) 'example_branch_datetime_operator_2', 'example_branch_datetime_operator_3', 'example_branch_datetime_operator' retrieved from /home/airflow/.local/lib/python3.8/site-packages/airflow/example_dags/example_branch_datetime_operator.py
[2025-12-06T09:36:42.526+0000] {logging_mixin.py:188} INFO - [2025-12-06T09:36:42.526+0000] {dag.py:3036} INFO - Sync 3 DAGs
[2025-12-06T09:36:42.561+0000] {logging_mixin.py:188} INFO - [2025-12-06T09:36:42.561+0000] {dag.py:3823} INFO - Setting next_dagrun for example_branch_datetime_operator to 2025-12-05 00:00:00+00:00, run_after=2025-12-06 00:00:00+00:00
[2025-12-06T09:36:42.568+0000] {logging_mixin.py:188} INFO - [2025-12-06T09:36:42.568+0000] {dag.py:3823} INFO - Setting next_dagrun for example_branch_datetime_operator_2 to 2025-12-05 00:00:00+00:00, run_after=2025-12-06 00:00:00+00:00
[2025-12-06T09:36:42.573+0000] {logging_mixin.py:188} INFO - [2025-12-06T09:36:42.573+0000] {dag.py:3823} INFO - Setting next_dagrun for example_branch_datetime_operator_3 to 2025-12-05 00:00:00+00:00, run_after=2025-12-06 00:00:00+00:00
[2025-12-06T09:36:42.604+0000] {processor.py:183} INFO - Processing /home/airflow/.local/lib/python3.8/site-packages/airflow/example_dags/example_branch_datetime_operator.py took 0.152 seconds
[2025-12-06T09:37:12.647+0000] {processor.py:161} INFO - Started process (PID=4861) to work on /home/airflow/.local/lib/python3.8/site-packages/airflow/example_dags/example_branch_datetime_operator.py
[2025-12-06T09:37:12.648+0000] {processor.py:830} INFO - Processing file /home/airflow/.local/lib/python3.8/site-packages/airflow/example_dags/example_branch_datetime_operator.py for tasks to queue
[2025-12-06T09:37:12.652+0000] {logging_mixin.py:188} INFO - [2025-12-06T09:37:12.651+0000] {dagbag.py:538} INFO - Filling up the DagBag from /home/airflow/.local/lib/python3.8/site-packages/airflow/example_dags/example_branch_datetime_operator.py
[2025-12-06T09:37:12.667+0000] {processor.py:840} INFO - DAG(s) 'example_branch_datetime_operator_3', 'example_branch_datetime_operator_2', 'example_branch_datetime_operator' retrieved from /home/airflow/.local/lib/python3.8/site-packages/airflow/example_dags/example_branch_datetime_operator.py
[2025-12-06T09:37:12.704+0000] {logging_mixin.py:188} INFO - [2025-12-06T09:37:12.704+0000] {dag.py:3036} INFO - Sync 3 DAGs
[2025-12-06T09:37:12.736+0000] {logging_mixin.py:188} INFO - [2025-12-06T09:37:12.736+0000] {dag.py:3823} INFO - Setting next_dagrun for example_branch_datetime_operator to 2025-12-05 00:00:00+00:00, run_after=2025-12-06 00:00:00+00:00
[2025-12-06T09:37:12.742+0000] {logging_mixin.py:188} INFO - [2025-12-06T09:37:12.742+0000] {dag.py:3823} INFO - Setting next_dagrun for example_branch_datetime_operator_2 to 2025-12-05 00:00:00+00:00, run_after=2025-12-06 00:00:00+00:00
[2025-12-06T09:37:12.747+0000] {logging_mixin.py:188} INFO - [2025-12-06T09:37:12.746+0000] {dag.py:3823} INFO - Setting next_dagrun for example_branch_datetime_operator_3 to 2025-12-05 00:00:00+00:00, run_after=2025-12-06 00:00:00+00:00
[2025-12-06T09:37:12.778+0000] {processor.py:183} INFO - Processing /home/airflow/.local/lib/python3.8/site-packages/airflow/example_dags/example_branch_datetime_operator.py took 0.138 seconds
[2025-12-06T09:37:43.144+0000] {processor.py:161} INFO - Started process (PID=4920) to work on /home/airflow/.local/lib/python3.8/site-packages/airflow/example_dags/example_branch_datetime_operator.py
[2025-12-06T09:37:43.146+0000] {processor.py:830} INFO - Processing file /home/airflow/.local/lib/python3.8/site-packages/airflow/example_dags/example_branch_datetime_operator.py for tasks to queue
[2025-12-06T09:37:43.150+0000] {logging_mixin.py:188} INFO - [2025-12-06T09:37:43.149+0000] {dagbag.py:538} INFO - Filling up the DagBag from /home/airflow/.local/lib/python3.8/site-packages/airflow/example_dags/example_branch_datetime_operator.py
[2025-12-06T09:37:43.166+0000] {processor.py:840} INFO - DAG(s) 'example_branch_datetime_operator', 'example_branch_datetime_operator_2', 'example_branch_datetime_operator_3' retrieved from /home/airflow/.local/lib/python3.8/site-packages/airflow/example_dags/example_branch_datetime_operator.py
[2025-12-06T09:37:43.208+0000] {logging_mixin.py:188} INFO - [2025-12-06T09:37:43.207+0000] {dag.py:3036} INFO - Sync 3 DAGs
[2025-12-06T09:37:43.243+0000] {logging_mixin.py:188} INFO - [2025-12-06T09:37:43.243+0000] {dag.py:3823} INFO - Setting next_dagrun for example_branch_datetime_operator to 2025-12-05 00:00:00+00:00, run_after=2025-12-06 00:00:00+00:00
[2025-12-06T09:37:43.251+0000] {logging_mixin.py:188} INFO - [2025-12-06T09:37:43.251+0000] {dag.py:3823} INFO - Setting next_dagrun for example_branch_datetime_operator_2 to 2025-12-05 00:00:00+00:00, run_after=2025-12-06 00:00:00+00:00
[2025-12-06T09:37:43.255+0000] {logging_mixin.py:188} INFO - [2025-12-06T09:37:43.255+0000] {dag.py:3823} INFO - Setting next_dagrun for example_branch_datetime_operator_3 to 2025-12-05 00:00:00+00:00, run_after=2025-12-06 00:00:00+00:00
[2025-12-06T09:37:43.290+0000] {processor.py:183} INFO - Processing /home/airflow/.local/lib/python3.8/site-packages/airflow/example_dags/example_branch_datetime_operator.py took 0.151 seconds
[2025-12-06T09:38:13.961+0000] {processor.py:161} INFO - Started process (PID=4985) to work on /home/airflow/.local/lib/python3.8/site-packages/airflow/example_dags/example_branch_datetime_operator.py
[2025-12-06T09:38:13.963+0000] {processor.py:830} INFO - Processing file /home/airflow/.local/lib/python3.8/site-packages/airflow/example_dags/example_branch_datetime_operator.py for tasks to queue
[2025-12-06T09:38:13.966+0000] {logging_mixin.py:188} INFO - [2025-12-06T09:38:13.965+0000] {dagbag.py:538} INFO - Filling up the DagBag from /home/airflow/.local/lib/python3.8/site-packages/airflow/example_dags/example_branch_datetime_operator.py
[2025-12-06T09:38:13.981+0000] {processor.py:840} INFO - DAG(s) 'example_branch_datetime_operator_3', 'example_branch_datetime_operator', 'example_branch_datetime_operator_2' retrieved from /home/airflow/.local/lib/python3.8/site-packages/airflow/example_dags/example_branch_datetime_operator.py
[2025-12-06T09:38:14.028+0000] {logging_mixin.py:188} INFO - [2025-12-06T09:38:14.027+0000] {dag.py:3036} INFO - Sync 3 DAGs
[2025-12-06T09:38:14.064+0000] {logging_mixin.py:188} INFO - [2025-12-06T09:38:14.063+0000] {dag.py:3823} INFO - Setting next_dagrun for example_branch_datetime_operator to 2025-12-05 00:00:00+00:00, run_after=2025-12-06 00:00:00+00:00
[2025-12-06T09:38:14.072+0000] {logging_mixin.py:188} INFO - [2025-12-06T09:38:14.071+0000] {dag.py:3823} INFO - Setting next_dagrun for example_branch_datetime_operator_2 to 2025-12-05 00:00:00+00:00, run_after=2025-12-06 00:00:00+00:00
[2025-12-06T09:38:14.077+0000] {logging_mixin.py:188} INFO - [2025-12-06T09:38:14.077+0000] {dag.py:3823} INFO - Setting next_dagrun for example_branch_datetime_operator_3 to 2025-12-05 00:00:00+00:00, run_after=2025-12-06 00:00:00+00:00
[2025-12-06T09:38:14.109+0000] {processor.py:183} INFO - Processing /home/airflow/.local/lib/python3.8/site-packages/airflow/example_dags/example_branch_datetime_operator.py took 0.152 seconds
[2025-12-06T09:38:44.445+0000] {processor.py:161} INFO - Started process (PID=5044) to work on /home/airflow/.local/lib/python3.8/site-packages/airflow/example_dags/example_branch_datetime_operator.py
[2025-12-06T09:38:44.447+0000] {processor.py:830} INFO - Processing file /home/airflow/.local/lib/python3.8/site-packages/airflow/example_dags/example_branch_datetime_operator.py for tasks to queue
[2025-12-06T09:38:44.450+0000] {logging_mixin.py:188} INFO - [2025-12-06T09:38:44.449+0000] {dagbag.py:538} INFO - Filling up the DagBag from /home/airflow/.local/lib/python3.8/site-packages/airflow/example_dags/example_branch_datetime_operator.py
[2025-12-06T09:38:44.466+0000] {processor.py:840} INFO - DAG(s) 'example_branch_datetime_operator_3', 'example_branch_datetime_operator', 'example_branch_datetime_operator_2' retrieved from /home/airflow/.local/lib/python3.8/site-packages/airflow/example_dags/example_branch_datetime_operator.py
[2025-12-06T09:38:44.509+0000] {logging_mixin.py:188} INFO - [2025-12-06T09:38:44.509+0000] {dag.py:3036} INFO - Sync 3 DAGs
[2025-12-06T09:38:44.542+0000] {logging_mixin.py:188} INFO - [2025-12-06T09:38:44.541+0000] {dag.py:3823} INFO - Setting next_dagrun for example_branch_datetime_operator to 2025-12-05 00:00:00+00:00, run_after=2025-12-06 00:00:00+00:00
[2025-12-06T09:38:44.549+0000] {logging_mixin.py:188} INFO - [2025-12-06T09:38:44.549+0000] {dag.py:3823} INFO - Setting next_dagrun for example_branch_datetime_operator_2 to 2025-12-05 00:00:00+00:00, run_after=2025-12-06 00:00:00+00:00
[2025-12-06T09:38:44.553+0000] {logging_mixin.py:188} INFO - [2025-12-06T09:38:44.553+0000] {dag.py:3823} INFO - Setting next_dagrun for example_branch_datetime_operator_3 to 2025-12-05 00:00:00+00:00, run_after=2025-12-06 00:00:00+00:00
[2025-12-06T09:38:44.586+0000] {processor.py:183} INFO - Processing /home/airflow/.local/lib/python3.8/site-packages/airflow/example_dags/example_branch_datetime_operator.py took 0.146 seconds
[2025-12-06T09:39:15.167+0000] {processor.py:161} INFO - Started process (PID=5103) to work on /home/airflow/.local/lib/python3.8/site-packages/airflow/example_dags/example_branch_datetime_operator.py
[2025-12-06T09:39:15.170+0000] {processor.py:830} INFO - Processing file /home/airflow/.local/lib/python3.8/site-packages/airflow/example_dags/example_branch_datetime_operator.py for tasks to queue
[2025-12-06T09:39:15.173+0000] {logging_mixin.py:188} INFO - [2025-12-06T09:39:15.173+0000] {dagbag.py:538} INFO - Filling up the DagBag from /home/airflow/.local/lib/python3.8/site-packages/airflow/example_dags/example_branch_datetime_operator.py
[2025-12-06T09:39:15.191+0000] {processor.py:840} INFO - DAG(s) 'example_branch_datetime_operator', 'example_branch_datetime_operator_2', 'example_branch_datetime_operator_3' retrieved from /home/airflow/.local/lib/python3.8/site-packages/airflow/example_dags/example_branch_datetime_operator.py
[2025-12-06T09:39:15.236+0000] {logging_mixin.py:188} INFO - [2025-12-06T09:39:15.236+0000] {dag.py:3036} INFO - Sync 3 DAGs
[2025-12-06T09:39:15.271+0000] {logging_mixin.py:188} INFO - [2025-12-06T09:39:15.270+0000] {dag.py:3823} INFO - Setting next_dagrun for example_branch_datetime_operator to 2025-12-05 00:00:00+00:00, run_after=2025-12-06 00:00:00+00:00
[2025-12-06T09:39:15.278+0000] {logging_mixin.py:188} INFO - [2025-12-06T09:39:15.278+0000] {dag.py:3823} INFO - Setting next_dagrun for example_branch_datetime_operator_2 to 2025-12-05 00:00:00+00:00, run_after=2025-12-06 00:00:00+00:00
[2025-12-06T09:39:15.282+0000] {logging_mixin.py:188} INFO - [2025-12-06T09:39:15.282+0000] {dag.py:3823} INFO - Setting next_dagrun for example_branch_datetime_operator_3 to 2025-12-05 00:00:00+00:00, run_after=2025-12-06 00:00:00+00:00
[2025-12-06T09:39:15.316+0000] {processor.py:183} INFO - Processing /home/airflow/.local/lib/python3.8/site-packages/airflow/example_dags/example_branch_datetime_operator.py took 0.154 seconds
[2025-12-06T09:39:45.551+0000] {processor.py:161} INFO - Started process (PID=5162) to work on /home/airflow/.local/lib/python3.8/site-packages/airflow/example_dags/example_branch_datetime_operator.py
[2025-12-06T09:39:45.553+0000] {processor.py:830} INFO - Processing file /home/airflow/.local/lib/python3.8/site-packages/airflow/example_dags/example_branch_datetime_operator.py for tasks to queue
[2025-12-06T09:39:45.557+0000] {logging_mixin.py:188} INFO - [2025-12-06T09:39:45.557+0000] {dagbag.py:538} INFO - Filling up the DagBag from /home/airflow/.local/lib/python3.8/site-packages/airflow/example_dags/example_branch_datetime_operator.py
[2025-12-06T09:39:45.574+0000] {processor.py:840} INFO - DAG(s) 'example_branch_datetime_operator', 'example_branch_datetime_operator_2', 'example_branch_datetime_operator_3' retrieved from /home/airflow/.local/lib/python3.8/site-packages/airflow/example_dags/example_branch_datetime_operator.py
[2025-12-06T09:39:45.618+0000] {logging_mixin.py:188} INFO - [2025-12-06T09:39:45.618+0000] {dag.py:3036} INFO - Sync 3 DAGs
[2025-12-06T09:39:45.655+0000] {logging_mixin.py:188} INFO - [2025-12-06T09:39:45.655+0000] {dag.py:3823} INFO - Setting next_dagrun for example_branch_datetime_operator to 2025-12-05 00:00:00+00:00, run_after=2025-12-06 00:00:00+00:00
[2025-12-06T09:39:45.665+0000] {logging_mixin.py:188} INFO - [2025-12-06T09:39:45.664+0000] {dag.py:3823} INFO - Setting next_dagrun for example_branch_datetime_operator_2 to 2025-12-05 00:00:00+00:00, run_after=2025-12-06 00:00:00+00:00
[2025-12-06T09:39:45.670+0000] {logging_mixin.py:188} INFO - [2025-12-06T09:39:45.669+0000] {dag.py:3823} INFO - Setting next_dagrun for example_branch_datetime_operator_3 to 2025-12-05 00:00:00+00:00, run_after=2025-12-06 00:00:00+00:00
[2025-12-06T09:39:45.700+0000] {processor.py:183} INFO - Processing /home/airflow/.local/lib/python3.8/site-packages/airflow/example_dags/example_branch_datetime_operator.py took 0.154 seconds
[2025-12-06T09:40:16.134+0000] {processor.py:161} INFO - Started process (PID=5221) to work on /home/airflow/.local/lib/python3.8/site-packages/airflow/example_dags/example_branch_datetime_operator.py
[2025-12-06T09:40:16.136+0000] {processor.py:830} INFO - Processing file /home/airflow/.local/lib/python3.8/site-packages/airflow/example_dags/example_branch_datetime_operator.py for tasks to queue
[2025-12-06T09:40:16.140+0000] {logging_mixin.py:188} INFO - [2025-12-06T09:40:16.140+0000] {dagbag.py:538} INFO - Filling up the DagBag from /home/airflow/.local/lib/python3.8/site-packages/airflow/example_dags/example_branch_datetime_operator.py
[2025-12-06T09:40:16.159+0000] {processor.py:840} INFO - DAG(s) 'example_branch_datetime_operator', 'example_branch_datetime_operator_2', 'example_branch_datetime_operator_3' retrieved from /home/airflow/.local/lib/python3.8/site-packages/airflow/example_dags/example_branch_datetime_operator.py
[2025-12-06T09:40:16.200+0000] {logging_mixin.py:188} INFO - [2025-12-06T09:40:16.200+0000] {dag.py:3036} INFO - Sync 3 DAGs
[2025-12-06T09:40:16.234+0000] {logging_mixin.py:188} INFO - [2025-12-06T09:40:16.233+0000] {dag.py:3823} INFO - Setting next_dagrun for example_branch_datetime_operator to 2025-12-05 00:00:00+00:00, run_after=2025-12-06 00:00:00+00:00
[2025-12-06T09:40:16.241+0000] {logging_mixin.py:188} INFO - [2025-12-06T09:40:16.241+0000] {dag.py:3823} INFO - Setting next_dagrun for example_branch_datetime_operator_2 to 2025-12-05 00:00:00+00:00, run_after=2025-12-06 00:00:00+00:00
[2025-12-06T09:40:16.245+0000] {logging_mixin.py:188} INFO - [2025-12-06T09:40:16.245+0000] {dag.py:3823} INFO - Setting next_dagrun for example_branch_datetime_operator_3 to 2025-12-05 00:00:00+00:00, run_after=2025-12-06 00:00:00+00:00
[2025-12-06T09:40:16.280+0000] {processor.py:183} INFO - Processing /home/airflow/.local/lib/python3.8/site-packages/airflow/example_dags/example_branch_datetime_operator.py took 0.151 seconds
[2025-12-06T09:40:46.618+0000] {processor.py:161} INFO - Started process (PID=5280) to work on /home/airflow/.local/lib/python3.8/site-packages/airflow/example_dags/example_branch_datetime_operator.py
[2025-12-06T09:40:46.620+0000] {processor.py:830} INFO - Processing file /home/airflow/.local/lib/python3.8/site-packages/airflow/example_dags/example_branch_datetime_operator.py for tasks to queue
[2025-12-06T09:40:46.623+0000] {logging_mixin.py:188} INFO - [2025-12-06T09:40:46.622+0000] {dagbag.py:538} INFO - Filling up the DagBag from /home/airflow/.local/lib/python3.8/site-packages/airflow/example_dags/example_branch_datetime_operator.py
[2025-12-06T09:40:46.642+0000] {processor.py:840} INFO - DAG(s) 'example_branch_datetime_operator_3', 'example_branch_datetime_operator', 'example_branch_datetime_operator_2' retrieved from /home/airflow/.local/lib/python3.8/site-packages/airflow/example_dags/example_branch_datetime_operator.py
[2025-12-06T09:40:46.687+0000] {logging_mixin.py:188} INFO - [2025-12-06T09:40:46.687+0000] {dag.py:3036} INFO - Sync 3 DAGs
[2025-12-06T09:40:46.720+0000] {logging_mixin.py:188} INFO - [2025-12-06T09:40:46.719+0000] {dag.py:3823} INFO - Setting next_dagrun for example_branch_datetime_operator to 2025-12-05 00:00:00+00:00, run_after=2025-12-06 00:00:00+00:00
[2025-12-06T09:40:46.726+0000] {logging_mixin.py:188} INFO - [2025-12-06T09:40:46.726+0000] {dag.py:3823} INFO - Setting next_dagrun for example_branch_datetime_operator_2 to 2025-12-05 00:00:00+00:00, run_after=2025-12-06 00:00:00+00:00
[2025-12-06T09:40:46.731+0000] {logging_mixin.py:188} INFO - [2025-12-06T09:40:46.730+0000] {dag.py:3823} INFO - Setting next_dagrun for example_branch_datetime_operator_3 to 2025-12-05 00:00:00+00:00, run_after=2025-12-06 00:00:00+00:00
[2025-12-06T09:40:46.765+0000] {processor.py:183} INFO - Processing /home/airflow/.local/lib/python3.8/site-packages/airflow/example_dags/example_branch_datetime_operator.py took 0.151 seconds
[2025-12-06T09:41:16.855+0000] {processor.py:161} INFO - Started process (PID=5339) to work on /home/airflow/.local/lib/python3.8/site-packages/airflow/example_dags/example_branch_datetime_operator.py
[2025-12-06T09:41:16.856+0000] {processor.py:830} INFO - Processing file /home/airflow/.local/lib/python3.8/site-packages/airflow/example_dags/example_branch_datetime_operator.py for tasks to queue
[2025-12-06T09:41:16.859+0000] {logging_mixin.py:188} INFO - [2025-12-06T09:41:16.858+0000] {dagbag.py:538} INFO - Filling up the DagBag from /home/airflow/.local/lib/python3.8/site-packages/airflow/example_dags/example_branch_datetime_operator.py
[2025-12-06T09:41:16.873+0000] {processor.py:840} INFO - DAG(s) 'example_branch_datetime_operator_2', 'example_branch_datetime_operator', 'example_branch_datetime_operator_3' retrieved from /home/airflow/.local/lib/python3.8/site-packages/airflow/example_dags/example_branch_datetime_operator.py
[2025-12-06T09:41:16.918+0000] {logging_mixin.py:188} INFO - [2025-12-06T09:41:16.918+0000] {dag.py:3036} INFO - Sync 3 DAGs
[2025-12-06T09:41:16.957+0000] {logging_mixin.py:188} INFO - [2025-12-06T09:41:16.957+0000] {dag.py:3823} INFO - Setting next_dagrun for example_branch_datetime_operator to 2025-12-05 00:00:00+00:00, run_after=2025-12-06 00:00:00+00:00
[2025-12-06T09:41:16.963+0000] {logging_mixin.py:188} INFO - [2025-12-06T09:41:16.963+0000] {dag.py:3823} INFO - Setting next_dagrun for example_branch_datetime_operator_2 to 2025-12-05 00:00:00+00:00, run_after=2025-12-06 00:00:00+00:00
[2025-12-06T09:41:16.967+0000] {logging_mixin.py:188} INFO - [2025-12-06T09:41:16.966+0000] {dag.py:3823} INFO - Setting next_dagrun for example_branch_datetime_operator_3 to 2025-12-05 00:00:00+00:00, run_after=2025-12-06 00:00:00+00:00
[2025-12-06T09:41:16.998+0000] {processor.py:183} INFO - Processing /home/airflow/.local/lib/python3.8/site-packages/airflow/example_dags/example_branch_datetime_operator.py took 0.148 seconds
[2025-12-06T09:41:47.669+0000] {processor.py:161} INFO - Started process (PID=5396) to work on /home/airflow/.local/lib/python3.8/site-packages/airflow/example_dags/example_branch_datetime_operator.py
[2025-12-06T09:41:47.671+0000] {processor.py:830} INFO - Processing file /home/airflow/.local/lib/python3.8/site-packages/airflow/example_dags/example_branch_datetime_operator.py for tasks to queue
[2025-12-06T09:41:47.673+0000] {logging_mixin.py:188} INFO - [2025-12-06T09:41:47.673+0000] {dagbag.py:538} INFO - Filling up the DagBag from /home/airflow/.local/lib/python3.8/site-packages/airflow/example_dags/example_branch_datetime_operator.py
[2025-12-06T09:41:47.688+0000] {processor.py:840} INFO - DAG(s) 'example_branch_datetime_operator', 'example_branch_datetime_operator_2', 'example_branch_datetime_operator_3' retrieved from /home/airflow/.local/lib/python3.8/site-packages/airflow/example_dags/example_branch_datetime_operator.py
[2025-12-06T09:41:47.731+0000] {logging_mixin.py:188} INFO - [2025-12-06T09:41:47.731+0000] {dag.py:3036} INFO - Sync 3 DAGs
[2025-12-06T09:41:47.763+0000] {logging_mixin.py:188} INFO - [2025-12-06T09:41:47.763+0000] {dag.py:3823} INFO - Setting next_dagrun for example_branch_datetime_operator to 2025-12-05 00:00:00+00:00, run_after=2025-12-06 00:00:00+00:00
[2025-12-06T09:41:47.771+0000] {logging_mixin.py:188} INFO - [2025-12-06T09:41:47.771+0000] {dag.py:3823} INFO - Setting next_dagrun for example_branch_datetime_operator_2 to 2025-12-05 00:00:00+00:00, run_after=2025-12-06 00:00:00+00:00
[2025-12-06T09:41:47.776+0000] {logging_mixin.py:188} INFO - [2025-12-06T09:41:47.776+0000] {dag.py:3823} INFO - Setting next_dagrun for example_branch_datetime_operator_3 to 2025-12-05 00:00:00+00:00, run_after=2025-12-06 00:00:00+00:00
[2025-12-06T09:41:47.804+0000] {processor.py:183} INFO - Processing /home/airflow/.local/lib/python3.8/site-packages/airflow/example_dags/example_branch_datetime_operator.py took 0.139 seconds
[2025-12-06T09:42:18.029+0000] {processor.py:161} INFO - Started process (PID=5455) to work on /home/airflow/.local/lib/python3.8/site-packages/airflow/example_dags/example_branch_datetime_operator.py
[2025-12-06T09:42:18.031+0000] {processor.py:830} INFO - Processing file /home/airflow/.local/lib/python3.8/site-packages/airflow/example_dags/example_branch_datetime_operator.py for tasks to queue
[2025-12-06T09:42:18.034+0000] {logging_mixin.py:188} INFO - [2025-12-06T09:42:18.033+0000] {dagbag.py:538} INFO - Filling up the DagBag from /home/airflow/.local/lib/python3.8/site-packages/airflow/example_dags/example_branch_datetime_operator.py
[2025-12-06T09:42:18.050+0000] {processor.py:840} INFO - DAG(s) 'example_branch_datetime_operator_3', 'example_branch_datetime_operator_2', 'example_branch_datetime_operator' retrieved from /home/airflow/.local/lib/python3.8/site-packages/airflow/example_dags/example_branch_datetime_operator.py
[2025-12-06T09:42:18.092+0000] {logging_mixin.py:188} INFO - [2025-12-06T09:42:18.092+0000] {dag.py:3036} INFO - Sync 3 DAGs
[2025-12-06T09:42:18.129+0000] {logging_mixin.py:188} INFO - [2025-12-06T09:42:18.129+0000] {dag.py:3823} INFO - Setting next_dagrun for example_branch_datetime_operator to 2025-12-05 00:00:00+00:00, run_after=2025-12-06 00:00:00+00:00
[2025-12-06T09:42:18.137+0000] {logging_mixin.py:188} INFO - [2025-12-06T09:42:18.137+0000] {dag.py:3823} INFO - Setting next_dagrun for example_branch_datetime_operator_2 to 2025-12-05 00:00:00+00:00, run_after=2025-12-06 00:00:00+00:00
[2025-12-06T09:42:18.143+0000] {logging_mixin.py:188} INFO - [2025-12-06T09:42:18.143+0000] {dag.py:3823} INFO - Setting next_dagrun for example_branch_datetime_operator_3 to 2025-12-05 00:00:00+00:00, run_after=2025-12-06 00:00:00+00:00
[2025-12-06T09:42:18.174+0000] {processor.py:183} INFO - Processing /home/airflow/.local/lib/python3.8/site-packages/airflow/example_dags/example_branch_datetime_operator.py took 0.150 seconds
[2025-12-06T09:42:48.360+0000] {processor.py:161} INFO - Started process (PID=5514) to work on /home/airflow/.local/lib/python3.8/site-packages/airflow/example_dags/example_branch_datetime_operator.py
[2025-12-06T09:42:48.361+0000] {processor.py:830} INFO - Processing file /home/airflow/.local/lib/python3.8/site-packages/airflow/example_dags/example_branch_datetime_operator.py for tasks to queue
[2025-12-06T09:42:48.364+0000] {logging_mixin.py:188} INFO - [2025-12-06T09:42:48.364+0000] {dagbag.py:538} INFO - Filling up the DagBag from /home/airflow/.local/lib/python3.8/site-packages/airflow/example_dags/example_branch_datetime_operator.py
[2025-12-06T09:42:48.380+0000] {processor.py:840} INFO - DAG(s) 'example_branch_datetime_operator', 'example_branch_datetime_operator_3', 'example_branch_datetime_operator_2' retrieved from /home/airflow/.local/lib/python3.8/site-packages/airflow/example_dags/example_branch_datetime_operator.py
[2025-12-06T09:42:48.424+0000] {logging_mixin.py:188} INFO - [2025-12-06T09:42:48.424+0000] {dag.py:3036} INFO - Sync 3 DAGs
[2025-12-06T09:42:48.458+0000] {logging_mixin.py:188} INFO - [2025-12-06T09:42:48.458+0000] {dag.py:3823} INFO - Setting next_dagrun for example_branch_datetime_operator to 2025-12-05 00:00:00+00:00, run_after=2025-12-06 00:00:00+00:00
[2025-12-06T09:42:48.466+0000] {logging_mixin.py:188} INFO - [2025-12-06T09:42:48.466+0000] {dag.py:3823} INFO - Setting next_dagrun for example_branch_datetime_operator_2 to 2025-12-05 00:00:00+00:00, run_after=2025-12-06 00:00:00+00:00
[2025-12-06T09:42:48.471+0000] {logging_mixin.py:188} INFO - [2025-12-06T09:42:48.470+0000] {dag.py:3823} INFO - Setting next_dagrun for example_branch_datetime_operator_3 to 2025-12-05 00:00:00+00:00, run_after=2025-12-06 00:00:00+00:00
[2025-12-06T09:42:48.504+0000] {processor.py:183} INFO - Processing /home/airflow/.local/lib/python3.8/site-packages/airflow/example_dags/example_branch_datetime_operator.py took 0.150 seconds
[2025-12-06T09:43:18.580+0000] {processor.py:161} INFO - Started process (PID=5573) to work on /home/airflow/.local/lib/python3.8/site-packages/airflow/example_dags/example_branch_datetime_operator.py
[2025-12-06T09:43:18.582+0000] {processor.py:830} INFO - Processing file /home/airflow/.local/lib/python3.8/site-packages/airflow/example_dags/example_branch_datetime_operator.py for tasks to queue
[2025-12-06T09:43:18.585+0000] {logging_mixin.py:188} INFO - [2025-12-06T09:43:18.584+0000] {dagbag.py:538} INFO - Filling up the DagBag from /home/airflow/.local/lib/python3.8/site-packages/airflow/example_dags/example_branch_datetime_operator.py
[2025-12-06T09:43:18.599+0000] {processor.py:840} INFO - DAG(s) 'example_branch_datetime_operator_3', 'example_branch_datetime_operator_2', 'example_branch_datetime_operator' retrieved from /home/airflow/.local/lib/python3.8/site-packages/airflow/example_dags/example_branch_datetime_operator.py
[2025-12-06T09:43:18.648+0000] {logging_mixin.py:188} INFO - [2025-12-06T09:43:18.648+0000] {dag.py:3036} INFO - Sync 3 DAGs
[2025-12-06T09:43:18.683+0000] {logging_mixin.py:188} INFO - [2025-12-06T09:43:18.683+0000] {dag.py:3823} INFO - Setting next_dagrun for example_branch_datetime_operator to 2025-12-05 00:00:00+00:00, run_after=2025-12-06 00:00:00+00:00
[2025-12-06T09:43:18.691+0000] {logging_mixin.py:188} INFO - [2025-12-06T09:43:18.691+0000] {dag.py:3823} INFO - Setting next_dagrun for example_branch_datetime_operator_2 to 2025-12-05 00:00:00+00:00, run_after=2025-12-06 00:00:00+00:00
[2025-12-06T09:43:18.695+0000] {logging_mixin.py:188} INFO - [2025-12-06T09:43:18.695+0000] {dag.py:3823} INFO - Setting next_dagrun for example_branch_datetime_operator_3 to 2025-12-05 00:00:00+00:00, run_after=2025-12-06 00:00:00+00:00
[2025-12-06T09:43:18.729+0000] {processor.py:183} INFO - Processing /home/airflow/.local/lib/python3.8/site-packages/airflow/example_dags/example_branch_datetime_operator.py took 0.152 seconds
[2025-12-06T09:43:49.758+0000] {processor.py:161} INFO - Started process (PID=5632) to work on /home/airflow/.local/lib/python3.8/site-packages/airflow/example_dags/example_branch_datetime_operator.py
[2025-12-06T09:43:49.760+0000] {processor.py:830} INFO - Processing file /home/airflow/.local/lib/python3.8/site-packages/airflow/example_dags/example_branch_datetime_operator.py for tasks to queue
[2025-12-06T09:43:49.764+0000] {logging_mixin.py:188} INFO - [2025-12-06T09:43:49.763+0000] {dagbag.py:538} INFO - Filling up the DagBag from /home/airflow/.local/lib/python3.8/site-packages/airflow/example_dags/example_branch_datetime_operator.py
[2025-12-06T09:43:49.780+0000] {processor.py:840} INFO - DAG(s) 'example_branch_datetime_operator', 'example_branch_datetime_operator_3', 'example_branch_datetime_operator_2' retrieved from /home/airflow/.local/lib/python3.8/site-packages/airflow/example_dags/example_branch_datetime_operator.py
[2025-12-06T09:43:49.822+0000] {logging_mixin.py:188} INFO - [2025-12-06T09:43:49.822+0000] {dag.py:3036} INFO - Sync 3 DAGs
[2025-12-06T09:43:49.860+0000] {logging_mixin.py:188} INFO - [2025-12-06T09:43:49.860+0000] {dag.py:3823} INFO - Setting next_dagrun for example_branch_datetime_operator to 2025-12-05 00:00:00+00:00, run_after=2025-12-06 00:00:00+00:00
[2025-12-06T09:43:49.870+0000] {logging_mixin.py:188} INFO - [2025-12-06T09:43:49.870+0000] {dag.py:3823} INFO - Setting next_dagrun for example_branch_datetime_operator_2 to 2025-12-05 00:00:00+00:00, run_after=2025-12-06 00:00:00+00:00
[2025-12-06T09:43:49.875+0000] {logging_mixin.py:188} INFO - [2025-12-06T09:43:49.875+0000] {dag.py:3823} INFO - Setting next_dagrun for example_branch_datetime_operator_3 to 2025-12-05 00:00:00+00:00, run_after=2025-12-06 00:00:00+00:00
[2025-12-06T09:43:49.906+0000] {processor.py:183} INFO - Processing /home/airflow/.local/lib/python3.8/site-packages/airflow/example_dags/example_branch_datetime_operator.py took 0.153 seconds
[2025-12-06T09:44:20.147+0000] {processor.py:161} INFO - Started process (PID=5691) to work on /home/airflow/.local/lib/python3.8/site-packages/airflow/example_dags/example_branch_datetime_operator.py
[2025-12-06T09:44:20.149+0000] {processor.py:830} INFO - Processing file /home/airflow/.local/lib/python3.8/site-packages/airflow/example_dags/example_branch_datetime_operator.py for tasks to queue
[2025-12-06T09:44:20.152+0000] {logging_mixin.py:188} INFO - [2025-12-06T09:44:20.151+0000] {dagbag.py:538} INFO - Filling up the DagBag from /home/airflow/.local/lib/python3.8/site-packages/airflow/example_dags/example_branch_datetime_operator.py
[2025-12-06T09:44:20.170+0000] {processor.py:840} INFO - DAG(s) 'example_branch_datetime_operator', 'example_branch_datetime_operator_2', 'example_branch_datetime_operator_3' retrieved from /home/airflow/.local/lib/python3.8/site-packages/airflow/example_dags/example_branch_datetime_operator.py
[2025-12-06T09:44:20.214+0000] {logging_mixin.py:188} INFO - [2025-12-06T09:44:20.214+0000] {dag.py:3036} INFO - Sync 3 DAGs
[2025-12-06T09:44:20.251+0000] {logging_mixin.py:188} INFO - [2025-12-06T09:44:20.251+0000] {dag.py:3823} INFO - Setting next_dagrun for example_branch_datetime_operator to 2025-12-05 00:00:00+00:00, run_after=2025-12-06 00:00:00+00:00
[2025-12-06T09:44:20.260+0000] {logging_mixin.py:188} INFO - [2025-12-06T09:44:20.260+0000] {dag.py:3823} INFO - Setting next_dagrun for example_branch_datetime_operator_2 to 2025-12-05 00:00:00+00:00, run_after=2025-12-06 00:00:00+00:00
[2025-12-06T09:44:20.264+0000] {logging_mixin.py:188} INFO - [2025-12-06T09:44:20.264+0000] {dag.py:3823} INFO - Setting next_dagrun for example_branch_datetime_operator_3 to 2025-12-05 00:00:00+00:00, run_after=2025-12-06 00:00:00+00:00
[2025-12-06T09:44:20.294+0000] {processor.py:183} INFO - Processing /home/airflow/.local/lib/python3.8/site-packages/airflow/example_dags/example_branch_datetime_operator.py took 0.151 seconds
[2025-12-06T09:44:50.408+0000] {processor.py:161} INFO - Started process (PID=5750) to work on /home/airflow/.local/lib/python3.8/site-packages/airflow/example_dags/example_branch_datetime_operator.py
[2025-12-06T09:44:50.411+0000] {processor.py:830} INFO - Processing file /home/airflow/.local/lib/python3.8/site-packages/airflow/example_dags/example_branch_datetime_operator.py for tasks to queue
[2025-12-06T09:44:50.413+0000] {logging_mixin.py:188} INFO - [2025-12-06T09:44:50.413+0000] {dagbag.py:538} INFO - Filling up the DagBag from /home/airflow/.local/lib/python3.8/site-packages/airflow/example_dags/example_branch_datetime_operator.py
[2025-12-06T09:44:50.428+0000] {processor.py:840} INFO - DAG(s) 'example_branch_datetime_operator_3', 'example_branch_datetime_operator', 'example_branch_datetime_operator_2' retrieved from /home/airflow/.local/lib/python3.8/site-packages/airflow/example_dags/example_branch_datetime_operator.py
[2025-12-06T09:44:50.468+0000] {logging_mixin.py:188} INFO - [2025-12-06T09:44:50.467+0000] {dag.py:3036} INFO - Sync 3 DAGs
[2025-12-06T09:44:50.500+0000] {logging_mixin.py:188} INFO - [2025-12-06T09:44:50.500+0000] {dag.py:3823} INFO - Setting next_dagrun for example_branch_datetime_operator to 2025-12-05 00:00:00+00:00, run_after=2025-12-06 00:00:00+00:00
[2025-12-06T09:44:50.508+0000] {logging_mixin.py:188} INFO - [2025-12-06T09:44:50.508+0000] {dag.py:3823} INFO - Setting next_dagrun for example_branch_datetime_operator_2 to 2025-12-05 00:00:00+00:00, run_after=2025-12-06 00:00:00+00:00
[2025-12-06T09:44:50.513+0000] {logging_mixin.py:188} INFO - [2025-12-06T09:44:50.512+0000] {dag.py:3823} INFO - Setting next_dagrun for example_branch_datetime_operator_3 to 2025-12-05 00:00:00+00:00, run_after=2025-12-06 00:00:00+00:00
[2025-12-06T09:44:50.540+0000] {processor.py:183} INFO - Processing /home/airflow/.local/lib/python3.8/site-packages/airflow/example_dags/example_branch_datetime_operator.py took 0.137 seconds
[2025-12-06T09:45:20.803+0000] {processor.py:161} INFO - Started process (PID=5809) to work on /home/airflow/.local/lib/python3.8/site-packages/airflow/example_dags/example_branch_datetime_operator.py
[2025-12-06T09:45:20.805+0000] {processor.py:830} INFO - Processing file /home/airflow/.local/lib/python3.8/site-packages/airflow/example_dags/example_branch_datetime_operator.py for tasks to queue
[2025-12-06T09:45:20.808+0000] {logging_mixin.py:188} INFO - [2025-12-06T09:45:20.808+0000] {dagbag.py:538} INFO - Filling up the DagBag from /home/airflow/.local/lib/python3.8/site-packages/airflow/example_dags/example_branch_datetime_operator.py
[2025-12-06T09:45:20.826+0000] {processor.py:840} INFO - DAG(s) 'example_branch_datetime_operator_3', 'example_branch_datetime_operator_2', 'example_branch_datetime_operator' retrieved from /home/airflow/.local/lib/python3.8/site-packages/airflow/example_dags/example_branch_datetime_operator.py
[2025-12-06T09:45:20.871+0000] {logging_mixin.py:188} INFO - [2025-12-06T09:45:20.871+0000] {dag.py:3036} INFO - Sync 3 DAGs
[2025-12-06T09:45:20.908+0000] {logging_mixin.py:188} INFO - [2025-12-06T09:45:20.907+0000] {dag.py:3823} INFO - Setting next_dagrun for example_branch_datetime_operator to 2025-12-05 00:00:00+00:00, run_after=2025-12-06 00:00:00+00:00
[2025-12-06T09:45:20.915+0000] {logging_mixin.py:188} INFO - [2025-12-06T09:45:20.914+0000] {dag.py:3823} INFO - Setting next_dagrun for example_branch_datetime_operator_2 to 2025-12-05 00:00:00+00:00, run_after=2025-12-06 00:00:00+00:00
[2025-12-06T09:45:20.920+0000] {logging_mixin.py:188} INFO - [2025-12-06T09:45:20.919+0000] {dag.py:3823} INFO - Setting next_dagrun for example_branch_datetime_operator_3 to 2025-12-05 00:00:00+00:00, run_after=2025-12-06 00:00:00+00:00
[2025-12-06T09:45:20.952+0000] {processor.py:183} INFO - Processing /home/airflow/.local/lib/python3.8/site-packages/airflow/example_dags/example_branch_datetime_operator.py took 0.153 seconds
[2025-12-06T09:45:50.999+0000] {processor.py:161} INFO - Started process (PID=5868) to work on /home/airflow/.local/lib/python3.8/site-packages/airflow/example_dags/example_branch_datetime_operator.py
[2025-12-06T09:45:51.001+0000] {processor.py:830} INFO - Processing file /home/airflow/.local/lib/python3.8/site-packages/airflow/example_dags/example_branch_datetime_operator.py for tasks to queue
[2025-12-06T09:45:51.004+0000] {logging_mixin.py:188} INFO - [2025-12-06T09:45:51.004+0000] {dagbag.py:538} INFO - Filling up the DagBag from /home/airflow/.local/lib/python3.8/site-packages/airflow/example_dags/example_branch_datetime_operator.py
[2025-12-06T09:45:51.021+0000] {processor.py:840} INFO - DAG(s) 'example_branch_datetime_operator_3', 'example_branch_datetime_operator_2', 'example_branch_datetime_operator' retrieved from /home/airflow/.local/lib/python3.8/site-packages/airflow/example_dags/example_branch_datetime_operator.py
[2025-12-06T09:45:51.067+0000] {logging_mixin.py:188} INFO - [2025-12-06T09:45:51.066+0000] {dag.py:3036} INFO - Sync 3 DAGs
[2025-12-06T09:45:51.105+0000] {logging_mixin.py:188} INFO - [2025-12-06T09:45:51.105+0000] {dag.py:3823} INFO - Setting next_dagrun for example_branch_datetime_operator to 2025-12-05 00:00:00+00:00, run_after=2025-12-06 00:00:00+00:00
[2025-12-06T09:45:51.113+0000] {logging_mixin.py:188} INFO - [2025-12-06T09:45:51.113+0000] {dag.py:3823} INFO - Setting next_dagrun for example_branch_datetime_operator_2 to 2025-12-05 00:00:00+00:00, run_after=2025-12-06 00:00:00+00:00
[2025-12-06T09:45:51.118+0000] {logging_mixin.py:188} INFO - [2025-12-06T09:45:51.118+0000] {dag.py:3823} INFO - Setting next_dagrun for example_branch_datetime_operator_3 to 2025-12-05 00:00:00+00:00, run_after=2025-12-06 00:00:00+00:00
[2025-12-06T09:45:51.151+0000] {processor.py:183} INFO - Processing /home/airflow/.local/lib/python3.8/site-packages/airflow/example_dags/example_branch_datetime_operator.py took 0.157 seconds
[2025-12-06T09:46:21.995+0000] {processor.py:161} INFO - Started process (PID=5927) to work on /home/airflow/.local/lib/python3.8/site-packages/airflow/example_dags/example_branch_datetime_operator.py
[2025-12-06T09:46:21.998+0000] {processor.py:830} INFO - Processing file /home/airflow/.local/lib/python3.8/site-packages/airflow/example_dags/example_branch_datetime_operator.py for tasks to queue
[2025-12-06T09:46:22.001+0000] {logging_mixin.py:188} INFO - [2025-12-06T09:46:22.000+0000] {dagbag.py:538} INFO - Filling up the DagBag from /home/airflow/.local/lib/python3.8/site-packages/airflow/example_dags/example_branch_datetime_operator.py
[2025-12-06T09:46:22.017+0000] {processor.py:840} INFO - DAG(s) 'example_branch_datetime_operator_3', 'example_branch_datetime_operator', 'example_branch_datetime_operator_2' retrieved from /home/airflow/.local/lib/python3.8/site-packages/airflow/example_dags/example_branch_datetime_operator.py
[2025-12-06T09:46:22.061+0000] {logging_mixin.py:188} INFO - [2025-12-06T09:46:22.061+0000] {dag.py:3036} INFO - Sync 3 DAGs
[2025-12-06T09:46:22.098+0000] {logging_mixin.py:188} INFO - [2025-12-06T09:46:22.097+0000] {dag.py:3823} INFO - Setting next_dagrun for example_branch_datetime_operator to 2025-12-05 00:00:00+00:00, run_after=2025-12-06 00:00:00+00:00
[2025-12-06T09:46:22.106+0000] {logging_mixin.py:188} INFO - [2025-12-06T09:46:22.106+0000] {dag.py:3823} INFO - Setting next_dagrun for example_branch_datetime_operator_2 to 2025-12-05 00:00:00+00:00, run_after=2025-12-06 00:00:00+00:00
[2025-12-06T09:46:22.110+0000] {logging_mixin.py:188} INFO - [2025-12-06T09:46:22.110+0000] {dag.py:3823} INFO - Setting next_dagrun for example_branch_datetime_operator_3 to 2025-12-05 00:00:00+00:00, run_after=2025-12-06 00:00:00+00:00
[2025-12-06T09:46:22.143+0000] {processor.py:183} INFO - Processing /home/airflow/.local/lib/python3.8/site-packages/airflow/example_dags/example_branch_datetime_operator.py took 0.152 seconds
[2025-12-06T09:46:52.230+0000] {processor.py:161} INFO - Started process (PID=5986) to work on /home/airflow/.local/lib/python3.8/site-packages/airflow/example_dags/example_branch_datetime_operator.py
[2025-12-06T09:46:52.232+0000] {processor.py:830} INFO - Processing file /home/airflow/.local/lib/python3.8/site-packages/airflow/example_dags/example_branch_datetime_operator.py for tasks to queue
[2025-12-06T09:46:52.235+0000] {logging_mixin.py:188} INFO - [2025-12-06T09:46:52.234+0000] {dagbag.py:538} INFO - Filling up the DagBag from /home/airflow/.local/lib/python3.8/site-packages/airflow/example_dags/example_branch_datetime_operator.py
[2025-12-06T09:46:52.251+0000] {processor.py:840} INFO - DAG(s) 'example_branch_datetime_operator_2', 'example_branch_datetime_operator_3', 'example_branch_datetime_operator' retrieved from /home/airflow/.local/lib/python3.8/site-packages/airflow/example_dags/example_branch_datetime_operator.py
[2025-12-06T09:46:52.295+0000] {logging_mixin.py:188} INFO - [2025-12-06T09:46:52.295+0000] {dag.py:3036} INFO - Sync 3 DAGs
[2025-12-06T09:46:52.335+0000] {logging_mixin.py:188} INFO - [2025-12-06T09:46:52.335+0000] {dag.py:3823} INFO - Setting next_dagrun for example_branch_datetime_operator to 2025-12-05 00:00:00+00:00, run_after=2025-12-06 00:00:00+00:00
[2025-12-06T09:46:52.343+0000] {logging_mixin.py:188} INFO - [2025-12-06T09:46:52.343+0000] {dag.py:3823} INFO - Setting next_dagrun for example_branch_datetime_operator_2 to 2025-12-05 00:00:00+00:00, run_after=2025-12-06 00:00:00+00:00
[2025-12-06T09:46:52.348+0000] {logging_mixin.py:188} INFO - [2025-12-06T09:46:52.348+0000] {dag.py:3823} INFO - Setting next_dagrun for example_branch_datetime_operator_3 to 2025-12-05 00:00:00+00:00, run_after=2025-12-06 00:00:00+00:00
[2025-12-06T09:46:52.379+0000] {processor.py:183} INFO - Processing /home/airflow/.local/lib/python3.8/site-packages/airflow/example_dags/example_branch_datetime_operator.py took 0.156 seconds
[2025-12-06T09:47:22.864+0000] {processor.py:161} INFO - Started process (PID=6045) to work on /home/airflow/.local/lib/python3.8/site-packages/airflow/example_dags/example_branch_datetime_operator.py
[2025-12-06T09:47:22.866+0000] {processor.py:830} INFO - Processing file /home/airflow/.local/lib/python3.8/site-packages/airflow/example_dags/example_branch_datetime_operator.py for tasks to queue
[2025-12-06T09:47:22.868+0000] {logging_mixin.py:188} INFO - [2025-12-06T09:47:22.868+0000] {dagbag.py:538} INFO - Filling up the DagBag from /home/airflow/.local/lib/python3.8/site-packages/airflow/example_dags/example_branch_datetime_operator.py
[2025-12-06T09:47:22.884+0000] {processor.py:840} INFO - DAG(s) 'example_branch_datetime_operator_3', 'example_branch_datetime_operator', 'example_branch_datetime_operator_2' retrieved from /home/airflow/.local/lib/python3.8/site-packages/airflow/example_dags/example_branch_datetime_operator.py
[2025-12-06T09:47:22.931+0000] {logging_mixin.py:188} INFO - [2025-12-06T09:47:22.931+0000] {dag.py:3036} INFO - Sync 3 DAGs
[2025-12-06T09:47:22.967+0000] {logging_mixin.py:188} INFO - [2025-12-06T09:47:22.966+0000] {dag.py:3823} INFO - Setting next_dagrun for example_branch_datetime_operator to 2025-12-05 00:00:00+00:00, run_after=2025-12-06 00:00:00+00:00
[2025-12-06T09:47:22.974+0000] {logging_mixin.py:188} INFO - [2025-12-06T09:47:22.974+0000] {dag.py:3823} INFO - Setting next_dagrun for example_branch_datetime_operator_2 to 2025-12-05 00:00:00+00:00, run_after=2025-12-06 00:00:00+00:00
[2025-12-06T09:47:22.979+0000] {logging_mixin.py:188} INFO - [2025-12-06T09:47:22.978+0000] {dag.py:3823} INFO - Setting next_dagrun for example_branch_datetime_operator_3 to 2025-12-05 00:00:00+00:00, run_after=2025-12-06 00:00:00+00:00
[2025-12-06T09:47:23.008+0000] {processor.py:183} INFO - Processing /home/airflow/.local/lib/python3.8/site-packages/airflow/example_dags/example_branch_datetime_operator.py took 0.149 seconds
[2025-12-06T09:47:53.459+0000] {processor.py:161} INFO - Started process (PID=6104) to work on /home/airflow/.local/lib/python3.8/site-packages/airflow/example_dags/example_branch_datetime_operator.py
[2025-12-06T09:47:53.460+0000] {processor.py:830} INFO - Processing file /home/airflow/.local/lib/python3.8/site-packages/airflow/example_dags/example_branch_datetime_operator.py for tasks to queue
[2025-12-06T09:47:53.463+0000] {logging_mixin.py:188} INFO - [2025-12-06T09:47:53.462+0000] {dagbag.py:538} INFO - Filling up the DagBag from /home/airflow/.local/lib/python3.8/site-packages/airflow/example_dags/example_branch_datetime_operator.py
[2025-12-06T09:47:53.476+0000] {processor.py:840} INFO - DAG(s) 'example_branch_datetime_operator', 'example_branch_datetime_operator_3', 'example_branch_datetime_operator_2' retrieved from /home/airflow/.local/lib/python3.8/site-packages/airflow/example_dags/example_branch_datetime_operator.py
[2025-12-06T09:47:53.517+0000] {logging_mixin.py:188} INFO - [2025-12-06T09:47:53.517+0000] {dag.py:3036} INFO - Sync 3 DAGs
[2025-12-06T09:47:53.548+0000] {logging_mixin.py:188} INFO - [2025-12-06T09:47:53.548+0000] {dag.py:3823} INFO - Setting next_dagrun for example_branch_datetime_operator to 2025-12-05 00:00:00+00:00, run_after=2025-12-06 00:00:00+00:00
[2025-12-06T09:47:53.556+0000] {logging_mixin.py:188} INFO - [2025-12-06T09:47:53.556+0000] {dag.py:3823} INFO - Setting next_dagrun for example_branch_datetime_operator_2 to 2025-12-05 00:00:00+00:00, run_after=2025-12-06 00:00:00+00:00
[2025-12-06T09:47:53.561+0000] {logging_mixin.py:188} INFO - [2025-12-06T09:47:53.560+0000] {dag.py:3823} INFO - Setting next_dagrun for example_branch_datetime_operator_3 to 2025-12-05 00:00:00+00:00, run_after=2025-12-06 00:00:00+00:00
[2025-12-06T09:47:53.587+0000] {processor.py:183} INFO - Processing /home/airflow/.local/lib/python3.8/site-packages/airflow/example_dags/example_branch_datetime_operator.py took 0.133 seconds
[2025-12-06T09:48:24.171+0000] {processor.py:161} INFO - Started process (PID=6163) to work on /home/airflow/.local/lib/python3.8/site-packages/airflow/example_dags/example_branch_datetime_operator.py
[2025-12-06T09:48:24.172+0000] {processor.py:830} INFO - Processing file /home/airflow/.local/lib/python3.8/site-packages/airflow/example_dags/example_branch_datetime_operator.py for tasks to queue
[2025-12-06T09:48:24.175+0000] {logging_mixin.py:188} INFO - [2025-12-06T09:48:24.175+0000] {dagbag.py:538} INFO - Filling up the DagBag from /home/airflow/.local/lib/python3.8/site-packages/airflow/example_dags/example_branch_datetime_operator.py
[2025-12-06T09:48:24.192+0000] {processor.py:840} INFO - DAG(s) 'example_branch_datetime_operator', 'example_branch_datetime_operator_3', 'example_branch_datetime_operator_2' retrieved from /home/airflow/.local/lib/python3.8/site-packages/airflow/example_dags/example_branch_datetime_operator.py
[2025-12-06T09:48:24.239+0000] {logging_mixin.py:188} INFO - [2025-12-06T09:48:24.239+0000] {dag.py:3036} INFO - Sync 3 DAGs
[2025-12-06T09:48:24.275+0000] {logging_mixin.py:188} INFO - [2025-12-06T09:48:24.275+0000] {dag.py:3823} INFO - Setting next_dagrun for example_branch_datetime_operator to 2025-12-05 00:00:00+00:00, run_after=2025-12-06 00:00:00+00:00
[2025-12-06T09:48:24.285+0000] {logging_mixin.py:188} INFO - [2025-12-06T09:48:24.284+0000] {dag.py:3823} INFO - Setting next_dagrun for example_branch_datetime_operator_2 to 2025-12-05 00:00:00+00:00, run_after=2025-12-06 00:00:00+00:00
[2025-12-06T09:48:24.291+0000] {logging_mixin.py:188} INFO - [2025-12-06T09:48:24.290+0000] {dag.py:3823} INFO - Setting next_dagrun for example_branch_datetime_operator_3 to 2025-12-05 00:00:00+00:00, run_after=2025-12-06 00:00:00+00:00
[2025-12-06T09:48:24.341+0000] {processor.py:183} INFO - Processing /home/airflow/.local/lib/python3.8/site-packages/airflow/example_dags/example_branch_datetime_operator.py took 0.175 seconds
[2025-12-06T09:48:54.944+0000] {processor.py:161} INFO - Started process (PID=6222) to work on /home/airflow/.local/lib/python3.8/site-packages/airflow/example_dags/example_branch_datetime_operator.py
[2025-12-06T09:48:54.947+0000] {processor.py:830} INFO - Processing file /home/airflow/.local/lib/python3.8/site-packages/airflow/example_dags/example_branch_datetime_operator.py for tasks to queue
[2025-12-06T09:48:54.950+0000] {logging_mixin.py:188} INFO - [2025-12-06T09:48:54.949+0000] {dagbag.py:538} INFO - Filling up the DagBag from /home/airflow/.local/lib/python3.8/site-packages/airflow/example_dags/example_branch_datetime_operator.py
[2025-12-06T09:48:54.966+0000] {processor.py:840} INFO - DAG(s) 'example_branch_datetime_operator_2', 'example_branch_datetime_operator_3', 'example_branch_datetime_operator' retrieved from /home/airflow/.local/lib/python3.8/site-packages/airflow/example_dags/example_branch_datetime_operator.py
[2025-12-06T09:48:55.009+0000] {logging_mixin.py:188} INFO - [2025-12-06T09:48:55.008+0000] {dag.py:3036} INFO - Sync 3 DAGs
[2025-12-06T09:48:55.046+0000] {logging_mixin.py:188} INFO - [2025-12-06T09:48:55.046+0000] {dag.py:3823} INFO - Setting next_dagrun for example_branch_datetime_operator to 2025-12-05 00:00:00+00:00, run_after=2025-12-06 00:00:00+00:00
[2025-12-06T09:48:55.054+0000] {logging_mixin.py:188} INFO - [2025-12-06T09:48:55.054+0000] {dag.py:3823} INFO - Setting next_dagrun for example_branch_datetime_operator_2 to 2025-12-05 00:00:00+00:00, run_after=2025-12-06 00:00:00+00:00
[2025-12-06T09:48:55.062+0000] {logging_mixin.py:188} INFO - [2025-12-06T09:48:55.062+0000] {dag.py:3823} INFO - Setting next_dagrun for example_branch_datetime_operator_3 to 2025-12-05 00:00:00+00:00, run_after=2025-12-06 00:00:00+00:00
[2025-12-06T09:48:55.094+0000] {processor.py:183} INFO - Processing /home/airflow/.local/lib/python3.8/site-packages/airflow/example_dags/example_branch_datetime_operator.py took 0.154 seconds
[2025-12-06T09:49:25.617+0000] {processor.py:161} INFO - Started process (PID=6281) to work on /home/airflow/.local/lib/python3.8/site-packages/airflow/example_dags/example_branch_datetime_operator.py
[2025-12-06T09:49:25.619+0000] {processor.py:830} INFO - Processing file /home/airflow/.local/lib/python3.8/site-packages/airflow/example_dags/example_branch_datetime_operator.py for tasks to queue
[2025-12-06T09:49:25.622+0000] {logging_mixin.py:188} INFO - [2025-12-06T09:49:25.622+0000] {dagbag.py:538} INFO - Filling up the DagBag from /home/airflow/.local/lib/python3.8/site-packages/airflow/example_dags/example_branch_datetime_operator.py
[2025-12-06T09:49:25.639+0000] {processor.py:840} INFO - DAG(s) 'example_branch_datetime_operator_3', 'example_branch_datetime_operator', 'example_branch_datetime_operator_2' retrieved from /home/airflow/.local/lib/python3.8/site-packages/airflow/example_dags/example_branch_datetime_operator.py
[2025-12-06T09:49:25.683+0000] {logging_mixin.py:188} INFO - [2025-12-06T09:49:25.683+0000] {dag.py:3036} INFO - Sync 3 DAGs
[2025-12-06T09:49:25.722+0000] {logging_mixin.py:188} INFO - [2025-12-06T09:49:25.722+0000] {dag.py:3823} INFO - Setting next_dagrun for example_branch_datetime_operator to 2025-12-05 00:00:00+00:00, run_after=2025-12-06 00:00:00+00:00
[2025-12-06T09:49:25.730+0000] {logging_mixin.py:188} INFO - [2025-12-06T09:49:25.729+0000] {dag.py:3823} INFO - Setting next_dagrun for example_branch_datetime_operator_2 to 2025-12-05 00:00:00+00:00, run_after=2025-12-06 00:00:00+00:00
[2025-12-06T09:49:25.735+0000] {logging_mixin.py:188} INFO - [2025-12-06T09:49:25.734+0000] {dag.py:3823} INFO - Setting next_dagrun for example_branch_datetime_operator_3 to 2025-12-05 00:00:00+00:00, run_after=2025-12-06 00:00:00+00:00
[2025-12-06T09:49:25.767+0000] {processor.py:183} INFO - Processing /home/airflow/.local/lib/python3.8/site-packages/airflow/example_dags/example_branch_datetime_operator.py took 0.155 seconds
[2025-12-06T09:49:56.237+0000] {processor.py:161} INFO - Started process (PID=6340) to work on /home/airflow/.local/lib/python3.8/site-packages/airflow/example_dags/example_branch_datetime_operator.py
[2025-12-06T09:49:56.238+0000] {processor.py:830} INFO - Processing file /home/airflow/.local/lib/python3.8/site-packages/airflow/example_dags/example_branch_datetime_operator.py for tasks to queue
[2025-12-06T09:49:56.241+0000] {logging_mixin.py:188} INFO - [2025-12-06T09:49:56.241+0000] {dagbag.py:538} INFO - Filling up the DagBag from /home/airflow/.local/lib/python3.8/site-packages/airflow/example_dags/example_branch_datetime_operator.py
[2025-12-06T09:49:56.258+0000] {processor.py:840} INFO - DAG(s) 'example_branch_datetime_operator', 'example_branch_datetime_operator_2', 'example_branch_datetime_operator_3' retrieved from /home/airflow/.local/lib/python3.8/site-packages/airflow/example_dags/example_branch_datetime_operator.py
[2025-12-06T09:49:56.309+0000] {logging_mixin.py:188} INFO - [2025-12-06T09:49:56.309+0000] {dag.py:3036} INFO - Sync 3 DAGs
[2025-12-06T09:49:56.346+0000] {logging_mixin.py:188} INFO - [2025-12-06T09:49:56.345+0000] {dag.py:3823} INFO - Setting next_dagrun for example_branch_datetime_operator to 2025-12-05 00:00:00+00:00, run_after=2025-12-06 00:00:00+00:00
[2025-12-06T09:49:56.354+0000] {logging_mixin.py:188} INFO - [2025-12-06T09:49:56.354+0000] {dag.py:3823} INFO - Setting next_dagrun for example_branch_datetime_operator_2 to 2025-12-05 00:00:00+00:00, run_after=2025-12-06 00:00:00+00:00
[2025-12-06T09:49:56.358+0000] {logging_mixin.py:188} INFO - [2025-12-06T09:49:56.358+0000] {dag.py:3823} INFO - Setting next_dagrun for example_branch_datetime_operator_3 to 2025-12-05 00:00:00+00:00, run_after=2025-12-06 00:00:00+00:00
[2025-12-06T09:49:56.390+0000] {processor.py:183} INFO - Processing /home/airflow/.local/lib/python3.8/site-packages/airflow/example_dags/example_branch_datetime_operator.py took 0.157 seconds
