[2025-12-06T05:45:40.536+0000] {processor.py:161} INFO - Started process (PID=89) to work on /home/airflow/.local/lib/python3.8/site-packages/airflow/example_dags/example_branch_labels.py
[2025-12-06T05:45:40.538+0000] {processor.py:830} INFO - Processing file /home/airflow/.local/lib/python3.8/site-packages/airflow/example_dags/example_branch_labels.py for tasks to queue
[2025-12-06T05:45:40.542+0000] {logging_mixin.py:188} INFO - [2025-12-06T05:45:40.542+0000] {dagbag.py:538} INFO - Filling up the DagBag from /home/airflow/.local/lib/python3.8/site-packages/airflow/example_dags/example_branch_labels.py
[2025-12-06T05:45:40.554+0000] {processor.py:840} INFO - DAG(s) 'example_branch_labels' retrieved from /home/airflow/.local/lib/python3.8/site-packages/airflow/example_dags/example_branch_labels.py
[2025-12-06T05:45:40.709+0000] {logging_mixin.py:188} INFO - [2025-12-06T05:45:40.709+0000] {dag.py:3036} INFO - Sync 1 DAGs
[2025-12-06T05:45:40.748+0000] {logging_mixin.py:188} INFO - [2025-12-06T05:45:40.748+0000] {dag.py:3823} INFO - Setting next_dagrun for example_branch_labels to 2025-12-05 00:00:00+00:00, run_after=2025-12-06 00:00:00+00:00
[2025-12-06T05:45:40.789+0000] {processor.py:183} INFO - Processing /home/airflow/.local/lib/python3.8/site-packages/airflow/example_dags/example_branch_labels.py took 0.257 seconds
[2025-12-06T05:46:11.787+0000] {processor.py:161} INFO - Started process (PID=144) to work on /home/airflow/.local/lib/python3.8/site-packages/airflow/example_dags/example_branch_labels.py
[2025-12-06T05:46:11.789+0000] {processor.py:830} INFO - Processing file /home/airflow/.local/lib/python3.8/site-packages/airflow/example_dags/example_branch_labels.py for tasks to queue
[2025-12-06T05:46:11.792+0000] {logging_mixin.py:188} INFO - [2025-12-06T05:46:11.792+0000] {dagbag.py:538} INFO - Filling up the DagBag from /home/airflow/.local/lib/python3.8/site-packages/airflow/example_dags/example_branch_labels.py
[2025-12-06T05:46:11.805+0000] {processor.py:840} INFO - DAG(s) 'example_branch_labels' retrieved from /home/airflow/.local/lib/python3.8/site-packages/airflow/example_dags/example_branch_labels.py
[2025-12-06T05:46:11.842+0000] {logging_mixin.py:188} INFO - [2025-12-06T05:46:11.842+0000] {dag.py:3036} INFO - Sync 1 DAGs
[2025-12-06T05:46:11.883+0000] {logging_mixin.py:188} INFO - [2025-12-06T05:46:11.883+0000] {dag.py:3823} INFO - Setting next_dagrun for example_branch_labels to 2025-12-05 00:00:00+00:00, run_after=2025-12-06 00:00:00+00:00
[2025-12-06T05:46:11.917+0000] {processor.py:183} INFO - Processing /home/airflow/.local/lib/python3.8/site-packages/airflow/example_dags/example_branch_labels.py took 0.136 seconds
[2025-12-06T05:46:42.755+0000] {processor.py:161} INFO - Started process (PID=199) to work on /home/airflow/.local/lib/python3.8/site-packages/airflow/example_dags/example_branch_labels.py
[2025-12-06T05:46:42.756+0000] {processor.py:830} INFO - Processing file /home/airflow/.local/lib/python3.8/site-packages/airflow/example_dags/example_branch_labels.py for tasks to queue
[2025-12-06T05:46:42.760+0000] {logging_mixin.py:188} INFO - [2025-12-06T05:46:42.759+0000] {dagbag.py:538} INFO - Filling up the DagBag from /home/airflow/.local/lib/python3.8/site-packages/airflow/example_dags/example_branch_labels.py
[2025-12-06T05:46:42.770+0000] {processor.py:840} INFO - DAG(s) 'example_branch_labels' retrieved from /home/airflow/.local/lib/python3.8/site-packages/airflow/example_dags/example_branch_labels.py
[2025-12-06T05:46:42.805+0000] {logging_mixin.py:188} INFO - [2025-12-06T05:46:42.805+0000] {dag.py:3036} INFO - Sync 1 DAGs
[2025-12-06T05:46:42.839+0000] {logging_mixin.py:188} INFO - [2025-12-06T05:46:42.839+0000] {dag.py:3823} INFO - Setting next_dagrun for example_branch_labels to 2025-12-05 00:00:00+00:00, run_after=2025-12-06 00:00:00+00:00
[2025-12-06T05:46:42.876+0000] {processor.py:183} INFO - Processing /home/airflow/.local/lib/python3.8/site-packages/airflow/example_dags/example_branch_labels.py took 0.125 seconds
[2025-12-06T05:47:13.341+0000] {processor.py:161} INFO - Started process (PID=254) to work on /home/airflow/.local/lib/python3.8/site-packages/airflow/example_dags/example_branch_labels.py
[2025-12-06T05:47:13.343+0000] {processor.py:830} INFO - Processing file /home/airflow/.local/lib/python3.8/site-packages/airflow/example_dags/example_branch_labels.py for tasks to queue
[2025-12-06T05:47:13.346+0000] {logging_mixin.py:188} INFO - [2025-12-06T05:47:13.345+0000] {dagbag.py:538} INFO - Filling up the DagBag from /home/airflow/.local/lib/python3.8/site-packages/airflow/example_dags/example_branch_labels.py
[2025-12-06T05:47:13.356+0000] {processor.py:840} INFO - DAG(s) 'example_branch_labels' retrieved from /home/airflow/.local/lib/python3.8/site-packages/airflow/example_dags/example_branch_labels.py
[2025-12-06T05:47:13.384+0000] {logging_mixin.py:188} INFO - [2025-12-06T05:47:13.383+0000] {dag.py:3036} INFO - Sync 1 DAGs
[2025-12-06T05:47:13.416+0000] {logging_mixin.py:188} INFO - [2025-12-06T05:47:13.416+0000] {dag.py:3823} INFO - Setting next_dagrun for example_branch_labels to 2025-12-05 00:00:00+00:00, run_after=2025-12-06 00:00:00+00:00
[2025-12-06T05:47:13.440+0000] {processor.py:183} INFO - Processing /home/airflow/.local/lib/python3.8/site-packages/airflow/example_dags/example_branch_labels.py took 0.105 seconds
[2025-12-06T05:47:43.526+0000] {processor.py:161} INFO - Started process (PID=309) to work on /home/airflow/.local/lib/python3.8/site-packages/airflow/example_dags/example_branch_labels.py
[2025-12-06T05:47:43.527+0000] {processor.py:830} INFO - Processing file /home/airflow/.local/lib/python3.8/site-packages/airflow/example_dags/example_branch_labels.py for tasks to queue
[2025-12-06T05:47:43.530+0000] {logging_mixin.py:188} INFO - [2025-12-06T05:47:43.530+0000] {dagbag.py:538} INFO - Filling up the DagBag from /home/airflow/.local/lib/python3.8/site-packages/airflow/example_dags/example_branch_labels.py
[2025-12-06T05:47:43.544+0000] {processor.py:840} INFO - DAG(s) 'example_branch_labels' retrieved from /home/airflow/.local/lib/python3.8/site-packages/airflow/example_dags/example_branch_labels.py
[2025-12-06T05:47:43.578+0000] {logging_mixin.py:188} INFO - [2025-12-06T05:47:43.577+0000] {dag.py:3036} INFO - Sync 1 DAGs
[2025-12-06T05:47:43.611+0000] {logging_mixin.py:188} INFO - [2025-12-06T05:47:43.611+0000] {dag.py:3823} INFO - Setting next_dagrun for example_branch_labels to 2025-12-05 00:00:00+00:00, run_after=2025-12-06 00:00:00+00:00
[2025-12-06T05:47:43.641+0000] {processor.py:183} INFO - Processing /home/airflow/.local/lib/python3.8/site-packages/airflow/example_dags/example_branch_labels.py took 0.120 seconds
[2025-12-06T05:48:14.183+0000] {processor.py:161} INFO - Started process (PID=364) to work on /home/airflow/.local/lib/python3.8/site-packages/airflow/example_dags/example_branch_labels.py
[2025-12-06T05:48:14.184+0000] {processor.py:830} INFO - Processing file /home/airflow/.local/lib/python3.8/site-packages/airflow/example_dags/example_branch_labels.py for tasks to queue
[2025-12-06T05:48:14.186+0000] {logging_mixin.py:188} INFO - [2025-12-06T05:48:14.186+0000] {dagbag.py:538} INFO - Filling up the DagBag from /home/airflow/.local/lib/python3.8/site-packages/airflow/example_dags/example_branch_labels.py
[2025-12-06T05:48:14.196+0000] {processor.py:840} INFO - DAG(s) 'example_branch_labels' retrieved from /home/airflow/.local/lib/python3.8/site-packages/airflow/example_dags/example_branch_labels.py
[2025-12-06T05:48:14.224+0000] {logging_mixin.py:188} INFO - [2025-12-06T05:48:14.224+0000] {dag.py:3036} INFO - Sync 1 DAGs
[2025-12-06T05:48:14.260+0000] {logging_mixin.py:188} INFO - [2025-12-06T05:48:14.259+0000] {dag.py:3823} INFO - Setting next_dagrun for example_branch_labels to 2025-12-05 00:00:00+00:00, run_after=2025-12-06 00:00:00+00:00
[2025-12-06T05:48:14.292+0000] {processor.py:183} INFO - Processing /home/airflow/.local/lib/python3.8/site-packages/airflow/example_dags/example_branch_labels.py took 0.114 seconds
[2025-12-06T05:48:44.327+0000] {processor.py:161} INFO - Started process (PID=419) to work on /home/airflow/.local/lib/python3.8/site-packages/airflow/example_dags/example_branch_labels.py
[2025-12-06T05:48:44.329+0000] {processor.py:830} INFO - Processing file /home/airflow/.local/lib/python3.8/site-packages/airflow/example_dags/example_branch_labels.py for tasks to queue
[2025-12-06T05:48:44.333+0000] {logging_mixin.py:188} INFO - [2025-12-06T05:48:44.333+0000] {dagbag.py:538} INFO - Filling up the DagBag from /home/airflow/.local/lib/python3.8/site-packages/airflow/example_dags/example_branch_labels.py
[2025-12-06T05:48:44.346+0000] {processor.py:840} INFO - DAG(s) 'example_branch_labels' retrieved from /home/airflow/.local/lib/python3.8/site-packages/airflow/example_dags/example_branch_labels.py
[2025-12-06T05:48:44.386+0000] {logging_mixin.py:188} INFO - [2025-12-06T05:48:44.385+0000] {dag.py:3036} INFO - Sync 1 DAGs
[2025-12-06T05:48:44.422+0000] {logging_mixin.py:188} INFO - [2025-12-06T05:48:44.422+0000] {dag.py:3823} INFO - Setting next_dagrun for example_branch_labels to 2025-12-05 00:00:00+00:00, run_after=2025-12-06 00:00:00+00:00
[2025-12-06T05:48:44.453+0000] {processor.py:183} INFO - Processing /home/airflow/.local/lib/python3.8/site-packages/airflow/example_dags/example_branch_labels.py took 0.131 seconds
[2025-12-06T05:49:14.959+0000] {processor.py:161} INFO - Started process (PID=474) to work on /home/airflow/.local/lib/python3.8/site-packages/airflow/example_dags/example_branch_labels.py
[2025-12-06T05:49:14.961+0000] {processor.py:830} INFO - Processing file /home/airflow/.local/lib/python3.8/site-packages/airflow/example_dags/example_branch_labels.py for tasks to queue
[2025-12-06T05:49:14.964+0000] {logging_mixin.py:188} INFO - [2025-12-06T05:49:14.964+0000] {dagbag.py:538} INFO - Filling up the DagBag from /home/airflow/.local/lib/python3.8/site-packages/airflow/example_dags/example_branch_labels.py
[2025-12-06T05:49:14.977+0000] {processor.py:840} INFO - DAG(s) 'example_branch_labels' retrieved from /home/airflow/.local/lib/python3.8/site-packages/airflow/example_dags/example_branch_labels.py
[2025-12-06T05:49:15.006+0000] {logging_mixin.py:188} INFO - [2025-12-06T05:49:15.006+0000] {dag.py:3036} INFO - Sync 1 DAGs
[2025-12-06T05:49:15.041+0000] {logging_mixin.py:188} INFO - [2025-12-06T05:49:15.041+0000] {dag.py:3823} INFO - Setting next_dagrun for example_branch_labels to 2025-12-05 00:00:00+00:00, run_after=2025-12-06 00:00:00+00:00
[2025-12-06T05:49:15.072+0000] {processor.py:183} INFO - Processing /home/airflow/.local/lib/python3.8/site-packages/airflow/example_dags/example_branch_labels.py took 0.122 seconds
[2025-12-06T05:49:45.409+0000] {processor.py:161} INFO - Started process (PID=529) to work on /home/airflow/.local/lib/python3.8/site-packages/airflow/example_dags/example_branch_labels.py
[2025-12-06T05:49:45.411+0000] {processor.py:830} INFO - Processing file /home/airflow/.local/lib/python3.8/site-packages/airflow/example_dags/example_branch_labels.py for tasks to queue
[2025-12-06T05:49:45.413+0000] {logging_mixin.py:188} INFO - [2025-12-06T05:49:45.413+0000] {dagbag.py:538} INFO - Filling up the DagBag from /home/airflow/.local/lib/python3.8/site-packages/airflow/example_dags/example_branch_labels.py
[2025-12-06T05:49:45.424+0000] {processor.py:840} INFO - DAG(s) 'example_branch_labels' retrieved from /home/airflow/.local/lib/python3.8/site-packages/airflow/example_dags/example_branch_labels.py
[2025-12-06T05:49:45.453+0000] {logging_mixin.py:188} INFO - [2025-12-06T05:49:45.453+0000] {dag.py:3036} INFO - Sync 1 DAGs
[2025-12-06T05:49:45.489+0000] {logging_mixin.py:188} INFO - [2025-12-06T05:49:45.488+0000] {dag.py:3823} INFO - Setting next_dagrun for example_branch_labels to 2025-12-05 00:00:00+00:00, run_after=2025-12-06 00:00:00+00:00
[2025-12-06T05:49:45.516+0000] {processor.py:183} INFO - Processing /home/airflow/.local/lib/python3.8/site-packages/airflow/example_dags/example_branch_labels.py took 0.111 seconds
[2025-12-06T05:50:15.800+0000] {processor.py:161} INFO - Started process (PID=584) to work on /home/airflow/.local/lib/python3.8/site-packages/airflow/example_dags/example_branch_labels.py
[2025-12-06T05:50:15.802+0000] {processor.py:830} INFO - Processing file /home/airflow/.local/lib/python3.8/site-packages/airflow/example_dags/example_branch_labels.py for tasks to queue
[2025-12-06T05:50:15.806+0000] {logging_mixin.py:188} INFO - [2025-12-06T05:50:15.805+0000] {dagbag.py:538} INFO - Filling up the DagBag from /home/airflow/.local/lib/python3.8/site-packages/airflow/example_dags/example_branch_labels.py
[2025-12-06T05:50:15.817+0000] {processor.py:840} INFO - DAG(s) 'example_branch_labels' retrieved from /home/airflow/.local/lib/python3.8/site-packages/airflow/example_dags/example_branch_labels.py
[2025-12-06T05:50:15.852+0000] {logging_mixin.py:188} INFO - [2025-12-06T05:50:15.852+0000] {dag.py:3036} INFO - Sync 1 DAGs
[2025-12-06T05:50:15.887+0000] {logging_mixin.py:188} INFO - [2025-12-06T05:50:15.886+0000] {dag.py:3823} INFO - Setting next_dagrun for example_branch_labels to 2025-12-05 00:00:00+00:00, run_after=2025-12-06 00:00:00+00:00
[2025-12-06T05:50:15.915+0000] {processor.py:183} INFO - Processing /home/airflow/.local/lib/python3.8/site-packages/airflow/example_dags/example_branch_labels.py took 0.120 seconds
[2025-12-06T05:50:46.462+0000] {processor.py:161} INFO - Started process (PID=639) to work on /home/airflow/.local/lib/python3.8/site-packages/airflow/example_dags/example_branch_labels.py
[2025-12-06T05:50:46.464+0000] {processor.py:830} INFO - Processing file /home/airflow/.local/lib/python3.8/site-packages/airflow/example_dags/example_branch_labels.py for tasks to queue
[2025-12-06T05:50:46.469+0000] {logging_mixin.py:188} INFO - [2025-12-06T05:50:46.468+0000] {dagbag.py:538} INFO - Filling up the DagBag from /home/airflow/.local/lib/python3.8/site-packages/airflow/example_dags/example_branch_labels.py
[2025-12-06T05:50:46.486+0000] {processor.py:840} INFO - DAG(s) 'example_branch_labels' retrieved from /home/airflow/.local/lib/python3.8/site-packages/airflow/example_dags/example_branch_labels.py
[2025-12-06T05:50:46.521+0000] {logging_mixin.py:188} INFO - [2025-12-06T05:50:46.521+0000] {dag.py:3036} INFO - Sync 1 DAGs
[2025-12-06T05:50:46.554+0000] {logging_mixin.py:188} INFO - [2025-12-06T05:50:46.553+0000] {dag.py:3823} INFO - Setting next_dagrun for example_branch_labels to 2025-12-05 00:00:00+00:00, run_after=2025-12-06 00:00:00+00:00
[2025-12-06T05:50:46.582+0000] {processor.py:183} INFO - Processing /home/airflow/.local/lib/python3.8/site-packages/airflow/example_dags/example_branch_labels.py took 0.129 seconds
[2025-12-06T05:51:16.655+0000] {processor.py:161} INFO - Started process (PID=694) to work on /home/airflow/.local/lib/python3.8/site-packages/airflow/example_dags/example_branch_labels.py
[2025-12-06T05:51:16.656+0000] {processor.py:830} INFO - Processing file /home/airflow/.local/lib/python3.8/site-packages/airflow/example_dags/example_branch_labels.py for tasks to queue
[2025-12-06T05:51:16.660+0000] {logging_mixin.py:188} INFO - [2025-12-06T05:51:16.659+0000] {dagbag.py:538} INFO - Filling up the DagBag from /home/airflow/.local/lib/python3.8/site-packages/airflow/example_dags/example_branch_labels.py
[2025-12-06T05:51:16.673+0000] {processor.py:840} INFO - DAG(s) 'example_branch_labels' retrieved from /home/airflow/.local/lib/python3.8/site-packages/airflow/example_dags/example_branch_labels.py
[2025-12-06T05:51:16.709+0000] {logging_mixin.py:188} INFO - [2025-12-06T05:51:16.709+0000] {dag.py:3036} INFO - Sync 1 DAGs
[2025-12-06T05:51:16.751+0000] {logging_mixin.py:188} INFO - [2025-12-06T05:51:16.750+0000] {dag.py:3823} INFO - Setting next_dagrun for example_branch_labels to 2025-12-05 00:00:00+00:00, run_after=2025-12-06 00:00:00+00:00
[2025-12-06T05:51:16.792+0000] {processor.py:183} INFO - Processing /home/airflow/.local/lib/python3.8/site-packages/airflow/example_dags/example_branch_labels.py took 0.143 seconds
[2025-12-06T05:51:47.646+0000] {processor.py:161} INFO - Started process (PID=749) to work on /home/airflow/.local/lib/python3.8/site-packages/airflow/example_dags/example_branch_labels.py
[2025-12-06T05:51:47.647+0000] {processor.py:830} INFO - Processing file /home/airflow/.local/lib/python3.8/site-packages/airflow/example_dags/example_branch_labels.py for tasks to queue
[2025-12-06T05:51:47.651+0000] {logging_mixin.py:188} INFO - [2025-12-06T05:51:47.650+0000] {dagbag.py:538} INFO - Filling up the DagBag from /home/airflow/.local/lib/python3.8/site-packages/airflow/example_dags/example_branch_labels.py
[2025-12-06T05:51:47.665+0000] {processor.py:840} INFO - DAG(s) 'example_branch_labels' retrieved from /home/airflow/.local/lib/python3.8/site-packages/airflow/example_dags/example_branch_labels.py
[2025-12-06T05:51:47.705+0000] {logging_mixin.py:188} INFO - [2025-12-06T05:51:47.705+0000] {dag.py:3036} INFO - Sync 1 DAGs
[2025-12-06T05:51:47.749+0000] {logging_mixin.py:188} INFO - [2025-12-06T05:51:47.748+0000] {dag.py:3823} INFO - Setting next_dagrun for example_branch_labels to 2025-12-05 00:00:00+00:00, run_after=2025-12-06 00:00:00+00:00
[2025-12-06T05:51:47.790+0000] {processor.py:183} INFO - Processing /home/airflow/.local/lib/python3.8/site-packages/airflow/example_dags/example_branch_labels.py took 0.149 seconds
[2025-12-06T05:52:18.650+0000] {processor.py:161} INFO - Started process (PID=804) to work on /home/airflow/.local/lib/python3.8/site-packages/airflow/example_dags/example_branch_labels.py
[2025-12-06T05:52:18.651+0000] {processor.py:830} INFO - Processing file /home/airflow/.local/lib/python3.8/site-packages/airflow/example_dags/example_branch_labels.py for tasks to queue
[2025-12-06T05:52:18.654+0000] {logging_mixin.py:188} INFO - [2025-12-06T05:52:18.653+0000] {dagbag.py:538} INFO - Filling up the DagBag from /home/airflow/.local/lib/python3.8/site-packages/airflow/example_dags/example_branch_labels.py
[2025-12-06T05:52:18.664+0000] {processor.py:840} INFO - DAG(s) 'example_branch_labels' retrieved from /home/airflow/.local/lib/python3.8/site-packages/airflow/example_dags/example_branch_labels.py
[2025-12-06T05:52:18.701+0000] {logging_mixin.py:188} INFO - [2025-12-06T05:52:18.701+0000] {dag.py:3036} INFO - Sync 1 DAGs
[2025-12-06T05:52:18.734+0000] {logging_mixin.py:188} INFO - [2025-12-06T05:52:18.734+0000] {dag.py:3823} INFO - Setting next_dagrun for example_branch_labels to 2025-12-05 00:00:00+00:00, run_after=2025-12-06 00:00:00+00:00
[2025-12-06T05:52:18.765+0000] {processor.py:183} INFO - Processing /home/airflow/.local/lib/python3.8/site-packages/airflow/example_dags/example_branch_labels.py took 0.120 seconds
[2025-12-06T05:52:48.880+0000] {processor.py:161} INFO - Started process (PID=859) to work on /home/airflow/.local/lib/python3.8/site-packages/airflow/example_dags/example_branch_labels.py
[2025-12-06T05:52:48.882+0000] {processor.py:830} INFO - Processing file /home/airflow/.local/lib/python3.8/site-packages/airflow/example_dags/example_branch_labels.py for tasks to queue
[2025-12-06T05:52:48.885+0000] {logging_mixin.py:188} INFO - [2025-12-06T05:52:48.884+0000] {dagbag.py:538} INFO - Filling up the DagBag from /home/airflow/.local/lib/python3.8/site-packages/airflow/example_dags/example_branch_labels.py
[2025-12-06T05:52:48.901+0000] {processor.py:840} INFO - DAG(s) 'example_branch_labels' retrieved from /home/airflow/.local/lib/python3.8/site-packages/airflow/example_dags/example_branch_labels.py
[2025-12-06T05:52:48.934+0000] {logging_mixin.py:188} INFO - [2025-12-06T05:52:48.934+0000] {dag.py:3036} INFO - Sync 1 DAGs
[2025-12-06T05:52:48.972+0000] {logging_mixin.py:188} INFO - [2025-12-06T05:52:48.971+0000] {dag.py:3823} INFO - Setting next_dagrun for example_branch_labels to 2025-12-05 00:00:00+00:00, run_after=2025-12-06 00:00:00+00:00
[2025-12-06T05:52:49.004+0000] {processor.py:183} INFO - Processing /home/airflow/.local/lib/python3.8/site-packages/airflow/example_dags/example_branch_labels.py took 0.129 seconds
[2025-12-06T05:53:19.281+0000] {processor.py:161} INFO - Started process (PID=914) to work on /home/airflow/.local/lib/python3.8/site-packages/airflow/example_dags/example_branch_labels.py
[2025-12-06T05:53:19.282+0000] {processor.py:830} INFO - Processing file /home/airflow/.local/lib/python3.8/site-packages/airflow/example_dags/example_branch_labels.py for tasks to queue
[2025-12-06T05:53:19.286+0000] {logging_mixin.py:188} INFO - [2025-12-06T05:53:19.285+0000] {dagbag.py:538} INFO - Filling up the DagBag from /home/airflow/.local/lib/python3.8/site-packages/airflow/example_dags/example_branch_labels.py
[2025-12-06T05:53:19.299+0000] {processor.py:840} INFO - DAG(s) 'example_branch_labels' retrieved from /home/airflow/.local/lib/python3.8/site-packages/airflow/example_dags/example_branch_labels.py
[2025-12-06T05:53:19.332+0000] {logging_mixin.py:188} INFO - [2025-12-06T05:53:19.331+0000] {dag.py:3036} INFO - Sync 1 DAGs
[2025-12-06T05:53:19.367+0000] {logging_mixin.py:188} INFO - [2025-12-06T05:53:19.366+0000] {dag.py:3823} INFO - Setting next_dagrun for example_branch_labels to 2025-12-05 00:00:00+00:00, run_after=2025-12-06 00:00:00+00:00
[2025-12-06T05:53:19.400+0000] {processor.py:183} INFO - Processing /home/airflow/.local/lib/python3.8/site-packages/airflow/example_dags/example_branch_labels.py took 0.125 seconds
[2025-12-06T05:53:49.624+0000] {processor.py:161} INFO - Started process (PID=969) to work on /home/airflow/.local/lib/python3.8/site-packages/airflow/example_dags/example_branch_labels.py
[2025-12-06T05:53:49.625+0000] {processor.py:830} INFO - Processing file /home/airflow/.local/lib/python3.8/site-packages/airflow/example_dags/example_branch_labels.py for tasks to queue
[2025-12-06T05:53:49.628+0000] {logging_mixin.py:188} INFO - [2025-12-06T05:53:49.627+0000] {dagbag.py:538} INFO - Filling up the DagBag from /home/airflow/.local/lib/python3.8/site-packages/airflow/example_dags/example_branch_labels.py
[2025-12-06T05:53:49.641+0000] {processor.py:840} INFO - DAG(s) 'example_branch_labels' retrieved from /home/airflow/.local/lib/python3.8/site-packages/airflow/example_dags/example_branch_labels.py
[2025-12-06T05:53:49.674+0000] {logging_mixin.py:188} INFO - [2025-12-06T05:53:49.673+0000] {dag.py:3036} INFO - Sync 1 DAGs
[2025-12-06T05:53:49.709+0000] {logging_mixin.py:188} INFO - [2025-12-06T05:53:49.709+0000] {dag.py:3823} INFO - Setting next_dagrun for example_branch_labels to 2025-12-05 00:00:00+00:00, run_after=2025-12-06 00:00:00+00:00
[2025-12-06T05:53:49.743+0000] {processor.py:183} INFO - Processing /home/airflow/.local/lib/python3.8/site-packages/airflow/example_dags/example_branch_labels.py took 0.124 seconds
[2025-12-06T05:54:20.140+0000] {processor.py:161} INFO - Started process (PID=1028) to work on /home/airflow/.local/lib/python3.8/site-packages/airflow/example_dags/example_branch_labels.py
[2025-12-06T05:54:20.143+0000] {processor.py:830} INFO - Processing file /home/airflow/.local/lib/python3.8/site-packages/airflow/example_dags/example_branch_labels.py for tasks to queue
[2025-12-06T05:54:20.147+0000] {logging_mixin.py:188} INFO - [2025-12-06T05:54:20.146+0000] {dagbag.py:538} INFO - Filling up the DagBag from /home/airflow/.local/lib/python3.8/site-packages/airflow/example_dags/example_branch_labels.py
[2025-12-06T05:54:20.166+0000] {processor.py:840} INFO - DAG(s) 'example_branch_labels' retrieved from /home/airflow/.local/lib/python3.8/site-packages/airflow/example_dags/example_branch_labels.py
[2025-12-06T05:54:20.231+0000] {logging_mixin.py:188} INFO - [2025-12-06T05:54:20.231+0000] {dag.py:3036} INFO - Sync 1 DAGs
[2025-12-06T05:54:20.297+0000] {logging_mixin.py:188} INFO - [2025-12-06T05:54:20.297+0000] {dag.py:3823} INFO - Setting next_dagrun for example_branch_labels to 2025-12-05 00:00:00+00:00, run_after=2025-12-06 00:00:00+00:00
[2025-12-06T05:54:20.341+0000] {processor.py:183} INFO - Processing /home/airflow/.local/lib/python3.8/site-packages/airflow/example_dags/example_branch_labels.py took 0.212 seconds
[2025-12-06T05:54:50.970+0000] {processor.py:161} INFO - Started process (PID=1086) to work on /home/airflow/.local/lib/python3.8/site-packages/airflow/example_dags/example_branch_labels.py
[2025-12-06T05:54:50.971+0000] {processor.py:830} INFO - Processing file /home/airflow/.local/lib/python3.8/site-packages/airflow/example_dags/example_branch_labels.py for tasks to queue
[2025-12-06T05:54:50.975+0000] {logging_mixin.py:188} INFO - [2025-12-06T05:54:50.974+0000] {dagbag.py:538} INFO - Filling up the DagBag from /home/airflow/.local/lib/python3.8/site-packages/airflow/example_dags/example_branch_labels.py
[2025-12-06T05:54:50.987+0000] {processor.py:840} INFO - DAG(s) 'example_branch_labels' retrieved from /home/airflow/.local/lib/python3.8/site-packages/airflow/example_dags/example_branch_labels.py
[2025-12-06T05:54:51.021+0000] {logging_mixin.py:188} INFO - [2025-12-06T05:54:51.020+0000] {dag.py:3036} INFO - Sync 1 DAGs
[2025-12-06T05:54:51.059+0000] {logging_mixin.py:188} INFO - [2025-12-06T05:54:51.058+0000] {dag.py:3823} INFO - Setting next_dagrun for example_branch_labels to 2025-12-05 00:00:00+00:00, run_after=2025-12-06 00:00:00+00:00
[2025-12-06T05:54:51.090+0000] {processor.py:183} INFO - Processing /home/airflow/.local/lib/python3.8/site-packages/airflow/example_dags/example_branch_labels.py took 0.126 seconds
[2025-12-06T05:55:21.243+0000] {processor.py:161} INFO - Started process (PID=1141) to work on /home/airflow/.local/lib/python3.8/site-packages/airflow/example_dags/example_branch_labels.py
[2025-12-06T05:55:21.245+0000] {processor.py:830} INFO - Processing file /home/airflow/.local/lib/python3.8/site-packages/airflow/example_dags/example_branch_labels.py for tasks to queue
[2025-12-06T05:55:21.248+0000] {logging_mixin.py:188} INFO - [2025-12-06T05:55:21.247+0000] {dagbag.py:538} INFO - Filling up the DagBag from /home/airflow/.local/lib/python3.8/site-packages/airflow/example_dags/example_branch_labels.py
[2025-12-06T05:55:21.261+0000] {processor.py:840} INFO - DAG(s) 'example_branch_labels' retrieved from /home/airflow/.local/lib/python3.8/site-packages/airflow/example_dags/example_branch_labels.py
[2025-12-06T05:55:21.301+0000] {logging_mixin.py:188} INFO - [2025-12-06T05:55:21.301+0000] {dag.py:3036} INFO - Sync 1 DAGs
[2025-12-06T05:55:21.333+0000] {logging_mixin.py:188} INFO - [2025-12-06T05:55:21.333+0000] {dag.py:3823} INFO - Setting next_dagrun for example_branch_labels to 2025-12-05 00:00:00+00:00, run_after=2025-12-06 00:00:00+00:00
[2025-12-06T05:55:21.366+0000] {processor.py:183} INFO - Processing /home/airflow/.local/lib/python3.8/site-packages/airflow/example_dags/example_branch_labels.py took 0.130 seconds
[2025-12-06T05:55:51.828+0000] {processor.py:161} INFO - Started process (PID=1197) to work on /home/airflow/.local/lib/python3.8/site-packages/airflow/example_dags/example_branch_labels.py
[2025-12-06T05:55:51.829+0000] {processor.py:830} INFO - Processing file /home/airflow/.local/lib/python3.8/site-packages/airflow/example_dags/example_branch_labels.py for tasks to queue
[2025-12-06T05:55:51.832+0000] {logging_mixin.py:188} INFO - [2025-12-06T05:55:51.832+0000] {dagbag.py:538} INFO - Filling up the DagBag from /home/airflow/.local/lib/python3.8/site-packages/airflow/example_dags/example_branch_labels.py
[2025-12-06T05:55:51.845+0000] {processor.py:840} INFO - DAG(s) 'example_branch_labels' retrieved from /home/airflow/.local/lib/python3.8/site-packages/airflow/example_dags/example_branch_labels.py
[2025-12-06T05:55:51.886+0000] {logging_mixin.py:188} INFO - [2025-12-06T05:55:51.885+0000] {dag.py:3036} INFO - Sync 1 DAGs
[2025-12-06T05:55:51.922+0000] {logging_mixin.py:188} INFO - [2025-12-06T05:55:51.921+0000] {dag.py:3823} INFO - Setting next_dagrun for example_branch_labels to 2025-12-05 00:00:00+00:00, run_after=2025-12-06 00:00:00+00:00
[2025-12-06T05:55:51.951+0000] {processor.py:183} INFO - Processing /home/airflow/.local/lib/python3.8/site-packages/airflow/example_dags/example_branch_labels.py took 0.129 seconds
[2025-12-06T05:56:22.181+0000] {processor.py:161} INFO - Started process (PID=1255) to work on /home/airflow/.local/lib/python3.8/site-packages/airflow/example_dags/example_branch_labels.py
[2025-12-06T05:56:22.183+0000] {processor.py:830} INFO - Processing file /home/airflow/.local/lib/python3.8/site-packages/airflow/example_dags/example_branch_labels.py for tasks to queue
[2025-12-06T05:56:22.186+0000] {logging_mixin.py:188} INFO - [2025-12-06T05:56:22.186+0000] {dagbag.py:538} INFO - Filling up the DagBag from /home/airflow/.local/lib/python3.8/site-packages/airflow/example_dags/example_branch_labels.py
[2025-12-06T05:56:22.200+0000] {processor.py:840} INFO - DAG(s) 'example_branch_labels' retrieved from /home/airflow/.local/lib/python3.8/site-packages/airflow/example_dags/example_branch_labels.py
[2025-12-06T05:56:22.239+0000] {logging_mixin.py:188} INFO - [2025-12-06T05:56:22.238+0000] {dag.py:3036} INFO - Sync 1 DAGs
[2025-12-06T05:56:22.277+0000] {logging_mixin.py:188} INFO - [2025-12-06T05:56:22.277+0000] {dag.py:3823} INFO - Setting next_dagrun for example_branch_labels to 2025-12-05 00:00:00+00:00, run_after=2025-12-06 00:00:00+00:00
[2025-12-06T05:56:22.312+0000] {processor.py:183} INFO - Processing /home/airflow/.local/lib/python3.8/site-packages/airflow/example_dags/example_branch_labels.py took 0.137 seconds
[2025-12-06T05:56:52.597+0000] {processor.py:161} INFO - Started process (PID=1311) to work on /home/airflow/.local/lib/python3.8/site-packages/airflow/example_dags/example_branch_labels.py
[2025-12-06T05:56:52.599+0000] {processor.py:830} INFO - Processing file /home/airflow/.local/lib/python3.8/site-packages/airflow/example_dags/example_branch_labels.py for tasks to queue
[2025-12-06T05:56:52.602+0000] {logging_mixin.py:188} INFO - [2025-12-06T05:56:52.602+0000] {dagbag.py:538} INFO - Filling up the DagBag from /home/airflow/.local/lib/python3.8/site-packages/airflow/example_dags/example_branch_labels.py
[2025-12-06T05:56:52.615+0000] {processor.py:840} INFO - DAG(s) 'example_branch_labels' retrieved from /home/airflow/.local/lib/python3.8/site-packages/airflow/example_dags/example_branch_labels.py
[2025-12-06T05:56:52.654+0000] {logging_mixin.py:188} INFO - [2025-12-06T05:56:52.654+0000] {dag.py:3036} INFO - Sync 1 DAGs
[2025-12-06T05:56:52.696+0000] {logging_mixin.py:188} INFO - [2025-12-06T05:56:52.695+0000] {dag.py:3823} INFO - Setting next_dagrun for example_branch_labels to 2025-12-05 00:00:00+00:00, run_after=2025-12-06 00:00:00+00:00
[2025-12-06T05:56:52.728+0000] {processor.py:183} INFO - Processing /home/airflow/.local/lib/python3.8/site-packages/airflow/example_dags/example_branch_labels.py took 0.137 seconds
[2025-12-06T05:57:23.287+0000] {processor.py:161} INFO - Started process (PID=1367) to work on /home/airflow/.local/lib/python3.8/site-packages/airflow/example_dags/example_branch_labels.py
[2025-12-06T05:57:23.288+0000] {processor.py:830} INFO - Processing file /home/airflow/.local/lib/python3.8/site-packages/airflow/example_dags/example_branch_labels.py for tasks to queue
[2025-12-06T05:57:23.293+0000] {logging_mixin.py:188} INFO - [2025-12-06T05:57:23.292+0000] {dagbag.py:538} INFO - Filling up the DagBag from /home/airflow/.local/lib/python3.8/site-packages/airflow/example_dags/example_branch_labels.py
[2025-12-06T05:57:23.306+0000] {processor.py:840} INFO - DAG(s) 'example_branch_labels' retrieved from /home/airflow/.local/lib/python3.8/site-packages/airflow/example_dags/example_branch_labels.py
[2025-12-06T05:57:23.342+0000] {logging_mixin.py:188} INFO - [2025-12-06T05:57:23.342+0000] {dag.py:3036} INFO - Sync 1 DAGs
[2025-12-06T05:57:23.378+0000] {logging_mixin.py:188} INFO - [2025-12-06T05:57:23.377+0000] {dag.py:3823} INFO - Setting next_dagrun for example_branch_labels to 2025-12-05 00:00:00+00:00, run_after=2025-12-06 00:00:00+00:00
[2025-12-06T05:57:23.408+0000] {processor.py:183} INFO - Processing /home/airflow/.local/lib/python3.8/site-packages/airflow/example_dags/example_branch_labels.py took 0.127 seconds
[2025-12-06T05:57:53.789+0000] {processor.py:161} INFO - Started process (PID=1423) to work on /home/airflow/.local/lib/python3.8/site-packages/airflow/example_dags/example_branch_labels.py
[2025-12-06T05:57:53.791+0000] {processor.py:830} INFO - Processing file /home/airflow/.local/lib/python3.8/site-packages/airflow/example_dags/example_branch_labels.py for tasks to queue
[2025-12-06T05:57:53.793+0000] {logging_mixin.py:188} INFO - [2025-12-06T05:57:53.792+0000] {dagbag.py:538} INFO - Filling up the DagBag from /home/airflow/.local/lib/python3.8/site-packages/airflow/example_dags/example_branch_labels.py
[2025-12-06T05:57:53.804+0000] {processor.py:840} INFO - DAG(s) 'example_branch_labels' retrieved from /home/airflow/.local/lib/python3.8/site-packages/airflow/example_dags/example_branch_labels.py
[2025-12-06T05:57:53.839+0000] {logging_mixin.py:188} INFO - [2025-12-06T05:57:53.838+0000] {dag.py:3036} INFO - Sync 1 DAGs
[2025-12-06T05:57:53.873+0000] {logging_mixin.py:188} INFO - [2025-12-06T05:57:53.873+0000] {dag.py:3823} INFO - Setting next_dagrun for example_branch_labels to 2025-12-05 00:00:00+00:00, run_after=2025-12-06 00:00:00+00:00
[2025-12-06T05:57:53.904+0000] {processor.py:183} INFO - Processing /home/airflow/.local/lib/python3.8/site-packages/airflow/example_dags/example_branch_labels.py took 0.119 seconds
[2025-12-06T05:58:24.494+0000] {processor.py:161} INFO - Started process (PID=1479) to work on /home/airflow/.local/lib/python3.8/site-packages/airflow/example_dags/example_branch_labels.py
[2025-12-06T05:58:24.496+0000] {processor.py:830} INFO - Processing file /home/airflow/.local/lib/python3.8/site-packages/airflow/example_dags/example_branch_labels.py for tasks to queue
[2025-12-06T05:58:24.499+0000] {logging_mixin.py:188} INFO - [2025-12-06T05:58:24.499+0000] {dagbag.py:538} INFO - Filling up the DagBag from /home/airflow/.local/lib/python3.8/site-packages/airflow/example_dags/example_branch_labels.py
[2025-12-06T05:58:24.511+0000] {processor.py:840} INFO - DAG(s) 'example_branch_labels' retrieved from /home/airflow/.local/lib/python3.8/site-packages/airflow/example_dags/example_branch_labels.py
[2025-12-06T05:58:24.545+0000] {logging_mixin.py:188} INFO - [2025-12-06T05:58:24.545+0000] {dag.py:3036} INFO - Sync 1 DAGs
[2025-12-06T05:58:24.580+0000] {logging_mixin.py:188} INFO - [2025-12-06T05:58:24.580+0000] {dag.py:3823} INFO - Setting next_dagrun for example_branch_labels to 2025-12-05 00:00:00+00:00, run_after=2025-12-06 00:00:00+00:00
[2025-12-06T05:58:24.614+0000] {processor.py:183} INFO - Processing /home/airflow/.local/lib/python3.8/site-packages/airflow/example_dags/example_branch_labels.py took 0.125 seconds
[2025-12-06T05:58:54.690+0000] {processor.py:161} INFO - Started process (PID=1535) to work on /home/airflow/.local/lib/python3.8/site-packages/airflow/example_dags/example_branch_labels.py
[2025-12-06T05:58:54.691+0000] {processor.py:830} INFO - Processing file /home/airflow/.local/lib/python3.8/site-packages/airflow/example_dags/example_branch_labels.py for tasks to queue
[2025-12-06T05:58:54.694+0000] {logging_mixin.py:188} INFO - [2025-12-06T05:58:54.693+0000] {dagbag.py:538} INFO - Filling up the DagBag from /home/airflow/.local/lib/python3.8/site-packages/airflow/example_dags/example_branch_labels.py
[2025-12-06T05:58:54.704+0000] {processor.py:840} INFO - DAG(s) 'example_branch_labels' retrieved from /home/airflow/.local/lib/python3.8/site-packages/airflow/example_dags/example_branch_labels.py
[2025-12-06T05:58:54.736+0000] {logging_mixin.py:188} INFO - [2025-12-06T05:58:54.736+0000] {dag.py:3036} INFO - Sync 1 DAGs
[2025-12-06T05:58:54.768+0000] {logging_mixin.py:188} INFO - [2025-12-06T05:58:54.768+0000] {dag.py:3823} INFO - Setting next_dagrun for example_branch_labels to 2025-12-05 00:00:00+00:00, run_after=2025-12-06 00:00:00+00:00
[2025-12-06T05:58:54.799+0000] {processor.py:183} INFO - Processing /home/airflow/.local/lib/python3.8/site-packages/airflow/example_dags/example_branch_labels.py took 0.116 seconds
[2025-12-06T08:56:10.339+0000] {processor.py:161} INFO - Started process (PID=97) to work on /home/airflow/.local/lib/python3.8/site-packages/airflow/example_dags/example_branch_labels.py
[2025-12-06T08:56:10.343+0000] {processor.py:830} INFO - Processing file /home/airflow/.local/lib/python3.8/site-packages/airflow/example_dags/example_branch_labels.py for tasks to queue
[2025-12-06T08:56:10.352+0000] {logging_mixin.py:188} INFO - [2025-12-06T08:56:10.351+0000] {dagbag.py:538} INFO - Filling up the DagBag from /home/airflow/.local/lib/python3.8/site-packages/airflow/example_dags/example_branch_labels.py
[2025-12-06T08:56:10.376+0000] {processor.py:840} INFO - DAG(s) 'example_branch_labels' retrieved from /home/airflow/.local/lib/python3.8/site-packages/airflow/example_dags/example_branch_labels.py
[2025-12-06T08:56:10.678+0000] {logging_mixin.py:188} INFO - [2025-12-06T08:56:10.678+0000] {dag.py:3036} INFO - Sync 1 DAGs
[2025-12-06T08:56:10.730+0000] {logging_mixin.py:188} INFO - [2025-12-06T08:56:10.730+0000] {dag.py:3823} INFO - Setting next_dagrun for example_branch_labels to 2025-12-05 00:00:00+00:00, run_after=2025-12-06 00:00:00+00:00
[2025-12-06T08:56:10.814+0000] {processor.py:183} INFO - Processing /home/airflow/.local/lib/python3.8/site-packages/airflow/example_dags/example_branch_labels.py took 0.508 seconds
[2025-12-06T08:56:41.551+0000] {processor.py:161} INFO - Started process (PID=156) to work on /home/airflow/.local/lib/python3.8/site-packages/airflow/example_dags/example_branch_labels.py
[2025-12-06T08:56:41.553+0000] {processor.py:830} INFO - Processing file /home/airflow/.local/lib/python3.8/site-packages/airflow/example_dags/example_branch_labels.py for tasks to queue
[2025-12-06T08:56:41.556+0000] {logging_mixin.py:188} INFO - [2025-12-06T08:56:41.556+0000] {dagbag.py:538} INFO - Filling up the DagBag from /home/airflow/.local/lib/python3.8/site-packages/airflow/example_dags/example_branch_labels.py
[2025-12-06T08:56:41.572+0000] {processor.py:840} INFO - DAG(s) 'example_branch_labels' retrieved from /home/airflow/.local/lib/python3.8/site-packages/airflow/example_dags/example_branch_labels.py
[2025-12-06T08:56:41.607+0000] {logging_mixin.py:188} INFO - [2025-12-06T08:56:41.607+0000] {dag.py:3036} INFO - Sync 1 DAGs
[2025-12-06T08:56:41.638+0000] {logging_mixin.py:188} INFO - [2025-12-06T08:56:41.637+0000] {dag.py:3823} INFO - Setting next_dagrun for example_branch_labels to 2025-12-05 00:00:00+00:00, run_after=2025-12-06 00:00:00+00:00
[2025-12-06T08:56:41.672+0000] {processor.py:183} INFO - Processing /home/airflow/.local/lib/python3.8/site-packages/airflow/example_dags/example_branch_labels.py took 0.126 seconds
[2025-12-06T08:57:11.731+0000] {processor.py:161} INFO - Started process (PID=215) to work on /home/airflow/.local/lib/python3.8/site-packages/airflow/example_dags/example_branch_labels.py
[2025-12-06T08:57:11.736+0000] {processor.py:830} INFO - Processing file /home/airflow/.local/lib/python3.8/site-packages/airflow/example_dags/example_branch_labels.py for tasks to queue
[2025-12-06T08:57:11.739+0000] {logging_mixin.py:188} INFO - [2025-12-06T08:57:11.738+0000] {dagbag.py:538} INFO - Filling up the DagBag from /home/airflow/.local/lib/python3.8/site-packages/airflow/example_dags/example_branch_labels.py
[2025-12-06T08:57:11.755+0000] {processor.py:840} INFO - DAG(s) 'example_branch_labels' retrieved from /home/airflow/.local/lib/python3.8/site-packages/airflow/example_dags/example_branch_labels.py
[2025-12-06T08:57:11.800+0000] {logging_mixin.py:188} INFO - [2025-12-06T08:57:11.800+0000] {dag.py:3036} INFO - Sync 1 DAGs
[2025-12-06T08:57:11.846+0000] {logging_mixin.py:188} INFO - [2025-12-06T08:57:11.845+0000] {dag.py:3823} INFO - Setting next_dagrun for example_branch_labels to 2025-12-05 00:00:00+00:00, run_after=2025-12-06 00:00:00+00:00
[2025-12-06T08:57:11.884+0000] {processor.py:183} INFO - Processing /home/airflow/.local/lib/python3.8/site-packages/airflow/example_dags/example_branch_labels.py took 0.162 seconds
[2025-12-06T08:57:42.256+0000] {processor.py:161} INFO - Started process (PID=274) to work on /home/airflow/.local/lib/python3.8/site-packages/airflow/example_dags/example_branch_labels.py
[2025-12-06T08:57:42.259+0000] {processor.py:830} INFO - Processing file /home/airflow/.local/lib/python3.8/site-packages/airflow/example_dags/example_branch_labels.py for tasks to queue
[2025-12-06T08:57:42.266+0000] {logging_mixin.py:188} INFO - [2025-12-06T08:57:42.265+0000] {dagbag.py:538} INFO - Filling up the DagBag from /home/airflow/.local/lib/python3.8/site-packages/airflow/example_dags/example_branch_labels.py
[2025-12-06T08:57:42.282+0000] {processor.py:840} INFO - DAG(s) 'example_branch_labels' retrieved from /home/airflow/.local/lib/python3.8/site-packages/airflow/example_dags/example_branch_labels.py
[2025-12-06T08:57:42.324+0000] {logging_mixin.py:188} INFO - [2025-12-06T08:57:42.323+0000] {dag.py:3036} INFO - Sync 1 DAGs
[2025-12-06T08:57:42.418+0000] {logging_mixin.py:188} INFO - [2025-12-06T08:57:42.417+0000] {dag.py:3823} INFO - Setting next_dagrun for example_branch_labels to 2025-12-05 00:00:00+00:00, run_after=2025-12-06 00:00:00+00:00
[2025-12-06T08:57:42.510+0000] {processor.py:183} INFO - Processing /home/airflow/.local/lib/python3.8/site-packages/airflow/example_dags/example_branch_labels.py took 0.264 seconds
[2025-12-06T08:58:12.566+0000] {processor.py:161} INFO - Started process (PID=333) to work on /home/airflow/.local/lib/python3.8/site-packages/airflow/example_dags/example_branch_labels.py
[2025-12-06T08:58:12.568+0000] {processor.py:830} INFO - Processing file /home/airflow/.local/lib/python3.8/site-packages/airflow/example_dags/example_branch_labels.py for tasks to queue
[2025-12-06T08:58:12.571+0000] {logging_mixin.py:188} INFO - [2025-12-06T08:58:12.570+0000] {dagbag.py:538} INFO - Filling up the DagBag from /home/airflow/.local/lib/python3.8/site-packages/airflow/example_dags/example_branch_labels.py
[2025-12-06T08:58:12.583+0000] {processor.py:840} INFO - DAG(s) 'example_branch_labels' retrieved from /home/airflow/.local/lib/python3.8/site-packages/airflow/example_dags/example_branch_labels.py
[2025-12-06T08:58:12.611+0000] {logging_mixin.py:188} INFO - [2025-12-06T08:58:12.611+0000] {dag.py:3036} INFO - Sync 1 DAGs
[2025-12-06T08:58:12.640+0000] {logging_mixin.py:188} INFO - [2025-12-06T08:58:12.639+0000] {dag.py:3823} INFO - Setting next_dagrun for example_branch_labels to 2025-12-05 00:00:00+00:00, run_after=2025-12-06 00:00:00+00:00
[2025-12-06T08:58:12.668+0000] {processor.py:183} INFO - Processing /home/airflow/.local/lib/python3.8/site-packages/airflow/example_dags/example_branch_labels.py took 0.106 seconds
[2025-12-06T08:58:43.085+0000] {processor.py:161} INFO - Started process (PID=392) to work on /home/airflow/.local/lib/python3.8/site-packages/airflow/example_dags/example_branch_labels.py
[2025-12-06T08:58:43.087+0000] {processor.py:830} INFO - Processing file /home/airflow/.local/lib/python3.8/site-packages/airflow/example_dags/example_branch_labels.py for tasks to queue
[2025-12-06T08:58:43.089+0000] {logging_mixin.py:188} INFO - [2025-12-06T08:58:43.089+0000] {dagbag.py:538} INFO - Filling up the DagBag from /home/airflow/.local/lib/python3.8/site-packages/airflow/example_dags/example_branch_labels.py
[2025-12-06T08:58:43.105+0000] {processor.py:840} INFO - DAG(s) 'example_branch_labels' retrieved from /home/airflow/.local/lib/python3.8/site-packages/airflow/example_dags/example_branch_labels.py
[2025-12-06T08:58:43.141+0000] {logging_mixin.py:188} INFO - [2025-12-06T08:58:43.140+0000] {dag.py:3036} INFO - Sync 1 DAGs
[2025-12-06T08:58:43.185+0000] {logging_mixin.py:188} INFO - [2025-12-06T08:58:43.185+0000] {dag.py:3823} INFO - Setting next_dagrun for example_branch_labels to 2025-12-05 00:00:00+00:00, run_after=2025-12-06 00:00:00+00:00
[2025-12-06T08:58:43.226+0000] {processor.py:183} INFO - Processing /home/airflow/.local/lib/python3.8/site-packages/airflow/example_dags/example_branch_labels.py took 0.146 seconds
[2025-12-06T08:59:13.311+0000] {processor.py:161} INFO - Started process (PID=451) to work on /home/airflow/.local/lib/python3.8/site-packages/airflow/example_dags/example_branch_labels.py
[2025-12-06T08:59:13.317+0000] {processor.py:830} INFO - Processing file /home/airflow/.local/lib/python3.8/site-packages/airflow/example_dags/example_branch_labels.py for tasks to queue
[2025-12-06T08:59:13.319+0000] {logging_mixin.py:188} INFO - [2025-12-06T08:59:13.319+0000] {dagbag.py:538} INFO - Filling up the DagBag from /home/airflow/.local/lib/python3.8/site-packages/airflow/example_dags/example_branch_labels.py
[2025-12-06T08:59:13.333+0000] {processor.py:840} INFO - DAG(s) 'example_branch_labels' retrieved from /home/airflow/.local/lib/python3.8/site-packages/airflow/example_dags/example_branch_labels.py
[2025-12-06T08:59:13.378+0000] {logging_mixin.py:188} INFO - [2025-12-06T08:59:13.378+0000] {dag.py:3036} INFO - Sync 1 DAGs
[2025-12-06T08:59:13.429+0000] {logging_mixin.py:188} INFO - [2025-12-06T08:59:13.428+0000] {dag.py:3823} INFO - Setting next_dagrun for example_branch_labels to 2025-12-05 00:00:00+00:00, run_after=2025-12-06 00:00:00+00:00
[2025-12-06T08:59:13.551+0000] {processor.py:183} INFO - Processing /home/airflow/.local/lib/python3.8/site-packages/airflow/example_dags/example_branch_labels.py took 0.246 seconds
[2025-12-06T08:59:44.302+0000] {processor.py:161} INFO - Started process (PID=510) to work on /home/airflow/.local/lib/python3.8/site-packages/airflow/example_dags/example_branch_labels.py
[2025-12-06T08:59:44.305+0000] {processor.py:830} INFO - Processing file /home/airflow/.local/lib/python3.8/site-packages/airflow/example_dags/example_branch_labels.py for tasks to queue
[2025-12-06T08:59:44.313+0000] {logging_mixin.py:188} INFO - [2025-12-06T08:59:44.312+0000] {dagbag.py:538} INFO - Filling up the DagBag from /home/airflow/.local/lib/python3.8/site-packages/airflow/example_dags/example_branch_labels.py
[2025-12-06T08:59:44.332+0000] {processor.py:840} INFO - DAG(s) 'example_branch_labels' retrieved from /home/airflow/.local/lib/python3.8/site-packages/airflow/example_dags/example_branch_labels.py
[2025-12-06T08:59:44.398+0000] {logging_mixin.py:188} INFO - [2025-12-06T08:59:44.397+0000] {dag.py:3036} INFO - Sync 1 DAGs
[2025-12-06T08:59:44.490+0000] {logging_mixin.py:188} INFO - [2025-12-06T08:59:44.489+0000] {dag.py:3823} INFO - Setting next_dagrun for example_branch_labels to 2025-12-05 00:00:00+00:00, run_after=2025-12-06 00:00:00+00:00
[2025-12-06T08:59:44.552+0000] {processor.py:183} INFO - Processing /home/airflow/.local/lib/python3.8/site-packages/airflow/example_dags/example_branch_labels.py took 0.259 seconds
[2025-12-06T09:00:15.126+0000] {processor.py:161} INFO - Started process (PID=569) to work on /home/airflow/.local/lib/python3.8/site-packages/airflow/example_dags/example_branch_labels.py
[2025-12-06T09:00:15.129+0000] {processor.py:830} INFO - Processing file /home/airflow/.local/lib/python3.8/site-packages/airflow/example_dags/example_branch_labels.py for tasks to queue
[2025-12-06T09:00:15.132+0000] {logging_mixin.py:188} INFO - [2025-12-06T09:00:15.132+0000] {dagbag.py:538} INFO - Filling up the DagBag from /home/airflow/.local/lib/python3.8/site-packages/airflow/example_dags/example_branch_labels.py
[2025-12-06T09:00:15.147+0000] {processor.py:840} INFO - DAG(s) 'example_branch_labels' retrieved from /home/airflow/.local/lib/python3.8/site-packages/airflow/example_dags/example_branch_labels.py
[2025-12-06T09:00:15.190+0000] {logging_mixin.py:188} INFO - [2025-12-06T09:00:15.190+0000] {dag.py:3036} INFO - Sync 1 DAGs
[2025-12-06T09:00:15.244+0000] {logging_mixin.py:188} INFO - [2025-12-06T09:00:15.243+0000] {dag.py:3823} INFO - Setting next_dagrun for example_branch_labels to 2025-12-05 00:00:00+00:00, run_after=2025-12-06 00:00:00+00:00
[2025-12-06T09:00:15.293+0000] {processor.py:183} INFO - Processing /home/airflow/.local/lib/python3.8/site-packages/airflow/example_dags/example_branch_labels.py took 0.173 seconds
[2025-12-06T09:00:45.389+0000] {processor.py:161} INFO - Started process (PID=628) to work on /home/airflow/.local/lib/python3.8/site-packages/airflow/example_dags/example_branch_labels.py
[2025-12-06T09:00:45.390+0000] {processor.py:830} INFO - Processing file /home/airflow/.local/lib/python3.8/site-packages/airflow/example_dags/example_branch_labels.py for tasks to queue
[2025-12-06T09:00:45.393+0000] {logging_mixin.py:188} INFO - [2025-12-06T09:00:45.392+0000] {dagbag.py:538} INFO - Filling up the DagBag from /home/airflow/.local/lib/python3.8/site-packages/airflow/example_dags/example_branch_labels.py
[2025-12-06T09:00:45.407+0000] {processor.py:840} INFO - DAG(s) 'example_branch_labels' retrieved from /home/airflow/.local/lib/python3.8/site-packages/airflow/example_dags/example_branch_labels.py
[2025-12-06T09:00:45.451+0000] {logging_mixin.py:188} INFO - [2025-12-06T09:00:45.450+0000] {dag.py:3036} INFO - Sync 1 DAGs
[2025-12-06T09:00:45.490+0000] {logging_mixin.py:188} INFO - [2025-12-06T09:00:45.489+0000] {dag.py:3823} INFO - Setting next_dagrun for example_branch_labels to 2025-12-05 00:00:00+00:00, run_after=2025-12-06 00:00:00+00:00
[2025-12-06T09:00:45.538+0000] {processor.py:183} INFO - Processing /home/airflow/.local/lib/python3.8/site-packages/airflow/example_dags/example_branch_labels.py took 0.153 seconds
[2025-12-06T09:01:16.265+0000] {processor.py:161} INFO - Started process (PID=687) to work on /home/airflow/.local/lib/python3.8/site-packages/airflow/example_dags/example_branch_labels.py
[2025-12-06T09:01:16.266+0000] {processor.py:830} INFO - Processing file /home/airflow/.local/lib/python3.8/site-packages/airflow/example_dags/example_branch_labels.py for tasks to queue
[2025-12-06T09:01:16.270+0000] {logging_mixin.py:188} INFO - [2025-12-06T09:01:16.270+0000] {dagbag.py:538} INFO - Filling up the DagBag from /home/airflow/.local/lib/python3.8/site-packages/airflow/example_dags/example_branch_labels.py
[2025-12-06T09:01:16.284+0000] {processor.py:840} INFO - DAG(s) 'example_branch_labels' retrieved from /home/airflow/.local/lib/python3.8/site-packages/airflow/example_dags/example_branch_labels.py
[2025-12-06T09:01:16.320+0000] {logging_mixin.py:188} INFO - [2025-12-06T09:01:16.320+0000] {dag.py:3036} INFO - Sync 1 DAGs
[2025-12-06T09:01:16.361+0000] {logging_mixin.py:188} INFO - [2025-12-06T09:01:16.361+0000] {dag.py:3823} INFO - Setting next_dagrun for example_branch_labels to 2025-12-05 00:00:00+00:00, run_after=2025-12-06 00:00:00+00:00
[2025-12-06T09:01:16.394+0000] {processor.py:183} INFO - Processing /home/airflow/.local/lib/python3.8/site-packages/airflow/example_dags/example_branch_labels.py took 0.136 seconds
[2025-12-06T09:01:46.677+0000] {processor.py:161} INFO - Started process (PID=746) to work on /home/airflow/.local/lib/python3.8/site-packages/airflow/example_dags/example_branch_labels.py
[2025-12-06T09:01:46.678+0000] {processor.py:830} INFO - Processing file /home/airflow/.local/lib/python3.8/site-packages/airflow/example_dags/example_branch_labels.py for tasks to queue
[2025-12-06T09:01:46.682+0000] {logging_mixin.py:188} INFO - [2025-12-06T09:01:46.681+0000] {dagbag.py:538} INFO - Filling up the DagBag from /home/airflow/.local/lib/python3.8/site-packages/airflow/example_dags/example_branch_labels.py
[2025-12-06T09:01:46.693+0000] {processor.py:840} INFO - DAG(s) 'example_branch_labels' retrieved from /home/airflow/.local/lib/python3.8/site-packages/airflow/example_dags/example_branch_labels.py
[2025-12-06T09:01:46.740+0000] {logging_mixin.py:188} INFO - [2025-12-06T09:01:46.739+0000] {dag.py:3036} INFO - Sync 1 DAGs
[2025-12-06T09:01:46.776+0000] {logging_mixin.py:188} INFO - [2025-12-06T09:01:46.775+0000] {dag.py:3823} INFO - Setting next_dagrun for example_branch_labels to 2025-12-05 00:00:00+00:00, run_after=2025-12-06 00:00:00+00:00
[2025-12-06T09:01:46.807+0000] {processor.py:183} INFO - Processing /home/airflow/.local/lib/python3.8/site-packages/airflow/example_dags/example_branch_labels.py took 0.135 seconds
[2025-12-06T09:02:17.033+0000] {processor.py:161} INFO - Started process (PID=805) to work on /home/airflow/.local/lib/python3.8/site-packages/airflow/example_dags/example_branch_labels.py
[2025-12-06T09:02:17.038+0000] {processor.py:830} INFO - Processing file /home/airflow/.local/lib/python3.8/site-packages/airflow/example_dags/example_branch_labels.py for tasks to queue
[2025-12-06T09:02:17.041+0000] {logging_mixin.py:188} INFO - [2025-12-06T09:02:17.041+0000] {dagbag.py:538} INFO - Filling up the DagBag from /home/airflow/.local/lib/python3.8/site-packages/airflow/example_dags/example_branch_labels.py
[2025-12-06T09:02:17.054+0000] {processor.py:840} INFO - DAG(s) 'example_branch_labels' retrieved from /home/airflow/.local/lib/python3.8/site-packages/airflow/example_dags/example_branch_labels.py
[2025-12-06T09:02:17.088+0000] {logging_mixin.py:188} INFO - [2025-12-06T09:02:17.088+0000] {dag.py:3036} INFO - Sync 1 DAGs
[2025-12-06T09:02:17.123+0000] {logging_mixin.py:188} INFO - [2025-12-06T09:02:17.122+0000] {dag.py:3823} INFO - Setting next_dagrun for example_branch_labels to 2025-12-05 00:00:00+00:00, run_after=2025-12-06 00:00:00+00:00
[2025-12-06T09:02:17.156+0000] {processor.py:183} INFO - Processing /home/airflow/.local/lib/python3.8/site-packages/airflow/example_dags/example_branch_labels.py took 0.128 seconds
[2025-12-06T09:02:47.473+0000] {processor.py:161} INFO - Started process (PID=864) to work on /home/airflow/.local/lib/python3.8/site-packages/airflow/example_dags/example_branch_labels.py
[2025-12-06T09:02:47.474+0000] {processor.py:830} INFO - Processing file /home/airflow/.local/lib/python3.8/site-packages/airflow/example_dags/example_branch_labels.py for tasks to queue
[2025-12-06T09:02:47.477+0000] {logging_mixin.py:188} INFO - [2025-12-06T09:02:47.476+0000] {dagbag.py:538} INFO - Filling up the DagBag from /home/airflow/.local/lib/python3.8/site-packages/airflow/example_dags/example_branch_labels.py
[2025-12-06T09:02:47.491+0000] {processor.py:840} INFO - DAG(s) 'example_branch_labels' retrieved from /home/airflow/.local/lib/python3.8/site-packages/airflow/example_dags/example_branch_labels.py
[2025-12-06T09:02:47.528+0000] {logging_mixin.py:188} INFO - [2025-12-06T09:02:47.528+0000] {dag.py:3036} INFO - Sync 1 DAGs
[2025-12-06T09:02:47.562+0000] {logging_mixin.py:188} INFO - [2025-12-06T09:02:47.561+0000] {dag.py:3823} INFO - Setting next_dagrun for example_branch_labels to 2025-12-05 00:00:00+00:00, run_after=2025-12-06 00:00:00+00:00
[2025-12-06T09:02:47.594+0000] {processor.py:183} INFO - Processing /home/airflow/.local/lib/python3.8/site-packages/airflow/example_dags/example_branch_labels.py took 0.126 seconds
[2025-12-06T09:03:17.844+0000] {processor.py:161} INFO - Started process (PID=923) to work on /home/airflow/.local/lib/python3.8/site-packages/airflow/example_dags/example_branch_labels.py
[2025-12-06T09:03:17.846+0000] {processor.py:830} INFO - Processing file /home/airflow/.local/lib/python3.8/site-packages/airflow/example_dags/example_branch_labels.py for tasks to queue
[2025-12-06T09:03:17.849+0000] {logging_mixin.py:188} INFO - [2025-12-06T09:03:17.849+0000] {dagbag.py:538} INFO - Filling up the DagBag from /home/airflow/.local/lib/python3.8/site-packages/airflow/example_dags/example_branch_labels.py
[2025-12-06T09:03:17.860+0000] {processor.py:840} INFO - DAG(s) 'example_branch_labels' retrieved from /home/airflow/.local/lib/python3.8/site-packages/airflow/example_dags/example_branch_labels.py
[2025-12-06T09:03:17.897+0000] {logging_mixin.py:188} INFO - [2025-12-06T09:03:17.896+0000] {dag.py:3036} INFO - Sync 1 DAGs
[2025-12-06T09:03:17.932+0000] {logging_mixin.py:188} INFO - [2025-12-06T09:03:17.932+0000] {dag.py:3823} INFO - Setting next_dagrun for example_branch_labels to 2025-12-05 00:00:00+00:00, run_after=2025-12-06 00:00:00+00:00
[2025-12-06T09:03:17.963+0000] {processor.py:183} INFO - Processing /home/airflow/.local/lib/python3.8/site-packages/airflow/example_dags/example_branch_labels.py took 0.124 seconds
[2025-12-06T09:03:48.199+0000] {processor.py:161} INFO - Started process (PID=982) to work on /home/airflow/.local/lib/python3.8/site-packages/airflow/example_dags/example_branch_labels.py
[2025-12-06T09:03:48.201+0000] {processor.py:830} INFO - Processing file /home/airflow/.local/lib/python3.8/site-packages/airflow/example_dags/example_branch_labels.py for tasks to queue
[2025-12-06T09:03:48.204+0000] {logging_mixin.py:188} INFO - [2025-12-06T09:03:48.203+0000] {dagbag.py:538} INFO - Filling up the DagBag from /home/airflow/.local/lib/python3.8/site-packages/airflow/example_dags/example_branch_labels.py
[2025-12-06T09:03:48.214+0000] {processor.py:840} INFO - DAG(s) 'example_branch_labels' retrieved from /home/airflow/.local/lib/python3.8/site-packages/airflow/example_dags/example_branch_labels.py
[2025-12-06T09:03:48.242+0000] {logging_mixin.py:188} INFO - [2025-12-06T09:03:48.242+0000] {dag.py:3036} INFO - Sync 1 DAGs
[2025-12-06T09:03:48.274+0000] {logging_mixin.py:188} INFO - [2025-12-06T09:03:48.274+0000] {dag.py:3823} INFO - Setting next_dagrun for example_branch_labels to 2025-12-05 00:00:00+00:00, run_after=2025-12-06 00:00:00+00:00
[2025-12-06T09:03:48.301+0000] {processor.py:183} INFO - Processing /home/airflow/.local/lib/python3.8/site-packages/airflow/example_dags/example_branch_labels.py took 0.107 seconds
[2025-12-06T09:04:18.924+0000] {processor.py:161} INFO - Started process (PID=1041) to work on /home/airflow/.local/lib/python3.8/site-packages/airflow/example_dags/example_branch_labels.py
[2025-12-06T09:04:18.928+0000] {processor.py:830} INFO - Processing file /home/airflow/.local/lib/python3.8/site-packages/airflow/example_dags/example_branch_labels.py for tasks to queue
[2025-12-06T09:04:18.932+0000] {logging_mixin.py:188} INFO - [2025-12-06T09:04:18.931+0000] {dagbag.py:538} INFO - Filling up the DagBag from /home/airflow/.local/lib/python3.8/site-packages/airflow/example_dags/example_branch_labels.py
[2025-12-06T09:04:18.946+0000] {processor.py:840} INFO - DAG(s) 'example_branch_labels' retrieved from /home/airflow/.local/lib/python3.8/site-packages/airflow/example_dags/example_branch_labels.py
[2025-12-06T09:04:18.988+0000] {logging_mixin.py:188} INFO - [2025-12-06T09:04:18.988+0000] {dag.py:3036} INFO - Sync 1 DAGs
[2025-12-06T09:04:19.026+0000] {logging_mixin.py:188} INFO - [2025-12-06T09:04:19.026+0000] {dag.py:3823} INFO - Setting next_dagrun for example_branch_labels to 2025-12-05 00:00:00+00:00, run_after=2025-12-06 00:00:00+00:00
[2025-12-06T09:04:19.064+0000] {processor.py:183} INFO - Processing /home/airflow/.local/lib/python3.8/site-packages/airflow/example_dags/example_branch_labels.py took 0.146 seconds
[2025-12-06T09:04:50.004+0000] {processor.py:161} INFO - Started process (PID=1100) to work on /home/airflow/.local/lib/python3.8/site-packages/airflow/example_dags/example_branch_labels.py
[2025-12-06T09:04:50.005+0000] {processor.py:830} INFO - Processing file /home/airflow/.local/lib/python3.8/site-packages/airflow/example_dags/example_branch_labels.py for tasks to queue
[2025-12-06T09:04:50.009+0000] {logging_mixin.py:188} INFO - [2025-12-06T09:04:50.009+0000] {dagbag.py:538} INFO - Filling up the DagBag from /home/airflow/.local/lib/python3.8/site-packages/airflow/example_dags/example_branch_labels.py
[2025-12-06T09:04:50.020+0000] {processor.py:840} INFO - DAG(s) 'example_branch_labels' retrieved from /home/airflow/.local/lib/python3.8/site-packages/airflow/example_dags/example_branch_labels.py
[2025-12-06T09:04:50.055+0000] {logging_mixin.py:188} INFO - [2025-12-06T09:04:50.054+0000] {dag.py:3036} INFO - Sync 1 DAGs
[2025-12-06T09:04:50.088+0000] {logging_mixin.py:188} INFO - [2025-12-06T09:04:50.087+0000] {dag.py:3823} INFO - Setting next_dagrun for example_branch_labels to 2025-12-05 00:00:00+00:00, run_after=2025-12-06 00:00:00+00:00
[2025-12-06T09:04:50.120+0000] {processor.py:183} INFO - Processing /home/airflow/.local/lib/python3.8/site-packages/airflow/example_dags/example_branch_labels.py took 0.121 seconds
[2025-12-06T09:05:20.577+0000] {processor.py:161} INFO - Started process (PID=1159) to work on /home/airflow/.local/lib/python3.8/site-packages/airflow/example_dags/example_branch_labels.py
[2025-12-06T09:05:20.579+0000] {processor.py:830} INFO - Processing file /home/airflow/.local/lib/python3.8/site-packages/airflow/example_dags/example_branch_labels.py for tasks to queue
[2025-12-06T09:05:20.581+0000] {logging_mixin.py:188} INFO - [2025-12-06T09:05:20.581+0000] {dagbag.py:538} INFO - Filling up the DagBag from /home/airflow/.local/lib/python3.8/site-packages/airflow/example_dags/example_branch_labels.py
[2025-12-06T09:05:20.594+0000] {processor.py:840} INFO - DAG(s) 'example_branch_labels' retrieved from /home/airflow/.local/lib/python3.8/site-packages/airflow/example_dags/example_branch_labels.py
[2025-12-06T09:05:20.633+0000] {logging_mixin.py:188} INFO - [2025-12-06T09:05:20.632+0000] {dag.py:3036} INFO - Sync 1 DAGs
[2025-12-06T09:05:20.666+0000] {logging_mixin.py:188} INFO - [2025-12-06T09:05:20.666+0000] {dag.py:3823} INFO - Setting next_dagrun for example_branch_labels to 2025-12-05 00:00:00+00:00, run_after=2025-12-06 00:00:00+00:00
[2025-12-06T09:05:20.698+0000] {processor.py:183} INFO - Processing /home/airflow/.local/lib/python3.8/site-packages/airflow/example_dags/example_branch_labels.py took 0.125 seconds
[2025-12-06T09:05:51.110+0000] {processor.py:161} INFO - Started process (PID=1219) to work on /home/airflow/.local/lib/python3.8/site-packages/airflow/example_dags/example_branch_labels.py
[2025-12-06T09:05:51.112+0000] {processor.py:830} INFO - Processing file /home/airflow/.local/lib/python3.8/site-packages/airflow/example_dags/example_branch_labels.py for tasks to queue
[2025-12-06T09:05:51.116+0000] {logging_mixin.py:188} INFO - [2025-12-06T09:05:51.116+0000] {dagbag.py:538} INFO - Filling up the DagBag from /home/airflow/.local/lib/python3.8/site-packages/airflow/example_dags/example_branch_labels.py
[2025-12-06T09:05:51.134+0000] {processor.py:840} INFO - DAG(s) 'example_branch_labels' retrieved from /home/airflow/.local/lib/python3.8/site-packages/airflow/example_dags/example_branch_labels.py
[2025-12-06T09:05:51.175+0000] {logging_mixin.py:188} INFO - [2025-12-06T09:05:51.174+0000] {dag.py:3036} INFO - Sync 1 DAGs
[2025-12-06T09:05:51.215+0000] {logging_mixin.py:188} INFO - [2025-12-06T09:05:51.214+0000] {dag.py:3823} INFO - Setting next_dagrun for example_branch_labels to 2025-12-05 00:00:00+00:00, run_after=2025-12-06 00:00:00+00:00
[2025-12-06T09:05:51.253+0000] {processor.py:183} INFO - Processing /home/airflow/.local/lib/python3.8/site-packages/airflow/example_dags/example_branch_labels.py took 0.151 seconds
[2025-12-06T09:06:21.562+0000] {processor.py:161} INFO - Started process (PID=1278) to work on /home/airflow/.local/lib/python3.8/site-packages/airflow/example_dags/example_branch_labels.py
[2025-12-06T09:06:21.563+0000] {processor.py:830} INFO - Processing file /home/airflow/.local/lib/python3.8/site-packages/airflow/example_dags/example_branch_labels.py for tasks to queue
[2025-12-06T09:06:21.567+0000] {logging_mixin.py:188} INFO - [2025-12-06T09:06:21.566+0000] {dagbag.py:538} INFO - Filling up the DagBag from /home/airflow/.local/lib/python3.8/site-packages/airflow/example_dags/example_branch_labels.py
[2025-12-06T09:06:21.578+0000] {processor.py:840} INFO - DAG(s) 'example_branch_labels' retrieved from /home/airflow/.local/lib/python3.8/site-packages/airflow/example_dags/example_branch_labels.py
[2025-12-06T09:06:21.618+0000] {logging_mixin.py:188} INFO - [2025-12-06T09:06:21.618+0000] {dag.py:3036} INFO - Sync 1 DAGs
[2025-12-06T09:06:21.658+0000] {logging_mixin.py:188} INFO - [2025-12-06T09:06:21.657+0000] {dag.py:3823} INFO - Setting next_dagrun for example_branch_labels to 2025-12-05 00:00:00+00:00, run_after=2025-12-06 00:00:00+00:00
[2025-12-06T09:06:21.692+0000] {processor.py:183} INFO - Processing /home/airflow/.local/lib/python3.8/site-packages/airflow/example_dags/example_branch_labels.py took 0.135 seconds
[2025-12-06T09:06:52.147+0000] {processor.py:161} INFO - Started process (PID=1338) to work on /home/airflow/.local/lib/python3.8/site-packages/airflow/example_dags/example_branch_labels.py
[2025-12-06T09:06:52.148+0000] {processor.py:830} INFO - Processing file /home/airflow/.local/lib/python3.8/site-packages/airflow/example_dags/example_branch_labels.py for tasks to queue
[2025-12-06T09:06:52.151+0000] {logging_mixin.py:188} INFO - [2025-12-06T09:06:52.150+0000] {dagbag.py:538} INFO - Filling up the DagBag from /home/airflow/.local/lib/python3.8/site-packages/airflow/example_dags/example_branch_labels.py
[2025-12-06T09:06:52.162+0000] {processor.py:840} INFO - DAG(s) 'example_branch_labels' retrieved from /home/airflow/.local/lib/python3.8/site-packages/airflow/example_dags/example_branch_labels.py
[2025-12-06T09:06:52.192+0000] {logging_mixin.py:188} INFO - [2025-12-06T09:06:52.191+0000] {dag.py:3036} INFO - Sync 1 DAGs
[2025-12-06T09:06:52.226+0000] {logging_mixin.py:188} INFO - [2025-12-06T09:06:52.225+0000] {dag.py:3823} INFO - Setting next_dagrun for example_branch_labels to 2025-12-05 00:00:00+00:00, run_after=2025-12-06 00:00:00+00:00
[2025-12-06T09:06:52.259+0000] {processor.py:183} INFO - Processing /home/airflow/.local/lib/python3.8/site-packages/airflow/example_dags/example_branch_labels.py took 0.116 seconds
[2025-12-06T09:07:22.535+0000] {processor.py:161} INFO - Started process (PID=1397) to work on /home/airflow/.local/lib/python3.8/site-packages/airflow/example_dags/example_branch_labels.py
[2025-12-06T09:07:22.536+0000] {processor.py:830} INFO - Processing file /home/airflow/.local/lib/python3.8/site-packages/airflow/example_dags/example_branch_labels.py for tasks to queue
[2025-12-06T09:07:22.544+0000] {logging_mixin.py:188} INFO - [2025-12-06T09:07:22.543+0000] {dagbag.py:538} INFO - Filling up the DagBag from /home/airflow/.local/lib/python3.8/site-packages/airflow/example_dags/example_branch_labels.py
[2025-12-06T09:07:22.571+0000] {processor.py:840} INFO - DAG(s) 'example_branch_labels' retrieved from /home/airflow/.local/lib/python3.8/site-packages/airflow/example_dags/example_branch_labels.py
[2025-12-06T09:07:22.618+0000] {logging_mixin.py:188} INFO - [2025-12-06T09:07:22.617+0000] {dag.py:3036} INFO - Sync 1 DAGs
[2025-12-06T09:07:22.655+0000] {logging_mixin.py:188} INFO - [2025-12-06T09:07:22.655+0000] {dag.py:3823} INFO - Setting next_dagrun for example_branch_labels to 2025-12-05 00:00:00+00:00, run_after=2025-12-06 00:00:00+00:00
[2025-12-06T09:07:22.691+0000] {processor.py:183} INFO - Processing /home/airflow/.local/lib/python3.8/site-packages/airflow/example_dags/example_branch_labels.py took 0.164 seconds
[2025-12-06T09:07:53.163+0000] {processor.py:161} INFO - Started process (PID=1456) to work on /home/airflow/.local/lib/python3.8/site-packages/airflow/example_dags/example_branch_labels.py
[2025-12-06T09:07:53.164+0000] {processor.py:830} INFO - Processing file /home/airflow/.local/lib/python3.8/site-packages/airflow/example_dags/example_branch_labels.py for tasks to queue
[2025-12-06T09:07:53.167+0000] {logging_mixin.py:188} INFO - [2025-12-06T09:07:53.167+0000] {dagbag.py:538} INFO - Filling up the DagBag from /home/airflow/.local/lib/python3.8/site-packages/airflow/example_dags/example_branch_labels.py
[2025-12-06T09:07:53.177+0000] {processor.py:840} INFO - DAG(s) 'example_branch_labels' retrieved from /home/airflow/.local/lib/python3.8/site-packages/airflow/example_dags/example_branch_labels.py
[2025-12-06T09:07:53.207+0000] {logging_mixin.py:188} INFO - [2025-12-06T09:07:53.207+0000] {dag.py:3036} INFO - Sync 1 DAGs
[2025-12-06T09:07:53.239+0000] {logging_mixin.py:188} INFO - [2025-12-06T09:07:53.238+0000] {dag.py:3823} INFO - Setting next_dagrun for example_branch_labels to 2025-12-05 00:00:00+00:00, run_after=2025-12-06 00:00:00+00:00
[2025-12-06T09:07:53.269+0000] {processor.py:183} INFO - Processing /home/airflow/.local/lib/python3.8/site-packages/airflow/example_dags/example_branch_labels.py took 0.110 seconds
[2025-12-06T09:08:23.630+0000] {processor.py:161} INFO - Started process (PID=1515) to work on /home/airflow/.local/lib/python3.8/site-packages/airflow/example_dags/example_branch_labels.py
[2025-12-06T09:08:23.632+0000] {processor.py:830} INFO - Processing file /home/airflow/.local/lib/python3.8/site-packages/airflow/example_dags/example_branch_labels.py for tasks to queue
[2025-12-06T09:08:23.635+0000] {logging_mixin.py:188} INFO - [2025-12-06T09:08:23.635+0000] {dagbag.py:538} INFO - Filling up the DagBag from /home/airflow/.local/lib/python3.8/site-packages/airflow/example_dags/example_branch_labels.py
[2025-12-06T09:08:23.648+0000] {processor.py:840} INFO - DAG(s) 'example_branch_labels' retrieved from /home/airflow/.local/lib/python3.8/site-packages/airflow/example_dags/example_branch_labels.py
[2025-12-06T09:08:23.682+0000] {logging_mixin.py:188} INFO - [2025-12-06T09:08:23.682+0000] {dag.py:3036} INFO - Sync 1 DAGs
[2025-12-06T09:08:23.720+0000] {logging_mixin.py:188} INFO - [2025-12-06T09:08:23.720+0000] {dag.py:3823} INFO - Setting next_dagrun for example_branch_labels to 2025-12-05 00:00:00+00:00, run_after=2025-12-06 00:00:00+00:00
[2025-12-06T09:08:23.752+0000] {processor.py:183} INFO - Processing /home/airflow/.local/lib/python3.8/site-packages/airflow/example_dags/example_branch_labels.py took 0.126 seconds
[2025-12-06T09:08:54.047+0000] {processor.py:161} INFO - Started process (PID=1575) to work on /home/airflow/.local/lib/python3.8/site-packages/airflow/example_dags/example_branch_labels.py
[2025-12-06T09:08:54.048+0000] {processor.py:830} INFO - Processing file /home/airflow/.local/lib/python3.8/site-packages/airflow/example_dags/example_branch_labels.py for tasks to queue
[2025-12-06T09:08:54.051+0000] {logging_mixin.py:188} INFO - [2025-12-06T09:08:54.051+0000] {dagbag.py:538} INFO - Filling up the DagBag from /home/airflow/.local/lib/python3.8/site-packages/airflow/example_dags/example_branch_labels.py
[2025-12-06T09:08:54.064+0000] {processor.py:840} INFO - DAG(s) 'example_branch_labels' retrieved from /home/airflow/.local/lib/python3.8/site-packages/airflow/example_dags/example_branch_labels.py
[2025-12-06T09:08:54.098+0000] {logging_mixin.py:188} INFO - [2025-12-06T09:08:54.097+0000] {dag.py:3036} INFO - Sync 1 DAGs
[2025-12-06T09:08:54.134+0000] {logging_mixin.py:188} INFO - [2025-12-06T09:08:54.134+0000] {dag.py:3823} INFO - Setting next_dagrun for example_branch_labels to 2025-12-05 00:00:00+00:00, run_after=2025-12-06 00:00:00+00:00
[2025-12-06T09:08:54.167+0000] {processor.py:183} INFO - Processing /home/airflow/.local/lib/python3.8/site-packages/airflow/example_dags/example_branch_labels.py took 0.125 seconds
[2025-12-06T09:09:24.858+0000] {processor.py:161} INFO - Started process (PID=1634) to work on /home/airflow/.local/lib/python3.8/site-packages/airflow/example_dags/example_branch_labels.py
[2025-12-06T09:09:24.860+0000] {processor.py:830} INFO - Processing file /home/airflow/.local/lib/python3.8/site-packages/airflow/example_dags/example_branch_labels.py for tasks to queue
[2025-12-06T09:09:24.864+0000] {logging_mixin.py:188} INFO - [2025-12-06T09:09:24.863+0000] {dagbag.py:538} INFO - Filling up the DagBag from /home/airflow/.local/lib/python3.8/site-packages/airflow/example_dags/example_branch_labels.py
[2025-12-06T09:09:24.877+0000] {processor.py:840} INFO - DAG(s) 'example_branch_labels' retrieved from /home/airflow/.local/lib/python3.8/site-packages/airflow/example_dags/example_branch_labels.py
[2025-12-06T09:09:24.922+0000] {logging_mixin.py:188} INFO - [2025-12-06T09:09:24.922+0000] {dag.py:3036} INFO - Sync 1 DAGs
[2025-12-06T09:09:24.968+0000] {logging_mixin.py:188} INFO - [2025-12-06T09:09:24.967+0000] {dag.py:3823} INFO - Setting next_dagrun for example_branch_labels to 2025-12-05 00:00:00+00:00, run_after=2025-12-06 00:00:00+00:00
[2025-12-06T09:09:25.000+0000] {processor.py:183} INFO - Processing /home/airflow/.local/lib/python3.8/site-packages/airflow/example_dags/example_branch_labels.py took 0.148 seconds
[2025-12-06T09:09:55.059+0000] {processor.py:161} INFO - Started process (PID=1693) to work on /home/airflow/.local/lib/python3.8/site-packages/airflow/example_dags/example_branch_labels.py
[2025-12-06T09:09:55.060+0000] {processor.py:830} INFO - Processing file /home/airflow/.local/lib/python3.8/site-packages/airflow/example_dags/example_branch_labels.py for tasks to queue
[2025-12-06T09:09:55.063+0000] {logging_mixin.py:188} INFO - [2025-12-06T09:09:55.062+0000] {dagbag.py:538} INFO - Filling up the DagBag from /home/airflow/.local/lib/python3.8/site-packages/airflow/example_dags/example_branch_labels.py
[2025-12-06T09:09:55.073+0000] {processor.py:840} INFO - DAG(s) 'example_branch_labels' retrieved from /home/airflow/.local/lib/python3.8/site-packages/airflow/example_dags/example_branch_labels.py
[2025-12-06T09:09:55.101+0000] {logging_mixin.py:188} INFO - [2025-12-06T09:09:55.100+0000] {dag.py:3036} INFO - Sync 1 DAGs
[2025-12-06T09:09:55.133+0000] {logging_mixin.py:188} INFO - [2025-12-06T09:09:55.133+0000] {dag.py:3823} INFO - Setting next_dagrun for example_branch_labels to 2025-12-05 00:00:00+00:00, run_after=2025-12-06 00:00:00+00:00
[2025-12-06T09:09:55.166+0000] {processor.py:183} INFO - Processing /home/airflow/.local/lib/python3.8/site-packages/airflow/example_dags/example_branch_labels.py took 0.110 seconds
[2025-12-06T09:10:25.306+0000] {processor.py:161} INFO - Started process (PID=1752) to work on /home/airflow/.local/lib/python3.8/site-packages/airflow/example_dags/example_branch_labels.py
[2025-12-06T09:10:25.308+0000] {processor.py:830} INFO - Processing file /home/airflow/.local/lib/python3.8/site-packages/airflow/example_dags/example_branch_labels.py for tasks to queue
[2025-12-06T09:10:25.310+0000] {logging_mixin.py:188} INFO - [2025-12-06T09:10:25.310+0000] {dagbag.py:538} INFO - Filling up the DagBag from /home/airflow/.local/lib/python3.8/site-packages/airflow/example_dags/example_branch_labels.py
[2025-12-06T09:10:25.323+0000] {processor.py:840} INFO - DAG(s) 'example_branch_labels' retrieved from /home/airflow/.local/lib/python3.8/site-packages/airflow/example_dags/example_branch_labels.py
[2025-12-06T09:10:25.356+0000] {logging_mixin.py:188} INFO - [2025-12-06T09:10:25.355+0000] {dag.py:3036} INFO - Sync 1 DAGs
[2025-12-06T09:10:25.388+0000] {logging_mixin.py:188} INFO - [2025-12-06T09:10:25.388+0000] {dag.py:3823} INFO - Setting next_dagrun for example_branch_labels to 2025-12-05 00:00:00+00:00, run_after=2025-12-06 00:00:00+00:00
[2025-12-06T09:10:25.419+0000] {processor.py:183} INFO - Processing /home/airflow/.local/lib/python3.8/site-packages/airflow/example_dags/example_branch_labels.py took 0.117 seconds
[2025-12-06T09:10:55.487+0000] {processor.py:161} INFO - Started process (PID=1811) to work on /home/airflow/.local/lib/python3.8/site-packages/airflow/example_dags/example_branch_labels.py
[2025-12-06T09:10:55.488+0000] {processor.py:830} INFO - Processing file /home/airflow/.local/lib/python3.8/site-packages/airflow/example_dags/example_branch_labels.py for tasks to queue
[2025-12-06T09:10:55.491+0000] {logging_mixin.py:188} INFO - [2025-12-06T09:10:55.491+0000] {dagbag.py:538} INFO - Filling up the DagBag from /home/airflow/.local/lib/python3.8/site-packages/airflow/example_dags/example_branch_labels.py
[2025-12-06T09:10:55.502+0000] {processor.py:840} INFO - DAG(s) 'example_branch_labels' retrieved from /home/airflow/.local/lib/python3.8/site-packages/airflow/example_dags/example_branch_labels.py
[2025-12-06T09:10:55.535+0000] {logging_mixin.py:188} INFO - [2025-12-06T09:10:55.535+0000] {dag.py:3036} INFO - Sync 1 DAGs
[2025-12-06T09:10:55.563+0000] {logging_mixin.py:188} INFO - [2025-12-06T09:10:55.563+0000] {dag.py:3823} INFO - Setting next_dagrun for example_branch_labels to 2025-12-05 00:00:00+00:00, run_after=2025-12-06 00:00:00+00:00
[2025-12-06T09:10:55.593+0000] {processor.py:183} INFO - Processing /home/airflow/.local/lib/python3.8/site-packages/airflow/example_dags/example_branch_labels.py took 0.111 seconds
[2025-12-06T09:11:26.180+0000] {processor.py:161} INFO - Started process (PID=1870) to work on /home/airflow/.local/lib/python3.8/site-packages/airflow/example_dags/example_branch_labels.py
[2025-12-06T09:11:26.182+0000] {processor.py:830} INFO - Processing file /home/airflow/.local/lib/python3.8/site-packages/airflow/example_dags/example_branch_labels.py for tasks to queue
[2025-12-06T09:11:26.186+0000] {logging_mixin.py:188} INFO - [2025-12-06T09:11:26.186+0000] {dagbag.py:538} INFO - Filling up the DagBag from /home/airflow/.local/lib/python3.8/site-packages/airflow/example_dags/example_branch_labels.py
[2025-12-06T09:11:26.198+0000] {processor.py:840} INFO - DAG(s) 'example_branch_labels' retrieved from /home/airflow/.local/lib/python3.8/site-packages/airflow/example_dags/example_branch_labels.py
[2025-12-06T09:11:26.230+0000] {logging_mixin.py:188} INFO - [2025-12-06T09:11:26.230+0000] {dag.py:3036} INFO - Sync 1 DAGs
[2025-12-06T09:11:26.262+0000] {logging_mixin.py:188} INFO - [2025-12-06T09:11:26.261+0000] {dag.py:3823} INFO - Setting next_dagrun for example_branch_labels to 2025-12-05 00:00:00+00:00, run_after=2025-12-06 00:00:00+00:00
[2025-12-06T09:11:26.294+0000] {processor.py:183} INFO - Processing /home/airflow/.local/lib/python3.8/site-packages/airflow/example_dags/example_branch_labels.py took 0.118 seconds
[2025-12-06T09:11:56.464+0000] {processor.py:161} INFO - Started process (PID=1929) to work on /home/airflow/.local/lib/python3.8/site-packages/airflow/example_dags/example_branch_labels.py
[2025-12-06T09:11:56.466+0000] {processor.py:830} INFO - Processing file /home/airflow/.local/lib/python3.8/site-packages/airflow/example_dags/example_branch_labels.py for tasks to queue
[2025-12-06T09:11:56.468+0000] {logging_mixin.py:188} INFO - [2025-12-06T09:11:56.468+0000] {dagbag.py:538} INFO - Filling up the DagBag from /home/airflow/.local/lib/python3.8/site-packages/airflow/example_dags/example_branch_labels.py
[2025-12-06T09:11:56.480+0000] {processor.py:840} INFO - DAG(s) 'example_branch_labels' retrieved from /home/airflow/.local/lib/python3.8/site-packages/airflow/example_dags/example_branch_labels.py
[2025-12-06T09:11:56.515+0000] {logging_mixin.py:188} INFO - [2025-12-06T09:11:56.514+0000] {dag.py:3036} INFO - Sync 1 DAGs
[2025-12-06T09:11:56.547+0000] {logging_mixin.py:188} INFO - [2025-12-06T09:11:56.547+0000] {dag.py:3823} INFO - Setting next_dagrun for example_branch_labels to 2025-12-05 00:00:00+00:00, run_after=2025-12-06 00:00:00+00:00
[2025-12-06T09:11:56.581+0000] {processor.py:183} INFO - Processing /home/airflow/.local/lib/python3.8/site-packages/airflow/example_dags/example_branch_labels.py took 0.121 seconds
[2025-12-06T09:12:26.920+0000] {processor.py:161} INFO - Started process (PID=1988) to work on /home/airflow/.local/lib/python3.8/site-packages/airflow/example_dags/example_branch_labels.py
[2025-12-06T09:12:26.921+0000] {processor.py:830} INFO - Processing file /home/airflow/.local/lib/python3.8/site-packages/airflow/example_dags/example_branch_labels.py for tasks to queue
[2025-12-06T09:12:26.924+0000] {logging_mixin.py:188} INFO - [2025-12-06T09:12:26.923+0000] {dagbag.py:538} INFO - Filling up the DagBag from /home/airflow/.local/lib/python3.8/site-packages/airflow/example_dags/example_branch_labels.py
[2025-12-06T09:12:26.937+0000] {processor.py:840} INFO - DAG(s) 'example_branch_labels' retrieved from /home/airflow/.local/lib/python3.8/site-packages/airflow/example_dags/example_branch_labels.py
[2025-12-06T09:12:26.968+0000] {logging_mixin.py:188} INFO - [2025-12-06T09:12:26.968+0000] {dag.py:3036} INFO - Sync 1 DAGs
[2025-12-06T09:12:27.005+0000] {logging_mixin.py:188} INFO - [2025-12-06T09:12:27.004+0000] {dag.py:3823} INFO - Setting next_dagrun for example_branch_labels to 2025-12-05 00:00:00+00:00, run_after=2025-12-06 00:00:00+00:00
[2025-12-06T09:12:27.039+0000] {processor.py:183} INFO - Processing /home/airflow/.local/lib/python3.8/site-packages/airflow/example_dags/example_branch_labels.py took 0.126 seconds
[2025-12-06T09:12:57.766+0000] {processor.py:161} INFO - Started process (PID=2047) to work on /home/airflow/.local/lib/python3.8/site-packages/airflow/example_dags/example_branch_labels.py
[2025-12-06T09:12:57.768+0000] {processor.py:830} INFO - Processing file /home/airflow/.local/lib/python3.8/site-packages/airflow/example_dags/example_branch_labels.py for tasks to queue
[2025-12-06T09:12:57.771+0000] {logging_mixin.py:188} INFO - [2025-12-06T09:12:57.771+0000] {dagbag.py:538} INFO - Filling up the DagBag from /home/airflow/.local/lib/python3.8/site-packages/airflow/example_dags/example_branch_labels.py
[2025-12-06T09:12:57.789+0000] {processor.py:840} INFO - DAG(s) 'example_branch_labels' retrieved from /home/airflow/.local/lib/python3.8/site-packages/airflow/example_dags/example_branch_labels.py
[2025-12-06T09:12:57.830+0000] {logging_mixin.py:188} INFO - [2025-12-06T09:12:57.829+0000] {dag.py:3036} INFO - Sync 1 DAGs
[2025-12-06T09:12:57.867+0000] {logging_mixin.py:188} INFO - [2025-12-06T09:12:57.867+0000] {dag.py:3823} INFO - Setting next_dagrun for example_branch_labels to 2025-12-05 00:00:00+00:00, run_after=2025-12-06 00:00:00+00:00
[2025-12-06T09:12:57.897+0000] {processor.py:183} INFO - Processing /home/airflow/.local/lib/python3.8/site-packages/airflow/example_dags/example_branch_labels.py took 0.137 seconds
[2025-12-06T09:13:28.384+0000] {processor.py:161} INFO - Started process (PID=2106) to work on /home/airflow/.local/lib/python3.8/site-packages/airflow/example_dags/example_branch_labels.py
[2025-12-06T09:13:28.386+0000] {processor.py:830} INFO - Processing file /home/airflow/.local/lib/python3.8/site-packages/airflow/example_dags/example_branch_labels.py for tasks to queue
[2025-12-06T09:13:28.389+0000] {logging_mixin.py:188} INFO - [2025-12-06T09:13:28.389+0000] {dagbag.py:538} INFO - Filling up the DagBag from /home/airflow/.local/lib/python3.8/site-packages/airflow/example_dags/example_branch_labels.py
[2025-12-06T09:13:28.400+0000] {processor.py:840} INFO - DAG(s) 'example_branch_labels' retrieved from /home/airflow/.local/lib/python3.8/site-packages/airflow/example_dags/example_branch_labels.py
[2025-12-06T09:13:28.434+0000] {logging_mixin.py:188} INFO - [2025-12-06T09:13:28.433+0000] {dag.py:3036} INFO - Sync 1 DAGs
[2025-12-06T09:13:28.465+0000] {logging_mixin.py:188} INFO - [2025-12-06T09:13:28.465+0000] {dag.py:3823} INFO - Setting next_dagrun for example_branch_labels to 2025-12-05 00:00:00+00:00, run_after=2025-12-06 00:00:00+00:00
[2025-12-06T09:13:28.495+0000] {processor.py:183} INFO - Processing /home/airflow/.local/lib/python3.8/site-packages/airflow/example_dags/example_branch_labels.py took 0.116 seconds
[2025-12-06T09:13:58.670+0000] {processor.py:161} INFO - Started process (PID=2165) to work on /home/airflow/.local/lib/python3.8/site-packages/airflow/example_dags/example_branch_labels.py
[2025-12-06T09:13:58.672+0000] {processor.py:830} INFO - Processing file /home/airflow/.local/lib/python3.8/site-packages/airflow/example_dags/example_branch_labels.py for tasks to queue
[2025-12-06T09:13:58.674+0000] {logging_mixin.py:188} INFO - [2025-12-06T09:13:58.674+0000] {dagbag.py:538} INFO - Filling up the DagBag from /home/airflow/.local/lib/python3.8/site-packages/airflow/example_dags/example_branch_labels.py
[2025-12-06T09:13:58.684+0000] {processor.py:840} INFO - DAG(s) 'example_branch_labels' retrieved from /home/airflow/.local/lib/python3.8/site-packages/airflow/example_dags/example_branch_labels.py
[2025-12-06T09:13:58.715+0000] {logging_mixin.py:188} INFO - [2025-12-06T09:13:58.714+0000] {dag.py:3036} INFO - Sync 1 DAGs
[2025-12-06T09:13:58.744+0000] {logging_mixin.py:188} INFO - [2025-12-06T09:13:58.744+0000] {dag.py:3823} INFO - Setting next_dagrun for example_branch_labels to 2025-12-05 00:00:00+00:00, run_after=2025-12-06 00:00:00+00:00
[2025-12-06T09:13:58.775+0000] {processor.py:183} INFO - Processing /home/airflow/.local/lib/python3.8/site-packages/airflow/example_dags/example_branch_labels.py took 0.110 seconds
[2025-12-06T09:14:29.047+0000] {processor.py:161} INFO - Started process (PID=2224) to work on /home/airflow/.local/lib/python3.8/site-packages/airflow/example_dags/example_branch_labels.py
[2025-12-06T09:14:29.048+0000] {processor.py:830} INFO - Processing file /home/airflow/.local/lib/python3.8/site-packages/airflow/example_dags/example_branch_labels.py for tasks to queue
[2025-12-06T09:14:29.051+0000] {logging_mixin.py:188} INFO - [2025-12-06T09:14:29.050+0000] {dagbag.py:538} INFO - Filling up the DagBag from /home/airflow/.local/lib/python3.8/site-packages/airflow/example_dags/example_branch_labels.py
[2025-12-06T09:14:29.062+0000] {processor.py:840} INFO - DAG(s) 'example_branch_labels' retrieved from /home/airflow/.local/lib/python3.8/site-packages/airflow/example_dags/example_branch_labels.py
[2025-12-06T09:14:29.096+0000] {logging_mixin.py:188} INFO - [2025-12-06T09:14:29.095+0000] {dag.py:3036} INFO - Sync 1 DAGs
[2025-12-06T09:14:29.127+0000] {logging_mixin.py:188} INFO - [2025-12-06T09:14:29.127+0000] {dag.py:3823} INFO - Setting next_dagrun for example_branch_labels to 2025-12-05 00:00:00+00:00, run_after=2025-12-06 00:00:00+00:00
[2025-12-06T09:14:29.158+0000] {processor.py:183} INFO - Processing /home/airflow/.local/lib/python3.8/site-packages/airflow/example_dags/example_branch_labels.py took 0.116 seconds
[2025-12-06T09:14:59.338+0000] {processor.py:161} INFO - Started process (PID=2283) to work on /home/airflow/.local/lib/python3.8/site-packages/airflow/example_dags/example_branch_labels.py
[2025-12-06T09:14:59.341+0000] {processor.py:830} INFO - Processing file /home/airflow/.local/lib/python3.8/site-packages/airflow/example_dags/example_branch_labels.py for tasks to queue
[2025-12-06T09:14:59.344+0000] {logging_mixin.py:188} INFO - [2025-12-06T09:14:59.343+0000] {dagbag.py:538} INFO - Filling up the DagBag from /home/airflow/.local/lib/python3.8/site-packages/airflow/example_dags/example_branch_labels.py
[2025-12-06T09:14:59.354+0000] {processor.py:840} INFO - DAG(s) 'example_branch_labels' retrieved from /home/airflow/.local/lib/python3.8/site-packages/airflow/example_dags/example_branch_labels.py
[2025-12-06T09:14:59.386+0000] {logging_mixin.py:188} INFO - [2025-12-06T09:14:59.386+0000] {dag.py:3036} INFO - Sync 1 DAGs
[2025-12-06T09:14:59.421+0000] {logging_mixin.py:188} INFO - [2025-12-06T09:14:59.421+0000] {dag.py:3823} INFO - Setting next_dagrun for example_branch_labels to 2025-12-05 00:00:00+00:00, run_after=2025-12-06 00:00:00+00:00
[2025-12-06T09:14:59.455+0000] {processor.py:183} INFO - Processing /home/airflow/.local/lib/python3.8/site-packages/airflow/example_dags/example_branch_labels.py took 0.121 seconds
[2025-12-06T09:15:29.667+0000] {processor.py:161} INFO - Started process (PID=2342) to work on /home/airflow/.local/lib/python3.8/site-packages/airflow/example_dags/example_branch_labels.py
[2025-12-06T09:15:29.669+0000] {processor.py:830} INFO - Processing file /home/airflow/.local/lib/python3.8/site-packages/airflow/example_dags/example_branch_labels.py for tasks to queue
[2025-12-06T09:15:29.672+0000] {logging_mixin.py:188} INFO - [2025-12-06T09:15:29.672+0000] {dagbag.py:538} INFO - Filling up the DagBag from /home/airflow/.local/lib/python3.8/site-packages/airflow/example_dags/example_branch_labels.py
[2025-12-06T09:15:29.684+0000] {processor.py:840} INFO - DAG(s) 'example_branch_labels' retrieved from /home/airflow/.local/lib/python3.8/site-packages/airflow/example_dags/example_branch_labels.py
[2025-12-06T09:15:29.714+0000] {logging_mixin.py:188} INFO - [2025-12-06T09:15:29.714+0000] {dag.py:3036} INFO - Sync 1 DAGs
[2025-12-06T09:15:29.747+0000] {logging_mixin.py:188} INFO - [2025-12-06T09:15:29.747+0000] {dag.py:3823} INFO - Setting next_dagrun for example_branch_labels to 2025-12-05 00:00:00+00:00, run_after=2025-12-06 00:00:00+00:00
[2025-12-06T09:15:29.775+0000] {processor.py:183} INFO - Processing /home/airflow/.local/lib/python3.8/site-packages/airflow/example_dags/example_branch_labels.py took 0.112 seconds
[2025-12-06T09:16:00.217+0000] {processor.py:161} INFO - Started process (PID=2401) to work on /home/airflow/.local/lib/python3.8/site-packages/airflow/example_dags/example_branch_labels.py
[2025-12-06T09:16:00.218+0000] {processor.py:830} INFO - Processing file /home/airflow/.local/lib/python3.8/site-packages/airflow/example_dags/example_branch_labels.py for tasks to queue
[2025-12-06T09:16:00.225+0000] {logging_mixin.py:188} INFO - [2025-12-06T09:16:00.224+0000] {dagbag.py:538} INFO - Filling up the DagBag from /home/airflow/.local/lib/python3.8/site-packages/airflow/example_dags/example_branch_labels.py
[2025-12-06T09:16:00.237+0000] {processor.py:840} INFO - DAG(s) 'example_branch_labels' retrieved from /home/airflow/.local/lib/python3.8/site-packages/airflow/example_dags/example_branch_labels.py
[2025-12-06T09:16:00.272+0000] {logging_mixin.py:188} INFO - [2025-12-06T09:16:00.271+0000] {dag.py:3036} INFO - Sync 1 DAGs
[2025-12-06T09:16:00.308+0000] {logging_mixin.py:188} INFO - [2025-12-06T09:16:00.307+0000] {dag.py:3823} INFO - Setting next_dagrun for example_branch_labels to 2025-12-05 00:00:00+00:00, run_after=2025-12-06 00:00:00+00:00
[2025-12-06T09:16:00.341+0000] {processor.py:183} INFO - Processing /home/airflow/.local/lib/python3.8/site-packages/airflow/example_dags/example_branch_labels.py took 0.129 seconds
[2025-12-06T09:16:31.247+0000] {processor.py:161} INFO - Started process (PID=2458) to work on /home/airflow/.local/lib/python3.8/site-packages/airflow/example_dags/example_branch_labels.py
[2025-12-06T09:16:31.248+0000] {processor.py:830} INFO - Processing file /home/airflow/.local/lib/python3.8/site-packages/airflow/example_dags/example_branch_labels.py for tasks to queue
[2025-12-06T09:16:31.251+0000] {logging_mixin.py:188} INFO - [2025-12-06T09:16:31.251+0000] {dagbag.py:538} INFO - Filling up the DagBag from /home/airflow/.local/lib/python3.8/site-packages/airflow/example_dags/example_branch_labels.py
[2025-12-06T09:16:31.264+0000] {processor.py:840} INFO - DAG(s) 'example_branch_labels' retrieved from /home/airflow/.local/lib/python3.8/site-packages/airflow/example_dags/example_branch_labels.py
[2025-12-06T09:16:31.299+0000] {logging_mixin.py:188} INFO - [2025-12-06T09:16:31.299+0000] {dag.py:3036} INFO - Sync 1 DAGs
[2025-12-06T09:16:31.335+0000] {logging_mixin.py:188} INFO - [2025-12-06T09:16:31.335+0000] {dag.py:3823} INFO - Setting next_dagrun for example_branch_labels to 2025-12-05 00:00:00+00:00, run_after=2025-12-06 00:00:00+00:00
[2025-12-06T09:16:31.369+0000] {processor.py:183} INFO - Processing /home/airflow/.local/lib/python3.8/site-packages/airflow/example_dags/example_branch_labels.py took 0.127 seconds
[2025-12-06T09:17:01.493+0000] {processor.py:161} INFO - Started process (PID=2517) to work on /home/airflow/.local/lib/python3.8/site-packages/airflow/example_dags/example_branch_labels.py
[2025-12-06T09:17:01.495+0000] {processor.py:830} INFO - Processing file /home/airflow/.local/lib/python3.8/site-packages/airflow/example_dags/example_branch_labels.py for tasks to queue
[2025-12-06T09:17:01.497+0000] {logging_mixin.py:188} INFO - [2025-12-06T09:17:01.497+0000] {dagbag.py:538} INFO - Filling up the DagBag from /home/airflow/.local/lib/python3.8/site-packages/airflow/example_dags/example_branch_labels.py
[2025-12-06T09:17:01.507+0000] {processor.py:840} INFO - DAG(s) 'example_branch_labels' retrieved from /home/airflow/.local/lib/python3.8/site-packages/airflow/example_dags/example_branch_labels.py
[2025-12-06T09:17:01.542+0000] {logging_mixin.py:188} INFO - [2025-12-06T09:17:01.542+0000] {dag.py:3036} INFO - Sync 1 DAGs
[2025-12-06T09:17:01.575+0000] {logging_mixin.py:188} INFO - [2025-12-06T09:17:01.575+0000] {dag.py:3823} INFO - Setting next_dagrun for example_branch_labels to 2025-12-05 00:00:00+00:00, run_after=2025-12-06 00:00:00+00:00
[2025-12-06T09:17:01.613+0000] {processor.py:183} INFO - Processing /home/airflow/.local/lib/python3.8/site-packages/airflow/example_dags/example_branch_labels.py took 0.125 seconds
[2025-12-06T09:17:31.941+0000] {processor.py:161} INFO - Started process (PID=2576) to work on /home/airflow/.local/lib/python3.8/site-packages/airflow/example_dags/example_branch_labels.py
[2025-12-06T09:17:31.943+0000] {processor.py:830} INFO - Processing file /home/airflow/.local/lib/python3.8/site-packages/airflow/example_dags/example_branch_labels.py for tasks to queue
[2025-12-06T09:17:31.945+0000] {logging_mixin.py:188} INFO - [2025-12-06T09:17:31.945+0000] {dagbag.py:538} INFO - Filling up the DagBag from /home/airflow/.local/lib/python3.8/site-packages/airflow/example_dags/example_branch_labels.py
[2025-12-06T09:17:31.956+0000] {processor.py:840} INFO - DAG(s) 'example_branch_labels' retrieved from /home/airflow/.local/lib/python3.8/site-packages/airflow/example_dags/example_branch_labels.py
[2025-12-06T09:17:31.992+0000] {logging_mixin.py:188} INFO - [2025-12-06T09:17:31.992+0000] {dag.py:3036} INFO - Sync 1 DAGs
[2025-12-06T09:17:32.026+0000] {logging_mixin.py:188} INFO - [2025-12-06T09:17:32.026+0000] {dag.py:3823} INFO - Setting next_dagrun for example_branch_labels to 2025-12-05 00:00:00+00:00, run_after=2025-12-06 00:00:00+00:00
[2025-12-06T09:17:32.058+0000] {processor.py:183} INFO - Processing /home/airflow/.local/lib/python3.8/site-packages/airflow/example_dags/example_branch_labels.py took 0.121 seconds
[2025-12-06T09:18:02.384+0000] {processor.py:161} INFO - Started process (PID=2635) to work on /home/airflow/.local/lib/python3.8/site-packages/airflow/example_dags/example_branch_labels.py
[2025-12-06T09:18:02.385+0000] {processor.py:830} INFO - Processing file /home/airflow/.local/lib/python3.8/site-packages/airflow/example_dags/example_branch_labels.py for tasks to queue
[2025-12-06T09:18:02.388+0000] {logging_mixin.py:188} INFO - [2025-12-06T09:18:02.388+0000] {dagbag.py:538} INFO - Filling up the DagBag from /home/airflow/.local/lib/python3.8/site-packages/airflow/example_dags/example_branch_labels.py
[2025-12-06T09:18:02.399+0000] {processor.py:840} INFO - DAG(s) 'example_branch_labels' retrieved from /home/airflow/.local/lib/python3.8/site-packages/airflow/example_dags/example_branch_labels.py
[2025-12-06T09:18:02.431+0000] {logging_mixin.py:188} INFO - [2025-12-06T09:18:02.430+0000] {dag.py:3036} INFO - Sync 1 DAGs
[2025-12-06T09:18:02.462+0000] {logging_mixin.py:188} INFO - [2025-12-06T09:18:02.462+0000] {dag.py:3823} INFO - Setting next_dagrun for example_branch_labels to 2025-12-05 00:00:00+00:00, run_after=2025-12-06 00:00:00+00:00
[2025-12-06T09:18:02.496+0000] {processor.py:183} INFO - Processing /home/airflow/.local/lib/python3.8/site-packages/airflow/example_dags/example_branch_labels.py took 0.118 seconds
[2025-12-06T09:18:32.727+0000] {processor.py:161} INFO - Started process (PID=2694) to work on /home/airflow/.local/lib/python3.8/site-packages/airflow/example_dags/example_branch_labels.py
[2025-12-06T09:18:32.728+0000] {processor.py:830} INFO - Processing file /home/airflow/.local/lib/python3.8/site-packages/airflow/example_dags/example_branch_labels.py for tasks to queue
[2025-12-06T09:18:32.732+0000] {logging_mixin.py:188} INFO - [2025-12-06T09:18:32.731+0000] {dagbag.py:538} INFO - Filling up the DagBag from /home/airflow/.local/lib/python3.8/site-packages/airflow/example_dags/example_branch_labels.py
[2025-12-06T09:18:32.756+0000] {processor.py:840} INFO - DAG(s) 'example_branch_labels' retrieved from /home/airflow/.local/lib/python3.8/site-packages/airflow/example_dags/example_branch_labels.py
[2025-12-06T09:18:32.817+0000] {logging_mixin.py:188} INFO - [2025-12-06T09:18:32.817+0000] {dag.py:3036} INFO - Sync 1 DAGs
[2025-12-06T09:18:32.851+0000] {logging_mixin.py:188} INFO - [2025-12-06T09:18:32.850+0000] {dag.py:3823} INFO - Setting next_dagrun for example_branch_labels to 2025-12-05 00:00:00+00:00, run_after=2025-12-06 00:00:00+00:00
[2025-12-06T09:18:32.883+0000] {processor.py:183} INFO - Processing /home/airflow/.local/lib/python3.8/site-packages/airflow/example_dags/example_branch_labels.py took 0.164 seconds
[2025-12-06T09:19:03.589+0000] {processor.py:161} INFO - Started process (PID=2753) to work on /home/airflow/.local/lib/python3.8/site-packages/airflow/example_dags/example_branch_labels.py
[2025-12-06T09:19:03.591+0000] {processor.py:830} INFO - Processing file /home/airflow/.local/lib/python3.8/site-packages/airflow/example_dags/example_branch_labels.py for tasks to queue
[2025-12-06T09:19:03.594+0000] {logging_mixin.py:188} INFO - [2025-12-06T09:19:03.594+0000] {dagbag.py:538} INFO - Filling up the DagBag from /home/airflow/.local/lib/python3.8/site-packages/airflow/example_dags/example_branch_labels.py
[2025-12-06T09:19:03.606+0000] {processor.py:840} INFO - DAG(s) 'example_branch_labels' retrieved from /home/airflow/.local/lib/python3.8/site-packages/airflow/example_dags/example_branch_labels.py
[2025-12-06T09:19:03.639+0000] {logging_mixin.py:188} INFO - [2025-12-06T09:19:03.639+0000] {dag.py:3036} INFO - Sync 1 DAGs
[2025-12-06T09:19:03.676+0000] {logging_mixin.py:188} INFO - [2025-12-06T09:19:03.676+0000] {dag.py:3823} INFO - Setting next_dagrun for example_branch_labels to 2025-12-05 00:00:00+00:00, run_after=2025-12-06 00:00:00+00:00
[2025-12-06T09:19:03.711+0000] {processor.py:183} INFO - Processing /home/airflow/.local/lib/python3.8/site-packages/airflow/example_dags/example_branch_labels.py took 0.128 seconds
[2025-12-06T09:19:33.991+0000] {processor.py:161} INFO - Started process (PID=2812) to work on /home/airflow/.local/lib/python3.8/site-packages/airflow/example_dags/example_branch_labels.py
[2025-12-06T09:19:33.993+0000] {processor.py:830} INFO - Processing file /home/airflow/.local/lib/python3.8/site-packages/airflow/example_dags/example_branch_labels.py for tasks to queue
[2025-12-06T09:19:33.996+0000] {logging_mixin.py:188} INFO - [2025-12-06T09:19:33.996+0000] {dagbag.py:538} INFO - Filling up the DagBag from /home/airflow/.local/lib/python3.8/site-packages/airflow/example_dags/example_branch_labels.py
[2025-12-06T09:19:34.007+0000] {processor.py:840} INFO - DAG(s) 'example_branch_labels' retrieved from /home/airflow/.local/lib/python3.8/site-packages/airflow/example_dags/example_branch_labels.py
[2025-12-06T09:19:34.040+0000] {logging_mixin.py:188} INFO - [2025-12-06T09:19:34.040+0000] {dag.py:3036} INFO - Sync 1 DAGs
[2025-12-06T09:19:34.073+0000] {logging_mixin.py:188} INFO - [2025-12-06T09:19:34.073+0000] {dag.py:3823} INFO - Setting next_dagrun for example_branch_labels to 2025-12-05 00:00:00+00:00, run_after=2025-12-06 00:00:00+00:00
[2025-12-06T09:19:34.107+0000] {processor.py:183} INFO - Processing /home/airflow/.local/lib/python3.8/site-packages/airflow/example_dags/example_branch_labels.py took 0.125 seconds
[2025-12-06T09:20:04.476+0000] {processor.py:161} INFO - Started process (PID=2871) to work on /home/airflow/.local/lib/python3.8/site-packages/airflow/example_dags/example_branch_labels.py
[2025-12-06T09:20:04.477+0000] {processor.py:830} INFO - Processing file /home/airflow/.local/lib/python3.8/site-packages/airflow/example_dags/example_branch_labels.py for tasks to queue
[2025-12-06T09:20:04.481+0000] {logging_mixin.py:188} INFO - [2025-12-06T09:20:04.480+0000] {dagbag.py:538} INFO - Filling up the DagBag from /home/airflow/.local/lib/python3.8/site-packages/airflow/example_dags/example_branch_labels.py
[2025-12-06T09:20:04.492+0000] {processor.py:840} INFO - DAG(s) 'example_branch_labels' retrieved from /home/airflow/.local/lib/python3.8/site-packages/airflow/example_dags/example_branch_labels.py
[2025-12-06T09:20:04.527+0000] {logging_mixin.py:188} INFO - [2025-12-06T09:20:04.526+0000] {dag.py:3036} INFO - Sync 1 DAGs
[2025-12-06T09:20:04.558+0000] {logging_mixin.py:188} INFO - [2025-12-06T09:20:04.558+0000] {dag.py:3823} INFO - Setting next_dagrun for example_branch_labels to 2025-12-05 00:00:00+00:00, run_after=2025-12-06 00:00:00+00:00
[2025-12-06T09:20:04.594+0000] {processor.py:183} INFO - Processing /home/airflow/.local/lib/python3.8/site-packages/airflow/example_dags/example_branch_labels.py took 0.125 seconds
[2025-12-06T09:20:34.817+0000] {processor.py:161} INFO - Started process (PID=2930) to work on /home/airflow/.local/lib/python3.8/site-packages/airflow/example_dags/example_branch_labels.py
[2025-12-06T09:20:34.819+0000] {processor.py:830} INFO - Processing file /home/airflow/.local/lib/python3.8/site-packages/airflow/example_dags/example_branch_labels.py for tasks to queue
[2025-12-06T09:20:34.821+0000] {logging_mixin.py:188} INFO - [2025-12-06T09:20:34.821+0000] {dagbag.py:538} INFO - Filling up the DagBag from /home/airflow/.local/lib/python3.8/site-packages/airflow/example_dags/example_branch_labels.py
[2025-12-06T09:20:34.833+0000] {processor.py:840} INFO - DAG(s) 'example_branch_labels' retrieved from /home/airflow/.local/lib/python3.8/site-packages/airflow/example_dags/example_branch_labels.py
[2025-12-06T09:20:34.872+0000] {logging_mixin.py:188} INFO - [2025-12-06T09:20:34.871+0000] {dag.py:3036} INFO - Sync 1 DAGs
[2025-12-06T09:20:35.072+0000] {logging_mixin.py:188} INFO - [2025-12-06T09:20:35.072+0000] {dag.py:3823} INFO - Setting next_dagrun for example_branch_labels to 2025-12-05 00:00:00+00:00, run_after=2025-12-06 00:00:00+00:00
[2025-12-06T09:20:35.101+0000] {processor.py:183} INFO - Processing /home/airflow/.local/lib/python3.8/site-packages/airflow/example_dags/example_branch_labels.py took 0.289 seconds
[2025-12-06T09:21:05.783+0000] {processor.py:161} INFO - Started process (PID=2989) to work on /home/airflow/.local/lib/python3.8/site-packages/airflow/example_dags/example_branch_labels.py
[2025-12-06T09:21:05.785+0000] {processor.py:830} INFO - Processing file /home/airflow/.local/lib/python3.8/site-packages/airflow/example_dags/example_branch_labels.py for tasks to queue
[2025-12-06T09:21:05.789+0000] {logging_mixin.py:188} INFO - [2025-12-06T09:21:05.788+0000] {dagbag.py:538} INFO - Filling up the DagBag from /home/airflow/.local/lib/python3.8/site-packages/airflow/example_dags/example_branch_labels.py
[2025-12-06T09:21:05.803+0000] {processor.py:840} INFO - DAG(s) 'example_branch_labels' retrieved from /home/airflow/.local/lib/python3.8/site-packages/airflow/example_dags/example_branch_labels.py
[2025-12-06T09:21:05.839+0000] {logging_mixin.py:188} INFO - [2025-12-06T09:21:05.838+0000] {dag.py:3036} INFO - Sync 1 DAGs
[2025-12-06T09:21:06.041+0000] {logging_mixin.py:188} INFO - [2025-12-06T09:21:06.040+0000] {dag.py:3823} INFO - Setting next_dagrun for example_branch_labels to 2025-12-05 00:00:00+00:00, run_after=2025-12-06 00:00:00+00:00
[2025-12-06T09:21:06.073+0000] {processor.py:183} INFO - Processing /home/airflow/.local/lib/python3.8/site-packages/airflow/example_dags/example_branch_labels.py took 0.296 seconds
[2025-12-06T09:21:36.535+0000] {processor.py:161} INFO - Started process (PID=3048) to work on /home/airflow/.local/lib/python3.8/site-packages/airflow/example_dags/example_branch_labels.py
[2025-12-06T09:21:36.537+0000] {processor.py:830} INFO - Processing file /home/airflow/.local/lib/python3.8/site-packages/airflow/example_dags/example_branch_labels.py for tasks to queue
[2025-12-06T09:21:36.540+0000] {logging_mixin.py:188} INFO - [2025-12-06T09:21:36.539+0000] {dagbag.py:538} INFO - Filling up the DagBag from /home/airflow/.local/lib/python3.8/site-packages/airflow/example_dags/example_branch_labels.py
[2025-12-06T09:21:36.553+0000] {processor.py:840} INFO - DAG(s) 'example_branch_labels' retrieved from /home/airflow/.local/lib/python3.8/site-packages/airflow/example_dags/example_branch_labels.py
[2025-12-06T09:21:36.586+0000] {logging_mixin.py:188} INFO - [2025-12-06T09:21:36.586+0000] {dag.py:3036} INFO - Sync 1 DAGs
[2025-12-06T09:21:36.618+0000] {logging_mixin.py:188} INFO - [2025-12-06T09:21:36.618+0000] {dag.py:3823} INFO - Setting next_dagrun for example_branch_labels to 2025-12-05 00:00:00+00:00, run_after=2025-12-06 00:00:00+00:00
[2025-12-06T09:21:36.651+0000] {processor.py:183} INFO - Processing /home/airflow/.local/lib/python3.8/site-packages/airflow/example_dags/example_branch_labels.py took 0.121 seconds
[2025-12-06T09:22:06.741+0000] {processor.py:161} INFO - Started process (PID=3107) to work on /home/airflow/.local/lib/python3.8/site-packages/airflow/example_dags/example_branch_labels.py
[2025-12-06T09:22:06.743+0000] {processor.py:830} INFO - Processing file /home/airflow/.local/lib/python3.8/site-packages/airflow/example_dags/example_branch_labels.py for tasks to queue
[2025-12-06T09:22:06.745+0000] {logging_mixin.py:188} INFO - [2025-12-06T09:22:06.745+0000] {dagbag.py:538} INFO - Filling up the DagBag from /home/airflow/.local/lib/python3.8/site-packages/airflow/example_dags/example_branch_labels.py
[2025-12-06T09:22:06.758+0000] {processor.py:840} INFO - DAG(s) 'example_branch_labels' retrieved from /home/airflow/.local/lib/python3.8/site-packages/airflow/example_dags/example_branch_labels.py
[2025-12-06T09:22:06.793+0000] {logging_mixin.py:188} INFO - [2025-12-06T09:22:06.793+0000] {dag.py:3036} INFO - Sync 1 DAGs
[2025-12-06T09:22:06.828+0000] {logging_mixin.py:188} INFO - [2025-12-06T09:22:06.827+0000] {dag.py:3823} INFO - Setting next_dagrun for example_branch_labels to 2025-12-05 00:00:00+00:00, run_after=2025-12-06 00:00:00+00:00
[2025-12-06T09:22:06.861+0000] {processor.py:183} INFO - Processing /home/airflow/.local/lib/python3.8/site-packages/airflow/example_dags/example_branch_labels.py took 0.124 seconds
[2025-12-06T09:22:36.897+0000] {processor.py:161} INFO - Started process (PID=3165) to work on /home/airflow/.local/lib/python3.8/site-packages/airflow/example_dags/example_branch_labels.py
[2025-12-06T09:22:36.898+0000] {processor.py:830} INFO - Processing file /home/airflow/.local/lib/python3.8/site-packages/airflow/example_dags/example_branch_labels.py for tasks to queue
[2025-12-06T09:22:36.903+0000] {logging_mixin.py:188} INFO - [2025-12-06T09:22:36.903+0000] {dagbag.py:538} INFO - Filling up the DagBag from /home/airflow/.local/lib/python3.8/site-packages/airflow/example_dags/example_branch_labels.py
[2025-12-06T09:22:36.916+0000] {processor.py:840} INFO - DAG(s) 'example_branch_labels' retrieved from /home/airflow/.local/lib/python3.8/site-packages/airflow/example_dags/example_branch_labels.py
[2025-12-06T09:22:36.951+0000] {logging_mixin.py:188} INFO - [2025-12-06T09:22:36.951+0000] {dag.py:3036} INFO - Sync 1 DAGs
[2025-12-06T09:22:36.990+0000] {logging_mixin.py:188} INFO - [2025-12-06T09:22:36.990+0000] {dag.py:3823} INFO - Setting next_dagrun for example_branch_labels to 2025-12-05 00:00:00+00:00, run_after=2025-12-06 00:00:00+00:00
[2025-12-06T09:22:37.021+0000] {processor.py:183} INFO - Processing /home/airflow/.local/lib/python3.8/site-packages/airflow/example_dags/example_branch_labels.py took 0.129 seconds
[2025-12-06T09:23:07.357+0000] {processor.py:161} INFO - Started process (PID=3224) to work on /home/airflow/.local/lib/python3.8/site-packages/airflow/example_dags/example_branch_labels.py
[2025-12-06T09:23:07.359+0000] {processor.py:830} INFO - Processing file /home/airflow/.local/lib/python3.8/site-packages/airflow/example_dags/example_branch_labels.py for tasks to queue
[2025-12-06T09:23:07.362+0000] {logging_mixin.py:188} INFO - [2025-12-06T09:23:07.361+0000] {dagbag.py:538} INFO - Filling up the DagBag from /home/airflow/.local/lib/python3.8/site-packages/airflow/example_dags/example_branch_labels.py
[2025-12-06T09:23:07.375+0000] {processor.py:840} INFO - DAG(s) 'example_branch_labels' retrieved from /home/airflow/.local/lib/python3.8/site-packages/airflow/example_dags/example_branch_labels.py
[2025-12-06T09:23:07.411+0000] {logging_mixin.py:188} INFO - [2025-12-06T09:23:07.410+0000] {dag.py:3036} INFO - Sync 1 DAGs
[2025-12-06T09:23:07.453+0000] {logging_mixin.py:188} INFO - [2025-12-06T09:23:07.453+0000] {dag.py:3823} INFO - Setting next_dagrun for example_branch_labels to 2025-12-05 00:00:00+00:00, run_after=2025-12-06 00:00:00+00:00
[2025-12-06T09:23:07.486+0000] {processor.py:183} INFO - Processing /home/airflow/.local/lib/python3.8/site-packages/airflow/example_dags/example_branch_labels.py took 0.134 seconds
[2025-12-06T09:23:37.712+0000] {processor.py:161} INFO - Started process (PID=3283) to work on /home/airflow/.local/lib/python3.8/site-packages/airflow/example_dags/example_branch_labels.py
[2025-12-06T09:23:37.713+0000] {processor.py:830} INFO - Processing file /home/airflow/.local/lib/python3.8/site-packages/airflow/example_dags/example_branch_labels.py for tasks to queue
[2025-12-06T09:23:37.718+0000] {logging_mixin.py:188} INFO - [2025-12-06T09:23:37.718+0000] {dagbag.py:538} INFO - Filling up the DagBag from /home/airflow/.local/lib/python3.8/site-packages/airflow/example_dags/example_branch_labels.py
[2025-12-06T09:23:37.729+0000] {processor.py:840} INFO - DAG(s) 'example_branch_labels' retrieved from /home/airflow/.local/lib/python3.8/site-packages/airflow/example_dags/example_branch_labels.py
[2025-12-06T09:23:37.766+0000] {logging_mixin.py:188} INFO - [2025-12-06T09:23:37.765+0000] {dag.py:3036} INFO - Sync 1 DAGs
[2025-12-06T09:23:37.804+0000] {logging_mixin.py:188} INFO - [2025-12-06T09:23:37.804+0000] {dag.py:3823} INFO - Setting next_dagrun for example_branch_labels to 2025-12-05 00:00:00+00:00, run_after=2025-12-06 00:00:00+00:00
[2025-12-06T09:23:37.836+0000] {processor.py:183} INFO - Processing /home/airflow/.local/lib/python3.8/site-packages/airflow/example_dags/example_branch_labels.py took 0.129 seconds
[2025-12-06T09:24:08.011+0000] {processor.py:161} INFO - Started process (PID=3342) to work on /home/airflow/.local/lib/python3.8/site-packages/airflow/example_dags/example_branch_labels.py
[2025-12-06T09:24:08.012+0000] {processor.py:830} INFO - Processing file /home/airflow/.local/lib/python3.8/site-packages/airflow/example_dags/example_branch_labels.py for tasks to queue
[2025-12-06T09:24:08.015+0000] {logging_mixin.py:188} INFO - [2025-12-06T09:24:08.015+0000] {dagbag.py:538} INFO - Filling up the DagBag from /home/airflow/.local/lib/python3.8/site-packages/airflow/example_dags/example_branch_labels.py
[2025-12-06T09:24:08.025+0000] {processor.py:840} INFO - DAG(s) 'example_branch_labels' retrieved from /home/airflow/.local/lib/python3.8/site-packages/airflow/example_dags/example_branch_labels.py
[2025-12-06T09:24:08.055+0000] {logging_mixin.py:188} INFO - [2025-12-06T09:24:08.055+0000] {dag.py:3036} INFO - Sync 1 DAGs
[2025-12-06T09:24:08.090+0000] {logging_mixin.py:188} INFO - [2025-12-06T09:24:08.089+0000] {dag.py:3823} INFO - Setting next_dagrun for example_branch_labels to 2025-12-05 00:00:00+00:00, run_after=2025-12-06 00:00:00+00:00
[2025-12-06T09:24:08.120+0000] {processor.py:183} INFO - Processing /home/airflow/.local/lib/python3.8/site-packages/airflow/example_dags/example_branch_labels.py took 0.114 seconds
[2025-12-06T09:24:38.859+0000] {processor.py:161} INFO - Started process (PID=3401) to work on /home/airflow/.local/lib/python3.8/site-packages/airflow/example_dags/example_branch_labels.py
[2025-12-06T09:24:38.861+0000] {processor.py:830} INFO - Processing file /home/airflow/.local/lib/python3.8/site-packages/airflow/example_dags/example_branch_labels.py for tasks to queue
[2025-12-06T09:24:38.864+0000] {logging_mixin.py:188} INFO - [2025-12-06T09:24:38.863+0000] {dagbag.py:538} INFO - Filling up the DagBag from /home/airflow/.local/lib/python3.8/site-packages/airflow/example_dags/example_branch_labels.py
[2025-12-06T09:24:38.874+0000] {processor.py:840} INFO - DAG(s) 'example_branch_labels' retrieved from /home/airflow/.local/lib/python3.8/site-packages/airflow/example_dags/example_branch_labels.py
[2025-12-06T09:24:38.908+0000] {logging_mixin.py:188} INFO - [2025-12-06T09:24:38.907+0000] {dag.py:3036} INFO - Sync 1 DAGs
[2025-12-06T09:24:38.940+0000] {logging_mixin.py:188} INFO - [2025-12-06T09:24:38.939+0000] {dag.py:3823} INFO - Setting next_dagrun for example_branch_labels to 2025-12-05 00:00:00+00:00, run_after=2025-12-06 00:00:00+00:00
[2025-12-06T09:24:38.974+0000] {processor.py:183} INFO - Processing /home/airflow/.local/lib/python3.8/site-packages/airflow/example_dags/example_branch_labels.py took 0.119 seconds
[2025-12-06T09:25:09.441+0000] {processor.py:161} INFO - Started process (PID=3460) to work on /home/airflow/.local/lib/python3.8/site-packages/airflow/example_dags/example_branch_labels.py
[2025-12-06T09:25:09.442+0000] {processor.py:830} INFO - Processing file /home/airflow/.local/lib/python3.8/site-packages/airflow/example_dags/example_branch_labels.py for tasks to queue
[2025-12-06T09:25:09.445+0000] {logging_mixin.py:188} INFO - [2025-12-06T09:25:09.445+0000] {dagbag.py:538} INFO - Filling up the DagBag from /home/airflow/.local/lib/python3.8/site-packages/airflow/example_dags/example_branch_labels.py
[2025-12-06T09:25:09.457+0000] {processor.py:840} INFO - DAG(s) 'example_branch_labels' retrieved from /home/airflow/.local/lib/python3.8/site-packages/airflow/example_dags/example_branch_labels.py
[2025-12-06T09:25:09.488+0000] {logging_mixin.py:188} INFO - [2025-12-06T09:25:09.488+0000] {dag.py:3036} INFO - Sync 1 DAGs
[2025-12-06T09:25:09.519+0000] {logging_mixin.py:188} INFO - [2025-12-06T09:25:09.518+0000] {dag.py:3823} INFO - Setting next_dagrun for example_branch_labels to 2025-12-05 00:00:00+00:00, run_after=2025-12-06 00:00:00+00:00
[2025-12-06T09:25:09.549+0000] {processor.py:183} INFO - Processing /home/airflow/.local/lib/python3.8/site-packages/airflow/example_dags/example_branch_labels.py took 0.112 seconds
[2025-12-06T09:25:39.937+0000] {processor.py:161} INFO - Started process (PID=3519) to work on /home/airflow/.local/lib/python3.8/site-packages/airflow/example_dags/example_branch_labels.py
[2025-12-06T09:25:39.938+0000] {processor.py:830} INFO - Processing file /home/airflow/.local/lib/python3.8/site-packages/airflow/example_dags/example_branch_labels.py for tasks to queue
[2025-12-06T09:25:39.941+0000] {logging_mixin.py:188} INFO - [2025-12-06T09:25:39.941+0000] {dagbag.py:538} INFO - Filling up the DagBag from /home/airflow/.local/lib/python3.8/site-packages/airflow/example_dags/example_branch_labels.py
[2025-12-06T09:25:39.954+0000] {processor.py:840} INFO - DAG(s) 'example_branch_labels' retrieved from /home/airflow/.local/lib/python3.8/site-packages/airflow/example_dags/example_branch_labels.py
[2025-12-06T09:25:39.988+0000] {logging_mixin.py:188} INFO - [2025-12-06T09:25:39.988+0000] {dag.py:3036} INFO - Sync 1 DAGs
[2025-12-06T09:25:40.023+0000] {logging_mixin.py:188} INFO - [2025-12-06T09:25:40.022+0000] {dag.py:3823} INFO - Setting next_dagrun for example_branch_labels to 2025-12-05 00:00:00+00:00, run_after=2025-12-06 00:00:00+00:00
[2025-12-06T09:25:40.054+0000] {processor.py:183} INFO - Processing /home/airflow/.local/lib/python3.8/site-packages/airflow/example_dags/example_branch_labels.py took 0.122 seconds
[2025-12-06T09:26:10.580+0000] {processor.py:161} INFO - Started process (PID=3578) to work on /home/airflow/.local/lib/python3.8/site-packages/airflow/example_dags/example_branch_labels.py
[2025-12-06T09:26:10.582+0000] {processor.py:830} INFO - Processing file /home/airflow/.local/lib/python3.8/site-packages/airflow/example_dags/example_branch_labels.py for tasks to queue
[2025-12-06T09:26:10.585+0000] {logging_mixin.py:188} INFO - [2025-12-06T09:26:10.584+0000] {dagbag.py:538} INFO - Filling up the DagBag from /home/airflow/.local/lib/python3.8/site-packages/airflow/example_dags/example_branch_labels.py
[2025-12-06T09:26:10.599+0000] {processor.py:840} INFO - DAG(s) 'example_branch_labels' retrieved from /home/airflow/.local/lib/python3.8/site-packages/airflow/example_dags/example_branch_labels.py
[2025-12-06T09:26:10.629+0000] {logging_mixin.py:188} INFO - [2025-12-06T09:26:10.629+0000] {dag.py:3036} INFO - Sync 1 DAGs
[2025-12-06T09:26:10.658+0000] {logging_mixin.py:188} INFO - [2025-12-06T09:26:10.658+0000] {dag.py:3823} INFO - Setting next_dagrun for example_branch_labels to 2025-12-05 00:00:00+00:00, run_after=2025-12-06 00:00:00+00:00
[2025-12-06T09:26:10.687+0000] {processor.py:183} INFO - Processing /home/airflow/.local/lib/python3.8/site-packages/airflow/example_dags/example_branch_labels.py took 0.112 seconds
[2025-12-06T09:26:41.240+0000] {processor.py:161} INFO - Started process (PID=3643) to work on /home/airflow/.local/lib/python3.8/site-packages/airflow/example_dags/example_branch_labels.py
[2025-12-06T09:26:41.241+0000] {processor.py:830} INFO - Processing file /home/airflow/.local/lib/python3.8/site-packages/airflow/example_dags/example_branch_labels.py for tasks to queue
[2025-12-06T09:26:41.245+0000] {logging_mixin.py:188} INFO - [2025-12-06T09:26:41.244+0000] {dagbag.py:538} INFO - Filling up the DagBag from /home/airflow/.local/lib/python3.8/site-packages/airflow/example_dags/example_branch_labels.py
[2025-12-06T09:26:41.258+0000] {processor.py:840} INFO - DAG(s) 'example_branch_labels' retrieved from /home/airflow/.local/lib/python3.8/site-packages/airflow/example_dags/example_branch_labels.py
[2025-12-06T09:26:41.292+0000] {logging_mixin.py:188} INFO - [2025-12-06T09:26:41.292+0000] {dag.py:3036} INFO - Sync 1 DAGs
[2025-12-06T09:26:41.331+0000] {logging_mixin.py:188} INFO - [2025-12-06T09:26:41.331+0000] {dag.py:3823} INFO - Setting next_dagrun for example_branch_labels to 2025-12-05 00:00:00+00:00, run_after=2025-12-06 00:00:00+00:00
[2025-12-06T09:26:41.364+0000] {processor.py:183} INFO - Processing /home/airflow/.local/lib/python3.8/site-packages/airflow/example_dags/example_branch_labels.py took 0.128 seconds
[2025-12-06T09:27:11.447+0000] {processor.py:161} INFO - Started process (PID=3702) to work on /home/airflow/.local/lib/python3.8/site-packages/airflow/example_dags/example_branch_labels.py
[2025-12-06T09:27:11.449+0000] {processor.py:830} INFO - Processing file /home/airflow/.local/lib/python3.8/site-packages/airflow/example_dags/example_branch_labels.py for tasks to queue
[2025-12-06T09:27:11.452+0000] {logging_mixin.py:188} INFO - [2025-12-06T09:27:11.452+0000] {dagbag.py:538} INFO - Filling up the DagBag from /home/airflow/.local/lib/python3.8/site-packages/airflow/example_dags/example_branch_labels.py
[2025-12-06T09:27:11.465+0000] {processor.py:840} INFO - DAG(s) 'example_branch_labels' retrieved from /home/airflow/.local/lib/python3.8/site-packages/airflow/example_dags/example_branch_labels.py
[2025-12-06T09:27:11.495+0000] {logging_mixin.py:188} INFO - [2025-12-06T09:27:11.494+0000] {dag.py:3036} INFO - Sync 1 DAGs
[2025-12-06T09:27:11.533+0000] {logging_mixin.py:188} INFO - [2025-12-06T09:27:11.532+0000] {dag.py:3823} INFO - Setting next_dagrun for example_branch_labels to 2025-12-05 00:00:00+00:00, run_after=2025-12-06 00:00:00+00:00
[2025-12-06T09:27:11.563+0000] {processor.py:183} INFO - Processing /home/airflow/.local/lib/python3.8/site-packages/airflow/example_dags/example_branch_labels.py took 0.121 seconds
[2025-12-06T09:27:41.696+0000] {processor.py:161} INFO - Started process (PID=3761) to work on /home/airflow/.local/lib/python3.8/site-packages/airflow/example_dags/example_branch_labels.py
[2025-12-06T09:27:41.698+0000] {processor.py:830} INFO - Processing file /home/airflow/.local/lib/python3.8/site-packages/airflow/example_dags/example_branch_labels.py for tasks to queue
[2025-12-06T09:27:41.701+0000] {logging_mixin.py:188} INFO - [2025-12-06T09:27:41.701+0000] {dagbag.py:538} INFO - Filling up the DagBag from /home/airflow/.local/lib/python3.8/site-packages/airflow/example_dags/example_branch_labels.py
[2025-12-06T09:27:41.713+0000] {processor.py:840} INFO - DAG(s) 'example_branch_labels' retrieved from /home/airflow/.local/lib/python3.8/site-packages/airflow/example_dags/example_branch_labels.py
[2025-12-06T09:27:41.745+0000] {logging_mixin.py:188} INFO - [2025-12-06T09:27:41.745+0000] {dag.py:3036} INFO - Sync 1 DAGs
[2025-12-06T09:27:41.781+0000] {logging_mixin.py:188} INFO - [2025-12-06T09:27:41.780+0000] {dag.py:3823} INFO - Setting next_dagrun for example_branch_labels to 2025-12-05 00:00:00+00:00, run_after=2025-12-06 00:00:00+00:00
[2025-12-06T09:27:41.817+0000] {processor.py:183} INFO - Processing /home/airflow/.local/lib/python3.8/site-packages/airflow/example_dags/example_branch_labels.py took 0.125 seconds
[2025-12-06T09:28:12.165+0000] {processor.py:161} INFO - Started process (PID=3820) to work on /home/airflow/.local/lib/python3.8/site-packages/airflow/example_dags/example_branch_labels.py
[2025-12-06T09:28:12.166+0000] {processor.py:830} INFO - Processing file /home/airflow/.local/lib/python3.8/site-packages/airflow/example_dags/example_branch_labels.py for tasks to queue
[2025-12-06T09:28:12.169+0000] {logging_mixin.py:188} INFO - [2025-12-06T09:28:12.169+0000] {dagbag.py:538} INFO - Filling up the DagBag from /home/airflow/.local/lib/python3.8/site-packages/airflow/example_dags/example_branch_labels.py
[2025-12-06T09:28:12.184+0000] {processor.py:840} INFO - DAG(s) 'example_branch_labels' retrieved from /home/airflow/.local/lib/python3.8/site-packages/airflow/example_dags/example_branch_labels.py
[2025-12-06T09:28:12.216+0000] {logging_mixin.py:188} INFO - [2025-12-06T09:28:12.216+0000] {dag.py:3036} INFO - Sync 1 DAGs
[2025-12-06T09:28:12.258+0000] {logging_mixin.py:188} INFO - [2025-12-06T09:28:12.258+0000] {dag.py:3823} INFO - Setting next_dagrun for example_branch_labels to 2025-12-05 00:00:00+00:00, run_after=2025-12-06 00:00:00+00:00
[2025-12-06T09:28:12.292+0000] {processor.py:183} INFO - Processing /home/airflow/.local/lib/python3.8/site-packages/airflow/example_dags/example_branch_labels.py took 0.133 seconds
[2025-12-06T09:28:42.391+0000] {processor.py:161} INFO - Started process (PID=3879) to work on /home/airflow/.local/lib/python3.8/site-packages/airflow/example_dags/example_branch_labels.py
[2025-12-06T09:28:42.393+0000] {processor.py:830} INFO - Processing file /home/airflow/.local/lib/python3.8/site-packages/airflow/example_dags/example_branch_labels.py for tasks to queue
[2025-12-06T09:28:42.397+0000] {logging_mixin.py:188} INFO - [2025-12-06T09:28:42.396+0000] {dagbag.py:538} INFO - Filling up the DagBag from /home/airflow/.local/lib/python3.8/site-packages/airflow/example_dags/example_branch_labels.py
[2025-12-06T09:28:42.414+0000] {processor.py:840} INFO - DAG(s) 'example_branch_labels' retrieved from /home/airflow/.local/lib/python3.8/site-packages/airflow/example_dags/example_branch_labels.py
[2025-12-06T09:28:42.446+0000] {logging_mixin.py:188} INFO - [2025-12-06T09:28:42.446+0000] {dag.py:3036} INFO - Sync 1 DAGs
[2025-12-06T09:28:42.480+0000] {logging_mixin.py:188} INFO - [2025-12-06T09:28:42.479+0000] {dag.py:3823} INFO - Setting next_dagrun for example_branch_labels to 2025-12-05 00:00:00+00:00, run_after=2025-12-06 00:00:00+00:00
[2025-12-06T09:28:42.511+0000] {processor.py:183} INFO - Processing /home/airflow/.local/lib/python3.8/site-packages/airflow/example_dags/example_branch_labels.py took 0.126 seconds
[2025-12-06T09:29:12.683+0000] {processor.py:161} INFO - Started process (PID=3938) to work on /home/airflow/.local/lib/python3.8/site-packages/airflow/example_dags/example_branch_labels.py
[2025-12-06T09:29:12.685+0000] {processor.py:830} INFO - Processing file /home/airflow/.local/lib/python3.8/site-packages/airflow/example_dags/example_branch_labels.py for tasks to queue
[2025-12-06T09:29:12.688+0000] {logging_mixin.py:188} INFO - [2025-12-06T09:29:12.687+0000] {dagbag.py:538} INFO - Filling up the DagBag from /home/airflow/.local/lib/python3.8/site-packages/airflow/example_dags/example_branch_labels.py
[2025-12-06T09:29:12.699+0000] {processor.py:840} INFO - DAG(s) 'example_branch_labels' retrieved from /home/airflow/.local/lib/python3.8/site-packages/airflow/example_dags/example_branch_labels.py
[2025-12-06T09:29:12.732+0000] {logging_mixin.py:188} INFO - [2025-12-06T09:29:12.732+0000] {dag.py:3036} INFO - Sync 1 DAGs
[2025-12-06T09:29:12.762+0000] {logging_mixin.py:188} INFO - [2025-12-06T09:29:12.762+0000] {dag.py:3823} INFO - Setting next_dagrun for example_branch_labels to 2025-12-05 00:00:00+00:00, run_after=2025-12-06 00:00:00+00:00
[2025-12-06T09:29:12.790+0000] {processor.py:183} INFO - Processing /home/airflow/.local/lib/python3.8/site-packages/airflow/example_dags/example_branch_labels.py took 0.111 seconds
[2025-12-06T09:29:42.839+0000] {processor.py:161} INFO - Started process (PID=3997) to work on /home/airflow/.local/lib/python3.8/site-packages/airflow/example_dags/example_branch_labels.py
[2025-12-06T09:29:42.840+0000] {processor.py:830} INFO - Processing file /home/airflow/.local/lib/python3.8/site-packages/airflow/example_dags/example_branch_labels.py for tasks to queue
[2025-12-06T09:29:42.843+0000] {logging_mixin.py:188} INFO - [2025-12-06T09:29:42.842+0000] {dagbag.py:538} INFO - Filling up the DagBag from /home/airflow/.local/lib/python3.8/site-packages/airflow/example_dags/example_branch_labels.py
[2025-12-06T09:29:42.858+0000] {processor.py:840} INFO - DAG(s) 'example_branch_labels' retrieved from /home/airflow/.local/lib/python3.8/site-packages/airflow/example_dags/example_branch_labels.py
[2025-12-06T09:29:42.891+0000] {logging_mixin.py:188} INFO - [2025-12-06T09:29:42.890+0000] {dag.py:3036} INFO - Sync 1 DAGs
[2025-12-06T09:29:42.925+0000] {logging_mixin.py:188} INFO - [2025-12-06T09:29:42.925+0000] {dag.py:3823} INFO - Setting next_dagrun for example_branch_labels to 2025-12-05 00:00:00+00:00, run_after=2025-12-06 00:00:00+00:00
[2025-12-06T09:29:42.957+0000] {processor.py:183} INFO - Processing /home/airflow/.local/lib/python3.8/site-packages/airflow/example_dags/example_branch_labels.py took 0.123 seconds
[2025-12-06T09:30:13.502+0000] {processor.py:161} INFO - Started process (PID=4056) to work on /home/airflow/.local/lib/python3.8/site-packages/airflow/example_dags/example_branch_labels.py
[2025-12-06T09:30:13.504+0000] {processor.py:830} INFO - Processing file /home/airflow/.local/lib/python3.8/site-packages/airflow/example_dags/example_branch_labels.py for tasks to queue
[2025-12-06T09:30:13.507+0000] {logging_mixin.py:188} INFO - [2025-12-06T09:30:13.506+0000] {dagbag.py:538} INFO - Filling up the DagBag from /home/airflow/.local/lib/python3.8/site-packages/airflow/example_dags/example_branch_labels.py
[2025-12-06T09:30:13.518+0000] {processor.py:840} INFO - DAG(s) 'example_branch_labels' retrieved from /home/airflow/.local/lib/python3.8/site-packages/airflow/example_dags/example_branch_labels.py
[2025-12-06T09:30:13.549+0000] {logging_mixin.py:188} INFO - [2025-12-06T09:30:13.549+0000] {dag.py:3036} INFO - Sync 1 DAGs
[2025-12-06T09:30:13.581+0000] {logging_mixin.py:188} INFO - [2025-12-06T09:30:13.581+0000] {dag.py:3823} INFO - Setting next_dagrun for example_branch_labels to 2025-12-05 00:00:00+00:00, run_after=2025-12-06 00:00:00+00:00
[2025-12-06T09:30:13.616+0000] {processor.py:183} INFO - Processing /home/airflow/.local/lib/python3.8/site-packages/airflow/example_dags/example_branch_labels.py took 0.119 seconds
[2025-12-06T09:30:43.663+0000] {processor.py:161} INFO - Started process (PID=4115) to work on /home/airflow/.local/lib/python3.8/site-packages/airflow/example_dags/example_branch_labels.py
[2025-12-06T09:30:43.664+0000] {processor.py:830} INFO - Processing file /home/airflow/.local/lib/python3.8/site-packages/airflow/example_dags/example_branch_labels.py for tasks to queue
[2025-12-06T09:30:43.667+0000] {logging_mixin.py:188} INFO - [2025-12-06T09:30:43.666+0000] {dagbag.py:538} INFO - Filling up the DagBag from /home/airflow/.local/lib/python3.8/site-packages/airflow/example_dags/example_branch_labels.py
[2025-12-06T09:30:43.678+0000] {processor.py:840} INFO - DAG(s) 'example_branch_labels' retrieved from /home/airflow/.local/lib/python3.8/site-packages/airflow/example_dags/example_branch_labels.py
[2025-12-06T09:30:43.711+0000] {logging_mixin.py:188} INFO - [2025-12-06T09:30:43.711+0000] {dag.py:3036} INFO - Sync 1 DAGs
[2025-12-06T09:30:43.743+0000] {logging_mixin.py:188} INFO - [2025-12-06T09:30:43.743+0000] {dag.py:3823} INFO - Setting next_dagrun for example_branch_labels to 2025-12-05 00:00:00+00:00, run_after=2025-12-06 00:00:00+00:00
[2025-12-06T09:30:43.774+0000] {processor.py:183} INFO - Processing /home/airflow/.local/lib/python3.8/site-packages/airflow/example_dags/example_branch_labels.py took 0.115 seconds
[2025-12-06T09:31:13.950+0000] {processor.py:161} INFO - Started process (PID=4174) to work on /home/airflow/.local/lib/python3.8/site-packages/airflow/example_dags/example_branch_labels.py
[2025-12-06T09:31:13.952+0000] {processor.py:830} INFO - Processing file /home/airflow/.local/lib/python3.8/site-packages/airflow/example_dags/example_branch_labels.py for tasks to queue
[2025-12-06T09:31:13.955+0000] {logging_mixin.py:188} INFO - [2025-12-06T09:31:13.955+0000] {dagbag.py:538} INFO - Filling up the DagBag from /home/airflow/.local/lib/python3.8/site-packages/airflow/example_dags/example_branch_labels.py
[2025-12-06T09:31:13.966+0000] {processor.py:840} INFO - DAG(s) 'example_branch_labels' retrieved from /home/airflow/.local/lib/python3.8/site-packages/airflow/example_dags/example_branch_labels.py
[2025-12-06T09:31:14.001+0000] {logging_mixin.py:188} INFO - [2025-12-06T09:31:14.001+0000] {dag.py:3036} INFO - Sync 1 DAGs
[2025-12-06T09:31:14.034+0000] {logging_mixin.py:188} INFO - [2025-12-06T09:31:14.034+0000] {dag.py:3823} INFO - Setting next_dagrun for example_branch_labels to 2025-12-05 00:00:00+00:00, run_after=2025-12-06 00:00:00+00:00
[2025-12-06T09:31:14.065+0000] {processor.py:183} INFO - Processing /home/airflow/.local/lib/python3.8/site-packages/airflow/example_dags/example_branch_labels.py took 0.119 seconds
[2025-12-06T09:31:44.176+0000] {processor.py:161} INFO - Started process (PID=4233) to work on /home/airflow/.local/lib/python3.8/site-packages/airflow/example_dags/example_branch_labels.py
[2025-12-06T09:31:44.178+0000] {processor.py:830} INFO - Processing file /home/airflow/.local/lib/python3.8/site-packages/airflow/example_dags/example_branch_labels.py for tasks to queue
[2025-12-06T09:31:44.182+0000] {logging_mixin.py:188} INFO - [2025-12-06T09:31:44.181+0000] {dagbag.py:538} INFO - Filling up the DagBag from /home/airflow/.local/lib/python3.8/site-packages/airflow/example_dags/example_branch_labels.py
[2025-12-06T09:31:44.197+0000] {processor.py:840} INFO - DAG(s) 'example_branch_labels' retrieved from /home/airflow/.local/lib/python3.8/site-packages/airflow/example_dags/example_branch_labels.py
[2025-12-06T09:31:44.239+0000] {logging_mixin.py:188} INFO - [2025-12-06T09:31:44.238+0000] {dag.py:3036} INFO - Sync 1 DAGs
[2025-12-06T09:31:44.278+0000] {logging_mixin.py:188} INFO - [2025-12-06T09:31:44.277+0000] {dag.py:3823} INFO - Setting next_dagrun for example_branch_labels to 2025-12-05 00:00:00+00:00, run_after=2025-12-06 00:00:00+00:00
[2025-12-06T09:31:44.313+0000] {processor.py:183} INFO - Processing /home/airflow/.local/lib/python3.8/site-packages/airflow/example_dags/example_branch_labels.py took 0.145 seconds
[2025-12-06T09:32:14.361+0000] {processor.py:161} INFO - Started process (PID=4292) to work on /home/airflow/.local/lib/python3.8/site-packages/airflow/example_dags/example_branch_labels.py
[2025-12-06T09:32:14.363+0000] {processor.py:830} INFO - Processing file /home/airflow/.local/lib/python3.8/site-packages/airflow/example_dags/example_branch_labels.py for tasks to queue
[2025-12-06T09:32:14.365+0000] {logging_mixin.py:188} INFO - [2025-12-06T09:32:14.365+0000] {dagbag.py:538} INFO - Filling up the DagBag from /home/airflow/.local/lib/python3.8/site-packages/airflow/example_dags/example_branch_labels.py
[2025-12-06T09:32:14.376+0000] {processor.py:840} INFO - DAG(s) 'example_branch_labels' retrieved from /home/airflow/.local/lib/python3.8/site-packages/airflow/example_dags/example_branch_labels.py
[2025-12-06T09:32:14.406+0000] {logging_mixin.py:188} INFO - [2025-12-06T09:32:14.406+0000] {dag.py:3036} INFO - Sync 1 DAGs
[2025-12-06T09:32:14.437+0000] {logging_mixin.py:188} INFO - [2025-12-06T09:32:14.436+0000] {dag.py:3823} INFO - Setting next_dagrun for example_branch_labels to 2025-12-05 00:00:00+00:00, run_after=2025-12-06 00:00:00+00:00
[2025-12-06T09:32:14.469+0000] {processor.py:183} INFO - Processing /home/airflow/.local/lib/python3.8/site-packages/airflow/example_dags/example_branch_labels.py took 0.112 seconds
[2025-12-06T09:32:44.535+0000] {processor.py:161} INFO - Started process (PID=4351) to work on /home/airflow/.local/lib/python3.8/site-packages/airflow/example_dags/example_branch_labels.py
[2025-12-06T09:32:44.538+0000] {processor.py:830} INFO - Processing file /home/airflow/.local/lib/python3.8/site-packages/airflow/example_dags/example_branch_labels.py for tasks to queue
[2025-12-06T09:32:44.541+0000] {logging_mixin.py:188} INFO - [2025-12-06T09:32:44.540+0000] {dagbag.py:538} INFO - Filling up the DagBag from /home/airflow/.local/lib/python3.8/site-packages/airflow/example_dags/example_branch_labels.py
[2025-12-06T09:32:44.553+0000] {processor.py:840} INFO - DAG(s) 'example_branch_labels' retrieved from /home/airflow/.local/lib/python3.8/site-packages/airflow/example_dags/example_branch_labels.py
[2025-12-06T09:32:44.590+0000] {logging_mixin.py:188} INFO - [2025-12-06T09:32:44.590+0000] {dag.py:3036} INFO - Sync 1 DAGs
[2025-12-06T09:32:44.625+0000] {logging_mixin.py:188} INFO - [2025-12-06T09:32:44.624+0000] {dag.py:3823} INFO - Setting next_dagrun for example_branch_labels to 2025-12-05 00:00:00+00:00, run_after=2025-12-06 00:00:00+00:00
[2025-12-06T09:32:44.660+0000] {processor.py:183} INFO - Processing /home/airflow/.local/lib/python3.8/site-packages/airflow/example_dags/example_branch_labels.py took 0.130 seconds
[2025-12-06T09:33:14.943+0000] {processor.py:161} INFO - Started process (PID=4410) to work on /home/airflow/.local/lib/python3.8/site-packages/airflow/example_dags/example_branch_labels.py
[2025-12-06T09:33:14.945+0000] {processor.py:830} INFO - Processing file /home/airflow/.local/lib/python3.8/site-packages/airflow/example_dags/example_branch_labels.py for tasks to queue
[2025-12-06T09:33:14.948+0000] {logging_mixin.py:188} INFO - [2025-12-06T09:33:14.947+0000] {dagbag.py:538} INFO - Filling up the DagBag from /home/airflow/.local/lib/python3.8/site-packages/airflow/example_dags/example_branch_labels.py
[2025-12-06T09:33:14.960+0000] {processor.py:840} INFO - DAG(s) 'example_branch_labels' retrieved from /home/airflow/.local/lib/python3.8/site-packages/airflow/example_dags/example_branch_labels.py
[2025-12-06T09:33:14.994+0000] {logging_mixin.py:188} INFO - [2025-12-06T09:33:14.994+0000] {dag.py:3036} INFO - Sync 1 DAGs
[2025-12-06T09:33:15.032+0000] {logging_mixin.py:188} INFO - [2025-12-06T09:33:15.031+0000] {dag.py:3823} INFO - Setting next_dagrun for example_branch_labels to 2025-12-05 00:00:00+00:00, run_after=2025-12-06 00:00:00+00:00
[2025-12-06T09:33:15.064+0000] {processor.py:183} INFO - Processing /home/airflow/.local/lib/python3.8/site-packages/airflow/example_dags/example_branch_labels.py took 0.126 seconds
[2025-12-06T09:33:45.248+0000] {processor.py:161} INFO - Started process (PID=4469) to work on /home/airflow/.local/lib/python3.8/site-packages/airflow/example_dags/example_branch_labels.py
[2025-12-06T09:33:45.249+0000] {processor.py:830} INFO - Processing file /home/airflow/.local/lib/python3.8/site-packages/airflow/example_dags/example_branch_labels.py for tasks to queue
[2025-12-06T09:33:45.251+0000] {logging_mixin.py:188} INFO - [2025-12-06T09:33:45.251+0000] {dagbag.py:538} INFO - Filling up the DagBag from /home/airflow/.local/lib/python3.8/site-packages/airflow/example_dags/example_branch_labels.py
[2025-12-06T09:33:45.264+0000] {processor.py:840} INFO - DAG(s) 'example_branch_labels' retrieved from /home/airflow/.local/lib/python3.8/site-packages/airflow/example_dags/example_branch_labels.py
[2025-12-06T09:33:45.299+0000] {logging_mixin.py:188} INFO - [2025-12-06T09:33:45.299+0000] {dag.py:3036} INFO - Sync 1 DAGs
[2025-12-06T09:33:45.333+0000] {logging_mixin.py:188} INFO - [2025-12-06T09:33:45.333+0000] {dag.py:3823} INFO - Setting next_dagrun for example_branch_labels to 2025-12-05 00:00:00+00:00, run_after=2025-12-06 00:00:00+00:00
[2025-12-06T09:33:45.365+0000] {processor.py:183} INFO - Processing /home/airflow/.local/lib/python3.8/site-packages/airflow/example_dags/example_branch_labels.py took 0.122 seconds
[2025-12-06T09:34:15.479+0000] {processor.py:161} INFO - Started process (PID=4528) to work on /home/airflow/.local/lib/python3.8/site-packages/airflow/example_dags/example_branch_labels.py
[2025-12-06T09:34:15.480+0000] {processor.py:830} INFO - Processing file /home/airflow/.local/lib/python3.8/site-packages/airflow/example_dags/example_branch_labels.py for tasks to queue
[2025-12-06T09:34:15.483+0000] {logging_mixin.py:188} INFO - [2025-12-06T09:34:15.482+0000] {dagbag.py:538} INFO - Filling up the DagBag from /home/airflow/.local/lib/python3.8/site-packages/airflow/example_dags/example_branch_labels.py
[2025-12-06T09:34:15.495+0000] {processor.py:840} INFO - DAG(s) 'example_branch_labels' retrieved from /home/airflow/.local/lib/python3.8/site-packages/airflow/example_dags/example_branch_labels.py
[2025-12-06T09:34:15.530+0000] {logging_mixin.py:188} INFO - [2025-12-06T09:34:15.530+0000] {dag.py:3036} INFO - Sync 1 DAGs
[2025-12-06T09:34:15.565+0000] {logging_mixin.py:188} INFO - [2025-12-06T09:34:15.564+0000] {dag.py:3823} INFO - Setting next_dagrun for example_branch_labels to 2025-12-05 00:00:00+00:00, run_after=2025-12-06 00:00:00+00:00
[2025-12-06T09:34:15.600+0000] {processor.py:183} INFO - Processing /home/airflow/.local/lib/python3.8/site-packages/airflow/example_dags/example_branch_labels.py took 0.126 seconds
[2025-12-06T09:34:45.685+0000] {processor.py:161} INFO - Started process (PID=4587) to work on /home/airflow/.local/lib/python3.8/site-packages/airflow/example_dags/example_branch_labels.py
[2025-12-06T09:34:45.686+0000] {processor.py:830} INFO - Processing file /home/airflow/.local/lib/python3.8/site-packages/airflow/example_dags/example_branch_labels.py for tasks to queue
[2025-12-06T09:34:45.690+0000] {logging_mixin.py:188} INFO - [2025-12-06T09:34:45.689+0000] {dagbag.py:538} INFO - Filling up the DagBag from /home/airflow/.local/lib/python3.8/site-packages/airflow/example_dags/example_branch_labels.py
[2025-12-06T09:34:45.702+0000] {processor.py:840} INFO - DAG(s) 'example_branch_labels' retrieved from /home/airflow/.local/lib/python3.8/site-packages/airflow/example_dags/example_branch_labels.py
[2025-12-06T09:34:45.740+0000] {logging_mixin.py:188} INFO - [2025-12-06T09:34:45.740+0000] {dag.py:3036} INFO - Sync 1 DAGs
[2025-12-06T09:34:45.780+0000] {logging_mixin.py:188} INFO - [2025-12-06T09:34:45.779+0000] {dag.py:3823} INFO - Setting next_dagrun for example_branch_labels to 2025-12-05 00:00:00+00:00, run_after=2025-12-06 00:00:00+00:00
[2025-12-06T09:34:45.808+0000] {processor.py:183} INFO - Processing /home/airflow/.local/lib/python3.8/site-packages/airflow/example_dags/example_branch_labels.py took 0.128 seconds
[2025-12-06T09:35:15.909+0000] {processor.py:161} INFO - Started process (PID=4646) to work on /home/airflow/.local/lib/python3.8/site-packages/airflow/example_dags/example_branch_labels.py
[2025-12-06T09:35:15.910+0000] {processor.py:830} INFO - Processing file /home/airflow/.local/lib/python3.8/site-packages/airflow/example_dags/example_branch_labels.py for tasks to queue
[2025-12-06T09:35:15.913+0000] {logging_mixin.py:188} INFO - [2025-12-06T09:35:15.912+0000] {dagbag.py:538} INFO - Filling up the DagBag from /home/airflow/.local/lib/python3.8/site-packages/airflow/example_dags/example_branch_labels.py
[2025-12-06T09:35:15.925+0000] {processor.py:840} INFO - DAG(s) 'example_branch_labels' retrieved from /home/airflow/.local/lib/python3.8/site-packages/airflow/example_dags/example_branch_labels.py
[2025-12-06T09:35:15.958+0000] {logging_mixin.py:188} INFO - [2025-12-06T09:35:15.958+0000] {dag.py:3036} INFO - Sync 1 DAGs
[2025-12-06T09:35:15.996+0000] {logging_mixin.py:188} INFO - [2025-12-06T09:35:15.995+0000] {dag.py:3823} INFO - Setting next_dagrun for example_branch_labels to 2025-12-05 00:00:00+00:00, run_after=2025-12-06 00:00:00+00:00
[2025-12-06T09:35:16.035+0000] {processor.py:183} INFO - Processing /home/airflow/.local/lib/python3.8/site-packages/airflow/example_dags/example_branch_labels.py took 0.130 seconds
[2025-12-06T09:35:46.177+0000] {processor.py:161} INFO - Started process (PID=4705) to work on /home/airflow/.local/lib/python3.8/site-packages/airflow/example_dags/example_branch_labels.py
[2025-12-06T09:35:46.178+0000] {processor.py:830} INFO - Processing file /home/airflow/.local/lib/python3.8/site-packages/airflow/example_dags/example_branch_labels.py for tasks to queue
[2025-12-06T09:35:46.181+0000] {logging_mixin.py:188} INFO - [2025-12-06T09:35:46.181+0000] {dagbag.py:538} INFO - Filling up the DagBag from /home/airflow/.local/lib/python3.8/site-packages/airflow/example_dags/example_branch_labels.py
[2025-12-06T09:35:46.201+0000] {processor.py:840} INFO - DAG(s) 'example_branch_labels' retrieved from /home/airflow/.local/lib/python3.8/site-packages/airflow/example_dags/example_branch_labels.py
[2025-12-06T09:35:46.240+0000] {logging_mixin.py:188} INFO - [2025-12-06T09:35:46.240+0000] {dag.py:3036} INFO - Sync 1 DAGs
[2025-12-06T09:35:46.276+0000] {logging_mixin.py:188} INFO - [2025-12-06T09:35:46.276+0000] {dag.py:3823} INFO - Setting next_dagrun for example_branch_labels to 2025-12-05 00:00:00+00:00, run_after=2025-12-06 00:00:00+00:00
[2025-12-06T09:35:46.309+0000] {processor.py:183} INFO - Processing /home/airflow/.local/lib/python3.8/site-packages/airflow/example_dags/example_branch_labels.py took 0.136 seconds
[2025-12-06T09:36:16.460+0000] {processor.py:161} INFO - Started process (PID=4764) to work on /home/airflow/.local/lib/python3.8/site-packages/airflow/example_dags/example_branch_labels.py
[2025-12-06T09:36:16.461+0000] {processor.py:830} INFO - Processing file /home/airflow/.local/lib/python3.8/site-packages/airflow/example_dags/example_branch_labels.py for tasks to queue
[2025-12-06T09:36:16.465+0000] {logging_mixin.py:188} INFO - [2025-12-06T09:36:16.464+0000] {dagbag.py:538} INFO - Filling up the DagBag from /home/airflow/.local/lib/python3.8/site-packages/airflow/example_dags/example_branch_labels.py
[2025-12-06T09:36:16.478+0000] {processor.py:840} INFO - DAG(s) 'example_branch_labels' retrieved from /home/airflow/.local/lib/python3.8/site-packages/airflow/example_dags/example_branch_labels.py
[2025-12-06T09:36:16.514+0000] {logging_mixin.py:188} INFO - [2025-12-06T09:36:16.514+0000] {dag.py:3036} INFO - Sync 1 DAGs
[2025-12-06T09:36:16.548+0000] {logging_mixin.py:188} INFO - [2025-12-06T09:36:16.547+0000] {dag.py:3823} INFO - Setting next_dagrun for example_branch_labels to 2025-12-05 00:00:00+00:00, run_after=2025-12-06 00:00:00+00:00
[2025-12-06T09:36:16.578+0000] {processor.py:183} INFO - Processing /home/airflow/.local/lib/python3.8/site-packages/airflow/example_dags/example_branch_labels.py took 0.123 seconds
[2025-12-06T09:36:46.833+0000] {processor.py:161} INFO - Started process (PID=4823) to work on /home/airflow/.local/lib/python3.8/site-packages/airflow/example_dags/example_branch_labels.py
[2025-12-06T09:36:46.835+0000] {processor.py:830} INFO - Processing file /home/airflow/.local/lib/python3.8/site-packages/airflow/example_dags/example_branch_labels.py for tasks to queue
[2025-12-06T09:36:46.837+0000] {logging_mixin.py:188} INFO - [2025-12-06T09:36:46.837+0000] {dagbag.py:538} INFO - Filling up the DagBag from /home/airflow/.local/lib/python3.8/site-packages/airflow/example_dags/example_branch_labels.py
[2025-12-06T09:36:46.850+0000] {processor.py:840} INFO - DAG(s) 'example_branch_labels' retrieved from /home/airflow/.local/lib/python3.8/site-packages/airflow/example_dags/example_branch_labels.py
[2025-12-06T09:36:46.886+0000] {logging_mixin.py:188} INFO - [2025-12-06T09:36:46.885+0000] {dag.py:3036} INFO - Sync 1 DAGs
[2025-12-06T09:36:46.919+0000] {logging_mixin.py:188} INFO - [2025-12-06T09:36:46.918+0000] {dag.py:3823} INFO - Setting next_dagrun for example_branch_labels to 2025-12-05 00:00:00+00:00, run_after=2025-12-06 00:00:00+00:00
[2025-12-06T09:36:46.952+0000] {processor.py:183} INFO - Processing /home/airflow/.local/lib/python3.8/site-packages/airflow/example_dags/example_branch_labels.py took 0.124 seconds
[2025-12-06T09:37:17.009+0000] {processor.py:161} INFO - Started process (PID=4882) to work on /home/airflow/.local/lib/python3.8/site-packages/airflow/example_dags/example_branch_labels.py
[2025-12-06T09:37:17.011+0000] {processor.py:830} INFO - Processing file /home/airflow/.local/lib/python3.8/site-packages/airflow/example_dags/example_branch_labels.py for tasks to queue
[2025-12-06T09:37:17.014+0000] {logging_mixin.py:188} INFO - [2025-12-06T09:37:17.013+0000] {dagbag.py:538} INFO - Filling up the DagBag from /home/airflow/.local/lib/python3.8/site-packages/airflow/example_dags/example_branch_labels.py
[2025-12-06T09:37:17.026+0000] {processor.py:840} INFO - DAG(s) 'example_branch_labels' retrieved from /home/airflow/.local/lib/python3.8/site-packages/airflow/example_dags/example_branch_labels.py
[2025-12-06T09:37:17.059+0000] {logging_mixin.py:188} INFO - [2025-12-06T09:37:17.058+0000] {dag.py:3036} INFO - Sync 1 DAGs
[2025-12-06T09:37:17.096+0000] {logging_mixin.py:188} INFO - [2025-12-06T09:37:17.095+0000] {dag.py:3823} INFO - Setting next_dagrun for example_branch_labels to 2025-12-05 00:00:00+00:00, run_after=2025-12-06 00:00:00+00:00
[2025-12-06T09:37:17.131+0000] {processor.py:183} INFO - Processing /home/airflow/.local/lib/python3.8/site-packages/airflow/example_dags/example_branch_labels.py took 0.126 seconds
[2025-12-06T09:37:47.407+0000] {processor.py:161} INFO - Started process (PID=4941) to work on /home/airflow/.local/lib/python3.8/site-packages/airflow/example_dags/example_branch_labels.py
[2025-12-06T09:37:47.409+0000] {processor.py:830} INFO - Processing file /home/airflow/.local/lib/python3.8/site-packages/airflow/example_dags/example_branch_labels.py for tasks to queue
[2025-12-06T09:37:47.412+0000] {logging_mixin.py:188} INFO - [2025-12-06T09:37:47.412+0000] {dagbag.py:538} INFO - Filling up the DagBag from /home/airflow/.local/lib/python3.8/site-packages/airflow/example_dags/example_branch_labels.py
[2025-12-06T09:37:47.425+0000] {processor.py:840} INFO - DAG(s) 'example_branch_labels' retrieved from /home/airflow/.local/lib/python3.8/site-packages/airflow/example_dags/example_branch_labels.py
[2025-12-06T09:37:47.459+0000] {logging_mixin.py:188} INFO - [2025-12-06T09:37:47.459+0000] {dag.py:3036} INFO - Sync 1 DAGs
[2025-12-06T09:37:47.492+0000] {logging_mixin.py:188} INFO - [2025-12-06T09:37:47.492+0000] {dag.py:3823} INFO - Setting next_dagrun for example_branch_labels to 2025-12-05 00:00:00+00:00, run_after=2025-12-06 00:00:00+00:00
[2025-12-06T09:37:47.520+0000] {processor.py:183} INFO - Processing /home/airflow/.local/lib/python3.8/site-packages/airflow/example_dags/example_branch_labels.py took 0.119 seconds
[2025-12-06T09:38:18.049+0000] {processor.py:161} INFO - Started process (PID=5000) to work on /home/airflow/.local/lib/python3.8/site-packages/airflow/example_dags/example_branch_labels.py
[2025-12-06T09:38:18.050+0000] {processor.py:830} INFO - Processing file /home/airflow/.local/lib/python3.8/site-packages/airflow/example_dags/example_branch_labels.py for tasks to queue
[2025-12-06T09:38:18.055+0000] {logging_mixin.py:188} INFO - [2025-12-06T09:38:18.054+0000] {dagbag.py:538} INFO - Filling up the DagBag from /home/airflow/.local/lib/python3.8/site-packages/airflow/example_dags/example_branch_labels.py
[2025-12-06T09:38:18.067+0000] {processor.py:840} INFO - DAG(s) 'example_branch_labels' retrieved from /home/airflow/.local/lib/python3.8/site-packages/airflow/example_dags/example_branch_labels.py
[2025-12-06T09:38:18.097+0000] {logging_mixin.py:188} INFO - [2025-12-06T09:38:18.097+0000] {dag.py:3036} INFO - Sync 1 DAGs
[2025-12-06T09:38:18.132+0000] {logging_mixin.py:188} INFO - [2025-12-06T09:38:18.132+0000] {dag.py:3823} INFO - Setting next_dagrun for example_branch_labels to 2025-12-05 00:00:00+00:00, run_after=2025-12-06 00:00:00+00:00
[2025-12-06T09:38:18.162+0000] {processor.py:183} INFO - Processing /home/airflow/.local/lib/python3.8/site-packages/airflow/example_dags/example_branch_labels.py took 0.118 seconds
[2025-12-06T09:38:48.747+0000] {processor.py:161} INFO - Started process (PID=5059) to work on /home/airflow/.local/lib/python3.8/site-packages/airflow/example_dags/example_branch_labels.py
[2025-12-06T09:38:48.748+0000] {processor.py:830} INFO - Processing file /home/airflow/.local/lib/python3.8/site-packages/airflow/example_dags/example_branch_labels.py for tasks to queue
[2025-12-06T09:38:48.751+0000] {logging_mixin.py:188} INFO - [2025-12-06T09:38:48.751+0000] {dagbag.py:538} INFO - Filling up the DagBag from /home/airflow/.local/lib/python3.8/site-packages/airflow/example_dags/example_branch_labels.py
[2025-12-06T09:38:48.762+0000] {processor.py:840} INFO - DAG(s) 'example_branch_labels' retrieved from /home/airflow/.local/lib/python3.8/site-packages/airflow/example_dags/example_branch_labels.py
[2025-12-06T09:38:48.794+0000] {logging_mixin.py:188} INFO - [2025-12-06T09:38:48.793+0000] {dag.py:3036} INFO - Sync 1 DAGs
[2025-12-06T09:38:48.825+0000] {logging_mixin.py:188} INFO - [2025-12-06T09:38:48.825+0000] {dag.py:3823} INFO - Setting next_dagrun for example_branch_labels to 2025-12-05 00:00:00+00:00, run_after=2025-12-06 00:00:00+00:00
[2025-12-06T09:38:48.856+0000] {processor.py:183} INFO - Processing /home/airflow/.local/lib/python3.8/site-packages/airflow/example_dags/example_branch_labels.py took 0.114 seconds
[2025-12-06T09:39:19.272+0000] {processor.py:161} INFO - Started process (PID=5118) to work on /home/airflow/.local/lib/python3.8/site-packages/airflow/example_dags/example_branch_labels.py
[2025-12-06T09:39:19.274+0000] {processor.py:830} INFO - Processing file /home/airflow/.local/lib/python3.8/site-packages/airflow/example_dags/example_branch_labels.py for tasks to queue
[2025-12-06T09:39:19.277+0000] {logging_mixin.py:188} INFO - [2025-12-06T09:39:19.276+0000] {dagbag.py:538} INFO - Filling up the DagBag from /home/airflow/.local/lib/python3.8/site-packages/airflow/example_dags/example_branch_labels.py
[2025-12-06T09:39:19.290+0000] {processor.py:840} INFO - DAG(s) 'example_branch_labels' retrieved from /home/airflow/.local/lib/python3.8/site-packages/airflow/example_dags/example_branch_labels.py
[2025-12-06T09:39:19.319+0000] {logging_mixin.py:188} INFO - [2025-12-06T09:39:19.319+0000] {dag.py:3036} INFO - Sync 1 DAGs
[2025-12-06T09:39:19.351+0000] {logging_mixin.py:188} INFO - [2025-12-06T09:39:19.351+0000] {dag.py:3823} INFO - Setting next_dagrun for example_branch_labels to 2025-12-05 00:00:00+00:00, run_after=2025-12-06 00:00:00+00:00
[2025-12-06T09:39:19.381+0000] {processor.py:183} INFO - Processing /home/airflow/.local/lib/python3.8/site-packages/airflow/example_dags/example_branch_labels.py took 0.115 seconds
[2025-12-06T09:39:49.773+0000] {processor.py:161} INFO - Started process (PID=5177) to work on /home/airflow/.local/lib/python3.8/site-packages/airflow/example_dags/example_branch_labels.py
[2025-12-06T09:39:49.775+0000] {processor.py:830} INFO - Processing file /home/airflow/.local/lib/python3.8/site-packages/airflow/example_dags/example_branch_labels.py for tasks to queue
[2025-12-06T09:39:49.779+0000] {logging_mixin.py:188} INFO - [2025-12-06T09:39:49.779+0000] {dagbag.py:538} INFO - Filling up the DagBag from /home/airflow/.local/lib/python3.8/site-packages/airflow/example_dags/example_branch_labels.py
[2025-12-06T09:39:49.791+0000] {processor.py:840} INFO - DAG(s) 'example_branch_labels' retrieved from /home/airflow/.local/lib/python3.8/site-packages/airflow/example_dags/example_branch_labels.py
[2025-12-06T09:39:49.824+0000] {logging_mixin.py:188} INFO - [2025-12-06T09:39:49.823+0000] {dag.py:3036} INFO - Sync 1 DAGs
[2025-12-06T09:39:49.859+0000] {logging_mixin.py:188} INFO - [2025-12-06T09:39:49.858+0000] {dag.py:3823} INFO - Setting next_dagrun for example_branch_labels to 2025-12-05 00:00:00+00:00, run_after=2025-12-06 00:00:00+00:00
[2025-12-06T09:39:49.886+0000] {processor.py:183} INFO - Processing /home/airflow/.local/lib/python3.8/site-packages/airflow/example_dags/example_branch_labels.py took 0.116 seconds
[2025-12-06T09:40:20.404+0000] {processor.py:161} INFO - Started process (PID=5236) to work on /home/airflow/.local/lib/python3.8/site-packages/airflow/example_dags/example_branch_labels.py
[2025-12-06T09:40:20.405+0000] {processor.py:830} INFO - Processing file /home/airflow/.local/lib/python3.8/site-packages/airflow/example_dags/example_branch_labels.py for tasks to queue
[2025-12-06T09:40:20.409+0000] {logging_mixin.py:188} INFO - [2025-12-06T09:40:20.408+0000] {dagbag.py:538} INFO - Filling up the DagBag from /home/airflow/.local/lib/python3.8/site-packages/airflow/example_dags/example_branch_labels.py
[2025-12-06T09:40:20.420+0000] {processor.py:840} INFO - DAG(s) 'example_branch_labels' retrieved from /home/airflow/.local/lib/python3.8/site-packages/airflow/example_dags/example_branch_labels.py
[2025-12-06T09:40:20.449+0000] {logging_mixin.py:188} INFO - [2025-12-06T09:40:20.449+0000] {dag.py:3036} INFO - Sync 1 DAGs
[2025-12-06T09:40:20.480+0000] {logging_mixin.py:188} INFO - [2025-12-06T09:40:20.479+0000] {dag.py:3823} INFO - Setting next_dagrun for example_branch_labels to 2025-12-05 00:00:00+00:00, run_after=2025-12-06 00:00:00+00:00
[2025-12-06T09:40:20.509+0000] {processor.py:183} INFO - Processing /home/airflow/.local/lib/python3.8/site-packages/airflow/example_dags/example_branch_labels.py took 0.109 seconds
[2025-12-06T09:40:51.057+0000] {processor.py:161} INFO - Started process (PID=5295) to work on /home/airflow/.local/lib/python3.8/site-packages/airflow/example_dags/example_branch_labels.py
[2025-12-06T09:40:51.059+0000] {processor.py:830} INFO - Processing file /home/airflow/.local/lib/python3.8/site-packages/airflow/example_dags/example_branch_labels.py for tasks to queue
[2025-12-06T09:40:51.062+0000] {logging_mixin.py:188} INFO - [2025-12-06T09:40:51.061+0000] {dagbag.py:538} INFO - Filling up the DagBag from /home/airflow/.local/lib/python3.8/site-packages/airflow/example_dags/example_branch_labels.py
[2025-12-06T09:40:51.073+0000] {processor.py:840} INFO - DAG(s) 'example_branch_labels' retrieved from /home/airflow/.local/lib/python3.8/site-packages/airflow/example_dags/example_branch_labels.py
[2025-12-06T09:40:51.105+0000] {logging_mixin.py:188} INFO - [2025-12-06T09:40:51.105+0000] {dag.py:3036} INFO - Sync 1 DAGs
[2025-12-06T09:40:51.139+0000] {logging_mixin.py:188} INFO - [2025-12-06T09:40:51.138+0000] {dag.py:3823} INFO - Setting next_dagrun for example_branch_labels to 2025-12-05 00:00:00+00:00, run_after=2025-12-06 00:00:00+00:00
[2025-12-06T09:40:51.168+0000] {processor.py:183} INFO - Processing /home/airflow/.local/lib/python3.8/site-packages/airflow/example_dags/example_branch_labels.py took 0.117 seconds
[2025-12-06T09:41:21.349+0000] {processor.py:161} INFO - Started process (PID=5354) to work on /home/airflow/.local/lib/python3.8/site-packages/airflow/example_dags/example_branch_labels.py
[2025-12-06T09:41:21.350+0000] {processor.py:830} INFO - Processing file /home/airflow/.local/lib/python3.8/site-packages/airflow/example_dags/example_branch_labels.py for tasks to queue
[2025-12-06T09:41:21.353+0000] {logging_mixin.py:188} INFO - [2025-12-06T09:41:21.352+0000] {dagbag.py:538} INFO - Filling up the DagBag from /home/airflow/.local/lib/python3.8/site-packages/airflow/example_dags/example_branch_labels.py
[2025-12-06T09:41:21.364+0000] {processor.py:840} INFO - DAG(s) 'example_branch_labels' retrieved from /home/airflow/.local/lib/python3.8/site-packages/airflow/example_dags/example_branch_labels.py
[2025-12-06T09:41:21.396+0000] {logging_mixin.py:188} INFO - [2025-12-06T09:41:21.396+0000] {dag.py:3036} INFO - Sync 1 DAGs
[2025-12-06T09:41:21.427+0000] {logging_mixin.py:188} INFO - [2025-12-06T09:41:21.426+0000] {dag.py:3823} INFO - Setting next_dagrun for example_branch_labels to 2025-12-05 00:00:00+00:00, run_after=2025-12-06 00:00:00+00:00
[2025-12-06T09:41:21.456+0000] {processor.py:183} INFO - Processing /home/airflow/.local/lib/python3.8/site-packages/airflow/example_dags/example_branch_labels.py took 0.112 seconds
[2025-12-06T09:41:51.708+0000] {processor.py:161} INFO - Started process (PID=5413) to work on /home/airflow/.local/lib/python3.8/site-packages/airflow/example_dags/example_branch_labels.py
[2025-12-06T09:41:51.710+0000] {processor.py:830} INFO - Processing file /home/airflow/.local/lib/python3.8/site-packages/airflow/example_dags/example_branch_labels.py for tasks to queue
[2025-12-06T09:41:51.714+0000] {logging_mixin.py:188} INFO - [2025-12-06T09:41:51.713+0000] {dagbag.py:538} INFO - Filling up the DagBag from /home/airflow/.local/lib/python3.8/site-packages/airflow/example_dags/example_branch_labels.py
[2025-12-06T09:41:51.726+0000] {processor.py:840} INFO - DAG(s) 'example_branch_labels' retrieved from /home/airflow/.local/lib/python3.8/site-packages/airflow/example_dags/example_branch_labels.py
[2025-12-06T09:41:51.758+0000] {logging_mixin.py:188} INFO - [2025-12-06T09:41:51.758+0000] {dag.py:3036} INFO - Sync 1 DAGs
[2025-12-06T09:41:51.795+0000] {logging_mixin.py:188} INFO - [2025-12-06T09:41:51.794+0000] {dag.py:3823} INFO - Setting next_dagrun for example_branch_labels to 2025-12-05 00:00:00+00:00, run_after=2025-12-06 00:00:00+00:00
[2025-12-06T09:41:51.826+0000] {processor.py:183} INFO - Processing /home/airflow/.local/lib/python3.8/site-packages/airflow/example_dags/example_branch_labels.py took 0.124 seconds
[2025-12-06T09:42:22.615+0000] {processor.py:161} INFO - Started process (PID=5471) to work on /home/airflow/.local/lib/python3.8/site-packages/airflow/example_dags/example_branch_labels.py
[2025-12-06T09:42:22.617+0000] {processor.py:830} INFO - Processing file /home/airflow/.local/lib/python3.8/site-packages/airflow/example_dags/example_branch_labels.py for tasks to queue
[2025-12-06T09:42:22.620+0000] {logging_mixin.py:188} INFO - [2025-12-06T09:42:22.619+0000] {dagbag.py:538} INFO - Filling up the DagBag from /home/airflow/.local/lib/python3.8/site-packages/airflow/example_dags/example_branch_labels.py
[2025-12-06T09:42:22.635+0000] {processor.py:840} INFO - DAG(s) 'example_branch_labels' retrieved from /home/airflow/.local/lib/python3.8/site-packages/airflow/example_dags/example_branch_labels.py
[2025-12-06T09:42:22.670+0000] {logging_mixin.py:188} INFO - [2025-12-06T09:42:22.670+0000] {dag.py:3036} INFO - Sync 1 DAGs
[2025-12-06T09:42:22.701+0000] {logging_mixin.py:188} INFO - [2025-12-06T09:42:22.700+0000] {dag.py:3823} INFO - Setting next_dagrun for example_branch_labels to 2025-12-05 00:00:00+00:00, run_after=2025-12-06 00:00:00+00:00
[2025-12-06T09:42:22.729+0000] {processor.py:183} INFO - Processing /home/airflow/.local/lib/python3.8/site-packages/airflow/example_dags/example_branch_labels.py took 0.118 seconds
[2025-12-06T09:42:52.809+0000] {processor.py:161} INFO - Started process (PID=5530) to work on /home/airflow/.local/lib/python3.8/site-packages/airflow/example_dags/example_branch_labels.py
[2025-12-06T09:42:52.811+0000] {processor.py:830} INFO - Processing file /home/airflow/.local/lib/python3.8/site-packages/airflow/example_dags/example_branch_labels.py for tasks to queue
[2025-12-06T09:42:52.815+0000] {logging_mixin.py:188} INFO - [2025-12-06T09:42:52.815+0000] {dagbag.py:538} INFO - Filling up the DagBag from /home/airflow/.local/lib/python3.8/site-packages/airflow/example_dags/example_branch_labels.py
[2025-12-06T09:42:52.829+0000] {processor.py:840} INFO - DAG(s) 'example_branch_labels' retrieved from /home/airflow/.local/lib/python3.8/site-packages/airflow/example_dags/example_branch_labels.py
[2025-12-06T09:42:52.865+0000] {logging_mixin.py:188} INFO - [2025-12-06T09:42:52.865+0000] {dag.py:3036} INFO - Sync 1 DAGs
[2025-12-06T09:42:52.901+0000] {logging_mixin.py:188} INFO - [2025-12-06T09:42:52.901+0000] {dag.py:3823} INFO - Setting next_dagrun for example_branch_labels to 2025-12-05 00:00:00+00:00, run_after=2025-12-06 00:00:00+00:00
[2025-12-06T09:42:52.931+0000] {processor.py:183} INFO - Processing /home/airflow/.local/lib/python3.8/site-packages/airflow/example_dags/example_branch_labels.py took 0.127 seconds
[2025-12-06T09:43:23.156+0000] {processor.py:161} INFO - Started process (PID=5589) to work on /home/airflow/.local/lib/python3.8/site-packages/airflow/example_dags/example_branch_labels.py
[2025-12-06T09:43:23.158+0000] {processor.py:830} INFO - Processing file /home/airflow/.local/lib/python3.8/site-packages/airflow/example_dags/example_branch_labels.py for tasks to queue
[2025-12-06T09:43:23.161+0000] {logging_mixin.py:188} INFO - [2025-12-06T09:43:23.160+0000] {dagbag.py:538} INFO - Filling up the DagBag from /home/airflow/.local/lib/python3.8/site-packages/airflow/example_dags/example_branch_labels.py
[2025-12-06T09:43:23.173+0000] {processor.py:840} INFO - DAG(s) 'example_branch_labels' retrieved from /home/airflow/.local/lib/python3.8/site-packages/airflow/example_dags/example_branch_labels.py
[2025-12-06T09:43:23.205+0000] {logging_mixin.py:188} INFO - [2025-12-06T09:43:23.205+0000] {dag.py:3036} INFO - Sync 1 DAGs
[2025-12-06T09:43:23.242+0000] {logging_mixin.py:188} INFO - [2025-12-06T09:43:23.241+0000] {dag.py:3823} INFO - Setting next_dagrun for example_branch_labels to 2025-12-05 00:00:00+00:00, run_after=2025-12-06 00:00:00+00:00
[2025-12-06T09:43:23.268+0000] {processor.py:183} INFO - Processing /home/airflow/.local/lib/python3.8/site-packages/airflow/example_dags/example_branch_labels.py took 0.117 seconds
[2025-12-06T09:43:53.984+0000] {processor.py:161} INFO - Started process (PID=5646) to work on /home/airflow/.local/lib/python3.8/site-packages/airflow/example_dags/example_branch_labels.py
[2025-12-06T09:43:53.986+0000] {processor.py:830} INFO - Processing file /home/airflow/.local/lib/python3.8/site-packages/airflow/example_dags/example_branch_labels.py for tasks to queue
[2025-12-06T09:43:53.989+0000] {logging_mixin.py:188} INFO - [2025-12-06T09:43:53.988+0000] {dagbag.py:538} INFO - Filling up the DagBag from /home/airflow/.local/lib/python3.8/site-packages/airflow/example_dags/example_branch_labels.py
[2025-12-06T09:43:54.000+0000] {processor.py:840} INFO - DAG(s) 'example_branch_labels' retrieved from /home/airflow/.local/lib/python3.8/site-packages/airflow/example_dags/example_branch_labels.py
[2025-12-06T09:43:54.035+0000] {logging_mixin.py:188} INFO - [2025-12-06T09:43:54.035+0000] {dag.py:3036} INFO - Sync 1 DAGs
[2025-12-06T09:43:54.090+0000] {logging_mixin.py:188} INFO - [2025-12-06T09:43:54.089+0000] {dag.py:3823} INFO - Setting next_dagrun for example_branch_labels to 2025-12-05 00:00:00+00:00, run_after=2025-12-06 00:00:00+00:00
[2025-12-06T09:43:54.124+0000] {processor.py:183} INFO - Processing /home/airflow/.local/lib/python3.8/site-packages/airflow/example_dags/example_branch_labels.py took 0.146 seconds
[2025-12-06T09:44:24.289+0000] {processor.py:161} INFO - Started process (PID=5705) to work on /home/airflow/.local/lib/python3.8/site-packages/airflow/example_dags/example_branch_labels.py
[2025-12-06T09:44:24.292+0000] {processor.py:830} INFO - Processing file /home/airflow/.local/lib/python3.8/site-packages/airflow/example_dags/example_branch_labels.py for tasks to queue
[2025-12-06T09:44:24.295+0000] {logging_mixin.py:188} INFO - [2025-12-06T09:44:24.294+0000] {dagbag.py:538} INFO - Filling up the DagBag from /home/airflow/.local/lib/python3.8/site-packages/airflow/example_dags/example_branch_labels.py
[2025-12-06T09:44:24.307+0000] {processor.py:840} INFO - DAG(s) 'example_branch_labels' retrieved from /home/airflow/.local/lib/python3.8/site-packages/airflow/example_dags/example_branch_labels.py
[2025-12-06T09:44:24.336+0000] {logging_mixin.py:188} INFO - [2025-12-06T09:44:24.336+0000] {dag.py:3036} INFO - Sync 1 DAGs
[2025-12-06T09:44:24.370+0000] {logging_mixin.py:188} INFO - [2025-12-06T09:44:24.370+0000] {dag.py:3823} INFO - Setting next_dagrun for example_branch_labels to 2025-12-05 00:00:00+00:00, run_after=2025-12-06 00:00:00+00:00
[2025-12-06T09:44:24.396+0000] {processor.py:183} INFO - Processing /home/airflow/.local/lib/python3.8/site-packages/airflow/example_dags/example_branch_labels.py took 0.112 seconds
[2025-12-06T09:44:54.735+0000] {processor.py:161} INFO - Started process (PID=5764) to work on /home/airflow/.local/lib/python3.8/site-packages/airflow/example_dags/example_branch_labels.py
[2025-12-06T09:44:54.737+0000] {processor.py:830} INFO - Processing file /home/airflow/.local/lib/python3.8/site-packages/airflow/example_dags/example_branch_labels.py for tasks to queue
[2025-12-06T09:44:54.740+0000] {logging_mixin.py:188} INFO - [2025-12-06T09:44:54.740+0000] {dagbag.py:538} INFO - Filling up the DagBag from /home/airflow/.local/lib/python3.8/site-packages/airflow/example_dags/example_branch_labels.py
[2025-12-06T09:44:54.752+0000] {processor.py:840} INFO - DAG(s) 'example_branch_labels' retrieved from /home/airflow/.local/lib/python3.8/site-packages/airflow/example_dags/example_branch_labels.py
[2025-12-06T09:44:54.785+0000] {logging_mixin.py:188} INFO - [2025-12-06T09:44:54.784+0000] {dag.py:3036} INFO - Sync 1 DAGs
[2025-12-06T09:44:54.821+0000] {logging_mixin.py:188} INFO - [2025-12-06T09:44:54.821+0000] {dag.py:3823} INFO - Setting next_dagrun for example_branch_labels to 2025-12-05 00:00:00+00:00, run_after=2025-12-06 00:00:00+00:00
[2025-12-06T09:44:54.847+0000] {processor.py:183} INFO - Processing /home/airflow/.local/lib/python3.8/site-packages/airflow/example_dags/example_branch_labels.py took 0.117 seconds
[2025-12-06T09:45:25.016+0000] {processor.py:161} INFO - Started process (PID=5823) to work on /home/airflow/.local/lib/python3.8/site-packages/airflow/example_dags/example_branch_labels.py
[2025-12-06T09:45:25.018+0000] {processor.py:830} INFO - Processing file /home/airflow/.local/lib/python3.8/site-packages/airflow/example_dags/example_branch_labels.py for tasks to queue
[2025-12-06T09:45:25.021+0000] {logging_mixin.py:188} INFO - [2025-12-06T09:45:25.021+0000] {dagbag.py:538} INFO - Filling up the DagBag from /home/airflow/.local/lib/python3.8/site-packages/airflow/example_dags/example_branch_labels.py
[2025-12-06T09:45:25.031+0000] {processor.py:840} INFO - DAG(s) 'example_branch_labels' retrieved from /home/airflow/.local/lib/python3.8/site-packages/airflow/example_dags/example_branch_labels.py
[2025-12-06T09:45:25.063+0000] {logging_mixin.py:188} INFO - [2025-12-06T09:45:25.063+0000] {dag.py:3036} INFO - Sync 1 DAGs
[2025-12-06T09:45:25.099+0000] {logging_mixin.py:188} INFO - [2025-12-06T09:45:25.099+0000] {dag.py:3823} INFO - Setting next_dagrun for example_branch_labels to 2025-12-05 00:00:00+00:00, run_after=2025-12-06 00:00:00+00:00
[2025-12-06T09:45:25.128+0000] {processor.py:183} INFO - Processing /home/airflow/.local/lib/python3.8/site-packages/airflow/example_dags/example_branch_labels.py took 0.117 seconds
[2025-12-06T09:45:55.205+0000] {processor.py:161} INFO - Started process (PID=5882) to work on /home/airflow/.local/lib/python3.8/site-packages/airflow/example_dags/example_branch_labels.py
[2025-12-06T09:45:55.207+0000] {processor.py:830} INFO - Processing file /home/airflow/.local/lib/python3.8/site-packages/airflow/example_dags/example_branch_labels.py for tasks to queue
[2025-12-06T09:45:55.210+0000] {logging_mixin.py:188} INFO - [2025-12-06T09:45:55.209+0000] {dagbag.py:538} INFO - Filling up the DagBag from /home/airflow/.local/lib/python3.8/site-packages/airflow/example_dags/example_branch_labels.py
[2025-12-06T09:45:55.224+0000] {processor.py:840} INFO - DAG(s) 'example_branch_labels' retrieved from /home/airflow/.local/lib/python3.8/site-packages/airflow/example_dags/example_branch_labels.py
[2025-12-06T09:45:55.257+0000] {logging_mixin.py:188} INFO - [2025-12-06T09:45:55.257+0000] {dag.py:3036} INFO - Sync 1 DAGs
[2025-12-06T09:45:55.290+0000] {logging_mixin.py:188} INFO - [2025-12-06T09:45:55.290+0000] {dag.py:3823} INFO - Setting next_dagrun for example_branch_labels to 2025-12-05 00:00:00+00:00, run_after=2025-12-06 00:00:00+00:00
[2025-12-06T09:45:55.318+0000] {processor.py:183} INFO - Processing /home/airflow/.local/lib/python3.8/site-packages/airflow/example_dags/example_branch_labels.py took 0.117 seconds
[2025-12-06T09:46:25.452+0000] {processor.py:161} INFO - Started process (PID=5941) to work on /home/airflow/.local/lib/python3.8/site-packages/airflow/example_dags/example_branch_labels.py
[2025-12-06T09:46:25.453+0000] {processor.py:830} INFO - Processing file /home/airflow/.local/lib/python3.8/site-packages/airflow/example_dags/example_branch_labels.py for tasks to queue
[2025-12-06T09:46:25.457+0000] {logging_mixin.py:188} INFO - [2025-12-06T09:46:25.457+0000] {dagbag.py:538} INFO - Filling up the DagBag from /home/airflow/.local/lib/python3.8/site-packages/airflow/example_dags/example_branch_labels.py
[2025-12-06T09:46:25.470+0000] {processor.py:840} INFO - DAG(s) 'example_branch_labels' retrieved from /home/airflow/.local/lib/python3.8/site-packages/airflow/example_dags/example_branch_labels.py
[2025-12-06T09:46:25.506+0000] {logging_mixin.py:188} INFO - [2025-12-06T09:46:25.505+0000] {dag.py:3036} INFO - Sync 1 DAGs
[2025-12-06T09:46:25.542+0000] {logging_mixin.py:188} INFO - [2025-12-06T09:46:25.542+0000] {dag.py:3823} INFO - Setting next_dagrun for example_branch_labels to 2025-12-05 00:00:00+00:00, run_after=2025-12-06 00:00:00+00:00
[2025-12-06T09:46:25.572+0000] {processor.py:183} INFO - Processing /home/airflow/.local/lib/python3.8/site-packages/airflow/example_dags/example_branch_labels.py took 0.125 seconds
[2025-12-06T09:46:56.257+0000] {processor.py:161} INFO - Started process (PID=6000) to work on /home/airflow/.local/lib/python3.8/site-packages/airflow/example_dags/example_branch_labels.py
[2025-12-06T09:46:56.258+0000] {processor.py:830} INFO - Processing file /home/airflow/.local/lib/python3.8/site-packages/airflow/example_dags/example_branch_labels.py for tasks to queue
[2025-12-06T09:46:56.261+0000] {logging_mixin.py:188} INFO - [2025-12-06T09:46:56.260+0000] {dagbag.py:538} INFO - Filling up the DagBag from /home/airflow/.local/lib/python3.8/site-packages/airflow/example_dags/example_branch_labels.py
[2025-12-06T09:46:56.274+0000] {processor.py:840} INFO - DAG(s) 'example_branch_labels' retrieved from /home/airflow/.local/lib/python3.8/site-packages/airflow/example_dags/example_branch_labels.py
[2025-12-06T09:46:56.317+0000] {logging_mixin.py:188} INFO - [2025-12-06T09:46:56.317+0000] {dag.py:3036} INFO - Sync 1 DAGs
[2025-12-06T09:46:56.354+0000] {logging_mixin.py:188} INFO - [2025-12-06T09:46:56.354+0000] {dag.py:3823} INFO - Setting next_dagrun for example_branch_labels to 2025-12-05 00:00:00+00:00, run_after=2025-12-06 00:00:00+00:00
[2025-12-06T09:46:56.378+0000] {processor.py:183} INFO - Processing /home/airflow/.local/lib/python3.8/site-packages/airflow/example_dags/example_branch_labels.py took 0.125 seconds
[2025-12-06T09:47:26.878+0000] {processor.py:161} INFO - Started process (PID=6059) to work on /home/airflow/.local/lib/python3.8/site-packages/airflow/example_dags/example_branch_labels.py
[2025-12-06T09:47:26.879+0000] {processor.py:830} INFO - Processing file /home/airflow/.local/lib/python3.8/site-packages/airflow/example_dags/example_branch_labels.py for tasks to queue
[2025-12-06T09:47:26.882+0000] {logging_mixin.py:188} INFO - [2025-12-06T09:47:26.882+0000] {dagbag.py:538} INFO - Filling up the DagBag from /home/airflow/.local/lib/python3.8/site-packages/airflow/example_dags/example_branch_labels.py
[2025-12-06T09:47:26.894+0000] {processor.py:840} INFO - DAG(s) 'example_branch_labels' retrieved from /home/airflow/.local/lib/python3.8/site-packages/airflow/example_dags/example_branch_labels.py
[2025-12-06T09:47:26.926+0000] {logging_mixin.py:188} INFO - [2025-12-06T09:47:26.925+0000] {dag.py:3036} INFO - Sync 1 DAGs
[2025-12-06T09:47:26.957+0000] {logging_mixin.py:188} INFO - [2025-12-06T09:47:26.957+0000] {dag.py:3823} INFO - Setting next_dagrun for example_branch_labels to 2025-12-05 00:00:00+00:00, run_after=2025-12-06 00:00:00+00:00
[2025-12-06T09:47:26.990+0000] {processor.py:183} INFO - Processing /home/airflow/.local/lib/python3.8/site-packages/airflow/example_dags/example_branch_labels.py took 0.118 seconds
[2025-12-06T09:47:57.559+0000] {processor.py:161} INFO - Started process (PID=6118) to work on /home/airflow/.local/lib/python3.8/site-packages/airflow/example_dags/example_branch_labels.py
[2025-12-06T09:47:57.561+0000] {processor.py:830} INFO - Processing file /home/airflow/.local/lib/python3.8/site-packages/airflow/example_dags/example_branch_labels.py for tasks to queue
[2025-12-06T09:47:57.564+0000] {logging_mixin.py:188} INFO - [2025-12-06T09:47:57.563+0000] {dagbag.py:538} INFO - Filling up the DagBag from /home/airflow/.local/lib/python3.8/site-packages/airflow/example_dags/example_branch_labels.py
[2025-12-06T09:47:57.576+0000] {processor.py:840} INFO - DAG(s) 'example_branch_labels' retrieved from /home/airflow/.local/lib/python3.8/site-packages/airflow/example_dags/example_branch_labels.py
[2025-12-06T09:47:57.611+0000] {logging_mixin.py:188} INFO - [2025-12-06T09:47:57.611+0000] {dag.py:3036} INFO - Sync 1 DAGs
[2025-12-06T09:47:57.648+0000] {logging_mixin.py:188} INFO - [2025-12-06T09:47:57.647+0000] {dag.py:3823} INFO - Setting next_dagrun for example_branch_labels to 2025-12-05 00:00:00+00:00, run_after=2025-12-06 00:00:00+00:00
[2025-12-06T09:47:57.673+0000] {processor.py:183} INFO - Processing /home/airflow/.local/lib/python3.8/site-packages/airflow/example_dags/example_branch_labels.py took 0.119 seconds
[2025-12-06T09:48:28.328+0000] {processor.py:161} INFO - Started process (PID=6177) to work on /home/airflow/.local/lib/python3.8/site-packages/airflow/example_dags/example_branch_labels.py
[2025-12-06T09:48:28.329+0000] {processor.py:830} INFO - Processing file /home/airflow/.local/lib/python3.8/site-packages/airflow/example_dags/example_branch_labels.py for tasks to queue
[2025-12-06T09:48:28.332+0000] {logging_mixin.py:188} INFO - [2025-12-06T09:48:28.332+0000] {dagbag.py:538} INFO - Filling up the DagBag from /home/airflow/.local/lib/python3.8/site-packages/airflow/example_dags/example_branch_labels.py
[2025-12-06T09:48:28.344+0000] {processor.py:840} INFO - DAG(s) 'example_branch_labels' retrieved from /home/airflow/.local/lib/python3.8/site-packages/airflow/example_dags/example_branch_labels.py
[2025-12-06T09:48:28.378+0000] {logging_mixin.py:188} INFO - [2025-12-06T09:48:28.378+0000] {dag.py:3036} INFO - Sync 1 DAGs
[2025-12-06T09:48:28.412+0000] {logging_mixin.py:188} INFO - [2025-12-06T09:48:28.412+0000] {dag.py:3823} INFO - Setting next_dagrun for example_branch_labels to 2025-12-05 00:00:00+00:00, run_after=2025-12-06 00:00:00+00:00
[2025-12-06T09:48:28.439+0000] {processor.py:183} INFO - Processing /home/airflow/.local/lib/python3.8/site-packages/airflow/example_dags/example_branch_labels.py took 0.116 seconds
[2025-12-06T09:48:59.070+0000] {processor.py:161} INFO - Started process (PID=6236) to work on /home/airflow/.local/lib/python3.8/site-packages/airflow/example_dags/example_branch_labels.py
[2025-12-06T09:48:59.072+0000] {processor.py:830} INFO - Processing file /home/airflow/.local/lib/python3.8/site-packages/airflow/example_dags/example_branch_labels.py for tasks to queue
[2025-12-06T09:48:59.075+0000] {logging_mixin.py:188} INFO - [2025-12-06T09:48:59.074+0000] {dagbag.py:538} INFO - Filling up the DagBag from /home/airflow/.local/lib/python3.8/site-packages/airflow/example_dags/example_branch_labels.py
[2025-12-06T09:48:59.087+0000] {processor.py:840} INFO - DAG(s) 'example_branch_labels' retrieved from /home/airflow/.local/lib/python3.8/site-packages/airflow/example_dags/example_branch_labels.py
[2025-12-06T09:48:59.118+0000] {logging_mixin.py:188} INFO - [2025-12-06T09:48:59.118+0000] {dag.py:3036} INFO - Sync 1 DAGs
[2025-12-06T09:48:59.152+0000] {logging_mixin.py:188} INFO - [2025-12-06T09:48:59.151+0000] {dag.py:3823} INFO - Setting next_dagrun for example_branch_labels to 2025-12-05 00:00:00+00:00, run_after=2025-12-06 00:00:00+00:00
[2025-12-06T09:48:59.178+0000] {processor.py:183} INFO - Processing /home/airflow/.local/lib/python3.8/site-packages/airflow/example_dags/example_branch_labels.py took 0.113 seconds
[2025-12-06T09:49:29.801+0000] {processor.py:161} INFO - Started process (PID=6295) to work on /home/airflow/.local/lib/python3.8/site-packages/airflow/example_dags/example_branch_labels.py
[2025-12-06T09:49:29.803+0000] {processor.py:830} INFO - Processing file /home/airflow/.local/lib/python3.8/site-packages/airflow/example_dags/example_branch_labels.py for tasks to queue
[2025-12-06T09:49:29.806+0000] {logging_mixin.py:188} INFO - [2025-12-06T09:49:29.806+0000] {dagbag.py:538} INFO - Filling up the DagBag from /home/airflow/.local/lib/python3.8/site-packages/airflow/example_dags/example_branch_labels.py
[2025-12-06T09:49:29.821+0000] {processor.py:840} INFO - DAG(s) 'example_branch_labels' retrieved from /home/airflow/.local/lib/python3.8/site-packages/airflow/example_dags/example_branch_labels.py
[2025-12-06T09:49:29.859+0000] {logging_mixin.py:188} INFO - [2025-12-06T09:49:29.858+0000] {dag.py:3036} INFO - Sync 1 DAGs
[2025-12-06T09:49:29.917+0000] {logging_mixin.py:188} INFO - [2025-12-06T09:49:29.916+0000] {dag.py:3823} INFO - Setting next_dagrun for example_branch_labels to 2025-12-05 00:00:00+00:00, run_after=2025-12-06 00:00:00+00:00
[2025-12-06T09:49:29.951+0000] {processor.py:183} INFO - Processing /home/airflow/.local/lib/python3.8/site-packages/airflow/example_dags/example_branch_labels.py took 0.157 seconds
[2025-12-06T09:50:00.415+0000] {processor.py:161} INFO - Started process (PID=6354) to work on /home/airflow/.local/lib/python3.8/site-packages/airflow/example_dags/example_branch_labels.py
[2025-12-06T09:50:00.418+0000] {processor.py:830} INFO - Processing file /home/airflow/.local/lib/python3.8/site-packages/airflow/example_dags/example_branch_labels.py for tasks to queue
[2025-12-06T09:50:00.423+0000] {logging_mixin.py:188} INFO - [2025-12-06T09:50:00.422+0000] {dagbag.py:538} INFO - Filling up the DagBag from /home/airflow/.local/lib/python3.8/site-packages/airflow/example_dags/example_branch_labels.py
[2025-12-06T09:50:00.437+0000] {processor.py:840} INFO - DAG(s) 'example_branch_labels' retrieved from /home/airflow/.local/lib/python3.8/site-packages/airflow/example_dags/example_branch_labels.py
[2025-12-06T09:50:00.473+0000] {logging_mixin.py:188} INFO - [2025-12-06T09:50:00.473+0000] {dag.py:3036} INFO - Sync 1 DAGs
[2025-12-06T09:50:00.507+0000] {logging_mixin.py:188} INFO - [2025-12-06T09:50:00.506+0000] {dag.py:3823} INFO - Setting next_dagrun for example_branch_labels to 2025-12-05 00:00:00+00:00, run_after=2025-12-06 00:00:00+00:00
[2025-12-06T09:50:00.535+0000] {processor.py:183} INFO - Processing /home/airflow/.local/lib/python3.8/site-packages/airflow/example_dags/example_branch_labels.py took 0.125 seconds
