[2025-12-06T05:45:42.923+0000] {processor.py:161} INFO - Started process (PID=103) to work on /home/airflow/.local/lib/python3.8/site-packages/airflow/example_dags/example_branch_operator.py
[2025-12-06T05:45:42.928+0000] {processor.py:830} INFO - Processing file /home/airflow/.local/lib/python3.8/site-packages/airflow/example_dags/example_branch_operator.py for tasks to queue
[2025-12-06T05:45:42.931+0000] {logging_mixin.py:188} INFO - [2025-12-06T05:45:42.931+0000] {dagbag.py:538} INFO - Filling up the DagBag from /home/airflow/.local/lib/python3.8/site-packages/airflow/example_dags/example_branch_operator.py
[2025-12-06T05:45:42.983+0000] {processor.py:840} INFO - DAG(s) 'example_branch_operator' retrieved from /home/airflow/.local/lib/python3.8/site-packages/airflow/example_dags/example_branch_operator.py
[2025-12-06T05:45:43.150+0000] {logging_mixin.py:188} INFO - [2025-12-06T05:45:43.150+0000] {dag.py:3036} INFO - Sync 1 DAGs
[2025-12-06T05:45:43.191+0000] {logging_mixin.py:188} INFO - [2025-12-06T05:45:43.190+0000] {dag.py:3823} INFO - Setting next_dagrun for example_branch_operator to 2025-12-05 00:00:00+00:00, run_after=2025-12-06 00:00:00+00:00
[2025-12-06T05:45:43.222+0000] {processor.py:183} INFO - Processing /home/airflow/.local/lib/python3.8/site-packages/airflow/example_dags/example_branch_operator.py took 0.306 seconds
[2025-12-06T05:46:13.388+0000] {processor.py:161} INFO - Started process (PID=158) to work on /home/airflow/.local/lib/python3.8/site-packages/airflow/example_dags/example_branch_operator.py
[2025-12-06T05:46:13.391+0000] {processor.py:830} INFO - Processing file /home/airflow/.local/lib/python3.8/site-packages/airflow/example_dags/example_branch_operator.py for tasks to queue
[2025-12-06T05:46:13.394+0000] {logging_mixin.py:188} INFO - [2025-12-06T05:46:13.393+0000] {dagbag.py:538} INFO - Filling up the DagBag from /home/airflow/.local/lib/python3.8/site-packages/airflow/example_dags/example_branch_operator.py
[2025-12-06T05:46:13.430+0000] {processor.py:840} INFO - DAG(s) 'example_branch_operator' retrieved from /home/airflow/.local/lib/python3.8/site-packages/airflow/example_dags/example_branch_operator.py
[2025-12-06T05:46:13.478+0000] {logging_mixin.py:188} INFO - [2025-12-06T05:46:13.477+0000] {dag.py:3036} INFO - Sync 1 DAGs
[2025-12-06T05:46:13.528+0000] {logging_mixin.py:188} INFO - [2025-12-06T05:46:13.527+0000] {dag.py:3823} INFO - Setting next_dagrun for example_branch_operator to 2025-12-05 00:00:00+00:00, run_after=2025-12-06 00:00:00+00:00
[2025-12-06T05:46:13.566+0000] {processor.py:183} INFO - Processing /home/airflow/.local/lib/python3.8/site-packages/airflow/example_dags/example_branch_operator.py took 0.182 seconds
[2025-12-06T05:46:44.044+0000] {processor.py:161} INFO - Started process (PID=213) to work on /home/airflow/.local/lib/python3.8/site-packages/airflow/example_dags/example_branch_operator.py
[2025-12-06T05:46:44.046+0000] {processor.py:830} INFO - Processing file /home/airflow/.local/lib/python3.8/site-packages/airflow/example_dags/example_branch_operator.py for tasks to queue
[2025-12-06T05:46:44.049+0000] {logging_mixin.py:188} INFO - [2025-12-06T05:46:44.048+0000] {dagbag.py:538} INFO - Filling up the DagBag from /home/airflow/.local/lib/python3.8/site-packages/airflow/example_dags/example_branch_operator.py
[2025-12-06T05:46:44.076+0000] {processor.py:840} INFO - DAG(s) 'example_branch_operator' retrieved from /home/airflow/.local/lib/python3.8/site-packages/airflow/example_dags/example_branch_operator.py
[2025-12-06T05:46:44.119+0000] {logging_mixin.py:188} INFO - [2025-12-06T05:46:44.118+0000] {dag.py:3036} INFO - Sync 1 DAGs
[2025-12-06T05:46:44.151+0000] {logging_mixin.py:188} INFO - [2025-12-06T05:46:44.151+0000] {dag.py:3823} INFO - Setting next_dagrun for example_branch_operator to 2025-12-05 00:00:00+00:00, run_after=2025-12-06 00:00:00+00:00
[2025-12-06T05:46:44.181+0000] {processor.py:183} INFO - Processing /home/airflow/.local/lib/python3.8/site-packages/airflow/example_dags/example_branch_operator.py took 0.143 seconds
[2025-12-06T05:47:14.630+0000] {processor.py:161} INFO - Started process (PID=268) to work on /home/airflow/.local/lib/python3.8/site-packages/airflow/example_dags/example_branch_operator.py
[2025-12-06T05:47:14.632+0000] {processor.py:830} INFO - Processing file /home/airflow/.local/lib/python3.8/site-packages/airflow/example_dags/example_branch_operator.py for tasks to queue
[2025-12-06T05:47:14.635+0000] {logging_mixin.py:188} INFO - [2025-12-06T05:47:14.634+0000] {dagbag.py:538} INFO - Filling up the DagBag from /home/airflow/.local/lib/python3.8/site-packages/airflow/example_dags/example_branch_operator.py
[2025-12-06T05:47:14.664+0000] {processor.py:840} INFO - DAG(s) 'example_branch_operator' retrieved from /home/airflow/.local/lib/python3.8/site-packages/airflow/example_dags/example_branch_operator.py
[2025-12-06T05:47:14.715+0000] {logging_mixin.py:188} INFO - [2025-12-06T05:47:14.714+0000] {dag.py:3036} INFO - Sync 1 DAGs
[2025-12-06T05:47:14.753+0000] {logging_mixin.py:188} INFO - [2025-12-06T05:47:14.753+0000] {dag.py:3823} INFO - Setting next_dagrun for example_branch_operator to 2025-12-05 00:00:00+00:00, run_after=2025-12-06 00:00:00+00:00
[2025-12-06T05:47:14.785+0000] {processor.py:183} INFO - Processing /home/airflow/.local/lib/python3.8/site-packages/airflow/example_dags/example_branch_operator.py took 0.161 seconds
[2025-12-06T05:47:44.933+0000] {processor.py:161} INFO - Started process (PID=323) to work on /home/airflow/.local/lib/python3.8/site-packages/airflow/example_dags/example_branch_operator.py
[2025-12-06T05:47:44.934+0000] {processor.py:830} INFO - Processing file /home/airflow/.local/lib/python3.8/site-packages/airflow/example_dags/example_branch_operator.py for tasks to queue
[2025-12-06T05:47:44.937+0000] {logging_mixin.py:188} INFO - [2025-12-06T05:47:44.937+0000] {dagbag.py:538} INFO - Filling up the DagBag from /home/airflow/.local/lib/python3.8/site-packages/airflow/example_dags/example_branch_operator.py
[2025-12-06T05:47:44.967+0000] {processor.py:840} INFO - DAG(s) 'example_branch_operator' retrieved from /home/airflow/.local/lib/python3.8/site-packages/airflow/example_dags/example_branch_operator.py
[2025-12-06T05:47:45.011+0000] {logging_mixin.py:188} INFO - [2025-12-06T05:47:45.011+0000] {dag.py:3036} INFO - Sync 1 DAGs
[2025-12-06T05:47:45.046+0000] {logging_mixin.py:188} INFO - [2025-12-06T05:47:45.046+0000] {dag.py:3823} INFO - Setting next_dagrun for example_branch_operator to 2025-12-05 00:00:00+00:00, run_after=2025-12-06 00:00:00+00:00
[2025-12-06T05:47:45.077+0000] {processor.py:183} INFO - Processing /home/airflow/.local/lib/python3.8/site-packages/airflow/example_dags/example_branch_operator.py took 0.150 seconds
[2025-12-06T05:48:15.338+0000] {processor.py:161} INFO - Started process (PID=378) to work on /home/airflow/.local/lib/python3.8/site-packages/airflow/example_dags/example_branch_operator.py
[2025-12-06T05:48:15.342+0000] {processor.py:830} INFO - Processing file /home/airflow/.local/lib/python3.8/site-packages/airflow/example_dags/example_branch_operator.py for tasks to queue
[2025-12-06T05:48:15.345+0000] {logging_mixin.py:188} INFO - [2025-12-06T05:48:15.344+0000] {dagbag.py:538} INFO - Filling up the DagBag from /home/airflow/.local/lib/python3.8/site-packages/airflow/example_dags/example_branch_operator.py
[2025-12-06T05:48:15.368+0000] {processor.py:840} INFO - DAG(s) 'example_branch_operator' retrieved from /home/airflow/.local/lib/python3.8/site-packages/airflow/example_dags/example_branch_operator.py
[2025-12-06T05:48:15.415+0000] {logging_mixin.py:188} INFO - [2025-12-06T05:48:15.415+0000] {dag.py:3036} INFO - Sync 1 DAGs
[2025-12-06T05:48:15.453+0000] {logging_mixin.py:188} INFO - [2025-12-06T05:48:15.453+0000] {dag.py:3823} INFO - Setting next_dagrun for example_branch_operator to 2025-12-05 00:00:00+00:00, run_after=2025-12-06 00:00:00+00:00
[2025-12-06T05:48:15.491+0000] {processor.py:183} INFO - Processing /home/airflow/.local/lib/python3.8/site-packages/airflow/example_dags/example_branch_operator.py took 0.158 seconds
[2025-12-06T05:48:45.723+0000] {processor.py:161} INFO - Started process (PID=433) to work on /home/airflow/.local/lib/python3.8/site-packages/airflow/example_dags/example_branch_operator.py
[2025-12-06T05:48:45.725+0000] {processor.py:830} INFO - Processing file /home/airflow/.local/lib/python3.8/site-packages/airflow/example_dags/example_branch_operator.py for tasks to queue
[2025-12-06T05:48:45.730+0000] {logging_mixin.py:188} INFO - [2025-12-06T05:48:45.729+0000] {dagbag.py:538} INFO - Filling up the DagBag from /home/airflow/.local/lib/python3.8/site-packages/airflow/example_dags/example_branch_operator.py
[2025-12-06T05:48:45.772+0000] {processor.py:840} INFO - DAG(s) 'example_branch_operator' retrieved from /home/airflow/.local/lib/python3.8/site-packages/airflow/example_dags/example_branch_operator.py
[2025-12-06T05:48:45.817+0000] {logging_mixin.py:188} INFO - [2025-12-06T05:48:45.817+0000] {dag.py:3036} INFO - Sync 1 DAGs
[2025-12-06T05:48:45.849+0000] {logging_mixin.py:188} INFO - [2025-12-06T05:48:45.848+0000] {dag.py:3823} INFO - Setting next_dagrun for example_branch_operator to 2025-12-05 00:00:00+00:00, run_after=2025-12-06 00:00:00+00:00
[2025-12-06T05:48:45.875+0000] {processor.py:183} INFO - Processing /home/airflow/.local/lib/python3.8/site-packages/airflow/example_dags/example_branch_operator.py took 0.157 seconds
[2025-12-06T05:49:16.289+0000] {processor.py:161} INFO - Started process (PID=488) to work on /home/airflow/.local/lib/python3.8/site-packages/airflow/example_dags/example_branch_operator.py
[2025-12-06T05:49:16.290+0000] {processor.py:830} INFO - Processing file /home/airflow/.local/lib/python3.8/site-packages/airflow/example_dags/example_branch_operator.py for tasks to queue
[2025-12-06T05:49:16.293+0000] {logging_mixin.py:188} INFO - [2025-12-06T05:49:16.292+0000] {dagbag.py:538} INFO - Filling up the DagBag from /home/airflow/.local/lib/python3.8/site-packages/airflow/example_dags/example_branch_operator.py
[2025-12-06T05:49:16.317+0000] {processor.py:840} INFO - DAG(s) 'example_branch_operator' retrieved from /home/airflow/.local/lib/python3.8/site-packages/airflow/example_dags/example_branch_operator.py
[2025-12-06T05:49:16.361+0000] {logging_mixin.py:188} INFO - [2025-12-06T05:49:16.360+0000] {dag.py:3036} INFO - Sync 1 DAGs
[2025-12-06T05:49:16.403+0000] {logging_mixin.py:188} INFO - [2025-12-06T05:49:16.403+0000] {dag.py:3823} INFO - Setting next_dagrun for example_branch_operator to 2025-12-05 00:00:00+00:00, run_after=2025-12-06 00:00:00+00:00
[2025-12-06T05:49:16.459+0000] {processor.py:183} INFO - Processing /home/airflow/.local/lib/python3.8/site-packages/airflow/example_dags/example_branch_operator.py took 0.175 seconds
[2025-12-06T05:49:46.803+0000] {processor.py:161} INFO - Started process (PID=543) to work on /home/airflow/.local/lib/python3.8/site-packages/airflow/example_dags/example_branch_operator.py
[2025-12-06T05:49:46.806+0000] {processor.py:830} INFO - Processing file /home/airflow/.local/lib/python3.8/site-packages/airflow/example_dags/example_branch_operator.py for tasks to queue
[2025-12-06T05:49:46.809+0000] {logging_mixin.py:188} INFO - [2025-12-06T05:49:46.808+0000] {dagbag.py:538} INFO - Filling up the DagBag from /home/airflow/.local/lib/python3.8/site-packages/airflow/example_dags/example_branch_operator.py
[2025-12-06T05:49:46.839+0000] {processor.py:840} INFO - DAG(s) 'example_branch_operator' retrieved from /home/airflow/.local/lib/python3.8/site-packages/airflow/example_dags/example_branch_operator.py
[2025-12-06T05:49:46.885+0000] {logging_mixin.py:188} INFO - [2025-12-06T05:49:46.884+0000] {dag.py:3036} INFO - Sync 1 DAGs
[2025-12-06T05:49:46.924+0000] {logging_mixin.py:188} INFO - [2025-12-06T05:49:46.923+0000] {dag.py:3823} INFO - Setting next_dagrun for example_branch_operator to 2025-12-05 00:00:00+00:00, run_after=2025-12-06 00:00:00+00:00
[2025-12-06T05:49:46.960+0000] {processor.py:183} INFO - Processing /home/airflow/.local/lib/python3.8/site-packages/airflow/example_dags/example_branch_operator.py took 0.164 seconds
[2025-12-06T05:50:17.103+0000] {processor.py:161} INFO - Started process (PID=598) to work on /home/airflow/.local/lib/python3.8/site-packages/airflow/example_dags/example_branch_operator.py
[2025-12-06T05:50:17.105+0000] {processor.py:830} INFO - Processing file /home/airflow/.local/lib/python3.8/site-packages/airflow/example_dags/example_branch_operator.py for tasks to queue
[2025-12-06T05:50:17.108+0000] {logging_mixin.py:188} INFO - [2025-12-06T05:50:17.107+0000] {dagbag.py:538} INFO - Filling up the DagBag from /home/airflow/.local/lib/python3.8/site-packages/airflow/example_dags/example_branch_operator.py
[2025-12-06T05:50:17.142+0000] {processor.py:840} INFO - DAG(s) 'example_branch_operator' retrieved from /home/airflow/.local/lib/python3.8/site-packages/airflow/example_dags/example_branch_operator.py
[2025-12-06T05:50:17.195+0000] {logging_mixin.py:188} INFO - [2025-12-06T05:50:17.195+0000] {dag.py:3036} INFO - Sync 1 DAGs
[2025-12-06T05:50:17.232+0000] {logging_mixin.py:188} INFO - [2025-12-06T05:50:17.232+0000] {dag.py:3823} INFO - Setting next_dagrun for example_branch_operator to 2025-12-05 00:00:00+00:00, run_after=2025-12-06 00:00:00+00:00
[2025-12-06T05:50:17.271+0000] {processor.py:183} INFO - Processing /home/airflow/.local/lib/python3.8/site-packages/airflow/example_dags/example_branch_operator.py took 0.173 seconds
[2025-12-06T05:50:47.777+0000] {processor.py:161} INFO - Started process (PID=653) to work on /home/airflow/.local/lib/python3.8/site-packages/airflow/example_dags/example_branch_operator.py
[2025-12-06T05:50:47.780+0000] {processor.py:830} INFO - Processing file /home/airflow/.local/lib/python3.8/site-packages/airflow/example_dags/example_branch_operator.py for tasks to queue
[2025-12-06T05:50:47.785+0000] {logging_mixin.py:188} INFO - [2025-12-06T05:50:47.785+0000] {dagbag.py:538} INFO - Filling up the DagBag from /home/airflow/.local/lib/python3.8/site-packages/airflow/example_dags/example_branch_operator.py
[2025-12-06T05:50:47.816+0000] {processor.py:840} INFO - DAG(s) 'example_branch_operator' retrieved from /home/airflow/.local/lib/python3.8/site-packages/airflow/example_dags/example_branch_operator.py
[2025-12-06T05:50:47.858+0000] {logging_mixin.py:188} INFO - [2025-12-06T05:50:47.858+0000] {dag.py:3036} INFO - Sync 1 DAGs
[2025-12-06T05:50:47.896+0000] {logging_mixin.py:188} INFO - [2025-12-06T05:50:47.896+0000] {dag.py:3823} INFO - Setting next_dagrun for example_branch_operator to 2025-12-05 00:00:00+00:00, run_after=2025-12-06 00:00:00+00:00
[2025-12-06T05:50:47.929+0000] {processor.py:183} INFO - Processing /home/airflow/.local/lib/python3.8/site-packages/airflow/example_dags/example_branch_operator.py took 0.160 seconds
[2025-12-06T05:51:18.163+0000] {processor.py:161} INFO - Started process (PID=708) to work on /home/airflow/.local/lib/python3.8/site-packages/airflow/example_dags/example_branch_operator.py
[2025-12-06T05:51:18.165+0000] {processor.py:830} INFO - Processing file /home/airflow/.local/lib/python3.8/site-packages/airflow/example_dags/example_branch_operator.py for tasks to queue
[2025-12-06T05:51:18.168+0000] {logging_mixin.py:188} INFO - [2025-12-06T05:51:18.167+0000] {dagbag.py:538} INFO - Filling up the DagBag from /home/airflow/.local/lib/python3.8/site-packages/airflow/example_dags/example_branch_operator.py
[2025-12-06T05:51:18.192+0000] {processor.py:840} INFO - DAG(s) 'example_branch_operator' retrieved from /home/airflow/.local/lib/python3.8/site-packages/airflow/example_dags/example_branch_operator.py
[2025-12-06T05:51:18.234+0000] {logging_mixin.py:188} INFO - [2025-12-06T05:51:18.233+0000] {dag.py:3036} INFO - Sync 1 DAGs
[2025-12-06T05:51:18.269+0000] {logging_mixin.py:188} INFO - [2025-12-06T05:51:18.268+0000] {dag.py:3823} INFO - Setting next_dagrun for example_branch_operator to 2025-12-05 00:00:00+00:00, run_after=2025-12-06 00:00:00+00:00
[2025-12-06T05:51:18.298+0000] {processor.py:183} INFO - Processing /home/airflow/.local/lib/python3.8/site-packages/airflow/example_dags/example_branch_operator.py took 0.139 seconds
[2025-12-06T05:51:49.316+0000] {processor.py:161} INFO - Started process (PID=763) to work on /home/airflow/.local/lib/python3.8/site-packages/airflow/example_dags/example_branch_operator.py
[2025-12-06T05:51:49.318+0000] {processor.py:830} INFO - Processing file /home/airflow/.local/lib/python3.8/site-packages/airflow/example_dags/example_branch_operator.py for tasks to queue
[2025-12-06T05:51:49.321+0000] {logging_mixin.py:188} INFO - [2025-12-06T05:51:49.321+0000] {dagbag.py:538} INFO - Filling up the DagBag from /home/airflow/.local/lib/python3.8/site-packages/airflow/example_dags/example_branch_operator.py
[2025-12-06T05:51:49.356+0000] {processor.py:840} INFO - DAG(s) 'example_branch_operator' retrieved from /home/airflow/.local/lib/python3.8/site-packages/airflow/example_dags/example_branch_operator.py
[2025-12-06T05:51:49.406+0000] {logging_mixin.py:188} INFO - [2025-12-06T05:51:49.406+0000] {dag.py:3036} INFO - Sync 1 DAGs
[2025-12-06T05:51:49.448+0000] {logging_mixin.py:188} INFO - [2025-12-06T05:51:49.448+0000] {dag.py:3823} INFO - Setting next_dagrun for example_branch_operator to 2025-12-05 00:00:00+00:00, run_after=2025-12-06 00:00:00+00:00
[2025-12-06T05:51:49.483+0000] {processor.py:183} INFO - Processing /home/airflow/.local/lib/python3.8/site-packages/airflow/example_dags/example_branch_operator.py took 0.171 seconds
[2025-12-06T05:52:19.932+0000] {processor.py:161} INFO - Started process (PID=818) to work on /home/airflow/.local/lib/python3.8/site-packages/airflow/example_dags/example_branch_operator.py
[2025-12-06T05:52:19.934+0000] {processor.py:830} INFO - Processing file /home/airflow/.local/lib/python3.8/site-packages/airflow/example_dags/example_branch_operator.py for tasks to queue
[2025-12-06T05:52:19.938+0000] {logging_mixin.py:188} INFO - [2025-12-06T05:52:19.937+0000] {dagbag.py:538} INFO - Filling up the DagBag from /home/airflow/.local/lib/python3.8/site-packages/airflow/example_dags/example_branch_operator.py
[2025-12-06T05:52:19.970+0000] {processor.py:840} INFO - DAG(s) 'example_branch_operator' retrieved from /home/airflow/.local/lib/python3.8/site-packages/airflow/example_dags/example_branch_operator.py
[2025-12-06T05:52:20.015+0000] {logging_mixin.py:188} INFO - [2025-12-06T05:52:20.014+0000] {dag.py:3036} INFO - Sync 1 DAGs
[2025-12-06T05:52:20.047+0000] {logging_mixin.py:188} INFO - [2025-12-06T05:52:20.047+0000] {dag.py:3823} INFO - Setting next_dagrun for example_branch_operator to 2025-12-05 00:00:00+00:00, run_after=2025-12-06 00:00:00+00:00
[2025-12-06T05:52:20.080+0000] {processor.py:183} INFO - Processing /home/airflow/.local/lib/python3.8/site-packages/airflow/example_dags/example_branch_operator.py took 0.154 seconds
[2025-12-06T05:52:50.173+0000] {processor.py:161} INFO - Started process (PID=873) to work on /home/airflow/.local/lib/python3.8/site-packages/airflow/example_dags/example_branch_operator.py
[2025-12-06T05:52:50.174+0000] {processor.py:830} INFO - Processing file /home/airflow/.local/lib/python3.8/site-packages/airflow/example_dags/example_branch_operator.py for tasks to queue
[2025-12-06T05:52:50.177+0000] {logging_mixin.py:188} INFO - [2025-12-06T05:52:50.177+0000] {dagbag.py:538} INFO - Filling up the DagBag from /home/airflow/.local/lib/python3.8/site-packages/airflow/example_dags/example_branch_operator.py
[2025-12-06T05:52:50.207+0000] {processor.py:840} INFO - DAG(s) 'example_branch_operator' retrieved from /home/airflow/.local/lib/python3.8/site-packages/airflow/example_dags/example_branch_operator.py
[2025-12-06T05:52:50.256+0000] {logging_mixin.py:188} INFO - [2025-12-06T05:52:50.256+0000] {dag.py:3036} INFO - Sync 1 DAGs
[2025-12-06T05:52:50.296+0000] {logging_mixin.py:188} INFO - [2025-12-06T05:52:50.295+0000] {dag.py:3823} INFO - Setting next_dagrun for example_branch_operator to 2025-12-05 00:00:00+00:00, run_after=2025-12-06 00:00:00+00:00
[2025-12-06T05:52:50.329+0000] {processor.py:183} INFO - Processing /home/airflow/.local/lib/python3.8/site-packages/airflow/example_dags/example_branch_operator.py took 0.161 seconds
[2025-12-06T05:53:20.681+0000] {processor.py:161} INFO - Started process (PID=928) to work on /home/airflow/.local/lib/python3.8/site-packages/airflow/example_dags/example_branch_operator.py
[2025-12-06T05:53:20.682+0000] {processor.py:830} INFO - Processing file /home/airflow/.local/lib/python3.8/site-packages/airflow/example_dags/example_branch_operator.py for tasks to queue
[2025-12-06T05:53:20.685+0000] {logging_mixin.py:188} INFO - [2025-12-06T05:53:20.684+0000] {dagbag.py:538} INFO - Filling up the DagBag from /home/airflow/.local/lib/python3.8/site-packages/airflow/example_dags/example_branch_operator.py
[2025-12-06T05:53:20.708+0000] {processor.py:840} INFO - DAG(s) 'example_branch_operator' retrieved from /home/airflow/.local/lib/python3.8/site-packages/airflow/example_dags/example_branch_operator.py
[2025-12-06T05:53:20.746+0000] {logging_mixin.py:188} INFO - [2025-12-06T05:53:20.746+0000] {dag.py:3036} INFO - Sync 1 DAGs
[2025-12-06T05:53:20.795+0000] {logging_mixin.py:188} INFO - [2025-12-06T05:53:20.794+0000] {dag.py:3823} INFO - Setting next_dagrun for example_branch_operator to 2025-12-05 00:00:00+00:00, run_after=2025-12-06 00:00:00+00:00
[2025-12-06T05:53:20.842+0000] {processor.py:183} INFO - Processing /home/airflow/.local/lib/python3.8/site-packages/airflow/example_dags/example_branch_operator.py took 0.166 seconds
[2025-12-06T05:53:51.050+0000] {processor.py:161} INFO - Started process (PID=983) to work on /home/airflow/.local/lib/python3.8/site-packages/airflow/example_dags/example_branch_operator.py
[2025-12-06T05:53:51.052+0000] {processor.py:830} INFO - Processing file /home/airflow/.local/lib/python3.8/site-packages/airflow/example_dags/example_branch_operator.py for tasks to queue
[2025-12-06T05:53:51.056+0000] {logging_mixin.py:188} INFO - [2025-12-06T05:53:51.055+0000] {dagbag.py:538} INFO - Filling up the DagBag from /home/airflow/.local/lib/python3.8/site-packages/airflow/example_dags/example_branch_operator.py
[2025-12-06T05:53:51.079+0000] {processor.py:840} INFO - DAG(s) 'example_branch_operator' retrieved from /home/airflow/.local/lib/python3.8/site-packages/airflow/example_dags/example_branch_operator.py
[2025-12-06T05:53:51.117+0000] {logging_mixin.py:188} INFO - [2025-12-06T05:53:51.116+0000] {dag.py:3036} INFO - Sync 1 DAGs
[2025-12-06T05:53:51.148+0000] {logging_mixin.py:188} INFO - [2025-12-06T05:53:51.148+0000] {dag.py:3823} INFO - Setting next_dagrun for example_branch_operator to 2025-12-05 00:00:00+00:00, run_after=2025-12-06 00:00:00+00:00
[2025-12-06T05:53:51.179+0000] {processor.py:183} INFO - Processing /home/airflow/.local/lib/python3.8/site-packages/airflow/example_dags/example_branch_operator.py took 0.133 seconds
[2025-12-06T05:54:21.913+0000] {processor.py:161} INFO - Started process (PID=1046) to work on /home/airflow/.local/lib/python3.8/site-packages/airflow/example_dags/example_branch_operator.py
[2025-12-06T05:54:21.915+0000] {processor.py:830} INFO - Processing file /home/airflow/.local/lib/python3.8/site-packages/airflow/example_dags/example_branch_operator.py for tasks to queue
[2025-12-06T05:54:21.920+0000] {logging_mixin.py:188} INFO - [2025-12-06T05:54:21.919+0000] {dagbag.py:538} INFO - Filling up the DagBag from /home/airflow/.local/lib/python3.8/site-packages/airflow/example_dags/example_branch_operator.py
[2025-12-06T05:54:21.959+0000] {processor.py:840} INFO - DAG(s) 'example_branch_operator' retrieved from /home/airflow/.local/lib/python3.8/site-packages/airflow/example_dags/example_branch_operator.py
[2025-12-06T05:54:22.024+0000] {logging_mixin.py:188} INFO - [2025-12-06T05:54:22.024+0000] {dag.py:3036} INFO - Sync 1 DAGs
[2025-12-06T05:54:22.088+0000] {logging_mixin.py:188} INFO - [2025-12-06T05:54:22.087+0000] {dag.py:3823} INFO - Setting next_dagrun for example_branch_operator to 2025-12-05 00:00:00+00:00, run_after=2025-12-06 00:00:00+00:00
[2025-12-06T05:54:22.132+0000] {processor.py:183} INFO - Processing /home/airflow/.local/lib/python3.8/site-packages/airflow/example_dags/example_branch_operator.py took 0.225 seconds
[2025-12-06T05:54:53.022+0000] {processor.py:161} INFO - Started process (PID=1100) to work on /home/airflow/.local/lib/python3.8/site-packages/airflow/example_dags/example_branch_operator.py
[2025-12-06T05:54:53.024+0000] {processor.py:830} INFO - Processing file /home/airflow/.local/lib/python3.8/site-packages/airflow/example_dags/example_branch_operator.py for tasks to queue
[2025-12-06T05:54:53.028+0000] {logging_mixin.py:188} INFO - [2025-12-06T05:54:53.027+0000] {dagbag.py:538} INFO - Filling up the DagBag from /home/airflow/.local/lib/python3.8/site-packages/airflow/example_dags/example_branch_operator.py
[2025-12-06T05:54:53.054+0000] {processor.py:840} INFO - DAG(s) 'example_branch_operator' retrieved from /home/airflow/.local/lib/python3.8/site-packages/airflow/example_dags/example_branch_operator.py
[2025-12-06T05:54:53.092+0000] {logging_mixin.py:188} INFO - [2025-12-06T05:54:53.092+0000] {dag.py:3036} INFO - Sync 1 DAGs
[2025-12-06T05:54:53.126+0000] {logging_mixin.py:188} INFO - [2025-12-06T05:54:53.126+0000] {dag.py:3823} INFO - Setting next_dagrun for example_branch_operator to 2025-12-05 00:00:00+00:00, run_after=2025-12-06 00:00:00+00:00
[2025-12-06T05:54:53.160+0000] {processor.py:183} INFO - Processing /home/airflow/.local/lib/python3.8/site-packages/airflow/example_dags/example_branch_operator.py took 0.145 seconds
[2025-12-06T05:55:23.302+0000] {processor.py:161} INFO - Started process (PID=1154) to work on /home/airflow/.local/lib/python3.8/site-packages/airflow/example_dags/example_branch_operator.py
[2025-12-06T05:55:23.304+0000] {processor.py:830} INFO - Processing file /home/airflow/.local/lib/python3.8/site-packages/airflow/example_dags/example_branch_operator.py for tasks to queue
[2025-12-06T05:55:23.307+0000] {logging_mixin.py:188} INFO - [2025-12-06T05:55:23.306+0000] {dagbag.py:538} INFO - Filling up the DagBag from /home/airflow/.local/lib/python3.8/site-packages/airflow/example_dags/example_branch_operator.py
[2025-12-06T05:55:23.330+0000] {processor.py:840} INFO - DAG(s) 'example_branch_operator' retrieved from /home/airflow/.local/lib/python3.8/site-packages/airflow/example_dags/example_branch_operator.py
[2025-12-06T05:55:23.368+0000] {logging_mixin.py:188} INFO - [2025-12-06T05:55:23.368+0000] {dag.py:3036} INFO - Sync 1 DAGs
[2025-12-06T05:55:23.405+0000] {logging_mixin.py:188} INFO - [2025-12-06T05:55:23.404+0000] {dag.py:3823} INFO - Setting next_dagrun for example_branch_operator to 2025-12-05 00:00:00+00:00, run_after=2025-12-06 00:00:00+00:00
[2025-12-06T05:55:23.438+0000] {processor.py:183} INFO - Processing /home/airflow/.local/lib/python3.8/site-packages/airflow/example_dags/example_branch_operator.py took 0.141 seconds
[2025-12-06T05:55:53.955+0000] {processor.py:161} INFO - Started process (PID=1211) to work on /home/airflow/.local/lib/python3.8/site-packages/airflow/example_dags/example_branch_operator.py
[2025-12-06T05:55:53.957+0000] {processor.py:830} INFO - Processing file /home/airflow/.local/lib/python3.8/site-packages/airflow/example_dags/example_branch_operator.py for tasks to queue
[2025-12-06T05:55:53.960+0000] {logging_mixin.py:188} INFO - [2025-12-06T05:55:53.960+0000] {dagbag.py:538} INFO - Filling up the DagBag from /home/airflow/.local/lib/python3.8/site-packages/airflow/example_dags/example_branch_operator.py
[2025-12-06T05:55:53.995+0000] {processor.py:840} INFO - DAG(s) 'example_branch_operator' retrieved from /home/airflow/.local/lib/python3.8/site-packages/airflow/example_dags/example_branch_operator.py
[2025-12-06T05:55:54.032+0000] {logging_mixin.py:188} INFO - [2025-12-06T05:55:54.032+0000] {dag.py:3036} INFO - Sync 1 DAGs
[2025-12-06T05:55:54.067+0000] {logging_mixin.py:188} INFO - [2025-12-06T05:55:54.067+0000] {dag.py:3823} INFO - Setting next_dagrun for example_branch_operator to 2025-12-05 00:00:00+00:00, run_after=2025-12-06 00:00:00+00:00
[2025-12-06T05:55:54.104+0000] {processor.py:183} INFO - Processing /home/airflow/.local/lib/python3.8/site-packages/airflow/example_dags/example_branch_operator.py took 0.154 seconds
[2025-12-06T05:56:24.298+0000] {processor.py:161} INFO - Started process (PID=1268) to work on /home/airflow/.local/lib/python3.8/site-packages/airflow/example_dags/example_branch_operator.py
[2025-12-06T05:56:24.302+0000] {processor.py:830} INFO - Processing file /home/airflow/.local/lib/python3.8/site-packages/airflow/example_dags/example_branch_operator.py for tasks to queue
[2025-12-06T05:56:24.305+0000] {logging_mixin.py:188} INFO - [2025-12-06T05:56:24.305+0000] {dagbag.py:538} INFO - Filling up the DagBag from /home/airflow/.local/lib/python3.8/site-packages/airflow/example_dags/example_branch_operator.py
[2025-12-06T05:56:24.333+0000] {processor.py:840} INFO - DAG(s) 'example_branch_operator' retrieved from /home/airflow/.local/lib/python3.8/site-packages/airflow/example_dags/example_branch_operator.py
[2025-12-06T05:56:24.382+0000] {logging_mixin.py:188} INFO - [2025-12-06T05:56:24.382+0000] {dag.py:3036} INFO - Sync 1 DAGs
[2025-12-06T05:56:24.427+0000] {logging_mixin.py:188} INFO - [2025-12-06T05:56:24.426+0000] {dag.py:3823} INFO - Setting next_dagrun for example_branch_operator to 2025-12-05 00:00:00+00:00, run_after=2025-12-06 00:00:00+00:00
[2025-12-06T05:56:24.461+0000] {processor.py:183} INFO - Processing /home/airflow/.local/lib/python3.8/site-packages/airflow/example_dags/example_branch_operator.py took 0.169 seconds
[2025-12-06T05:56:54.782+0000] {processor.py:161} INFO - Started process (PID=1324) to work on /home/airflow/.local/lib/python3.8/site-packages/airflow/example_dags/example_branch_operator.py
[2025-12-06T05:56:54.785+0000] {processor.py:830} INFO - Processing file /home/airflow/.local/lib/python3.8/site-packages/airflow/example_dags/example_branch_operator.py for tasks to queue
[2025-12-06T05:56:54.789+0000] {logging_mixin.py:188} INFO - [2025-12-06T05:56:54.788+0000] {dagbag.py:538} INFO - Filling up the DagBag from /home/airflow/.local/lib/python3.8/site-packages/airflow/example_dags/example_branch_operator.py
[2025-12-06T05:56:54.816+0000] {processor.py:840} INFO - DAG(s) 'example_branch_operator' retrieved from /home/airflow/.local/lib/python3.8/site-packages/airflow/example_dags/example_branch_operator.py
[2025-12-06T05:56:54.862+0000] {logging_mixin.py:188} INFO - [2025-12-06T05:56:54.862+0000] {dag.py:3036} INFO - Sync 1 DAGs
[2025-12-06T05:56:54.903+0000] {logging_mixin.py:188} INFO - [2025-12-06T05:56:54.903+0000] {dag.py:3823} INFO - Setting next_dagrun for example_branch_operator to 2025-12-05 00:00:00+00:00, run_after=2025-12-06 00:00:00+00:00
[2025-12-06T05:56:54.942+0000] {processor.py:183} INFO - Processing /home/airflow/.local/lib/python3.8/site-packages/airflow/example_dags/example_branch_operator.py took 0.167 seconds
[2025-12-06T05:57:25.609+0000] {processor.py:161} INFO - Started process (PID=1381) to work on /home/airflow/.local/lib/python3.8/site-packages/airflow/example_dags/example_branch_operator.py
[2025-12-06T05:57:25.610+0000] {processor.py:830} INFO - Processing file /home/airflow/.local/lib/python3.8/site-packages/airflow/example_dags/example_branch_operator.py for tasks to queue
[2025-12-06T05:57:25.613+0000] {logging_mixin.py:188} INFO - [2025-12-06T05:57:25.613+0000] {dagbag.py:538} INFO - Filling up the DagBag from /home/airflow/.local/lib/python3.8/site-packages/airflow/example_dags/example_branch_operator.py
[2025-12-06T05:57:25.639+0000] {processor.py:840} INFO - DAG(s) 'example_branch_operator' retrieved from /home/airflow/.local/lib/python3.8/site-packages/airflow/example_dags/example_branch_operator.py
[2025-12-06T05:57:25.680+0000] {logging_mixin.py:188} INFO - [2025-12-06T05:57:25.680+0000] {dag.py:3036} INFO - Sync 1 DAGs
[2025-12-06T05:57:25.711+0000] {logging_mixin.py:188} INFO - [2025-12-06T05:57:25.711+0000] {dag.py:3823} INFO - Setting next_dagrun for example_branch_operator to 2025-12-05 00:00:00+00:00, run_after=2025-12-06 00:00:00+00:00
[2025-12-06T05:57:25.747+0000] {processor.py:183} INFO - Processing /home/airflow/.local/lib/python3.8/site-packages/airflow/example_dags/example_branch_operator.py took 0.142 seconds
[2025-12-06T05:57:55.829+0000] {processor.py:161} INFO - Started process (PID=1436) to work on /home/airflow/.local/lib/python3.8/site-packages/airflow/example_dags/example_branch_operator.py
[2025-12-06T05:57:55.830+0000] {processor.py:830} INFO - Processing file /home/airflow/.local/lib/python3.8/site-packages/airflow/example_dags/example_branch_operator.py for tasks to queue
[2025-12-06T05:57:55.833+0000] {logging_mixin.py:188} INFO - [2025-12-06T05:57:55.833+0000] {dagbag.py:538} INFO - Filling up the DagBag from /home/airflow/.local/lib/python3.8/site-packages/airflow/example_dags/example_branch_operator.py
[2025-12-06T05:57:55.857+0000] {processor.py:840} INFO - DAG(s) 'example_branch_operator' retrieved from /home/airflow/.local/lib/python3.8/site-packages/airflow/example_dags/example_branch_operator.py
[2025-12-06T05:57:55.917+0000] {logging_mixin.py:188} INFO - [2025-12-06T05:57:55.916+0000] {dag.py:3036} INFO - Sync 1 DAGs
[2025-12-06T05:57:55.961+0000] {logging_mixin.py:188} INFO - [2025-12-06T05:57:55.961+0000] {dag.py:3823} INFO - Setting next_dagrun for example_branch_operator to 2025-12-05 00:00:00+00:00, run_after=2025-12-06 00:00:00+00:00
[2025-12-06T05:57:55.992+0000] {processor.py:183} INFO - Processing /home/airflow/.local/lib/python3.8/site-packages/airflow/example_dags/example_branch_operator.py took 0.169 seconds
[2025-12-06T05:58:26.640+0000] {processor.py:161} INFO - Started process (PID=1493) to work on /home/airflow/.local/lib/python3.8/site-packages/airflow/example_dags/example_branch_operator.py
[2025-12-06T05:58:26.642+0000] {processor.py:830} INFO - Processing file /home/airflow/.local/lib/python3.8/site-packages/airflow/example_dags/example_branch_operator.py for tasks to queue
[2025-12-06T05:58:26.645+0000] {logging_mixin.py:188} INFO - [2025-12-06T05:58:26.644+0000] {dagbag.py:538} INFO - Filling up the DagBag from /home/airflow/.local/lib/python3.8/site-packages/airflow/example_dags/example_branch_operator.py
[2025-12-06T05:58:26.670+0000] {processor.py:840} INFO - DAG(s) 'example_branch_operator' retrieved from /home/airflow/.local/lib/python3.8/site-packages/airflow/example_dags/example_branch_operator.py
[2025-12-06T05:58:26.716+0000] {logging_mixin.py:188} INFO - [2025-12-06T05:58:26.716+0000] {dag.py:3036} INFO - Sync 1 DAGs
[2025-12-06T05:58:26.753+0000] {logging_mixin.py:188} INFO - [2025-12-06T05:58:26.752+0000] {dag.py:3823} INFO - Setting next_dagrun for example_branch_operator to 2025-12-05 00:00:00+00:00, run_after=2025-12-06 00:00:00+00:00
[2025-12-06T05:58:26.790+0000] {processor.py:183} INFO - Processing /home/airflow/.local/lib/python3.8/site-packages/airflow/example_dags/example_branch_operator.py took 0.154 seconds
[2025-12-06T05:58:56.910+0000] {processor.py:161} INFO - Started process (PID=1548) to work on /home/airflow/.local/lib/python3.8/site-packages/airflow/example_dags/example_branch_operator.py
[2025-12-06T05:58:56.912+0000] {processor.py:830} INFO - Processing file /home/airflow/.local/lib/python3.8/site-packages/airflow/example_dags/example_branch_operator.py for tasks to queue
[2025-12-06T05:58:56.916+0000] {logging_mixin.py:188} INFO - [2025-12-06T05:58:56.915+0000] {dagbag.py:538} INFO - Filling up the DagBag from /home/airflow/.local/lib/python3.8/site-packages/airflow/example_dags/example_branch_operator.py
[2025-12-06T05:58:56.944+0000] {processor.py:840} INFO - DAG(s) 'example_branch_operator' retrieved from /home/airflow/.local/lib/python3.8/site-packages/airflow/example_dags/example_branch_operator.py
[2025-12-06T05:58:57.001+0000] {logging_mixin.py:188} INFO - [2025-12-06T05:58:57.001+0000] {dag.py:3036} INFO - Sync 1 DAGs
[2025-12-06T05:58:57.047+0000] {logging_mixin.py:188} INFO - [2025-12-06T05:58:57.047+0000] {dag.py:3823} INFO - Setting next_dagrun for example_branch_operator to 2025-12-05 00:00:00+00:00, run_after=2025-12-06 00:00:00+00:00
[2025-12-06T05:58:57.084+0000] {processor.py:183} INFO - Processing /home/airflow/.local/lib/python3.8/site-packages/airflow/example_dags/example_branch_operator.py took 0.180 seconds
[2025-12-06T08:56:13.760+0000] {processor.py:161} INFO - Started process (PID=111) to work on /home/airflow/.local/lib/python3.8/site-packages/airflow/example_dags/example_branch_operator.py
[2025-12-06T08:56:13.762+0000] {processor.py:830} INFO - Processing file /home/airflow/.local/lib/python3.8/site-packages/airflow/example_dags/example_branch_operator.py for tasks to queue
[2025-12-06T08:56:13.766+0000] {logging_mixin.py:188} INFO - [2025-12-06T08:56:13.765+0000] {dagbag.py:538} INFO - Filling up the DagBag from /home/airflow/.local/lib/python3.8/site-packages/airflow/example_dags/example_branch_operator.py
[2025-12-06T08:56:13.797+0000] {processor.py:840} INFO - DAG(s) 'example_branch_operator' retrieved from /home/airflow/.local/lib/python3.8/site-packages/airflow/example_dags/example_branch_operator.py
[2025-12-06T08:56:13.980+0000] {logging_mixin.py:188} INFO - [2025-12-06T08:56:13.980+0000] {dag.py:3036} INFO - Sync 1 DAGs
[2025-12-06T08:56:14.016+0000] {logging_mixin.py:188} INFO - [2025-12-06T08:56:14.016+0000] {dag.py:3823} INFO - Setting next_dagrun for example_branch_operator to 2025-12-05 00:00:00+00:00, run_after=2025-12-06 00:00:00+00:00
[2025-12-06T08:56:14.053+0000] {processor.py:183} INFO - Processing /home/airflow/.local/lib/python3.8/site-packages/airflow/example_dags/example_branch_operator.py took 0.299 seconds
[2025-12-06T08:56:44.135+0000] {processor.py:161} INFO - Started process (PID=170) to work on /home/airflow/.local/lib/python3.8/site-packages/airflow/example_dags/example_branch_operator.py
[2025-12-06T08:56:44.136+0000] {processor.py:830} INFO - Processing file /home/airflow/.local/lib/python3.8/site-packages/airflow/example_dags/example_branch_operator.py for tasks to queue
[2025-12-06T08:56:44.139+0000] {logging_mixin.py:188} INFO - [2025-12-06T08:56:44.139+0000] {dagbag.py:538} INFO - Filling up the DagBag from /home/airflow/.local/lib/python3.8/site-packages/airflow/example_dags/example_branch_operator.py
[2025-12-06T08:56:44.166+0000] {processor.py:840} INFO - DAG(s) 'example_branch_operator' retrieved from /home/airflow/.local/lib/python3.8/site-packages/airflow/example_dags/example_branch_operator.py
[2025-12-06T08:56:44.205+0000] {logging_mixin.py:188} INFO - [2025-12-06T08:56:44.204+0000] {dag.py:3036} INFO - Sync 1 DAGs
[2025-12-06T08:56:44.238+0000] {logging_mixin.py:188} INFO - [2025-12-06T08:56:44.238+0000] {dag.py:3823} INFO - Setting next_dagrun for example_branch_operator to 2025-12-05 00:00:00+00:00, run_after=2025-12-06 00:00:00+00:00
[2025-12-06T08:56:44.273+0000] {processor.py:183} INFO - Processing /home/airflow/.local/lib/python3.8/site-packages/airflow/example_dags/example_branch_operator.py took 0.143 seconds
[2025-12-06T08:57:14.340+0000] {processor.py:161} INFO - Started process (PID=229) to work on /home/airflow/.local/lib/python3.8/site-packages/airflow/example_dags/example_branch_operator.py
[2025-12-06T08:57:14.341+0000] {processor.py:830} INFO - Processing file /home/airflow/.local/lib/python3.8/site-packages/airflow/example_dags/example_branch_operator.py for tasks to queue
[2025-12-06T08:57:14.344+0000] {logging_mixin.py:188} INFO - [2025-12-06T08:57:14.344+0000] {dagbag.py:538} INFO - Filling up the DagBag from /home/airflow/.local/lib/python3.8/site-packages/airflow/example_dags/example_branch_operator.py
[2025-12-06T08:57:14.368+0000] {processor.py:840} INFO - DAG(s) 'example_branch_operator' retrieved from /home/airflow/.local/lib/python3.8/site-packages/airflow/example_dags/example_branch_operator.py
[2025-12-06T08:57:14.405+0000] {logging_mixin.py:188} INFO - [2025-12-06T08:57:14.404+0000] {dag.py:3036} INFO - Sync 1 DAGs
[2025-12-06T08:57:14.456+0000] {logging_mixin.py:188} INFO - [2025-12-06T08:57:14.456+0000] {dag.py:3823} INFO - Setting next_dagrun for example_branch_operator to 2025-12-05 00:00:00+00:00, run_after=2025-12-06 00:00:00+00:00
[2025-12-06T08:57:14.488+0000] {processor.py:183} INFO - Processing /home/airflow/.local/lib/python3.8/site-packages/airflow/example_dags/example_branch_operator.py took 0.154 seconds
[2025-12-06T08:57:45.314+0000] {processor.py:161} INFO - Started process (PID=288) to work on /home/airflow/.local/lib/python3.8/site-packages/airflow/example_dags/example_branch_operator.py
[2025-12-06T08:57:45.316+0000] {processor.py:830} INFO - Processing file /home/airflow/.local/lib/python3.8/site-packages/airflow/example_dags/example_branch_operator.py for tasks to queue
[2025-12-06T08:57:45.322+0000] {logging_mixin.py:188} INFO - [2025-12-06T08:57:45.321+0000] {dagbag.py:538} INFO - Filling up the DagBag from /home/airflow/.local/lib/python3.8/site-packages/airflow/example_dags/example_branch_operator.py
[2025-12-06T08:57:45.388+0000] {processor.py:840} INFO - DAG(s) 'example_branch_operator' retrieved from /home/airflow/.local/lib/python3.8/site-packages/airflow/example_dags/example_branch_operator.py
[2025-12-06T08:57:45.455+0000] {logging_mixin.py:188} INFO - [2025-12-06T08:57:45.454+0000] {dag.py:3036} INFO - Sync 1 DAGs
[2025-12-06T08:57:45.531+0000] {logging_mixin.py:188} INFO - [2025-12-06T08:57:45.531+0000] {dag.py:3823} INFO - Setting next_dagrun for example_branch_operator to 2025-12-05 00:00:00+00:00, run_after=2025-12-06 00:00:00+00:00
[2025-12-06T08:57:45.599+0000] {processor.py:183} INFO - Processing /home/airflow/.local/lib/python3.8/site-packages/airflow/example_dags/example_branch_operator.py took 0.294 seconds
[2025-12-06T08:58:15.894+0000] {processor.py:161} INFO - Started process (PID=347) to work on /home/airflow/.local/lib/python3.8/site-packages/airflow/example_dags/example_branch_operator.py
[2025-12-06T08:58:15.895+0000] {processor.py:830} INFO - Processing file /home/airflow/.local/lib/python3.8/site-packages/airflow/example_dags/example_branch_operator.py for tasks to queue
[2025-12-06T08:58:15.898+0000] {logging_mixin.py:188} INFO - [2025-12-06T08:58:15.898+0000] {dagbag.py:538} INFO - Filling up the DagBag from /home/airflow/.local/lib/python3.8/site-packages/airflow/example_dags/example_branch_operator.py
[2025-12-06T08:58:15.932+0000] {processor.py:840} INFO - DAG(s) 'example_branch_operator' retrieved from /home/airflow/.local/lib/python3.8/site-packages/airflow/example_dags/example_branch_operator.py
[2025-12-06T08:58:15.975+0000] {logging_mixin.py:188} INFO - [2025-12-06T08:58:15.975+0000] {dag.py:3036} INFO - Sync 1 DAGs
[2025-12-06T08:58:16.006+0000] {logging_mixin.py:188} INFO - [2025-12-06T08:58:16.006+0000] {dag.py:3823} INFO - Setting next_dagrun for example_branch_operator to 2025-12-05 00:00:00+00:00, run_after=2025-12-06 00:00:00+00:00
[2025-12-06T08:58:16.039+0000] {processor.py:183} INFO - Processing /home/airflow/.local/lib/python3.8/site-packages/airflow/example_dags/example_branch_operator.py took 0.150 seconds
[2025-12-06T08:58:46.627+0000] {processor.py:161} INFO - Started process (PID=406) to work on /home/airflow/.local/lib/python3.8/site-packages/airflow/example_dags/example_branch_operator.py
[2025-12-06T08:58:46.632+0000] {processor.py:830} INFO - Processing file /home/airflow/.local/lib/python3.8/site-packages/airflow/example_dags/example_branch_operator.py for tasks to queue
[2025-12-06T08:58:46.637+0000] {logging_mixin.py:188} INFO - [2025-12-06T08:58:46.636+0000] {dagbag.py:538} INFO - Filling up the DagBag from /home/airflow/.local/lib/python3.8/site-packages/airflow/example_dags/example_branch_operator.py
[2025-12-06T08:58:46.695+0000] {processor.py:840} INFO - DAG(s) 'example_branch_operator' retrieved from /home/airflow/.local/lib/python3.8/site-packages/airflow/example_dags/example_branch_operator.py
[2025-12-06T08:58:46.757+0000] {logging_mixin.py:188} INFO - [2025-12-06T08:58:46.756+0000] {dag.py:3036} INFO - Sync 1 DAGs
[2025-12-06T08:58:46.800+0000] {logging_mixin.py:188} INFO - [2025-12-06T08:58:46.800+0000] {dag.py:3823} INFO - Setting next_dagrun for example_branch_operator to 2025-12-05 00:00:00+00:00, run_after=2025-12-06 00:00:00+00:00
[2025-12-06T08:58:46.837+0000] {processor.py:183} INFO - Processing /home/airflow/.local/lib/python3.8/site-packages/airflow/example_dags/example_branch_operator.py took 0.218 seconds
[2025-12-06T08:59:16.925+0000] {processor.py:161} INFO - Started process (PID=465) to work on /home/airflow/.local/lib/python3.8/site-packages/airflow/example_dags/example_branch_operator.py
[2025-12-06T08:59:16.926+0000] {processor.py:830} INFO - Processing file /home/airflow/.local/lib/python3.8/site-packages/airflow/example_dags/example_branch_operator.py for tasks to queue
[2025-12-06T08:59:16.929+0000] {logging_mixin.py:188} INFO - [2025-12-06T08:59:16.929+0000] {dagbag.py:538} INFO - Filling up the DagBag from /home/airflow/.local/lib/python3.8/site-packages/airflow/example_dags/example_branch_operator.py
[2025-12-06T08:59:16.954+0000] {processor.py:840} INFO - DAG(s) 'example_branch_operator' retrieved from /home/airflow/.local/lib/python3.8/site-packages/airflow/example_dags/example_branch_operator.py
[2025-12-06T08:59:16.999+0000] {logging_mixin.py:188} INFO - [2025-12-06T08:59:16.999+0000] {dag.py:3036} INFO - Sync 1 DAGs
[2025-12-06T08:59:17.035+0000] {logging_mixin.py:188} INFO - [2025-12-06T08:59:17.035+0000] {dag.py:3823} INFO - Setting next_dagrun for example_branch_operator to 2025-12-05 00:00:00+00:00, run_after=2025-12-06 00:00:00+00:00
[2025-12-06T08:59:17.065+0000] {processor.py:183} INFO - Processing /home/airflow/.local/lib/python3.8/site-packages/airflow/example_dags/example_branch_operator.py took 0.146 seconds
[2025-12-06T08:59:48.010+0000] {processor.py:161} INFO - Started process (PID=524) to work on /home/airflow/.local/lib/python3.8/site-packages/airflow/example_dags/example_branch_operator.py
[2025-12-06T08:59:48.012+0000] {processor.py:830} INFO - Processing file /home/airflow/.local/lib/python3.8/site-packages/airflow/example_dags/example_branch_operator.py for tasks to queue
[2025-12-06T08:59:48.015+0000] {logging_mixin.py:188} INFO - [2025-12-06T08:59:48.014+0000] {dagbag.py:538} INFO - Filling up the DagBag from /home/airflow/.local/lib/python3.8/site-packages/airflow/example_dags/example_branch_operator.py
[2025-12-06T08:59:48.041+0000] {processor.py:840} INFO - DAG(s) 'example_branch_operator' retrieved from /home/airflow/.local/lib/python3.8/site-packages/airflow/example_dags/example_branch_operator.py
[2025-12-06T08:59:48.080+0000] {logging_mixin.py:188} INFO - [2025-12-06T08:59:48.079+0000] {dag.py:3036} INFO - Sync 1 DAGs
[2025-12-06T08:59:48.116+0000] {logging_mixin.py:188} INFO - [2025-12-06T08:59:48.116+0000] {dag.py:3823} INFO - Setting next_dagrun for example_branch_operator to 2025-12-05 00:00:00+00:00, run_after=2025-12-06 00:00:00+00:00
[2025-12-06T08:59:48.150+0000] {processor.py:183} INFO - Processing /home/airflow/.local/lib/python3.8/site-packages/airflow/example_dags/example_branch_operator.py took 0.144 seconds
[2025-12-06T09:00:18.787+0000] {processor.py:161} INFO - Started process (PID=583) to work on /home/airflow/.local/lib/python3.8/site-packages/airflow/example_dags/example_branch_operator.py
[2025-12-06T09:00:18.789+0000] {processor.py:830} INFO - Processing file /home/airflow/.local/lib/python3.8/site-packages/airflow/example_dags/example_branch_operator.py for tasks to queue
[2025-12-06T09:00:18.793+0000] {logging_mixin.py:188} INFO - [2025-12-06T09:00:18.792+0000] {dagbag.py:538} INFO - Filling up the DagBag from /home/airflow/.local/lib/python3.8/site-packages/airflow/example_dags/example_branch_operator.py
[2025-12-06T09:00:18.835+0000] {processor.py:840} INFO - DAG(s) 'example_branch_operator' retrieved from /home/airflow/.local/lib/python3.8/site-packages/airflow/example_dags/example_branch_operator.py
[2025-12-06T09:00:18.884+0000] {logging_mixin.py:188} INFO - [2025-12-06T09:00:18.883+0000] {dag.py:3036} INFO - Sync 1 DAGs
[2025-12-06T09:00:18.932+0000] {logging_mixin.py:188} INFO - [2025-12-06T09:00:18.932+0000] {dag.py:3823} INFO - Setting next_dagrun for example_branch_operator to 2025-12-05 00:00:00+00:00, run_after=2025-12-06 00:00:00+00:00
[2025-12-06T09:00:18.981+0000] {processor.py:183} INFO - Processing /home/airflow/.local/lib/python3.8/site-packages/airflow/example_dags/example_branch_operator.py took 0.202 seconds
[2025-12-06T09:00:49.091+0000] {processor.py:161} INFO - Started process (PID=642) to work on /home/airflow/.local/lib/python3.8/site-packages/airflow/example_dags/example_branch_operator.py
[2025-12-06T09:00:49.093+0000] {processor.py:830} INFO - Processing file /home/airflow/.local/lib/python3.8/site-packages/airflow/example_dags/example_branch_operator.py for tasks to queue
[2025-12-06T09:00:49.097+0000] {logging_mixin.py:188} INFO - [2025-12-06T09:00:49.096+0000] {dagbag.py:538} INFO - Filling up the DagBag from /home/airflow/.local/lib/python3.8/site-packages/airflow/example_dags/example_branch_operator.py
[2025-12-06T09:00:49.123+0000] {processor.py:840} INFO - DAG(s) 'example_branch_operator' retrieved from /home/airflow/.local/lib/python3.8/site-packages/airflow/example_dags/example_branch_operator.py
[2025-12-06T09:00:49.150+0000] {logging_mixin.py:188} INFO - [2025-12-06T09:00:49.150+0000] {dag.py:3036} INFO - Sync 1 DAGs
[2025-12-06T09:00:49.184+0000] {logging_mixin.py:188} INFO - [2025-12-06T09:00:49.184+0000] {dag.py:3823} INFO - Setting next_dagrun for example_branch_operator to 2025-12-05 00:00:00+00:00, run_after=2025-12-06 00:00:00+00:00
[2025-12-06T09:00:49.223+0000] {processor.py:183} INFO - Processing /home/airflow/.local/lib/python3.8/site-packages/airflow/example_dags/example_branch_operator.py took 0.152 seconds
[2025-12-06T09:01:19.745+0000] {processor.py:161} INFO - Started process (PID=701) to work on /home/airflow/.local/lib/python3.8/site-packages/airflow/example_dags/example_branch_operator.py
[2025-12-06T09:01:19.748+0000] {processor.py:830} INFO - Processing file /home/airflow/.local/lib/python3.8/site-packages/airflow/example_dags/example_branch_operator.py for tasks to queue
[2025-12-06T09:01:19.752+0000] {logging_mixin.py:188} INFO - [2025-12-06T09:01:19.752+0000] {dagbag.py:538} INFO - Filling up the DagBag from /home/airflow/.local/lib/python3.8/site-packages/airflow/example_dags/example_branch_operator.py
[2025-12-06T09:01:19.804+0000] {processor.py:840} INFO - DAG(s) 'example_branch_operator' retrieved from /home/airflow/.local/lib/python3.8/site-packages/airflow/example_dags/example_branch_operator.py
[2025-12-06T09:01:19.867+0000] {logging_mixin.py:188} INFO - [2025-12-06T09:01:19.866+0000] {dag.py:3036} INFO - Sync 1 DAGs
[2025-12-06T09:01:19.925+0000] {logging_mixin.py:188} INFO - [2025-12-06T09:01:19.924+0000] {dag.py:3823} INFO - Setting next_dagrun for example_branch_operator to 2025-12-05 00:00:00+00:00, run_after=2025-12-06 00:00:00+00:00
[2025-12-06T09:01:19.990+0000] {processor.py:183} INFO - Processing /home/airflow/.local/lib/python3.8/site-packages/airflow/example_dags/example_branch_operator.py took 0.257 seconds
[2025-12-06T09:01:50.076+0000] {processor.py:161} INFO - Started process (PID=760) to work on /home/airflow/.local/lib/python3.8/site-packages/airflow/example_dags/example_branch_operator.py
[2025-12-06T09:01:50.077+0000] {processor.py:830} INFO - Processing file /home/airflow/.local/lib/python3.8/site-packages/airflow/example_dags/example_branch_operator.py for tasks to queue
[2025-12-06T09:01:50.080+0000] {logging_mixin.py:188} INFO - [2025-12-06T09:01:50.080+0000] {dagbag.py:538} INFO - Filling up the DagBag from /home/airflow/.local/lib/python3.8/site-packages/airflow/example_dags/example_branch_operator.py
[2025-12-06T09:01:50.108+0000] {processor.py:840} INFO - DAG(s) 'example_branch_operator' retrieved from /home/airflow/.local/lib/python3.8/site-packages/airflow/example_dags/example_branch_operator.py
[2025-12-06T09:01:50.152+0000] {logging_mixin.py:188} INFO - [2025-12-06T09:01:50.152+0000] {dag.py:3036} INFO - Sync 1 DAGs
[2025-12-06T09:01:50.193+0000] {logging_mixin.py:188} INFO - [2025-12-06T09:01:50.192+0000] {dag.py:3823} INFO - Setting next_dagrun for example_branch_operator to 2025-12-05 00:00:00+00:00, run_after=2025-12-06 00:00:00+00:00
[2025-12-06T09:01:50.229+0000] {processor.py:183} INFO - Processing /home/airflow/.local/lib/python3.8/site-packages/airflow/example_dags/example_branch_operator.py took 0.157 seconds
[2025-12-06T09:02:21.169+0000] {processor.py:161} INFO - Started process (PID=819) to work on /home/airflow/.local/lib/python3.8/site-packages/airflow/example_dags/example_branch_operator.py
[2025-12-06T09:02:21.171+0000] {processor.py:830} INFO - Processing file /home/airflow/.local/lib/python3.8/site-packages/airflow/example_dags/example_branch_operator.py for tasks to queue
[2025-12-06T09:02:21.174+0000] {logging_mixin.py:188} INFO - [2025-12-06T09:02:21.174+0000] {dagbag.py:538} INFO - Filling up the DagBag from /home/airflow/.local/lib/python3.8/site-packages/airflow/example_dags/example_branch_operator.py
[2025-12-06T09:02:21.203+0000] {processor.py:840} INFO - DAG(s) 'example_branch_operator' retrieved from /home/airflow/.local/lib/python3.8/site-packages/airflow/example_dags/example_branch_operator.py
[2025-12-06T09:02:21.255+0000] {logging_mixin.py:188} INFO - [2025-12-06T09:02:21.255+0000] {dag.py:3036} INFO - Sync 1 DAGs
[2025-12-06T09:02:21.291+0000] {logging_mixin.py:188} INFO - [2025-12-06T09:02:21.291+0000] {dag.py:3823} INFO - Setting next_dagrun for example_branch_operator to 2025-12-05 00:00:00+00:00, run_after=2025-12-06 00:00:00+00:00
[2025-12-06T09:02:21.325+0000] {processor.py:183} INFO - Processing /home/airflow/.local/lib/python3.8/site-packages/airflow/example_dags/example_branch_operator.py took 0.162 seconds
[2025-12-06T09:02:51.390+0000] {processor.py:161} INFO - Started process (PID=877) to work on /home/airflow/.local/lib/python3.8/site-packages/airflow/example_dags/example_branch_operator.py
[2025-12-06T09:02:51.392+0000] {processor.py:830} INFO - Processing file /home/airflow/.local/lib/python3.8/site-packages/airflow/example_dags/example_branch_operator.py for tasks to queue
[2025-12-06T09:02:51.394+0000] {logging_mixin.py:188} INFO - [2025-12-06T09:02:51.394+0000] {dagbag.py:538} INFO - Filling up the DagBag from /home/airflow/.local/lib/python3.8/site-packages/airflow/example_dags/example_branch_operator.py
[2025-12-06T09:02:51.421+0000] {processor.py:840} INFO - DAG(s) 'example_branch_operator' retrieved from /home/airflow/.local/lib/python3.8/site-packages/airflow/example_dags/example_branch_operator.py
[2025-12-06T09:02:51.463+0000] {logging_mixin.py:188} INFO - [2025-12-06T09:02:51.463+0000] {dag.py:3036} INFO - Sync 1 DAGs
[2025-12-06T09:02:51.495+0000] {logging_mixin.py:188} INFO - [2025-12-06T09:02:51.495+0000] {dag.py:3823} INFO - Setting next_dagrun for example_branch_operator to 2025-12-05 00:00:00+00:00, run_after=2025-12-06 00:00:00+00:00
[2025-12-06T09:02:51.535+0000] {processor.py:183} INFO - Processing /home/airflow/.local/lib/python3.8/site-packages/airflow/example_dags/example_branch_operator.py took 0.150 seconds
[2025-12-06T09:03:21.788+0000] {processor.py:161} INFO - Started process (PID=936) to work on /home/airflow/.local/lib/python3.8/site-packages/airflow/example_dags/example_branch_operator.py
[2025-12-06T09:03:21.790+0000] {processor.py:830} INFO - Processing file /home/airflow/.local/lib/python3.8/site-packages/airflow/example_dags/example_branch_operator.py for tasks to queue
[2025-12-06T09:03:21.794+0000] {logging_mixin.py:188} INFO - [2025-12-06T09:03:21.793+0000] {dagbag.py:538} INFO - Filling up the DagBag from /home/airflow/.local/lib/python3.8/site-packages/airflow/example_dags/example_branch_operator.py
[2025-12-06T09:03:21.819+0000] {processor.py:840} INFO - DAG(s) 'example_branch_operator' retrieved from /home/airflow/.local/lib/python3.8/site-packages/airflow/example_dags/example_branch_operator.py
[2025-12-06T09:03:21.862+0000] {logging_mixin.py:188} INFO - [2025-12-06T09:03:21.862+0000] {dag.py:3036} INFO - Sync 1 DAGs
[2025-12-06T09:03:21.897+0000] {logging_mixin.py:188} INFO - [2025-12-06T09:03:21.897+0000] {dag.py:3823} INFO - Setting next_dagrun for example_branch_operator to 2025-12-05 00:00:00+00:00, run_after=2025-12-06 00:00:00+00:00
[2025-12-06T09:03:21.931+0000] {processor.py:183} INFO - Processing /home/airflow/.local/lib/python3.8/site-packages/airflow/example_dags/example_branch_operator.py took 0.148 seconds
[2025-12-06T09:03:52.210+0000] {processor.py:161} INFO - Started process (PID=995) to work on /home/airflow/.local/lib/python3.8/site-packages/airflow/example_dags/example_branch_operator.py
[2025-12-06T09:03:52.211+0000] {processor.py:830} INFO - Processing file /home/airflow/.local/lib/python3.8/site-packages/airflow/example_dags/example_branch_operator.py for tasks to queue
[2025-12-06T09:03:52.215+0000] {logging_mixin.py:188} INFO - [2025-12-06T09:03:52.214+0000] {dagbag.py:538} INFO - Filling up the DagBag from /home/airflow/.local/lib/python3.8/site-packages/airflow/example_dags/example_branch_operator.py
[2025-12-06T09:03:52.244+0000] {processor.py:840} INFO - DAG(s) 'example_branch_operator' retrieved from /home/airflow/.local/lib/python3.8/site-packages/airflow/example_dags/example_branch_operator.py
[2025-12-06T09:03:52.292+0000] {logging_mixin.py:188} INFO - [2025-12-06T09:03:52.292+0000] {dag.py:3036} INFO - Sync 1 DAGs
[2025-12-06T09:03:52.329+0000] {logging_mixin.py:188} INFO - [2025-12-06T09:03:52.328+0000] {dag.py:3823} INFO - Setting next_dagrun for example_branch_operator to 2025-12-05 00:00:00+00:00, run_after=2025-12-06 00:00:00+00:00
[2025-12-06T09:03:52.364+0000] {processor.py:183} INFO - Processing /home/airflow/.local/lib/python3.8/site-packages/airflow/example_dags/example_branch_operator.py took 0.159 seconds
[2025-12-06T09:04:23.130+0000] {processor.py:161} INFO - Started process (PID=1055) to work on /home/airflow/.local/lib/python3.8/site-packages/airflow/example_dags/example_branch_operator.py
[2025-12-06T09:04:23.132+0000] {processor.py:830} INFO - Processing file /home/airflow/.local/lib/python3.8/site-packages/airflow/example_dags/example_branch_operator.py for tasks to queue
[2025-12-06T09:04:23.136+0000] {logging_mixin.py:188} INFO - [2025-12-06T09:04:23.135+0000] {dagbag.py:538} INFO - Filling up the DagBag from /home/airflow/.local/lib/python3.8/site-packages/airflow/example_dags/example_branch_operator.py
[2025-12-06T09:04:23.163+0000] {processor.py:840} INFO - DAG(s) 'example_branch_operator' retrieved from /home/airflow/.local/lib/python3.8/site-packages/airflow/example_dags/example_branch_operator.py
[2025-12-06T09:04:23.204+0000] {logging_mixin.py:188} INFO - [2025-12-06T09:04:23.203+0000] {dag.py:3036} INFO - Sync 1 DAGs
[2025-12-06T09:04:23.242+0000] {logging_mixin.py:188} INFO - [2025-12-06T09:04:23.241+0000] {dag.py:3823} INFO - Setting next_dagrun for example_branch_operator to 2025-12-05 00:00:00+00:00, run_after=2025-12-06 00:00:00+00:00
[2025-12-06T09:04:23.277+0000] {processor.py:183} INFO - Processing /home/airflow/.local/lib/python3.8/site-packages/airflow/example_dags/example_branch_operator.py took 0.152 seconds
[2025-12-06T09:04:54.129+0000] {processor.py:161} INFO - Started process (PID=1114) to work on /home/airflow/.local/lib/python3.8/site-packages/airflow/example_dags/example_branch_operator.py
[2025-12-06T09:04:54.131+0000] {processor.py:830} INFO - Processing file /home/airflow/.local/lib/python3.8/site-packages/airflow/example_dags/example_branch_operator.py for tasks to queue
[2025-12-06T09:04:54.134+0000] {logging_mixin.py:188} INFO - [2025-12-06T09:04:54.134+0000] {dagbag.py:538} INFO - Filling up the DagBag from /home/airflow/.local/lib/python3.8/site-packages/airflow/example_dags/example_branch_operator.py
[2025-12-06T09:04:54.161+0000] {processor.py:840} INFO - DAG(s) 'example_branch_operator' retrieved from /home/airflow/.local/lib/python3.8/site-packages/airflow/example_dags/example_branch_operator.py
[2025-12-06T09:04:54.209+0000] {logging_mixin.py:188} INFO - [2025-12-06T09:04:54.208+0000] {dag.py:3036} INFO - Sync 1 DAGs
[2025-12-06T09:04:54.246+0000] {logging_mixin.py:188} INFO - [2025-12-06T09:04:54.245+0000] {dag.py:3823} INFO - Setting next_dagrun for example_branch_operator to 2025-12-05 00:00:00+00:00, run_after=2025-12-06 00:00:00+00:00
[2025-12-06T09:04:54.284+0000] {processor.py:183} INFO - Processing /home/airflow/.local/lib/python3.8/site-packages/airflow/example_dags/example_branch_operator.py took 0.162 seconds
[2025-12-06T09:05:24.709+0000] {processor.py:161} INFO - Started process (PID=1173) to work on /home/airflow/.local/lib/python3.8/site-packages/airflow/example_dags/example_branch_operator.py
[2025-12-06T09:05:24.710+0000] {processor.py:830} INFO - Processing file /home/airflow/.local/lib/python3.8/site-packages/airflow/example_dags/example_branch_operator.py for tasks to queue
[2025-12-06T09:05:24.714+0000] {logging_mixin.py:188} INFO - [2025-12-06T09:05:24.713+0000] {dagbag.py:538} INFO - Filling up the DagBag from /home/airflow/.local/lib/python3.8/site-packages/airflow/example_dags/example_branch_operator.py
[2025-12-06T09:05:24.747+0000] {processor.py:840} INFO - DAG(s) 'example_branch_operator' retrieved from /home/airflow/.local/lib/python3.8/site-packages/airflow/example_dags/example_branch_operator.py
[2025-12-06T09:05:24.793+0000] {logging_mixin.py:188} INFO - [2025-12-06T09:05:24.793+0000] {dag.py:3036} INFO - Sync 1 DAGs
[2025-12-06T09:05:24.829+0000] {logging_mixin.py:188} INFO - [2025-12-06T09:05:24.829+0000] {dag.py:3823} INFO - Setting next_dagrun for example_branch_operator to 2025-12-05 00:00:00+00:00, run_after=2025-12-06 00:00:00+00:00
[2025-12-06T09:05:24.862+0000] {processor.py:183} INFO - Processing /home/airflow/.local/lib/python3.8/site-packages/airflow/example_dags/example_branch_operator.py took 0.159 seconds
[2025-12-06T09:05:55.401+0000] {processor.py:161} INFO - Started process (PID=1233) to work on /home/airflow/.local/lib/python3.8/site-packages/airflow/example_dags/example_branch_operator.py
[2025-12-06T09:05:55.403+0000] {processor.py:830} INFO - Processing file /home/airflow/.local/lib/python3.8/site-packages/airflow/example_dags/example_branch_operator.py for tasks to queue
[2025-12-06T09:05:55.406+0000] {logging_mixin.py:188} INFO - [2025-12-06T09:05:55.406+0000] {dagbag.py:538} INFO - Filling up the DagBag from /home/airflow/.local/lib/python3.8/site-packages/airflow/example_dags/example_branch_operator.py
[2025-12-06T09:05:55.443+0000] {processor.py:840} INFO - DAG(s) 'example_branch_operator' retrieved from /home/airflow/.local/lib/python3.8/site-packages/airflow/example_dags/example_branch_operator.py
[2025-12-06T09:05:55.497+0000] {logging_mixin.py:188} INFO - [2025-12-06T09:05:55.497+0000] {dag.py:3036} INFO - Sync 1 DAGs
[2025-12-06T09:05:55.540+0000] {logging_mixin.py:188} INFO - [2025-12-06T09:05:55.540+0000] {dag.py:3823} INFO - Setting next_dagrun for example_branch_operator to 2025-12-05 00:00:00+00:00, run_after=2025-12-06 00:00:00+00:00
[2025-12-06T09:05:55.584+0000] {processor.py:183} INFO - Processing /home/airflow/.local/lib/python3.8/site-packages/airflow/example_dags/example_branch_operator.py took 0.190 seconds
[2025-12-06T09:06:25.664+0000] {processor.py:161} INFO - Started process (PID=1291) to work on /home/airflow/.local/lib/python3.8/site-packages/airflow/example_dags/example_branch_operator.py
[2025-12-06T09:06:25.665+0000] {processor.py:830} INFO - Processing file /home/airflow/.local/lib/python3.8/site-packages/airflow/example_dags/example_branch_operator.py for tasks to queue
[2025-12-06T09:06:25.669+0000] {logging_mixin.py:188} INFO - [2025-12-06T09:06:25.668+0000] {dagbag.py:538} INFO - Filling up the DagBag from /home/airflow/.local/lib/python3.8/site-packages/airflow/example_dags/example_branch_operator.py
[2025-12-06T09:06:25.697+0000] {processor.py:840} INFO - DAG(s) 'example_branch_operator' retrieved from /home/airflow/.local/lib/python3.8/site-packages/airflow/example_dags/example_branch_operator.py
[2025-12-06T09:06:25.739+0000] {logging_mixin.py:188} INFO - [2025-12-06T09:06:25.739+0000] {dag.py:3036} INFO - Sync 1 DAGs
[2025-12-06T09:06:25.771+0000] {logging_mixin.py:188} INFO - [2025-12-06T09:06:25.770+0000] {dag.py:3823} INFO - Setting next_dagrun for example_branch_operator to 2025-12-05 00:00:00+00:00, run_after=2025-12-06 00:00:00+00:00
[2025-12-06T09:06:25.804+0000] {processor.py:183} INFO - Processing /home/airflow/.local/lib/python3.8/site-packages/airflow/example_dags/example_branch_operator.py took 0.145 seconds
[2025-12-06T09:06:56.126+0000] {processor.py:161} INFO - Started process (PID=1351) to work on /home/airflow/.local/lib/python3.8/site-packages/airflow/example_dags/example_branch_operator.py
[2025-12-06T09:06:56.129+0000] {processor.py:830} INFO - Processing file /home/airflow/.local/lib/python3.8/site-packages/airflow/example_dags/example_branch_operator.py for tasks to queue
[2025-12-06T09:06:56.132+0000] {logging_mixin.py:188} INFO - [2025-12-06T09:06:56.132+0000] {dagbag.py:538} INFO - Filling up the DagBag from /home/airflow/.local/lib/python3.8/site-packages/airflow/example_dags/example_branch_operator.py
[2025-12-06T09:06:56.163+0000] {processor.py:840} INFO - DAG(s) 'example_branch_operator' retrieved from /home/airflow/.local/lib/python3.8/site-packages/airflow/example_dags/example_branch_operator.py
[2025-12-06T09:06:56.209+0000] {logging_mixin.py:188} INFO - [2025-12-06T09:06:56.208+0000] {dag.py:3036} INFO - Sync 1 DAGs
[2025-12-06T09:06:56.244+0000] {logging_mixin.py:188} INFO - [2025-12-06T09:06:56.244+0000] {dag.py:3823} INFO - Setting next_dagrun for example_branch_operator to 2025-12-05 00:00:00+00:00, run_after=2025-12-06 00:00:00+00:00
[2025-12-06T09:06:56.276+0000] {processor.py:183} INFO - Processing /home/airflow/.local/lib/python3.8/site-packages/airflow/example_dags/example_branch_operator.py took 0.156 seconds
[2025-12-06T09:07:26.640+0000] {processor.py:161} INFO - Started process (PID=1410) to work on /home/airflow/.local/lib/python3.8/site-packages/airflow/example_dags/example_branch_operator.py
[2025-12-06T09:07:26.641+0000] {processor.py:830} INFO - Processing file /home/airflow/.local/lib/python3.8/site-packages/airflow/example_dags/example_branch_operator.py for tasks to queue
[2025-12-06T09:07:26.645+0000] {logging_mixin.py:188} INFO - [2025-12-06T09:07:26.645+0000] {dagbag.py:538} INFO - Filling up the DagBag from /home/airflow/.local/lib/python3.8/site-packages/airflow/example_dags/example_branch_operator.py
[2025-12-06T09:07:26.671+0000] {processor.py:840} INFO - DAG(s) 'example_branch_operator' retrieved from /home/airflow/.local/lib/python3.8/site-packages/airflow/example_dags/example_branch_operator.py
[2025-12-06T09:07:26.709+0000] {logging_mixin.py:188} INFO - [2025-12-06T09:07:26.708+0000] {dag.py:3036} INFO - Sync 1 DAGs
[2025-12-06T09:07:26.745+0000] {logging_mixin.py:188} INFO - [2025-12-06T09:07:26.745+0000] {dag.py:3823} INFO - Setting next_dagrun for example_branch_operator to 2025-12-05 00:00:00+00:00, run_after=2025-12-06 00:00:00+00:00
[2025-12-06T09:07:26.782+0000] {processor.py:183} INFO - Processing /home/airflow/.local/lib/python3.8/site-packages/airflow/example_dags/example_branch_operator.py took 0.146 seconds
[2025-12-06T09:07:57.276+0000] {processor.py:161} INFO - Started process (PID=1470) to work on /home/airflow/.local/lib/python3.8/site-packages/airflow/example_dags/example_branch_operator.py
[2025-12-06T09:07:57.277+0000] {processor.py:830} INFO - Processing file /home/airflow/.local/lib/python3.8/site-packages/airflow/example_dags/example_branch_operator.py for tasks to queue
[2025-12-06T09:07:57.281+0000] {logging_mixin.py:188} INFO - [2025-12-06T09:07:57.280+0000] {dagbag.py:538} INFO - Filling up the DagBag from /home/airflow/.local/lib/python3.8/site-packages/airflow/example_dags/example_branch_operator.py
[2025-12-06T09:07:57.306+0000] {processor.py:840} INFO - DAG(s) 'example_branch_operator' retrieved from /home/airflow/.local/lib/python3.8/site-packages/airflow/example_dags/example_branch_operator.py
[2025-12-06T09:07:57.353+0000] {logging_mixin.py:188} INFO - [2025-12-06T09:07:57.353+0000] {dag.py:3036} INFO - Sync 1 DAGs
[2025-12-06T09:07:57.386+0000] {logging_mixin.py:188} INFO - [2025-12-06T09:07:57.386+0000] {dag.py:3823} INFO - Setting next_dagrun for example_branch_operator to 2025-12-05 00:00:00+00:00, run_after=2025-12-06 00:00:00+00:00
[2025-12-06T09:07:57.416+0000] {processor.py:183} INFO - Processing /home/airflow/.local/lib/python3.8/site-packages/airflow/example_dags/example_branch_operator.py took 0.144 seconds
[2025-12-06T09:08:27.909+0000] {processor.py:161} INFO - Started process (PID=1529) to work on /home/airflow/.local/lib/python3.8/site-packages/airflow/example_dags/example_branch_operator.py
[2025-12-06T09:08:27.910+0000] {processor.py:830} INFO - Processing file /home/airflow/.local/lib/python3.8/site-packages/airflow/example_dags/example_branch_operator.py for tasks to queue
[2025-12-06T09:08:27.916+0000] {logging_mixin.py:188} INFO - [2025-12-06T09:08:27.915+0000] {dagbag.py:538} INFO - Filling up the DagBag from /home/airflow/.local/lib/python3.8/site-packages/airflow/example_dags/example_branch_operator.py
[2025-12-06T09:08:27.951+0000] {processor.py:840} INFO - DAG(s) 'example_branch_operator' retrieved from /home/airflow/.local/lib/python3.8/site-packages/airflow/example_dags/example_branch_operator.py
[2025-12-06T09:08:28.006+0000] {logging_mixin.py:188} INFO - [2025-12-06T09:08:28.005+0000] {dag.py:3036} INFO - Sync 1 DAGs
[2025-12-06T09:08:28.052+0000] {logging_mixin.py:188} INFO - [2025-12-06T09:08:28.052+0000] {dag.py:3823} INFO - Setting next_dagrun for example_branch_operator to 2025-12-05 00:00:00+00:00, run_after=2025-12-06 00:00:00+00:00
[2025-12-06T09:08:28.088+0000] {processor.py:183} INFO - Processing /home/airflow/.local/lib/python3.8/site-packages/airflow/example_dags/example_branch_operator.py took 0.184 seconds
[2025-12-06T09:08:58.349+0000] {processor.py:161} INFO - Started process (PID=1589) to work on /home/airflow/.local/lib/python3.8/site-packages/airflow/example_dags/example_branch_operator.py
[2025-12-06T09:08:58.351+0000] {processor.py:830} INFO - Processing file /home/airflow/.local/lib/python3.8/site-packages/airflow/example_dags/example_branch_operator.py for tasks to queue
[2025-12-06T09:08:58.354+0000] {logging_mixin.py:188} INFO - [2025-12-06T09:08:58.354+0000] {dagbag.py:538} INFO - Filling up the DagBag from /home/airflow/.local/lib/python3.8/site-packages/airflow/example_dags/example_branch_operator.py
[2025-12-06T09:08:58.381+0000] {processor.py:840} INFO - DAG(s) 'example_branch_operator' retrieved from /home/airflow/.local/lib/python3.8/site-packages/airflow/example_dags/example_branch_operator.py
[2025-12-06T09:08:58.422+0000] {logging_mixin.py:188} INFO - [2025-12-06T09:08:58.422+0000] {dag.py:3036} INFO - Sync 1 DAGs
[2025-12-06T09:08:58.459+0000] {logging_mixin.py:188} INFO - [2025-12-06T09:08:58.459+0000] {dag.py:3823} INFO - Setting next_dagrun for example_branch_operator to 2025-12-05 00:00:00+00:00, run_after=2025-12-06 00:00:00+00:00
[2025-12-06T09:08:58.496+0000] {processor.py:183} INFO - Processing /home/airflow/.local/lib/python3.8/site-packages/airflow/example_dags/example_branch_operator.py took 0.152 seconds
[2025-12-06T09:09:29.417+0000] {processor.py:161} INFO - Started process (PID=1648) to work on /home/airflow/.local/lib/python3.8/site-packages/airflow/example_dags/example_branch_operator.py
[2025-12-06T09:09:29.419+0000] {processor.py:830} INFO - Processing file /home/airflow/.local/lib/python3.8/site-packages/airflow/example_dags/example_branch_operator.py for tasks to queue
[2025-12-06T09:09:29.424+0000] {logging_mixin.py:188} INFO - [2025-12-06T09:09:29.423+0000] {dagbag.py:538} INFO - Filling up the DagBag from /home/airflow/.local/lib/python3.8/site-packages/airflow/example_dags/example_branch_operator.py
[2025-12-06T09:09:29.467+0000] {processor.py:840} INFO - DAG(s) 'example_branch_operator' retrieved from /home/airflow/.local/lib/python3.8/site-packages/airflow/example_dags/example_branch_operator.py
[2025-12-06T09:09:29.515+0000] {logging_mixin.py:188} INFO - [2025-12-06T09:09:29.514+0000] {dag.py:3036} INFO - Sync 1 DAGs
[2025-12-06T09:09:29.553+0000] {logging_mixin.py:188} INFO - [2025-12-06T09:09:29.553+0000] {dag.py:3823} INFO - Setting next_dagrun for example_branch_operator to 2025-12-05 00:00:00+00:00, run_after=2025-12-06 00:00:00+00:00
[2025-12-06T09:09:29.585+0000] {processor.py:183} INFO - Processing /home/airflow/.local/lib/python3.8/site-packages/airflow/example_dags/example_branch_operator.py took 0.176 seconds
[2025-12-06T09:10:00.420+0000] {processor.py:161} INFO - Started process (PID=1707) to work on /home/airflow/.local/lib/python3.8/site-packages/airflow/example_dags/example_branch_operator.py
[2025-12-06T09:10:00.421+0000] {processor.py:830} INFO - Processing file /home/airflow/.local/lib/python3.8/site-packages/airflow/example_dags/example_branch_operator.py for tasks to queue
[2025-12-06T09:10:00.424+0000] {logging_mixin.py:188} INFO - [2025-12-06T09:10:00.423+0000] {dagbag.py:538} INFO - Filling up the DagBag from /home/airflow/.local/lib/python3.8/site-packages/airflow/example_dags/example_branch_operator.py
[2025-12-06T09:10:00.450+0000] {processor.py:840} INFO - DAG(s) 'example_branch_operator' retrieved from /home/airflow/.local/lib/python3.8/site-packages/airflow/example_dags/example_branch_operator.py
[2025-12-06T09:10:00.492+0000] {logging_mixin.py:188} INFO - [2025-12-06T09:10:00.492+0000] {dag.py:3036} INFO - Sync 1 DAGs
[2025-12-06T09:10:00.528+0000] {logging_mixin.py:188} INFO - [2025-12-06T09:10:00.527+0000] {dag.py:3823} INFO - Setting next_dagrun for example_branch_operator to 2025-12-05 00:00:00+00:00, run_after=2025-12-06 00:00:00+00:00
[2025-12-06T09:10:00.562+0000] {processor.py:183} INFO - Processing /home/airflow/.local/lib/python3.8/site-packages/airflow/example_dags/example_branch_operator.py took 0.146 seconds
[2025-12-06T09:10:30.655+0000] {processor.py:161} INFO - Started process (PID=1765) to work on /home/airflow/.local/lib/python3.8/site-packages/airflow/example_dags/example_branch_operator.py
[2025-12-06T09:10:30.656+0000] {processor.py:830} INFO - Processing file /home/airflow/.local/lib/python3.8/site-packages/airflow/example_dags/example_branch_operator.py for tasks to queue
[2025-12-06T09:10:30.659+0000] {logging_mixin.py:188} INFO - [2025-12-06T09:10:30.659+0000] {dagbag.py:538} INFO - Filling up the DagBag from /home/airflow/.local/lib/python3.8/site-packages/airflow/example_dags/example_branch_operator.py
[2025-12-06T09:10:30.685+0000] {processor.py:840} INFO - DAG(s) 'example_branch_operator' retrieved from /home/airflow/.local/lib/python3.8/site-packages/airflow/example_dags/example_branch_operator.py
[2025-12-06T09:10:30.724+0000] {logging_mixin.py:188} INFO - [2025-12-06T09:10:30.724+0000] {dag.py:3036} INFO - Sync 1 DAGs
[2025-12-06T09:10:30.757+0000] {logging_mixin.py:188} INFO - [2025-12-06T09:10:30.757+0000] {dag.py:3823} INFO - Setting next_dagrun for example_branch_operator to 2025-12-05 00:00:00+00:00, run_after=2025-12-06 00:00:00+00:00
[2025-12-06T09:10:30.792+0000] {processor.py:183} INFO - Processing /home/airflow/.local/lib/python3.8/site-packages/airflow/example_dags/example_branch_operator.py took 0.143 seconds
[2025-12-06T09:11:01.436+0000] {processor.py:161} INFO - Started process (PID=1824) to work on /home/airflow/.local/lib/python3.8/site-packages/airflow/example_dags/example_branch_operator.py
[2025-12-06T09:11:01.437+0000] {processor.py:830} INFO - Processing file /home/airflow/.local/lib/python3.8/site-packages/airflow/example_dags/example_branch_operator.py for tasks to queue
[2025-12-06T09:11:01.441+0000] {logging_mixin.py:188} INFO - [2025-12-06T09:11:01.440+0000] {dagbag.py:538} INFO - Filling up the DagBag from /home/airflow/.local/lib/python3.8/site-packages/airflow/example_dags/example_branch_operator.py
[2025-12-06T09:11:01.465+0000] {processor.py:840} INFO - DAG(s) 'example_branch_operator' retrieved from /home/airflow/.local/lib/python3.8/site-packages/airflow/example_dags/example_branch_operator.py
[2025-12-06T09:11:01.509+0000] {logging_mixin.py:188} INFO - [2025-12-06T09:11:01.509+0000] {dag.py:3036} INFO - Sync 1 DAGs
[2025-12-06T09:11:01.543+0000] {logging_mixin.py:188} INFO - [2025-12-06T09:11:01.543+0000] {dag.py:3823} INFO - Setting next_dagrun for example_branch_operator to 2025-12-05 00:00:00+00:00, run_after=2025-12-06 00:00:00+00:00
[2025-12-06T09:11:01.576+0000] {processor.py:183} INFO - Processing /home/airflow/.local/lib/python3.8/site-packages/airflow/example_dags/example_branch_operator.py took 0.146 seconds
[2025-12-06T09:11:32.154+0000] {processor.py:161} INFO - Started process (PID=1883) to work on /home/airflow/.local/lib/python3.8/site-packages/airflow/example_dags/example_branch_operator.py
[2025-12-06T09:11:32.155+0000] {processor.py:830} INFO - Processing file /home/airflow/.local/lib/python3.8/site-packages/airflow/example_dags/example_branch_operator.py for tasks to queue
[2025-12-06T09:11:32.159+0000] {logging_mixin.py:188} INFO - [2025-12-06T09:11:32.158+0000] {dagbag.py:538} INFO - Filling up the DagBag from /home/airflow/.local/lib/python3.8/site-packages/airflow/example_dags/example_branch_operator.py
[2025-12-06T09:11:32.184+0000] {processor.py:840} INFO - DAG(s) 'example_branch_operator' retrieved from /home/airflow/.local/lib/python3.8/site-packages/airflow/example_dags/example_branch_operator.py
[2025-12-06T09:11:32.228+0000] {logging_mixin.py:188} INFO - [2025-12-06T09:11:32.228+0000] {dag.py:3036} INFO - Sync 1 DAGs
[2025-12-06T09:11:32.259+0000] {logging_mixin.py:188} INFO - [2025-12-06T09:11:32.259+0000] {dag.py:3823} INFO - Setting next_dagrun for example_branch_operator to 2025-12-05 00:00:00+00:00, run_after=2025-12-06 00:00:00+00:00
[2025-12-06T09:11:32.290+0000] {processor.py:183} INFO - Processing /home/airflow/.local/lib/python3.8/site-packages/airflow/example_dags/example_branch_operator.py took 0.141 seconds
[2025-12-06T09:12:02.416+0000] {processor.py:161} INFO - Started process (PID=1942) to work on /home/airflow/.local/lib/python3.8/site-packages/airflow/example_dags/example_branch_operator.py
[2025-12-06T09:12:02.418+0000] {processor.py:830} INFO - Processing file /home/airflow/.local/lib/python3.8/site-packages/airflow/example_dags/example_branch_operator.py for tasks to queue
[2025-12-06T09:12:02.421+0000] {logging_mixin.py:188} INFO - [2025-12-06T09:12:02.421+0000] {dagbag.py:538} INFO - Filling up the DagBag from /home/airflow/.local/lib/python3.8/site-packages/airflow/example_dags/example_branch_operator.py
[2025-12-06T09:12:02.452+0000] {processor.py:840} INFO - DAG(s) 'example_branch_operator' retrieved from /home/airflow/.local/lib/python3.8/site-packages/airflow/example_dags/example_branch_operator.py
[2025-12-06T09:12:02.499+0000] {logging_mixin.py:188} INFO - [2025-12-06T09:12:02.499+0000] {dag.py:3036} INFO - Sync 1 DAGs
[2025-12-06T09:12:02.538+0000] {logging_mixin.py:188} INFO - [2025-12-06T09:12:02.538+0000] {dag.py:3823} INFO - Setting next_dagrun for example_branch_operator to 2025-12-05 00:00:00+00:00, run_after=2025-12-06 00:00:00+00:00
[2025-12-06T09:12:02.573+0000] {processor.py:183} INFO - Processing /home/airflow/.local/lib/python3.8/site-packages/airflow/example_dags/example_branch_operator.py took 0.162 seconds
[2025-12-06T09:12:32.869+0000] {processor.py:161} INFO - Started process (PID=2001) to work on /home/airflow/.local/lib/python3.8/site-packages/airflow/example_dags/example_branch_operator.py
[2025-12-06T09:12:32.870+0000] {processor.py:830} INFO - Processing file /home/airflow/.local/lib/python3.8/site-packages/airflow/example_dags/example_branch_operator.py for tasks to queue
[2025-12-06T09:12:32.873+0000] {logging_mixin.py:188} INFO - [2025-12-06T09:12:32.873+0000] {dagbag.py:538} INFO - Filling up the DagBag from /home/airflow/.local/lib/python3.8/site-packages/airflow/example_dags/example_branch_operator.py
[2025-12-06T09:12:32.899+0000] {processor.py:840} INFO - DAG(s) 'example_branch_operator' retrieved from /home/airflow/.local/lib/python3.8/site-packages/airflow/example_dags/example_branch_operator.py
[2025-12-06T09:12:32.942+0000] {logging_mixin.py:188} INFO - [2025-12-06T09:12:32.941+0000] {dag.py:3036} INFO - Sync 1 DAGs
[2025-12-06T09:12:32.975+0000] {logging_mixin.py:188} INFO - [2025-12-06T09:12:32.974+0000] {dag.py:3823} INFO - Setting next_dagrun for example_branch_operator to 2025-12-05 00:00:00+00:00, run_after=2025-12-06 00:00:00+00:00
[2025-12-06T09:12:33.007+0000] {processor.py:183} INFO - Processing /home/airflow/.local/lib/python3.8/site-packages/airflow/example_dags/example_branch_operator.py took 0.143 seconds
[2025-12-06T09:13:03.839+0000] {processor.py:161} INFO - Started process (PID=2060) to work on /home/airflow/.local/lib/python3.8/site-packages/airflow/example_dags/example_branch_operator.py
[2025-12-06T09:13:03.841+0000] {processor.py:830} INFO - Processing file /home/airflow/.local/lib/python3.8/site-packages/airflow/example_dags/example_branch_operator.py for tasks to queue
[2025-12-06T09:13:03.844+0000] {logging_mixin.py:188} INFO - [2025-12-06T09:13:03.844+0000] {dagbag.py:538} INFO - Filling up the DagBag from /home/airflow/.local/lib/python3.8/site-packages/airflow/example_dags/example_branch_operator.py
[2025-12-06T09:13:03.870+0000] {processor.py:840} INFO - DAG(s) 'example_branch_operator' retrieved from /home/airflow/.local/lib/python3.8/site-packages/airflow/example_dags/example_branch_operator.py
[2025-12-06T09:13:03.912+0000] {logging_mixin.py:188} INFO - [2025-12-06T09:13:03.912+0000] {dag.py:3036} INFO - Sync 1 DAGs
[2025-12-06T09:13:03.946+0000] {logging_mixin.py:188} INFO - [2025-12-06T09:13:03.946+0000] {dag.py:3823} INFO - Setting next_dagrun for example_branch_operator to 2025-12-05 00:00:00+00:00, run_after=2025-12-06 00:00:00+00:00
[2025-12-06T09:13:03.979+0000] {processor.py:183} INFO - Processing /home/airflow/.local/lib/python3.8/site-packages/airflow/example_dags/example_branch_operator.py took 0.144 seconds
[2025-12-06T09:13:34.328+0000] {processor.py:161} INFO - Started process (PID=2119) to work on /home/airflow/.local/lib/python3.8/site-packages/airflow/example_dags/example_branch_operator.py
[2025-12-06T09:13:34.330+0000] {processor.py:830} INFO - Processing file /home/airflow/.local/lib/python3.8/site-packages/airflow/example_dags/example_branch_operator.py for tasks to queue
[2025-12-06T09:13:34.333+0000] {logging_mixin.py:188} INFO - [2025-12-06T09:13:34.332+0000] {dagbag.py:538} INFO - Filling up the DagBag from /home/airflow/.local/lib/python3.8/site-packages/airflow/example_dags/example_branch_operator.py
[2025-12-06T09:13:34.358+0000] {processor.py:840} INFO - DAG(s) 'example_branch_operator' retrieved from /home/airflow/.local/lib/python3.8/site-packages/airflow/example_dags/example_branch_operator.py
[2025-12-06T09:13:34.400+0000] {logging_mixin.py:188} INFO - [2025-12-06T09:13:34.400+0000] {dag.py:3036} INFO - Sync 1 DAGs
[2025-12-06T09:13:34.440+0000] {logging_mixin.py:188} INFO - [2025-12-06T09:13:34.438+0000] {dag.py:3823} INFO - Setting next_dagrun for example_branch_operator to 2025-12-05 00:00:00+00:00, run_after=2025-12-06 00:00:00+00:00
[2025-12-06T09:13:34.474+0000] {processor.py:183} INFO - Processing /home/airflow/.local/lib/python3.8/site-packages/airflow/example_dags/example_branch_operator.py took 0.152 seconds
[2025-12-06T09:14:04.579+0000] {processor.py:161} INFO - Started process (PID=2178) to work on /home/airflow/.local/lib/python3.8/site-packages/airflow/example_dags/example_branch_operator.py
[2025-12-06T09:14:04.580+0000] {processor.py:830} INFO - Processing file /home/airflow/.local/lib/python3.8/site-packages/airflow/example_dags/example_branch_operator.py for tasks to queue
[2025-12-06T09:14:04.584+0000] {logging_mixin.py:188} INFO - [2025-12-06T09:14:04.583+0000] {dagbag.py:538} INFO - Filling up the DagBag from /home/airflow/.local/lib/python3.8/site-packages/airflow/example_dags/example_branch_operator.py
[2025-12-06T09:14:04.611+0000] {processor.py:840} INFO - DAG(s) 'example_branch_operator' retrieved from /home/airflow/.local/lib/python3.8/site-packages/airflow/example_dags/example_branch_operator.py
[2025-12-06T09:14:04.652+0000] {logging_mixin.py:188} INFO - [2025-12-06T09:14:04.652+0000] {dag.py:3036} INFO - Sync 1 DAGs
[2025-12-06T09:14:04.687+0000] {logging_mixin.py:188} INFO - [2025-12-06T09:14:04.686+0000] {dag.py:3823} INFO - Setting next_dagrun for example_branch_operator to 2025-12-05 00:00:00+00:00, run_after=2025-12-06 00:00:00+00:00
[2025-12-06T09:14:04.724+0000] {processor.py:183} INFO - Processing /home/airflow/.local/lib/python3.8/site-packages/airflow/example_dags/example_branch_operator.py took 0.151 seconds
[2025-12-06T09:14:34.873+0000] {processor.py:161} INFO - Started process (PID=2237) to work on /home/airflow/.local/lib/python3.8/site-packages/airflow/example_dags/example_branch_operator.py
[2025-12-06T09:14:34.876+0000] {processor.py:830} INFO - Processing file /home/airflow/.local/lib/python3.8/site-packages/airflow/example_dags/example_branch_operator.py for tasks to queue
[2025-12-06T09:14:34.878+0000] {logging_mixin.py:188} INFO - [2025-12-06T09:14:34.878+0000] {dagbag.py:538} INFO - Filling up the DagBag from /home/airflow/.local/lib/python3.8/site-packages/airflow/example_dags/example_branch_operator.py
[2025-12-06T09:14:34.901+0000] {processor.py:840} INFO - DAG(s) 'example_branch_operator' retrieved from /home/airflow/.local/lib/python3.8/site-packages/airflow/example_dags/example_branch_operator.py
[2025-12-06T09:14:34.944+0000] {logging_mixin.py:188} INFO - [2025-12-06T09:14:34.944+0000] {dag.py:3036} INFO - Sync 1 DAGs
[2025-12-06T09:14:34.978+0000] {logging_mixin.py:188} INFO - [2025-12-06T09:14:34.978+0000] {dag.py:3823} INFO - Setting next_dagrun for example_branch_operator to 2025-12-05 00:00:00+00:00, run_after=2025-12-06 00:00:00+00:00
[2025-12-06T09:14:35.011+0000] {processor.py:183} INFO - Processing /home/airflow/.local/lib/python3.8/site-packages/airflow/example_dags/example_branch_operator.py took 0.142 seconds
[2025-12-06T09:15:05.301+0000] {processor.py:161} INFO - Started process (PID=2296) to work on /home/airflow/.local/lib/python3.8/site-packages/airflow/example_dags/example_branch_operator.py
[2025-12-06T09:15:05.303+0000] {processor.py:830} INFO - Processing file /home/airflow/.local/lib/python3.8/site-packages/airflow/example_dags/example_branch_operator.py for tasks to queue
[2025-12-06T09:15:05.307+0000] {logging_mixin.py:188} INFO - [2025-12-06T09:15:05.306+0000] {dagbag.py:538} INFO - Filling up the DagBag from /home/airflow/.local/lib/python3.8/site-packages/airflow/example_dags/example_branch_operator.py
[2025-12-06T09:15:05.332+0000] {processor.py:840} INFO - DAG(s) 'example_branch_operator' retrieved from /home/airflow/.local/lib/python3.8/site-packages/airflow/example_dags/example_branch_operator.py
[2025-12-06T09:15:05.372+0000] {logging_mixin.py:188} INFO - [2025-12-06T09:15:05.371+0000] {dag.py:3036} INFO - Sync 1 DAGs
[2025-12-06T09:15:05.411+0000] {logging_mixin.py:188} INFO - [2025-12-06T09:15:05.411+0000] {dag.py:3823} INFO - Setting next_dagrun for example_branch_operator to 2025-12-05 00:00:00+00:00, run_after=2025-12-06 00:00:00+00:00
[2025-12-06T09:15:05.446+0000] {processor.py:183} INFO - Processing /home/airflow/.local/lib/python3.8/site-packages/airflow/example_dags/example_branch_operator.py took 0.151 seconds
[2025-12-06T09:15:35.582+0000] {processor.py:161} INFO - Started process (PID=2355) to work on /home/airflow/.local/lib/python3.8/site-packages/airflow/example_dags/example_branch_operator.py
[2025-12-06T09:15:35.583+0000] {processor.py:830} INFO - Processing file /home/airflow/.local/lib/python3.8/site-packages/airflow/example_dags/example_branch_operator.py for tasks to queue
[2025-12-06T09:15:35.586+0000] {logging_mixin.py:188} INFO - [2025-12-06T09:15:35.585+0000] {dagbag.py:538} INFO - Filling up the DagBag from /home/airflow/.local/lib/python3.8/site-packages/airflow/example_dags/example_branch_operator.py
[2025-12-06T09:15:35.613+0000] {processor.py:840} INFO - DAG(s) 'example_branch_operator' retrieved from /home/airflow/.local/lib/python3.8/site-packages/airflow/example_dags/example_branch_operator.py
[2025-12-06T09:15:35.655+0000] {logging_mixin.py:188} INFO - [2025-12-06T09:15:35.654+0000] {dag.py:3036} INFO - Sync 1 DAGs
[2025-12-06T09:15:35.694+0000] {logging_mixin.py:188} INFO - [2025-12-06T09:15:35.694+0000] {dag.py:3823} INFO - Setting next_dagrun for example_branch_operator to 2025-12-05 00:00:00+00:00, run_after=2025-12-06 00:00:00+00:00
[2025-12-06T09:15:35.729+0000] {processor.py:183} INFO - Processing /home/airflow/.local/lib/python3.8/site-packages/airflow/example_dags/example_branch_operator.py took 0.153 seconds
[2025-12-06T09:16:06.376+0000] {processor.py:161} INFO - Started process (PID=2414) to work on /home/airflow/.local/lib/python3.8/site-packages/airflow/example_dags/example_branch_operator.py
[2025-12-06T09:16:06.377+0000] {processor.py:830} INFO - Processing file /home/airflow/.local/lib/python3.8/site-packages/airflow/example_dags/example_branch_operator.py for tasks to queue
[2025-12-06T09:16:06.381+0000] {logging_mixin.py:188} INFO - [2025-12-06T09:16:06.380+0000] {dagbag.py:538} INFO - Filling up the DagBag from /home/airflow/.local/lib/python3.8/site-packages/airflow/example_dags/example_branch_operator.py
[2025-12-06T09:16:06.406+0000] {processor.py:840} INFO - DAG(s) 'example_branch_operator' retrieved from /home/airflow/.local/lib/python3.8/site-packages/airflow/example_dags/example_branch_operator.py
[2025-12-06T09:16:06.444+0000] {logging_mixin.py:188} INFO - [2025-12-06T09:16:06.444+0000] {dag.py:3036} INFO - Sync 1 DAGs
[2025-12-06T09:16:06.477+0000] {logging_mixin.py:188} INFO - [2025-12-06T09:16:06.476+0000] {dag.py:3823} INFO - Setting next_dagrun for example_branch_operator to 2025-12-05 00:00:00+00:00, run_after=2025-12-06 00:00:00+00:00
[2025-12-06T09:16:06.509+0000] {processor.py:183} INFO - Processing /home/airflow/.local/lib/python3.8/site-packages/airflow/example_dags/example_branch_operator.py took 0.139 seconds
[2025-12-06T09:16:36.712+0000] {processor.py:161} INFO - Started process (PID=2473) to work on /home/airflow/.local/lib/python3.8/site-packages/airflow/example_dags/example_branch_operator.py
[2025-12-06T09:16:36.714+0000] {processor.py:830} INFO - Processing file /home/airflow/.local/lib/python3.8/site-packages/airflow/example_dags/example_branch_operator.py for tasks to queue
[2025-12-06T09:16:36.716+0000] {logging_mixin.py:188} INFO - [2025-12-06T09:16:36.716+0000] {dagbag.py:538} INFO - Filling up the DagBag from /home/airflow/.local/lib/python3.8/site-packages/airflow/example_dags/example_branch_operator.py
[2025-12-06T09:16:36.741+0000] {processor.py:840} INFO - DAG(s) 'example_branch_operator' retrieved from /home/airflow/.local/lib/python3.8/site-packages/airflow/example_dags/example_branch_operator.py
[2025-12-06T09:16:36.780+0000] {logging_mixin.py:188} INFO - [2025-12-06T09:16:36.780+0000] {dag.py:3036} INFO - Sync 1 DAGs
[2025-12-06T09:16:36.814+0000] {logging_mixin.py:188} INFO - [2025-12-06T09:16:36.813+0000] {dag.py:3823} INFO - Setting next_dagrun for example_branch_operator to 2025-12-05 00:00:00+00:00, run_after=2025-12-06 00:00:00+00:00
[2025-12-06T09:16:36.848+0000] {processor.py:183} INFO - Processing /home/airflow/.local/lib/python3.8/site-packages/airflow/example_dags/example_branch_operator.py took 0.141 seconds
[2025-12-06T09:17:07.027+0000] {processor.py:161} INFO - Started process (PID=2532) to work on /home/airflow/.local/lib/python3.8/site-packages/airflow/example_dags/example_branch_operator.py
[2025-12-06T09:17:07.029+0000] {processor.py:830} INFO - Processing file /home/airflow/.local/lib/python3.8/site-packages/airflow/example_dags/example_branch_operator.py for tasks to queue
[2025-12-06T09:17:07.031+0000] {logging_mixin.py:188} INFO - [2025-12-06T09:17:07.031+0000] {dagbag.py:538} INFO - Filling up the DagBag from /home/airflow/.local/lib/python3.8/site-packages/airflow/example_dags/example_branch_operator.py
[2025-12-06T09:17:07.057+0000] {processor.py:840} INFO - DAG(s) 'example_branch_operator' retrieved from /home/airflow/.local/lib/python3.8/site-packages/airflow/example_dags/example_branch_operator.py
[2025-12-06T09:17:07.100+0000] {logging_mixin.py:188} INFO - [2025-12-06T09:17:07.099+0000] {dag.py:3036} INFO - Sync 1 DAGs
[2025-12-06T09:17:07.133+0000] {logging_mixin.py:188} INFO - [2025-12-06T09:17:07.133+0000] {dag.py:3823} INFO - Setting next_dagrun for example_branch_operator to 2025-12-05 00:00:00+00:00, run_after=2025-12-06 00:00:00+00:00
[2025-12-06T09:17:07.166+0000] {processor.py:183} INFO - Processing /home/airflow/.local/lib/python3.8/site-packages/airflow/example_dags/example_branch_operator.py took 0.146 seconds
[2025-12-06T09:17:37.472+0000] {processor.py:161} INFO - Started process (PID=2591) to work on /home/airflow/.local/lib/python3.8/site-packages/airflow/example_dags/example_branch_operator.py
[2025-12-06T09:17:37.474+0000] {processor.py:830} INFO - Processing file /home/airflow/.local/lib/python3.8/site-packages/airflow/example_dags/example_branch_operator.py for tasks to queue
[2025-12-06T09:17:37.477+0000] {logging_mixin.py:188} INFO - [2025-12-06T09:17:37.477+0000] {dagbag.py:538} INFO - Filling up the DagBag from /home/airflow/.local/lib/python3.8/site-packages/airflow/example_dags/example_branch_operator.py
[2025-12-06T09:17:37.501+0000] {processor.py:840} INFO - DAG(s) 'example_branch_operator' retrieved from /home/airflow/.local/lib/python3.8/site-packages/airflow/example_dags/example_branch_operator.py
[2025-12-06T09:17:37.540+0000] {logging_mixin.py:188} INFO - [2025-12-06T09:17:37.540+0000] {dag.py:3036} INFO - Sync 1 DAGs
[2025-12-06T09:17:37.572+0000] {logging_mixin.py:188} INFO - [2025-12-06T09:17:37.572+0000] {dag.py:3823} INFO - Setting next_dagrun for example_branch_operator to 2025-12-05 00:00:00+00:00, run_after=2025-12-06 00:00:00+00:00
[2025-12-06T09:17:37.606+0000] {processor.py:183} INFO - Processing /home/airflow/.local/lib/python3.8/site-packages/airflow/example_dags/example_branch_operator.py took 0.138 seconds
[2025-12-06T09:18:07.966+0000] {processor.py:161} INFO - Started process (PID=2650) to work on /home/airflow/.local/lib/python3.8/site-packages/airflow/example_dags/example_branch_operator.py
[2025-12-06T09:18:07.968+0000] {processor.py:830} INFO - Processing file /home/airflow/.local/lib/python3.8/site-packages/airflow/example_dags/example_branch_operator.py for tasks to queue
[2025-12-06T09:18:07.971+0000] {logging_mixin.py:188} INFO - [2025-12-06T09:18:07.970+0000] {dagbag.py:538} INFO - Filling up the DagBag from /home/airflow/.local/lib/python3.8/site-packages/airflow/example_dags/example_branch_operator.py
[2025-12-06T09:18:07.994+0000] {processor.py:840} INFO - DAG(s) 'example_branch_operator' retrieved from /home/airflow/.local/lib/python3.8/site-packages/airflow/example_dags/example_branch_operator.py
[2025-12-06T09:18:08.035+0000] {logging_mixin.py:188} INFO - [2025-12-06T09:18:08.035+0000] {dag.py:3036} INFO - Sync 1 DAGs
[2025-12-06T09:18:08.067+0000] {logging_mixin.py:188} INFO - [2025-12-06T09:18:08.067+0000] {dag.py:3823} INFO - Setting next_dagrun for example_branch_operator to 2025-12-05 00:00:00+00:00, run_after=2025-12-06 00:00:00+00:00
[2025-12-06T09:18:08.101+0000] {processor.py:183} INFO - Processing /home/airflow/.local/lib/python3.8/site-packages/airflow/example_dags/example_branch_operator.py took 0.140 seconds
[2025-12-06T09:18:38.686+0000] {processor.py:161} INFO - Started process (PID=2709) to work on /home/airflow/.local/lib/python3.8/site-packages/airflow/example_dags/example_branch_operator.py
[2025-12-06T09:18:38.688+0000] {processor.py:830} INFO - Processing file /home/airflow/.local/lib/python3.8/site-packages/airflow/example_dags/example_branch_operator.py for tasks to queue
[2025-12-06T09:18:38.690+0000] {logging_mixin.py:188} INFO - [2025-12-06T09:18:38.690+0000] {dagbag.py:538} INFO - Filling up the DagBag from /home/airflow/.local/lib/python3.8/site-packages/airflow/example_dags/example_branch_operator.py
[2025-12-06T09:18:38.715+0000] {processor.py:840} INFO - DAG(s) 'example_branch_operator' retrieved from /home/airflow/.local/lib/python3.8/site-packages/airflow/example_dags/example_branch_operator.py
[2025-12-06T09:18:38.754+0000] {logging_mixin.py:188} INFO - [2025-12-06T09:18:38.753+0000] {dag.py:3036} INFO - Sync 1 DAGs
[2025-12-06T09:18:38.791+0000] {logging_mixin.py:188} INFO - [2025-12-06T09:18:38.791+0000] {dag.py:3823} INFO - Setting next_dagrun for example_branch_operator to 2025-12-05 00:00:00+00:00, run_after=2025-12-06 00:00:00+00:00
[2025-12-06T09:18:38.821+0000] {processor.py:183} INFO - Processing /home/airflow/.local/lib/python3.8/site-packages/airflow/example_dags/example_branch_operator.py took 0.140 seconds
[2025-12-06T09:19:09.173+0000] {processor.py:161} INFO - Started process (PID=2768) to work on /home/airflow/.local/lib/python3.8/site-packages/airflow/example_dags/example_branch_operator.py
[2025-12-06T09:19:09.174+0000] {processor.py:830} INFO - Processing file /home/airflow/.local/lib/python3.8/site-packages/airflow/example_dags/example_branch_operator.py for tasks to queue
[2025-12-06T09:19:09.177+0000] {logging_mixin.py:188} INFO - [2025-12-06T09:19:09.177+0000] {dagbag.py:538} INFO - Filling up the DagBag from /home/airflow/.local/lib/python3.8/site-packages/airflow/example_dags/example_branch_operator.py
[2025-12-06T09:19:09.199+0000] {processor.py:840} INFO - DAG(s) 'example_branch_operator' retrieved from /home/airflow/.local/lib/python3.8/site-packages/airflow/example_dags/example_branch_operator.py
[2025-12-06T09:19:09.237+0000] {logging_mixin.py:188} INFO - [2025-12-06T09:19:09.237+0000] {dag.py:3036} INFO - Sync 1 DAGs
[2025-12-06T09:19:09.412+0000] {logging_mixin.py:188} INFO - [2025-12-06T09:19:09.412+0000] {dag.py:3823} INFO - Setting next_dagrun for example_branch_operator to 2025-12-05 00:00:00+00:00, run_after=2025-12-06 00:00:00+00:00
[2025-12-06T09:19:09.440+0000] {processor.py:183} INFO - Processing /home/airflow/.local/lib/python3.8/site-packages/airflow/example_dags/example_branch_operator.py took 0.271 seconds
[2025-12-06T09:19:39.473+0000] {processor.py:161} INFO - Started process (PID=2827) to work on /home/airflow/.local/lib/python3.8/site-packages/airflow/example_dags/example_branch_operator.py
[2025-12-06T09:19:39.474+0000] {processor.py:830} INFO - Processing file /home/airflow/.local/lib/python3.8/site-packages/airflow/example_dags/example_branch_operator.py for tasks to queue
[2025-12-06T09:19:39.477+0000] {logging_mixin.py:188} INFO - [2025-12-06T09:19:39.476+0000] {dagbag.py:538} INFO - Filling up the DagBag from /home/airflow/.local/lib/python3.8/site-packages/airflow/example_dags/example_branch_operator.py
[2025-12-06T09:19:39.499+0000] {processor.py:840} INFO - DAG(s) 'example_branch_operator' retrieved from /home/airflow/.local/lib/python3.8/site-packages/airflow/example_dags/example_branch_operator.py
[2025-12-06T09:19:39.537+0000] {logging_mixin.py:188} INFO - [2025-12-06T09:19:39.536+0000] {dag.py:3036} INFO - Sync 1 DAGs
[2025-12-06T09:19:39.569+0000] {logging_mixin.py:188} INFO - [2025-12-06T09:19:39.568+0000] {dag.py:3823} INFO - Setting next_dagrun for example_branch_operator to 2025-12-05 00:00:00+00:00, run_after=2025-12-06 00:00:00+00:00
[2025-12-06T09:19:39.757+0000] {processor.py:183} INFO - Processing /home/airflow/.local/lib/python3.8/site-packages/airflow/example_dags/example_branch_operator.py took 0.289 seconds
[2025-12-06T09:20:10.055+0000] {processor.py:161} INFO - Started process (PID=2892) to work on /home/airflow/.local/lib/python3.8/site-packages/airflow/example_dags/example_branch_operator.py
[2025-12-06T09:20:10.057+0000] {processor.py:830} INFO - Processing file /home/airflow/.local/lib/python3.8/site-packages/airflow/example_dags/example_branch_operator.py for tasks to queue
[2025-12-06T09:20:10.059+0000] {logging_mixin.py:188} INFO - [2025-12-06T09:20:10.059+0000] {dagbag.py:538} INFO - Filling up the DagBag from /home/airflow/.local/lib/python3.8/site-packages/airflow/example_dags/example_branch_operator.py
[2025-12-06T09:20:10.086+0000] {processor.py:840} INFO - DAG(s) 'example_branch_operator' retrieved from /home/airflow/.local/lib/python3.8/site-packages/airflow/example_dags/example_branch_operator.py
[2025-12-06T09:20:10.129+0000] {logging_mixin.py:188} INFO - [2025-12-06T09:20:10.128+0000] {dag.py:3036} INFO - Sync 1 DAGs
[2025-12-06T09:20:10.161+0000] {logging_mixin.py:188} INFO - [2025-12-06T09:20:10.161+0000] {dag.py:3823} INFO - Setting next_dagrun for example_branch_operator to 2025-12-05 00:00:00+00:00, run_after=2025-12-06 00:00:00+00:00
[2025-12-06T09:20:10.193+0000] {processor.py:183} INFO - Processing /home/airflow/.local/lib/python3.8/site-packages/airflow/example_dags/example_branch_operator.py took 0.144 seconds
[2025-12-06T09:20:40.694+0000] {processor.py:161} INFO - Started process (PID=2949) to work on /home/airflow/.local/lib/python3.8/site-packages/airflow/example_dags/example_branch_operator.py
[2025-12-06T09:20:40.696+0000] {processor.py:830} INFO - Processing file /home/airflow/.local/lib/python3.8/site-packages/airflow/example_dags/example_branch_operator.py for tasks to queue
[2025-12-06T09:20:40.698+0000] {logging_mixin.py:188} INFO - [2025-12-06T09:20:40.698+0000] {dagbag.py:538} INFO - Filling up the DagBag from /home/airflow/.local/lib/python3.8/site-packages/airflow/example_dags/example_branch_operator.py
[2025-12-06T09:20:40.722+0000] {processor.py:840} INFO - DAG(s) 'example_branch_operator' retrieved from /home/airflow/.local/lib/python3.8/site-packages/airflow/example_dags/example_branch_operator.py
[2025-12-06T09:20:40.763+0000] {logging_mixin.py:188} INFO - [2025-12-06T09:20:40.763+0000] {dag.py:3036} INFO - Sync 1 DAGs
[2025-12-06T09:20:40.798+0000] {logging_mixin.py:188} INFO - [2025-12-06T09:20:40.798+0000] {dag.py:3823} INFO - Setting next_dagrun for example_branch_operator to 2025-12-05 00:00:00+00:00, run_after=2025-12-06 00:00:00+00:00
[2025-12-06T09:20:40.828+0000] {processor.py:183} INFO - Processing /home/airflow/.local/lib/python3.8/site-packages/airflow/example_dags/example_branch_operator.py took 0.140 seconds
[2025-12-06T09:21:11.692+0000] {processor.py:161} INFO - Started process (PID=3008) to work on /home/airflow/.local/lib/python3.8/site-packages/airflow/example_dags/example_branch_operator.py
[2025-12-06T09:21:11.693+0000] {processor.py:830} INFO - Processing file /home/airflow/.local/lib/python3.8/site-packages/airflow/example_dags/example_branch_operator.py for tasks to queue
[2025-12-06T09:21:11.696+0000] {logging_mixin.py:188} INFO - [2025-12-06T09:21:11.696+0000] {dagbag.py:538} INFO - Filling up the DagBag from /home/airflow/.local/lib/python3.8/site-packages/airflow/example_dags/example_branch_operator.py
[2025-12-06T09:21:11.721+0000] {processor.py:840} INFO - DAG(s) 'example_branch_operator' retrieved from /home/airflow/.local/lib/python3.8/site-packages/airflow/example_dags/example_branch_operator.py
[2025-12-06T09:21:11.921+0000] {logging_mixin.py:188} INFO - [2025-12-06T09:21:11.921+0000] {dag.py:3036} INFO - Sync 1 DAGs
[2025-12-06T09:21:11.949+0000] {logging_mixin.py:188} INFO - [2025-12-06T09:21:11.949+0000] {dag.py:3823} INFO - Setting next_dagrun for example_branch_operator to 2025-12-05 00:00:00+00:00, run_after=2025-12-06 00:00:00+00:00
[2025-12-06T09:21:11.981+0000] {processor.py:183} INFO - Processing /home/airflow/.local/lib/python3.8/site-packages/airflow/example_dags/example_branch_operator.py took 0.295 seconds
[2025-12-06T09:21:42.849+0000] {processor.py:161} INFO - Started process (PID=3067) to work on /home/airflow/.local/lib/python3.8/site-packages/airflow/example_dags/example_branch_operator.py
[2025-12-06T09:21:42.851+0000] {processor.py:830} INFO - Processing file /home/airflow/.local/lib/python3.8/site-packages/airflow/example_dags/example_branch_operator.py for tasks to queue
[2025-12-06T09:21:42.855+0000] {logging_mixin.py:188} INFO - [2025-12-06T09:21:42.854+0000] {dagbag.py:538} INFO - Filling up the DagBag from /home/airflow/.local/lib/python3.8/site-packages/airflow/example_dags/example_branch_operator.py
[2025-12-06T09:21:42.879+0000] {processor.py:840} INFO - DAG(s) 'example_branch_operator' retrieved from /home/airflow/.local/lib/python3.8/site-packages/airflow/example_dags/example_branch_operator.py
[2025-12-06T09:21:42.924+0000] {logging_mixin.py:188} INFO - [2025-12-06T09:21:42.923+0000] {dag.py:3036} INFO - Sync 1 DAGs
[2025-12-06T09:21:42.958+0000] {logging_mixin.py:188} INFO - [2025-12-06T09:21:42.958+0000] {dag.py:3823} INFO - Setting next_dagrun for example_branch_operator to 2025-12-05 00:00:00+00:00, run_after=2025-12-06 00:00:00+00:00
[2025-12-06T09:21:42.991+0000] {processor.py:183} INFO - Processing /home/airflow/.local/lib/python3.8/site-packages/airflow/example_dags/example_branch_operator.py took 0.147 seconds
[2025-12-06T09:22:13.091+0000] {processor.py:161} INFO - Started process (PID=3125) to work on /home/airflow/.local/lib/python3.8/site-packages/airflow/example_dags/example_branch_operator.py
[2025-12-06T09:22:13.092+0000] {processor.py:830} INFO - Processing file /home/airflow/.local/lib/python3.8/site-packages/airflow/example_dags/example_branch_operator.py for tasks to queue
[2025-12-06T09:22:13.095+0000] {logging_mixin.py:188} INFO - [2025-12-06T09:22:13.095+0000] {dagbag.py:538} INFO - Filling up the DagBag from /home/airflow/.local/lib/python3.8/site-packages/airflow/example_dags/example_branch_operator.py
[2025-12-06T09:22:13.119+0000] {processor.py:840} INFO - DAG(s) 'example_branch_operator' retrieved from /home/airflow/.local/lib/python3.8/site-packages/airflow/example_dags/example_branch_operator.py
[2025-12-06T09:22:13.159+0000] {logging_mixin.py:188} INFO - [2025-12-06T09:22:13.158+0000] {dag.py:3036} INFO - Sync 1 DAGs
[2025-12-06T09:22:13.193+0000] {logging_mixin.py:188} INFO - [2025-12-06T09:22:13.193+0000] {dag.py:3823} INFO - Setting next_dagrun for example_branch_operator to 2025-12-05 00:00:00+00:00, run_after=2025-12-06 00:00:00+00:00
[2025-12-06T09:22:13.228+0000] {processor.py:183} INFO - Processing /home/airflow/.local/lib/python3.8/site-packages/airflow/example_dags/example_branch_operator.py took 0.142 seconds
[2025-12-06T09:22:43.932+0000] {processor.py:161} INFO - Started process (PID=3184) to work on /home/airflow/.local/lib/python3.8/site-packages/airflow/example_dags/example_branch_operator.py
[2025-12-06T09:22:43.934+0000] {processor.py:830} INFO - Processing file /home/airflow/.local/lib/python3.8/site-packages/airflow/example_dags/example_branch_operator.py for tasks to queue
[2025-12-06T09:22:43.937+0000] {logging_mixin.py:188} INFO - [2025-12-06T09:22:43.937+0000] {dagbag.py:538} INFO - Filling up the DagBag from /home/airflow/.local/lib/python3.8/site-packages/airflow/example_dags/example_branch_operator.py
[2025-12-06T09:22:43.965+0000] {processor.py:840} INFO - DAG(s) 'example_branch_operator' retrieved from /home/airflow/.local/lib/python3.8/site-packages/airflow/example_dags/example_branch_operator.py
[2025-12-06T09:22:44.015+0000] {logging_mixin.py:188} INFO - [2025-12-06T09:22:44.014+0000] {dag.py:3036} INFO - Sync 1 DAGs
[2025-12-06T09:22:44.055+0000] {logging_mixin.py:188} INFO - [2025-12-06T09:22:44.055+0000] {dag.py:3823} INFO - Setting next_dagrun for example_branch_operator to 2025-12-05 00:00:00+00:00, run_after=2025-12-06 00:00:00+00:00
[2025-12-06T09:22:44.095+0000] {processor.py:183} INFO - Processing /home/airflow/.local/lib/python3.8/site-packages/airflow/example_dags/example_branch_operator.py took 0.168 seconds
[2025-12-06T09:23:14.392+0000] {processor.py:161} INFO - Started process (PID=3243) to work on /home/airflow/.local/lib/python3.8/site-packages/airflow/example_dags/example_branch_operator.py
[2025-12-06T09:23:14.394+0000] {processor.py:830} INFO - Processing file /home/airflow/.local/lib/python3.8/site-packages/airflow/example_dags/example_branch_operator.py for tasks to queue
[2025-12-06T09:23:14.396+0000] {logging_mixin.py:188} INFO - [2025-12-06T09:23:14.396+0000] {dagbag.py:538} INFO - Filling up the DagBag from /home/airflow/.local/lib/python3.8/site-packages/airflow/example_dags/example_branch_operator.py
[2025-12-06T09:23:14.423+0000] {processor.py:840} INFO - DAG(s) 'example_branch_operator' retrieved from /home/airflow/.local/lib/python3.8/site-packages/airflow/example_dags/example_branch_operator.py
[2025-12-06T09:23:14.467+0000] {logging_mixin.py:188} INFO - [2025-12-06T09:23:14.467+0000] {dag.py:3036} INFO - Sync 1 DAGs
[2025-12-06T09:23:14.498+0000] {logging_mixin.py:188} INFO - [2025-12-06T09:23:14.498+0000] {dag.py:3823} INFO - Setting next_dagrun for example_branch_operator to 2025-12-05 00:00:00+00:00, run_after=2025-12-06 00:00:00+00:00
[2025-12-06T09:23:14.533+0000] {processor.py:183} INFO - Processing /home/airflow/.local/lib/python3.8/site-packages/airflow/example_dags/example_branch_operator.py took 0.146 seconds
[2025-12-06T09:23:44.754+0000] {processor.py:161} INFO - Started process (PID=3302) to work on /home/airflow/.local/lib/python3.8/site-packages/airflow/example_dags/example_branch_operator.py
[2025-12-06T09:23:44.755+0000] {processor.py:830} INFO - Processing file /home/airflow/.local/lib/python3.8/site-packages/airflow/example_dags/example_branch_operator.py for tasks to queue
[2025-12-06T09:23:44.758+0000] {logging_mixin.py:188} INFO - [2025-12-06T09:23:44.758+0000] {dagbag.py:538} INFO - Filling up the DagBag from /home/airflow/.local/lib/python3.8/site-packages/airflow/example_dags/example_branch_operator.py
[2025-12-06T09:23:44.786+0000] {processor.py:840} INFO - DAG(s) 'example_branch_operator' retrieved from /home/airflow/.local/lib/python3.8/site-packages/airflow/example_dags/example_branch_operator.py
[2025-12-06T09:23:44.833+0000] {logging_mixin.py:188} INFO - [2025-12-06T09:23:44.832+0000] {dag.py:3036} INFO - Sync 1 DAGs
[2025-12-06T09:23:44.868+0000] {logging_mixin.py:188} INFO - [2025-12-06T09:23:44.868+0000] {dag.py:3823} INFO - Setting next_dagrun for example_branch_operator to 2025-12-05 00:00:00+00:00, run_after=2025-12-06 00:00:00+00:00
[2025-12-06T09:23:44.919+0000] {processor.py:183} INFO - Processing /home/airflow/.local/lib/python3.8/site-packages/airflow/example_dags/example_branch_operator.py took 0.171 seconds
[2025-12-06T09:24:15.045+0000] {processor.py:161} INFO - Started process (PID=3361) to work on /home/airflow/.local/lib/python3.8/site-packages/airflow/example_dags/example_branch_operator.py
[2025-12-06T09:24:15.047+0000] {processor.py:830} INFO - Processing file /home/airflow/.local/lib/python3.8/site-packages/airflow/example_dags/example_branch_operator.py for tasks to queue
[2025-12-06T09:24:15.049+0000] {logging_mixin.py:188} INFO - [2025-12-06T09:24:15.049+0000] {dagbag.py:538} INFO - Filling up the DagBag from /home/airflow/.local/lib/python3.8/site-packages/airflow/example_dags/example_branch_operator.py
[2025-12-06T09:24:15.081+0000] {processor.py:840} INFO - DAG(s) 'example_branch_operator' retrieved from /home/airflow/.local/lib/python3.8/site-packages/airflow/example_dags/example_branch_operator.py
[2025-12-06T09:24:15.122+0000] {logging_mixin.py:188} INFO - [2025-12-06T09:24:15.121+0000] {dag.py:3036} INFO - Sync 1 DAGs
[2025-12-06T09:24:15.159+0000] {logging_mixin.py:188} INFO - [2025-12-06T09:24:15.159+0000] {dag.py:3823} INFO - Setting next_dagrun for example_branch_operator to 2025-12-05 00:00:00+00:00, run_after=2025-12-06 00:00:00+00:00
[2025-12-06T09:24:15.191+0000] {processor.py:183} INFO - Processing /home/airflow/.local/lib/python3.8/site-packages/airflow/example_dags/example_branch_operator.py took 0.151 seconds
[2025-12-06T09:24:45.863+0000] {processor.py:161} INFO - Started process (PID=3420) to work on /home/airflow/.local/lib/python3.8/site-packages/airflow/example_dags/example_branch_operator.py
[2025-12-06T09:24:45.864+0000] {processor.py:830} INFO - Processing file /home/airflow/.local/lib/python3.8/site-packages/airflow/example_dags/example_branch_operator.py for tasks to queue
[2025-12-06T09:24:45.867+0000] {logging_mixin.py:188} INFO - [2025-12-06T09:24:45.867+0000] {dagbag.py:538} INFO - Filling up the DagBag from /home/airflow/.local/lib/python3.8/site-packages/airflow/example_dags/example_branch_operator.py
[2025-12-06T09:24:45.893+0000] {processor.py:840} INFO - DAG(s) 'example_branch_operator' retrieved from /home/airflow/.local/lib/python3.8/site-packages/airflow/example_dags/example_branch_operator.py
[2025-12-06T09:24:45.947+0000] {logging_mixin.py:188} INFO - [2025-12-06T09:24:45.946+0000] {dag.py:3036} INFO - Sync 1 DAGs
[2025-12-06T09:24:45.994+0000] {logging_mixin.py:188} INFO - [2025-12-06T09:24:45.993+0000] {dag.py:3823} INFO - Setting next_dagrun for example_branch_operator to 2025-12-05 00:00:00+00:00, run_after=2025-12-06 00:00:00+00:00
[2025-12-06T09:24:46.029+0000] {processor.py:183} INFO - Processing /home/airflow/.local/lib/python3.8/site-packages/airflow/example_dags/example_branch_operator.py took 0.172 seconds
[2025-12-06T09:25:16.377+0000] {processor.py:161} INFO - Started process (PID=3479) to work on /home/airflow/.local/lib/python3.8/site-packages/airflow/example_dags/example_branch_operator.py
[2025-12-06T09:25:16.379+0000] {processor.py:830} INFO - Processing file /home/airflow/.local/lib/python3.8/site-packages/airflow/example_dags/example_branch_operator.py for tasks to queue
[2025-12-06T09:25:16.382+0000] {logging_mixin.py:188} INFO - [2025-12-06T09:25:16.382+0000] {dagbag.py:538} INFO - Filling up the DagBag from /home/airflow/.local/lib/python3.8/site-packages/airflow/example_dags/example_branch_operator.py
[2025-12-06T09:25:16.413+0000] {processor.py:840} INFO - DAG(s) 'example_branch_operator' retrieved from /home/airflow/.local/lib/python3.8/site-packages/airflow/example_dags/example_branch_operator.py
[2025-12-06T09:25:16.451+0000] {logging_mixin.py:188} INFO - [2025-12-06T09:25:16.451+0000] {dag.py:3036} INFO - Sync 1 DAGs
[2025-12-06T09:25:16.483+0000] {logging_mixin.py:188} INFO - [2025-12-06T09:25:16.482+0000] {dag.py:3823} INFO - Setting next_dagrun for example_branch_operator to 2025-12-05 00:00:00+00:00, run_after=2025-12-06 00:00:00+00:00
[2025-12-06T09:25:16.517+0000] {processor.py:183} INFO - Processing /home/airflow/.local/lib/python3.8/site-packages/airflow/example_dags/example_branch_operator.py took 0.148 seconds
[2025-12-06T09:25:46.850+0000] {processor.py:161} INFO - Started process (PID=3538) to work on /home/airflow/.local/lib/python3.8/site-packages/airflow/example_dags/example_branch_operator.py
[2025-12-06T09:25:46.851+0000] {processor.py:830} INFO - Processing file /home/airflow/.local/lib/python3.8/site-packages/airflow/example_dags/example_branch_operator.py for tasks to queue
[2025-12-06T09:25:46.854+0000] {logging_mixin.py:188} INFO - [2025-12-06T09:25:46.854+0000] {dagbag.py:538} INFO - Filling up the DagBag from /home/airflow/.local/lib/python3.8/site-packages/airflow/example_dags/example_branch_operator.py
[2025-12-06T09:25:46.879+0000] {processor.py:840} INFO - DAG(s) 'example_branch_operator' retrieved from /home/airflow/.local/lib/python3.8/site-packages/airflow/example_dags/example_branch_operator.py
[2025-12-06T09:25:46.921+0000] {logging_mixin.py:188} INFO - [2025-12-06T09:25:46.921+0000] {dag.py:3036} INFO - Sync 1 DAGs
[2025-12-06T09:25:46.956+0000] {logging_mixin.py:188} INFO - [2025-12-06T09:25:46.956+0000] {dag.py:3823} INFO - Setting next_dagrun for example_branch_operator to 2025-12-05 00:00:00+00:00, run_after=2025-12-06 00:00:00+00:00
[2025-12-06T09:25:46.992+0000] {processor.py:183} INFO - Processing /home/airflow/.local/lib/python3.8/site-packages/airflow/example_dags/example_branch_operator.py took 0.149 seconds
[2025-12-06T09:26:17.567+0000] {processor.py:161} INFO - Started process (PID=3597) to work on /home/airflow/.local/lib/python3.8/site-packages/airflow/example_dags/example_branch_operator.py
[2025-12-06T09:26:17.569+0000] {processor.py:830} INFO - Processing file /home/airflow/.local/lib/python3.8/site-packages/airflow/example_dags/example_branch_operator.py for tasks to queue
[2025-12-06T09:26:17.572+0000] {logging_mixin.py:188} INFO - [2025-12-06T09:26:17.572+0000] {dagbag.py:538} INFO - Filling up the DagBag from /home/airflow/.local/lib/python3.8/site-packages/airflow/example_dags/example_branch_operator.py
[2025-12-06T09:26:17.602+0000] {processor.py:840} INFO - DAG(s) 'example_branch_operator' retrieved from /home/airflow/.local/lib/python3.8/site-packages/airflow/example_dags/example_branch_operator.py
[2025-12-06T09:26:17.646+0000] {logging_mixin.py:188} INFO - [2025-12-06T09:26:17.645+0000] {dag.py:3036} INFO - Sync 1 DAGs
[2025-12-06T09:26:17.681+0000] {logging_mixin.py:188} INFO - [2025-12-06T09:26:17.681+0000] {dag.py:3823} INFO - Setting next_dagrun for example_branch_operator to 2025-12-05 00:00:00+00:00, run_after=2025-12-06 00:00:00+00:00
[2025-12-06T09:26:17.715+0000] {processor.py:183} INFO - Processing /home/airflow/.local/lib/python3.8/site-packages/airflow/example_dags/example_branch_operator.py took 0.153 seconds
[2025-12-06T09:26:48.272+0000] {processor.py:161} INFO - Started process (PID=3656) to work on /home/airflow/.local/lib/python3.8/site-packages/airflow/example_dags/example_branch_operator.py
[2025-12-06T09:26:48.273+0000] {processor.py:830} INFO - Processing file /home/airflow/.local/lib/python3.8/site-packages/airflow/example_dags/example_branch_operator.py for tasks to queue
[2025-12-06T09:26:48.276+0000] {logging_mixin.py:188} INFO - [2025-12-06T09:26:48.276+0000] {dagbag.py:538} INFO - Filling up the DagBag from /home/airflow/.local/lib/python3.8/site-packages/airflow/example_dags/example_branch_operator.py
[2025-12-06T09:26:48.300+0000] {processor.py:840} INFO - DAG(s) 'example_branch_operator' retrieved from /home/airflow/.local/lib/python3.8/site-packages/airflow/example_dags/example_branch_operator.py
[2025-12-06T09:26:48.343+0000] {logging_mixin.py:188} INFO - [2025-12-06T09:26:48.342+0000] {dag.py:3036} INFO - Sync 1 DAGs
[2025-12-06T09:26:48.372+0000] {logging_mixin.py:188} INFO - [2025-12-06T09:26:48.371+0000] {dag.py:3823} INFO - Setting next_dagrun for example_branch_operator to 2025-12-05 00:00:00+00:00, run_after=2025-12-06 00:00:00+00:00
[2025-12-06T09:26:48.401+0000] {processor.py:183} INFO - Processing /home/airflow/.local/lib/python3.8/site-packages/airflow/example_dags/example_branch_operator.py took 0.134 seconds
[2025-12-06T09:27:18.554+0000] {processor.py:161} INFO - Started process (PID=3715) to work on /home/airflow/.local/lib/python3.8/site-packages/airflow/example_dags/example_branch_operator.py
[2025-12-06T09:27:18.556+0000] {processor.py:830} INFO - Processing file /home/airflow/.local/lib/python3.8/site-packages/airflow/example_dags/example_branch_operator.py for tasks to queue
[2025-12-06T09:27:18.561+0000] {logging_mixin.py:188} INFO - [2025-12-06T09:27:18.561+0000] {dagbag.py:538} INFO - Filling up the DagBag from /home/airflow/.local/lib/python3.8/site-packages/airflow/example_dags/example_branch_operator.py
[2025-12-06T09:27:18.592+0000] {processor.py:840} INFO - DAG(s) 'example_branch_operator' retrieved from /home/airflow/.local/lib/python3.8/site-packages/airflow/example_dags/example_branch_operator.py
[2025-12-06T09:27:18.633+0000] {logging_mixin.py:188} INFO - [2025-12-06T09:27:18.632+0000] {dag.py:3036} INFO - Sync 1 DAGs
[2025-12-06T09:27:18.666+0000] {logging_mixin.py:188} INFO - [2025-12-06T09:27:18.666+0000] {dag.py:3823} INFO - Setting next_dagrun for example_branch_operator to 2025-12-05 00:00:00+00:00, run_after=2025-12-06 00:00:00+00:00
[2025-12-06T09:27:18.698+0000] {processor.py:183} INFO - Processing /home/airflow/.local/lib/python3.8/site-packages/airflow/example_dags/example_branch_operator.py took 0.149 seconds
[2025-12-06T09:27:48.776+0000] {processor.py:161} INFO - Started process (PID=3774) to work on /home/airflow/.local/lib/python3.8/site-packages/airflow/example_dags/example_branch_operator.py
[2025-12-06T09:27:48.777+0000] {processor.py:830} INFO - Processing file /home/airflow/.local/lib/python3.8/site-packages/airflow/example_dags/example_branch_operator.py for tasks to queue
[2025-12-06T09:27:48.780+0000] {logging_mixin.py:188} INFO - [2025-12-06T09:27:48.780+0000] {dagbag.py:538} INFO - Filling up the DagBag from /home/airflow/.local/lib/python3.8/site-packages/airflow/example_dags/example_branch_operator.py
[2025-12-06T09:27:48.806+0000] {processor.py:840} INFO - DAG(s) 'example_branch_operator' retrieved from /home/airflow/.local/lib/python3.8/site-packages/airflow/example_dags/example_branch_operator.py
[2025-12-06T09:27:48.846+0000] {logging_mixin.py:188} INFO - [2025-12-06T09:27:48.845+0000] {dag.py:3036} INFO - Sync 1 DAGs
[2025-12-06T09:27:48.880+0000] {logging_mixin.py:188} INFO - [2025-12-06T09:27:48.880+0000] {dag.py:3823} INFO - Setting next_dagrun for example_branch_operator to 2025-12-05 00:00:00+00:00, run_after=2025-12-06 00:00:00+00:00
[2025-12-06T09:27:48.913+0000] {processor.py:183} INFO - Processing /home/airflow/.local/lib/python3.8/site-packages/airflow/example_dags/example_branch_operator.py took 0.142 seconds
[2025-12-06T09:28:19.237+0000] {processor.py:161} INFO - Started process (PID=3833) to work on /home/airflow/.local/lib/python3.8/site-packages/airflow/example_dags/example_branch_operator.py
[2025-12-06T09:28:19.239+0000] {processor.py:830} INFO - Processing file /home/airflow/.local/lib/python3.8/site-packages/airflow/example_dags/example_branch_operator.py for tasks to queue
[2025-12-06T09:28:19.242+0000] {logging_mixin.py:188} INFO - [2025-12-06T09:28:19.241+0000] {dagbag.py:538} INFO - Filling up the DagBag from /home/airflow/.local/lib/python3.8/site-packages/airflow/example_dags/example_branch_operator.py
[2025-12-06T09:28:19.266+0000] {processor.py:840} INFO - DAG(s) 'example_branch_operator' retrieved from /home/airflow/.local/lib/python3.8/site-packages/airflow/example_dags/example_branch_operator.py
[2025-12-06T09:28:19.310+0000] {logging_mixin.py:188} INFO - [2025-12-06T09:28:19.309+0000] {dag.py:3036} INFO - Sync 1 DAGs
[2025-12-06T09:28:19.344+0000] {logging_mixin.py:188} INFO - [2025-12-06T09:28:19.343+0000] {dag.py:3823} INFO - Setting next_dagrun for example_branch_operator to 2025-12-05 00:00:00+00:00, run_after=2025-12-06 00:00:00+00:00
[2025-12-06T09:28:19.377+0000] {processor.py:183} INFO - Processing /home/airflow/.local/lib/python3.8/site-packages/airflow/example_dags/example_branch_operator.py took 0.146 seconds
[2025-12-06T09:28:49.497+0000] {processor.py:161} INFO - Started process (PID=3892) to work on /home/airflow/.local/lib/python3.8/site-packages/airflow/example_dags/example_branch_operator.py
[2025-12-06T09:28:49.499+0000] {processor.py:830} INFO - Processing file /home/airflow/.local/lib/python3.8/site-packages/airflow/example_dags/example_branch_operator.py for tasks to queue
[2025-12-06T09:28:49.502+0000] {logging_mixin.py:188} INFO - [2025-12-06T09:28:49.501+0000] {dagbag.py:538} INFO - Filling up the DagBag from /home/airflow/.local/lib/python3.8/site-packages/airflow/example_dags/example_branch_operator.py
[2025-12-06T09:28:49.528+0000] {processor.py:840} INFO - DAG(s) 'example_branch_operator' retrieved from /home/airflow/.local/lib/python3.8/site-packages/airflow/example_dags/example_branch_operator.py
[2025-12-06T09:28:49.570+0000] {logging_mixin.py:188} INFO - [2025-12-06T09:28:49.570+0000] {dag.py:3036} INFO - Sync 1 DAGs
[2025-12-06T09:28:49.608+0000] {logging_mixin.py:188} INFO - [2025-12-06T09:28:49.608+0000] {dag.py:3823} INFO - Setting next_dagrun for example_branch_operator to 2025-12-05 00:00:00+00:00, run_after=2025-12-06 00:00:00+00:00
[2025-12-06T09:28:49.644+0000] {processor.py:183} INFO - Processing /home/airflow/.local/lib/python3.8/site-packages/airflow/example_dags/example_branch_operator.py took 0.153 seconds
[2025-12-06T09:29:19.754+0000] {processor.py:161} INFO - Started process (PID=3951) to work on /home/airflow/.local/lib/python3.8/site-packages/airflow/example_dags/example_branch_operator.py
[2025-12-06T09:29:19.756+0000] {processor.py:830} INFO - Processing file /home/airflow/.local/lib/python3.8/site-packages/airflow/example_dags/example_branch_operator.py for tasks to queue
[2025-12-06T09:29:19.762+0000] {logging_mixin.py:188} INFO - [2025-12-06T09:29:19.761+0000] {dagbag.py:538} INFO - Filling up the DagBag from /home/airflow/.local/lib/python3.8/site-packages/airflow/example_dags/example_branch_operator.py
[2025-12-06T09:29:19.787+0000] {processor.py:840} INFO - DAG(s) 'example_branch_operator' retrieved from /home/airflow/.local/lib/python3.8/site-packages/airflow/example_dags/example_branch_operator.py
[2025-12-06T09:29:19.828+0000] {logging_mixin.py:188} INFO - [2025-12-06T09:29:19.828+0000] {dag.py:3036} INFO - Sync 1 DAGs
[2025-12-06T09:29:19.862+0000] {logging_mixin.py:188} INFO - [2025-12-06T09:29:19.862+0000] {dag.py:3823} INFO - Setting next_dagrun for example_branch_operator to 2025-12-05 00:00:00+00:00, run_after=2025-12-06 00:00:00+00:00
[2025-12-06T09:29:19.894+0000] {processor.py:183} INFO - Processing /home/airflow/.local/lib/python3.8/site-packages/airflow/example_dags/example_branch_operator.py took 0.146 seconds
[2025-12-06T09:29:49.994+0000] {processor.py:161} INFO - Started process (PID=4010) to work on /home/airflow/.local/lib/python3.8/site-packages/airflow/example_dags/example_branch_operator.py
[2025-12-06T09:29:49.996+0000] {processor.py:830} INFO - Processing file /home/airflow/.local/lib/python3.8/site-packages/airflow/example_dags/example_branch_operator.py for tasks to queue
[2025-12-06T09:29:49.999+0000] {logging_mixin.py:188} INFO - [2025-12-06T09:29:49.999+0000] {dagbag.py:538} INFO - Filling up the DagBag from /home/airflow/.local/lib/python3.8/site-packages/airflow/example_dags/example_branch_operator.py
[2025-12-06T09:29:50.024+0000] {processor.py:840} INFO - DAG(s) 'example_branch_operator' retrieved from /home/airflow/.local/lib/python3.8/site-packages/airflow/example_dags/example_branch_operator.py
[2025-12-06T09:29:50.067+0000] {logging_mixin.py:188} INFO - [2025-12-06T09:29:50.066+0000] {dag.py:3036} INFO - Sync 1 DAGs
[2025-12-06T09:29:50.098+0000] {logging_mixin.py:188} INFO - [2025-12-06T09:29:50.098+0000] {dag.py:3823} INFO - Setting next_dagrun for example_branch_operator to 2025-12-05 00:00:00+00:00, run_after=2025-12-06 00:00:00+00:00
[2025-12-06T09:29:50.132+0000] {processor.py:183} INFO - Processing /home/airflow/.local/lib/python3.8/site-packages/airflow/example_dags/example_branch_operator.py took 0.142 seconds
[2025-12-06T09:30:20.499+0000] {processor.py:161} INFO - Started process (PID=4069) to work on /home/airflow/.local/lib/python3.8/site-packages/airflow/example_dags/example_branch_operator.py
[2025-12-06T09:30:20.500+0000] {processor.py:830} INFO - Processing file /home/airflow/.local/lib/python3.8/site-packages/airflow/example_dags/example_branch_operator.py for tasks to queue
[2025-12-06T09:30:20.503+0000] {logging_mixin.py:188} INFO - [2025-12-06T09:30:20.503+0000] {dagbag.py:538} INFO - Filling up the DagBag from /home/airflow/.local/lib/python3.8/site-packages/airflow/example_dags/example_branch_operator.py
[2025-12-06T09:30:20.528+0000] {processor.py:840} INFO - DAG(s) 'example_branch_operator' retrieved from /home/airflow/.local/lib/python3.8/site-packages/airflow/example_dags/example_branch_operator.py
[2025-12-06T09:30:20.569+0000] {logging_mixin.py:188} INFO - [2025-12-06T09:30:20.569+0000] {dag.py:3036} INFO - Sync 1 DAGs
[2025-12-06T09:30:20.603+0000] {logging_mixin.py:188} INFO - [2025-12-06T09:30:20.603+0000] {dag.py:3823} INFO - Setting next_dagrun for example_branch_operator to 2025-12-05 00:00:00+00:00, run_after=2025-12-06 00:00:00+00:00
[2025-12-06T09:30:20.639+0000] {processor.py:183} INFO - Processing /home/airflow/.local/lib/python3.8/site-packages/airflow/example_dags/example_branch_operator.py took 0.147 seconds
[2025-12-06T09:30:50.759+0000] {processor.py:161} INFO - Started process (PID=4128) to work on /home/airflow/.local/lib/python3.8/site-packages/airflow/example_dags/example_branch_operator.py
[2025-12-06T09:30:50.764+0000] {processor.py:830} INFO - Processing file /home/airflow/.local/lib/python3.8/site-packages/airflow/example_dags/example_branch_operator.py for tasks to queue
[2025-12-06T09:30:50.767+0000] {logging_mixin.py:188} INFO - [2025-12-06T09:30:50.766+0000] {dagbag.py:538} INFO - Filling up the DagBag from /home/airflow/.local/lib/python3.8/site-packages/airflow/example_dags/example_branch_operator.py
[2025-12-06T09:30:50.791+0000] {processor.py:840} INFO - DAG(s) 'example_branch_operator' retrieved from /home/airflow/.local/lib/python3.8/site-packages/airflow/example_dags/example_branch_operator.py
[2025-12-06T09:30:50.833+0000] {logging_mixin.py:188} INFO - [2025-12-06T09:30:50.833+0000] {dag.py:3036} INFO - Sync 1 DAGs
[2025-12-06T09:30:50.868+0000] {logging_mixin.py:188} INFO - [2025-12-06T09:30:50.868+0000] {dag.py:3823} INFO - Setting next_dagrun for example_branch_operator to 2025-12-05 00:00:00+00:00, run_after=2025-12-06 00:00:00+00:00
[2025-12-06T09:30:50.902+0000] {processor.py:183} INFO - Processing /home/airflow/.local/lib/python3.8/site-packages/airflow/example_dags/example_branch_operator.py took 0.149 seconds
[2025-12-06T09:31:21.013+0000] {processor.py:161} INFO - Started process (PID=4187) to work on /home/airflow/.local/lib/python3.8/site-packages/airflow/example_dags/example_branch_operator.py
[2025-12-06T09:31:21.014+0000] {processor.py:830} INFO - Processing file /home/airflow/.local/lib/python3.8/site-packages/airflow/example_dags/example_branch_operator.py for tasks to queue
[2025-12-06T09:31:21.017+0000] {logging_mixin.py:188} INFO - [2025-12-06T09:31:21.017+0000] {dagbag.py:538} INFO - Filling up the DagBag from /home/airflow/.local/lib/python3.8/site-packages/airflow/example_dags/example_branch_operator.py
[2025-12-06T09:31:21.041+0000] {processor.py:840} INFO - DAG(s) 'example_branch_operator' retrieved from /home/airflow/.local/lib/python3.8/site-packages/airflow/example_dags/example_branch_operator.py
[2025-12-06T09:31:21.083+0000] {logging_mixin.py:188} INFO - [2025-12-06T09:31:21.082+0000] {dag.py:3036} INFO - Sync 1 DAGs
[2025-12-06T09:31:21.115+0000] {logging_mixin.py:188} INFO - [2025-12-06T09:31:21.115+0000] {dag.py:3823} INFO - Setting next_dagrun for example_branch_operator to 2025-12-05 00:00:00+00:00, run_after=2025-12-06 00:00:00+00:00
[2025-12-06T09:31:21.145+0000] {processor.py:183} INFO - Processing /home/airflow/.local/lib/python3.8/site-packages/airflow/example_dags/example_branch_operator.py took 0.137 seconds
[2025-12-06T09:31:51.338+0000] {processor.py:161} INFO - Started process (PID=4246) to work on /home/airflow/.local/lib/python3.8/site-packages/airflow/example_dags/example_branch_operator.py
[2025-12-06T09:31:51.340+0000] {processor.py:830} INFO - Processing file /home/airflow/.local/lib/python3.8/site-packages/airflow/example_dags/example_branch_operator.py for tasks to queue
[2025-12-06T09:31:51.342+0000] {logging_mixin.py:188} INFO - [2025-12-06T09:31:51.342+0000] {dagbag.py:538} INFO - Filling up the DagBag from /home/airflow/.local/lib/python3.8/site-packages/airflow/example_dags/example_branch_operator.py
[2025-12-06T09:31:51.369+0000] {processor.py:840} INFO - DAG(s) 'example_branch_operator' retrieved from /home/airflow/.local/lib/python3.8/site-packages/airflow/example_dags/example_branch_operator.py
[2025-12-06T09:31:51.414+0000] {logging_mixin.py:188} INFO - [2025-12-06T09:31:51.414+0000] {dag.py:3036} INFO - Sync 1 DAGs
[2025-12-06T09:31:51.450+0000] {logging_mixin.py:188} INFO - [2025-12-06T09:31:51.449+0000] {dag.py:3823} INFO - Setting next_dagrun for example_branch_operator to 2025-12-05 00:00:00+00:00, run_after=2025-12-06 00:00:00+00:00
[2025-12-06T09:31:51.480+0000] {processor.py:183} INFO - Processing /home/airflow/.local/lib/python3.8/site-packages/airflow/example_dags/example_branch_operator.py took 0.148 seconds
[2025-12-06T09:32:21.595+0000] {processor.py:161} INFO - Started process (PID=4305) to work on /home/airflow/.local/lib/python3.8/site-packages/airflow/example_dags/example_branch_operator.py
[2025-12-06T09:32:21.596+0000] {processor.py:830} INFO - Processing file /home/airflow/.local/lib/python3.8/site-packages/airflow/example_dags/example_branch_operator.py for tasks to queue
[2025-12-06T09:32:21.599+0000] {logging_mixin.py:188} INFO - [2025-12-06T09:32:21.599+0000] {dagbag.py:538} INFO - Filling up the DagBag from /home/airflow/.local/lib/python3.8/site-packages/airflow/example_dags/example_branch_operator.py
[2025-12-06T09:32:21.625+0000] {processor.py:840} INFO - DAG(s) 'example_branch_operator' retrieved from /home/airflow/.local/lib/python3.8/site-packages/airflow/example_dags/example_branch_operator.py
[2025-12-06T09:32:21.665+0000] {logging_mixin.py:188} INFO - [2025-12-06T09:32:21.665+0000] {dag.py:3036} INFO - Sync 1 DAGs
[2025-12-06T09:32:21.699+0000] {logging_mixin.py:188} INFO - [2025-12-06T09:32:21.699+0000] {dag.py:3823} INFO - Setting next_dagrun for example_branch_operator to 2025-12-05 00:00:00+00:00, run_after=2025-12-06 00:00:00+00:00
[2025-12-06T09:32:21.738+0000] {processor.py:183} INFO - Processing /home/airflow/.local/lib/python3.8/site-packages/airflow/example_dags/example_branch_operator.py took 0.148 seconds
[2025-12-06T09:32:51.796+0000] {processor.py:161} INFO - Started process (PID=4364) to work on /home/airflow/.local/lib/python3.8/site-packages/airflow/example_dags/example_branch_operator.py
[2025-12-06T09:32:51.799+0000] {processor.py:830} INFO - Processing file /home/airflow/.local/lib/python3.8/site-packages/airflow/example_dags/example_branch_operator.py for tasks to queue
[2025-12-06T09:32:51.802+0000] {logging_mixin.py:188} INFO - [2025-12-06T09:32:51.801+0000] {dagbag.py:538} INFO - Filling up the DagBag from /home/airflow/.local/lib/python3.8/site-packages/airflow/example_dags/example_branch_operator.py
[2025-12-06T09:32:51.828+0000] {processor.py:840} INFO - DAG(s) 'example_branch_operator' retrieved from /home/airflow/.local/lib/python3.8/site-packages/airflow/example_dags/example_branch_operator.py
[2025-12-06T09:32:51.870+0000] {logging_mixin.py:188} INFO - [2025-12-06T09:32:51.870+0000] {dag.py:3036} INFO - Sync 1 DAGs
[2025-12-06T09:32:51.904+0000] {logging_mixin.py:188} INFO - [2025-12-06T09:32:51.904+0000] {dag.py:3823} INFO - Setting next_dagrun for example_branch_operator to 2025-12-05 00:00:00+00:00, run_after=2025-12-06 00:00:00+00:00
[2025-12-06T09:32:51.939+0000] {processor.py:183} INFO - Processing /home/airflow/.local/lib/python3.8/site-packages/airflow/example_dags/example_branch_operator.py took 0.147 seconds
[2025-12-06T09:33:21.999+0000] {processor.py:161} INFO - Started process (PID=4423) to work on /home/airflow/.local/lib/python3.8/site-packages/airflow/example_dags/example_branch_operator.py
[2025-12-06T09:33:22.001+0000] {processor.py:830} INFO - Processing file /home/airflow/.local/lib/python3.8/site-packages/airflow/example_dags/example_branch_operator.py for tasks to queue
[2025-12-06T09:33:22.004+0000] {logging_mixin.py:188} INFO - [2025-12-06T09:33:22.003+0000] {dagbag.py:538} INFO - Filling up the DagBag from /home/airflow/.local/lib/python3.8/site-packages/airflow/example_dags/example_branch_operator.py
[2025-12-06T09:33:22.029+0000] {processor.py:840} INFO - DAG(s) 'example_branch_operator' retrieved from /home/airflow/.local/lib/python3.8/site-packages/airflow/example_dags/example_branch_operator.py
[2025-12-06T09:33:22.068+0000] {logging_mixin.py:188} INFO - [2025-12-06T09:33:22.067+0000] {dag.py:3036} INFO - Sync 1 DAGs
[2025-12-06T09:33:22.101+0000] {logging_mixin.py:188} INFO - [2025-12-06T09:33:22.101+0000] {dag.py:3823} INFO - Setting next_dagrun for example_branch_operator to 2025-12-05 00:00:00+00:00, run_after=2025-12-06 00:00:00+00:00
[2025-12-06T09:33:22.131+0000] {processor.py:183} INFO - Processing /home/airflow/.local/lib/python3.8/site-packages/airflow/example_dags/example_branch_operator.py took 0.138 seconds
[2025-12-06T09:33:52.251+0000] {processor.py:161} INFO - Started process (PID=4482) to work on /home/airflow/.local/lib/python3.8/site-packages/airflow/example_dags/example_branch_operator.py
[2025-12-06T09:33:52.253+0000] {processor.py:830} INFO - Processing file /home/airflow/.local/lib/python3.8/site-packages/airflow/example_dags/example_branch_operator.py for tasks to queue
[2025-12-06T09:33:52.256+0000] {logging_mixin.py:188} INFO - [2025-12-06T09:33:52.255+0000] {dagbag.py:538} INFO - Filling up the DagBag from /home/airflow/.local/lib/python3.8/site-packages/airflow/example_dags/example_branch_operator.py
[2025-12-06T09:33:52.281+0000] {processor.py:840} INFO - DAG(s) 'example_branch_operator' retrieved from /home/airflow/.local/lib/python3.8/site-packages/airflow/example_dags/example_branch_operator.py
[2025-12-06T09:33:52.325+0000] {logging_mixin.py:188} INFO - [2025-12-06T09:33:52.324+0000] {dag.py:3036} INFO - Sync 1 DAGs
[2025-12-06T09:33:52.359+0000] {logging_mixin.py:188} INFO - [2025-12-06T09:33:52.359+0000] {dag.py:3823} INFO - Setting next_dagrun for example_branch_operator to 2025-12-05 00:00:00+00:00, run_after=2025-12-06 00:00:00+00:00
[2025-12-06T09:33:52.394+0000] {processor.py:183} INFO - Processing /home/airflow/.local/lib/python3.8/site-packages/airflow/example_dags/example_branch_operator.py took 0.148 seconds
[2025-12-06T09:34:22.475+0000] {processor.py:161} INFO - Started process (PID=4541) to work on /home/airflow/.local/lib/python3.8/site-packages/airflow/example_dags/example_branch_operator.py
[2025-12-06T09:34:22.476+0000] {processor.py:830} INFO - Processing file /home/airflow/.local/lib/python3.8/site-packages/airflow/example_dags/example_branch_operator.py for tasks to queue
[2025-12-06T09:34:22.479+0000] {logging_mixin.py:188} INFO - [2025-12-06T09:34:22.478+0000] {dagbag.py:538} INFO - Filling up the DagBag from /home/airflow/.local/lib/python3.8/site-packages/airflow/example_dags/example_branch_operator.py
[2025-12-06T09:34:22.504+0000] {processor.py:840} INFO - DAG(s) 'example_branch_operator' retrieved from /home/airflow/.local/lib/python3.8/site-packages/airflow/example_dags/example_branch_operator.py
[2025-12-06T09:34:22.545+0000] {logging_mixin.py:188} INFO - [2025-12-06T09:34:22.545+0000] {dag.py:3036} INFO - Sync 1 DAGs
[2025-12-06T09:34:22.580+0000] {logging_mixin.py:188} INFO - [2025-12-06T09:34:22.580+0000] {dag.py:3823} INFO - Setting next_dagrun for example_branch_operator to 2025-12-05 00:00:00+00:00, run_after=2025-12-06 00:00:00+00:00
[2025-12-06T09:34:22.615+0000] {processor.py:183} INFO - Processing /home/airflow/.local/lib/python3.8/site-packages/airflow/example_dags/example_branch_operator.py took 0.146 seconds
[2025-12-06T09:34:52.714+0000] {processor.py:161} INFO - Started process (PID=4600) to work on /home/airflow/.local/lib/python3.8/site-packages/airflow/example_dags/example_branch_operator.py
[2025-12-06T09:34:52.716+0000] {processor.py:830} INFO - Processing file /home/airflow/.local/lib/python3.8/site-packages/airflow/example_dags/example_branch_operator.py for tasks to queue
[2025-12-06T09:34:52.719+0000] {logging_mixin.py:188} INFO - [2025-12-06T09:34:52.718+0000] {dagbag.py:538} INFO - Filling up the DagBag from /home/airflow/.local/lib/python3.8/site-packages/airflow/example_dags/example_branch_operator.py
[2025-12-06T09:34:52.744+0000] {processor.py:840} INFO - DAG(s) 'example_branch_operator' retrieved from /home/airflow/.local/lib/python3.8/site-packages/airflow/example_dags/example_branch_operator.py
[2025-12-06T09:34:52.786+0000] {logging_mixin.py:188} INFO - [2025-12-06T09:34:52.786+0000] {dag.py:3036} INFO - Sync 1 DAGs
[2025-12-06T09:34:52.823+0000] {logging_mixin.py:188} INFO - [2025-12-06T09:34:52.823+0000] {dag.py:3823} INFO - Setting next_dagrun for example_branch_operator to 2025-12-05 00:00:00+00:00, run_after=2025-12-06 00:00:00+00:00
[2025-12-06T09:34:52.857+0000] {processor.py:183} INFO - Processing /home/airflow/.local/lib/python3.8/site-packages/airflow/example_dags/example_branch_operator.py took 0.148 seconds
[2025-12-06T09:35:22.956+0000] {processor.py:161} INFO - Started process (PID=4659) to work on /home/airflow/.local/lib/python3.8/site-packages/airflow/example_dags/example_branch_operator.py
[2025-12-06T09:35:22.957+0000] {processor.py:830} INFO - Processing file /home/airflow/.local/lib/python3.8/site-packages/airflow/example_dags/example_branch_operator.py for tasks to queue
[2025-12-06T09:35:22.960+0000] {logging_mixin.py:188} INFO - [2025-12-06T09:35:22.959+0000] {dagbag.py:538} INFO - Filling up the DagBag from /home/airflow/.local/lib/python3.8/site-packages/airflow/example_dags/example_branch_operator.py
[2025-12-06T09:35:22.985+0000] {processor.py:840} INFO - DAG(s) 'example_branch_operator' retrieved from /home/airflow/.local/lib/python3.8/site-packages/airflow/example_dags/example_branch_operator.py
[2025-12-06T09:35:23.026+0000] {logging_mixin.py:188} INFO - [2025-12-06T09:35:23.025+0000] {dag.py:3036} INFO - Sync 1 DAGs
[2025-12-06T09:35:23.059+0000] {logging_mixin.py:188} INFO - [2025-12-06T09:35:23.059+0000] {dag.py:3823} INFO - Setting next_dagrun for example_branch_operator to 2025-12-05 00:00:00+00:00, run_after=2025-12-06 00:00:00+00:00
[2025-12-06T09:35:23.096+0000] {processor.py:183} INFO - Processing /home/airflow/.local/lib/python3.8/site-packages/airflow/example_dags/example_branch_operator.py took 0.145 seconds
[2025-12-06T09:35:53.176+0000] {processor.py:161} INFO - Started process (PID=4718) to work on /home/airflow/.local/lib/python3.8/site-packages/airflow/example_dags/example_branch_operator.py
[2025-12-06T09:35:53.180+0000] {processor.py:830} INFO - Processing file /home/airflow/.local/lib/python3.8/site-packages/airflow/example_dags/example_branch_operator.py for tasks to queue
[2025-12-06T09:35:53.184+0000] {logging_mixin.py:188} INFO - [2025-12-06T09:35:53.183+0000] {dagbag.py:538} INFO - Filling up the DagBag from /home/airflow/.local/lib/python3.8/site-packages/airflow/example_dags/example_branch_operator.py
[2025-12-06T09:35:53.211+0000] {processor.py:840} INFO - DAG(s) 'example_branch_operator' retrieved from /home/airflow/.local/lib/python3.8/site-packages/airflow/example_dags/example_branch_operator.py
[2025-12-06T09:35:53.250+0000] {logging_mixin.py:188} INFO - [2025-12-06T09:35:53.250+0000] {dag.py:3036} INFO - Sync 1 DAGs
[2025-12-06T09:35:53.287+0000] {logging_mixin.py:188} INFO - [2025-12-06T09:35:53.287+0000] {dag.py:3823} INFO - Setting next_dagrun for example_branch_operator to 2025-12-05 00:00:00+00:00, run_after=2025-12-06 00:00:00+00:00
[2025-12-06T09:35:53.319+0000] {processor.py:183} INFO - Processing /home/airflow/.local/lib/python3.8/site-packages/airflow/example_dags/example_branch_operator.py took 0.149 seconds
[2025-12-06T09:36:23.414+0000] {processor.py:161} INFO - Started process (PID=4777) to work on /home/airflow/.local/lib/python3.8/site-packages/airflow/example_dags/example_branch_operator.py
[2025-12-06T09:36:23.416+0000] {processor.py:830} INFO - Processing file /home/airflow/.local/lib/python3.8/site-packages/airflow/example_dags/example_branch_operator.py for tasks to queue
[2025-12-06T09:36:23.418+0000] {logging_mixin.py:188} INFO - [2025-12-06T09:36:23.418+0000] {dagbag.py:538} INFO - Filling up the DagBag from /home/airflow/.local/lib/python3.8/site-packages/airflow/example_dags/example_branch_operator.py
[2025-12-06T09:36:23.445+0000] {processor.py:840} INFO - DAG(s) 'example_branch_operator' retrieved from /home/airflow/.local/lib/python3.8/site-packages/airflow/example_dags/example_branch_operator.py
[2025-12-06T09:36:23.486+0000] {logging_mixin.py:188} INFO - [2025-12-06T09:36:23.486+0000] {dag.py:3036} INFO - Sync 1 DAGs
[2025-12-06T09:36:23.519+0000] {logging_mixin.py:188} INFO - [2025-12-06T09:36:23.519+0000] {dag.py:3823} INFO - Setting next_dagrun for example_branch_operator to 2025-12-05 00:00:00+00:00, run_after=2025-12-06 00:00:00+00:00
[2025-12-06T09:36:23.559+0000] {processor.py:183} INFO - Processing /home/airflow/.local/lib/python3.8/site-packages/airflow/example_dags/example_branch_operator.py took 0.151 seconds
[2025-12-06T09:36:53.789+0000] {processor.py:161} INFO - Started process (PID=4836) to work on /home/airflow/.local/lib/python3.8/site-packages/airflow/example_dags/example_branch_operator.py
[2025-12-06T09:36:53.791+0000] {processor.py:830} INFO - Processing file /home/airflow/.local/lib/python3.8/site-packages/airflow/example_dags/example_branch_operator.py for tasks to queue
[2025-12-06T09:36:53.793+0000] {logging_mixin.py:188} INFO - [2025-12-06T09:36:53.793+0000] {dagbag.py:538} INFO - Filling up the DagBag from /home/airflow/.local/lib/python3.8/site-packages/airflow/example_dags/example_branch_operator.py
[2025-12-06T09:36:53.820+0000] {processor.py:840} INFO - DAG(s) 'example_branch_operator' retrieved from /home/airflow/.local/lib/python3.8/site-packages/airflow/example_dags/example_branch_operator.py
[2025-12-06T09:36:53.857+0000] {logging_mixin.py:188} INFO - [2025-12-06T09:36:53.856+0000] {dag.py:3036} INFO - Sync 1 DAGs
[2025-12-06T09:36:53.886+0000] {logging_mixin.py:188} INFO - [2025-12-06T09:36:53.886+0000] {dag.py:3823} INFO - Setting next_dagrun for example_branch_operator to 2025-12-05 00:00:00+00:00, run_after=2025-12-06 00:00:00+00:00
[2025-12-06T09:36:53.917+0000] {processor.py:183} INFO - Processing /home/airflow/.local/lib/python3.8/site-packages/airflow/example_dags/example_branch_operator.py took 0.132 seconds
[2025-12-06T09:37:24.013+0000] {processor.py:161} INFO - Started process (PID=4895) to work on /home/airflow/.local/lib/python3.8/site-packages/airflow/example_dags/example_branch_operator.py
[2025-12-06T09:37:24.015+0000] {processor.py:830} INFO - Processing file /home/airflow/.local/lib/python3.8/site-packages/airflow/example_dags/example_branch_operator.py for tasks to queue
[2025-12-06T09:37:24.018+0000] {logging_mixin.py:188} INFO - [2025-12-06T09:37:24.018+0000] {dagbag.py:538} INFO - Filling up the DagBag from /home/airflow/.local/lib/python3.8/site-packages/airflow/example_dags/example_branch_operator.py
[2025-12-06T09:37:24.044+0000] {processor.py:840} INFO - DAG(s) 'example_branch_operator' retrieved from /home/airflow/.local/lib/python3.8/site-packages/airflow/example_dags/example_branch_operator.py
[2025-12-06T09:37:24.083+0000] {logging_mixin.py:188} INFO - [2025-12-06T09:37:24.083+0000] {dag.py:3036} INFO - Sync 1 DAGs
[2025-12-06T09:37:24.120+0000] {logging_mixin.py:188} INFO - [2025-12-06T09:37:24.120+0000] {dag.py:3823} INFO - Setting next_dagrun for example_branch_operator to 2025-12-05 00:00:00+00:00, run_after=2025-12-06 00:00:00+00:00
[2025-12-06T09:37:24.156+0000] {processor.py:183} INFO - Processing /home/airflow/.local/lib/python3.8/site-packages/airflow/example_dags/example_branch_operator.py took 0.148 seconds
[2025-12-06T09:37:54.373+0000] {processor.py:161} INFO - Started process (PID=4954) to work on /home/airflow/.local/lib/python3.8/site-packages/airflow/example_dags/example_branch_operator.py
[2025-12-06T09:37:54.375+0000] {processor.py:830} INFO - Processing file /home/airflow/.local/lib/python3.8/site-packages/airflow/example_dags/example_branch_operator.py for tasks to queue
[2025-12-06T09:37:54.377+0000] {logging_mixin.py:188} INFO - [2025-12-06T09:37:54.377+0000] {dagbag.py:538} INFO - Filling up the DagBag from /home/airflow/.local/lib/python3.8/site-packages/airflow/example_dags/example_branch_operator.py
[2025-12-06T09:37:54.402+0000] {processor.py:840} INFO - DAG(s) 'example_branch_operator' retrieved from /home/airflow/.local/lib/python3.8/site-packages/airflow/example_dags/example_branch_operator.py
[2025-12-06T09:37:54.443+0000] {logging_mixin.py:188} INFO - [2025-12-06T09:37:54.443+0000] {dag.py:3036} INFO - Sync 1 DAGs
[2025-12-06T09:37:54.476+0000] {logging_mixin.py:188} INFO - [2025-12-06T09:37:54.476+0000] {dag.py:3823} INFO - Setting next_dagrun for example_branch_operator to 2025-12-05 00:00:00+00:00, run_after=2025-12-06 00:00:00+00:00
[2025-12-06T09:37:54.512+0000] {processor.py:183} INFO - Processing /home/airflow/.local/lib/python3.8/site-packages/airflow/example_dags/example_branch_operator.py took 0.144 seconds
[2025-12-06T09:38:25.017+0000] {processor.py:161} INFO - Started process (PID=5013) to work on /home/airflow/.local/lib/python3.8/site-packages/airflow/example_dags/example_branch_operator.py
[2025-12-06T09:38:25.023+0000] {processor.py:830} INFO - Processing file /home/airflow/.local/lib/python3.8/site-packages/airflow/example_dags/example_branch_operator.py for tasks to queue
[2025-12-06T09:38:25.026+0000] {logging_mixin.py:188} INFO - [2025-12-06T09:38:25.025+0000] {dagbag.py:538} INFO - Filling up the DagBag from /home/airflow/.local/lib/python3.8/site-packages/airflow/example_dags/example_branch_operator.py
[2025-12-06T09:38:25.062+0000] {processor.py:840} INFO - DAG(s) 'example_branch_operator' retrieved from /home/airflow/.local/lib/python3.8/site-packages/airflow/example_dags/example_branch_operator.py
[2025-12-06T09:38:25.107+0000] {logging_mixin.py:188} INFO - [2025-12-06T09:38:25.106+0000] {dag.py:3036} INFO - Sync 1 DAGs
[2025-12-06T09:38:25.142+0000] {logging_mixin.py:188} INFO - [2025-12-06T09:38:25.141+0000] {dag.py:3823} INFO - Setting next_dagrun for example_branch_operator to 2025-12-05 00:00:00+00:00, run_after=2025-12-06 00:00:00+00:00
[2025-12-06T09:38:25.175+0000] {processor.py:183} INFO - Processing /home/airflow/.local/lib/python3.8/site-packages/airflow/example_dags/example_branch_operator.py took 0.163 seconds
[2025-12-06T09:38:55.651+0000] {processor.py:161} INFO - Started process (PID=5072) to work on /home/airflow/.local/lib/python3.8/site-packages/airflow/example_dags/example_branch_operator.py
[2025-12-06T09:38:55.653+0000] {processor.py:830} INFO - Processing file /home/airflow/.local/lib/python3.8/site-packages/airflow/example_dags/example_branch_operator.py for tasks to queue
[2025-12-06T09:38:55.655+0000] {logging_mixin.py:188} INFO - [2025-12-06T09:38:55.655+0000] {dagbag.py:538} INFO - Filling up the DagBag from /home/airflow/.local/lib/python3.8/site-packages/airflow/example_dags/example_branch_operator.py
[2025-12-06T09:38:55.681+0000] {processor.py:840} INFO - DAG(s) 'example_branch_operator' retrieved from /home/airflow/.local/lib/python3.8/site-packages/airflow/example_dags/example_branch_operator.py
[2025-12-06T09:38:55.719+0000] {logging_mixin.py:188} INFO - [2025-12-06T09:38:55.718+0000] {dag.py:3036} INFO - Sync 1 DAGs
[2025-12-06T09:38:55.750+0000] {logging_mixin.py:188} INFO - [2025-12-06T09:38:55.750+0000] {dag.py:3823} INFO - Setting next_dagrun for example_branch_operator to 2025-12-05 00:00:00+00:00, run_after=2025-12-06 00:00:00+00:00
[2025-12-06T09:38:55.784+0000] {processor.py:183} INFO - Processing /home/airflow/.local/lib/python3.8/site-packages/airflow/example_dags/example_branch_operator.py took 0.142 seconds
[2025-12-06T09:39:26.204+0000] {processor.py:161} INFO - Started process (PID=5131) to work on /home/airflow/.local/lib/python3.8/site-packages/airflow/example_dags/example_branch_operator.py
[2025-12-06T09:39:26.209+0000] {processor.py:830} INFO - Processing file /home/airflow/.local/lib/python3.8/site-packages/airflow/example_dags/example_branch_operator.py for tasks to queue
[2025-12-06T09:39:26.212+0000] {logging_mixin.py:188} INFO - [2025-12-06T09:39:26.211+0000] {dagbag.py:538} INFO - Filling up the DagBag from /home/airflow/.local/lib/python3.8/site-packages/airflow/example_dags/example_branch_operator.py
[2025-12-06T09:39:26.238+0000] {processor.py:840} INFO - DAG(s) 'example_branch_operator' retrieved from /home/airflow/.local/lib/python3.8/site-packages/airflow/example_dags/example_branch_operator.py
[2025-12-06T09:39:26.280+0000] {logging_mixin.py:188} INFO - [2025-12-06T09:39:26.280+0000] {dag.py:3036} INFO - Sync 1 DAGs
[2025-12-06T09:39:26.315+0000] {logging_mixin.py:188} INFO - [2025-12-06T09:39:26.315+0000] {dag.py:3823} INFO - Setting next_dagrun for example_branch_operator to 2025-12-05 00:00:00+00:00, run_after=2025-12-06 00:00:00+00:00
[2025-12-06T09:39:26.346+0000] {processor.py:183} INFO - Processing /home/airflow/.local/lib/python3.8/site-packages/airflow/example_dags/example_branch_operator.py took 0.147 seconds
[2025-12-06T09:39:56.733+0000] {processor.py:161} INFO - Started process (PID=5190) to work on /home/airflow/.local/lib/python3.8/site-packages/airflow/example_dags/example_branch_operator.py
[2025-12-06T09:39:56.735+0000] {processor.py:830} INFO - Processing file /home/airflow/.local/lib/python3.8/site-packages/airflow/example_dags/example_branch_operator.py for tasks to queue
[2025-12-06T09:39:56.737+0000] {logging_mixin.py:188} INFO - [2025-12-06T09:39:56.737+0000] {dagbag.py:538} INFO - Filling up the DagBag from /home/airflow/.local/lib/python3.8/site-packages/airflow/example_dags/example_branch_operator.py
[2025-12-06T09:39:56.765+0000] {processor.py:840} INFO - DAG(s) 'example_branch_operator' retrieved from /home/airflow/.local/lib/python3.8/site-packages/airflow/example_dags/example_branch_operator.py
[2025-12-06T09:39:56.811+0000] {logging_mixin.py:188} INFO - [2025-12-06T09:39:56.810+0000] {dag.py:3036} INFO - Sync 1 DAGs
[2025-12-06T09:39:56.842+0000] {logging_mixin.py:188} INFO - [2025-12-06T09:39:56.842+0000] {dag.py:3823} INFO - Setting next_dagrun for example_branch_operator to 2025-12-05 00:00:00+00:00, run_after=2025-12-06 00:00:00+00:00
[2025-12-06T09:39:56.873+0000] {processor.py:183} INFO - Processing /home/airflow/.local/lib/python3.8/site-packages/airflow/example_dags/example_branch_operator.py took 0.146 seconds
[2025-12-06T09:40:27.263+0000] {processor.py:161} INFO - Started process (PID=5249) to work on /home/airflow/.local/lib/python3.8/site-packages/airflow/example_dags/example_branch_operator.py
[2025-12-06T09:40:27.264+0000] {processor.py:830} INFO - Processing file /home/airflow/.local/lib/python3.8/site-packages/airflow/example_dags/example_branch_operator.py for tasks to queue
[2025-12-06T09:40:27.267+0000] {logging_mixin.py:188} INFO - [2025-12-06T09:40:27.267+0000] {dagbag.py:538} INFO - Filling up the DagBag from /home/airflow/.local/lib/python3.8/site-packages/airflow/example_dags/example_branch_operator.py
[2025-12-06T09:40:27.292+0000] {processor.py:840} INFO - DAG(s) 'example_branch_operator' retrieved from /home/airflow/.local/lib/python3.8/site-packages/airflow/example_dags/example_branch_operator.py
[2025-12-06T09:40:27.332+0000] {logging_mixin.py:188} INFO - [2025-12-06T09:40:27.332+0000] {dag.py:3036} INFO - Sync 1 DAGs
[2025-12-06T09:40:27.367+0000] {logging_mixin.py:188} INFO - [2025-12-06T09:40:27.367+0000] {dag.py:3823} INFO - Setting next_dagrun for example_branch_operator to 2025-12-05 00:00:00+00:00, run_after=2025-12-06 00:00:00+00:00
[2025-12-06T09:40:27.402+0000] {processor.py:183} INFO - Processing /home/airflow/.local/lib/python3.8/site-packages/airflow/example_dags/example_branch_operator.py took 0.144 seconds
[2025-12-06T09:40:57.925+0000] {processor.py:161} INFO - Started process (PID=5308) to work on /home/airflow/.local/lib/python3.8/site-packages/airflow/example_dags/example_branch_operator.py
[2025-12-06T09:40:57.927+0000] {processor.py:830} INFO - Processing file /home/airflow/.local/lib/python3.8/site-packages/airflow/example_dags/example_branch_operator.py for tasks to queue
[2025-12-06T09:40:57.930+0000] {logging_mixin.py:188} INFO - [2025-12-06T09:40:57.930+0000] {dagbag.py:538} INFO - Filling up the DagBag from /home/airflow/.local/lib/python3.8/site-packages/airflow/example_dags/example_branch_operator.py
[2025-12-06T09:40:57.955+0000] {processor.py:840} INFO - DAG(s) 'example_branch_operator' retrieved from /home/airflow/.local/lib/python3.8/site-packages/airflow/example_dags/example_branch_operator.py
[2025-12-06T09:40:57.994+0000] {logging_mixin.py:188} INFO - [2025-12-06T09:40:57.994+0000] {dag.py:3036} INFO - Sync 1 DAGs
[2025-12-06T09:40:58.026+0000] {logging_mixin.py:188} INFO - [2025-12-06T09:40:58.026+0000] {dag.py:3823} INFO - Setting next_dagrun for example_branch_operator to 2025-12-05 00:00:00+00:00, run_after=2025-12-06 00:00:00+00:00
[2025-12-06T09:40:58.060+0000] {processor.py:183} INFO - Processing /home/airflow/.local/lib/python3.8/site-packages/airflow/example_dags/example_branch_operator.py took 0.141 seconds
[2025-12-06T09:41:28.196+0000] {processor.py:161} INFO - Started process (PID=5367) to work on /home/airflow/.local/lib/python3.8/site-packages/airflow/example_dags/example_branch_operator.py
[2025-12-06T09:41:28.198+0000] {processor.py:830} INFO - Processing file /home/airflow/.local/lib/python3.8/site-packages/airflow/example_dags/example_branch_operator.py for tasks to queue
[2025-12-06T09:41:28.201+0000] {logging_mixin.py:188} INFO - [2025-12-06T09:41:28.201+0000] {dagbag.py:538} INFO - Filling up the DagBag from /home/airflow/.local/lib/python3.8/site-packages/airflow/example_dags/example_branch_operator.py
[2025-12-06T09:41:28.228+0000] {processor.py:840} INFO - DAG(s) 'example_branch_operator' retrieved from /home/airflow/.local/lib/python3.8/site-packages/airflow/example_dags/example_branch_operator.py
[2025-12-06T09:41:28.268+0000] {logging_mixin.py:188} INFO - [2025-12-06T09:41:28.268+0000] {dag.py:3036} INFO - Sync 1 DAGs
[2025-12-06T09:41:28.303+0000] {logging_mixin.py:188} INFO - [2025-12-06T09:41:28.303+0000] {dag.py:3823} INFO - Setting next_dagrun for example_branch_operator to 2025-12-05 00:00:00+00:00, run_after=2025-12-06 00:00:00+00:00
[2025-12-06T09:41:28.338+0000] {processor.py:183} INFO - Processing /home/airflow/.local/lib/python3.8/site-packages/airflow/example_dags/example_branch_operator.py took 0.147 seconds
[2025-12-06T09:41:58.692+0000] {processor.py:161} INFO - Started process (PID=5426) to work on /home/airflow/.local/lib/python3.8/site-packages/airflow/example_dags/example_branch_operator.py
[2025-12-06T09:41:58.693+0000] {processor.py:830} INFO - Processing file /home/airflow/.local/lib/python3.8/site-packages/airflow/example_dags/example_branch_operator.py for tasks to queue
[2025-12-06T09:41:58.696+0000] {logging_mixin.py:188} INFO - [2025-12-06T09:41:58.696+0000] {dagbag.py:538} INFO - Filling up the DagBag from /home/airflow/.local/lib/python3.8/site-packages/airflow/example_dags/example_branch_operator.py
[2025-12-06T09:41:58.734+0000] {processor.py:840} INFO - DAG(s) 'example_branch_operator' retrieved from /home/airflow/.local/lib/python3.8/site-packages/airflow/example_dags/example_branch_operator.py
[2025-12-06T09:41:58.779+0000] {logging_mixin.py:188} INFO - [2025-12-06T09:41:58.779+0000] {dag.py:3036} INFO - Sync 1 DAGs
[2025-12-06T09:41:58.813+0000] {logging_mixin.py:188} INFO - [2025-12-06T09:41:58.812+0000] {dag.py:3823} INFO - Setting next_dagrun for example_branch_operator to 2025-12-05 00:00:00+00:00, run_after=2025-12-06 00:00:00+00:00
[2025-12-06T09:41:58.846+0000] {processor.py:183} INFO - Processing /home/airflow/.local/lib/python3.8/site-packages/airflow/example_dags/example_branch_operator.py took 0.159 seconds
[2025-12-06T09:42:28.887+0000] {processor.py:161} INFO - Started process (PID=5485) to work on /home/airflow/.local/lib/python3.8/site-packages/airflow/example_dags/example_branch_operator.py
[2025-12-06T09:42:28.889+0000] {processor.py:830} INFO - Processing file /home/airflow/.local/lib/python3.8/site-packages/airflow/example_dags/example_branch_operator.py for tasks to queue
[2025-12-06T09:42:28.892+0000] {logging_mixin.py:188} INFO - [2025-12-06T09:42:28.892+0000] {dagbag.py:538} INFO - Filling up the DagBag from /home/airflow/.local/lib/python3.8/site-packages/airflow/example_dags/example_branch_operator.py
[2025-12-06T09:42:28.917+0000] {processor.py:840} INFO - DAG(s) 'example_branch_operator' retrieved from /home/airflow/.local/lib/python3.8/site-packages/airflow/example_dags/example_branch_operator.py
[2025-12-06T09:42:28.959+0000] {logging_mixin.py:188} INFO - [2025-12-06T09:42:28.958+0000] {dag.py:3036} INFO - Sync 1 DAGs
[2025-12-06T09:42:28.992+0000] {logging_mixin.py:188} INFO - [2025-12-06T09:42:28.991+0000] {dag.py:3823} INFO - Setting next_dagrun for example_branch_operator to 2025-12-05 00:00:00+00:00, run_after=2025-12-06 00:00:00+00:00
[2025-12-06T09:42:29.025+0000] {processor.py:183} INFO - Processing /home/airflow/.local/lib/python3.8/site-packages/airflow/example_dags/example_branch_operator.py took 0.143 seconds
[2025-12-06T09:42:59.089+0000] {processor.py:161} INFO - Started process (PID=5544) to work on /home/airflow/.local/lib/python3.8/site-packages/airflow/example_dags/example_branch_operator.py
[2025-12-06T09:42:59.091+0000] {processor.py:830} INFO - Processing file /home/airflow/.local/lib/python3.8/site-packages/airflow/example_dags/example_branch_operator.py for tasks to queue
[2025-12-06T09:42:59.094+0000] {logging_mixin.py:188} INFO - [2025-12-06T09:42:59.093+0000] {dagbag.py:538} INFO - Filling up the DagBag from /home/airflow/.local/lib/python3.8/site-packages/airflow/example_dags/example_branch_operator.py
[2025-12-06T09:42:59.121+0000] {processor.py:840} INFO - DAG(s) 'example_branch_operator' retrieved from /home/airflow/.local/lib/python3.8/site-packages/airflow/example_dags/example_branch_operator.py
[2025-12-06T09:42:59.161+0000] {logging_mixin.py:188} INFO - [2025-12-06T09:42:59.160+0000] {dag.py:3036} INFO - Sync 1 DAGs
[2025-12-06T09:42:59.196+0000] {logging_mixin.py:188} INFO - [2025-12-06T09:42:59.195+0000] {dag.py:3823} INFO - Setting next_dagrun for example_branch_operator to 2025-12-05 00:00:00+00:00, run_after=2025-12-06 00:00:00+00:00
[2025-12-06T09:42:59.230+0000] {processor.py:183} INFO - Processing /home/airflow/.local/lib/python3.8/site-packages/airflow/example_dags/example_branch_operator.py took 0.145 seconds
[2025-12-06T09:43:29.446+0000] {processor.py:161} INFO - Started process (PID=5603) to work on /home/airflow/.local/lib/python3.8/site-packages/airflow/example_dags/example_branch_operator.py
[2025-12-06T09:43:29.447+0000] {processor.py:830} INFO - Processing file /home/airflow/.local/lib/python3.8/site-packages/airflow/example_dags/example_branch_operator.py for tasks to queue
[2025-12-06T09:43:29.450+0000] {logging_mixin.py:188} INFO - [2025-12-06T09:43:29.450+0000] {dagbag.py:538} INFO - Filling up the DagBag from /home/airflow/.local/lib/python3.8/site-packages/airflow/example_dags/example_branch_operator.py
[2025-12-06T09:43:29.471+0000] {processor.py:840} INFO - DAG(s) 'example_branch_operator' retrieved from /home/airflow/.local/lib/python3.8/site-packages/airflow/example_dags/example_branch_operator.py
[2025-12-06T09:43:29.512+0000] {logging_mixin.py:188} INFO - [2025-12-06T09:43:29.511+0000] {dag.py:3036} INFO - Sync 1 DAGs
[2025-12-06T09:43:29.541+0000] {logging_mixin.py:188} INFO - [2025-12-06T09:43:29.541+0000] {dag.py:3823} INFO - Setting next_dagrun for example_branch_operator to 2025-12-05 00:00:00+00:00, run_after=2025-12-06 00:00:00+00:00
[2025-12-06T09:43:29.569+0000] {processor.py:183} INFO - Processing /home/airflow/.local/lib/python3.8/site-packages/airflow/example_dags/example_branch_operator.py took 0.127 seconds
[2025-12-06T09:43:59.601+0000] {processor.py:161} INFO - Started process (PID=5662) to work on /home/airflow/.local/lib/python3.8/site-packages/airflow/example_dags/example_branch_operator.py
[2025-12-06T09:43:59.603+0000] {processor.py:830} INFO - Processing file /home/airflow/.local/lib/python3.8/site-packages/airflow/example_dags/example_branch_operator.py for tasks to queue
[2025-12-06T09:43:59.606+0000] {logging_mixin.py:188} INFO - [2025-12-06T09:43:59.606+0000] {dagbag.py:538} INFO - Filling up the DagBag from /home/airflow/.local/lib/python3.8/site-packages/airflow/example_dags/example_branch_operator.py
[2025-12-06T09:43:59.633+0000] {processor.py:840} INFO - DAG(s) 'example_branch_operator' retrieved from /home/airflow/.local/lib/python3.8/site-packages/airflow/example_dags/example_branch_operator.py
[2025-12-06T09:43:59.678+0000] {logging_mixin.py:188} INFO - [2025-12-06T09:43:59.678+0000] {dag.py:3036} INFO - Sync 1 DAGs
[2025-12-06T09:43:59.711+0000] {logging_mixin.py:188} INFO - [2025-12-06T09:43:59.711+0000] {dag.py:3823} INFO - Setting next_dagrun for example_branch_operator to 2025-12-05 00:00:00+00:00, run_after=2025-12-06 00:00:00+00:00
[2025-12-06T09:43:59.743+0000] {processor.py:183} INFO - Processing /home/airflow/.local/lib/python3.8/site-packages/airflow/example_dags/example_branch_operator.py took 0.147 seconds
[2025-12-06T09:44:30.039+0000] {processor.py:161} INFO - Started process (PID=5721) to work on /home/airflow/.local/lib/python3.8/site-packages/airflow/example_dags/example_branch_operator.py
[2025-12-06T09:44:30.041+0000] {processor.py:830} INFO - Processing file /home/airflow/.local/lib/python3.8/site-packages/airflow/example_dags/example_branch_operator.py for tasks to queue
[2025-12-06T09:44:30.043+0000] {logging_mixin.py:188} INFO - [2025-12-06T09:44:30.043+0000] {dagbag.py:538} INFO - Filling up the DagBag from /home/airflow/.local/lib/python3.8/site-packages/airflow/example_dags/example_branch_operator.py
[2025-12-06T09:44:30.069+0000] {processor.py:840} INFO - DAG(s) 'example_branch_operator' retrieved from /home/airflow/.local/lib/python3.8/site-packages/airflow/example_dags/example_branch_operator.py
[2025-12-06T09:44:30.108+0000] {logging_mixin.py:188} INFO - [2025-12-06T09:44:30.108+0000] {dag.py:3036} INFO - Sync 1 DAGs
[2025-12-06T09:44:30.142+0000] {logging_mixin.py:188} INFO - [2025-12-06T09:44:30.141+0000] {dag.py:3823} INFO - Setting next_dagrun for example_branch_operator to 2025-12-05 00:00:00+00:00, run_after=2025-12-06 00:00:00+00:00
[2025-12-06T09:44:30.175+0000] {processor.py:183} INFO - Processing /home/airflow/.local/lib/python3.8/site-packages/airflow/example_dags/example_branch_operator.py took 0.143 seconds
[2025-12-06T09:45:00.296+0000] {processor.py:161} INFO - Started process (PID=5780) to work on /home/airflow/.local/lib/python3.8/site-packages/airflow/example_dags/example_branch_operator.py
[2025-12-06T09:45:00.298+0000] {processor.py:830} INFO - Processing file /home/airflow/.local/lib/python3.8/site-packages/airflow/example_dags/example_branch_operator.py for tasks to queue
[2025-12-06T09:45:00.301+0000] {logging_mixin.py:188} INFO - [2025-12-06T09:45:00.300+0000] {dagbag.py:538} INFO - Filling up the DagBag from /home/airflow/.local/lib/python3.8/site-packages/airflow/example_dags/example_branch_operator.py
[2025-12-06T09:45:00.329+0000] {processor.py:840} INFO - DAG(s) 'example_branch_operator' retrieved from /home/airflow/.local/lib/python3.8/site-packages/airflow/example_dags/example_branch_operator.py
[2025-12-06T09:45:00.378+0000] {logging_mixin.py:188} INFO - [2025-12-06T09:45:00.378+0000] {dag.py:3036} INFO - Sync 1 DAGs
[2025-12-06T09:45:00.414+0000] {logging_mixin.py:188} INFO - [2025-12-06T09:45:00.413+0000] {dag.py:3823} INFO - Setting next_dagrun for example_branch_operator to 2025-12-05 00:00:00+00:00, run_after=2025-12-06 00:00:00+00:00
[2025-12-06T09:45:00.447+0000] {processor.py:183} INFO - Processing /home/airflow/.local/lib/python3.8/site-packages/airflow/example_dags/example_branch_operator.py took 0.155 seconds
[2025-12-06T09:45:30.599+0000] {processor.py:161} INFO - Started process (PID=5839) to work on /home/airflow/.local/lib/python3.8/site-packages/airflow/example_dags/example_branch_operator.py
[2025-12-06T09:45:30.601+0000] {processor.py:830} INFO - Processing file /home/airflow/.local/lib/python3.8/site-packages/airflow/example_dags/example_branch_operator.py for tasks to queue
[2025-12-06T09:45:30.604+0000] {logging_mixin.py:188} INFO - [2025-12-06T09:45:30.603+0000] {dagbag.py:538} INFO - Filling up the DagBag from /home/airflow/.local/lib/python3.8/site-packages/airflow/example_dags/example_branch_operator.py
[2025-12-06T09:45:30.631+0000] {processor.py:840} INFO - DAG(s) 'example_branch_operator' retrieved from /home/airflow/.local/lib/python3.8/site-packages/airflow/example_dags/example_branch_operator.py
[2025-12-06T09:45:30.671+0000] {logging_mixin.py:188} INFO - [2025-12-06T09:45:30.671+0000] {dag.py:3036} INFO - Sync 1 DAGs
[2025-12-06T09:45:30.706+0000] {logging_mixin.py:188} INFO - [2025-12-06T09:45:30.705+0000] {dag.py:3823} INFO - Setting next_dagrun for example_branch_operator to 2025-12-05 00:00:00+00:00, run_after=2025-12-06 00:00:00+00:00
[2025-12-06T09:45:30.736+0000] {processor.py:183} INFO - Processing /home/airflow/.local/lib/python3.8/site-packages/airflow/example_dags/example_branch_operator.py took 0.143 seconds
[2025-12-06T09:46:01.439+0000] {processor.py:161} INFO - Started process (PID=5898) to work on /home/airflow/.local/lib/python3.8/site-packages/airflow/example_dags/example_branch_operator.py
[2025-12-06T09:46:01.440+0000] {processor.py:830} INFO - Processing file /home/airflow/.local/lib/python3.8/site-packages/airflow/example_dags/example_branch_operator.py for tasks to queue
[2025-12-06T09:46:01.443+0000] {logging_mixin.py:188} INFO - [2025-12-06T09:46:01.442+0000] {dagbag.py:538} INFO - Filling up the DagBag from /home/airflow/.local/lib/python3.8/site-packages/airflow/example_dags/example_branch_operator.py
[2025-12-06T09:46:01.468+0000] {processor.py:840} INFO - DAG(s) 'example_branch_operator' retrieved from /home/airflow/.local/lib/python3.8/site-packages/airflow/example_dags/example_branch_operator.py
[2025-12-06T09:46:01.513+0000] {logging_mixin.py:188} INFO - [2025-12-06T09:46:01.512+0000] {dag.py:3036} INFO - Sync 1 DAGs
[2025-12-06T09:46:01.550+0000] {logging_mixin.py:188} INFO - [2025-12-06T09:46:01.550+0000] {dag.py:3823} INFO - Setting next_dagrun for example_branch_operator to 2025-12-05 00:00:00+00:00, run_after=2025-12-06 00:00:00+00:00
[2025-12-06T09:46:01.584+0000] {processor.py:183} INFO - Processing /home/airflow/.local/lib/python3.8/site-packages/airflow/example_dags/example_branch_operator.py took 0.151 seconds
[2025-12-06T09:46:31.743+0000] {processor.py:161} INFO - Started process (PID=5957) to work on /home/airflow/.local/lib/python3.8/site-packages/airflow/example_dags/example_branch_operator.py
[2025-12-06T09:46:31.744+0000] {processor.py:830} INFO - Processing file /home/airflow/.local/lib/python3.8/site-packages/airflow/example_dags/example_branch_operator.py for tasks to queue
[2025-12-06T09:46:31.748+0000] {logging_mixin.py:188} INFO - [2025-12-06T09:46:31.747+0000] {dagbag.py:538} INFO - Filling up the DagBag from /home/airflow/.local/lib/python3.8/site-packages/airflow/example_dags/example_branch_operator.py
[2025-12-06T09:46:31.776+0000] {processor.py:840} INFO - DAG(s) 'example_branch_operator' retrieved from /home/airflow/.local/lib/python3.8/site-packages/airflow/example_dags/example_branch_operator.py
[2025-12-06T09:46:31.818+0000] {logging_mixin.py:188} INFO - [2025-12-06T09:46:31.817+0000] {dag.py:3036} INFO - Sync 1 DAGs
[2025-12-06T09:46:31.853+0000] {logging_mixin.py:188} INFO - [2025-12-06T09:46:31.853+0000] {dag.py:3823} INFO - Setting next_dagrun for example_branch_operator to 2025-12-05 00:00:00+00:00, run_after=2025-12-06 00:00:00+00:00
[2025-12-06T09:46:31.888+0000] {processor.py:183} INFO - Processing /home/airflow/.local/lib/python3.8/site-packages/airflow/example_dags/example_branch_operator.py took 0.149 seconds
[2025-12-06T09:47:02.500+0000] {processor.py:161} INFO - Started process (PID=6016) to work on /home/airflow/.local/lib/python3.8/site-packages/airflow/example_dags/example_branch_operator.py
[2025-12-06T09:47:02.502+0000] {processor.py:830} INFO - Processing file /home/airflow/.local/lib/python3.8/site-packages/airflow/example_dags/example_branch_operator.py for tasks to queue
[2025-12-06T09:47:02.506+0000] {logging_mixin.py:188} INFO - [2025-12-06T09:47:02.505+0000] {dagbag.py:538} INFO - Filling up the DagBag from /home/airflow/.local/lib/python3.8/site-packages/airflow/example_dags/example_branch_operator.py
[2025-12-06T09:47:02.535+0000] {processor.py:840} INFO - DAG(s) 'example_branch_operator' retrieved from /home/airflow/.local/lib/python3.8/site-packages/airflow/example_dags/example_branch_operator.py
[2025-12-06T09:47:02.582+0000] {logging_mixin.py:188} INFO - [2025-12-06T09:47:02.581+0000] {dag.py:3036} INFO - Sync 1 DAGs
[2025-12-06T09:47:02.619+0000] {logging_mixin.py:188} INFO - [2025-12-06T09:47:02.619+0000] {dag.py:3823} INFO - Setting next_dagrun for example_branch_operator to 2025-12-05 00:00:00+00:00, run_after=2025-12-06 00:00:00+00:00
[2025-12-06T09:47:02.654+0000] {processor.py:183} INFO - Processing /home/airflow/.local/lib/python3.8/site-packages/airflow/example_dags/example_branch_operator.py took 0.160 seconds
[2025-12-06T09:47:33.092+0000] {processor.py:161} INFO - Started process (PID=6075) to work on /home/airflow/.local/lib/python3.8/site-packages/airflow/example_dags/example_branch_operator.py
[2025-12-06T09:47:33.094+0000] {processor.py:830} INFO - Processing file /home/airflow/.local/lib/python3.8/site-packages/airflow/example_dags/example_branch_operator.py for tasks to queue
[2025-12-06T09:47:33.096+0000] {logging_mixin.py:188} INFO - [2025-12-06T09:47:33.096+0000] {dagbag.py:538} INFO - Filling up the DagBag from /home/airflow/.local/lib/python3.8/site-packages/airflow/example_dags/example_branch_operator.py
[2025-12-06T09:47:33.125+0000] {processor.py:840} INFO - DAG(s) 'example_branch_operator' retrieved from /home/airflow/.local/lib/python3.8/site-packages/airflow/example_dags/example_branch_operator.py
[2025-12-06T09:47:33.164+0000] {logging_mixin.py:188} INFO - [2025-12-06T09:47:33.163+0000] {dag.py:3036} INFO - Sync 1 DAGs
[2025-12-06T09:47:33.198+0000] {logging_mixin.py:188} INFO - [2025-12-06T09:47:33.198+0000] {dag.py:3823} INFO - Setting next_dagrun for example_branch_operator to 2025-12-05 00:00:00+00:00, run_after=2025-12-06 00:00:00+00:00
[2025-12-06T09:47:33.234+0000] {processor.py:183} INFO - Processing /home/airflow/.local/lib/python3.8/site-packages/airflow/example_dags/example_branch_operator.py took 0.148 seconds
[2025-12-06T09:48:03.781+0000] {processor.py:161} INFO - Started process (PID=6134) to work on /home/airflow/.local/lib/python3.8/site-packages/airflow/example_dags/example_branch_operator.py
[2025-12-06T09:48:03.782+0000] {processor.py:830} INFO - Processing file /home/airflow/.local/lib/python3.8/site-packages/airflow/example_dags/example_branch_operator.py for tasks to queue
[2025-12-06T09:48:03.785+0000] {logging_mixin.py:188} INFO - [2025-12-06T09:48:03.784+0000] {dagbag.py:538} INFO - Filling up the DagBag from /home/airflow/.local/lib/python3.8/site-packages/airflow/example_dags/example_branch_operator.py
[2025-12-06T09:48:03.812+0000] {processor.py:840} INFO - DAG(s) 'example_branch_operator' retrieved from /home/airflow/.local/lib/python3.8/site-packages/airflow/example_dags/example_branch_operator.py
[2025-12-06T09:48:03.852+0000] {logging_mixin.py:188} INFO - [2025-12-06T09:48:03.852+0000] {dag.py:3036} INFO - Sync 1 DAGs
[2025-12-06T09:48:03.887+0000] {logging_mixin.py:188} INFO - [2025-12-06T09:48:03.886+0000] {dag.py:3823} INFO - Setting next_dagrun for example_branch_operator to 2025-12-05 00:00:00+00:00, run_after=2025-12-06 00:00:00+00:00
[2025-12-06T09:48:03.923+0000] {processor.py:183} INFO - Processing /home/airflow/.local/lib/python3.8/site-packages/airflow/example_dags/example_branch_operator.py took 0.148 seconds
[2025-12-06T09:48:34.563+0000] {processor.py:161} INFO - Started process (PID=6193) to work on /home/airflow/.local/lib/python3.8/site-packages/airflow/example_dags/example_branch_operator.py
[2025-12-06T09:48:34.564+0000] {processor.py:830} INFO - Processing file /home/airflow/.local/lib/python3.8/site-packages/airflow/example_dags/example_branch_operator.py for tasks to queue
[2025-12-06T09:48:34.567+0000] {logging_mixin.py:188} INFO - [2025-12-06T09:48:34.567+0000] {dagbag.py:538} INFO - Filling up the DagBag from /home/airflow/.local/lib/python3.8/site-packages/airflow/example_dags/example_branch_operator.py
[2025-12-06T09:48:34.593+0000] {processor.py:840} INFO - DAG(s) 'example_branch_operator' retrieved from /home/airflow/.local/lib/python3.8/site-packages/airflow/example_dags/example_branch_operator.py
[2025-12-06T09:48:34.638+0000] {logging_mixin.py:188} INFO - [2025-12-06T09:48:34.638+0000] {dag.py:3036} INFO - Sync 1 DAGs
[2025-12-06T09:48:34.674+0000] {logging_mixin.py:188} INFO - [2025-12-06T09:48:34.673+0000] {dag.py:3823} INFO - Setting next_dagrun for example_branch_operator to 2025-12-05 00:00:00+00:00, run_after=2025-12-06 00:00:00+00:00
[2025-12-06T09:48:34.708+0000] {processor.py:183} INFO - Processing /home/airflow/.local/lib/python3.8/site-packages/airflow/example_dags/example_branch_operator.py took 0.149 seconds
[2025-12-06T09:49:05.225+0000] {processor.py:161} INFO - Started process (PID=6252) to work on /home/airflow/.local/lib/python3.8/site-packages/airflow/example_dags/example_branch_operator.py
[2025-12-06T09:49:05.227+0000] {processor.py:830} INFO - Processing file /home/airflow/.local/lib/python3.8/site-packages/airflow/example_dags/example_branch_operator.py for tasks to queue
[2025-12-06T09:49:05.229+0000] {logging_mixin.py:188} INFO - [2025-12-06T09:49:05.229+0000] {dagbag.py:538} INFO - Filling up the DagBag from /home/airflow/.local/lib/python3.8/site-packages/airflow/example_dags/example_branch_operator.py
[2025-12-06T09:49:05.254+0000] {processor.py:840} INFO - DAG(s) 'example_branch_operator' retrieved from /home/airflow/.local/lib/python3.8/site-packages/airflow/example_dags/example_branch_operator.py
[2025-12-06T09:49:05.293+0000] {logging_mixin.py:188} INFO - [2025-12-06T09:49:05.293+0000] {dag.py:3036} INFO - Sync 1 DAGs
[2025-12-06T09:49:05.325+0000] {logging_mixin.py:188} INFO - [2025-12-06T09:49:05.325+0000] {dag.py:3823} INFO - Setting next_dagrun for example_branch_operator to 2025-12-05 00:00:00+00:00, run_after=2025-12-06 00:00:00+00:00
[2025-12-06T09:49:05.361+0000] {processor.py:183} INFO - Processing /home/airflow/.local/lib/python3.8/site-packages/airflow/example_dags/example_branch_operator.py took 0.142 seconds
[2025-12-06T09:49:35.770+0000] {processor.py:161} INFO - Started process (PID=6311) to work on /home/airflow/.local/lib/python3.8/site-packages/airflow/example_dags/example_branch_operator.py
[2025-12-06T09:49:35.772+0000] {processor.py:830} INFO - Processing file /home/airflow/.local/lib/python3.8/site-packages/airflow/example_dags/example_branch_operator.py for tasks to queue
[2025-12-06T09:49:35.777+0000] {logging_mixin.py:188} INFO - [2025-12-06T09:49:35.776+0000] {dagbag.py:538} INFO - Filling up the DagBag from /home/airflow/.local/lib/python3.8/site-packages/airflow/example_dags/example_branch_operator.py
[2025-12-06T09:49:35.809+0000] {processor.py:840} INFO - DAG(s) 'example_branch_operator' retrieved from /home/airflow/.local/lib/python3.8/site-packages/airflow/example_dags/example_branch_operator.py
[2025-12-06T09:49:35.861+0000] {logging_mixin.py:188} INFO - [2025-12-06T09:49:35.861+0000] {dag.py:3036} INFO - Sync 1 DAGs
[2025-12-06T09:49:35.898+0000] {logging_mixin.py:188} INFO - [2025-12-06T09:49:35.898+0000] {dag.py:3823} INFO - Setting next_dagrun for example_branch_operator to 2025-12-05 00:00:00+00:00, run_after=2025-12-06 00:00:00+00:00
[2025-12-06T09:49:35.934+0000] {processor.py:183} INFO - Processing /home/airflow/.local/lib/python3.8/site-packages/airflow/example_dags/example_branch_operator.py took 0.173 seconds
