[2025-12-06T05:45:40.436+0000] {processor.py:161} INFO - Started process (PID=88) to work on /home/airflow/.local/lib/python3.8/site-packages/airflow/example_dags/example_python_operator.py
[2025-12-06T05:45:40.438+0000] {processor.py:830} INFO - Processing file /home/airflow/.local/lib/python3.8/site-packages/airflow/example_dags/example_python_operator.py for tasks to queue
[2025-12-06T05:45:40.442+0000] {logging_mixin.py:188} INFO - [2025-12-06T05:45:40.441+0000] {dagbag.py:538} INFO - Filling up the DagBag from /home/airflow/.local/lib/python3.8/site-packages/airflow/example_dags/example_python_operator.py
[2025-12-06T05:45:40.459+0000] {processor.py:840} INFO - DAG(s) 'example_python_operator' retrieved from /home/airflow/.local/lib/python3.8/site-packages/airflow/example_dags/example_python_operator.py
[2025-12-06T05:45:40.624+0000] {logging_mixin.py:188} INFO - [2025-12-06T05:45:40.623+0000] {dag.py:3036} INFO - Sync 1 DAGs
[2025-12-06T05:45:40.638+0000] {logging_mixin.py:188} INFO - [2025-12-06T05:45:40.638+0000] {dag.py:3823} INFO - Setting next_dagrun for example_python_operator to None, run_after=None
[2025-12-06T05:45:40.670+0000] {processor.py:183} INFO - Processing /home/airflow/.local/lib/python3.8/site-packages/airflow/example_dags/example_python_operator.py took 0.240 seconds
[2025-12-06T05:46:11.760+0000] {processor.py:161} INFO - Started process (PID=143) to work on /home/airflow/.local/lib/python3.8/site-packages/airflow/example_dags/example_python_operator.py
[2025-12-06T05:46:11.761+0000] {processor.py:830} INFO - Processing file /home/airflow/.local/lib/python3.8/site-packages/airflow/example_dags/example_python_operator.py for tasks to queue
[2025-12-06T05:46:11.764+0000] {logging_mixin.py:188} INFO - [2025-12-06T05:46:11.764+0000] {dagbag.py:538} INFO - Filling up the DagBag from /home/airflow/.local/lib/python3.8/site-packages/airflow/example_dags/example_python_operator.py
[2025-12-06T05:46:11.783+0000] {processor.py:840} INFO - DAG(s) 'example_python_operator' retrieved from /home/airflow/.local/lib/python3.8/site-packages/airflow/example_dags/example_python_operator.py
[2025-12-06T05:46:11.820+0000] {logging_mixin.py:188} INFO - [2025-12-06T05:46:11.819+0000] {dag.py:3036} INFO - Sync 1 DAGs
[2025-12-06T05:46:11.838+0000] {logging_mixin.py:188} INFO - [2025-12-06T05:46:11.838+0000] {dag.py:3823} INFO - Setting next_dagrun for example_python_operator to None, run_after=None
[2025-12-06T05:46:11.876+0000] {processor.py:183} INFO - Processing /home/airflow/.local/lib/python3.8/site-packages/airflow/example_dags/example_python_operator.py took 0.121 seconds
[2025-12-06T05:46:42.634+0000] {processor.py:161} INFO - Started process (PID=198) to work on /home/airflow/.local/lib/python3.8/site-packages/airflow/example_dags/example_python_operator.py
[2025-12-06T05:46:42.636+0000] {processor.py:830} INFO - Processing file /home/airflow/.local/lib/python3.8/site-packages/airflow/example_dags/example_python_operator.py for tasks to queue
[2025-12-06T05:46:42.639+0000] {logging_mixin.py:188} INFO - [2025-12-06T05:46:42.638+0000] {dagbag.py:538} INFO - Filling up the DagBag from /home/airflow/.local/lib/python3.8/site-packages/airflow/example_dags/example_python_operator.py
[2025-12-06T05:46:42.653+0000] {processor.py:840} INFO - DAG(s) 'example_python_operator' retrieved from /home/airflow/.local/lib/python3.8/site-packages/airflow/example_dags/example_python_operator.py
[2025-12-06T05:46:42.684+0000] {logging_mixin.py:188} INFO - [2025-12-06T05:46:42.684+0000] {dag.py:3036} INFO - Sync 1 DAGs
[2025-12-06T05:46:42.700+0000] {logging_mixin.py:188} INFO - [2025-12-06T05:46:42.700+0000] {dag.py:3823} INFO - Setting next_dagrun for example_python_operator to None, run_after=None
[2025-12-06T05:46:42.729+0000] {processor.py:183} INFO - Processing /home/airflow/.local/lib/python3.8/site-packages/airflow/example_dags/example_python_operator.py took 0.099 seconds
[2025-12-06T05:47:13.200+0000] {processor.py:161} INFO - Started process (PID=253) to work on /home/airflow/.local/lib/python3.8/site-packages/airflow/example_dags/example_python_operator.py
[2025-12-06T05:47:13.202+0000] {processor.py:830} INFO - Processing file /home/airflow/.local/lib/python3.8/site-packages/airflow/example_dags/example_python_operator.py for tasks to queue
[2025-12-06T05:47:13.205+0000] {logging_mixin.py:188} INFO - [2025-12-06T05:47:13.204+0000] {dagbag.py:538} INFO - Filling up the DagBag from /home/airflow/.local/lib/python3.8/site-packages/airflow/example_dags/example_python_operator.py
[2025-12-06T05:47:13.221+0000] {processor.py:840} INFO - DAG(s) 'example_python_operator' retrieved from /home/airflow/.local/lib/python3.8/site-packages/airflow/example_dags/example_python_operator.py
[2025-12-06T05:47:13.256+0000] {logging_mixin.py:188} INFO - [2025-12-06T05:47:13.256+0000] {dag.py:3036} INFO - Sync 1 DAGs
[2025-12-06T05:47:13.274+0000] {logging_mixin.py:188} INFO - [2025-12-06T05:47:13.274+0000] {dag.py:3823} INFO - Setting next_dagrun for example_python_operator to None, run_after=None
[2025-12-06T05:47:13.310+0000] {processor.py:183} INFO - Processing /home/airflow/.local/lib/python3.8/site-packages/airflow/example_dags/example_python_operator.py took 0.115 seconds
[2025-12-06T05:47:43.507+0000] {processor.py:161} INFO - Started process (PID=308) to work on /home/airflow/.local/lib/python3.8/site-packages/airflow/example_dags/example_python_operator.py
[2025-12-06T05:47:43.509+0000] {processor.py:830} INFO - Processing file /home/airflow/.local/lib/python3.8/site-packages/airflow/example_dags/example_python_operator.py for tasks to queue
[2025-12-06T05:47:43.512+0000] {logging_mixin.py:188} INFO - [2025-12-06T05:47:43.511+0000] {dagbag.py:538} INFO - Filling up the DagBag from /home/airflow/.local/lib/python3.8/site-packages/airflow/example_dags/example_python_operator.py
[2025-12-06T05:47:43.529+0000] {processor.py:840} INFO - DAG(s) 'example_python_operator' retrieved from /home/airflow/.local/lib/python3.8/site-packages/airflow/example_dags/example_python_operator.py
[2025-12-06T05:47:43.565+0000] {logging_mixin.py:188} INFO - [2025-12-06T05:47:43.564+0000] {dag.py:3036} INFO - Sync 1 DAGs
[2025-12-06T05:47:43.581+0000] {logging_mixin.py:188} INFO - [2025-12-06T05:47:43.581+0000] {dag.py:3823} INFO - Setting next_dagrun for example_python_operator to None, run_after=None
[2025-12-06T05:47:43.611+0000] {processor.py:183} INFO - Processing /home/airflow/.local/lib/python3.8/site-packages/airflow/example_dags/example_python_operator.py took 0.111 seconds
[2025-12-06T05:48:14.055+0000] {processor.py:161} INFO - Started process (PID=363) to work on /home/airflow/.local/lib/python3.8/site-packages/airflow/example_dags/example_python_operator.py
[2025-12-06T05:48:14.057+0000] {processor.py:830} INFO - Processing file /home/airflow/.local/lib/python3.8/site-packages/airflow/example_dags/example_python_operator.py for tasks to queue
[2025-12-06T05:48:14.060+0000] {logging_mixin.py:188} INFO - [2025-12-06T05:48:14.059+0000] {dagbag.py:538} INFO - Filling up the DagBag from /home/airflow/.local/lib/python3.8/site-packages/airflow/example_dags/example_python_operator.py
[2025-12-06T05:48:14.075+0000] {processor.py:840} INFO - DAG(s) 'example_python_operator' retrieved from /home/airflow/.local/lib/python3.8/site-packages/airflow/example_dags/example_python_operator.py
[2025-12-06T05:48:14.108+0000] {logging_mixin.py:188} INFO - [2025-12-06T05:48:14.108+0000] {dag.py:3036} INFO - Sync 1 DAGs
[2025-12-06T05:48:14.124+0000] {logging_mixin.py:188} INFO - [2025-12-06T05:48:14.124+0000] {dag.py:3823} INFO - Setting next_dagrun for example_python_operator to None, run_after=None
[2025-12-06T05:48:14.157+0000] {processor.py:183} INFO - Processing /home/airflow/.local/lib/python3.8/site-packages/airflow/example_dags/example_python_operator.py took 0.106 seconds
[2025-12-06T05:48:44.309+0000] {processor.py:161} INFO - Started process (PID=418) to work on /home/airflow/.local/lib/python3.8/site-packages/airflow/example_dags/example_python_operator.py
[2025-12-06T05:48:44.310+0000] {processor.py:830} INFO - Processing file /home/airflow/.local/lib/python3.8/site-packages/airflow/example_dags/example_python_operator.py for tasks to queue
[2025-12-06T05:48:44.314+0000] {logging_mixin.py:188} INFO - [2025-12-06T05:48:44.313+0000] {dagbag.py:538} INFO - Filling up the DagBag from /home/airflow/.local/lib/python3.8/site-packages/airflow/example_dags/example_python_operator.py
[2025-12-06T05:48:44.328+0000] {processor.py:840} INFO - DAG(s) 'example_python_operator' retrieved from /home/airflow/.local/lib/python3.8/site-packages/airflow/example_dags/example_python_operator.py
[2025-12-06T05:48:44.361+0000] {logging_mixin.py:188} INFO - [2025-12-06T05:48:44.360+0000] {dag.py:3036} INFO - Sync 1 DAGs
[2025-12-06T05:48:44.380+0000] {logging_mixin.py:188} INFO - [2025-12-06T05:48:44.380+0000] {dag.py:3823} INFO - Setting next_dagrun for example_python_operator to None, run_after=None
[2025-12-06T05:48:44.416+0000] {processor.py:183} INFO - Processing /home/airflow/.local/lib/python3.8/site-packages/airflow/example_dags/example_python_operator.py took 0.112 seconds
[2025-12-06T05:49:14.935+0000] {processor.py:161} INFO - Started process (PID=473) to work on /home/airflow/.local/lib/python3.8/site-packages/airflow/example_dags/example_python_operator.py
[2025-12-06T05:49:14.937+0000] {processor.py:830} INFO - Processing file /home/airflow/.local/lib/python3.8/site-packages/airflow/example_dags/example_python_operator.py for tasks to queue
[2025-12-06T05:49:14.939+0000] {logging_mixin.py:188} INFO - [2025-12-06T05:49:14.939+0000] {dagbag.py:538} INFO - Filling up the DagBag from /home/airflow/.local/lib/python3.8/site-packages/airflow/example_dags/example_python_operator.py
[2025-12-06T05:49:14.961+0000] {processor.py:840} INFO - DAG(s) 'example_python_operator' retrieved from /home/airflow/.local/lib/python3.8/site-packages/airflow/example_dags/example_python_operator.py
[2025-12-06T05:49:14.996+0000] {logging_mixin.py:188} INFO - [2025-12-06T05:49:14.995+0000] {dag.py:3036} INFO - Sync 1 DAGs
[2025-12-06T05:49:15.011+0000] {logging_mixin.py:188} INFO - [2025-12-06T05:49:15.011+0000] {dag.py:3823} INFO - Setting next_dagrun for example_python_operator to None, run_after=None
[2025-12-06T05:49:15.045+0000] {processor.py:183} INFO - Processing /home/airflow/.local/lib/python3.8/site-packages/airflow/example_dags/example_python_operator.py took 0.114 seconds
[2025-12-06T05:49:45.403+0000] {processor.py:161} INFO - Started process (PID=528) to work on /home/airflow/.local/lib/python3.8/site-packages/airflow/example_dags/example_python_operator.py
[2025-12-06T05:49:45.405+0000] {processor.py:830} INFO - Processing file /home/airflow/.local/lib/python3.8/site-packages/airflow/example_dags/example_python_operator.py for tasks to queue
[2025-12-06T05:49:45.407+0000] {logging_mixin.py:188} INFO - [2025-12-06T05:49:45.406+0000] {dagbag.py:538} INFO - Filling up the DagBag from /home/airflow/.local/lib/python3.8/site-packages/airflow/example_dags/example_python_operator.py
[2025-12-06T05:49:45.421+0000] {processor.py:840} INFO - DAG(s) 'example_python_operator' retrieved from /home/airflow/.local/lib/python3.8/site-packages/airflow/example_dags/example_python_operator.py
[2025-12-06T05:49:45.455+0000] {logging_mixin.py:188} INFO - [2025-12-06T05:49:45.454+0000] {dag.py:3036} INFO - Sync 1 DAGs
[2025-12-06T05:49:45.473+0000] {logging_mixin.py:188} INFO - [2025-12-06T05:49:45.473+0000] {dag.py:3823} INFO - Setting next_dagrun for example_python_operator to None, run_after=None
[2025-12-06T05:49:45.506+0000] {processor.py:183} INFO - Processing /home/airflow/.local/lib/python3.8/site-packages/airflow/example_dags/example_python_operator.py took 0.107 seconds
[2025-12-06T05:50:15.777+0000] {processor.py:161} INFO - Started process (PID=583) to work on /home/airflow/.local/lib/python3.8/site-packages/airflow/example_dags/example_python_operator.py
[2025-12-06T05:50:15.779+0000] {processor.py:830} INFO - Processing file /home/airflow/.local/lib/python3.8/site-packages/airflow/example_dags/example_python_operator.py for tasks to queue
[2025-12-06T05:50:15.781+0000] {logging_mixin.py:188} INFO - [2025-12-06T05:50:15.781+0000] {dagbag.py:538} INFO - Filling up the DagBag from /home/airflow/.local/lib/python3.8/site-packages/airflow/example_dags/example_python_operator.py
[2025-12-06T05:50:15.797+0000] {processor.py:840} INFO - DAG(s) 'example_python_operator' retrieved from /home/airflow/.local/lib/python3.8/site-packages/airflow/example_dags/example_python_operator.py
[2025-12-06T05:50:15.826+0000] {logging_mixin.py:188} INFO - [2025-12-06T05:50:15.825+0000] {dag.py:3036} INFO - Sync 1 DAGs
[2025-12-06T05:50:15.844+0000] {logging_mixin.py:188} INFO - [2025-12-06T05:50:15.844+0000] {dag.py:3823} INFO - Setting next_dagrun for example_python_operator to None, run_after=None
[2025-12-06T05:50:15.876+0000] {processor.py:183} INFO - Processing /home/airflow/.local/lib/python3.8/site-packages/airflow/example_dags/example_python_operator.py took 0.104 seconds
[2025-12-06T05:50:46.320+0000] {processor.py:161} INFO - Started process (PID=638) to work on /home/airflow/.local/lib/python3.8/site-packages/airflow/example_dags/example_python_operator.py
[2025-12-06T05:50:46.321+0000] {processor.py:830} INFO - Processing file /home/airflow/.local/lib/python3.8/site-packages/airflow/example_dags/example_python_operator.py for tasks to queue
[2025-12-06T05:50:46.323+0000] {logging_mixin.py:188} INFO - [2025-12-06T05:50:46.323+0000] {dagbag.py:538} INFO - Filling up the DagBag from /home/airflow/.local/lib/python3.8/site-packages/airflow/example_dags/example_python_operator.py
[2025-12-06T05:50:46.338+0000] {processor.py:840} INFO - DAG(s) 'example_python_operator' retrieved from /home/airflow/.local/lib/python3.8/site-packages/airflow/example_dags/example_python_operator.py
[2025-12-06T05:50:46.369+0000] {logging_mixin.py:188} INFO - [2025-12-06T05:50:46.369+0000] {dag.py:3036} INFO - Sync 1 DAGs
[2025-12-06T05:50:46.385+0000] {logging_mixin.py:188} INFO - [2025-12-06T05:50:46.385+0000] {dag.py:3823} INFO - Setting next_dagrun for example_python_operator to None, run_after=None
[2025-12-06T05:50:46.423+0000] {processor.py:183} INFO - Processing /home/airflow/.local/lib/python3.8/site-packages/airflow/example_dags/example_python_operator.py took 0.108 seconds
[2025-12-06T05:51:16.633+0000] {processor.py:161} INFO - Started process (PID=693) to work on /home/airflow/.local/lib/python3.8/site-packages/airflow/example_dags/example_python_operator.py
[2025-12-06T05:51:16.634+0000] {processor.py:830} INFO - Processing file /home/airflow/.local/lib/python3.8/site-packages/airflow/example_dags/example_python_operator.py for tasks to queue
[2025-12-06T05:51:16.638+0000] {logging_mixin.py:188} INFO - [2025-12-06T05:51:16.637+0000] {dagbag.py:538} INFO - Filling up the DagBag from /home/airflow/.local/lib/python3.8/site-packages/airflow/example_dags/example_python_operator.py
[2025-12-06T05:51:16.656+0000] {processor.py:840} INFO - DAG(s) 'example_python_operator' retrieved from /home/airflow/.local/lib/python3.8/site-packages/airflow/example_dags/example_python_operator.py
[2025-12-06T05:51:16.693+0000] {logging_mixin.py:188} INFO - [2025-12-06T05:51:16.693+0000] {dag.py:3036} INFO - Sync 1 DAGs
[2025-12-06T05:51:16.713+0000] {logging_mixin.py:188} INFO - [2025-12-06T05:51:16.713+0000] {dag.py:3823} INFO - Setting next_dagrun for example_python_operator to None, run_after=None
[2025-12-06T05:51:16.750+0000] {processor.py:183} INFO - Processing /home/airflow/.local/lib/python3.8/site-packages/airflow/example_dags/example_python_operator.py took 0.123 seconds
[2025-12-06T05:51:47.496+0000] {processor.py:161} INFO - Started process (PID=748) to work on /home/airflow/.local/lib/python3.8/site-packages/airflow/example_dags/example_python_operator.py
[2025-12-06T05:51:47.498+0000] {processor.py:830} INFO - Processing file /home/airflow/.local/lib/python3.8/site-packages/airflow/example_dags/example_python_operator.py for tasks to queue
[2025-12-06T05:51:47.502+0000] {logging_mixin.py:188} INFO - [2025-12-06T05:51:47.501+0000] {dagbag.py:538} INFO - Filling up the DagBag from /home/airflow/.local/lib/python3.8/site-packages/airflow/example_dags/example_python_operator.py
[2025-12-06T05:51:47.519+0000] {processor.py:840} INFO - DAG(s) 'example_python_operator' retrieved from /home/airflow/.local/lib/python3.8/site-packages/airflow/example_dags/example_python_operator.py
[2025-12-06T05:51:47.557+0000] {logging_mixin.py:188} INFO - [2025-12-06T05:51:47.557+0000] {dag.py:3036} INFO - Sync 1 DAGs
[2025-12-06T05:51:47.577+0000] {logging_mixin.py:188} INFO - [2025-12-06T05:51:47.577+0000] {dag.py:3823} INFO - Setting next_dagrun for example_python_operator to None, run_after=None
[2025-12-06T05:51:47.613+0000] {processor.py:183} INFO - Processing /home/airflow/.local/lib/python3.8/site-packages/airflow/example_dags/example_python_operator.py took 0.122 seconds
[2025-12-06T05:52:18.619+0000] {processor.py:161} INFO - Started process (PID=803) to work on /home/airflow/.local/lib/python3.8/site-packages/airflow/example_dags/example_python_operator.py
[2025-12-06T05:52:18.620+0000] {processor.py:830} INFO - Processing file /home/airflow/.local/lib/python3.8/site-packages/airflow/example_dags/example_python_operator.py for tasks to queue
[2025-12-06T05:52:18.623+0000] {logging_mixin.py:188} INFO - [2025-12-06T05:52:18.623+0000] {dagbag.py:538} INFO - Filling up the DagBag from /home/airflow/.local/lib/python3.8/site-packages/airflow/example_dags/example_python_operator.py
[2025-12-06T05:52:18.643+0000] {processor.py:840} INFO - DAG(s) 'example_python_operator' retrieved from /home/airflow/.local/lib/python3.8/site-packages/airflow/example_dags/example_python_operator.py
[2025-12-06T05:52:18.673+0000] {logging_mixin.py:188} INFO - [2025-12-06T05:52:18.673+0000] {dag.py:3036} INFO - Sync 1 DAGs
[2025-12-06T05:52:18.693+0000] {logging_mixin.py:188} INFO - [2025-12-06T05:52:18.693+0000] {dag.py:3823} INFO - Setting next_dagrun for example_python_operator to None, run_after=None
[2025-12-06T05:52:18.723+0000] {processor.py:183} INFO - Processing /home/airflow/.local/lib/python3.8/site-packages/airflow/example_dags/example_python_operator.py took 0.109 seconds
[2025-12-06T05:52:48.855+0000] {processor.py:161} INFO - Started process (PID=858) to work on /home/airflow/.local/lib/python3.8/site-packages/airflow/example_dags/example_python_operator.py
[2025-12-06T05:52:48.858+0000] {processor.py:830} INFO - Processing file /home/airflow/.local/lib/python3.8/site-packages/airflow/example_dags/example_python_operator.py for tasks to queue
[2025-12-06T05:52:48.862+0000] {logging_mixin.py:188} INFO - [2025-12-06T05:52:48.861+0000] {dagbag.py:538} INFO - Filling up the DagBag from /home/airflow/.local/lib/python3.8/site-packages/airflow/example_dags/example_python_operator.py
[2025-12-06T05:52:48.877+0000] {processor.py:840} INFO - DAG(s) 'example_python_operator' retrieved from /home/airflow/.local/lib/python3.8/site-packages/airflow/example_dags/example_python_operator.py
[2025-12-06T05:52:48.916+0000] {logging_mixin.py:188} INFO - [2025-12-06T05:52:48.915+0000] {dag.py:3036} INFO - Sync 1 DAGs
[2025-12-06T05:52:48.938+0000] {logging_mixin.py:188} INFO - [2025-12-06T05:52:48.938+0000] {dag.py:3823} INFO - Setting next_dagrun for example_python_operator to None, run_after=None
[2025-12-06T05:52:48.972+0000] {processor.py:183} INFO - Processing /home/airflow/.local/lib/python3.8/site-packages/airflow/example_dags/example_python_operator.py took 0.122 seconds
[2025-12-06T05:53:19.265+0000] {processor.py:161} INFO - Started process (PID=913) to work on /home/airflow/.local/lib/python3.8/site-packages/airflow/example_dags/example_python_operator.py
[2025-12-06T05:53:19.268+0000] {processor.py:830} INFO - Processing file /home/airflow/.local/lib/python3.8/site-packages/airflow/example_dags/example_python_operator.py for tasks to queue
[2025-12-06T05:53:19.271+0000] {logging_mixin.py:188} INFO - [2025-12-06T05:53:19.271+0000] {dagbag.py:538} INFO - Filling up the DagBag from /home/airflow/.local/lib/python3.8/site-packages/airflow/example_dags/example_python_operator.py
[2025-12-06T05:53:19.288+0000] {processor.py:840} INFO - DAG(s) 'example_python_operator' retrieved from /home/airflow/.local/lib/python3.8/site-packages/airflow/example_dags/example_python_operator.py
[2025-12-06T05:53:19.323+0000] {logging_mixin.py:188} INFO - [2025-12-06T05:53:19.322+0000] {dag.py:3036} INFO - Sync 1 DAGs
[2025-12-06T05:53:19.343+0000] {logging_mixin.py:188} INFO - [2025-12-06T05:53:19.343+0000] {dag.py:3823} INFO - Setting next_dagrun for example_python_operator to None, run_after=None
[2025-12-06T05:53:19.377+0000] {processor.py:183} INFO - Processing /home/airflow/.local/lib/python3.8/site-packages/airflow/example_dags/example_python_operator.py took 0.117 seconds
[2025-12-06T05:53:49.582+0000] {processor.py:161} INFO - Started process (PID=968) to work on /home/airflow/.local/lib/python3.8/site-packages/airflow/example_dags/example_python_operator.py
[2025-12-06T05:53:49.583+0000] {processor.py:830} INFO - Processing file /home/airflow/.local/lib/python3.8/site-packages/airflow/example_dags/example_python_operator.py for tasks to queue
[2025-12-06T05:53:49.585+0000] {logging_mixin.py:188} INFO - [2025-12-06T05:53:49.585+0000] {dagbag.py:538} INFO - Filling up the DagBag from /home/airflow/.local/lib/python3.8/site-packages/airflow/example_dags/example_python_operator.py
[2025-12-06T05:53:49.602+0000] {processor.py:840} INFO - DAG(s) 'example_python_operator' retrieved from /home/airflow/.local/lib/python3.8/site-packages/airflow/example_dags/example_python_operator.py
[2025-12-06T05:53:49.635+0000] {logging_mixin.py:188} INFO - [2025-12-06T05:53:49.635+0000] {dag.py:3036} INFO - Sync 1 DAGs
[2025-12-06T05:53:49.656+0000] {logging_mixin.py:188} INFO - [2025-12-06T05:53:49.655+0000] {dag.py:3823} INFO - Setting next_dagrun for example_python_operator to None, run_after=None
[2025-12-06T05:53:49.687+0000] {processor.py:183} INFO - Processing /home/airflow/.local/lib/python3.8/site-packages/airflow/example_dags/example_python_operator.py took 0.112 seconds
[2025-12-06T05:54:20.086+0000] {processor.py:161} INFO - Started process (PID=1027) to work on /home/airflow/.local/lib/python3.8/site-packages/airflow/example_dags/example_python_operator.py
[2025-12-06T05:54:20.089+0000] {processor.py:830} INFO - Processing file /home/airflow/.local/lib/python3.8/site-packages/airflow/example_dags/example_python_operator.py for tasks to queue
[2025-12-06T05:54:20.093+0000] {logging_mixin.py:188} INFO - [2025-12-06T05:54:20.092+0000] {dagbag.py:538} INFO - Filling up the DagBag from /home/airflow/.local/lib/python3.8/site-packages/airflow/example_dags/example_python_operator.py
[2025-12-06T05:54:20.113+0000] {processor.py:840} INFO - DAG(s) 'example_python_operator' retrieved from /home/airflow/.local/lib/python3.8/site-packages/airflow/example_dags/example_python_operator.py
[2025-12-06T05:54:20.169+0000] {logging_mixin.py:188} INFO - [2025-12-06T05:54:20.168+0000] {dag.py:3036} INFO - Sync 1 DAGs
[2025-12-06T05:54:20.202+0000] {logging_mixin.py:188} INFO - [2025-12-06T05:54:20.201+0000] {dag.py:3823} INFO - Setting next_dagrun for example_python_operator to None, run_after=None
[2025-12-06T05:54:20.255+0000] {processor.py:183} INFO - Processing /home/airflow/.local/lib/python3.8/site-packages/airflow/example_dags/example_python_operator.py took 0.176 seconds
[2025-12-06T05:54:50.941+0000] {processor.py:161} INFO - Started process (PID=1085) to work on /home/airflow/.local/lib/python3.8/site-packages/airflow/example_dags/example_python_operator.py
[2025-12-06T05:54:50.942+0000] {processor.py:830} INFO - Processing file /home/airflow/.local/lib/python3.8/site-packages/airflow/example_dags/example_python_operator.py for tasks to queue
[2025-12-06T05:54:50.946+0000] {logging_mixin.py:188} INFO - [2025-12-06T05:54:50.945+0000] {dagbag.py:538} INFO - Filling up the DagBag from /home/airflow/.local/lib/python3.8/site-packages/airflow/example_dags/example_python_operator.py
[2025-12-06T05:54:50.965+0000] {processor.py:840} INFO - DAG(s) 'example_python_operator' retrieved from /home/airflow/.local/lib/python3.8/site-packages/airflow/example_dags/example_python_operator.py
[2025-12-06T05:54:50.998+0000] {logging_mixin.py:188} INFO - [2025-12-06T05:54:50.998+0000] {dag.py:3036} INFO - Sync 1 DAGs
[2025-12-06T05:54:51.016+0000] {logging_mixin.py:188} INFO - [2025-12-06T05:54:51.016+0000] {dag.py:3823} INFO - Setting next_dagrun for example_python_operator to None, run_after=None
[2025-12-06T05:54:51.052+0000] {processor.py:183} INFO - Processing /home/airflow/.local/lib/python3.8/site-packages/airflow/example_dags/example_python_operator.py took 0.116 seconds
[2025-12-06T05:55:21.207+0000] {processor.py:161} INFO - Started process (PID=1140) to work on /home/airflow/.local/lib/python3.8/site-packages/airflow/example_dags/example_python_operator.py
[2025-12-06T05:55:21.208+0000] {processor.py:830} INFO - Processing file /home/airflow/.local/lib/python3.8/site-packages/airflow/example_dags/example_python_operator.py for tasks to queue
[2025-12-06T05:55:21.212+0000] {logging_mixin.py:188} INFO - [2025-12-06T05:55:21.211+0000] {dagbag.py:538} INFO - Filling up the DagBag from /home/airflow/.local/lib/python3.8/site-packages/airflow/example_dags/example_python_operator.py
[2025-12-06T05:55:21.230+0000] {processor.py:840} INFO - DAG(s) 'example_python_operator' retrieved from /home/airflow/.local/lib/python3.8/site-packages/airflow/example_dags/example_python_operator.py
[2025-12-06T05:55:21.268+0000] {logging_mixin.py:188} INFO - [2025-12-06T05:55:21.268+0000] {dag.py:3036} INFO - Sync 1 DAGs
[2025-12-06T05:55:21.291+0000] {logging_mixin.py:188} INFO - [2025-12-06T05:55:21.291+0000] {dag.py:3823} INFO - Setting next_dagrun for example_python_operator to None, run_after=None
[2025-12-06T05:55:21.322+0000] {processor.py:183} INFO - Processing /home/airflow/.local/lib/python3.8/site-packages/airflow/example_dags/example_python_operator.py took 0.122 seconds
[2025-12-06T05:55:51.792+0000] {processor.py:161} INFO - Started process (PID=1196) to work on /home/airflow/.local/lib/python3.8/site-packages/airflow/example_dags/example_python_operator.py
[2025-12-06T05:55:51.794+0000] {processor.py:830} INFO - Processing file /home/airflow/.local/lib/python3.8/site-packages/airflow/example_dags/example_python_operator.py for tasks to queue
[2025-12-06T05:55:51.797+0000] {logging_mixin.py:188} INFO - [2025-12-06T05:55:51.797+0000] {dagbag.py:538} INFO - Filling up the DagBag from /home/airflow/.local/lib/python3.8/site-packages/airflow/example_dags/example_python_operator.py
[2025-12-06T05:55:51.815+0000] {processor.py:840} INFO - DAG(s) 'example_python_operator' retrieved from /home/airflow/.local/lib/python3.8/site-packages/airflow/example_dags/example_python_operator.py
[2025-12-06T05:55:51.848+0000] {logging_mixin.py:188} INFO - [2025-12-06T05:55:51.848+0000] {dag.py:3036} INFO - Sync 1 DAGs
[2025-12-06T05:55:51.868+0000] {logging_mixin.py:188} INFO - [2025-12-06T05:55:51.868+0000] {dag.py:3823} INFO - Setting next_dagrun for example_python_operator to None, run_after=None
[2025-12-06T05:55:51.909+0000] {processor.py:183} INFO - Processing /home/airflow/.local/lib/python3.8/site-packages/airflow/example_dags/example_python_operator.py took 0.122 seconds
[2025-12-06T05:56:22.141+0000] {processor.py:161} INFO - Started process (PID=1254) to work on /home/airflow/.local/lib/python3.8/site-packages/airflow/example_dags/example_python_operator.py
[2025-12-06T05:56:22.142+0000] {processor.py:830} INFO - Processing file /home/airflow/.local/lib/python3.8/site-packages/airflow/example_dags/example_python_operator.py for tasks to queue
[2025-12-06T05:56:22.146+0000] {logging_mixin.py:188} INFO - [2025-12-06T05:56:22.145+0000] {dagbag.py:538} INFO - Filling up the DagBag from /home/airflow/.local/lib/python3.8/site-packages/airflow/example_dags/example_python_operator.py
[2025-12-06T05:56:22.164+0000] {processor.py:840} INFO - DAG(s) 'example_python_operator' retrieved from /home/airflow/.local/lib/python3.8/site-packages/airflow/example_dags/example_python_operator.py
[2025-12-06T05:56:22.200+0000] {logging_mixin.py:188} INFO - [2025-12-06T05:56:22.200+0000] {dag.py:3036} INFO - Sync 1 DAGs
[2025-12-06T05:56:22.219+0000] {logging_mixin.py:188} INFO - [2025-12-06T05:56:22.218+0000] {dag.py:3823} INFO - Setting next_dagrun for example_python_operator to None, run_after=None
[2025-12-06T05:56:22.252+0000] {processor.py:183} INFO - Processing /home/airflow/.local/lib/python3.8/site-packages/airflow/example_dags/example_python_operator.py took 0.118 seconds
[2025-12-06T05:56:52.557+0000] {processor.py:161} INFO - Started process (PID=1310) to work on /home/airflow/.local/lib/python3.8/site-packages/airflow/example_dags/example_python_operator.py
[2025-12-06T05:56:52.560+0000] {processor.py:830} INFO - Processing file /home/airflow/.local/lib/python3.8/site-packages/airflow/example_dags/example_python_operator.py for tasks to queue
[2025-12-06T05:56:52.563+0000] {logging_mixin.py:188} INFO - [2025-12-06T05:56:52.562+0000] {dagbag.py:538} INFO - Filling up the DagBag from /home/airflow/.local/lib/python3.8/site-packages/airflow/example_dags/example_python_operator.py
[2025-12-06T05:56:52.583+0000] {processor.py:840} INFO - DAG(s) 'example_python_operator' retrieved from /home/airflow/.local/lib/python3.8/site-packages/airflow/example_dags/example_python_operator.py
[2025-12-06T05:56:52.620+0000] {logging_mixin.py:188} INFO - [2025-12-06T05:56:52.620+0000] {dag.py:3036} INFO - Sync 1 DAGs
[2025-12-06T05:56:52.648+0000] {logging_mixin.py:188} INFO - [2025-12-06T05:56:52.648+0000] {dag.py:3823} INFO - Setting next_dagrun for example_python_operator to None, run_after=None
[2025-12-06T05:56:52.685+0000] {processor.py:183} INFO - Processing /home/airflow/.local/lib/python3.8/site-packages/airflow/example_dags/example_python_operator.py took 0.135 seconds
[2025-12-06T05:57:23.247+0000] {processor.py:161} INFO - Started process (PID=1366) to work on /home/airflow/.local/lib/python3.8/site-packages/airflow/example_dags/example_python_operator.py
[2025-12-06T05:57:23.249+0000] {processor.py:830} INFO - Processing file /home/airflow/.local/lib/python3.8/site-packages/airflow/example_dags/example_python_operator.py for tasks to queue
[2025-12-06T05:57:23.253+0000] {logging_mixin.py:188} INFO - [2025-12-06T05:57:23.252+0000] {dagbag.py:538} INFO - Filling up the DagBag from /home/airflow/.local/lib/python3.8/site-packages/airflow/example_dags/example_python_operator.py
[2025-12-06T05:57:23.272+0000] {processor.py:840} INFO - DAG(s) 'example_python_operator' retrieved from /home/airflow/.local/lib/python3.8/site-packages/airflow/example_dags/example_python_operator.py
[2025-12-06T05:57:23.312+0000] {logging_mixin.py:188} INFO - [2025-12-06T05:57:23.312+0000] {dag.py:3036} INFO - Sync 1 DAGs
[2025-12-06T05:57:23.332+0000] {logging_mixin.py:188} INFO - [2025-12-06T05:57:23.331+0000] {dag.py:3823} INFO - Setting next_dagrun for example_python_operator to None, run_after=None
[2025-12-06T05:57:23.365+0000] {processor.py:183} INFO - Processing /home/airflow/.local/lib/python3.8/site-packages/airflow/example_dags/example_python_operator.py took 0.124 seconds
[2025-12-06T05:57:53.755+0000] {processor.py:161} INFO - Started process (PID=1422) to work on /home/airflow/.local/lib/python3.8/site-packages/airflow/example_dags/example_python_operator.py
[2025-12-06T05:57:53.757+0000] {processor.py:830} INFO - Processing file /home/airflow/.local/lib/python3.8/site-packages/airflow/example_dags/example_python_operator.py for tasks to queue
[2025-12-06T05:57:53.761+0000] {logging_mixin.py:188} INFO - [2025-12-06T05:57:53.760+0000] {dagbag.py:538} INFO - Filling up the DagBag from /home/airflow/.local/lib/python3.8/site-packages/airflow/example_dags/example_python_operator.py
[2025-12-06T05:57:53.778+0000] {processor.py:840} INFO - DAG(s) 'example_python_operator' retrieved from /home/airflow/.local/lib/python3.8/site-packages/airflow/example_dags/example_python_operator.py
[2025-12-06T05:57:53.809+0000] {logging_mixin.py:188} INFO - [2025-12-06T05:57:53.809+0000] {dag.py:3036} INFO - Sync 1 DAGs
[2025-12-06T05:57:53.830+0000] {logging_mixin.py:188} INFO - [2025-12-06T05:57:53.829+0000] {dag.py:3823} INFO - Setting next_dagrun for example_python_operator to None, run_after=None
[2025-12-06T05:57:53.859+0000] {processor.py:183} INFO - Processing /home/airflow/.local/lib/python3.8/site-packages/airflow/example_dags/example_python_operator.py took 0.108 seconds
[2025-12-06T05:58:24.461+0000] {processor.py:161} INFO - Started process (PID=1478) to work on /home/airflow/.local/lib/python3.8/site-packages/airflow/example_dags/example_python_operator.py
[2025-12-06T05:58:24.462+0000] {processor.py:830} INFO - Processing file /home/airflow/.local/lib/python3.8/site-packages/airflow/example_dags/example_python_operator.py for tasks to queue
[2025-12-06T05:58:24.465+0000] {logging_mixin.py:188} INFO - [2025-12-06T05:58:24.465+0000] {dagbag.py:538} INFO - Filling up the DagBag from /home/airflow/.local/lib/python3.8/site-packages/airflow/example_dags/example_python_operator.py
[2025-12-06T05:58:24.480+0000] {processor.py:840} INFO - DAG(s) 'example_python_operator' retrieved from /home/airflow/.local/lib/python3.8/site-packages/airflow/example_dags/example_python_operator.py
[2025-12-06T05:58:24.514+0000] {logging_mixin.py:188} INFO - [2025-12-06T05:58:24.514+0000] {dag.py:3036} INFO - Sync 1 DAGs
[2025-12-06T05:58:24.533+0000] {logging_mixin.py:188} INFO - [2025-12-06T05:58:24.533+0000] {dag.py:3823} INFO - Setting next_dagrun for example_python_operator to None, run_after=None
[2025-12-06T05:58:24.562+0000] {processor.py:183} INFO - Processing /home/airflow/.local/lib/python3.8/site-packages/airflow/example_dags/example_python_operator.py took 0.106 seconds
[2025-12-06T05:58:54.629+0000] {processor.py:161} INFO - Started process (PID=1534) to work on /home/airflow/.local/lib/python3.8/site-packages/airflow/example_dags/example_python_operator.py
[2025-12-06T05:58:54.631+0000] {processor.py:830} INFO - Processing file /home/airflow/.local/lib/python3.8/site-packages/airflow/example_dags/example_python_operator.py for tasks to queue
[2025-12-06T05:58:54.634+0000] {logging_mixin.py:188} INFO - [2025-12-06T05:58:54.633+0000] {dagbag.py:538} INFO - Filling up the DagBag from /home/airflow/.local/lib/python3.8/site-packages/airflow/example_dags/example_python_operator.py
[2025-12-06T05:58:54.650+0000] {processor.py:840} INFO - DAG(s) 'example_python_operator' retrieved from /home/airflow/.local/lib/python3.8/site-packages/airflow/example_dags/example_python_operator.py
[2025-12-06T05:58:54.692+0000] {logging_mixin.py:188} INFO - [2025-12-06T05:58:54.692+0000] {dag.py:3036} INFO - Sync 1 DAGs
[2025-12-06T05:58:54.708+0000] {logging_mixin.py:188} INFO - [2025-12-06T05:58:54.708+0000] {dag.py:3823} INFO - Setting next_dagrun for example_python_operator to None, run_after=None
[2025-12-06T05:58:54.740+0000] {processor.py:183} INFO - Processing /home/airflow/.local/lib/python3.8/site-packages/airflow/example_dags/example_python_operator.py took 0.116 seconds
[2025-12-06T08:56:09.978+0000] {processor.py:161} INFO - Started process (PID=96) to work on /home/airflow/.local/lib/python3.8/site-packages/airflow/example_dags/example_python_operator.py
[2025-12-06T08:56:09.980+0000] {processor.py:830} INFO - Processing file /home/airflow/.local/lib/python3.8/site-packages/airflow/example_dags/example_python_operator.py for tasks to queue
[2025-12-06T08:56:09.984+0000] {logging_mixin.py:188} INFO - [2025-12-06T08:56:09.983+0000] {dagbag.py:538} INFO - Filling up the DagBag from /home/airflow/.local/lib/python3.8/site-packages/airflow/example_dags/example_python_operator.py
[2025-12-06T08:56:10.002+0000] {processor.py:840} INFO - DAG(s) 'example_python_operator' retrieved from /home/airflow/.local/lib/python3.8/site-packages/airflow/example_dags/example_python_operator.py
[2025-12-06T08:56:10.263+0000] {logging_mixin.py:188} INFO - [2025-12-06T08:56:10.263+0000] {dag.py:3036} INFO - Sync 1 DAGs
[2025-12-06T08:56:10.283+0000] {logging_mixin.py:188} INFO - [2025-12-06T08:56:10.281+0000] {dag.py:3823} INFO - Setting next_dagrun for example_python_operator to None, run_after=None
[2025-12-06T08:56:10.369+0000] {processor.py:183} INFO - Processing /home/airflow/.local/lib/python3.8/site-packages/airflow/example_dags/example_python_operator.py took 0.404 seconds
[2025-12-06T08:56:40.537+0000] {processor.py:161} INFO - Started process (PID=155) to work on /home/airflow/.local/lib/python3.8/site-packages/airflow/example_dags/example_python_operator.py
[2025-12-06T08:56:40.540+0000] {processor.py:830} INFO - Processing file /home/airflow/.local/lib/python3.8/site-packages/airflow/example_dags/example_python_operator.py for tasks to queue
[2025-12-06T08:56:40.542+0000] {logging_mixin.py:188} INFO - [2025-12-06T08:56:40.542+0000] {dagbag.py:538} INFO - Filling up the DagBag from /home/airflow/.local/lib/python3.8/site-packages/airflow/example_dags/example_python_operator.py
[2025-12-06T08:56:40.560+0000] {processor.py:840} INFO - DAG(s) 'example_python_operator' retrieved from /home/airflow/.local/lib/python3.8/site-packages/airflow/example_dags/example_python_operator.py
[2025-12-06T08:56:40.596+0000] {logging_mixin.py:188} INFO - [2025-12-06T08:56:40.596+0000] {dag.py:3036} INFO - Sync 1 DAGs
[2025-12-06T08:56:40.617+0000] {logging_mixin.py:188} INFO - [2025-12-06T08:56:40.617+0000] {dag.py:3823} INFO - Setting next_dagrun for example_python_operator to None, run_after=None
[2025-12-06T08:56:40.655+0000] {processor.py:183} INFO - Processing /home/airflow/.local/lib/python3.8/site-packages/airflow/example_dags/example_python_operator.py took 0.122 seconds
[2025-12-06T08:57:10.712+0000] {processor.py:161} INFO - Started process (PID=214) to work on /home/airflow/.local/lib/python3.8/site-packages/airflow/example_dags/example_python_operator.py
[2025-12-06T08:57:10.714+0000] {processor.py:830} INFO - Processing file /home/airflow/.local/lib/python3.8/site-packages/airflow/example_dags/example_python_operator.py for tasks to queue
[2025-12-06T08:57:10.718+0000] {logging_mixin.py:188} INFO - [2025-12-06T08:57:10.718+0000] {dagbag.py:538} INFO - Filling up the DagBag from /home/airflow/.local/lib/python3.8/site-packages/airflow/example_dags/example_python_operator.py
[2025-12-06T08:57:10.735+0000] {processor.py:840} INFO - DAG(s) 'example_python_operator' retrieved from /home/airflow/.local/lib/python3.8/site-packages/airflow/example_dags/example_python_operator.py
[2025-12-06T08:57:10.772+0000] {logging_mixin.py:188} INFO - [2025-12-06T08:57:10.771+0000] {dag.py:3036} INFO - Sync 1 DAGs
[2025-12-06T08:57:10.794+0000] {logging_mixin.py:188} INFO - [2025-12-06T08:57:10.794+0000] {dag.py:3823} INFO - Setting next_dagrun for example_python_operator to None, run_after=None
[2025-12-06T08:57:10.829+0000] {processor.py:183} INFO - Processing /home/airflow/.local/lib/python3.8/site-packages/airflow/example_dags/example_python_operator.py took 0.123 seconds
[2025-12-06T08:57:41.237+0000] {processor.py:161} INFO - Started process (PID=273) to work on /home/airflow/.local/lib/python3.8/site-packages/airflow/example_dags/example_python_operator.py
[2025-12-06T08:57:41.239+0000] {processor.py:830} INFO - Processing file /home/airflow/.local/lib/python3.8/site-packages/airflow/example_dags/example_python_operator.py for tasks to queue
[2025-12-06T08:57:41.243+0000] {logging_mixin.py:188} INFO - [2025-12-06T08:57:41.242+0000] {dagbag.py:538} INFO - Filling up the DagBag from /home/airflow/.local/lib/python3.8/site-packages/airflow/example_dags/example_python_operator.py
[2025-12-06T08:57:41.261+0000] {processor.py:840} INFO - DAG(s) 'example_python_operator' retrieved from /home/airflow/.local/lib/python3.8/site-packages/airflow/example_dags/example_python_operator.py
[2025-12-06T08:57:41.299+0000] {logging_mixin.py:188} INFO - [2025-12-06T08:57:41.298+0000] {dag.py:3036} INFO - Sync 1 DAGs
[2025-12-06T08:57:41.319+0000] {logging_mixin.py:188} INFO - [2025-12-06T08:57:41.319+0000] {dag.py:3823} INFO - Setting next_dagrun for example_python_operator to None, run_after=None
[2025-12-06T08:57:41.353+0000] {processor.py:183} INFO - Processing /home/airflow/.local/lib/python3.8/site-packages/airflow/example_dags/example_python_operator.py took 0.122 seconds
[2025-12-06T08:58:11.550+0000] {processor.py:161} INFO - Started process (PID=332) to work on /home/airflow/.local/lib/python3.8/site-packages/airflow/example_dags/example_python_operator.py
[2025-12-06T08:58:11.552+0000] {processor.py:830} INFO - Processing file /home/airflow/.local/lib/python3.8/site-packages/airflow/example_dags/example_python_operator.py for tasks to queue
[2025-12-06T08:58:11.555+0000] {logging_mixin.py:188} INFO - [2025-12-06T08:58:11.554+0000] {dagbag.py:538} INFO - Filling up the DagBag from /home/airflow/.local/lib/python3.8/site-packages/airflow/example_dags/example_python_operator.py
[2025-12-06T08:58:11.569+0000] {processor.py:840} INFO - DAG(s) 'example_python_operator' retrieved from /home/airflow/.local/lib/python3.8/site-packages/airflow/example_dags/example_python_operator.py
[2025-12-06T08:58:11.601+0000] {logging_mixin.py:188} INFO - [2025-12-06T08:58:11.601+0000] {dag.py:3036} INFO - Sync 1 DAGs
[2025-12-06T08:58:11.617+0000] {logging_mixin.py:188} INFO - [2025-12-06T08:58:11.617+0000] {dag.py:3823} INFO - Setting next_dagrun for example_python_operator to None, run_after=None
[2025-12-06T08:58:11.649+0000] {processor.py:183} INFO - Processing /home/airflow/.local/lib/python3.8/site-packages/airflow/example_dags/example_python_operator.py took 0.103 seconds
[2025-12-06T08:58:41.975+0000] {processor.py:161} INFO - Started process (PID=391) to work on /home/airflow/.local/lib/python3.8/site-packages/airflow/example_dags/example_python_operator.py
[2025-12-06T08:58:41.977+0000] {processor.py:830} INFO - Processing file /home/airflow/.local/lib/python3.8/site-packages/airflow/example_dags/example_python_operator.py for tasks to queue
[2025-12-06T08:58:41.981+0000] {logging_mixin.py:188} INFO - [2025-12-06T08:58:41.980+0000] {dagbag.py:538} INFO - Filling up the DagBag from /home/airflow/.local/lib/python3.8/site-packages/airflow/example_dags/example_python_operator.py
[2025-12-06T08:58:42.001+0000] {processor.py:840} INFO - DAG(s) 'example_python_operator' retrieved from /home/airflow/.local/lib/python3.8/site-packages/airflow/example_dags/example_python_operator.py
[2025-12-06T08:58:42.042+0000] {logging_mixin.py:188} INFO - [2025-12-06T08:58:42.041+0000] {dag.py:3036} INFO - Sync 1 DAGs
[2025-12-06T08:58:42.068+0000] {logging_mixin.py:188} INFO - [2025-12-06T08:58:42.068+0000] {dag.py:3823} INFO - Setting next_dagrun for example_python_operator to None, run_after=None
[2025-12-06T08:58:42.100+0000] {processor.py:183} INFO - Processing /home/airflow/.local/lib/python3.8/site-packages/airflow/example_dags/example_python_operator.py took 0.131 seconds
[2025-12-06T08:59:12.200+0000] {processor.py:161} INFO - Started process (PID=450) to work on /home/airflow/.local/lib/python3.8/site-packages/airflow/example_dags/example_python_operator.py
[2025-12-06T08:59:12.202+0000] {processor.py:830} INFO - Processing file /home/airflow/.local/lib/python3.8/site-packages/airflow/example_dags/example_python_operator.py for tasks to queue
[2025-12-06T08:59:12.206+0000] {logging_mixin.py:188} INFO - [2025-12-06T08:59:12.205+0000] {dagbag.py:538} INFO - Filling up the DagBag from /home/airflow/.local/lib/python3.8/site-packages/airflow/example_dags/example_python_operator.py
[2025-12-06T08:59:12.222+0000] {processor.py:840} INFO - DAG(s) 'example_python_operator' retrieved from /home/airflow/.local/lib/python3.8/site-packages/airflow/example_dags/example_python_operator.py
[2025-12-06T08:59:12.260+0000] {logging_mixin.py:188} INFO - [2025-12-06T08:59:12.259+0000] {dag.py:3036} INFO - Sync 1 DAGs
[2025-12-06T08:59:12.282+0000] {logging_mixin.py:188} INFO - [2025-12-06T08:59:12.282+0000] {dag.py:3823} INFO - Setting next_dagrun for example_python_operator to None, run_after=None
[2025-12-06T08:59:12.312+0000] {processor.py:183} INFO - Processing /home/airflow/.local/lib/python3.8/site-packages/airflow/example_dags/example_python_operator.py took 0.116 seconds
[2025-12-06T08:59:43.147+0000] {processor.py:161} INFO - Started process (PID=509) to work on /home/airflow/.local/lib/python3.8/site-packages/airflow/example_dags/example_python_operator.py
[2025-12-06T08:59:43.149+0000] {processor.py:830} INFO - Processing file /home/airflow/.local/lib/python3.8/site-packages/airflow/example_dags/example_python_operator.py for tasks to queue
[2025-12-06T08:59:43.154+0000] {logging_mixin.py:188} INFO - [2025-12-06T08:59:43.153+0000] {dagbag.py:538} INFO - Filling up the DagBag from /home/airflow/.local/lib/python3.8/site-packages/airflow/example_dags/example_python_operator.py
[2025-12-06T08:59:43.175+0000] {processor.py:840} INFO - DAG(s) 'example_python_operator' retrieved from /home/airflow/.local/lib/python3.8/site-packages/airflow/example_dags/example_python_operator.py
[2025-12-06T08:59:43.221+0000] {logging_mixin.py:188} INFO - [2025-12-06T08:59:43.221+0000] {dag.py:3036} INFO - Sync 1 DAGs
[2025-12-06T08:59:43.243+0000] {logging_mixin.py:188} INFO - [2025-12-06T08:59:43.243+0000] {dag.py:3823} INFO - Setting next_dagrun for example_python_operator to None, run_after=None
[2025-12-06T08:59:43.282+0000] {processor.py:183} INFO - Processing /home/airflow/.local/lib/python3.8/site-packages/airflow/example_dags/example_python_operator.py took 0.141 seconds
[2025-12-06T09:00:14.091+0000] {processor.py:161} INFO - Started process (PID=568) to work on /home/airflow/.local/lib/python3.8/site-packages/airflow/example_dags/example_python_operator.py
[2025-12-06T09:00:14.095+0000] {processor.py:830} INFO - Processing file /home/airflow/.local/lib/python3.8/site-packages/airflow/example_dags/example_python_operator.py for tasks to queue
[2025-12-06T09:00:14.100+0000] {logging_mixin.py:188} INFO - [2025-12-06T09:00:14.099+0000] {dagbag.py:538} INFO - Filling up the DagBag from /home/airflow/.local/lib/python3.8/site-packages/airflow/example_dags/example_python_operator.py
[2025-12-06T09:00:14.128+0000] {processor.py:840} INFO - DAG(s) 'example_python_operator' retrieved from /home/airflow/.local/lib/python3.8/site-packages/airflow/example_dags/example_python_operator.py
[2025-12-06T09:00:14.172+0000] {logging_mixin.py:188} INFO - [2025-12-06T09:00:14.171+0000] {dag.py:3036} INFO - Sync 1 DAGs
[2025-12-06T09:00:14.191+0000] {logging_mixin.py:188} INFO - [2025-12-06T09:00:14.190+0000] {dag.py:3823} INFO - Setting next_dagrun for example_python_operator to None, run_after=None
[2025-12-06T09:00:14.230+0000] {processor.py:183} INFO - Processing /home/airflow/.local/lib/python3.8/site-packages/airflow/example_dags/example_python_operator.py took 0.145 seconds
[2025-12-06T09:00:45.227+0000] {processor.py:161} INFO - Started process (PID=627) to work on /home/airflow/.local/lib/python3.8/site-packages/airflow/example_dags/example_python_operator.py
[2025-12-06T09:00:45.228+0000] {processor.py:830} INFO - Processing file /home/airflow/.local/lib/python3.8/site-packages/airflow/example_dags/example_python_operator.py for tasks to queue
[2025-12-06T09:00:45.231+0000] {logging_mixin.py:188} INFO - [2025-12-06T09:00:45.231+0000] {dagbag.py:538} INFO - Filling up the DagBag from /home/airflow/.local/lib/python3.8/site-packages/airflow/example_dags/example_python_operator.py
[2025-12-06T09:00:45.250+0000] {processor.py:840} INFO - DAG(s) 'example_python_operator' retrieved from /home/airflow/.local/lib/python3.8/site-packages/airflow/example_dags/example_python_operator.py
[2025-12-06T09:00:45.297+0000] {logging_mixin.py:188} INFO - [2025-12-06T09:00:45.296+0000] {dag.py:3036} INFO - Sync 1 DAGs
[2025-12-06T09:00:45.323+0000] {logging_mixin.py:188} INFO - [2025-12-06T09:00:45.322+0000] {dag.py:3823} INFO - Setting next_dagrun for example_python_operator to None, run_after=None
[2025-12-06T09:00:45.363+0000] {processor.py:183} INFO - Processing /home/airflow/.local/lib/python3.8/site-packages/airflow/example_dags/example_python_operator.py took 0.140 seconds
[2025-12-06T09:01:16.137+0000] {processor.py:161} INFO - Started process (PID=686) to work on /home/airflow/.local/lib/python3.8/site-packages/airflow/example_dags/example_python_operator.py
[2025-12-06T09:01:16.139+0000] {processor.py:830} INFO - Processing file /home/airflow/.local/lib/python3.8/site-packages/airflow/example_dags/example_python_operator.py for tasks to queue
[2025-12-06T09:01:16.143+0000] {logging_mixin.py:188} INFO - [2025-12-06T09:01:16.142+0000] {dagbag.py:538} INFO - Filling up the DagBag from /home/airflow/.local/lib/python3.8/site-packages/airflow/example_dags/example_python_operator.py
[2025-12-06T09:01:16.160+0000] {processor.py:840} INFO - DAG(s) 'example_python_operator' retrieved from /home/airflow/.local/lib/python3.8/site-packages/airflow/example_dags/example_python_operator.py
[2025-12-06T09:01:16.203+0000] {logging_mixin.py:188} INFO - [2025-12-06T09:01:16.203+0000] {dag.py:3036} INFO - Sync 1 DAGs
[2025-12-06T09:01:16.228+0000] {logging_mixin.py:188} INFO - [2025-12-06T09:01:16.228+0000] {dag.py:3823} INFO - Setting next_dagrun for example_python_operator to None, run_after=None
[2025-12-06T09:01:16.271+0000] {processor.py:183} INFO - Processing /home/airflow/.local/lib/python3.8/site-packages/airflow/example_dags/example_python_operator.py took 0.139 seconds
[2025-12-06T09:01:46.548+0000] {processor.py:161} INFO - Started process (PID=745) to work on /home/airflow/.local/lib/python3.8/site-packages/airflow/example_dags/example_python_operator.py
[2025-12-06T09:01:46.550+0000] {processor.py:830} INFO - Processing file /home/airflow/.local/lib/python3.8/site-packages/airflow/example_dags/example_python_operator.py for tasks to queue
[2025-12-06T09:01:46.553+0000] {logging_mixin.py:188} INFO - [2025-12-06T09:01:46.552+0000] {dagbag.py:538} INFO - Filling up the DagBag from /home/airflow/.local/lib/python3.8/site-packages/airflow/example_dags/example_python_operator.py
[2025-12-06T09:01:46.568+0000] {processor.py:840} INFO - DAG(s) 'example_python_operator' retrieved from /home/airflow/.local/lib/python3.8/site-packages/airflow/example_dags/example_python_operator.py
[2025-12-06T09:01:46.600+0000] {logging_mixin.py:188} INFO - [2025-12-06T09:01:46.600+0000] {dag.py:3036} INFO - Sync 1 DAGs
[2025-12-06T09:01:46.617+0000] {logging_mixin.py:188} INFO - [2025-12-06T09:01:46.616+0000] {dag.py:3823} INFO - Setting next_dagrun for example_python_operator to None, run_after=None
[2025-12-06T09:01:46.650+0000] {processor.py:183} INFO - Processing /home/airflow/.local/lib/python3.8/site-packages/airflow/example_dags/example_python_operator.py took 0.106 seconds
[2025-12-06T09:02:17.027+0000] {processor.py:161} INFO - Started process (PID=804) to work on /home/airflow/.local/lib/python3.8/site-packages/airflow/example_dags/example_python_operator.py
[2025-12-06T09:02:17.030+0000] {processor.py:830} INFO - Processing file /home/airflow/.local/lib/python3.8/site-packages/airflow/example_dags/example_python_operator.py for tasks to queue
[2025-12-06T09:02:17.033+0000] {logging_mixin.py:188} INFO - [2025-12-06T09:02:17.032+0000] {dagbag.py:538} INFO - Filling up the DagBag from /home/airflow/.local/lib/python3.8/site-packages/airflow/example_dags/example_python_operator.py
[2025-12-06T09:02:17.050+0000] {processor.py:840} INFO - DAG(s) 'example_python_operator' retrieved from /home/airflow/.local/lib/python3.8/site-packages/airflow/example_dags/example_python_operator.py
[2025-12-06T09:02:17.085+0000] {logging_mixin.py:188} INFO - [2025-12-06T09:02:17.085+0000] {dag.py:3036} INFO - Sync 1 DAGs
[2025-12-06T09:02:17.102+0000] {logging_mixin.py:188} INFO - [2025-12-06T09:02:17.102+0000] {dag.py:3823} INFO - Setting next_dagrun for example_python_operator to None, run_after=None
[2025-12-06T09:02:17.138+0000] {processor.py:183} INFO - Processing /home/airflow/.local/lib/python3.8/site-packages/airflow/example_dags/example_python_operator.py took 0.116 seconds
[2025-12-06T09:02:47.347+0000] {processor.py:161} INFO - Started process (PID=863) to work on /home/airflow/.local/lib/python3.8/site-packages/airflow/example_dags/example_python_operator.py
[2025-12-06T09:02:47.349+0000] {processor.py:830} INFO - Processing file /home/airflow/.local/lib/python3.8/site-packages/airflow/example_dags/example_python_operator.py for tasks to queue
[2025-12-06T09:02:47.352+0000] {logging_mixin.py:188} INFO - [2025-12-06T09:02:47.352+0000] {dagbag.py:538} INFO - Filling up the DagBag from /home/airflow/.local/lib/python3.8/site-packages/airflow/example_dags/example_python_operator.py
[2025-12-06T09:02:47.365+0000] {processor.py:840} INFO - DAG(s) 'example_python_operator' retrieved from /home/airflow/.local/lib/python3.8/site-packages/airflow/example_dags/example_python_operator.py
[2025-12-06T09:02:47.396+0000] {logging_mixin.py:188} INFO - [2025-12-06T09:02:47.396+0000] {dag.py:3036} INFO - Sync 1 DAGs
[2025-12-06T09:02:47.413+0000] {logging_mixin.py:188} INFO - [2025-12-06T09:02:47.413+0000] {dag.py:3823} INFO - Setting next_dagrun for example_python_operator to None, run_after=None
[2025-12-06T09:02:47.442+0000] {processor.py:183} INFO - Processing /home/airflow/.local/lib/python3.8/site-packages/airflow/example_dags/example_python_operator.py took 0.099 seconds
[2025-12-06T09:03:17.814+0000] {processor.py:161} INFO - Started process (PID=922) to work on /home/airflow/.local/lib/python3.8/site-packages/airflow/example_dags/example_python_operator.py
[2025-12-06T09:03:17.816+0000] {processor.py:830} INFO - Processing file /home/airflow/.local/lib/python3.8/site-packages/airflow/example_dags/example_python_operator.py for tasks to queue
[2025-12-06T09:03:17.818+0000] {logging_mixin.py:188} INFO - [2025-12-06T09:03:17.818+0000] {dagbag.py:538} INFO - Filling up the DagBag from /home/airflow/.local/lib/python3.8/site-packages/airflow/example_dags/example_python_operator.py
[2025-12-06T09:03:17.837+0000] {processor.py:840} INFO - DAG(s) 'example_python_operator' retrieved from /home/airflow/.local/lib/python3.8/site-packages/airflow/example_dags/example_python_operator.py
[2025-12-06T09:03:17.872+0000] {logging_mixin.py:188} INFO - [2025-12-06T09:03:17.872+0000] {dag.py:3036} INFO - Sync 1 DAGs
[2025-12-06T09:03:17.892+0000] {logging_mixin.py:188} INFO - [2025-12-06T09:03:17.892+0000] {dag.py:3823} INFO - Setting next_dagrun for example_python_operator to None, run_after=None
[2025-12-06T09:03:17.925+0000] {processor.py:183} INFO - Processing /home/airflow/.local/lib/python3.8/site-packages/airflow/example_dags/example_python_operator.py took 0.116 seconds
[2025-12-06T09:03:48.076+0000] {processor.py:161} INFO - Started process (PID=981) to work on /home/airflow/.local/lib/python3.8/site-packages/airflow/example_dags/example_python_operator.py
[2025-12-06T09:03:48.077+0000] {processor.py:830} INFO - Processing file /home/airflow/.local/lib/python3.8/site-packages/airflow/example_dags/example_python_operator.py for tasks to queue
[2025-12-06T09:03:48.080+0000] {logging_mixin.py:188} INFO - [2025-12-06T09:03:48.079+0000] {dagbag.py:538} INFO - Filling up the DagBag from /home/airflow/.local/lib/python3.8/site-packages/airflow/example_dags/example_python_operator.py
[2025-12-06T09:03:48.095+0000] {processor.py:840} INFO - DAG(s) 'example_python_operator' retrieved from /home/airflow/.local/lib/python3.8/site-packages/airflow/example_dags/example_python_operator.py
[2025-12-06T09:03:48.128+0000] {logging_mixin.py:188} INFO - [2025-12-06T09:03:48.128+0000] {dag.py:3036} INFO - Sync 1 DAGs
[2025-12-06T09:03:48.145+0000] {logging_mixin.py:188} INFO - [2025-12-06T09:03:48.145+0000] {dag.py:3823} INFO - Setting next_dagrun for example_python_operator to None, run_after=None
[2025-12-06T09:03:48.173+0000] {processor.py:183} INFO - Processing /home/airflow/.local/lib/python3.8/site-packages/airflow/example_dags/example_python_operator.py took 0.102 seconds
[2025-12-06T09:04:18.776+0000] {processor.py:161} INFO - Started process (PID=1040) to work on /home/airflow/.local/lib/python3.8/site-packages/airflow/example_dags/example_python_operator.py
[2025-12-06T09:04:18.778+0000] {processor.py:830} INFO - Processing file /home/airflow/.local/lib/python3.8/site-packages/airflow/example_dags/example_python_operator.py for tasks to queue
[2025-12-06T09:04:18.782+0000] {logging_mixin.py:188} INFO - [2025-12-06T09:04:18.781+0000] {dagbag.py:538} INFO - Filling up the DagBag from /home/airflow/.local/lib/python3.8/site-packages/airflow/example_dags/example_python_operator.py
[2025-12-06T09:04:18.801+0000] {processor.py:840} INFO - DAG(s) 'example_python_operator' retrieved from /home/airflow/.local/lib/python3.8/site-packages/airflow/example_dags/example_python_operator.py
[2025-12-06T09:04:18.836+0000] {logging_mixin.py:188} INFO - [2025-12-06T09:04:18.836+0000] {dag.py:3036} INFO - Sync 1 DAGs
[2025-12-06T09:04:18.858+0000] {logging_mixin.py:188} INFO - [2025-12-06T09:04:18.858+0000] {dag.py:3823} INFO - Setting next_dagrun for example_python_operator to None, run_after=None
[2025-12-06T09:04:18.889+0000] {processor.py:183} INFO - Processing /home/airflow/.local/lib/python3.8/site-packages/airflow/example_dags/example_python_operator.py took 0.120 seconds
[2025-12-06T09:04:49.876+0000] {processor.py:161} INFO - Started process (PID=1099) to work on /home/airflow/.local/lib/python3.8/site-packages/airflow/example_dags/example_python_operator.py
[2025-12-06T09:04:49.878+0000] {processor.py:830} INFO - Processing file /home/airflow/.local/lib/python3.8/site-packages/airflow/example_dags/example_python_operator.py for tasks to queue
[2025-12-06T09:04:49.881+0000] {logging_mixin.py:188} INFO - [2025-12-06T09:04:49.880+0000] {dagbag.py:538} INFO - Filling up the DagBag from /home/airflow/.local/lib/python3.8/site-packages/airflow/example_dags/example_python_operator.py
[2025-12-06T09:04:49.895+0000] {processor.py:840} INFO - DAG(s) 'example_python_operator' retrieved from /home/airflow/.local/lib/python3.8/site-packages/airflow/example_dags/example_python_operator.py
[2025-12-06T09:04:49.926+0000] {logging_mixin.py:188} INFO - [2025-12-06T09:04:49.925+0000] {dag.py:3036} INFO - Sync 1 DAGs
[2025-12-06T09:04:49.942+0000] {logging_mixin.py:188} INFO - [2025-12-06T09:04:49.942+0000] {dag.py:3823} INFO - Setting next_dagrun for example_python_operator to None, run_after=None
[2025-12-06T09:04:49.975+0000] {processor.py:183} INFO - Processing /home/airflow/.local/lib/python3.8/site-packages/airflow/example_dags/example_python_operator.py took 0.104 seconds
[2025-12-06T09:05:20.446+0000] {processor.py:161} INFO - Started process (PID=1158) to work on /home/airflow/.local/lib/python3.8/site-packages/airflow/example_dags/example_python_operator.py
[2025-12-06T09:05:20.447+0000] {processor.py:830} INFO - Processing file /home/airflow/.local/lib/python3.8/site-packages/airflow/example_dags/example_python_operator.py for tasks to queue
[2025-12-06T09:05:20.450+0000] {logging_mixin.py:188} INFO - [2025-12-06T09:05:20.449+0000] {dagbag.py:538} INFO - Filling up the DagBag from /home/airflow/.local/lib/python3.8/site-packages/airflow/example_dags/example_python_operator.py
[2025-12-06T09:05:20.468+0000] {processor.py:840} INFO - DAG(s) 'example_python_operator' retrieved from /home/airflow/.local/lib/python3.8/site-packages/airflow/example_dags/example_python_operator.py
[2025-12-06T09:05:20.501+0000] {logging_mixin.py:188} INFO - [2025-12-06T09:05:20.501+0000] {dag.py:3036} INFO - Sync 1 DAGs
[2025-12-06T09:05:20.517+0000] {logging_mixin.py:188} INFO - [2025-12-06T09:05:20.517+0000] {dag.py:3823} INFO - Setting next_dagrun for example_python_operator to None, run_after=None
[2025-12-06T09:05:20.553+0000] {processor.py:183} INFO - Processing /home/airflow/.local/lib/python3.8/site-packages/airflow/example_dags/example_python_operator.py took 0.112 seconds
[2025-12-06T09:05:51.089+0000] {processor.py:161} INFO - Started process (PID=1218) to work on /home/airflow/.local/lib/python3.8/site-packages/airflow/example_dags/example_python_operator.py
[2025-12-06T09:05:51.090+0000] {processor.py:830} INFO - Processing file /home/airflow/.local/lib/python3.8/site-packages/airflow/example_dags/example_python_operator.py for tasks to queue
[2025-12-06T09:05:51.093+0000] {logging_mixin.py:188} INFO - [2025-12-06T09:05:51.092+0000] {dagbag.py:538} INFO - Filling up the DagBag from /home/airflow/.local/lib/python3.8/site-packages/airflow/example_dags/example_python_operator.py
[2025-12-06T09:05:51.114+0000] {processor.py:840} INFO - DAG(s) 'example_python_operator' retrieved from /home/airflow/.local/lib/python3.8/site-packages/airflow/example_dags/example_python_operator.py
[2025-12-06T09:05:51.156+0000] {logging_mixin.py:188} INFO - [2025-12-06T09:05:51.156+0000] {dag.py:3036} INFO - Sync 1 DAGs
[2025-12-06T09:05:51.176+0000] {logging_mixin.py:188} INFO - [2025-12-06T09:05:51.176+0000] {dag.py:3823} INFO - Setting next_dagrun for example_python_operator to None, run_after=None
[2025-12-06T09:05:51.215+0000] {processor.py:183} INFO - Processing /home/airflow/.local/lib/python3.8/site-packages/airflow/example_dags/example_python_operator.py took 0.130 seconds
[2025-12-06T09:06:21.556+0000] {processor.py:161} INFO - Started process (PID=1277) to work on /home/airflow/.local/lib/python3.8/site-packages/airflow/example_dags/example_python_operator.py
[2025-12-06T09:06:21.557+0000] {processor.py:830} INFO - Processing file /home/airflow/.local/lib/python3.8/site-packages/airflow/example_dags/example_python_operator.py for tasks to queue
[2025-12-06T09:06:21.561+0000] {logging_mixin.py:188} INFO - [2025-12-06T09:06:21.560+0000] {dagbag.py:538} INFO - Filling up the DagBag from /home/airflow/.local/lib/python3.8/site-packages/airflow/example_dags/example_python_operator.py
[2025-12-06T09:06:21.576+0000] {processor.py:840} INFO - DAG(s) 'example_python_operator' retrieved from /home/airflow/.local/lib/python3.8/site-packages/airflow/example_dags/example_python_operator.py
[2025-12-06T09:06:21.616+0000] {logging_mixin.py:188} INFO - [2025-12-06T09:06:21.615+0000] {dag.py:3036} INFO - Sync 1 DAGs
[2025-12-06T09:06:21.638+0000] {logging_mixin.py:188} INFO - [2025-12-06T09:06:21.638+0000] {dag.py:3823} INFO - Setting next_dagrun for example_python_operator to None, run_after=None
[2025-12-06T09:06:21.675+0000] {processor.py:183} INFO - Processing /home/airflow/.local/lib/python3.8/site-packages/airflow/example_dags/example_python_operator.py took 0.124 seconds
[2025-12-06T09:06:52.029+0000] {processor.py:161} INFO - Started process (PID=1337) to work on /home/airflow/.local/lib/python3.8/site-packages/airflow/example_dags/example_python_operator.py
[2025-12-06T09:06:52.030+0000] {processor.py:830} INFO - Processing file /home/airflow/.local/lib/python3.8/site-packages/airflow/example_dags/example_python_operator.py for tasks to queue
[2025-12-06T09:06:52.032+0000] {logging_mixin.py:188} INFO - [2025-12-06T09:06:52.032+0000] {dagbag.py:538} INFO - Filling up the DagBag from /home/airflow/.local/lib/python3.8/site-packages/airflow/example_dags/example_python_operator.py
[2025-12-06T09:06:52.046+0000] {processor.py:840} INFO - DAG(s) 'example_python_operator' retrieved from /home/airflow/.local/lib/python3.8/site-packages/airflow/example_dags/example_python_operator.py
[2025-12-06T09:06:52.074+0000] {logging_mixin.py:188} INFO - [2025-12-06T09:06:52.074+0000] {dag.py:3036} INFO - Sync 1 DAGs
[2025-12-06T09:06:52.094+0000] {logging_mixin.py:188} INFO - [2025-12-06T09:06:52.093+0000] {dag.py:3823} INFO - Setting next_dagrun for example_python_operator to None, run_after=None
[2025-12-06T09:06:52.124+0000] {processor.py:183} INFO - Processing /home/airflow/.local/lib/python3.8/site-packages/airflow/example_dags/example_python_operator.py took 0.100 seconds
[2025-12-06T09:07:22.514+0000] {processor.py:161} INFO - Started process (PID=1396) to work on /home/airflow/.local/lib/python3.8/site-packages/airflow/example_dags/example_python_operator.py
[2025-12-06T09:07:22.516+0000] {processor.py:830} INFO - Processing file /home/airflow/.local/lib/python3.8/site-packages/airflow/example_dags/example_python_operator.py for tasks to queue
[2025-12-06T09:07:22.520+0000] {logging_mixin.py:188} INFO - [2025-12-06T09:07:22.519+0000] {dagbag.py:538} INFO - Filling up the DagBag from /home/airflow/.local/lib/python3.8/site-packages/airflow/example_dags/example_python_operator.py
[2025-12-06T09:07:22.540+0000] {processor.py:840} INFO - DAG(s) 'example_python_operator' retrieved from /home/airflow/.local/lib/python3.8/site-packages/airflow/example_dags/example_python_operator.py
[2025-12-06T09:07:22.599+0000] {logging_mixin.py:188} INFO - [2025-12-06T09:07:22.599+0000] {dag.py:3036} INFO - Sync 1 DAGs
[2025-12-06T09:07:22.619+0000] {logging_mixin.py:188} INFO - [2025-12-06T09:07:22.619+0000] {dag.py:3823} INFO - Setting next_dagrun for example_python_operator to None, run_after=None
[2025-12-06T09:07:22.654+0000] {processor.py:183} INFO - Processing /home/airflow/.local/lib/python3.8/site-packages/airflow/example_dags/example_python_operator.py took 0.145 seconds
[2025-12-06T09:07:53.028+0000] {processor.py:161} INFO - Started process (PID=1455) to work on /home/airflow/.local/lib/python3.8/site-packages/airflow/example_dags/example_python_operator.py
[2025-12-06T09:07:53.030+0000] {processor.py:830} INFO - Processing file /home/airflow/.local/lib/python3.8/site-packages/airflow/example_dags/example_python_operator.py for tasks to queue
[2025-12-06T09:07:53.034+0000] {logging_mixin.py:188} INFO - [2025-12-06T09:07:53.033+0000] {dagbag.py:538} INFO - Filling up the DagBag from /home/airflow/.local/lib/python3.8/site-packages/airflow/example_dags/example_python_operator.py
[2025-12-06T09:07:53.050+0000] {processor.py:840} INFO - DAG(s) 'example_python_operator' retrieved from /home/airflow/.local/lib/python3.8/site-packages/airflow/example_dags/example_python_operator.py
[2025-12-06T09:07:53.084+0000] {logging_mixin.py:188} INFO - [2025-12-06T09:07:53.083+0000] {dag.py:3036} INFO - Sync 1 DAGs
[2025-12-06T09:07:53.101+0000] {logging_mixin.py:188} INFO - [2025-12-06T09:07:53.100+0000] {dag.py:3823} INFO - Setting next_dagrun for example_python_operator to None, run_after=None
[2025-12-06T09:07:53.134+0000] {processor.py:183} INFO - Processing /home/airflow/.local/lib/python3.8/site-packages/airflow/example_dags/example_python_operator.py took 0.110 seconds
[2025-12-06T09:08:23.610+0000] {processor.py:161} INFO - Started process (PID=1514) to work on /home/airflow/.local/lib/python3.8/site-packages/airflow/example_dags/example_python_operator.py
[2025-12-06T09:08:23.612+0000] {processor.py:830} INFO - Processing file /home/airflow/.local/lib/python3.8/site-packages/airflow/example_dags/example_python_operator.py for tasks to queue
[2025-12-06T09:08:23.618+0000] {logging_mixin.py:188} INFO - [2025-12-06T09:08:23.617+0000] {dagbag.py:538} INFO - Filling up the DagBag from /home/airflow/.local/lib/python3.8/site-packages/airflow/example_dags/example_python_operator.py
[2025-12-06T09:08:23.635+0000] {processor.py:840} INFO - DAG(s) 'example_python_operator' retrieved from /home/airflow/.local/lib/python3.8/site-packages/airflow/example_dags/example_python_operator.py
[2025-12-06T09:08:23.669+0000] {logging_mixin.py:188} INFO - [2025-12-06T09:08:23.668+0000] {dag.py:3036} INFO - Sync 1 DAGs
[2025-12-06T09:08:23.686+0000] {logging_mixin.py:188} INFO - [2025-12-06T09:08:23.685+0000] {dag.py:3823} INFO - Setting next_dagrun for example_python_operator to None, run_after=None
[2025-12-06T09:08:23.720+0000] {processor.py:183} INFO - Processing /home/airflow/.local/lib/python3.8/site-packages/airflow/example_dags/example_python_operator.py took 0.115 seconds
[2025-12-06T09:08:54.024+0000] {processor.py:161} INFO - Started process (PID=1574) to work on /home/airflow/.local/lib/python3.8/site-packages/airflow/example_dags/example_python_operator.py
[2025-12-06T09:08:54.028+0000] {processor.py:830} INFO - Processing file /home/airflow/.local/lib/python3.8/site-packages/airflow/example_dags/example_python_operator.py for tasks to queue
[2025-12-06T09:08:54.032+0000] {logging_mixin.py:188} INFO - [2025-12-06T09:08:54.031+0000] {dagbag.py:538} INFO - Filling up the DagBag from /home/airflow/.local/lib/python3.8/site-packages/airflow/example_dags/example_python_operator.py
[2025-12-06T09:08:54.049+0000] {processor.py:840} INFO - DAG(s) 'example_python_operator' retrieved from /home/airflow/.local/lib/python3.8/site-packages/airflow/example_dags/example_python_operator.py
[2025-12-06T09:08:54.084+0000] {logging_mixin.py:188} INFO - [2025-12-06T09:08:54.084+0000] {dag.py:3036} INFO - Sync 1 DAGs
[2025-12-06T09:08:54.103+0000] {logging_mixin.py:188} INFO - [2025-12-06T09:08:54.102+0000] {dag.py:3823} INFO - Setting next_dagrun for example_python_operator to None, run_after=None
[2025-12-06T09:08:54.136+0000] {processor.py:183} INFO - Processing /home/airflow/.local/lib/python3.8/site-packages/airflow/example_dags/example_python_operator.py took 0.118 seconds
[2025-12-06T09:09:24.696+0000] {processor.py:161} INFO - Started process (PID=1633) to work on /home/airflow/.local/lib/python3.8/site-packages/airflow/example_dags/example_python_operator.py
[2025-12-06T09:09:24.698+0000] {processor.py:830} INFO - Processing file /home/airflow/.local/lib/python3.8/site-packages/airflow/example_dags/example_python_operator.py for tasks to queue
[2025-12-06T09:09:24.701+0000] {logging_mixin.py:188} INFO - [2025-12-06T09:09:24.700+0000] {dagbag.py:538} INFO - Filling up the DagBag from /home/airflow/.local/lib/python3.8/site-packages/airflow/example_dags/example_python_operator.py
[2025-12-06T09:09:24.719+0000] {processor.py:840} INFO - DAG(s) 'example_python_operator' retrieved from /home/airflow/.local/lib/python3.8/site-packages/airflow/example_dags/example_python_operator.py
[2025-12-06T09:09:24.763+0000] {logging_mixin.py:188} INFO - [2025-12-06T09:09:24.763+0000] {dag.py:3036} INFO - Sync 1 DAGs
[2025-12-06T09:09:24.787+0000] {logging_mixin.py:188} INFO - [2025-12-06T09:09:24.787+0000] {dag.py:3823} INFO - Setting next_dagrun for example_python_operator to None, run_after=None
[2025-12-06T09:09:24.825+0000] {processor.py:183} INFO - Processing /home/airflow/.local/lib/python3.8/site-packages/airflow/example_dags/example_python_operator.py took 0.136 seconds
[2025-12-06T09:09:54.937+0000] {processor.py:161} INFO - Started process (PID=1692) to work on /home/airflow/.local/lib/python3.8/site-packages/airflow/example_dags/example_python_operator.py
[2025-12-06T09:09:54.938+0000] {processor.py:830} INFO - Processing file /home/airflow/.local/lib/python3.8/site-packages/airflow/example_dags/example_python_operator.py for tasks to queue
[2025-12-06T09:09:54.941+0000] {logging_mixin.py:188} INFO - [2025-12-06T09:09:54.941+0000] {dagbag.py:538} INFO - Filling up the DagBag from /home/airflow/.local/lib/python3.8/site-packages/airflow/example_dags/example_python_operator.py
[2025-12-06T09:09:54.954+0000] {processor.py:840} INFO - DAG(s) 'example_python_operator' retrieved from /home/airflow/.local/lib/python3.8/site-packages/airflow/example_dags/example_python_operator.py
[2025-12-06T09:09:54.986+0000] {logging_mixin.py:188} INFO - [2025-12-06T09:09:54.986+0000] {dag.py:3036} INFO - Sync 1 DAGs
[2025-12-06T09:09:55.003+0000] {logging_mixin.py:188} INFO - [2025-12-06T09:09:55.003+0000] {dag.py:3823} INFO - Setting next_dagrun for example_python_operator to None, run_after=None
[2025-12-06T09:09:55.033+0000] {processor.py:183} INFO - Processing /home/airflow/.local/lib/python3.8/site-packages/airflow/example_dags/example_python_operator.py took 0.100 seconds
[2025-12-06T09:10:25.169+0000] {processor.py:161} INFO - Started process (PID=1751) to work on /home/airflow/.local/lib/python3.8/site-packages/airflow/example_dags/example_python_operator.py
[2025-12-06T09:10:25.170+0000] {processor.py:830} INFO - Processing file /home/airflow/.local/lib/python3.8/site-packages/airflow/example_dags/example_python_operator.py for tasks to queue
[2025-12-06T09:10:25.173+0000] {logging_mixin.py:188} INFO - [2025-12-06T09:10:25.172+0000] {dagbag.py:538} INFO - Filling up the DagBag from /home/airflow/.local/lib/python3.8/site-packages/airflow/example_dags/example_python_operator.py
[2025-12-06T09:10:25.185+0000] {processor.py:840} INFO - DAG(s) 'example_python_operator' retrieved from /home/airflow/.local/lib/python3.8/site-packages/airflow/example_dags/example_python_operator.py
[2025-12-06T09:10:25.215+0000] {logging_mixin.py:188} INFO - [2025-12-06T09:10:25.215+0000] {dag.py:3036} INFO - Sync 1 DAGs
[2025-12-06T09:10:25.240+0000] {logging_mixin.py:188} INFO - [2025-12-06T09:10:25.240+0000] {dag.py:3823} INFO - Setting next_dagrun for example_python_operator to None, run_after=None
[2025-12-06T09:10:25.276+0000] {processor.py:183} INFO - Processing /home/airflow/.local/lib/python3.8/site-packages/airflow/example_dags/example_python_operator.py took 0.111 seconds
[2025-12-06T09:10:55.352+0000] {processor.py:161} INFO - Started process (PID=1810) to work on /home/airflow/.local/lib/python3.8/site-packages/airflow/example_dags/example_python_operator.py
[2025-12-06T09:10:55.353+0000] {processor.py:830} INFO - Processing file /home/airflow/.local/lib/python3.8/site-packages/airflow/example_dags/example_python_operator.py for tasks to queue
[2025-12-06T09:10:55.357+0000] {logging_mixin.py:188} INFO - [2025-12-06T09:10:55.356+0000] {dagbag.py:538} INFO - Filling up the DagBag from /home/airflow/.local/lib/python3.8/site-packages/airflow/example_dags/example_python_operator.py
[2025-12-06T09:10:55.375+0000] {processor.py:840} INFO - DAG(s) 'example_python_operator' retrieved from /home/airflow/.local/lib/python3.8/site-packages/airflow/example_dags/example_python_operator.py
[2025-12-06T09:10:55.413+0000] {logging_mixin.py:188} INFO - [2025-12-06T09:10:55.413+0000] {dag.py:3036} INFO - Sync 1 DAGs
[2025-12-06T09:10:55.431+0000] {logging_mixin.py:188} INFO - [2025-12-06T09:10:55.431+0000] {dag.py:3823} INFO - Setting next_dagrun for example_python_operator to None, run_after=None
[2025-12-06T09:10:55.459+0000] {processor.py:183} INFO - Processing /home/airflow/.local/lib/python3.8/site-packages/airflow/example_dags/example_python_operator.py took 0.112 seconds
[2025-12-06T09:11:26.060+0000] {processor.py:161} INFO - Started process (PID=1869) to work on /home/airflow/.local/lib/python3.8/site-packages/airflow/example_dags/example_python_operator.py
[2025-12-06T09:11:26.062+0000] {processor.py:830} INFO - Processing file /home/airflow/.local/lib/python3.8/site-packages/airflow/example_dags/example_python_operator.py for tasks to queue
[2025-12-06T09:11:26.064+0000] {logging_mixin.py:188} INFO - [2025-12-06T09:11:26.064+0000] {dagbag.py:538} INFO - Filling up the DagBag from /home/airflow/.local/lib/python3.8/site-packages/airflow/example_dags/example_python_operator.py
[2025-12-06T09:11:26.078+0000] {processor.py:840} INFO - DAG(s) 'example_python_operator' retrieved from /home/airflow/.local/lib/python3.8/site-packages/airflow/example_dags/example_python_operator.py
[2025-12-06T09:11:26.110+0000] {logging_mixin.py:188} INFO - [2025-12-06T09:11:26.109+0000] {dag.py:3036} INFO - Sync 1 DAGs
[2025-12-06T09:11:26.125+0000] {logging_mixin.py:188} INFO - [2025-12-06T09:11:26.125+0000] {dag.py:3823} INFO - Setting next_dagrun for example_python_operator to None, run_after=None
[2025-12-06T09:11:26.155+0000] {processor.py:183} INFO - Processing /home/airflow/.local/lib/python3.8/site-packages/airflow/example_dags/example_python_operator.py took 0.099 seconds
[2025-12-06T09:11:56.329+0000] {processor.py:161} INFO - Started process (PID=1928) to work on /home/airflow/.local/lib/python3.8/site-packages/airflow/example_dags/example_python_operator.py
[2025-12-06T09:11:56.330+0000] {processor.py:830} INFO - Processing file /home/airflow/.local/lib/python3.8/site-packages/airflow/example_dags/example_python_operator.py for tasks to queue
[2025-12-06T09:11:56.332+0000] {logging_mixin.py:188} INFO - [2025-12-06T09:11:56.332+0000] {dagbag.py:538} INFO - Filling up the DagBag from /home/airflow/.local/lib/python3.8/site-packages/airflow/example_dags/example_python_operator.py
[2025-12-06T09:11:56.346+0000] {processor.py:840} INFO - DAG(s) 'example_python_operator' retrieved from /home/airflow/.local/lib/python3.8/site-packages/airflow/example_dags/example_python_operator.py
[2025-12-06T09:11:56.375+0000] {logging_mixin.py:188} INFO - [2025-12-06T09:11:56.374+0000] {dag.py:3036} INFO - Sync 1 DAGs
[2025-12-06T09:11:56.391+0000] {logging_mixin.py:188} INFO - [2025-12-06T09:11:56.390+0000] {dag.py:3823} INFO - Setting next_dagrun for example_python_operator to None, run_after=None
[2025-12-06T09:11:56.430+0000] {processor.py:183} INFO - Processing /home/airflow/.local/lib/python3.8/site-packages/airflow/example_dags/example_python_operator.py took 0.105 seconds
[2025-12-06T09:12:26.806+0000] {processor.py:161} INFO - Started process (PID=1987) to work on /home/airflow/.local/lib/python3.8/site-packages/airflow/example_dags/example_python_operator.py
[2025-12-06T09:12:26.807+0000] {processor.py:830} INFO - Processing file /home/airflow/.local/lib/python3.8/site-packages/airflow/example_dags/example_python_operator.py for tasks to queue
[2025-12-06T09:12:26.811+0000] {logging_mixin.py:188} INFO - [2025-12-06T09:12:26.811+0000] {dagbag.py:538} INFO - Filling up the DagBag from /home/airflow/.local/lib/python3.8/site-packages/airflow/example_dags/example_python_operator.py
[2025-12-06T09:12:26.824+0000] {processor.py:840} INFO - DAG(s) 'example_python_operator' retrieved from /home/airflow/.local/lib/python3.8/site-packages/airflow/example_dags/example_python_operator.py
[2025-12-06T09:12:26.853+0000] {logging_mixin.py:188} INFO - [2025-12-06T09:12:26.853+0000] {dag.py:3036} INFO - Sync 1 DAGs
[2025-12-06T09:12:26.869+0000] {logging_mixin.py:188} INFO - [2025-12-06T09:12:26.868+0000] {dag.py:3823} INFO - Setting next_dagrun for example_python_operator to None, run_after=None
[2025-12-06T09:12:26.894+0000] {processor.py:183} INFO - Processing /home/airflow/.local/lib/python3.8/site-packages/airflow/example_dags/example_python_operator.py took 0.093 seconds
[2025-12-06T09:12:57.736+0000] {processor.py:161} INFO - Started process (PID=2046) to work on /home/airflow/.local/lib/python3.8/site-packages/airflow/example_dags/example_python_operator.py
[2025-12-06T09:12:57.738+0000] {processor.py:830} INFO - Processing file /home/airflow/.local/lib/python3.8/site-packages/airflow/example_dags/example_python_operator.py for tasks to queue
[2025-12-06T09:12:57.743+0000] {logging_mixin.py:188} INFO - [2025-12-06T09:12:57.742+0000] {dagbag.py:538} INFO - Filling up the DagBag from /home/airflow/.local/lib/python3.8/site-packages/airflow/example_dags/example_python_operator.py
[2025-12-06T09:12:57.763+0000] {processor.py:840} INFO - DAG(s) 'example_python_operator' retrieved from /home/airflow/.local/lib/python3.8/site-packages/airflow/example_dags/example_python_operator.py
[2025-12-06T09:12:57.805+0000] {logging_mixin.py:188} INFO - [2025-12-06T09:12:57.805+0000] {dag.py:3036} INFO - Sync 1 DAGs
[2025-12-06T09:12:57.827+0000] {logging_mixin.py:188} INFO - [2025-12-06T09:12:57.826+0000] {dag.py:3823} INFO - Setting next_dagrun for example_python_operator to None, run_after=None
[2025-12-06T09:12:57.862+0000] {processor.py:183} INFO - Processing /home/airflow/.local/lib/python3.8/site-packages/airflow/example_dags/example_python_operator.py took 0.134 seconds
[2025-12-06T09:13:28.238+0000] {processor.py:161} INFO - Started process (PID=2105) to work on /home/airflow/.local/lib/python3.8/site-packages/airflow/example_dags/example_python_operator.py
[2025-12-06T09:13:28.240+0000] {processor.py:830} INFO - Processing file /home/airflow/.local/lib/python3.8/site-packages/airflow/example_dags/example_python_operator.py for tasks to queue
[2025-12-06T09:13:28.242+0000] {logging_mixin.py:188} INFO - [2025-12-06T09:13:28.242+0000] {dagbag.py:538} INFO - Filling up the DagBag from /home/airflow/.local/lib/python3.8/site-packages/airflow/example_dags/example_python_operator.py
[2025-12-06T09:13:28.258+0000] {processor.py:840} INFO - DAG(s) 'example_python_operator' retrieved from /home/airflow/.local/lib/python3.8/site-packages/airflow/example_dags/example_python_operator.py
[2025-12-06T09:13:28.297+0000] {logging_mixin.py:188} INFO - [2025-12-06T09:13:28.297+0000] {dag.py:3036} INFO - Sync 1 DAGs
[2025-12-06T09:13:28.316+0000] {logging_mixin.py:188} INFO - [2025-12-06T09:13:28.316+0000] {dag.py:3823} INFO - Setting next_dagrun for example_python_operator to None, run_after=None
[2025-12-06T09:13:28.350+0000] {processor.py:183} INFO - Processing /home/airflow/.local/lib/python3.8/site-packages/airflow/example_dags/example_python_operator.py took 0.118 seconds
[2025-12-06T09:13:58.533+0000] {processor.py:161} INFO - Started process (PID=2164) to work on /home/airflow/.local/lib/python3.8/site-packages/airflow/example_dags/example_python_operator.py
[2025-12-06T09:13:58.534+0000] {processor.py:830} INFO - Processing file /home/airflow/.local/lib/python3.8/site-packages/airflow/example_dags/example_python_operator.py for tasks to queue
[2025-12-06T09:13:58.539+0000] {logging_mixin.py:188} INFO - [2025-12-06T09:13:58.538+0000] {dagbag.py:538} INFO - Filling up the DagBag from /home/airflow/.local/lib/python3.8/site-packages/airflow/example_dags/example_python_operator.py
[2025-12-06T09:13:58.555+0000] {processor.py:840} INFO - DAG(s) 'example_python_operator' retrieved from /home/airflow/.local/lib/python3.8/site-packages/airflow/example_dags/example_python_operator.py
[2025-12-06T09:13:58.590+0000] {logging_mixin.py:188} INFO - [2025-12-06T09:13:58.590+0000] {dag.py:3036} INFO - Sync 1 DAGs
[2025-12-06T09:13:58.610+0000] {logging_mixin.py:188} INFO - [2025-12-06T09:13:58.610+0000] {dag.py:3823} INFO - Setting next_dagrun for example_python_operator to None, run_after=None
[2025-12-06T09:13:58.643+0000] {processor.py:183} INFO - Processing /home/airflow/.local/lib/python3.8/site-packages/airflow/example_dags/example_python_operator.py took 0.114 seconds
[2025-12-06T09:14:28.925+0000] {processor.py:161} INFO - Started process (PID=2223) to work on /home/airflow/.local/lib/python3.8/site-packages/airflow/example_dags/example_python_operator.py
[2025-12-06T09:14:28.927+0000] {processor.py:830} INFO - Processing file /home/airflow/.local/lib/python3.8/site-packages/airflow/example_dags/example_python_operator.py for tasks to queue
[2025-12-06T09:14:28.929+0000] {logging_mixin.py:188} INFO - [2025-12-06T09:14:28.929+0000] {dagbag.py:538} INFO - Filling up the DagBag from /home/airflow/.local/lib/python3.8/site-packages/airflow/example_dags/example_python_operator.py
[2025-12-06T09:14:28.943+0000] {processor.py:840} INFO - DAG(s) 'example_python_operator' retrieved from /home/airflow/.local/lib/python3.8/site-packages/airflow/example_dags/example_python_operator.py
[2025-12-06T09:14:28.973+0000] {logging_mixin.py:188} INFO - [2025-12-06T09:14:28.973+0000] {dag.py:3036} INFO - Sync 1 DAGs
[2025-12-06T09:14:28.991+0000] {logging_mixin.py:188} INFO - [2025-12-06T09:14:28.990+0000] {dag.py:3823} INFO - Setting next_dagrun for example_python_operator to None, run_after=None
[2025-12-06T09:14:29.022+0000] {processor.py:183} INFO - Processing /home/airflow/.local/lib/python3.8/site-packages/airflow/example_dags/example_python_operator.py took 0.101 seconds
[2025-12-06T09:14:59.221+0000] {processor.py:161} INFO - Started process (PID=2282) to work on /home/airflow/.local/lib/python3.8/site-packages/airflow/example_dags/example_python_operator.py
[2025-12-06T09:14:59.223+0000] {processor.py:830} INFO - Processing file /home/airflow/.local/lib/python3.8/site-packages/airflow/example_dags/example_python_operator.py for tasks to queue
[2025-12-06T09:14:59.226+0000] {logging_mixin.py:188} INFO - [2025-12-06T09:14:59.225+0000] {dagbag.py:538} INFO - Filling up the DagBag from /home/airflow/.local/lib/python3.8/site-packages/airflow/example_dags/example_python_operator.py
[2025-12-06T09:14:59.239+0000] {processor.py:840} INFO - DAG(s) 'example_python_operator' retrieved from /home/airflow/.local/lib/python3.8/site-packages/airflow/example_dags/example_python_operator.py
[2025-12-06T09:14:59.268+0000] {logging_mixin.py:188} INFO - [2025-12-06T09:14:59.267+0000] {dag.py:3036} INFO - Sync 1 DAGs
[2025-12-06T09:14:59.285+0000] {logging_mixin.py:188} INFO - [2025-12-06T09:14:59.284+0000] {dag.py:3823} INFO - Setting next_dagrun for example_python_operator to None, run_after=None
[2025-12-06T09:14:59.313+0000] {processor.py:183} INFO - Processing /home/airflow/.local/lib/python3.8/site-packages/airflow/example_dags/example_python_operator.py took 0.096 seconds
[2025-12-06T09:15:29.529+0000] {processor.py:161} INFO - Started process (PID=2341) to work on /home/airflow/.local/lib/python3.8/site-packages/airflow/example_dags/example_python_operator.py
[2025-12-06T09:15:29.530+0000] {processor.py:830} INFO - Processing file /home/airflow/.local/lib/python3.8/site-packages/airflow/example_dags/example_python_operator.py for tasks to queue
[2025-12-06T09:15:29.536+0000] {logging_mixin.py:188} INFO - [2025-12-06T09:15:29.535+0000] {dagbag.py:538} INFO - Filling up the DagBag from /home/airflow/.local/lib/python3.8/site-packages/airflow/example_dags/example_python_operator.py
[2025-12-06T09:15:29.551+0000] {processor.py:840} INFO - DAG(s) 'example_python_operator' retrieved from /home/airflow/.local/lib/python3.8/site-packages/airflow/example_dags/example_python_operator.py
[2025-12-06T09:15:29.583+0000] {logging_mixin.py:188} INFO - [2025-12-06T09:15:29.583+0000] {dag.py:3036} INFO - Sync 1 DAGs
[2025-12-06T09:15:29.600+0000] {logging_mixin.py:188} INFO - [2025-12-06T09:15:29.600+0000] {dag.py:3823} INFO - Setting next_dagrun for example_python_operator to None, run_after=None
[2025-12-06T09:15:29.640+0000] {processor.py:183} INFO - Processing /home/airflow/.local/lib/python3.8/site-packages/airflow/example_dags/example_python_operator.py took 0.116 seconds
[2025-12-06T09:16:00.084+0000] {processor.py:161} INFO - Started process (PID=2400) to work on /home/airflow/.local/lib/python3.8/site-packages/airflow/example_dags/example_python_operator.py
[2025-12-06T09:16:00.085+0000] {processor.py:830} INFO - Processing file /home/airflow/.local/lib/python3.8/site-packages/airflow/example_dags/example_python_operator.py for tasks to queue
[2025-12-06T09:16:00.087+0000] {logging_mixin.py:188} INFO - [2025-12-06T09:16:00.087+0000] {dagbag.py:538} INFO - Filling up the DagBag from /home/airflow/.local/lib/python3.8/site-packages/airflow/example_dags/example_python_operator.py
[2025-12-06T09:16:00.105+0000] {processor.py:840} INFO - DAG(s) 'example_python_operator' retrieved from /home/airflow/.local/lib/python3.8/site-packages/airflow/example_dags/example_python_operator.py
[2025-12-06T09:16:00.138+0000] {logging_mixin.py:188} INFO - [2025-12-06T09:16:00.137+0000] {dag.py:3036} INFO - Sync 1 DAGs
[2025-12-06T09:16:00.155+0000] {logging_mixin.py:188} INFO - [2025-12-06T09:16:00.155+0000] {dag.py:3823} INFO - Setting next_dagrun for example_python_operator to None, run_after=None
[2025-12-06T09:16:00.189+0000] {processor.py:183} INFO - Processing /home/airflow/.local/lib/python3.8/site-packages/airflow/example_dags/example_python_operator.py took 0.109 seconds
[2025-12-06T09:16:30.231+0000] {processor.py:161} INFO - Started process (PID=2457) to work on /home/airflow/.local/lib/python3.8/site-packages/airflow/example_dags/example_python_operator.py
[2025-12-06T09:16:30.232+0000] {processor.py:830} INFO - Processing file /home/airflow/.local/lib/python3.8/site-packages/airflow/example_dags/example_python_operator.py for tasks to queue
[2025-12-06T09:16:30.234+0000] {logging_mixin.py:188} INFO - [2025-12-06T09:16:30.234+0000] {dagbag.py:538} INFO - Filling up the DagBag from /home/airflow/.local/lib/python3.8/site-packages/airflow/example_dags/example_python_operator.py
[2025-12-06T09:16:30.250+0000] {processor.py:840} INFO - DAG(s) 'example_python_operator' retrieved from /home/airflow/.local/lib/python3.8/site-packages/airflow/example_dags/example_python_operator.py
[2025-12-06T09:16:30.282+0000] {logging_mixin.py:188} INFO - [2025-12-06T09:16:30.282+0000] {dag.py:3036} INFO - Sync 1 DAGs
[2025-12-06T09:16:30.297+0000] {logging_mixin.py:188} INFO - [2025-12-06T09:16:30.297+0000] {dag.py:3823} INFO - Setting next_dagrun for example_python_operator to None, run_after=None
[2025-12-06T09:16:30.330+0000] {processor.py:183} INFO - Processing /home/airflow/.local/lib/python3.8/site-packages/airflow/example_dags/example_python_operator.py took 0.104 seconds
[2025-12-06T09:17:00.480+0000] {processor.py:161} INFO - Started process (PID=2516) to work on /home/airflow/.local/lib/python3.8/site-packages/airflow/example_dags/example_python_operator.py
[2025-12-06T09:17:00.482+0000] {processor.py:830} INFO - Processing file /home/airflow/.local/lib/python3.8/site-packages/airflow/example_dags/example_python_operator.py for tasks to queue
[2025-12-06T09:17:00.484+0000] {logging_mixin.py:188} INFO - [2025-12-06T09:17:00.484+0000] {dagbag.py:538} INFO - Filling up the DagBag from /home/airflow/.local/lib/python3.8/site-packages/airflow/example_dags/example_python_operator.py
[2025-12-06T09:17:00.501+0000] {processor.py:840} INFO - DAG(s) 'example_python_operator' retrieved from /home/airflow/.local/lib/python3.8/site-packages/airflow/example_dags/example_python_operator.py
[2025-12-06T09:17:00.536+0000] {logging_mixin.py:188} INFO - [2025-12-06T09:17:00.536+0000] {dag.py:3036} INFO - Sync 1 DAGs
[2025-12-06T09:17:00.554+0000] {logging_mixin.py:188} INFO - [2025-12-06T09:17:00.553+0000] {dag.py:3823} INFO - Setting next_dagrun for example_python_operator to None, run_after=None
[2025-12-06T09:17:00.585+0000] {processor.py:183} INFO - Processing /home/airflow/.local/lib/python3.8/site-packages/airflow/example_dags/example_python_operator.py took 0.109 seconds
[2025-12-06T09:17:30.916+0000] {processor.py:161} INFO - Started process (PID=2575) to work on /home/airflow/.local/lib/python3.8/site-packages/airflow/example_dags/example_python_operator.py
[2025-12-06T09:17:30.917+0000] {processor.py:830} INFO - Processing file /home/airflow/.local/lib/python3.8/site-packages/airflow/example_dags/example_python_operator.py for tasks to queue
[2025-12-06T09:17:30.920+0000] {logging_mixin.py:188} INFO - [2025-12-06T09:17:30.920+0000] {dagbag.py:538} INFO - Filling up the DagBag from /home/airflow/.local/lib/python3.8/site-packages/airflow/example_dags/example_python_operator.py
[2025-12-06T09:17:30.935+0000] {processor.py:840} INFO - DAG(s) 'example_python_operator' retrieved from /home/airflow/.local/lib/python3.8/site-packages/airflow/example_dags/example_python_operator.py
[2025-12-06T09:17:30.967+0000] {logging_mixin.py:188} INFO - [2025-12-06T09:17:30.966+0000] {dag.py:3036} INFO - Sync 1 DAGs
[2025-12-06T09:17:30.986+0000] {logging_mixin.py:188} INFO - [2025-12-06T09:17:30.985+0000] {dag.py:3823} INFO - Setting next_dagrun for example_python_operator to None, run_after=None
[2025-12-06T09:17:31.020+0000] {processor.py:183} INFO - Processing /home/airflow/.local/lib/python3.8/site-packages/airflow/example_dags/example_python_operator.py took 0.109 seconds
[2025-12-06T09:18:01.353+0000] {processor.py:161} INFO - Started process (PID=2634) to work on /home/airflow/.local/lib/python3.8/site-packages/airflow/example_dags/example_python_operator.py
[2025-12-06T09:18:01.354+0000] {processor.py:830} INFO - Processing file /home/airflow/.local/lib/python3.8/site-packages/airflow/example_dags/example_python_operator.py for tasks to queue
[2025-12-06T09:18:01.357+0000] {logging_mixin.py:188} INFO - [2025-12-06T09:18:01.356+0000] {dagbag.py:538} INFO - Filling up the DagBag from /home/airflow/.local/lib/python3.8/site-packages/airflow/example_dags/example_python_operator.py
[2025-12-06T09:18:01.373+0000] {processor.py:840} INFO - DAG(s) 'example_python_operator' retrieved from /home/airflow/.local/lib/python3.8/site-packages/airflow/example_dags/example_python_operator.py
[2025-12-06T09:18:01.410+0000] {logging_mixin.py:188} INFO - [2025-12-06T09:18:01.409+0000] {dag.py:3036} INFO - Sync 1 DAGs
[2025-12-06T09:18:01.427+0000] {logging_mixin.py:188} INFO - [2025-12-06T09:18:01.427+0000] {dag.py:3823} INFO - Setting next_dagrun for example_python_operator to None, run_after=None
[2025-12-06T09:18:01.459+0000] {processor.py:183} INFO - Processing /home/airflow/.local/lib/python3.8/site-packages/airflow/example_dags/example_python_operator.py took 0.112 seconds
[2025-12-06T09:18:31.699+0000] {processor.py:161} INFO - Started process (PID=2693) to work on /home/airflow/.local/lib/python3.8/site-packages/airflow/example_dags/example_python_operator.py
[2025-12-06T09:18:31.701+0000] {processor.py:830} INFO - Processing file /home/airflow/.local/lib/python3.8/site-packages/airflow/example_dags/example_python_operator.py for tasks to queue
[2025-12-06T09:18:31.704+0000] {logging_mixin.py:188} INFO - [2025-12-06T09:18:31.704+0000] {dagbag.py:538} INFO - Filling up the DagBag from /home/airflow/.local/lib/python3.8/site-packages/airflow/example_dags/example_python_operator.py
[2025-12-06T09:18:31.719+0000] {processor.py:840} INFO - DAG(s) 'example_python_operator' retrieved from /home/airflow/.local/lib/python3.8/site-packages/airflow/example_dags/example_python_operator.py
[2025-12-06T09:18:31.748+0000] {logging_mixin.py:188} INFO - [2025-12-06T09:18:31.748+0000] {dag.py:3036} INFO - Sync 1 DAGs
[2025-12-06T09:18:31.765+0000] {logging_mixin.py:188} INFO - [2025-12-06T09:18:31.765+0000] {dag.py:3823} INFO - Setting next_dagrun for example_python_operator to None, run_after=None
[2025-12-06T09:18:31.796+0000] {processor.py:183} INFO - Processing /home/airflow/.local/lib/python3.8/site-packages/airflow/example_dags/example_python_operator.py took 0.101 seconds
[2025-12-06T09:19:02.559+0000] {processor.py:161} INFO - Started process (PID=2752) to work on /home/airflow/.local/lib/python3.8/site-packages/airflow/example_dags/example_python_operator.py
[2025-12-06T09:19:02.561+0000] {processor.py:830} INFO - Processing file /home/airflow/.local/lib/python3.8/site-packages/airflow/example_dags/example_python_operator.py for tasks to queue
[2025-12-06T09:19:02.564+0000] {logging_mixin.py:188} INFO - [2025-12-06T09:19:02.563+0000] {dagbag.py:538} INFO - Filling up the DagBag from /home/airflow/.local/lib/python3.8/site-packages/airflow/example_dags/example_python_operator.py
[2025-12-06T09:19:02.581+0000] {processor.py:840} INFO - DAG(s) 'example_python_operator' retrieved from /home/airflow/.local/lib/python3.8/site-packages/airflow/example_dags/example_python_operator.py
[2025-12-06T09:19:02.618+0000] {logging_mixin.py:188} INFO - [2025-12-06T09:19:02.618+0000] {dag.py:3036} INFO - Sync 1 DAGs
[2025-12-06T09:19:02.636+0000] {logging_mixin.py:188} INFO - [2025-12-06T09:19:02.635+0000] {dag.py:3823} INFO - Setting next_dagrun for example_python_operator to None, run_after=None
[2025-12-06T09:19:02.673+0000] {processor.py:183} INFO - Processing /home/airflow/.local/lib/python3.8/site-packages/airflow/example_dags/example_python_operator.py took 0.118 seconds
[2025-12-06T09:19:32.918+0000] {processor.py:161} INFO - Started process (PID=2811) to work on /home/airflow/.local/lib/python3.8/site-packages/airflow/example_dags/example_python_operator.py
[2025-12-06T09:19:32.919+0000] {processor.py:830} INFO - Processing file /home/airflow/.local/lib/python3.8/site-packages/airflow/example_dags/example_python_operator.py for tasks to queue
[2025-12-06T09:19:32.922+0000] {logging_mixin.py:188} INFO - [2025-12-06T09:19:32.922+0000] {dagbag.py:538} INFO - Filling up the DagBag from /home/airflow/.local/lib/python3.8/site-packages/airflow/example_dags/example_python_operator.py
[2025-12-06T09:19:32.940+0000] {processor.py:840} INFO - DAG(s) 'example_python_operator' retrieved from /home/airflow/.local/lib/python3.8/site-packages/airflow/example_dags/example_python_operator.py
[2025-12-06T09:19:32.979+0000] {logging_mixin.py:188} INFO - [2025-12-06T09:19:32.979+0000] {dag.py:3036} INFO - Sync 1 DAGs
[2025-12-06T09:19:32.999+0000] {logging_mixin.py:188} INFO - [2025-12-06T09:19:32.999+0000] {dag.py:3823} INFO - Setting next_dagrun for example_python_operator to None, run_after=None
[2025-12-06T09:19:33.032+0000] {processor.py:183} INFO - Processing /home/airflow/.local/lib/python3.8/site-packages/airflow/example_dags/example_python_operator.py took 0.120 seconds
[2025-12-06T09:20:03.451+0000] {processor.py:161} INFO - Started process (PID=2870) to work on /home/airflow/.local/lib/python3.8/site-packages/airflow/example_dags/example_python_operator.py
[2025-12-06T09:20:03.453+0000] {processor.py:830} INFO - Processing file /home/airflow/.local/lib/python3.8/site-packages/airflow/example_dags/example_python_operator.py for tasks to queue
[2025-12-06T09:20:03.455+0000] {logging_mixin.py:188} INFO - [2025-12-06T09:20:03.455+0000] {dagbag.py:538} INFO - Filling up the DagBag from /home/airflow/.local/lib/python3.8/site-packages/airflow/example_dags/example_python_operator.py
[2025-12-06T09:20:03.469+0000] {processor.py:840} INFO - DAG(s) 'example_python_operator' retrieved from /home/airflow/.local/lib/python3.8/site-packages/airflow/example_dags/example_python_operator.py
[2025-12-06T09:20:03.497+0000] {logging_mixin.py:188} INFO - [2025-12-06T09:20:03.497+0000] {dag.py:3036} INFO - Sync 1 DAGs
[2025-12-06T09:20:03.513+0000] {logging_mixin.py:188} INFO - [2025-12-06T09:20:03.513+0000] {dag.py:3823} INFO - Setting next_dagrun for example_python_operator to None, run_after=None
[2025-12-06T09:20:03.543+0000] {processor.py:183} INFO - Processing /home/airflow/.local/lib/python3.8/site-packages/airflow/example_dags/example_python_operator.py took 0.097 seconds
[2025-12-06T09:20:34.525+0000] {processor.py:161} INFO - Started process (PID=2929) to work on /home/airflow/.local/lib/python3.8/site-packages/airflow/example_dags/example_python_operator.py
[2025-12-06T09:20:34.527+0000] {processor.py:830} INFO - Processing file /home/airflow/.local/lib/python3.8/site-packages/airflow/example_dags/example_python_operator.py for tasks to queue
[2025-12-06T09:20:34.530+0000] {logging_mixin.py:188} INFO - [2025-12-06T09:20:34.529+0000] {dagbag.py:538} INFO - Filling up the DagBag from /home/airflow/.local/lib/python3.8/site-packages/airflow/example_dags/example_python_operator.py
[2025-12-06T09:20:34.544+0000] {processor.py:840} INFO - DAG(s) 'example_python_operator' retrieved from /home/airflow/.local/lib/python3.8/site-packages/airflow/example_dags/example_python_operator.py
[2025-12-06T09:20:34.579+0000] {logging_mixin.py:188} INFO - [2025-12-06T09:20:34.579+0000] {dag.py:3036} INFO - Sync 1 DAGs
[2025-12-06T09:20:34.760+0000] {logging_mixin.py:188} INFO - [2025-12-06T09:20:34.759+0000] {dag.py:3823} INFO - Setting next_dagrun for example_python_operator to None, run_after=None
[2025-12-06T09:20:34.788+0000] {processor.py:183} INFO - Processing /home/airflow/.local/lib/python3.8/site-packages/airflow/example_dags/example_python_operator.py took 0.267 seconds
[2025-12-06T09:21:05.478+0000] {processor.py:161} INFO - Started process (PID=2988) to work on /home/airflow/.local/lib/python3.8/site-packages/airflow/example_dags/example_python_operator.py
[2025-12-06T09:21:05.479+0000] {processor.py:830} INFO - Processing file /home/airflow/.local/lib/python3.8/site-packages/airflow/example_dags/example_python_operator.py for tasks to queue
[2025-12-06T09:21:05.483+0000] {logging_mixin.py:188} INFO - [2025-12-06T09:21:05.482+0000] {dagbag.py:538} INFO - Filling up the DagBag from /home/airflow/.local/lib/python3.8/site-packages/airflow/example_dags/example_python_operator.py
[2025-12-06T09:21:05.503+0000] {processor.py:840} INFO - DAG(s) 'example_python_operator' retrieved from /home/airflow/.local/lib/python3.8/site-packages/airflow/example_dags/example_python_operator.py
[2025-12-06T09:21:05.537+0000] {logging_mixin.py:188} INFO - [2025-12-06T09:21:05.536+0000] {dag.py:3036} INFO - Sync 1 DAGs
[2025-12-06T09:21:05.722+0000] {logging_mixin.py:188} INFO - [2025-12-06T09:21:05.722+0000] {dag.py:3823} INFO - Setting next_dagrun for example_python_operator to None, run_after=None
[2025-12-06T09:21:05.752+0000] {processor.py:183} INFO - Processing /home/airflow/.local/lib/python3.8/site-packages/airflow/example_dags/example_python_operator.py took 0.279 seconds
[2025-12-06T09:21:36.407+0000] {processor.py:161} INFO - Started process (PID=3047) to work on /home/airflow/.local/lib/python3.8/site-packages/airflow/example_dags/example_python_operator.py
[2025-12-06T09:21:36.408+0000] {processor.py:830} INFO - Processing file /home/airflow/.local/lib/python3.8/site-packages/airflow/example_dags/example_python_operator.py for tasks to queue
[2025-12-06T09:21:36.412+0000] {logging_mixin.py:188} INFO - [2025-12-06T09:21:36.411+0000] {dagbag.py:538} INFO - Filling up the DagBag from /home/airflow/.local/lib/python3.8/site-packages/airflow/example_dags/example_python_operator.py
[2025-12-06T09:21:36.427+0000] {processor.py:840} INFO - DAG(s) 'example_python_operator' retrieved from /home/airflow/.local/lib/python3.8/site-packages/airflow/example_dags/example_python_operator.py
[2025-12-06T09:21:36.457+0000] {logging_mixin.py:188} INFO - [2025-12-06T09:21:36.457+0000] {dag.py:3036} INFO - Sync 1 DAGs
[2025-12-06T09:21:36.474+0000] {logging_mixin.py:188} INFO - [2025-12-06T09:21:36.473+0000] {dag.py:3823} INFO - Setting next_dagrun for example_python_operator to None, run_after=None
[2025-12-06T09:21:36.506+0000] {processor.py:183} INFO - Processing /home/airflow/.local/lib/python3.8/site-packages/airflow/example_dags/example_python_operator.py took 0.103 seconds
[2025-12-06T09:22:06.612+0000] {processor.py:161} INFO - Started process (PID=3106) to work on /home/airflow/.local/lib/python3.8/site-packages/airflow/example_dags/example_python_operator.py
[2025-12-06T09:22:06.614+0000] {processor.py:830} INFO - Processing file /home/airflow/.local/lib/python3.8/site-packages/airflow/example_dags/example_python_operator.py for tasks to queue
[2025-12-06T09:22:06.616+0000] {logging_mixin.py:188} INFO - [2025-12-06T09:22:06.616+0000] {dagbag.py:538} INFO - Filling up the DagBag from /home/airflow/.local/lib/python3.8/site-packages/airflow/example_dags/example_python_operator.py
[2025-12-06T09:22:06.630+0000] {processor.py:840} INFO - DAG(s) 'example_python_operator' retrieved from /home/airflow/.local/lib/python3.8/site-packages/airflow/example_dags/example_python_operator.py
[2025-12-06T09:22:06.665+0000] {logging_mixin.py:188} INFO - [2025-12-06T09:22:06.664+0000] {dag.py:3036} INFO - Sync 1 DAGs
[2025-12-06T09:22:06.681+0000] {logging_mixin.py:188} INFO - [2025-12-06T09:22:06.681+0000] {dag.py:3823} INFO - Setting next_dagrun for example_python_operator to None, run_after=None
[2025-12-06T09:22:06.713+0000] {processor.py:183} INFO - Processing /home/airflow/.local/lib/python3.8/site-packages/airflow/example_dags/example_python_operator.py took 0.106 seconds
[2025-12-06T09:22:36.880+0000] {processor.py:161} INFO - Started process (PID=3164) to work on /home/airflow/.local/lib/python3.8/site-packages/airflow/example_dags/example_python_operator.py
[2025-12-06T09:22:36.882+0000] {processor.py:830} INFO - Processing file /home/airflow/.local/lib/python3.8/site-packages/airflow/example_dags/example_python_operator.py for tasks to queue
[2025-12-06T09:22:36.885+0000] {logging_mixin.py:188} INFO - [2025-12-06T09:22:36.884+0000] {dagbag.py:538} INFO - Filling up the DagBag from /home/airflow/.local/lib/python3.8/site-packages/airflow/example_dags/example_python_operator.py
[2025-12-06T09:22:36.899+0000] {processor.py:840} INFO - DAG(s) 'example_python_operator' retrieved from /home/airflow/.local/lib/python3.8/site-packages/airflow/example_dags/example_python_operator.py
[2025-12-06T09:22:36.936+0000] {logging_mixin.py:188} INFO - [2025-12-06T09:22:36.936+0000] {dag.py:3036} INFO - Sync 1 DAGs
[2025-12-06T09:22:36.954+0000] {logging_mixin.py:188} INFO - [2025-12-06T09:22:36.953+0000] {dag.py:3823} INFO - Setting next_dagrun for example_python_operator to None, run_after=None
[2025-12-06T09:22:36.987+0000] {processor.py:183} INFO - Processing /home/airflow/.local/lib/python3.8/site-packages/airflow/example_dags/example_python_operator.py took 0.111 seconds
[2025-12-06T09:23:07.341+0000] {processor.py:161} INFO - Started process (PID=3223) to work on /home/airflow/.local/lib/python3.8/site-packages/airflow/example_dags/example_python_operator.py
[2025-12-06T09:23:07.343+0000] {processor.py:830} INFO - Processing file /home/airflow/.local/lib/python3.8/site-packages/airflow/example_dags/example_python_operator.py for tasks to queue
[2025-12-06T09:23:07.346+0000] {logging_mixin.py:188} INFO - [2025-12-06T09:23:07.345+0000] {dagbag.py:538} INFO - Filling up the DagBag from /home/airflow/.local/lib/python3.8/site-packages/airflow/example_dags/example_python_operator.py
[2025-12-06T09:23:07.361+0000] {processor.py:840} INFO - DAG(s) 'example_python_operator' retrieved from /home/airflow/.local/lib/python3.8/site-packages/airflow/example_dags/example_python_operator.py
[2025-12-06T09:23:07.400+0000] {logging_mixin.py:188} INFO - [2025-12-06T09:23:07.400+0000] {dag.py:3036} INFO - Sync 1 DAGs
[2025-12-06T09:23:07.419+0000] {logging_mixin.py:188} INFO - [2025-12-06T09:23:07.419+0000] {dag.py:3823} INFO - Setting next_dagrun for example_python_operator to None, run_after=None
[2025-12-06T09:23:07.454+0000] {processor.py:183} INFO - Processing /home/airflow/.local/lib/python3.8/site-packages/airflow/example_dags/example_python_operator.py took 0.117 seconds
[2025-12-06T09:23:37.704+0000] {processor.py:161} INFO - Started process (PID=3282) to work on /home/airflow/.local/lib/python3.8/site-packages/airflow/example_dags/example_python_operator.py
[2025-12-06T09:23:37.706+0000] {processor.py:830} INFO - Processing file /home/airflow/.local/lib/python3.8/site-packages/airflow/example_dags/example_python_operator.py for tasks to queue
[2025-12-06T09:23:37.709+0000] {logging_mixin.py:188} INFO - [2025-12-06T09:23:37.709+0000] {dagbag.py:538} INFO - Filling up the DagBag from /home/airflow/.local/lib/python3.8/site-packages/airflow/example_dags/example_python_operator.py
[2025-12-06T09:23:37.726+0000] {processor.py:840} INFO - DAG(s) 'example_python_operator' retrieved from /home/airflow/.local/lib/python3.8/site-packages/airflow/example_dags/example_python_operator.py
[2025-12-06T09:23:37.764+0000] {logging_mixin.py:188} INFO - [2025-12-06T09:23:37.763+0000] {dag.py:3036} INFO - Sync 1 DAGs
[2025-12-06T09:23:37.784+0000] {logging_mixin.py:188} INFO - [2025-12-06T09:23:37.783+0000] {dag.py:3823} INFO - Setting next_dagrun for example_python_operator to None, run_after=None
[2025-12-06T09:23:37.821+0000] {processor.py:183} INFO - Processing /home/airflow/.local/lib/python3.8/site-packages/airflow/example_dags/example_python_operator.py took 0.121 seconds
[2025-12-06T09:24:07.870+0000] {processor.py:161} INFO - Started process (PID=3341) to work on /home/airflow/.local/lib/python3.8/site-packages/airflow/example_dags/example_python_operator.py
[2025-12-06T09:24:07.872+0000] {processor.py:830} INFO - Processing file /home/airflow/.local/lib/python3.8/site-packages/airflow/example_dags/example_python_operator.py for tasks to queue
[2025-12-06T09:24:07.875+0000] {logging_mixin.py:188} INFO - [2025-12-06T09:24:07.874+0000] {dagbag.py:538} INFO - Filling up the DagBag from /home/airflow/.local/lib/python3.8/site-packages/airflow/example_dags/example_python_operator.py
[2025-12-06T09:24:07.890+0000] {processor.py:840} INFO - DAG(s) 'example_python_operator' retrieved from /home/airflow/.local/lib/python3.8/site-packages/airflow/example_dags/example_python_operator.py
[2025-12-06T09:24:07.930+0000] {logging_mixin.py:188} INFO - [2025-12-06T09:24:07.930+0000] {dag.py:3036} INFO - Sync 1 DAGs
[2025-12-06T09:24:07.949+0000] {logging_mixin.py:188} INFO - [2025-12-06T09:24:07.949+0000] {dag.py:3823} INFO - Setting next_dagrun for example_python_operator to None, run_after=None
[2025-12-06T09:24:07.987+0000] {processor.py:183} INFO - Processing /home/airflow/.local/lib/python3.8/site-packages/airflow/example_dags/example_python_operator.py took 0.121 seconds
[2025-12-06T09:24:38.734+0000] {processor.py:161} INFO - Started process (PID=3400) to work on /home/airflow/.local/lib/python3.8/site-packages/airflow/example_dags/example_python_operator.py
[2025-12-06T09:24:38.736+0000] {processor.py:830} INFO - Processing file /home/airflow/.local/lib/python3.8/site-packages/airflow/example_dags/example_python_operator.py for tasks to queue
[2025-12-06T09:24:38.739+0000] {logging_mixin.py:188} INFO - [2025-12-06T09:24:38.739+0000] {dagbag.py:538} INFO - Filling up the DagBag from /home/airflow/.local/lib/python3.8/site-packages/airflow/example_dags/example_python_operator.py
[2025-12-06T09:24:38.754+0000] {processor.py:840} INFO - DAG(s) 'example_python_operator' retrieved from /home/airflow/.local/lib/python3.8/site-packages/airflow/example_dags/example_python_operator.py
[2025-12-06T09:24:38.786+0000] {logging_mixin.py:188} INFO - [2025-12-06T09:24:38.785+0000] {dag.py:3036} INFO - Sync 1 DAGs
[2025-12-06T09:24:38.803+0000] {logging_mixin.py:188} INFO - [2025-12-06T09:24:38.803+0000] {dag.py:3823} INFO - Setting next_dagrun for example_python_operator to None, run_after=None
[2025-12-06T09:24:38.833+0000] {processor.py:183} INFO - Processing /home/airflow/.local/lib/python3.8/site-packages/airflow/example_dags/example_python_operator.py took 0.104 seconds
[2025-12-06T09:25:09.422+0000] {processor.py:161} INFO - Started process (PID=3459) to work on /home/airflow/.local/lib/python3.8/site-packages/airflow/example_dags/example_python_operator.py
[2025-12-06T09:25:09.427+0000] {processor.py:830} INFO - Processing file /home/airflow/.local/lib/python3.8/site-packages/airflow/example_dags/example_python_operator.py for tasks to queue
[2025-12-06T09:25:09.430+0000] {logging_mixin.py:188} INFO - [2025-12-06T09:25:09.429+0000] {dagbag.py:538} INFO - Filling up the DagBag from /home/airflow/.local/lib/python3.8/site-packages/airflow/example_dags/example_python_operator.py
[2025-12-06T09:25:09.444+0000] {processor.py:840} INFO - DAG(s) 'example_python_operator' retrieved from /home/airflow/.local/lib/python3.8/site-packages/airflow/example_dags/example_python_operator.py
[2025-12-06T09:25:09.478+0000] {logging_mixin.py:188} INFO - [2025-12-06T09:25:09.478+0000] {dag.py:3036} INFO - Sync 1 DAGs
[2025-12-06T09:25:09.494+0000] {logging_mixin.py:188} INFO - [2025-12-06T09:25:09.494+0000] {dag.py:3823} INFO - Setting next_dagrun for example_python_operator to None, run_after=None
[2025-12-06T09:25:09.523+0000] {processor.py:183} INFO - Processing /home/airflow/.local/lib/python3.8/site-packages/airflow/example_dags/example_python_operator.py took 0.106 seconds
[2025-12-06T09:25:39.930+0000] {processor.py:161} INFO - Started process (PID=3518) to work on /home/airflow/.local/lib/python3.8/site-packages/airflow/example_dags/example_python_operator.py
[2025-12-06T09:25:39.931+0000] {processor.py:830} INFO - Processing file /home/airflow/.local/lib/python3.8/site-packages/airflow/example_dags/example_python_operator.py for tasks to queue
[2025-12-06T09:25:39.934+0000] {logging_mixin.py:188} INFO - [2025-12-06T09:25:39.933+0000] {dagbag.py:538} INFO - Filling up the DagBag from /home/airflow/.local/lib/python3.8/site-packages/airflow/example_dags/example_python_operator.py
[2025-12-06T09:25:39.949+0000] {processor.py:840} INFO - DAG(s) 'example_python_operator' retrieved from /home/airflow/.local/lib/python3.8/site-packages/airflow/example_dags/example_python_operator.py
[2025-12-06T09:25:39.985+0000] {logging_mixin.py:188} INFO - [2025-12-06T09:25:39.985+0000] {dag.py:3036} INFO - Sync 1 DAGs
[2025-12-06T09:25:40.002+0000] {logging_mixin.py:188} INFO - [2025-12-06T09:25:40.002+0000] {dag.py:3823} INFO - Setting next_dagrun for example_python_operator to None, run_after=None
[2025-12-06T09:25:40.037+0000] {processor.py:183} INFO - Processing /home/airflow/.local/lib/python3.8/site-packages/airflow/example_dags/example_python_operator.py took 0.113 seconds
[2025-12-06T09:26:10.445+0000] {processor.py:161} INFO - Started process (PID=3577) to work on /home/airflow/.local/lib/python3.8/site-packages/airflow/example_dags/example_python_operator.py
[2025-12-06T09:26:10.447+0000] {processor.py:830} INFO - Processing file /home/airflow/.local/lib/python3.8/site-packages/airflow/example_dags/example_python_operator.py for tasks to queue
[2025-12-06T09:26:10.449+0000] {logging_mixin.py:188} INFO - [2025-12-06T09:26:10.449+0000] {dagbag.py:538} INFO - Filling up the DagBag from /home/airflow/.local/lib/python3.8/site-packages/airflow/example_dags/example_python_operator.py
[2025-12-06T09:26:10.464+0000] {processor.py:840} INFO - DAG(s) 'example_python_operator' retrieved from /home/airflow/.local/lib/python3.8/site-packages/airflow/example_dags/example_python_operator.py
[2025-12-06T09:26:10.501+0000] {logging_mixin.py:188} INFO - [2025-12-06T09:26:10.500+0000] {dag.py:3036} INFO - Sync 1 DAGs
[2025-12-06T09:26:10.519+0000] {logging_mixin.py:188} INFO - [2025-12-06T09:26:10.518+0000] {dag.py:3823} INFO - Setting next_dagrun for example_python_operator to None, run_after=None
[2025-12-06T09:26:10.552+0000] {processor.py:183} INFO - Processing /home/airflow/.local/lib/python3.8/site-packages/airflow/example_dags/example_python_operator.py took 0.112 seconds
[2025-12-06T09:26:41.220+0000] {processor.py:161} INFO - Started process (PID=3642) to work on /home/airflow/.local/lib/python3.8/site-packages/airflow/example_dags/example_python_operator.py
[2025-12-06T09:26:41.222+0000] {processor.py:830} INFO - Processing file /home/airflow/.local/lib/python3.8/site-packages/airflow/example_dags/example_python_operator.py for tasks to queue
[2025-12-06T09:26:41.225+0000] {logging_mixin.py:188} INFO - [2025-12-06T09:26:41.225+0000] {dagbag.py:538} INFO - Filling up the DagBag from /home/airflow/.local/lib/python3.8/site-packages/airflow/example_dags/example_python_operator.py
[2025-12-06T09:26:41.239+0000] {processor.py:840} INFO - DAG(s) 'example_python_operator' retrieved from /home/airflow/.local/lib/python3.8/site-packages/airflow/example_dags/example_python_operator.py
[2025-12-06T09:26:41.277+0000] {logging_mixin.py:188} INFO - [2025-12-06T09:26:41.277+0000] {dag.py:3036} INFO - Sync 1 DAGs
[2025-12-06T09:26:41.297+0000] {logging_mixin.py:188} INFO - [2025-12-06T09:26:41.296+0000] {dag.py:3823} INFO - Setting next_dagrun for example_python_operator to None, run_after=None
[2025-12-06T09:26:41.334+0000] {processor.py:183} INFO - Processing /home/airflow/.local/lib/python3.8/site-packages/airflow/example_dags/example_python_operator.py took 0.119 seconds
[2025-12-06T09:27:11.386+0000] {processor.py:161} INFO - Started process (PID=3701) to work on /home/airflow/.local/lib/python3.8/site-packages/airflow/example_dags/example_python_operator.py
[2025-12-06T09:27:11.388+0000] {processor.py:830} INFO - Processing file /home/airflow/.local/lib/python3.8/site-packages/airflow/example_dags/example_python_operator.py for tasks to queue
[2025-12-06T09:27:11.391+0000] {logging_mixin.py:188} INFO - [2025-12-06T09:27:11.391+0000] {dagbag.py:538} INFO - Filling up the DagBag from /home/airflow/.local/lib/python3.8/site-packages/airflow/example_dags/example_python_operator.py
[2025-12-06T09:27:11.408+0000] {processor.py:840} INFO - DAG(s) 'example_python_operator' retrieved from /home/airflow/.local/lib/python3.8/site-packages/airflow/example_dags/example_python_operator.py
[2025-12-06T09:27:11.447+0000] {logging_mixin.py:188} INFO - [2025-12-06T09:27:11.447+0000] {dag.py:3036} INFO - Sync 1 DAGs
[2025-12-06T09:27:11.466+0000] {logging_mixin.py:188} INFO - [2025-12-06T09:27:11.466+0000] {dag.py:3823} INFO - Setting next_dagrun for example_python_operator to None, run_after=None
[2025-12-06T09:27:11.496+0000] {processor.py:183} INFO - Processing /home/airflow/.local/lib/python3.8/site-packages/airflow/example_dags/example_python_operator.py took 0.116 seconds
[2025-12-06T09:27:41.680+0000] {processor.py:161} INFO - Started process (PID=3760) to work on /home/airflow/.local/lib/python3.8/site-packages/airflow/example_dags/example_python_operator.py
[2025-12-06T09:27:41.681+0000] {processor.py:830} INFO - Processing file /home/airflow/.local/lib/python3.8/site-packages/airflow/example_dags/example_python_operator.py for tasks to queue
[2025-12-06T09:27:41.684+0000] {logging_mixin.py:188} INFO - [2025-12-06T09:27:41.683+0000] {dagbag.py:538} INFO - Filling up the DagBag from /home/airflow/.local/lib/python3.8/site-packages/airflow/example_dags/example_python_operator.py
[2025-12-06T09:27:41.698+0000] {processor.py:840} INFO - DAG(s) 'example_python_operator' retrieved from /home/airflow/.local/lib/python3.8/site-packages/airflow/example_dags/example_python_operator.py
[2025-12-06T09:27:41.731+0000] {logging_mixin.py:188} INFO - [2025-12-06T09:27:41.731+0000] {dag.py:3036} INFO - Sync 1 DAGs
[2025-12-06T09:27:41.750+0000] {logging_mixin.py:188} INFO - [2025-12-06T09:27:41.750+0000] {dag.py:3823} INFO - Setting next_dagrun for example_python_operator to None, run_after=None
[2025-12-06T09:27:41.787+0000] {processor.py:183} INFO - Processing /home/airflow/.local/lib/python3.8/site-packages/airflow/example_dags/example_python_operator.py took 0.111 seconds
[2025-12-06T09:28:12.154+0000] {processor.py:161} INFO - Started process (PID=3819) to work on /home/airflow/.local/lib/python3.8/site-packages/airflow/example_dags/example_python_operator.py
[2025-12-06T09:28:12.156+0000] {processor.py:830} INFO - Processing file /home/airflow/.local/lib/python3.8/site-packages/airflow/example_dags/example_python_operator.py for tasks to queue
[2025-12-06T09:28:12.160+0000] {logging_mixin.py:188} INFO - [2025-12-06T09:28:12.159+0000] {dagbag.py:538} INFO - Filling up the DagBag from /home/airflow/.local/lib/python3.8/site-packages/airflow/example_dags/example_python_operator.py
[2025-12-06T09:28:12.176+0000] {processor.py:840} INFO - DAG(s) 'example_python_operator' retrieved from /home/airflow/.local/lib/python3.8/site-packages/airflow/example_dags/example_python_operator.py
[2025-12-06T09:28:12.213+0000] {logging_mixin.py:188} INFO - [2025-12-06T09:28:12.212+0000] {dag.py:3036} INFO - Sync 1 DAGs
[2025-12-06T09:28:12.235+0000] {logging_mixin.py:188} INFO - [2025-12-06T09:28:12.234+0000] {dag.py:3823} INFO - Setting next_dagrun for example_python_operator to None, run_after=None
[2025-12-06T09:28:12.273+0000] {processor.py:183} INFO - Processing /home/airflow/.local/lib/python3.8/site-packages/airflow/example_dags/example_python_operator.py took 0.123 seconds
[2025-12-06T09:28:42.384+0000] {processor.py:161} INFO - Started process (PID=3878) to work on /home/airflow/.local/lib/python3.8/site-packages/airflow/example_dags/example_python_operator.py
[2025-12-06T09:28:42.385+0000] {processor.py:830} INFO - Processing file /home/airflow/.local/lib/python3.8/site-packages/airflow/example_dags/example_python_operator.py for tasks to queue
[2025-12-06T09:28:42.389+0000] {logging_mixin.py:188} INFO - [2025-12-06T09:28:42.388+0000] {dagbag.py:538} INFO - Filling up the DagBag from /home/airflow/.local/lib/python3.8/site-packages/airflow/example_dags/example_python_operator.py
[2025-12-06T09:28:42.407+0000] {processor.py:840} INFO - DAG(s) 'example_python_operator' retrieved from /home/airflow/.local/lib/python3.8/site-packages/airflow/example_dags/example_python_operator.py
[2025-12-06T09:28:42.441+0000] {logging_mixin.py:188} INFO - [2025-12-06T09:28:42.441+0000] {dag.py:3036} INFO - Sync 1 DAGs
[2025-12-06T09:28:42.459+0000] {logging_mixin.py:188} INFO - [2025-12-06T09:28:42.458+0000] {dag.py:3823} INFO - Setting next_dagrun for example_python_operator to None, run_after=None
[2025-12-06T09:28:42.490+0000] {processor.py:183} INFO - Processing /home/airflow/.local/lib/python3.8/site-packages/airflow/example_dags/example_python_operator.py took 0.112 seconds
[2025-12-06T09:29:12.559+0000] {processor.py:161} INFO - Started process (PID=3937) to work on /home/airflow/.local/lib/python3.8/site-packages/airflow/example_dags/example_python_operator.py
[2025-12-06T09:29:12.561+0000] {processor.py:830} INFO - Processing file /home/airflow/.local/lib/python3.8/site-packages/airflow/example_dags/example_python_operator.py for tasks to queue
[2025-12-06T09:29:12.563+0000] {logging_mixin.py:188} INFO - [2025-12-06T09:29:12.563+0000] {dagbag.py:538} INFO - Filling up the DagBag from /home/airflow/.local/lib/python3.8/site-packages/airflow/example_dags/example_python_operator.py
[2025-12-06T09:29:12.576+0000] {processor.py:840} INFO - DAG(s) 'example_python_operator' retrieved from /home/airflow/.local/lib/python3.8/site-packages/airflow/example_dags/example_python_operator.py
[2025-12-06T09:29:12.609+0000] {logging_mixin.py:188} INFO - [2025-12-06T09:29:12.609+0000] {dag.py:3036} INFO - Sync 1 DAGs
[2025-12-06T09:29:12.625+0000] {logging_mixin.py:188} INFO - [2025-12-06T09:29:12.624+0000] {dag.py:3823} INFO - Setting next_dagrun for example_python_operator to None, run_after=None
[2025-12-06T09:29:12.655+0000] {processor.py:183} INFO - Processing /home/airflow/.local/lib/python3.8/site-packages/airflow/example_dags/example_python_operator.py took 0.101 seconds
[2025-12-06T09:29:42.822+0000] {processor.py:161} INFO - Started process (PID=3996) to work on /home/airflow/.local/lib/python3.8/site-packages/airflow/example_dags/example_python_operator.py
[2025-12-06T09:29:42.824+0000] {processor.py:830} INFO - Processing file /home/airflow/.local/lib/python3.8/site-packages/airflow/example_dags/example_python_operator.py for tasks to queue
[2025-12-06T09:29:42.827+0000] {logging_mixin.py:188} INFO - [2025-12-06T09:29:42.827+0000] {dagbag.py:538} INFO - Filling up the DagBag from /home/airflow/.local/lib/python3.8/site-packages/airflow/example_dags/example_python_operator.py
[2025-12-06T09:29:42.843+0000] {processor.py:840} INFO - DAG(s) 'example_python_operator' retrieved from /home/airflow/.local/lib/python3.8/site-packages/airflow/example_dags/example_python_operator.py
[2025-12-06T09:29:42.877+0000] {logging_mixin.py:188} INFO - [2025-12-06T09:29:42.876+0000] {dag.py:3036} INFO - Sync 1 DAGs
[2025-12-06T09:29:42.893+0000] {logging_mixin.py:188} INFO - [2025-12-06T09:29:42.893+0000] {dag.py:3823} INFO - Setting next_dagrun for example_python_operator to None, run_after=None
[2025-12-06T09:29:42.924+0000] {processor.py:183} INFO - Processing /home/airflow/.local/lib/python3.8/site-packages/airflow/example_dags/example_python_operator.py took 0.105 seconds
[2025-12-06T09:30:13.367+0000] {processor.py:161} INFO - Started process (PID=4055) to work on /home/airflow/.local/lib/python3.8/site-packages/airflow/example_dags/example_python_operator.py
[2025-12-06T09:30:13.369+0000] {processor.py:830} INFO - Processing file /home/airflow/.local/lib/python3.8/site-packages/airflow/example_dags/example_python_operator.py for tasks to queue
[2025-12-06T09:30:13.372+0000] {logging_mixin.py:188} INFO - [2025-12-06T09:30:13.371+0000] {dagbag.py:538} INFO - Filling up the DagBag from /home/airflow/.local/lib/python3.8/site-packages/airflow/example_dags/example_python_operator.py
[2025-12-06T09:30:13.388+0000] {processor.py:840} INFO - DAG(s) 'example_python_operator' retrieved from /home/airflow/.local/lib/python3.8/site-packages/airflow/example_dags/example_python_operator.py
[2025-12-06T09:30:13.424+0000] {logging_mixin.py:188} INFO - [2025-12-06T09:30:13.424+0000] {dag.py:3036} INFO - Sync 1 DAGs
[2025-12-06T09:30:13.441+0000] {logging_mixin.py:188} INFO - [2025-12-06T09:30:13.441+0000] {dag.py:3823} INFO - Setting next_dagrun for example_python_operator to None, run_after=None
[2025-12-06T09:30:13.475+0000] {processor.py:183} INFO - Processing /home/airflow/.local/lib/python3.8/site-packages/airflow/example_dags/example_python_operator.py took 0.113 seconds
[2025-12-06T09:30:43.526+0000] {processor.py:161} INFO - Started process (PID=4114) to work on /home/airflow/.local/lib/python3.8/site-packages/airflow/example_dags/example_python_operator.py
[2025-12-06T09:30:43.528+0000] {processor.py:830} INFO - Processing file /home/airflow/.local/lib/python3.8/site-packages/airflow/example_dags/example_python_operator.py for tasks to queue
[2025-12-06T09:30:43.530+0000] {logging_mixin.py:188} INFO - [2025-12-06T09:30:43.530+0000] {dagbag.py:538} INFO - Filling up the DagBag from /home/airflow/.local/lib/python3.8/site-packages/airflow/example_dags/example_python_operator.py
[2025-12-06T09:30:43.546+0000] {processor.py:840} INFO - DAG(s) 'example_python_operator' retrieved from /home/airflow/.local/lib/python3.8/site-packages/airflow/example_dags/example_python_operator.py
[2025-12-06T09:30:43.582+0000] {logging_mixin.py:188} INFO - [2025-12-06T09:30:43.581+0000] {dag.py:3036} INFO - Sync 1 DAGs
[2025-12-06T09:30:43.599+0000] {logging_mixin.py:188} INFO - [2025-12-06T09:30:43.599+0000] {dag.py:3823} INFO - Setting next_dagrun for example_python_operator to None, run_after=None
[2025-12-06T09:30:43.633+0000] {processor.py:183} INFO - Processing /home/airflow/.local/lib/python3.8/site-packages/airflow/example_dags/example_python_operator.py took 0.112 seconds
[2025-12-06T09:31:13.807+0000] {processor.py:161} INFO - Started process (PID=4173) to work on /home/airflow/.local/lib/python3.8/site-packages/airflow/example_dags/example_python_operator.py
[2025-12-06T09:31:13.809+0000] {processor.py:830} INFO - Processing file /home/airflow/.local/lib/python3.8/site-packages/airflow/example_dags/example_python_operator.py for tasks to queue
[2025-12-06T09:31:13.811+0000] {logging_mixin.py:188} INFO - [2025-12-06T09:31:13.811+0000] {dagbag.py:538} INFO - Filling up the DagBag from /home/airflow/.local/lib/python3.8/site-packages/airflow/example_dags/example_python_operator.py
[2025-12-06T09:31:13.828+0000] {processor.py:840} INFO - DAG(s) 'example_python_operator' retrieved from /home/airflow/.local/lib/python3.8/site-packages/airflow/example_dags/example_python_operator.py
[2025-12-06T09:31:13.866+0000] {logging_mixin.py:188} INFO - [2025-12-06T09:31:13.866+0000] {dag.py:3036} INFO - Sync 1 DAGs
[2025-12-06T09:31:13.885+0000] {logging_mixin.py:188} INFO - [2025-12-06T09:31:13.884+0000] {dag.py:3823} INFO - Setting next_dagrun for example_python_operator to None, run_after=None
[2025-12-06T09:31:13.920+0000] {processor.py:183} INFO - Processing /home/airflow/.local/lib/python3.8/site-packages/airflow/example_dags/example_python_operator.py took 0.117 seconds
[2025-12-06T09:31:43.994+0000] {processor.py:161} INFO - Started process (PID=4232) to work on /home/airflow/.local/lib/python3.8/site-packages/airflow/example_dags/example_python_operator.py
[2025-12-06T09:31:43.996+0000] {processor.py:830} INFO - Processing file /home/airflow/.local/lib/python3.8/site-packages/airflow/example_dags/example_python_operator.py for tasks to queue
[2025-12-06T09:31:44.000+0000] {logging_mixin.py:188} INFO - [2025-12-06T09:31:44.000+0000] {dagbag.py:538} INFO - Filling up the DagBag from /home/airflow/.local/lib/python3.8/site-packages/airflow/example_dags/example_python_operator.py
[2025-12-06T09:31:44.019+0000] {processor.py:840} INFO - DAG(s) 'example_python_operator' retrieved from /home/airflow/.local/lib/python3.8/site-packages/airflow/example_dags/example_python_operator.py
[2025-12-06T09:31:44.063+0000] {logging_mixin.py:188} INFO - [2025-12-06T09:31:44.063+0000] {dag.py:3036} INFO - Sync 1 DAGs
[2025-12-06T09:31:44.096+0000] {logging_mixin.py:188} INFO - [2025-12-06T09:31:44.096+0000] {dag.py:3823} INFO - Setting next_dagrun for example_python_operator to None, run_after=None
[2025-12-06T09:31:44.136+0000] {processor.py:183} INFO - Processing /home/airflow/.local/lib/python3.8/site-packages/airflow/example_dags/example_python_operator.py took 0.148 seconds
[2025-12-06T09:32:14.213+0000] {processor.py:161} INFO - Started process (PID=4291) to work on /home/airflow/.local/lib/python3.8/site-packages/airflow/example_dags/example_python_operator.py
[2025-12-06T09:32:14.214+0000] {processor.py:830} INFO - Processing file /home/airflow/.local/lib/python3.8/site-packages/airflow/example_dags/example_python_operator.py for tasks to queue
[2025-12-06T09:32:14.218+0000] {logging_mixin.py:188} INFO - [2025-12-06T09:32:14.218+0000] {dagbag.py:538} INFO - Filling up the DagBag from /home/airflow/.local/lib/python3.8/site-packages/airflow/example_dags/example_python_operator.py
[2025-12-06T09:32:14.236+0000] {processor.py:840} INFO - DAG(s) 'example_python_operator' retrieved from /home/airflow/.local/lib/python3.8/site-packages/airflow/example_dags/example_python_operator.py
[2025-12-06T09:32:14.271+0000] {logging_mixin.py:188} INFO - [2025-12-06T09:32:14.271+0000] {dag.py:3036} INFO - Sync 1 DAGs
[2025-12-06T09:32:14.295+0000] {logging_mixin.py:188} INFO - [2025-12-06T09:32:14.295+0000] {dag.py:3823} INFO - Setting next_dagrun for example_python_operator to None, run_after=None
[2025-12-06T09:32:14.332+0000] {processor.py:183} INFO - Processing /home/airflow/.local/lib/python3.8/site-packages/airflow/example_dags/example_python_operator.py took 0.124 seconds
[2025-12-06T09:32:44.364+0000] {processor.py:161} INFO - Started process (PID=4349) to work on /home/airflow/.local/lib/python3.8/site-packages/airflow/example_dags/example_python_operator.py
[2025-12-06T09:32:44.365+0000] {processor.py:830} INFO - Processing file /home/airflow/.local/lib/python3.8/site-packages/airflow/example_dags/example_python_operator.py for tasks to queue
[2025-12-06T09:32:44.369+0000] {logging_mixin.py:188} INFO - [2025-12-06T09:32:44.369+0000] {dagbag.py:538} INFO - Filling up the DagBag from /home/airflow/.local/lib/python3.8/site-packages/airflow/example_dags/example_python_operator.py
[2025-12-06T09:32:44.384+0000] {processor.py:840} INFO - DAG(s) 'example_python_operator' retrieved from /home/airflow/.local/lib/python3.8/site-packages/airflow/example_dags/example_python_operator.py
[2025-12-06T09:32:44.420+0000] {logging_mixin.py:188} INFO - [2025-12-06T09:32:44.419+0000] {dag.py:3036} INFO - Sync 1 DAGs
[2025-12-06T09:32:44.438+0000] {logging_mixin.py:188} INFO - [2025-12-06T09:32:44.438+0000] {dag.py:3823} INFO - Setting next_dagrun for example_python_operator to None, run_after=None
[2025-12-06T09:32:44.473+0000] {processor.py:183} INFO - Processing /home/airflow/.local/lib/python3.8/site-packages/airflow/example_dags/example_python_operator.py took 0.114 seconds
[2025-12-06T09:33:14.782+0000] {processor.py:161} INFO - Started process (PID=4408) to work on /home/airflow/.local/lib/python3.8/site-packages/airflow/example_dags/example_python_operator.py
[2025-12-06T09:33:14.784+0000] {processor.py:830} INFO - Processing file /home/airflow/.local/lib/python3.8/site-packages/airflow/example_dags/example_python_operator.py for tasks to queue
[2025-12-06T09:33:14.787+0000] {logging_mixin.py:188} INFO - [2025-12-06T09:33:14.786+0000] {dagbag.py:538} INFO - Filling up the DagBag from /home/airflow/.local/lib/python3.8/site-packages/airflow/example_dags/example_python_operator.py
[2025-12-06T09:33:14.804+0000] {processor.py:840} INFO - DAG(s) 'example_python_operator' retrieved from /home/airflow/.local/lib/python3.8/site-packages/airflow/example_dags/example_python_operator.py
[2025-12-06T09:33:14.839+0000] {logging_mixin.py:188} INFO - [2025-12-06T09:33:14.838+0000] {dag.py:3036} INFO - Sync 1 DAGs
[2025-12-06T09:33:14.858+0000] {logging_mixin.py:188} INFO - [2025-12-06T09:33:14.858+0000] {dag.py:3823} INFO - Setting next_dagrun for example_python_operator to None, run_after=None
[2025-12-06T09:33:14.888+0000] {processor.py:183} INFO - Processing /home/airflow/.local/lib/python3.8/site-packages/airflow/example_dags/example_python_operator.py took 0.111 seconds
[2025-12-06T09:33:45.120+0000] {processor.py:161} INFO - Started process (PID=4467) to work on /home/airflow/.local/lib/python3.8/site-packages/airflow/example_dags/example_python_operator.py
[2025-12-06T09:33:45.121+0000] {processor.py:830} INFO - Processing file /home/airflow/.local/lib/python3.8/site-packages/airflow/example_dags/example_python_operator.py for tasks to queue
[2025-12-06T09:33:45.124+0000] {logging_mixin.py:188} INFO - [2025-12-06T09:33:45.124+0000] {dagbag.py:538} INFO - Filling up the DagBag from /home/airflow/.local/lib/python3.8/site-packages/airflow/example_dags/example_python_operator.py
[2025-12-06T09:33:45.139+0000] {processor.py:840} INFO - DAG(s) 'example_python_operator' retrieved from /home/airflow/.local/lib/python3.8/site-packages/airflow/example_dags/example_python_operator.py
[2025-12-06T09:33:45.167+0000] {logging_mixin.py:188} INFO - [2025-12-06T09:33:45.167+0000] {dag.py:3036} INFO - Sync 1 DAGs
[2025-12-06T09:33:45.183+0000] {logging_mixin.py:188} INFO - [2025-12-06T09:33:45.183+0000] {dag.py:3823} INFO - Setting next_dagrun for example_python_operator to None, run_after=None
[2025-12-06T09:33:45.212+0000] {processor.py:183} INFO - Processing /home/airflow/.local/lib/python3.8/site-packages/airflow/example_dags/example_python_operator.py took 0.098 seconds
[2025-12-06T09:34:15.346+0000] {processor.py:161} INFO - Started process (PID=4526) to work on /home/airflow/.local/lib/python3.8/site-packages/airflow/example_dags/example_python_operator.py
[2025-12-06T09:34:15.347+0000] {processor.py:830} INFO - Processing file /home/airflow/.local/lib/python3.8/site-packages/airflow/example_dags/example_python_operator.py for tasks to queue
[2025-12-06T09:34:15.350+0000] {logging_mixin.py:188} INFO - [2025-12-06T09:34:15.350+0000] {dagbag.py:538} INFO - Filling up the DagBag from /home/airflow/.local/lib/python3.8/site-packages/airflow/example_dags/example_python_operator.py
[2025-12-06T09:34:15.366+0000] {processor.py:840} INFO - DAG(s) 'example_python_operator' retrieved from /home/airflow/.local/lib/python3.8/site-packages/airflow/example_dags/example_python_operator.py
[2025-12-06T09:34:15.398+0000] {logging_mixin.py:188} INFO - [2025-12-06T09:34:15.397+0000] {dag.py:3036} INFO - Sync 1 DAGs
[2025-12-06T09:34:15.415+0000] {logging_mixin.py:188} INFO - [2025-12-06T09:34:15.415+0000] {dag.py:3823} INFO - Setting next_dagrun for example_python_operator to None, run_after=None
[2025-12-06T09:34:15.446+0000] {processor.py:183} INFO - Processing /home/airflow/.local/lib/python3.8/site-packages/airflow/example_dags/example_python_operator.py took 0.105 seconds
[2025-12-06T09:34:45.510+0000] {processor.py:161} INFO - Started process (PID=4585) to work on /home/airflow/.local/lib/python3.8/site-packages/airflow/example_dags/example_python_operator.py
[2025-12-06T09:34:45.512+0000] {processor.py:830} INFO - Processing file /home/airflow/.local/lib/python3.8/site-packages/airflow/example_dags/example_python_operator.py for tasks to queue
[2025-12-06T09:34:45.516+0000] {logging_mixin.py:188} INFO - [2025-12-06T09:34:45.515+0000] {dagbag.py:538} INFO - Filling up the DagBag from /home/airflow/.local/lib/python3.8/site-packages/airflow/example_dags/example_python_operator.py
[2025-12-06T09:34:45.533+0000] {processor.py:840} INFO - DAG(s) 'example_python_operator' retrieved from /home/airflow/.local/lib/python3.8/site-packages/airflow/example_dags/example_python_operator.py
[2025-12-06T09:34:45.566+0000] {logging_mixin.py:188} INFO - [2025-12-06T09:34:45.566+0000] {dag.py:3036} INFO - Sync 1 DAGs
[2025-12-06T09:34:45.585+0000] {logging_mixin.py:188} INFO - [2025-12-06T09:34:45.584+0000] {dag.py:3823} INFO - Setting next_dagrun for example_python_operator to None, run_after=None
[2025-12-06T09:34:45.622+0000] {processor.py:183} INFO - Processing /home/airflow/.local/lib/python3.8/site-packages/airflow/example_dags/example_python_operator.py took 0.117 seconds
[2025-12-06T09:35:15.750+0000] {processor.py:161} INFO - Started process (PID=4644) to work on /home/airflow/.local/lib/python3.8/site-packages/airflow/example_dags/example_python_operator.py
[2025-12-06T09:35:15.752+0000] {processor.py:830} INFO - Processing file /home/airflow/.local/lib/python3.8/site-packages/airflow/example_dags/example_python_operator.py for tasks to queue
[2025-12-06T09:35:15.754+0000] {logging_mixin.py:188} INFO - [2025-12-06T09:35:15.754+0000] {dagbag.py:538} INFO - Filling up the DagBag from /home/airflow/.local/lib/python3.8/site-packages/airflow/example_dags/example_python_operator.py
[2025-12-06T09:35:15.772+0000] {processor.py:840} INFO - DAG(s) 'example_python_operator' retrieved from /home/airflow/.local/lib/python3.8/site-packages/airflow/example_dags/example_python_operator.py
[2025-12-06T09:35:15.806+0000] {logging_mixin.py:188} INFO - [2025-12-06T09:35:15.805+0000] {dag.py:3036} INFO - Sync 1 DAGs
[2025-12-06T09:35:15.824+0000] {logging_mixin.py:188} INFO - [2025-12-06T09:35:15.823+0000] {dag.py:3823} INFO - Setting next_dagrun for example_python_operator to None, run_after=None
[2025-12-06T09:35:15.857+0000] {processor.py:183} INFO - Processing /home/airflow/.local/lib/python3.8/site-packages/airflow/example_dags/example_python_operator.py took 0.112 seconds
[2025-12-06T09:35:46.005+0000] {processor.py:161} INFO - Started process (PID=4703) to work on /home/airflow/.local/lib/python3.8/site-packages/airflow/example_dags/example_python_operator.py
[2025-12-06T09:35:46.007+0000] {processor.py:830} INFO - Processing file /home/airflow/.local/lib/python3.8/site-packages/airflow/example_dags/example_python_operator.py for tasks to queue
[2025-12-06T09:35:46.011+0000] {logging_mixin.py:188} INFO - [2025-12-06T09:35:46.010+0000] {dagbag.py:538} INFO - Filling up the DagBag from /home/airflow/.local/lib/python3.8/site-packages/airflow/example_dags/example_python_operator.py
[2025-12-06T09:35:46.031+0000] {processor.py:840} INFO - DAG(s) 'example_python_operator' retrieved from /home/airflow/.local/lib/python3.8/site-packages/airflow/example_dags/example_python_operator.py
[2025-12-06T09:35:46.071+0000] {logging_mixin.py:188} INFO - [2025-12-06T09:35:46.070+0000] {dag.py:3036} INFO - Sync 1 DAGs
[2025-12-06T09:35:46.086+0000] {logging_mixin.py:188} INFO - [2025-12-06T09:35:46.086+0000] {dag.py:3823} INFO - Setting next_dagrun for example_python_operator to None, run_after=None
[2025-12-06T09:35:46.115+0000] {processor.py:183} INFO - Processing /home/airflow/.local/lib/python3.8/site-packages/airflow/example_dags/example_python_operator.py took 0.116 seconds
[2025-12-06T09:36:16.298+0000] {processor.py:161} INFO - Started process (PID=4762) to work on /home/airflow/.local/lib/python3.8/site-packages/airflow/example_dags/example_python_operator.py
[2025-12-06T09:36:16.300+0000] {processor.py:830} INFO - Processing file /home/airflow/.local/lib/python3.8/site-packages/airflow/example_dags/example_python_operator.py for tasks to queue
[2025-12-06T09:36:16.303+0000] {logging_mixin.py:188} INFO - [2025-12-06T09:36:16.303+0000] {dagbag.py:538} INFO - Filling up the DagBag from /home/airflow/.local/lib/python3.8/site-packages/airflow/example_dags/example_python_operator.py
[2025-12-06T09:36:16.323+0000] {processor.py:840} INFO - DAG(s) 'example_python_operator' retrieved from /home/airflow/.local/lib/python3.8/site-packages/airflow/example_dags/example_python_operator.py
[2025-12-06T09:36:16.360+0000] {logging_mixin.py:188} INFO - [2025-12-06T09:36:16.359+0000] {dag.py:3036} INFO - Sync 1 DAGs
[2025-12-06T09:36:16.378+0000] {logging_mixin.py:188} INFO - [2025-12-06T09:36:16.378+0000] {dag.py:3823} INFO - Setting next_dagrun for example_python_operator to None, run_after=None
[2025-12-06T09:36:16.415+0000] {processor.py:183} INFO - Processing /home/airflow/.local/lib/python3.8/site-packages/airflow/example_dags/example_python_operator.py took 0.121 seconds
[2025-12-06T09:36:46.700+0000] {processor.py:161} INFO - Started process (PID=4821) to work on /home/airflow/.local/lib/python3.8/site-packages/airflow/example_dags/example_python_operator.py
[2025-12-06T09:36:46.701+0000] {processor.py:830} INFO - Processing file /home/airflow/.local/lib/python3.8/site-packages/airflow/example_dags/example_python_operator.py for tasks to queue
[2025-12-06T09:36:46.705+0000] {logging_mixin.py:188} INFO - [2025-12-06T09:36:46.705+0000] {dagbag.py:538} INFO - Filling up the DagBag from /home/airflow/.local/lib/python3.8/site-packages/airflow/example_dags/example_python_operator.py
[2025-12-06T09:36:46.720+0000] {processor.py:840} INFO - DAG(s) 'example_python_operator' retrieved from /home/airflow/.local/lib/python3.8/site-packages/airflow/example_dags/example_python_operator.py
[2025-12-06T09:36:46.752+0000] {logging_mixin.py:188} INFO - [2025-12-06T09:36:46.752+0000] {dag.py:3036} INFO - Sync 1 DAGs
[2025-12-06T09:36:46.770+0000] {logging_mixin.py:188} INFO - [2025-12-06T09:36:46.769+0000] {dag.py:3823} INFO - Setting next_dagrun for example_python_operator to None, run_after=None
[2025-12-06T09:36:46.798+0000] {processor.py:183} INFO - Processing /home/airflow/.local/lib/python3.8/site-packages/airflow/example_dags/example_python_operator.py took 0.103 seconds
[2025-12-06T09:37:16.878+0000] {processor.py:161} INFO - Started process (PID=4880) to work on /home/airflow/.local/lib/python3.8/site-packages/airflow/example_dags/example_python_operator.py
[2025-12-06T09:37:16.880+0000] {processor.py:830} INFO - Processing file /home/airflow/.local/lib/python3.8/site-packages/airflow/example_dags/example_python_operator.py for tasks to queue
[2025-12-06T09:37:16.882+0000] {logging_mixin.py:188} INFO - [2025-12-06T09:37:16.882+0000] {dagbag.py:538} INFO - Filling up the DagBag from /home/airflow/.local/lib/python3.8/site-packages/airflow/example_dags/example_python_operator.py
[2025-12-06T09:37:16.896+0000] {processor.py:840} INFO - DAG(s) 'example_python_operator' retrieved from /home/airflow/.local/lib/python3.8/site-packages/airflow/example_dags/example_python_operator.py
[2025-12-06T09:37:16.927+0000] {logging_mixin.py:188} INFO - [2025-12-06T09:37:16.927+0000] {dag.py:3036} INFO - Sync 1 DAGs
[2025-12-06T09:37:16.947+0000] {logging_mixin.py:188} INFO - [2025-12-06T09:37:16.947+0000] {dag.py:3823} INFO - Setting next_dagrun for example_python_operator to None, run_after=None
[2025-12-06T09:37:16.975+0000] {processor.py:183} INFO - Processing /home/airflow/.local/lib/python3.8/site-packages/airflow/example_dags/example_python_operator.py took 0.100 seconds
[2025-12-06T09:37:47.229+0000] {processor.py:161} INFO - Started process (PID=4939) to work on /home/airflow/.local/lib/python3.8/site-packages/airflow/example_dags/example_python_operator.py
[2025-12-06T09:37:47.230+0000] {processor.py:830} INFO - Processing file /home/airflow/.local/lib/python3.8/site-packages/airflow/example_dags/example_python_operator.py for tasks to queue
[2025-12-06T09:37:47.232+0000] {logging_mixin.py:188} INFO - [2025-12-06T09:37:47.232+0000] {dagbag.py:538} INFO - Filling up the DagBag from /home/airflow/.local/lib/python3.8/site-packages/airflow/example_dags/example_python_operator.py
[2025-12-06T09:37:47.249+0000] {processor.py:840} INFO - DAG(s) 'example_python_operator' retrieved from /home/airflow/.local/lib/python3.8/site-packages/airflow/example_dags/example_python_operator.py
[2025-12-06T09:37:47.283+0000] {logging_mixin.py:188} INFO - [2025-12-06T09:37:47.282+0000] {dag.py:3036} INFO - Sync 1 DAGs
[2025-12-06T09:37:47.301+0000] {logging_mixin.py:188} INFO - [2025-12-06T09:37:47.301+0000] {dag.py:3823} INFO - Setting next_dagrun for example_python_operator to None, run_after=None
[2025-12-06T09:37:47.339+0000] {processor.py:183} INFO - Processing /home/airflow/.local/lib/python3.8/site-packages/airflow/example_dags/example_python_operator.py took 0.115 seconds
[2025-12-06T09:38:18.031+0000] {processor.py:161} INFO - Started process (PID=4999) to work on /home/airflow/.local/lib/python3.8/site-packages/airflow/example_dags/example_python_operator.py
[2025-12-06T09:38:18.033+0000] {processor.py:830} INFO - Processing file /home/airflow/.local/lib/python3.8/site-packages/airflow/example_dags/example_python_operator.py for tasks to queue
[2025-12-06T09:38:18.036+0000] {logging_mixin.py:188} INFO - [2025-12-06T09:38:18.035+0000] {dagbag.py:538} INFO - Filling up the DagBag from /home/airflow/.local/lib/python3.8/site-packages/airflow/example_dags/example_python_operator.py
[2025-12-06T09:38:18.051+0000] {processor.py:840} INFO - DAG(s) 'example_python_operator' retrieved from /home/airflow/.local/lib/python3.8/site-packages/airflow/example_dags/example_python_operator.py
[2025-12-06T09:38:18.084+0000] {logging_mixin.py:188} INFO - [2025-12-06T09:38:18.084+0000] {dag.py:3036} INFO - Sync 1 DAGs
[2025-12-06T09:38:18.100+0000] {logging_mixin.py:188} INFO - [2025-12-06T09:38:18.099+0000] {dag.py:3823} INFO - Setting next_dagrun for example_python_operator to None, run_after=None
[2025-12-06T09:38:18.133+0000] {processor.py:183} INFO - Processing /home/airflow/.local/lib/python3.8/site-packages/airflow/example_dags/example_python_operator.py took 0.106 seconds
[2025-12-06T09:38:48.619+0000] {processor.py:161} INFO - Started process (PID=5058) to work on /home/airflow/.local/lib/python3.8/site-packages/airflow/example_dags/example_python_operator.py
[2025-12-06T09:38:48.621+0000] {processor.py:830} INFO - Processing file /home/airflow/.local/lib/python3.8/site-packages/airflow/example_dags/example_python_operator.py for tasks to queue
[2025-12-06T09:38:48.623+0000] {logging_mixin.py:188} INFO - [2025-12-06T09:38:48.623+0000] {dagbag.py:538} INFO - Filling up the DagBag from /home/airflow/.local/lib/python3.8/site-packages/airflow/example_dags/example_python_operator.py
[2025-12-06T09:38:48.640+0000] {processor.py:840} INFO - DAG(s) 'example_python_operator' retrieved from /home/airflow/.local/lib/python3.8/site-packages/airflow/example_dags/example_python_operator.py
[2025-12-06T09:38:48.674+0000] {logging_mixin.py:188} INFO - [2025-12-06T09:38:48.674+0000] {dag.py:3036} INFO - Sync 1 DAGs
[2025-12-06T09:38:48.689+0000] {logging_mixin.py:188} INFO - [2025-12-06T09:38:48.689+0000] {dag.py:3823} INFO - Setting next_dagrun for example_python_operator to None, run_after=None
[2025-12-06T09:38:48.719+0000] {processor.py:183} INFO - Processing /home/airflow/.local/lib/python3.8/site-packages/airflow/example_dags/example_python_operator.py took 0.105 seconds
[2025-12-06T09:39:19.255+0000] {processor.py:161} INFO - Started process (PID=5117) to work on /home/airflow/.local/lib/python3.8/site-packages/airflow/example_dags/example_python_operator.py
[2025-12-06T09:39:19.256+0000] {processor.py:830} INFO - Processing file /home/airflow/.local/lib/python3.8/site-packages/airflow/example_dags/example_python_operator.py for tasks to queue
[2025-12-06T09:39:19.259+0000] {logging_mixin.py:188} INFO - [2025-12-06T09:39:19.259+0000] {dagbag.py:538} INFO - Filling up the DagBag from /home/airflow/.local/lib/python3.8/site-packages/airflow/example_dags/example_python_operator.py
[2025-12-06T09:39:19.275+0000] {processor.py:840} INFO - DAG(s) 'example_python_operator' retrieved from /home/airflow/.local/lib/python3.8/site-packages/airflow/example_dags/example_python_operator.py
[2025-12-06T09:39:19.308+0000] {logging_mixin.py:188} INFO - [2025-12-06T09:39:19.308+0000] {dag.py:3036} INFO - Sync 1 DAGs
[2025-12-06T09:39:19.328+0000] {logging_mixin.py:188} INFO - [2025-12-06T09:39:19.327+0000] {dag.py:3823} INFO - Setting next_dagrun for example_python_operator to None, run_after=None
[2025-12-06T09:39:19.363+0000] {processor.py:183} INFO - Processing /home/airflow/.local/lib/python3.8/site-packages/airflow/example_dags/example_python_operator.py took 0.113 seconds
[2025-12-06T09:39:49.758+0000] {processor.py:161} INFO - Started process (PID=5176) to work on /home/airflow/.local/lib/python3.8/site-packages/airflow/example_dags/example_python_operator.py
[2025-12-06T09:39:49.760+0000] {processor.py:830} INFO - Processing file /home/airflow/.local/lib/python3.8/site-packages/airflow/example_dags/example_python_operator.py for tasks to queue
[2025-12-06T09:39:49.763+0000] {logging_mixin.py:188} INFO - [2025-12-06T09:39:49.763+0000] {dagbag.py:538} INFO - Filling up the DagBag from /home/airflow/.local/lib/python3.8/site-packages/airflow/example_dags/example_python_operator.py
[2025-12-06T09:39:49.778+0000] {processor.py:840} INFO - DAG(s) 'example_python_operator' retrieved from /home/airflow/.local/lib/python3.8/site-packages/airflow/example_dags/example_python_operator.py
[2025-12-06T09:39:49.811+0000] {logging_mixin.py:188} INFO - [2025-12-06T09:39:49.810+0000] {dag.py:3036} INFO - Sync 1 DAGs
[2025-12-06T09:39:49.826+0000] {logging_mixin.py:188} INFO - [2025-12-06T09:39:49.826+0000] {dag.py:3823} INFO - Setting next_dagrun for example_python_operator to None, run_after=None
[2025-12-06T09:39:49.858+0000] {processor.py:183} INFO - Processing /home/airflow/.local/lib/python3.8/site-packages/airflow/example_dags/example_python_operator.py took 0.104 seconds
[2025-12-06T09:40:20.271+0000] {processor.py:161} INFO - Started process (PID=5235) to work on /home/airflow/.local/lib/python3.8/site-packages/airflow/example_dags/example_python_operator.py
[2025-12-06T09:40:20.272+0000] {processor.py:830} INFO - Processing file /home/airflow/.local/lib/python3.8/site-packages/airflow/example_dags/example_python_operator.py for tasks to queue
[2025-12-06T09:40:20.275+0000] {logging_mixin.py:188} INFO - [2025-12-06T09:40:20.274+0000] {dagbag.py:538} INFO - Filling up the DagBag from /home/airflow/.local/lib/python3.8/site-packages/airflow/example_dags/example_python_operator.py
[2025-12-06T09:40:20.290+0000] {processor.py:840} INFO - DAG(s) 'example_python_operator' retrieved from /home/airflow/.local/lib/python3.8/site-packages/airflow/example_dags/example_python_operator.py
[2025-12-06T09:40:20.324+0000] {logging_mixin.py:188} INFO - [2025-12-06T09:40:20.324+0000] {dag.py:3036} INFO - Sync 1 DAGs
[2025-12-06T09:40:20.341+0000] {logging_mixin.py:188} INFO - [2025-12-06T09:40:20.341+0000] {dag.py:3823} INFO - Setting next_dagrun for example_python_operator to None, run_after=None
[2025-12-06T09:40:20.375+0000] {processor.py:183} INFO - Processing /home/airflow/.local/lib/python3.8/site-packages/airflow/example_dags/example_python_operator.py took 0.110 seconds
[2025-12-06T09:40:50.917+0000] {processor.py:161} INFO - Started process (PID=5294) to work on /home/airflow/.local/lib/python3.8/site-packages/airflow/example_dags/example_python_operator.py
[2025-12-06T09:40:50.918+0000] {processor.py:830} INFO - Processing file /home/airflow/.local/lib/python3.8/site-packages/airflow/example_dags/example_python_operator.py for tasks to queue
[2025-12-06T09:40:50.921+0000] {logging_mixin.py:188} INFO - [2025-12-06T09:40:50.921+0000] {dagbag.py:538} INFO - Filling up the DagBag from /home/airflow/.local/lib/python3.8/site-packages/airflow/example_dags/example_python_operator.py
[2025-12-06T09:40:50.938+0000] {processor.py:840} INFO - DAG(s) 'example_python_operator' retrieved from /home/airflow/.local/lib/python3.8/site-packages/airflow/example_dags/example_python_operator.py
[2025-12-06T09:40:50.975+0000] {logging_mixin.py:188} INFO - [2025-12-06T09:40:50.975+0000] {dag.py:3036} INFO - Sync 1 DAGs
[2025-12-06T09:40:50.994+0000] {logging_mixin.py:188} INFO - [2025-12-06T09:40:50.993+0000] {dag.py:3823} INFO - Setting next_dagrun for example_python_operator to None, run_after=None
[2025-12-06T09:40:51.026+0000] {processor.py:183} INFO - Processing /home/airflow/.local/lib/python3.8/site-packages/airflow/example_dags/example_python_operator.py took 0.114 seconds
[2025-12-06T09:41:21.224+0000] {processor.py:161} INFO - Started process (PID=5353) to work on /home/airflow/.local/lib/python3.8/site-packages/airflow/example_dags/example_python_operator.py
[2025-12-06T09:41:21.225+0000] {processor.py:830} INFO - Processing file /home/airflow/.local/lib/python3.8/site-packages/airflow/example_dags/example_python_operator.py for tasks to queue
[2025-12-06T09:41:21.228+0000] {logging_mixin.py:188} INFO - [2025-12-06T09:41:21.227+0000] {dagbag.py:538} INFO - Filling up the DagBag from /home/airflow/.local/lib/python3.8/site-packages/airflow/example_dags/example_python_operator.py
[2025-12-06T09:41:21.242+0000] {processor.py:840} INFO - DAG(s) 'example_python_operator' retrieved from /home/airflow/.local/lib/python3.8/site-packages/airflow/example_dags/example_python_operator.py
[2025-12-06T09:41:21.274+0000] {logging_mixin.py:188} INFO - [2025-12-06T09:41:21.274+0000] {dag.py:3036} INFO - Sync 1 DAGs
[2025-12-06T09:41:21.291+0000] {logging_mixin.py:188} INFO - [2025-12-06T09:41:21.291+0000] {dag.py:3823} INFO - Setting next_dagrun for example_python_operator to None, run_after=None
[2025-12-06T09:41:21.322+0000] {processor.py:183} INFO - Processing /home/airflow/.local/lib/python3.8/site-packages/airflow/example_dags/example_python_operator.py took 0.102 seconds
[2025-12-06T09:41:51.679+0000] {processor.py:161} INFO - Started process (PID=5412) to work on /home/airflow/.local/lib/python3.8/site-packages/airflow/example_dags/example_python_operator.py
[2025-12-06T09:41:51.680+0000] {processor.py:830} INFO - Processing file /home/airflow/.local/lib/python3.8/site-packages/airflow/example_dags/example_python_operator.py for tasks to queue
[2025-12-06T09:41:51.683+0000] {logging_mixin.py:188} INFO - [2025-12-06T09:41:51.683+0000] {dagbag.py:538} INFO - Filling up the DagBag from /home/airflow/.local/lib/python3.8/site-packages/airflow/example_dags/example_python_operator.py
[2025-12-06T09:41:51.699+0000] {processor.py:840} INFO - DAG(s) 'example_python_operator' retrieved from /home/airflow/.local/lib/python3.8/site-packages/airflow/example_dags/example_python_operator.py
[2025-12-06T09:41:51.735+0000] {logging_mixin.py:188} INFO - [2025-12-06T09:41:51.735+0000] {dag.py:3036} INFO - Sync 1 DAGs
[2025-12-06T09:41:51.753+0000] {logging_mixin.py:188} INFO - [2025-12-06T09:41:51.752+0000] {dag.py:3823} INFO - Setting next_dagrun for example_python_operator to None, run_after=None
[2025-12-06T09:41:51.788+0000] {processor.py:183} INFO - Processing /home/airflow/.local/lib/python3.8/site-packages/airflow/example_dags/example_python_operator.py took 0.114 seconds
[2025-12-06T09:42:22.591+0000] {processor.py:161} INFO - Started process (PID=5470) to work on /home/airflow/.local/lib/python3.8/site-packages/airflow/example_dags/example_python_operator.py
[2025-12-06T09:42:22.592+0000] {processor.py:830} INFO - Processing file /home/airflow/.local/lib/python3.8/site-packages/airflow/example_dags/example_python_operator.py for tasks to queue
[2025-12-06T09:42:22.595+0000] {logging_mixin.py:188} INFO - [2025-12-06T09:42:22.594+0000] {dagbag.py:538} INFO - Filling up the DagBag from /home/airflow/.local/lib/python3.8/site-packages/airflow/example_dags/example_python_operator.py
[2025-12-06T09:42:22.612+0000] {processor.py:840} INFO - DAG(s) 'example_python_operator' retrieved from /home/airflow/.local/lib/python3.8/site-packages/airflow/example_dags/example_python_operator.py
[2025-12-06T09:42:22.653+0000] {logging_mixin.py:188} INFO - [2025-12-06T09:42:22.652+0000] {dag.py:3036} INFO - Sync 1 DAGs
[2025-12-06T09:42:22.668+0000] {logging_mixin.py:188} INFO - [2025-12-06T09:42:22.668+0000] {dag.py:3823} INFO - Setting next_dagrun for example_python_operator to None, run_after=None
[2025-12-06T09:42:22.697+0000] {processor.py:183} INFO - Processing /home/airflow/.local/lib/python3.8/site-packages/airflow/example_dags/example_python_operator.py took 0.112 seconds
[2025-12-06T09:42:52.781+0000] {processor.py:161} INFO - Started process (PID=5529) to work on /home/airflow/.local/lib/python3.8/site-packages/airflow/example_dags/example_python_operator.py
[2025-12-06T09:42:52.783+0000] {processor.py:830} INFO - Processing file /home/airflow/.local/lib/python3.8/site-packages/airflow/example_dags/example_python_operator.py for tasks to queue
[2025-12-06T09:42:52.787+0000] {logging_mixin.py:188} INFO - [2025-12-06T09:42:52.786+0000] {dagbag.py:538} INFO - Filling up the DagBag from /home/airflow/.local/lib/python3.8/site-packages/airflow/example_dags/example_python_operator.py
[2025-12-06T09:42:52.805+0000] {processor.py:840} INFO - DAG(s) 'example_python_operator' retrieved from /home/airflow/.local/lib/python3.8/site-packages/airflow/example_dags/example_python_operator.py
[2025-12-06T09:42:52.842+0000] {logging_mixin.py:188} INFO - [2025-12-06T09:42:52.842+0000] {dag.py:3036} INFO - Sync 1 DAGs
[2025-12-06T09:42:52.863+0000] {logging_mixin.py:188} INFO - [2025-12-06T09:42:52.863+0000] {dag.py:3823} INFO - Setting next_dagrun for example_python_operator to None, run_after=None
[2025-12-06T09:42:52.897+0000] {processor.py:183} INFO - Processing /home/airflow/.local/lib/python3.8/site-packages/airflow/example_dags/example_python_operator.py took 0.122 seconds
[2025-12-06T09:43:23.116+0000] {processor.py:161} INFO - Started process (PID=5588) to work on /home/airflow/.local/lib/python3.8/site-packages/airflow/example_dags/example_python_operator.py
[2025-12-06T09:43:23.119+0000] {processor.py:830} INFO - Processing file /home/airflow/.local/lib/python3.8/site-packages/airflow/example_dags/example_python_operator.py for tasks to queue
[2025-12-06T09:43:23.122+0000] {logging_mixin.py:188} INFO - [2025-12-06T09:43:23.121+0000] {dagbag.py:538} INFO - Filling up the DagBag from /home/airflow/.local/lib/python3.8/site-packages/airflow/example_dags/example_python_operator.py
[2025-12-06T09:43:23.147+0000] {processor.py:840} INFO - DAG(s) 'example_python_operator' retrieved from /home/airflow/.local/lib/python3.8/site-packages/airflow/example_dags/example_python_operator.py
[2025-12-06T09:43:23.180+0000] {logging_mixin.py:188} INFO - [2025-12-06T09:43:23.179+0000] {dag.py:3036} INFO - Sync 1 DAGs
[2025-12-06T09:43:23.197+0000] {logging_mixin.py:188} INFO - [2025-12-06T09:43:23.197+0000] {dag.py:3823} INFO - Setting next_dagrun for example_python_operator to None, run_after=None
[2025-12-06T09:43:23.227+0000] {processor.py:183} INFO - Processing /home/airflow/.local/lib/python3.8/site-packages/airflow/example_dags/example_python_operator.py took 0.116 seconds
[2025-12-06T09:43:53.954+0000] {processor.py:161} INFO - Started process (PID=5645) to work on /home/airflow/.local/lib/python3.8/site-packages/airflow/example_dags/example_python_operator.py
[2025-12-06T09:43:53.956+0000] {processor.py:830} INFO - Processing file /home/airflow/.local/lib/python3.8/site-packages/airflow/example_dags/example_python_operator.py for tasks to queue
[2025-12-06T09:43:53.959+0000] {logging_mixin.py:188} INFO - [2025-12-06T09:43:53.958+0000] {dagbag.py:538} INFO - Filling up the DagBag from /home/airflow/.local/lib/python3.8/site-packages/airflow/example_dags/example_python_operator.py
[2025-12-06T09:43:53.975+0000] {processor.py:840} INFO - DAG(s) 'example_python_operator' retrieved from /home/airflow/.local/lib/python3.8/site-packages/airflow/example_dags/example_python_operator.py
[2025-12-06T09:43:54.008+0000] {logging_mixin.py:188} INFO - [2025-12-06T09:43:54.007+0000] {dag.py:3036} INFO - Sync 1 DAGs
[2025-12-06T09:43:54.028+0000] {logging_mixin.py:188} INFO - [2025-12-06T09:43:54.027+0000] {dag.py:3823} INFO - Setting next_dagrun for example_python_operator to None, run_after=None
[2025-12-06T09:43:54.072+0000] {processor.py:183} INFO - Processing /home/airflow/.local/lib/python3.8/site-packages/airflow/example_dags/example_python_operator.py took 0.123 seconds
[2025-12-06T09:44:24.257+0000] {processor.py:161} INFO - Started process (PID=5704) to work on /home/airflow/.local/lib/python3.8/site-packages/airflow/example_dags/example_python_operator.py
[2025-12-06T09:44:24.258+0000] {processor.py:830} INFO - Processing file /home/airflow/.local/lib/python3.8/site-packages/airflow/example_dags/example_python_operator.py for tasks to queue
[2025-12-06T09:44:24.261+0000] {logging_mixin.py:188} INFO - [2025-12-06T09:44:24.260+0000] {dagbag.py:538} INFO - Filling up the DagBag from /home/airflow/.local/lib/python3.8/site-packages/airflow/example_dags/example_python_operator.py
[2025-12-06T09:44:24.277+0000] {processor.py:840} INFO - DAG(s) 'example_python_operator' retrieved from /home/airflow/.local/lib/python3.8/site-packages/airflow/example_dags/example_python_operator.py
[2025-12-06T09:44:24.310+0000] {logging_mixin.py:188} INFO - [2025-12-06T09:44:24.310+0000] {dag.py:3036} INFO - Sync 1 DAGs
[2025-12-06T09:44:24.326+0000] {logging_mixin.py:188} INFO - [2025-12-06T09:44:24.326+0000] {dag.py:3823} INFO - Setting next_dagrun for example_python_operator to None, run_after=None
[2025-12-06T09:44:24.355+0000] {processor.py:183} INFO - Processing /home/airflow/.local/lib/python3.8/site-packages/airflow/example_dags/example_python_operator.py took 0.104 seconds
[2025-12-06T09:44:54.702+0000] {processor.py:161} INFO - Started process (PID=5763) to work on /home/airflow/.local/lib/python3.8/site-packages/airflow/example_dags/example_python_operator.py
[2025-12-06T09:44:54.703+0000] {processor.py:830} INFO - Processing file /home/airflow/.local/lib/python3.8/site-packages/airflow/example_dags/example_python_operator.py for tasks to queue
[2025-12-06T09:44:54.707+0000] {logging_mixin.py:188} INFO - [2025-12-06T09:44:54.706+0000] {dagbag.py:538} INFO - Filling up the DagBag from /home/airflow/.local/lib/python3.8/site-packages/airflow/example_dags/example_python_operator.py
[2025-12-06T09:44:54.723+0000] {processor.py:840} INFO - DAG(s) 'example_python_operator' retrieved from /home/airflow/.local/lib/python3.8/site-packages/airflow/example_dags/example_python_operator.py
[2025-12-06T09:44:54.757+0000] {logging_mixin.py:188} INFO - [2025-12-06T09:44:54.756+0000] {dag.py:3036} INFO - Sync 1 DAGs
[2025-12-06T09:44:54.777+0000] {logging_mixin.py:188} INFO - [2025-12-06T09:44:54.776+0000] {dag.py:3823} INFO - Setting next_dagrun for example_python_operator to None, run_after=None
[2025-12-06T09:44:54.810+0000] {processor.py:183} INFO - Processing /home/airflow/.local/lib/python3.8/site-packages/airflow/example_dags/example_python_operator.py took 0.113 seconds
[2025-12-06T09:45:24.987+0000] {processor.py:161} INFO - Started process (PID=5822) to work on /home/airflow/.local/lib/python3.8/site-packages/airflow/example_dags/example_python_operator.py
[2025-12-06T09:45:24.989+0000] {processor.py:830} INFO - Processing file /home/airflow/.local/lib/python3.8/site-packages/airflow/example_dags/example_python_operator.py for tasks to queue
[2025-12-06T09:45:24.992+0000] {logging_mixin.py:188} INFO - [2025-12-06T09:45:24.991+0000] {dagbag.py:538} INFO - Filling up the DagBag from /home/airflow/.local/lib/python3.8/site-packages/airflow/example_dags/example_python_operator.py
[2025-12-06T09:45:25.009+0000] {processor.py:840} INFO - DAG(s) 'example_python_operator' retrieved from /home/airflow/.local/lib/python3.8/site-packages/airflow/example_dags/example_python_operator.py
[2025-12-06T09:45:25.041+0000] {logging_mixin.py:188} INFO - [2025-12-06T09:45:25.041+0000] {dag.py:3036} INFO - Sync 1 DAGs
[2025-12-06T09:45:25.058+0000] {logging_mixin.py:188} INFO - [2025-12-06T09:45:25.058+0000] {dag.py:3823} INFO - Setting next_dagrun for example_python_operator to None, run_after=None
[2025-12-06T09:45:25.093+0000] {processor.py:183} INFO - Processing /home/airflow/.local/lib/python3.8/site-packages/airflow/example_dags/example_python_operator.py took 0.111 seconds
[2025-12-06T09:45:55.180+0000] {processor.py:161} INFO - Started process (PID=5881) to work on /home/airflow/.local/lib/python3.8/site-packages/airflow/example_dags/example_python_operator.py
[2025-12-06T09:45:55.181+0000] {processor.py:830} INFO - Processing file /home/airflow/.local/lib/python3.8/site-packages/airflow/example_dags/example_python_operator.py for tasks to queue
[2025-12-06T09:45:55.185+0000] {logging_mixin.py:188} INFO - [2025-12-06T09:45:55.185+0000] {dagbag.py:538} INFO - Filling up the DagBag from /home/airflow/.local/lib/python3.8/site-packages/airflow/example_dags/example_python_operator.py
[2025-12-06T09:45:55.203+0000] {processor.py:840} INFO - DAG(s) 'example_python_operator' retrieved from /home/airflow/.local/lib/python3.8/site-packages/airflow/example_dags/example_python_operator.py
[2025-12-06T09:45:55.234+0000] {logging_mixin.py:188} INFO - [2025-12-06T09:45:55.234+0000] {dag.py:3036} INFO - Sync 1 DAGs
[2025-12-06T09:45:55.251+0000] {logging_mixin.py:188} INFO - [2025-12-06T09:45:55.251+0000] {dag.py:3823} INFO - Setting next_dagrun for example_python_operator to None, run_after=None
[2025-12-06T09:45:55.279+0000] {processor.py:183} INFO - Processing /home/airflow/.local/lib/python3.8/site-packages/airflow/example_dags/example_python_operator.py took 0.106 seconds
[2025-12-06T09:46:25.415+0000] {processor.py:161} INFO - Started process (PID=5940) to work on /home/airflow/.local/lib/python3.8/site-packages/airflow/example_dags/example_python_operator.py
[2025-12-06T09:46:25.418+0000] {processor.py:830} INFO - Processing file /home/airflow/.local/lib/python3.8/site-packages/airflow/example_dags/example_python_operator.py for tasks to queue
[2025-12-06T09:46:25.422+0000] {logging_mixin.py:188} INFO - [2025-12-06T09:46:25.421+0000] {dagbag.py:538} INFO - Filling up the DagBag from /home/airflow/.local/lib/python3.8/site-packages/airflow/example_dags/example_python_operator.py
[2025-12-06T09:46:25.439+0000] {processor.py:840} INFO - DAG(s) 'example_python_operator' retrieved from /home/airflow/.local/lib/python3.8/site-packages/airflow/example_dags/example_python_operator.py
[2025-12-06T09:46:25.473+0000] {logging_mixin.py:188} INFO - [2025-12-06T09:46:25.472+0000] {dag.py:3036} INFO - Sync 1 DAGs
[2025-12-06T09:46:25.492+0000] {logging_mixin.py:188} INFO - [2025-12-06T09:46:25.492+0000] {dag.py:3823} INFO - Setting next_dagrun for example_python_operator to None, run_after=None
[2025-12-06T09:46:25.526+0000] {processor.py:183} INFO - Processing /home/airflow/.local/lib/python3.8/site-packages/airflow/example_dags/example_python_operator.py took 0.115 seconds
[2025-12-06T09:46:56.225+0000] {processor.py:161} INFO - Started process (PID=5999) to work on /home/airflow/.local/lib/python3.8/site-packages/airflow/example_dags/example_python_operator.py
[2025-12-06T09:46:56.226+0000] {processor.py:830} INFO - Processing file /home/airflow/.local/lib/python3.8/site-packages/airflow/example_dags/example_python_operator.py for tasks to queue
[2025-12-06T09:46:56.229+0000] {logging_mixin.py:188} INFO - [2025-12-06T09:46:56.228+0000] {dagbag.py:538} INFO - Filling up the DagBag from /home/airflow/.local/lib/python3.8/site-packages/airflow/example_dags/example_python_operator.py
[2025-12-06T09:46:56.244+0000] {processor.py:840} INFO - DAG(s) 'example_python_operator' retrieved from /home/airflow/.local/lib/python3.8/site-packages/airflow/example_dags/example_python_operator.py
[2025-12-06T09:46:56.278+0000] {logging_mixin.py:188} INFO - [2025-12-06T09:46:56.278+0000] {dag.py:3036} INFO - Sync 1 DAGs
[2025-12-06T09:46:56.303+0000] {logging_mixin.py:188} INFO - [2025-12-06T09:46:56.303+0000] {dag.py:3823} INFO - Setting next_dagrun for example_python_operator to None, run_after=None
[2025-12-06T09:46:56.338+0000] {processor.py:183} INFO - Processing /home/airflow/.local/lib/python3.8/site-packages/airflow/example_dags/example_python_operator.py took 0.118 seconds
[2025-12-06T09:47:26.856+0000] {processor.py:161} INFO - Started process (PID=6058) to work on /home/airflow/.local/lib/python3.8/site-packages/airflow/example_dags/example_python_operator.py
[2025-12-06T09:47:26.858+0000] {processor.py:830} INFO - Processing file /home/airflow/.local/lib/python3.8/site-packages/airflow/example_dags/example_python_operator.py for tasks to queue
[2025-12-06T09:47:26.861+0000] {logging_mixin.py:188} INFO - [2025-12-06T09:47:26.860+0000] {dagbag.py:538} INFO - Filling up the DagBag from /home/airflow/.local/lib/python3.8/site-packages/airflow/example_dags/example_python_operator.py
[2025-12-06T09:47:26.877+0000] {processor.py:840} INFO - DAG(s) 'example_python_operator' retrieved from /home/airflow/.local/lib/python3.8/site-packages/airflow/example_dags/example_python_operator.py
[2025-12-06T09:47:26.913+0000] {logging_mixin.py:188} INFO - [2025-12-06T09:47:26.913+0000] {dag.py:3036} INFO - Sync 1 DAGs
[2025-12-06T09:47:26.931+0000] {logging_mixin.py:188} INFO - [2025-12-06T09:47:26.930+0000] {dag.py:3823} INFO - Setting next_dagrun for example_python_operator to None, run_after=None
[2025-12-06T09:47:26.962+0000] {processor.py:183} INFO - Processing /home/airflow/.local/lib/python3.8/site-packages/airflow/example_dags/example_python_operator.py took 0.111 seconds
[2025-12-06T09:47:57.524+0000] {processor.py:161} INFO - Started process (PID=6117) to work on /home/airflow/.local/lib/python3.8/site-packages/airflow/example_dags/example_python_operator.py
[2025-12-06T09:47:57.525+0000] {processor.py:830} INFO - Processing file /home/airflow/.local/lib/python3.8/site-packages/airflow/example_dags/example_python_operator.py for tasks to queue
[2025-12-06T09:47:57.528+0000] {logging_mixin.py:188} INFO - [2025-12-06T09:47:57.528+0000] {dagbag.py:538} INFO - Filling up the DagBag from /home/airflow/.local/lib/python3.8/site-packages/airflow/example_dags/example_python_operator.py
[2025-12-06T09:47:57.546+0000] {processor.py:840} INFO - DAG(s) 'example_python_operator' retrieved from /home/airflow/.local/lib/python3.8/site-packages/airflow/example_dags/example_python_operator.py
[2025-12-06T09:47:57.580+0000] {logging_mixin.py:188} INFO - [2025-12-06T09:47:57.579+0000] {dag.py:3036} INFO - Sync 1 DAGs
[2025-12-06T09:47:57.600+0000] {logging_mixin.py:188} INFO - [2025-12-06T09:47:57.600+0000] {dag.py:3823} INFO - Setting next_dagrun for example_python_operator to None, run_after=None
[2025-12-06T09:47:57.632+0000] {processor.py:183} INFO - Processing /home/airflow/.local/lib/python3.8/site-packages/airflow/example_dags/example_python_operator.py took 0.114 seconds
[2025-12-06T09:48:28.304+0000] {processor.py:161} INFO - Started process (PID=6176) to work on /home/airflow/.local/lib/python3.8/site-packages/airflow/example_dags/example_python_operator.py
[2025-12-06T09:48:28.305+0000] {processor.py:830} INFO - Processing file /home/airflow/.local/lib/python3.8/site-packages/airflow/example_dags/example_python_operator.py for tasks to queue
[2025-12-06T09:48:28.308+0000] {logging_mixin.py:188} INFO - [2025-12-06T09:48:28.308+0000] {dagbag.py:538} INFO - Filling up the DagBag from /home/airflow/.local/lib/python3.8/site-packages/airflow/example_dags/example_python_operator.py
[2025-12-06T09:48:28.322+0000] {processor.py:840} INFO - DAG(s) 'example_python_operator' retrieved from /home/airflow/.local/lib/python3.8/site-packages/airflow/example_dags/example_python_operator.py
[2025-12-06T09:48:28.352+0000] {logging_mixin.py:188} INFO - [2025-12-06T09:48:28.352+0000] {dag.py:3036} INFO - Sync 1 DAGs
[2025-12-06T09:48:28.371+0000] {logging_mixin.py:188} INFO - [2025-12-06T09:48:28.370+0000] {dag.py:3823} INFO - Setting next_dagrun for example_python_operator to None, run_after=None
[2025-12-06T09:48:28.402+0000] {processor.py:183} INFO - Processing /home/airflow/.local/lib/python3.8/site-packages/airflow/example_dags/example_python_operator.py took 0.103 seconds
[2025-12-06T09:48:59.036+0000] {processor.py:161} INFO - Started process (PID=6235) to work on /home/airflow/.local/lib/python3.8/site-packages/airflow/example_dags/example_python_operator.py
[2025-12-06T09:48:59.038+0000] {processor.py:830} INFO - Processing file /home/airflow/.local/lib/python3.8/site-packages/airflow/example_dags/example_python_operator.py for tasks to queue
[2025-12-06T09:48:59.040+0000] {logging_mixin.py:188} INFO - [2025-12-06T09:48:59.040+0000] {dagbag.py:538} INFO - Filling up the DagBag from /home/airflow/.local/lib/python3.8/site-packages/airflow/example_dags/example_python_operator.py
[2025-12-06T09:48:59.054+0000] {processor.py:840} INFO - DAG(s) 'example_python_operator' retrieved from /home/airflow/.local/lib/python3.8/site-packages/airflow/example_dags/example_python_operator.py
[2025-12-06T09:48:59.088+0000] {logging_mixin.py:188} INFO - [2025-12-06T09:48:59.088+0000] {dag.py:3036} INFO - Sync 1 DAGs
[2025-12-06T09:48:59.106+0000] {logging_mixin.py:188} INFO - [2025-12-06T09:48:59.105+0000] {dag.py:3823} INFO - Setting next_dagrun for example_python_operator to None, run_after=None
[2025-12-06T09:48:59.137+0000] {processor.py:183} INFO - Processing /home/airflow/.local/lib/python3.8/site-packages/airflow/example_dags/example_python_operator.py took 0.105 seconds
[2025-12-06T09:49:29.775+0000] {processor.py:161} INFO - Started process (PID=6294) to work on /home/airflow/.local/lib/python3.8/site-packages/airflow/example_dags/example_python_operator.py
[2025-12-06T09:49:29.776+0000] {processor.py:830} INFO - Processing file /home/airflow/.local/lib/python3.8/site-packages/airflow/example_dags/example_python_operator.py for tasks to queue
[2025-12-06T09:49:29.779+0000] {logging_mixin.py:188} INFO - [2025-12-06T09:49:29.779+0000] {dagbag.py:538} INFO - Filling up the DagBag from /home/airflow/.local/lib/python3.8/site-packages/airflow/example_dags/example_python_operator.py
[2025-12-06T09:49:29.797+0000] {processor.py:840} INFO - DAG(s) 'example_python_operator' retrieved from /home/airflow/.local/lib/python3.8/site-packages/airflow/example_dags/example_python_operator.py
[2025-12-06T09:49:29.836+0000] {logging_mixin.py:188} INFO - [2025-12-06T09:49:29.835+0000] {dag.py:3036} INFO - Sync 1 DAGs
[2025-12-06T09:49:29.855+0000] {logging_mixin.py:188} INFO - [2025-12-06T09:49:29.855+0000] {dag.py:3823} INFO - Setting next_dagrun for example_python_operator to None, run_after=None
[2025-12-06T09:49:29.903+0000] {processor.py:183} INFO - Processing /home/airflow/.local/lib/python3.8/site-packages/airflow/example_dags/example_python_operator.py took 0.134 seconds
[2025-12-06T09:50:00.383+0000] {processor.py:161} INFO - Started process (PID=6353) to work on /home/airflow/.local/lib/python3.8/site-packages/airflow/example_dags/example_python_operator.py
[2025-12-06T09:50:00.385+0000] {processor.py:830} INFO - Processing file /home/airflow/.local/lib/python3.8/site-packages/airflow/example_dags/example_python_operator.py for tasks to queue
[2025-12-06T09:50:00.389+0000] {logging_mixin.py:188} INFO - [2025-12-06T09:50:00.389+0000] {dagbag.py:538} INFO - Filling up the DagBag from /home/airflow/.local/lib/python3.8/site-packages/airflow/example_dags/example_python_operator.py
[2025-12-06T09:50:00.410+0000] {processor.py:840} INFO - DAG(s) 'example_python_operator' retrieved from /home/airflow/.local/lib/python3.8/site-packages/airflow/example_dags/example_python_operator.py
[2025-12-06T09:50:00.446+0000] {logging_mixin.py:188} INFO - [2025-12-06T09:50:00.446+0000] {dag.py:3036} INFO - Sync 1 DAGs
[2025-12-06T09:50:00.469+0000] {logging_mixin.py:188} INFO - [2025-12-06T09:50:00.468+0000] {dag.py:3823} INFO - Setting next_dagrun for example_python_operator to None, run_after=None
[2025-12-06T09:50:00.500+0000] {processor.py:183} INFO - Processing /home/airflow/.local/lib/python3.8/site-packages/airflow/example_dags/example_python_operator.py took 0.123 seconds
