[2025-12-06T05:45:41.835+0000] {processor.py:161} INFO - Started process (PID=97) to work on /home/airflow/.local/lib/python3.8/site-packages/airflow/example_dags/example_dag_decorator.py
[2025-12-06T05:45:41.837+0000] {processor.py:830} INFO - Processing file /home/airflow/.local/lib/python3.8/site-packages/airflow/example_dags/example_dag_decorator.py for tasks to queue
[2025-12-06T05:45:41.840+0000] {logging_mixin.py:188} INFO - [2025-12-06T05:45:41.840+0000] {dagbag.py:538} INFO - Filling up the DagBag from /home/airflow/.local/lib/python3.8/site-packages/airflow/example_dags/example_dag_decorator.py
[2025-12-06T05:45:42.152+0000] {processor.py:840} INFO - DAG(s) 'example_dag_decorator' retrieved from /home/airflow/.local/lib/python3.8/site-packages/airflow/example_dags/example_dag_decorator.py
[2025-12-06T05:45:42.304+0000] {logging_mixin.py:188} INFO - [2025-12-06T05:45:42.304+0000] {dag.py:3036} INFO - Sync 1 DAGs
[2025-12-06T05:45:42.322+0000] {logging_mixin.py:188} INFO - [2025-12-06T05:45:42.322+0000] {dag.py:3823} INFO - Setting next_dagrun for example_dag_decorator to None, run_after=None
[2025-12-06T05:45:42.361+0000] {processor.py:183} INFO - Processing /home/airflow/.local/lib/python3.8/site-packages/airflow/example_dags/example_dag_decorator.py took 0.532 seconds
[2025-12-06T05:46:12.622+0000] {processor.py:161} INFO - Started process (PID=153) to work on /home/airflow/.local/lib/python3.8/site-packages/airflow/example_dags/example_dag_decorator.py
[2025-12-06T05:46:12.624+0000] {processor.py:830} INFO - Processing file /home/airflow/.local/lib/python3.8/site-packages/airflow/example_dags/example_dag_decorator.py for tasks to queue
[2025-12-06T05:46:12.628+0000] {logging_mixin.py:188} INFO - [2025-12-06T05:46:12.627+0000] {dagbag.py:538} INFO - Filling up the DagBag from /home/airflow/.local/lib/python3.8/site-packages/airflow/example_dags/example_dag_decorator.py
[2025-12-06T05:46:12.747+0000] {processor.py:840} INFO - DAG(s) 'example_dag_decorator' retrieved from /home/airflow/.local/lib/python3.8/site-packages/airflow/example_dags/example_dag_decorator.py
[2025-12-06T05:46:12.910+0000] {logging_mixin.py:188} INFO - [2025-12-06T05:46:12.910+0000] {dag.py:3036} INFO - Sync 1 DAGs
[2025-12-06T05:46:12.926+0000] {logging_mixin.py:188} INFO - [2025-12-06T05:46:12.925+0000] {dag.py:3823} INFO - Setting next_dagrun for example_dag_decorator to None, run_after=None
[2025-12-06T05:46:12.967+0000] {processor.py:183} INFO - Processing /home/airflow/.local/lib/python3.8/site-packages/airflow/example_dags/example_dag_decorator.py took 0.350 seconds
[2025-12-06T05:46:43.414+0000] {processor.py:161} INFO - Started process (PID=207) to work on /home/airflow/.local/lib/python3.8/site-packages/airflow/example_dags/example_dag_decorator.py
[2025-12-06T05:46:43.415+0000] {processor.py:830} INFO - Processing file /home/airflow/.local/lib/python3.8/site-packages/airflow/example_dags/example_dag_decorator.py for tasks to queue
[2025-12-06T05:46:43.418+0000] {logging_mixin.py:188} INFO - [2025-12-06T05:46:43.418+0000] {dagbag.py:538} INFO - Filling up the DagBag from /home/airflow/.local/lib/python3.8/site-packages/airflow/example_dags/example_dag_decorator.py
[2025-12-06T05:46:43.535+0000] {processor.py:840} INFO - DAG(s) 'example_dag_decorator' retrieved from /home/airflow/.local/lib/python3.8/site-packages/airflow/example_dags/example_dag_decorator.py
[2025-12-06T05:46:43.703+0000] {logging_mixin.py:188} INFO - [2025-12-06T05:46:43.702+0000] {dag.py:3036} INFO - Sync 1 DAGs
[2025-12-06T05:46:43.717+0000] {logging_mixin.py:188} INFO - [2025-12-06T05:46:43.717+0000] {dag.py:3823} INFO - Setting next_dagrun for example_dag_decorator to None, run_after=None
[2025-12-06T05:46:43.751+0000] {processor.py:183} INFO - Processing /home/airflow/.local/lib/python3.8/site-packages/airflow/example_dags/example_dag_decorator.py took 0.342 seconds
[2025-12-06T05:47:13.973+0000] {processor.py:161} INFO - Started process (PID=262) to work on /home/airflow/.local/lib/python3.8/site-packages/airflow/example_dags/example_dag_decorator.py
[2025-12-06T05:47:13.975+0000] {processor.py:830} INFO - Processing file /home/airflow/.local/lib/python3.8/site-packages/airflow/example_dags/example_dag_decorator.py for tasks to queue
[2025-12-06T05:47:13.978+0000] {logging_mixin.py:188} INFO - [2025-12-06T05:47:13.977+0000] {dagbag.py:538} INFO - Filling up the DagBag from /home/airflow/.local/lib/python3.8/site-packages/airflow/example_dags/example_dag_decorator.py
[2025-12-06T05:47:14.108+0000] {processor.py:840} INFO - DAG(s) 'example_dag_decorator' retrieved from /home/airflow/.local/lib/python3.8/site-packages/airflow/example_dags/example_dag_decorator.py
[2025-12-06T05:47:14.268+0000] {logging_mixin.py:188} INFO - [2025-12-06T05:47:14.267+0000] {dag.py:3036} INFO - Sync 1 DAGs
[2025-12-06T05:47:14.285+0000] {logging_mixin.py:188} INFO - [2025-12-06T05:47:14.285+0000] {dag.py:3823} INFO - Setting next_dagrun for example_dag_decorator to None, run_after=None
[2025-12-06T05:47:14.332+0000] {processor.py:183} INFO - Processing /home/airflow/.local/lib/python3.8/site-packages/airflow/example_dags/example_dag_decorator.py took 0.363 seconds
[2025-12-06T05:47:44.390+0000] {processor.py:161} INFO - Started process (PID=317) to work on /home/airflow/.local/lib/python3.8/site-packages/airflow/example_dags/example_dag_decorator.py
[2025-12-06T05:47:44.393+0000] {processor.py:830} INFO - Processing file /home/airflow/.local/lib/python3.8/site-packages/airflow/example_dags/example_dag_decorator.py for tasks to queue
[2025-12-06T05:47:44.396+0000] {logging_mixin.py:188} INFO - [2025-12-06T05:47:44.395+0000] {dagbag.py:538} INFO - Filling up the DagBag from /home/airflow/.local/lib/python3.8/site-packages/airflow/example_dags/example_dag_decorator.py
[2025-12-06T05:47:44.537+0000] {processor.py:840} INFO - DAG(s) 'example_dag_decorator' retrieved from /home/airflow/.local/lib/python3.8/site-packages/airflow/example_dags/example_dag_decorator.py
[2025-12-06T05:47:44.699+0000] {logging_mixin.py:188} INFO - [2025-12-06T05:47:44.699+0000] {dag.py:3036} INFO - Sync 1 DAGs
[2025-12-06T05:47:44.715+0000] {logging_mixin.py:188} INFO - [2025-12-06T05:47:44.715+0000] {dag.py:3823} INFO - Setting next_dagrun for example_dag_decorator to None, run_after=None
[2025-12-06T05:47:44.757+0000] {processor.py:183} INFO - Processing /home/airflow/.local/lib/python3.8/site-packages/airflow/example_dags/example_dag_decorator.py took 0.373 seconds
[2025-12-06T05:48:14.956+0000] {processor.py:161} INFO - Started process (PID=374) to work on /home/airflow/.local/lib/python3.8/site-packages/airflow/example_dags/example_dag_decorator.py
[2025-12-06T05:48:14.957+0000] {processor.py:830} INFO - Processing file /home/airflow/.local/lib/python3.8/site-packages/airflow/example_dags/example_dag_decorator.py for tasks to queue
[2025-12-06T05:48:14.960+0000] {logging_mixin.py:188} INFO - [2025-12-06T05:48:14.960+0000] {dagbag.py:538} INFO - Filling up the DagBag from /home/airflow/.local/lib/python3.8/site-packages/airflow/example_dags/example_dag_decorator.py
[2025-12-06T05:48:15.077+0000] {processor.py:840} INFO - DAG(s) 'example_dag_decorator' retrieved from /home/airflow/.local/lib/python3.8/site-packages/airflow/example_dags/example_dag_decorator.py
[2025-12-06T05:48:15.228+0000] {logging_mixin.py:188} INFO - [2025-12-06T05:48:15.227+0000] {dag.py:3036} INFO - Sync 1 DAGs
[2025-12-06T05:48:15.242+0000] {logging_mixin.py:188} INFO - [2025-12-06T05:48:15.241+0000] {dag.py:3823} INFO - Setting next_dagrun for example_dag_decorator to None, run_after=None
[2025-12-06T05:48:15.274+0000] {processor.py:183} INFO - Processing /home/airflow/.local/lib/python3.8/site-packages/airflow/example_dags/example_dag_decorator.py took 0.323 seconds
[2025-12-06T05:48:45.329+0000] {processor.py:161} INFO - Started process (PID=430) to work on /home/airflow/.local/lib/python3.8/site-packages/airflow/example_dags/example_dag_decorator.py
[2025-12-06T05:48:45.331+0000] {processor.py:830} INFO - Processing file /home/airflow/.local/lib/python3.8/site-packages/airflow/example_dags/example_dag_decorator.py for tasks to queue
[2025-12-06T05:48:45.334+0000] {logging_mixin.py:188} INFO - [2025-12-06T05:48:45.333+0000] {dagbag.py:538} INFO - Filling up the DagBag from /home/airflow/.local/lib/python3.8/site-packages/airflow/example_dags/example_dag_decorator.py
[2025-12-06T05:48:45.456+0000] {processor.py:840} INFO - DAG(s) 'example_dag_decorator' retrieved from /home/airflow/.local/lib/python3.8/site-packages/airflow/example_dags/example_dag_decorator.py
[2025-12-06T05:48:45.608+0000] {logging_mixin.py:188} INFO - [2025-12-06T05:48:45.608+0000] {dag.py:3036} INFO - Sync 1 DAGs
[2025-12-06T05:48:45.625+0000] {logging_mixin.py:188} INFO - [2025-12-06T05:48:45.624+0000] {dag.py:3823} INFO - Setting next_dagrun for example_dag_decorator to None, run_after=None
[2025-12-06T05:48:45.666+0000] {processor.py:183} INFO - Processing /home/airflow/.local/lib/python3.8/site-packages/airflow/example_dags/example_dag_decorator.py took 0.342 seconds
[2025-12-06T05:49:15.967+0000] {processor.py:161} INFO - Started process (PID=486) to work on /home/airflow/.local/lib/python3.8/site-packages/airflow/example_dags/example_dag_decorator.py
[2025-12-06T05:49:15.968+0000] {processor.py:830} INFO - Processing file /home/airflow/.local/lib/python3.8/site-packages/airflow/example_dags/example_dag_decorator.py for tasks to queue
[2025-12-06T05:49:15.971+0000] {logging_mixin.py:188} INFO - [2025-12-06T05:49:15.970+0000] {dagbag.py:538} INFO - Filling up the DagBag from /home/airflow/.local/lib/python3.8/site-packages/airflow/example_dags/example_dag_decorator.py
[2025-12-06T05:49:16.074+0000] {processor.py:840} INFO - DAG(s) 'example_dag_decorator' retrieved from /home/airflow/.local/lib/python3.8/site-packages/airflow/example_dags/example_dag_decorator.py
[2025-12-06T05:49:16.211+0000] {logging_mixin.py:188} INFO - [2025-12-06T05:49:16.211+0000] {dag.py:3036} INFO - Sync 1 DAGs
[2025-12-06T05:49:16.225+0000] {logging_mixin.py:188} INFO - [2025-12-06T05:49:16.224+0000] {dag.py:3823} INFO - Setting next_dagrun for example_dag_decorator to None, run_after=None
[2025-12-06T05:49:16.255+0000] {processor.py:183} INFO - Processing /home/airflow/.local/lib/python3.8/site-packages/airflow/example_dags/example_dag_decorator.py took 0.292 seconds
[2025-12-06T05:49:46.305+0000] {processor.py:161} INFO - Started process (PID=539) to work on /home/airflow/.local/lib/python3.8/site-packages/airflow/example_dags/example_dag_decorator.py
[2025-12-06T05:49:46.306+0000] {processor.py:830} INFO - Processing file /home/airflow/.local/lib/python3.8/site-packages/airflow/example_dags/example_dag_decorator.py for tasks to queue
[2025-12-06T05:49:46.309+0000] {logging_mixin.py:188} INFO - [2025-12-06T05:49:46.308+0000] {dagbag.py:538} INFO - Filling up the DagBag from /home/airflow/.local/lib/python3.8/site-packages/airflow/example_dags/example_dag_decorator.py
[2025-12-06T05:49:46.475+0000] {processor.py:840} INFO - DAG(s) 'example_dag_decorator' retrieved from /home/airflow/.local/lib/python3.8/site-packages/airflow/example_dags/example_dag_decorator.py
[2025-12-06T05:49:46.526+0000] {logging_mixin.py:188} INFO - [2025-12-06T05:49:46.525+0000] {dag.py:3036} INFO - Sync 1 DAGs
[2025-12-06T05:49:46.555+0000] {logging_mixin.py:188} INFO - [2025-12-06T05:49:46.555+0000] {dag.py:3823} INFO - Setting next_dagrun for example_dag_decorator to None, run_after=None
[2025-12-06T05:49:46.594+0000] {processor.py:183} INFO - Processing /home/airflow/.local/lib/python3.8/site-packages/airflow/example_dags/example_dag_decorator.py took 0.293 seconds
[2025-12-06T05:50:16.642+0000] {processor.py:161} INFO - Started process (PID=594) to work on /home/airflow/.local/lib/python3.8/site-packages/airflow/example_dags/example_dag_decorator.py
[2025-12-06T05:50:16.643+0000] {processor.py:830} INFO - Processing file /home/airflow/.local/lib/python3.8/site-packages/airflow/example_dags/example_dag_decorator.py for tasks to queue
[2025-12-06T05:50:16.647+0000] {logging_mixin.py:188} INFO - [2025-12-06T05:50:16.646+0000] {dagbag.py:538} INFO - Filling up the DagBag from /home/airflow/.local/lib/python3.8/site-packages/airflow/example_dags/example_dag_decorator.py
[2025-12-06T05:50:16.785+0000] {processor.py:840} INFO - DAG(s) 'example_dag_decorator' retrieved from /home/airflow/.local/lib/python3.8/site-packages/airflow/example_dags/example_dag_decorator.py
[2025-12-06T05:50:16.964+0000] {logging_mixin.py:188} INFO - [2025-12-06T05:50:16.964+0000] {dag.py:3036} INFO - Sync 1 DAGs
[2025-12-06T05:50:16.984+0000] {logging_mixin.py:188} INFO - [2025-12-06T05:50:16.984+0000] {dag.py:3823} INFO - Setting next_dagrun for example_dag_decorator to None, run_after=None
[2025-12-06T05:50:17.022+0000] {processor.py:183} INFO - Processing /home/airflow/.local/lib/python3.8/site-packages/airflow/example_dags/example_dag_decorator.py took 0.386 seconds
[2025-12-06T05:50:47.234+0000] {processor.py:161} INFO - Started process (PID=648) to work on /home/airflow/.local/lib/python3.8/site-packages/airflow/example_dags/example_dag_decorator.py
[2025-12-06T05:50:47.236+0000] {processor.py:830} INFO - Processing file /home/airflow/.local/lib/python3.8/site-packages/airflow/example_dags/example_dag_decorator.py for tasks to queue
[2025-12-06T05:50:47.239+0000] {logging_mixin.py:188} INFO - [2025-12-06T05:50:47.238+0000] {dagbag.py:538} INFO - Filling up the DagBag from /home/airflow/.local/lib/python3.8/site-packages/airflow/example_dags/example_dag_decorator.py
[2025-12-06T05:50:47.376+0000] {processor.py:840} INFO - DAG(s) 'example_dag_decorator' retrieved from /home/airflow/.local/lib/python3.8/site-packages/airflow/example_dags/example_dag_decorator.py
[2025-12-06T05:50:47.539+0000] {logging_mixin.py:188} INFO - [2025-12-06T05:50:47.539+0000] {dag.py:3036} INFO - Sync 1 DAGs
[2025-12-06T05:50:47.555+0000] {logging_mixin.py:188} INFO - [2025-12-06T05:50:47.554+0000] {dag.py:3823} INFO - Setting next_dagrun for example_dag_decorator to None, run_after=None
[2025-12-06T05:50:47.591+0000] {processor.py:183} INFO - Processing /home/airflow/.local/lib/python3.8/site-packages/airflow/example_dags/example_dag_decorator.py took 0.364 seconds
[2025-12-06T05:51:17.746+0000] {processor.py:161} INFO - Started process (PID=704) to work on /home/airflow/.local/lib/python3.8/site-packages/airflow/example_dags/example_dag_decorator.py
[2025-12-06T05:51:17.748+0000] {processor.py:830} INFO - Processing file /home/airflow/.local/lib/python3.8/site-packages/airflow/example_dags/example_dag_decorator.py for tasks to queue
[2025-12-06T05:51:17.752+0000] {logging_mixin.py:188} INFO - [2025-12-06T05:51:17.751+0000] {dagbag.py:538} INFO - Filling up the DagBag from /home/airflow/.local/lib/python3.8/site-packages/airflow/example_dags/example_dag_decorator.py
[2025-12-06T05:51:17.924+0000] {processor.py:840} INFO - DAG(s) 'example_dag_decorator' retrieved from /home/airflow/.local/lib/python3.8/site-packages/airflow/example_dags/example_dag_decorator.py
[2025-12-06T05:51:18.084+0000] {logging_mixin.py:188} INFO - [2025-12-06T05:51:18.083+0000] {dag.py:3036} INFO - Sync 1 DAGs
[2025-12-06T05:51:18.099+0000] {logging_mixin.py:188} INFO - [2025-12-06T05:51:18.099+0000] {dag.py:3823} INFO - Setting next_dagrun for example_dag_decorator to None, run_after=None
[2025-12-06T05:51:18.133+0000] {processor.py:183} INFO - Processing /home/airflow/.local/lib/python3.8/site-packages/airflow/example_dags/example_dag_decorator.py took 0.393 seconds
[2025-12-06T05:51:48.763+0000] {processor.py:161} INFO - Started process (PID=758) to work on /home/airflow/.local/lib/python3.8/site-packages/airflow/example_dags/example_dag_decorator.py
[2025-12-06T05:51:48.767+0000] {processor.py:830} INFO - Processing file /home/airflow/.local/lib/python3.8/site-packages/airflow/example_dags/example_dag_decorator.py for tasks to queue
[2025-12-06T05:51:48.771+0000] {logging_mixin.py:188} INFO - [2025-12-06T05:51:48.771+0000] {dagbag.py:538} INFO - Filling up the DagBag from /home/airflow/.local/lib/python3.8/site-packages/airflow/example_dags/example_dag_decorator.py
[2025-12-06T05:51:48.923+0000] {processor.py:840} INFO - DAG(s) 'example_dag_decorator' retrieved from /home/airflow/.local/lib/python3.8/site-packages/airflow/example_dags/example_dag_decorator.py
[2025-12-06T05:51:49.126+0000] {logging_mixin.py:188} INFO - [2025-12-06T05:51:49.126+0000] {dag.py:3036} INFO - Sync 1 DAGs
[2025-12-06T05:51:49.145+0000] {logging_mixin.py:188} INFO - [2025-12-06T05:51:49.145+0000] {dag.py:3823} INFO - Setting next_dagrun for example_dag_decorator to None, run_after=None
[2025-12-06T05:51:49.180+0000] {processor.py:183} INFO - Processing /home/airflow/.local/lib/python3.8/site-packages/airflow/example_dags/example_dag_decorator.py took 0.423 seconds
[2025-12-06T05:52:19.547+0000] {processor.py:161} INFO - Started process (PID=814) to work on /home/airflow/.local/lib/python3.8/site-packages/airflow/example_dags/example_dag_decorator.py
[2025-12-06T05:52:19.549+0000] {processor.py:830} INFO - Processing file /home/airflow/.local/lib/python3.8/site-packages/airflow/example_dags/example_dag_decorator.py for tasks to queue
[2025-12-06T05:52:19.552+0000] {logging_mixin.py:188} INFO - [2025-12-06T05:52:19.552+0000] {dagbag.py:538} INFO - Filling up the DagBag from /home/airflow/.local/lib/python3.8/site-packages/airflow/example_dags/example_dag_decorator.py
[2025-12-06T05:52:19.688+0000] {processor.py:840} INFO - DAG(s) 'example_dag_decorator' retrieved from /home/airflow/.local/lib/python3.8/site-packages/airflow/example_dags/example_dag_decorator.py
[2025-12-06T05:52:19.848+0000] {logging_mixin.py:188} INFO - [2025-12-06T05:52:19.847+0000] {dag.py:3036} INFO - Sync 1 DAGs
[2025-12-06T05:52:19.864+0000] {logging_mixin.py:188} INFO - [2025-12-06T05:52:19.864+0000] {dag.py:3823} INFO - Setting next_dagrun for example_dag_decorator to None, run_after=None
[2025-12-06T05:52:19.899+0000] {processor.py:183} INFO - Processing /home/airflow/.local/lib/python3.8/site-packages/airflow/example_dags/example_dag_decorator.py took 0.357 seconds
[2025-12-06T05:52:49.933+0000] {processor.py:161} INFO - Started process (PID=871) to work on /home/airflow/.local/lib/python3.8/site-packages/airflow/example_dags/example_dag_decorator.py
[2025-12-06T05:52:49.935+0000] {processor.py:830} INFO - Processing file /home/airflow/.local/lib/python3.8/site-packages/airflow/example_dags/example_dag_decorator.py for tasks to queue
[2025-12-06T05:52:49.939+0000] {logging_mixin.py:188} INFO - [2025-12-06T05:52:49.938+0000] {dagbag.py:538} INFO - Filling up the DagBag from /home/airflow/.local/lib/python3.8/site-packages/airflow/example_dags/example_dag_decorator.py
[2025-12-06T05:52:50.069+0000] {processor.py:840} INFO - DAG(s) 'example_dag_decorator' retrieved from /home/airflow/.local/lib/python3.8/site-packages/airflow/example_dags/example_dag_decorator.py
[2025-12-06T05:52:50.254+0000] {logging_mixin.py:188} INFO - [2025-12-06T05:52:50.254+0000] {dag.py:3036} INFO - Sync 1 DAGs
[2025-12-06T05:52:50.272+0000] {logging_mixin.py:188} INFO - [2025-12-06T05:52:50.271+0000] {dag.py:3823} INFO - Setting next_dagrun for example_dag_decorator to None, run_after=None
[2025-12-06T05:52:50.308+0000] {processor.py:183} INFO - Processing /home/airflow/.local/lib/python3.8/site-packages/airflow/example_dags/example_dag_decorator.py took 0.381 seconds
[2025-12-06T05:53:20.336+0000] {processor.py:161} INFO - Started process (PID=927) to work on /home/airflow/.local/lib/python3.8/site-packages/airflow/example_dags/example_dag_decorator.py
[2025-12-06T05:53:20.338+0000] {processor.py:830} INFO - Processing file /home/airflow/.local/lib/python3.8/site-packages/airflow/example_dags/example_dag_decorator.py for tasks to queue
[2025-12-06T05:53:20.341+0000] {logging_mixin.py:188} INFO - [2025-12-06T05:53:20.340+0000] {dagbag.py:538} INFO - Filling up the DagBag from /home/airflow/.local/lib/python3.8/site-packages/airflow/example_dags/example_dag_decorator.py
[2025-12-06T05:53:20.453+0000] {processor.py:840} INFO - DAG(s) 'example_dag_decorator' retrieved from /home/airflow/.local/lib/python3.8/site-packages/airflow/example_dags/example_dag_decorator.py
[2025-12-06T05:53:20.608+0000] {logging_mixin.py:188} INFO - [2025-12-06T05:53:20.608+0000] {dag.py:3036} INFO - Sync 1 DAGs
[2025-12-06T05:53:20.622+0000] {logging_mixin.py:188} INFO - [2025-12-06T05:53:20.622+0000] {dag.py:3823} INFO - Setting next_dagrun for example_dag_decorator to None, run_after=None
[2025-12-06T05:53:20.654+0000] {processor.py:183} INFO - Processing /home/airflow/.local/lib/python3.8/site-packages/airflow/example_dags/example_dag_decorator.py took 0.322 seconds
[2025-12-06T05:53:50.695+0000] {processor.py:161} INFO - Started process (PID=982) to work on /home/airflow/.local/lib/python3.8/site-packages/airflow/example_dags/example_dag_decorator.py
[2025-12-06T05:53:50.697+0000] {processor.py:830} INFO - Processing file /home/airflow/.local/lib/python3.8/site-packages/airflow/example_dags/example_dag_decorator.py for tasks to queue
[2025-12-06T05:53:50.699+0000] {logging_mixin.py:188} INFO - [2025-12-06T05:53:50.699+0000] {dagbag.py:538} INFO - Filling up the DagBag from /home/airflow/.local/lib/python3.8/site-packages/airflow/example_dags/example_dag_decorator.py
[2025-12-06T05:53:50.823+0000] {processor.py:840} INFO - DAG(s) 'example_dag_decorator' retrieved from /home/airflow/.local/lib/python3.8/site-packages/airflow/example_dags/example_dag_decorator.py
[2025-12-06T05:53:50.972+0000] {logging_mixin.py:188} INFO - [2025-12-06T05:53:50.972+0000] {dag.py:3036} INFO - Sync 1 DAGs
[2025-12-06T05:53:50.989+0000] {logging_mixin.py:188} INFO - [2025-12-06T05:53:50.989+0000] {dag.py:3823} INFO - Setting next_dagrun for example_dag_decorator to None, run_after=None
[2025-12-06T05:53:51.020+0000] {processor.py:183} INFO - Processing /home/airflow/.local/lib/python3.8/site-packages/airflow/example_dags/example_dag_decorator.py took 0.330 seconds
[2025-12-06T05:54:21.772+0000] {processor.py:161} INFO - Started process (PID=1045) to work on /home/airflow/.local/lib/python3.8/site-packages/airflow/example_dags/example_dag_decorator.py
[2025-12-06T05:54:21.774+0000] {processor.py:830} INFO - Processing file /home/airflow/.local/lib/python3.8/site-packages/airflow/example_dags/example_dag_decorator.py for tasks to queue
[2025-12-06T05:54:21.778+0000] {logging_mixin.py:188} INFO - [2025-12-06T05:54:21.778+0000] {dagbag.py:538} INFO - Filling up the DagBag from /home/airflow/.local/lib/python3.8/site-packages/airflow/example_dags/example_dag_decorator.py
[2025-12-06T05:54:21.962+0000] {processor.py:840} INFO - DAG(s) 'example_dag_decorator' retrieved from /home/airflow/.local/lib/python3.8/site-packages/airflow/example_dags/example_dag_decorator.py
[2025-12-06T05:54:22.204+0000] {logging_mixin.py:188} INFO - [2025-12-06T05:54:22.204+0000] {dag.py:3036} INFO - Sync 1 DAGs
[2025-12-06T05:54:22.230+0000] {logging_mixin.py:188} INFO - [2025-12-06T05:54:22.229+0000] {dag.py:3823} INFO - Setting next_dagrun for example_dag_decorator to None, run_after=None
[2025-12-06T05:54:22.277+0000] {processor.py:183} INFO - Processing /home/airflow/.local/lib/python3.8/site-packages/airflow/example_dags/example_dag_decorator.py took 0.511 seconds
[2025-12-06T05:54:53.012+0000] {processor.py:161} INFO - Started process (PID=1099) to work on /home/airflow/.local/lib/python3.8/site-packages/airflow/example_dags/example_dag_decorator.py
[2025-12-06T05:54:53.013+0000] {processor.py:830} INFO - Processing file /home/airflow/.local/lib/python3.8/site-packages/airflow/example_dags/example_dag_decorator.py for tasks to queue
[2025-12-06T05:54:53.017+0000] {logging_mixin.py:188} INFO - [2025-12-06T05:54:53.016+0000] {dagbag.py:538} INFO - Filling up the DagBag from /home/airflow/.local/lib/python3.8/site-packages/airflow/example_dags/example_dag_decorator.py
[2025-12-06T05:54:53.129+0000] {processor.py:840} INFO - DAG(s) 'example_dag_decorator' retrieved from /home/airflow/.local/lib/python3.8/site-packages/airflow/example_dags/example_dag_decorator.py
[2025-12-06T05:54:53.285+0000] {logging_mixin.py:188} INFO - [2025-12-06T05:54:53.285+0000] {dag.py:3036} INFO - Sync 1 DAGs
[2025-12-06T05:54:53.301+0000] {logging_mixin.py:188} INFO - [2025-12-06T05:54:53.301+0000] {dag.py:3823} INFO - Setting next_dagrun for example_dag_decorator to None, run_after=None
[2025-12-06T05:54:53.509+0000] {processor.py:183} INFO - Processing /home/airflow/.local/lib/python3.8/site-packages/airflow/example_dags/example_dag_decorator.py took 0.502 seconds
[2025-12-06T05:55:23.541+0000] {processor.py:161} INFO - Started process (PID=1156) to work on /home/airflow/.local/lib/python3.8/site-packages/airflow/example_dags/example_dag_decorator.py
[2025-12-06T05:55:23.543+0000] {processor.py:830} INFO - Processing file /home/airflow/.local/lib/python3.8/site-packages/airflow/example_dags/example_dag_decorator.py for tasks to queue
[2025-12-06T05:55:23.546+0000] {logging_mixin.py:188} INFO - [2025-12-06T05:55:23.545+0000] {dagbag.py:538} INFO - Filling up the DagBag from /home/airflow/.local/lib/python3.8/site-packages/airflow/example_dags/example_dag_decorator.py
[2025-12-06T05:55:23.665+0000] {processor.py:840} INFO - DAG(s) 'example_dag_decorator' retrieved from /home/airflow/.local/lib/python3.8/site-packages/airflow/example_dags/example_dag_decorator.py
[2025-12-06T05:55:23.819+0000] {logging_mixin.py:188} INFO - [2025-12-06T05:55:23.818+0000] {dag.py:3036} INFO - Sync 1 DAGs
[2025-12-06T05:55:23.835+0000] {logging_mixin.py:188} INFO - [2025-12-06T05:55:23.834+0000] {dag.py:3823} INFO - Setting next_dagrun for example_dag_decorator to None, run_after=None
[2025-12-06T05:55:23.867+0000] {processor.py:183} INFO - Processing /home/airflow/.local/lib/python3.8/site-packages/airflow/example_dags/example_dag_decorator.py took 0.330 seconds
[2025-12-06T05:55:53.941+0000] {processor.py:161} INFO - Started process (PID=1210) to work on /home/airflow/.local/lib/python3.8/site-packages/airflow/example_dags/example_dag_decorator.py
[2025-12-06T05:55:53.942+0000] {processor.py:830} INFO - Processing file /home/airflow/.local/lib/python3.8/site-packages/airflow/example_dags/example_dag_decorator.py for tasks to queue
[2025-12-06T05:55:53.945+0000] {logging_mixin.py:188} INFO - [2025-12-06T05:55:53.945+0000] {dagbag.py:538} INFO - Filling up the DagBag from /home/airflow/.local/lib/python3.8/site-packages/airflow/example_dags/example_dag_decorator.py
[2025-12-06T05:55:54.078+0000] {processor.py:840} INFO - DAG(s) 'example_dag_decorator' retrieved from /home/airflow/.local/lib/python3.8/site-packages/airflow/example_dags/example_dag_decorator.py
[2025-12-06T05:55:54.242+0000] {logging_mixin.py:188} INFO - [2025-12-06T05:55:54.242+0000] {dag.py:3036} INFO - Sync 1 DAGs
[2025-12-06T05:55:54.256+0000] {logging_mixin.py:188} INFO - [2025-12-06T05:55:54.256+0000] {dag.py:3823} INFO - Setting next_dagrun for example_dag_decorator to None, run_after=None
[2025-12-06T05:55:54.288+0000] {processor.py:183} INFO - Processing /home/airflow/.local/lib/python3.8/site-packages/airflow/example_dags/example_dag_decorator.py took 0.352 seconds
[2025-12-06T05:56:24.468+0000] {processor.py:161} INFO - Started process (PID=1270) to work on /home/airflow/.local/lib/python3.8/site-packages/airflow/example_dags/example_dag_decorator.py
[2025-12-06T05:56:24.470+0000] {processor.py:830} INFO - Processing file /home/airflow/.local/lib/python3.8/site-packages/airflow/example_dags/example_dag_decorator.py for tasks to queue
[2025-12-06T05:56:24.473+0000] {logging_mixin.py:188} INFO - [2025-12-06T05:56:24.473+0000] {dagbag.py:538} INFO - Filling up the DagBag from /home/airflow/.local/lib/python3.8/site-packages/airflow/example_dags/example_dag_decorator.py
[2025-12-06T05:56:24.606+0000] {processor.py:840} INFO - DAG(s) 'example_dag_decorator' retrieved from /home/airflow/.local/lib/python3.8/site-packages/airflow/example_dags/example_dag_decorator.py
[2025-12-06T05:56:24.765+0000] {logging_mixin.py:188} INFO - [2025-12-06T05:56:24.765+0000] {dag.py:3036} INFO - Sync 1 DAGs
[2025-12-06T05:56:24.782+0000] {logging_mixin.py:188} INFO - [2025-12-06T05:56:24.781+0000] {dag.py:3823} INFO - Setting next_dagrun for example_dag_decorator to None, run_after=None
[2025-12-06T05:56:24.815+0000] {processor.py:183} INFO - Processing /home/airflow/.local/lib/python3.8/site-packages/airflow/example_dags/example_dag_decorator.py took 0.354 seconds
[2025-12-06T05:56:54.981+0000] {processor.py:161} INFO - Started process (PID=1327) to work on /home/airflow/.local/lib/python3.8/site-packages/airflow/example_dags/example_dag_decorator.py
[2025-12-06T05:56:54.983+0000] {processor.py:830} INFO - Processing file /home/airflow/.local/lib/python3.8/site-packages/airflow/example_dags/example_dag_decorator.py for tasks to queue
[2025-12-06T05:56:54.987+0000] {logging_mixin.py:188} INFO - [2025-12-06T05:56:54.987+0000] {dagbag.py:538} INFO - Filling up the DagBag from /home/airflow/.local/lib/python3.8/site-packages/airflow/example_dags/example_dag_decorator.py
[2025-12-06T05:56:55.129+0000] {processor.py:840} INFO - DAG(s) 'example_dag_decorator' retrieved from /home/airflow/.local/lib/python3.8/site-packages/airflow/example_dags/example_dag_decorator.py
[2025-12-06T05:56:55.302+0000] {logging_mixin.py:188} INFO - [2025-12-06T05:56:55.301+0000] {dag.py:3036} INFO - Sync 1 DAGs
[2025-12-06T05:56:55.317+0000] {logging_mixin.py:188} INFO - [2025-12-06T05:56:55.317+0000] {dag.py:3823} INFO - Setting next_dagrun for example_dag_decorator to None, run_after=None
[2025-12-06T05:56:55.353+0000] {processor.py:183} INFO - Processing /home/airflow/.local/lib/python3.8/site-packages/airflow/example_dags/example_dag_decorator.py took 0.379 seconds
[2025-12-06T05:57:25.602+0000] {processor.py:161} INFO - Started process (PID=1380) to work on /home/airflow/.local/lib/python3.8/site-packages/airflow/example_dags/example_dag_decorator.py
[2025-12-06T05:57:25.603+0000] {processor.py:830} INFO - Processing file /home/airflow/.local/lib/python3.8/site-packages/airflow/example_dags/example_dag_decorator.py for tasks to queue
[2025-12-06T05:57:25.607+0000] {logging_mixin.py:188} INFO - [2025-12-06T05:57:25.606+0000] {dagbag.py:538} INFO - Filling up the DagBag from /home/airflow/.local/lib/python3.8/site-packages/airflow/example_dags/example_dag_decorator.py
[2025-12-06T05:57:25.728+0000] {processor.py:840} INFO - DAG(s) 'example_dag_decorator' retrieved from /home/airflow/.local/lib/python3.8/site-packages/airflow/example_dags/example_dag_decorator.py
[2025-12-06T05:57:25.895+0000] {logging_mixin.py:188} INFO - [2025-12-06T05:57:25.894+0000] {dag.py:3036} INFO - Sync 1 DAGs
[2025-12-06T05:57:25.927+0000] {logging_mixin.py:188} INFO - [2025-12-06T05:57:25.926+0000] {dag.py:3823} INFO - Setting next_dagrun for example_dag_decorator to None, run_after=None
[2025-12-06T05:57:25.972+0000] {processor.py:183} INFO - Processing /home/airflow/.local/lib/python3.8/site-packages/airflow/example_dags/example_dag_decorator.py took 0.375 seconds
[2025-12-06T05:57:56.020+0000] {processor.py:161} INFO - Started process (PID=1437) to work on /home/airflow/.local/lib/python3.8/site-packages/airflow/example_dags/example_dag_decorator.py
[2025-12-06T05:57:56.021+0000] {processor.py:830} INFO - Processing file /home/airflow/.local/lib/python3.8/site-packages/airflow/example_dags/example_dag_decorator.py for tasks to queue
[2025-12-06T05:57:56.024+0000] {logging_mixin.py:188} INFO - [2025-12-06T05:57:56.023+0000] {dagbag.py:538} INFO - Filling up the DagBag from /home/airflow/.local/lib/python3.8/site-packages/airflow/example_dags/example_dag_decorator.py
[2025-12-06T05:57:56.160+0000] {processor.py:840} INFO - DAG(s) 'example_dag_decorator' retrieved from /home/airflow/.local/lib/python3.8/site-packages/airflow/example_dags/example_dag_decorator.py
[2025-12-06T05:57:56.305+0000] {logging_mixin.py:188} INFO - [2025-12-06T05:57:56.305+0000] {dag.py:3036} INFO - Sync 1 DAGs
[2025-12-06T05:57:56.321+0000] {logging_mixin.py:188} INFO - [2025-12-06T05:57:56.321+0000] {dag.py:3823} INFO - Setting next_dagrun for example_dag_decorator to None, run_after=None
[2025-12-06T05:57:56.354+0000] {processor.py:183} INFO - Processing /home/airflow/.local/lib/python3.8/site-packages/airflow/example_dags/example_dag_decorator.py took 0.339 seconds
[2025-12-06T05:58:26.628+0000] {processor.py:161} INFO - Started process (PID=1492) to work on /home/airflow/.local/lib/python3.8/site-packages/airflow/example_dags/example_dag_decorator.py
[2025-12-06T05:58:26.630+0000] {processor.py:830} INFO - Processing file /home/airflow/.local/lib/python3.8/site-packages/airflow/example_dags/example_dag_decorator.py for tasks to queue
[2025-12-06T05:58:26.633+0000] {logging_mixin.py:188} INFO - [2025-12-06T05:58:26.633+0000] {dagbag.py:538} INFO - Filling up the DagBag from /home/airflow/.local/lib/python3.8/site-packages/airflow/example_dags/example_dag_decorator.py
[2025-12-06T05:58:26.766+0000] {processor.py:840} INFO - DAG(s) 'example_dag_decorator' retrieved from /home/airflow/.local/lib/python3.8/site-packages/airflow/example_dags/example_dag_decorator.py
[2025-12-06T05:58:26.953+0000] {logging_mixin.py:188} INFO - [2025-12-06T05:58:26.952+0000] {dag.py:3036} INFO - Sync 1 DAGs
[2025-12-06T05:58:27.144+0000] {logging_mixin.py:188} INFO - [2025-12-06T05:58:27.144+0000] {dag.py:3823} INFO - Setting next_dagrun for example_dag_decorator to None, run_after=None
[2025-12-06T05:58:27.178+0000] {processor.py:183} INFO - Processing /home/airflow/.local/lib/python3.8/site-packages/airflow/example_dags/example_dag_decorator.py took 0.557 seconds
[2025-12-06T05:58:57.306+0000] {processor.py:161} INFO - Started process (PID=1550) to work on /home/airflow/.local/lib/python3.8/site-packages/airflow/example_dags/example_dag_decorator.py
[2025-12-06T05:58:57.311+0000] {processor.py:830} INFO - Processing file /home/airflow/.local/lib/python3.8/site-packages/airflow/example_dags/example_dag_decorator.py for tasks to queue
[2025-12-06T05:58:57.318+0000] {logging_mixin.py:188} INFO - [2025-12-06T05:58:57.318+0000] {dagbag.py:538} INFO - Filling up the DagBag from /home/airflow/.local/lib/python3.8/site-packages/airflow/example_dags/example_dag_decorator.py
[2025-12-06T08:56:12.125+0000] {processor.py:161} INFO - Started process (PID=105) to work on /home/airflow/.local/lib/python3.8/site-packages/airflow/example_dags/example_dag_decorator.py
[2025-12-06T08:56:12.127+0000] {processor.py:830} INFO - Processing file /home/airflow/.local/lib/python3.8/site-packages/airflow/example_dags/example_dag_decorator.py for tasks to queue
[2025-12-06T08:56:12.132+0000] {logging_mixin.py:188} INFO - [2025-12-06T08:56:12.131+0000] {dagbag.py:538} INFO - Filling up the DagBag from /home/airflow/.local/lib/python3.8/site-packages/airflow/example_dags/example_dag_decorator.py
[2025-12-06T08:56:12.809+0000] {processor.py:840} INFO - DAG(s) 'example_dag_decorator' retrieved from /home/airflow/.local/lib/python3.8/site-packages/airflow/example_dags/example_dag_decorator.py
[2025-12-06T08:56:13.140+0000] {logging_mixin.py:188} INFO - [2025-12-06T08:56:13.140+0000] {dag.py:3036} INFO - Sync 1 DAGs
[2025-12-06T08:56:13.171+0000] {logging_mixin.py:188} INFO - [2025-12-06T08:56:13.170+0000] {dag.py:3823} INFO - Setting next_dagrun for example_dag_decorator to None, run_after=None
[2025-12-06T08:56:13.214+0000] {processor.py:183} INFO - Processing /home/airflow/.local/lib/python3.8/site-packages/airflow/example_dags/example_dag_decorator.py took 1.094 seconds
[2025-12-06T08:56:43.302+0000] {processor.py:161} INFO - Started process (PID=165) to work on /home/airflow/.local/lib/python3.8/site-packages/airflow/example_dags/example_dag_decorator.py
[2025-12-06T08:56:43.304+0000] {processor.py:830} INFO - Processing file /home/airflow/.local/lib/python3.8/site-packages/airflow/example_dags/example_dag_decorator.py for tasks to queue
[2025-12-06T08:56:43.307+0000] {logging_mixin.py:188} INFO - [2025-12-06T08:56:43.306+0000] {dagbag.py:538} INFO - Filling up the DagBag from /home/airflow/.local/lib/python3.8/site-packages/airflow/example_dags/example_dag_decorator.py
[2025-12-06T08:56:43.420+0000] {processor.py:840} INFO - DAG(s) 'example_dag_decorator' retrieved from /home/airflow/.local/lib/python3.8/site-packages/airflow/example_dags/example_dag_decorator.py
[2025-12-06T08:56:43.579+0000] {logging_mixin.py:188} INFO - [2025-12-06T08:56:43.579+0000] {dag.py:3036} INFO - Sync 1 DAGs
[2025-12-06T08:56:43.592+0000] {logging_mixin.py:188} INFO - [2025-12-06T08:56:43.592+0000] {dag.py:3823} INFO - Setting next_dagrun for example_dag_decorator to None, run_after=None
[2025-12-06T08:56:43.623+0000] {processor.py:183} INFO - Processing /home/airflow/.local/lib/python3.8/site-packages/airflow/example_dags/example_dag_decorator.py took 0.326 seconds
[2025-12-06T08:57:13.661+0000] {processor.py:161} INFO - Started process (PID=224) to work on /home/airflow/.local/lib/python3.8/site-packages/airflow/example_dags/example_dag_decorator.py
[2025-12-06T08:57:13.663+0000] {processor.py:830} INFO - Processing file /home/airflow/.local/lib/python3.8/site-packages/airflow/example_dags/example_dag_decorator.py for tasks to queue
[2025-12-06T08:57:13.666+0000] {logging_mixin.py:188} INFO - [2025-12-06T08:57:13.666+0000] {dagbag.py:538} INFO - Filling up the DagBag from /home/airflow/.local/lib/python3.8/site-packages/airflow/example_dags/example_dag_decorator.py
[2025-12-06T08:57:13.801+0000] {processor.py:840} INFO - DAG(s) 'example_dag_decorator' retrieved from /home/airflow/.local/lib/python3.8/site-packages/airflow/example_dags/example_dag_decorator.py
[2025-12-06T08:57:13.942+0000] {logging_mixin.py:188} INFO - [2025-12-06T08:57:13.941+0000] {dag.py:3036} INFO - Sync 1 DAGs
[2025-12-06T08:57:13.960+0000] {logging_mixin.py:188} INFO - [2025-12-06T08:57:13.959+0000] {dag.py:3823} INFO - Setting next_dagrun for example_dag_decorator to None, run_after=None
[2025-12-06T08:57:13.994+0000] {processor.py:183} INFO - Processing /home/airflow/.local/lib/python3.8/site-packages/airflow/example_dags/example_dag_decorator.py took 0.339 seconds
[2025-12-06T08:57:44.421+0000] {processor.py:161} INFO - Started process (PID=283) to work on /home/airflow/.local/lib/python3.8/site-packages/airflow/example_dags/example_dag_decorator.py
[2025-12-06T08:57:44.423+0000] {processor.py:830} INFO - Processing file /home/airflow/.local/lib/python3.8/site-packages/airflow/example_dags/example_dag_decorator.py for tasks to queue
[2025-12-06T08:57:44.427+0000] {logging_mixin.py:188} INFO - [2025-12-06T08:57:44.426+0000] {dagbag.py:538} INFO - Filling up the DagBag from /home/airflow/.local/lib/python3.8/site-packages/airflow/example_dags/example_dag_decorator.py
[2025-12-06T08:57:44.692+0000] {processor.py:840} INFO - DAG(s) 'example_dag_decorator' retrieved from /home/airflow/.local/lib/python3.8/site-packages/airflow/example_dags/example_dag_decorator.py
[2025-12-06T08:57:44.929+0000] {logging_mixin.py:188} INFO - [2025-12-06T08:57:44.929+0000] {dag.py:3036} INFO - Sync 1 DAGs
[2025-12-06T08:57:44.948+0000] {logging_mixin.py:188} INFO - [2025-12-06T08:57:44.948+0000] {dag.py:3823} INFO - Setting next_dagrun for example_dag_decorator to None, run_after=None
[2025-12-06T08:57:44.998+0000] {processor.py:183} INFO - Processing /home/airflow/.local/lib/python3.8/site-packages/airflow/example_dags/example_dag_decorator.py took 0.586 seconds
[2025-12-06T08:58:15.280+0000] {processor.py:161} INFO - Started process (PID=341) to work on /home/airflow/.local/lib/python3.8/site-packages/airflow/example_dags/example_dag_decorator.py
[2025-12-06T08:58:15.282+0000] {processor.py:830} INFO - Processing file /home/airflow/.local/lib/python3.8/site-packages/airflow/example_dags/example_dag_decorator.py for tasks to queue
[2025-12-06T08:58:15.285+0000] {logging_mixin.py:188} INFO - [2025-12-06T08:58:15.285+0000] {dagbag.py:538} INFO - Filling up the DagBag from /home/airflow/.local/lib/python3.8/site-packages/airflow/example_dags/example_dag_decorator.py
[2025-12-06T08:58:15.400+0000] {processor.py:840} INFO - DAG(s) 'example_dag_decorator' retrieved from /home/airflow/.local/lib/python3.8/site-packages/airflow/example_dags/example_dag_decorator.py
[2025-12-06T08:58:15.554+0000] {logging_mixin.py:188} INFO - [2025-12-06T08:58:15.553+0000] {dag.py:3036} INFO - Sync 1 DAGs
[2025-12-06T08:58:15.568+0000] {logging_mixin.py:188} INFO - [2025-12-06T08:58:15.568+0000] {dag.py:3823} INFO - Setting next_dagrun for example_dag_decorator to None, run_after=None
[2025-12-06T08:58:15.607+0000] {processor.py:183} INFO - Processing /home/airflow/.local/lib/python3.8/site-packages/airflow/example_dags/example_dag_decorator.py took 0.331 seconds
[2025-12-06T08:58:45.685+0000] {processor.py:161} INFO - Started process (PID=400) to work on /home/airflow/.local/lib/python3.8/site-packages/airflow/example_dags/example_dag_decorator.py
[2025-12-06T08:58:45.687+0000] {processor.py:830} INFO - Processing file /home/airflow/.local/lib/python3.8/site-packages/airflow/example_dags/example_dag_decorator.py for tasks to queue
[2025-12-06T08:58:45.690+0000] {logging_mixin.py:188} INFO - [2025-12-06T08:58:45.689+0000] {dagbag.py:538} INFO - Filling up the DagBag from /home/airflow/.local/lib/python3.8/site-packages/airflow/example_dags/example_dag_decorator.py
[2025-12-06T08:58:45.843+0000] {processor.py:840} INFO - DAG(s) 'example_dag_decorator' retrieved from /home/airflow/.local/lib/python3.8/site-packages/airflow/example_dags/example_dag_decorator.py
[2025-12-06T08:58:46.228+0000] {logging_mixin.py:188} INFO - [2025-12-06T08:58:46.228+0000] {dag.py:3036} INFO - Sync 1 DAGs
[2025-12-06T08:58:46.247+0000] {logging_mixin.py:188} INFO - [2025-12-06T08:58:46.246+0000] {dag.py:3823} INFO - Setting next_dagrun for example_dag_decorator to None, run_after=None
[2025-12-06T08:58:46.295+0000] {processor.py:183} INFO - Processing /home/airflow/.local/lib/python3.8/site-packages/airflow/example_dags/example_dag_decorator.py took 0.618 seconds
[2025-12-06T08:59:16.360+0000] {processor.py:161} INFO - Started process (PID=460) to work on /home/airflow/.local/lib/python3.8/site-packages/airflow/example_dags/example_dag_decorator.py
[2025-12-06T08:59:16.363+0000] {processor.py:830} INFO - Processing file /home/airflow/.local/lib/python3.8/site-packages/airflow/example_dags/example_dag_decorator.py for tasks to queue
[2025-12-06T08:59:16.368+0000] {logging_mixin.py:188} INFO - [2025-12-06T08:59:16.367+0000] {dagbag.py:538} INFO - Filling up the DagBag from /home/airflow/.local/lib/python3.8/site-packages/airflow/example_dags/example_dag_decorator.py
[2025-12-06T08:59:16.520+0000] {processor.py:840} INFO - DAG(s) 'example_dag_decorator' retrieved from /home/airflow/.local/lib/python3.8/site-packages/airflow/example_dags/example_dag_decorator.py
[2025-12-06T08:59:16.702+0000] {logging_mixin.py:188} INFO - [2025-12-06T08:59:16.702+0000] {dag.py:3036} INFO - Sync 1 DAGs
[2025-12-06T08:59:16.723+0000] {logging_mixin.py:188} INFO - [2025-12-06T08:59:16.723+0000] {dag.py:3823} INFO - Setting next_dagrun for example_dag_decorator to None, run_after=None
[2025-12-06T08:59:16.762+0000] {processor.py:183} INFO - Processing /home/airflow/.local/lib/python3.8/site-packages/airflow/example_dags/example_dag_decorator.py took 0.409 seconds
[2025-12-06T08:59:47.218+0000] {processor.py:161} INFO - Started process (PID=518) to work on /home/airflow/.local/lib/python3.8/site-packages/airflow/example_dags/example_dag_decorator.py
[2025-12-06T08:59:47.220+0000] {processor.py:830} INFO - Processing file /home/airflow/.local/lib/python3.8/site-packages/airflow/example_dags/example_dag_decorator.py for tasks to queue
[2025-12-06T08:59:47.224+0000] {logging_mixin.py:188} INFO - [2025-12-06T08:59:47.224+0000] {dagbag.py:538} INFO - Filling up the DagBag from /home/airflow/.local/lib/python3.8/site-packages/airflow/example_dags/example_dag_decorator.py
[2025-12-06T08:59:47.427+0000] {processor.py:840} INFO - DAG(s) 'example_dag_decorator' retrieved from /home/airflow/.local/lib/python3.8/site-packages/airflow/example_dags/example_dag_decorator.py
[2025-12-06T08:59:47.471+0000] {logging_mixin.py:188} INFO - [2025-12-06T08:59:47.471+0000] {dag.py:3036} INFO - Sync 1 DAGs
[2025-12-06T08:59:47.496+0000] {logging_mixin.py:188} INFO - [2025-12-06T08:59:47.496+0000] {dag.py:3823} INFO - Setting next_dagrun for example_dag_decorator to None, run_after=None
[2025-12-06T08:59:47.534+0000] {processor.py:183} INFO - Processing /home/airflow/.local/lib/python3.8/site-packages/airflow/example_dags/example_dag_decorator.py took 0.323 seconds
[2025-12-06T09:00:17.945+0000] {processor.py:161} INFO - Started process (PID=577) to work on /home/airflow/.local/lib/python3.8/site-packages/airflow/example_dags/example_dag_decorator.py
[2025-12-06T09:00:17.950+0000] {processor.py:830} INFO - Processing file /home/airflow/.local/lib/python3.8/site-packages/airflow/example_dags/example_dag_decorator.py for tasks to queue
[2025-12-06T09:00:17.953+0000] {logging_mixin.py:188} INFO - [2025-12-06T09:00:17.952+0000] {dagbag.py:538} INFO - Filling up the DagBag from /home/airflow/.local/lib/python3.8/site-packages/airflow/example_dags/example_dag_decorator.py
[2025-12-06T09:00:18.093+0000] {processor.py:840} INFO - DAG(s) 'example_dag_decorator' retrieved from /home/airflow/.local/lib/python3.8/site-packages/airflow/example_dags/example_dag_decorator.py
[2025-12-06T09:00:18.283+0000] {logging_mixin.py:188} INFO - [2025-12-06T09:00:18.282+0000] {dag.py:3036} INFO - Sync 1 DAGs
[2025-12-06T09:00:18.309+0000] {logging_mixin.py:188} INFO - [2025-12-06T09:00:18.308+0000] {dag.py:3823} INFO - Setting next_dagrun for example_dag_decorator to None, run_after=None
[2025-12-06T09:00:18.345+0000] {processor.py:183} INFO - Processing /home/airflow/.local/lib/python3.8/site-packages/airflow/example_dags/example_dag_decorator.py took 0.404 seconds
[2025-12-06T09:00:48.520+0000] {processor.py:161} INFO - Started process (PID=636) to work on /home/airflow/.local/lib/python3.8/site-packages/airflow/example_dags/example_dag_decorator.py
[2025-12-06T09:00:48.522+0000] {processor.py:830} INFO - Processing file /home/airflow/.local/lib/python3.8/site-packages/airflow/example_dags/example_dag_decorator.py for tasks to queue
[2025-12-06T09:00:48.524+0000] {logging_mixin.py:188} INFO - [2025-12-06T09:00:48.524+0000] {dagbag.py:538} INFO - Filling up the DagBag from /home/airflow/.local/lib/python3.8/site-packages/airflow/example_dags/example_dag_decorator.py
[2025-12-06T09:00:48.667+0000] {processor.py:840} INFO - DAG(s) 'example_dag_decorator' retrieved from /home/airflow/.local/lib/python3.8/site-packages/airflow/example_dags/example_dag_decorator.py
[2025-12-06T09:00:48.843+0000] {logging_mixin.py:188} INFO - [2025-12-06T09:00:48.843+0000] {dag.py:3036} INFO - Sync 1 DAGs
[2025-12-06T09:00:48.863+0000] {logging_mixin.py:188} INFO - [2025-12-06T09:00:48.863+0000] {dag.py:3823} INFO - Setting next_dagrun for example_dag_decorator to None, run_after=None
[2025-12-06T09:00:48.901+0000] {processor.py:183} INFO - Processing /home/airflow/.local/lib/python3.8/site-packages/airflow/example_dags/example_dag_decorator.py took 0.385 seconds
[2025-12-06T09:01:19.119+0000] {processor.py:161} INFO - Started process (PID=697) to work on /home/airflow/.local/lib/python3.8/site-packages/airflow/example_dags/example_dag_decorator.py
[2025-12-06T09:01:19.120+0000] {processor.py:830} INFO - Processing file /home/airflow/.local/lib/python3.8/site-packages/airflow/example_dags/example_dag_decorator.py for tasks to queue
[2025-12-06T09:01:19.123+0000] {logging_mixin.py:188} INFO - [2025-12-06T09:01:19.122+0000] {dagbag.py:538} INFO - Filling up the DagBag from /home/airflow/.local/lib/python3.8/site-packages/airflow/example_dags/example_dag_decorator.py
[2025-12-06T09:01:19.239+0000] {processor.py:840} INFO - DAG(s) 'example_dag_decorator' retrieved from /home/airflow/.local/lib/python3.8/site-packages/airflow/example_dags/example_dag_decorator.py
[2025-12-06T09:01:19.555+0000] {logging_mixin.py:188} INFO - [2025-12-06T09:01:19.552+0000] {dag.py:3036} INFO - Sync 1 DAGs
[2025-12-06T09:01:19.591+0000] {logging_mixin.py:188} INFO - [2025-12-06T09:01:19.590+0000] {dag.py:3823} INFO - Setting next_dagrun for example_dag_decorator to None, run_after=None
[2025-12-06T09:01:19.665+0000] {processor.py:183} INFO - Processing /home/airflow/.local/lib/python3.8/site-packages/airflow/example_dags/example_dag_decorator.py took 0.559 seconds
[2025-12-06T09:01:49.712+0000] {processor.py:161} INFO - Started process (PID=757) to work on /home/airflow/.local/lib/python3.8/site-packages/airflow/example_dags/example_dag_decorator.py
[2025-12-06T09:01:49.713+0000] {processor.py:830} INFO - Processing file /home/airflow/.local/lib/python3.8/site-packages/airflow/example_dags/example_dag_decorator.py for tasks to queue
[2025-12-06T09:01:49.716+0000] {logging_mixin.py:188} INFO - [2025-12-06T09:01:49.716+0000] {dagbag.py:538} INFO - Filling up the DagBag from /home/airflow/.local/lib/python3.8/site-packages/airflow/example_dags/example_dag_decorator.py
[2025-12-06T09:01:49.844+0000] {processor.py:840} INFO - DAG(s) 'example_dag_decorator' retrieved from /home/airflow/.local/lib/python3.8/site-packages/airflow/example_dags/example_dag_decorator.py
[2025-12-06T09:01:49.997+0000] {logging_mixin.py:188} INFO - [2025-12-06T09:01:49.997+0000] {dag.py:3036} INFO - Sync 1 DAGs
[2025-12-06T09:01:50.012+0000] {logging_mixin.py:188} INFO - [2025-12-06T09:01:50.012+0000] {dag.py:3823} INFO - Setting next_dagrun for example_dag_decorator to None, run_after=None
[2025-12-06T09:01:50.042+0000] {processor.py:183} INFO - Processing /home/airflow/.local/lib/python3.8/site-packages/airflow/example_dags/example_dag_decorator.py took 0.336 seconds
[2025-12-06T09:02:21.033+0000] {processor.py:161} INFO - Started process (PID=817) to work on /home/airflow/.local/lib/python3.8/site-packages/airflow/example_dags/example_dag_decorator.py
[2025-12-06T09:02:21.035+0000] {processor.py:830} INFO - Processing file /home/airflow/.local/lib/python3.8/site-packages/airflow/example_dags/example_dag_decorator.py for tasks to queue
[2025-12-06T09:02:21.038+0000] {logging_mixin.py:188} INFO - [2025-12-06T09:02:21.037+0000] {dagbag.py:538} INFO - Filling up the DagBag from /home/airflow/.local/lib/python3.8/site-packages/airflow/example_dags/example_dag_decorator.py
[2025-12-06T09:02:21.155+0000] {processor.py:840} INFO - DAG(s) 'example_dag_decorator' retrieved from /home/airflow/.local/lib/python3.8/site-packages/airflow/example_dags/example_dag_decorator.py
[2025-12-06T09:02:21.316+0000] {logging_mixin.py:188} INFO - [2025-12-06T09:02:21.316+0000] {dag.py:3036} INFO - Sync 1 DAGs
[2025-12-06T09:02:21.331+0000] {logging_mixin.py:188} INFO - [2025-12-06T09:02:21.331+0000] {dag.py:3823} INFO - Setting next_dagrun for example_dag_decorator to None, run_after=None
[2025-12-06T09:02:21.371+0000] {processor.py:183} INFO - Processing /home/airflow/.local/lib/python3.8/site-packages/airflow/example_dags/example_dag_decorator.py took 0.343 seconds
[2025-12-06T09:02:51.506+0000] {processor.py:161} INFO - Started process (PID=878) to work on /home/airflow/.local/lib/python3.8/site-packages/airflow/example_dags/example_dag_decorator.py
[2025-12-06T09:02:51.508+0000] {processor.py:830} INFO - Processing file /home/airflow/.local/lib/python3.8/site-packages/airflow/example_dags/example_dag_decorator.py for tasks to queue
[2025-12-06T09:02:51.511+0000] {logging_mixin.py:188} INFO - [2025-12-06T09:02:51.511+0000] {dagbag.py:538} INFO - Filling up the DagBag from /home/airflow/.local/lib/python3.8/site-packages/airflow/example_dags/example_dag_decorator.py
[2025-12-06T09:02:51.649+0000] {processor.py:840} INFO - DAG(s) 'example_dag_decorator' retrieved from /home/airflow/.local/lib/python3.8/site-packages/airflow/example_dags/example_dag_decorator.py
[2025-12-06T09:02:51.794+0000] {logging_mixin.py:188} INFO - [2025-12-06T09:02:51.793+0000] {dag.py:3036} INFO - Sync 1 DAGs
[2025-12-06T09:02:51.808+0000] {logging_mixin.py:188} INFO - [2025-12-06T09:02:51.808+0000] {dag.py:3823} INFO - Setting next_dagrun for example_dag_decorator to None, run_after=None
[2025-12-06T09:02:51.840+0000] {processor.py:183} INFO - Processing /home/airflow/.local/lib/python3.8/site-packages/airflow/example_dags/example_dag_decorator.py took 0.339 seconds
[2025-12-06T09:03:21.966+0000] {processor.py:161} INFO - Started process (PID=938) to work on /home/airflow/.local/lib/python3.8/site-packages/airflow/example_dags/example_dag_decorator.py
[2025-12-06T09:03:21.968+0000] {processor.py:830} INFO - Processing file /home/airflow/.local/lib/python3.8/site-packages/airflow/example_dags/example_dag_decorator.py for tasks to queue
[2025-12-06T09:03:21.972+0000] {logging_mixin.py:188} INFO - [2025-12-06T09:03:21.971+0000] {dagbag.py:538} INFO - Filling up the DagBag from /home/airflow/.local/lib/python3.8/site-packages/airflow/example_dags/example_dag_decorator.py
[2025-12-06T09:03:22.097+0000] {processor.py:840} INFO - DAG(s) 'example_dag_decorator' retrieved from /home/airflow/.local/lib/python3.8/site-packages/airflow/example_dags/example_dag_decorator.py
[2025-12-06T09:03:22.232+0000] {logging_mixin.py:188} INFO - [2025-12-06T09:03:22.231+0000] {dag.py:3036} INFO - Sync 1 DAGs
[2025-12-06T09:03:22.246+0000] {logging_mixin.py:188} INFO - [2025-12-06T09:03:22.245+0000] {dag.py:3823} INFO - Setting next_dagrun for example_dag_decorator to None, run_after=None
[2025-12-06T09:03:22.273+0000] {processor.py:183} INFO - Processing /home/airflow/.local/lib/python3.8/site-packages/airflow/example_dags/example_dag_decorator.py took 0.312 seconds
[2025-12-06T09:03:52.393+0000] {processor.py:161} INFO - Started process (PID=997) to work on /home/airflow/.local/lib/python3.8/site-packages/airflow/example_dags/example_dag_decorator.py
[2025-12-06T09:03:52.395+0000] {processor.py:830} INFO - Processing file /home/airflow/.local/lib/python3.8/site-packages/airflow/example_dags/example_dag_decorator.py for tasks to queue
[2025-12-06T09:03:52.397+0000] {logging_mixin.py:188} INFO - [2025-12-06T09:03:52.397+0000] {dagbag.py:538} INFO - Filling up the DagBag from /home/airflow/.local/lib/python3.8/site-packages/airflow/example_dags/example_dag_decorator.py
[2025-12-06T09:03:52.555+0000] {processor.py:840} INFO - DAG(s) 'example_dag_decorator' retrieved from /home/airflow/.local/lib/python3.8/site-packages/airflow/example_dags/example_dag_decorator.py
[2025-12-06T09:03:52.691+0000] {logging_mixin.py:188} INFO - [2025-12-06T09:03:52.691+0000] {dag.py:3036} INFO - Sync 1 DAGs
[2025-12-06T09:03:52.711+0000] {logging_mixin.py:188} INFO - [2025-12-06T09:03:52.711+0000] {dag.py:3823} INFO - Setting next_dagrun for example_dag_decorator to None, run_after=None
[2025-12-06T09:03:52.737+0000] {processor.py:183} INFO - Processing /home/airflow/.local/lib/python3.8/site-packages/airflow/example_dags/example_dag_decorator.py took 0.347 seconds
[2025-12-06T09:04:22.986+0000] {processor.py:161} INFO - Started process (PID=1053) to work on /home/airflow/.local/lib/python3.8/site-packages/airflow/example_dags/example_dag_decorator.py
[2025-12-06T09:04:22.987+0000] {processor.py:830} INFO - Processing file /home/airflow/.local/lib/python3.8/site-packages/airflow/example_dags/example_dag_decorator.py for tasks to queue
[2025-12-06T09:04:22.990+0000] {logging_mixin.py:188} INFO - [2025-12-06T09:04:22.990+0000] {dagbag.py:538} INFO - Filling up the DagBag from /home/airflow/.local/lib/python3.8/site-packages/airflow/example_dags/example_dag_decorator.py
[2025-12-06T09:04:23.132+0000] {processor.py:840} INFO - DAG(s) 'example_dag_decorator' retrieved from /home/airflow/.local/lib/python3.8/site-packages/airflow/example_dags/example_dag_decorator.py
[2025-12-06T09:04:23.290+0000] {logging_mixin.py:188} INFO - [2025-12-06T09:04:23.290+0000] {dag.py:3036} INFO - Sync 1 DAGs
[2025-12-06T09:04:23.305+0000] {logging_mixin.py:188} INFO - [2025-12-06T09:04:23.305+0000] {dag.py:3823} INFO - Setting next_dagrun for example_dag_decorator to None, run_after=None
[2025-12-06T09:04:23.339+0000] {processor.py:183} INFO - Processing /home/airflow/.local/lib/python3.8/site-packages/airflow/example_dags/example_dag_decorator.py took 0.358 seconds
[2025-12-06T09:04:53.987+0000] {processor.py:161} INFO - Started process (PID=1112) to work on /home/airflow/.local/lib/python3.8/site-packages/airflow/example_dags/example_dag_decorator.py
[2025-12-06T09:04:53.988+0000] {processor.py:830} INFO - Processing file /home/airflow/.local/lib/python3.8/site-packages/airflow/example_dags/example_dag_decorator.py for tasks to queue
[2025-12-06T09:04:53.991+0000] {logging_mixin.py:188} INFO - [2025-12-06T09:04:53.991+0000] {dagbag.py:538} INFO - Filling up the DagBag from /home/airflow/.local/lib/python3.8/site-packages/airflow/example_dags/example_dag_decorator.py
[2025-12-06T09:04:54.117+0000] {processor.py:840} INFO - DAG(s) 'example_dag_decorator' retrieved from /home/airflow/.local/lib/python3.8/site-packages/airflow/example_dags/example_dag_decorator.py
[2025-12-06T09:04:54.291+0000] {logging_mixin.py:188} INFO - [2025-12-06T09:04:54.291+0000] {dag.py:3036} INFO - Sync 1 DAGs
[2025-12-06T09:04:54.307+0000] {logging_mixin.py:188} INFO - [2025-12-06T09:04:54.306+0000] {dag.py:3823} INFO - Setting next_dagrun for example_dag_decorator to None, run_after=None
[2025-12-06T09:04:54.337+0000] {processor.py:183} INFO - Processing /home/airflow/.local/lib/python3.8/site-packages/airflow/example_dags/example_dag_decorator.py took 0.354 seconds
[2025-12-06T09:05:24.538+0000] {processor.py:161} INFO - Started process (PID=1171) to work on /home/airflow/.local/lib/python3.8/site-packages/airflow/example_dags/example_dag_decorator.py
[2025-12-06T09:05:24.540+0000] {processor.py:830} INFO - Processing file /home/airflow/.local/lib/python3.8/site-packages/airflow/example_dags/example_dag_decorator.py for tasks to queue
[2025-12-06T09:05:24.543+0000] {logging_mixin.py:188} INFO - [2025-12-06T09:05:24.543+0000] {dagbag.py:538} INFO - Filling up the DagBag from /home/airflow/.local/lib/python3.8/site-packages/airflow/example_dags/example_dag_decorator.py
[2025-12-06T09:05:24.699+0000] {processor.py:840} INFO - DAG(s) 'example_dag_decorator' retrieved from /home/airflow/.local/lib/python3.8/site-packages/airflow/example_dags/example_dag_decorator.py
[2025-12-06T09:05:24.872+0000] {logging_mixin.py:188} INFO - [2025-12-06T09:05:24.872+0000] {dag.py:3036} INFO - Sync 1 DAGs
[2025-12-06T09:05:24.890+0000] {logging_mixin.py:188} INFO - [2025-12-06T09:05:24.890+0000] {dag.py:3823} INFO - Setting next_dagrun for example_dag_decorator to None, run_after=None
[2025-12-06T09:05:24.927+0000] {processor.py:183} INFO - Processing /home/airflow/.local/lib/python3.8/site-packages/airflow/example_dags/example_dag_decorator.py took 0.394 seconds
[2025-12-06T09:05:55.232+0000] {processor.py:161} INFO - Started process (PID=1231) to work on /home/airflow/.local/lib/python3.8/site-packages/airflow/example_dags/example_dag_decorator.py
[2025-12-06T09:05:55.234+0000] {processor.py:830} INFO - Processing file /home/airflow/.local/lib/python3.8/site-packages/airflow/example_dags/example_dag_decorator.py for tasks to queue
[2025-12-06T09:05:55.236+0000] {logging_mixin.py:188} INFO - [2025-12-06T09:05:55.236+0000] {dagbag.py:538} INFO - Filling up the DagBag from /home/airflow/.local/lib/python3.8/site-packages/airflow/example_dags/example_dag_decorator.py
[2025-12-06T09:05:55.419+0000] {processor.py:840} INFO - DAG(s) 'example_dag_decorator' retrieved from /home/airflow/.local/lib/python3.8/site-packages/airflow/example_dags/example_dag_decorator.py
[2025-12-06T09:05:55.612+0000] {logging_mixin.py:188} INFO - [2025-12-06T09:05:55.612+0000] {dag.py:3036} INFO - Sync 1 DAGs
[2025-12-06T09:05:55.643+0000] {logging_mixin.py:188} INFO - [2025-12-06T09:05:55.642+0000] {dag.py:3823} INFO - Setting next_dagrun for example_dag_decorator to None, run_after=None
[2025-12-06T09:05:55.686+0000] {processor.py:183} INFO - Processing /home/airflow/.local/lib/python3.8/site-packages/airflow/example_dags/example_dag_decorator.py took 0.460 seconds
[2025-12-06T09:06:25.779+0000] {processor.py:161} INFO - Started process (PID=1292) to work on /home/airflow/.local/lib/python3.8/site-packages/airflow/example_dags/example_dag_decorator.py
[2025-12-06T09:06:25.781+0000] {processor.py:830} INFO - Processing file /home/airflow/.local/lib/python3.8/site-packages/airflow/example_dags/example_dag_decorator.py for tasks to queue
[2025-12-06T09:06:25.784+0000] {logging_mixin.py:188} INFO - [2025-12-06T09:06:25.783+0000] {dagbag.py:538} INFO - Filling up the DagBag from /home/airflow/.local/lib/python3.8/site-packages/airflow/example_dags/example_dag_decorator.py
[2025-12-06T09:06:25.905+0000] {processor.py:840} INFO - DAG(s) 'example_dag_decorator' retrieved from /home/airflow/.local/lib/python3.8/site-packages/airflow/example_dags/example_dag_decorator.py
[2025-12-06T09:06:26.048+0000] {logging_mixin.py:188} INFO - [2025-12-06T09:06:26.048+0000] {dag.py:3036} INFO - Sync 1 DAGs
[2025-12-06T09:06:26.064+0000] {logging_mixin.py:188} INFO - [2025-12-06T09:06:26.064+0000] {dag.py:3823} INFO - Setting next_dagrun for example_dag_decorator to None, run_after=None
[2025-12-06T09:06:26.092+0000] {processor.py:183} INFO - Processing /home/airflow/.local/lib/python3.8/site-packages/airflow/example_dags/example_dag_decorator.py took 0.319 seconds
[2025-12-06T09:06:56.307+0000] {processor.py:161} INFO - Started process (PID=1353) to work on /home/airflow/.local/lib/python3.8/site-packages/airflow/example_dags/example_dag_decorator.py
[2025-12-06T09:06:56.309+0000] {processor.py:830} INFO - Processing file /home/airflow/.local/lib/python3.8/site-packages/airflow/example_dags/example_dag_decorator.py for tasks to queue
[2025-12-06T09:06:56.311+0000] {logging_mixin.py:188} INFO - [2025-12-06T09:06:56.311+0000] {dagbag.py:538} INFO - Filling up the DagBag from /home/airflow/.local/lib/python3.8/site-packages/airflow/example_dags/example_dag_decorator.py
[2025-12-06T09:06:56.439+0000] {processor.py:840} INFO - DAG(s) 'example_dag_decorator' retrieved from /home/airflow/.local/lib/python3.8/site-packages/airflow/example_dags/example_dag_decorator.py
[2025-12-06T09:06:56.617+0000] {logging_mixin.py:188} INFO - [2025-12-06T09:06:56.617+0000] {dag.py:3036} INFO - Sync 1 DAGs
[2025-12-06T09:06:56.636+0000] {logging_mixin.py:188} INFO - [2025-12-06T09:06:56.635+0000] {dag.py:3823} INFO - Setting next_dagrun for example_dag_decorator to None, run_after=None
[2025-12-06T09:06:56.674+0000] {processor.py:183} INFO - Processing /home/airflow/.local/lib/python3.8/site-packages/airflow/example_dags/example_dag_decorator.py took 0.371 seconds
[2025-12-06T09:07:26.817+0000] {processor.py:161} INFO - Started process (PID=1412) to work on /home/airflow/.local/lib/python3.8/site-packages/airflow/example_dags/example_dag_decorator.py
[2025-12-06T09:07:26.819+0000] {processor.py:830} INFO - Processing file /home/airflow/.local/lib/python3.8/site-packages/airflow/example_dags/example_dag_decorator.py for tasks to queue
[2025-12-06T09:07:26.824+0000] {logging_mixin.py:188} INFO - [2025-12-06T09:07:26.823+0000] {dagbag.py:538} INFO - Filling up the DagBag from /home/airflow/.local/lib/python3.8/site-packages/airflow/example_dags/example_dag_decorator.py
[2025-12-06T09:07:26.958+0000] {processor.py:840} INFO - DAG(s) 'example_dag_decorator' retrieved from /home/airflow/.local/lib/python3.8/site-packages/airflow/example_dags/example_dag_decorator.py
[2025-12-06T09:07:26.994+0000] {logging_mixin.py:188} INFO - [2025-12-06T09:07:26.994+0000] {dag.py:3036} INFO - Sync 1 DAGs
[2025-12-06T09:07:27.011+0000] {logging_mixin.py:188} INFO - [2025-12-06T09:07:27.011+0000] {dag.py:3823} INFO - Setting next_dagrun for example_dag_decorator to None, run_after=None
[2025-12-06T09:07:27.045+0000] {processor.py:183} INFO - Processing /home/airflow/.local/lib/python3.8/site-packages/airflow/example_dags/example_dag_decorator.py took 0.233 seconds
[2025-12-06T09:07:57.149+0000] {processor.py:161} INFO - Started process (PID=1468) to work on /home/airflow/.local/lib/python3.8/site-packages/airflow/example_dags/example_dag_decorator.py
[2025-12-06T09:07:57.151+0000] {processor.py:830} INFO - Processing file /home/airflow/.local/lib/python3.8/site-packages/airflow/example_dags/example_dag_decorator.py for tasks to queue
[2025-12-06T09:07:57.155+0000] {logging_mixin.py:188} INFO - [2025-12-06T09:07:57.154+0000] {dagbag.py:538} INFO - Filling up the DagBag from /home/airflow/.local/lib/python3.8/site-packages/airflow/example_dags/example_dag_decorator.py
[2025-12-06T09:07:57.276+0000] {processor.py:840} INFO - DAG(s) 'example_dag_decorator' retrieved from /home/airflow/.local/lib/python3.8/site-packages/airflow/example_dags/example_dag_decorator.py
[2025-12-06T09:07:57.427+0000] {logging_mixin.py:188} INFO - [2025-12-06T09:07:57.426+0000] {dag.py:3036} INFO - Sync 1 DAGs
[2025-12-06T09:07:57.446+0000] {logging_mixin.py:188} INFO - [2025-12-06T09:07:57.445+0000] {dag.py:3823} INFO - Setting next_dagrun for example_dag_decorator to None, run_after=None
[2025-12-06T09:07:57.482+0000] {processor.py:183} INFO - Processing /home/airflow/.local/lib/python3.8/site-packages/airflow/example_dags/example_dag_decorator.py took 0.339 seconds
[2025-12-06T09:08:27.718+0000] {processor.py:161} INFO - Started process (PID=1527) to work on /home/airflow/.local/lib/python3.8/site-packages/airflow/example_dags/example_dag_decorator.py
[2025-12-06T09:08:27.722+0000] {processor.py:830} INFO - Processing file /home/airflow/.local/lib/python3.8/site-packages/airflow/example_dags/example_dag_decorator.py for tasks to queue
[2025-12-06T09:08:27.726+0000] {logging_mixin.py:188} INFO - [2025-12-06T09:08:27.725+0000] {dagbag.py:538} INFO - Filling up the DagBag from /home/airflow/.local/lib/python3.8/site-packages/airflow/example_dags/example_dag_decorator.py
[2025-12-06T09:08:27.929+0000] {processor.py:840} INFO - DAG(s) 'example_dag_decorator' retrieved from /home/airflow/.local/lib/python3.8/site-packages/airflow/example_dags/example_dag_decorator.py
[2025-12-06T09:08:27.981+0000] {logging_mixin.py:188} INFO - [2025-12-06T09:08:27.981+0000] {dag.py:3036} INFO - Sync 1 DAGs
[2025-12-06T09:08:28.005+0000] {logging_mixin.py:188} INFO - [2025-12-06T09:08:28.004+0000] {dag.py:3823} INFO - Setting next_dagrun for example_dag_decorator to None, run_after=None
[2025-12-06T09:08:28.045+0000] {processor.py:183} INFO - Processing /home/airflow/.local/lib/python3.8/site-packages/airflow/example_dags/example_dag_decorator.py took 0.335 seconds
[2025-12-06T09:08:58.177+0000] {processor.py:161} INFO - Started process (PID=1587) to work on /home/airflow/.local/lib/python3.8/site-packages/airflow/example_dags/example_dag_decorator.py
[2025-12-06T09:08:58.181+0000] {processor.py:830} INFO - Processing file /home/airflow/.local/lib/python3.8/site-packages/airflow/example_dags/example_dag_decorator.py for tasks to queue
[2025-12-06T09:08:58.186+0000] {logging_mixin.py:188} INFO - [2025-12-06T09:08:58.186+0000] {dagbag.py:538} INFO - Filling up the DagBag from /home/airflow/.local/lib/python3.8/site-packages/airflow/example_dags/example_dag_decorator.py
[2025-12-06T09:08:58.352+0000] {processor.py:840} INFO - DAG(s) 'example_dag_decorator' retrieved from /home/airflow/.local/lib/python3.8/site-packages/airflow/example_dags/example_dag_decorator.py
[2025-12-06T09:08:58.387+0000] {logging_mixin.py:188} INFO - [2025-12-06T09:08:58.387+0000] {dag.py:3036} INFO - Sync 1 DAGs
[2025-12-06T09:08:58.406+0000] {logging_mixin.py:188} INFO - [2025-12-06T09:08:58.406+0000] {dag.py:3823} INFO - Setting next_dagrun for example_dag_decorator to None, run_after=None
[2025-12-06T09:08:58.437+0000] {processor.py:183} INFO - Processing /home/airflow/.local/lib/python3.8/site-packages/airflow/example_dags/example_dag_decorator.py took 0.268 seconds
[2025-12-06T09:09:29.148+0000] {processor.py:161} INFO - Started process (PID=1646) to work on /home/airflow/.local/lib/python3.8/site-packages/airflow/example_dags/example_dag_decorator.py
[2025-12-06T09:09:29.150+0000] {processor.py:830} INFO - Processing file /home/airflow/.local/lib/python3.8/site-packages/airflow/example_dags/example_dag_decorator.py for tasks to queue
[2025-12-06T09:09:29.153+0000] {logging_mixin.py:188} INFO - [2025-12-06T09:09:29.152+0000] {dagbag.py:538} INFO - Filling up the DagBag from /home/airflow/.local/lib/python3.8/site-packages/airflow/example_dags/example_dag_decorator.py
[2025-12-06T09:09:29.420+0000] {processor.py:840} INFO - DAG(s) 'example_dag_decorator' retrieved from /home/airflow/.local/lib/python3.8/site-packages/airflow/example_dags/example_dag_decorator.py
[2025-12-06T09:09:29.469+0000] {logging_mixin.py:188} INFO - [2025-12-06T09:09:29.469+0000] {dag.py:3036} INFO - Sync 1 DAGs
[2025-12-06T09:09:29.491+0000] {logging_mixin.py:188} INFO - [2025-12-06T09:09:29.491+0000] {dag.py:3823} INFO - Setting next_dagrun for example_dag_decorator to None, run_after=None
[2025-12-06T09:09:29.526+0000] {processor.py:183} INFO - Processing /home/airflow/.local/lib/python3.8/site-packages/airflow/example_dags/example_dag_decorator.py took 0.384 seconds
[2025-12-06T09:10:00.410+0000] {processor.py:161} INFO - Started process (PID=1706) to work on /home/airflow/.local/lib/python3.8/site-packages/airflow/example_dags/example_dag_decorator.py
[2025-12-06T09:10:00.413+0000] {processor.py:830} INFO - Processing file /home/airflow/.local/lib/python3.8/site-packages/airflow/example_dags/example_dag_decorator.py for tasks to queue
[2025-12-06T09:10:00.416+0000] {logging_mixin.py:188} INFO - [2025-12-06T09:10:00.416+0000] {dagbag.py:538} INFO - Filling up the DagBag from /home/airflow/.local/lib/python3.8/site-packages/airflow/example_dags/example_dag_decorator.py
[2025-12-06T09:10:00.540+0000] {processor.py:840} INFO - DAG(s) 'example_dag_decorator' retrieved from /home/airflow/.local/lib/python3.8/site-packages/airflow/example_dags/example_dag_decorator.py
[2025-12-06T09:10:00.873+0000] {logging_mixin.py:188} INFO - [2025-12-06T09:10:00.872+0000] {dag.py:3036} INFO - Sync 1 DAGs
[2025-12-06T09:10:00.886+0000] {logging_mixin.py:188} INFO - [2025-12-06T09:10:00.886+0000] {dag.py:3823} INFO - Setting next_dagrun for example_dag_decorator to None, run_after=None
[2025-12-06T09:10:00.920+0000] {processor.py:183} INFO - Processing /home/airflow/.local/lib/python3.8/site-packages/airflow/example_dags/example_dag_decorator.py took 0.515 seconds
[2025-12-06T09:10:31.832+0000] {processor.py:161} INFO - Started process (PID=1767) to work on /home/airflow/.local/lib/python3.8/site-packages/airflow/example_dags/example_dag_decorator.py
[2025-12-06T09:10:31.833+0000] {processor.py:830} INFO - Processing file /home/airflow/.local/lib/python3.8/site-packages/airflow/example_dags/example_dag_decorator.py for tasks to queue
[2025-12-06T09:10:31.839+0000] {logging_mixin.py:188} INFO - [2025-12-06T09:10:31.839+0000] {dagbag.py:538} INFO - Filling up the DagBag from /home/airflow/.local/lib/python3.8/site-packages/airflow/example_dags/example_dag_decorator.py
[2025-12-06T09:10:31.953+0000] {processor.py:840} INFO - DAG(s) 'example_dag_decorator' retrieved from /home/airflow/.local/lib/python3.8/site-packages/airflow/example_dags/example_dag_decorator.py
[2025-12-06T09:10:32.272+0000] {logging_mixin.py:188} INFO - [2025-12-06T09:10:32.271+0000] {dag.py:3036} INFO - Sync 1 DAGs
[2025-12-06T09:10:32.283+0000] {logging_mixin.py:188} INFO - [2025-12-06T09:10:32.283+0000] {dag.py:3823} INFO - Setting next_dagrun for example_dag_decorator to None, run_after=None
[2025-12-06T09:10:32.325+0000] {processor.py:183} INFO - Processing /home/airflow/.local/lib/python3.8/site-packages/airflow/example_dags/example_dag_decorator.py took 0.501 seconds
[2025-12-06T09:11:02.689+0000] {processor.py:161} INFO - Started process (PID=1826) to work on /home/airflow/.local/lib/python3.8/site-packages/airflow/example_dags/example_dag_decorator.py
[2025-12-06T09:11:02.690+0000] {processor.py:830} INFO - Processing file /home/airflow/.local/lib/python3.8/site-packages/airflow/example_dags/example_dag_decorator.py for tasks to queue
[2025-12-06T09:11:02.693+0000] {logging_mixin.py:188} INFO - [2025-12-06T09:11:02.692+0000] {dagbag.py:538} INFO - Filling up the DagBag from /home/airflow/.local/lib/python3.8/site-packages/airflow/example_dags/example_dag_decorator.py
[2025-12-06T09:11:02.819+0000] {processor.py:840} INFO - DAG(s) 'example_dag_decorator' retrieved from /home/airflow/.local/lib/python3.8/site-packages/airflow/example_dags/example_dag_decorator.py
[2025-12-06T09:11:02.967+0000] {logging_mixin.py:188} INFO - [2025-12-06T09:11:02.967+0000] {dag.py:3036} INFO - Sync 1 DAGs
[2025-12-06T09:11:03.151+0000] {logging_mixin.py:188} INFO - [2025-12-06T09:11:03.151+0000] {dag.py:3823} INFO - Setting next_dagrun for example_dag_decorator to None, run_after=None
[2025-12-06T09:11:03.182+0000] {processor.py:183} INFO - Processing /home/airflow/.local/lib/python3.8/site-packages/airflow/example_dags/example_dag_decorator.py took 0.499 seconds
[2025-12-06T09:11:33.325+0000] {processor.py:161} INFO - Started process (PID=1885) to work on /home/airflow/.local/lib/python3.8/site-packages/airflow/example_dags/example_dag_decorator.py
[2025-12-06T09:11:33.327+0000] {processor.py:830} INFO - Processing file /home/airflow/.local/lib/python3.8/site-packages/airflow/example_dags/example_dag_decorator.py for tasks to queue
[2025-12-06T09:11:33.331+0000] {logging_mixin.py:188} INFO - [2025-12-06T09:11:33.331+0000] {dagbag.py:538} INFO - Filling up the DagBag from /home/airflow/.local/lib/python3.8/site-packages/airflow/example_dags/example_dag_decorator.py
[2025-12-06T09:11:33.445+0000] {processor.py:840} INFO - DAG(s) 'example_dag_decorator' retrieved from /home/airflow/.local/lib/python3.8/site-packages/airflow/example_dags/example_dag_decorator.py
[2025-12-06T09:11:33.599+0000] {logging_mixin.py:188} INFO - [2025-12-06T09:11:33.599+0000] {dag.py:3036} INFO - Sync 1 DAGs
[2025-12-06T09:11:33.617+0000] {logging_mixin.py:188} INFO - [2025-12-06T09:11:33.617+0000] {dag.py:3823} INFO - Setting next_dagrun for example_dag_decorator to None, run_after=None
[2025-12-06T09:11:33.814+0000] {processor.py:183} INFO - Processing /home/airflow/.local/lib/python3.8/site-packages/airflow/example_dags/example_dag_decorator.py took 0.495 seconds
[2025-12-06T09:12:03.932+0000] {processor.py:161} INFO - Started process (PID=1946) to work on /home/airflow/.local/lib/python3.8/site-packages/airflow/example_dags/example_dag_decorator.py
[2025-12-06T09:12:03.934+0000] {processor.py:830} INFO - Processing file /home/airflow/.local/lib/python3.8/site-packages/airflow/example_dags/example_dag_decorator.py for tasks to queue
[2025-12-06T09:12:03.938+0000] {logging_mixin.py:188} INFO - [2025-12-06T09:12:03.937+0000] {dagbag.py:538} INFO - Filling up the DagBag from /home/airflow/.local/lib/python3.8/site-packages/airflow/example_dags/example_dag_decorator.py
[2025-12-06T09:12:04.054+0000] {processor.py:840} INFO - DAG(s) 'example_dag_decorator' retrieved from /home/airflow/.local/lib/python3.8/site-packages/airflow/example_dags/example_dag_decorator.py
[2025-12-06T09:12:04.214+0000] {logging_mixin.py:188} INFO - [2025-12-06T09:12:04.214+0000] {dag.py:3036} INFO - Sync 1 DAGs
[2025-12-06T09:12:04.230+0000] {logging_mixin.py:188} INFO - [2025-12-06T09:12:04.230+0000] {dag.py:3823} INFO - Setting next_dagrun for example_dag_decorator to None, run_after=None
[2025-12-06T09:12:04.437+0000] {processor.py:183} INFO - Processing /home/airflow/.local/lib/python3.8/site-packages/airflow/example_dags/example_dag_decorator.py took 0.510 seconds
[2025-12-06T09:12:34.484+0000] {processor.py:161} INFO - Started process (PID=2010) to work on /home/airflow/.local/lib/python3.8/site-packages/airflow/example_dags/example_dag_decorator.py
[2025-12-06T09:12:34.486+0000] {processor.py:830} INFO - Processing file /home/airflow/.local/lib/python3.8/site-packages/airflow/example_dags/example_dag_decorator.py for tasks to queue
[2025-12-06T09:12:34.488+0000] {logging_mixin.py:188} INFO - [2025-12-06T09:12:34.488+0000] {dagbag.py:538} INFO - Filling up the DagBag from /home/airflow/.local/lib/python3.8/site-packages/airflow/example_dags/example_dag_decorator.py
[2025-12-06T09:12:34.593+0000] {processor.py:840} INFO - DAG(s) 'example_dag_decorator' retrieved from /home/airflow/.local/lib/python3.8/site-packages/airflow/example_dags/example_dag_decorator.py
[2025-12-06T09:12:34.892+0000] {logging_mixin.py:188} INFO - [2025-12-06T09:12:34.892+0000] {dag.py:3036} INFO - Sync 1 DAGs
[2025-12-06T09:12:34.904+0000] {logging_mixin.py:188} INFO - [2025-12-06T09:12:34.903+0000] {dag.py:3823} INFO - Setting next_dagrun for example_dag_decorator to None, run_after=None
[2025-12-06T09:12:34.932+0000] {processor.py:183} INFO - Processing /home/airflow/.local/lib/python3.8/site-packages/airflow/example_dags/example_dag_decorator.py took 0.453 seconds
[2025-12-06T09:13:05.008+0000] {processor.py:161} INFO - Started process (PID=2062) to work on /home/airflow/.local/lib/python3.8/site-packages/airflow/example_dags/example_dag_decorator.py
[2025-12-06T09:13:05.010+0000] {processor.py:830} INFO - Processing file /home/airflow/.local/lib/python3.8/site-packages/airflow/example_dags/example_dag_decorator.py for tasks to queue
[2025-12-06T09:13:05.012+0000] {logging_mixin.py:188} INFO - [2025-12-06T09:13:05.012+0000] {dagbag.py:538} INFO - Filling up the DagBag from /home/airflow/.local/lib/python3.8/site-packages/airflow/example_dags/example_dag_decorator.py
[2025-12-06T09:13:05.133+0000] {processor.py:840} INFO - DAG(s) 'example_dag_decorator' retrieved from /home/airflow/.local/lib/python3.8/site-packages/airflow/example_dags/example_dag_decorator.py
[2025-12-06T09:13:05.453+0000] {logging_mixin.py:188} INFO - [2025-12-06T09:13:05.453+0000] {dag.py:3036} INFO - Sync 1 DAGs
[2025-12-06T09:13:05.468+0000] {logging_mixin.py:188} INFO - [2025-12-06T09:13:05.467+0000] {dag.py:3823} INFO - Setting next_dagrun for example_dag_decorator to None, run_after=None
[2025-12-06T09:13:05.503+0000] {processor.py:183} INFO - Processing /home/airflow/.local/lib/python3.8/site-packages/airflow/example_dags/example_dag_decorator.py took 0.500 seconds
[2025-12-06T09:13:35.694+0000] {processor.py:161} INFO - Started process (PID=2124) to work on /home/airflow/.local/lib/python3.8/site-packages/airflow/example_dags/example_dag_decorator.py
[2025-12-06T09:13:35.696+0000] {processor.py:830} INFO - Processing file /home/airflow/.local/lib/python3.8/site-packages/airflow/example_dags/example_dag_decorator.py for tasks to queue
[2025-12-06T09:13:35.699+0000] {logging_mixin.py:188} INFO - [2025-12-06T09:13:35.699+0000] {dagbag.py:538} INFO - Filling up the DagBag from /home/airflow/.local/lib/python3.8/site-packages/airflow/example_dags/example_dag_decorator.py
[2025-12-06T09:13:35.823+0000] {processor.py:840} INFO - DAG(s) 'example_dag_decorator' retrieved from /home/airflow/.local/lib/python3.8/site-packages/airflow/example_dags/example_dag_decorator.py
[2025-12-06T09:13:36.149+0000] {logging_mixin.py:188} INFO - [2025-12-06T09:13:36.148+0000] {dag.py:3036} INFO - Sync 1 DAGs
[2025-12-06T09:13:36.160+0000] {logging_mixin.py:188} INFO - [2025-12-06T09:13:36.160+0000] {dag.py:3823} INFO - Setting next_dagrun for example_dag_decorator to None, run_after=None
[2025-12-06T09:13:36.190+0000] {processor.py:183} INFO - Processing /home/airflow/.local/lib/python3.8/site-packages/airflow/example_dags/example_dag_decorator.py took 0.501 seconds
[2025-12-06T09:14:06.237+0000] {processor.py:161} INFO - Started process (PID=2187) to work on /home/airflow/.local/lib/python3.8/site-packages/airflow/example_dags/example_dag_decorator.py
[2025-12-06T09:14:06.238+0000] {processor.py:830} INFO - Processing file /home/airflow/.local/lib/python3.8/site-packages/airflow/example_dags/example_dag_decorator.py for tasks to queue
[2025-12-06T09:14:06.241+0000] {logging_mixin.py:188} INFO - [2025-12-06T09:14:06.240+0000] {dagbag.py:538} INFO - Filling up the DagBag from /home/airflow/.local/lib/python3.8/site-packages/airflow/example_dags/example_dag_decorator.py
[2025-12-06T09:14:06.350+0000] {processor.py:840} INFO - DAG(s) 'example_dag_decorator' retrieved from /home/airflow/.local/lib/python3.8/site-packages/airflow/example_dags/example_dag_decorator.py
[2025-12-06T09:14:06.654+0000] {logging_mixin.py:188} INFO - [2025-12-06T09:14:06.653+0000] {dag.py:3036} INFO - Sync 1 DAGs
[2025-12-06T09:14:06.666+0000] {logging_mixin.py:188} INFO - [2025-12-06T09:14:06.666+0000] {dag.py:3823} INFO - Setting next_dagrun for example_dag_decorator to None, run_after=None
[2025-12-06T09:14:06.695+0000] {processor.py:183} INFO - Processing /home/airflow/.local/lib/python3.8/site-packages/airflow/example_dags/example_dag_decorator.py took 0.463 seconds
[2025-12-06T09:14:37.444+0000] {processor.py:161} INFO - Started process (PID=2246) to work on /home/airflow/.local/lib/python3.8/site-packages/airflow/example_dags/example_dag_decorator.py
[2025-12-06T09:14:37.446+0000] {processor.py:830} INFO - Processing file /home/airflow/.local/lib/python3.8/site-packages/airflow/example_dags/example_dag_decorator.py for tasks to queue
[2025-12-06T09:14:37.449+0000] {logging_mixin.py:188} INFO - [2025-12-06T09:14:37.448+0000] {dagbag.py:538} INFO - Filling up the DagBag from /home/airflow/.local/lib/python3.8/site-packages/airflow/example_dags/example_dag_decorator.py
[2025-12-06T09:14:37.549+0000] {processor.py:840} INFO - DAG(s) 'example_dag_decorator' retrieved from /home/airflow/.local/lib/python3.8/site-packages/airflow/example_dags/example_dag_decorator.py
[2025-12-06T09:14:37.832+0000] {logging_mixin.py:188} INFO - [2025-12-06T09:14:37.831+0000] {dag.py:3036} INFO - Sync 1 DAGs
[2025-12-06T09:14:37.844+0000] {logging_mixin.py:188} INFO - [2025-12-06T09:14:37.844+0000] {dag.py:3823} INFO - Setting next_dagrun for example_dag_decorator to None, run_after=None
[2025-12-06T09:14:37.871+0000] {processor.py:183} INFO - Processing /home/airflow/.local/lib/python3.8/site-packages/airflow/example_dags/example_dag_decorator.py took 0.432 seconds
[2025-12-06T09:15:07.915+0000] {processor.py:161} INFO - Started process (PID=2305) to work on /home/airflow/.local/lib/python3.8/site-packages/airflow/example_dags/example_dag_decorator.py
[2025-12-06T09:15:07.917+0000] {processor.py:830} INFO - Processing file /home/airflow/.local/lib/python3.8/site-packages/airflow/example_dags/example_dag_decorator.py for tasks to queue
[2025-12-06T09:15:07.920+0000] {logging_mixin.py:188} INFO - [2025-12-06T09:15:07.919+0000] {dagbag.py:538} INFO - Filling up the DagBag from /home/airflow/.local/lib/python3.8/site-packages/airflow/example_dags/example_dag_decorator.py
[2025-12-06T09:15:08.029+0000] {processor.py:840} INFO - DAG(s) 'example_dag_decorator' retrieved from /home/airflow/.local/lib/python3.8/site-packages/airflow/example_dags/example_dag_decorator.py
[2025-12-06T09:15:08.333+0000] {logging_mixin.py:188} INFO - [2025-12-06T09:15:08.332+0000] {dag.py:3036} INFO - Sync 1 DAGs
[2025-12-06T09:15:08.348+0000] {logging_mixin.py:188} INFO - [2025-12-06T09:15:08.348+0000] {dag.py:3823} INFO - Setting next_dagrun for example_dag_decorator to None, run_after=None
[2025-12-06T09:15:08.385+0000] {processor.py:183} INFO - Processing /home/airflow/.local/lib/python3.8/site-packages/airflow/example_dags/example_dag_decorator.py took 0.474 seconds
[2025-12-06T09:15:39.147+0000] {processor.py:161} INFO - Started process (PID=2370) to work on /home/airflow/.local/lib/python3.8/site-packages/airflow/example_dags/example_dag_decorator.py
[2025-12-06T09:15:39.150+0000] {processor.py:830} INFO - Processing file /home/airflow/.local/lib/python3.8/site-packages/airflow/example_dags/example_dag_decorator.py for tasks to queue
[2025-12-06T09:15:39.153+0000] {logging_mixin.py:188} INFO - [2025-12-06T09:15:39.153+0000] {dagbag.py:538} INFO - Filling up the DagBag from /home/airflow/.local/lib/python3.8/site-packages/airflow/example_dags/example_dag_decorator.py
[2025-12-06T09:15:39.264+0000] {processor.py:840} INFO - DAG(s) 'example_dag_decorator' retrieved from /home/airflow/.local/lib/python3.8/site-packages/airflow/example_dags/example_dag_decorator.py
[2025-12-06T09:15:39.557+0000] {logging_mixin.py:188} INFO - [2025-12-06T09:15:39.557+0000] {dag.py:3036} INFO - Sync 1 DAGs
[2025-12-06T09:15:39.571+0000] {logging_mixin.py:188} INFO - [2025-12-06T09:15:39.571+0000] {dag.py:3823} INFO - Setting next_dagrun for example_dag_decorator to None, run_after=None
[2025-12-06T09:15:39.600+0000] {processor.py:183} INFO - Processing /home/airflow/.local/lib/python3.8/site-packages/airflow/example_dags/example_dag_decorator.py took 0.458 seconds
[2025-12-06T09:16:09.989+0000] {processor.py:161} INFO - Started process (PID=2429) to work on /home/airflow/.local/lib/python3.8/site-packages/airflow/example_dags/example_dag_decorator.py
[2025-12-06T09:16:09.991+0000] {processor.py:830} INFO - Processing file /home/airflow/.local/lib/python3.8/site-packages/airflow/example_dags/example_dag_decorator.py for tasks to queue
[2025-12-06T09:16:09.993+0000] {logging_mixin.py:188} INFO - [2025-12-06T09:16:09.993+0000] {dagbag.py:538} INFO - Filling up the DagBag from /home/airflow/.local/lib/python3.8/site-packages/airflow/example_dags/example_dag_decorator.py
[2025-12-06T09:16:10.100+0000] {processor.py:840} INFO - DAG(s) 'example_dag_decorator' retrieved from /home/airflow/.local/lib/python3.8/site-packages/airflow/example_dags/example_dag_decorator.py
[2025-12-06T09:16:10.130+0000] {logging_mixin.py:188} INFO - [2025-12-06T09:16:10.130+0000] {dag.py:3036} INFO - Sync 1 DAGs
[2025-12-06T09:16:10.148+0000] {logging_mixin.py:188} INFO - [2025-12-06T09:16:10.147+0000] {dag.py:3823} INFO - Setting next_dagrun for example_dag_decorator to None, run_after=None
[2025-12-06T09:16:10.331+0000] {processor.py:183} INFO - Processing /home/airflow/.local/lib/python3.8/site-packages/airflow/example_dags/example_dag_decorator.py took 0.346 seconds
[2025-12-06T09:16:41.322+0000] {processor.py:161} INFO - Started process (PID=2488) to work on /home/airflow/.local/lib/python3.8/site-packages/airflow/example_dags/example_dag_decorator.py
[2025-12-06T09:16:41.323+0000] {processor.py:830} INFO - Processing file /home/airflow/.local/lib/python3.8/site-packages/airflow/example_dags/example_dag_decorator.py for tasks to queue
[2025-12-06T09:16:41.326+0000] {logging_mixin.py:188} INFO - [2025-12-06T09:16:41.325+0000] {dagbag.py:538} INFO - Filling up the DagBag from /home/airflow/.local/lib/python3.8/site-packages/airflow/example_dags/example_dag_decorator.py
[2025-12-06T09:16:41.431+0000] {processor.py:840} INFO - DAG(s) 'example_dag_decorator' retrieved from /home/airflow/.local/lib/python3.8/site-packages/airflow/example_dags/example_dag_decorator.py
[2025-12-06T09:16:41.720+0000] {logging_mixin.py:188} INFO - [2025-12-06T09:16:41.719+0000] {dag.py:3036} INFO - Sync 1 DAGs
[2025-12-06T09:16:41.733+0000] {logging_mixin.py:188} INFO - [2025-12-06T09:16:41.732+0000] {dag.py:3823} INFO - Setting next_dagrun for example_dag_decorator to None, run_after=None
[2025-12-06T09:16:41.761+0000] {processor.py:183} INFO - Processing /home/airflow/.local/lib/python3.8/site-packages/airflow/example_dags/example_dag_decorator.py took 0.445 seconds
[2025-12-06T09:17:12.655+0000] {processor.py:161} INFO - Started process (PID=2547) to work on /home/airflow/.local/lib/python3.8/site-packages/airflow/example_dags/example_dag_decorator.py
[2025-12-06T09:17:12.657+0000] {processor.py:830} INFO - Processing file /home/airflow/.local/lib/python3.8/site-packages/airflow/example_dags/example_dag_decorator.py for tasks to queue
[2025-12-06T09:17:12.659+0000] {logging_mixin.py:188} INFO - [2025-12-06T09:17:12.659+0000] {dagbag.py:538} INFO - Filling up the DagBag from /home/airflow/.local/lib/python3.8/site-packages/airflow/example_dags/example_dag_decorator.py
[2025-12-06T09:17:12.968+0000] {processor.py:840} INFO - DAG(s) 'example_dag_decorator' retrieved from /home/airflow/.local/lib/python3.8/site-packages/airflow/example_dags/example_dag_decorator.py
[2025-12-06T09:17:13.095+0000] {logging_mixin.py:188} INFO - [2025-12-06T09:17:13.095+0000] {dag.py:3036} INFO - Sync 1 DAGs
[2025-12-06T09:17:13.107+0000] {logging_mixin.py:188} INFO - [2025-12-06T09:17:13.107+0000] {dag.py:3823} INFO - Setting next_dagrun for example_dag_decorator to None, run_after=None
[2025-12-06T09:17:13.136+0000] {processor.py:183} INFO - Processing /home/airflow/.local/lib/python3.8/site-packages/airflow/example_dags/example_dag_decorator.py took 0.485 seconds
[2025-12-06T09:17:44.072+0000] {processor.py:161} INFO - Started process (PID=2606) to work on /home/airflow/.local/lib/python3.8/site-packages/airflow/example_dags/example_dag_decorator.py
[2025-12-06T09:17:44.074+0000] {processor.py:830} INFO - Processing file /home/airflow/.local/lib/python3.8/site-packages/airflow/example_dags/example_dag_decorator.py for tasks to queue
[2025-12-06T09:17:44.077+0000] {logging_mixin.py:188} INFO - [2025-12-06T09:17:44.077+0000] {dagbag.py:538} INFO - Filling up the DagBag from /home/airflow/.local/lib/python3.8/site-packages/airflow/example_dags/example_dag_decorator.py
[2025-12-06T09:17:44.346+0000] {processor.py:840} INFO - DAG(s) 'example_dag_decorator' retrieved from /home/airflow/.local/lib/python3.8/site-packages/airflow/example_dags/example_dag_decorator.py
[2025-12-06T09:17:44.465+0000] {logging_mixin.py:188} INFO - [2025-12-06T09:17:44.465+0000] {dag.py:3036} INFO - Sync 1 DAGs
[2025-12-06T09:17:44.477+0000] {logging_mixin.py:188} INFO - [2025-12-06T09:17:44.477+0000] {dag.py:3823} INFO - Setting next_dagrun for example_dag_decorator to None, run_after=None
[2025-12-06T09:17:44.507+0000] {processor.py:183} INFO - Processing /home/airflow/.local/lib/python3.8/site-packages/airflow/example_dags/example_dag_decorator.py took 0.443 seconds
[2025-12-06T09:18:14.622+0000] {processor.py:161} INFO - Started process (PID=2665) to work on /home/airflow/.local/lib/python3.8/site-packages/airflow/example_dags/example_dag_decorator.py
[2025-12-06T09:18:14.623+0000] {processor.py:830} INFO - Processing file /home/airflow/.local/lib/python3.8/site-packages/airflow/example_dags/example_dag_decorator.py for tasks to queue
[2025-12-06T09:18:14.626+0000] {logging_mixin.py:188} INFO - [2025-12-06T09:18:14.625+0000] {dagbag.py:538} INFO - Filling up the DagBag from /home/airflow/.local/lib/python3.8/site-packages/airflow/example_dags/example_dag_decorator.py
[2025-12-06T09:18:14.731+0000] {processor.py:840} INFO - DAG(s) 'example_dag_decorator' retrieved from /home/airflow/.local/lib/python3.8/site-packages/airflow/example_dags/example_dag_decorator.py
[2025-12-06T09:18:15.033+0000] {logging_mixin.py:188} INFO - [2025-12-06T09:18:15.033+0000] {dag.py:3036} INFO - Sync 1 DAGs
[2025-12-06T09:18:15.045+0000] {logging_mixin.py:188} INFO - [2025-12-06T09:18:15.045+0000] {dag.py:3823} INFO - Setting next_dagrun for example_dag_decorator to None, run_after=None
[2025-12-06T09:18:15.076+0000] {processor.py:183} INFO - Processing /home/airflow/.local/lib/python3.8/site-packages/airflow/example_dags/example_dag_decorator.py took 0.458 seconds
[2025-12-06T09:18:45.268+0000] {processor.py:161} INFO - Started process (PID=2724) to work on /home/airflow/.local/lib/python3.8/site-packages/airflow/example_dags/example_dag_decorator.py
[2025-12-06T09:18:45.270+0000] {processor.py:830} INFO - Processing file /home/airflow/.local/lib/python3.8/site-packages/airflow/example_dags/example_dag_decorator.py for tasks to queue
[2025-12-06T09:18:45.273+0000] {logging_mixin.py:188} INFO - [2025-12-06T09:18:45.272+0000] {dagbag.py:538} INFO - Filling up the DagBag from /home/airflow/.local/lib/python3.8/site-packages/airflow/example_dags/example_dag_decorator.py
[2025-12-06T09:18:45.397+0000] {processor.py:840} INFO - DAG(s) 'example_dag_decorator' retrieved from /home/airflow/.local/lib/python3.8/site-packages/airflow/example_dags/example_dag_decorator.py
[2025-12-06T09:18:45.696+0000] {logging_mixin.py:188} INFO - [2025-12-06T09:18:45.695+0000] {dag.py:3036} INFO - Sync 1 DAGs
[2025-12-06T09:18:45.708+0000] {logging_mixin.py:188} INFO - [2025-12-06T09:18:45.707+0000] {dag.py:3823} INFO - Setting next_dagrun for example_dag_decorator to None, run_after=None
[2025-12-06T09:18:45.737+0000] {processor.py:183} INFO - Processing /home/airflow/.local/lib/python3.8/site-packages/airflow/example_dags/example_dag_decorator.py took 0.475 seconds
[2025-12-06T09:19:16.313+0000] {processor.py:161} INFO - Started process (PID=2783) to work on /home/airflow/.local/lib/python3.8/site-packages/airflow/example_dags/example_dag_decorator.py
[2025-12-06T09:19:16.315+0000] {processor.py:830} INFO - Processing file /home/airflow/.local/lib/python3.8/site-packages/airflow/example_dags/example_dag_decorator.py for tasks to queue
[2025-12-06T09:19:16.318+0000] {logging_mixin.py:188} INFO - [2025-12-06T09:19:16.317+0000] {dagbag.py:538} INFO - Filling up the DagBag from /home/airflow/.local/lib/python3.8/site-packages/airflow/example_dags/example_dag_decorator.py
[2025-12-06T09:19:16.578+0000] {processor.py:840} INFO - DAG(s) 'example_dag_decorator' retrieved from /home/airflow/.local/lib/python3.8/site-packages/airflow/example_dags/example_dag_decorator.py
[2025-12-06T09:19:16.703+0000] {logging_mixin.py:188} INFO - [2025-12-06T09:19:16.703+0000] {dag.py:3036} INFO - Sync 1 DAGs
[2025-12-06T09:19:16.716+0000] {logging_mixin.py:188} INFO - [2025-12-06T09:19:16.716+0000] {dag.py:3823} INFO - Setting next_dagrun for example_dag_decorator to None, run_after=None
[2025-12-06T09:19:16.748+0000] {processor.py:183} INFO - Processing /home/airflow/.local/lib/python3.8/site-packages/airflow/example_dags/example_dag_decorator.py took 0.440 seconds
[2025-12-06T09:19:47.617+0000] {processor.py:161} INFO - Started process (PID=2842) to work on /home/airflow/.local/lib/python3.8/site-packages/airflow/example_dags/example_dag_decorator.py
[2025-12-06T09:19:47.618+0000] {processor.py:830} INFO - Processing file /home/airflow/.local/lib/python3.8/site-packages/airflow/example_dags/example_dag_decorator.py for tasks to queue
[2025-12-06T09:19:47.621+0000] {logging_mixin.py:188} INFO - [2025-12-06T09:19:47.620+0000] {dagbag.py:538} INFO - Filling up the DagBag from /home/airflow/.local/lib/python3.8/site-packages/airflow/example_dags/example_dag_decorator.py
[2025-12-06T09:19:47.875+0000] {processor.py:840} INFO - DAG(s) 'example_dag_decorator' retrieved from /home/airflow/.local/lib/python3.8/site-packages/airflow/example_dags/example_dag_decorator.py
[2025-12-06T09:19:48.000+0000] {logging_mixin.py:188} INFO - [2025-12-06T09:19:48.000+0000] {dag.py:3036} INFO - Sync 1 DAGs
[2025-12-06T09:19:48.013+0000] {logging_mixin.py:188} INFO - [2025-12-06T09:19:48.013+0000] {dag.py:3823} INFO - Setting next_dagrun for example_dag_decorator to None, run_after=None
[2025-12-06T09:19:48.043+0000] {processor.py:183} INFO - Processing /home/airflow/.local/lib/python3.8/site-packages/airflow/example_dags/example_dag_decorator.py took 0.431 seconds
[2025-12-06T09:20:18.667+0000] {processor.py:161} INFO - Started process (PID=2901) to work on /home/airflow/.local/lib/python3.8/site-packages/airflow/example_dags/example_dag_decorator.py
[2025-12-06T09:20:18.669+0000] {processor.py:830} INFO - Processing file /home/airflow/.local/lib/python3.8/site-packages/airflow/example_dags/example_dag_decorator.py for tasks to queue
[2025-12-06T09:20:18.672+0000] {logging_mixin.py:188} INFO - [2025-12-06T09:20:18.671+0000] {dagbag.py:538} INFO - Filling up the DagBag from /home/airflow/.local/lib/python3.8/site-packages/airflow/example_dags/example_dag_decorator.py
[2025-12-06T09:20:18.935+0000] {processor.py:840} INFO - DAG(s) 'example_dag_decorator' retrieved from /home/airflow/.local/lib/python3.8/site-packages/airflow/example_dags/example_dag_decorator.py
[2025-12-06T09:20:19.072+0000] {logging_mixin.py:188} INFO - [2025-12-06T09:20:19.072+0000] {dag.py:3036} INFO - Sync 1 DAGs
[2025-12-06T09:20:19.086+0000] {logging_mixin.py:188} INFO - [2025-12-06T09:20:19.086+0000] {dag.py:3823} INFO - Setting next_dagrun for example_dag_decorator to None, run_after=None
[2025-12-06T09:20:19.118+0000] {processor.py:183} INFO - Processing /home/airflow/.local/lib/python3.8/site-packages/airflow/example_dags/example_dag_decorator.py took 0.454 seconds
[2025-12-06T09:20:49.876+0000] {processor.py:161} INFO - Started process (PID=2960) to work on /home/airflow/.local/lib/python3.8/site-packages/airflow/example_dags/example_dag_decorator.py
[2025-12-06T09:20:49.877+0000] {processor.py:830} INFO - Processing file /home/airflow/.local/lib/python3.8/site-packages/airflow/example_dags/example_dag_decorator.py for tasks to queue
[2025-12-06T09:20:49.880+0000] {logging_mixin.py:188} INFO - [2025-12-06T09:20:49.880+0000] {dagbag.py:538} INFO - Filling up the DagBag from /home/airflow/.local/lib/python3.8/site-packages/airflow/example_dags/example_dag_decorator.py
[2025-12-06T09:20:50.159+0000] {processor.py:840} INFO - DAG(s) 'example_dag_decorator' retrieved from /home/airflow/.local/lib/python3.8/site-packages/airflow/example_dags/example_dag_decorator.py
[2025-12-06T09:20:50.280+0000] {logging_mixin.py:188} INFO - [2025-12-06T09:20:50.280+0000] {dag.py:3036} INFO - Sync 1 DAGs
[2025-12-06T09:20:50.294+0000] {logging_mixin.py:188} INFO - [2025-12-06T09:20:50.293+0000] {dag.py:3823} INFO - Setting next_dagrun for example_dag_decorator to None, run_after=None
[2025-12-06T09:20:50.322+0000] {processor.py:183} INFO - Processing /home/airflow/.local/lib/python3.8/site-packages/airflow/example_dags/example_dag_decorator.py took 0.450 seconds
[2025-12-06T09:21:21.078+0000] {processor.py:161} INFO - Started process (PID=3019) to work on /home/airflow/.local/lib/python3.8/site-packages/airflow/example_dags/example_dag_decorator.py
[2025-12-06T09:21:21.080+0000] {processor.py:830} INFO - Processing file /home/airflow/.local/lib/python3.8/site-packages/airflow/example_dags/example_dag_decorator.py for tasks to queue
[2025-12-06T09:21:21.085+0000] {logging_mixin.py:188} INFO - [2025-12-06T09:21:21.084+0000] {dagbag.py:538} INFO - Filling up the DagBag from /home/airflow/.local/lib/python3.8/site-packages/airflow/example_dags/example_dag_decorator.py
[2025-12-06T09:21:21.362+0000] {processor.py:840} INFO - DAG(s) 'example_dag_decorator' retrieved from /home/airflow/.local/lib/python3.8/site-packages/airflow/example_dags/example_dag_decorator.py
[2025-12-06T09:21:21.483+0000] {logging_mixin.py:188} INFO - [2025-12-06T09:21:21.483+0000] {dag.py:3036} INFO - Sync 1 DAGs
[2025-12-06T09:21:21.496+0000] {logging_mixin.py:188} INFO - [2025-12-06T09:21:21.496+0000] {dag.py:3823} INFO - Setting next_dagrun for example_dag_decorator to None, run_after=None
[2025-12-06T09:21:21.525+0000] {processor.py:183} INFO - Processing /home/airflow/.local/lib/python3.8/site-packages/airflow/example_dags/example_dag_decorator.py took 0.451 seconds
[2025-12-06T09:21:51.642+0000] {processor.py:161} INFO - Started process (PID=3078) to work on /home/airflow/.local/lib/python3.8/site-packages/airflow/example_dags/example_dag_decorator.py
[2025-12-06T09:21:51.644+0000] {processor.py:830} INFO - Processing file /home/airflow/.local/lib/python3.8/site-packages/airflow/example_dags/example_dag_decorator.py for tasks to queue
[2025-12-06T09:21:51.648+0000] {logging_mixin.py:188} INFO - [2025-12-06T09:21:51.647+0000] {dagbag.py:538} INFO - Filling up the DagBag from /home/airflow/.local/lib/python3.8/site-packages/airflow/example_dags/example_dag_decorator.py
[2025-12-06T09:21:51.766+0000] {processor.py:840} INFO - DAG(s) 'example_dag_decorator' retrieved from /home/airflow/.local/lib/python3.8/site-packages/airflow/example_dags/example_dag_decorator.py
[2025-12-06T09:21:51.916+0000] {logging_mixin.py:188} INFO - [2025-12-06T09:21:51.916+0000] {dag.py:3036} INFO - Sync 1 DAGs
[2025-12-06T09:21:51.931+0000] {logging_mixin.py:188} INFO - [2025-12-06T09:21:51.930+0000] {dag.py:3823} INFO - Setting next_dagrun for example_dag_decorator to None, run_after=None
[2025-12-06T09:21:51.966+0000] {processor.py:183} INFO - Processing /home/airflow/.local/lib/python3.8/site-packages/airflow/example_dags/example_dag_decorator.py took 0.330 seconds
[2025-12-06T09:22:22.942+0000] {processor.py:161} INFO - Started process (PID=3136) to work on /home/airflow/.local/lib/python3.8/site-packages/airflow/example_dags/example_dag_decorator.py
[2025-12-06T09:22:22.943+0000] {processor.py:830} INFO - Processing file /home/airflow/.local/lib/python3.8/site-packages/airflow/example_dags/example_dag_decorator.py for tasks to queue
[2025-12-06T09:22:22.947+0000] {logging_mixin.py:188} INFO - [2025-12-06T09:22:22.946+0000] {dagbag.py:538} INFO - Filling up the DagBag from /home/airflow/.local/lib/python3.8/site-packages/airflow/example_dags/example_dag_decorator.py
[2025-12-06T09:22:23.053+0000] {processor.py:840} INFO - DAG(s) 'example_dag_decorator' retrieved from /home/airflow/.local/lib/python3.8/site-packages/airflow/example_dags/example_dag_decorator.py
[2025-12-06T09:22:23.181+0000] {logging_mixin.py:188} INFO - [2025-12-06T09:22:23.181+0000] {dag.py:3036} INFO - Sync 1 DAGs
[2025-12-06T09:22:23.195+0000] {logging_mixin.py:188} INFO - [2025-12-06T09:22:23.194+0000] {dag.py:3823} INFO - Setting next_dagrun for example_dag_decorator to None, run_after=None
[2025-12-06T09:22:23.225+0000] {processor.py:183} INFO - Processing /home/airflow/.local/lib/python3.8/site-packages/airflow/example_dags/example_dag_decorator.py took 0.288 seconds
[2025-12-06T09:22:54.128+0000] {processor.py:161} INFO - Started process (PID=3195) to work on /home/airflow/.local/lib/python3.8/site-packages/airflow/example_dags/example_dag_decorator.py
[2025-12-06T09:22:54.130+0000] {processor.py:830} INFO - Processing file /home/airflow/.local/lib/python3.8/site-packages/airflow/example_dags/example_dag_decorator.py for tasks to queue
[2025-12-06T09:22:54.134+0000] {logging_mixin.py:188} INFO - [2025-12-06T09:22:54.134+0000] {dagbag.py:538} INFO - Filling up the DagBag from /home/airflow/.local/lib/python3.8/site-packages/airflow/example_dags/example_dag_decorator.py
[2025-12-06T09:22:54.239+0000] {processor.py:840} INFO - DAG(s) 'example_dag_decorator' retrieved from /home/airflow/.local/lib/python3.8/site-packages/airflow/example_dags/example_dag_decorator.py
[2025-12-06T09:22:54.272+0000] {logging_mixin.py:188} INFO - [2025-12-06T09:22:54.272+0000] {dag.py:3036} INFO - Sync 1 DAGs
[2025-12-06T09:22:54.289+0000] {logging_mixin.py:188} INFO - [2025-12-06T09:22:54.288+0000] {dag.py:3823} INFO - Setting next_dagrun for example_dag_decorator to None, run_after=None
[2025-12-06T09:22:54.318+0000] {processor.py:183} INFO - Processing /home/airflow/.local/lib/python3.8/site-packages/airflow/example_dags/example_dag_decorator.py took 0.194 seconds
[2025-12-06T09:23:24.619+0000] {processor.py:161} INFO - Started process (PID=3254) to work on /home/airflow/.local/lib/python3.8/site-packages/airflow/example_dags/example_dag_decorator.py
[2025-12-06T09:23:24.620+0000] {processor.py:830} INFO - Processing file /home/airflow/.local/lib/python3.8/site-packages/airflow/example_dags/example_dag_decorator.py for tasks to queue
[2025-12-06T09:23:24.624+0000] {logging_mixin.py:188} INFO - [2025-12-06T09:23:24.623+0000] {dagbag.py:538} INFO - Filling up the DagBag from /home/airflow/.local/lib/python3.8/site-packages/airflow/example_dags/example_dag_decorator.py
[2025-12-06T09:23:24.732+0000] {processor.py:840} INFO - DAG(s) 'example_dag_decorator' retrieved from /home/airflow/.local/lib/python3.8/site-packages/airflow/example_dags/example_dag_decorator.py
[2025-12-06T09:23:24.765+0000] {logging_mixin.py:188} INFO - [2025-12-06T09:23:24.764+0000] {dag.py:3036} INFO - Sync 1 DAGs
[2025-12-06T09:23:24.783+0000] {logging_mixin.py:188} INFO - [2025-12-06T09:23:24.782+0000] {dag.py:3823} INFO - Setting next_dagrun for example_dag_decorator to None, run_after=None
[2025-12-06T09:23:24.812+0000] {processor.py:183} INFO - Processing /home/airflow/.local/lib/python3.8/site-packages/airflow/example_dags/example_dag_decorator.py took 0.198 seconds
[2025-12-06T09:23:54.909+0000] {processor.py:161} INFO - Started process (PID=3313) to work on /home/airflow/.local/lib/python3.8/site-packages/airflow/example_dags/example_dag_decorator.py
[2025-12-06T09:23:54.911+0000] {processor.py:830} INFO - Processing file /home/airflow/.local/lib/python3.8/site-packages/airflow/example_dags/example_dag_decorator.py for tasks to queue
[2025-12-06T09:23:54.915+0000] {logging_mixin.py:188} INFO - [2025-12-06T09:23:54.915+0000] {dagbag.py:538} INFO - Filling up the DagBag from /home/airflow/.local/lib/python3.8/site-packages/airflow/example_dags/example_dag_decorator.py
[2025-12-06T09:23:55.040+0000] {processor.py:840} INFO - DAG(s) 'example_dag_decorator' retrieved from /home/airflow/.local/lib/python3.8/site-packages/airflow/example_dags/example_dag_decorator.py
[2025-12-06T09:23:55.078+0000] {logging_mixin.py:188} INFO - [2025-12-06T09:23:55.077+0000] {dag.py:3036} INFO - Sync 1 DAGs
[2025-12-06T09:23:55.096+0000] {logging_mixin.py:188} INFO - [2025-12-06T09:23:55.096+0000] {dag.py:3823} INFO - Setting next_dagrun for example_dag_decorator to None, run_after=None
[2025-12-06T09:23:55.126+0000] {processor.py:183} INFO - Processing /home/airflow/.local/lib/python3.8/site-packages/airflow/example_dags/example_dag_decorator.py took 0.221 seconds
[2025-12-06T09:24:25.752+0000] {processor.py:161} INFO - Started process (PID=3372) to work on /home/airflow/.local/lib/python3.8/site-packages/airflow/example_dags/example_dag_decorator.py
[2025-12-06T09:24:25.753+0000] {processor.py:830} INFO - Processing file /home/airflow/.local/lib/python3.8/site-packages/airflow/example_dags/example_dag_decorator.py for tasks to queue
[2025-12-06T09:24:25.756+0000] {logging_mixin.py:188} INFO - [2025-12-06T09:24:25.756+0000] {dagbag.py:538} INFO - Filling up the DagBag from /home/airflow/.local/lib/python3.8/site-packages/airflow/example_dags/example_dag_decorator.py
[2025-12-06T09:24:25.870+0000] {processor.py:840} INFO - DAG(s) 'example_dag_decorator' retrieved from /home/airflow/.local/lib/python3.8/site-packages/airflow/example_dags/example_dag_decorator.py
[2025-12-06T09:24:25.907+0000] {logging_mixin.py:188} INFO - [2025-12-06T09:24:25.907+0000] {dag.py:3036} INFO - Sync 1 DAGs
[2025-12-06T09:24:25.924+0000] {logging_mixin.py:188} INFO - [2025-12-06T09:24:25.923+0000] {dag.py:3823} INFO - Setting next_dagrun for example_dag_decorator to None, run_after=None
[2025-12-06T09:24:25.957+0000] {processor.py:183} INFO - Processing /home/airflow/.local/lib/python3.8/site-packages/airflow/example_dags/example_dag_decorator.py took 0.211 seconds
[2025-12-06T09:24:56.477+0000] {processor.py:161} INFO - Started process (PID=3431) to work on /home/airflow/.local/lib/python3.8/site-packages/airflow/example_dags/example_dag_decorator.py
[2025-12-06T09:24:56.478+0000] {processor.py:830} INFO - Processing file /home/airflow/.local/lib/python3.8/site-packages/airflow/example_dags/example_dag_decorator.py for tasks to queue
[2025-12-06T09:24:56.481+0000] {logging_mixin.py:188} INFO - [2025-12-06T09:24:56.481+0000] {dagbag.py:538} INFO - Filling up the DagBag from /home/airflow/.local/lib/python3.8/site-packages/airflow/example_dags/example_dag_decorator.py
[2025-12-06T09:24:56.600+0000] {processor.py:840} INFO - DAG(s) 'example_dag_decorator' retrieved from /home/airflow/.local/lib/python3.8/site-packages/airflow/example_dags/example_dag_decorator.py
[2025-12-06T09:24:56.636+0000] {logging_mixin.py:188} INFO - [2025-12-06T09:24:56.636+0000] {dag.py:3036} INFO - Sync 1 DAGs
[2025-12-06T09:24:56.652+0000] {logging_mixin.py:188} INFO - [2025-12-06T09:24:56.651+0000] {dag.py:3823} INFO - Setting next_dagrun for example_dag_decorator to None, run_after=None
[2025-12-06T09:24:56.681+0000] {processor.py:183} INFO - Processing /home/airflow/.local/lib/python3.8/site-packages/airflow/example_dags/example_dag_decorator.py took 0.210 seconds
[2025-12-06T09:25:26.913+0000] {processor.py:161} INFO - Started process (PID=3490) to work on /home/airflow/.local/lib/python3.8/site-packages/airflow/example_dags/example_dag_decorator.py
[2025-12-06T09:25:26.915+0000] {processor.py:830} INFO - Processing file /home/airflow/.local/lib/python3.8/site-packages/airflow/example_dags/example_dag_decorator.py for tasks to queue
[2025-12-06T09:25:26.919+0000] {logging_mixin.py:188} INFO - [2025-12-06T09:25:26.918+0000] {dagbag.py:538} INFO - Filling up the DagBag from /home/airflow/.local/lib/python3.8/site-packages/airflow/example_dags/example_dag_decorator.py
[2025-12-06T09:25:27.030+0000] {processor.py:840} INFO - DAG(s) 'example_dag_decorator' retrieved from /home/airflow/.local/lib/python3.8/site-packages/airflow/example_dags/example_dag_decorator.py
[2025-12-06T09:25:27.067+0000] {logging_mixin.py:188} INFO - [2025-12-06T09:25:27.066+0000] {dag.py:3036} INFO - Sync 1 DAGs
[2025-12-06T09:25:27.084+0000] {logging_mixin.py:188} INFO - [2025-12-06T09:25:27.084+0000] {dag.py:3823} INFO - Setting next_dagrun for example_dag_decorator to None, run_after=None
[2025-12-06T09:25:27.114+0000] {processor.py:183} INFO - Processing /home/airflow/.local/lib/python3.8/site-packages/airflow/example_dags/example_dag_decorator.py took 0.206 seconds
[2025-12-06T09:25:57.417+0000] {processor.py:161} INFO - Started process (PID=3549) to work on /home/airflow/.local/lib/python3.8/site-packages/airflow/example_dags/example_dag_decorator.py
[2025-12-06T09:25:57.418+0000] {processor.py:830} INFO - Processing file /home/airflow/.local/lib/python3.8/site-packages/airflow/example_dags/example_dag_decorator.py for tasks to queue
[2025-12-06T09:25:57.421+0000] {logging_mixin.py:188} INFO - [2025-12-06T09:25:57.421+0000] {dagbag.py:538} INFO - Filling up the DagBag from /home/airflow/.local/lib/python3.8/site-packages/airflow/example_dags/example_dag_decorator.py
[2025-12-06T09:25:57.527+0000] {processor.py:840} INFO - DAG(s) 'example_dag_decorator' retrieved from /home/airflow/.local/lib/python3.8/site-packages/airflow/example_dags/example_dag_decorator.py
[2025-12-06T09:25:57.563+0000] {logging_mixin.py:188} INFO - [2025-12-06T09:25:57.562+0000] {dag.py:3036} INFO - Sync 1 DAGs
[2025-12-06T09:25:57.581+0000] {logging_mixin.py:188} INFO - [2025-12-06T09:25:57.581+0000] {dag.py:3823} INFO - Setting next_dagrun for example_dag_decorator to None, run_after=None
[2025-12-06T09:25:57.612+0000] {processor.py:183} INFO - Processing /home/airflow/.local/lib/python3.8/site-packages/airflow/example_dags/example_dag_decorator.py took 0.201 seconds
[2025-12-06T09:26:28.100+0000] {processor.py:161} INFO - Started process (PID=3608) to work on /home/airflow/.local/lib/python3.8/site-packages/airflow/example_dags/example_dag_decorator.py
[2025-12-06T09:26:28.101+0000] {processor.py:830} INFO - Processing file /home/airflow/.local/lib/python3.8/site-packages/airflow/example_dags/example_dag_decorator.py for tasks to queue
[2025-12-06T09:26:28.105+0000] {logging_mixin.py:188} INFO - [2025-12-06T09:26:28.104+0000] {dagbag.py:538} INFO - Filling up the DagBag from /home/airflow/.local/lib/python3.8/site-packages/airflow/example_dags/example_dag_decorator.py
[2025-12-06T09:26:28.213+0000] {processor.py:840} INFO - DAG(s) 'example_dag_decorator' retrieved from /home/airflow/.local/lib/python3.8/site-packages/airflow/example_dags/example_dag_decorator.py
[2025-12-06T09:26:28.347+0000] {logging_mixin.py:188} INFO - [2025-12-06T09:26:28.346+0000] {dag.py:3036} INFO - Sync 1 DAGs
[2025-12-06T09:26:28.361+0000] {logging_mixin.py:188} INFO - [2025-12-06T09:26:28.361+0000] {dag.py:3823} INFO - Setting next_dagrun for example_dag_decorator to None, run_after=None
[2025-12-06T09:26:28.392+0000] {processor.py:183} INFO - Processing /home/airflow/.local/lib/python3.8/site-packages/airflow/example_dags/example_dag_decorator.py took 0.297 seconds
[2025-12-06T09:26:58.994+0000] {processor.py:161} INFO - Started process (PID=3667) to work on /home/airflow/.local/lib/python3.8/site-packages/airflow/example_dags/example_dag_decorator.py
[2025-12-06T09:26:58.996+0000] {processor.py:830} INFO - Processing file /home/airflow/.local/lib/python3.8/site-packages/airflow/example_dags/example_dag_decorator.py for tasks to queue
[2025-12-06T09:26:59.001+0000] {logging_mixin.py:188} INFO - [2025-12-06T09:26:59.000+0000] {dagbag.py:538} INFO - Filling up the DagBag from /home/airflow/.local/lib/python3.8/site-packages/airflow/example_dags/example_dag_decorator.py
[2025-12-06T09:26:59.113+0000] {processor.py:840} INFO - DAG(s) 'example_dag_decorator' retrieved from /home/airflow/.local/lib/python3.8/site-packages/airflow/example_dags/example_dag_decorator.py
[2025-12-06T09:26:59.249+0000] {logging_mixin.py:188} INFO - [2025-12-06T09:26:59.249+0000] {dag.py:3036} INFO - Sync 1 DAGs
[2025-12-06T09:26:59.263+0000] {logging_mixin.py:188} INFO - [2025-12-06T09:26:59.262+0000] {dag.py:3823} INFO - Setting next_dagrun for example_dag_decorator to None, run_after=None
[2025-12-06T09:26:59.297+0000] {processor.py:183} INFO - Processing /home/airflow/.local/lib/python3.8/site-packages/airflow/example_dags/example_dag_decorator.py took 0.308 seconds
[2025-12-06T09:27:29.637+0000] {processor.py:161} INFO - Started process (PID=3726) to work on /home/airflow/.local/lib/python3.8/site-packages/airflow/example_dags/example_dag_decorator.py
[2025-12-06T09:27:29.638+0000] {processor.py:830} INFO - Processing file /home/airflow/.local/lib/python3.8/site-packages/airflow/example_dags/example_dag_decorator.py for tasks to queue
[2025-12-06T09:27:29.642+0000] {logging_mixin.py:188} INFO - [2025-12-06T09:27:29.641+0000] {dagbag.py:538} INFO - Filling up the DagBag from /home/airflow/.local/lib/python3.8/site-packages/airflow/example_dags/example_dag_decorator.py
[2025-12-06T09:27:29.758+0000] {processor.py:840} INFO - DAG(s) 'example_dag_decorator' retrieved from /home/airflow/.local/lib/python3.8/site-packages/airflow/example_dags/example_dag_decorator.py
[2025-12-06T09:27:29.899+0000] {logging_mixin.py:188} INFO - [2025-12-06T09:27:29.899+0000] {dag.py:3036} INFO - Sync 1 DAGs
[2025-12-06T09:27:29.914+0000] {logging_mixin.py:188} INFO - [2025-12-06T09:27:29.913+0000] {dag.py:3823} INFO - Setting next_dagrun for example_dag_decorator to None, run_after=None
[2025-12-06T09:27:29.945+0000] {processor.py:183} INFO - Processing /home/airflow/.local/lib/python3.8/site-packages/airflow/example_dags/example_dag_decorator.py took 0.313 seconds
[2025-12-06T09:28:00.485+0000] {processor.py:161} INFO - Started process (PID=3785) to work on /home/airflow/.local/lib/python3.8/site-packages/airflow/example_dags/example_dag_decorator.py
[2025-12-06T09:28:00.487+0000] {processor.py:830} INFO - Processing file /home/airflow/.local/lib/python3.8/site-packages/airflow/example_dags/example_dag_decorator.py for tasks to queue
[2025-12-06T09:28:00.489+0000] {logging_mixin.py:188} INFO - [2025-12-06T09:28:00.489+0000] {dagbag.py:538} INFO - Filling up the DagBag from /home/airflow/.local/lib/python3.8/site-packages/airflow/example_dags/example_dag_decorator.py
[2025-12-06T09:28:00.596+0000] {processor.py:840} INFO - DAG(s) 'example_dag_decorator' retrieved from /home/airflow/.local/lib/python3.8/site-packages/airflow/example_dags/example_dag_decorator.py
[2025-12-06T09:28:00.730+0000] {logging_mixin.py:188} INFO - [2025-12-06T09:28:00.729+0000] {dag.py:3036} INFO - Sync 1 DAGs
[2025-12-06T09:28:00.746+0000] {logging_mixin.py:188} INFO - [2025-12-06T09:28:00.745+0000] {dag.py:3823} INFO - Setting next_dagrun for example_dag_decorator to None, run_after=None
[2025-12-06T09:28:00.776+0000] {processor.py:183} INFO - Processing /home/airflow/.local/lib/python3.8/site-packages/airflow/example_dags/example_dag_decorator.py took 0.297 seconds
[2025-12-06T09:28:30.972+0000] {processor.py:161} INFO - Started process (PID=3844) to work on /home/airflow/.local/lib/python3.8/site-packages/airflow/example_dags/example_dag_decorator.py
[2025-12-06T09:28:30.974+0000] {processor.py:830} INFO - Processing file /home/airflow/.local/lib/python3.8/site-packages/airflow/example_dags/example_dag_decorator.py for tasks to queue
[2025-12-06T09:28:30.977+0000] {logging_mixin.py:188} INFO - [2025-12-06T09:28:30.977+0000] {dagbag.py:538} INFO - Filling up the DagBag from /home/airflow/.local/lib/python3.8/site-packages/airflow/example_dags/example_dag_decorator.py
[2025-12-06T09:28:31.094+0000] {processor.py:840} INFO - DAG(s) 'example_dag_decorator' retrieved from /home/airflow/.local/lib/python3.8/site-packages/airflow/example_dags/example_dag_decorator.py
[2025-12-06T09:28:31.229+0000] {logging_mixin.py:188} INFO - [2025-12-06T09:28:31.229+0000] {dag.py:3036} INFO - Sync 1 DAGs
[2025-12-06T09:28:31.242+0000] {logging_mixin.py:188} INFO - [2025-12-06T09:28:31.242+0000] {dag.py:3823} INFO - Setting next_dagrun for example_dag_decorator to None, run_after=None
[2025-12-06T09:28:31.274+0000] {processor.py:183} INFO - Processing /home/airflow/.local/lib/python3.8/site-packages/airflow/example_dags/example_dag_decorator.py took 0.308 seconds
[2025-12-06T09:29:01.557+0000] {processor.py:161} INFO - Started process (PID=3903) to work on /home/airflow/.local/lib/python3.8/site-packages/airflow/example_dags/example_dag_decorator.py
[2025-12-06T09:29:01.558+0000] {processor.py:830} INFO - Processing file /home/airflow/.local/lib/python3.8/site-packages/airflow/example_dags/example_dag_decorator.py for tasks to queue
[2025-12-06T09:29:01.561+0000] {logging_mixin.py:188} INFO - [2025-12-06T09:29:01.560+0000] {dagbag.py:538} INFO - Filling up the DagBag from /home/airflow/.local/lib/python3.8/site-packages/airflow/example_dags/example_dag_decorator.py
[2025-12-06T09:29:01.672+0000] {processor.py:840} INFO - DAG(s) 'example_dag_decorator' retrieved from /home/airflow/.local/lib/python3.8/site-packages/airflow/example_dags/example_dag_decorator.py
[2025-12-06T09:29:01.808+0000] {logging_mixin.py:188} INFO - [2025-12-06T09:29:01.808+0000] {dag.py:3036} INFO - Sync 1 DAGs
[2025-12-06T09:29:01.821+0000] {logging_mixin.py:188} INFO - [2025-12-06T09:29:01.821+0000] {dag.py:3823} INFO - Setting next_dagrun for example_dag_decorator to None, run_after=None
[2025-12-06T09:29:01.852+0000] {processor.py:183} INFO - Processing /home/airflow/.local/lib/python3.8/site-packages/airflow/example_dags/example_dag_decorator.py took 0.301 seconds
[2025-12-06T09:29:32.521+0000] {processor.py:161} INFO - Started process (PID=3962) to work on /home/airflow/.local/lib/python3.8/site-packages/airflow/example_dags/example_dag_decorator.py
[2025-12-06T09:29:32.523+0000] {processor.py:830} INFO - Processing file /home/airflow/.local/lib/python3.8/site-packages/airflow/example_dags/example_dag_decorator.py for tasks to queue
[2025-12-06T09:29:32.526+0000] {logging_mixin.py:188} INFO - [2025-12-06T09:29:32.525+0000] {dagbag.py:538} INFO - Filling up the DagBag from /home/airflow/.local/lib/python3.8/site-packages/airflow/example_dags/example_dag_decorator.py
[2025-12-06T09:29:32.651+0000] {processor.py:840} INFO - DAG(s) 'example_dag_decorator' retrieved from /home/airflow/.local/lib/python3.8/site-packages/airflow/example_dags/example_dag_decorator.py
[2025-12-06T09:29:32.795+0000] {logging_mixin.py:188} INFO - [2025-12-06T09:29:32.795+0000] {dag.py:3036} INFO - Sync 1 DAGs
[2025-12-06T09:29:32.811+0000] {logging_mixin.py:188} INFO - [2025-12-06T09:29:32.811+0000] {dag.py:3823} INFO - Setting next_dagrun for example_dag_decorator to None, run_after=None
[2025-12-06T09:29:32.842+0000] {processor.py:183} INFO - Processing /home/airflow/.local/lib/python3.8/site-packages/airflow/example_dags/example_dag_decorator.py took 0.326 seconds
[2025-12-06T09:30:03.167+0000] {processor.py:161} INFO - Started process (PID=4023) to work on /home/airflow/.local/lib/python3.8/site-packages/airflow/example_dags/example_dag_decorator.py
[2025-12-06T09:30:03.168+0000] {processor.py:830} INFO - Processing file /home/airflow/.local/lib/python3.8/site-packages/airflow/example_dags/example_dag_decorator.py for tasks to queue
[2025-12-06T09:30:03.171+0000] {logging_mixin.py:188} INFO - [2025-12-06T09:30:03.171+0000] {dagbag.py:538} INFO - Filling up the DagBag from /home/airflow/.local/lib/python3.8/site-packages/airflow/example_dags/example_dag_decorator.py
[2025-12-06T09:30:03.309+0000] {processor.py:840} INFO - DAG(s) 'example_dag_decorator' retrieved from /home/airflow/.local/lib/python3.8/site-packages/airflow/example_dags/example_dag_decorator.py
[2025-12-06T09:30:03.450+0000] {logging_mixin.py:188} INFO - [2025-12-06T09:30:03.450+0000] {dag.py:3036} INFO - Sync 1 DAGs
[2025-12-06T09:30:03.464+0000] {logging_mixin.py:188} INFO - [2025-12-06T09:30:03.464+0000] {dag.py:3823} INFO - Setting next_dagrun for example_dag_decorator to None, run_after=None
[2025-12-06T09:30:03.497+0000] {processor.py:183} INFO - Processing /home/airflow/.local/lib/python3.8/site-packages/airflow/example_dags/example_dag_decorator.py took 0.335 seconds
[2025-12-06T09:30:34.404+0000] {processor.py:161} INFO - Started process (PID=4083) to work on /home/airflow/.local/lib/python3.8/site-packages/airflow/example_dags/example_dag_decorator.py
[2025-12-06T09:30:34.405+0000] {processor.py:830} INFO - Processing file /home/airflow/.local/lib/python3.8/site-packages/airflow/example_dags/example_dag_decorator.py for tasks to queue
[2025-12-06T09:30:34.408+0000] {logging_mixin.py:188} INFO - [2025-12-06T09:30:34.408+0000] {dagbag.py:538} INFO - Filling up the DagBag from /home/airflow/.local/lib/python3.8/site-packages/airflow/example_dags/example_dag_decorator.py
[2025-12-06T09:30:34.523+0000] {processor.py:840} INFO - DAG(s) 'example_dag_decorator' retrieved from /home/airflow/.local/lib/python3.8/site-packages/airflow/example_dags/example_dag_decorator.py
[2025-12-06T09:30:34.659+0000] {logging_mixin.py:188} INFO - [2025-12-06T09:30:34.659+0000] {dag.py:3036} INFO - Sync 1 DAGs
[2025-12-06T09:30:34.673+0000] {logging_mixin.py:188} INFO - [2025-12-06T09:30:34.672+0000] {dag.py:3823} INFO - Setting next_dagrun for example_dag_decorator to None, run_after=None
[2025-12-06T09:30:34.704+0000] {processor.py:183} INFO - Processing /home/airflow/.local/lib/python3.8/site-packages/airflow/example_dags/example_dag_decorator.py took 0.305 seconds
[2025-12-06T09:31:05.804+0000] {processor.py:161} INFO - Started process (PID=4145) to work on /home/airflow/.local/lib/python3.8/site-packages/airflow/example_dags/example_dag_decorator.py
[2025-12-06T09:31:05.806+0000] {processor.py:830} INFO - Processing file /home/airflow/.local/lib/python3.8/site-packages/airflow/example_dags/example_dag_decorator.py for tasks to queue
[2025-12-06T09:31:05.809+0000] {logging_mixin.py:188} INFO - [2025-12-06T09:31:05.808+0000] {dagbag.py:538} INFO - Filling up the DagBag from /home/airflow/.local/lib/python3.8/site-packages/airflow/example_dags/example_dag_decorator.py
[2025-12-06T09:31:05.938+0000] {processor.py:840} INFO - DAG(s) 'example_dag_decorator' retrieved from /home/airflow/.local/lib/python3.8/site-packages/airflow/example_dags/example_dag_decorator.py
[2025-12-06T09:31:06.079+0000] {logging_mixin.py:188} INFO - [2025-12-06T09:31:06.078+0000] {dag.py:3036} INFO - Sync 1 DAGs
[2025-12-06T09:31:06.096+0000] {logging_mixin.py:188} INFO - [2025-12-06T09:31:06.096+0000] {dag.py:3823} INFO - Setting next_dagrun for example_dag_decorator to None, run_after=None
[2025-12-06T09:31:06.125+0000] {processor.py:183} INFO - Processing /home/airflow/.local/lib/python3.8/site-packages/airflow/example_dags/example_dag_decorator.py took 0.326 seconds
[2025-12-06T09:31:36.172+0000] {processor.py:161} INFO - Started process (PID=4204) to work on /home/airflow/.local/lib/python3.8/site-packages/airflow/example_dags/example_dag_decorator.py
[2025-12-06T09:31:36.174+0000] {processor.py:830} INFO - Processing file /home/airflow/.local/lib/python3.8/site-packages/airflow/example_dags/example_dag_decorator.py for tasks to queue
[2025-12-06T09:31:36.177+0000] {logging_mixin.py:188} INFO - [2025-12-06T09:31:36.177+0000] {dagbag.py:538} INFO - Filling up the DagBag from /home/airflow/.local/lib/python3.8/site-packages/airflow/example_dags/example_dag_decorator.py
[2025-12-06T09:31:36.286+0000] {processor.py:840} INFO - DAG(s) 'example_dag_decorator' retrieved from /home/airflow/.local/lib/python3.8/site-packages/airflow/example_dags/example_dag_decorator.py
[2025-12-06T09:31:36.423+0000] {logging_mixin.py:188} INFO - [2025-12-06T09:31:36.423+0000] {dag.py:3036} INFO - Sync 1 DAGs
[2025-12-06T09:31:36.438+0000] {logging_mixin.py:188} INFO - [2025-12-06T09:31:36.438+0000] {dag.py:3823} INFO - Setting next_dagrun for example_dag_decorator to None, run_after=None
[2025-12-06T09:31:36.469+0000] {processor.py:183} INFO - Processing /home/airflow/.local/lib/python3.8/site-packages/airflow/example_dags/example_dag_decorator.py took 0.301 seconds
[2025-12-06T09:32:07.405+0000] {processor.py:161} INFO - Started process (PID=4265) to work on /home/airflow/.local/lib/python3.8/site-packages/airflow/example_dags/example_dag_decorator.py
[2025-12-06T09:32:07.407+0000] {processor.py:830} INFO - Processing file /home/airflow/.local/lib/python3.8/site-packages/airflow/example_dags/example_dag_decorator.py for tasks to queue
[2025-12-06T09:32:07.410+0000] {logging_mixin.py:188} INFO - [2025-12-06T09:32:07.409+0000] {dagbag.py:538} INFO - Filling up the DagBag from /home/airflow/.local/lib/python3.8/site-packages/airflow/example_dags/example_dag_decorator.py
[2025-12-06T09:32:07.522+0000] {processor.py:840} INFO - DAG(s) 'example_dag_decorator' retrieved from /home/airflow/.local/lib/python3.8/site-packages/airflow/example_dags/example_dag_decorator.py
[2025-12-06T09:32:07.662+0000] {logging_mixin.py:188} INFO - [2025-12-06T09:32:07.662+0000] {dag.py:3036} INFO - Sync 1 DAGs
[2025-12-06T09:32:07.675+0000] {logging_mixin.py:188} INFO - [2025-12-06T09:32:07.674+0000] {dag.py:3823} INFO - Setting next_dagrun for example_dag_decorator to None, run_after=None
[2025-12-06T09:32:07.708+0000] {processor.py:183} INFO - Processing /home/airflow/.local/lib/python3.8/site-packages/airflow/example_dags/example_dag_decorator.py took 0.308 seconds
[2025-12-06T09:32:37.789+0000] {processor.py:161} INFO - Started process (PID=4324) to work on /home/airflow/.local/lib/python3.8/site-packages/airflow/example_dags/example_dag_decorator.py
[2025-12-06T09:32:37.791+0000] {processor.py:830} INFO - Processing file /home/airflow/.local/lib/python3.8/site-packages/airflow/example_dags/example_dag_decorator.py for tasks to queue
[2025-12-06T09:32:37.794+0000] {logging_mixin.py:188} INFO - [2025-12-06T09:32:37.794+0000] {dagbag.py:538} INFO - Filling up the DagBag from /home/airflow/.local/lib/python3.8/site-packages/airflow/example_dags/example_dag_decorator.py
[2025-12-06T09:32:37.906+0000] {processor.py:840} INFO - DAG(s) 'example_dag_decorator' retrieved from /home/airflow/.local/lib/python3.8/site-packages/airflow/example_dags/example_dag_decorator.py
[2025-12-06T09:32:37.942+0000] {logging_mixin.py:188} INFO - [2025-12-06T09:32:37.941+0000] {dag.py:3036} INFO - Sync 1 DAGs
[2025-12-06T09:32:37.961+0000] {logging_mixin.py:188} INFO - [2025-12-06T09:32:37.960+0000] {dag.py:3823} INFO - Setting next_dagrun for example_dag_decorator to None, run_after=None
[2025-12-06T09:32:37.990+0000] {processor.py:183} INFO - Processing /home/airflow/.local/lib/python3.8/site-packages/airflow/example_dags/example_dag_decorator.py took 0.206 seconds
[2025-12-06T09:33:09.442+0000] {processor.py:161} INFO - Started process (PID=4388) to work on /home/airflow/.local/lib/python3.8/site-packages/airflow/example_dags/example_dag_decorator.py
[2025-12-06T09:33:09.444+0000] {processor.py:830} INFO - Processing file /home/airflow/.local/lib/python3.8/site-packages/airflow/example_dags/example_dag_decorator.py for tasks to queue
[2025-12-06T09:33:09.447+0000] {logging_mixin.py:188} INFO - [2025-12-06T09:33:09.447+0000] {dagbag.py:538} INFO - Filling up the DagBag from /home/airflow/.local/lib/python3.8/site-packages/airflow/example_dags/example_dag_decorator.py
[2025-12-06T09:33:09.556+0000] {processor.py:840} INFO - DAG(s) 'example_dag_decorator' retrieved from /home/airflow/.local/lib/python3.8/site-packages/airflow/example_dags/example_dag_decorator.py
[2025-12-06T09:33:09.701+0000] {logging_mixin.py:188} INFO - [2025-12-06T09:33:09.700+0000] {dag.py:3036} INFO - Sync 1 DAGs
[2025-12-06T09:33:09.716+0000] {logging_mixin.py:188} INFO - [2025-12-06T09:33:09.716+0000] {dag.py:3823} INFO - Setting next_dagrun for example_dag_decorator to None, run_after=None
[2025-12-06T09:33:09.750+0000] {processor.py:183} INFO - Processing /home/airflow/.local/lib/python3.8/site-packages/airflow/example_dags/example_dag_decorator.py took 0.312 seconds
[2025-12-06T09:33:40.988+0000] {processor.py:161} INFO - Started process (PID=4451) to work on /home/airflow/.local/lib/python3.8/site-packages/airflow/example_dags/example_dag_decorator.py
[2025-12-06T09:33:40.990+0000] {processor.py:830} INFO - Processing file /home/airflow/.local/lib/python3.8/site-packages/airflow/example_dags/example_dag_decorator.py for tasks to queue
[2025-12-06T09:33:40.996+0000] {logging_mixin.py:188} INFO - [2025-12-06T09:33:40.996+0000] {dagbag.py:538} INFO - Filling up the DagBag from /home/airflow/.local/lib/python3.8/site-packages/airflow/example_dags/example_dag_decorator.py
[2025-12-06T09:33:41.118+0000] {processor.py:840} INFO - DAG(s) 'example_dag_decorator' retrieved from /home/airflow/.local/lib/python3.8/site-packages/airflow/example_dags/example_dag_decorator.py
[2025-12-06T09:33:41.254+0000] {logging_mixin.py:188} INFO - [2025-12-06T09:33:41.254+0000] {dag.py:3036} INFO - Sync 1 DAGs
[2025-12-06T09:33:41.268+0000] {logging_mixin.py:188} INFO - [2025-12-06T09:33:41.268+0000] {dag.py:3823} INFO - Setting next_dagrun for example_dag_decorator to None, run_after=None
[2025-12-06T09:33:41.302+0000] {processor.py:183} INFO - Processing /home/airflow/.local/lib/python3.8/site-packages/airflow/example_dags/example_dag_decorator.py took 0.319 seconds
[2025-12-06T09:34:11.352+0000] {processor.py:161} INFO - Started process (PID=4510) to work on /home/airflow/.local/lib/python3.8/site-packages/airflow/example_dags/example_dag_decorator.py
[2025-12-06T09:34:11.353+0000] {processor.py:830} INFO - Processing file /home/airflow/.local/lib/python3.8/site-packages/airflow/example_dags/example_dag_decorator.py for tasks to queue
[2025-12-06T09:34:11.356+0000] {logging_mixin.py:188} INFO - [2025-12-06T09:34:11.356+0000] {dagbag.py:538} INFO - Filling up the DagBag from /home/airflow/.local/lib/python3.8/site-packages/airflow/example_dags/example_dag_decorator.py
[2025-12-06T09:34:11.473+0000] {processor.py:840} INFO - DAG(s) 'example_dag_decorator' retrieved from /home/airflow/.local/lib/python3.8/site-packages/airflow/example_dags/example_dag_decorator.py
[2025-12-06T09:34:11.623+0000] {logging_mixin.py:188} INFO - [2025-12-06T09:34:11.622+0000] {dag.py:3036} INFO - Sync 1 DAGs
[2025-12-06T09:34:11.638+0000] {logging_mixin.py:188} INFO - [2025-12-06T09:34:11.638+0000] {dag.py:3823} INFO - Setting next_dagrun for example_dag_decorator to None, run_after=None
[2025-12-06T09:34:11.672+0000] {processor.py:183} INFO - Processing /home/airflow/.local/lib/python3.8/site-packages/airflow/example_dags/example_dag_decorator.py took 0.324 seconds
[2025-12-06T09:34:41.820+0000] {processor.py:161} INFO - Started process (PID=4571) to work on /home/airflow/.local/lib/python3.8/site-packages/airflow/example_dags/example_dag_decorator.py
[2025-12-06T09:34:41.822+0000] {processor.py:830} INFO - Processing file /home/airflow/.local/lib/python3.8/site-packages/airflow/example_dags/example_dag_decorator.py for tasks to queue
[2025-12-06T09:34:41.826+0000] {logging_mixin.py:188} INFO - [2025-12-06T09:34:41.825+0000] {dagbag.py:538} INFO - Filling up the DagBag from /home/airflow/.local/lib/python3.8/site-packages/airflow/example_dags/example_dag_decorator.py
[2025-12-06T09:34:41.949+0000] {processor.py:840} INFO - DAG(s) 'example_dag_decorator' retrieved from /home/airflow/.local/lib/python3.8/site-packages/airflow/example_dags/example_dag_decorator.py
[2025-12-06T09:34:42.090+0000] {logging_mixin.py:188} INFO - [2025-12-06T09:34:42.090+0000] {dag.py:3036} INFO - Sync 1 DAGs
[2025-12-06T09:34:42.103+0000] {logging_mixin.py:188} INFO - [2025-12-06T09:34:42.103+0000] {dag.py:3823} INFO - Setting next_dagrun for example_dag_decorator to None, run_after=None
[2025-12-06T09:34:42.138+0000] {processor.py:183} INFO - Processing /home/airflow/.local/lib/python3.8/site-packages/airflow/example_dags/example_dag_decorator.py took 0.323 seconds
[2025-12-06T09:35:12.279+0000] {processor.py:161} INFO - Started process (PID=4632) to work on /home/airflow/.local/lib/python3.8/site-packages/airflow/example_dags/example_dag_decorator.py
[2025-12-06T09:35:12.281+0000] {processor.py:830} INFO - Processing file /home/airflow/.local/lib/python3.8/site-packages/airflow/example_dags/example_dag_decorator.py for tasks to queue
[2025-12-06T09:35:12.284+0000] {logging_mixin.py:188} INFO - [2025-12-06T09:35:12.283+0000] {dagbag.py:538} INFO - Filling up the DagBag from /home/airflow/.local/lib/python3.8/site-packages/airflow/example_dags/example_dag_decorator.py
[2025-12-06T09:35:12.397+0000] {processor.py:840} INFO - DAG(s) 'example_dag_decorator' retrieved from /home/airflow/.local/lib/python3.8/site-packages/airflow/example_dags/example_dag_decorator.py
[2025-12-06T09:35:12.541+0000] {logging_mixin.py:188} INFO - [2025-12-06T09:35:12.540+0000] {dag.py:3036} INFO - Sync 1 DAGs
[2025-12-06T09:35:12.556+0000] {logging_mixin.py:188} INFO - [2025-12-06T09:35:12.556+0000] {dag.py:3823} INFO - Setting next_dagrun for example_dag_decorator to None, run_after=None
[2025-12-06T09:35:12.591+0000] {processor.py:183} INFO - Processing /home/airflow/.local/lib/python3.8/site-packages/airflow/example_dags/example_dag_decorator.py took 0.317 seconds
[2025-12-06T09:35:42.655+0000] {processor.py:161} INFO - Started process (PID=4691) to work on /home/airflow/.local/lib/python3.8/site-packages/airflow/example_dags/example_dag_decorator.py
[2025-12-06T09:35:42.657+0000] {processor.py:830} INFO - Processing file /home/airflow/.local/lib/python3.8/site-packages/airflow/example_dags/example_dag_decorator.py for tasks to queue
[2025-12-06T09:35:42.660+0000] {logging_mixin.py:188} INFO - [2025-12-06T09:35:42.660+0000] {dagbag.py:538} INFO - Filling up the DagBag from /home/airflow/.local/lib/python3.8/site-packages/airflow/example_dags/example_dag_decorator.py
[2025-12-06T09:35:42.761+0000] {processor.py:840} INFO - DAG(s) 'example_dag_decorator' retrieved from /home/airflow/.local/lib/python3.8/site-packages/airflow/example_dags/example_dag_decorator.py
[2025-12-06T09:35:42.902+0000] {logging_mixin.py:188} INFO - [2025-12-06T09:35:42.901+0000] {dag.py:3036} INFO - Sync 1 DAGs
[2025-12-06T09:35:42.916+0000] {logging_mixin.py:188} INFO - [2025-12-06T09:35:42.915+0000] {dag.py:3823} INFO - Setting next_dagrun for example_dag_decorator to None, run_after=None
[2025-12-06T09:35:42.946+0000] {processor.py:183} INFO - Processing /home/airflow/.local/lib/python3.8/site-packages/airflow/example_dags/example_dag_decorator.py took 0.296 seconds
[2025-12-06T09:36:13.829+0000] {processor.py:161} INFO - Started process (PID=4757) to work on /home/airflow/.local/lib/python3.8/site-packages/airflow/example_dags/example_dag_decorator.py
[2025-12-06T09:36:13.831+0000] {processor.py:830} INFO - Processing file /home/airflow/.local/lib/python3.8/site-packages/airflow/example_dags/example_dag_decorator.py for tasks to queue
[2025-12-06T09:36:13.834+0000] {logging_mixin.py:188} INFO - [2025-12-06T09:36:13.834+0000] {dagbag.py:538} INFO - Filling up the DagBag from /home/airflow/.local/lib/python3.8/site-packages/airflow/example_dags/example_dag_decorator.py
[2025-12-06T09:36:13.960+0000] {processor.py:840} INFO - DAG(s) 'example_dag_decorator' retrieved from /home/airflow/.local/lib/python3.8/site-packages/airflow/example_dags/example_dag_decorator.py
[2025-12-06T09:36:14.110+0000] {logging_mixin.py:188} INFO - [2025-12-06T09:36:14.109+0000] {dag.py:3036} INFO - Sync 1 DAGs
[2025-12-06T09:36:14.125+0000] {logging_mixin.py:188} INFO - [2025-12-06T09:36:14.124+0000] {dag.py:3823} INFO - Setting next_dagrun for example_dag_decorator to None, run_after=None
[2025-12-06T09:36:14.152+0000] {processor.py:183} INFO - Processing /home/airflow/.local/lib/python3.8/site-packages/airflow/example_dags/example_dag_decorator.py took 0.328 seconds
[2025-12-06T09:36:44.330+0000] {processor.py:161} INFO - Started process (PID=4817) to work on /home/airflow/.local/lib/python3.8/site-packages/airflow/example_dags/example_dag_decorator.py
[2025-12-06T09:36:44.331+0000] {processor.py:830} INFO - Processing file /home/airflow/.local/lib/python3.8/site-packages/airflow/example_dags/example_dag_decorator.py for tasks to queue
[2025-12-06T09:36:44.334+0000] {logging_mixin.py:188} INFO - [2025-12-06T09:36:44.333+0000] {dagbag.py:538} INFO - Filling up the DagBag from /home/airflow/.local/lib/python3.8/site-packages/airflow/example_dags/example_dag_decorator.py
[2025-12-06T09:36:44.432+0000] {processor.py:840} INFO - DAG(s) 'example_dag_decorator' retrieved from /home/airflow/.local/lib/python3.8/site-packages/airflow/example_dags/example_dag_decorator.py
[2025-12-06T09:36:44.559+0000] {logging_mixin.py:188} INFO - [2025-12-06T09:36:44.559+0000] {dag.py:3036} INFO - Sync 1 DAGs
[2025-12-06T09:36:44.576+0000] {logging_mixin.py:188} INFO - [2025-12-06T09:36:44.575+0000] {dag.py:3823} INFO - Setting next_dagrun for example_dag_decorator to None, run_after=None
[2025-12-06T09:36:44.606+0000] {processor.py:183} INFO - Processing /home/airflow/.local/lib/python3.8/site-packages/airflow/example_dags/example_dag_decorator.py took 0.281 seconds
[2025-12-06T09:37:15.536+0000] {processor.py:161} INFO - Started process (PID=4876) to work on /home/airflow/.local/lib/python3.8/site-packages/airflow/example_dags/example_dag_decorator.py
[2025-12-06T09:37:15.538+0000] {processor.py:830} INFO - Processing file /home/airflow/.local/lib/python3.8/site-packages/airflow/example_dags/example_dag_decorator.py for tasks to queue
[2025-12-06T09:37:15.541+0000] {logging_mixin.py:188} INFO - [2025-12-06T09:37:15.540+0000] {dagbag.py:538} INFO - Filling up the DagBag from /home/airflow/.local/lib/python3.8/site-packages/airflow/example_dags/example_dag_decorator.py
[2025-12-06T09:37:15.643+0000] {processor.py:840} INFO - DAG(s) 'example_dag_decorator' retrieved from /home/airflow/.local/lib/python3.8/site-packages/airflow/example_dags/example_dag_decorator.py
[2025-12-06T09:37:15.783+0000] {logging_mixin.py:188} INFO - [2025-12-06T09:37:15.783+0000] {dag.py:3036} INFO - Sync 1 DAGs
[2025-12-06T09:37:15.799+0000] {logging_mixin.py:188} INFO - [2025-12-06T09:37:15.798+0000] {dag.py:3823} INFO - Setting next_dagrun for example_dag_decorator to None, run_after=None
[2025-12-06T09:37:15.827+0000] {processor.py:183} INFO - Processing /home/airflow/.local/lib/python3.8/site-packages/airflow/example_dags/example_dag_decorator.py took 0.295 seconds
[2025-12-06T09:37:46.030+0000] {processor.py:161} INFO - Started process (PID=4935) to work on /home/airflow/.local/lib/python3.8/site-packages/airflow/example_dags/example_dag_decorator.py
[2025-12-06T09:37:46.032+0000] {processor.py:830} INFO - Processing file /home/airflow/.local/lib/python3.8/site-packages/airflow/example_dags/example_dag_decorator.py for tasks to queue
[2025-12-06T09:37:46.037+0000] {logging_mixin.py:188} INFO - [2025-12-06T09:37:46.036+0000] {dagbag.py:538} INFO - Filling up the DagBag from /home/airflow/.local/lib/python3.8/site-packages/airflow/example_dags/example_dag_decorator.py
[2025-12-06T09:37:46.163+0000] {processor.py:840} INFO - DAG(s) 'example_dag_decorator' retrieved from /home/airflow/.local/lib/python3.8/site-packages/airflow/example_dags/example_dag_decorator.py
[2025-12-06T09:37:46.322+0000] {logging_mixin.py:188} INFO - [2025-12-06T09:37:46.322+0000] {dag.py:3036} INFO - Sync 1 DAGs
[2025-12-06T09:37:46.338+0000] {logging_mixin.py:188} INFO - [2025-12-06T09:37:46.338+0000] {dag.py:3823} INFO - Setting next_dagrun for example_dag_decorator to None, run_after=None
[2025-12-06T09:37:46.373+0000] {processor.py:183} INFO - Processing /home/airflow/.local/lib/python3.8/site-packages/airflow/example_dags/example_dag_decorator.py took 0.349 seconds
[2025-12-06T09:38:16.676+0000] {processor.py:161} INFO - Started process (PID=4994) to work on /home/airflow/.local/lib/python3.8/site-packages/airflow/example_dags/example_dag_decorator.py
[2025-12-06T09:38:16.678+0000] {processor.py:830} INFO - Processing file /home/airflow/.local/lib/python3.8/site-packages/airflow/example_dags/example_dag_decorator.py for tasks to queue
[2025-12-06T09:38:16.680+0000] {logging_mixin.py:188} INFO - [2025-12-06T09:38:16.680+0000] {dagbag.py:538} INFO - Filling up the DagBag from /home/airflow/.local/lib/python3.8/site-packages/airflow/example_dags/example_dag_decorator.py
[2025-12-06T09:38:16.793+0000] {processor.py:840} INFO - DAG(s) 'example_dag_decorator' retrieved from /home/airflow/.local/lib/python3.8/site-packages/airflow/example_dags/example_dag_decorator.py
[2025-12-06T09:38:16.937+0000] {logging_mixin.py:188} INFO - [2025-12-06T09:38:16.936+0000] {dag.py:3036} INFO - Sync 1 DAGs
[2025-12-06T09:38:16.951+0000] {logging_mixin.py:188} INFO - [2025-12-06T09:38:16.951+0000] {dag.py:3823} INFO - Setting next_dagrun for example_dag_decorator to None, run_after=None
[2025-12-06T09:38:16.987+0000] {processor.py:183} INFO - Processing /home/airflow/.local/lib/python3.8/site-packages/airflow/example_dags/example_dag_decorator.py took 0.315 seconds
[2025-12-06T09:38:47.275+0000] {processor.py:161} INFO - Started process (PID=5053) to work on /home/airflow/.local/lib/python3.8/site-packages/airflow/example_dags/example_dag_decorator.py
[2025-12-06T09:38:47.276+0000] {processor.py:830} INFO - Processing file /home/airflow/.local/lib/python3.8/site-packages/airflow/example_dags/example_dag_decorator.py for tasks to queue
[2025-12-06T09:38:47.279+0000] {logging_mixin.py:188} INFO - [2025-12-06T09:38:47.279+0000] {dagbag.py:538} INFO - Filling up the DagBag from /home/airflow/.local/lib/python3.8/site-packages/airflow/example_dags/example_dag_decorator.py
[2025-12-06T09:38:47.385+0000] {processor.py:840} INFO - DAG(s) 'example_dag_decorator' retrieved from /home/airflow/.local/lib/python3.8/site-packages/airflow/example_dags/example_dag_decorator.py
[2025-12-06T09:38:47.418+0000] {logging_mixin.py:188} INFO - [2025-12-06T09:38:47.418+0000] {dag.py:3036} INFO - Sync 1 DAGs
[2025-12-06T09:38:47.433+0000] {logging_mixin.py:188} INFO - [2025-12-06T09:38:47.433+0000] {dag.py:3823} INFO - Setting next_dagrun for example_dag_decorator to None, run_after=None
[2025-12-06T09:38:47.460+0000] {processor.py:183} INFO - Processing /home/airflow/.local/lib/python3.8/site-packages/airflow/example_dags/example_dag_decorator.py took 0.190 seconds
[2025-12-06T09:39:17.919+0000] {processor.py:161} INFO - Started process (PID=5112) to work on /home/airflow/.local/lib/python3.8/site-packages/airflow/example_dags/example_dag_decorator.py
[2025-12-06T09:39:17.920+0000] {processor.py:830} INFO - Processing file /home/airflow/.local/lib/python3.8/site-packages/airflow/example_dags/example_dag_decorator.py for tasks to queue
[2025-12-06T09:39:17.923+0000] {logging_mixin.py:188} INFO - [2025-12-06T09:39:17.922+0000] {dagbag.py:538} INFO - Filling up the DagBag from /home/airflow/.local/lib/python3.8/site-packages/airflow/example_dags/example_dag_decorator.py
[2025-12-06T09:39:18.028+0000] {processor.py:840} INFO - DAG(s) 'example_dag_decorator' retrieved from /home/airflow/.local/lib/python3.8/site-packages/airflow/example_dags/example_dag_decorator.py
[2025-12-06T09:39:18.064+0000] {logging_mixin.py:188} INFO - [2025-12-06T09:39:18.063+0000] {dag.py:3036} INFO - Sync 1 DAGs
[2025-12-06T09:39:18.080+0000] {logging_mixin.py:188} INFO - [2025-12-06T09:39:18.079+0000] {dag.py:3823} INFO - Setting next_dagrun for example_dag_decorator to None, run_after=None
[2025-12-06T09:39:18.109+0000] {processor.py:183} INFO - Processing /home/airflow/.local/lib/python3.8/site-packages/airflow/example_dags/example_dag_decorator.py took 0.195 seconds
[2025-12-06T09:39:48.414+0000] {processor.py:161} INFO - Started process (PID=5171) to work on /home/airflow/.local/lib/python3.8/site-packages/airflow/example_dags/example_dag_decorator.py
[2025-12-06T09:39:48.416+0000] {processor.py:830} INFO - Processing file /home/airflow/.local/lib/python3.8/site-packages/airflow/example_dags/example_dag_decorator.py for tasks to queue
[2025-12-06T09:39:48.418+0000] {logging_mixin.py:188} INFO - [2025-12-06T09:39:48.418+0000] {dagbag.py:538} INFO - Filling up the DagBag from /home/airflow/.local/lib/python3.8/site-packages/airflow/example_dags/example_dag_decorator.py
[2025-12-06T09:39:48.521+0000] {processor.py:840} INFO - DAG(s) 'example_dag_decorator' retrieved from /home/airflow/.local/lib/python3.8/site-packages/airflow/example_dags/example_dag_decorator.py
[2025-12-06T09:39:48.664+0000] {logging_mixin.py:188} INFO - [2025-12-06T09:39:48.663+0000] {dag.py:3036} INFO - Sync 1 DAGs
[2025-12-06T09:39:48.677+0000] {logging_mixin.py:188} INFO - [2025-12-06T09:39:48.677+0000] {dag.py:3823} INFO - Setting next_dagrun for example_dag_decorator to None, run_after=None
[2025-12-06T09:39:48.709+0000] {processor.py:183} INFO - Processing /home/airflow/.local/lib/python3.8/site-packages/airflow/example_dags/example_dag_decorator.py took 0.300 seconds
[2025-12-06T09:40:18.923+0000] {processor.py:161} INFO - Started process (PID=5230) to work on /home/airflow/.local/lib/python3.8/site-packages/airflow/example_dags/example_dag_decorator.py
[2025-12-06T09:40:18.925+0000] {processor.py:830} INFO - Processing file /home/airflow/.local/lib/python3.8/site-packages/airflow/example_dags/example_dag_decorator.py for tasks to queue
[2025-12-06T09:40:18.928+0000] {logging_mixin.py:188} INFO - [2025-12-06T09:40:18.927+0000] {dagbag.py:538} INFO - Filling up the DagBag from /home/airflow/.local/lib/python3.8/site-packages/airflow/example_dags/example_dag_decorator.py
[2025-12-06T09:40:19.035+0000] {processor.py:840} INFO - DAG(s) 'example_dag_decorator' retrieved from /home/airflow/.local/lib/python3.8/site-packages/airflow/example_dags/example_dag_decorator.py
[2025-12-06T09:40:19.167+0000] {logging_mixin.py:188} INFO - [2025-12-06T09:40:19.167+0000] {dag.py:3036} INFO - Sync 1 DAGs
[2025-12-06T09:40:19.181+0000] {logging_mixin.py:188} INFO - [2025-12-06T09:40:19.180+0000] {dag.py:3823} INFO - Setting next_dagrun for example_dag_decorator to None, run_after=None
[2025-12-06T09:40:19.213+0000] {processor.py:183} INFO - Processing /home/airflow/.local/lib/python3.8/site-packages/airflow/example_dags/example_dag_decorator.py took 0.294 seconds
[2025-12-06T09:40:49.560+0000] {processor.py:161} INFO - Started process (PID=5289) to work on /home/airflow/.local/lib/python3.8/site-packages/airflow/example_dags/example_dag_decorator.py
[2025-12-06T09:40:49.562+0000] {processor.py:830} INFO - Processing file /home/airflow/.local/lib/python3.8/site-packages/airflow/example_dags/example_dag_decorator.py for tasks to queue
[2025-12-06T09:40:49.564+0000] {logging_mixin.py:188} INFO - [2025-12-06T09:40:49.564+0000] {dagbag.py:538} INFO - Filling up the DagBag from /home/airflow/.local/lib/python3.8/site-packages/airflow/example_dags/example_dag_decorator.py
[2025-12-06T09:40:49.672+0000] {processor.py:840} INFO - DAG(s) 'example_dag_decorator' retrieved from /home/airflow/.local/lib/python3.8/site-packages/airflow/example_dags/example_dag_decorator.py
[2025-12-06T09:40:49.807+0000] {logging_mixin.py:188} INFO - [2025-12-06T09:40:49.806+0000] {dag.py:3036} INFO - Sync 1 DAGs
[2025-12-06T09:40:49.823+0000] {logging_mixin.py:188} INFO - [2025-12-06T09:40:49.823+0000] {dag.py:3823} INFO - Setting next_dagrun for example_dag_decorator to None, run_after=None
[2025-12-06T09:40:49.855+0000] {processor.py:183} INFO - Processing /home/airflow/.local/lib/python3.8/site-packages/airflow/example_dags/example_dag_decorator.py took 0.300 seconds
[2025-12-06T09:41:20.729+0000] {processor.py:161} INFO - Started process (PID=5348) to work on /home/airflow/.local/lib/python3.8/site-packages/airflow/example_dags/example_dag_decorator.py
[2025-12-06T09:41:20.731+0000] {processor.py:830} INFO - Processing file /home/airflow/.local/lib/python3.8/site-packages/airflow/example_dags/example_dag_decorator.py for tasks to queue
[2025-12-06T09:41:20.735+0000] {logging_mixin.py:188} INFO - [2025-12-06T09:41:20.734+0000] {dagbag.py:538} INFO - Filling up the DagBag from /home/airflow/.local/lib/python3.8/site-packages/airflow/example_dags/example_dag_decorator.py
[2025-12-06T09:41:20.849+0000] {processor.py:840} INFO - DAG(s) 'example_dag_decorator' retrieved from /home/airflow/.local/lib/python3.8/site-packages/airflow/example_dags/example_dag_decorator.py
[2025-12-06T09:41:20.995+0000] {logging_mixin.py:188} INFO - [2025-12-06T09:41:20.995+0000] {dag.py:3036} INFO - Sync 1 DAGs
[2025-12-06T09:41:21.011+0000] {logging_mixin.py:188} INFO - [2025-12-06T09:41:21.011+0000] {dag.py:3823} INFO - Setting next_dagrun for example_dag_decorator to None, run_after=None
[2025-12-06T09:41:21.046+0000] {processor.py:183} INFO - Processing /home/airflow/.local/lib/python3.8/site-packages/airflow/example_dags/example_dag_decorator.py took 0.321 seconds
[2025-12-06T09:41:51.183+0000] {processor.py:161} INFO - Started process (PID=5409) to work on /home/airflow/.local/lib/python3.8/site-packages/airflow/example_dags/example_dag_decorator.py
[2025-12-06T09:41:51.185+0000] {processor.py:830} INFO - Processing file /home/airflow/.local/lib/python3.8/site-packages/airflow/example_dags/example_dag_decorator.py for tasks to queue
[2025-12-06T09:41:51.188+0000] {logging_mixin.py:188} INFO - [2025-12-06T09:41:51.187+0000] {dagbag.py:538} INFO - Filling up the DagBag from /home/airflow/.local/lib/python3.8/site-packages/airflow/example_dags/example_dag_decorator.py
[2025-12-06T09:41:51.300+0000] {processor.py:840} INFO - DAG(s) 'example_dag_decorator' retrieved from /home/airflow/.local/lib/python3.8/site-packages/airflow/example_dags/example_dag_decorator.py
[2025-12-06T09:41:51.452+0000] {logging_mixin.py:188} INFO - [2025-12-06T09:41:51.451+0000] {dag.py:3036} INFO - Sync 1 DAGs
[2025-12-06T09:41:51.468+0000] {logging_mixin.py:188} INFO - [2025-12-06T09:41:51.467+0000] {dag.py:3823} INFO - Setting next_dagrun for example_dag_decorator to None, run_after=None
[2025-12-06T09:41:51.498+0000] {processor.py:183} INFO - Processing /home/airflow/.local/lib/python3.8/site-packages/airflow/example_dags/example_dag_decorator.py took 0.320 seconds
[2025-12-06T09:42:22.726+0000] {processor.py:161} INFO - Started process (PID=5472) to work on /home/airflow/.local/lib/python3.8/site-packages/airflow/example_dags/example_dag_decorator.py
[2025-12-06T09:42:22.728+0000] {processor.py:830} INFO - Processing file /home/airflow/.local/lib/python3.8/site-packages/airflow/example_dags/example_dag_decorator.py for tasks to queue
[2025-12-06T09:42:22.731+0000] {logging_mixin.py:188} INFO - [2025-12-06T09:42:22.730+0000] {dagbag.py:538} INFO - Filling up the DagBag from /home/airflow/.local/lib/python3.8/site-packages/airflow/example_dags/example_dag_decorator.py
[2025-12-06T09:42:22.841+0000] {processor.py:840} INFO - DAG(s) 'example_dag_decorator' retrieved from /home/airflow/.local/lib/python3.8/site-packages/airflow/example_dags/example_dag_decorator.py
[2025-12-06T09:42:22.991+0000] {logging_mixin.py:188} INFO - [2025-12-06T09:42:22.991+0000] {dag.py:3036} INFO - Sync 1 DAGs
[2025-12-06T09:42:23.008+0000] {logging_mixin.py:188} INFO - [2025-12-06T09:42:23.007+0000] {dag.py:3823} INFO - Setting next_dagrun for example_dag_decorator to None, run_after=None
[2025-12-06T09:42:23.042+0000] {processor.py:183} INFO - Processing /home/airflow/.local/lib/python3.8/site-packages/airflow/example_dags/example_dag_decorator.py took 0.321 seconds
[2025-12-06T09:42:54.408+0000] {processor.py:161} INFO - Started process (PID=5537) to work on /home/airflow/.local/lib/python3.8/site-packages/airflow/example_dags/example_dag_decorator.py
[2025-12-06T09:42:54.409+0000] {processor.py:830} INFO - Processing file /home/airflow/.local/lib/python3.8/site-packages/airflow/example_dags/example_dag_decorator.py for tasks to queue
[2025-12-06T09:42:54.413+0000] {logging_mixin.py:188} INFO - [2025-12-06T09:42:54.412+0000] {dagbag.py:538} INFO - Filling up the DagBag from /home/airflow/.local/lib/python3.8/site-packages/airflow/example_dags/example_dag_decorator.py
[2025-12-06T09:42:54.528+0000] {processor.py:840} INFO - DAG(s) 'example_dag_decorator' retrieved from /home/airflow/.local/lib/python3.8/site-packages/airflow/example_dags/example_dag_decorator.py
[2025-12-06T09:42:54.668+0000] {logging_mixin.py:188} INFO - [2025-12-06T09:42:54.668+0000] {dag.py:3036} INFO - Sync 1 DAGs
[2025-12-06T09:42:54.682+0000] {logging_mixin.py:188} INFO - [2025-12-06T09:42:54.682+0000] {dag.py:3823} INFO - Setting next_dagrun for example_dag_decorator to None, run_after=None
[2025-12-06T09:42:54.713+0000] {processor.py:183} INFO - Processing /home/airflow/.local/lib/python3.8/site-packages/airflow/example_dags/example_dag_decorator.py took 0.310 seconds
[2025-12-06T09:43:24.755+0000] {processor.py:161} INFO - Started process (PID=5596) to work on /home/airflow/.local/lib/python3.8/site-packages/airflow/example_dags/example_dag_decorator.py
[2025-12-06T09:43:24.757+0000] {processor.py:830} INFO - Processing file /home/airflow/.local/lib/python3.8/site-packages/airflow/example_dags/example_dag_decorator.py for tasks to queue
[2025-12-06T09:43:24.759+0000] {logging_mixin.py:188} INFO - [2025-12-06T09:43:24.759+0000] {dagbag.py:538} INFO - Filling up the DagBag from /home/airflow/.local/lib/python3.8/site-packages/airflow/example_dags/example_dag_decorator.py
[2025-12-06T09:43:24.863+0000] {processor.py:840} INFO - DAG(s) 'example_dag_decorator' retrieved from /home/airflow/.local/lib/python3.8/site-packages/airflow/example_dags/example_dag_decorator.py
[2025-12-06T09:43:24.999+0000] {logging_mixin.py:188} INFO - [2025-12-06T09:43:24.998+0000] {dag.py:3036} INFO - Sync 1 DAGs
[2025-12-06T09:43:25.015+0000] {logging_mixin.py:188} INFO - [2025-12-06T09:43:25.015+0000] {dag.py:3823} INFO - Setting next_dagrun for example_dag_decorator to None, run_after=None
[2025-12-06T09:43:25.049+0000] {processor.py:183} INFO - Processing /home/airflow/.local/lib/python3.8/site-packages/airflow/example_dags/example_dag_decorator.py took 0.297 seconds
[2025-12-06T09:43:55.932+0000] {processor.py:161} INFO - Started process (PID=5655) to work on /home/airflow/.local/lib/python3.8/site-packages/airflow/example_dags/example_dag_decorator.py
[2025-12-06T09:43:55.933+0000] {processor.py:830} INFO - Processing file /home/airflow/.local/lib/python3.8/site-packages/airflow/example_dags/example_dag_decorator.py for tasks to queue
[2025-12-06T09:43:55.937+0000] {logging_mixin.py:188} INFO - [2025-12-06T09:43:55.936+0000] {dagbag.py:538} INFO - Filling up the DagBag from /home/airflow/.local/lib/python3.8/site-packages/airflow/example_dags/example_dag_decorator.py
[2025-12-06T09:43:56.052+0000] {processor.py:840} INFO - DAG(s) 'example_dag_decorator' retrieved from /home/airflow/.local/lib/python3.8/site-packages/airflow/example_dags/example_dag_decorator.py
[2025-12-06T09:43:56.213+0000] {logging_mixin.py:188} INFO - [2025-12-06T09:43:56.213+0000] {dag.py:3036} INFO - Sync 1 DAGs
[2025-12-06T09:43:56.227+0000] {logging_mixin.py:188} INFO - [2025-12-06T09:43:56.227+0000] {dag.py:3823} INFO - Setting next_dagrun for example_dag_decorator to None, run_after=None
[2025-12-06T09:43:56.257+0000] {processor.py:183} INFO - Processing /home/airflow/.local/lib/python3.8/site-packages/airflow/example_dags/example_dag_decorator.py took 0.332 seconds
[2025-12-06T09:44:26.360+0000] {processor.py:161} INFO - Started process (PID=5715) to work on /home/airflow/.local/lib/python3.8/site-packages/airflow/example_dags/example_dag_decorator.py
[2025-12-06T09:44:26.361+0000] {processor.py:830} INFO - Processing file /home/airflow/.local/lib/python3.8/site-packages/airflow/example_dags/example_dag_decorator.py for tasks to queue
[2025-12-06T09:44:26.364+0000] {logging_mixin.py:188} INFO - [2025-12-06T09:44:26.364+0000] {dagbag.py:538} INFO - Filling up the DagBag from /home/airflow/.local/lib/python3.8/site-packages/airflow/example_dags/example_dag_decorator.py
[2025-12-06T09:44:26.467+0000] {processor.py:840} INFO - DAG(s) 'example_dag_decorator' retrieved from /home/airflow/.local/lib/python3.8/site-packages/airflow/example_dags/example_dag_decorator.py
[2025-12-06T09:44:26.600+0000] {logging_mixin.py:188} INFO - [2025-12-06T09:44:26.600+0000] {dag.py:3036} INFO - Sync 1 DAGs
[2025-12-06T09:44:26.613+0000] {logging_mixin.py:188} INFO - [2025-12-06T09:44:26.613+0000] {dag.py:3823} INFO - Setting next_dagrun for example_dag_decorator to None, run_after=None
[2025-12-06T09:44:26.642+0000] {processor.py:183} INFO - Processing /home/airflow/.local/lib/python3.8/site-packages/airflow/example_dags/example_dag_decorator.py took 0.287 seconds
[2025-12-06T09:44:56.702+0000] {processor.py:161} INFO - Started process (PID=5774) to work on /home/airflow/.local/lib/python3.8/site-packages/airflow/example_dags/example_dag_decorator.py
[2025-12-06T09:44:56.704+0000] {processor.py:830} INFO - Processing file /home/airflow/.local/lib/python3.8/site-packages/airflow/example_dags/example_dag_decorator.py for tasks to queue
[2025-12-06T09:44:56.708+0000] {logging_mixin.py:188} INFO - [2025-12-06T09:44:56.707+0000] {dagbag.py:538} INFO - Filling up the DagBag from /home/airflow/.local/lib/python3.8/site-packages/airflow/example_dags/example_dag_decorator.py
[2025-12-06T09:44:56.816+0000] {processor.py:840} INFO - DAG(s) 'example_dag_decorator' retrieved from /home/airflow/.local/lib/python3.8/site-packages/airflow/example_dags/example_dag_decorator.py
[2025-12-06T09:44:56.854+0000] {logging_mixin.py:188} INFO - [2025-12-06T09:44:56.854+0000] {dag.py:3036} INFO - Sync 1 DAGs
[2025-12-06T09:44:56.871+0000] {logging_mixin.py:188} INFO - [2025-12-06T09:44:56.870+0000] {dag.py:3823} INFO - Setting next_dagrun for example_dag_decorator to None, run_after=None
[2025-12-06T09:44:56.904+0000] {processor.py:183} INFO - Processing /home/airflow/.local/lib/python3.8/site-packages/airflow/example_dags/example_dag_decorator.py took 0.208 seconds
[2025-12-06T09:45:27.096+0000] {processor.py:161} INFO - Started process (PID=5833) to work on /home/airflow/.local/lib/python3.8/site-packages/airflow/example_dags/example_dag_decorator.py
[2025-12-06T09:45:27.098+0000] {processor.py:830} INFO - Processing file /home/airflow/.local/lib/python3.8/site-packages/airflow/example_dags/example_dag_decorator.py for tasks to queue
[2025-12-06T09:45:27.102+0000] {logging_mixin.py:188} INFO - [2025-12-06T09:45:27.102+0000] {dagbag.py:538} INFO - Filling up the DagBag from /home/airflow/.local/lib/python3.8/site-packages/airflow/example_dags/example_dag_decorator.py
[2025-12-06T09:45:27.234+0000] {processor.py:840} INFO - DAG(s) 'example_dag_decorator' retrieved from /home/airflow/.local/lib/python3.8/site-packages/airflow/example_dags/example_dag_decorator.py
[2025-12-06T09:45:27.271+0000] {logging_mixin.py:188} INFO - [2025-12-06T09:45:27.271+0000] {dag.py:3036} INFO - Sync 1 DAGs
[2025-12-06T09:45:27.292+0000] {logging_mixin.py:188} INFO - [2025-12-06T09:45:27.292+0000] {dag.py:3823} INFO - Setting next_dagrun for example_dag_decorator to None, run_after=None
[2025-12-06T09:45:27.326+0000] {processor.py:183} INFO - Processing /home/airflow/.local/lib/python3.8/site-packages/airflow/example_dags/example_dag_decorator.py took 0.237 seconds
[2025-12-06T09:45:57.850+0000] {processor.py:161} INFO - Started process (PID=5890) to work on /home/airflow/.local/lib/python3.8/site-packages/airflow/example_dags/example_dag_decorator.py
[2025-12-06T09:45:57.851+0000] {processor.py:830} INFO - Processing file /home/airflow/.local/lib/python3.8/site-packages/airflow/example_dags/example_dag_decorator.py for tasks to queue
[2025-12-06T09:45:57.855+0000] {logging_mixin.py:188} INFO - [2025-12-06T09:45:57.854+0000] {dagbag.py:538} INFO - Filling up the DagBag from /home/airflow/.local/lib/python3.8/site-packages/airflow/example_dags/example_dag_decorator.py
[2025-12-06T09:45:57.988+0000] {processor.py:840} INFO - DAG(s) 'example_dag_decorator' retrieved from /home/airflow/.local/lib/python3.8/site-packages/airflow/example_dags/example_dag_decorator.py
[2025-12-06T09:45:58.026+0000] {logging_mixin.py:188} INFO - [2025-12-06T09:45:58.025+0000] {dag.py:3036} INFO - Sync 1 DAGs
[2025-12-06T09:45:58.043+0000] {logging_mixin.py:188} INFO - [2025-12-06T09:45:58.042+0000] {dag.py:3823} INFO - Setting next_dagrun for example_dag_decorator to None, run_after=None
[2025-12-06T09:45:58.079+0000] {processor.py:183} INFO - Processing /home/airflow/.local/lib/python3.8/site-packages/airflow/example_dags/example_dag_decorator.py took 0.234 seconds
[2025-12-06T09:46:28.161+0000] {processor.py:161} INFO - Started process (PID=5950) to work on /home/airflow/.local/lib/python3.8/site-packages/airflow/example_dags/example_dag_decorator.py
[2025-12-06T09:46:28.164+0000] {processor.py:830} INFO - Processing file /home/airflow/.local/lib/python3.8/site-packages/airflow/example_dags/example_dag_decorator.py for tasks to queue
[2025-12-06T09:46:28.167+0000] {logging_mixin.py:188} INFO - [2025-12-06T09:46:28.167+0000] {dagbag.py:538} INFO - Filling up the DagBag from /home/airflow/.local/lib/python3.8/site-packages/airflow/example_dags/example_dag_decorator.py
[2025-12-06T09:46:28.282+0000] {processor.py:840} INFO - DAG(s) 'example_dag_decorator' retrieved from /home/airflow/.local/lib/python3.8/site-packages/airflow/example_dags/example_dag_decorator.py
[2025-12-06T09:46:28.416+0000] {logging_mixin.py:188} INFO - [2025-12-06T09:46:28.416+0000] {dag.py:3036} INFO - Sync 1 DAGs
[2025-12-06T09:46:28.432+0000] {logging_mixin.py:188} INFO - [2025-12-06T09:46:28.432+0000] {dag.py:3823} INFO - Setting next_dagrun for example_dag_decorator to None, run_after=None
[2025-12-06T09:46:28.469+0000] {processor.py:183} INFO - Processing /home/airflow/.local/lib/python3.8/site-packages/airflow/example_dags/example_dag_decorator.py took 0.312 seconds
[2025-12-06T09:46:58.886+0000] {processor.py:161} INFO - Started process (PID=6008) to work on /home/airflow/.local/lib/python3.8/site-packages/airflow/example_dags/example_dag_decorator.py
[2025-12-06T09:46:58.887+0000] {processor.py:830} INFO - Processing file /home/airflow/.local/lib/python3.8/site-packages/airflow/example_dags/example_dag_decorator.py for tasks to queue
[2025-12-06T09:46:58.890+0000] {logging_mixin.py:188} INFO - [2025-12-06T09:46:58.889+0000] {dagbag.py:538} INFO - Filling up the DagBag from /home/airflow/.local/lib/python3.8/site-packages/airflow/example_dags/example_dag_decorator.py
[2025-12-06T09:46:59.003+0000] {processor.py:840} INFO - DAG(s) 'example_dag_decorator' retrieved from /home/airflow/.local/lib/python3.8/site-packages/airflow/example_dags/example_dag_decorator.py
[2025-12-06T09:46:59.159+0000] {logging_mixin.py:188} INFO - [2025-12-06T09:46:59.159+0000] {dag.py:3036} INFO - Sync 1 DAGs
[2025-12-06T09:46:59.176+0000] {logging_mixin.py:188} INFO - [2025-12-06T09:46:59.176+0000] {dag.py:3823} INFO - Setting next_dagrun for example_dag_decorator to None, run_after=None
[2025-12-06T09:46:59.215+0000] {processor.py:183} INFO - Processing /home/airflow/.local/lib/python3.8/site-packages/airflow/example_dags/example_dag_decorator.py took 0.333 seconds
[2025-12-06T09:47:29.503+0000] {processor.py:161} INFO - Started process (PID=6067) to work on /home/airflow/.local/lib/python3.8/site-packages/airflow/example_dags/example_dag_decorator.py
[2025-12-06T09:47:29.504+0000] {processor.py:830} INFO - Processing file /home/airflow/.local/lib/python3.8/site-packages/airflow/example_dags/example_dag_decorator.py for tasks to queue
[2025-12-06T09:47:29.507+0000] {logging_mixin.py:188} INFO - [2025-12-06T09:47:29.507+0000] {dagbag.py:538} INFO - Filling up the DagBag from /home/airflow/.local/lib/python3.8/site-packages/airflow/example_dags/example_dag_decorator.py
[2025-12-06T09:47:29.625+0000] {processor.py:840} INFO - DAG(s) 'example_dag_decorator' retrieved from /home/airflow/.local/lib/python3.8/site-packages/airflow/example_dags/example_dag_decorator.py
[2025-12-06T09:47:29.668+0000] {logging_mixin.py:188} INFO - [2025-12-06T09:47:29.667+0000] {dag.py:3036} INFO - Sync 1 DAGs
[2025-12-06T09:47:29.686+0000] {logging_mixin.py:188} INFO - [2025-12-06T09:47:29.686+0000] {dag.py:3823} INFO - Setting next_dagrun for example_dag_decorator to None, run_after=None
[2025-12-06T09:47:29.720+0000] {processor.py:183} INFO - Processing /home/airflow/.local/lib/python3.8/site-packages/airflow/example_dags/example_dag_decorator.py took 0.223 seconds
[2025-12-06T09:48:00.202+0000] {processor.py:161} INFO - Started process (PID=6126) to work on /home/airflow/.local/lib/python3.8/site-packages/airflow/example_dags/example_dag_decorator.py
[2025-12-06T09:48:00.204+0000] {processor.py:830} INFO - Processing file /home/airflow/.local/lib/python3.8/site-packages/airflow/example_dags/example_dag_decorator.py for tasks to queue
[2025-12-06T09:48:00.207+0000] {logging_mixin.py:188} INFO - [2025-12-06T09:48:00.207+0000] {dagbag.py:538} INFO - Filling up the DagBag from /home/airflow/.local/lib/python3.8/site-packages/airflow/example_dags/example_dag_decorator.py
[2025-12-06T09:48:00.339+0000] {processor.py:840} INFO - DAG(s) 'example_dag_decorator' retrieved from /home/airflow/.local/lib/python3.8/site-packages/airflow/example_dags/example_dag_decorator.py
[2025-12-06T09:48:00.377+0000] {logging_mixin.py:188} INFO - [2025-12-06T09:48:00.377+0000] {dag.py:3036} INFO - Sync 1 DAGs
[2025-12-06T09:48:00.393+0000] {logging_mixin.py:188} INFO - [2025-12-06T09:48:00.393+0000] {dag.py:3823} INFO - Setting next_dagrun for example_dag_decorator to None, run_after=None
[2025-12-06T09:48:00.423+0000] {processor.py:183} INFO - Processing /home/airflow/.local/lib/python3.8/site-packages/airflow/example_dags/example_dag_decorator.py took 0.226 seconds
[2025-12-06T09:48:30.960+0000] {processor.py:161} INFO - Started process (PID=6185) to work on /home/airflow/.local/lib/python3.8/site-packages/airflow/example_dags/example_dag_decorator.py
[2025-12-06T09:48:30.962+0000] {processor.py:830} INFO - Processing file /home/airflow/.local/lib/python3.8/site-packages/airflow/example_dags/example_dag_decorator.py for tasks to queue
[2025-12-06T09:48:30.964+0000] {logging_mixin.py:188} INFO - [2025-12-06T09:48:30.964+0000] {dagbag.py:538} INFO - Filling up the DagBag from /home/airflow/.local/lib/python3.8/site-packages/airflow/example_dags/example_dag_decorator.py
[2025-12-06T09:48:31.085+0000] {processor.py:840} INFO - DAG(s) 'example_dag_decorator' retrieved from /home/airflow/.local/lib/python3.8/site-packages/airflow/example_dags/example_dag_decorator.py
[2025-12-06T09:48:31.120+0000] {logging_mixin.py:188} INFO - [2025-12-06T09:48:31.120+0000] {dag.py:3036} INFO - Sync 1 DAGs
[2025-12-06T09:48:31.144+0000] {logging_mixin.py:188} INFO - [2025-12-06T09:48:31.144+0000] {dag.py:3823} INFO - Setting next_dagrun for example_dag_decorator to None, run_after=None
[2025-12-06T09:48:31.179+0000] {processor.py:183} INFO - Processing /home/airflow/.local/lib/python3.8/site-packages/airflow/example_dags/example_dag_decorator.py took 0.225 seconds
[2025-12-06T09:49:01.659+0000] {processor.py:161} INFO - Started process (PID=6244) to work on /home/airflow/.local/lib/python3.8/site-packages/airflow/example_dags/example_dag_decorator.py
[2025-12-06T09:49:01.661+0000] {processor.py:830} INFO - Processing file /home/airflow/.local/lib/python3.8/site-packages/airflow/example_dags/example_dag_decorator.py for tasks to queue
[2025-12-06T09:49:01.664+0000] {logging_mixin.py:188} INFO - [2025-12-06T09:49:01.664+0000] {dagbag.py:538} INFO - Filling up the DagBag from /home/airflow/.local/lib/python3.8/site-packages/airflow/example_dags/example_dag_decorator.py
[2025-12-06T09:49:01.789+0000] {processor.py:840} INFO - DAG(s) 'example_dag_decorator' retrieved from /home/airflow/.local/lib/python3.8/site-packages/airflow/example_dags/example_dag_decorator.py
[2025-12-06T09:49:01.828+0000] {logging_mixin.py:188} INFO - [2025-12-06T09:49:01.827+0000] {dag.py:3036} INFO - Sync 1 DAGs
[2025-12-06T09:49:01.845+0000] {logging_mixin.py:188} INFO - [2025-12-06T09:49:01.845+0000] {dag.py:3823} INFO - Setting next_dagrun for example_dag_decorator to None, run_after=None
[2025-12-06T09:49:01.878+0000] {processor.py:183} INFO - Processing /home/airflow/.local/lib/python3.8/site-packages/airflow/example_dags/example_dag_decorator.py took 0.225 seconds
[2025-12-06T09:49:32.580+0000] {processor.py:161} INFO - Started process (PID=6303) to work on /home/airflow/.local/lib/python3.8/site-packages/airflow/example_dags/example_dag_decorator.py
[2025-12-06T09:49:32.582+0000] {processor.py:830} INFO - Processing file /home/airflow/.local/lib/python3.8/site-packages/airflow/example_dags/example_dag_decorator.py for tasks to queue
[2025-12-06T09:49:32.586+0000] {logging_mixin.py:188} INFO - [2025-12-06T09:49:32.585+0000] {dagbag.py:538} INFO - Filling up the DagBag from /home/airflow/.local/lib/python3.8/site-packages/airflow/example_dags/example_dag_decorator.py
[2025-12-06T09:49:32.770+0000] {processor.py:840} INFO - DAG(s) 'example_dag_decorator' retrieved from /home/airflow/.local/lib/python3.8/site-packages/airflow/example_dags/example_dag_decorator.py
[2025-12-06T09:49:32.826+0000] {logging_mixin.py:188} INFO - [2025-12-06T09:49:32.826+0000] {dag.py:3036} INFO - Sync 1 DAGs
[2025-12-06T09:49:32.859+0000] {logging_mixin.py:188} INFO - [2025-12-06T09:49:32.858+0000] {dag.py:3823} INFO - Setting next_dagrun for example_dag_decorator to None, run_after=None
[2025-12-06T09:49:32.907+0000] {processor.py:183} INFO - Processing /home/airflow/.local/lib/python3.8/site-packages/airflow/example_dags/example_dag_decorator.py took 0.334 seconds
