[2025-12-06T05:45:41.666+0000] {processor.py:161} INFO - Started process (PID=96) to work on /home/airflow/.local/lib/python3.8/site-packages/airflow/example_dags/example_datasets.py
[2025-12-06T05:45:41.668+0000] {processor.py:830} INFO - Processing file /home/airflow/.local/lib/python3.8/site-packages/airflow/example_dags/example_datasets.py for tasks to queue
[2025-12-06T05:45:41.671+0000] {logging_mixin.py:188} INFO - [2025-12-06T05:45:41.671+0000] {dagbag.py:538} INFO - Filling up the DagBag from /home/airflow/.local/lib/python3.8/site-packages/airflow/example_dags/example_datasets.py
[2025-12-06T05:45:41.688+0000] {processor.py:840} INFO - DAG(s) 'dataset_produces_2', 'dataset_consumes_1', 'dataset_consumes_unknown_never_scheduled', 'dataset_produces_1', 'dataset_consumes_1_never_scheduled', 'dataset_consumes_1_and_2' retrieved from /home/airflow/.local/lib/python3.8/site-packages/airflow/example_dags/example_datasets.py
[2025-12-06T05:45:41.972+0000] {logging_mixin.py:188} INFO - [2025-12-06T05:45:41.972+0000] {dag.py:3036} INFO - Sync 6 DAGs
[2025-12-06T05:45:42.014+0000] {logging_mixin.py:188} INFO - [2025-12-06T05:45:42.013+0000] {dag.py:3823} INFO - Setting next_dagrun for dataset_consumes_1 to None, run_after=None
[2025-12-06T05:45:42.018+0000] {logging_mixin.py:188} INFO - [2025-12-06T05:45:42.018+0000] {dag.py:3823} INFO - Setting next_dagrun for dataset_consumes_1_and_2 to None, run_after=None
[2025-12-06T05:45:42.021+0000] {logging_mixin.py:188} INFO - [2025-12-06T05:45:42.021+0000] {dag.py:3823} INFO - Setting next_dagrun for dataset_consumes_1_never_scheduled to None, run_after=None
[2025-12-06T05:45:42.024+0000] {logging_mixin.py:188} INFO - [2025-12-06T05:45:42.024+0000] {dag.py:3823} INFO - Setting next_dagrun for dataset_consumes_unknown_never_scheduled to None, run_after=None
[2025-12-06T05:45:42.029+0000] {logging_mixin.py:188} INFO - [2025-12-06T05:45:42.029+0000] {dag.py:3823} INFO - Setting next_dagrun for dataset_produces_1 to 2025-12-05 00:00:00+00:00, run_after=2025-12-06 00:00:00+00:00
[2025-12-06T05:45:42.032+0000] {logging_mixin.py:188} INFO - [2025-12-06T05:45:42.032+0000] {dag.py:3823} INFO - Setting next_dagrun for dataset_produces_2 to None, run_after=None
[2025-12-06T05:45:42.096+0000] {processor.py:183} INFO - Processing /home/airflow/.local/lib/python3.8/site-packages/airflow/example_dags/example_datasets.py took 0.436 seconds
[2025-12-06T05:46:12.378+0000] {processor.py:161} INFO - Started process (PID=151) to work on /home/airflow/.local/lib/python3.8/site-packages/airflow/example_dags/example_datasets.py
[2025-12-06T05:46:12.379+0000] {processor.py:830} INFO - Processing file /home/airflow/.local/lib/python3.8/site-packages/airflow/example_dags/example_datasets.py for tasks to queue
[2025-12-06T05:46:12.382+0000] {logging_mixin.py:188} INFO - [2025-12-06T05:46:12.382+0000] {dagbag.py:538} INFO - Filling up the DagBag from /home/airflow/.local/lib/python3.8/site-packages/airflow/example_dags/example_datasets.py
[2025-12-06T05:46:12.397+0000] {processor.py:840} INFO - DAG(s) 'dataset_consumes_1_never_scheduled', 'dataset_produces_1', 'dataset_produces_2', 'dataset_consumes_1_and_2', 'dataset_consumes_1', 'dataset_consumes_unknown_never_scheduled' retrieved from /home/airflow/.local/lib/python3.8/site-packages/airflow/example_dags/example_datasets.py
[2025-12-06T05:46:12.463+0000] {logging_mixin.py:188} INFO - [2025-12-06T05:46:12.463+0000] {dag.py:3036} INFO - Sync 6 DAGs
[2025-12-06T05:46:12.501+0000] {logging_mixin.py:188} INFO - [2025-12-06T05:46:12.501+0000] {dag.py:3823} INFO - Setting next_dagrun for dataset_consumes_1 to None, run_after=None
[2025-12-06T05:46:12.509+0000] {logging_mixin.py:188} INFO - [2025-12-06T05:46:12.508+0000] {dag.py:3823} INFO - Setting next_dagrun for dataset_consumes_1_and_2 to None, run_after=None
[2025-12-06T05:46:12.511+0000] {logging_mixin.py:188} INFO - [2025-12-06T05:46:12.511+0000] {dag.py:3823} INFO - Setting next_dagrun for dataset_consumes_1_never_scheduled to None, run_after=None
[2025-12-06T05:46:12.514+0000] {logging_mixin.py:188} INFO - [2025-12-06T05:46:12.513+0000] {dag.py:3823} INFO - Setting next_dagrun for dataset_consumes_unknown_never_scheduled to None, run_after=None
[2025-12-06T05:46:12.520+0000] {logging_mixin.py:188} INFO - [2025-12-06T05:46:12.519+0000] {dag.py:3823} INFO - Setting next_dagrun for dataset_produces_1 to 2025-12-05 00:00:00+00:00, run_after=2025-12-06 00:00:00+00:00
[2025-12-06T05:46:12.522+0000] {logging_mixin.py:188} INFO - [2025-12-06T05:46:12.521+0000] {dag.py:3823} INFO - Setting next_dagrun for dataset_produces_2 to None, run_after=None
[2025-12-06T05:46:12.592+0000] {processor.py:183} INFO - Processing /home/airflow/.local/lib/python3.8/site-packages/airflow/example_dags/example_datasets.py took 0.219 seconds
[2025-12-06T05:46:43.407+0000] {processor.py:161} INFO - Started process (PID=206) to work on /home/airflow/.local/lib/python3.8/site-packages/airflow/example_dags/example_datasets.py
[2025-12-06T05:46:43.408+0000] {processor.py:830} INFO - Processing file /home/airflow/.local/lib/python3.8/site-packages/airflow/example_dags/example_datasets.py for tasks to queue
[2025-12-06T05:46:43.411+0000] {logging_mixin.py:188} INFO - [2025-12-06T05:46:43.411+0000] {dagbag.py:538} INFO - Filling up the DagBag from /home/airflow/.local/lib/python3.8/site-packages/airflow/example_dags/example_datasets.py
[2025-12-06T05:46:43.424+0000] {processor.py:840} INFO - DAG(s) 'dataset_consumes_1_never_scheduled', 'dataset_consumes_unknown_never_scheduled', 'dataset_consumes_1', 'dataset_consumes_1_and_2', 'dataset_produces_2', 'dataset_produces_1' retrieved from /home/airflow/.local/lib/python3.8/site-packages/airflow/example_dags/example_datasets.py
[2025-12-06T05:46:43.478+0000] {logging_mixin.py:188} INFO - [2025-12-06T05:46:43.477+0000] {dag.py:3036} INFO - Sync 6 DAGs
[2025-12-06T05:46:43.511+0000] {logging_mixin.py:188} INFO - [2025-12-06T05:46:43.511+0000] {dag.py:3823} INFO - Setting next_dagrun for dataset_consumes_1 to None, run_after=None
[2025-12-06T05:46:43.517+0000] {logging_mixin.py:188} INFO - [2025-12-06T05:46:43.516+0000] {dag.py:3823} INFO - Setting next_dagrun for dataset_consumes_1_and_2 to None, run_after=None
[2025-12-06T05:46:43.519+0000] {logging_mixin.py:188} INFO - [2025-12-06T05:46:43.519+0000] {dag.py:3823} INFO - Setting next_dagrun for dataset_consumes_1_never_scheduled to None, run_after=None
[2025-12-06T05:46:43.521+0000] {logging_mixin.py:188} INFO - [2025-12-06T05:46:43.521+0000] {dag.py:3823} INFO - Setting next_dagrun for dataset_consumes_unknown_never_scheduled to None, run_after=None
[2025-12-06T05:46:43.526+0000] {logging_mixin.py:188} INFO - [2025-12-06T05:46:43.525+0000] {dag.py:3823} INFO - Setting next_dagrun for dataset_produces_1 to 2025-12-05 00:00:00+00:00, run_after=2025-12-06 00:00:00+00:00
[2025-12-06T05:46:43.528+0000] {logging_mixin.py:188} INFO - [2025-12-06T05:46:43.528+0000] {dag.py:3823} INFO - Setting next_dagrun for dataset_produces_2 to None, run_after=None
[2025-12-06T05:46:43.596+0000] {processor.py:183} INFO - Processing /home/airflow/.local/lib/python3.8/site-packages/airflow/example_dags/example_datasets.py took 0.194 seconds
[2025-12-06T05:47:13.904+0000] {processor.py:161} INFO - Started process (PID=261) to work on /home/airflow/.local/lib/python3.8/site-packages/airflow/example_dags/example_datasets.py
[2025-12-06T05:47:13.905+0000] {processor.py:830} INFO - Processing file /home/airflow/.local/lib/python3.8/site-packages/airflow/example_dags/example_datasets.py for tasks to queue
[2025-12-06T05:47:13.909+0000] {logging_mixin.py:188} INFO - [2025-12-06T05:47:13.908+0000] {dagbag.py:538} INFO - Filling up the DagBag from /home/airflow/.local/lib/python3.8/site-packages/airflow/example_dags/example_datasets.py
[2025-12-06T05:47:13.924+0000] {processor.py:840} INFO - DAG(s) 'dataset_consumes_1', 'dataset_consumes_1_never_scheduled', 'dataset_consumes_unknown_never_scheduled', 'dataset_consumes_1_and_2', 'dataset_produces_1', 'dataset_produces_2' retrieved from /home/airflow/.local/lib/python3.8/site-packages/airflow/example_dags/example_datasets.py
[2025-12-06T05:47:13.994+0000] {logging_mixin.py:188} INFO - [2025-12-06T05:47:13.994+0000] {dag.py:3036} INFO - Sync 6 DAGs
[2025-12-06T05:47:14.028+0000] {logging_mixin.py:188} INFO - [2025-12-06T05:47:14.027+0000] {dag.py:3823} INFO - Setting next_dagrun for dataset_consumes_1 to None, run_after=None
[2025-12-06T05:47:14.034+0000] {logging_mixin.py:188} INFO - [2025-12-06T05:47:14.033+0000] {dag.py:3823} INFO - Setting next_dagrun for dataset_consumes_1_and_2 to None, run_after=None
[2025-12-06T05:47:14.037+0000] {logging_mixin.py:188} INFO - [2025-12-06T05:47:14.037+0000] {dag.py:3823} INFO - Setting next_dagrun for dataset_consumes_1_never_scheduled to None, run_after=None
[2025-12-06T05:47:14.040+0000] {logging_mixin.py:188} INFO - [2025-12-06T05:47:14.040+0000] {dag.py:3823} INFO - Setting next_dagrun for dataset_consumes_unknown_never_scheduled to None, run_after=None
[2025-12-06T05:47:14.046+0000] {logging_mixin.py:188} INFO - [2025-12-06T05:47:14.045+0000] {dag.py:3823} INFO - Setting next_dagrun for dataset_produces_1 to 2025-12-05 00:00:00+00:00, run_after=2025-12-06 00:00:00+00:00
[2025-12-06T05:47:14.049+0000] {logging_mixin.py:188} INFO - [2025-12-06T05:47:14.049+0000] {dag.py:3823} INFO - Setting next_dagrun for dataset_produces_2 to None, run_after=None
[2025-12-06T05:47:14.117+0000] {processor.py:183} INFO - Processing /home/airflow/.local/lib/python3.8/site-packages/airflow/example_dags/example_datasets.py took 0.218 seconds
[2025-12-06T05:47:44.170+0000] {processor.py:161} INFO - Started process (PID=316) to work on /home/airflow/.local/lib/python3.8/site-packages/airflow/example_dags/example_datasets.py
[2025-12-06T05:47:44.171+0000] {processor.py:830} INFO - Processing file /home/airflow/.local/lib/python3.8/site-packages/airflow/example_dags/example_datasets.py for tasks to queue
[2025-12-06T05:47:44.174+0000] {logging_mixin.py:188} INFO - [2025-12-06T05:47:44.173+0000] {dagbag.py:538} INFO - Filling up the DagBag from /home/airflow/.local/lib/python3.8/site-packages/airflow/example_dags/example_datasets.py
[2025-12-06T05:47:44.190+0000] {processor.py:840} INFO - DAG(s) 'dataset_consumes_1_and_2', 'dataset_consumes_1', 'dataset_consumes_unknown_never_scheduled', 'dataset_produces_1', 'dataset_produces_2', 'dataset_consumes_1_never_scheduled' retrieved from /home/airflow/.local/lib/python3.8/site-packages/airflow/example_dags/example_datasets.py
[2025-12-06T05:47:44.245+0000] {logging_mixin.py:188} INFO - [2025-12-06T05:47:44.245+0000] {dag.py:3036} INFO - Sync 6 DAGs
[2025-12-06T05:47:44.279+0000] {logging_mixin.py:188} INFO - [2025-12-06T05:47:44.279+0000] {dag.py:3823} INFO - Setting next_dagrun for dataset_consumes_1 to None, run_after=None
[2025-12-06T05:47:44.286+0000] {logging_mixin.py:188} INFO - [2025-12-06T05:47:44.285+0000] {dag.py:3823} INFO - Setting next_dagrun for dataset_consumes_1_and_2 to None, run_after=None
[2025-12-06T05:47:44.288+0000] {logging_mixin.py:188} INFO - [2025-12-06T05:47:44.288+0000] {dag.py:3823} INFO - Setting next_dagrun for dataset_consumes_1_never_scheduled to None, run_after=None
[2025-12-06T05:47:44.291+0000] {logging_mixin.py:188} INFO - [2025-12-06T05:47:44.291+0000] {dag.py:3823} INFO - Setting next_dagrun for dataset_consumes_unknown_never_scheduled to None, run_after=None
[2025-12-06T05:47:44.296+0000] {logging_mixin.py:188} INFO - [2025-12-06T05:47:44.295+0000] {dag.py:3823} INFO - Setting next_dagrun for dataset_produces_1 to 2025-12-05 00:00:00+00:00, run_after=2025-12-06 00:00:00+00:00
[2025-12-06T05:47:44.298+0000] {logging_mixin.py:188} INFO - [2025-12-06T05:47:44.298+0000] {dag.py:3823} INFO - Setting next_dagrun for dataset_produces_2 to None, run_after=None
[2025-12-06T05:47:44.349+0000] {processor.py:183} INFO - Processing /home/airflow/.local/lib/python3.8/site-packages/airflow/example_dags/example_datasets.py took 0.183 seconds
[2025-12-06T05:48:14.745+0000] {processor.py:161} INFO - Started process (PID=371) to work on /home/airflow/.local/lib/python3.8/site-packages/airflow/example_dags/example_datasets.py
[2025-12-06T05:48:14.746+0000] {processor.py:830} INFO - Processing file /home/airflow/.local/lib/python3.8/site-packages/airflow/example_dags/example_datasets.py for tasks to queue
[2025-12-06T05:48:14.749+0000] {logging_mixin.py:188} INFO - [2025-12-06T05:48:14.749+0000] {dagbag.py:538} INFO - Filling up the DagBag from /home/airflow/.local/lib/python3.8/site-packages/airflow/example_dags/example_datasets.py
[2025-12-06T05:48:14.763+0000] {processor.py:840} INFO - DAG(s) 'dataset_consumes_1_never_scheduled', 'dataset_produces_1', 'dataset_consumes_1', 'dataset_consumes_unknown_never_scheduled', 'dataset_produces_2', 'dataset_consumes_1_and_2' retrieved from /home/airflow/.local/lib/python3.8/site-packages/airflow/example_dags/example_datasets.py
[2025-12-06T05:48:14.819+0000] {logging_mixin.py:188} INFO - [2025-12-06T05:48:14.819+0000] {dag.py:3036} INFO - Sync 6 DAGs
[2025-12-06T05:48:14.850+0000] {logging_mixin.py:188} INFO - [2025-12-06T05:48:14.850+0000] {dag.py:3823} INFO - Setting next_dagrun for dataset_consumes_1 to None, run_after=None
[2025-12-06T05:48:14.855+0000] {logging_mixin.py:188} INFO - [2025-12-06T05:48:14.855+0000] {dag.py:3823} INFO - Setting next_dagrun for dataset_consumes_1_and_2 to None, run_after=None
[2025-12-06T05:48:14.858+0000] {logging_mixin.py:188} INFO - [2025-12-06T05:48:14.857+0000] {dag.py:3823} INFO - Setting next_dagrun for dataset_consumes_1_never_scheduled to None, run_after=None
[2025-12-06T05:48:14.862+0000] {logging_mixin.py:188} INFO - [2025-12-06T05:48:14.861+0000] {dag.py:3823} INFO - Setting next_dagrun for dataset_consumes_unknown_never_scheduled to None, run_after=None
[2025-12-06T05:48:14.866+0000] {logging_mixin.py:188} INFO - [2025-12-06T05:48:14.866+0000] {dag.py:3823} INFO - Setting next_dagrun for dataset_produces_1 to 2025-12-05 00:00:00+00:00, run_after=2025-12-06 00:00:00+00:00
[2025-12-06T05:48:14.870+0000] {logging_mixin.py:188} INFO - [2025-12-06T05:48:14.870+0000] {dag.py:3823} INFO - Setting next_dagrun for dataset_produces_2 to None, run_after=None
[2025-12-06T05:48:14.924+0000] {processor.py:183} INFO - Processing /home/airflow/.local/lib/python3.8/site-packages/airflow/example_dags/example_datasets.py took 0.184 seconds
[2025-12-06T05:48:45.091+0000] {processor.py:161} INFO - Started process (PID=427) to work on /home/airflow/.local/lib/python3.8/site-packages/airflow/example_dags/example_datasets.py
[2025-12-06T05:48:45.092+0000] {processor.py:830} INFO - Processing file /home/airflow/.local/lib/python3.8/site-packages/airflow/example_dags/example_datasets.py for tasks to queue
[2025-12-06T05:48:45.095+0000] {logging_mixin.py:188} INFO - [2025-12-06T05:48:45.094+0000] {dagbag.py:538} INFO - Filling up the DagBag from /home/airflow/.local/lib/python3.8/site-packages/airflow/example_dags/example_datasets.py
[2025-12-06T05:48:45.108+0000] {processor.py:840} INFO - DAG(s) 'dataset_produces_2', 'dataset_consumes_1', 'dataset_consumes_unknown_never_scheduled', 'dataset_consumes_1_never_scheduled', 'dataset_consumes_1_and_2', 'dataset_produces_1' retrieved from /home/airflow/.local/lib/python3.8/site-packages/airflow/example_dags/example_datasets.py
[2025-12-06T05:48:45.163+0000] {logging_mixin.py:188} INFO - [2025-12-06T05:48:45.163+0000] {dag.py:3036} INFO - Sync 6 DAGs
[2025-12-06T05:48:45.202+0000] {logging_mixin.py:188} INFO - [2025-12-06T05:48:45.201+0000] {dag.py:3823} INFO - Setting next_dagrun for dataset_consumes_1 to None, run_after=None
[2025-12-06T05:48:45.212+0000] {logging_mixin.py:188} INFO - [2025-12-06T05:48:45.211+0000] {dag.py:3823} INFO - Setting next_dagrun for dataset_consumes_1_and_2 to None, run_after=None
[2025-12-06T05:48:45.220+0000] {logging_mixin.py:188} INFO - [2025-12-06T05:48:45.219+0000] {dag.py:3823} INFO - Setting next_dagrun for dataset_consumes_1_never_scheduled to None, run_after=None
[2025-12-06T05:48:45.222+0000] {logging_mixin.py:188} INFO - [2025-12-06T05:48:45.222+0000] {dag.py:3823} INFO - Setting next_dagrun for dataset_consumes_unknown_never_scheduled to None, run_after=None
[2025-12-06T05:48:45.227+0000] {logging_mixin.py:188} INFO - [2025-12-06T05:48:45.227+0000] {dag.py:3823} INFO - Setting next_dagrun for dataset_produces_1 to 2025-12-05 00:00:00+00:00, run_after=2025-12-06 00:00:00+00:00
[2025-12-06T05:48:45.230+0000] {logging_mixin.py:188} INFO - [2025-12-06T05:48:45.230+0000] {dag.py:3823} INFO - Setting next_dagrun for dataset_produces_2 to None, run_after=None
[2025-12-06T05:48:45.295+0000] {processor.py:183} INFO - Processing /home/airflow/.local/lib/python3.8/site-packages/airflow/example_dags/example_datasets.py took 0.208 seconds
[2025-12-06T05:49:15.586+0000] {processor.py:161} INFO - Started process (PID=482) to work on /home/airflow/.local/lib/python3.8/site-packages/airflow/example_dags/example_datasets.py
[2025-12-06T05:49:15.588+0000] {processor.py:830} INFO - Processing file /home/airflow/.local/lib/python3.8/site-packages/airflow/example_dags/example_datasets.py for tasks to queue
[2025-12-06T05:49:15.590+0000] {logging_mixin.py:188} INFO - [2025-12-06T05:49:15.590+0000] {dagbag.py:538} INFO - Filling up the DagBag from /home/airflow/.local/lib/python3.8/site-packages/airflow/example_dags/example_datasets.py
[2025-12-06T05:49:15.606+0000] {processor.py:840} INFO - DAG(s) 'dataset_produces_2', 'dataset_consumes_unknown_never_scheduled', 'dataset_consumes_1_and_2', 'dataset_consumes_1', 'dataset_produces_1', 'dataset_consumes_1_never_scheduled' retrieved from /home/airflow/.local/lib/python3.8/site-packages/airflow/example_dags/example_datasets.py
[2025-12-06T05:49:15.676+0000] {logging_mixin.py:188} INFO - [2025-12-06T05:49:15.675+0000] {dag.py:3036} INFO - Sync 6 DAGs
[2025-12-06T05:49:15.733+0000] {logging_mixin.py:188} INFO - [2025-12-06T05:49:15.733+0000] {dag.py:3823} INFO - Setting next_dagrun for dataset_consumes_1 to None, run_after=None
[2025-12-06T05:49:15.739+0000] {logging_mixin.py:188} INFO - [2025-12-06T05:49:15.739+0000] {dag.py:3823} INFO - Setting next_dagrun for dataset_consumes_1_and_2 to None, run_after=None
[2025-12-06T05:49:15.741+0000] {logging_mixin.py:188} INFO - [2025-12-06T05:49:15.741+0000] {dag.py:3823} INFO - Setting next_dagrun for dataset_consumes_1_never_scheduled to None, run_after=None
[2025-12-06T05:49:15.743+0000] {logging_mixin.py:188} INFO - [2025-12-06T05:49:15.743+0000] {dag.py:3823} INFO - Setting next_dagrun for dataset_consumes_unknown_never_scheduled to None, run_after=None
[2025-12-06T05:49:15.749+0000] {logging_mixin.py:188} INFO - [2025-12-06T05:49:15.749+0000] {dag.py:3823} INFO - Setting next_dagrun for dataset_produces_1 to 2025-12-05 00:00:00+00:00, run_after=2025-12-06 00:00:00+00:00
[2025-12-06T05:49:15.752+0000] {logging_mixin.py:188} INFO - [2025-12-06T05:49:15.752+0000] {dag.py:3823} INFO - Setting next_dagrun for dataset_produces_2 to None, run_after=None
[2025-12-06T05:49:15.818+0000] {processor.py:183} INFO - Processing /home/airflow/.local/lib/python3.8/site-packages/airflow/example_dags/example_datasets.py took 0.237 seconds
[2025-12-06T05:49:46.017+0000] {processor.py:161} INFO - Started process (PID=536) to work on /home/airflow/.local/lib/python3.8/site-packages/airflow/example_dags/example_datasets.py
[2025-12-06T05:49:46.019+0000] {processor.py:830} INFO - Processing file /home/airflow/.local/lib/python3.8/site-packages/airflow/example_dags/example_datasets.py for tasks to queue
[2025-12-06T05:49:46.022+0000] {logging_mixin.py:188} INFO - [2025-12-06T05:49:46.022+0000] {dagbag.py:538} INFO - Filling up the DagBag from /home/airflow/.local/lib/python3.8/site-packages/airflow/example_dags/example_datasets.py
[2025-12-06T05:49:46.048+0000] {processor.py:840} INFO - DAG(s) 'dataset_consumes_1_and_2', 'dataset_consumes_1_never_scheduled', 'dataset_produces_1', 'dataset_consumes_unknown_never_scheduled', 'dataset_consumes_1', 'dataset_produces_2' retrieved from /home/airflow/.local/lib/python3.8/site-packages/airflow/example_dags/example_datasets.py
[2025-12-06T05:49:46.126+0000] {logging_mixin.py:188} INFO - [2025-12-06T05:49:46.126+0000] {dag.py:3036} INFO - Sync 6 DAGs
[2025-12-06T05:49:46.169+0000] {logging_mixin.py:188} INFO - [2025-12-06T05:49:46.169+0000] {dag.py:3823} INFO - Setting next_dagrun for dataset_consumes_1 to None, run_after=None
[2025-12-06T05:49:46.175+0000] {logging_mixin.py:188} INFO - [2025-12-06T05:49:46.175+0000] {dag.py:3823} INFO - Setting next_dagrun for dataset_consumes_1_and_2 to None, run_after=None
[2025-12-06T05:49:46.178+0000] {logging_mixin.py:188} INFO - [2025-12-06T05:49:46.178+0000] {dag.py:3823} INFO - Setting next_dagrun for dataset_consumes_1_never_scheduled to None, run_after=None
[2025-12-06T05:49:46.181+0000] {logging_mixin.py:188} INFO - [2025-12-06T05:49:46.181+0000] {dag.py:3823} INFO - Setting next_dagrun for dataset_consumes_unknown_never_scheduled to None, run_after=None
[2025-12-06T05:49:46.185+0000] {logging_mixin.py:188} INFO - [2025-12-06T05:49:46.185+0000] {dag.py:3823} INFO - Setting next_dagrun for dataset_produces_1 to 2025-12-05 00:00:00+00:00, run_after=2025-12-06 00:00:00+00:00
[2025-12-06T05:49:46.188+0000] {logging_mixin.py:188} INFO - [2025-12-06T05:49:46.187+0000] {dag.py:3823} INFO - Setting next_dagrun for dataset_produces_2 to None, run_after=None
[2025-12-06T05:49:46.244+0000] {processor.py:183} INFO - Processing /home/airflow/.local/lib/python3.8/site-packages/airflow/example_dags/example_datasets.py took 0.231 seconds
[2025-12-06T05:50:16.336+0000] {processor.py:161} INFO - Started process (PID=591) to work on /home/airflow/.local/lib/python3.8/site-packages/airflow/example_dags/example_datasets.py
[2025-12-06T05:50:16.339+0000] {processor.py:830} INFO - Processing file /home/airflow/.local/lib/python3.8/site-packages/airflow/example_dags/example_datasets.py for tasks to queue
[2025-12-06T05:50:16.342+0000] {logging_mixin.py:188} INFO - [2025-12-06T05:50:16.341+0000] {dagbag.py:538} INFO - Filling up the DagBag from /home/airflow/.local/lib/python3.8/site-packages/airflow/example_dags/example_datasets.py
[2025-12-06T05:50:16.358+0000] {processor.py:840} INFO - DAG(s) 'dataset_produces_2', 'dataset_consumes_1', 'dataset_produces_1', 'dataset_consumes_1_and_2', 'dataset_consumes_unknown_never_scheduled', 'dataset_consumes_1_never_scheduled' retrieved from /home/airflow/.local/lib/python3.8/site-packages/airflow/example_dags/example_datasets.py
[2025-12-06T05:50:16.459+0000] {logging_mixin.py:188} INFO - [2025-12-06T05:50:16.459+0000] {dag.py:3036} INFO - Sync 6 DAGs
[2025-12-06T05:50:16.507+0000] {logging_mixin.py:188} INFO - [2025-12-06T05:50:16.507+0000] {dag.py:3823} INFO - Setting next_dagrun for dataset_consumes_1 to None, run_after=None
[2025-12-06T05:50:16.515+0000] {logging_mixin.py:188} INFO - [2025-12-06T05:50:16.514+0000] {dag.py:3823} INFO - Setting next_dagrun for dataset_consumes_1_and_2 to None, run_after=None
[2025-12-06T05:50:16.522+0000] {logging_mixin.py:188} INFO - [2025-12-06T05:50:16.521+0000] {dag.py:3823} INFO - Setting next_dagrun for dataset_consumes_1_never_scheduled to None, run_after=None
[2025-12-06T05:50:16.524+0000] {logging_mixin.py:188} INFO - [2025-12-06T05:50:16.524+0000] {dag.py:3823} INFO - Setting next_dagrun for dataset_consumes_unknown_never_scheduled to None, run_after=None
[2025-12-06T05:50:16.530+0000] {logging_mixin.py:188} INFO - [2025-12-06T05:50:16.530+0000] {dag.py:3823} INFO - Setting next_dagrun for dataset_produces_1 to 2025-12-05 00:00:00+00:00, run_after=2025-12-06 00:00:00+00:00
[2025-12-06T05:50:16.537+0000] {logging_mixin.py:188} INFO - [2025-12-06T05:50:16.536+0000] {dag.py:3823} INFO - Setting next_dagrun for dataset_produces_2 to None, run_after=None
[2025-12-06T05:50:16.603+0000] {processor.py:183} INFO - Processing /home/airflow/.local/lib/python3.8/site-packages/airflow/example_dags/example_datasets.py took 0.272 seconds
[2025-12-06T05:50:47.147+0000] {processor.py:161} INFO - Started process (PID=647) to work on /home/airflow/.local/lib/python3.8/site-packages/airflow/example_dags/example_datasets.py
[2025-12-06T05:50:47.149+0000] {processor.py:830} INFO - Processing file /home/airflow/.local/lib/python3.8/site-packages/airflow/example_dags/example_datasets.py for tasks to queue
[2025-12-06T05:50:47.152+0000] {logging_mixin.py:188} INFO - [2025-12-06T05:50:47.152+0000] {dagbag.py:538} INFO - Filling up the DagBag from /home/airflow/.local/lib/python3.8/site-packages/airflow/example_dags/example_datasets.py
[2025-12-06T05:50:47.171+0000] {processor.py:840} INFO - DAG(s) 'dataset_consumes_1_never_scheduled', 'dataset_produces_2', 'dataset_consumes_unknown_never_scheduled', 'dataset_consumes_1', 'dataset_produces_1', 'dataset_consumes_1_and_2' retrieved from /home/airflow/.local/lib/python3.8/site-packages/airflow/example_dags/example_datasets.py
[2025-12-06T05:50:47.233+0000] {logging_mixin.py:188} INFO - [2025-12-06T05:50:47.233+0000] {dag.py:3036} INFO - Sync 6 DAGs
[2025-12-06T05:50:47.270+0000] {logging_mixin.py:188} INFO - [2025-12-06T05:50:47.270+0000] {dag.py:3823} INFO - Setting next_dagrun for dataset_consumes_1 to None, run_after=None
[2025-12-06T05:50:47.278+0000] {logging_mixin.py:188} INFO - [2025-12-06T05:50:47.278+0000] {dag.py:3823} INFO - Setting next_dagrun for dataset_consumes_1_and_2 to None, run_after=None
[2025-12-06T05:50:47.281+0000] {logging_mixin.py:188} INFO - [2025-12-06T05:50:47.281+0000] {dag.py:3823} INFO - Setting next_dagrun for dataset_consumes_1_never_scheduled to None, run_after=None
[2025-12-06T05:50:47.284+0000] {logging_mixin.py:188} INFO - [2025-12-06T05:50:47.283+0000] {dag.py:3823} INFO - Setting next_dagrun for dataset_consumes_unknown_never_scheduled to None, run_after=None
[2025-12-06T05:50:47.288+0000] {logging_mixin.py:188} INFO - [2025-12-06T05:50:47.287+0000] {dag.py:3823} INFO - Setting next_dagrun for dataset_produces_1 to 2025-12-05 00:00:00+00:00, run_after=2025-12-06 00:00:00+00:00
[2025-12-06T05:50:47.291+0000] {logging_mixin.py:188} INFO - [2025-12-06T05:50:47.291+0000] {dag.py:3823} INFO - Setting next_dagrun for dataset_produces_2 to None, run_after=None
[2025-12-06T05:50:47.353+0000] {processor.py:183} INFO - Processing /home/airflow/.local/lib/python3.8/site-packages/airflow/example_dags/example_datasets.py took 0.211 seconds
[2025-12-06T05:51:17.390+0000] {processor.py:161} INFO - Started process (PID=702) to work on /home/airflow/.local/lib/python3.8/site-packages/airflow/example_dags/example_datasets.py
[2025-12-06T05:51:17.391+0000] {processor.py:830} INFO - Processing file /home/airflow/.local/lib/python3.8/site-packages/airflow/example_dags/example_datasets.py for tasks to queue
[2025-12-06T05:51:17.395+0000] {logging_mixin.py:188} INFO - [2025-12-06T05:51:17.394+0000] {dagbag.py:538} INFO - Filling up the DagBag from /home/airflow/.local/lib/python3.8/site-packages/airflow/example_dags/example_datasets.py
[2025-12-06T05:51:17.408+0000] {processor.py:840} INFO - DAG(s) 'dataset_consumes_unknown_never_scheduled', 'dataset_consumes_1_never_scheduled', 'dataset_consumes_1', 'dataset_produces_1', 'dataset_consumes_1_and_2', 'dataset_produces_2' retrieved from /home/airflow/.local/lib/python3.8/site-packages/airflow/example_dags/example_datasets.py
[2025-12-06T05:51:17.465+0000] {logging_mixin.py:188} INFO - [2025-12-06T05:51:17.465+0000] {dag.py:3036} INFO - Sync 6 DAGs
[2025-12-06T05:51:17.496+0000] {logging_mixin.py:188} INFO - [2025-12-06T05:51:17.496+0000] {dag.py:3823} INFO - Setting next_dagrun for dataset_consumes_1 to None, run_after=None
[2025-12-06T05:51:17.502+0000] {logging_mixin.py:188} INFO - [2025-12-06T05:51:17.502+0000] {dag.py:3823} INFO - Setting next_dagrun for dataset_consumes_1_and_2 to None, run_after=None
[2025-12-06T05:51:17.504+0000] {logging_mixin.py:188} INFO - [2025-12-06T05:51:17.504+0000] {dag.py:3823} INFO - Setting next_dagrun for dataset_consumes_1_never_scheduled to None, run_after=None
[2025-12-06T05:51:17.506+0000] {logging_mixin.py:188} INFO - [2025-12-06T05:51:17.506+0000] {dag.py:3823} INFO - Setting next_dagrun for dataset_consumes_unknown_never_scheduled to None, run_after=None
[2025-12-06T05:51:17.510+0000] {logging_mixin.py:188} INFO - [2025-12-06T05:51:17.510+0000] {dag.py:3823} INFO - Setting next_dagrun for dataset_produces_1 to 2025-12-05 00:00:00+00:00, run_after=2025-12-06 00:00:00+00:00
[2025-12-06T05:51:17.512+0000] {logging_mixin.py:188} INFO - [2025-12-06T05:51:17.512+0000] {dag.py:3823} INFO - Setting next_dagrun for dataset_produces_2 to None, run_after=None
[2025-12-06T05:51:17.554+0000] {processor.py:183} INFO - Processing /home/airflow/.local/lib/python3.8/site-packages/airflow/example_dags/example_datasets.py took 0.171 seconds
[2025-12-06T05:51:48.469+0000] {processor.py:161} INFO - Started process (PID=756) to work on /home/airflow/.local/lib/python3.8/site-packages/airflow/example_dags/example_datasets.py
[2025-12-06T05:51:48.470+0000] {processor.py:830} INFO - Processing file /home/airflow/.local/lib/python3.8/site-packages/airflow/example_dags/example_datasets.py for tasks to queue
[2025-12-06T05:51:48.475+0000] {logging_mixin.py:188} INFO - [2025-12-06T05:51:48.474+0000] {dagbag.py:538} INFO - Filling up the DagBag from /home/airflow/.local/lib/python3.8/site-packages/airflow/example_dags/example_datasets.py
[2025-12-06T05:51:48.494+0000] {processor.py:840} INFO - DAG(s) 'dataset_produces_2', 'dataset_consumes_1_and_2', 'dataset_consumes_unknown_never_scheduled', 'dataset_consumes_1', 'dataset_consumes_1_never_scheduled', 'dataset_produces_1' retrieved from /home/airflow/.local/lib/python3.8/site-packages/airflow/example_dags/example_datasets.py
[2025-12-06T05:51:48.571+0000] {logging_mixin.py:188} INFO - [2025-12-06T05:51:48.570+0000] {dag.py:3036} INFO - Sync 6 DAGs
[2025-12-06T05:51:48.670+0000] {logging_mixin.py:188} INFO - [2025-12-06T05:51:48.670+0000] {dag.py:3823} INFO - Setting next_dagrun for dataset_consumes_1 to None, run_after=None
[2025-12-06T05:51:48.677+0000] {logging_mixin.py:188} INFO - [2025-12-06T05:51:48.676+0000] {dag.py:3823} INFO - Setting next_dagrun for dataset_consumes_1_and_2 to None, run_after=None
[2025-12-06T05:51:48.681+0000] {logging_mixin.py:188} INFO - [2025-12-06T05:51:48.681+0000] {dag.py:3823} INFO - Setting next_dagrun for dataset_consumes_1_never_scheduled to None, run_after=None
[2025-12-06T05:51:48.684+0000] {logging_mixin.py:188} INFO - [2025-12-06T05:51:48.684+0000] {dag.py:3823} INFO - Setting next_dagrun for dataset_consumes_unknown_never_scheduled to None, run_after=None
[2025-12-06T05:51:48.691+0000] {logging_mixin.py:188} INFO - [2025-12-06T05:51:48.690+0000] {dag.py:3823} INFO - Setting next_dagrun for dataset_produces_1 to 2025-12-05 00:00:00+00:00, run_after=2025-12-06 00:00:00+00:00
[2025-12-06T05:51:48.695+0000] {logging_mixin.py:188} INFO - [2025-12-06T05:51:48.694+0000] {dag.py:3823} INFO - Setting next_dagrun for dataset_produces_2 to None, run_after=None
[2025-12-06T05:51:48.762+0000] {processor.py:183} INFO - Processing /home/airflow/.local/lib/python3.8/site-packages/airflow/example_dags/example_datasets.py took 0.299 seconds
[2025-12-06T05:52:19.189+0000] {processor.py:161} INFO - Started process (PID=811) to work on /home/airflow/.local/lib/python3.8/site-packages/airflow/example_dags/example_datasets.py
[2025-12-06T05:52:19.191+0000] {processor.py:830} INFO - Processing file /home/airflow/.local/lib/python3.8/site-packages/airflow/example_dags/example_datasets.py for tasks to queue
[2025-12-06T05:52:19.194+0000] {logging_mixin.py:188} INFO - [2025-12-06T05:52:19.194+0000] {dagbag.py:538} INFO - Filling up the DagBag from /home/airflow/.local/lib/python3.8/site-packages/airflow/example_dags/example_datasets.py
[2025-12-06T05:52:19.208+0000] {processor.py:840} INFO - DAG(s) 'dataset_consumes_1_never_scheduled', 'dataset_produces_2', 'dataset_consumes_unknown_never_scheduled', 'dataset_consumes_1', 'dataset_consumes_1_and_2', 'dataset_produces_1' retrieved from /home/airflow/.local/lib/python3.8/site-packages/airflow/example_dags/example_datasets.py
[2025-12-06T05:52:19.272+0000] {logging_mixin.py:188} INFO - [2025-12-06T05:52:19.271+0000] {dag.py:3036} INFO - Sync 6 DAGs
[2025-12-06T05:52:19.304+0000] {logging_mixin.py:188} INFO - [2025-12-06T05:52:19.304+0000] {dag.py:3823} INFO - Setting next_dagrun for dataset_consumes_1 to None, run_after=None
[2025-12-06T05:52:19.310+0000] {logging_mixin.py:188} INFO - [2025-12-06T05:52:19.310+0000] {dag.py:3823} INFO - Setting next_dagrun for dataset_consumes_1_and_2 to None, run_after=None
[2025-12-06T05:52:19.314+0000] {logging_mixin.py:188} INFO - [2025-12-06T05:52:19.313+0000] {dag.py:3823} INFO - Setting next_dagrun for dataset_consumes_1_never_scheduled to None, run_after=None
[2025-12-06T05:52:19.316+0000] {logging_mixin.py:188} INFO - [2025-12-06T05:52:19.316+0000] {dag.py:3823} INFO - Setting next_dagrun for dataset_consumes_unknown_never_scheduled to None, run_after=None
[2025-12-06T05:52:19.322+0000] {logging_mixin.py:188} INFO - [2025-12-06T05:52:19.321+0000] {dag.py:3823} INFO - Setting next_dagrun for dataset_produces_1 to 2025-12-05 00:00:00+00:00, run_after=2025-12-06 00:00:00+00:00
[2025-12-06T05:52:19.325+0000] {logging_mixin.py:188} INFO - [2025-12-06T05:52:19.324+0000] {dag.py:3823} INFO - Setting next_dagrun for dataset_produces_2 to None, run_after=None
[2025-12-06T05:52:19.382+0000] {processor.py:183} INFO - Processing /home/airflow/.local/lib/python3.8/site-packages/airflow/example_dags/example_datasets.py took 0.198 seconds
[2025-12-06T05:52:49.504+0000] {processor.py:161} INFO - Started process (PID=866) to work on /home/airflow/.local/lib/python3.8/site-packages/airflow/example_dags/example_datasets.py
[2025-12-06T05:52:49.505+0000] {processor.py:830} INFO - Processing file /home/airflow/.local/lib/python3.8/site-packages/airflow/example_dags/example_datasets.py for tasks to queue
[2025-12-06T05:52:49.509+0000] {logging_mixin.py:188} INFO - [2025-12-06T05:52:49.508+0000] {dagbag.py:538} INFO - Filling up the DagBag from /home/airflow/.local/lib/python3.8/site-packages/airflow/example_dags/example_datasets.py
[2025-12-06T05:52:49.524+0000] {processor.py:840} INFO - DAG(s) 'dataset_consumes_1', 'dataset_consumes_1_never_scheduled', 'dataset_produces_1', 'dataset_consumes_unknown_never_scheduled', 'dataset_consumes_1_and_2', 'dataset_produces_2' retrieved from /home/airflow/.local/lib/python3.8/site-packages/airflow/example_dags/example_datasets.py
[2025-12-06T05:52:49.597+0000] {logging_mixin.py:188} INFO - [2025-12-06T05:52:49.596+0000] {dag.py:3036} INFO - Sync 6 DAGs
[2025-12-06T05:52:49.637+0000] {logging_mixin.py:188} INFO - [2025-12-06T05:52:49.637+0000] {dag.py:3823} INFO - Setting next_dagrun for dataset_consumes_1 to None, run_after=None
[2025-12-06T05:52:49.643+0000] {logging_mixin.py:188} INFO - [2025-12-06T05:52:49.642+0000] {dag.py:3823} INFO - Setting next_dagrun for dataset_consumes_1_and_2 to None, run_after=None
[2025-12-06T05:52:49.645+0000] {logging_mixin.py:188} INFO - [2025-12-06T05:52:49.645+0000] {dag.py:3823} INFO - Setting next_dagrun for dataset_consumes_1_never_scheduled to None, run_after=None
[2025-12-06T05:52:49.648+0000] {logging_mixin.py:188} INFO - [2025-12-06T05:52:49.648+0000] {dag.py:3823} INFO - Setting next_dagrun for dataset_consumes_unknown_never_scheduled to None, run_after=None
[2025-12-06T05:52:49.654+0000] {logging_mixin.py:188} INFO - [2025-12-06T05:52:49.654+0000] {dag.py:3823} INFO - Setting next_dagrun for dataset_produces_1 to 2025-12-05 00:00:00+00:00, run_after=2025-12-06 00:00:00+00:00
[2025-12-06T05:52:49.656+0000] {logging_mixin.py:188} INFO - [2025-12-06T05:52:49.656+0000] {dag.py:3823} INFO - Setting next_dagrun for dataset_produces_2 to None, run_after=None
[2025-12-06T05:52:49.723+0000] {processor.py:183} INFO - Processing /home/airflow/.local/lib/python3.8/site-packages/airflow/example_dags/example_datasets.py took 0.224 seconds
[2025-12-06T05:53:19.819+0000] {processor.py:161} INFO - Started process (PID=921) to work on /home/airflow/.local/lib/python3.8/site-packages/airflow/example_dags/example_datasets.py
[2025-12-06T05:53:19.821+0000] {processor.py:830} INFO - Processing file /home/airflow/.local/lib/python3.8/site-packages/airflow/example_dags/example_datasets.py for tasks to queue
[2025-12-06T05:53:19.824+0000] {logging_mixin.py:188} INFO - [2025-12-06T05:53:19.823+0000] {dagbag.py:538} INFO - Filling up the DagBag from /home/airflow/.local/lib/python3.8/site-packages/airflow/example_dags/example_datasets.py
[2025-12-06T05:53:19.837+0000] {processor.py:840} INFO - DAG(s) 'dataset_consumes_unknown_never_scheduled', 'dataset_consumes_1', 'dataset_consumes_1_never_scheduled', 'dataset_produces_2', 'dataset_produces_1', 'dataset_consumes_1_and_2' retrieved from /home/airflow/.local/lib/python3.8/site-packages/airflow/example_dags/example_datasets.py
[2025-12-06T05:53:19.896+0000] {logging_mixin.py:188} INFO - [2025-12-06T05:53:19.895+0000] {dag.py:3036} INFO - Sync 6 DAGs
[2025-12-06T05:53:19.931+0000] {logging_mixin.py:188} INFO - [2025-12-06T05:53:19.931+0000] {dag.py:3823} INFO - Setting next_dagrun for dataset_consumes_1 to None, run_after=None
[2025-12-06T05:53:19.936+0000] {logging_mixin.py:188} INFO - [2025-12-06T05:53:19.936+0000] {dag.py:3823} INFO - Setting next_dagrun for dataset_consumes_1_and_2 to None, run_after=None
[2025-12-06T05:53:19.939+0000] {logging_mixin.py:188} INFO - [2025-12-06T05:53:19.939+0000] {dag.py:3823} INFO - Setting next_dagrun for dataset_consumes_1_never_scheduled to None, run_after=None
[2025-12-06T05:53:19.942+0000] {logging_mixin.py:188} INFO - [2025-12-06T05:53:19.941+0000] {dag.py:3823} INFO - Setting next_dagrun for dataset_consumes_unknown_never_scheduled to None, run_after=None
[2025-12-06T05:53:19.948+0000] {logging_mixin.py:188} INFO - [2025-12-06T05:53:19.948+0000] {dag.py:3823} INFO - Setting next_dagrun for dataset_produces_1 to 2025-12-05 00:00:00+00:00, run_after=2025-12-06 00:00:00+00:00
[2025-12-06T05:53:19.952+0000] {logging_mixin.py:188} INFO - [2025-12-06T05:53:19.952+0000] {dag.py:3823} INFO - Setting next_dagrun for dataset_produces_2 to None, run_after=None
[2025-12-06T05:53:20.007+0000] {processor.py:183} INFO - Processing /home/airflow/.local/lib/python3.8/site-packages/airflow/example_dags/example_datasets.py took 0.192 seconds
[2025-12-06T05:53:50.201+0000] {processor.py:161} INFO - Started process (PID=976) to work on /home/airflow/.local/lib/python3.8/site-packages/airflow/example_dags/example_datasets.py
[2025-12-06T05:53:50.202+0000] {processor.py:830} INFO - Processing file /home/airflow/.local/lib/python3.8/site-packages/airflow/example_dags/example_datasets.py for tasks to queue
[2025-12-06T05:53:50.205+0000] {logging_mixin.py:188} INFO - [2025-12-06T05:53:50.205+0000] {dagbag.py:538} INFO - Filling up the DagBag from /home/airflow/.local/lib/python3.8/site-packages/airflow/example_dags/example_datasets.py
[2025-12-06T05:53:50.220+0000] {processor.py:840} INFO - DAG(s) 'dataset_consumes_unknown_never_scheduled', 'dataset_consumes_1_and_2', 'dataset_consumes_1', 'dataset_consumes_1_never_scheduled', 'dataset_produces_1', 'dataset_produces_2' retrieved from /home/airflow/.local/lib/python3.8/site-packages/airflow/example_dags/example_datasets.py
[2025-12-06T05:53:50.285+0000] {logging_mixin.py:188} INFO - [2025-12-06T05:53:50.284+0000] {dag.py:3036} INFO - Sync 6 DAGs
[2025-12-06T05:53:50.319+0000] {logging_mixin.py:188} INFO - [2025-12-06T05:53:50.318+0000] {dag.py:3823} INFO - Setting next_dagrun for dataset_consumes_1 to None, run_after=None
[2025-12-06T05:53:50.325+0000] {logging_mixin.py:188} INFO - [2025-12-06T05:53:50.324+0000] {dag.py:3823} INFO - Setting next_dagrun for dataset_consumes_1_and_2 to None, run_after=None
[2025-12-06T05:53:50.328+0000] {logging_mixin.py:188} INFO - [2025-12-06T05:53:50.328+0000] {dag.py:3823} INFO - Setting next_dagrun for dataset_consumes_1_never_scheduled to None, run_after=None
[2025-12-06T05:53:50.330+0000] {logging_mixin.py:188} INFO - [2025-12-06T05:53:50.330+0000] {dag.py:3823} INFO - Setting next_dagrun for dataset_consumes_unknown_never_scheduled to None, run_after=None
[2025-12-06T05:53:50.336+0000] {logging_mixin.py:188} INFO - [2025-12-06T05:53:50.335+0000] {dag.py:3823} INFO - Setting next_dagrun for dataset_produces_1 to 2025-12-05 00:00:00+00:00, run_after=2025-12-06 00:00:00+00:00
[2025-12-06T05:53:50.340+0000] {logging_mixin.py:188} INFO - [2025-12-06T05:53:50.340+0000] {dag.py:3823} INFO - Setting next_dagrun for dataset_produces_2 to None, run_after=None
[2025-12-06T05:53:50.399+0000] {processor.py:183} INFO - Processing /home/airflow/.local/lib/python3.8/site-packages/airflow/example_dags/example_datasets.py took 0.203 seconds
[2025-12-06T05:54:21.032+0000] {processor.py:161} INFO - Started process (PID=1039) to work on /home/airflow/.local/lib/python3.8/site-packages/airflow/example_dags/example_datasets.py
[2025-12-06T05:54:21.034+0000] {processor.py:830} INFO - Processing file /home/airflow/.local/lib/python3.8/site-packages/airflow/example_dags/example_datasets.py for tasks to queue
[2025-12-06T05:54:21.038+0000] {logging_mixin.py:188} INFO - [2025-12-06T05:54:21.038+0000] {dagbag.py:538} INFO - Filling up the DagBag from /home/airflow/.local/lib/python3.8/site-packages/airflow/example_dags/example_datasets.py
[2025-12-06T05:54:21.057+0000] {processor.py:840} INFO - DAG(s) 'dataset_consumes_unknown_never_scheduled', 'dataset_produces_1', 'dataset_consumes_1_never_scheduled', 'dataset_consumes_1', 'dataset_consumes_1_and_2', 'dataset_produces_2' retrieved from /home/airflow/.local/lib/python3.8/site-packages/airflow/example_dags/example_datasets.py
[2025-12-06T05:54:21.138+0000] {logging_mixin.py:188} INFO - [2025-12-06T05:54:21.137+0000] {dag.py:3036} INFO - Sync 6 DAGs
[2025-12-06T05:54:21.184+0000] {logging_mixin.py:188} INFO - [2025-12-06T05:54:21.184+0000] {dag.py:3823} INFO - Setting next_dagrun for dataset_consumes_1 to None, run_after=None
[2025-12-06T05:54:21.194+0000] {logging_mixin.py:188} INFO - [2025-12-06T05:54:21.194+0000] {dag.py:3823} INFO - Setting next_dagrun for dataset_consumes_1_and_2 to None, run_after=None
[2025-12-06T05:54:21.198+0000] {logging_mixin.py:188} INFO - [2025-12-06T05:54:21.197+0000] {dag.py:3823} INFO - Setting next_dagrun for dataset_consumes_1_never_scheduled to None, run_after=None
[2025-12-06T05:54:21.201+0000] {logging_mixin.py:188} INFO - [2025-12-06T05:54:21.200+0000] {dag.py:3823} INFO - Setting next_dagrun for dataset_consumes_unknown_never_scheduled to None, run_after=None
[2025-12-06T05:54:21.208+0000] {logging_mixin.py:188} INFO - [2025-12-06T05:54:21.207+0000] {dag.py:3823} INFO - Setting next_dagrun for dataset_produces_1 to 2025-12-05 00:00:00+00:00, run_after=2025-12-06 00:00:00+00:00
[2025-12-06T05:54:21.210+0000] {logging_mixin.py:188} INFO - [2025-12-06T05:54:21.210+0000] {dag.py:3823} INFO - Setting next_dagrun for dataset_produces_2 to None, run_after=None
[2025-12-06T05:54:21.286+0000] {processor.py:183} INFO - Processing /home/airflow/.local/lib/python3.8/site-packages/airflow/example_dags/example_datasets.py took 0.259 seconds
[2025-12-06T05:54:51.521+0000] {processor.py:161} INFO - Started process (PID=1093) to work on /home/airflow/.local/lib/python3.8/site-packages/airflow/example_dags/example_datasets.py
[2025-12-06T05:54:51.522+0000] {processor.py:830} INFO - Processing file /home/airflow/.local/lib/python3.8/site-packages/airflow/example_dags/example_datasets.py for tasks to queue
[2025-12-06T05:54:51.526+0000] {logging_mixin.py:188} INFO - [2025-12-06T05:54:51.526+0000] {dagbag.py:538} INFO - Filling up the DagBag from /home/airflow/.local/lib/python3.8/site-packages/airflow/example_dags/example_datasets.py
[2025-12-06T05:54:51.540+0000] {processor.py:840} INFO - DAG(s) 'dataset_produces_2', 'dataset_consumes_1', 'dataset_produces_1', 'dataset_consumes_1_never_scheduled', 'dataset_consumes_1_and_2', 'dataset_consumes_unknown_never_scheduled' retrieved from /home/airflow/.local/lib/python3.8/site-packages/airflow/example_dags/example_datasets.py
[2025-12-06T05:54:51.602+0000] {logging_mixin.py:188} INFO - [2025-12-06T05:54:51.602+0000] {dag.py:3036} INFO - Sync 6 DAGs
[2025-12-06T05:54:51.633+0000] {logging_mixin.py:188} INFO - [2025-12-06T05:54:51.632+0000] {dag.py:3823} INFO - Setting next_dagrun for dataset_consumes_1 to None, run_after=None
[2025-12-06T05:54:51.638+0000] {logging_mixin.py:188} INFO - [2025-12-06T05:54:51.638+0000] {dag.py:3823} INFO - Setting next_dagrun for dataset_consumes_1_and_2 to None, run_after=None
[2025-12-06T05:54:51.641+0000] {logging_mixin.py:188} INFO - [2025-12-06T05:54:51.641+0000] {dag.py:3823} INFO - Setting next_dagrun for dataset_consumes_1_never_scheduled to None, run_after=None
[2025-12-06T05:54:51.644+0000] {logging_mixin.py:188} INFO - [2025-12-06T05:54:51.644+0000] {dag.py:3823} INFO - Setting next_dagrun for dataset_consumes_unknown_never_scheduled to None, run_after=None
[2025-12-06T05:54:51.650+0000] {logging_mixin.py:188} INFO - [2025-12-06T05:54:51.650+0000] {dag.py:3823} INFO - Setting next_dagrun for dataset_produces_1 to 2025-12-05 00:00:00+00:00, run_after=2025-12-06 00:00:00+00:00
[2025-12-06T05:54:51.653+0000] {logging_mixin.py:188} INFO - [2025-12-06T05:54:51.653+0000] {dag.py:3823} INFO - Setting next_dagrun for dataset_produces_2 to None, run_after=None
[2025-12-06T05:54:51.706+0000] {processor.py:183} INFO - Processing /home/airflow/.local/lib/python3.8/site-packages/airflow/example_dags/example_datasets.py took 0.189 seconds
[2025-12-06T05:55:21.798+0000] {processor.py:161} INFO - Started process (PID=1148) to work on /home/airflow/.local/lib/python3.8/site-packages/airflow/example_dags/example_datasets.py
[2025-12-06T05:55:21.799+0000] {processor.py:830} INFO - Processing file /home/airflow/.local/lib/python3.8/site-packages/airflow/example_dags/example_datasets.py for tasks to queue
[2025-12-06T05:55:21.803+0000] {logging_mixin.py:188} INFO - [2025-12-06T05:55:21.802+0000] {dagbag.py:538} INFO - Filling up the DagBag from /home/airflow/.local/lib/python3.8/site-packages/airflow/example_dags/example_datasets.py
[2025-12-06T05:55:21.817+0000] {processor.py:840} INFO - DAG(s) 'dataset_consumes_1_and_2', 'dataset_produces_2', 'dataset_produces_1', 'dataset_consumes_unknown_never_scheduled', 'dataset_consumes_1', 'dataset_consumes_1_never_scheduled' retrieved from /home/airflow/.local/lib/python3.8/site-packages/airflow/example_dags/example_datasets.py
[2025-12-06T05:55:21.877+0000] {logging_mixin.py:188} INFO - [2025-12-06T05:55:21.877+0000] {dag.py:3036} INFO - Sync 6 DAGs
[2025-12-06T05:55:21.911+0000] {logging_mixin.py:188} INFO - [2025-12-06T05:55:21.911+0000] {dag.py:3823} INFO - Setting next_dagrun for dataset_consumes_1 to None, run_after=None
[2025-12-06T05:55:21.917+0000] {logging_mixin.py:188} INFO - [2025-12-06T05:55:21.917+0000] {dag.py:3823} INFO - Setting next_dagrun for dataset_consumes_1_and_2 to None, run_after=None
[2025-12-06T05:55:21.921+0000] {logging_mixin.py:188} INFO - [2025-12-06T05:55:21.920+0000] {dag.py:3823} INFO - Setting next_dagrun for dataset_consumes_1_never_scheduled to None, run_after=None
[2025-12-06T05:55:21.923+0000] {logging_mixin.py:188} INFO - [2025-12-06T05:55:21.923+0000] {dag.py:3823} INFO - Setting next_dagrun for dataset_consumes_unknown_never_scheduled to None, run_after=None
[2025-12-06T05:55:21.928+0000] {logging_mixin.py:188} INFO - [2025-12-06T05:55:21.928+0000] {dag.py:3823} INFO - Setting next_dagrun for dataset_produces_1 to 2025-12-05 00:00:00+00:00, run_after=2025-12-06 00:00:00+00:00
[2025-12-06T05:55:21.931+0000] {logging_mixin.py:188} INFO - [2025-12-06T05:55:21.930+0000] {dag.py:3823} INFO - Setting next_dagrun for dataset_produces_2 to None, run_after=None
[2025-12-06T05:55:21.988+0000] {processor.py:183} INFO - Processing /home/airflow/.local/lib/python3.8/site-packages/airflow/example_dags/example_datasets.py took 0.196 seconds
[2025-12-06T05:55:52.374+0000] {processor.py:161} INFO - Started process (PID=1204) to work on /home/airflow/.local/lib/python3.8/site-packages/airflow/example_dags/example_datasets.py
[2025-12-06T05:55:52.376+0000] {processor.py:830} INFO - Processing file /home/airflow/.local/lib/python3.8/site-packages/airflow/example_dags/example_datasets.py for tasks to queue
[2025-12-06T05:55:52.381+0000] {logging_mixin.py:188} INFO - [2025-12-06T05:55:52.380+0000] {dagbag.py:538} INFO - Filling up the DagBag from /home/airflow/.local/lib/python3.8/site-packages/airflow/example_dags/example_datasets.py
[2025-12-06T05:55:52.400+0000] {processor.py:840} INFO - DAG(s) 'dataset_consumes_unknown_never_scheduled', 'dataset_produces_1', 'dataset_consumes_1_never_scheduled', 'dataset_consumes_1_and_2', 'dataset_produces_2', 'dataset_consumes_1' retrieved from /home/airflow/.local/lib/python3.8/site-packages/airflow/example_dags/example_datasets.py
[2025-12-06T05:55:52.470+0000] {logging_mixin.py:188} INFO - [2025-12-06T05:55:52.469+0000] {dag.py:3036} INFO - Sync 6 DAGs
[2025-12-06T05:55:52.505+0000] {logging_mixin.py:188} INFO - [2025-12-06T05:55:52.505+0000] {dag.py:3823} INFO - Setting next_dagrun for dataset_consumes_1 to None, run_after=None
[2025-12-06T05:55:52.512+0000] {logging_mixin.py:188} INFO - [2025-12-06T05:55:52.512+0000] {dag.py:3823} INFO - Setting next_dagrun for dataset_consumes_1_and_2 to None, run_after=None
[2025-12-06T05:55:52.519+0000] {logging_mixin.py:188} INFO - [2025-12-06T05:55:52.518+0000] {dag.py:3823} INFO - Setting next_dagrun for dataset_consumes_1_never_scheduled to None, run_after=None
[2025-12-06T05:55:52.521+0000] {logging_mixin.py:188} INFO - [2025-12-06T05:55:52.521+0000] {dag.py:3823} INFO - Setting next_dagrun for dataset_consumes_unknown_never_scheduled to None, run_after=None
[2025-12-06T05:55:52.525+0000] {logging_mixin.py:188} INFO - [2025-12-06T05:55:52.525+0000] {dag.py:3823} INFO - Setting next_dagrun for dataset_produces_1 to 2025-12-05 00:00:00+00:00, run_after=2025-12-06 00:00:00+00:00
[2025-12-06T05:55:52.527+0000] {logging_mixin.py:188} INFO - [2025-12-06T05:55:52.527+0000] {dag.py:3823} INFO - Setting next_dagrun for dataset_produces_2 to None, run_after=None
[2025-12-06T05:55:52.593+0000] {processor.py:183} INFO - Processing /home/airflow/.local/lib/python3.8/site-packages/airflow/example_dags/example_datasets.py took 0.223 seconds
[2025-12-06T05:56:22.731+0000] {processor.py:161} INFO - Started process (PID=1262) to work on /home/airflow/.local/lib/python3.8/site-packages/airflow/example_dags/example_datasets.py
[2025-12-06T05:56:22.732+0000] {processor.py:830} INFO - Processing file /home/airflow/.local/lib/python3.8/site-packages/airflow/example_dags/example_datasets.py for tasks to queue
[2025-12-06T05:56:22.735+0000] {logging_mixin.py:188} INFO - [2025-12-06T05:56:22.734+0000] {dagbag.py:538} INFO - Filling up the DagBag from /home/airflow/.local/lib/python3.8/site-packages/airflow/example_dags/example_datasets.py
[2025-12-06T05:56:22.750+0000] {processor.py:840} INFO - DAG(s) 'dataset_produces_1', 'dataset_consumes_unknown_never_scheduled', 'dataset_consumes_1_and_2', 'dataset_consumes_1', 'dataset_produces_2', 'dataset_consumes_1_never_scheduled' retrieved from /home/airflow/.local/lib/python3.8/site-packages/airflow/example_dags/example_datasets.py
[2025-12-06T05:56:22.816+0000] {logging_mixin.py:188} INFO - [2025-12-06T05:56:22.815+0000] {dag.py:3036} INFO - Sync 6 DAGs
[2025-12-06T05:56:22.852+0000] {logging_mixin.py:188} INFO - [2025-12-06T05:56:22.851+0000] {dag.py:3823} INFO - Setting next_dagrun for dataset_consumes_1 to None, run_after=None
[2025-12-06T05:56:22.858+0000] {logging_mixin.py:188} INFO - [2025-12-06T05:56:22.857+0000] {dag.py:3823} INFO - Setting next_dagrun for dataset_consumes_1_and_2 to None, run_after=None
[2025-12-06T05:56:22.861+0000] {logging_mixin.py:188} INFO - [2025-12-06T05:56:22.861+0000] {dag.py:3823} INFO - Setting next_dagrun for dataset_consumes_1_never_scheduled to None, run_after=None
[2025-12-06T05:56:22.863+0000] {logging_mixin.py:188} INFO - [2025-12-06T05:56:22.863+0000] {dag.py:3823} INFO - Setting next_dagrun for dataset_consumes_unknown_never_scheduled to None, run_after=None
[2025-12-06T05:56:22.869+0000] {logging_mixin.py:188} INFO - [2025-12-06T05:56:22.869+0000] {dag.py:3823} INFO - Setting next_dagrun for dataset_produces_1 to 2025-12-05 00:00:00+00:00, run_after=2025-12-06 00:00:00+00:00
[2025-12-06T05:56:22.872+0000] {logging_mixin.py:188} INFO - [2025-12-06T05:56:22.872+0000] {dag.py:3823} INFO - Setting next_dagrun for dataset_produces_2 to None, run_after=None
[2025-12-06T05:56:22.939+0000] {processor.py:183} INFO - Processing /home/airflow/.local/lib/python3.8/site-packages/airflow/example_dags/example_datasets.py took 0.214 seconds
[2025-12-06T05:56:53.218+0000] {processor.py:161} INFO - Started process (PID=1318) to work on /home/airflow/.local/lib/python3.8/site-packages/airflow/example_dags/example_datasets.py
[2025-12-06T05:56:53.220+0000] {processor.py:830} INFO - Processing file /home/airflow/.local/lib/python3.8/site-packages/airflow/example_dags/example_datasets.py for tasks to queue
[2025-12-06T05:56:53.223+0000] {logging_mixin.py:188} INFO - [2025-12-06T05:56:53.222+0000] {dagbag.py:538} INFO - Filling up the DagBag from /home/airflow/.local/lib/python3.8/site-packages/airflow/example_dags/example_datasets.py
[2025-12-06T05:56:53.243+0000] {processor.py:840} INFO - DAG(s) 'dataset_produces_1', 'dataset_consumes_1_and_2', 'dataset_consumes_1_never_scheduled', 'dataset_consumes_unknown_never_scheduled', 'dataset_produces_2', 'dataset_consumes_1' retrieved from /home/airflow/.local/lib/python3.8/site-packages/airflow/example_dags/example_datasets.py
[2025-12-06T05:56:53.308+0000] {logging_mixin.py:188} INFO - [2025-12-06T05:56:53.308+0000] {dag.py:3036} INFO - Sync 6 DAGs
[2025-12-06T05:56:53.348+0000] {logging_mixin.py:188} INFO - [2025-12-06T05:56:53.347+0000] {dag.py:3823} INFO - Setting next_dagrun for dataset_consumes_1 to None, run_after=None
[2025-12-06T05:56:53.353+0000] {logging_mixin.py:188} INFO - [2025-12-06T05:56:53.353+0000] {dag.py:3823} INFO - Setting next_dagrun for dataset_consumes_1_and_2 to None, run_after=None
[2025-12-06T05:56:53.356+0000] {logging_mixin.py:188} INFO - [2025-12-06T05:56:53.356+0000] {dag.py:3823} INFO - Setting next_dagrun for dataset_consumes_1_never_scheduled to None, run_after=None
[2025-12-06T05:56:53.359+0000] {logging_mixin.py:188} INFO - [2025-12-06T05:56:53.359+0000] {dag.py:3823} INFO - Setting next_dagrun for dataset_consumes_unknown_never_scheduled to None, run_after=None
[2025-12-06T05:56:53.367+0000] {logging_mixin.py:188} INFO - [2025-12-06T05:56:53.367+0000] {dag.py:3823} INFO - Setting next_dagrun for dataset_produces_1 to 2025-12-05 00:00:00+00:00, run_after=2025-12-06 00:00:00+00:00
[2025-12-06T05:56:53.370+0000] {logging_mixin.py:188} INFO - [2025-12-06T05:56:53.369+0000] {dag.py:3823} INFO - Setting next_dagrun for dataset_produces_2 to None, run_after=None
[2025-12-06T05:56:53.437+0000] {processor.py:183} INFO - Processing /home/airflow/.local/lib/python3.8/site-packages/airflow/example_dags/example_datasets.py took 0.225 seconds
[2025-12-06T05:57:23.851+0000] {processor.py:161} INFO - Started process (PID=1374) to work on /home/airflow/.local/lib/python3.8/site-packages/airflow/example_dags/example_datasets.py
[2025-12-06T05:57:23.852+0000] {processor.py:830} INFO - Processing file /home/airflow/.local/lib/python3.8/site-packages/airflow/example_dags/example_datasets.py for tasks to queue
[2025-12-06T05:57:23.855+0000] {logging_mixin.py:188} INFO - [2025-12-06T05:57:23.855+0000] {dagbag.py:538} INFO - Filling up the DagBag from /home/airflow/.local/lib/python3.8/site-packages/airflow/example_dags/example_datasets.py
[2025-12-06T05:57:23.869+0000] {processor.py:840} INFO - DAG(s) 'dataset_consumes_1_and_2', 'dataset_produces_1', 'dataset_produces_2', 'dataset_consumes_unknown_never_scheduled', 'dataset_consumes_1', 'dataset_consumes_1_never_scheduled' retrieved from /home/airflow/.local/lib/python3.8/site-packages/airflow/example_dags/example_datasets.py
[2025-12-06T05:57:23.935+0000] {logging_mixin.py:188} INFO - [2025-12-06T05:57:23.935+0000] {dag.py:3036} INFO - Sync 6 DAGs
[2025-12-06T05:57:23.972+0000] {logging_mixin.py:188} INFO - [2025-12-06T05:57:23.972+0000] {dag.py:3823} INFO - Setting next_dagrun for dataset_consumes_1 to None, run_after=None
[2025-12-06T05:57:23.981+0000] {logging_mixin.py:188} INFO - [2025-12-06T05:57:23.980+0000] {dag.py:3823} INFO - Setting next_dagrun for dataset_consumes_1_and_2 to None, run_after=None
[2025-12-06T05:57:23.984+0000] {logging_mixin.py:188} INFO - [2025-12-06T05:57:23.984+0000] {dag.py:3823} INFO - Setting next_dagrun for dataset_consumes_1_never_scheduled to None, run_after=None
[2025-12-06T05:57:23.987+0000] {logging_mixin.py:188} INFO - [2025-12-06T05:57:23.986+0000] {dag.py:3823} INFO - Setting next_dagrun for dataset_consumes_unknown_never_scheduled to None, run_after=None
[2025-12-06T05:57:23.992+0000] {logging_mixin.py:188} INFO - [2025-12-06T05:57:23.992+0000] {dag.py:3823} INFO - Setting next_dagrun for dataset_produces_1 to 2025-12-05 00:00:00+00:00, run_after=2025-12-06 00:00:00+00:00
[2025-12-06T05:57:23.996+0000] {logging_mixin.py:188} INFO - [2025-12-06T05:57:23.996+0000] {dag.py:3823} INFO - Setting next_dagrun for dataset_produces_2 to None, run_after=None
[2025-12-06T05:57:24.072+0000] {processor.py:183} INFO - Processing /home/airflow/.local/lib/python3.8/site-packages/airflow/example_dags/example_datasets.py took 0.227 seconds
[2025-12-06T05:57:54.341+0000] {processor.py:161} INFO - Started process (PID=1430) to work on /home/airflow/.local/lib/python3.8/site-packages/airflow/example_dags/example_datasets.py
[2025-12-06T05:57:54.342+0000] {processor.py:830} INFO - Processing file /home/airflow/.local/lib/python3.8/site-packages/airflow/example_dags/example_datasets.py for tasks to queue
[2025-12-06T05:57:54.345+0000] {logging_mixin.py:188} INFO - [2025-12-06T05:57:54.345+0000] {dagbag.py:538} INFO - Filling up the DagBag from /home/airflow/.local/lib/python3.8/site-packages/airflow/example_dags/example_datasets.py
[2025-12-06T05:57:54.360+0000] {processor.py:840} INFO - DAG(s) 'dataset_consumes_1_and_2', 'dataset_consumes_unknown_never_scheduled', 'dataset_produces_1', 'dataset_consumes_1_never_scheduled', 'dataset_consumes_1', 'dataset_produces_2' retrieved from /home/airflow/.local/lib/python3.8/site-packages/airflow/example_dags/example_datasets.py
[2025-12-06T05:57:54.419+0000] {logging_mixin.py:188} INFO - [2025-12-06T05:57:54.419+0000] {dag.py:3036} INFO - Sync 6 DAGs
[2025-12-06T05:57:54.458+0000] {logging_mixin.py:188} INFO - [2025-12-06T05:57:54.457+0000] {dag.py:3823} INFO - Setting next_dagrun for dataset_consumes_1 to None, run_after=None
[2025-12-06T05:57:54.464+0000] {logging_mixin.py:188} INFO - [2025-12-06T05:57:54.463+0000] {dag.py:3823} INFO - Setting next_dagrun for dataset_consumes_1_and_2 to None, run_after=None
[2025-12-06T05:57:54.466+0000] {logging_mixin.py:188} INFO - [2025-12-06T05:57:54.466+0000] {dag.py:3823} INFO - Setting next_dagrun for dataset_consumes_1_never_scheduled to None, run_after=None
[2025-12-06T05:57:54.469+0000] {logging_mixin.py:188} INFO - [2025-12-06T05:57:54.469+0000] {dag.py:3823} INFO - Setting next_dagrun for dataset_consumes_unknown_never_scheduled to None, run_after=None
[2025-12-06T05:57:54.473+0000] {logging_mixin.py:188} INFO - [2025-12-06T05:57:54.473+0000] {dag.py:3823} INFO - Setting next_dagrun for dataset_produces_1 to 2025-12-05 00:00:00+00:00, run_after=2025-12-06 00:00:00+00:00
[2025-12-06T05:57:54.477+0000] {logging_mixin.py:188} INFO - [2025-12-06T05:57:54.476+0000] {dag.py:3823} INFO - Setting next_dagrun for dataset_produces_2 to None, run_after=None
[2025-12-06T05:57:54.532+0000] {processor.py:183} INFO - Processing /home/airflow/.local/lib/python3.8/site-packages/airflow/example_dags/example_datasets.py took 0.197 seconds
[2025-12-06T05:58:25.105+0000] {processor.py:161} INFO - Started process (PID=1486) to work on /home/airflow/.local/lib/python3.8/site-packages/airflow/example_dags/example_datasets.py
[2025-12-06T05:58:25.107+0000] {processor.py:830} INFO - Processing file /home/airflow/.local/lib/python3.8/site-packages/airflow/example_dags/example_datasets.py for tasks to queue
[2025-12-06T05:58:25.110+0000] {logging_mixin.py:188} INFO - [2025-12-06T05:58:25.109+0000] {dagbag.py:538} INFO - Filling up the DagBag from /home/airflow/.local/lib/python3.8/site-packages/airflow/example_dags/example_datasets.py
[2025-12-06T05:58:25.124+0000] {processor.py:840} INFO - DAG(s) 'dataset_produces_1', 'dataset_consumes_1', 'dataset_consumes_1_never_scheduled', 'dataset_consumes_1_and_2', 'dataset_produces_2', 'dataset_consumes_unknown_never_scheduled' retrieved from /home/airflow/.local/lib/python3.8/site-packages/airflow/example_dags/example_datasets.py
[2025-12-06T05:58:25.189+0000] {logging_mixin.py:188} INFO - [2025-12-06T05:58:25.189+0000] {dag.py:3036} INFO - Sync 6 DAGs
[2025-12-06T05:58:25.225+0000] {logging_mixin.py:188} INFO - [2025-12-06T05:58:25.224+0000] {dag.py:3823} INFO - Setting next_dagrun for dataset_consumes_1 to None, run_after=None
[2025-12-06T05:58:25.231+0000] {logging_mixin.py:188} INFO - [2025-12-06T05:58:25.230+0000] {dag.py:3823} INFO - Setting next_dagrun for dataset_consumes_1_and_2 to None, run_after=None
[2025-12-06T05:58:25.233+0000] {logging_mixin.py:188} INFO - [2025-12-06T05:58:25.233+0000] {dag.py:3823} INFO - Setting next_dagrun for dataset_consumes_1_never_scheduled to None, run_after=None
[2025-12-06T05:58:25.235+0000] {logging_mixin.py:188} INFO - [2025-12-06T05:58:25.235+0000] {dag.py:3823} INFO - Setting next_dagrun for dataset_consumes_unknown_never_scheduled to None, run_after=None
[2025-12-06T05:58:25.240+0000] {logging_mixin.py:188} INFO - [2025-12-06T05:58:25.239+0000] {dag.py:3823} INFO - Setting next_dagrun for dataset_produces_1 to 2025-12-05 00:00:00+00:00, run_after=2025-12-06 00:00:00+00:00
[2025-12-06T05:58:25.242+0000] {logging_mixin.py:188} INFO - [2025-12-06T05:58:25.242+0000] {dag.py:3823} INFO - Setting next_dagrun for dataset_produces_2 to None, run_after=None
[2025-12-06T05:58:25.299+0000] {processor.py:183} INFO - Processing /home/airflow/.local/lib/python3.8/site-packages/airflow/example_dags/example_datasets.py took 0.200 seconds
[2025-12-06T05:58:55.391+0000] {processor.py:161} INFO - Started process (PID=1542) to work on /home/airflow/.local/lib/python3.8/site-packages/airflow/example_dags/example_datasets.py
[2025-12-06T05:58:55.393+0000] {processor.py:830} INFO - Processing file /home/airflow/.local/lib/python3.8/site-packages/airflow/example_dags/example_datasets.py for tasks to queue
[2025-12-06T05:58:55.396+0000] {logging_mixin.py:188} INFO - [2025-12-06T05:58:55.395+0000] {dagbag.py:538} INFO - Filling up the DagBag from /home/airflow/.local/lib/python3.8/site-packages/airflow/example_dags/example_datasets.py
[2025-12-06T05:58:55.410+0000] {processor.py:840} INFO - DAG(s) 'dataset_consumes_1_never_scheduled', 'dataset_produces_2', 'dataset_consumes_unknown_never_scheduled', 'dataset_consumes_1_and_2', 'dataset_produces_1', 'dataset_consumes_1' retrieved from /home/airflow/.local/lib/python3.8/site-packages/airflow/example_dags/example_datasets.py
[2025-12-06T05:58:55.466+0000] {logging_mixin.py:188} INFO - [2025-12-06T05:58:55.466+0000] {dag.py:3036} INFO - Sync 6 DAGs
[2025-12-06T05:58:55.500+0000] {logging_mixin.py:188} INFO - [2025-12-06T05:58:55.500+0000] {dag.py:3823} INFO - Setting next_dagrun for dataset_consumes_1 to None, run_after=None
[2025-12-06T05:58:55.506+0000] {logging_mixin.py:188} INFO - [2025-12-06T05:58:55.505+0000] {dag.py:3823} INFO - Setting next_dagrun for dataset_consumes_1_and_2 to None, run_after=None
[2025-12-06T05:58:55.509+0000] {logging_mixin.py:188} INFO - [2025-12-06T05:58:55.508+0000] {dag.py:3823} INFO - Setting next_dagrun for dataset_consumes_1_never_scheduled to None, run_after=None
[2025-12-06T05:58:55.511+0000] {logging_mixin.py:188} INFO - [2025-12-06T05:58:55.511+0000] {dag.py:3823} INFO - Setting next_dagrun for dataset_consumes_unknown_never_scheduled to None, run_after=None
[2025-12-06T05:58:55.515+0000] {logging_mixin.py:188} INFO - [2025-12-06T05:58:55.515+0000] {dag.py:3823} INFO - Setting next_dagrun for dataset_produces_1 to 2025-12-05 00:00:00+00:00, run_after=2025-12-06 00:00:00+00:00
[2025-12-06T05:58:55.519+0000] {logging_mixin.py:188} INFO - [2025-12-06T05:58:55.518+0000] {dag.py:3823} INFO - Setting next_dagrun for dataset_produces_2 to None, run_after=None
[2025-12-06T05:58:55.570+0000] {processor.py:183} INFO - Processing /home/airflow/.local/lib/python3.8/site-packages/airflow/example_dags/example_datasets.py took 0.187 seconds
[2025-12-06T08:56:11.740+0000] {processor.py:161} INFO - Started process (PID=104) to work on /home/airflow/.local/lib/python3.8/site-packages/airflow/example_dags/example_datasets.py
[2025-12-06T08:56:11.742+0000] {processor.py:830} INFO - Processing file /home/airflow/.local/lib/python3.8/site-packages/airflow/example_dags/example_datasets.py for tasks to queue
[2025-12-06T08:56:11.746+0000] {logging_mixin.py:188} INFO - [2025-12-06T08:56:11.745+0000] {dagbag.py:538} INFO - Filling up the DagBag from /home/airflow/.local/lib/python3.8/site-packages/airflow/example_dags/example_datasets.py
[2025-12-06T08:56:11.775+0000] {processor.py:840} INFO - DAG(s) 'dataset_consumes_1_never_scheduled', 'dataset_produces_2', 'dataset_consumes_unknown_never_scheduled', 'dataset_produces_1', 'dataset_consumes_1_and_2', 'dataset_consumes_1' retrieved from /home/airflow/.local/lib/python3.8/site-packages/airflow/example_dags/example_datasets.py
[2025-12-06T08:56:12.219+0000] {logging_mixin.py:188} INFO - [2025-12-06T08:56:12.218+0000] {dag.py:3036} INFO - Sync 6 DAGs
[2025-12-06T08:56:12.265+0000] {logging_mixin.py:188} INFO - [2025-12-06T08:56:12.264+0000] {dag.py:3823} INFO - Setting next_dagrun for dataset_consumes_1 to None, run_after=None
[2025-12-06T08:56:12.287+0000] {logging_mixin.py:188} INFO - [2025-12-06T08:56:12.286+0000] {dag.py:3823} INFO - Setting next_dagrun for dataset_consumes_1_and_2 to None, run_after=None
[2025-12-06T08:56:12.294+0000] {logging_mixin.py:188} INFO - [2025-12-06T08:56:12.292+0000] {dag.py:3823} INFO - Setting next_dagrun for dataset_consumes_1_never_scheduled to None, run_after=None
[2025-12-06T08:56:12.301+0000] {logging_mixin.py:188} INFO - [2025-12-06T08:56:12.301+0000] {dag.py:3823} INFO - Setting next_dagrun for dataset_consumes_unknown_never_scheduled to None, run_after=None
[2025-12-06T08:56:12.318+0000] {logging_mixin.py:188} INFO - [2025-12-06T08:56:12.317+0000] {dag.py:3823} INFO - Setting next_dagrun for dataset_produces_1 to 2025-12-05 00:00:00+00:00, run_after=2025-12-06 00:00:00+00:00
[2025-12-06T08:56:12.324+0000] {logging_mixin.py:188} INFO - [2025-12-06T08:56:12.323+0000] {dag.py:3823} INFO - Setting next_dagrun for dataset_produces_2 to None, run_after=None
[2025-12-06T08:56:12.518+0000] {processor.py:183} INFO - Processing /home/airflow/.local/lib/python3.8/site-packages/airflow/example_dags/example_datasets.py took 0.786 seconds
[2025-12-06T08:56:43.163+0000] {processor.py:161} INFO - Started process (PID=163) to work on /home/airflow/.local/lib/python3.8/site-packages/airflow/example_dags/example_datasets.py
[2025-12-06T08:56:43.165+0000] {processor.py:830} INFO - Processing file /home/airflow/.local/lib/python3.8/site-packages/airflow/example_dags/example_datasets.py for tasks to queue
[2025-12-06T08:56:43.168+0000] {logging_mixin.py:188} INFO - [2025-12-06T08:56:43.167+0000] {dagbag.py:538} INFO - Filling up the DagBag from /home/airflow/.local/lib/python3.8/site-packages/airflow/example_dags/example_datasets.py
[2025-12-06T08:56:43.182+0000] {processor.py:840} INFO - DAG(s) 'dataset_consumes_1_never_scheduled', 'dataset_consumes_unknown_never_scheduled', 'dataset_consumes_1_and_2', 'dataset_produces_1', 'dataset_consumes_1', 'dataset_produces_2' retrieved from /home/airflow/.local/lib/python3.8/site-packages/airflow/example_dags/example_datasets.py
[2025-12-06T08:56:43.251+0000] {logging_mixin.py:188} INFO - [2025-12-06T08:56:43.250+0000] {dag.py:3036} INFO - Sync 6 DAGs
[2025-12-06T08:56:43.289+0000] {logging_mixin.py:188} INFO - [2025-12-06T08:56:43.289+0000] {dag.py:3823} INFO - Setting next_dagrun for dataset_consumes_1 to None, run_after=None
[2025-12-06T08:56:43.295+0000] {logging_mixin.py:188} INFO - [2025-12-06T08:56:43.295+0000] {dag.py:3823} INFO - Setting next_dagrun for dataset_consumes_1_and_2 to None, run_after=None
[2025-12-06T08:56:43.298+0000] {logging_mixin.py:188} INFO - [2025-12-06T08:56:43.298+0000] {dag.py:3823} INFO - Setting next_dagrun for dataset_consumes_1_never_scheduled to None, run_after=None
[2025-12-06T08:56:43.302+0000] {logging_mixin.py:188} INFO - [2025-12-06T08:56:43.301+0000] {dag.py:3823} INFO - Setting next_dagrun for dataset_consumes_unknown_never_scheduled to None, run_after=None
[2025-12-06T08:56:43.306+0000] {logging_mixin.py:188} INFO - [2025-12-06T08:56:43.306+0000] {dag.py:3823} INFO - Setting next_dagrun for dataset_produces_1 to 2025-12-05 00:00:00+00:00, run_after=2025-12-06 00:00:00+00:00
[2025-12-06T08:56:43.311+0000] {logging_mixin.py:188} INFO - [2025-12-06T08:56:43.310+0000] {dag.py:3823} INFO - Setting next_dagrun for dataset_produces_2 to None, run_after=None
[2025-12-06T08:56:43.363+0000] {processor.py:183} INFO - Processing /home/airflow/.local/lib/python3.8/site-packages/airflow/example_dags/example_datasets.py took 0.206 seconds
[2025-12-06T08:57:13.520+0000] {processor.py:161} INFO - Started process (PID=222) to work on /home/airflow/.local/lib/python3.8/site-packages/airflow/example_dags/example_datasets.py
[2025-12-06T08:57:13.523+0000] {processor.py:830} INFO - Processing file /home/airflow/.local/lib/python3.8/site-packages/airflow/example_dags/example_datasets.py for tasks to queue
[2025-12-06T08:57:13.525+0000] {logging_mixin.py:188} INFO - [2025-12-06T08:57:13.525+0000] {dagbag.py:538} INFO - Filling up the DagBag from /home/airflow/.local/lib/python3.8/site-packages/airflow/example_dags/example_datasets.py
[2025-12-06T08:57:13.540+0000] {processor.py:840} INFO - DAG(s) 'dataset_consumes_1', 'dataset_produces_1', 'dataset_consumes_1_never_scheduled', 'dataset_consumes_unknown_never_scheduled', 'dataset_produces_2', 'dataset_consumes_1_and_2' retrieved from /home/airflow/.local/lib/python3.8/site-packages/airflow/example_dags/example_datasets.py
[2025-12-06T08:57:13.602+0000] {logging_mixin.py:188} INFO - [2025-12-06T08:57:13.601+0000] {dag.py:3036} INFO - Sync 6 DAGs
[2025-12-06T08:57:13.639+0000] {logging_mixin.py:188} INFO - [2025-12-06T08:57:13.638+0000] {dag.py:3823} INFO - Setting next_dagrun for dataset_consumes_1 to None, run_after=None
[2025-12-06T08:57:13.645+0000] {logging_mixin.py:188} INFO - [2025-12-06T08:57:13.645+0000] {dag.py:3823} INFO - Setting next_dagrun for dataset_consumes_1_and_2 to None, run_after=None
[2025-12-06T08:57:13.650+0000] {logging_mixin.py:188} INFO - [2025-12-06T08:57:13.650+0000] {dag.py:3823} INFO - Setting next_dagrun for dataset_consumes_1_never_scheduled to None, run_after=None
[2025-12-06T08:57:13.654+0000] {logging_mixin.py:188} INFO - [2025-12-06T08:57:13.653+0000] {dag.py:3823} INFO - Setting next_dagrun for dataset_consumes_unknown_never_scheduled to None, run_after=None
[2025-12-06T08:57:13.661+0000] {logging_mixin.py:188} INFO - [2025-12-06T08:57:13.660+0000] {dag.py:3823} INFO - Setting next_dagrun for dataset_produces_1 to 2025-12-05 00:00:00+00:00, run_after=2025-12-06 00:00:00+00:00
[2025-12-06T08:57:13.664+0000] {logging_mixin.py:188} INFO - [2025-12-06T08:57:13.663+0000] {dag.py:3823} INFO - Setting next_dagrun for dataset_produces_2 to None, run_after=None
[2025-12-06T08:57:13.722+0000] {processor.py:183} INFO - Processing /home/airflow/.local/lib/python3.8/site-packages/airflow/example_dags/example_datasets.py took 0.207 seconds
[2025-12-06T08:57:44.023+0000] {processor.py:161} INFO - Started process (PID=281) to work on /home/airflow/.local/lib/python3.8/site-packages/airflow/example_dags/example_datasets.py
[2025-12-06T08:57:44.026+0000] {processor.py:830} INFO - Processing file /home/airflow/.local/lib/python3.8/site-packages/airflow/example_dags/example_datasets.py for tasks to queue
[2025-12-06T08:57:44.037+0000] {logging_mixin.py:188} INFO - [2025-12-06T08:57:44.035+0000] {dagbag.py:538} INFO - Filling up the DagBag from /home/airflow/.local/lib/python3.8/site-packages/airflow/example_dags/example_datasets.py
[2025-12-06T08:57:44.073+0000] {processor.py:840} INFO - DAG(s) 'dataset_consumes_1_and_2', 'dataset_produces_2', 'dataset_consumes_unknown_never_scheduled', 'dataset_consumes_1', 'dataset_consumes_1_never_scheduled', 'dataset_produces_1' retrieved from /home/airflow/.local/lib/python3.8/site-packages/airflow/example_dags/example_datasets.py
[2025-12-06T08:57:44.277+0000] {logging_mixin.py:188} INFO - [2025-12-06T08:57:44.276+0000] {dag.py:3036} INFO - Sync 6 DAGs
[2025-12-06T08:57:44.370+0000] {logging_mixin.py:188} INFO - [2025-12-06T08:57:44.369+0000] {dag.py:3823} INFO - Setting next_dagrun for dataset_consumes_1 to None, run_after=None
[2025-12-06T08:57:44.384+0000] {logging_mixin.py:188} INFO - [2025-12-06T08:57:44.382+0000] {dag.py:3823} INFO - Setting next_dagrun for dataset_consumes_1_and_2 to None, run_after=None
[2025-12-06T08:57:44.392+0000] {logging_mixin.py:188} INFO - [2025-12-06T08:57:44.392+0000] {dag.py:3823} INFO - Setting next_dagrun for dataset_consumes_1_never_scheduled to None, run_after=None
[2025-12-06T08:57:44.397+0000] {logging_mixin.py:188} INFO - [2025-12-06T08:57:44.396+0000] {dag.py:3823} INFO - Setting next_dagrun for dataset_consumes_unknown_never_scheduled to None, run_after=None
[2025-12-06T08:57:44.406+0000] {logging_mixin.py:188} INFO - [2025-12-06T08:57:44.406+0000] {dag.py:3823} INFO - Setting next_dagrun for dataset_produces_1 to 2025-12-05 00:00:00+00:00, run_after=2025-12-06 00:00:00+00:00
[2025-12-06T08:57:44.411+0000] {logging_mixin.py:188} INFO - [2025-12-06T08:57:44.410+0000] {dag.py:3823} INFO - Setting next_dagrun for dataset_produces_2 to None, run_after=None
[2025-12-06T08:57:44.501+0000] {processor.py:183} INFO - Processing /home/airflow/.local/lib/python3.8/site-packages/airflow/example_dags/example_datasets.py took 0.490 seconds
[2025-12-06T08:58:15.271+0000] {processor.py:161} INFO - Started process (PID=340) to work on /home/airflow/.local/lib/python3.8/site-packages/airflow/example_dags/example_datasets.py
[2025-12-06T08:58:15.273+0000] {processor.py:830} INFO - Processing file /home/airflow/.local/lib/python3.8/site-packages/airflow/example_dags/example_datasets.py for tasks to queue
[2025-12-06T08:58:15.276+0000] {logging_mixin.py:188} INFO - [2025-12-06T08:58:15.276+0000] {dagbag.py:538} INFO - Filling up the DagBag from /home/airflow/.local/lib/python3.8/site-packages/airflow/example_dags/example_datasets.py
[2025-12-06T08:58:15.293+0000] {processor.py:840} INFO - DAG(s) 'dataset_produces_2', 'dataset_consumes_1_never_scheduled', 'dataset_consumes_1', 'dataset_consumes_unknown_never_scheduled', 'dataset_produces_1', 'dataset_consumes_1_and_2' retrieved from /home/airflow/.local/lib/python3.8/site-packages/airflow/example_dags/example_datasets.py
[2025-12-06T08:58:15.347+0000] {logging_mixin.py:188} INFO - [2025-12-06T08:58:15.347+0000] {dag.py:3036} INFO - Sync 6 DAGs
[2025-12-06T08:58:15.377+0000] {logging_mixin.py:188} INFO - [2025-12-06T08:58:15.376+0000] {dag.py:3823} INFO - Setting next_dagrun for dataset_consumes_1 to None, run_after=None
[2025-12-06T08:58:15.383+0000] {logging_mixin.py:188} INFO - [2025-12-06T08:58:15.382+0000] {dag.py:3823} INFO - Setting next_dagrun for dataset_consumes_1_and_2 to None, run_after=None
[2025-12-06T08:58:15.385+0000] {logging_mixin.py:188} INFO - [2025-12-06T08:58:15.385+0000] {dag.py:3823} INFO - Setting next_dagrun for dataset_consumes_1_never_scheduled to None, run_after=None
[2025-12-06T08:58:15.388+0000] {logging_mixin.py:188} INFO - [2025-12-06T08:58:15.387+0000] {dag.py:3823} INFO - Setting next_dagrun for dataset_consumes_unknown_never_scheduled to None, run_after=None
[2025-12-06T08:58:15.392+0000] {logging_mixin.py:188} INFO - [2025-12-06T08:58:15.392+0000] {dag.py:3823} INFO - Setting next_dagrun for dataset_produces_1 to 2025-12-05 00:00:00+00:00, run_after=2025-12-06 00:00:00+00:00
[2025-12-06T08:58:15.395+0000] {logging_mixin.py:188} INFO - [2025-12-06T08:58:15.395+0000] {dag.py:3823} INFO - Setting next_dagrun for dataset_produces_2 to None, run_after=None
[2025-12-06T08:58:15.450+0000] {processor.py:183} INFO - Processing /home/airflow/.local/lib/python3.8/site-packages/airflow/example_dags/example_datasets.py took 0.184 seconds
[2025-12-06T08:58:45.674+0000] {processor.py:161} INFO - Started process (PID=399) to work on /home/airflow/.local/lib/python3.8/site-packages/airflow/example_dags/example_datasets.py
[2025-12-06T08:58:45.677+0000] {processor.py:830} INFO - Processing file /home/airflow/.local/lib/python3.8/site-packages/airflow/example_dags/example_datasets.py for tasks to queue
[2025-12-06T08:58:45.681+0000] {logging_mixin.py:188} INFO - [2025-12-06T08:58:45.680+0000] {dagbag.py:538} INFO - Filling up the DagBag from /home/airflow/.local/lib/python3.8/site-packages/airflow/example_dags/example_datasets.py
[2025-12-06T08:58:45.699+0000] {processor.py:840} INFO - DAG(s) 'dataset_consumes_1', 'dataset_consumes_1_and_2', 'dataset_consumes_unknown_never_scheduled', 'dataset_produces_1', 'dataset_consumes_1_never_scheduled', 'dataset_produces_2' retrieved from /home/airflow/.local/lib/python3.8/site-packages/airflow/example_dags/example_datasets.py
[2025-12-06T08:58:45.778+0000] {logging_mixin.py:188} INFO - [2025-12-06T08:58:45.777+0000] {dag.py:3036} INFO - Sync 6 DAGs
[2025-12-06T08:58:45.816+0000] {logging_mixin.py:188} INFO - [2025-12-06T08:58:45.816+0000] {dag.py:3823} INFO - Setting next_dagrun for dataset_consumes_1 to None, run_after=None
[2025-12-06T08:58:45.823+0000] {logging_mixin.py:188} INFO - [2025-12-06T08:58:45.822+0000] {dag.py:3823} INFO - Setting next_dagrun for dataset_consumes_1_and_2 to None, run_after=None
[2025-12-06T08:58:45.826+0000] {logging_mixin.py:188} INFO - [2025-12-06T08:58:45.826+0000] {dag.py:3823} INFO - Setting next_dagrun for dataset_consumes_1_never_scheduled to None, run_after=None
[2025-12-06T08:58:45.828+0000] {logging_mixin.py:188} INFO - [2025-12-06T08:58:45.828+0000] {dag.py:3823} INFO - Setting next_dagrun for dataset_consumes_unknown_never_scheduled to None, run_after=None
[2025-12-06T08:58:45.834+0000] {logging_mixin.py:188} INFO - [2025-12-06T08:58:45.833+0000] {dag.py:3823} INFO - Setting next_dagrun for dataset_produces_1 to 2025-12-05 00:00:00+00:00, run_after=2025-12-06 00:00:00+00:00
[2025-12-06T08:58:45.836+0000] {logging_mixin.py:188} INFO - [2025-12-06T08:58:45.836+0000] {dag.py:3823} INFO - Setting next_dagrun for dataset_produces_2 to None, run_after=None
[2025-12-06T08:58:45.906+0000] {processor.py:183} INFO - Processing /home/airflow/.local/lib/python3.8/site-packages/airflow/example_dags/example_datasets.py took 0.237 seconds
[2025-12-06T08:59:16.116+0000] {processor.py:161} INFO - Started process (PID=458) to work on /home/airflow/.local/lib/python3.8/site-packages/airflow/example_dags/example_datasets.py
[2025-12-06T08:59:16.118+0000] {processor.py:830} INFO - Processing file /home/airflow/.local/lib/python3.8/site-packages/airflow/example_dags/example_datasets.py for tasks to queue
[2025-12-06T08:59:16.121+0000] {logging_mixin.py:188} INFO - [2025-12-06T08:59:16.120+0000] {dagbag.py:538} INFO - Filling up the DagBag from /home/airflow/.local/lib/python3.8/site-packages/airflow/example_dags/example_datasets.py
[2025-12-06T08:59:16.135+0000] {processor.py:840} INFO - DAG(s) 'dataset_consumes_unknown_never_scheduled', 'dataset_produces_1', 'dataset_consumes_1_never_scheduled', 'dataset_consumes_1', 'dataset_produces_2', 'dataset_consumes_1_and_2' retrieved from /home/airflow/.local/lib/python3.8/site-packages/airflow/example_dags/example_datasets.py
[2025-12-06T08:59:16.195+0000] {logging_mixin.py:188} INFO - [2025-12-06T08:59:16.195+0000] {dag.py:3036} INFO - Sync 6 DAGs
[2025-12-06T08:59:16.230+0000] {logging_mixin.py:188} INFO - [2025-12-06T08:59:16.230+0000] {dag.py:3823} INFO - Setting next_dagrun for dataset_consumes_1 to None, run_after=None
[2025-12-06T08:59:16.237+0000] {logging_mixin.py:188} INFO - [2025-12-06T08:59:16.237+0000] {dag.py:3823} INFO - Setting next_dagrun for dataset_consumes_1_and_2 to None, run_after=None
[2025-12-06T08:59:16.240+0000] {logging_mixin.py:188} INFO - [2025-12-06T08:59:16.240+0000] {dag.py:3823} INFO - Setting next_dagrun for dataset_consumes_1_never_scheduled to None, run_after=None
[2025-12-06T08:59:16.244+0000] {logging_mixin.py:188} INFO - [2025-12-06T08:59:16.244+0000] {dag.py:3823} INFO - Setting next_dagrun for dataset_consumes_unknown_never_scheduled to None, run_after=None
[2025-12-06T08:59:16.249+0000] {logging_mixin.py:188} INFO - [2025-12-06T08:59:16.248+0000] {dag.py:3823} INFO - Setting next_dagrun for dataset_produces_1 to 2025-12-05 00:00:00+00:00, run_after=2025-12-06 00:00:00+00:00
[2025-12-06T08:59:16.252+0000] {logging_mixin.py:188} INFO - [2025-12-06T08:59:16.252+0000] {dag.py:3823} INFO - Setting next_dagrun for dataset_produces_2 to None, run_after=None
[2025-12-06T08:59:16.319+0000] {processor.py:183} INFO - Processing /home/airflow/.local/lib/python3.8/site-packages/airflow/example_dags/example_datasets.py took 0.207 seconds
[2025-12-06T08:59:47.204+0000] {processor.py:161} INFO - Started process (PID=517) to work on /home/airflow/.local/lib/python3.8/site-packages/airflow/example_dags/example_datasets.py
[2025-12-06T08:59:47.206+0000] {processor.py:830} INFO - Processing file /home/airflow/.local/lib/python3.8/site-packages/airflow/example_dags/example_datasets.py for tasks to queue
[2025-12-06T08:59:47.214+0000] {logging_mixin.py:188} INFO - [2025-12-06T08:59:47.213+0000] {dagbag.py:538} INFO - Filling up the DagBag from /home/airflow/.local/lib/python3.8/site-packages/airflow/example_dags/example_datasets.py
[2025-12-06T08:59:47.237+0000] {processor.py:840} INFO - DAG(s) 'dataset_consumes_1_never_scheduled', 'dataset_consumes_1', 'dataset_consumes_1_and_2', 'dataset_produces_2', 'dataset_produces_1', 'dataset_consumes_unknown_never_scheduled' retrieved from /home/airflow/.local/lib/python3.8/site-packages/airflow/example_dags/example_datasets.py
[2025-12-06T08:59:47.350+0000] {logging_mixin.py:188} INFO - [2025-12-06T08:59:47.349+0000] {dag.py:3036} INFO - Sync 6 DAGs
[2025-12-06T08:59:47.402+0000] {logging_mixin.py:188} INFO - [2025-12-06T08:59:47.402+0000] {dag.py:3823} INFO - Setting next_dagrun for dataset_consumes_1 to None, run_after=None
[2025-12-06T08:59:47.409+0000] {logging_mixin.py:188} INFO - [2025-12-06T08:59:47.408+0000] {dag.py:3823} INFO - Setting next_dagrun for dataset_consumes_1_and_2 to None, run_after=None
[2025-12-06T08:59:47.412+0000] {logging_mixin.py:188} INFO - [2025-12-06T08:59:47.412+0000] {dag.py:3823} INFO - Setting next_dagrun for dataset_consumes_1_never_scheduled to None, run_after=None
[2025-12-06T08:59:47.415+0000] {logging_mixin.py:188} INFO - [2025-12-06T08:59:47.414+0000] {dag.py:3823} INFO - Setting next_dagrun for dataset_consumes_unknown_never_scheduled to None, run_after=None
[2025-12-06T08:59:47.420+0000] {logging_mixin.py:188} INFO - [2025-12-06T08:59:47.420+0000] {dag.py:3823} INFO - Setting next_dagrun for dataset_produces_1 to 2025-12-05 00:00:00+00:00, run_after=2025-12-06 00:00:00+00:00
[2025-12-06T08:59:47.424+0000] {logging_mixin.py:188} INFO - [2025-12-06T08:59:47.423+0000] {dag.py:3823} INFO - Setting next_dagrun for dataset_produces_2 to None, run_after=None
[2025-12-06T08:59:47.497+0000] {processor.py:183} INFO - Processing /home/airflow/.local/lib/python3.8/site-packages/airflow/example_dags/example_datasets.py took 0.298 seconds
[2025-12-06T09:00:17.939+0000] {processor.py:161} INFO - Started process (PID=576) to work on /home/airflow/.local/lib/python3.8/site-packages/airflow/example_dags/example_datasets.py
[2025-12-06T09:00:17.942+0000] {processor.py:830} INFO - Processing file /home/airflow/.local/lib/python3.8/site-packages/airflow/example_dags/example_datasets.py for tasks to queue
[2025-12-06T09:00:17.945+0000] {logging_mixin.py:188} INFO - [2025-12-06T09:00:17.945+0000] {dagbag.py:538} INFO - Filling up the DagBag from /home/airflow/.local/lib/python3.8/site-packages/airflow/example_dags/example_datasets.py
[2025-12-06T09:00:17.963+0000] {processor.py:840} INFO - DAG(s) 'dataset_produces_1', 'dataset_consumes_1_never_scheduled', 'dataset_produces_2', 'dataset_consumes_1', 'dataset_consumes_unknown_never_scheduled', 'dataset_consumes_1_and_2' retrieved from /home/airflow/.local/lib/python3.8/site-packages/airflow/example_dags/example_datasets.py
[2025-12-06T09:00:18.040+0000] {logging_mixin.py:188} INFO - [2025-12-06T09:00:18.040+0000] {dag.py:3036} INFO - Sync 6 DAGs
[2025-12-06T09:00:18.075+0000] {logging_mixin.py:188} INFO - [2025-12-06T09:00:18.075+0000] {dag.py:3823} INFO - Setting next_dagrun for dataset_consumes_1 to None, run_after=None
[2025-12-06T09:00:18.081+0000] {logging_mixin.py:188} INFO - [2025-12-06T09:00:18.080+0000] {dag.py:3823} INFO - Setting next_dagrun for dataset_consumes_1_and_2 to None, run_after=None
[2025-12-06T09:00:18.083+0000] {logging_mixin.py:188} INFO - [2025-12-06T09:00:18.083+0000] {dag.py:3823} INFO - Setting next_dagrun for dataset_consumes_1_never_scheduled to None, run_after=None
[2025-12-06T09:00:18.086+0000] {logging_mixin.py:188} INFO - [2025-12-06T09:00:18.086+0000] {dag.py:3823} INFO - Setting next_dagrun for dataset_consumes_unknown_never_scheduled to None, run_after=None
[2025-12-06T09:00:18.092+0000] {logging_mixin.py:188} INFO - [2025-12-06T09:00:18.091+0000] {dag.py:3823} INFO - Setting next_dagrun for dataset_produces_1 to 2025-12-05 00:00:00+00:00, run_after=2025-12-06 00:00:00+00:00
[2025-12-06T09:00:18.095+0000] {logging_mixin.py:188} INFO - [2025-12-06T09:00:18.094+0000] {dag.py:3823} INFO - Setting next_dagrun for dataset_produces_2 to None, run_after=None
[2025-12-06T09:00:18.158+0000] {processor.py:183} INFO - Processing /home/airflow/.local/lib/python3.8/site-packages/airflow/example_dags/example_datasets.py took 0.224 seconds
[2025-12-06T09:00:48.321+0000] {processor.py:161} INFO - Started process (PID=635) to work on /home/airflow/.local/lib/python3.8/site-packages/airflow/example_dags/example_datasets.py
[2025-12-06T09:00:48.323+0000] {processor.py:830} INFO - Processing file /home/airflow/.local/lib/python3.8/site-packages/airflow/example_dags/example_datasets.py for tasks to queue
[2025-12-06T09:00:48.326+0000] {logging_mixin.py:188} INFO - [2025-12-06T09:00:48.325+0000] {dagbag.py:538} INFO - Filling up the DagBag from /home/airflow/.local/lib/python3.8/site-packages/airflow/example_dags/example_datasets.py
[2025-12-06T09:00:48.340+0000] {processor.py:840} INFO - DAG(s) 'dataset_consumes_unknown_never_scheduled', 'dataset_consumes_1_never_scheduled', 'dataset_consumes_1', 'dataset_produces_1', 'dataset_consumes_1_and_2', 'dataset_produces_2' retrieved from /home/airflow/.local/lib/python3.8/site-packages/airflow/example_dags/example_datasets.py
[2025-12-06T09:00:48.396+0000] {logging_mixin.py:188} INFO - [2025-12-06T09:00:48.395+0000] {dag.py:3036} INFO - Sync 6 DAGs
[2025-12-06T09:00:48.432+0000] {logging_mixin.py:188} INFO - [2025-12-06T09:00:48.431+0000] {dag.py:3823} INFO - Setting next_dagrun for dataset_consumes_1 to None, run_after=None
[2025-12-06T09:00:48.437+0000] {logging_mixin.py:188} INFO - [2025-12-06T09:00:48.437+0000] {dag.py:3823} INFO - Setting next_dagrun for dataset_consumes_1_and_2 to None, run_after=None
[2025-12-06T09:00:48.440+0000] {logging_mixin.py:188} INFO - [2025-12-06T09:00:48.439+0000] {dag.py:3823} INFO - Setting next_dagrun for dataset_consumes_1_never_scheduled to None, run_after=None
[2025-12-06T09:00:48.442+0000] {logging_mixin.py:188} INFO - [2025-12-06T09:00:48.442+0000] {dag.py:3823} INFO - Setting next_dagrun for dataset_consumes_unknown_never_scheduled to None, run_after=None
[2025-12-06T09:00:48.447+0000] {logging_mixin.py:188} INFO - [2025-12-06T09:00:48.447+0000] {dag.py:3823} INFO - Setting next_dagrun for dataset_produces_1 to 2025-12-05 00:00:00+00:00, run_after=2025-12-06 00:00:00+00:00
[2025-12-06T09:00:48.449+0000] {logging_mixin.py:188} INFO - [2025-12-06T09:00:48.449+0000] {dag.py:3823} INFO - Setting next_dagrun for dataset_produces_2 to None, run_after=None
[2025-12-06T09:00:48.493+0000] {processor.py:183} INFO - Processing /home/airflow/.local/lib/python3.8/site-packages/airflow/example_dags/example_datasets.py took 0.177 seconds
[2025-12-06T09:01:18.858+0000] {processor.py:161} INFO - Started process (PID=694) to work on /home/airflow/.local/lib/python3.8/site-packages/airflow/example_dags/example_datasets.py
[2025-12-06T09:01:18.859+0000] {processor.py:830} INFO - Processing file /home/airflow/.local/lib/python3.8/site-packages/airflow/example_dags/example_datasets.py for tasks to queue
[2025-12-06T09:01:18.863+0000] {logging_mixin.py:188} INFO - [2025-12-06T09:01:18.862+0000] {dagbag.py:538} INFO - Filling up the DagBag from /home/airflow/.local/lib/python3.8/site-packages/airflow/example_dags/example_datasets.py
[2025-12-06T09:01:18.877+0000] {processor.py:840} INFO - DAG(s) 'dataset_produces_1', 'dataset_consumes_1_and_2', 'dataset_consumes_1_never_scheduled', 'dataset_consumes_unknown_never_scheduled', 'dataset_produces_2', 'dataset_consumes_1' retrieved from /home/airflow/.local/lib/python3.8/site-packages/airflow/example_dags/example_datasets.py
[2025-12-06T09:01:18.944+0000] {logging_mixin.py:188} INFO - [2025-12-06T09:01:18.944+0000] {dag.py:3036} INFO - Sync 6 DAGs
[2025-12-06T09:01:18.981+0000] {logging_mixin.py:188} INFO - [2025-12-06T09:01:18.980+0000] {dag.py:3823} INFO - Setting next_dagrun for dataset_consumes_1 to None, run_after=None
[2025-12-06T09:01:18.990+0000] {logging_mixin.py:188} INFO - [2025-12-06T09:01:18.989+0000] {dag.py:3823} INFO - Setting next_dagrun for dataset_consumes_1_and_2 to None, run_after=None
[2025-12-06T09:01:18.992+0000] {logging_mixin.py:188} INFO - [2025-12-06T09:01:18.992+0000] {dag.py:3823} INFO - Setting next_dagrun for dataset_consumes_1_never_scheduled to None, run_after=None
[2025-12-06T09:01:18.995+0000] {logging_mixin.py:188} INFO - [2025-12-06T09:01:18.994+0000] {dag.py:3823} INFO - Setting next_dagrun for dataset_consumes_unknown_never_scheduled to None, run_after=None
[2025-12-06T09:01:18.999+0000] {logging_mixin.py:188} INFO - [2025-12-06T09:01:18.999+0000] {dag.py:3823} INFO - Setting next_dagrun for dataset_produces_1 to 2025-12-05 00:00:00+00:00, run_after=2025-12-06 00:00:00+00:00
[2025-12-06T09:01:19.001+0000] {logging_mixin.py:188} INFO - [2025-12-06T09:01:19.001+0000] {dag.py:3823} INFO - Setting next_dagrun for dataset_produces_2 to None, run_after=None
[2025-12-06T09:01:19.077+0000] {processor.py:183} INFO - Processing /home/airflow/.local/lib/python3.8/site-packages/airflow/example_dags/example_datasets.py took 0.225 seconds
[2025-12-06T09:01:49.233+0000] {processor.py:161} INFO - Started process (PID=753) to work on /home/airflow/.local/lib/python3.8/site-packages/airflow/example_dags/example_datasets.py
[2025-12-06T09:01:49.235+0000] {processor.py:830} INFO - Processing file /home/airflow/.local/lib/python3.8/site-packages/airflow/example_dags/example_datasets.py for tasks to queue
[2025-12-06T09:01:49.237+0000] {logging_mixin.py:188} INFO - [2025-12-06T09:01:49.237+0000] {dagbag.py:538} INFO - Filling up the DagBag from /home/airflow/.local/lib/python3.8/site-packages/airflow/example_dags/example_datasets.py
[2025-12-06T09:01:49.252+0000] {processor.py:840} INFO - DAG(s) 'dataset_consumes_1_never_scheduled', 'dataset_produces_2', 'dataset_produces_1', 'dataset_consumes_1', 'dataset_consumes_unknown_never_scheduled', 'dataset_consumes_1_and_2' retrieved from /home/airflow/.local/lib/python3.8/site-packages/airflow/example_dags/example_datasets.py
[2025-12-06T09:01:49.317+0000] {logging_mixin.py:188} INFO - [2025-12-06T09:01:49.316+0000] {dag.py:3036} INFO - Sync 6 DAGs
[2025-12-06T09:01:49.354+0000] {logging_mixin.py:188} INFO - [2025-12-06T09:01:49.354+0000] {dag.py:3823} INFO - Setting next_dagrun for dataset_consumes_1 to None, run_after=None
[2025-12-06T09:01:49.359+0000] {logging_mixin.py:188} INFO - [2025-12-06T09:01:49.359+0000] {dag.py:3823} INFO - Setting next_dagrun for dataset_consumes_1_and_2 to None, run_after=None
[2025-12-06T09:01:49.362+0000] {logging_mixin.py:188} INFO - [2025-12-06T09:01:49.362+0000] {dag.py:3823} INFO - Setting next_dagrun for dataset_consumes_1_never_scheduled to None, run_after=None
[2025-12-06T09:01:49.364+0000] {logging_mixin.py:188} INFO - [2025-12-06T09:01:49.364+0000] {dag.py:3823} INFO - Setting next_dagrun for dataset_consumes_unknown_never_scheduled to None, run_after=None
[2025-12-06T09:01:49.370+0000] {logging_mixin.py:188} INFO - [2025-12-06T09:01:49.370+0000] {dag.py:3823} INFO - Setting next_dagrun for dataset_produces_1 to 2025-12-05 00:00:00+00:00, run_after=2025-12-06 00:00:00+00:00
[2025-12-06T09:01:49.374+0000] {logging_mixin.py:188} INFO - [2025-12-06T09:01:49.374+0000] {dag.py:3823} INFO - Setting next_dagrun for dataset_produces_2 to None, run_after=None
[2025-12-06T09:01:49.462+0000] {processor.py:183} INFO - Processing /home/airflow/.local/lib/python3.8/site-packages/airflow/example_dags/example_datasets.py took 0.235 seconds
[2025-12-06T09:02:19.648+0000] {processor.py:161} INFO - Started process (PID=812) to work on /home/airflow/.local/lib/python3.8/site-packages/airflow/example_dags/example_datasets.py
[2025-12-06T09:02:19.649+0000] {processor.py:830} INFO - Processing file /home/airflow/.local/lib/python3.8/site-packages/airflow/example_dags/example_datasets.py for tasks to queue
[2025-12-06T09:02:19.652+0000] {logging_mixin.py:188} INFO - [2025-12-06T09:02:19.652+0000] {dagbag.py:538} INFO - Filling up the DagBag from /home/airflow/.local/lib/python3.8/site-packages/airflow/example_dags/example_datasets.py
[2025-12-06T09:02:19.666+0000] {processor.py:840} INFO - DAG(s) 'dataset_produces_1', 'dataset_produces_2', 'dataset_consumes_1_never_scheduled', 'dataset_consumes_1_and_2', 'dataset_consumes_1', 'dataset_consumes_unknown_never_scheduled' retrieved from /home/airflow/.local/lib/python3.8/site-packages/airflow/example_dags/example_datasets.py
[2025-12-06T09:02:19.723+0000] {logging_mixin.py:188} INFO - [2025-12-06T09:02:19.723+0000] {dag.py:3036} INFO - Sync 6 DAGs
[2025-12-06T09:02:19.756+0000] {logging_mixin.py:188} INFO - [2025-12-06T09:02:19.755+0000] {dag.py:3823} INFO - Setting next_dagrun for dataset_consumes_1 to None, run_after=None
[2025-12-06T09:02:19.762+0000] {logging_mixin.py:188} INFO - [2025-12-06T09:02:19.762+0000] {dag.py:3823} INFO - Setting next_dagrun for dataset_consumes_1_and_2 to None, run_after=None
[2025-12-06T09:02:19.765+0000] {logging_mixin.py:188} INFO - [2025-12-06T09:02:19.765+0000] {dag.py:3823} INFO - Setting next_dagrun for dataset_consumes_1_never_scheduled to None, run_after=None
[2025-12-06T09:02:19.768+0000] {logging_mixin.py:188} INFO - [2025-12-06T09:02:19.767+0000] {dag.py:3823} INFO - Setting next_dagrun for dataset_consumes_unknown_never_scheduled to None, run_after=None
[2025-12-06T09:02:19.773+0000] {logging_mixin.py:188} INFO - [2025-12-06T09:02:19.773+0000] {dag.py:3823} INFO - Setting next_dagrun for dataset_produces_1 to 2025-12-05 00:00:00+00:00, run_after=2025-12-06 00:00:00+00:00
[2025-12-06T09:02:19.776+0000] {logging_mixin.py:188} INFO - [2025-12-06T09:02:19.775+0000] {dag.py:3823} INFO - Setting next_dagrun for dataset_produces_2 to None, run_after=None
[2025-12-06T09:02:19.853+0000] {processor.py:183} INFO - Processing /home/airflow/.local/lib/python3.8/site-packages/airflow/example_dags/example_datasets.py took 0.210 seconds
[2025-12-06T09:02:49.989+0000] {processor.py:161} INFO - Started process (PID=871) to work on /home/airflow/.local/lib/python3.8/site-packages/airflow/example_dags/example_datasets.py
[2025-12-06T09:02:49.993+0000] {processor.py:830} INFO - Processing file /home/airflow/.local/lib/python3.8/site-packages/airflow/example_dags/example_datasets.py for tasks to queue
[2025-12-06T09:02:49.996+0000] {logging_mixin.py:188} INFO - [2025-12-06T09:02:49.995+0000] {dagbag.py:538} INFO - Filling up the DagBag from /home/airflow/.local/lib/python3.8/site-packages/airflow/example_dags/example_datasets.py
[2025-12-06T09:02:50.011+0000] {processor.py:840} INFO - DAG(s) 'dataset_consumes_1_and_2', 'dataset_consumes_1', 'dataset_consumes_unknown_never_scheduled', 'dataset_produces_1', 'dataset_produces_2', 'dataset_consumes_1_never_scheduled' retrieved from /home/airflow/.local/lib/python3.8/site-packages/airflow/example_dags/example_datasets.py
[2025-12-06T09:02:50.072+0000] {logging_mixin.py:188} INFO - [2025-12-06T09:02:50.072+0000] {dag.py:3036} INFO - Sync 6 DAGs
[2025-12-06T09:02:50.107+0000] {logging_mixin.py:188} INFO - [2025-12-06T09:02:50.107+0000] {dag.py:3823} INFO - Setting next_dagrun for dataset_consumes_1 to None, run_after=None
[2025-12-06T09:02:50.114+0000] {logging_mixin.py:188} INFO - [2025-12-06T09:02:50.114+0000] {dag.py:3823} INFO - Setting next_dagrun for dataset_consumes_1_and_2 to None, run_after=None
[2025-12-06T09:02:50.117+0000] {logging_mixin.py:188} INFO - [2025-12-06T09:02:50.117+0000] {dag.py:3823} INFO - Setting next_dagrun for dataset_consumes_1_never_scheduled to None, run_after=None
[2025-12-06T09:02:50.119+0000] {logging_mixin.py:188} INFO - [2025-12-06T09:02:50.119+0000] {dag.py:3823} INFO - Setting next_dagrun for dataset_consumes_unknown_never_scheduled to None, run_after=None
[2025-12-06T09:02:50.123+0000] {logging_mixin.py:188} INFO - [2025-12-06T09:02:50.123+0000] {dag.py:3823} INFO - Setting next_dagrun for dataset_produces_1 to 2025-12-05 00:00:00+00:00, run_after=2025-12-06 00:00:00+00:00
[2025-12-06T09:02:50.126+0000] {logging_mixin.py:188} INFO - [2025-12-06T09:02:50.126+0000] {dag.py:3823} INFO - Setting next_dagrun for dataset_produces_2 to None, run_after=None
[2025-12-06T09:02:50.183+0000] {processor.py:183} INFO - Processing /home/airflow/.local/lib/python3.8/site-packages/airflow/example_dags/example_datasets.py took 0.200 seconds
[2025-12-06T09:03:20.403+0000] {processor.py:161} INFO - Started process (PID=930) to work on /home/airflow/.local/lib/python3.8/site-packages/airflow/example_dags/example_datasets.py
[2025-12-06T09:03:20.406+0000] {processor.py:830} INFO - Processing file /home/airflow/.local/lib/python3.8/site-packages/airflow/example_dags/example_datasets.py for tasks to queue
[2025-12-06T09:03:20.409+0000] {logging_mixin.py:188} INFO - [2025-12-06T09:03:20.408+0000] {dagbag.py:538} INFO - Filling up the DagBag from /home/airflow/.local/lib/python3.8/site-packages/airflow/example_dags/example_datasets.py
[2025-12-06T09:03:20.424+0000] {processor.py:840} INFO - DAG(s) 'dataset_consumes_1', 'dataset_produces_2', 'dataset_consumes_1_never_scheduled', 'dataset_consumes_unknown_never_scheduled', 'dataset_produces_1', 'dataset_consumes_1_and_2' retrieved from /home/airflow/.local/lib/python3.8/site-packages/airflow/example_dags/example_datasets.py
[2025-12-06T09:03:20.486+0000] {logging_mixin.py:188} INFO - [2025-12-06T09:03:20.485+0000] {dag.py:3036} INFO - Sync 6 DAGs
[2025-12-06T09:03:20.520+0000] {logging_mixin.py:188} INFO - [2025-12-06T09:03:20.520+0000] {dag.py:3823} INFO - Setting next_dagrun for dataset_consumes_1 to None, run_after=None
[2025-12-06T09:03:20.526+0000] {logging_mixin.py:188} INFO - [2025-12-06T09:03:20.525+0000] {dag.py:3823} INFO - Setting next_dagrun for dataset_consumes_1_and_2 to None, run_after=None
[2025-12-06T09:03:20.528+0000] {logging_mixin.py:188} INFO - [2025-12-06T09:03:20.528+0000] {dag.py:3823} INFO - Setting next_dagrun for dataset_consumes_1_never_scheduled to None, run_after=None
[2025-12-06T09:03:20.531+0000] {logging_mixin.py:188} INFO - [2025-12-06T09:03:20.530+0000] {dag.py:3823} INFO - Setting next_dagrun for dataset_consumes_unknown_never_scheduled to None, run_after=None
[2025-12-06T09:03:20.535+0000] {logging_mixin.py:188} INFO - [2025-12-06T09:03:20.534+0000] {dag.py:3823} INFO - Setting next_dagrun for dataset_produces_1 to 2025-12-05 00:00:00+00:00, run_after=2025-12-06 00:00:00+00:00
[2025-12-06T09:03:20.537+0000] {logging_mixin.py:188} INFO - [2025-12-06T09:03:20.537+0000] {dag.py:3823} INFO - Setting next_dagrun for dataset_produces_2 to None, run_after=None
[2025-12-06T09:03:20.590+0000] {processor.py:183} INFO - Processing /home/airflow/.local/lib/python3.8/site-packages/airflow/example_dags/example_datasets.py took 0.193 seconds
[2025-12-06T09:03:50.811+0000] {processor.py:161} INFO - Started process (PID=989) to work on /home/airflow/.local/lib/python3.8/site-packages/airflow/example_dags/example_datasets.py
[2025-12-06T09:03:50.812+0000] {processor.py:830} INFO - Processing file /home/airflow/.local/lib/python3.8/site-packages/airflow/example_dags/example_datasets.py for tasks to queue
[2025-12-06T09:03:50.815+0000] {logging_mixin.py:188} INFO - [2025-12-06T09:03:50.815+0000] {dagbag.py:538} INFO - Filling up the DagBag from /home/airflow/.local/lib/python3.8/site-packages/airflow/example_dags/example_datasets.py
[2025-12-06T09:03:50.829+0000] {processor.py:840} INFO - DAG(s) 'dataset_consumes_1_and_2', 'dataset_produces_1', 'dataset_consumes_1', 'dataset_consumes_unknown_never_scheduled', 'dataset_produces_2', 'dataset_consumes_1_never_scheduled' retrieved from /home/airflow/.local/lib/python3.8/site-packages/airflow/example_dags/example_datasets.py
[2025-12-06T09:03:50.894+0000] {logging_mixin.py:188} INFO - [2025-12-06T09:03:50.893+0000] {dag.py:3036} INFO - Sync 6 DAGs
[2025-12-06T09:03:50.927+0000] {logging_mixin.py:188} INFO - [2025-12-06T09:03:50.926+0000] {dag.py:3823} INFO - Setting next_dagrun for dataset_consumes_1 to None, run_after=None
[2025-12-06T09:03:50.934+0000] {logging_mixin.py:188} INFO - [2025-12-06T09:03:50.934+0000] {dag.py:3823} INFO - Setting next_dagrun for dataset_consumes_1_and_2 to None, run_after=None
[2025-12-06T09:03:50.937+0000] {logging_mixin.py:188} INFO - [2025-12-06T09:03:50.936+0000] {dag.py:3823} INFO - Setting next_dagrun for dataset_consumes_1_never_scheduled to None, run_after=None
[2025-12-06T09:03:50.939+0000] {logging_mixin.py:188} INFO - [2025-12-06T09:03:50.939+0000] {dag.py:3823} INFO - Setting next_dagrun for dataset_consumes_unknown_never_scheduled to None, run_after=None
[2025-12-06T09:03:50.943+0000] {logging_mixin.py:188} INFO - [2025-12-06T09:03:50.943+0000] {dag.py:3823} INFO - Setting next_dagrun for dataset_produces_1 to 2025-12-05 00:00:00+00:00, run_after=2025-12-06 00:00:00+00:00
[2025-12-06T09:03:50.949+0000] {logging_mixin.py:188} INFO - [2025-12-06T09:03:50.948+0000] {dag.py:3823} INFO - Setting next_dagrun for dataset_produces_2 to None, run_after=None
[2025-12-06T09:03:51.004+0000] {processor.py:183} INFO - Processing /home/airflow/.local/lib/python3.8/site-packages/airflow/example_dags/example_datasets.py took 0.198 seconds
[2025-12-06T09:04:21.613+0000] {processor.py:161} INFO - Started process (PID=1048) to work on /home/airflow/.local/lib/python3.8/site-packages/airflow/example_dags/example_datasets.py
[2025-12-06T09:04:21.616+0000] {processor.py:830} INFO - Processing file /home/airflow/.local/lib/python3.8/site-packages/airflow/example_dags/example_datasets.py for tasks to queue
[2025-12-06T09:04:21.620+0000] {logging_mixin.py:188} INFO - [2025-12-06T09:04:21.620+0000] {dagbag.py:538} INFO - Filling up the DagBag from /home/airflow/.local/lib/python3.8/site-packages/airflow/example_dags/example_datasets.py
[2025-12-06T09:04:21.635+0000] {processor.py:840} INFO - DAG(s) 'dataset_consumes_unknown_never_scheduled', 'dataset_produces_2', 'dataset_consumes_1_never_scheduled', 'dataset_consumes_1_and_2', 'dataset_produces_1', 'dataset_consumes_1' retrieved from /home/airflow/.local/lib/python3.8/site-packages/airflow/example_dags/example_datasets.py
[2025-12-06T09:04:21.694+0000] {logging_mixin.py:188} INFO - [2025-12-06T09:04:21.694+0000] {dag.py:3036} INFO - Sync 6 DAGs
[2025-12-06T09:04:21.731+0000] {logging_mixin.py:188} INFO - [2025-12-06T09:04:21.730+0000] {dag.py:3823} INFO - Setting next_dagrun for dataset_consumes_1 to None, run_after=None
[2025-12-06T09:04:21.736+0000] {logging_mixin.py:188} INFO - [2025-12-06T09:04:21.736+0000] {dag.py:3823} INFO - Setting next_dagrun for dataset_consumes_1_and_2 to None, run_after=None
[2025-12-06T09:04:21.739+0000] {logging_mixin.py:188} INFO - [2025-12-06T09:04:21.738+0000] {dag.py:3823} INFO - Setting next_dagrun for dataset_consumes_1_never_scheduled to None, run_after=None
[2025-12-06T09:04:21.742+0000] {logging_mixin.py:188} INFO - [2025-12-06T09:04:21.742+0000] {dag.py:3823} INFO - Setting next_dagrun for dataset_consumes_unknown_never_scheduled to None, run_after=None
[2025-12-06T09:04:21.748+0000] {logging_mixin.py:188} INFO - [2025-12-06T09:04:21.748+0000] {dag.py:3823} INFO - Setting next_dagrun for dataset_produces_1 to 2025-12-05 00:00:00+00:00, run_after=2025-12-06 00:00:00+00:00
[2025-12-06T09:04:21.752+0000] {logging_mixin.py:188} INFO - [2025-12-06T09:04:21.752+0000] {dag.py:3823} INFO - Setting next_dagrun for dataset_produces_2 to None, run_after=None
[2025-12-06T09:04:21.803+0000] {processor.py:183} INFO - Processing /home/airflow/.local/lib/python3.8/site-packages/airflow/example_dags/example_datasets.py took 0.195 seconds
[2025-12-06T09:04:52.596+0000] {processor.py:161} INFO - Started process (PID=1107) to work on /home/airflow/.local/lib/python3.8/site-packages/airflow/example_dags/example_datasets.py
[2025-12-06T09:04:52.600+0000] {processor.py:830} INFO - Processing file /home/airflow/.local/lib/python3.8/site-packages/airflow/example_dags/example_datasets.py for tasks to queue
[2025-12-06T09:04:52.604+0000] {logging_mixin.py:188} INFO - [2025-12-06T09:04:52.603+0000] {dagbag.py:538} INFO - Filling up the DagBag from /home/airflow/.local/lib/python3.8/site-packages/airflow/example_dags/example_datasets.py
[2025-12-06T09:04:52.619+0000] {processor.py:840} INFO - DAG(s) 'dataset_produces_1', 'dataset_consumes_unknown_never_scheduled', 'dataset_consumes_1_never_scheduled', 'dataset_consumes_1', 'dataset_consumes_1_and_2', 'dataset_produces_2' retrieved from /home/airflow/.local/lib/python3.8/site-packages/airflow/example_dags/example_datasets.py
[2025-12-06T09:04:52.680+0000] {logging_mixin.py:188} INFO - [2025-12-06T09:04:52.679+0000] {dag.py:3036} INFO - Sync 6 DAGs
[2025-12-06T09:04:52.714+0000] {logging_mixin.py:188} INFO - [2025-12-06T09:04:52.713+0000] {dag.py:3823} INFO - Setting next_dagrun for dataset_consumes_1 to None, run_after=None
[2025-12-06T09:04:52.719+0000] {logging_mixin.py:188} INFO - [2025-12-06T09:04:52.719+0000] {dag.py:3823} INFO - Setting next_dagrun for dataset_consumes_1_and_2 to None, run_after=None
[2025-12-06T09:04:52.722+0000] {logging_mixin.py:188} INFO - [2025-12-06T09:04:52.721+0000] {dag.py:3823} INFO - Setting next_dagrun for dataset_consumes_1_never_scheduled to None, run_after=None
[2025-12-06T09:04:52.725+0000] {logging_mixin.py:188} INFO - [2025-12-06T09:04:52.724+0000] {dag.py:3823} INFO - Setting next_dagrun for dataset_consumes_unknown_never_scheduled to None, run_after=None
[2025-12-06T09:04:52.732+0000] {logging_mixin.py:188} INFO - [2025-12-06T09:04:52.732+0000] {dag.py:3823} INFO - Setting next_dagrun for dataset_produces_1 to 2025-12-05 00:00:00+00:00, run_after=2025-12-06 00:00:00+00:00
[2025-12-06T09:04:52.735+0000] {logging_mixin.py:188} INFO - [2025-12-06T09:04:52.735+0000] {dag.py:3823} INFO - Setting next_dagrun for dataset_produces_2 to None, run_after=None
[2025-12-06T09:04:52.797+0000] {processor.py:183} INFO - Processing /home/airflow/.local/lib/python3.8/site-packages/airflow/example_dags/example_datasets.py took 0.207 seconds
[2025-12-06T09:05:23.154+0000] {processor.py:161} INFO - Started process (PID=1166) to work on /home/airflow/.local/lib/python3.8/site-packages/airflow/example_dags/example_datasets.py
[2025-12-06T09:05:23.156+0000] {processor.py:830} INFO - Processing file /home/airflow/.local/lib/python3.8/site-packages/airflow/example_dags/example_datasets.py for tasks to queue
[2025-12-06T09:05:23.159+0000] {logging_mixin.py:188} INFO - [2025-12-06T09:05:23.159+0000] {dagbag.py:538} INFO - Filling up the DagBag from /home/airflow/.local/lib/python3.8/site-packages/airflow/example_dags/example_datasets.py
[2025-12-06T09:05:23.178+0000] {processor.py:840} INFO - DAG(s) 'dataset_consumes_1_and_2', 'dataset_consumes_1', 'dataset_consumes_1_never_scheduled', 'dataset_produces_2', 'dataset_consumes_unknown_never_scheduled', 'dataset_produces_1' retrieved from /home/airflow/.local/lib/python3.8/site-packages/airflow/example_dags/example_datasets.py
[2025-12-06T09:05:23.239+0000] {logging_mixin.py:188} INFO - [2025-12-06T09:05:23.239+0000] {dag.py:3036} INFO - Sync 6 DAGs
[2025-12-06T09:05:23.274+0000] {logging_mixin.py:188} INFO - [2025-12-06T09:05:23.274+0000] {dag.py:3823} INFO - Setting next_dagrun for dataset_consumes_1 to None, run_after=None
[2025-12-06T09:05:23.280+0000] {logging_mixin.py:188} INFO - [2025-12-06T09:05:23.280+0000] {dag.py:3823} INFO - Setting next_dagrun for dataset_consumes_1_and_2 to None, run_after=None
[2025-12-06T09:05:23.284+0000] {logging_mixin.py:188} INFO - [2025-12-06T09:05:23.283+0000] {dag.py:3823} INFO - Setting next_dagrun for dataset_consumes_1_never_scheduled to None, run_after=None
[2025-12-06T09:05:23.286+0000] {logging_mixin.py:188} INFO - [2025-12-06T09:05:23.286+0000] {dag.py:3823} INFO - Setting next_dagrun for dataset_consumes_unknown_never_scheduled to None, run_after=None
[2025-12-06T09:05:23.293+0000] {logging_mixin.py:188} INFO - [2025-12-06T09:05:23.293+0000] {dag.py:3823} INFO - Setting next_dagrun for dataset_produces_1 to 2025-12-05 00:00:00+00:00, run_after=2025-12-06 00:00:00+00:00
[2025-12-06T09:05:23.295+0000] {logging_mixin.py:188} INFO - [2025-12-06T09:05:23.295+0000] {dag.py:3823} INFO - Setting next_dagrun for dataset_produces_2 to None, run_after=None
[2025-12-06T09:05:23.353+0000] {processor.py:183} INFO - Processing /home/airflow/.local/lib/python3.8/site-packages/airflow/example_dags/example_datasets.py took 0.205 seconds
[2025-12-06T09:05:53.790+0000] {processor.py:161} INFO - Started process (PID=1226) to work on /home/airflow/.local/lib/python3.8/site-packages/airflow/example_dags/example_datasets.py
[2025-12-06T09:05:53.792+0000] {processor.py:830} INFO - Processing file /home/airflow/.local/lib/python3.8/site-packages/airflow/example_dags/example_datasets.py for tasks to queue
[2025-12-06T09:05:53.795+0000] {logging_mixin.py:188} INFO - [2025-12-06T09:05:53.795+0000] {dagbag.py:538} INFO - Filling up the DagBag from /home/airflow/.local/lib/python3.8/site-packages/airflow/example_dags/example_datasets.py
[2025-12-06T09:05:53.812+0000] {processor.py:840} INFO - DAG(s) 'dataset_consumes_1', 'dataset_consumes_1_never_scheduled', 'dataset_consumes_1_and_2', 'dataset_consumes_unknown_never_scheduled', 'dataset_produces_2', 'dataset_produces_1' retrieved from /home/airflow/.local/lib/python3.8/site-packages/airflow/example_dags/example_datasets.py
[2025-12-06T09:05:53.878+0000] {logging_mixin.py:188} INFO - [2025-12-06T09:05:53.878+0000] {dag.py:3036} INFO - Sync 6 DAGs
[2025-12-06T09:05:53.923+0000] {logging_mixin.py:188} INFO - [2025-12-06T09:05:53.922+0000] {dag.py:3823} INFO - Setting next_dagrun for dataset_consumes_1 to None, run_after=None
[2025-12-06T09:05:53.931+0000] {logging_mixin.py:188} INFO - [2025-12-06T09:05:53.931+0000] {dag.py:3823} INFO - Setting next_dagrun for dataset_consumes_1_and_2 to None, run_after=None
[2025-12-06T09:05:53.936+0000] {logging_mixin.py:188} INFO - [2025-12-06T09:05:53.936+0000] {dag.py:3823} INFO - Setting next_dagrun for dataset_consumes_1_never_scheduled to None, run_after=None
[2025-12-06T09:05:53.939+0000] {logging_mixin.py:188} INFO - [2025-12-06T09:05:53.939+0000] {dag.py:3823} INFO - Setting next_dagrun for dataset_consumes_unknown_never_scheduled to None, run_after=None
[2025-12-06T09:05:53.947+0000] {logging_mixin.py:188} INFO - [2025-12-06T09:05:53.946+0000] {dag.py:3823} INFO - Setting next_dagrun for dataset_produces_1 to 2025-12-05 00:00:00+00:00, run_after=2025-12-06 00:00:00+00:00
[2025-12-06T09:05:53.950+0000] {logging_mixin.py:188} INFO - [2025-12-06T09:05:53.950+0000] {dag.py:3823} INFO - Setting next_dagrun for dataset_produces_2 to None, run_after=None
[2025-12-06T09:05:54.013+0000] {processor.py:183} INFO - Processing /home/airflow/.local/lib/python3.8/site-packages/airflow/example_dags/example_datasets.py took 0.231 seconds
[2025-12-06T09:06:24.242+0000] {processor.py:161} INFO - Started process (PID=1285) to work on /home/airflow/.local/lib/python3.8/site-packages/airflow/example_dags/example_datasets.py
[2025-12-06T09:06:24.244+0000] {processor.py:830} INFO - Processing file /home/airflow/.local/lib/python3.8/site-packages/airflow/example_dags/example_datasets.py for tasks to queue
[2025-12-06T09:06:24.247+0000] {logging_mixin.py:188} INFO - [2025-12-06T09:06:24.247+0000] {dagbag.py:538} INFO - Filling up the DagBag from /home/airflow/.local/lib/python3.8/site-packages/airflow/example_dags/example_datasets.py
[2025-12-06T09:06:24.262+0000] {processor.py:840} INFO - DAG(s) 'dataset_consumes_unknown_never_scheduled', 'dataset_produces_1', 'dataset_produces_2', 'dataset_consumes_1', 'dataset_consumes_1_never_scheduled', 'dataset_consumes_1_and_2' retrieved from /home/airflow/.local/lib/python3.8/site-packages/airflow/example_dags/example_datasets.py
[2025-12-06T09:06:24.325+0000] {logging_mixin.py:188} INFO - [2025-12-06T09:06:24.325+0000] {dag.py:3036} INFO - Sync 6 DAGs
[2025-12-06T09:06:24.361+0000] {logging_mixin.py:188} INFO - [2025-12-06T09:06:24.360+0000] {dag.py:3823} INFO - Setting next_dagrun for dataset_consumes_1 to None, run_after=None
[2025-12-06T09:06:24.368+0000] {logging_mixin.py:188} INFO - [2025-12-06T09:06:24.368+0000] {dag.py:3823} INFO - Setting next_dagrun for dataset_consumes_1_and_2 to None, run_after=None
[2025-12-06T09:06:24.371+0000] {logging_mixin.py:188} INFO - [2025-12-06T09:06:24.371+0000] {dag.py:3823} INFO - Setting next_dagrun for dataset_consumes_1_never_scheduled to None, run_after=None
[2025-12-06T09:06:24.374+0000] {logging_mixin.py:188} INFO - [2025-12-06T09:06:24.374+0000] {dag.py:3823} INFO - Setting next_dagrun for dataset_consumes_unknown_never_scheduled to None, run_after=None
[2025-12-06T09:06:24.378+0000] {logging_mixin.py:188} INFO - [2025-12-06T09:06:24.378+0000] {dag.py:3823} INFO - Setting next_dagrun for dataset_produces_1 to 2025-12-05 00:00:00+00:00, run_after=2025-12-06 00:00:00+00:00
[2025-12-06T09:06:24.381+0000] {logging_mixin.py:188} INFO - [2025-12-06T09:06:24.380+0000] {dag.py:3823} INFO - Setting next_dagrun for dataset_produces_2 to None, run_after=None
[2025-12-06T09:06:24.439+0000] {processor.py:183} INFO - Processing /home/airflow/.local/lib/python3.8/site-packages/airflow/example_dags/example_datasets.py took 0.202 seconds
[2025-12-06T09:06:54.699+0000] {processor.py:161} INFO - Started process (PID=1345) to work on /home/airflow/.local/lib/python3.8/site-packages/airflow/example_dags/example_datasets.py
[2025-12-06T09:06:54.701+0000] {processor.py:830} INFO - Processing file /home/airflow/.local/lib/python3.8/site-packages/airflow/example_dags/example_datasets.py for tasks to queue
[2025-12-06T09:06:54.704+0000] {logging_mixin.py:188} INFO - [2025-12-06T09:06:54.703+0000] {dagbag.py:538} INFO - Filling up the DagBag from /home/airflow/.local/lib/python3.8/site-packages/airflow/example_dags/example_datasets.py
[2025-12-06T09:06:54.720+0000] {processor.py:840} INFO - DAG(s) 'dataset_consumes_unknown_never_scheduled', 'dataset_produces_2', 'dataset_consumes_1', 'dataset_produces_1', 'dataset_consumes_1_never_scheduled', 'dataset_consumes_1_and_2' retrieved from /home/airflow/.local/lib/python3.8/site-packages/airflow/example_dags/example_datasets.py
[2025-12-06T09:06:54.779+0000] {logging_mixin.py:188} INFO - [2025-12-06T09:06:54.779+0000] {dag.py:3036} INFO - Sync 6 DAGs
[2025-12-06T09:06:54.813+0000] {logging_mixin.py:188} INFO - [2025-12-06T09:06:54.813+0000] {dag.py:3823} INFO - Setting next_dagrun for dataset_consumes_1 to None, run_after=None
[2025-12-06T09:06:54.819+0000] {logging_mixin.py:188} INFO - [2025-12-06T09:06:54.819+0000] {dag.py:3823} INFO - Setting next_dagrun for dataset_consumes_1_and_2 to None, run_after=None
[2025-12-06T09:06:54.822+0000] {logging_mixin.py:188} INFO - [2025-12-06T09:06:54.822+0000] {dag.py:3823} INFO - Setting next_dagrun for dataset_consumes_1_never_scheduled to None, run_after=None
[2025-12-06T09:06:54.825+0000] {logging_mixin.py:188} INFO - [2025-12-06T09:06:54.825+0000] {dag.py:3823} INFO - Setting next_dagrun for dataset_consumes_unknown_never_scheduled to None, run_after=None
[2025-12-06T09:06:54.830+0000] {logging_mixin.py:188} INFO - [2025-12-06T09:06:54.830+0000] {dag.py:3823} INFO - Setting next_dagrun for dataset_produces_1 to 2025-12-05 00:00:00+00:00, run_after=2025-12-06 00:00:00+00:00
[2025-12-06T09:06:54.832+0000] {logging_mixin.py:188} INFO - [2025-12-06T09:06:54.832+0000] {dag.py:3823} INFO - Setting next_dagrun for dataset_produces_2 to None, run_after=None
[2025-12-06T09:06:54.893+0000] {processor.py:183} INFO - Processing /home/airflow/.local/lib/python3.8/site-packages/airflow/example_dags/example_datasets.py took 0.200 seconds
[2025-12-06T09:07:25.162+0000] {processor.py:161} INFO - Started process (PID=1404) to work on /home/airflow/.local/lib/python3.8/site-packages/airflow/example_dags/example_datasets.py
[2025-12-06T09:07:25.164+0000] {processor.py:830} INFO - Processing file /home/airflow/.local/lib/python3.8/site-packages/airflow/example_dags/example_datasets.py for tasks to queue
[2025-12-06T09:07:25.167+0000] {logging_mixin.py:188} INFO - [2025-12-06T09:07:25.166+0000] {dagbag.py:538} INFO - Filling up the DagBag from /home/airflow/.local/lib/python3.8/site-packages/airflow/example_dags/example_datasets.py
[2025-12-06T09:07:25.180+0000] {processor.py:840} INFO - DAG(s) 'dataset_produces_1', 'dataset_consumes_1_never_scheduled', 'dataset_consumes_1_and_2', 'dataset_produces_2', 'dataset_consumes_1', 'dataset_consumes_unknown_never_scheduled' retrieved from /home/airflow/.local/lib/python3.8/site-packages/airflow/example_dags/example_datasets.py
[2025-12-06T09:07:25.241+0000] {logging_mixin.py:188} INFO - [2025-12-06T09:07:25.241+0000] {dag.py:3036} INFO - Sync 6 DAGs
[2025-12-06T09:07:25.274+0000] {logging_mixin.py:188} INFO - [2025-12-06T09:07:25.273+0000] {dag.py:3823} INFO - Setting next_dagrun for dataset_consumes_1 to None, run_after=None
[2025-12-06T09:07:25.279+0000] {logging_mixin.py:188} INFO - [2025-12-06T09:07:25.279+0000] {dag.py:3823} INFO - Setting next_dagrun for dataset_consumes_1_and_2 to None, run_after=None
[2025-12-06T09:07:25.282+0000] {logging_mixin.py:188} INFO - [2025-12-06T09:07:25.281+0000] {dag.py:3823} INFO - Setting next_dagrun for dataset_consumes_1_never_scheduled to None, run_after=None
[2025-12-06T09:07:25.286+0000] {logging_mixin.py:188} INFO - [2025-12-06T09:07:25.285+0000] {dag.py:3823} INFO - Setting next_dagrun for dataset_consumes_unknown_never_scheduled to None, run_after=None
[2025-12-06T09:07:25.290+0000] {logging_mixin.py:188} INFO - [2025-12-06T09:07:25.289+0000] {dag.py:3823} INFO - Setting next_dagrun for dataset_produces_1 to 2025-12-05 00:00:00+00:00, run_after=2025-12-06 00:00:00+00:00
[2025-12-06T09:07:25.292+0000] {logging_mixin.py:188} INFO - [2025-12-06T09:07:25.292+0000] {dag.py:3823} INFO - Setting next_dagrun for dataset_produces_2 to None, run_after=None
[2025-12-06T09:07:25.348+0000] {processor.py:183} INFO - Processing /home/airflow/.local/lib/python3.8/site-packages/airflow/example_dags/example_datasets.py took 0.192 seconds
[2025-12-06T09:07:55.745+0000] {processor.py:161} INFO - Started process (PID=1463) to work on /home/airflow/.local/lib/python3.8/site-packages/airflow/example_dags/example_datasets.py
[2025-12-06T09:07:55.746+0000] {processor.py:830} INFO - Processing file /home/airflow/.local/lib/python3.8/site-packages/airflow/example_dags/example_datasets.py for tasks to queue
[2025-12-06T09:07:55.749+0000] {logging_mixin.py:188} INFO - [2025-12-06T09:07:55.749+0000] {dagbag.py:538} INFO - Filling up the DagBag from /home/airflow/.local/lib/python3.8/site-packages/airflow/example_dags/example_datasets.py
[2025-12-06T09:07:55.764+0000] {processor.py:840} INFO - DAG(s) 'dataset_produces_2', 'dataset_consumes_1_and_2', 'dataset_consumes_1', 'dataset_produces_1', 'dataset_consumes_1_never_scheduled', 'dataset_consumes_unknown_never_scheduled' retrieved from /home/airflow/.local/lib/python3.8/site-packages/airflow/example_dags/example_datasets.py
[2025-12-06T09:07:55.821+0000] {logging_mixin.py:188} INFO - [2025-12-06T09:07:55.821+0000] {dag.py:3036} INFO - Sync 6 DAGs
[2025-12-06T09:07:55.857+0000] {logging_mixin.py:188} INFO - [2025-12-06T09:07:55.856+0000] {dag.py:3823} INFO - Setting next_dagrun for dataset_consumes_1 to None, run_after=None
[2025-12-06T09:07:55.866+0000] {logging_mixin.py:188} INFO - [2025-12-06T09:07:55.865+0000] {dag.py:3823} INFO - Setting next_dagrun for dataset_consumes_1_and_2 to None, run_after=None
[2025-12-06T09:07:55.869+0000] {logging_mixin.py:188} INFO - [2025-12-06T09:07:55.868+0000] {dag.py:3823} INFO - Setting next_dagrun for dataset_consumes_1_never_scheduled to None, run_after=None
[2025-12-06T09:07:55.872+0000] {logging_mixin.py:188} INFO - [2025-12-06T09:07:55.871+0000] {dag.py:3823} INFO - Setting next_dagrun for dataset_consumes_unknown_never_scheduled to None, run_after=None
[2025-12-06T09:07:55.880+0000] {logging_mixin.py:188} INFO - [2025-12-06T09:07:55.879+0000] {dag.py:3823} INFO - Setting next_dagrun for dataset_produces_1 to 2025-12-05 00:00:00+00:00, run_after=2025-12-06 00:00:00+00:00
[2025-12-06T09:07:55.887+0000] {logging_mixin.py:188} INFO - [2025-12-06T09:07:55.887+0000] {dag.py:3823} INFO - Setting next_dagrun for dataset_produces_2 to None, run_after=None
[2025-12-06T09:07:55.945+0000] {processor.py:183} INFO - Processing /home/airflow/.local/lib/python3.8/site-packages/airflow/example_dags/example_datasets.py took 0.206 seconds
[2025-12-06T09:08:26.239+0000] {processor.py:161} INFO - Started process (PID=1522) to work on /home/airflow/.local/lib/python3.8/site-packages/airflow/example_dags/example_datasets.py
[2025-12-06T09:08:26.241+0000] {processor.py:830} INFO - Processing file /home/airflow/.local/lib/python3.8/site-packages/airflow/example_dags/example_datasets.py for tasks to queue
[2025-12-06T09:08:26.244+0000] {logging_mixin.py:188} INFO - [2025-12-06T09:08:26.244+0000] {dagbag.py:538} INFO - Filling up the DagBag from /home/airflow/.local/lib/python3.8/site-packages/airflow/example_dags/example_datasets.py
[2025-12-06T09:08:26.260+0000] {processor.py:840} INFO - DAG(s) 'dataset_consumes_1', 'dataset_produces_2', 'dataset_produces_1', 'dataset_consumes_1_and_2', 'dataset_consumes_1_never_scheduled', 'dataset_consumes_unknown_never_scheduled' retrieved from /home/airflow/.local/lib/python3.8/site-packages/airflow/example_dags/example_datasets.py
[2025-12-06T09:08:26.338+0000] {logging_mixin.py:188} INFO - [2025-12-06T09:08:26.338+0000] {dag.py:3036} INFO - Sync 6 DAGs
[2025-12-06T09:08:26.378+0000] {logging_mixin.py:188} INFO - [2025-12-06T09:08:26.378+0000] {dag.py:3823} INFO - Setting next_dagrun for dataset_consumes_1 to None, run_after=None
[2025-12-06T09:08:26.386+0000] {logging_mixin.py:188} INFO - [2025-12-06T09:08:26.385+0000] {dag.py:3823} INFO - Setting next_dagrun for dataset_consumes_1_and_2 to None, run_after=None
[2025-12-06T09:08:26.388+0000] {logging_mixin.py:188} INFO - [2025-12-06T09:08:26.388+0000] {dag.py:3823} INFO - Setting next_dagrun for dataset_consumes_1_never_scheduled to None, run_after=None
[2025-12-06T09:08:26.391+0000] {logging_mixin.py:188} INFO - [2025-12-06T09:08:26.391+0000] {dag.py:3823} INFO - Setting next_dagrun for dataset_consumes_unknown_never_scheduled to None, run_after=None
[2025-12-06T09:08:26.397+0000] {logging_mixin.py:188} INFO - [2025-12-06T09:08:26.397+0000] {dag.py:3823} INFO - Setting next_dagrun for dataset_produces_1 to 2025-12-05 00:00:00+00:00, run_after=2025-12-06 00:00:00+00:00
[2025-12-06T09:08:26.401+0000] {logging_mixin.py:188} INFO - [2025-12-06T09:08:26.400+0000] {dag.py:3823} INFO - Setting next_dagrun for dataset_produces_2 to None, run_after=None
[2025-12-06T09:08:26.471+0000] {processor.py:183} INFO - Processing /home/airflow/.local/lib/python3.8/site-packages/airflow/example_dags/example_datasets.py took 0.237 seconds
[2025-12-06T09:08:56.688+0000] {processor.py:161} INFO - Started process (PID=1582) to work on /home/airflow/.local/lib/python3.8/site-packages/airflow/example_dags/example_datasets.py
[2025-12-06T09:08:56.690+0000] {processor.py:830} INFO - Processing file /home/airflow/.local/lib/python3.8/site-packages/airflow/example_dags/example_datasets.py for tasks to queue
[2025-12-06T09:08:56.693+0000] {logging_mixin.py:188} INFO - [2025-12-06T09:08:56.692+0000] {dagbag.py:538} INFO - Filling up the DagBag from /home/airflow/.local/lib/python3.8/site-packages/airflow/example_dags/example_datasets.py
[2025-12-06T09:08:56.710+0000] {processor.py:840} INFO - DAG(s) 'dataset_consumes_1_and_2', 'dataset_consumes_1', 'dataset_produces_2', 'dataset_produces_1', 'dataset_consumes_1_never_scheduled', 'dataset_consumes_unknown_never_scheduled' retrieved from /home/airflow/.local/lib/python3.8/site-packages/airflow/example_dags/example_datasets.py
[2025-12-06T09:08:56.785+0000] {logging_mixin.py:188} INFO - [2025-12-06T09:08:56.785+0000] {dag.py:3036} INFO - Sync 6 DAGs
[2025-12-06T09:08:56.828+0000] {logging_mixin.py:188} INFO - [2025-12-06T09:08:56.827+0000] {dag.py:3823} INFO - Setting next_dagrun for dataset_consumes_1 to None, run_after=None
[2025-12-06T09:08:56.836+0000] {logging_mixin.py:188} INFO - [2025-12-06T09:08:56.835+0000] {dag.py:3823} INFO - Setting next_dagrun for dataset_consumes_1_and_2 to None, run_after=None
[2025-12-06T09:08:56.840+0000] {logging_mixin.py:188} INFO - [2025-12-06T09:08:56.839+0000] {dag.py:3823} INFO - Setting next_dagrun for dataset_consumes_1_never_scheduled to None, run_after=None
[2025-12-06T09:08:56.843+0000] {logging_mixin.py:188} INFO - [2025-12-06T09:08:56.842+0000] {dag.py:3823} INFO - Setting next_dagrun for dataset_consumes_unknown_never_scheduled to None, run_after=None
[2025-12-06T09:08:56.849+0000] {logging_mixin.py:188} INFO - [2025-12-06T09:08:56.849+0000] {dag.py:3823} INFO - Setting next_dagrun for dataset_produces_1 to 2025-12-05 00:00:00+00:00, run_after=2025-12-06 00:00:00+00:00
[2025-12-06T09:08:56.853+0000] {logging_mixin.py:188} INFO - [2025-12-06T09:08:56.852+0000] {dag.py:3823} INFO - Setting next_dagrun for dataset_produces_2 to None, run_after=None
[2025-12-06T09:08:56.920+0000] {processor.py:183} INFO - Processing /home/airflow/.local/lib/python3.8/site-packages/airflow/example_dags/example_datasets.py took 0.238 seconds
[2025-12-06T09:09:27.670+0000] {processor.py:161} INFO - Started process (PID=1641) to work on /home/airflow/.local/lib/python3.8/site-packages/airflow/example_dags/example_datasets.py
[2025-12-06T09:09:27.673+0000] {processor.py:830} INFO - Processing file /home/airflow/.local/lib/python3.8/site-packages/airflow/example_dags/example_datasets.py for tasks to queue
[2025-12-06T09:09:27.678+0000] {logging_mixin.py:188} INFO - [2025-12-06T09:09:27.677+0000] {dagbag.py:538} INFO - Filling up the DagBag from /home/airflow/.local/lib/python3.8/site-packages/airflow/example_dags/example_datasets.py
[2025-12-06T09:09:27.696+0000] {processor.py:840} INFO - DAG(s) 'dataset_consumes_1', 'dataset_produces_2', 'dataset_consumes_1_never_scheduled', 'dataset_produces_1', 'dataset_consumes_unknown_never_scheduled', 'dataset_consumes_1_and_2' retrieved from /home/airflow/.local/lib/python3.8/site-packages/airflow/example_dags/example_datasets.py
[2025-12-06T09:09:27.775+0000] {logging_mixin.py:188} INFO - [2025-12-06T09:09:27.774+0000] {dag.py:3036} INFO - Sync 6 DAGs
[2025-12-06T09:09:27.819+0000] {logging_mixin.py:188} INFO - [2025-12-06T09:09:27.819+0000] {dag.py:3823} INFO - Setting next_dagrun for dataset_consumes_1 to None, run_after=None
[2025-12-06T09:09:27.828+0000] {logging_mixin.py:188} INFO - [2025-12-06T09:09:27.828+0000] {dag.py:3823} INFO - Setting next_dagrun for dataset_consumes_1_and_2 to None, run_after=None
[2025-12-06T09:09:27.832+0000] {logging_mixin.py:188} INFO - [2025-12-06T09:09:27.831+0000] {dag.py:3823} INFO - Setting next_dagrun for dataset_consumes_1_never_scheduled to None, run_after=None
[2025-12-06T09:09:27.835+0000] {logging_mixin.py:188} INFO - [2025-12-06T09:09:27.835+0000] {dag.py:3823} INFO - Setting next_dagrun for dataset_consumes_unknown_never_scheduled to None, run_after=None
[2025-12-06T09:09:27.841+0000] {logging_mixin.py:188} INFO - [2025-12-06T09:09:27.841+0000] {dag.py:3823} INFO - Setting next_dagrun for dataset_produces_1 to 2025-12-05 00:00:00+00:00, run_after=2025-12-06 00:00:00+00:00
[2025-12-06T09:09:27.845+0000] {logging_mixin.py:188} INFO - [2025-12-06T09:09:27.845+0000] {dag.py:3823} INFO - Setting next_dagrun for dataset_produces_2 to None, run_after=None
[2025-12-06T09:09:27.913+0000] {processor.py:183} INFO - Processing /home/airflow/.local/lib/python3.8/site-packages/airflow/example_dags/example_datasets.py took 0.248 seconds
[2025-12-06T09:09:57.964+0000] {processor.py:161} INFO - Started process (PID=1700) to work on /home/airflow/.local/lib/python3.8/site-packages/airflow/example_dags/example_datasets.py
[2025-12-06T09:09:57.966+0000] {processor.py:830} INFO - Processing file /home/airflow/.local/lib/python3.8/site-packages/airflow/example_dags/example_datasets.py for tasks to queue
[2025-12-06T09:09:57.969+0000] {logging_mixin.py:188} INFO - [2025-12-06T09:09:57.968+0000] {dagbag.py:538} INFO - Filling up the DagBag from /home/airflow/.local/lib/python3.8/site-packages/airflow/example_dags/example_datasets.py
[2025-12-06T09:09:57.986+0000] {processor.py:840} INFO - DAG(s) 'dataset_consumes_1', 'dataset_consumes_unknown_never_scheduled', 'dataset_produces_1', 'dataset_produces_2', 'dataset_consumes_1_never_scheduled', 'dataset_consumes_1_and_2' retrieved from /home/airflow/.local/lib/python3.8/site-packages/airflow/example_dags/example_datasets.py
[2025-12-06T09:09:58.051+0000] {logging_mixin.py:188} INFO - [2025-12-06T09:09:58.050+0000] {dag.py:3036} INFO - Sync 6 DAGs
[2025-12-06T09:09:58.086+0000] {logging_mixin.py:188} INFO - [2025-12-06T09:09:58.085+0000] {dag.py:3823} INFO - Setting next_dagrun for dataset_consumes_1 to None, run_after=None
[2025-12-06T09:09:58.092+0000] {logging_mixin.py:188} INFO - [2025-12-06T09:09:58.092+0000] {dag.py:3823} INFO - Setting next_dagrun for dataset_consumes_1_and_2 to None, run_after=None
[2025-12-06T09:09:58.095+0000] {logging_mixin.py:188} INFO - [2025-12-06T09:09:58.095+0000] {dag.py:3823} INFO - Setting next_dagrun for dataset_consumes_1_never_scheduled to None, run_after=None
[2025-12-06T09:09:58.098+0000] {logging_mixin.py:188} INFO - [2025-12-06T09:09:58.098+0000] {dag.py:3823} INFO - Setting next_dagrun for dataset_consumes_unknown_never_scheduled to None, run_after=None
[2025-12-06T09:09:58.105+0000] {logging_mixin.py:188} INFO - [2025-12-06T09:09:58.104+0000] {dag.py:3823} INFO - Setting next_dagrun for dataset_produces_1 to 2025-12-05 00:00:00+00:00, run_after=2025-12-06 00:00:00+00:00
[2025-12-06T09:09:58.108+0000] {logging_mixin.py:188} INFO - [2025-12-06T09:09:58.107+0000] {dag.py:3823} INFO - Setting next_dagrun for dataset_produces_2 to None, run_after=None
[2025-12-06T09:09:58.170+0000] {processor.py:183} INFO - Processing /home/airflow/.local/lib/python3.8/site-packages/airflow/example_dags/example_datasets.py took 0.212 seconds
[2025-12-06T09:10:28.209+0000] {processor.py:161} INFO - Started process (PID=1759) to work on /home/airflow/.local/lib/python3.8/site-packages/airflow/example_dags/example_datasets.py
[2025-12-06T09:10:28.211+0000] {processor.py:830} INFO - Processing file /home/airflow/.local/lib/python3.8/site-packages/airflow/example_dags/example_datasets.py for tasks to queue
[2025-12-06T09:10:28.214+0000] {logging_mixin.py:188} INFO - [2025-12-06T09:10:28.213+0000] {dagbag.py:538} INFO - Filling up the DagBag from /home/airflow/.local/lib/python3.8/site-packages/airflow/example_dags/example_datasets.py
[2025-12-06T09:10:28.231+0000] {processor.py:840} INFO - DAG(s) 'dataset_produces_2', 'dataset_consumes_unknown_never_scheduled', 'dataset_consumes_1_and_2', 'dataset_consumes_1', 'dataset_consumes_1_never_scheduled', 'dataset_produces_1' retrieved from /home/airflow/.local/lib/python3.8/site-packages/airflow/example_dags/example_datasets.py
[2025-12-06T09:10:28.298+0000] {logging_mixin.py:188} INFO - [2025-12-06T09:10:28.297+0000] {dag.py:3036} INFO - Sync 6 DAGs
[2025-12-06T09:10:28.335+0000] {logging_mixin.py:188} INFO - [2025-12-06T09:10:28.335+0000] {dag.py:3823} INFO - Setting next_dagrun for dataset_consumes_1 to None, run_after=None
[2025-12-06T09:10:28.341+0000] {logging_mixin.py:188} INFO - [2025-12-06T09:10:28.341+0000] {dag.py:3823} INFO - Setting next_dagrun for dataset_consumes_1_and_2 to None, run_after=None
[2025-12-06T09:10:28.344+0000] {logging_mixin.py:188} INFO - [2025-12-06T09:10:28.343+0000] {dag.py:3823} INFO - Setting next_dagrun for dataset_consumes_1_never_scheduled to None, run_after=None
[2025-12-06T09:10:28.346+0000] {logging_mixin.py:188} INFO - [2025-12-06T09:10:28.346+0000] {dag.py:3823} INFO - Setting next_dagrun for dataset_consumes_unknown_never_scheduled to None, run_after=None
[2025-12-06T09:10:28.350+0000] {logging_mixin.py:188} INFO - [2025-12-06T09:10:28.350+0000] {dag.py:3823} INFO - Setting next_dagrun for dataset_produces_1 to 2025-12-05 00:00:00+00:00, run_after=2025-12-06 00:00:00+00:00
[2025-12-06T09:10:28.353+0000] {logging_mixin.py:188} INFO - [2025-12-06T09:10:28.353+0000] {dag.py:3823} INFO - Setting next_dagrun for dataset_produces_2 to None, run_after=None
[2025-12-06T09:10:28.415+0000] {processor.py:183} INFO - Processing /home/airflow/.local/lib/python3.8/site-packages/airflow/example_dags/example_datasets.py took 0.212 seconds
[2025-12-06T09:10:59.000+0000] {processor.py:161} INFO - Started process (PID=1818) to work on /home/airflow/.local/lib/python3.8/site-packages/airflow/example_dags/example_datasets.py
[2025-12-06T09:10:59.001+0000] {processor.py:830} INFO - Processing file /home/airflow/.local/lib/python3.8/site-packages/airflow/example_dags/example_datasets.py for tasks to queue
[2025-12-06T09:10:59.005+0000] {logging_mixin.py:188} INFO - [2025-12-06T09:10:59.004+0000] {dagbag.py:538} INFO - Filling up the DagBag from /home/airflow/.local/lib/python3.8/site-packages/airflow/example_dags/example_datasets.py
[2025-12-06T09:10:59.018+0000] {processor.py:840} INFO - DAG(s) 'dataset_produces_1', 'dataset_consumes_1_never_scheduled', 'dataset_consumes_unknown_never_scheduled', 'dataset_consumes_1', 'dataset_consumes_1_and_2', 'dataset_produces_2' retrieved from /home/airflow/.local/lib/python3.8/site-packages/airflow/example_dags/example_datasets.py
[2025-12-06T09:10:59.083+0000] {logging_mixin.py:188} INFO - [2025-12-06T09:10:59.082+0000] {dag.py:3036} INFO - Sync 6 DAGs
[2025-12-06T09:10:59.119+0000] {logging_mixin.py:188} INFO - [2025-12-06T09:10:59.118+0000] {dag.py:3823} INFO - Setting next_dagrun for dataset_consumes_1 to None, run_after=None
[2025-12-06T09:10:59.125+0000] {logging_mixin.py:188} INFO - [2025-12-06T09:10:59.124+0000] {dag.py:3823} INFO - Setting next_dagrun for dataset_consumes_1_and_2 to None, run_after=None
[2025-12-06T09:10:59.128+0000] {logging_mixin.py:188} INFO - [2025-12-06T09:10:59.128+0000] {dag.py:3823} INFO - Setting next_dagrun for dataset_consumes_1_never_scheduled to None, run_after=None
[2025-12-06T09:10:59.134+0000] {logging_mixin.py:188} INFO - [2025-12-06T09:10:59.134+0000] {dag.py:3823} INFO - Setting next_dagrun for dataset_consumes_unknown_never_scheduled to None, run_after=None
[2025-12-06T09:10:59.139+0000] {logging_mixin.py:188} INFO - [2025-12-06T09:10:59.139+0000] {dag.py:3823} INFO - Setting next_dagrun for dataset_produces_1 to 2025-12-05 00:00:00+00:00, run_after=2025-12-06 00:00:00+00:00
[2025-12-06T09:10:59.145+0000] {logging_mixin.py:188} INFO - [2025-12-06T09:10:59.144+0000] {dag.py:3823} INFO - Setting next_dagrun for dataset_produces_2 to None, run_after=None
[2025-12-06T09:10:59.200+0000] {processor.py:183} INFO - Processing /home/airflow/.local/lib/python3.8/site-packages/airflow/example_dags/example_datasets.py took 0.207 seconds
[2025-12-06T09:11:29.713+0000] {processor.py:161} INFO - Started process (PID=1877) to work on /home/airflow/.local/lib/python3.8/site-packages/airflow/example_dags/example_datasets.py
[2025-12-06T09:11:29.715+0000] {processor.py:830} INFO - Processing file /home/airflow/.local/lib/python3.8/site-packages/airflow/example_dags/example_datasets.py for tasks to queue
[2025-12-06T09:11:29.718+0000] {logging_mixin.py:188} INFO - [2025-12-06T09:11:29.717+0000] {dagbag.py:538} INFO - Filling up the DagBag from /home/airflow/.local/lib/python3.8/site-packages/airflow/example_dags/example_datasets.py
[2025-12-06T09:11:29.732+0000] {processor.py:840} INFO - DAG(s) 'dataset_consumes_1', 'dataset_consumes_1_never_scheduled', 'dataset_consumes_1_and_2', 'dataset_consumes_unknown_never_scheduled', 'dataset_produces_1', 'dataset_produces_2' retrieved from /home/airflow/.local/lib/python3.8/site-packages/airflow/example_dags/example_datasets.py
[2025-12-06T09:11:29.794+0000] {logging_mixin.py:188} INFO - [2025-12-06T09:11:29.794+0000] {dag.py:3036} INFO - Sync 6 DAGs
[2025-12-06T09:11:29.829+0000] {logging_mixin.py:188} INFO - [2025-12-06T09:11:29.828+0000] {dag.py:3823} INFO - Setting next_dagrun for dataset_consumes_1 to None, run_after=None
[2025-12-06T09:11:29.836+0000] {logging_mixin.py:188} INFO - [2025-12-06T09:11:29.836+0000] {dag.py:3823} INFO - Setting next_dagrun for dataset_consumes_1_and_2 to None, run_after=None
[2025-12-06T09:11:29.839+0000] {logging_mixin.py:188} INFO - [2025-12-06T09:11:29.838+0000] {dag.py:3823} INFO - Setting next_dagrun for dataset_consumes_1_never_scheduled to None, run_after=None
[2025-12-06T09:11:29.841+0000] {logging_mixin.py:188} INFO - [2025-12-06T09:11:29.841+0000] {dag.py:3823} INFO - Setting next_dagrun for dataset_consumes_unknown_never_scheduled to None, run_after=None
[2025-12-06T09:11:29.846+0000] {logging_mixin.py:188} INFO - [2025-12-06T09:11:29.845+0000] {dag.py:3823} INFO - Setting next_dagrun for dataset_produces_1 to 2025-12-05 00:00:00+00:00, run_after=2025-12-06 00:00:00+00:00
[2025-12-06T09:11:29.851+0000] {logging_mixin.py:188} INFO - [2025-12-06T09:11:29.850+0000] {dag.py:3823} INFO - Setting next_dagrun for dataset_produces_2 to None, run_after=None
[2025-12-06T09:11:29.907+0000] {processor.py:183} INFO - Processing /home/airflow/.local/lib/python3.8/site-packages/airflow/example_dags/example_datasets.py took 0.199 seconds
[2025-12-06T09:11:59.967+0000] {processor.py:161} INFO - Started process (PID=1936) to work on /home/airflow/.local/lib/python3.8/site-packages/airflow/example_dags/example_datasets.py
[2025-12-06T09:11:59.972+0000] {processor.py:830} INFO - Processing file /home/airflow/.local/lib/python3.8/site-packages/airflow/example_dags/example_datasets.py for tasks to queue
[2025-12-06T09:11:59.975+0000] {logging_mixin.py:188} INFO - [2025-12-06T09:11:59.974+0000] {dagbag.py:538} INFO - Filling up the DagBag from /home/airflow/.local/lib/python3.8/site-packages/airflow/example_dags/example_datasets.py
[2025-12-06T09:11:59.990+0000] {processor.py:840} INFO - DAG(s) 'dataset_produces_2', 'dataset_consumes_1_never_scheduled', 'dataset_produces_1', 'dataset_consumes_1', 'dataset_consumes_1_and_2', 'dataset_consumes_unknown_never_scheduled' retrieved from /home/airflow/.local/lib/python3.8/site-packages/airflow/example_dags/example_datasets.py
[2025-12-06T09:12:00.061+0000] {logging_mixin.py:188} INFO - [2025-12-06T09:12:00.061+0000] {dag.py:3036} INFO - Sync 6 DAGs
[2025-12-06T09:12:00.096+0000] {logging_mixin.py:188} INFO - [2025-12-06T09:12:00.096+0000] {dag.py:3823} INFO - Setting next_dagrun for dataset_consumes_1 to None, run_after=None
[2025-12-06T09:12:00.104+0000] {logging_mixin.py:188} INFO - [2025-12-06T09:12:00.104+0000] {dag.py:3823} INFO - Setting next_dagrun for dataset_consumes_1_and_2 to None, run_after=None
[2025-12-06T09:12:00.107+0000] {logging_mixin.py:188} INFO - [2025-12-06T09:12:00.106+0000] {dag.py:3823} INFO - Setting next_dagrun for dataset_consumes_1_never_scheduled to None, run_after=None
[2025-12-06T09:12:00.111+0000] {logging_mixin.py:188} INFO - [2025-12-06T09:12:00.110+0000] {dag.py:3823} INFO - Setting next_dagrun for dataset_consumes_unknown_never_scheduled to None, run_after=None
[2025-12-06T09:12:00.117+0000] {logging_mixin.py:188} INFO - [2025-12-06T09:12:00.116+0000] {dag.py:3823} INFO - Setting next_dagrun for dataset_produces_1 to 2025-12-05 00:00:00+00:00, run_after=2025-12-06 00:00:00+00:00
[2025-12-06T09:12:00.120+0000] {logging_mixin.py:188} INFO - [2025-12-06T09:12:00.119+0000] {dag.py:3823} INFO - Setting next_dagrun for dataset_produces_2 to None, run_after=None
[2025-12-06T09:12:00.181+0000] {processor.py:183} INFO - Processing /home/airflow/.local/lib/python3.8/site-packages/airflow/example_dags/example_datasets.py took 0.220 seconds
[2025-12-06T09:12:30.427+0000] {processor.py:161} INFO - Started process (PID=1995) to work on /home/airflow/.local/lib/python3.8/site-packages/airflow/example_dags/example_datasets.py
[2025-12-06T09:12:30.429+0000] {processor.py:830} INFO - Processing file /home/airflow/.local/lib/python3.8/site-packages/airflow/example_dags/example_datasets.py for tasks to queue
[2025-12-06T09:12:30.432+0000] {logging_mixin.py:188} INFO - [2025-12-06T09:12:30.432+0000] {dagbag.py:538} INFO - Filling up the DagBag from /home/airflow/.local/lib/python3.8/site-packages/airflow/example_dags/example_datasets.py
[2025-12-06T09:12:30.446+0000] {processor.py:840} INFO - DAG(s) 'dataset_produces_1', 'dataset_produces_2', 'dataset_consumes_1_and_2', 'dataset_consumes_1', 'dataset_consumes_1_never_scheduled', 'dataset_consumes_unknown_never_scheduled' retrieved from /home/airflow/.local/lib/python3.8/site-packages/airflow/example_dags/example_datasets.py
[2025-12-06T09:12:30.508+0000] {logging_mixin.py:188} INFO - [2025-12-06T09:12:30.508+0000] {dag.py:3036} INFO - Sync 6 DAGs
[2025-12-06T09:12:30.541+0000] {logging_mixin.py:188} INFO - [2025-12-06T09:12:30.541+0000] {dag.py:3823} INFO - Setting next_dagrun for dataset_consumes_1 to None, run_after=None
[2025-12-06T09:12:30.548+0000] {logging_mixin.py:188} INFO - [2025-12-06T09:12:30.547+0000] {dag.py:3823} INFO - Setting next_dagrun for dataset_consumes_1_and_2 to None, run_after=None
[2025-12-06T09:12:30.551+0000] {logging_mixin.py:188} INFO - [2025-12-06T09:12:30.550+0000] {dag.py:3823} INFO - Setting next_dagrun for dataset_consumes_1_never_scheduled to None, run_after=None
[2025-12-06T09:12:30.553+0000] {logging_mixin.py:188} INFO - [2025-12-06T09:12:30.553+0000] {dag.py:3823} INFO - Setting next_dagrun for dataset_consumes_unknown_never_scheduled to None, run_after=None
[2025-12-06T09:12:30.558+0000] {logging_mixin.py:188} INFO - [2025-12-06T09:12:30.557+0000] {dag.py:3823} INFO - Setting next_dagrun for dataset_produces_1 to 2025-12-05 00:00:00+00:00, run_after=2025-12-06 00:00:00+00:00
[2025-12-06T09:12:30.560+0000] {logging_mixin.py:188} INFO - [2025-12-06T09:12:30.560+0000] {dag.py:3823} INFO - Setting next_dagrun for dataset_produces_2 to None, run_after=None
[2025-12-06T09:12:30.633+0000] {processor.py:183} INFO - Processing /home/airflow/.local/lib/python3.8/site-packages/airflow/example_dags/example_datasets.py took 0.211 seconds
[2025-12-06T09:13:01.411+0000] {processor.py:161} INFO - Started process (PID=2054) to work on /home/airflow/.local/lib/python3.8/site-packages/airflow/example_dags/example_datasets.py
[2025-12-06T09:13:01.413+0000] {processor.py:830} INFO - Processing file /home/airflow/.local/lib/python3.8/site-packages/airflow/example_dags/example_datasets.py for tasks to queue
[2025-12-06T09:13:01.415+0000] {logging_mixin.py:188} INFO - [2025-12-06T09:13:01.415+0000] {dagbag.py:538} INFO - Filling up the DagBag from /home/airflow/.local/lib/python3.8/site-packages/airflow/example_dags/example_datasets.py
[2025-12-06T09:13:01.431+0000] {processor.py:840} INFO - DAG(s) 'dataset_produces_1', 'dataset_consumes_unknown_never_scheduled', 'dataset_consumes_1_never_scheduled', 'dataset_produces_2', 'dataset_consumes_1', 'dataset_consumes_1_and_2' retrieved from /home/airflow/.local/lib/python3.8/site-packages/airflow/example_dags/example_datasets.py
[2025-12-06T09:13:01.492+0000] {logging_mixin.py:188} INFO - [2025-12-06T09:13:01.492+0000] {dag.py:3036} INFO - Sync 6 DAGs
[2025-12-06T09:13:01.525+0000] {logging_mixin.py:188} INFO - [2025-12-06T09:13:01.524+0000] {dag.py:3823} INFO - Setting next_dagrun for dataset_consumes_1 to None, run_after=None
[2025-12-06T09:13:01.530+0000] {logging_mixin.py:188} INFO - [2025-12-06T09:13:01.530+0000] {dag.py:3823} INFO - Setting next_dagrun for dataset_consumes_1_and_2 to None, run_after=None
[2025-12-06T09:13:01.533+0000] {logging_mixin.py:188} INFO - [2025-12-06T09:13:01.532+0000] {dag.py:3823} INFO - Setting next_dagrun for dataset_consumes_1_never_scheduled to None, run_after=None
[2025-12-06T09:13:01.535+0000] {logging_mixin.py:188} INFO - [2025-12-06T09:13:01.535+0000] {dag.py:3823} INFO - Setting next_dagrun for dataset_consumes_unknown_never_scheduled to None, run_after=None
[2025-12-06T09:13:01.539+0000] {logging_mixin.py:188} INFO - [2025-12-06T09:13:01.538+0000] {dag.py:3823} INFO - Setting next_dagrun for dataset_produces_1 to 2025-12-05 00:00:00+00:00, run_after=2025-12-06 00:00:00+00:00
[2025-12-06T09:13:01.542+0000] {logging_mixin.py:188} INFO - [2025-12-06T09:13:01.542+0000] {dag.py:3823} INFO - Setting next_dagrun for dataset_produces_2 to None, run_after=None
[2025-12-06T09:13:01.604+0000] {processor.py:183} INFO - Processing /home/airflow/.local/lib/python3.8/site-packages/airflow/example_dags/example_datasets.py took 0.199 seconds
[2025-12-06T09:13:31.875+0000] {processor.py:161} INFO - Started process (PID=2113) to work on /home/airflow/.local/lib/python3.8/site-packages/airflow/example_dags/example_datasets.py
[2025-12-06T09:13:31.877+0000] {processor.py:830} INFO - Processing file /home/airflow/.local/lib/python3.8/site-packages/airflow/example_dags/example_datasets.py for tasks to queue
[2025-12-06T09:13:31.880+0000] {logging_mixin.py:188} INFO - [2025-12-06T09:13:31.880+0000] {dagbag.py:538} INFO - Filling up the DagBag from /home/airflow/.local/lib/python3.8/site-packages/airflow/example_dags/example_datasets.py
[2025-12-06T09:13:31.895+0000] {processor.py:840} INFO - DAG(s) 'dataset_consumes_1_never_scheduled', 'dataset_consumes_unknown_never_scheduled', 'dataset_consumes_1_and_2', 'dataset_produces_1', 'dataset_consumes_1', 'dataset_produces_2' retrieved from /home/airflow/.local/lib/python3.8/site-packages/airflow/example_dags/example_datasets.py
[2025-12-06T09:13:31.961+0000] {logging_mixin.py:188} INFO - [2025-12-06T09:13:31.961+0000] {dag.py:3036} INFO - Sync 6 DAGs
[2025-12-06T09:13:31.999+0000] {logging_mixin.py:188} INFO - [2025-12-06T09:13:31.998+0000] {dag.py:3823} INFO - Setting next_dagrun for dataset_consumes_1 to None, run_after=None
[2025-12-06T09:13:32.005+0000] {logging_mixin.py:188} INFO - [2025-12-06T09:13:32.005+0000] {dag.py:3823} INFO - Setting next_dagrun for dataset_consumes_1_and_2 to None, run_after=None
[2025-12-06T09:13:32.008+0000] {logging_mixin.py:188} INFO - [2025-12-06T09:13:32.008+0000] {dag.py:3823} INFO - Setting next_dagrun for dataset_consumes_1_never_scheduled to None, run_after=None
[2025-12-06T09:13:32.011+0000] {logging_mixin.py:188} INFO - [2025-12-06T09:13:32.011+0000] {dag.py:3823} INFO - Setting next_dagrun for dataset_consumes_unknown_never_scheduled to None, run_after=None
[2025-12-06T09:13:32.016+0000] {logging_mixin.py:188} INFO - [2025-12-06T09:13:32.016+0000] {dag.py:3823} INFO - Setting next_dagrun for dataset_produces_1 to 2025-12-05 00:00:00+00:00, run_after=2025-12-06 00:00:00+00:00
[2025-12-06T09:13:32.019+0000] {logging_mixin.py:188} INFO - [2025-12-06T09:13:32.019+0000] {dag.py:3823} INFO - Setting next_dagrun for dataset_produces_2 to None, run_after=None
[2025-12-06T09:13:32.080+0000] {processor.py:183} INFO - Processing /home/airflow/.local/lib/python3.8/site-packages/airflow/example_dags/example_datasets.py took 0.212 seconds
[2025-12-06T09:14:02.170+0000] {processor.py:161} INFO - Started process (PID=2172) to work on /home/airflow/.local/lib/python3.8/site-packages/airflow/example_dags/example_datasets.py
[2025-12-06T09:14:02.171+0000] {processor.py:830} INFO - Processing file /home/airflow/.local/lib/python3.8/site-packages/airflow/example_dags/example_datasets.py for tasks to queue
[2025-12-06T09:14:02.174+0000] {logging_mixin.py:188} INFO - [2025-12-06T09:14:02.173+0000] {dagbag.py:538} INFO - Filling up the DagBag from /home/airflow/.local/lib/python3.8/site-packages/airflow/example_dags/example_datasets.py
[2025-12-06T09:14:02.187+0000] {processor.py:840} INFO - DAG(s) 'dataset_consumes_1_never_scheduled', 'dataset_consumes_unknown_never_scheduled', 'dataset_consumes_1', 'dataset_produces_1', 'dataset_produces_2', 'dataset_consumes_1_and_2' retrieved from /home/airflow/.local/lib/python3.8/site-packages/airflow/example_dags/example_datasets.py
[2025-12-06T09:14:02.243+0000] {logging_mixin.py:188} INFO - [2025-12-06T09:14:02.242+0000] {dag.py:3036} INFO - Sync 6 DAGs
[2025-12-06T09:14:02.278+0000] {logging_mixin.py:188} INFO - [2025-12-06T09:14:02.278+0000] {dag.py:3823} INFO - Setting next_dagrun for dataset_consumes_1 to None, run_after=None
[2025-12-06T09:14:02.284+0000] {logging_mixin.py:188} INFO - [2025-12-06T09:14:02.284+0000] {dag.py:3823} INFO - Setting next_dagrun for dataset_consumes_1_and_2 to None, run_after=None
[2025-12-06T09:14:02.287+0000] {logging_mixin.py:188} INFO - [2025-12-06T09:14:02.287+0000] {dag.py:3823} INFO - Setting next_dagrun for dataset_consumes_1_never_scheduled to None, run_after=None
[2025-12-06T09:14:02.290+0000] {logging_mixin.py:188} INFO - [2025-12-06T09:14:02.289+0000] {dag.py:3823} INFO - Setting next_dagrun for dataset_consumes_unknown_never_scheduled to None, run_after=None
[2025-12-06T09:14:02.294+0000] {logging_mixin.py:188} INFO - [2025-12-06T09:14:02.294+0000] {dag.py:3823} INFO - Setting next_dagrun for dataset_produces_1 to 2025-12-05 00:00:00+00:00, run_after=2025-12-06 00:00:00+00:00
[2025-12-06T09:14:02.296+0000] {logging_mixin.py:188} INFO - [2025-12-06T09:14:02.296+0000] {dag.py:3823} INFO - Setting next_dagrun for dataset_produces_2 to None, run_after=None
[2025-12-06T09:14:02.353+0000] {processor.py:183} INFO - Processing /home/airflow/.local/lib/python3.8/site-packages/airflow/example_dags/example_datasets.py took 0.188 seconds
[2025-12-06T09:14:32.418+0000] {processor.py:161} INFO - Started process (PID=2231) to work on /home/airflow/.local/lib/python3.8/site-packages/airflow/example_dags/example_datasets.py
[2025-12-06T09:14:32.420+0000] {processor.py:830} INFO - Processing file /home/airflow/.local/lib/python3.8/site-packages/airflow/example_dags/example_datasets.py for tasks to queue
[2025-12-06T09:14:32.423+0000] {logging_mixin.py:188} INFO - [2025-12-06T09:14:32.422+0000] {dagbag.py:538} INFO - Filling up the DagBag from /home/airflow/.local/lib/python3.8/site-packages/airflow/example_dags/example_datasets.py
[2025-12-06T09:14:32.438+0000] {processor.py:840} INFO - DAG(s) 'dataset_consumes_1_and_2', 'dataset_produces_2', 'dataset_produces_1', 'dataset_consumes_unknown_never_scheduled', 'dataset_consumes_1', 'dataset_consumes_1_never_scheduled' retrieved from /home/airflow/.local/lib/python3.8/site-packages/airflow/example_dags/example_datasets.py
[2025-12-06T09:14:32.499+0000] {logging_mixin.py:188} INFO - [2025-12-06T09:14:32.499+0000] {dag.py:3036} INFO - Sync 6 DAGs
[2025-12-06T09:14:32.535+0000] {logging_mixin.py:188} INFO - [2025-12-06T09:14:32.535+0000] {dag.py:3823} INFO - Setting next_dagrun for dataset_consumes_1 to None, run_after=None
[2025-12-06T09:14:32.541+0000] {logging_mixin.py:188} INFO - [2025-12-06T09:14:32.541+0000] {dag.py:3823} INFO - Setting next_dagrun for dataset_consumes_1_and_2 to None, run_after=None
[2025-12-06T09:14:32.544+0000] {logging_mixin.py:188} INFO - [2025-12-06T09:14:32.544+0000] {dag.py:3823} INFO - Setting next_dagrun for dataset_consumes_1_never_scheduled to None, run_after=None
[2025-12-06T09:14:32.547+0000] {logging_mixin.py:188} INFO - [2025-12-06T09:14:32.547+0000] {dag.py:3823} INFO - Setting next_dagrun for dataset_consumes_unknown_never_scheduled to None, run_after=None
[2025-12-06T09:14:32.551+0000] {logging_mixin.py:188} INFO - [2025-12-06T09:14:32.550+0000] {dag.py:3823} INFO - Setting next_dagrun for dataset_produces_1 to 2025-12-05 00:00:00+00:00, run_after=2025-12-06 00:00:00+00:00
[2025-12-06T09:14:32.554+0000] {logging_mixin.py:188} INFO - [2025-12-06T09:14:32.553+0000] {dag.py:3823} INFO - Setting next_dagrun for dataset_produces_2 to None, run_after=None
[2025-12-06T09:14:32.604+0000] {processor.py:183} INFO - Processing /home/airflow/.local/lib/python3.8/site-packages/airflow/example_dags/example_datasets.py took 0.192 seconds
[2025-12-06T09:15:02.847+0000] {processor.py:161} INFO - Started process (PID=2290) to work on /home/airflow/.local/lib/python3.8/site-packages/airflow/example_dags/example_datasets.py
[2025-12-06T09:15:02.849+0000] {processor.py:830} INFO - Processing file /home/airflow/.local/lib/python3.8/site-packages/airflow/example_dags/example_datasets.py for tasks to queue
[2025-12-06T09:15:02.853+0000] {logging_mixin.py:188} INFO - [2025-12-06T09:15:02.852+0000] {dagbag.py:538} INFO - Filling up the DagBag from /home/airflow/.local/lib/python3.8/site-packages/airflow/example_dags/example_datasets.py
[2025-12-06T09:15:02.868+0000] {processor.py:840} INFO - DAG(s) 'dataset_consumes_unknown_never_scheduled', 'dataset_consumes_1', 'dataset_consumes_1_never_scheduled', 'dataset_produces_1', 'dataset_consumes_1_and_2', 'dataset_produces_2' retrieved from /home/airflow/.local/lib/python3.8/site-packages/airflow/example_dags/example_datasets.py
[2025-12-06T09:15:02.926+0000] {logging_mixin.py:188} INFO - [2025-12-06T09:15:02.926+0000] {dag.py:3036} INFO - Sync 6 DAGs
[2025-12-06T09:15:02.961+0000] {logging_mixin.py:188} INFO - [2025-12-06T09:15:02.961+0000] {dag.py:3823} INFO - Setting next_dagrun for dataset_consumes_1 to None, run_after=None
[2025-12-06T09:15:02.968+0000] {logging_mixin.py:188} INFO - [2025-12-06T09:15:02.967+0000] {dag.py:3823} INFO - Setting next_dagrun for dataset_consumes_1_and_2 to None, run_after=None
[2025-12-06T09:15:02.970+0000] {logging_mixin.py:188} INFO - [2025-12-06T09:15:02.970+0000] {dag.py:3823} INFO - Setting next_dagrun for dataset_consumes_1_never_scheduled to None, run_after=None
[2025-12-06T09:15:02.974+0000] {logging_mixin.py:188} INFO - [2025-12-06T09:15:02.973+0000] {dag.py:3823} INFO - Setting next_dagrun for dataset_consumes_unknown_never_scheduled to None, run_after=None
[2025-12-06T09:15:02.979+0000] {logging_mixin.py:188} INFO - [2025-12-06T09:15:02.979+0000] {dag.py:3823} INFO - Setting next_dagrun for dataset_produces_1 to 2025-12-05 00:00:00+00:00, run_after=2025-12-06 00:00:00+00:00
[2025-12-06T09:15:02.982+0000] {logging_mixin.py:188} INFO - [2025-12-06T09:15:02.981+0000] {dag.py:3823} INFO - Setting next_dagrun for dataset_produces_2 to None, run_after=None
[2025-12-06T09:15:03.040+0000] {processor.py:183} INFO - Processing /home/airflow/.local/lib/python3.8/site-packages/airflow/example_dags/example_datasets.py took 0.199 seconds
[2025-12-06T09:15:33.173+0000] {processor.py:161} INFO - Started process (PID=2349) to work on /home/airflow/.local/lib/python3.8/site-packages/airflow/example_dags/example_datasets.py
[2025-12-06T09:15:33.174+0000] {processor.py:830} INFO - Processing file /home/airflow/.local/lib/python3.8/site-packages/airflow/example_dags/example_datasets.py for tasks to queue
[2025-12-06T09:15:33.177+0000] {logging_mixin.py:188} INFO - [2025-12-06T09:15:33.177+0000] {dagbag.py:538} INFO - Filling up the DagBag from /home/airflow/.local/lib/python3.8/site-packages/airflow/example_dags/example_datasets.py
[2025-12-06T09:15:33.189+0000] {processor.py:840} INFO - DAG(s) 'dataset_consumes_1', 'dataset_consumes_1_never_scheduled', 'dataset_produces_1', 'dataset_consumes_1_and_2', 'dataset_produces_2', 'dataset_consumes_unknown_never_scheduled' retrieved from /home/airflow/.local/lib/python3.8/site-packages/airflow/example_dags/example_datasets.py
[2025-12-06T09:15:33.245+0000] {logging_mixin.py:188} INFO - [2025-12-06T09:15:33.244+0000] {dag.py:3036} INFO - Sync 6 DAGs
[2025-12-06T09:15:33.279+0000] {logging_mixin.py:188} INFO - [2025-12-06T09:15:33.279+0000] {dag.py:3823} INFO - Setting next_dagrun for dataset_consumes_1 to None, run_after=None
[2025-12-06T09:15:33.286+0000] {logging_mixin.py:188} INFO - [2025-12-06T09:15:33.286+0000] {dag.py:3823} INFO - Setting next_dagrun for dataset_consumes_1_and_2 to None, run_after=None
[2025-12-06T09:15:33.290+0000] {logging_mixin.py:188} INFO - [2025-12-06T09:15:33.290+0000] {dag.py:3823} INFO - Setting next_dagrun for dataset_consumes_1_never_scheduled to None, run_after=None
[2025-12-06T09:15:33.292+0000] {logging_mixin.py:188} INFO - [2025-12-06T09:15:33.292+0000] {dag.py:3823} INFO - Setting next_dagrun for dataset_consumes_unknown_never_scheduled to None, run_after=None
[2025-12-06T09:15:33.296+0000] {logging_mixin.py:188} INFO - [2025-12-06T09:15:33.296+0000] {dag.py:3823} INFO - Setting next_dagrun for dataset_produces_1 to 2025-12-05 00:00:00+00:00, run_after=2025-12-06 00:00:00+00:00
[2025-12-06T09:15:33.299+0000] {logging_mixin.py:188} INFO - [2025-12-06T09:15:33.299+0000] {dag.py:3823} INFO - Setting next_dagrun for dataset_produces_2 to None, run_after=None
[2025-12-06T09:15:33.357+0000] {processor.py:183} INFO - Processing /home/airflow/.local/lib/python3.8/site-packages/airflow/example_dags/example_datasets.py took 0.188 seconds
[2025-12-06T09:16:03.827+0000] {processor.py:161} INFO - Started process (PID=2408) to work on /home/airflow/.local/lib/python3.8/site-packages/airflow/example_dags/example_datasets.py
[2025-12-06T09:16:03.829+0000] {processor.py:830} INFO - Processing file /home/airflow/.local/lib/python3.8/site-packages/airflow/example_dags/example_datasets.py for tasks to queue
[2025-12-06T09:16:03.832+0000] {logging_mixin.py:188} INFO - [2025-12-06T09:16:03.831+0000] {dagbag.py:538} INFO - Filling up the DagBag from /home/airflow/.local/lib/python3.8/site-packages/airflow/example_dags/example_datasets.py
[2025-12-06T09:16:03.845+0000] {processor.py:840} INFO - DAG(s) 'dataset_produces_2', 'dataset_consumes_unknown_never_scheduled', 'dataset_consumes_1', 'dataset_produces_1', 'dataset_consumes_1_never_scheduled', 'dataset_consumes_1_and_2' retrieved from /home/airflow/.local/lib/python3.8/site-packages/airflow/example_dags/example_datasets.py
[2025-12-06T09:16:03.907+0000] {logging_mixin.py:188} INFO - [2025-12-06T09:16:03.907+0000] {dag.py:3036} INFO - Sync 6 DAGs
[2025-12-06T09:16:03.942+0000] {logging_mixin.py:188} INFO - [2025-12-06T09:16:03.941+0000] {dag.py:3823} INFO - Setting next_dagrun for dataset_consumes_1 to None, run_after=None
[2025-12-06T09:16:03.948+0000] {logging_mixin.py:188} INFO - [2025-12-06T09:16:03.947+0000] {dag.py:3823} INFO - Setting next_dagrun for dataset_consumes_1_and_2 to None, run_after=None
[2025-12-06T09:16:03.950+0000] {logging_mixin.py:188} INFO - [2025-12-06T09:16:03.950+0000] {dag.py:3823} INFO - Setting next_dagrun for dataset_consumes_1_never_scheduled to None, run_after=None
[2025-12-06T09:16:03.953+0000] {logging_mixin.py:188} INFO - [2025-12-06T09:16:03.953+0000] {dag.py:3823} INFO - Setting next_dagrun for dataset_consumes_unknown_never_scheduled to None, run_after=None
[2025-12-06T09:16:03.958+0000] {logging_mixin.py:188} INFO - [2025-12-06T09:16:03.957+0000] {dag.py:3823} INFO - Setting next_dagrun for dataset_produces_1 to 2025-12-05 00:00:00+00:00, run_after=2025-12-06 00:00:00+00:00
[2025-12-06T09:16:03.962+0000] {logging_mixin.py:188} INFO - [2025-12-06T09:16:03.961+0000] {dag.py:3823} INFO - Setting next_dagrun for dataset_produces_2 to None, run_after=None
[2025-12-06T09:16:04.190+0000] {processor.py:183} INFO - Processing /home/airflow/.local/lib/python3.8/site-packages/airflow/example_dags/example_datasets.py took 0.368 seconds
[2025-12-06T09:16:34.279+0000] {processor.py:161} INFO - Started process (PID=2467) to work on /home/airflow/.local/lib/python3.8/site-packages/airflow/example_dags/example_datasets.py
[2025-12-06T09:16:34.281+0000] {processor.py:830} INFO - Processing file /home/airflow/.local/lib/python3.8/site-packages/airflow/example_dags/example_datasets.py for tasks to queue
[2025-12-06T09:16:34.284+0000] {logging_mixin.py:188} INFO - [2025-12-06T09:16:34.283+0000] {dagbag.py:538} INFO - Filling up the DagBag from /home/airflow/.local/lib/python3.8/site-packages/airflow/example_dags/example_datasets.py
[2025-12-06T09:16:34.299+0000] {processor.py:840} INFO - DAG(s) 'dataset_consumes_unknown_never_scheduled', 'dataset_produces_2', 'dataset_consumes_1_never_scheduled', 'dataset_consumes_1', 'dataset_produces_1', 'dataset_consumes_1_and_2' retrieved from /home/airflow/.local/lib/python3.8/site-packages/airflow/example_dags/example_datasets.py
[2025-12-06T09:16:34.362+0000] {logging_mixin.py:188} INFO - [2025-12-06T09:16:34.362+0000] {dag.py:3036} INFO - Sync 6 DAGs
[2025-12-06T09:16:34.397+0000] {logging_mixin.py:188} INFO - [2025-12-06T09:16:34.396+0000] {dag.py:3823} INFO - Setting next_dagrun for dataset_consumes_1 to None, run_after=None
[2025-12-06T09:16:34.403+0000] {logging_mixin.py:188} INFO - [2025-12-06T09:16:34.403+0000] {dag.py:3823} INFO - Setting next_dagrun for dataset_consumes_1_and_2 to None, run_after=None
[2025-12-06T09:16:34.406+0000] {logging_mixin.py:188} INFO - [2025-12-06T09:16:34.405+0000] {dag.py:3823} INFO - Setting next_dagrun for dataset_consumes_1_never_scheduled to None, run_after=None
[2025-12-06T09:16:34.409+0000] {logging_mixin.py:188} INFO - [2025-12-06T09:16:34.408+0000] {dag.py:3823} INFO - Setting next_dagrun for dataset_consumes_unknown_never_scheduled to None, run_after=None
[2025-12-06T09:16:34.414+0000] {logging_mixin.py:188} INFO - [2025-12-06T09:16:34.414+0000] {dag.py:3823} INFO - Setting next_dagrun for dataset_produces_1 to 2025-12-05 00:00:00+00:00, run_after=2025-12-06 00:00:00+00:00
[2025-12-06T09:16:34.418+0000] {logging_mixin.py:188} INFO - [2025-12-06T09:16:34.417+0000] {dag.py:3823} INFO - Setting next_dagrun for dataset_produces_2 to None, run_after=None
[2025-12-06T09:16:34.473+0000] {processor.py:183} INFO - Processing /home/airflow/.local/lib/python3.8/site-packages/airflow/example_dags/example_datasets.py took 0.200 seconds
[2025-12-06T09:17:04.585+0000] {processor.py:161} INFO - Started process (PID=2526) to work on /home/airflow/.local/lib/python3.8/site-packages/airflow/example_dags/example_datasets.py
[2025-12-06T09:17:04.587+0000] {processor.py:830} INFO - Processing file /home/airflow/.local/lib/python3.8/site-packages/airflow/example_dags/example_datasets.py for tasks to queue
[2025-12-06T09:17:04.591+0000] {logging_mixin.py:188} INFO - [2025-12-06T09:17:04.590+0000] {dagbag.py:538} INFO - Filling up the DagBag from /home/airflow/.local/lib/python3.8/site-packages/airflow/example_dags/example_datasets.py
[2025-12-06T09:17:04.607+0000] {processor.py:840} INFO - DAG(s) 'dataset_consumes_1', 'dataset_consumes_1_never_scheduled', 'dataset_consumes_unknown_never_scheduled', 'dataset_consumes_1_and_2', 'dataset_produces_2', 'dataset_produces_1' retrieved from /home/airflow/.local/lib/python3.8/site-packages/airflow/example_dags/example_datasets.py
[2025-12-06T09:17:04.665+0000] {logging_mixin.py:188} INFO - [2025-12-06T09:17:04.664+0000] {dag.py:3036} INFO - Sync 6 DAGs
[2025-12-06T09:17:04.697+0000] {logging_mixin.py:188} INFO - [2025-12-06T09:17:04.696+0000] {dag.py:3823} INFO - Setting next_dagrun for dataset_consumes_1 to None, run_after=None
[2025-12-06T09:17:04.704+0000] {logging_mixin.py:188} INFO - [2025-12-06T09:17:04.703+0000] {dag.py:3823} INFO - Setting next_dagrun for dataset_consumes_1_and_2 to None, run_after=None
[2025-12-06T09:17:04.706+0000] {logging_mixin.py:188} INFO - [2025-12-06T09:17:04.706+0000] {dag.py:3823} INFO - Setting next_dagrun for dataset_consumes_1_never_scheduled to None, run_after=None
[2025-12-06T09:17:04.709+0000] {logging_mixin.py:188} INFO - [2025-12-06T09:17:04.708+0000] {dag.py:3823} INFO - Setting next_dagrun for dataset_consumes_unknown_never_scheduled to None, run_after=None
[2025-12-06T09:17:04.713+0000] {logging_mixin.py:188} INFO - [2025-12-06T09:17:04.712+0000] {dag.py:3823} INFO - Setting next_dagrun for dataset_produces_1 to 2025-12-05 00:00:00+00:00, run_after=2025-12-06 00:00:00+00:00
[2025-12-06T09:17:04.715+0000] {logging_mixin.py:188} INFO - [2025-12-06T09:17:04.715+0000] {dag.py:3823} INFO - Setting next_dagrun for dataset_produces_2 to None, run_after=None
[2025-12-06T09:17:04.770+0000] {processor.py:183} INFO - Processing /home/airflow/.local/lib/python3.8/site-packages/airflow/example_dags/example_datasets.py took 0.192 seconds
[2025-12-06T09:17:35.028+0000] {processor.py:161} INFO - Started process (PID=2585) to work on /home/airflow/.local/lib/python3.8/site-packages/airflow/example_dags/example_datasets.py
[2025-12-06T09:17:35.029+0000] {processor.py:830} INFO - Processing file /home/airflow/.local/lib/python3.8/site-packages/airflow/example_dags/example_datasets.py for tasks to queue
[2025-12-06T09:17:35.032+0000] {logging_mixin.py:188} INFO - [2025-12-06T09:17:35.031+0000] {dagbag.py:538} INFO - Filling up the DagBag from /home/airflow/.local/lib/python3.8/site-packages/airflow/example_dags/example_datasets.py
[2025-12-06T09:17:35.044+0000] {processor.py:840} INFO - DAG(s) 'dataset_consumes_1', 'dataset_produces_1', 'dataset_consumes_unknown_never_scheduled', 'dataset_consumes_1_never_scheduled', 'dataset_consumes_1_and_2', 'dataset_produces_2' retrieved from /home/airflow/.local/lib/python3.8/site-packages/airflow/example_dags/example_datasets.py
[2025-12-06T09:17:35.110+0000] {logging_mixin.py:188} INFO - [2025-12-06T09:17:35.109+0000] {dag.py:3036} INFO - Sync 6 DAGs
[2025-12-06T09:17:35.146+0000] {logging_mixin.py:188} INFO - [2025-12-06T09:17:35.145+0000] {dag.py:3823} INFO - Setting next_dagrun for dataset_consumes_1 to None, run_after=None
[2025-12-06T09:17:35.152+0000] {logging_mixin.py:188} INFO - [2025-12-06T09:17:35.152+0000] {dag.py:3823} INFO - Setting next_dagrun for dataset_consumes_1_and_2 to None, run_after=None
[2025-12-06T09:17:35.156+0000] {logging_mixin.py:188} INFO - [2025-12-06T09:17:35.155+0000] {dag.py:3823} INFO - Setting next_dagrun for dataset_consumes_1_never_scheduled to None, run_after=None
[2025-12-06T09:17:35.159+0000] {logging_mixin.py:188} INFO - [2025-12-06T09:17:35.158+0000] {dag.py:3823} INFO - Setting next_dagrun for dataset_consumes_unknown_never_scheduled to None, run_after=None
[2025-12-06T09:17:35.163+0000] {logging_mixin.py:188} INFO - [2025-12-06T09:17:35.163+0000] {dag.py:3823} INFO - Setting next_dagrun for dataset_produces_1 to 2025-12-05 00:00:00+00:00, run_after=2025-12-06 00:00:00+00:00
[2025-12-06T09:17:35.166+0000] {logging_mixin.py:188} INFO - [2025-12-06T09:17:35.165+0000] {dag.py:3823} INFO - Setting next_dagrun for dataset_produces_2 to None, run_after=None
[2025-12-06T09:17:35.225+0000] {processor.py:183} INFO - Processing /home/airflow/.local/lib/python3.8/site-packages/airflow/example_dags/example_datasets.py took 0.202 seconds
[2025-12-06T09:18:05.282+0000] {processor.py:161} INFO - Started process (PID=2644) to work on /home/airflow/.local/lib/python3.8/site-packages/airflow/example_dags/example_datasets.py
[2025-12-06T09:18:05.284+0000] {processor.py:830} INFO - Processing file /home/airflow/.local/lib/python3.8/site-packages/airflow/example_dags/example_datasets.py for tasks to queue
[2025-12-06T09:18:05.287+0000] {logging_mixin.py:188} INFO - [2025-12-06T09:18:05.286+0000] {dagbag.py:538} INFO - Filling up the DagBag from /home/airflow/.local/lib/python3.8/site-packages/airflow/example_dags/example_datasets.py
[2025-12-06T09:18:05.298+0000] {processor.py:840} INFO - DAG(s) 'dataset_produces_2', 'dataset_produces_1', 'dataset_consumes_1', 'dataset_consumes_unknown_never_scheduled', 'dataset_consumes_1_and_2', 'dataset_consumes_1_never_scheduled' retrieved from /home/airflow/.local/lib/python3.8/site-packages/airflow/example_dags/example_datasets.py
[2025-12-06T09:18:05.364+0000] {logging_mixin.py:188} INFO - [2025-12-06T09:18:05.363+0000] {dag.py:3036} INFO - Sync 6 DAGs
[2025-12-06T09:18:05.401+0000] {logging_mixin.py:188} INFO - [2025-12-06T09:18:05.401+0000] {dag.py:3823} INFO - Setting next_dagrun for dataset_consumes_1 to None, run_after=None
[2025-12-06T09:18:05.407+0000] {logging_mixin.py:188} INFO - [2025-12-06T09:18:05.407+0000] {dag.py:3823} INFO - Setting next_dagrun for dataset_consumes_1_and_2 to None, run_after=None
[2025-12-06T09:18:05.410+0000] {logging_mixin.py:188} INFO - [2025-12-06T09:18:05.409+0000] {dag.py:3823} INFO - Setting next_dagrun for dataset_consumes_1_never_scheduled to None, run_after=None
[2025-12-06T09:18:05.413+0000] {logging_mixin.py:188} INFO - [2025-12-06T09:18:05.412+0000] {dag.py:3823} INFO - Setting next_dagrun for dataset_consumes_unknown_never_scheduled to None, run_after=None
[2025-12-06T09:18:05.417+0000] {logging_mixin.py:188} INFO - [2025-12-06T09:18:05.417+0000] {dag.py:3823} INFO - Setting next_dagrun for dataset_produces_1 to 2025-12-05 00:00:00+00:00, run_after=2025-12-06 00:00:00+00:00
[2025-12-06T09:18:05.419+0000] {logging_mixin.py:188} INFO - [2025-12-06T09:18:05.419+0000] {dag.py:3823} INFO - Setting next_dagrun for dataset_produces_2 to None, run_after=None
[2025-12-06T09:18:05.476+0000] {processor.py:183} INFO - Processing /home/airflow/.local/lib/python3.8/site-packages/airflow/example_dags/example_datasets.py took 0.199 seconds
[2025-12-06T09:18:35.557+0000] {processor.py:161} INFO - Started process (PID=2701) to work on /home/airflow/.local/lib/python3.8/site-packages/airflow/example_dags/example_datasets.py
[2025-12-06T09:18:35.559+0000] {processor.py:830} INFO - Processing file /home/airflow/.local/lib/python3.8/site-packages/airflow/example_dags/example_datasets.py for tasks to queue
[2025-12-06T09:18:35.562+0000] {logging_mixin.py:188} INFO - [2025-12-06T09:18:35.562+0000] {dagbag.py:538} INFO - Filling up the DagBag from /home/airflow/.local/lib/python3.8/site-packages/airflow/example_dags/example_datasets.py
[2025-12-06T09:18:35.576+0000] {processor.py:840} INFO - DAG(s) 'dataset_consumes_1_never_scheduled', 'dataset_consumes_unknown_never_scheduled', 'dataset_produces_1', 'dataset_produces_2', 'dataset_consumes_1', 'dataset_consumes_1_and_2' retrieved from /home/airflow/.local/lib/python3.8/site-packages/airflow/example_dags/example_datasets.py
[2025-12-06T09:18:35.643+0000] {logging_mixin.py:188} INFO - [2025-12-06T09:18:35.643+0000] {dag.py:3036} INFO - Sync 6 DAGs
[2025-12-06T09:18:35.677+0000] {logging_mixin.py:188} INFO - [2025-12-06T09:18:35.677+0000] {dag.py:3823} INFO - Setting next_dagrun for dataset_consumes_1 to None, run_after=None
[2025-12-06T09:18:35.836+0000] {logging_mixin.py:188} INFO - [2025-12-06T09:18:35.836+0000] {dag.py:3823} INFO - Setting next_dagrun for dataset_consumes_1_and_2 to None, run_after=None
[2025-12-06T09:18:35.840+0000] {logging_mixin.py:188} INFO - [2025-12-06T09:18:35.839+0000] {dag.py:3823} INFO - Setting next_dagrun for dataset_consumes_1_never_scheduled to None, run_after=None
[2025-12-06T09:18:35.842+0000] {logging_mixin.py:188} INFO - [2025-12-06T09:18:35.842+0000] {dag.py:3823} INFO - Setting next_dagrun for dataset_consumes_unknown_never_scheduled to None, run_after=None
[2025-12-06T09:18:35.846+0000] {logging_mixin.py:188} INFO - [2025-12-06T09:18:35.846+0000] {dag.py:3823} INFO - Setting next_dagrun for dataset_produces_1 to 2025-12-05 00:00:00+00:00, run_after=2025-12-06 00:00:00+00:00
[2025-12-06T09:18:35.849+0000] {logging_mixin.py:188} INFO - [2025-12-06T09:18:35.849+0000] {dag.py:3823} INFO - Setting next_dagrun for dataset_produces_2 to None, run_after=None
[2025-12-06T09:18:35.908+0000] {processor.py:183} INFO - Processing /home/airflow/.local/lib/python3.8/site-packages/airflow/example_dags/example_datasets.py took 0.356 seconds
[2025-12-06T09:19:06.079+0000] {processor.py:161} INFO - Started process (PID=2760) to work on /home/airflow/.local/lib/python3.8/site-packages/airflow/example_dags/example_datasets.py
[2025-12-06T09:19:06.081+0000] {processor.py:830} INFO - Processing file /home/airflow/.local/lib/python3.8/site-packages/airflow/example_dags/example_datasets.py for tasks to queue
[2025-12-06T09:19:06.084+0000] {logging_mixin.py:188} INFO - [2025-12-06T09:19:06.083+0000] {dagbag.py:538} INFO - Filling up the DagBag from /home/airflow/.local/lib/python3.8/site-packages/airflow/example_dags/example_datasets.py
[2025-12-06T09:19:06.098+0000] {processor.py:840} INFO - DAG(s) 'dataset_consumes_unknown_never_scheduled', 'dataset_consumes_1_never_scheduled', 'dataset_produces_2', 'dataset_produces_1', 'dataset_consumes_1', 'dataset_consumes_1_and_2' retrieved from /home/airflow/.local/lib/python3.8/site-packages/airflow/example_dags/example_datasets.py
[2025-12-06T09:19:06.157+0000] {logging_mixin.py:188} INFO - [2025-12-06T09:19:06.156+0000] {dag.py:3036} INFO - Sync 6 DAGs
[2025-12-06T09:19:06.196+0000] {logging_mixin.py:188} INFO - [2025-12-06T09:19:06.195+0000] {dag.py:3823} INFO - Setting next_dagrun for dataset_consumes_1 to None, run_after=None
[2025-12-06T09:19:06.203+0000] {logging_mixin.py:188} INFO - [2025-12-06T09:19:06.202+0000] {dag.py:3823} INFO - Setting next_dagrun for dataset_consumes_1_and_2 to None, run_after=None
[2025-12-06T09:19:06.207+0000] {logging_mixin.py:188} INFO - [2025-12-06T09:19:06.206+0000] {dag.py:3823} INFO - Setting next_dagrun for dataset_consumes_1_never_scheduled to None, run_after=None
[2025-12-06T09:19:06.210+0000] {logging_mixin.py:188} INFO - [2025-12-06T09:19:06.210+0000] {dag.py:3823} INFO - Setting next_dagrun for dataset_consumes_unknown_never_scheduled to None, run_after=None
[2025-12-06T09:19:06.215+0000] {logging_mixin.py:188} INFO - [2025-12-06T09:19:06.215+0000] {dag.py:3823} INFO - Setting next_dagrun for dataset_produces_1 to 2025-12-05 00:00:00+00:00, run_after=2025-12-06 00:00:00+00:00
[2025-12-06T09:19:06.218+0000] {logging_mixin.py:188} INFO - [2025-12-06T09:19:06.217+0000] {dag.py:3823} INFO - Setting next_dagrun for dataset_produces_2 to None, run_after=None
[2025-12-06T09:19:06.429+0000] {processor.py:183} INFO - Processing /home/airflow/.local/lib/python3.8/site-packages/airflow/example_dags/example_datasets.py took 0.355 seconds
[2025-12-06T09:19:36.467+0000] {processor.py:161} INFO - Started process (PID=2819) to work on /home/airflow/.local/lib/python3.8/site-packages/airflow/example_dags/example_datasets.py
[2025-12-06T09:19:36.468+0000] {processor.py:830} INFO - Processing file /home/airflow/.local/lib/python3.8/site-packages/airflow/example_dags/example_datasets.py for tasks to queue
[2025-12-06T09:19:36.472+0000] {logging_mixin.py:188} INFO - [2025-12-06T09:19:36.471+0000] {dagbag.py:538} INFO - Filling up the DagBag from /home/airflow/.local/lib/python3.8/site-packages/airflow/example_dags/example_datasets.py
[2025-12-06T09:19:36.486+0000] {processor.py:840} INFO - DAG(s) 'dataset_produces_2', 'dataset_produces_1', 'dataset_consumes_1_and_2', 'dataset_consumes_unknown_never_scheduled', 'dataset_consumes_1', 'dataset_consumes_1_never_scheduled' retrieved from /home/airflow/.local/lib/python3.8/site-packages/airflow/example_dags/example_datasets.py
[2025-12-06T09:19:36.546+0000] {logging_mixin.py:188} INFO - [2025-12-06T09:19:36.545+0000] {dag.py:3036} INFO - Sync 6 DAGs
[2025-12-06T09:19:36.579+0000] {logging_mixin.py:188} INFO - [2025-12-06T09:19:36.579+0000] {dag.py:3823} INFO - Setting next_dagrun for dataset_consumes_1 to None, run_after=None
[2025-12-06T09:19:36.586+0000] {logging_mixin.py:188} INFO - [2025-12-06T09:19:36.586+0000] {dag.py:3823} INFO - Setting next_dagrun for dataset_consumes_1_and_2 to None, run_after=None
[2025-12-06T09:19:36.591+0000] {logging_mixin.py:188} INFO - [2025-12-06T09:19:36.591+0000] {dag.py:3823} INFO - Setting next_dagrun for dataset_consumes_1_never_scheduled to None, run_after=None
[2025-12-06T09:19:36.595+0000] {logging_mixin.py:188} INFO - [2025-12-06T09:19:36.594+0000] {dag.py:3823} INFO - Setting next_dagrun for dataset_consumes_unknown_never_scheduled to None, run_after=None
[2025-12-06T09:19:36.601+0000] {logging_mixin.py:188} INFO - [2025-12-06T09:19:36.601+0000] {dag.py:3823} INFO - Setting next_dagrun for dataset_produces_1 to 2025-12-05 00:00:00+00:00, run_after=2025-12-06 00:00:00+00:00
[2025-12-06T09:19:36.604+0000] {logging_mixin.py:188} INFO - [2025-12-06T09:19:36.603+0000] {dag.py:3823} INFO - Setting next_dagrun for dataset_produces_2 to None, run_after=None
[2025-12-06T09:19:36.827+0000] {processor.py:183} INFO - Processing /home/airflow/.local/lib/python3.8/site-packages/airflow/example_dags/example_datasets.py took 0.365 seconds
[2025-12-06T09:20:06.963+0000] {processor.py:161} INFO - Started process (PID=2878) to work on /home/airflow/.local/lib/python3.8/site-packages/airflow/example_dags/example_datasets.py
[2025-12-06T09:20:06.965+0000] {processor.py:830} INFO - Processing file /home/airflow/.local/lib/python3.8/site-packages/airflow/example_dags/example_datasets.py for tasks to queue
[2025-12-06T09:20:06.968+0000] {logging_mixin.py:188} INFO - [2025-12-06T09:20:06.967+0000] {dagbag.py:538} INFO - Filling up the DagBag from /home/airflow/.local/lib/python3.8/site-packages/airflow/example_dags/example_datasets.py
[2025-12-06T09:20:06.982+0000] {processor.py:840} INFO - DAG(s) 'dataset_consumes_1_and_2', 'dataset_consumes_unknown_never_scheduled', 'dataset_consumes_1_never_scheduled', 'dataset_produces_2', 'dataset_consumes_1', 'dataset_produces_1' retrieved from /home/airflow/.local/lib/python3.8/site-packages/airflow/example_dags/example_datasets.py
[2025-12-06T09:20:07.042+0000] {logging_mixin.py:188} INFO - [2025-12-06T09:20:07.042+0000] {dag.py:3036} INFO - Sync 6 DAGs
[2025-12-06T09:20:07.079+0000] {logging_mixin.py:188} INFO - [2025-12-06T09:20:07.078+0000] {dag.py:3823} INFO - Setting next_dagrun for dataset_consumes_1 to None, run_after=None
[2025-12-06T09:20:07.087+0000] {logging_mixin.py:188} INFO - [2025-12-06T09:20:07.086+0000] {dag.py:3823} INFO - Setting next_dagrun for dataset_consumes_1_and_2 to None, run_after=None
[2025-12-06T09:20:07.091+0000] {logging_mixin.py:188} INFO - [2025-12-06T09:20:07.091+0000] {dag.py:3823} INFO - Setting next_dagrun for dataset_consumes_1_never_scheduled to None, run_after=None
[2025-12-06T09:20:07.095+0000] {logging_mixin.py:188} INFO - [2025-12-06T09:20:07.094+0000] {dag.py:3823} INFO - Setting next_dagrun for dataset_consumes_unknown_never_scheduled to None, run_after=None
[2025-12-06T09:20:07.102+0000] {logging_mixin.py:188} INFO - [2025-12-06T09:20:07.101+0000] {dag.py:3823} INFO - Setting next_dagrun for dataset_produces_1 to 2025-12-05 00:00:00+00:00, run_after=2025-12-06 00:00:00+00:00
[2025-12-06T09:20:07.105+0000] {logging_mixin.py:188} INFO - [2025-12-06T09:20:07.104+0000] {dag.py:3823} INFO - Setting next_dagrun for dataset_produces_2 to None, run_after=None
[2025-12-06T09:20:07.161+0000] {processor.py:183} INFO - Processing /home/airflow/.local/lib/python3.8/site-packages/airflow/example_dags/example_datasets.py took 0.204 seconds
[2025-12-06T09:20:37.781+0000] {processor.py:161} INFO - Started process (PID=2937) to work on /home/airflow/.local/lib/python3.8/site-packages/airflow/example_dags/example_datasets.py
[2025-12-06T09:20:37.783+0000] {processor.py:830} INFO - Processing file /home/airflow/.local/lib/python3.8/site-packages/airflow/example_dags/example_datasets.py for tasks to queue
[2025-12-06T09:20:37.786+0000] {logging_mixin.py:188} INFO - [2025-12-06T09:20:37.785+0000] {dagbag.py:538} INFO - Filling up the DagBag from /home/airflow/.local/lib/python3.8/site-packages/airflow/example_dags/example_datasets.py
[2025-12-06T09:20:37.799+0000] {processor.py:840} INFO - DAG(s) 'dataset_consumes_unknown_never_scheduled', 'dataset_consumes_1_never_scheduled', 'dataset_consumes_1', 'dataset_produces_2', 'dataset_produces_1', 'dataset_consumes_1_and_2' retrieved from /home/airflow/.local/lib/python3.8/site-packages/airflow/example_dags/example_datasets.py
[2025-12-06T09:20:38.019+0000] {logging_mixin.py:188} INFO - [2025-12-06T09:20:38.019+0000] {dag.py:3036} INFO - Sync 6 DAGs
[2025-12-06T09:20:38.048+0000] {logging_mixin.py:188} INFO - [2025-12-06T09:20:38.047+0000] {dag.py:3823} INFO - Setting next_dagrun for dataset_consumes_1 to None, run_after=None
[2025-12-06T09:20:38.054+0000] {logging_mixin.py:188} INFO - [2025-12-06T09:20:38.054+0000] {dag.py:3823} INFO - Setting next_dagrun for dataset_consumes_1_and_2 to None, run_after=None
[2025-12-06T09:20:38.058+0000] {logging_mixin.py:188} INFO - [2025-12-06T09:20:38.057+0000] {dag.py:3823} INFO - Setting next_dagrun for dataset_consumes_1_never_scheduled to None, run_after=None
[2025-12-06T09:20:38.060+0000] {logging_mixin.py:188} INFO - [2025-12-06T09:20:38.060+0000] {dag.py:3823} INFO - Setting next_dagrun for dataset_consumes_unknown_never_scheduled to None, run_after=None
[2025-12-06T09:20:38.066+0000] {logging_mixin.py:188} INFO - [2025-12-06T09:20:38.066+0000] {dag.py:3823} INFO - Setting next_dagrun for dataset_produces_1 to 2025-12-05 00:00:00+00:00, run_after=2025-12-06 00:00:00+00:00
[2025-12-06T09:20:38.070+0000] {logging_mixin.py:188} INFO - [2025-12-06T09:20:38.070+0000] {dag.py:3823} INFO - Setting next_dagrun for dataset_produces_2 to None, run_after=None
[2025-12-06T09:20:38.128+0000] {processor.py:183} INFO - Processing /home/airflow/.local/lib/python3.8/site-packages/airflow/example_dags/example_datasets.py took 0.352 seconds
[2025-12-06T09:21:08.766+0000] {processor.py:161} INFO - Started process (PID=2996) to work on /home/airflow/.local/lib/python3.8/site-packages/airflow/example_dags/example_datasets.py
[2025-12-06T09:21:08.768+0000] {processor.py:830} INFO - Processing file /home/airflow/.local/lib/python3.8/site-packages/airflow/example_dags/example_datasets.py for tasks to queue
[2025-12-06T09:21:08.771+0000] {logging_mixin.py:188} INFO - [2025-12-06T09:21:08.771+0000] {dagbag.py:538} INFO - Filling up the DagBag from /home/airflow/.local/lib/python3.8/site-packages/airflow/example_dags/example_datasets.py
[2025-12-06T09:21:08.785+0000] {processor.py:840} INFO - DAG(s) 'dataset_produces_1', 'dataset_consumes_1', 'dataset_consumes_1_never_scheduled', 'dataset_consumes_1_and_2', 'dataset_produces_2', 'dataset_consumes_unknown_never_scheduled' retrieved from /home/airflow/.local/lib/python3.8/site-packages/airflow/example_dags/example_datasets.py
[2025-12-06T09:21:08.845+0000] {logging_mixin.py:188} INFO - [2025-12-06T09:21:08.844+0000] {dag.py:3036} INFO - Sync 6 DAGs
[2025-12-06T09:21:09.034+0000] {logging_mixin.py:188} INFO - [2025-12-06T09:21:09.034+0000] {dag.py:3823} INFO - Setting next_dagrun for dataset_consumes_1 to None, run_after=None
[2025-12-06T09:21:09.039+0000] {logging_mixin.py:188} INFO - [2025-12-06T09:21:09.039+0000] {dag.py:3823} INFO - Setting next_dagrun for dataset_consumes_1_and_2 to None, run_after=None
[2025-12-06T09:21:09.042+0000] {logging_mixin.py:188} INFO - [2025-12-06T09:21:09.042+0000] {dag.py:3823} INFO - Setting next_dagrun for dataset_consumes_1_never_scheduled to None, run_after=None
[2025-12-06T09:21:09.045+0000] {logging_mixin.py:188} INFO - [2025-12-06T09:21:09.044+0000] {dag.py:3823} INFO - Setting next_dagrun for dataset_consumes_unknown_never_scheduled to None, run_after=None
[2025-12-06T09:21:09.050+0000] {logging_mixin.py:188} INFO - [2025-12-06T09:21:09.049+0000] {dag.py:3823} INFO - Setting next_dagrun for dataset_produces_1 to 2025-12-05 00:00:00+00:00, run_after=2025-12-06 00:00:00+00:00
[2025-12-06T09:21:09.053+0000] {logging_mixin.py:188} INFO - [2025-12-06T09:21:09.053+0000] {dag.py:3823} INFO - Setting next_dagrun for dataset_produces_2 to None, run_after=None
[2025-12-06T09:21:09.111+0000] {processor.py:183} INFO - Processing /home/airflow/.local/lib/python3.8/site-packages/airflow/example_dags/example_datasets.py took 0.350 seconds
[2025-12-06T09:21:39.173+0000] {processor.py:161} INFO - Started process (PID=3055) to work on /home/airflow/.local/lib/python3.8/site-packages/airflow/example_dags/example_datasets.py
[2025-12-06T09:21:39.175+0000] {processor.py:830} INFO - Processing file /home/airflow/.local/lib/python3.8/site-packages/airflow/example_dags/example_datasets.py for tasks to queue
[2025-12-06T09:21:39.178+0000] {logging_mixin.py:188} INFO - [2025-12-06T09:21:39.178+0000] {dagbag.py:538} INFO - Filling up the DagBag from /home/airflow/.local/lib/python3.8/site-packages/airflow/example_dags/example_datasets.py
[2025-12-06T09:21:39.192+0000] {processor.py:840} INFO - DAG(s) 'dataset_consumes_1_and_2', 'dataset_consumes_1', 'dataset_produces_2', 'dataset_consumes_1_never_scheduled', 'dataset_consumes_unknown_never_scheduled', 'dataset_produces_1' retrieved from /home/airflow/.local/lib/python3.8/site-packages/airflow/example_dags/example_datasets.py
[2025-12-06T09:21:39.253+0000] {logging_mixin.py:188} INFO - [2025-12-06T09:21:39.252+0000] {dag.py:3036} INFO - Sync 6 DAGs
[2025-12-06T09:21:39.288+0000] {logging_mixin.py:188} INFO - [2025-12-06T09:21:39.288+0000] {dag.py:3823} INFO - Setting next_dagrun for dataset_consumes_1 to None, run_after=None
[2025-12-06T09:21:39.295+0000] {logging_mixin.py:188} INFO - [2025-12-06T09:21:39.295+0000] {dag.py:3823} INFO - Setting next_dagrun for dataset_consumes_1_and_2 to None, run_after=None
[2025-12-06T09:21:39.298+0000] {logging_mixin.py:188} INFO - [2025-12-06T09:21:39.297+0000] {dag.py:3823} INFO - Setting next_dagrun for dataset_consumes_1_never_scheduled to None, run_after=None
[2025-12-06T09:21:39.301+0000] {logging_mixin.py:188} INFO - [2025-12-06T09:21:39.300+0000] {dag.py:3823} INFO - Setting next_dagrun for dataset_consumes_unknown_never_scheduled to None, run_after=None
[2025-12-06T09:21:39.305+0000] {logging_mixin.py:188} INFO - [2025-12-06T09:21:39.305+0000] {dag.py:3823} INFO - Setting next_dagrun for dataset_produces_1 to 2025-12-05 00:00:00+00:00, run_after=2025-12-06 00:00:00+00:00
[2025-12-06T09:21:39.308+0000] {logging_mixin.py:188} INFO - [2025-12-06T09:21:39.308+0000] {dag.py:3823} INFO - Setting next_dagrun for dataset_produces_2 to None, run_after=None
[2025-12-06T09:21:39.362+0000] {processor.py:183} INFO - Processing /home/airflow/.local/lib/python3.8/site-packages/airflow/example_dags/example_datasets.py took 0.194 seconds
[2025-12-06T09:22:09.458+0000] {processor.py:161} INFO - Started process (PID=3115) to work on /home/airflow/.local/lib/python3.8/site-packages/airflow/example_dags/example_datasets.py
[2025-12-06T09:22:09.460+0000] {processor.py:830} INFO - Processing file /home/airflow/.local/lib/python3.8/site-packages/airflow/example_dags/example_datasets.py for tasks to queue
[2025-12-06T09:22:09.462+0000] {logging_mixin.py:188} INFO - [2025-12-06T09:22:09.462+0000] {dagbag.py:538} INFO - Filling up the DagBag from /home/airflow/.local/lib/python3.8/site-packages/airflow/example_dags/example_datasets.py
[2025-12-06T09:22:09.476+0000] {processor.py:840} INFO - DAG(s) 'dataset_produces_2', 'dataset_consumes_unknown_never_scheduled', 'dataset_consumes_1_and_2', 'dataset_consumes_1_never_scheduled', 'dataset_consumes_1', 'dataset_produces_1' retrieved from /home/airflow/.local/lib/python3.8/site-packages/airflow/example_dags/example_datasets.py
[2025-12-06T09:22:09.531+0000] {logging_mixin.py:188} INFO - [2025-12-06T09:22:09.531+0000] {dag.py:3036} INFO - Sync 6 DAGs
[2025-12-06T09:22:09.565+0000] {logging_mixin.py:188} INFO - [2025-12-06T09:22:09.564+0000] {dag.py:3823} INFO - Setting next_dagrun for dataset_consumes_1 to None, run_after=None
[2025-12-06T09:22:09.570+0000] {logging_mixin.py:188} INFO - [2025-12-06T09:22:09.570+0000] {dag.py:3823} INFO - Setting next_dagrun for dataset_consumes_1_and_2 to None, run_after=None
[2025-12-06T09:22:09.573+0000] {logging_mixin.py:188} INFO - [2025-12-06T09:22:09.573+0000] {dag.py:3823} INFO - Setting next_dagrun for dataset_consumes_1_never_scheduled to None, run_after=None
[2025-12-06T09:22:09.575+0000] {logging_mixin.py:188} INFO - [2025-12-06T09:22:09.575+0000] {dag.py:3823} INFO - Setting next_dagrun for dataset_consumes_unknown_never_scheduled to None, run_after=None
[2025-12-06T09:22:09.580+0000] {logging_mixin.py:188} INFO - [2025-12-06T09:22:09.580+0000] {dag.py:3823} INFO - Setting next_dagrun for dataset_produces_1 to 2025-12-05 00:00:00+00:00, run_after=2025-12-06 00:00:00+00:00
[2025-12-06T09:22:09.584+0000] {logging_mixin.py:188} INFO - [2025-12-06T09:22:09.583+0000] {dag.py:3823} INFO - Setting next_dagrun for dataset_produces_2 to None, run_after=None
[2025-12-06T09:22:09.640+0000] {processor.py:183} INFO - Processing /home/airflow/.local/lib/python3.8/site-packages/airflow/example_dags/example_datasets.py took 0.186 seconds
[2025-12-06T09:22:40.555+0000] {processor.py:161} INFO - Started process (PID=3179) to work on /home/airflow/.local/lib/python3.8/site-packages/airflow/example_dags/example_datasets.py
[2025-12-06T09:22:40.556+0000] {processor.py:830} INFO - Processing file /home/airflow/.local/lib/python3.8/site-packages/airflow/example_dags/example_datasets.py for tasks to queue
[2025-12-06T09:22:40.559+0000] {logging_mixin.py:188} INFO - [2025-12-06T09:22:40.559+0000] {dagbag.py:538} INFO - Filling up the DagBag from /home/airflow/.local/lib/python3.8/site-packages/airflow/example_dags/example_datasets.py
[2025-12-06T09:22:40.576+0000] {processor.py:840} INFO - DAG(s) 'dataset_produces_1', 'dataset_consumes_1_never_scheduled', 'dataset_consumes_1', 'dataset_consumes_1_and_2', 'dataset_produces_2', 'dataset_consumes_unknown_never_scheduled' retrieved from /home/airflow/.local/lib/python3.8/site-packages/airflow/example_dags/example_datasets.py
[2025-12-06T09:22:40.642+0000] {logging_mixin.py:188} INFO - [2025-12-06T09:22:40.642+0000] {dag.py:3036} INFO - Sync 6 DAGs
[2025-12-06T09:22:40.678+0000] {logging_mixin.py:188} INFO - [2025-12-06T09:22:40.678+0000] {dag.py:3823} INFO - Setting next_dagrun for dataset_consumes_1 to None, run_after=None
[2025-12-06T09:22:40.684+0000] {logging_mixin.py:188} INFO - [2025-12-06T09:22:40.684+0000] {dag.py:3823} INFO - Setting next_dagrun for dataset_consumes_1_and_2 to None, run_after=None
[2025-12-06T09:22:40.687+0000] {logging_mixin.py:188} INFO - [2025-12-06T09:22:40.687+0000] {dag.py:3823} INFO - Setting next_dagrun for dataset_consumes_1_never_scheduled to None, run_after=None
[2025-12-06T09:22:40.691+0000] {logging_mixin.py:188} INFO - [2025-12-06T09:22:40.690+0000] {dag.py:3823} INFO - Setting next_dagrun for dataset_consumes_unknown_never_scheduled to None, run_after=None
[2025-12-06T09:22:40.695+0000] {logging_mixin.py:188} INFO - [2025-12-06T09:22:40.695+0000] {dag.py:3823} INFO - Setting next_dagrun for dataset_produces_1 to 2025-12-05 00:00:00+00:00, run_after=2025-12-06 00:00:00+00:00
[2025-12-06T09:22:40.698+0000] {logging_mixin.py:188} INFO - [2025-12-06T09:22:40.698+0000] {dag.py:3823} INFO - Setting next_dagrun for dataset_produces_2 to None, run_after=None
[2025-12-06T09:22:40.754+0000] {processor.py:183} INFO - Processing /home/airflow/.local/lib/python3.8/site-packages/airflow/example_dags/example_datasets.py took 0.205 seconds
[2025-12-06T09:23:11.014+0000] {processor.py:161} INFO - Started process (PID=3238) to work on /home/airflow/.local/lib/python3.8/site-packages/airflow/example_dags/example_datasets.py
[2025-12-06T09:23:11.015+0000] {processor.py:830} INFO - Processing file /home/airflow/.local/lib/python3.8/site-packages/airflow/example_dags/example_datasets.py for tasks to queue
[2025-12-06T09:23:11.018+0000] {logging_mixin.py:188} INFO - [2025-12-06T09:23:11.018+0000] {dagbag.py:538} INFO - Filling up the DagBag from /home/airflow/.local/lib/python3.8/site-packages/airflow/example_dags/example_datasets.py
[2025-12-06T09:23:11.036+0000] {processor.py:840} INFO - DAG(s) 'dataset_consumes_unknown_never_scheduled', 'dataset_consumes_1_and_2', 'dataset_produces_1', 'dataset_produces_2', 'dataset_consumes_1', 'dataset_consumes_1_never_scheduled' retrieved from /home/airflow/.local/lib/python3.8/site-packages/airflow/example_dags/example_datasets.py
[2025-12-06T09:23:11.099+0000] {logging_mixin.py:188} INFO - [2025-12-06T09:23:11.099+0000] {dag.py:3036} INFO - Sync 6 DAGs
[2025-12-06T09:23:11.134+0000] {logging_mixin.py:188} INFO - [2025-12-06T09:23:11.134+0000] {dag.py:3823} INFO - Setting next_dagrun for dataset_consumes_1 to None, run_after=None
[2025-12-06T09:23:11.141+0000] {logging_mixin.py:188} INFO - [2025-12-06T09:23:11.140+0000] {dag.py:3823} INFO - Setting next_dagrun for dataset_consumes_1_and_2 to None, run_after=None
[2025-12-06T09:23:11.144+0000] {logging_mixin.py:188} INFO - [2025-12-06T09:23:11.143+0000] {dag.py:3823} INFO - Setting next_dagrun for dataset_consumes_1_never_scheduled to None, run_after=None
[2025-12-06T09:23:11.148+0000] {logging_mixin.py:188} INFO - [2025-12-06T09:23:11.147+0000] {dag.py:3823} INFO - Setting next_dagrun for dataset_consumes_unknown_never_scheduled to None, run_after=None
[2025-12-06T09:23:11.153+0000] {logging_mixin.py:188} INFO - [2025-12-06T09:23:11.153+0000] {dag.py:3823} INFO - Setting next_dagrun for dataset_produces_1 to 2025-12-05 00:00:00+00:00, run_after=2025-12-06 00:00:00+00:00
[2025-12-06T09:23:11.156+0000] {logging_mixin.py:188} INFO - [2025-12-06T09:23:11.156+0000] {dag.py:3823} INFO - Setting next_dagrun for dataset_produces_2 to None, run_after=None
[2025-12-06T09:23:11.208+0000] {processor.py:183} INFO - Processing /home/airflow/.local/lib/python3.8/site-packages/airflow/example_dags/example_datasets.py took 0.199 seconds
[2025-12-06T09:23:41.376+0000] {processor.py:161} INFO - Started process (PID=3297) to work on /home/airflow/.local/lib/python3.8/site-packages/airflow/example_dags/example_datasets.py
[2025-12-06T09:23:41.377+0000] {processor.py:830} INFO - Processing file /home/airflow/.local/lib/python3.8/site-packages/airflow/example_dags/example_datasets.py for tasks to queue
[2025-12-06T09:23:41.381+0000] {logging_mixin.py:188} INFO - [2025-12-06T09:23:41.380+0000] {dagbag.py:538} INFO - Filling up the DagBag from /home/airflow/.local/lib/python3.8/site-packages/airflow/example_dags/example_datasets.py
[2025-12-06T09:23:41.397+0000] {processor.py:840} INFO - DAG(s) 'dataset_consumes_1_and_2', 'dataset_produces_1', 'dataset_consumes_1', 'dataset_consumes_unknown_never_scheduled', 'dataset_produces_2', 'dataset_consumes_1_never_scheduled' retrieved from /home/airflow/.local/lib/python3.8/site-packages/airflow/example_dags/example_datasets.py
[2025-12-06T09:23:41.453+0000] {logging_mixin.py:188} INFO - [2025-12-06T09:23:41.453+0000] {dag.py:3036} INFO - Sync 6 DAGs
[2025-12-06T09:23:41.486+0000] {logging_mixin.py:188} INFO - [2025-12-06T09:23:41.486+0000] {dag.py:3823} INFO - Setting next_dagrun for dataset_consumes_1 to None, run_after=None
[2025-12-06T09:23:41.493+0000] {logging_mixin.py:188} INFO - [2025-12-06T09:23:41.493+0000] {dag.py:3823} INFO - Setting next_dagrun for dataset_consumes_1_and_2 to None, run_after=None
[2025-12-06T09:23:41.497+0000] {logging_mixin.py:188} INFO - [2025-12-06T09:23:41.497+0000] {dag.py:3823} INFO - Setting next_dagrun for dataset_consumes_1_never_scheduled to None, run_after=None
[2025-12-06T09:23:41.500+0000] {logging_mixin.py:188} INFO - [2025-12-06T09:23:41.499+0000] {dag.py:3823} INFO - Setting next_dagrun for dataset_consumes_unknown_never_scheduled to None, run_after=None
[2025-12-06T09:23:41.504+0000] {logging_mixin.py:188} INFO - [2025-12-06T09:23:41.504+0000] {dag.py:3823} INFO - Setting next_dagrun for dataset_produces_1 to 2025-12-05 00:00:00+00:00, run_after=2025-12-06 00:00:00+00:00
[2025-12-06T09:23:41.506+0000] {logging_mixin.py:188} INFO - [2025-12-06T09:23:41.506+0000] {dag.py:3823} INFO - Setting next_dagrun for dataset_produces_2 to None, run_after=None
[2025-12-06T09:23:41.563+0000] {processor.py:183} INFO - Processing /home/airflow/.local/lib/python3.8/site-packages/airflow/example_dags/example_datasets.py took 0.193 seconds
[2025-12-06T09:24:11.657+0000] {processor.py:161} INFO - Started process (PID=3356) to work on /home/airflow/.local/lib/python3.8/site-packages/airflow/example_dags/example_datasets.py
[2025-12-06T09:24:11.658+0000] {processor.py:830} INFO - Processing file /home/airflow/.local/lib/python3.8/site-packages/airflow/example_dags/example_datasets.py for tasks to queue
[2025-12-06T09:24:11.661+0000] {logging_mixin.py:188} INFO - [2025-12-06T09:24:11.661+0000] {dagbag.py:538} INFO - Filling up the DagBag from /home/airflow/.local/lib/python3.8/site-packages/airflow/example_dags/example_datasets.py
[2025-12-06T09:24:11.682+0000] {processor.py:840} INFO - DAG(s) 'dataset_produces_1', 'dataset_consumes_1', 'dataset_produces_2', 'dataset_consumes_1_never_scheduled', 'dataset_consumes_1_and_2', 'dataset_consumes_unknown_never_scheduled' retrieved from /home/airflow/.local/lib/python3.8/site-packages/airflow/example_dags/example_datasets.py
[2025-12-06T09:24:11.739+0000] {logging_mixin.py:188} INFO - [2025-12-06T09:24:11.738+0000] {dag.py:3036} INFO - Sync 6 DAGs
[2025-12-06T09:24:11.772+0000] {logging_mixin.py:188} INFO - [2025-12-06T09:24:11.771+0000] {dag.py:3823} INFO - Setting next_dagrun for dataset_consumes_1 to None, run_after=None
[2025-12-06T09:24:11.779+0000] {logging_mixin.py:188} INFO - [2025-12-06T09:24:11.779+0000] {dag.py:3823} INFO - Setting next_dagrun for dataset_consumes_1_and_2 to None, run_after=None
[2025-12-06T09:24:11.784+0000] {logging_mixin.py:188} INFO - [2025-12-06T09:24:11.783+0000] {dag.py:3823} INFO - Setting next_dagrun for dataset_consumes_1_never_scheduled to None, run_after=None
[2025-12-06T09:24:11.787+0000] {logging_mixin.py:188} INFO - [2025-12-06T09:24:11.786+0000] {dag.py:3823} INFO - Setting next_dagrun for dataset_consumes_unknown_never_scheduled to None, run_after=None
[2025-12-06T09:24:11.790+0000] {logging_mixin.py:188} INFO - [2025-12-06T09:24:11.790+0000] {dag.py:3823} INFO - Setting next_dagrun for dataset_produces_1 to 2025-12-05 00:00:00+00:00, run_after=2025-12-06 00:00:00+00:00
[2025-12-06T09:24:11.793+0000] {logging_mixin.py:188} INFO - [2025-12-06T09:24:11.793+0000] {dag.py:3823} INFO - Setting next_dagrun for dataset_produces_2 to None, run_after=None
[2025-12-06T09:24:11.851+0000] {processor.py:183} INFO - Processing /home/airflow/.local/lib/python3.8/site-packages/airflow/example_dags/example_datasets.py took 0.199 seconds
[2025-12-06T09:24:42.470+0000] {processor.py:161} INFO - Started process (PID=3415) to work on /home/airflow/.local/lib/python3.8/site-packages/airflow/example_dags/example_datasets.py
[2025-12-06T09:24:42.473+0000] {processor.py:830} INFO - Processing file /home/airflow/.local/lib/python3.8/site-packages/airflow/example_dags/example_datasets.py for tasks to queue
[2025-12-06T09:24:42.476+0000] {logging_mixin.py:188} INFO - [2025-12-06T09:24:42.475+0000] {dagbag.py:538} INFO - Filling up the DagBag from /home/airflow/.local/lib/python3.8/site-packages/airflow/example_dags/example_datasets.py
[2025-12-06T09:24:42.490+0000] {processor.py:840} INFO - DAG(s) 'dataset_produces_2', 'dataset_produces_1', 'dataset_consumes_unknown_never_scheduled', 'dataset_consumes_1', 'dataset_consumes_1_never_scheduled', 'dataset_consumes_1_and_2' retrieved from /home/airflow/.local/lib/python3.8/site-packages/airflow/example_dags/example_datasets.py
[2025-12-06T09:24:42.553+0000] {logging_mixin.py:188} INFO - [2025-12-06T09:24:42.552+0000] {dag.py:3036} INFO - Sync 6 DAGs
[2025-12-06T09:24:42.586+0000] {logging_mixin.py:188} INFO - [2025-12-06T09:24:42.585+0000] {dag.py:3823} INFO - Setting next_dagrun for dataset_consumes_1 to None, run_after=None
[2025-12-06T09:24:42.594+0000] {logging_mixin.py:188} INFO - [2025-12-06T09:24:42.594+0000] {dag.py:3823} INFO - Setting next_dagrun for dataset_consumes_1_and_2 to None, run_after=None
[2025-12-06T09:24:42.597+0000] {logging_mixin.py:188} INFO - [2025-12-06T09:24:42.596+0000] {dag.py:3823} INFO - Setting next_dagrun for dataset_consumes_1_never_scheduled to None, run_after=None
[2025-12-06T09:24:42.599+0000] {logging_mixin.py:188} INFO - [2025-12-06T09:24:42.598+0000] {dag.py:3823} INFO - Setting next_dagrun for dataset_consumes_unknown_never_scheduled to None, run_after=None
[2025-12-06T09:24:42.603+0000] {logging_mixin.py:188} INFO - [2025-12-06T09:24:42.603+0000] {dag.py:3823} INFO - Setting next_dagrun for dataset_produces_1 to 2025-12-05 00:00:00+00:00, run_after=2025-12-06 00:00:00+00:00
[2025-12-06T09:24:42.605+0000] {logging_mixin.py:188} INFO - [2025-12-06T09:24:42.605+0000] {dag.py:3823} INFO - Setting next_dagrun for dataset_produces_2 to None, run_after=None
[2025-12-06T09:24:42.667+0000] {processor.py:183} INFO - Processing /home/airflow/.local/lib/python3.8/site-packages/airflow/example_dags/example_datasets.py took 0.202 seconds
[2025-12-06T09:25:12.976+0000] {processor.py:161} INFO - Started process (PID=3474) to work on /home/airflow/.local/lib/python3.8/site-packages/airflow/example_dags/example_datasets.py
[2025-12-06T09:25:12.981+0000] {processor.py:830} INFO - Processing file /home/airflow/.local/lib/python3.8/site-packages/airflow/example_dags/example_datasets.py for tasks to queue
[2025-12-06T09:25:12.988+0000] {logging_mixin.py:188} INFO - [2025-12-06T09:25:12.987+0000] {dagbag.py:538} INFO - Filling up the DagBag from /home/airflow/.local/lib/python3.8/site-packages/airflow/example_dags/example_datasets.py
[2025-12-06T09:25:13.005+0000] {processor.py:840} INFO - DAG(s) 'dataset_produces_2', 'dataset_consumes_unknown_never_scheduled', 'dataset_consumes_1_never_scheduled', 'dataset_produces_1', 'dataset_consumes_1', 'dataset_consumes_1_and_2' retrieved from /home/airflow/.local/lib/python3.8/site-packages/airflow/example_dags/example_datasets.py
[2025-12-06T09:25:13.068+0000] {logging_mixin.py:188} INFO - [2025-12-06T09:25:13.067+0000] {dag.py:3036} INFO - Sync 6 DAGs
[2025-12-06T09:25:13.106+0000] {logging_mixin.py:188} INFO - [2025-12-06T09:25:13.106+0000] {dag.py:3823} INFO - Setting next_dagrun for dataset_consumes_1 to None, run_after=None
[2025-12-06T09:25:13.112+0000] {logging_mixin.py:188} INFO - [2025-12-06T09:25:13.112+0000] {dag.py:3823} INFO - Setting next_dagrun for dataset_consumes_1_and_2 to None, run_after=None
[2025-12-06T09:25:13.115+0000] {logging_mixin.py:188} INFO - [2025-12-06T09:25:13.115+0000] {dag.py:3823} INFO - Setting next_dagrun for dataset_consumes_1_never_scheduled to None, run_after=None
[2025-12-06T09:25:13.118+0000] {logging_mixin.py:188} INFO - [2025-12-06T09:25:13.118+0000] {dag.py:3823} INFO - Setting next_dagrun for dataset_consumes_unknown_never_scheduled to None, run_after=None
[2025-12-06T09:25:13.124+0000] {logging_mixin.py:188} INFO - [2025-12-06T09:25:13.124+0000] {dag.py:3823} INFO - Setting next_dagrun for dataset_produces_1 to 2025-12-05 00:00:00+00:00, run_after=2025-12-06 00:00:00+00:00
[2025-12-06T09:25:13.127+0000] {logging_mixin.py:188} INFO - [2025-12-06T09:25:13.127+0000] {dag.py:3823} INFO - Setting next_dagrun for dataset_produces_2 to None, run_after=None
[2025-12-06T09:25:13.185+0000] {processor.py:183} INFO - Processing /home/airflow/.local/lib/python3.8/site-packages/airflow/example_dags/example_datasets.py took 0.216 seconds
[2025-12-06T09:25:43.453+0000] {processor.py:161} INFO - Started process (PID=3533) to work on /home/airflow/.local/lib/python3.8/site-packages/airflow/example_dags/example_datasets.py
[2025-12-06T09:25:43.455+0000] {processor.py:830} INFO - Processing file /home/airflow/.local/lib/python3.8/site-packages/airflow/example_dags/example_datasets.py for tasks to queue
[2025-12-06T09:25:43.457+0000] {logging_mixin.py:188} INFO - [2025-12-06T09:25:43.457+0000] {dagbag.py:538} INFO - Filling up the DagBag from /home/airflow/.local/lib/python3.8/site-packages/airflow/example_dags/example_datasets.py
[2025-12-06T09:25:43.472+0000] {processor.py:840} INFO - DAG(s) 'dataset_consumes_1_and_2', 'dataset_consumes_1_never_scheduled', 'dataset_produces_1', 'dataset_consumes_1', 'dataset_produces_2', 'dataset_consumes_unknown_never_scheduled' retrieved from /home/airflow/.local/lib/python3.8/site-packages/airflow/example_dags/example_datasets.py
[2025-12-06T09:25:43.533+0000] {logging_mixin.py:188} INFO - [2025-12-06T09:25:43.533+0000] {dag.py:3036} INFO - Sync 6 DAGs
[2025-12-06T09:25:43.568+0000] {logging_mixin.py:188} INFO - [2025-12-06T09:25:43.568+0000] {dag.py:3823} INFO - Setting next_dagrun for dataset_consumes_1 to None, run_after=None
[2025-12-06T09:25:43.574+0000] {logging_mixin.py:188} INFO - [2025-12-06T09:25:43.574+0000] {dag.py:3823} INFO - Setting next_dagrun for dataset_consumes_1_and_2 to None, run_after=None
[2025-12-06T09:25:43.577+0000] {logging_mixin.py:188} INFO - [2025-12-06T09:25:43.577+0000] {dag.py:3823} INFO - Setting next_dagrun for dataset_consumes_1_never_scheduled to None, run_after=None
[2025-12-06T09:25:43.580+0000] {logging_mixin.py:188} INFO - [2025-12-06T09:25:43.579+0000] {dag.py:3823} INFO - Setting next_dagrun for dataset_consumes_unknown_never_scheduled to None, run_after=None
[2025-12-06T09:25:43.587+0000] {logging_mixin.py:188} INFO - [2025-12-06T09:25:43.587+0000] {dag.py:3823} INFO - Setting next_dagrun for dataset_produces_1 to 2025-12-05 00:00:00+00:00, run_after=2025-12-06 00:00:00+00:00
[2025-12-06T09:25:43.595+0000] {logging_mixin.py:188} INFO - [2025-12-06T09:25:43.595+0000] {dag.py:3823} INFO - Setting next_dagrun for dataset_produces_2 to None, run_after=None
[2025-12-06T09:25:43.652+0000] {processor.py:183} INFO - Processing /home/airflow/.local/lib/python3.8/site-packages/airflow/example_dags/example_datasets.py took 0.204 seconds
[2025-12-06T09:26:14.199+0000] {processor.py:161} INFO - Started process (PID=3592) to work on /home/airflow/.local/lib/python3.8/site-packages/airflow/example_dags/example_datasets.py
[2025-12-06T09:26:14.201+0000] {processor.py:830} INFO - Processing file /home/airflow/.local/lib/python3.8/site-packages/airflow/example_dags/example_datasets.py for tasks to queue
[2025-12-06T09:26:14.205+0000] {logging_mixin.py:188} INFO - [2025-12-06T09:26:14.205+0000] {dagbag.py:538} INFO - Filling up the DagBag from /home/airflow/.local/lib/python3.8/site-packages/airflow/example_dags/example_datasets.py
[2025-12-06T09:26:14.219+0000] {processor.py:840} INFO - DAG(s) 'dataset_produces_1', 'dataset_consumes_unknown_never_scheduled', 'dataset_consumes_1_and_2', 'dataset_produces_2', 'dataset_consumes_1', 'dataset_consumes_1_never_scheduled' retrieved from /home/airflow/.local/lib/python3.8/site-packages/airflow/example_dags/example_datasets.py
[2025-12-06T09:26:14.274+0000] {logging_mixin.py:188} INFO - [2025-12-06T09:26:14.273+0000] {dag.py:3036} INFO - Sync 6 DAGs
[2025-12-06T09:26:14.307+0000] {logging_mixin.py:188} INFO - [2025-12-06T09:26:14.306+0000] {dag.py:3823} INFO - Setting next_dagrun for dataset_consumes_1 to None, run_after=None
[2025-12-06T09:26:14.312+0000] {logging_mixin.py:188} INFO - [2025-12-06T09:26:14.311+0000] {dag.py:3823} INFO - Setting next_dagrun for dataset_consumes_1_and_2 to None, run_after=None
[2025-12-06T09:26:14.315+0000] {logging_mixin.py:188} INFO - [2025-12-06T09:26:14.315+0000] {dag.py:3823} INFO - Setting next_dagrun for dataset_consumes_1_never_scheduled to None, run_after=None
[2025-12-06T09:26:14.318+0000] {logging_mixin.py:188} INFO - [2025-12-06T09:26:14.317+0000] {dag.py:3823} INFO - Setting next_dagrun for dataset_consumes_unknown_never_scheduled to None, run_after=None
[2025-12-06T09:26:14.323+0000] {logging_mixin.py:188} INFO - [2025-12-06T09:26:14.323+0000] {dag.py:3823} INFO - Setting next_dagrun for dataset_produces_1 to 2025-12-05 00:00:00+00:00, run_after=2025-12-06 00:00:00+00:00
[2025-12-06T09:26:14.326+0000] {logging_mixin.py:188} INFO - [2025-12-06T09:26:14.325+0000] {dag.py:3823} INFO - Setting next_dagrun for dataset_produces_2 to None, run_after=None
[2025-12-06T09:26:14.381+0000] {processor.py:183} INFO - Processing /home/airflow/.local/lib/python3.8/site-packages/airflow/example_dags/example_datasets.py took 0.187 seconds
[2025-12-06T09:26:44.875+0000] {processor.py:161} INFO - Started process (PID=3651) to work on /home/airflow/.local/lib/python3.8/site-packages/airflow/example_dags/example_datasets.py
[2025-12-06T09:26:44.877+0000] {processor.py:830} INFO - Processing file /home/airflow/.local/lib/python3.8/site-packages/airflow/example_dags/example_datasets.py for tasks to queue
[2025-12-06T09:26:44.880+0000] {logging_mixin.py:188} INFO - [2025-12-06T09:26:44.879+0000] {dagbag.py:538} INFO - Filling up the DagBag from /home/airflow/.local/lib/python3.8/site-packages/airflow/example_dags/example_datasets.py
[2025-12-06T09:26:44.894+0000] {processor.py:840} INFO - DAG(s) 'dataset_consumes_1_and_2', 'dataset_consumes_1_never_scheduled', 'dataset_produces_1', 'dataset_consumes_1', 'dataset_consumes_unknown_never_scheduled', 'dataset_produces_2' retrieved from /home/airflow/.local/lib/python3.8/site-packages/airflow/example_dags/example_datasets.py
[2025-12-06T09:26:44.954+0000] {logging_mixin.py:188} INFO - [2025-12-06T09:26:44.953+0000] {dag.py:3036} INFO - Sync 6 DAGs
[2025-12-06T09:26:44.986+0000] {logging_mixin.py:188} INFO - [2025-12-06T09:26:44.986+0000] {dag.py:3823} INFO - Setting next_dagrun for dataset_consumes_1 to None, run_after=None
[2025-12-06T09:26:44.993+0000] {logging_mixin.py:188} INFO - [2025-12-06T09:26:44.992+0000] {dag.py:3823} INFO - Setting next_dagrun for dataset_consumes_1_and_2 to None, run_after=None
[2025-12-06T09:26:44.995+0000] {logging_mixin.py:188} INFO - [2025-12-06T09:26:44.995+0000] {dag.py:3823} INFO - Setting next_dagrun for dataset_consumes_1_never_scheduled to None, run_after=None
[2025-12-06T09:26:44.998+0000] {logging_mixin.py:188} INFO - [2025-12-06T09:26:44.998+0000] {dag.py:3823} INFO - Setting next_dagrun for dataset_consumes_unknown_never_scheduled to None, run_after=None
[2025-12-06T09:26:45.004+0000] {logging_mixin.py:188} INFO - [2025-12-06T09:26:45.003+0000] {dag.py:3823} INFO - Setting next_dagrun for dataset_produces_1 to 2025-12-05 00:00:00+00:00, run_after=2025-12-06 00:00:00+00:00
[2025-12-06T09:26:45.007+0000] {logging_mixin.py:188} INFO - [2025-12-06T09:26:45.006+0000] {dag.py:3823} INFO - Setting next_dagrun for dataset_produces_2 to None, run_after=None
[2025-12-06T09:26:45.067+0000] {processor.py:183} INFO - Processing /home/airflow/.local/lib/python3.8/site-packages/airflow/example_dags/example_datasets.py took 0.198 seconds
[2025-12-06T09:27:15.217+0000] {processor.py:161} INFO - Started process (PID=3711) to work on /home/airflow/.local/lib/python3.8/site-packages/airflow/example_dags/example_datasets.py
[2025-12-06T09:27:15.218+0000] {processor.py:830} INFO - Processing file /home/airflow/.local/lib/python3.8/site-packages/airflow/example_dags/example_datasets.py for tasks to queue
[2025-12-06T09:27:15.221+0000] {logging_mixin.py:188} INFO - [2025-12-06T09:27:15.221+0000] {dagbag.py:538} INFO - Filling up the DagBag from /home/airflow/.local/lib/python3.8/site-packages/airflow/example_dags/example_datasets.py
[2025-12-06T09:27:15.239+0000] {processor.py:840} INFO - DAG(s) 'dataset_consumes_1_never_scheduled', 'dataset_consumes_unknown_never_scheduled', 'dataset_consumes_1', 'dataset_produces_1', 'dataset_consumes_1_and_2', 'dataset_produces_2' retrieved from /home/airflow/.local/lib/python3.8/site-packages/airflow/example_dags/example_datasets.py
[2025-12-06T09:27:15.304+0000] {logging_mixin.py:188} INFO - [2025-12-06T09:27:15.304+0000] {dag.py:3036} INFO - Sync 6 DAGs
[2025-12-06T09:27:15.337+0000] {logging_mixin.py:188} INFO - [2025-12-06T09:27:15.336+0000] {dag.py:3823} INFO - Setting next_dagrun for dataset_consumes_1 to None, run_after=None
[2025-12-06T09:27:15.342+0000] {logging_mixin.py:188} INFO - [2025-12-06T09:27:15.341+0000] {dag.py:3823} INFO - Setting next_dagrun for dataset_consumes_1_and_2 to None, run_after=None
[2025-12-06T09:27:15.344+0000] {logging_mixin.py:188} INFO - [2025-12-06T09:27:15.343+0000] {dag.py:3823} INFO - Setting next_dagrun for dataset_consumes_1_never_scheduled to None, run_after=None
[2025-12-06T09:27:15.348+0000] {logging_mixin.py:188} INFO - [2025-12-06T09:27:15.348+0000] {dag.py:3823} INFO - Setting next_dagrun for dataset_consumes_unknown_never_scheduled to None, run_after=None
[2025-12-06T09:27:15.354+0000] {logging_mixin.py:188} INFO - [2025-12-06T09:27:15.353+0000] {dag.py:3823} INFO - Setting next_dagrun for dataset_produces_1 to 2025-12-05 00:00:00+00:00, run_after=2025-12-06 00:00:00+00:00
[2025-12-06T09:27:15.357+0000] {logging_mixin.py:188} INFO - [2025-12-06T09:27:15.357+0000] {dag.py:3823} INFO - Setting next_dagrun for dataset_produces_2 to None, run_after=None
[2025-12-06T09:27:15.421+0000] {processor.py:183} INFO - Processing /home/airflow/.local/lib/python3.8/site-packages/airflow/example_dags/example_datasets.py took 0.208 seconds
[2025-12-06T09:27:45.523+0000] {processor.py:161} INFO - Started process (PID=3771) to work on /home/airflow/.local/lib/python3.8/site-packages/airflow/example_dags/example_datasets.py
[2025-12-06T09:27:45.524+0000] {processor.py:830} INFO - Processing file /home/airflow/.local/lib/python3.8/site-packages/airflow/example_dags/example_datasets.py for tasks to queue
[2025-12-06T09:27:45.527+0000] {logging_mixin.py:188} INFO - [2025-12-06T09:27:45.526+0000] {dagbag.py:538} INFO - Filling up the DagBag from /home/airflow/.local/lib/python3.8/site-packages/airflow/example_dags/example_datasets.py
[2025-12-06T09:27:45.540+0000] {processor.py:840} INFO - DAG(s) 'dataset_consumes_unknown_never_scheduled', 'dataset_produces_1', 'dataset_consumes_1_and_2', 'dataset_produces_2', 'dataset_consumes_1', 'dataset_consumes_1_never_scheduled' retrieved from /home/airflow/.local/lib/python3.8/site-packages/airflow/example_dags/example_datasets.py
[2025-12-06T09:27:45.600+0000] {logging_mixin.py:188} INFO - [2025-12-06T09:27:45.600+0000] {dag.py:3036} INFO - Sync 6 DAGs
[2025-12-06T09:27:45.636+0000] {logging_mixin.py:188} INFO - [2025-12-06T09:27:45.636+0000] {dag.py:3823} INFO - Setting next_dagrun for dataset_consumes_1 to None, run_after=None
[2025-12-06T09:27:45.643+0000] {logging_mixin.py:188} INFO - [2025-12-06T09:27:45.642+0000] {dag.py:3823} INFO - Setting next_dagrun for dataset_consumes_1_and_2 to None, run_after=None
[2025-12-06T09:27:45.645+0000] {logging_mixin.py:188} INFO - [2025-12-06T09:27:45.645+0000] {dag.py:3823} INFO - Setting next_dagrun for dataset_consumes_1_never_scheduled to None, run_after=None
[2025-12-06T09:27:45.648+0000] {logging_mixin.py:188} INFO - [2025-12-06T09:27:45.648+0000] {dag.py:3823} INFO - Setting next_dagrun for dataset_consumes_unknown_never_scheduled to None, run_after=None
[2025-12-06T09:27:45.653+0000] {logging_mixin.py:188} INFO - [2025-12-06T09:27:45.653+0000] {dag.py:3823} INFO - Setting next_dagrun for dataset_produces_1 to 2025-12-05 00:00:00+00:00, run_after=2025-12-06 00:00:00+00:00
[2025-12-06T09:27:45.655+0000] {logging_mixin.py:188} INFO - [2025-12-06T09:27:45.655+0000] {dag.py:3823} INFO - Setting next_dagrun for dataset_produces_2 to None, run_after=None
[2025-12-06T09:27:45.716+0000] {processor.py:183} INFO - Processing /home/airflow/.local/lib/python3.8/site-packages/airflow/example_dags/example_datasets.py took 0.197 seconds
[2025-12-06T09:28:15.798+0000] {processor.py:161} INFO - Started process (PID=3828) to work on /home/airflow/.local/lib/python3.8/site-packages/airflow/example_dags/example_datasets.py
[2025-12-06T09:28:15.800+0000] {processor.py:830} INFO - Processing file /home/airflow/.local/lib/python3.8/site-packages/airflow/example_dags/example_datasets.py for tasks to queue
[2025-12-06T09:28:15.803+0000] {logging_mixin.py:188} INFO - [2025-12-06T09:28:15.803+0000] {dagbag.py:538} INFO - Filling up the DagBag from /home/airflow/.local/lib/python3.8/site-packages/airflow/example_dags/example_datasets.py
[2025-12-06T09:28:15.817+0000] {processor.py:840} INFO - DAG(s) 'dataset_consumes_1', 'dataset_produces_1', 'dataset_consumes_1_never_scheduled', 'dataset_produces_2', 'dataset_consumes_unknown_never_scheduled', 'dataset_consumes_1_and_2' retrieved from /home/airflow/.local/lib/python3.8/site-packages/airflow/example_dags/example_datasets.py
[2025-12-06T09:28:15.886+0000] {logging_mixin.py:188} INFO - [2025-12-06T09:28:15.886+0000] {dag.py:3036} INFO - Sync 6 DAGs
[2025-12-06T09:28:15.925+0000] {logging_mixin.py:188} INFO - [2025-12-06T09:28:15.925+0000] {dag.py:3823} INFO - Setting next_dagrun for dataset_consumes_1 to None, run_after=None
[2025-12-06T09:28:15.933+0000] {logging_mixin.py:188} INFO - [2025-12-06T09:28:15.932+0000] {dag.py:3823} INFO - Setting next_dagrun for dataset_consumes_1_and_2 to None, run_after=None
[2025-12-06T09:28:15.938+0000] {logging_mixin.py:188} INFO - [2025-12-06T09:28:15.937+0000] {dag.py:3823} INFO - Setting next_dagrun for dataset_consumes_1_never_scheduled to None, run_after=None
[2025-12-06T09:28:15.941+0000] {logging_mixin.py:188} INFO - [2025-12-06T09:28:15.941+0000] {dag.py:3823} INFO - Setting next_dagrun for dataset_consumes_unknown_never_scheduled to None, run_after=None
[2025-12-06T09:28:15.948+0000] {logging_mixin.py:188} INFO - [2025-12-06T09:28:15.948+0000] {dag.py:3823} INFO - Setting next_dagrun for dataset_produces_1 to 2025-12-05 00:00:00+00:00, run_after=2025-12-06 00:00:00+00:00
[2025-12-06T09:28:15.952+0000] {logging_mixin.py:188} INFO - [2025-12-06T09:28:15.952+0000] {dag.py:3823} INFO - Setting next_dagrun for dataset_produces_2 to None, run_after=None
[2025-12-06T09:28:16.022+0000] {processor.py:183} INFO - Processing /home/airflow/.local/lib/python3.8/site-packages/airflow/example_dags/example_datasets.py took 0.230 seconds
[2025-12-06T09:28:46.160+0000] {processor.py:161} INFO - Started process (PID=3888) to work on /home/airflow/.local/lib/python3.8/site-packages/airflow/example_dags/example_datasets.py
[2025-12-06T09:28:46.162+0000] {processor.py:830} INFO - Processing file /home/airflow/.local/lib/python3.8/site-packages/airflow/example_dags/example_datasets.py for tasks to queue
[2025-12-06T09:28:46.165+0000] {logging_mixin.py:188} INFO - [2025-12-06T09:28:46.164+0000] {dagbag.py:538} INFO - Filling up the DagBag from /home/airflow/.local/lib/python3.8/site-packages/airflow/example_dags/example_datasets.py
[2025-12-06T09:28:46.179+0000] {processor.py:840} INFO - DAG(s) 'dataset_consumes_unknown_never_scheduled', 'dataset_consumes_1_never_scheduled', 'dataset_produces_2', 'dataset_consumes_1_and_2', 'dataset_produces_1', 'dataset_consumes_1' retrieved from /home/airflow/.local/lib/python3.8/site-packages/airflow/example_dags/example_datasets.py
[2025-12-06T09:28:46.234+0000] {logging_mixin.py:188} INFO - [2025-12-06T09:28:46.233+0000] {dag.py:3036} INFO - Sync 6 DAGs
[2025-12-06T09:28:46.267+0000] {logging_mixin.py:188} INFO - [2025-12-06T09:28:46.266+0000] {dag.py:3823} INFO - Setting next_dagrun for dataset_consumes_1 to None, run_after=None
[2025-12-06T09:28:46.273+0000] {logging_mixin.py:188} INFO - [2025-12-06T09:28:46.273+0000] {dag.py:3823} INFO - Setting next_dagrun for dataset_consumes_1_and_2 to None, run_after=None
[2025-12-06T09:28:46.276+0000] {logging_mixin.py:188} INFO - [2025-12-06T09:28:46.275+0000] {dag.py:3823} INFO - Setting next_dagrun for dataset_consumes_1_never_scheduled to None, run_after=None
[2025-12-06T09:28:46.278+0000] {logging_mixin.py:188} INFO - [2025-12-06T09:28:46.278+0000] {dag.py:3823} INFO - Setting next_dagrun for dataset_consumes_unknown_never_scheduled to None, run_after=None
[2025-12-06T09:28:46.284+0000] {logging_mixin.py:188} INFO - [2025-12-06T09:28:46.283+0000] {dag.py:3823} INFO - Setting next_dagrun for dataset_produces_1 to 2025-12-05 00:00:00+00:00, run_after=2025-12-06 00:00:00+00:00
[2025-12-06T09:28:46.287+0000] {logging_mixin.py:188} INFO - [2025-12-06T09:28:46.286+0000] {dag.py:3823} INFO - Setting next_dagrun for dataset_produces_2 to None, run_after=None
[2025-12-06T09:28:46.347+0000] {processor.py:183} INFO - Processing /home/airflow/.local/lib/python3.8/site-packages/airflow/example_dags/example_datasets.py took 0.192 seconds
[2025-12-06T09:29:16.428+0000] {processor.py:161} INFO - Started process (PID=3947) to work on /home/airflow/.local/lib/python3.8/site-packages/airflow/example_dags/example_datasets.py
[2025-12-06T09:29:16.429+0000] {processor.py:830} INFO - Processing file /home/airflow/.local/lib/python3.8/site-packages/airflow/example_dags/example_datasets.py for tasks to queue
[2025-12-06T09:29:16.432+0000] {logging_mixin.py:188} INFO - [2025-12-06T09:29:16.431+0000] {dagbag.py:538} INFO - Filling up the DagBag from /home/airflow/.local/lib/python3.8/site-packages/airflow/example_dags/example_datasets.py
[2025-12-06T09:29:16.445+0000] {processor.py:840} INFO - DAG(s) 'dataset_produces_1', 'dataset_consumes_1_and_2', 'dataset_produces_2', 'dataset_consumes_1_never_scheduled', 'dataset_consumes_unknown_never_scheduled', 'dataset_consumes_1' retrieved from /home/airflow/.local/lib/python3.8/site-packages/airflow/example_dags/example_datasets.py
[2025-12-06T09:29:16.504+0000] {logging_mixin.py:188} INFO - [2025-12-06T09:29:16.504+0000] {dag.py:3036} INFO - Sync 6 DAGs
[2025-12-06T09:29:16.538+0000] {logging_mixin.py:188} INFO - [2025-12-06T09:29:16.538+0000] {dag.py:3823} INFO - Setting next_dagrun for dataset_consumes_1 to None, run_after=None
[2025-12-06T09:29:16.544+0000] {logging_mixin.py:188} INFO - [2025-12-06T09:29:16.543+0000] {dag.py:3823} INFO - Setting next_dagrun for dataset_consumes_1_and_2 to None, run_after=None
[2025-12-06T09:29:16.547+0000] {logging_mixin.py:188} INFO - [2025-12-06T09:29:16.546+0000] {dag.py:3823} INFO - Setting next_dagrun for dataset_consumes_1_never_scheduled to None, run_after=None
[2025-12-06T09:29:16.550+0000] {logging_mixin.py:188} INFO - [2025-12-06T09:29:16.549+0000] {dag.py:3823} INFO - Setting next_dagrun for dataset_consumes_unknown_never_scheduled to None, run_after=None
[2025-12-06T09:29:16.554+0000] {logging_mixin.py:188} INFO - [2025-12-06T09:29:16.554+0000] {dag.py:3823} INFO - Setting next_dagrun for dataset_produces_1 to 2025-12-05 00:00:00+00:00, run_after=2025-12-06 00:00:00+00:00
[2025-12-06T09:29:16.557+0000] {logging_mixin.py:188} INFO - [2025-12-06T09:29:16.557+0000] {dag.py:3823} INFO - Setting next_dagrun for dataset_produces_2 to None, run_after=None
[2025-12-06T09:29:16.613+0000] {processor.py:183} INFO - Processing /home/airflow/.local/lib/python3.8/site-packages/airflow/example_dags/example_datasets.py took 0.190 seconds
[2025-12-06T09:29:46.758+0000] {processor.py:161} INFO - Started process (PID=4007) to work on /home/airflow/.local/lib/python3.8/site-packages/airflow/example_dags/example_datasets.py
[2025-12-06T09:29:46.759+0000] {processor.py:830} INFO - Processing file /home/airflow/.local/lib/python3.8/site-packages/airflow/example_dags/example_datasets.py for tasks to queue
[2025-12-06T09:29:46.762+0000] {logging_mixin.py:188} INFO - [2025-12-06T09:29:46.761+0000] {dagbag.py:538} INFO - Filling up the DagBag from /home/airflow/.local/lib/python3.8/site-packages/airflow/example_dags/example_datasets.py
[2025-12-06T09:29:46.774+0000] {processor.py:840} INFO - DAG(s) 'dataset_produces_2', 'dataset_consumes_1_never_scheduled', 'dataset_produces_1', 'dataset_consumes_unknown_never_scheduled', 'dataset_consumes_1_and_2', 'dataset_consumes_1' retrieved from /home/airflow/.local/lib/python3.8/site-packages/airflow/example_dags/example_datasets.py
[2025-12-06T09:29:46.832+0000] {logging_mixin.py:188} INFO - [2025-12-06T09:29:46.832+0000] {dag.py:3036} INFO - Sync 6 DAGs
[2025-12-06T09:29:46.867+0000] {logging_mixin.py:188} INFO - [2025-12-06T09:29:46.867+0000] {dag.py:3823} INFO - Setting next_dagrun for dataset_consumes_1 to None, run_after=None
[2025-12-06T09:29:46.873+0000] {logging_mixin.py:188} INFO - [2025-12-06T09:29:46.873+0000] {dag.py:3823} INFO - Setting next_dagrun for dataset_consumes_1_and_2 to None, run_after=None
[2025-12-06T09:29:46.877+0000] {logging_mixin.py:188} INFO - [2025-12-06T09:29:46.876+0000] {dag.py:3823} INFO - Setting next_dagrun for dataset_consumes_1_never_scheduled to None, run_after=None
[2025-12-06T09:29:46.879+0000] {logging_mixin.py:188} INFO - [2025-12-06T09:29:46.879+0000] {dag.py:3823} INFO - Setting next_dagrun for dataset_consumes_unknown_never_scheduled to None, run_after=None
[2025-12-06T09:29:46.883+0000] {logging_mixin.py:188} INFO - [2025-12-06T09:29:46.883+0000] {dag.py:3823} INFO - Setting next_dagrun for dataset_produces_1 to 2025-12-05 00:00:00+00:00, run_after=2025-12-06 00:00:00+00:00
[2025-12-06T09:29:46.886+0000] {logging_mixin.py:188} INFO - [2025-12-06T09:29:46.885+0000] {dag.py:3823} INFO - Setting next_dagrun for dataset_produces_2 to None, run_after=None
[2025-12-06T09:29:46.935+0000] {processor.py:183} INFO - Processing /home/airflow/.local/lib/python3.8/site-packages/airflow/example_dags/example_datasets.py took 0.181 seconds
[2025-12-06T09:30:17.123+0000] {processor.py:161} INFO - Started process (PID=4064) to work on /home/airflow/.local/lib/python3.8/site-packages/airflow/example_dags/example_datasets.py
[2025-12-06T09:30:17.124+0000] {processor.py:830} INFO - Processing file /home/airflow/.local/lib/python3.8/site-packages/airflow/example_dags/example_datasets.py for tasks to queue
[2025-12-06T09:30:17.128+0000] {logging_mixin.py:188} INFO - [2025-12-06T09:30:17.127+0000] {dagbag.py:538} INFO - Filling up the DagBag from /home/airflow/.local/lib/python3.8/site-packages/airflow/example_dags/example_datasets.py
[2025-12-06T09:30:17.142+0000] {processor.py:840} INFO - DAG(s) 'dataset_consumes_1_and_2', 'dataset_produces_1', 'dataset_consumes_1', 'dataset_produces_2', 'dataset_consumes_1_never_scheduled', 'dataset_consumes_unknown_never_scheduled' retrieved from /home/airflow/.local/lib/python3.8/site-packages/airflow/example_dags/example_datasets.py
[2025-12-06T09:30:17.195+0000] {logging_mixin.py:188} INFO - [2025-12-06T09:30:17.195+0000] {dag.py:3036} INFO - Sync 6 DAGs
[2025-12-06T09:30:17.228+0000] {logging_mixin.py:188} INFO - [2025-12-06T09:30:17.228+0000] {dag.py:3823} INFO - Setting next_dagrun for dataset_consumes_1 to None, run_after=None
[2025-12-06T09:30:17.234+0000] {logging_mixin.py:188} INFO - [2025-12-06T09:30:17.234+0000] {dag.py:3823} INFO - Setting next_dagrun for dataset_consumes_1_and_2 to None, run_after=None
[2025-12-06T09:30:17.238+0000] {logging_mixin.py:188} INFO - [2025-12-06T09:30:17.237+0000] {dag.py:3823} INFO - Setting next_dagrun for dataset_consumes_1_never_scheduled to None, run_after=None
[2025-12-06T09:30:17.240+0000] {logging_mixin.py:188} INFO - [2025-12-06T09:30:17.240+0000] {dag.py:3823} INFO - Setting next_dagrun for dataset_consumes_unknown_never_scheduled to None, run_after=None
[2025-12-06T09:30:17.245+0000] {logging_mixin.py:188} INFO - [2025-12-06T09:30:17.245+0000] {dag.py:3823} INFO - Setting next_dagrun for dataset_produces_1 to 2025-12-05 00:00:00+00:00, run_after=2025-12-06 00:00:00+00:00
[2025-12-06T09:30:17.250+0000] {logging_mixin.py:188} INFO - [2025-12-06T09:30:17.250+0000] {dag.py:3823} INFO - Setting next_dagrun for dataset_produces_2 to None, run_after=None
[2025-12-06T09:30:17.302+0000] {processor.py:183} INFO - Processing /home/airflow/.local/lib/python3.8/site-packages/airflow/example_dags/example_datasets.py took 0.184 seconds
[2025-12-06T09:30:47.418+0000] {processor.py:161} INFO - Started process (PID=4124) to work on /home/airflow/.local/lib/python3.8/site-packages/airflow/example_dags/example_datasets.py
[2025-12-06T09:30:47.420+0000] {processor.py:830} INFO - Processing file /home/airflow/.local/lib/python3.8/site-packages/airflow/example_dags/example_datasets.py for tasks to queue
[2025-12-06T09:30:47.423+0000] {logging_mixin.py:188} INFO - [2025-12-06T09:30:47.422+0000] {dagbag.py:538} INFO - Filling up the DagBag from /home/airflow/.local/lib/python3.8/site-packages/airflow/example_dags/example_datasets.py
[2025-12-06T09:30:47.439+0000] {processor.py:840} INFO - DAG(s) 'dataset_consumes_1', 'dataset_consumes_1_never_scheduled', 'dataset_consumes_1_and_2', 'dataset_produces_2', 'dataset_produces_1', 'dataset_consumes_unknown_never_scheduled' retrieved from /home/airflow/.local/lib/python3.8/site-packages/airflow/example_dags/example_datasets.py
[2025-12-06T09:30:47.494+0000] {logging_mixin.py:188} INFO - [2025-12-06T09:30:47.494+0000] {dag.py:3036} INFO - Sync 6 DAGs
[2025-12-06T09:30:47.525+0000] {logging_mixin.py:188} INFO - [2025-12-06T09:30:47.524+0000] {dag.py:3823} INFO - Setting next_dagrun for dataset_consumes_1 to None, run_after=None
[2025-12-06T09:30:47.531+0000] {logging_mixin.py:188} INFO - [2025-12-06T09:30:47.531+0000] {dag.py:3823} INFO - Setting next_dagrun for dataset_consumes_1_and_2 to None, run_after=None
[2025-12-06T09:30:47.534+0000] {logging_mixin.py:188} INFO - [2025-12-06T09:30:47.533+0000] {dag.py:3823} INFO - Setting next_dagrun for dataset_consumes_1_never_scheduled to None, run_after=None
[2025-12-06T09:30:47.536+0000] {logging_mixin.py:188} INFO - [2025-12-06T09:30:47.536+0000] {dag.py:3823} INFO - Setting next_dagrun for dataset_consumes_unknown_never_scheduled to None, run_after=None
[2025-12-06T09:30:47.541+0000] {logging_mixin.py:188} INFO - [2025-12-06T09:30:47.540+0000] {dag.py:3823} INFO - Setting next_dagrun for dataset_produces_1 to 2025-12-05 00:00:00+00:00, run_after=2025-12-06 00:00:00+00:00
[2025-12-06T09:30:47.543+0000] {logging_mixin.py:188} INFO - [2025-12-06T09:30:47.543+0000] {dag.py:3823} INFO - Setting next_dagrun for dataset_produces_2 to None, run_after=None
[2025-12-06T09:30:47.601+0000] {processor.py:183} INFO - Processing /home/airflow/.local/lib/python3.8/site-packages/airflow/example_dags/example_datasets.py took 0.188 seconds
[2025-12-06T09:31:17.774+0000] {processor.py:161} INFO - Started process (PID=4184) to work on /home/airflow/.local/lib/python3.8/site-packages/airflow/example_dags/example_datasets.py
[2025-12-06T09:31:17.776+0000] {processor.py:830} INFO - Processing file /home/airflow/.local/lib/python3.8/site-packages/airflow/example_dags/example_datasets.py for tasks to queue
[2025-12-06T09:31:17.778+0000] {logging_mixin.py:188} INFO - [2025-12-06T09:31:17.778+0000] {dagbag.py:538} INFO - Filling up the DagBag from /home/airflow/.local/lib/python3.8/site-packages/airflow/example_dags/example_datasets.py
[2025-12-06T09:31:17.792+0000] {processor.py:840} INFO - DAG(s) 'dataset_consumes_1_and_2', 'dataset_consumes_1', 'dataset_consumes_1_never_scheduled', 'dataset_consumes_unknown_never_scheduled', 'dataset_produces_2', 'dataset_produces_1' retrieved from /home/airflow/.local/lib/python3.8/site-packages/airflow/example_dags/example_datasets.py
[2025-12-06T09:31:17.850+0000] {logging_mixin.py:188} INFO - [2025-12-06T09:31:17.849+0000] {dag.py:3036} INFO - Sync 6 DAGs
[2025-12-06T09:31:17.884+0000] {logging_mixin.py:188} INFO - [2025-12-06T09:31:17.884+0000] {dag.py:3823} INFO - Setting next_dagrun for dataset_consumes_1 to None, run_after=None
[2025-12-06T09:31:17.890+0000] {logging_mixin.py:188} INFO - [2025-12-06T09:31:17.890+0000] {dag.py:3823} INFO - Setting next_dagrun for dataset_consumes_1_and_2 to None, run_after=None
[2025-12-06T09:31:17.892+0000] {logging_mixin.py:188} INFO - [2025-12-06T09:31:17.892+0000] {dag.py:3823} INFO - Setting next_dagrun for dataset_consumes_1_never_scheduled to None, run_after=None
[2025-12-06T09:31:17.896+0000] {logging_mixin.py:188} INFO - [2025-12-06T09:31:17.896+0000] {dag.py:3823} INFO - Setting next_dagrun for dataset_consumes_unknown_never_scheduled to None, run_after=None
[2025-12-06T09:31:17.901+0000] {logging_mixin.py:188} INFO - [2025-12-06T09:31:17.900+0000] {dag.py:3823} INFO - Setting next_dagrun for dataset_produces_1 to 2025-12-05 00:00:00+00:00, run_after=2025-12-06 00:00:00+00:00
[2025-12-06T09:31:17.904+0000] {logging_mixin.py:188} INFO - [2025-12-06T09:31:17.904+0000] {dag.py:3823} INFO - Setting next_dagrun for dataset_produces_2 to None, run_after=None
[2025-12-06T09:31:17.963+0000] {processor.py:183} INFO - Processing /home/airflow/.local/lib/python3.8/site-packages/airflow/example_dags/example_datasets.py took 0.193 seconds
[2025-12-06T09:31:48.047+0000] {processor.py:161} INFO - Started process (PID=4244) to work on /home/airflow/.local/lib/python3.8/site-packages/airflow/example_dags/example_datasets.py
[2025-12-06T09:31:48.049+0000] {processor.py:830} INFO - Processing file /home/airflow/.local/lib/python3.8/site-packages/airflow/example_dags/example_datasets.py for tasks to queue
[2025-12-06T09:31:48.052+0000] {logging_mixin.py:188} INFO - [2025-12-06T09:31:48.052+0000] {dagbag.py:538} INFO - Filling up the DagBag from /home/airflow/.local/lib/python3.8/site-packages/airflow/example_dags/example_datasets.py
[2025-12-06T09:31:48.068+0000] {processor.py:840} INFO - DAG(s) 'dataset_consumes_1_never_scheduled', 'dataset_consumes_unknown_never_scheduled', 'dataset_consumes_1', 'dataset_produces_2', 'dataset_produces_1', 'dataset_consumes_1_and_2' retrieved from /home/airflow/.local/lib/python3.8/site-packages/airflow/example_dags/example_datasets.py
[2025-12-06T09:31:48.129+0000] {logging_mixin.py:188} INFO - [2025-12-06T09:31:48.128+0000] {dag.py:3036} INFO - Sync 6 DAGs
[2025-12-06T09:31:48.162+0000] {logging_mixin.py:188} INFO - [2025-12-06T09:31:48.161+0000] {dag.py:3823} INFO - Setting next_dagrun for dataset_consumes_1 to None, run_after=None
[2025-12-06T09:31:48.167+0000] {logging_mixin.py:188} INFO - [2025-12-06T09:31:48.166+0000] {dag.py:3823} INFO - Setting next_dagrun for dataset_consumes_1_and_2 to None, run_after=None
[2025-12-06T09:31:48.169+0000] {logging_mixin.py:188} INFO - [2025-12-06T09:31:48.169+0000] {dag.py:3823} INFO - Setting next_dagrun for dataset_consumes_1_never_scheduled to None, run_after=None
[2025-12-06T09:31:48.171+0000] {logging_mixin.py:188} INFO - [2025-12-06T09:31:48.170+0000] {dag.py:3823} INFO - Setting next_dagrun for dataset_consumes_unknown_never_scheduled to None, run_after=None
[2025-12-06T09:31:48.176+0000] {logging_mixin.py:188} INFO - [2025-12-06T09:31:48.175+0000] {dag.py:3823} INFO - Setting next_dagrun for dataset_produces_1 to 2025-12-05 00:00:00+00:00, run_after=2025-12-06 00:00:00+00:00
[2025-12-06T09:31:48.178+0000] {logging_mixin.py:188} INFO - [2025-12-06T09:31:48.178+0000] {dag.py:3823} INFO - Setting next_dagrun for dataset_produces_2 to None, run_after=None
[2025-12-06T09:31:48.227+0000] {processor.py:183} INFO - Processing /home/airflow/.local/lib/python3.8/site-packages/airflow/example_dags/example_datasets.py took 0.186 seconds
[2025-12-06T09:32:18.362+0000] {processor.py:161} INFO - Started process (PID=4303) to work on /home/airflow/.local/lib/python3.8/site-packages/airflow/example_dags/example_datasets.py
[2025-12-06T09:32:18.364+0000] {processor.py:830} INFO - Processing file /home/airflow/.local/lib/python3.8/site-packages/airflow/example_dags/example_datasets.py for tasks to queue
[2025-12-06T09:32:18.367+0000] {logging_mixin.py:188} INFO - [2025-12-06T09:32:18.367+0000] {dagbag.py:538} INFO - Filling up the DagBag from /home/airflow/.local/lib/python3.8/site-packages/airflow/example_dags/example_datasets.py
[2025-12-06T09:32:18.380+0000] {processor.py:840} INFO - DAG(s) 'dataset_consumes_1_and_2', 'dataset_produces_1', 'dataset_consumes_1', 'dataset_consumes_unknown_never_scheduled', 'dataset_produces_2', 'dataset_consumes_1_never_scheduled' retrieved from /home/airflow/.local/lib/python3.8/site-packages/airflow/example_dags/example_datasets.py
[2025-12-06T09:32:18.437+0000] {logging_mixin.py:188} INFO - [2025-12-06T09:32:18.436+0000] {dag.py:3036} INFO - Sync 6 DAGs
[2025-12-06T09:32:18.472+0000] {logging_mixin.py:188} INFO - [2025-12-06T09:32:18.471+0000] {dag.py:3823} INFO - Setting next_dagrun for dataset_consumes_1 to None, run_after=None
[2025-12-06T09:32:18.477+0000] {logging_mixin.py:188} INFO - [2025-12-06T09:32:18.477+0000] {dag.py:3823} INFO - Setting next_dagrun for dataset_consumes_1_and_2 to None, run_after=None
[2025-12-06T09:32:18.479+0000] {logging_mixin.py:188} INFO - [2025-12-06T09:32:18.479+0000] {dag.py:3823} INFO - Setting next_dagrun for dataset_consumes_1_never_scheduled to None, run_after=None
[2025-12-06T09:32:18.481+0000] {logging_mixin.py:188} INFO - [2025-12-06T09:32:18.481+0000] {dag.py:3823} INFO - Setting next_dagrun for dataset_consumes_unknown_never_scheduled to None, run_after=None
[2025-12-06T09:32:18.485+0000] {logging_mixin.py:188} INFO - [2025-12-06T09:32:18.484+0000] {dag.py:3823} INFO - Setting next_dagrun for dataset_produces_1 to 2025-12-05 00:00:00+00:00, run_after=2025-12-06 00:00:00+00:00
[2025-12-06T09:32:18.487+0000] {logging_mixin.py:188} INFO - [2025-12-06T09:32:18.487+0000] {dag.py:3823} INFO - Setting next_dagrun for dataset_produces_2 to None, run_after=None
[2025-12-06T09:32:18.537+0000] {processor.py:183} INFO - Processing /home/airflow/.local/lib/python3.8/site-packages/airflow/example_dags/example_datasets.py took 0.180 seconds
[2025-12-06T09:32:48.639+0000] {processor.py:161} INFO - Started process (PID=4362) to work on /home/airflow/.local/lib/python3.8/site-packages/airflow/example_dags/example_datasets.py
[2025-12-06T09:32:48.641+0000] {processor.py:830} INFO - Processing file /home/airflow/.local/lib/python3.8/site-packages/airflow/example_dags/example_datasets.py for tasks to queue
[2025-12-06T09:32:48.645+0000] {logging_mixin.py:188} INFO - [2025-12-06T09:32:48.645+0000] {dagbag.py:538} INFO - Filling up the DagBag from /home/airflow/.local/lib/python3.8/site-packages/airflow/example_dags/example_datasets.py
[2025-12-06T09:32:48.659+0000] {processor.py:840} INFO - DAG(s) 'dataset_produces_1', 'dataset_consumes_1_and_2', 'dataset_consumes_1_never_scheduled', 'dataset_produces_2', 'dataset_consumes_1', 'dataset_consumes_unknown_never_scheduled' retrieved from /home/airflow/.local/lib/python3.8/site-packages/airflow/example_dags/example_datasets.py
[2025-12-06T09:32:48.718+0000] {logging_mixin.py:188} INFO - [2025-12-06T09:32:48.718+0000] {dag.py:3036} INFO - Sync 6 DAGs
[2025-12-06T09:32:48.750+0000] {logging_mixin.py:188} INFO - [2025-12-06T09:32:48.749+0000] {dag.py:3823} INFO - Setting next_dagrun for dataset_consumes_1 to None, run_after=None
[2025-12-06T09:32:48.756+0000] {logging_mixin.py:188} INFO - [2025-12-06T09:32:48.755+0000] {dag.py:3823} INFO - Setting next_dagrun for dataset_consumes_1_and_2 to None, run_after=None
[2025-12-06T09:32:48.759+0000] {logging_mixin.py:188} INFO - [2025-12-06T09:32:48.759+0000] {dag.py:3823} INFO - Setting next_dagrun for dataset_consumes_1_never_scheduled to None, run_after=None
[2025-12-06T09:32:48.762+0000] {logging_mixin.py:188} INFO - [2025-12-06T09:32:48.761+0000] {dag.py:3823} INFO - Setting next_dagrun for dataset_consumes_unknown_never_scheduled to None, run_after=None
[2025-12-06T09:32:48.766+0000] {logging_mixin.py:188} INFO - [2025-12-06T09:32:48.766+0000] {dag.py:3823} INFO - Setting next_dagrun for dataset_produces_1 to 2025-12-05 00:00:00+00:00, run_after=2025-12-06 00:00:00+00:00
[2025-12-06T09:32:48.769+0000] {logging_mixin.py:188} INFO - [2025-12-06T09:32:48.768+0000] {dag.py:3823} INFO - Setting next_dagrun for dataset_produces_2 to None, run_after=None
[2025-12-06T09:32:48.828+0000] {processor.py:183} INFO - Processing /home/airflow/.local/lib/python3.8/site-packages/airflow/example_dags/example_datasets.py took 0.194 seconds
[2025-12-06T09:33:19.746+0000] {processor.py:161} INFO - Started process (PID=4421) to work on /home/airflow/.local/lib/python3.8/site-packages/airflow/example_dags/example_datasets.py
[2025-12-06T09:33:19.747+0000] {processor.py:830} INFO - Processing file /home/airflow/.local/lib/python3.8/site-packages/airflow/example_dags/example_datasets.py for tasks to queue
[2025-12-06T09:33:19.750+0000] {logging_mixin.py:188} INFO - [2025-12-06T09:33:19.750+0000] {dagbag.py:538} INFO - Filling up the DagBag from /home/airflow/.local/lib/python3.8/site-packages/airflow/example_dags/example_datasets.py
[2025-12-06T09:33:19.766+0000] {processor.py:840} INFO - DAG(s) 'dataset_consumes_1', 'dataset_produces_2', 'dataset_consumes_unknown_never_scheduled', 'dataset_consumes_1_never_scheduled', 'dataset_consumes_1_and_2', 'dataset_produces_1' retrieved from /home/airflow/.local/lib/python3.8/site-packages/airflow/example_dags/example_datasets.py
[2025-12-06T09:33:19.830+0000] {logging_mixin.py:188} INFO - [2025-12-06T09:33:19.830+0000] {dag.py:3036} INFO - Sync 6 DAGs
[2025-12-06T09:33:19.868+0000] {logging_mixin.py:188} INFO - [2025-12-06T09:33:19.868+0000] {dag.py:3823} INFO - Setting next_dagrun for dataset_consumes_1 to None, run_after=None
[2025-12-06T09:33:19.877+0000] {logging_mixin.py:188} INFO - [2025-12-06T09:33:19.877+0000] {dag.py:3823} INFO - Setting next_dagrun for dataset_consumes_1_and_2 to None, run_after=None
[2025-12-06T09:33:19.884+0000] {logging_mixin.py:188} INFO - [2025-12-06T09:33:19.883+0000] {dag.py:3823} INFO - Setting next_dagrun for dataset_consumes_1_never_scheduled to None, run_after=None
[2025-12-06T09:33:19.886+0000] {logging_mixin.py:188} INFO - [2025-12-06T09:33:19.886+0000] {dag.py:3823} INFO - Setting next_dagrun for dataset_consumes_unknown_never_scheduled to None, run_after=None
[2025-12-06T09:33:19.892+0000] {logging_mixin.py:188} INFO - [2025-12-06T09:33:19.891+0000] {dag.py:3823} INFO - Setting next_dagrun for dataset_produces_1 to 2025-12-05 00:00:00+00:00, run_after=2025-12-06 00:00:00+00:00
[2025-12-06T09:33:19.895+0000] {logging_mixin.py:188} INFO - [2025-12-06T09:33:19.894+0000] {dag.py:3823} INFO - Setting next_dagrun for dataset_produces_2 to None, run_after=None
[2025-12-06T09:33:19.952+0000] {processor.py:183} INFO - Processing /home/airflow/.local/lib/python3.8/site-packages/airflow/example_dags/example_datasets.py took 0.211 seconds
[2025-12-06T09:33:50.070+0000] {processor.py:161} INFO - Started process (PID=4480) to work on /home/airflow/.local/lib/python3.8/site-packages/airflow/example_dags/example_datasets.py
[2025-12-06T09:33:50.072+0000] {processor.py:830} INFO - Processing file /home/airflow/.local/lib/python3.8/site-packages/airflow/example_dags/example_datasets.py for tasks to queue
[2025-12-06T09:33:50.076+0000] {logging_mixin.py:188} INFO - [2025-12-06T09:33:50.075+0000] {dagbag.py:538} INFO - Filling up the DagBag from /home/airflow/.local/lib/python3.8/site-packages/airflow/example_dags/example_datasets.py
[2025-12-06T09:33:50.090+0000] {processor.py:840} INFO - DAG(s) 'dataset_produces_1', 'dataset_produces_2', 'dataset_consumes_unknown_never_scheduled', 'dataset_consumes_1', 'dataset_consumes_1_never_scheduled', 'dataset_consumes_1_and_2' retrieved from /home/airflow/.local/lib/python3.8/site-packages/airflow/example_dags/example_datasets.py
[2025-12-06T09:33:50.162+0000] {logging_mixin.py:188} INFO - [2025-12-06T09:33:50.161+0000] {dag.py:3036} INFO - Sync 6 DAGs
[2025-12-06T09:33:50.199+0000] {logging_mixin.py:188} INFO - [2025-12-06T09:33:50.199+0000] {dag.py:3823} INFO - Setting next_dagrun for dataset_consumes_1 to None, run_after=None
[2025-12-06T09:33:50.206+0000] {logging_mixin.py:188} INFO - [2025-12-06T09:33:50.206+0000] {dag.py:3823} INFO - Setting next_dagrun for dataset_consumes_1_and_2 to None, run_after=None
[2025-12-06T09:33:50.210+0000] {logging_mixin.py:188} INFO - [2025-12-06T09:33:50.209+0000] {dag.py:3823} INFO - Setting next_dagrun for dataset_consumes_1_never_scheduled to None, run_after=None
[2025-12-06T09:33:50.212+0000] {logging_mixin.py:188} INFO - [2025-12-06T09:33:50.212+0000] {dag.py:3823} INFO - Setting next_dagrun for dataset_consumes_unknown_never_scheduled to None, run_after=None
[2025-12-06T09:33:50.217+0000] {logging_mixin.py:188} INFO - [2025-12-06T09:33:50.217+0000] {dag.py:3823} INFO - Setting next_dagrun for dataset_produces_1 to 2025-12-05 00:00:00+00:00, run_after=2025-12-06 00:00:00+00:00
[2025-12-06T09:33:50.219+0000] {logging_mixin.py:188} INFO - [2025-12-06T09:33:50.219+0000] {dag.py:3823} INFO - Setting next_dagrun for dataset_produces_2 to None, run_after=None
[2025-12-06T09:33:50.267+0000] {processor.py:183} INFO - Processing /home/airflow/.local/lib/python3.8/site-packages/airflow/example_dags/example_datasets.py took 0.202 seconds
[2025-12-06T09:34:20.321+0000] {processor.py:161} INFO - Started process (PID=4539) to work on /home/airflow/.local/lib/python3.8/site-packages/airflow/example_dags/example_datasets.py
[2025-12-06T09:34:20.326+0000] {processor.py:830} INFO - Processing file /home/airflow/.local/lib/python3.8/site-packages/airflow/example_dags/example_datasets.py for tasks to queue
[2025-12-06T09:34:20.328+0000] {logging_mixin.py:188} INFO - [2025-12-06T09:34:20.328+0000] {dagbag.py:538} INFO - Filling up the DagBag from /home/airflow/.local/lib/python3.8/site-packages/airflow/example_dags/example_datasets.py
[2025-12-06T09:34:20.343+0000] {processor.py:840} INFO - DAG(s) 'dataset_consumes_1', 'dataset_consumes_unknown_never_scheduled', 'dataset_consumes_1_never_scheduled', 'dataset_consumes_1_and_2', 'dataset_produces_2', 'dataset_produces_1' retrieved from /home/airflow/.local/lib/python3.8/site-packages/airflow/example_dags/example_datasets.py
[2025-12-06T09:34:20.398+0000] {logging_mixin.py:188} INFO - [2025-12-06T09:34:20.398+0000] {dag.py:3036} INFO - Sync 6 DAGs
[2025-12-06T09:34:20.436+0000] {logging_mixin.py:188} INFO - [2025-12-06T09:34:20.435+0000] {dag.py:3823} INFO - Setting next_dagrun for dataset_consumes_1 to None, run_after=None
[2025-12-06T09:34:20.442+0000] {logging_mixin.py:188} INFO - [2025-12-06T09:34:20.442+0000] {dag.py:3823} INFO - Setting next_dagrun for dataset_consumes_1_and_2 to None, run_after=None
[2025-12-06T09:34:20.444+0000] {logging_mixin.py:188} INFO - [2025-12-06T09:34:20.444+0000] {dag.py:3823} INFO - Setting next_dagrun for dataset_consumes_1_never_scheduled to None, run_after=None
[2025-12-06T09:34:20.448+0000] {logging_mixin.py:188} INFO - [2025-12-06T09:34:20.447+0000] {dag.py:3823} INFO - Setting next_dagrun for dataset_consumes_unknown_never_scheduled to None, run_after=None
[2025-12-06T09:34:20.452+0000] {logging_mixin.py:188} INFO - [2025-12-06T09:34:20.452+0000] {dag.py:3823} INFO - Setting next_dagrun for dataset_produces_1 to 2025-12-05 00:00:00+00:00, run_after=2025-12-06 00:00:00+00:00
[2025-12-06T09:34:20.455+0000] {logging_mixin.py:188} INFO - [2025-12-06T09:34:20.455+0000] {dag.py:3823} INFO - Setting next_dagrun for dataset_produces_2 to None, run_after=None
[2025-12-06T09:34:20.502+0000] {processor.py:183} INFO - Processing /home/airflow/.local/lib/python3.8/site-packages/airflow/example_dags/example_datasets.py took 0.187 seconds
[2025-12-06T09:34:50.562+0000] {processor.py:161} INFO - Started process (PID=4598) to work on /home/airflow/.local/lib/python3.8/site-packages/airflow/example_dags/example_datasets.py
[2025-12-06T09:34:50.564+0000] {processor.py:830} INFO - Processing file /home/airflow/.local/lib/python3.8/site-packages/airflow/example_dags/example_datasets.py for tasks to queue
[2025-12-06T09:34:50.567+0000] {logging_mixin.py:188} INFO - [2025-12-06T09:34:50.567+0000] {dagbag.py:538} INFO - Filling up the DagBag from /home/airflow/.local/lib/python3.8/site-packages/airflow/example_dags/example_datasets.py
[2025-12-06T09:34:50.582+0000] {processor.py:840} INFO - DAG(s) 'dataset_consumes_1_never_scheduled', 'dataset_produces_1', 'dataset_consumes_unknown_never_scheduled', 'dataset_consumes_1', 'dataset_consumes_1_and_2', 'dataset_produces_2' retrieved from /home/airflow/.local/lib/python3.8/site-packages/airflow/example_dags/example_datasets.py
[2025-12-06T09:34:50.645+0000] {logging_mixin.py:188} INFO - [2025-12-06T09:34:50.645+0000] {dag.py:3036} INFO - Sync 6 DAGs
[2025-12-06T09:34:50.680+0000] {logging_mixin.py:188} INFO - [2025-12-06T09:34:50.680+0000] {dag.py:3823} INFO - Setting next_dagrun for dataset_consumes_1 to None, run_after=None
[2025-12-06T09:34:50.687+0000] {logging_mixin.py:188} INFO - [2025-12-06T09:34:50.686+0000] {dag.py:3823} INFO - Setting next_dagrun for dataset_consumes_1_and_2 to None, run_after=None
[2025-12-06T09:34:50.690+0000] {logging_mixin.py:188} INFO - [2025-12-06T09:34:50.690+0000] {dag.py:3823} INFO - Setting next_dagrun for dataset_consumes_1_never_scheduled to None, run_after=None
[2025-12-06T09:34:50.693+0000] {logging_mixin.py:188} INFO - [2025-12-06T09:34:50.692+0000] {dag.py:3823} INFO - Setting next_dagrun for dataset_consumes_unknown_never_scheduled to None, run_after=None
[2025-12-06T09:34:50.697+0000] {logging_mixin.py:188} INFO - [2025-12-06T09:34:50.696+0000] {dag.py:3823} INFO - Setting next_dagrun for dataset_produces_1 to 2025-12-05 00:00:00+00:00, run_after=2025-12-06 00:00:00+00:00
[2025-12-06T09:34:50.699+0000] {logging_mixin.py:188} INFO - [2025-12-06T09:34:50.699+0000] {dag.py:3823} INFO - Setting next_dagrun for dataset_produces_2 to None, run_after=None
[2025-12-06T09:34:50.747+0000] {processor.py:183} INFO - Processing /home/airflow/.local/lib/python3.8/site-packages/airflow/example_dags/example_datasets.py took 0.192 seconds
[2025-12-06T09:35:20.796+0000] {processor.py:161} INFO - Started process (PID=4657) to work on /home/airflow/.local/lib/python3.8/site-packages/airflow/example_dags/example_datasets.py
[2025-12-06T09:35:20.798+0000] {processor.py:830} INFO - Processing file /home/airflow/.local/lib/python3.8/site-packages/airflow/example_dags/example_datasets.py for tasks to queue
[2025-12-06T09:35:20.801+0000] {logging_mixin.py:188} INFO - [2025-12-06T09:35:20.800+0000] {dagbag.py:538} INFO - Filling up the DagBag from /home/airflow/.local/lib/python3.8/site-packages/airflow/example_dags/example_datasets.py
[2025-12-06T09:35:20.816+0000] {processor.py:840} INFO - DAG(s) 'dataset_produces_2', 'dataset_consumes_unknown_never_scheduled', 'dataset_consumes_1', 'dataset_produces_1', 'dataset_consumes_1_and_2', 'dataset_consumes_1_never_scheduled' retrieved from /home/airflow/.local/lib/python3.8/site-packages/airflow/example_dags/example_datasets.py
[2025-12-06T09:35:20.879+0000] {logging_mixin.py:188} INFO - [2025-12-06T09:35:20.878+0000] {dag.py:3036} INFO - Sync 6 DAGs
[2025-12-06T09:35:20.917+0000] {logging_mixin.py:188} INFO - [2025-12-06T09:35:20.917+0000] {dag.py:3823} INFO - Setting next_dagrun for dataset_consumes_1 to None, run_after=None
[2025-12-06T09:35:20.924+0000] {logging_mixin.py:188} INFO - [2025-12-06T09:35:20.923+0000] {dag.py:3823} INFO - Setting next_dagrun for dataset_consumes_1_and_2 to None, run_after=None
[2025-12-06T09:35:20.926+0000] {logging_mixin.py:188} INFO - [2025-12-06T09:35:20.926+0000] {dag.py:3823} INFO - Setting next_dagrun for dataset_consumes_1_never_scheduled to None, run_after=None
[2025-12-06T09:35:20.929+0000] {logging_mixin.py:188} INFO - [2025-12-06T09:35:20.929+0000] {dag.py:3823} INFO - Setting next_dagrun for dataset_consumes_unknown_never_scheduled to None, run_after=None
[2025-12-06T09:35:20.933+0000] {logging_mixin.py:188} INFO - [2025-12-06T09:35:20.933+0000] {dag.py:3823} INFO - Setting next_dagrun for dataset_produces_1 to 2025-12-05 00:00:00+00:00, run_after=2025-12-06 00:00:00+00:00
[2025-12-06T09:35:20.936+0000] {logging_mixin.py:188} INFO - [2025-12-06T09:35:20.936+0000] {dag.py:3823} INFO - Setting next_dagrun for dataset_produces_2 to None, run_after=None
[2025-12-06T09:35:20.988+0000] {processor.py:183} INFO - Processing /home/airflow/.local/lib/python3.8/site-packages/airflow/example_dags/example_datasets.py took 0.198 seconds
[2025-12-06T09:35:51.019+0000] {processor.py:161} INFO - Started process (PID=4716) to work on /home/airflow/.local/lib/python3.8/site-packages/airflow/example_dags/example_datasets.py
[2025-12-06T09:35:51.020+0000] {processor.py:830} INFO - Processing file /home/airflow/.local/lib/python3.8/site-packages/airflow/example_dags/example_datasets.py for tasks to queue
[2025-12-06T09:35:51.024+0000] {logging_mixin.py:188} INFO - [2025-12-06T09:35:51.024+0000] {dagbag.py:538} INFO - Filling up the DagBag from /home/airflow/.local/lib/python3.8/site-packages/airflow/example_dags/example_datasets.py
[2025-12-06T09:35:51.038+0000] {processor.py:840} INFO - DAG(s) 'dataset_consumes_1_never_scheduled', 'dataset_consumes_unknown_never_scheduled', 'dataset_produces_1', 'dataset_produces_2', 'dataset_consumes_1_and_2', 'dataset_consumes_1' retrieved from /home/airflow/.local/lib/python3.8/site-packages/airflow/example_dags/example_datasets.py
[2025-12-06T09:35:51.098+0000] {logging_mixin.py:188} INFO - [2025-12-06T09:35:51.098+0000] {dag.py:3036} INFO - Sync 6 DAGs
[2025-12-06T09:35:51.136+0000] {logging_mixin.py:188} INFO - [2025-12-06T09:35:51.135+0000] {dag.py:3823} INFO - Setting next_dagrun for dataset_consumes_1 to None, run_after=None
[2025-12-06T09:35:51.142+0000] {logging_mixin.py:188} INFO - [2025-12-06T09:35:51.142+0000] {dag.py:3823} INFO - Setting next_dagrun for dataset_consumes_1_and_2 to None, run_after=None
[2025-12-06T09:35:51.145+0000] {logging_mixin.py:188} INFO - [2025-12-06T09:35:51.145+0000] {dag.py:3823} INFO - Setting next_dagrun for dataset_consumes_1_never_scheduled to None, run_after=None
[2025-12-06T09:35:51.149+0000] {logging_mixin.py:188} INFO - [2025-12-06T09:35:51.148+0000] {dag.py:3823} INFO - Setting next_dagrun for dataset_consumes_unknown_never_scheduled to None, run_after=None
[2025-12-06T09:35:51.153+0000] {logging_mixin.py:188} INFO - [2025-12-06T09:35:51.153+0000] {dag.py:3823} INFO - Setting next_dagrun for dataset_produces_1 to 2025-12-05 00:00:00+00:00, run_after=2025-12-06 00:00:00+00:00
[2025-12-06T09:35:51.155+0000] {logging_mixin.py:188} INFO - [2025-12-06T09:35:51.155+0000] {dag.py:3823} INFO - Setting next_dagrun for dataset_produces_2 to None, run_after=None
[2025-12-06T09:35:51.202+0000] {processor.py:183} INFO - Processing /home/airflow/.local/lib/python3.8/site-packages/airflow/example_dags/example_datasets.py took 0.188 seconds
[2025-12-06T09:36:21.264+0000] {processor.py:161} INFO - Started process (PID=4775) to work on /home/airflow/.local/lib/python3.8/site-packages/airflow/example_dags/example_datasets.py
[2025-12-06T09:36:21.266+0000] {processor.py:830} INFO - Processing file /home/airflow/.local/lib/python3.8/site-packages/airflow/example_dags/example_datasets.py for tasks to queue
[2025-12-06T09:36:21.269+0000] {logging_mixin.py:188} INFO - [2025-12-06T09:36:21.269+0000] {dagbag.py:538} INFO - Filling up the DagBag from /home/airflow/.local/lib/python3.8/site-packages/airflow/example_dags/example_datasets.py
[2025-12-06T09:36:21.282+0000] {processor.py:840} INFO - DAG(s) 'dataset_consumes_1_never_scheduled', 'dataset_produces_2', 'dataset_consumes_unknown_never_scheduled', 'dataset_produces_1', 'dataset_consumes_1_and_2', 'dataset_consumes_1' retrieved from /home/airflow/.local/lib/python3.8/site-packages/airflow/example_dags/example_datasets.py
[2025-12-06T09:36:21.339+0000] {logging_mixin.py:188} INFO - [2025-12-06T09:36:21.339+0000] {dag.py:3036} INFO - Sync 6 DAGs
[2025-12-06T09:36:21.376+0000] {logging_mixin.py:188} INFO - [2025-12-06T09:36:21.375+0000] {dag.py:3823} INFO - Setting next_dagrun for dataset_consumes_1 to None, run_after=None
[2025-12-06T09:36:21.382+0000] {logging_mixin.py:188} INFO - [2025-12-06T09:36:21.381+0000] {dag.py:3823} INFO - Setting next_dagrun for dataset_consumes_1_and_2 to None, run_after=None
[2025-12-06T09:36:21.385+0000] {logging_mixin.py:188} INFO - [2025-12-06T09:36:21.385+0000] {dag.py:3823} INFO - Setting next_dagrun for dataset_consumes_1_never_scheduled to None, run_after=None
[2025-12-06T09:36:21.388+0000] {logging_mixin.py:188} INFO - [2025-12-06T09:36:21.388+0000] {dag.py:3823} INFO - Setting next_dagrun for dataset_consumes_unknown_never_scheduled to None, run_after=None
[2025-12-06T09:36:21.392+0000] {logging_mixin.py:188} INFO - [2025-12-06T09:36:21.392+0000] {dag.py:3823} INFO - Setting next_dagrun for dataset_produces_1 to 2025-12-05 00:00:00+00:00, run_after=2025-12-06 00:00:00+00:00
[2025-12-06T09:36:21.395+0000] {logging_mixin.py:188} INFO - [2025-12-06T09:36:21.395+0000] {dag.py:3823} INFO - Setting next_dagrun for dataset_produces_2 to None, run_after=None
[2025-12-06T09:36:21.444+0000] {processor.py:183} INFO - Processing /home/airflow/.local/lib/python3.8/site-packages/airflow/example_dags/example_datasets.py took 0.185 seconds
[2025-12-06T09:36:51.652+0000] {processor.py:161} INFO - Started process (PID=4834) to work on /home/airflow/.local/lib/python3.8/site-packages/airflow/example_dags/example_datasets.py
[2025-12-06T09:36:51.654+0000] {processor.py:830} INFO - Processing file /home/airflow/.local/lib/python3.8/site-packages/airflow/example_dags/example_datasets.py for tasks to queue
[2025-12-06T09:36:51.656+0000] {logging_mixin.py:188} INFO - [2025-12-06T09:36:51.656+0000] {dagbag.py:538} INFO - Filling up the DagBag from /home/airflow/.local/lib/python3.8/site-packages/airflow/example_dags/example_datasets.py
[2025-12-06T09:36:51.669+0000] {processor.py:840} INFO - DAG(s) 'dataset_consumes_1', 'dataset_produces_1', 'dataset_consumes_unknown_never_scheduled', 'dataset_produces_2', 'dataset_consumes_1_never_scheduled', 'dataset_consumes_1_and_2' retrieved from /home/airflow/.local/lib/python3.8/site-packages/airflow/example_dags/example_datasets.py
[2025-12-06T09:36:51.723+0000] {logging_mixin.py:188} INFO - [2025-12-06T09:36:51.722+0000] {dag.py:3036} INFO - Sync 6 DAGs
[2025-12-06T09:36:51.759+0000] {logging_mixin.py:188} INFO - [2025-12-06T09:36:51.759+0000] {dag.py:3823} INFO - Setting next_dagrun for dataset_consumes_1 to None, run_after=None
[2025-12-06T09:36:51.764+0000] {logging_mixin.py:188} INFO - [2025-12-06T09:36:51.764+0000] {dag.py:3823} INFO - Setting next_dagrun for dataset_consumes_1_and_2 to None, run_after=None
[2025-12-06T09:36:51.767+0000] {logging_mixin.py:188} INFO - [2025-12-06T09:36:51.767+0000] {dag.py:3823} INFO - Setting next_dagrun for dataset_consumes_1_never_scheduled to None, run_after=None
[2025-12-06T09:36:51.770+0000] {logging_mixin.py:188} INFO - [2025-12-06T09:36:51.770+0000] {dag.py:3823} INFO - Setting next_dagrun for dataset_consumes_unknown_never_scheduled to None, run_after=None
[2025-12-06T09:36:51.775+0000] {logging_mixin.py:188} INFO - [2025-12-06T09:36:51.775+0000] {dag.py:3823} INFO - Setting next_dagrun for dataset_produces_1 to 2025-12-05 00:00:00+00:00, run_after=2025-12-06 00:00:00+00:00
[2025-12-06T09:36:51.778+0000] {logging_mixin.py:188} INFO - [2025-12-06T09:36:51.777+0000] {dag.py:3823} INFO - Setting next_dagrun for dataset_produces_2 to None, run_after=None
[2025-12-06T09:36:51.835+0000] {processor.py:183} INFO - Processing /home/airflow/.local/lib/python3.8/site-packages/airflow/example_dags/example_datasets.py took 0.188 seconds
[2025-12-06T09:37:21.963+0000] {processor.py:161} INFO - Started process (PID=4894) to work on /home/airflow/.local/lib/python3.8/site-packages/airflow/example_dags/example_datasets.py
[2025-12-06T09:37:21.964+0000] {processor.py:830} INFO - Processing file /home/airflow/.local/lib/python3.8/site-packages/airflow/example_dags/example_datasets.py for tasks to queue
[2025-12-06T09:37:21.968+0000] {logging_mixin.py:188} INFO - [2025-12-06T09:37:21.967+0000] {dagbag.py:538} INFO - Filling up the DagBag from /home/airflow/.local/lib/python3.8/site-packages/airflow/example_dags/example_datasets.py
[2025-12-06T09:37:21.981+0000] {processor.py:840} INFO - DAG(s) 'dataset_consumes_1', 'dataset_consumes_1_and_2', 'dataset_consumes_1_never_scheduled', 'dataset_produces_1', 'dataset_produces_2', 'dataset_consumes_unknown_never_scheduled' retrieved from /home/airflow/.local/lib/python3.8/site-packages/airflow/example_dags/example_datasets.py
[2025-12-06T09:37:22.044+0000] {logging_mixin.py:188} INFO - [2025-12-06T09:37:22.044+0000] {dag.py:3036} INFO - Sync 6 DAGs
[2025-12-06T09:37:22.074+0000] {logging_mixin.py:188} INFO - [2025-12-06T09:37:22.073+0000] {dag.py:3823} INFO - Setting next_dagrun for dataset_consumes_1 to None, run_after=None
[2025-12-06T09:37:22.079+0000] {logging_mixin.py:188} INFO - [2025-12-06T09:37:22.079+0000] {dag.py:3823} INFO - Setting next_dagrun for dataset_consumes_1_and_2 to None, run_after=None
[2025-12-06T09:37:22.082+0000] {logging_mixin.py:188} INFO - [2025-12-06T09:37:22.082+0000] {dag.py:3823} INFO - Setting next_dagrun for dataset_consumes_1_never_scheduled to None, run_after=None
[2025-12-06T09:37:22.085+0000] {logging_mixin.py:188} INFO - [2025-12-06T09:37:22.085+0000] {dag.py:3823} INFO - Setting next_dagrun for dataset_consumes_unknown_never_scheduled to None, run_after=None
[2025-12-06T09:37:22.090+0000] {logging_mixin.py:188} INFO - [2025-12-06T09:37:22.090+0000] {dag.py:3823} INFO - Setting next_dagrun for dataset_produces_1 to 2025-12-05 00:00:00+00:00, run_after=2025-12-06 00:00:00+00:00
[2025-12-06T09:37:22.092+0000] {logging_mixin.py:188} INFO - [2025-12-06T09:37:22.092+0000] {dag.py:3823} INFO - Setting next_dagrun for dataset_produces_2 to None, run_after=None
[2025-12-06T09:37:22.149+0000] {processor.py:183} INFO - Processing /home/airflow/.local/lib/python3.8/site-packages/airflow/example_dags/example_datasets.py took 0.192 seconds
[2025-12-06T09:37:52.220+0000] {processor.py:161} INFO - Started process (PID=4952) to work on /home/airflow/.local/lib/python3.8/site-packages/airflow/example_dags/example_datasets.py
[2025-12-06T09:37:52.221+0000] {processor.py:830} INFO - Processing file /home/airflow/.local/lib/python3.8/site-packages/airflow/example_dags/example_datasets.py for tasks to queue
[2025-12-06T09:37:52.224+0000] {logging_mixin.py:188} INFO - [2025-12-06T09:37:52.224+0000] {dagbag.py:538} INFO - Filling up the DagBag from /home/airflow/.local/lib/python3.8/site-packages/airflow/example_dags/example_datasets.py
[2025-12-06T09:37:52.238+0000] {processor.py:840} INFO - DAG(s) 'dataset_produces_1', 'dataset_consumes_unknown_never_scheduled', 'dataset_consumes_1_and_2', 'dataset_consumes_1_never_scheduled', 'dataset_consumes_1', 'dataset_produces_2' retrieved from /home/airflow/.local/lib/python3.8/site-packages/airflow/example_dags/example_datasets.py
[2025-12-06T09:37:52.300+0000] {logging_mixin.py:188} INFO - [2025-12-06T09:37:52.300+0000] {dag.py:3036} INFO - Sync 6 DAGs
[2025-12-06T09:37:52.338+0000] {logging_mixin.py:188} INFO - [2025-12-06T09:37:52.337+0000] {dag.py:3823} INFO - Setting next_dagrun for dataset_consumes_1 to None, run_after=None
[2025-12-06T09:37:52.344+0000] {logging_mixin.py:188} INFO - [2025-12-06T09:37:52.343+0000] {dag.py:3823} INFO - Setting next_dagrun for dataset_consumes_1_and_2 to None, run_after=None
[2025-12-06T09:37:52.347+0000] {logging_mixin.py:188} INFO - [2025-12-06T09:37:52.347+0000] {dag.py:3823} INFO - Setting next_dagrun for dataset_consumes_1_never_scheduled to None, run_after=None
[2025-12-06T09:37:52.350+0000] {logging_mixin.py:188} INFO - [2025-12-06T09:37:52.350+0000] {dag.py:3823} INFO - Setting next_dagrun for dataset_consumes_unknown_never_scheduled to None, run_after=None
[2025-12-06T09:37:52.356+0000] {logging_mixin.py:188} INFO - [2025-12-06T09:37:52.355+0000] {dag.py:3823} INFO - Setting next_dagrun for dataset_produces_1 to 2025-12-05 00:00:00+00:00, run_after=2025-12-06 00:00:00+00:00
[2025-12-06T09:37:52.358+0000] {logging_mixin.py:188} INFO - [2025-12-06T09:37:52.358+0000] {dag.py:3823} INFO - Setting next_dagrun for dataset_produces_2 to None, run_after=None
[2025-12-06T09:37:52.406+0000] {processor.py:183} INFO - Processing /home/airflow/.local/lib/python3.8/site-packages/airflow/example_dags/example_datasets.py took 0.191 seconds
[2025-12-06T09:38:22.861+0000] {processor.py:161} INFO - Started process (PID=5011) to work on /home/airflow/.local/lib/python3.8/site-packages/airflow/example_dags/example_datasets.py
[2025-12-06T09:38:22.863+0000] {processor.py:830} INFO - Processing file /home/airflow/.local/lib/python3.8/site-packages/airflow/example_dags/example_datasets.py for tasks to queue
[2025-12-06T09:38:22.866+0000] {logging_mixin.py:188} INFO - [2025-12-06T09:38:22.865+0000] {dagbag.py:538} INFO - Filling up the DagBag from /home/airflow/.local/lib/python3.8/site-packages/airflow/example_dags/example_datasets.py
[2025-12-06T09:38:22.881+0000] {processor.py:840} INFO - DAG(s) 'dataset_consumes_unknown_never_scheduled', 'dataset_consumes_1_and_2', 'dataset_produces_1', 'dataset_consumes_1_never_scheduled', 'dataset_consumes_1', 'dataset_produces_2' retrieved from /home/airflow/.local/lib/python3.8/site-packages/airflow/example_dags/example_datasets.py
[2025-12-06T09:38:22.939+0000] {logging_mixin.py:188} INFO - [2025-12-06T09:38:22.939+0000] {dag.py:3036} INFO - Sync 6 DAGs
[2025-12-06T09:38:22.977+0000] {logging_mixin.py:188} INFO - [2025-12-06T09:38:22.976+0000] {dag.py:3823} INFO - Setting next_dagrun for dataset_consumes_1 to None, run_after=None
[2025-12-06T09:38:22.982+0000] {logging_mixin.py:188} INFO - [2025-12-06T09:38:22.981+0000] {dag.py:3823} INFO - Setting next_dagrun for dataset_consumes_1_and_2 to None, run_after=None
[2025-12-06T09:38:22.985+0000] {logging_mixin.py:188} INFO - [2025-12-06T09:38:22.984+0000] {dag.py:3823} INFO - Setting next_dagrun for dataset_consumes_1_never_scheduled to None, run_after=None
[2025-12-06T09:38:22.987+0000] {logging_mixin.py:188} INFO - [2025-12-06T09:38:22.987+0000] {dag.py:3823} INFO - Setting next_dagrun for dataset_consumes_unknown_never_scheduled to None, run_after=None
[2025-12-06T09:38:22.992+0000] {logging_mixin.py:188} INFO - [2025-12-06T09:38:22.992+0000] {dag.py:3823} INFO - Setting next_dagrun for dataset_produces_1 to 2025-12-05 00:00:00+00:00, run_after=2025-12-06 00:00:00+00:00
[2025-12-06T09:38:22.995+0000] {logging_mixin.py:188} INFO - [2025-12-06T09:38:22.995+0000] {dag.py:3823} INFO - Setting next_dagrun for dataset_produces_2 to None, run_after=None
[2025-12-06T09:38:23.049+0000] {processor.py:183} INFO - Processing /home/airflow/.local/lib/python3.8/site-packages/airflow/example_dags/example_datasets.py took 0.193 seconds
[2025-12-06T09:38:53.483+0000] {processor.py:161} INFO - Started process (PID=5070) to work on /home/airflow/.local/lib/python3.8/site-packages/airflow/example_dags/example_datasets.py
[2025-12-06T09:38:53.485+0000] {processor.py:830} INFO - Processing file /home/airflow/.local/lib/python3.8/site-packages/airflow/example_dags/example_datasets.py for tasks to queue
[2025-12-06T09:38:53.488+0000] {logging_mixin.py:188} INFO - [2025-12-06T09:38:53.487+0000] {dagbag.py:538} INFO - Filling up the DagBag from /home/airflow/.local/lib/python3.8/site-packages/airflow/example_dags/example_datasets.py
[2025-12-06T09:38:53.502+0000] {processor.py:840} INFO - DAG(s) 'dataset_consumes_1_and_2', 'dataset_produces_2', 'dataset_consumes_1_never_scheduled', 'dataset_consumes_1', 'dataset_consumes_unknown_never_scheduled', 'dataset_produces_1' retrieved from /home/airflow/.local/lib/python3.8/site-packages/airflow/example_dags/example_datasets.py
[2025-12-06T09:38:53.559+0000] {logging_mixin.py:188} INFO - [2025-12-06T09:38:53.559+0000] {dag.py:3036} INFO - Sync 6 DAGs
[2025-12-06T09:38:53.594+0000] {logging_mixin.py:188} INFO - [2025-12-06T09:38:53.594+0000] {dag.py:3823} INFO - Setting next_dagrun for dataset_consumes_1 to None, run_after=None
[2025-12-06T09:38:53.600+0000] {logging_mixin.py:188} INFO - [2025-12-06T09:38:53.600+0000] {dag.py:3823} INFO - Setting next_dagrun for dataset_consumes_1_and_2 to None, run_after=None
[2025-12-06T09:38:53.603+0000] {logging_mixin.py:188} INFO - [2025-12-06T09:38:53.603+0000] {dag.py:3823} INFO - Setting next_dagrun for dataset_consumes_1_never_scheduled to None, run_after=None
[2025-12-06T09:38:53.606+0000] {logging_mixin.py:188} INFO - [2025-12-06T09:38:53.605+0000] {dag.py:3823} INFO - Setting next_dagrun for dataset_consumes_unknown_never_scheduled to None, run_after=None
[2025-12-06T09:38:53.610+0000] {logging_mixin.py:188} INFO - [2025-12-06T09:38:53.610+0000] {dag.py:3823} INFO - Setting next_dagrun for dataset_produces_1 to 2025-12-05 00:00:00+00:00, run_after=2025-12-06 00:00:00+00:00
[2025-12-06T09:38:53.613+0000] {logging_mixin.py:188} INFO - [2025-12-06T09:38:53.612+0000] {dag.py:3823} INFO - Setting next_dagrun for dataset_produces_2 to None, run_after=None
[2025-12-06T09:38:53.659+0000] {processor.py:183} INFO - Processing /home/airflow/.local/lib/python3.8/site-packages/airflow/example_dags/example_datasets.py took 0.181 seconds
[2025-12-06T09:39:24.054+0000] {processor.py:161} INFO - Started process (PID=5129) to work on /home/airflow/.local/lib/python3.8/site-packages/airflow/example_dags/example_datasets.py
[2025-12-06T09:39:24.056+0000] {processor.py:830} INFO - Processing file /home/airflow/.local/lib/python3.8/site-packages/airflow/example_dags/example_datasets.py for tasks to queue
[2025-12-06T09:39:24.060+0000] {logging_mixin.py:188} INFO - [2025-12-06T09:39:24.059+0000] {dagbag.py:538} INFO - Filling up the DagBag from /home/airflow/.local/lib/python3.8/site-packages/airflow/example_dags/example_datasets.py
[2025-12-06T09:39:24.080+0000] {processor.py:840} INFO - DAG(s) 'dataset_consumes_1', 'dataset_produces_1', 'dataset_consumes_unknown_never_scheduled', 'dataset_consumes_1_and_2', 'dataset_consumes_1_never_scheduled', 'dataset_produces_2' retrieved from /home/airflow/.local/lib/python3.8/site-packages/airflow/example_dags/example_datasets.py
[2025-12-06T09:39:24.133+0000] {logging_mixin.py:188} INFO - [2025-12-06T09:39:24.133+0000] {dag.py:3036} INFO - Sync 6 DAGs
[2025-12-06T09:39:24.170+0000] {logging_mixin.py:188} INFO - [2025-12-06T09:39:24.169+0000] {dag.py:3823} INFO - Setting next_dagrun for dataset_consumes_1 to None, run_after=None
[2025-12-06T09:39:24.175+0000] {logging_mixin.py:188} INFO - [2025-12-06T09:39:24.174+0000] {dag.py:3823} INFO - Setting next_dagrun for dataset_consumes_1_and_2 to None, run_after=None
[2025-12-06T09:39:24.178+0000] {logging_mixin.py:188} INFO - [2025-12-06T09:39:24.178+0000] {dag.py:3823} INFO - Setting next_dagrun for dataset_consumes_1_never_scheduled to None, run_after=None
[2025-12-06T09:39:24.181+0000] {logging_mixin.py:188} INFO - [2025-12-06T09:39:24.180+0000] {dag.py:3823} INFO - Setting next_dagrun for dataset_consumes_unknown_never_scheduled to None, run_after=None
[2025-12-06T09:39:24.186+0000] {logging_mixin.py:188} INFO - [2025-12-06T09:39:24.186+0000] {dag.py:3823} INFO - Setting next_dagrun for dataset_produces_1 to 2025-12-05 00:00:00+00:00, run_after=2025-12-06 00:00:00+00:00
[2025-12-06T09:39:24.189+0000] {logging_mixin.py:188} INFO - [2025-12-06T09:39:24.189+0000] {dag.py:3823} INFO - Setting next_dagrun for dataset_produces_2 to None, run_after=None
[2025-12-06T09:39:24.245+0000] {processor.py:183} INFO - Processing /home/airflow/.local/lib/python3.8/site-packages/airflow/example_dags/example_datasets.py took 0.199 seconds
[2025-12-06T09:39:54.577+0000] {processor.py:161} INFO - Started process (PID=5188) to work on /home/airflow/.local/lib/python3.8/site-packages/airflow/example_dags/example_datasets.py
[2025-12-06T09:39:54.579+0000] {processor.py:830} INFO - Processing file /home/airflow/.local/lib/python3.8/site-packages/airflow/example_dags/example_datasets.py for tasks to queue
[2025-12-06T09:39:54.582+0000] {logging_mixin.py:188} INFO - [2025-12-06T09:39:54.581+0000] {dagbag.py:538} INFO - Filling up the DagBag from /home/airflow/.local/lib/python3.8/site-packages/airflow/example_dags/example_datasets.py
[2025-12-06T09:39:54.595+0000] {processor.py:840} INFO - DAG(s) 'dataset_consumes_1_never_scheduled', 'dataset_produces_2', 'dataset_consumes_1', 'dataset_produces_1', 'dataset_consumes_1_and_2', 'dataset_consumes_unknown_never_scheduled' retrieved from /home/airflow/.local/lib/python3.8/site-packages/airflow/example_dags/example_datasets.py
[2025-12-06T09:39:54.659+0000] {logging_mixin.py:188} INFO - [2025-12-06T09:39:54.658+0000] {dag.py:3036} INFO - Sync 6 DAGs
[2025-12-06T09:39:54.701+0000] {logging_mixin.py:188} INFO - [2025-12-06T09:39:54.701+0000] {dag.py:3823} INFO - Setting next_dagrun for dataset_consumes_1 to None, run_after=None
[2025-12-06T09:39:54.706+0000] {logging_mixin.py:188} INFO - [2025-12-06T09:39:54.706+0000] {dag.py:3823} INFO - Setting next_dagrun for dataset_consumes_1_and_2 to None, run_after=None
[2025-12-06T09:39:54.709+0000] {logging_mixin.py:188} INFO - [2025-12-06T09:39:54.708+0000] {dag.py:3823} INFO - Setting next_dagrun for dataset_consumes_1_never_scheduled to None, run_after=None
[2025-12-06T09:39:54.712+0000] {logging_mixin.py:188} INFO - [2025-12-06T09:39:54.711+0000] {dag.py:3823} INFO - Setting next_dagrun for dataset_consumes_unknown_never_scheduled to None, run_after=None
[2025-12-06T09:39:54.716+0000] {logging_mixin.py:188} INFO - [2025-12-06T09:39:54.716+0000] {dag.py:3823} INFO - Setting next_dagrun for dataset_produces_1 to 2025-12-05 00:00:00+00:00, run_after=2025-12-06 00:00:00+00:00
[2025-12-06T09:39:54.722+0000] {logging_mixin.py:188} INFO - [2025-12-06T09:39:54.722+0000] {dag.py:3823} INFO - Setting next_dagrun for dataset_produces_2 to None, run_after=None
[2025-12-06T09:39:54.779+0000] {processor.py:183} INFO - Processing /home/airflow/.local/lib/python3.8/site-packages/airflow/example_dags/example_datasets.py took 0.207 seconds
[2025-12-06T09:40:25.117+0000] {processor.py:161} INFO - Started process (PID=5247) to work on /home/airflow/.local/lib/python3.8/site-packages/airflow/example_dags/example_datasets.py
[2025-12-06T09:40:25.119+0000] {processor.py:830} INFO - Processing file /home/airflow/.local/lib/python3.8/site-packages/airflow/example_dags/example_datasets.py for tasks to queue
[2025-12-06T09:40:25.122+0000] {logging_mixin.py:188} INFO - [2025-12-06T09:40:25.122+0000] {dagbag.py:538} INFO - Filling up the DagBag from /home/airflow/.local/lib/python3.8/site-packages/airflow/example_dags/example_datasets.py
[2025-12-06T09:40:25.136+0000] {processor.py:840} INFO - DAG(s) 'dataset_produces_2', 'dataset_consumes_1', 'dataset_consumes_1_and_2', 'dataset_consumes_1_never_scheduled', 'dataset_produces_1', 'dataset_consumes_unknown_never_scheduled' retrieved from /home/airflow/.local/lib/python3.8/site-packages/airflow/example_dags/example_datasets.py
[2025-12-06T09:40:25.192+0000] {logging_mixin.py:188} INFO - [2025-12-06T09:40:25.191+0000] {dag.py:3036} INFO - Sync 6 DAGs
[2025-12-06T09:40:25.225+0000] {logging_mixin.py:188} INFO - [2025-12-06T09:40:25.225+0000] {dag.py:3823} INFO - Setting next_dagrun for dataset_consumes_1 to None, run_after=None
[2025-12-06T09:40:25.231+0000] {logging_mixin.py:188} INFO - [2025-12-06T09:40:25.231+0000] {dag.py:3823} INFO - Setting next_dagrun for dataset_consumes_1_and_2 to None, run_after=None
[2025-12-06T09:40:25.234+0000] {logging_mixin.py:188} INFO - [2025-12-06T09:40:25.234+0000] {dag.py:3823} INFO - Setting next_dagrun for dataset_consumes_1_never_scheduled to None, run_after=None
[2025-12-06T09:40:25.237+0000] {logging_mixin.py:188} INFO - [2025-12-06T09:40:25.237+0000] {dag.py:3823} INFO - Setting next_dagrun for dataset_consumes_unknown_never_scheduled to None, run_after=None
[2025-12-06T09:40:25.242+0000] {logging_mixin.py:188} INFO - [2025-12-06T09:40:25.241+0000] {dag.py:3823} INFO - Setting next_dagrun for dataset_produces_1 to 2025-12-05 00:00:00+00:00, run_after=2025-12-06 00:00:00+00:00
[2025-12-06T09:40:25.244+0000] {logging_mixin.py:188} INFO - [2025-12-06T09:40:25.244+0000] {dag.py:3823} INFO - Setting next_dagrun for dataset_produces_2 to None, run_after=None
[2025-12-06T09:40:25.296+0000] {processor.py:183} INFO - Processing /home/airflow/.local/lib/python3.8/site-packages/airflow/example_dags/example_datasets.py took 0.185 seconds
[2025-12-06T09:40:55.761+0000] {processor.py:161} INFO - Started process (PID=5306) to work on /home/airflow/.local/lib/python3.8/site-packages/airflow/example_dags/example_datasets.py
[2025-12-06T09:40:55.762+0000] {processor.py:830} INFO - Processing file /home/airflow/.local/lib/python3.8/site-packages/airflow/example_dags/example_datasets.py for tasks to queue
[2025-12-06T09:40:55.765+0000] {logging_mixin.py:188} INFO - [2025-12-06T09:40:55.765+0000] {dagbag.py:538} INFO - Filling up the DagBag from /home/airflow/.local/lib/python3.8/site-packages/airflow/example_dags/example_datasets.py
[2025-12-06T09:40:55.779+0000] {processor.py:840} INFO - DAG(s) 'dataset_consumes_1_never_scheduled', 'dataset_produces_2', 'dataset_produces_1', 'dataset_consumes_1_and_2', 'dataset_consumes_unknown_never_scheduled', 'dataset_consumes_1' retrieved from /home/airflow/.local/lib/python3.8/site-packages/airflow/example_dags/example_datasets.py
[2025-12-06T09:40:55.846+0000] {logging_mixin.py:188} INFO - [2025-12-06T09:40:55.846+0000] {dag.py:3036} INFO - Sync 6 DAGs
[2025-12-06T09:40:55.880+0000] {logging_mixin.py:188} INFO - [2025-12-06T09:40:55.880+0000] {dag.py:3823} INFO - Setting next_dagrun for dataset_consumes_1 to None, run_after=None
[2025-12-06T09:40:55.885+0000] {logging_mixin.py:188} INFO - [2025-12-06T09:40:55.885+0000] {dag.py:3823} INFO - Setting next_dagrun for dataset_consumes_1_and_2 to None, run_after=None
[2025-12-06T09:40:55.889+0000] {logging_mixin.py:188} INFO - [2025-12-06T09:40:55.888+0000] {dag.py:3823} INFO - Setting next_dagrun for dataset_consumes_1_never_scheduled to None, run_after=None
[2025-12-06T09:40:55.891+0000] {logging_mixin.py:188} INFO - [2025-12-06T09:40:55.891+0000] {dag.py:3823} INFO - Setting next_dagrun for dataset_consumes_unknown_never_scheduled to None, run_after=None
[2025-12-06T09:40:55.895+0000] {logging_mixin.py:188} INFO - [2025-12-06T09:40:55.895+0000] {dag.py:3823} INFO - Setting next_dagrun for dataset_produces_1 to 2025-12-05 00:00:00+00:00, run_after=2025-12-06 00:00:00+00:00
[2025-12-06T09:40:55.897+0000] {logging_mixin.py:188} INFO - [2025-12-06T09:40:55.897+0000] {dag.py:3823} INFO - Setting next_dagrun for dataset_produces_2 to None, run_after=None
[2025-12-06T09:40:55.943+0000] {processor.py:183} INFO - Processing /home/airflow/.local/lib/python3.8/site-packages/airflow/example_dags/example_datasets.py took 0.188 seconds
[2025-12-06T09:41:26.036+0000] {processor.py:161} INFO - Started process (PID=5365) to work on /home/airflow/.local/lib/python3.8/site-packages/airflow/example_dags/example_datasets.py
[2025-12-06T09:41:26.038+0000] {processor.py:830} INFO - Processing file /home/airflow/.local/lib/python3.8/site-packages/airflow/example_dags/example_datasets.py for tasks to queue
[2025-12-06T09:41:26.041+0000] {logging_mixin.py:188} INFO - [2025-12-06T09:41:26.041+0000] {dagbag.py:538} INFO - Filling up the DagBag from /home/airflow/.local/lib/python3.8/site-packages/airflow/example_dags/example_datasets.py
[2025-12-06T09:41:26.056+0000] {processor.py:840} INFO - DAG(s) 'dataset_produces_1', 'dataset_consumes_1', 'dataset_produces_2', 'dataset_consumes_unknown_never_scheduled', 'dataset_consumes_1_and_2', 'dataset_consumes_1_never_scheduled' retrieved from /home/airflow/.local/lib/python3.8/site-packages/airflow/example_dags/example_datasets.py
[2025-12-06T09:41:26.119+0000] {logging_mixin.py:188} INFO - [2025-12-06T09:41:26.118+0000] {dag.py:3036} INFO - Sync 6 DAGs
[2025-12-06T09:41:26.160+0000] {logging_mixin.py:188} INFO - [2025-12-06T09:41:26.160+0000] {dag.py:3823} INFO - Setting next_dagrun for dataset_consumes_1 to None, run_after=None
[2025-12-06T09:41:26.165+0000] {logging_mixin.py:188} INFO - [2025-12-06T09:41:26.164+0000] {dag.py:3823} INFO - Setting next_dagrun for dataset_consumes_1_and_2 to None, run_after=None
[2025-12-06T09:41:26.168+0000] {logging_mixin.py:188} INFO - [2025-12-06T09:41:26.168+0000] {dag.py:3823} INFO - Setting next_dagrun for dataset_consumes_1_never_scheduled to None, run_after=None
[2025-12-06T09:41:26.170+0000] {logging_mixin.py:188} INFO - [2025-12-06T09:41:26.170+0000] {dag.py:3823} INFO - Setting next_dagrun for dataset_consumes_unknown_never_scheduled to None, run_after=None
[2025-12-06T09:41:26.174+0000] {logging_mixin.py:188} INFO - [2025-12-06T09:41:26.174+0000] {dag.py:3823} INFO - Setting next_dagrun for dataset_produces_1 to 2025-12-05 00:00:00+00:00, run_after=2025-12-06 00:00:00+00:00
[2025-12-06T09:41:26.177+0000] {logging_mixin.py:188} INFO - [2025-12-06T09:41:26.177+0000] {dag.py:3823} INFO - Setting next_dagrun for dataset_produces_2 to None, run_after=None
[2025-12-06T09:41:26.220+0000] {processor.py:183} INFO - Processing /home/airflow/.local/lib/python3.8/site-packages/airflow/example_dags/example_datasets.py took 0.189 seconds
[2025-12-06T09:41:56.531+0000] {processor.py:161} INFO - Started process (PID=5424) to work on /home/airflow/.local/lib/python3.8/site-packages/airflow/example_dags/example_datasets.py
[2025-12-06T09:41:56.532+0000] {processor.py:830} INFO - Processing file /home/airflow/.local/lib/python3.8/site-packages/airflow/example_dags/example_datasets.py for tasks to queue
[2025-12-06T09:41:56.535+0000] {logging_mixin.py:188} INFO - [2025-12-06T09:41:56.535+0000] {dagbag.py:538} INFO - Filling up the DagBag from /home/airflow/.local/lib/python3.8/site-packages/airflow/example_dags/example_datasets.py
[2025-12-06T09:41:56.549+0000] {processor.py:840} INFO - DAG(s) 'dataset_produces_2', 'dataset_consumes_unknown_never_scheduled', 'dataset_consumes_1_and_2', 'dataset_consumes_1', 'dataset_produces_1', 'dataset_consumes_1_never_scheduled' retrieved from /home/airflow/.local/lib/python3.8/site-packages/airflow/example_dags/example_datasets.py
[2025-12-06T09:41:56.619+0000] {logging_mixin.py:188} INFO - [2025-12-06T09:41:56.618+0000] {dag.py:3036} INFO - Sync 6 DAGs
[2025-12-06T09:41:56.658+0000] {logging_mixin.py:188} INFO - [2025-12-06T09:41:56.658+0000] {dag.py:3823} INFO - Setting next_dagrun for dataset_consumes_1 to None, run_after=None
[2025-12-06T09:41:56.664+0000] {logging_mixin.py:188} INFO - [2025-12-06T09:41:56.664+0000] {dag.py:3823} INFO - Setting next_dagrun for dataset_consumes_1_and_2 to None, run_after=None
[2025-12-06T09:41:56.667+0000] {logging_mixin.py:188} INFO - [2025-12-06T09:41:56.667+0000] {dag.py:3823} INFO - Setting next_dagrun for dataset_consumes_1_never_scheduled to None, run_after=None
[2025-12-06T09:41:56.670+0000] {logging_mixin.py:188} INFO - [2025-12-06T09:41:56.669+0000] {dag.py:3823} INFO - Setting next_dagrun for dataset_consumes_unknown_never_scheduled to None, run_after=None
[2025-12-06T09:41:56.674+0000] {logging_mixin.py:188} INFO - [2025-12-06T09:41:56.674+0000] {dag.py:3823} INFO - Setting next_dagrun for dataset_produces_1 to 2025-12-05 00:00:00+00:00, run_after=2025-12-06 00:00:00+00:00
[2025-12-06T09:41:56.676+0000] {logging_mixin.py:188} INFO - [2025-12-06T09:41:56.676+0000] {dag.py:3823} INFO - Setting next_dagrun for dataset_produces_2 to None, run_after=None
[2025-12-06T09:41:56.733+0000] {processor.py:183} INFO - Processing /home/airflow/.local/lib/python3.8/site-packages/airflow/example_dags/example_datasets.py took 0.207 seconds
[2025-12-06T09:42:26.824+0000] {processor.py:161} INFO - Started process (PID=5484) to work on /home/airflow/.local/lib/python3.8/site-packages/airflow/example_dags/example_datasets.py
[2025-12-06T09:42:26.825+0000] {processor.py:830} INFO - Processing file /home/airflow/.local/lib/python3.8/site-packages/airflow/example_dags/example_datasets.py for tasks to queue
[2025-12-06T09:42:26.828+0000] {logging_mixin.py:188} INFO - [2025-12-06T09:42:26.828+0000] {dagbag.py:538} INFO - Filling up the DagBag from /home/airflow/.local/lib/python3.8/site-packages/airflow/example_dags/example_datasets.py
[2025-12-06T09:42:26.844+0000] {processor.py:840} INFO - DAG(s) 'dataset_produces_1', 'dataset_consumes_1_and_2', 'dataset_consumes_unknown_never_scheduled', 'dataset_produces_2', 'dataset_consumes_1_never_scheduled', 'dataset_consumes_1' retrieved from /home/airflow/.local/lib/python3.8/site-packages/airflow/example_dags/example_datasets.py
[2025-12-06T09:42:26.896+0000] {logging_mixin.py:188} INFO - [2025-12-06T09:42:26.895+0000] {dag.py:3036} INFO - Sync 6 DAGs
[2025-12-06T09:42:26.925+0000] {logging_mixin.py:188} INFO - [2025-12-06T09:42:26.925+0000] {dag.py:3823} INFO - Setting next_dagrun for dataset_consumes_1 to None, run_after=None
[2025-12-06T09:42:26.930+0000] {logging_mixin.py:188} INFO - [2025-12-06T09:42:26.930+0000] {dag.py:3823} INFO - Setting next_dagrun for dataset_consumes_1_and_2 to None, run_after=None
[2025-12-06T09:42:26.933+0000] {logging_mixin.py:188} INFO - [2025-12-06T09:42:26.932+0000] {dag.py:3823} INFO - Setting next_dagrun for dataset_consumes_1_never_scheduled to None, run_after=None
[2025-12-06T09:42:26.935+0000] {logging_mixin.py:188} INFO - [2025-12-06T09:42:26.935+0000] {dag.py:3823} INFO - Setting next_dagrun for dataset_consumes_unknown_never_scheduled to None, run_after=None
[2025-12-06T09:42:26.939+0000] {logging_mixin.py:188} INFO - [2025-12-06T09:42:26.939+0000] {dag.py:3823} INFO - Setting next_dagrun for dataset_produces_1 to 2025-12-05 00:00:00+00:00, run_after=2025-12-06 00:00:00+00:00
[2025-12-06T09:42:26.942+0000] {logging_mixin.py:188} INFO - [2025-12-06T09:42:26.941+0000] {dag.py:3823} INFO - Setting next_dagrun for dataset_produces_2 to None, run_after=None
[2025-12-06T09:42:26.991+0000] {processor.py:183} INFO - Processing /home/airflow/.local/lib/python3.8/site-packages/airflow/example_dags/example_datasets.py took 0.173 seconds
[2025-12-06T09:42:57.042+0000] {processor.py:161} INFO - Started process (PID=5543) to work on /home/airflow/.local/lib/python3.8/site-packages/airflow/example_dags/example_datasets.py
[2025-12-06T09:42:57.044+0000] {processor.py:830} INFO - Processing file /home/airflow/.local/lib/python3.8/site-packages/airflow/example_dags/example_datasets.py for tasks to queue
[2025-12-06T09:42:57.047+0000] {logging_mixin.py:188} INFO - [2025-12-06T09:42:57.047+0000] {dagbag.py:538} INFO - Filling up the DagBag from /home/airflow/.local/lib/python3.8/site-packages/airflow/example_dags/example_datasets.py
[2025-12-06T09:42:57.063+0000] {processor.py:840} INFO - DAG(s) 'dataset_produces_1', 'dataset_consumes_1_never_scheduled', 'dataset_produces_2', 'dataset_consumes_unknown_never_scheduled', 'dataset_consumes_1', 'dataset_consumes_1_and_2' retrieved from /home/airflow/.local/lib/python3.8/site-packages/airflow/example_dags/example_datasets.py
[2025-12-06T09:42:57.113+0000] {logging_mixin.py:188} INFO - [2025-12-06T09:42:57.113+0000] {dag.py:3036} INFO - Sync 6 DAGs
[2025-12-06T09:42:57.147+0000] {logging_mixin.py:188} INFO - [2025-12-06T09:42:57.146+0000] {dag.py:3823} INFO - Setting next_dagrun for dataset_consumes_1 to None, run_after=None
[2025-12-06T09:42:57.153+0000] {logging_mixin.py:188} INFO - [2025-12-06T09:42:57.152+0000] {dag.py:3823} INFO - Setting next_dagrun for dataset_consumes_1_and_2 to None, run_after=None
[2025-12-06T09:42:57.155+0000] {logging_mixin.py:188} INFO - [2025-12-06T09:42:57.155+0000] {dag.py:3823} INFO - Setting next_dagrun for dataset_consumes_1_never_scheduled to None, run_after=None
[2025-12-06T09:42:57.158+0000] {logging_mixin.py:188} INFO - [2025-12-06T09:42:57.157+0000] {dag.py:3823} INFO - Setting next_dagrun for dataset_consumes_unknown_never_scheduled to None, run_after=None
[2025-12-06T09:42:57.162+0000] {logging_mixin.py:188} INFO - [2025-12-06T09:42:57.162+0000] {dag.py:3823} INFO - Setting next_dagrun for dataset_produces_1 to 2025-12-05 00:00:00+00:00, run_after=2025-12-06 00:00:00+00:00
[2025-12-06T09:42:57.165+0000] {logging_mixin.py:188} INFO - [2025-12-06T09:42:57.164+0000] {dag.py:3823} INFO - Setting next_dagrun for dataset_produces_2 to None, run_after=None
[2025-12-06T09:42:57.214+0000] {processor.py:183} INFO - Processing /home/airflow/.local/lib/python3.8/site-packages/airflow/example_dags/example_datasets.py took 0.177 seconds
[2025-12-06T09:43:27.295+0000] {processor.py:161} INFO - Started process (PID=5601) to work on /home/airflow/.local/lib/python3.8/site-packages/airflow/example_dags/example_datasets.py
[2025-12-06T09:43:27.297+0000] {processor.py:830} INFO - Processing file /home/airflow/.local/lib/python3.8/site-packages/airflow/example_dags/example_datasets.py for tasks to queue
[2025-12-06T09:43:27.299+0000] {logging_mixin.py:188} INFO - [2025-12-06T09:43:27.299+0000] {dagbag.py:538} INFO - Filling up the DagBag from /home/airflow/.local/lib/python3.8/site-packages/airflow/example_dags/example_datasets.py
[2025-12-06T09:43:27.314+0000] {processor.py:840} INFO - DAG(s) 'dataset_produces_1', 'dataset_consumes_1_never_scheduled', 'dataset_produces_2', 'dataset_consumes_1_and_2', 'dataset_consumes_unknown_never_scheduled', 'dataset_consumes_1' retrieved from /home/airflow/.local/lib/python3.8/site-packages/airflow/example_dags/example_datasets.py
[2025-12-06T09:43:27.373+0000] {logging_mixin.py:188} INFO - [2025-12-06T09:43:27.373+0000] {dag.py:3036} INFO - Sync 6 DAGs
[2025-12-06T09:43:27.409+0000] {logging_mixin.py:188} INFO - [2025-12-06T09:43:27.409+0000] {dag.py:3823} INFO - Setting next_dagrun for dataset_consumes_1 to None, run_after=None
[2025-12-06T09:43:27.416+0000] {logging_mixin.py:188} INFO - [2025-12-06T09:43:27.416+0000] {dag.py:3823} INFO - Setting next_dagrun for dataset_consumes_1_and_2 to None, run_after=None
[2025-12-06T09:43:27.419+0000] {logging_mixin.py:188} INFO - [2025-12-06T09:43:27.418+0000] {dag.py:3823} INFO - Setting next_dagrun for dataset_consumes_1_never_scheduled to None, run_after=None
[2025-12-06T09:43:27.421+0000] {logging_mixin.py:188} INFO - [2025-12-06T09:43:27.421+0000] {dag.py:3823} INFO - Setting next_dagrun for dataset_consumes_unknown_never_scheduled to None, run_after=None
[2025-12-06T09:43:27.427+0000] {logging_mixin.py:188} INFO - [2025-12-06T09:43:27.426+0000] {dag.py:3823} INFO - Setting next_dagrun for dataset_produces_1 to 2025-12-05 00:00:00+00:00, run_after=2025-12-06 00:00:00+00:00
[2025-12-06T09:43:27.429+0000] {logging_mixin.py:188} INFO - [2025-12-06T09:43:27.429+0000] {dag.py:3823} INFO - Setting next_dagrun for dataset_produces_2 to None, run_after=None
[2025-12-06T09:43:27.482+0000] {processor.py:183} INFO - Processing /home/airflow/.local/lib/python3.8/site-packages/airflow/example_dags/example_datasets.py took 0.194 seconds
[2025-12-06T09:43:57.557+0000] {processor.py:161} INFO - Started process (PID=5661) to work on /home/airflow/.local/lib/python3.8/site-packages/airflow/example_dags/example_datasets.py
[2025-12-06T09:43:57.558+0000] {processor.py:830} INFO - Processing file /home/airflow/.local/lib/python3.8/site-packages/airflow/example_dags/example_datasets.py for tasks to queue
[2025-12-06T09:43:57.561+0000] {logging_mixin.py:188} INFO - [2025-12-06T09:43:57.561+0000] {dagbag.py:538} INFO - Filling up the DagBag from /home/airflow/.local/lib/python3.8/site-packages/airflow/example_dags/example_datasets.py
[2025-12-06T09:43:57.577+0000] {processor.py:840} INFO - DAG(s) 'dataset_produces_1', 'dataset_consumes_unknown_never_scheduled', 'dataset_consumes_1_and_2', 'dataset_consumes_1', 'dataset_produces_2', 'dataset_consumes_1_never_scheduled' retrieved from /home/airflow/.local/lib/python3.8/site-packages/airflow/example_dags/example_datasets.py
[2025-12-06T09:43:57.630+0000] {logging_mixin.py:188} INFO - [2025-12-06T09:43:57.630+0000] {dag.py:3036} INFO - Sync 6 DAGs
[2025-12-06T09:43:57.662+0000] {logging_mixin.py:188} INFO - [2025-12-06T09:43:57.661+0000] {dag.py:3823} INFO - Setting next_dagrun for dataset_consumes_1 to None, run_after=None
[2025-12-06T09:43:57.667+0000] {logging_mixin.py:188} INFO - [2025-12-06T09:43:57.667+0000] {dag.py:3823} INFO - Setting next_dagrun for dataset_consumes_1_and_2 to None, run_after=None
[2025-12-06T09:43:57.670+0000] {logging_mixin.py:188} INFO - [2025-12-06T09:43:57.669+0000] {dag.py:3823} INFO - Setting next_dagrun for dataset_consumes_1_never_scheduled to None, run_after=None
[2025-12-06T09:43:57.672+0000] {logging_mixin.py:188} INFO - [2025-12-06T09:43:57.672+0000] {dag.py:3823} INFO - Setting next_dagrun for dataset_consumes_unknown_never_scheduled to None, run_after=None
[2025-12-06T09:43:57.677+0000] {logging_mixin.py:188} INFO - [2025-12-06T09:43:57.676+0000] {dag.py:3823} INFO - Setting next_dagrun for dataset_produces_1 to 2025-12-05 00:00:00+00:00, run_after=2025-12-06 00:00:00+00:00
[2025-12-06T09:43:57.679+0000] {logging_mixin.py:188} INFO - [2025-12-06T09:43:57.679+0000] {dag.py:3823} INFO - Setting next_dagrun for dataset_produces_2 to None, run_after=None
[2025-12-06T09:43:57.728+0000] {processor.py:183} INFO - Processing /home/airflow/.local/lib/python3.8/site-packages/airflow/example_dags/example_datasets.py took 0.176 seconds
[2025-12-06T09:44:27.865+0000] {processor.py:161} INFO - Started process (PID=5719) to work on /home/airflow/.local/lib/python3.8/site-packages/airflow/example_dags/example_datasets.py
[2025-12-06T09:44:27.867+0000] {processor.py:830} INFO - Processing file /home/airflow/.local/lib/python3.8/site-packages/airflow/example_dags/example_datasets.py for tasks to queue
[2025-12-06T09:44:27.870+0000] {logging_mixin.py:188} INFO - [2025-12-06T09:44:27.869+0000] {dagbag.py:538} INFO - Filling up the DagBag from /home/airflow/.local/lib/python3.8/site-packages/airflow/example_dags/example_datasets.py
[2025-12-06T09:44:27.885+0000] {processor.py:840} INFO - DAG(s) 'dataset_produces_2', 'dataset_produces_1', 'dataset_consumes_1', 'dataset_consumes_unknown_never_scheduled', 'dataset_consumes_1_never_scheduled', 'dataset_consumes_1_and_2' retrieved from /home/airflow/.local/lib/python3.8/site-packages/airflow/example_dags/example_datasets.py
[2025-12-06T09:44:27.947+0000] {logging_mixin.py:188} INFO - [2025-12-06T09:44:27.946+0000] {dag.py:3036} INFO - Sync 6 DAGs
[2025-12-06T09:44:27.982+0000] {logging_mixin.py:188} INFO - [2025-12-06T09:44:27.982+0000] {dag.py:3823} INFO - Setting next_dagrun for dataset_consumes_1 to None, run_after=None
[2025-12-06T09:44:27.988+0000] {logging_mixin.py:188} INFO - [2025-12-06T09:44:27.988+0000] {dag.py:3823} INFO - Setting next_dagrun for dataset_consumes_1_and_2 to None, run_after=None
[2025-12-06T09:44:27.991+0000] {logging_mixin.py:188} INFO - [2025-12-06T09:44:27.991+0000] {dag.py:3823} INFO - Setting next_dagrun for dataset_consumes_1_never_scheduled to None, run_after=None
[2025-12-06T09:44:27.993+0000] {logging_mixin.py:188} INFO - [2025-12-06T09:44:27.993+0000] {dag.py:3823} INFO - Setting next_dagrun for dataset_consumes_unknown_never_scheduled to None, run_after=None
[2025-12-06T09:44:27.999+0000] {logging_mixin.py:188} INFO - [2025-12-06T09:44:27.999+0000] {dag.py:3823} INFO - Setting next_dagrun for dataset_produces_1 to 2025-12-05 00:00:00+00:00, run_after=2025-12-06 00:00:00+00:00
[2025-12-06T09:44:28.001+0000] {logging_mixin.py:188} INFO - [2025-12-06T09:44:28.001+0000] {dag.py:3823} INFO - Setting next_dagrun for dataset_produces_2 to None, run_after=None
[2025-12-06T09:44:28.054+0000] {processor.py:183} INFO - Processing /home/airflow/.local/lib/python3.8/site-packages/airflow/example_dags/example_datasets.py took 0.195 seconds
[2025-12-06T09:44:58.136+0000] {processor.py:161} INFO - Started process (PID=5778) to work on /home/airflow/.local/lib/python3.8/site-packages/airflow/example_dags/example_datasets.py
[2025-12-06T09:44:58.138+0000] {processor.py:830} INFO - Processing file /home/airflow/.local/lib/python3.8/site-packages/airflow/example_dags/example_datasets.py for tasks to queue
[2025-12-06T09:44:58.141+0000] {logging_mixin.py:188} INFO - [2025-12-06T09:44:58.141+0000] {dagbag.py:538} INFO - Filling up the DagBag from /home/airflow/.local/lib/python3.8/site-packages/airflow/example_dags/example_datasets.py
[2025-12-06T09:44:58.158+0000] {processor.py:840} INFO - DAG(s) 'dataset_produces_1', 'dataset_consumes_1_and_2', 'dataset_consumes_1_never_scheduled', 'dataset_consumes_unknown_never_scheduled', 'dataset_consumes_1', 'dataset_produces_2' retrieved from /home/airflow/.local/lib/python3.8/site-packages/airflow/example_dags/example_datasets.py
[2025-12-06T09:44:58.222+0000] {logging_mixin.py:188} INFO - [2025-12-06T09:44:58.222+0000] {dag.py:3036} INFO - Sync 6 DAGs
[2025-12-06T09:44:58.261+0000] {logging_mixin.py:188} INFO - [2025-12-06T09:44:58.261+0000] {dag.py:3823} INFO - Setting next_dagrun for dataset_consumes_1 to None, run_after=None
[2025-12-06T09:44:58.267+0000] {logging_mixin.py:188} INFO - [2025-12-06T09:44:58.266+0000] {dag.py:3823} INFO - Setting next_dagrun for dataset_consumes_1_and_2 to None, run_after=None
[2025-12-06T09:44:58.270+0000] {logging_mixin.py:188} INFO - [2025-12-06T09:44:58.270+0000] {dag.py:3823} INFO - Setting next_dagrun for dataset_consumes_1_never_scheduled to None, run_after=None
[2025-12-06T09:44:58.273+0000] {logging_mixin.py:188} INFO - [2025-12-06T09:44:58.273+0000] {dag.py:3823} INFO - Setting next_dagrun for dataset_consumes_unknown_never_scheduled to None, run_after=None
[2025-12-06T09:44:58.279+0000] {logging_mixin.py:188} INFO - [2025-12-06T09:44:58.278+0000] {dag.py:3823} INFO - Setting next_dagrun for dataset_produces_1 to 2025-12-05 00:00:00+00:00, run_after=2025-12-06 00:00:00+00:00
[2025-12-06T09:44:58.282+0000] {logging_mixin.py:188} INFO - [2025-12-06T09:44:58.281+0000] {dag.py:3823} INFO - Setting next_dagrun for dataset_produces_2 to None, run_after=None
[2025-12-06T09:44:58.340+0000] {processor.py:183} INFO - Processing /home/airflow/.local/lib/python3.8/site-packages/airflow/example_dags/example_datasets.py took 0.210 seconds
[2025-12-06T09:45:28.431+0000] {processor.py:161} INFO - Started process (PID=5837) to work on /home/airflow/.local/lib/python3.8/site-packages/airflow/example_dags/example_datasets.py
[2025-12-06T09:45:28.435+0000] {processor.py:830} INFO - Processing file /home/airflow/.local/lib/python3.8/site-packages/airflow/example_dags/example_datasets.py for tasks to queue
[2025-12-06T09:45:28.437+0000] {logging_mixin.py:188} INFO - [2025-12-06T09:45:28.437+0000] {dagbag.py:538} INFO - Filling up the DagBag from /home/airflow/.local/lib/python3.8/site-packages/airflow/example_dags/example_datasets.py
[2025-12-06T09:45:28.452+0000] {processor.py:840} INFO - DAG(s) 'dataset_consumes_1', 'dataset_consumes_1_never_scheduled', 'dataset_consumes_1_and_2', 'dataset_produces_1', 'dataset_consumes_unknown_never_scheduled', 'dataset_produces_2' retrieved from /home/airflow/.local/lib/python3.8/site-packages/airflow/example_dags/example_datasets.py
[2025-12-06T09:45:28.510+0000] {logging_mixin.py:188} INFO - [2025-12-06T09:45:28.510+0000] {dag.py:3036} INFO - Sync 6 DAGs
[2025-12-06T09:45:28.547+0000] {logging_mixin.py:188} INFO - [2025-12-06T09:45:28.547+0000] {dag.py:3823} INFO - Setting next_dagrun for dataset_consumes_1 to None, run_after=None
[2025-12-06T09:45:28.554+0000] {logging_mixin.py:188} INFO - [2025-12-06T09:45:28.554+0000] {dag.py:3823} INFO - Setting next_dagrun for dataset_consumes_1_and_2 to None, run_after=None
[2025-12-06T09:45:28.557+0000] {logging_mixin.py:188} INFO - [2025-12-06T09:45:28.556+0000] {dag.py:3823} INFO - Setting next_dagrun for dataset_consumes_1_never_scheduled to None, run_after=None
[2025-12-06T09:45:28.559+0000] {logging_mixin.py:188} INFO - [2025-12-06T09:45:28.559+0000] {dag.py:3823} INFO - Setting next_dagrun for dataset_consumes_unknown_never_scheduled to None, run_after=None
[2025-12-06T09:45:28.564+0000] {logging_mixin.py:188} INFO - [2025-12-06T09:45:28.563+0000] {dag.py:3823} INFO - Setting next_dagrun for dataset_produces_1 to 2025-12-05 00:00:00+00:00, run_after=2025-12-06 00:00:00+00:00
[2025-12-06T09:45:28.566+0000] {logging_mixin.py:188} INFO - [2025-12-06T09:45:28.566+0000] {dag.py:3823} INFO - Setting next_dagrun for dataset_produces_2 to None, run_after=None
[2025-12-06T09:45:28.611+0000] {processor.py:183} INFO - Processing /home/airflow/.local/lib/python3.8/site-packages/airflow/example_dags/example_datasets.py took 0.184 seconds
[2025-12-06T09:45:59.269+0000] {processor.py:161} INFO - Started process (PID=5896) to work on /home/airflow/.local/lib/python3.8/site-packages/airflow/example_dags/example_datasets.py
[2025-12-06T09:45:59.270+0000] {processor.py:830} INFO - Processing file /home/airflow/.local/lib/python3.8/site-packages/airflow/example_dags/example_datasets.py for tasks to queue
[2025-12-06T09:45:59.273+0000] {logging_mixin.py:188} INFO - [2025-12-06T09:45:59.273+0000] {dagbag.py:538} INFO - Filling up the DagBag from /home/airflow/.local/lib/python3.8/site-packages/airflow/example_dags/example_datasets.py
[2025-12-06T09:45:59.292+0000] {processor.py:840} INFO - DAG(s) 'dataset_consumes_unknown_never_scheduled', 'dataset_produces_2', 'dataset_consumes_1', 'dataset_consumes_1_and_2', 'dataset_consumes_1_never_scheduled', 'dataset_produces_1' retrieved from /home/airflow/.local/lib/python3.8/site-packages/airflow/example_dags/example_datasets.py
[2025-12-06T09:45:59.355+0000] {logging_mixin.py:188} INFO - [2025-12-06T09:45:59.354+0000] {dag.py:3036} INFO - Sync 6 DAGs
[2025-12-06T09:45:59.389+0000] {logging_mixin.py:188} INFO - [2025-12-06T09:45:59.389+0000] {dag.py:3823} INFO - Setting next_dagrun for dataset_consumes_1 to None, run_after=None
[2025-12-06T09:45:59.395+0000] {logging_mixin.py:188} INFO - [2025-12-06T09:45:59.395+0000] {dag.py:3823} INFO - Setting next_dagrun for dataset_consumes_1_and_2 to None, run_after=None
[2025-12-06T09:45:59.398+0000] {logging_mixin.py:188} INFO - [2025-12-06T09:45:59.398+0000] {dag.py:3823} INFO - Setting next_dagrun for dataset_consumes_1_never_scheduled to None, run_after=None
[2025-12-06T09:45:59.400+0000] {logging_mixin.py:188} INFO - [2025-12-06T09:45:59.400+0000] {dag.py:3823} INFO - Setting next_dagrun for dataset_consumes_unknown_never_scheduled to None, run_after=None
[2025-12-06T09:45:59.405+0000] {logging_mixin.py:188} INFO - [2025-12-06T09:45:59.405+0000] {dag.py:3823} INFO - Setting next_dagrun for dataset_produces_1 to 2025-12-05 00:00:00+00:00, run_after=2025-12-06 00:00:00+00:00
[2025-12-06T09:45:59.408+0000] {logging_mixin.py:188} INFO - [2025-12-06T09:45:59.407+0000] {dag.py:3823} INFO - Setting next_dagrun for dataset_produces_2 to None, run_after=None
[2025-12-06T09:45:59.450+0000] {processor.py:183} INFO - Processing /home/airflow/.local/lib/python3.8/site-packages/airflow/example_dags/example_datasets.py took 0.188 seconds
[2025-12-06T09:46:29.506+0000] {processor.py:161} INFO - Started process (PID=5953) to work on /home/airflow/.local/lib/python3.8/site-packages/airflow/example_dags/example_datasets.py
[2025-12-06T09:46:29.508+0000] {processor.py:830} INFO - Processing file /home/airflow/.local/lib/python3.8/site-packages/airflow/example_dags/example_datasets.py for tasks to queue
[2025-12-06T09:46:29.511+0000] {logging_mixin.py:188} INFO - [2025-12-06T09:46:29.511+0000] {dagbag.py:538} INFO - Filling up the DagBag from /home/airflow/.local/lib/python3.8/site-packages/airflow/example_dags/example_datasets.py
[2025-12-06T09:46:29.525+0000] {processor.py:840} INFO - DAG(s) 'dataset_consumes_1_never_scheduled', 'dataset_produces_2', 'dataset_produces_1', 'dataset_consumes_1', 'dataset_consumes_unknown_never_scheduled', 'dataset_consumes_1_and_2' retrieved from /home/airflow/.local/lib/python3.8/site-packages/airflow/example_dags/example_datasets.py
[2025-12-06T09:46:29.576+0000] {logging_mixin.py:188} INFO - [2025-12-06T09:46:29.576+0000] {dag.py:3036} INFO - Sync 6 DAGs
[2025-12-06T09:46:29.609+0000] {logging_mixin.py:188} INFO - [2025-12-06T09:46:29.608+0000] {dag.py:3823} INFO - Setting next_dagrun for dataset_consumes_1 to None, run_after=None
[2025-12-06T09:46:29.614+0000] {logging_mixin.py:188} INFO - [2025-12-06T09:46:29.614+0000] {dag.py:3823} INFO - Setting next_dagrun for dataset_consumes_1_and_2 to None, run_after=None
[2025-12-06T09:46:29.617+0000] {logging_mixin.py:188} INFO - [2025-12-06T09:46:29.617+0000] {dag.py:3823} INFO - Setting next_dagrun for dataset_consumes_1_never_scheduled to None, run_after=None
[2025-12-06T09:46:29.619+0000] {logging_mixin.py:188} INFO - [2025-12-06T09:46:29.619+0000] {dag.py:3823} INFO - Setting next_dagrun for dataset_consumes_unknown_never_scheduled to None, run_after=None
[2025-12-06T09:46:29.624+0000] {logging_mixin.py:188} INFO - [2025-12-06T09:46:29.624+0000] {dag.py:3823} INFO - Setting next_dagrun for dataset_produces_1 to 2025-12-05 00:00:00+00:00, run_after=2025-12-06 00:00:00+00:00
[2025-12-06T09:46:29.628+0000] {logging_mixin.py:188} INFO - [2025-12-06T09:46:29.627+0000] {dag.py:3823} INFO - Setting next_dagrun for dataset_produces_2 to None, run_after=None
[2025-12-06T09:46:29.694+0000] {processor.py:183} INFO - Processing /home/airflow/.local/lib/python3.8/site-packages/airflow/example_dags/example_datasets.py took 0.192 seconds
[2025-12-06T09:47:00.257+0000] {processor.py:161} INFO - Started process (PID=6012) to work on /home/airflow/.local/lib/python3.8/site-packages/airflow/example_dags/example_datasets.py
[2025-12-06T09:47:00.259+0000] {processor.py:830} INFO - Processing file /home/airflow/.local/lib/python3.8/site-packages/airflow/example_dags/example_datasets.py for tasks to queue
[2025-12-06T09:47:00.262+0000] {logging_mixin.py:188} INFO - [2025-12-06T09:47:00.262+0000] {dagbag.py:538} INFO - Filling up the DagBag from /home/airflow/.local/lib/python3.8/site-packages/airflow/example_dags/example_datasets.py
[2025-12-06T09:47:00.276+0000] {processor.py:840} INFO - DAG(s) 'dataset_consumes_1', 'dataset_produces_2', 'dataset_consumes_1_and_2', 'dataset_produces_1', 'dataset_consumes_unknown_never_scheduled', 'dataset_consumes_1_never_scheduled' retrieved from /home/airflow/.local/lib/python3.8/site-packages/airflow/example_dags/example_datasets.py
[2025-12-06T09:47:00.339+0000] {logging_mixin.py:188} INFO - [2025-12-06T09:47:00.338+0000] {dag.py:3036} INFO - Sync 6 DAGs
[2025-12-06T09:47:00.374+0000] {logging_mixin.py:188} INFO - [2025-12-06T09:47:00.374+0000] {dag.py:3823} INFO - Setting next_dagrun for dataset_consumes_1 to None, run_after=None
[2025-12-06T09:47:00.382+0000] {logging_mixin.py:188} INFO - [2025-12-06T09:47:00.381+0000] {dag.py:3823} INFO - Setting next_dagrun for dataset_consumes_1_and_2 to None, run_after=None
[2025-12-06T09:47:00.384+0000] {logging_mixin.py:188} INFO - [2025-12-06T09:47:00.384+0000] {dag.py:3823} INFO - Setting next_dagrun for dataset_consumes_1_never_scheduled to None, run_after=None
[2025-12-06T09:47:00.386+0000] {logging_mixin.py:188} INFO - [2025-12-06T09:47:00.386+0000] {dag.py:3823} INFO - Setting next_dagrun for dataset_consumes_unknown_never_scheduled to None, run_after=None
[2025-12-06T09:47:00.392+0000] {logging_mixin.py:188} INFO - [2025-12-06T09:47:00.392+0000] {dag.py:3823} INFO - Setting next_dagrun for dataset_produces_1 to 2025-12-05 00:00:00+00:00, run_after=2025-12-06 00:00:00+00:00
[2025-12-06T09:47:00.395+0000] {logging_mixin.py:188} INFO - [2025-12-06T09:47:00.394+0000] {dag.py:3823} INFO - Setting next_dagrun for dataset_produces_2 to None, run_after=None
[2025-12-06T09:47:00.450+0000] {processor.py:183} INFO - Processing /home/airflow/.local/lib/python3.8/site-packages/airflow/example_dags/example_datasets.py took 0.198 seconds
[2025-12-06T09:47:30.844+0000] {processor.py:161} INFO - Started process (PID=6071) to work on /home/airflow/.local/lib/python3.8/site-packages/airflow/example_dags/example_datasets.py
[2025-12-06T09:47:30.846+0000] {processor.py:830} INFO - Processing file /home/airflow/.local/lib/python3.8/site-packages/airflow/example_dags/example_datasets.py for tasks to queue
[2025-12-06T09:47:30.852+0000] {logging_mixin.py:188} INFO - [2025-12-06T09:47:30.851+0000] {dagbag.py:538} INFO - Filling up the DagBag from /home/airflow/.local/lib/python3.8/site-packages/airflow/example_dags/example_datasets.py
[2025-12-06T09:47:30.867+0000] {processor.py:840} INFO - DAG(s) 'dataset_produces_2', 'dataset_consumes_1_never_scheduled', 'dataset_consumes_1', 'dataset_consumes_1_and_2', 'dataset_produces_1', 'dataset_consumes_unknown_never_scheduled' retrieved from /home/airflow/.local/lib/python3.8/site-packages/airflow/example_dags/example_datasets.py
[2025-12-06T09:47:30.927+0000] {logging_mixin.py:188} INFO - [2025-12-06T09:47:30.926+0000] {dag.py:3036} INFO - Sync 6 DAGs
[2025-12-06T09:47:30.965+0000] {logging_mixin.py:188} INFO - [2025-12-06T09:47:30.964+0000] {dag.py:3823} INFO - Setting next_dagrun for dataset_consumes_1 to None, run_after=None
[2025-12-06T09:47:30.971+0000] {logging_mixin.py:188} INFO - [2025-12-06T09:47:30.971+0000] {dag.py:3823} INFO - Setting next_dagrun for dataset_consumes_1_and_2 to None, run_after=None
[2025-12-06T09:47:30.975+0000] {logging_mixin.py:188} INFO - [2025-12-06T09:47:30.974+0000] {dag.py:3823} INFO - Setting next_dagrun for dataset_consumes_1_never_scheduled to None, run_after=None
[2025-12-06T09:47:30.977+0000] {logging_mixin.py:188} INFO - [2025-12-06T09:47:30.977+0000] {dag.py:3823} INFO - Setting next_dagrun for dataset_consumes_unknown_never_scheduled to None, run_after=None
[2025-12-06T09:47:30.982+0000] {logging_mixin.py:188} INFO - [2025-12-06T09:47:30.982+0000] {dag.py:3823} INFO - Setting next_dagrun for dataset_produces_1 to 2025-12-05 00:00:00+00:00, run_after=2025-12-06 00:00:00+00:00
[2025-12-06T09:47:30.984+0000] {logging_mixin.py:188} INFO - [2025-12-06T09:47:30.984+0000] {dag.py:3823} INFO - Setting next_dagrun for dataset_produces_2 to None, run_after=None
[2025-12-06T09:47:31.039+0000] {processor.py:183} INFO - Processing /home/airflow/.local/lib/python3.8/site-packages/airflow/example_dags/example_datasets.py took 0.201 seconds
[2025-12-06T09:48:01.527+0000] {processor.py:161} INFO - Started process (PID=6130) to work on /home/airflow/.local/lib/python3.8/site-packages/airflow/example_dags/example_datasets.py
[2025-12-06T09:48:01.528+0000] {processor.py:830} INFO - Processing file /home/airflow/.local/lib/python3.8/site-packages/airflow/example_dags/example_datasets.py for tasks to queue
[2025-12-06T09:48:01.532+0000] {logging_mixin.py:188} INFO - [2025-12-06T09:48:01.531+0000] {dagbag.py:538} INFO - Filling up the DagBag from /home/airflow/.local/lib/python3.8/site-packages/airflow/example_dags/example_datasets.py
[2025-12-06T09:48:01.546+0000] {processor.py:840} INFO - DAG(s) 'dataset_consumes_1_never_scheduled', 'dataset_produces_2', 'dataset_consumes_1', 'dataset_produces_1', 'dataset_consumes_unknown_never_scheduled', 'dataset_consumes_1_and_2' retrieved from /home/airflow/.local/lib/python3.8/site-packages/airflow/example_dags/example_datasets.py
[2025-12-06T09:48:01.606+0000] {logging_mixin.py:188} INFO - [2025-12-06T09:48:01.606+0000] {dag.py:3036} INFO - Sync 6 DAGs
[2025-12-06T09:48:01.645+0000] {logging_mixin.py:188} INFO - [2025-12-06T09:48:01.645+0000] {dag.py:3823} INFO - Setting next_dagrun for dataset_consumes_1 to None, run_after=None
[2025-12-06T09:48:01.652+0000] {logging_mixin.py:188} INFO - [2025-12-06T09:48:01.652+0000] {dag.py:3823} INFO - Setting next_dagrun for dataset_consumes_1_and_2 to None, run_after=None
[2025-12-06T09:48:01.656+0000] {logging_mixin.py:188} INFO - [2025-12-06T09:48:01.656+0000] {dag.py:3823} INFO - Setting next_dagrun for dataset_consumes_1_never_scheduled to None, run_after=None
[2025-12-06T09:48:01.659+0000] {logging_mixin.py:188} INFO - [2025-12-06T09:48:01.658+0000] {dag.py:3823} INFO - Setting next_dagrun for dataset_consumes_unknown_never_scheduled to None, run_after=None
[2025-12-06T09:48:01.664+0000] {logging_mixin.py:188} INFO - [2025-12-06T09:48:01.664+0000] {dag.py:3823} INFO - Setting next_dagrun for dataset_produces_1 to 2025-12-05 00:00:00+00:00, run_after=2025-12-06 00:00:00+00:00
[2025-12-06T09:48:01.668+0000] {logging_mixin.py:188} INFO - [2025-12-06T09:48:01.668+0000] {dag.py:3823} INFO - Setting next_dagrun for dataset_produces_2 to None, run_after=None
[2025-12-06T09:48:01.722+0000] {processor.py:183} INFO - Processing /home/airflow/.local/lib/python3.8/site-packages/airflow/example_dags/example_datasets.py took 0.203 seconds
[2025-12-06T09:48:32.285+0000] {processor.py:161} INFO - Started process (PID=6189) to work on /home/airflow/.local/lib/python3.8/site-packages/airflow/example_dags/example_datasets.py
[2025-12-06T09:48:32.287+0000] {processor.py:830} INFO - Processing file /home/airflow/.local/lib/python3.8/site-packages/airflow/example_dags/example_datasets.py for tasks to queue
[2025-12-06T09:48:32.291+0000] {logging_mixin.py:188} INFO - [2025-12-06T09:48:32.290+0000] {dagbag.py:538} INFO - Filling up the DagBag from /home/airflow/.local/lib/python3.8/site-packages/airflow/example_dags/example_datasets.py
[2025-12-06T09:48:32.305+0000] {processor.py:840} INFO - DAG(s) 'dataset_produces_1', 'dataset_consumes_unknown_never_scheduled', 'dataset_consumes_1', 'dataset_consumes_1_never_scheduled', 'dataset_produces_2', 'dataset_consumes_1_and_2' retrieved from /home/airflow/.local/lib/python3.8/site-packages/airflow/example_dags/example_datasets.py
[2025-12-06T09:48:32.384+0000] {logging_mixin.py:188} INFO - [2025-12-06T09:48:32.384+0000] {dag.py:3036} INFO - Sync 6 DAGs
[2025-12-06T09:48:32.437+0000] {logging_mixin.py:188} INFO - [2025-12-06T09:48:32.437+0000] {dag.py:3823} INFO - Setting next_dagrun for dataset_consumes_1 to None, run_after=None
[2025-12-06T09:48:32.446+0000] {logging_mixin.py:188} INFO - [2025-12-06T09:48:32.445+0000] {dag.py:3823} INFO - Setting next_dagrun for dataset_consumes_1_and_2 to None, run_after=None
[2025-12-06T09:48:32.450+0000] {logging_mixin.py:188} INFO - [2025-12-06T09:48:32.449+0000] {dag.py:3823} INFO - Setting next_dagrun for dataset_consumes_1_never_scheduled to None, run_after=None
[2025-12-06T09:48:32.453+0000] {logging_mixin.py:188} INFO - [2025-12-06T09:48:32.453+0000] {dag.py:3823} INFO - Setting next_dagrun for dataset_consumes_unknown_never_scheduled to None, run_after=None
[2025-12-06T09:48:32.459+0000] {logging_mixin.py:188} INFO - [2025-12-06T09:48:32.458+0000] {dag.py:3823} INFO - Setting next_dagrun for dataset_produces_1 to 2025-12-05 00:00:00+00:00, run_after=2025-12-06 00:00:00+00:00
[2025-12-06T09:48:32.462+0000] {logging_mixin.py:188} INFO - [2025-12-06T09:48:32.462+0000] {dag.py:3823} INFO - Setting next_dagrun for dataset_produces_2 to None, run_after=None
[2025-12-06T09:48:32.519+0000] {processor.py:183} INFO - Processing /home/airflow/.local/lib/python3.8/site-packages/airflow/example_dags/example_datasets.py took 0.238 seconds
[2025-12-06T09:49:02.975+0000] {processor.py:161} INFO - Started process (PID=6248) to work on /home/airflow/.local/lib/python3.8/site-packages/airflow/example_dags/example_datasets.py
[2025-12-06T09:49:02.976+0000] {processor.py:830} INFO - Processing file /home/airflow/.local/lib/python3.8/site-packages/airflow/example_dags/example_datasets.py for tasks to queue
[2025-12-06T09:49:02.980+0000] {logging_mixin.py:188} INFO - [2025-12-06T09:49:02.979+0000] {dagbag.py:538} INFO - Filling up the DagBag from /home/airflow/.local/lib/python3.8/site-packages/airflow/example_dags/example_datasets.py
[2025-12-06T09:49:02.994+0000] {processor.py:840} INFO - DAG(s) 'dataset_consumes_1_never_scheduled', 'dataset_produces_2', 'dataset_consumes_1_and_2', 'dataset_consumes_1', 'dataset_produces_1', 'dataset_consumes_unknown_never_scheduled' retrieved from /home/airflow/.local/lib/python3.8/site-packages/airflow/example_dags/example_datasets.py
[2025-12-06T09:49:03.057+0000] {logging_mixin.py:188} INFO - [2025-12-06T09:49:03.056+0000] {dag.py:3036} INFO - Sync 6 DAGs
[2025-12-06T09:49:03.092+0000] {logging_mixin.py:188} INFO - [2025-12-06T09:49:03.091+0000] {dag.py:3823} INFO - Setting next_dagrun for dataset_consumes_1 to None, run_after=None
[2025-12-06T09:49:03.098+0000] {logging_mixin.py:188} INFO - [2025-12-06T09:49:03.098+0000] {dag.py:3823} INFO - Setting next_dagrun for dataset_consumes_1_and_2 to None, run_after=None
[2025-12-06T09:49:03.101+0000] {logging_mixin.py:188} INFO - [2025-12-06T09:49:03.101+0000] {dag.py:3823} INFO - Setting next_dagrun for dataset_consumes_1_never_scheduled to None, run_after=None
[2025-12-06T09:49:03.104+0000] {logging_mixin.py:188} INFO - [2025-12-06T09:49:03.104+0000] {dag.py:3823} INFO - Setting next_dagrun for dataset_consumes_unknown_never_scheduled to None, run_after=None
[2025-12-06T09:49:03.109+0000] {logging_mixin.py:188} INFO - [2025-12-06T09:49:03.109+0000] {dag.py:3823} INFO - Setting next_dagrun for dataset_produces_1 to 2025-12-05 00:00:00+00:00, run_after=2025-12-06 00:00:00+00:00
[2025-12-06T09:49:03.111+0000] {logging_mixin.py:188} INFO - [2025-12-06T09:49:03.111+0000] {dag.py:3823} INFO - Setting next_dagrun for dataset_produces_2 to None, run_after=None
[2025-12-06T09:49:03.169+0000] {processor.py:183} INFO - Processing /home/airflow/.local/lib/python3.8/site-packages/airflow/example_dags/example_datasets.py took 0.198 seconds
[2025-12-06T09:49:34.033+0000] {processor.py:161} INFO - Started process (PID=6307) to work on /home/airflow/.local/lib/python3.8/site-packages/airflow/example_dags/example_datasets.py
[2025-12-06T09:49:34.036+0000] {processor.py:830} INFO - Processing file /home/airflow/.local/lib/python3.8/site-packages/airflow/example_dags/example_datasets.py for tasks to queue
[2025-12-06T09:49:34.045+0000] {logging_mixin.py:188} INFO - [2025-12-06T09:49:34.044+0000] {dagbag.py:538} INFO - Filling up the DagBag from /home/airflow/.local/lib/python3.8/site-packages/airflow/example_dags/example_datasets.py
[2025-12-06T09:49:34.085+0000] {processor.py:840} INFO - DAG(s) 'dataset_consumes_unknown_never_scheduled', 'dataset_consumes_1_and_2', 'dataset_consumes_1', 'dataset_produces_2', 'dataset_consumes_1_never_scheduled', 'dataset_produces_1' retrieved from /home/airflow/.local/lib/python3.8/site-packages/airflow/example_dags/example_datasets.py
[2025-12-06T09:49:34.180+0000] {logging_mixin.py:188} INFO - [2025-12-06T09:49:34.180+0000] {dag.py:3036} INFO - Sync 6 DAGs
[2025-12-06T09:49:34.221+0000] {logging_mixin.py:188} INFO - [2025-12-06T09:49:34.221+0000] {dag.py:3823} INFO - Setting next_dagrun for dataset_consumes_1 to None, run_after=None
[2025-12-06T09:49:34.230+0000] {logging_mixin.py:188} INFO - [2025-12-06T09:49:34.229+0000] {dag.py:3823} INFO - Setting next_dagrun for dataset_consumes_1_and_2 to None, run_after=None
[2025-12-06T09:49:34.233+0000] {logging_mixin.py:188} INFO - [2025-12-06T09:49:34.232+0000] {dag.py:3823} INFO - Setting next_dagrun for dataset_consumes_1_never_scheduled to None, run_after=None
[2025-12-06T09:49:34.236+0000] {logging_mixin.py:188} INFO - [2025-12-06T09:49:34.235+0000] {dag.py:3823} INFO - Setting next_dagrun for dataset_consumes_unknown_never_scheduled to None, run_after=None
[2025-12-06T09:49:34.242+0000] {logging_mixin.py:188} INFO - [2025-12-06T09:49:34.241+0000] {dag.py:3823} INFO - Setting next_dagrun for dataset_produces_1 to 2025-12-05 00:00:00+00:00, run_after=2025-12-06 00:00:00+00:00
[2025-12-06T09:49:34.248+0000] {logging_mixin.py:188} INFO - [2025-12-06T09:49:34.247+0000] {dag.py:3823} INFO - Setting next_dagrun for dataset_produces_2 to None, run_after=None
[2025-12-06T09:49:34.302+0000] {processor.py:183} INFO - Processing /home/airflow/.local/lib/python3.8/site-packages/airflow/example_dags/example_datasets.py took 0.277 seconds
