transaction_id,transaction_timestamp,store_id,product_id,quantity,unit_price,discount,currency,total_amount
TXN_000001,2024-03-04 23:33:00,S099,P079,4,767.96,48.03,GBP,3033.81
TXN_000002,2024-03-09 02:36:00,S067,P383,9,635.72,39.65,USD,5691.830000000001
TXN_000003,2024-03-06 16:51:00,S074,P285,8,1077.69,26.36,GBP,8605.16
TXN_000004,2024-03-07 19:40:00,S095,P744,5,338.11,0.96,USD,1699.5900000000001
TXN_000005,2024-03-13 21:58:00,S050,P764,9,347.37,35.81,USD,3100.52
TXN_000006,2024-03-13 05:53:00,S031,P100,9,591.98,21.58,EUR,5316.24
TXN_000007,2024-03-02 15:43:00,S008,P220,5,938.2,5.21,EUR,4695.79
TXN_000008,2024-03-11 15:44:00,S025,P734,7,788.03,37.88,USD,5488.33
TXN_000009,2024-03-02 15:49:00,S041,P725,9,699.07,5.25,GBP,6296.38
TXN_000010,2024-03-22 14:32:00,S067,P975,1,693.74,30.43,USD,673.3100000000001
TXN_000011,2024-03-18 20:32:00,S067,P131,7,964.57,48.75,USD,6713.240000000001
TXN_000012,2024-03-02 18:11:00,S097,P181,6,1112.82,9.83,USD,6677.09
TXN_000013,2024-03-26 16:28:00,S040,P436,7,1390.18,21.38,EUR,9719.880000000001
TXN_000014,2024-03-24 19:42:00,S094,P124,4,753.49,0.04,EUR,3023.92
TXN_000015,2024-03-14 04:56:00,S061,P607,1,603.71,47.54,USD,566.1700000000001
TXN_000016,2024-03-21 21:52:00,S064,P806,4,30.64,39.71,USD,92.85
TXN_000017,2024-03-17 23:56:00,S048,P229,1,883.73,38.86,USD,854.87
TXN_000018,2024-03-28 19:59:00,S078,P187,1,353.48,47.34,EUR,316.14
TXN_000019,2024-03-17 20:25:00,S004,P410,3,899.67,14.69,EUR,2694.3199999999997
TXN_000020,2024-03-19 19:58:00,S050,P461,7,785.03,9.91,EUR,5495.3
TXN_000021,2024-03-09 11:40:00,S100,P134,6,331.85,15.09,EUR,1986.0100000000002
TXN_000022,2024-03-05 12:00:00,S001,P736,1,873.63,44.88,EUR,838.75
TXN_000023,2024-03-09 22:40:00,S041,P529,6,1454.63,0.89,GBP,8736.890000000001
TXN_000024,2024-03-12 14:56:00,S083,P874,5,355.67,34.41,EUR,1753.94
TXN_000025,2024-03-16 02:39:00,S022,P826,5,1064.65,27.47,GBP,5305.78
TXN_000026,2024-03-02 18:13:00,S058,P817,5,183.26,41.27,EUR,885.03
TXN_000027,2024-03-18 05:22:00,S024,P417,5,1323.89,28.07,USD,6601.380000000001
TXN_000028,2024-03-25 04:42:00,S048,P962,7,1472.32,9.18,EUR,10307.06
TXN_000029,2024-03-20 22:49:00,S030,P040,5,631.22,45.77,USD,3120.3300000000004
TXN_000030,2024-03-10 09:22:00,S088,P583,8,298.31,15.93,GBP,2380.55
TXN_000031,2024-03-03 08:11:00,S099,P121,1,1411.42,46.59,EUR,1374.8300000000002
TXN_000032,2024-03-18 14:01:00,S030,P755,4,66.0,36.48,USD,237.52
TXN_000033,2024-03-13 10:34:00,S090,P165,7,1447.09,4.83,GBP,10134.8
TXN_000034,2024-03-11 22:07:00,S046,P024,4,130.88,28.94,EUR,504.58
TXN_000035,2024-03-05 18:29:00,S036,P219,8,54.11,38.18,GBP,404.7
TXN_000036,2024-03-30 06:15:00,S022,P964,8,330.8,47.78,GBP,2608.62
TXN_000037,2024-03-16 16:05:00,S020,P737,7,1238.5,31.55,EUR,8647.95
TXN_000038,2024-03-18 04:11:00,S016,P841,8,1275.1,4.42,GBP,10206.38
TXN_000039,2024-03-20 02:48:00,S095,P306,8,1458.57,46.79,GBP,11631.769999999999
TXN_000040,2024-03-22 02:42:00,S060,P510,2,1368.96,48.97,USD,2698.9500000000003
TXN_000041,2024-03-14 01:40:00,S035,P913,9,63.53,48.08,EUR,533.6899999999999
TXN_000042,2024-03-08 08:58:00,S069,P234,3,228.13,9.98,GBP,684.41
TXN_000043,2024-03-28 03:54:00,S100,P052,9,342.14,28.92,EUR,3060.3399999999997
TXN_000044,2024-03-19 05:59:00,S020,P665,8,71.9,10.77,EUR,574.4300000000001
TXN_000045,2024-03-05 08:36:00,S094,P883,5,1217.79,47.0,USD,6051.95
TXN_000046,2024-03-02 07:20:00,S033,P910,7,1466.98,15.95,EUR,10262.91
TXN_000047,2024-03-11 15:08:00,S027,P516,2,1302.81,9.79,GBP,2605.83
TXN_000048,2024-03-08 19:53:00,S020,P263,3,1159.97,20.88,EUR,3469.0299999999997
TXN_000049,2024-03-28 22:28:00,S052,P363,4,257.42,42.73,USD,996.95
TXN_000050,2024-03-27 04:46:00,S051,P763,7,665.31,37.06,GBP,4630.11
TXN_000051,2024-03-26 22:02:00,,P024,4,729.76,12.65,USD,2906.39
TXN_000052,2024-03-27 16:06:00,,P463,9,822.78,7.03,GBP,7397.99
TXN_000053,2024-03-23 10:46:00,,P719,7,727.84,30.27,EUR,5064.61
TXN_000054,2024-03-15 02:02:00,,P744,8,740.84,35.89,EUR,5890.83
TXN_000055,2024-03-16 18:44:00,,P379,8,709.79,45.32,USD,5633.0
TXN_000056,2024-03-20 01:47:00,,P624,1,1067.18,29.33,GBP,1037.8500000000001
TXN_000057,2024-03-06 23:43:00,,P148,6,1202.31,4.87,USD,7208.99
TXN_000058,2024-03-22 16:01:00,,P731,2,525.05,3.95,USD,1046.1499999999999
TXN_000059,2024-03-26 10:43:00,,P314,5,161.31,8.73,EUR,797.8199999999999
TXN_000060,2024-03-17 06:58:00,,P871,1,167.78,28.38,USD,139.4
TXN_000061,2024-03-05 15:51:00,,P782,5,1388.97,43.75,GBP,6901.1
TXN_000062,2024-03-04 22:27:00,,P225,8,330.62,5.25,USD,2639.71
TXN_000063,2024-03-21 06:54:00,,P326,7,592.81,39.13,EUR,4110.54
TXN_000064,2024-03-06 20:55:00,,P536,4,1033.78,19.58,USD,4115.54
TXN_000065,2024-03-09 20:40:00,,P801,7,1098.56,3.63,EUR,7686.29
TXN_000066,2024-03-28 10:33:00,,P454,2,124.45,19.91,USD,228.99
TXN_000067,2024-03-05 12:23:00,,P456,6,960.57,36.5,GBP,5726.92
TXN_000068,2024-03-16 13:40:00,,P237,4,1455.63,44.26,EUR,5778.26
TXN_000069,2024-03-13 02:20:00,,P310,5,1080.43,29.19,USD,5372.960000000001
TXN_000070,2024-03-20 10:19:00,,P493,3,1087.36,27.34,USD,3234.74
TXN_000071,2024-03-11 08:30:00,,P882,8,809.81,32.12,USD,6446.36
TXN_000072,2024-03-02 17:40:00,,P892,4,117.2,25.66,EUR,443.14
TXN_000073,2024-03-14 08:57:00,,P133,8,390.47,34.18,USD,3089.5800000000004
TXN_000074,2024-03-28 20:42:00,,P672,7,1041.76,16.87,GBP,7275.45
TXN_000075,2024-03-26 12:32:00,,P414,7,221.1,3.62,EUR,1544.0800000000002
TXN_000076,2024-03-05 04:54:00,,P418,2,321.06,25.32,USD,616.8
TXN_000077,2024-03-03 08:30:00,,P283,9,305.25,26.24,USD,2721.01
TXN_000078,2024-03-06 22:11:00,,P142,2,830.68,44.65,GBP,1616.7099999999998
TXN_000079,2024-03-24 20:08:00,,P752,6,65.65,47.12,EUR,346.78000000000003
TXN_000080,2024-03-04 06:15:00,,P654,9,922.98,27.12,USD,8279.699999999999
TXN_000081,2024-03-14 20:36:00,,P036,2,1125.19,48.11,GBP,2202.27
TXN_000082,2024-03-25 12:40:00,,P718,4,911.3,11.11,GBP,3634.0899999999997
TXN_000083,2024-03-02 00:30:00,,P636,1,759.93,16.71,EUR,743.2199999999999
TXN_000084,2024-03-24 13:12:00,,P573,8,248.64,12.85,USD,1976.27
TXN_000085,2024-03-05 18:52:00,,P272,5,1109.26,49.41,GBP,5496.89
TXN_000086,2024-03-07 15:27:00,,P469,1,90.67,10.73,EUR,79.94
TXN_000087,2024-03-09 05:20:00,,P108,7,994.28,37.64,EUR,6922.32
TXN_000088,2024-03-17 23:58:00,,P190,4,1238.45,33.23,EUR,4920.570000000001
TXN_000089,2024-03-16 17:33:00,,P421,8,1340.97,8.0,GBP,10719.76
TXN_000090,2024-03-22 12:53:00,,P323,9,157.81,32.65,EUR,1387.6399999999999
TXN_000091,2024-03-10 17:10:00,,P341,1,1091.42,0.81,GBP,1090.6100000000001
TXN_000092,2024-03-24 23:56:00,,P905,4,1235.95,39.37,GBP,4904.43
TXN_000093,2024-03-07 17:30:00,,P871,7,845.45,7.07,GBP,5911.080000000001
TXN_000094,2024-03-06 09:24:00,,P940,3,143.02,37.6,USD,391.46000000000004
TXN_000095,2024-03-12 00:09:00,,P190,7,257.29,41.93,EUR,1759.1000000000001
TXN_000096,2024-03-08 19:42:00,,P424,2,361.31,2.51,GBP,720.11
TXN_000097,2024-03-26 22:30:00,,P976,1,1380.49,34.29,EUR,1346.2
TXN_000098,2024-03-18 20:03:00,,P977,8,148.95,29.98,EUR,1161.62
TXN_000099,2024-03-21 17:29:00,,P132,7,1495.48,39.49,GBP,10428.87
TXN_000100,2024-03-10 05:30:00,,P940,8,419.9,4.78,USD,3354.4199999999996
TXN_000101,2024-03-27 10:54:00,S033,P050,-1,518.22,3.9,GBP,2068.98
TXN_000102,2024-03-14 13:08:00,S048,P462,-1,265.96,17.96,GBP,1577.7999999999997
TXN_000103,2024-03-26 04:48:00,S051,P059,-1,1158.89,13.69,GBP,6939.650000000001
TXN_000104,2024-03-11 02:18:00,S084,P001,-1,1190.73,12.69,USD,4750.2300000000005
TXN_000105,2024-03-05 21:45:00,S021,P476,-1,981.27,38.01,USD,2905.7999999999997
TXN_000106,2024-03-24 14:17:00,S078,P559,-1,183.47,0.78,USD,1466.98
TXN_000107,2024-03-16 02:52:00,S029,P910,-1,328.1,20.0,USD,2604.8
TXN_000108,2024-03-16 17:03:00,S042,P953,-1,1314.75,14.88,GBP,11817.87
TXN_000109,2024-03-04 03:32:00,S043,P125,-1,680.55,26.02,EUR,1335.08
TXN_000110,2024-03-07 18:50:00,S053,P248,-1,84.75,12.82,EUR,71.93
TXN_000111,2024-03-12 15:02:00,S076,P235,-1,635.27,20.12,USD,5062.04
TXN_000112,2024-03-04 11:02:00,S062,P025,-1,1476.0,16.15,EUR,7363.85
TXN_000113,2024-03-02 19:34:00,S069,P355,-1,582.52,44.17,GBP,5198.51
TXN_000114,2024-03-24 10:51:00,S089,P698,-1,1190.76,7.03,GBP,1183.73
TXN_000115,2024-03-07 20:51:00,S082,P494,-1,216.42,34.84,GBP,181.57999999999998
TXN_000116,2024-03-07 06:29:00,S005,P666,-1,877.97,22.13,USD,2611.7799999999997
TXN_000117,2024-03-14 15:04:00,S093,P467,-1,202.6,14.53,EUR,795.87
TXN_000118,2024-03-18 15:03:00,S045,P746,-1,752.34,17.74,EUR,734.6
TXN_000119,2024-03-03 02:23:00,S014,P769,-1,1376.02,28.75,GBP,1347.27
TXN_000120,2024-03-10 11:36:00,S060,P521,-1,1304.69,24.17,GBP,10413.35
TXN_000121,2024-03-19 22:56:00,S091,P808,-1,633.3,23.72,USD,5042.679999999999
TXN_000122,2024-03-23 21:44:00,S047,P437,-1,1076.69,37.29,GBP,6422.85
TXN_000123,2024-03-21 17:50:00,S064,P885,-1,1109.55,45.22,EUR,7721.629999999999
TXN_000124,2024-03-26 08:52:00,S028,P679,-1,1392.79,15.04,GBP,12520.07
TXN_000125,2024-03-03 04:24:00,S071,P124,-1,957.45,42.99,EUR,7616.610000000001
TXN_000126,2024-03-05 19:15:00,S051,P173,-1,1457.09,29.84,GBP,10169.789999999999
TXN_000127,2024-03-23 06:39:00,S043,P356,-1,1294.5,48.15,USD,9013.35
TXN_000128,2024-03-02 08:59:00,S063,P913,-1,101.49,25.54,GBP,684.89
TXN_000129,2024-03-09 16:49:00,S073,P566,-1,558.78,6.02,USD,1670.32
TXN_000130,2024-03-02 00:47:00,S031,P724,-1,1218.98,47.1,USD,7266.78
TXN_000131,2024-03-18 12:01:00,S096,P188,-1,1351.23,35.67,GBP,8071.71
TXN_000132,2024-03-19 16:45:00,S025,P276,-1,144.63,47.33,USD,241.93
TXN_000133,2024-03-03 17:03:00,S089,P546,-1,1447.07,23.16,EUR,4318.05
TXN_000134,2024-03-23 14:31:00,S077,P060,-1,1421.52,37.04,EUR,2806.0
TXN_000135,2024-03-11 19:34:00,S018,P047,-1,71.1,8.45,GBP,489.24999999999994
TXN_000136,2024-03-10 05:27:00,S062,P437,-1,1121.32,36.58,EUR,2206.06
TXN_000137,2024-03-12 02:41:00,S088,P455,-1,905.81,2.69,EUR,8149.599999999999
TXN_000138,2024-03-03 08:27:00,S036,P492,-1,1298.24,41.67,USD,2554.81
TXN_000139,2024-03-14 00:16:00,S069,P065,-1,1004.62,27.98,USD,976.64
TXN_000140,2024-03-29 17:00:00,S010,P951,-1,1263.53,14.94,USD,11356.83
TXN_000141,2024-03-04 18:07:00,S068,P536,-1,136.72,18.43,USD,1212.05
TXN_000142,2024-03-07 07:38:00,S097,P280,-1,920.95,17.79,USD,4586.96
TXN_000143,2024-03-29 03:03:00,S079,P658,-1,1358.23,29.22,GBP,6761.929999999999
TXN_000144,2024-03-03 02:10:00,S072,P300,-1,587.17,8.82,GBP,1752.6899999999998
TXN_000145,2024-03-23 08:20:00,S053,P925,-1,552.06,20.69,EUR,531.3699999999999
TXN_000146,2024-03-08 03:37:00,S070,P976,-1,933.61,23.62,USD,4644.43
TXN_000147,2024-03-09 22:52:00,S025,P392,-1,710.39,6.56,GBP,4255.78
TXN_000148,2024-03-03 21:03:00,S057,P581,-1,134.58,14.74,USD,1061.9
TXN_000149,2024-03-05 23:50:00,S045,P887,-1,1048.9,38.21,USD,1010.69
TXN_000150,2024-03-12 02:34:00,S055,P581,-1,153.72,30.32,GBP,1353.16
TXN_000151,2024-03-21 12:41:00,S010,P286,3,1040.08,18.5,GBP,3101.74
TXN_000152,2024-03-14 08:20:00,S068,P495,2,1144.24,18.86,USD,2269.62
TXN_000153,2024-03-25 08:42:00,S050,P715,9,208.46,38.93,USD,1837.21
TXN_000154,2024-03-23 16:05:00,S004,P066,1,1109.34,46.32,EUR,1063.02
TXN_000155,2024-03-07 02:43:00,S057,P166,1,1268.4,10.83,USD,1257.5700000000002
TXN_000156,2024-03-20 15:24:00,S099,P834,7,666.61,43.58,GBP,4622.6900000000005
TXN_000157,2024-03-22 20:26:00,S031,P669,3,1417.71,35.19,GBP,4217.9400000000005
TXN_000158,2024-03-20 08:56:00,S077,P013,8,431.26,44.36,USD,3405.72
TXN_000159,2024-03-12 15:04:00,S038,P311,7,256.58,12.35,EUR,1783.71
TXN_000160,2024-03-16 14:10:00,S016,P996,6,1472.81,14.42,EUR,8822.44
TXN_000161,2024-03-16 18:00:00,S068,P057,8,380.55,23.17,GBP,3021.23
TXN_000162,2024-03-10 00:29:00,S099,P528,4,591.77,1.26,EUR,2365.8199999999997
TXN_000163,2024-03-27 08:58:00,S097,P450,6,568.66,26.7,USD,3385.26
TXN_000164,2024-03-30 13:18:00,S051,P231,8,199.73,42.16,GBP,1555.6799999999998
TXN_000165,2024-03-24 04:27:00,S022,P699,4,825.24,18.27,USD,3282.69
TXN_000166,2024-03-13 07:20:00,S089,P121,9,87.73,33.3,EUR,756.2700000000001
TXN_000167,2024-03-15 22:40:00,S074,P623,1,636.73,1.6,EUR,635.13
TXN_000168,2024-03-10 22:45:00,S063,P975,6,735.98,49.86,GBP,4366.02
TXN_000169,2024-03-25 21:09:00,S024,P113,2,1427.9,47.88,GBP,2807.92
TXN_000170,2024-03-20 03:16:00,S025,P736,5,746.43,20.5,GBP,3711.6499999999996
TXN_000171,2024-03-27 20:22:00,S059,P028,7,1062.64,9.0,EUR,7429.4800000000005
TXN_000172,2024-03-09 12:37:00,S092,P953,5,1362.54,21.76,EUR,6790.94
TXN_000173,2024-03-15 15:54:00,S092,P973,4,1235.35,29.79,GBP,4911.61
TXN_000174,2024-03-18 01:09:00,S046,P757,9,341.46,21.04,USD,3052.1
TXN_000175,2024-03-05 19:35:00,S076,P180,1,1166.99,45.33,GBP,1121.66
TXN_000176,2024-03-13 22:46:00,S097,P379,9,38.77,44.09,EUR,304.84000000000003
TXN_000177,2024-03-08 22:17:00,S083,P388,3,114.73,45.24,USD,298.95
TXN_000178,2024-03-26 05:57:00,S067,P624,7,340.57,18.77,GBP,2365.22
TXN_000179,2024-03-05 21:16:00,S016,P210,1,721.41,20.91,USD,700.5
TXN_000180,2024-03-24 16:06:00,S061,P308,9,1396.73,47.68,USD,12522.89
TXN_000181,2024-03-02 04:19:00,S061,P953,8,1136.64,31.16,GBP,9061.960000000001
TXN_000182,2024-03-10 21:31:00,S022,P576,9,37.13,12.92,EUR,321.25
TXN_000183,2024-03-02 16:58:00,S024,P949,3,692.98,34.1,USD,2044.8400000000001
TXN_000184,2024-03-27 19:22:00,S023,P760,4,88.47,30.76,USD,323.12
TXN_000185,2024-03-29 04:46:00,S066,P551,7,712.45,27.33,EUR,4959.820000000001
TXN_000186,2024-03-16 02:42:00,S050,P952,1,902.67,32.26,USD,870.41
TXN_000187,2024-03-22 23:14:00,S004,P603,1,1275.11,25.29,GBP,1249.82
TXN_000188,2024-03-20 19:07:00,S009,P204,8,1465.77,46.81,USD,11679.35
TXN_000189,2024-03-07 12:51:00,S023,P109,4,690.23,48.11,GBP,2712.81
TXN_000190,2024-03-16 10:28:00,S099,P229,9,491.2,14.83,USD,4405.97
TXN_000191,2024-03-08 07:18:00,S008,P934,3,971.98,11.33,GBP,2904.61
TXN_000192,2024-03-17 11:14:00,S054,P679,3,207.86,41.01,GBP,582.57
TXN_000193,2024-03-19 08:35:00,S043,P551,6,185.78,39.93,EUR,1074.75
TXN_000194,2024-03-06 04:50:00,S022,P276,8,779.86,46.15,EUR,6192.7300000000005
TXN_000195,2024-03-15 14:43:00,S004,P824,5,1042.8,32.85,GBP,5181.15
TXN_000196,2024-03-24 11:22:00,S086,P987,1,564.22,18.99,GBP,545.23
TXN_000197,2024-03-17 11:05:00,S021,P394,3,1322.8,6.27,GBP,3962.1299999999997
TXN_000198,2024-03-20 23:06:00,S052,P506,4,739.62,46.29,GBP,2912.19
TXN_000199,2024-03-21 02:23:00,S066,P441,6,669.1,45.95,EUR,3968.6500000000005
TXN_000200,2024-03-09 20:16:00,S024,P045,4,980.11,6.8,EUR,3913.64
TXN_000201,2024-03-01 06:38:00,S066,P478,4,443.84,46.32,GBP,1729.04
TXN_000202,2024-03-11 14:28:00,S011,P025,6,741.53,6.98,EUR,4442.200000000001
TXN_000203,2024-03-08 16:41:00,S078,P921,6,416.81,34.05,USD,2466.81
TXN_000204,2024-03-11 18:26:00,S076,P906,9,329.24,5.11,USD,2958.0499999999997
TXN_000205,2024-03-27 10:56:00,S064,P548,4,1187.42,35.63,GBP,4714.05
TXN_000206,2024-03-09 20:11:00,S003,P004,9,491.4,20.03,EUR,4402.57
TXN_000207,2024-03-30 01:58:00,S096,P088,2,515.44,25.42,EUR,1005.4600000000002
TXN_000208,2024-03-19 09:54:00,S067,P559,5,198.38,14.12,USD,977.78
TXN_000209,2024-03-16 18:33:00,S035,P276,9,1068.43,14.38,USD,9601.490000000002
TXN_000210,2024-03-16 21:57:00,S002,P091,6,92.67,5.71,EUR,550.31
TXN_000211,2024-03-21 16:47:00,S085,P116,5,372.98,8.53,GBP,1856.3700000000001
TXN_000212,2024-03-01 16:08:00,S021,P478,8,1089.24,15.07,USD,8698.85
TXN_000213,2024-03-29 22:07:00,S064,P160,5,1009.72,41.78,USD,5006.820000000001
TXN_000214,2024-03-14 16:41:00,S084,P882,3,1378.04,24.57,GBP,4109.55
TXN_000215,2024-03-13 22:02:00,S025,P946,9,1054.79,21.36,GBP,9471.75
TXN_000216,2024-03-13 09:39:00,S018,P750,4,1466.4,38.82,EUR,5826.780000000001
TXN_000217,2024-03-10 14:09:00,S025,P943,1,1493.41,12.57,EUR,1480.8400000000001
TXN_000218,2024-03-28 16:06:00,S079,P704,2,172.97,2.6,EUR,343.34
TXN_000219,2024-03-22 19:48:00,S044,P974,7,160.08,40.08,GBP,1080.4800000000002
TXN_000220,2024-03-29 09:38:00,S009,P502,5,551.66,17.35,GBP,2740.95
TXN_000221,2024-03-21 02:09:00,S030,P072,1,832.31,42.06,EUR,790.25
TXN_000222,2024-03-09 19:48:00,S092,P210,6,1002.99,23.98,EUR,5993.960000000001
TXN_000223,2024-03-07 19:22:00,S075,P352,8,55.21,8.3,GBP,433.38
TXN_000224,2024-03-01 22:18:00,S046,P913,9,634.49,9.74,GBP,5700.67
TXN_000225,2024-03-02 15:30:00,S047,P323,5,453.53,38.74,USD,2228.91
TXN_000226,2024-03-23 04:10:00,S050,P886,2,710.11,23.94,EUR,1396.28
TXN_000227,2024-03-01 14:45:00,S061,P892,6,473.79,27.73,USD,2815.01
TXN_000228,2024-03-28 00:42:00,S074,P866,7,629.92,23.04,EUR,4386.4
TXN_000229,2024-03-21 07:57:00,S086,P666,5,381.7,27.76,GBP,1880.74
TXN_000230,2024-03-04 12:08:00,S004,P602,8,345.44,13.53,GBP,2749.99
TXN_000231,2024-03-16 04:50:00,S040,P254,4,960.69,14.16,EUR,3828.6000000000004
TXN_000232,2024-03-06 02:16:00,S097,P535,1,1373.18,39.95,EUR,1333.23
TXN_000233,2024-03-19 21:29:00,S048,P168,6,1479.49,8.04,EUR,8868.9
TXN_000234,2024-03-13 01:08:00,S074,P192,6,991.11,20.14,GBP,5926.5199999999995
TXN_000235,2024-03-22 03:06:00,S034,P542,8,528.66,3.57,EUR,4225.71
TXN_000236,2024-03-18 15:50:00,S074,P458,9,1389.65,19.47,EUR,12487.380000000001
TXN_000237,2024-03-02 19:36:00,S055,P213,5,35.67,40.4,EUR,137.95000000000002
TXN_000238,2024-03-02 22:14:00,S003,P835,7,1346.09,12.36,USD,9410.269999999999
TXN_000239,2024-03-22 09:48:00,S015,P908,2,1024.46,24.74,USD,2024.18
TXN_000240,2024-03-08 00:28:00,S009,P091,3,102.03,44.89,EUR,261.20000000000005
TXN_000241,2024-03-27 21:58:00,S023,P675,6,21.78,16.55,EUR,114.13000000000001
TXN_000242,2024-03-06 22:14:00,S057,P741,6,1461.58,1.25,GBP,8768.23
TXN_000243,2024-03-21 10:32:00,S083,P919,7,753.71,24.97,USD,5251.0
TXN_000244,2024-03-01 09:16:00,S006,P205,2,642.61,9.49,EUR,1275.73
TXN_000245,2024-03-18 23:42:00,S018,P577,3,992.36,28.59,EUR,2948.49
TXN_000246,2024-03-13 02:40:00,S073,P297,9,518.57,4.2,EUR,4662.93
TXN_000247,2024-03-10 21:19:00,S049,P358,7,675.52,5.89,GBP,4722.749999999999
TXN_000248,2024-03-07 08:12:00,S018,P030,5,380.39,11.4,GBP,1890.5499999999997
TXN_000249,2024-03-10 20:36:00,S088,P225,1,1480.65,32.78,USD,1447.8700000000001
TXN_000250,2024-03-18 13:54:00,S038,P074,3,639.61,22.57,EUR,1896.26
TXN_000251,2024-03-19 00:34:00,S023,P043,4,1261.42,5.67,EUR,5040.01
TXN_000252,2024-03-11 23:36:00,S023,P802,1,255.3,42.37,EUR,212.93
TXN_000253,2024-03-10 16:44:00,S013,P766,3,652.58,38.51,EUR,1919.2300000000002
TXN_000254,2024-03-30 14:19:00,S007,P688,6,1007.63,22.94,GBP,6022.84
TXN_000255,2024-03-23 08:23:00,S017,P370,8,1316.03,7.32,GBP,10520.92
TXN_000256,2024-03-19 22:00:00,S059,P477,8,527.78,5.39,GBP,4216.849999999999
TXN_000257,2024-03-22 06:57:00,S039,P484,9,794.16,27.11,EUR,7120.33
TXN_000258,2024-03-01 17:43:00,S094,P122,9,896.23,46.21,EUR,8019.86
TXN_000259,2024-03-14 06:11:00,S083,P729,2,965.34,34.02,EUR,1896.66
TXN_000260,2024-03-09 08:38:00,S080,P980,2,821.17,29.65,USD,1612.6899999999998
TXN_000261,2024-03-08 03:36:00,S081,P009,1,1080.02,7.51,EUR,1072.51
TXN_000262,2024-03-13 10:21:00,S037,P770,3,511.06,42.77,GBP,1490.41
TXN_000263,2024-03-08 22:50:00,S011,P497,9,1247.33,0.86,EUR,11225.109999999999
TXN_000264,2024-03-17 17:23:00,S032,P102,8,100.81,45.1,USD,761.38
TXN_000265,2024-03-21 20:45:00,S075,P173,3,966.56,45.48,GBP,2854.2
TXN_000266,2024-03-20 16:10:00,S026,P707,3,931.98,39.2,GBP,2756.7400000000002
TXN_000267,2024-03-27 02:39:00,S087,P213,5,1062.37,39.45,GBP,5272.4
TXN_000268,2024-03-11 14:50:00,S041,P504,7,434.14,31.81,GBP,3007.17
TXN_000269,2024-03-05 10:39:00,S081,P719,8,617.28,12.33,USD,4925.91
TXN_000270,2024-03-14 17:29:00,S044,P787,9,1326.32,40.58,GBP,11896.3
TXN_000271,2024-03-29 14:33:00,S060,P398,9,978.96,20.5,USD,8790.14
TXN_000272,2024-03-02 20:15:00,S065,P770,7,1457.77,48.67,EUR,10155.72
TXN_000273,2024-03-21 14:05:00,S042,P792,9,339.66,9.38,GBP,3047.56
TXN_000274,2024-03-20 11:44:00,S019,P969,8,387.53,20.64,EUR,3079.6
TXN_000275,2024-03-28 19:00:00,S062,P033,7,1129.23,7.05,USD,7897.56
TXN_000276,2024-03-27 14:38:00,S080,P613,7,960.06,22.24,USD,6698.18
TXN_000277,2024-03-18 18:21:00,S025,P538,3,350.63,32.41,GBP,1019.4799999999999
TXN_000278,2024-03-09 13:52:00,S042,P464,1,794.66,39.55,USD,755.11
TXN_000279,2024-03-01 02:09:00,S055,P798,4,938.72,9.28,USD,3745.6
TXN_000280,2024-03-06 18:05:00,S098,P601,6,1436.97,6.1,GBP,8615.72
TXN_000281,2024-03-29 23:20:00,S058,P180,3,196.07,41.5,EUR,546.71
TXN_000282,2024-03-08 04:45:00,S066,P474,7,77.21,27.83,USD,512.6399999999999
TXN_000283,2024-03-07 21:35:00,S057,P055,2,328.35,33.9,USD,622.8000000000001
TXN_000284,2024-03-12 15:06:00,S085,P629,9,1091.13,2.54,USD,9817.630000000001
TXN_000285,2024-03-24 13:58:00,S019,P865,3,1349.57,40.79,GBP,4007.92
TXN_000286,2024-03-22 21:58:00,S024,P873,9,1407.99,31.94,USD,12639.97
TXN_000287,2024-03-04 19:24:00,S035,P055,6,481.4,0.07,USD,2888.3299999999995
TXN_000288,2024-03-30 17:24:00,S040,P813,1,880.31,32.7,USD,847.6099999999999
TXN_000289,2024-03-16 23:14:00,S053,P550,9,910.47,3.81,EUR,8190.419999999999
TXN_000290,2024-03-15 16:42:00,S076,P485,4,154.05,20.95,GBP,595.25
TXN_000291,2024-03-22 03:44:00,S033,P100,7,816.02,26.12,EUR,5686.0199999999995
TXN_000292,2024-03-04 17:47:00,S053,P394,8,11.64,4.58,USD,88.54
TXN_000293,2024-03-26 05:50:00,S026,P893,1,1466.89,46.5,USD,1420.39
TXN_000294,2024-03-25 04:37:00,S055,P797,8,1260.06,0.8,USD,10079.68
TXN_000295,2024-03-30 02:32:00,S063,P114,3,1064.07,48.39,USD,3143.82
TXN_000296,2024-03-11 23:57:00,S029,P905,5,1419.14,20.46,EUR,7075.240000000001
TXN_000297,2024-03-28 17:39:00,S061,P402,7,1201.47,39.51,USD,8370.78
TXN_000298,2024-03-25 12:57:00,S011,P313,9,1106.27,30.87,EUR,9925.56
TXN_000299,2024-03-06 20:48:00,S075,P362,3,222.47,47.19,GBP,620.22
TXN_000300,2024-03-26 16:02:00,S079,P539,6,1136.37,20.15,EUR,6798.07
TXN_000301,2024-03-29 09:57:00,S044,P625,9,964.51,38.03,EUR,8642.56
TXN_000302,2024-03-26 23:59:00,S009,P603,6,808.03,35.24,GBP,4812.9400000000005
TXN_000303,2024-03-06 03:33:00,S020,P829,2,272.16,33.55,GBP,510.77000000000004
TXN_000304,2024-03-24 10:47:00,S039,P420,9,237.91,25.9,EUR,2115.29
TXN_000305,2024-03-02 13:19:00,S043,P109,2,638.78,38.73,USD,1238.83
TXN_000306,2024-03-07 16:47:00,S019,P212,3,849.47,29.49,USD,2518.92
TXN_000307,2024-03-17 20:30:00,S065,P564,7,12.42,38.79,USD,48.15
TXN_000308,2024-03-13 08:39:00,S018,P749,8,392.64,3.7,GBP,3137.42
TXN_000309,2024-03-07 20:07:00,S021,P149,6,1216.21,47.48,GBP,7249.780000000001
TXN_000310,2024-03-28 02:28:00,S027,P325,1,1466.91,42.58,USD,1424.3300000000002
TXN_000311,2024-03-19 03:41:00,S098,P041,4,12.41,19.99,GBP,29.650000000000002
TXN_000312,2024-03-03 04:14:00,S060,P179,3,395.62,3.26,EUR,1183.6000000000001
TXN_000313,2024-03-26 06:50:00,S078,P818,2,25.25,13.77,GBP,36.730000000000004
TXN_000314,2024-03-07 16:25:00,S099,P779,1,1360.69,34.65,USD,1326.04
TXN_000315,2024-03-20 18:22:00,S051,P992,1,392.19,28.5,GBP,363.69
TXN_000316,2024-03-08 08:13:00,S026,P308,2,1106.44,13.33,USD,2199.55
TXN_000317,2024-03-02 01:38:00,S050,P441,2,1455.63,26.99,EUR,2884.2700000000004
TXN_000318,2024-03-13 21:11:00,S024,P267,5,326.56,38.05,EUR,1594.75
TXN_000319,2024-03-10 07:04:00,S052,P853,4,259.94,5.76,GBP,1034.0
TXN_000320,2024-03-25 22:22:00,S047,P412,7,817.15,48.87,EUR,5671.18
TXN_000321,2024-03-30 11:52:00,S034,P071,5,774.87,19.48,USD,3854.87
TXN_000322,2024-03-26 19:16:00,S011,P268,7,1233.9,34.66,GBP,8602.640000000001
TXN_000323,2024-03-27 23:55:00,S043,P695,4,1256.71,32.56,EUR,4994.28
TXN_000324,2024-03-30 09:45:00,S048,P967,6,321.29,26.42,USD,1901.3200000000002
TXN_000325,2024-03-06 06:01:00,S078,P512,9,401.36,17.53,EUR,3594.71
TXN_000326,2024-03-23 19:16:00,S065,P450,3,451.49,35.23,EUR,1319.24
TXN_000327,2024-03-18 03:47:00,S050,P955,5,1209.47,36.51,USD,6010.84
TXN_000328,2024-03-07 10:33:00,S035,P055,4,531.48,41.73,GBP,2084.19
TXN_000329,2024-03-07 10:45:00,S025,P317,3,850.39,36.54,GBP,2514.63
TXN_000330,2024-03-18 19:45:00,S050,P308,6,1126.81,13.73,USD,6747.13
TXN_000331,2024-03-10 02:01:00,S051,P568,8,113.6,13.41,EUR,895.39
TXN_000332,2024-03-12 05:54:00,S093,P401,2,715.59,39.41,USD,1391.77
TXN_000333,2024-03-04 15:31:00,S010,P978,2,1382.36,5.35,USD,2759.37
TXN_000334,2024-03-30 04:58:00,S056,P095,9,740.68,21.92,EUR,6644.2
TXN_000335,2024-03-09 15:44:00,S028,P184,6,725.97,40.07,EUR,4315.75
TXN_000336,2024-03-12 11:10:00,S078,P277,1,262.7,40.24,GBP,222.45999999999998
TXN_000337,2024-03-10 04:00:00,S095,P328,6,1493.54,13.02,USD,8948.22
TXN_000338,2024-03-29 18:13:00,S085,P628,3,24.42,13.73,EUR,59.53
TXN_000339,2024-03-04 20:20:00,S066,P339,2,510.17,5.24,GBP,1015.1
TXN_000340,2024-03-10 03:30:00,S054,P733,9,403.95,7.65,USD,3627.8999999999996
TXN_000341,2024-03-05 23:50:00,S076,P757,6,1125.78,10.53,USD,6744.150000000001
TXN_000342,2024-03-12 22:24:00,S009,P916,8,523.23,3.15,USD,4182.6900000000005
TXN_000343,2024-03-07 09:03:00,S010,P350,2,944.96,8.98,GBP,1880.94
TXN_000344,2024-03-14 09:52:00,S017,P069,5,1467.2,42.33,USD,7293.67
TXN_000345,2024-03-10 04:44:00,S018,P846,9,935.87,12.98,EUR,8409.85
TXN_000346,2024-03-30 15:45:00,S054,P713,4,923.46,48.35,GBP,3645.4900000000002
TXN_000347,2024-03-06 08:29:00,S018,P722,7,414.12,12.44,GBP,2886.4
TXN_000348,2024-03-08 04:54:00,S078,P873,3,143.62,0.68,GBP,430.18
TXN_000349,2024-03-16 13:10:00,S039,P585,4,1358.16,19.38,EUR,5413.26
TXN_000350,2024-03-18 13:35:00,S046,P874,9,283.97,10.82,USD,2544.9100000000003
TXN_000351,2024-03-20 07:07:00,S096,P075,2,1224.99,0.26,GBP,2449.72
TXN_000352,2024-03-01 03:22:00,S060,P629,2,253.6,38.78,USD,468.41999999999996
TXN_000353,2024-03-08 01:51:00,S009,P100,5,1204.15,18.32,GBP,6002.43
TXN_000354,2024-03-24 00:19:00,S035,P166,8,488.52,46.11,GBP,3862.0499999999997
TXN_000355,2024-03-06 04:27:00,S006,P195,5,775.36,36.54,GBP,3840.26
TXN_000356,2024-03-06 15:04:00,S069,P172,6,1183.9,17.42,USD,7085.9800000000005
TXN_000357,2024-03-23 08:29:00,S020,P703,8,574.56,39.91,GBP,4556.57
TXN_000358,2024-03-15 06:17:00,S027,P458,5,437.89,20.36,EUR,2169.0899999999997
TXN_000359,2024-03-12 05:15:00,S067,P580,1,1020.96,42.78,GBP,978.1800000000001
TXN_000360,2024-03-06 09:16:00,S002,P476,2,358.39,23.37,EUR,693.41
TXN_000361,2024-03-18 14:54:00,S083,P521,8,192.83,12.71,GBP,1529.93
TXN_000362,2024-03-30 11:27:00,S015,P023,8,76.35,22.53,GBP,588.27
TXN_000363,2024-03-15 11:47:00,S063,P067,6,1441.83,18.51,GBP,8632.47
TXN_000364,2024-03-10 11:19:00,S071,P340,3,1323.69,33.18,GBP,3937.8900000000003
TXN_000365,2024-03-25 02:50:00,S035,P250,9,438.96,4.71,USD,3945.93
TXN_000366,2024-03-22 00:35:00,S013,P059,4,1091.42,11.23,USD,4354.450000000001
TXN_000367,2024-03-21 01:56:00,S011,P399,7,470.0,40.48,GBP,3249.52
TXN_000368,2024-03-14 21:29:00,S073,P688,6,1076.35,22.92,GBP,6435.179999999999
TXN_000369,2024-03-12 07:02:00,S052,P590,7,553.87,7.87,GBP,3869.2200000000003
TXN_000370,2024-03-30 19:18:00,S022,P508,4,252.78,2.52,GBP,1008.6
TXN_000371,2024-03-10 07:42:00,S061,P198,6,1240.56,27.57,USD,7415.79
TXN_000372,2024-03-15 08:09:00,S057,P796,7,917.75,49.86,EUR,6374.39
TXN_000373,2024-03-12 09:44:00,S054,P444,5,497.92,37.43,USD,2452.17
TXN_000374,2024-03-20 00:09:00,S020,P899,6,199.4,36.87,EUR,1159.5300000000002
TXN_000375,2024-03-11 05:41:00,S072,P781,2,721.76,36.98,GBP,1406.54
TXN_000376,2024-03-28 12:57:00,S010,P002,5,30.74,31.36,GBP,122.33999999999999
TXN_000377,2024-03-30 02:02:00,S018,P916,5,221.26,16.17,USD,1090.1299999999999
TXN_000378,2024-03-01 15:59:00,S028,P997,4,350.77,17.2,GBP,1385.8799999999999
TXN_000379,2024-03-14 18:07:00,S062,P252,8,404.72,1.75,GBP,3236.01
TXN_000380,2024-03-14 05:45:00,S020,P339,8,1081.33,46.44,USD,8604.199999999999
TXN_000381,2024-03-08 20:56:00,S051,P115,8,309.16,0.83,EUR,2472.4500000000003
TXN_000382,2024-03-26 16:27:00,S084,P421,5,1286.33,19.94,EUR,6411.71
TXN_000383,2024-03-22 06:52:00,S013,P240,4,1453.55,5.12,USD,5809.08
TXN_000384,2024-03-02 12:01:00,S021,P068,6,704.83,17.04,USD,4211.9400000000005
TXN_000385,2024-03-22 22:05:00,S019,P954,5,93.05,31.63,EUR,433.62
TXN_000386,2024-03-08 05:25:00,S081,P067,2,26.95,21.85,EUR,32.05
TXN_000387,2024-03-19 13:10:00,S050,P543,9,1130.05,40.51,GBP,10129.939999999999
TXN_000388,2024-03-20 01:53:00,S055,P266,1,1053.86,40.14,USD,1013.7199999999999
TXN_000389,2024-03-09 01:31:00,S006,P113,6,593.57,45.76,USD,3515.66
TXN_000390,2024-03-20 00:28:00,S058,P152,2,1320.14,16.09,USD,2624.19
TXN_000391,2024-03-16 16:08:00,S060,P822,7,1242.67,32.48,GBP,8666.210000000001
TXN_000392,2024-03-28 23:50:00,S080,P433,7,492.99,47.51,GBP,3403.42
TXN_000393,2024-03-30 09:20:00,S007,P086,1,1299.31,30.97,GBP,1268.34
TXN_000394,2024-03-18 20:58:00,S086,P676,7,327.19,18.04,EUR,2272.29
TXN_000395,2024-03-05 20:33:00,S021,P940,7,991.86,12.14,EUR,6930.88
TXN_000396,2024-03-13 18:11:00,S027,P020,9,1362.31,43.13,EUR,12217.66
TXN_000397,2024-03-09 10:31:00,S050,P051,9,642.59,47.92,GBP,5735.39
TXN_000398,2024-03-27 01:35:00,S072,P462,1,1495.81,18.66,EUR,1477.1499999999999
TXN_000399,2024-03-12 10:09:00,S022,P812,9,525.81,33.57,EUR,4698.719999999999
TXN_000400,2024-03-29 23:02:00,S052,P052,5,655.22,44.6,EUR,3231.5000000000005
TXN_000401,2024-03-01 05:16:00,S057,P385,2,591.11,0.66,EUR,1181.56
TXN_000402,2024-03-11 06:14:00,S075,P726,3,1374.51,6.29,EUR,4117.24
TXN_000403,2024-03-24 17:35:00,S060,P610,7,636.88,47.11,GBP,4411.05
TXN_000404,2024-03-19 04:35:00,S070,P563,6,490.43,2.79,USD,2939.79
TXN_000405,2024-03-14 10:55:00,S053,P659,6,59.98,25.4,GBP,334.48
TXN_000406,2024-03-26 10:45:00,S050,P245,7,77.81,48.53,GBP,496.1400000000001
TXN_000407,2024-03-24 21:23:00,S062,P767,1,608.32,30.26,USD,578.0600000000001
TXN_000408,2024-03-30 13:36:00,S017,P357,1,231.78,15.27,EUR,216.51
TXN_000409,2024-03-02 21:51:00,S082,P687,3,1183.4,47.65,USD,3502.55
TXN_000410,2024-03-22 02:10:00,S077,P822,2,738.75,38.53,EUR,1438.97
TXN_000411,2024-03-17 01:07:00,S044,P851,1,154.58,32.49,USD,122.09
TXN_000412,2024-03-23 01:37:00,S071,P019,1,1200.71,45.99,GBP,1154.72
TXN_000413,2024-03-29 01:25:00,S074,P596,4,274.74,39.02,EUR,1059.94
TXN_000414,2024-03-18 12:19:00,S003,P973,8,361.46,29.94,GBP,2861.74
TXN_000415,2024-03-15 11:26:00,S005,P536,1,709.28,21.85,GBP,687.43
TXN_000416,2024-03-25 15:17:00,S080,P808,8,808.74,33.42,GBP,6436.5
TXN_000417,2024-03-02 12:12:00,S076,P366,8,850.17,43.61,GBP,6757.75
TXN_000418,2024-03-24 04:05:00,S006,P751,6,1345.25,48.01,EUR,8023.49
TXN_000419,2024-03-08 20:34:00,S056,P739,2,849.35,0.72,EUR,1697.98
TXN_000420,2024-03-25 11:19:00,S015,P470,1,1016.62,15.47,EUR,1001.15
TXN_000421,2024-03-17 16:14:00,S047,P387,4,51.61,19.76,GBP,186.68
TXN_000422,2024-03-27 21:56:00,S030,P462,5,989.9,24.96,USD,4924.54
TXN_000423,2024-03-09 11:51:00,S063,P058,9,256.69,12.12,USD,2298.09
TXN_000424,2024-03-13 07:35:00,S056,P304,2,785.84,33.91,GBP,1537.77
TXN_000425,2024-03-13 17:00:00,S067,P243,5,1372.75,28.18,GBP,6835.57
TXN_000426,2024-03-07 10:13:00,S099,P826,9,470.11,40.63,USD,4190.36
TXN_000427,2024-03-07 09:39:00,S017,P728,4,1255.27,22.1,EUR,4998.98
TXN_000428,2024-03-28 04:06:00,S089,P139,9,206.05,36.06,USD,1818.39
TXN_000429,2024-03-13 20:17:00,S086,P427,5,741.64,19.54,USD,3688.66
TXN_000430,2024-03-18 19:40:00,S042,P508,1,872.98,49.26,GBP,823.72
TXN_000431,2024-03-14 03:46:00,S077,P532,1,756.23,7.32,USD,748.91
TXN_000432,2024-03-27 12:05:00,S067,P338,7,1399.34,5.86,EUR,9789.519999999999
TXN_000433,2024-03-05 09:52:00,S003,P367,6,1101.09,15.7,USD,6590.839999999999
TXN_000434,2024-03-02 08:53:00,S011,P840,7,1388.92,29.42,GBP,9693.02
TXN_000435,2024-03-22 21:01:00,S041,P852,7,1010.76,26.32,USD,7049.0
TXN_000436,2024-03-08 10:37:00,S074,P688,8,764.2,47.19,EUR,6066.410000000001
TXN_000437,2024-03-28 13:34:00,S091,P211,5,791.89,19.39,USD,3940.06
TXN_000438,2024-03-05 02:14:00,S072,P239,2,976.94,31.17,EUR,1922.71
TXN_000439,2024-03-07 07:50:00,S038,P686,4,274.73,28.03,USD,1070.89
TXN_000440,2024-03-09 17:33:00,S050,P815,3,266.85,3.19,EUR,797.36
TXN_000441,2024-03-14 23:01:00,S063,P746,2,1091.45,7.55,USD,2175.35
TXN_000442,2024-03-15 01:25:00,S096,P955,8,68.64,2.38,USD,546.74
TXN_000443,2024-03-05 16:23:00,S076,P855,3,310.04,26.68,USD,903.4400000000002
TXN_000444,2024-03-27 15:24:00,S001,P243,1,315.98,38.8,GBP,277.18
TXN_000445,2024-03-02 03:27:00,S036,P519,6,213.95,9.97,USD,1273.7299999999998
TXN_000446,2024-03-10 17:54:00,S092,P854,4,202.11,1.45,EUR,806.99
TXN_000447,2024-03-11 07:28:00,S035,P118,8,868.09,0.61,EUR,6944.110000000001
TXN_000448,2024-03-06 10:32:00,S020,P226,2,23.71,31.71,GBP,15.71
TXN_000449,2024-03-04 23:39:00,S076,P106,4,879.52,32.47,EUR,3485.61
TXN_000450,2024-03-22 11:55:00,S076,P794,6,230.33,15.84,USD,1366.14
TXN_000451,2024-03-14 11:44:00,S095,P464,4,1390.44,48.58,GBP,5513.18
TXN_000452,2024-03-16 22:40:00,S049,P856,9,1466.48,33.08,GBP,13165.24
TXN_000453,2024-03-14 08:35:00,S031,P601,8,490.54,27.31,GBP,3897.01
TXN_000454,2024-03-05 11:40:00,S057,P811,3,918.36,32.9,EUR,2722.18
TXN_000455,2024-03-16 03:27:00,S099,P633,1,1273.14,14.27,USD,1258.8700000000001
TXN_000456,2024-03-19 03:23:00,S039,P443,6,729.22,11.56,USD,4363.759999999999
TXN_000457,2024-03-22 19:33:00,S095,P035,1,896.08,8.75,USD,887.33
TXN_000458,2024-03-26 00:27:00,S003,P556,4,1364.86,11.47,GBP,5447.969999999999
TXN_000459,2024-03-26 08:54:00,S099,P686,7,353.05,41.34,USD,2430.0099999999998
TXN_000460,2024-03-24 15:59:00,S092,P972,2,1238.24,48.7,EUR,2427.78
TXN_000461,2024-03-18 06:51:00,S009,P391,1,122.38,24.94,EUR,97.44
TXN_000462,2024-03-05 15:30:00,S084,P002,2,339.59,37.2,GBP,641.9799999999999
TXN_000463,2024-03-26 21:28:00,S009,P217,8,379.94,46.65,GBP,2992.87
TXN_000464,2024-03-10 07:03:00,S016,P552,1,1125.67,21.57,USD,1104.1000000000001
TXN_000465,2024-03-16 23:11:00,S024,P903,9,253.88,48.49,EUR,2236.4300000000003
TXN_000466,2024-03-01 06:07:00,S082,P040,4,610.1,41.98,USD,2398.42
TXN_000467,2024-03-15 05:46:00,S002,P511,2,327.13,14.72,USD,639.54
TXN_000468,2024-03-22 13:57:00,S036,P428,3,561.6,41.75,GBP,1643.0500000000002
TXN_000469,2024-03-10 10:41:00,S001,P952,5,547.34,17.62,GBP,2719.0800000000004
TXN_000470,2024-03-19 20:51:00,S012,P705,4,330.61,22.35,USD,1300.0900000000001
TXN_000471,2024-03-07 16:55:00,S011,P895,5,343.02,46.43,EUR,1668.6699999999998
TXN_000472,2024-03-10 21:20:00,S020,P711,9,492.88,32.98,USD,4402.9400000000005
TXN_000473,2024-03-29 04:22:00,S007,P225,8,161.0,48.05,GBP,1239.95
TXN_000474,2024-03-15 12:49:00,S022,P503,6,224.15,42.17,EUR,1302.73
TXN_000475,2024-03-30 21:32:00,S006,P672,1,946.07,5.3,USD,940.7700000000001
TXN_000476,2024-03-25 18:14:00,S076,P460,6,579.25,5.24,EUR,3470.26
TXN_000477,2024-03-10 14:01:00,S084,P848,4,730.36,11.74,GBP,2909.7000000000003
TXN_000478,2024-03-28 13:30:00,S046,P980,9,449.04,10.41,EUR,4030.9500000000003
TXN_000479,2024-03-13 13:24:00,S010,P061,1,71.37,49.75,EUR,21.620000000000005
TXN_000480,2024-03-08 23:45:00,S082,P520,6,1391.79,38.54,EUR,8312.199999999999
TXN_000481,2024-03-07 23:04:00,S002,P214,3,1239.27,28.28,GBP,3689.5299999999997
TXN_000482,2024-03-24 00:03:00,S063,P889,3,350.95,26.06,EUR,1026.79
TXN_000483,2024-03-30 14:08:00,S078,P702,8,33.75,18.79,EUR,251.21
TXN_000484,2024-03-10 18:57:00,S079,P182,6,778.25,20.76,EUR,4648.74
TXN_000485,2024-03-16 11:48:00,S062,P763,8,1066.15,19.18,GBP,8510.02
TXN_000486,2024-03-04 06:49:00,S013,P161,4,729.77,40.23,USD,2878.85
TXN_000487,2024-03-12 16:41:00,S015,P804,1,1158.63,1.3,GBP,1157.3300000000002
TXN_000488,2024-03-19 04:29:00,S018,P717,2,1286.08,31.06,GBP,2541.1
TXN_000489,2024-03-12 12:40:00,S069,P799,1,983.32,4.96,GBP,978.36
TXN_000490,2024-03-29 16:16:00,S076,P283,1,1114.9,32.64,USD,1082.26
TXN_000491,2024-03-18 04:32:00,S008,P211,3,168.31,30.18,USD,474.75
TXN_000492,2024-03-08 15:46:00,S089,P119,6,43.96,17.18,EUR,246.57999999999998
TXN_000493,2024-03-27 07:22:00,S054,P131,3,1310.9,10.25,GBP,3922.4500000000003
TXN_000494,2024-03-22 10:47:00,S050,P756,7,451.77,9.13,USD,3153.2599999999998
TXN_000495,2024-03-21 00:02:00,S019,P414,2,845.16,0.24,EUR,1690.08
TXN_000496,2024-03-26 08:38:00,S042,P077,8,1036.73,23.64,EUR,8270.2
TXN_000497,2024-03-08 18:26:00,S032,P255,3,1434.14,11.87,USD,4290.55
TXN_000498,2024-03-28 22:03:00,S074,P436,6,1292.76,7.02,EUR,7749.539999999999
TXN_000499,2024-03-21 19:10:00,S094,P327,4,1128.07,23.35,GBP,4488.929999999999
TXN_000500,2024-03-21 15:28:00,S095,P172,6,127.96,1.67,USD,766.09
TXN_000501,2024-03-01 08:11:00,S056,P298,1,212.23,14.05,GBP,198.17999999999998
TXN_000502,2024-03-14 01:37:00,S050,P584,5,317.26,13.78,USD,1572.52
TXN_000503,2024-03-23 03:55:00,S063,P152,7,1461.93,33.33,EUR,10200.18
TXN_000504,2024-03-08 17:39:00,S071,P654,1,847.27,32.89,USD,814.38
TXN_000505,2024-03-27 03:44:00,S093,P114,3,841.18,29.88,GBP,2493.66
TXN_000506,2024-03-19 13:48:00,S011,P398,8,528.36,20.5,EUR,4206.38
TXN_000507,2024-03-20 13:47:00,S093,P640,2,1107.3,21.94,EUR,2192.66
TXN_000508,2024-03-12 05:30:00,S062,P996,4,548.72,6.21,EUR,2188.67
TXN_000509,2024-03-26 18:43:00,S053,P113,1,722.78,48.25,GBP,674.53
TXN_000510,2024-03-07 03:48:00,S081,P518,9,1384.39,13.03,EUR,12446.48
TXN_000511,2024-03-20 19:23:00,S012,P572,2,806.88,20.54,EUR,1593.22
TXN_000512,2024-03-01 06:43:00,S053,P371,2,26.63,21.92,EUR,31.339999999999996
TXN_000513,2024-03-15 08:26:00,S031,P933,5,750.89,40.55,USD,3713.8999999999996
TXN_000514,2024-03-07 16:43:00,S070,P214,4,76.85,33.28,USD,274.12
TXN_000515,2024-03-25 14:43:00,S015,P938,1,158.23,17.5,EUR,140.73
TXN_000516,2024-03-12 22:36:00,S009,P216,5,377.85,31.56,USD,1857.69
TXN_000517,2024-03-05 19:16:00,S075,P572,6,635.5,18.51,USD,3794.49
TXN_000518,2024-03-14 04:44:00,S001,P293,2,1431.92,37.27,USD,2826.57
TXN_000519,2024-03-28 15:14:00,S054,P637,8,223.12,1.58,USD,1783.38
TXN_000520,2024-03-11 08:21:00,S071,P294,1,1170.23,4.84,EUR,1165.39
TXN_000521,2024-03-11 12:34:00,S098,P897,9,1227.55,24.48,EUR,11023.47
TXN_000522,2024-03-13 11:37:00,S012,P289,8,292.69,31.66,USD,2309.86
TXN_000523,2024-03-30 07:55:00,S048,P318,7,1490.61,1.69,EUR,10432.579999999998
TXN_000524,2024-03-18 18:48:00,S070,P934,9,1184.76,29.47,USD,10633.37
TXN_000525,2024-03-03 19:25:00,S074,P428,2,1047.09,6.28,EUR,2087.8999999999996
TXN_000526,2024-03-19 10:15:00,S067,P950,4,30.49,13.0,USD,108.96
TXN_000527,2024-03-16 20:41:00,S040,P447,3,77.35,18.87,USD,213.17999999999998
TXN_000528,2024-03-06 10:19:00,S023,P896,1,861.95,38.05,EUR,823.9000000000001
TXN_000529,2024-03-25 06:01:00,S088,P490,7,1295.24,39.41,EUR,9027.27
TXN_000530,2024-03-17 13:22:00,S077,P605,3,1207.36,23.91,USD,3598.17
TXN_000531,2024-03-24 16:17:00,S026,P168,2,710.62,42.18,GBP,1379.06
TXN_000532,2024-03-07 21:35:00,S052,P590,5,1233.34,47.6,GBP,6119.099999999999
TXN_000533,2024-03-10 12:58:00,S057,P968,8,741.81,0.92,USD,5933.5599999999995
TXN_000534,2024-03-20 02:02:00,S048,P513,9,1079.29,18.99,USD,9694.62
TXN_000535,2024-03-10 11:31:00,S021,P816,7,181.81,6.45,EUR,1266.22
TXN_000536,2024-03-08 21:42:00,S062,P255,4,759.14,43.0,GBP,2993.56
TXN_000537,2024-03-30 01:05:00,S042,P223,5,321.38,26.96,GBP,1579.94
TXN_000538,2024-03-19 00:43:00,S081,P767,9,694.59,21.07,GBP,6230.240000000001
TXN_000539,2024-03-30 03:02:00,S071,P121,5,976.58,41.17,GBP,4841.7300000000005
TXN_000540,2024-03-27 23:24:00,S010,P254,5,273.84,22.43,GBP,1346.7699999999998
TXN_000541,2024-03-20 13:11:00,S089,P471,3,50.54,23.82,EUR,127.80000000000001
TXN_000542,2024-03-26 02:38:00,S079,P778,3,504.54,37.34,USD,1476.2800000000002
TXN_000543,2024-03-14 23:02:00,S052,P069,7,1263.07,43.99,EUR,8797.5
TXN_000544,2024-03-06 04:10:00,S017,P436,3,797.62,15.81,USD,2377.05
TXN_000545,2024-03-03 19:32:00,S032,P944,7,267.86,38.32,EUR,1836.7
TXN_000546,2024-03-20 05:41:00,S070,P194,9,416.15,0.84,USD,3744.5099999999998
TXN_000547,2024-03-26 18:43:00,S048,P333,2,1393.77,25.51,USD,2762.0299999999997
TXN_000548,2024-03-19 13:54:00,S096,P575,1,202.41,26.98,USD,175.43
TXN_000549,2024-03-26 03:40:00,S069,P303,1,130.4,25.59,EUR,104.81
TXN_000550,2024-03-13 09:52:00,S012,P420,6,330.04,36.98,GBP,1943.2600000000002
TXN_000551,2024-03-18 23:37:00,S072,P421,6,486.8,39.87,GBP,2880.9300000000003
TXN_000552,2024-03-01 22:08:00,S052,P078,3,393.28,17.69,EUR,1162.1499999999999
TXN_000553,2024-03-20 08:14:00,S041,P881,9,1399.76,8.6,USD,12589.24
TXN_000554,2024-03-23 12:02:00,S018,P161,5,1138.87,12.79,USD,5681.5599999999995
TXN_000555,2024-03-17 03:56:00,S015,P027,9,1186.83,38.38,USD,10643.09
TXN_000556,2024-03-19 22:21:00,S068,P305,7,1409.84,42.04,EUR,9826.839999999998
TXN_000557,2024-03-16 11:20:00,S089,P472,6,1342.09,32.16,EUR,8020.379999999999
TXN_000558,2024-03-05 05:26:00,S082,P733,4,141.27,26.0,EUR,539.08
TXN_000559,2024-03-12 00:40:00,S063,P397,4,571.14,23.3,GBP,2261.2599999999998
TXN_000560,2024-03-25 11:48:00,S085,P378,5,827.98,41.69,EUR,4098.21
TXN_000561,2024-03-02 21:52:00,S027,P906,7,1465.78,41.4,USD,10219.06
TXN_000562,2024-03-20 17:34:00,S005,P463,3,1116.82,26.05,GBP,3324.41
TXN_000563,2024-03-04 07:44:00,S017,P938,6,1310.34,43.8,GBP,7818.239999999999
TXN_000564,2024-03-08 08:47:00,S054,P745,3,563.5,40.57,GBP,1649.93
TXN_000565,2024-03-01 08:54:00,S010,P025,5,576.99,28.78,USD,2856.1699999999996
TXN_000566,2024-03-28 12:24:00,S084,P098,9,129.86,27.81,EUR,1140.9300000000003
TXN_000567,2024-03-04 02:57:00,S062,P570,9,107.11,28.26,EUR,935.73
TXN_000568,2024-03-29 10:36:00,S057,P113,4,63.91,39.51,USD,216.13
TXN_000569,2024-03-17 13:20:00,S008,P492,9,777.11,41.09,GBP,6952.9
TXN_000570,2024-03-02 06:34:00,S063,P180,4,10.67,42.21,GBP,0.46999999999999886
TXN_000571,2024-03-17 20:37:00,S093,P836,1,411.97,24.94,EUR,387.03000000000003
TXN_000572,2024-03-16 11:25:00,S050,P792,1,1104.38,6.76,USD,1097.6200000000001
TXN_000573,2024-03-29 13:30:00,S087,P929,2,678.05,44.72,EUR,1311.3799999999999
TXN_000574,2024-03-06 19:10:00,S089,P558,3,907.51,25.65,USD,2696.8799999999997
TXN_000575,2024-03-16 13:00:00,S024,P320,5,315.58,18.35,GBP,1559.55
TXN_000576,2024-03-11 18:32:00,S029,P613,4,459.97,48.98,USD,1790.9
TXN_000577,2024-03-06 21:44:00,S008,P037,3,1119.73,40.14,GBP,3319.05
TXN_000578,2024-03-15 01:52:00,S038,P563,9,144.47,0.34,GBP,1299.89
TXN_000579,2024-03-27 23:13:00,S009,P664,1,503.71,17.31,EUR,486.4
TXN_000580,2024-03-10 04:06:00,S091,P121,9,323.44,43.72,GBP,2867.2400000000002
TXN_000581,2024-03-21 02:14:00,S100,P182,4,809.57,48.55,USD,3189.73
TXN_000582,2024-03-23 07:00:00,S037,P921,7,895.74,14.61,GBP,6255.570000000001
TXN_000583,2024-03-04 22:48:00,S078,P811,5,1139.18,40.79,EUR,5655.110000000001
TXN_000584,2024-03-14 12:20:00,S027,P762,3,932.54,16.51,EUR,2781.1099999999997
TXN_000585,2024-03-14 04:20:00,S006,P985,2,1242.18,47.8,EUR,2436.56
TXN_000586,2024-03-05 01:31:00,S060,P676,7,747.22,0.52,EUR,5230.0199999999995
TXN_000587,2024-03-27 16:42:00,S067,P479,9,193.46,45.78,GBP,1695.3600000000001
TXN_000588,2024-03-04 11:48:00,S081,P047,6,1095.07,35.11,EUR,6535.31
TXN_000589,2024-03-25 05:38:00,S009,P338,9,438.66,16.74,GBP,3931.2000000000003
TXN_000590,2024-03-23 19:53:00,S081,P011,1,637.09,30.94,GBP,606.15
TXN_000591,2024-03-25 10:52:00,S090,P641,1,1086.4,32.55,GBP,1053.8500000000001
TXN_000592,2024-03-25 15:38:00,S088,P931,8,1354.82,46.93,EUR,10791.63
TXN_000593,2024-03-12 16:04:00,S006,P078,3,594.91,26.76,GBP,1757.97
TXN_000594,2024-03-30 15:26:00,S008,P758,7,1166.87,30.54,EUR,8137.549999999999
TXN_000595,2024-03-25 07:34:00,S041,P602,3,1322.83,45.73,USD,3922.7599999999998
TXN_000596,2024-03-08 20:54:00,S017,P871,1,442.22,40.94,USD,401.28000000000003
TXN_000597,2024-03-11 16:54:00,S001,P315,1,351.01,29.78,EUR,321.23
TXN_000598,2024-03-28 23:32:00,S026,P789,9,1140.09,5.29,EUR,10255.519999999999
TXN_000599,2024-03-27 20:16:00,S092,P493,7,1221.62,11.89,GBP,8539.45
TXN_000600,2024-03-23 22:13:00,S093,P104,1,82.04,4.81,GBP,77.23
TXN_000601,2024-03-10 22:44:00,S032,P170,9,1169.3,40.83,GBP,10482.869999999999
TXN_000602,2024-03-03 03:36:00,S080,P965,2,1377.89,12.65,GBP,2743.13
TXN_000603,2024-03-05 14:12:00,S006,P899,2,687.45,15.56,GBP,1359.3400000000001
TXN_000604,2024-03-29 10:53:00,S090,P632,4,1082.05,3.81,EUR,4324.389999999999
TXN_000605,2024-03-07 05:57:00,S045,P340,9,880.15,40.46,GBP,7880.889999999999
TXN_000606,2024-03-02 00:05:00,S085,P541,1,451.62,33.45,EUR,418.17
TXN_000607,2024-03-11 00:54:00,S078,P013,1,406.71,44.71,EUR,362.0
TXN_000608,2024-03-29 02:19:00,S019,P256,1,1468.9,25.8,GBP,1443.1000000000001
TXN_000609,2024-03-08 17:28:00,S088,P185,5,684.9,34.15,GBP,3390.35
TXN_000610,2024-03-17 16:29:00,S049,P800,3,280.9,39.52,USD,803.18
TXN_000611,2024-03-08 21:21:00,S026,P748,9,107.52,32.38,EUR,935.3
TXN_000612,2024-03-06 07:15:00,S083,P187,6,222.93,3.71,USD,1333.87
TXN_000613,2024-03-17 23:07:00,S029,P457,8,574.87,29.14,USD,4569.82
TXN_000614,2024-03-03 20:18:00,S047,P668,6,146.43,16.54,EUR,862.0400000000001
TXN_000615,2024-03-19 05:06:00,S039,P411,5,1426.05,46.13,EUR,7084.12
TXN_000616,2024-03-12 22:15:00,S070,P331,3,1228.48,37.67,EUR,3647.77
TXN_000617,2024-03-06 11:40:00,S052,P543,1,1327.55,40.69,GBP,1286.86
TXN_000618,2024-03-10 02:51:00,S012,P338,1,1155.32,40.09,USD,1115.23
TXN_000619,2024-03-24 01:24:00,S094,P417,3,908.5,39.12,USD,2686.38
TXN_000620,2024-03-22 18:02:00,S087,P153,9,369.57,14.86,EUR,3311.27
TXN_000621,2024-03-04 19:02:00,S010,P593,8,631.17,7.51,EUR,5041.849999999999
TXN_000622,2024-03-22 14:07:00,S041,P014,3,584.78,26.55,EUR,1727.79
TXN_000623,2024-03-12 06:14:00,S055,P741,4,1287.48,32.75,USD,5117.17
TXN_000624,2024-03-18 00:12:00,S081,P286,7,628.76,43.62,GBP,4357.7
TXN_000625,2024-03-17 21:52:00,S016,P726,6,845.6,10.2,GBP,5063.400000000001
TXN_000626,2024-03-30 05:39:00,S017,P110,2,1360.38,46.21,USD,2674.55
TXN_000627,2024-03-24 17:24:00,S004,P182,2,360.98,19.56,EUR,702.4000000000001
TXN_000628,2024-03-20 02:57:00,S054,P065,3,1122.78,45.13,EUR,3323.21
TXN_000629,2024-03-01 15:54:00,S076,P406,1,842.52,38.78,USD,803.74
TXN_000630,2024-03-25 02:16:00,S056,P174,2,841.37,21.1,EUR,1661.64
TXN_000631,2024-03-30 04:10:00,S022,P943,3,1314.53,40.27,USD,3903.32
TXN_000632,2024-03-12 19:35:00,S011,P764,2,846.08,30.9,USD,1661.26
TXN_000633,2024-03-06 12:22:00,S054,P532,4,906.18,42.62,GBP,3582.1
TXN_000634,2024-03-11 02:19:00,S008,P656,3,706.06,2.11,EUR,2116.0699999999997
TXN_000635,2024-03-11 04:23:00,S094,P809,1,1052.89,47.88,USD,1005.0100000000001
TXN_000636,2024-03-23 08:54:00,S082,P919,7,1084.84,45.3,USD,7548.579999999999
TXN_000637,2024-03-08 08:02:00,S098,P776,5,1281.1,20.79,USD,6384.71
TXN_000638,2024-03-10 21:03:00,S090,P469,7,340.41,23.62,USD,2359.2500000000005
TXN_000639,2024-03-06 12:17:00,S068,P645,5,409.7,46.14,USD,2002.36
TXN_000640,2024-03-03 03:47:00,S079,P619,7,1179.72,11.22,USD,8246.820000000002
TXN_000641,2024-03-12 01:00:00,S081,P285,2,356.72,38.7,GBP,674.74
TXN_000642,2024-03-03 14:51:00,S085,P932,9,535.33,16.11,USD,4801.860000000001
TXN_000643,2024-03-15 14:41:00,S073,P122,4,637.06,21.49,EUR,2526.75
TXN_000644,2024-03-10 12:45:00,S012,P543,7,546.68,30.28,GBP,3796.4799999999996
TXN_000645,2024-03-24 18:15:00,S006,P775,2,1101.01,47.51,EUR,2154.5099999999998
TXN_000646,2024-03-25 20:21:00,S087,P508,1,675.09,4.36,GBP,670.73
TXN_000647,2024-03-24 18:33:00,S059,P884,1,468.71,23.96,USD,444.75
TXN_000648,2024-03-25 11:25:00,S039,P832,1,1411.2,19.78,EUR,1391.42
TXN_000649,2024-03-03 11:50:00,S016,P044,6,1363.03,42.39,USD,8135.79
TXN_000650,2024-03-28 01:59:00,S019,P649,6,786.42,10.57,EUR,4707.95
TXN_000651,2024-03-11 08:02:00,S035,P044,9,775.06,2.01,GBP,6973.529999999999
TXN_000652,2024-03-27 07:56:00,S069,P042,7,556.31,44.81,GBP,3849.3599999999997
TXN_000653,2024-03-18 05:40:00,S006,P950,3,667.92,44.44,GBP,1959.3199999999997
TXN_000654,2024-03-27 19:18:00,S034,P980,1,1279.96,43.39,GBP,1236.57
TXN_000655,2024-03-09 05:04:00,S089,P247,9,1351.07,39.29,EUR,12120.339999999998
TXN_000656,2024-03-02 18:36:00,S008,P301,3,902.96,16.28,USD,2692.6
TXN_000657,2024-03-26 10:39:00,S099,P381,9,540.95,18.4,GBP,4850.150000000001
TXN_000658,2024-03-01 19:40:00,S007,P416,4,1182.11,19.7,GBP,4708.74
TXN_000659,2024-03-24 22:24:00,S030,P313,5,745.89,32.27,USD,3697.18
TXN_000660,2024-03-12 10:34:00,S068,P044,8,775.65,34.62,GBP,6170.58
TXN_000661,2024-03-20 01:12:00,S047,P934,6,512.55,31.54,EUR,3043.7599999999998
TXN_000662,2024-03-02 03:28:00,S089,P465,4,1399.89,37.32,GBP,5562.240000000001
TXN_000663,2024-03-25 22:55:00,S011,P067,7,855.71,31.47,USD,5958.5
TXN_000664,2024-03-14 02:31:00,S015,P222,1,998.95,28.49,USD,970.46
TXN_000665,2024-03-20 08:57:00,S042,P033,1,182.59,32.92,EUR,149.67000000000002
TXN_000666,2024-03-06 10:39:00,S079,P405,5,1022.76,13.83,USD,5099.97
TXN_000667,2024-03-24 06:11:00,S067,P282,3,532.49,11.07,USD,1586.4
TXN_000668,2024-03-11 20:04:00,S089,P822,7,305.75,43.07,USD,2097.18
TXN_000669,2024-03-24 15:15:00,S097,P743,5,832.17,40.87,USD,4119.98
TXN_000670,2024-03-16 05:37:00,S034,P616,3,232.19,9.09,USD,687.4799999999999
TXN_000671,2024-03-19 23:02:00,S067,P352,8,1075.72,10.47,EUR,8595.29
TXN_000672,2024-03-13 05:47:00,S019,P520,8,1366.92,1.44,USD,10933.92
TXN_000673,2024-03-24 22:36:00,S034,P862,7,988.75,47.14,USD,6874.11
TXN_000674,2024-03-22 10:08:00,S055,P858,2,802.34,22.36,GBP,1582.3200000000002
TXN_000675,2024-03-20 04:57:00,S079,P769,7,542.58,31.0,GBP,3767.0600000000004
TXN_000676,2024-03-02 13:07:00,S062,P445,1,608.7,17.97,EUR,590.73
TXN_000677,2024-03-09 14:50:00,S042,P407,2,736.74,28.84,GBP,1444.64
TXN_000678,2024-03-14 06:18:00,S020,P004,5,892.52,2.35,GBP,4460.25
TXN_000679,2024-03-27 13:24:00,S050,P415,4,1287.75,21.83,GBP,5129.17
TXN_000680,2024-03-13 14:07:00,S065,P602,2,1091.47,43.6,USD,2139.34
TXN_000681,2024-03-12 06:19:00,S051,P373,8,559.07,29.73,USD,4442.830000000001
TXN_000682,2024-03-28 12:24:00,S006,P486,6,202.71,35.4,EUR,1180.86
TXN_000683,2024-03-10 07:44:00,S008,P627,6,421.33,37.67,EUR,2490.31
TXN_000684,2024-03-03 03:12:00,S001,P668,4,1252.5,16.96,EUR,4993.04
TXN_000685,2024-03-08 03:09:00,S057,P648,3,772.73,19.56,USD,2298.63
TXN_000686,2024-03-19 11:01:00,S019,P289,7,750.09,37.32,USD,5213.31
TXN_000687,2024-03-03 21:15:00,S040,P505,9,779.65,47.36,EUR,6969.49
TXN_000688,2024-03-10 13:53:00,S068,P457,1,287.35,4.36,EUR,282.99
TXN_000689,2024-03-25 03:48:00,S059,P437,9,846.76,14.97,USD,7605.87
TXN_000690,2024-03-01 18:50:00,S026,P291,6,800.84,28.61,EUR,4776.43
TXN_000691,2024-03-15 21:22:00,S014,P395,3,1072.54,33.85,GBP,3183.77
TXN_000692,2024-03-03 02:36:00,S083,P877,4,191.64,31.64,USD,734.92
TXN_000693,2024-03-12 07:56:00,S061,P004,3,734.44,28.85,EUR,2174.4700000000003
TXN_000694,2024-03-29 10:36:00,S097,P080,2,490.67,45.73,GBP,935.61
TXN_000695,2024-03-25 23:48:00,S095,P565,5,206.16,29.19,GBP,1001.6099999999999
TXN_000696,2024-03-11 23:35:00,S082,P977,9,1377.61,49.08,EUR,12349.41
TXN_000697,2024-03-02 12:40:00,S072,P163,5,1358.2,15.61,GBP,6775.39
TXN_000698,2024-03-07 22:56:00,S006,P192,9,651.87,41.07,EUR,5825.76
TXN_000699,2024-03-09 05:48:00,S014,P908,9,32.73,12.53,EUR,282.04
TXN_000700,2024-03-19 14:49:00,S032,P994,3,803.09,45.42,USD,2363.85
TXN_000701,2024-03-05 06:27:00,S022,P014,2,538.92,1.28,GBP,1076.56
TXN_000702,2024-03-16 09:30:00,S008,P283,3,1345.61,27.11,GBP,4009.72
TXN_000703,2024-03-13 04:44:00,S034,P763,5,787.29,41.21,EUR,3895.24
TXN_000704,2024-03-23 12:17:00,S085,P820,5,746.15,15.68,GBP,3715.07
TXN_000705,2024-03-10 00:15:00,S087,P648,4,538.42,4.3,USD,2149.3799999999997
TXN_000706,2024-03-04 07:49:00,S055,P956,7,1240.8,10.04,GBP,8675.56
TXN_000707,2024-03-07 22:04:00,S081,P773,1,311.41,47.36,EUR,264.05
TXN_000708,2024-03-23 15:14:00,S046,P108,2,802.74,36.31,GBP,1569.17
TXN_000709,2024-03-08 18:12:00,S038,P962,1,1474.24,18.29,EUR,1455.95
TXN_000710,2024-03-30 18:41:00,S044,P714,9,1310.51,49.69,USD,11744.9
TXN_000711,2024-03-12 09:30:00,S077,P787,2,1466.04,11.64,USD,2920.44
TXN_000712,2024-03-26 20:48:00,S017,P426,7,1278.51,44.33,USD,8905.24
TXN_000713,2024-03-30 11:16:00,S010,P084,2,966.67,16.96,EUR,1916.3799999999999
TXN_000714,2024-03-10 19:00:00,S073,P207,7,39.46,5.34,EUR,270.88000000000005
TXN_000715,2024-03-24 15:43:00,S084,P027,1,182.86,16.91,GBP,165.95000000000002
TXN_000716,2024-03-15 14:03:00,S073,P807,7,1029.62,48.83,GBP,7158.509999999999
TXN_000717,2024-03-10 11:19:00,S057,P897,1,1282.14,12.96,GBP,1269.18
TXN_000718,2024-03-19 20:46:00,S066,P854,7,968.69,29.38,USD,6751.45
TXN_000719,2024-03-11 11:31:00,S070,P870,6,317.13,26.98,EUR,1875.8
TXN_000720,2024-03-06 10:29:00,S033,P485,9,357.68,30.36,EUR,3188.7599999999998
TXN_000721,2024-03-27 23:03:00,S038,P127,9,67.54,37.68,EUR,570.1800000000001
TXN_000722,2024-03-03 07:19:00,S079,P785,6,1320.04,32.74,EUR,7887.5
TXN_000723,2024-03-02 23:22:00,S015,P949,7,454.92,29.32,USD,3155.12
TXN_000724,2024-03-10 16:51:00,S078,P523,7,562.82,25.09,EUR,3914.65
TXN_000725,2024-03-08 22:02:00,S066,P948,5,1398.58,16.23,GBP,6976.67
TXN_000726,2024-03-11 09:58:00,S028,P680,2,1012.87,23.17,USD,2002.57
TXN_000727,2024-03-27 16:44:00,S095,P663,5,530.17,41.9,USD,2608.95
TXN_000728,2024-03-22 15:55:00,S081,P746,5,429.47,36.14,USD,2111.2100000000005
TXN_000729,2024-03-04 10:19:00,S066,P323,2,1340.22,17.57,EUR,2662.87
TXN_000730,2024-03-18 09:16:00,S002,P032,9,960.79,29.18,USD,8617.93
TXN_000731,2024-03-01 05:38:00,S081,P469,8,1371.35,3.24,EUR,10967.56
TXN_000732,2024-03-22 04:38:00,S055,P955,5,796.77,23.08,GBP,3960.77
TXN_000733,2024-03-28 21:32:00,S047,P923,3,1299.39,25.35,GBP,3872.82
TXN_000734,2024-03-16 06:41:00,S029,P238,8,636.39,19.68,EUR,5071.44
TXN_000735,2024-03-08 02:20:00,S082,P859,9,661.68,27.88,USD,5927.24
TXN_000736,2024-03-29 03:32:00,S028,P098,3,131.36,11.87,GBP,382.21000000000004
TXN_000737,2024-03-14 09:20:00,S085,P218,7,687.99,5.11,GBP,4810.820000000001
TXN_000738,2024-03-01 16:53:00,S089,P586,7,899.5,7.72,EUR,6288.78
TXN_000739,2024-03-10 03:04:00,S080,P019,4,1017.97,4.5,GBP,4067.38
TXN_000740,2024-03-10 19:23:00,S040,P349,9,1353.95,30.81,EUR,12154.740000000002
TXN_000741,2024-03-13 04:25:00,S097,P599,8,1152.04,11.38,EUR,9204.94
TXN_000742,2024-03-24 06:58:00,S018,P852,2,336.73,0.72,GBP,672.74
TXN_000743,2024-03-29 06:25:00,S057,P196,7,919.23,3.07,EUR,6431.540000000001
TXN_000744,2024-03-13 14:47:00,S073,P330,6,820.58,27.15,GBP,4896.330000000001
TXN_000745,2024-03-11 16:31:00,S056,P991,8,1398.17,44.53,GBP,11140.83
TXN_000746,2024-03-12 12:59:00,S009,P908,9,1101.17,29.66,USD,9880.87
TXN_000747,2024-03-14 10:30:00,S086,P982,4,886.26,33.65,USD,3511.39
TXN_000748,2024-03-15 22:21:00,S060,P943,2,1228.24,23.35,USD,2433.13
TXN_000749,2024-03-16 02:16:00,S027,P970,8,529.88,3.82,EUR,4235.22
TXN_000750,2024-03-19 06:52:00,S020,P312,4,329.92,11.22,USD,1308.46
TXN_000751,2024-03-11 13:59:00,S046,P529,3,1055.77,28.74,EUR,3138.57
TXN_000752,2024-03-27 03:52:00,S074,P329,9,1044.11,9.22,EUR,9387.77
TXN_000753,2024-03-03 11:42:00,S014,P322,2,474.0,1.98,USD,946.02
TXN_000754,2024-03-21 01:53:00,S091,P351,8,1325.35,21.42,USD,10581.38
TXN_000755,2024-03-14 03:00:00,S024,P499,4,617.2,48.21,EUR,2420.59
TXN_000756,2024-03-11 15:49:00,S027,P052,8,1244.35,23.27,USD,9931.529999999999
TXN_000757,2024-03-04 08:24:00,S065,P316,8,321.21,9.02,GBP,2560.66
TXN_000758,2024-03-24 14:54:00,S071,P319,2,785.89,34.06,EUR,1537.72
TXN_000759,2024-03-12 22:09:00,S037,P460,1,457.49,15.64,GBP,441.85
TXN_000760,2024-03-30 21:02:00,S025,P268,4,1122.06,26.46,USD,4461.78
TXN_000761,2024-03-28 01:31:00,S026,P286,5,978.73,34.19,EUR,4859.46
TXN_000762,2024-03-19 13:50:00,S045,P712,7,127.15,33.2,USD,856.85
TXN_000763,2024-03-30 10:45:00,S046,P132,7,583.72,24.72,GBP,4061.32
TXN_000764,2024-03-21 20:19:00,S083,P432,7,1226.87,3.14,EUR,8584.95
TXN_000765,2024-03-23 16:08:00,S072,P335,4,636.67,5.37,EUR,2541.31
TXN_000766,2024-03-15 07:57:00,S072,P919,5,989.8,35.57,EUR,4913.43
TXN_000767,2024-03-04 05:43:00,S072,P521,4,306.76,8.47,GBP,1218.57
TXN_000768,2024-03-09 10:44:00,S054,P381,3,1003.14,33.82,GBP,2975.6
TXN_000769,2024-03-26 01:33:00,S037,P055,7,1459.61,37.98,USD,10179.289999999999
TXN_000770,2024-03-23 20:44:00,S039,P913,2,722.48,1.2,GBP,1443.76
TXN_000771,2024-03-16 08:20:00,S089,P892,1,580.85,42.95,USD,537.9
TXN_000772,2024-03-25 09:29:00,S034,P871,5,931.58,7.6,USD,4650.3
TXN_000773,2024-03-08 00:22:00,S027,P897,4,1466.95,17.38,USD,5850.42
TXN_000774,2024-03-15 07:18:00,S024,P899,9,743.47,3.24,GBP,6687.990000000001
TXN_000775,2024-03-19 20:30:00,S005,P245,1,715.56,24.66,USD,690.9
TXN_000776,2024-03-27 06:13:00,S022,P264,6,1355.03,49.49,USD,8080.6900000000005
TXN_000777,2024-03-16 02:22:00,S010,P763,2,505.57,17.2,GBP,993.9399999999999
TXN_000778,2024-03-25 14:35:00,S074,P183,7,1427.99,10.12,USD,9985.81
TXN_000779,2024-03-13 14:11:00,S084,P824,8,457.25,37.63,EUR,3620.37
TXN_000780,2024-03-03 22:04:00,S038,P787,6,989.81,34.97,GBP,5903.889999999999
TXN_000781,2024-03-02 15:52:00,S033,P009,5,332.0,32.9,USD,1627.1
TXN_000782,2024-03-18 03:22:00,S091,P719,8,1216.62,38.86,USD,9694.099999999999
TXN_000783,2024-03-12 08:13:00,S036,P653,4,1240.12,19.28,EUR,4941.2
TXN_000784,2024-03-22 05:36:00,S091,P025,2,513.62,39.98,USD,987.26
TXN_000785,2024-03-06 10:08:00,S011,P688,3,770.02,1.19,GBP,2308.87
TXN_000786,2024-03-06 18:36:00,S001,P808,1,507.1,0.65,GBP,506.45000000000005
TXN_000787,2024-03-22 02:41:00,S072,P445,3,665.81,15.56,GBP,1981.87
TXN_000788,2024-03-16 06:12:00,S005,P870,5,763.07,17.06,GBP,3798.2900000000004
TXN_000789,2024-03-25 14:11:00,S021,P174,9,781.78,15.72,USD,7020.299999999999
TXN_000790,2024-03-20 05:39:00,S084,P358,8,1058.59,42.35,EUR,8426.369999999999
TXN_000791,2024-03-02 14:48:00,S079,P352,7,1302.95,3.34,GBP,9117.31
TXN_000792,2024-03-21 06:12:00,S084,P173,3,1345.67,14.74,GBP,4022.2700000000004
TXN_000793,2024-03-05 21:06:00,S078,P910,3,1491.95,15.18,GBP,4460.67
TXN_000794,2024-03-18 09:02:00,S049,P410,1,1027.23,5.81,GBP,1021.4200000000001
TXN_000795,2024-03-15 19:52:00,S024,P085,2,1026.11,47.27,GBP,2004.9499999999998
TXN_000796,2024-03-22 01:48:00,S035,P566,8,1182.66,40.77,EUR,9420.51
TXN_000797,2024-03-18 19:40:00,S075,P969,7,146.17,10.14,GBP,1013.05
TXN_000798,2024-03-21 20:09:00,S047,P936,5,955.74,22.23,USD,4756.47
TXN_000799,2024-03-29 09:37:00,S058,P756,8,98.92,26.7,USD,764.66
TXN_000800,2024-03-13 20:32:00,S071,P316,9,657.32,4.31,GBP,5911.57
TXN_000801,2024-03-04 15:37:00,S021,P656,6,1107.93,19.62,EUR,6627.96
TXN_000802,2024-03-21 13:45:00,S037,P166,7,919.05,22.96,USD,6410.389999999999
TXN_000803,2024-03-21 19:35:00,S001,P339,3,1185.51,38.75,EUR,3517.7799999999997
TXN_000804,2024-03-17 23:28:00,S032,P458,6,481.09,20.31,GBP,2866.23
TXN_000805,2024-03-25 04:45:00,S033,P173,5,655.49,27.3,GBP,3250.1499999999996
TXN_000806,2024-03-26 10:11:00,S009,P351,8,166.21,27.96,GBP,1301.72
TXN_000807,2024-03-23 11:08:00,S066,P727,8,592.65,17.16,EUR,4724.04
TXN_000808,2024-03-21 11:19:00,S027,P342,9,163.24,29.39,GBP,1439.77
TXN_000809,2024-03-15 01:22:00,S017,P914,1,200.39,12.95,USD,187.44
TXN_000810,2024-03-23 12:33:00,S016,P914,7,758.26,35.71,EUR,5272.11
TXN_000811,2024-03-18 04:57:00,S073,P133,5,915.49,9.7,EUR,4567.75
TXN_000812,2024-03-17 16:04:00,S086,P160,9,1278.01,23.95,USD,11478.14
TXN_000813,2024-03-19 18:28:00,S085,P054,8,183.46,44.69,EUR,1422.99
TXN_000814,2024-03-30 10:17:00,S068,P563,2,946.55,29.23,USD,1863.87
TXN_000815,2024-03-18 09:36:00,S088,P488,4,533.57,46.02,USD,2088.26
TXN_000816,2024-03-30 11:35:00,S022,P804,1,750.92,10.34,USD,740.5799999999999
TXN_000817,2024-03-15 13:28:00,S028,P900,5,1176.12,32.52,GBP,5848.079999999999
TXN_000818,2024-03-05 21:36:00,S094,P787,1,482.01,32.87,GBP,449.14
TXN_000819,2024-03-10 10:26:00,S045,P858,6,1317.56,35.03,EUR,7870.33
TXN_000820,2024-03-12 19:50:00,S021,P891,6,1436.16,0.6,USD,8616.36
TXN_000821,2024-03-05 16:30:00,S055,P276,6,1138.83,40.28,EUR,6792.7
TXN_000822,2024-03-13 21:13:00,S030,P688,6,397.7,29.09,EUR,2357.1099999999997
TXN_000823,2024-03-06 07:14:00,S025,P496,7,419.96,47.37,EUR,2892.35
TXN_000824,2024-03-23 18:02:00,S043,P445,8,385.69,46.94,USD,3038.58
TXN_000825,2024-03-10 13:49:00,S031,P089,8,694.53,47.68,GBP,5508.5599999999995
TXN_000826,2024-03-15 17:12:00,S048,P215,2,219.7,40.5,GBP,398.9
TXN_000827,2024-03-10 21:47:00,S049,P228,1,1148.63,7.96,GBP,1140.67
TXN_000828,2024-03-07 07:22:00,S048,P927,8,222.59,44.38,EUR,1736.34
TXN_000829,2024-03-17 19:01:00,S088,P200,6,527.34,46.3,GBP,3117.74
TXN_000830,2024-03-12 11:15:00,S018,P662,6,819.41,34.12,EUR,4882.34
TXN_000831,2024-03-15 13:05:00,S051,P831,2,1262.67,41.17,EUR,2484.17
TXN_000832,2024-03-17 21:29:00,S012,P882,9,288.79,47.46,EUR,2551.65
TXN_000833,2024-03-18 03:23:00,S066,P563,1,1450.46,34.67,EUR,1415.79
TXN_000834,2024-03-09 22:07:00,S083,P845,3,1096.47,34.14,USD,3255.27
TXN_000835,2024-03-09 20:35:00,S073,P257,2,281.12,43.56,EUR,518.6800000000001
TXN_000836,2024-03-25 20:29:00,S079,P697,6,437.62,47.73,GBP,2577.9900000000002
TXN_000837,2024-03-20 10:41:00,S069,P175,6,742.35,6.08,USD,4448.02
TXN_000838,2024-03-11 17:48:00,S001,P938,4,144.45,32.3,USD,545.5
TXN_000839,2024-03-14 12:01:00,S019,P475,5,213.26,41.09,EUR,1025.21
TXN_000840,2024-03-01 03:51:00,S072,P218,7,1200.51,20.24,USD,8383.33
TXN_000841,2024-03-06 21:08:00,S019,P136,6,1407.34,43.46,EUR,8400.58
TXN_000842,2024-03-15 14:17:00,S016,P847,2,1136.44,19.49,USD,2253.3900000000003
TXN_000843,2024-03-07 03:10:00,S037,P044,4,984.7,9.73,USD,3929.07
TXN_000844,2024-03-03 15:52:00,S059,P902,7,1308.72,39.55,USD,9121.490000000002
TXN_000845,2024-03-01 13:54:00,S081,P678,8,1268.7,20.62,GBP,10128.98
TXN_000846,2024-03-29 07:05:00,S011,P980,2,145.5,6.48,GBP,284.52
TXN_000847,2024-03-14 21:50:00,S078,P333,1,709.59,20.54,EUR,689.0500000000001
TXN_000848,2024-03-27 13:13:00,S084,P208,4,1233.96,21.81,USD,4914.03
TXN_000849,2024-03-27 19:05:00,S036,P403,7,412.92,2.43,EUR,2888.01
TXN_000850,2024-03-20 15:45:00,S085,P214,9,717.04,5.08,USD,6448.28
TXN_000851,2024-03-22 16:19:00,S022,P933,8,782.68,30.62,USD,6230.82
TXN_000852,2024-03-26 20:53:00,S042,P183,8,877.09,28.98,USD,6987.740000000001
TXN_000853,2024-03-16 10:12:00,S037,P493,8,394.9,15.77,GBP,3143.43
TXN_000854,2024-03-28 04:29:00,S043,P463,9,440.4,37.79,GBP,3925.81
TXN_000855,2024-03-07 01:13:00,S064,P211,2,966.63,43.95,GBP,1889.31
TXN_000856,2024-03-20 00:57:00,S096,P086,5,1368.22,25.48,USD,6815.620000000001
TXN_000857,2024-03-05 21:55:00,S046,P072,1,885.62,36.47,USD,849.15
TXN_000858,2024-03-11 18:00:00,S099,P713,6,610.28,10.95,USD,3650.73
TXN_000859,2024-03-16 09:43:00,S026,P447,7,898.21,13.91,USD,6273.56
TXN_000860,2024-03-08 15:59:00,S051,P288,1,470.41,4.03,EUR,466.38000000000005
TXN_000861,2024-03-22 13:27:00,S095,P379,9,299.09,1.51,EUR,2690.2999999999997
TXN_000862,2024-03-26 13:03:00,S046,P119,9,574.56,11.66,USD,5159.379999999999
TXN_000863,2024-03-25 04:23:00,S002,P785,2,574.53,10.81,EUR,1138.25
TXN_000864,2024-03-23 04:10:00,S031,P315,3,1123.33,43.23,GBP,3326.7599999999998
TXN_000865,2024-03-16 18:58:00,S089,P923,5,155.34,31.09,USD,745.61
TXN_000866,2024-03-06 01:20:00,S036,P507,9,1297.75,27.18,GBP,11652.57
TXN_000867,2024-03-22 22:12:00,S055,P343,7,1304.5,37.41,GBP,9094.09
TXN_000868,2024-03-29 13:23:00,S097,P045,2,1302.26,6.65,USD,2597.87
TXN_000869,2024-03-03 18:48:00,S055,P454,8,1479.8,45.89,USD,11792.51
TXN_000870,2024-03-02 11:26:00,S026,P245,1,81.55,49.05,GBP,32.5
TXN_000871,2024-03-23 04:18:00,S003,P267,8,1314.37,44.93,EUR,10470.029999999999
TXN_000872,2024-03-21 21:10:00,S049,P911,1,937.78,17.02,GBP,920.76
TXN_000873,2024-03-10 16:59:00,S025,P486,7,413.72,30.76,EUR,2865.2799999999997
TXN_000874,2024-03-11 23:57:00,S054,P668,1,678.28,35.08,EUR,643.1999999999999
TXN_000875,2024-03-19 15:14:00,S008,P992,7,737.31,17.21,EUR,5143.96
TXN_000876,2024-03-01 15:41:00,S048,P626,3,279.3,13.72,EUR,824.1800000000001
TXN_000877,2024-03-27 06:51:00,S100,P304,3,487.08,25.05,EUR,1436.19
TXN_000878,2024-03-06 14:01:00,S058,P499,4,1100.4,22.44,USD,4379.160000000001
TXN_000879,2024-03-20 10:25:00,S049,P370,1,1284.5,14.59,GBP,1269.91
TXN_000880,2024-03-24 06:32:00,S022,P261,8,1110.53,49.65,GBP,8834.59
TXN_000881,2024-03-11 05:39:00,S032,P718,4,1137.98,12.27,GBP,4539.65
TXN_000882,2024-03-13 21:05:00,S056,P795,7,142.08,18.8,GBP,975.7600000000001
TXN_000883,2024-03-10 11:25:00,S028,P765,6,727.42,38.37,USD,4326.15
TXN_000884,2024-03-02 18:06:00,S070,P470,2,58.82,25.38,EUR,92.26
TXN_000885,2024-03-28 23:47:00,S008,P836,2,1167.26,45.23,EUR,2289.29
TXN_000886,2024-03-07 09:23:00,S078,P182,2,303.08,26.49,GBP,579.67
TXN_000887,2024-03-30 18:11:00,S056,P430,3,740.4,23.63,GBP,2197.5699999999997
TXN_000888,2024-03-02 16:47:00,S052,P035,7,560.59,11.34,EUR,3912.79
TXN_000889,2024-03-09 13:10:00,S025,P671,9,769.35,11.51,USD,6912.64
TXN_000890,2024-03-04 17:26:00,S037,P1000,3,316.78,41.1,GBP,909.2399999999999
TXN_000891,2024-03-25 18:28:00,S077,P978,4,236.66,17.96,GBP,928.68
TXN_000892,2024-03-15 12:12:00,S050,P818,8,1148.0,26.7,USD,9157.3
TXN_000893,2024-03-28 12:13:00,S081,P843,7,302.04,30.79,GBP,2083.4900000000002
TXN_000894,2024-03-22 09:25:00,S077,P980,8,1272.77,23.76,GBP,10158.4
TXN_000895,2024-03-27 01:42:00,S076,P669,3,766.03,28.99,EUR,2269.1000000000004
TXN_000896,2024-03-18 10:58:00,S038,P072,3,130.39,32.0,EUR,359.16999999999996
TXN_000897,2024-03-29 14:07:00,S036,P183,2,377.12,25.05,USD,729.19
TXN_000898,2024-03-22 06:02:00,S071,P630,7,748.77,8.8,USD,5232.589999999999
TXN_000899,2024-03-23 08:43:00,S032,P976,3,733.16,36.9,USD,2162.58
TXN_000900,2024-03-09 17:42:00,S096,P340,9,534.99,48.37,USD,4766.54
TXN_000901,2024-03-23 23:20:00,S100,P147,9,177.48,17.97,USD,1579.35
TXN_000902,2024-03-17 11:56:00,S003,P263,2,268.38,19.91,USD,516.85
TXN_000903,2024-03-17 22:55:00,S077,P358,7,810.83,23.54,GBP,5652.27
TXN_000904,2024-03-29 09:43:00,S081,P085,9,1074.71,5.71,GBP,9666.68
TXN_000905,2024-03-13 07:09:00,S040,P556,5,1101.2,34.57,EUR,5471.43
TXN_000906,2024-03-10 18:43:00,S041,P825,7,872.91,13.77,EUR,6096.599999999999
TXN_000907,2024-03-11 20:17:00,S041,P001,8,260.06,27.95,EUR,2052.53
TXN_000908,2024-03-23 23:33:00,S027,P288,8,503.25,42.33,GBP,3983.67
TXN_000909,2024-03-16 14:44:00,S023,P781,2,758.84,19.77,USD,1497.91
TXN_000910,2024-03-24 16:58:00,S089,P672,3,609.73,48.59,USD,1780.6000000000001
TXN_000911,2024-03-20 08:56:00,S022,P860,8,344.76,45.42,EUR,2712.66
TXN_000912,2024-03-19 20:03:00,S032,P626,4,923.54,1.03,USD,3693.1299999999997
TXN_000913,2024-03-14 19:14:00,S014,P462,1,1094.09,34.66,GBP,1059.4299999999998
TXN_000914,2024-03-16 06:24:00,S090,P033,4,652.01,1.91,USD,2606.13
TXN_000915,2024-03-25 02:35:00,S070,P101,7,1366.15,1.45,GBP,9561.6
TXN_000916,2024-03-03 22:28:00,S085,P287,5,441.37,40.57,EUR,2166.2799999999997
TXN_000917,2024-03-08 19:12:00,S053,P619,8,1232.4,42.08,EUR,9817.12
TXN_000918,2024-03-03 02:05:00,S040,P530,6,939.87,9.95,USD,5629.27
TXN_000919,2024-03-30 11:57:00,S012,P543,2,1322.16,31.4,GBP,2612.92
TXN_000920,2024-03-05 09:54:00,S049,P440,9,435.4,33.85,GBP,3884.75
TXN_000921,2024-03-15 05:41:00,S079,P164,8,1381.88,19.19,GBP,11035.85
TXN_000922,2024-03-22 12:29:00,S085,P782,2,87.78,4.07,GBP,171.49
TXN_000923,2024-03-02 07:12:00,S050,P823,5,29.2,18.2,GBP,127.8
TXN_000924,2024-03-21 01:17:00,S081,P564,9,93.27,31.76,USD,807.67
TXN_000925,2024-03-09 21:07:00,S093,P524,5,808.31,3.44,USD,4038.1099999999997
TXN_000926,2024-03-05 08:26:00,S070,P638,9,1356.51,22.43,GBP,12186.16
TXN_000927,2024-03-14 19:38:00,S096,P777,8,209.62,22.01,GBP,1654.95
TXN_000928,2024-03-26 04:25:00,S089,P842,3,803.9,19.7,GBP,2392.0
TXN_000929,2024-03-17 21:12:00,S057,P794,2,1128.62,33.01,GBP,2224.2299999999996
TXN_000930,2024-03-13 18:25:00,S063,P266,7,482.45,33.37,EUR,3343.78
TXN_000931,2024-03-13 16:00:00,S056,P538,1,556.22,17.43,EUR,538.7900000000001
TXN_000932,2024-03-23 04:13:00,S100,P569,2,552.83,11.86,EUR,1093.8000000000002
TXN_000933,2024-03-09 14:06:00,S053,P304,9,1407.63,14.44,EUR,12654.230000000001
TXN_000934,2024-03-14 08:38:00,S064,P457,6,1104.0,47.01,EUR,6576.99
TXN_000935,2024-03-20 10:42:00,S016,P099,4,815.93,28.97,GBP,3234.75
TXN_000936,2024-03-07 19:37:00,S055,P425,4,997.17,18.89,USD,3969.79
TXN_000937,2024-03-25 23:55:00,S008,P216,9,233.93,27.95,USD,2077.42
TXN_000938,2024-03-29 16:13:00,S078,P851,6,439.52,46.87,EUR,2590.25
TXN_000939,2024-03-21 04:54:00,S007,P902,8,1092.19,21.76,EUR,8715.76
TXN_000940,2024-03-08 00:04:00,S040,P656,5,851.1,45.04,GBP,4210.46
TXN_000941,2024-03-06 07:16:00,S005,P078,5,1074.05,26.5,EUR,5343.75
TXN_000942,2024-03-08 12:38:00,S052,P790,4,1201.08,23.93,EUR,4780.389999999999
TXN_000943,2024-03-14 19:36:00,S085,P722,1,219.96,21.51,USD,198.45000000000002
TXN_000944,2024-03-20 12:45:00,S045,P214,5,1498.22,47.72,GBP,7443.38
TXN_000945,2024-03-07 19:51:00,S078,P133,8,470.69,18.4,GBP,3747.12
TXN_000946,2024-03-04 10:32:00,S023,P339,8,205.25,26.61,EUR,1615.39
TXN_000947,2024-03-13 09:40:00,S090,P364,7,1238.69,35.43,GBP,8635.4
TXN_000948,2024-03-07 16:03:00,S034,P040,8,321.28,45.67,GBP,2524.5699999999997
TXN_000949,2024-03-22 16:10:00,S060,P623,5,30.95,32.84,USD,121.91
TXN_000950,2024-03-04 13:02:00,S050,P242,5,993.49,46.6,EUR,4920.849999999999
TXN_000951,2024-03-10 01:50:00,S047,P793,2,1100.41,34.42,USD,2166.4
TXN_000952,2024-03-29 00:10:00,S009,P111,9,1241.91,23.47,GBP,11153.720000000001
TXN_000953,2024-03-17 13:37:00,S087,P606,5,513.65,8.67,GBP,2559.58
TXN_000954,2024-03-21 22:38:00,S066,P706,9,75.38,25.33,USD,653.0899999999999
TXN_000955,2024-03-21 01:02:00,S068,P910,3,1103.77,37.32,EUR,3273.99
TXN_000956,2024-03-24 16:54:00,S012,P725,8,346.44,34.83,EUR,2736.69
TXN_000957,2024-03-25 18:56:00,S076,P579,4,1136.97,22.38,GBP,4525.5
TXN_000958,2024-03-22 18:07:00,S065,P775,6,980.65,18.99,GBP,5864.91
TXN_000959,2024-03-04 00:02:00,S057,P294,9,1451.97,0.57,USD,13067.16
TXN_000960,2024-03-16 08:50:00,S030,P759,7,1058.48,4.4,USD,7404.960000000001
TXN_000961,2024-03-27 08:11:00,S021,P517,2,1340.71,2.26,USD,2679.16
TXN_000962,2024-03-27 09:32:00,S092,P990,5,906.1,29.75,GBP,4500.75
TXN_000963,2024-03-06 10:52:00,S039,P434,9,903.04,17.72,GBP,8109.639999999999
TXN_000964,2024-03-11 10:43:00,S091,P116,8,1461.35,21.39,GBP,11669.41
TXN_000965,2024-03-27 19:54:00,S008,P359,4,304.82,20.14,USD,1199.1399999999999
TXN_000966,2024-03-18 09:36:00,S014,P543,1,1211.86,4.74,GBP,1207.12
TXN_000967,2024-03-17 02:45:00,S055,P496,3,814.28,18.21,EUR,2424.63
TXN_000968,2024-03-15 17:02:00,S006,P496,8,329.2,11.97,EUR,2621.63
TXN_000969,2024-03-02 02:22:00,S098,P130,6,1124.68,15.7,USD,6732.38
TXN_000970,2024-03-04 12:29:00,S004,P025,6,1419.41,2.35,GBP,8514.11
TXN_000971,2024-03-02 19:57:00,S006,P968,9,1149.97,24.9,EUR,10324.83
TXN_000972,2024-03-07 04:08:00,S057,P811,7,279.09,4.19,USD,1949.4399999999998
TXN_000973,2024-03-29 23:13:00,S056,P593,5,287.46,39.86,USD,1397.44
TXN_000974,2024-03-14 04:36:00,S070,P328,3,74.72,47.75,USD,176.41
TXN_000975,2024-03-06 10:55:00,S065,P563,5,335.58,8.0,EUR,1669.8999999999999
TXN_000976,2024-03-04 11:56:00,S016,P838,3,1145.19,41.33,EUR,3394.2400000000002
TXN_000977,2024-03-25 15:12:00,S015,P751,3,1134.61,48.01,EUR,3355.8199999999997
TXN_000978,2024-03-29 07:09:00,S012,P857,5,1234.53,31.3,EUR,6141.349999999999
TXN_000979,2024-03-17 03:04:00,S082,P255,8,745.31,9.78,USD,5952.7
TXN_000980,2024-03-10 17:01:00,S069,P735,3,587.63,42.34,USD,1720.55
TXN_000981,2024-03-15 16:00:00,S032,P997,1,1229.3,20.19,GBP,1209.11
TXN_000982,2024-03-23 07:14:00,S067,P751,6,720.21,36.6,GBP,4284.66
TXN_000983,2024-03-27 19:44:00,S096,P110,7,92.76,6.8,GBP,642.5200000000001
TXN_000984,2024-03-25 18:28:00,S079,P764,5,1421.22,23.57,GBP,7082.530000000001
TXN_000985,2024-03-11 13:25:00,S040,P900,9,1398.84,15.51,GBP,12574.05
TXN_000986,2024-03-11 05:31:00,S050,P040,7,1079.08,5.22,GBP,7548.339999999999
TXN_000987,2024-03-29 08:30:00,S022,P804,5,147.43,0.59,EUR,736.5600000000001
TXN_000988,2024-03-10 09:49:00,S084,P296,3,1414.54,4.68,GBP,4238.94
TXN_000989,2024-03-25 06:03:00,S055,P776,4,488.4,28.43,GBP,1925.1699999999998
TXN_000990,2024-03-02 03:55:00,S002,P471,8,739.02,18.92,GBP,5893.24
TXN_000991,2024-03-03 11:34:00,S098,P027,9,1096.93,43.55,GBP,9828.820000000002
TXN_000992,2024-03-23 08:20:00,S043,P467,5,1357.09,24.18,GBP,6761.2699999999995
TXN_000993,2024-03-25 08:47:00,S034,P864,9,1025.17,24.01,EUR,9202.52
TXN_000994,2024-03-14 09:12:00,S075,P591,7,1420.34,6.25,USD,9936.13
TXN_000995,2024-03-04 03:01:00,S099,P049,4,937.11,8.78,GBP,3739.66
TXN_000996,2024-03-07 16:33:00,S093,P856,1,1015.65,7.21,GBP,1008.4399999999999
TXN_000997,2024-03-27 06:40:00,S060,P283,7,1490.51,6.63,USD,10426.94
TXN_000998,2024-03-10 22:45:00,S010,P727,2,912.06,18.7,EUR,1805.4199999999998
TXN_000999,2024-03-16 22:14:00,S042,P331,8,214.05,5.3,USD,1707.1000000000001
TXN_001000,2024-03-06 14:26:00,S007,P706,7,651.32,21.53,EUR,4537.710000000001
TXN_001001,2024-03-30 18:33:00,S002,P590,3,398.54,35.56,GBP,1160.0600000000002
TXN_001002,2024-03-30 15:42:00,S019,P155,1,179.9,7.95,GBP,171.95000000000002
TXN_001003,2024-03-01 06:03:00,S073,P134,5,1052.19,27.39,EUR,5233.56
TXN_001004,2024-03-23 16:43:00,S006,P047,9,497.85,12.45,USD,4468.200000000001
TXN_001005,2024-03-15 07:41:00,S065,P010,7,158.9,44.93,USD,1067.37
TXN_001006,2024-03-12 03:14:00,S024,P182,5,1026.52,47.35,USD,5085.25
TXN_001007,2024-03-10 05:37:00,S047,P117,3,1297.08,12.63,GBP,3878.6099999999997
TXN_001008,2024-03-11 01:15:00,S011,P655,1,1040.77,8.65,USD,1032.12
TXN_001009,2024-03-22 15:49:00,S048,P001,8,1165.91,20.18,USD,9307.1
TXN_001010,2024-03-07 04:23:00,S092,P577,8,311.01,43.68,GBP,2444.4
TXN_001011,2024-03-11 16:43:00,S023,P134,8,1204.7,21.66,GBP,9615.94
TXN_001012,2024-03-21 20:39:00,S090,P556,4,1176.93,36.39,GBP,4671.33
TXN_001013,2024-03-25 17:11:00,S093,P171,6,237.47,9.53,EUR,1415.29
TXN_001014,2024-03-14 21:14:00,S100,P455,4,548.32,35.84,GBP,2157.44
TXN_001015,2024-03-19 00:54:00,S036,P617,5,383.39,25.5,USD,1891.4499999999998
TXN_001016,2024-03-30 22:35:00,S008,P972,9,1142.64,10.69,USD,10273.07
TXN_001017,2024-03-28 23:58:00,S004,P463,2,428.03,20.0,GBP,836.06
TXN_001018,2024-03-09 12:56:00,S024,P136,1,686.01,48.03,EUR,637.98
TXN_001019,2024-03-08 11:13:00,S004,P201,4,1330.54,23.99,EUR,5298.17
TXN_001020,2024-03-19 05:33:00,S080,P169,2,653.38,20.98,GBP,1285.78
TXN_001021,2024-03-05 23:36:00,S041,P248,2,1245.41,14.17,GBP,2476.65
TXN_001022,2024-03-06 04:43:00,S074,P717,2,953.72,11.09,EUR,1896.3500000000001
TXN_001023,2024-03-03 05:29:00,S060,P628,2,185.37,14.07,USD,356.67
TXN_001024,2024-03-09 18:34:00,S085,P530,2,882.27,45.99,USD,1718.55
TXN_001025,2024-03-11 12:05:00,S042,P946,9,752.05,31.28,EUR,6737.17
TXN_001026,2024-03-02 02:25:00,S017,P901,1,634.95,40.96,EUR,593.99
TXN_001027,2024-03-25 17:49:00,S042,P429,4,421.07,8.31,USD,1675.97
TXN_001028,2024-03-25 18:16:00,S018,P066,4,1079.41,10.57,GBP,4307.070000000001
TXN_001029,2024-03-27 10:50:00,S012,P452,9,290.65,36.89,EUR,2578.96
TXN_001030,2024-03-27 01:48:00,S072,P672,3,41.99,38.99,GBP,86.97999999999999
TXN_001031,2024-03-01 00:05:00,S095,P947,2,244.25,38.37,GBP,450.13
TXN_001032,2024-03-22 00:13:00,S036,P238,5,1300.24,48.25,EUR,6452.95
TXN_001033,2024-03-13 05:23:00,S030,P429,1,55.53,32.41,USD,23.120000000000005
TXN_001034,2024-03-15 02:06:00,S057,P994,3,116.12,39.43,EUR,308.93
TXN_001035,2024-03-11 15:12:00,S046,P804,2,1028.29,3.89,EUR,2052.69
TXN_001036,2024-03-01 03:33:00,S053,P816,3,194.04,12.03,EUR,570.09
TXN_001037,2024-03-17 19:07:00,S012,P425,2,78.73,5.47,EUR,151.99
TXN_001038,2024-03-07 19:57:00,S013,P954,4,207.58,26.17,GBP,804.1500000000001
TXN_001039,2024-03-07 04:07:00,S099,P088,3,868.53,36.66,GBP,2568.9300000000003
TXN_001040,2024-03-04 23:27:00,S033,P440,8,1138.96,49.73,EUR,9061.95
TXN_001041,2024-03-27 06:34:00,S020,P622,3,249.54,36.72,USD,711.9
TXN_001042,2024-03-08 06:01:00,S033,P566,6,961.81,22.42,EUR,5748.44
TXN_001043,2024-03-25 10:18:00,S029,P531,9,1199.41,45.23,USD,10749.460000000001
TXN_001044,2024-03-04 07:43:00,S077,P437,8,961.66,48.81,GBP,7644.469999999999
TXN_001045,2024-03-17 22:12:00,S018,P471,4,526.48,5.71,GBP,2100.21
TXN_001046,2024-03-25 23:06:00,S075,P774,3,778.24,46.55,EUR,2288.17
TXN_001047,2024-03-15 07:56:00,S041,P069,7,1428.86,41.2,USD,9960.819999999998
TXN_001048,2024-03-23 04:17:00,S015,P001,8,579.69,10.08,EUR,4627.4400000000005
TXN_001049,2024-03-06 16:07:00,S055,P205,4,1036.96,11.38,GBP,4136.46
TXN_001050,2024-03-04 18:55:00,S016,P476,4,266.71,2.18,USD,1064.6599999999999
TXN_001051,2024-03-17 19:13:00,S031,P171,2,1081.0,45.62,USD,2116.38
TXN_001052,2024-03-26 02:37:00,S055,P569,9,1229.67,8.59,EUR,11058.44
TXN_001053,2024-03-14 03:43:00,S058,P952,2,840.1,16.76,EUR,1663.44
TXN_001054,2024-03-29 16:53:00,S029,P830,3,16.71,43.34,USD,6.789999999999999
TXN_001055,2024-03-17 07:23:00,S052,P466,4,1073.38,42.95,GBP,4250.570000000001
TXN_001056,2024-03-04 04:07:00,S017,P698,9,108.55,20.37,EUR,956.5799999999999
TXN_001057,2024-03-17 07:14:00,S014,P144,6,1180.72,34.13,USD,7050.19
TXN_001058,2024-03-16 22:28:00,S067,P094,3,1189.22,22.96,USD,3544.7
TXN_001059,2024-03-22 10:35:00,S032,P037,1,421.56,47.56,GBP,374.0
TXN_001060,2024-03-09 02:28:00,S050,P758,6,821.48,44.1,EUR,4884.78
TXN_001061,2024-03-09 00:04:00,S043,P840,4,1179.12,9.71,USD,4706.7699999999995
TXN_001062,2024-03-14 23:50:00,S029,P153,7,391.73,17.92,USD,2724.19
TXN_001063,2024-03-08 15:00:00,S012,P097,8,734.79,24.85,GBP,5853.469999999999
TXN_001064,2024-03-10 10:05:00,S034,P023,6,336.09,38.32,USD,1978.22
TXN_001065,2024-03-03 05:01:00,S047,P219,5,1202.6,36.14,USD,5976.86
TXN_001066,2024-03-19 17:49:00,S062,P982,8,528.34,17.57,GBP,4209.150000000001
TXN_001067,2024-03-21 02:38:00,S046,P356,3,147.56,26.43,GBP,416.25
TXN_001068,2024-03-02 02:53:00,S017,P019,9,784.93,37.2,EUR,7027.17
TXN_001069,2024-03-27 20:18:00,S008,P393,7,1373.58,7.93,GBP,9607.13
TXN_001070,2024-03-01 16:52:00,S027,P546,3,53.3,19.28,GBP,140.61999999999998
TXN_001071,2024-03-30 02:03:00,S093,P369,4,777.41,15.4,USD,3094.24
TXN_001072,2024-03-30 19:05:00,S040,P670,1,313.11,20.32,EUR,292.79
TXN_001073,2024-03-14 11:07:00,S005,P365,5,1389.72,46.39,USD,6902.21
TXN_001074,2024-03-02 08:55:00,S054,P476,9,84.49,27.51,GBP,732.9
TXN_001075,2024-03-28 13:04:00,S060,P278,6,78.69,31.89,GBP,440.25
TXN_001076,2024-03-23 11:22:00,S016,P044,4,597.07,31.34,GBP,2356.94
TXN_001077,2024-03-12 13:15:00,S071,P564,8,1308.63,30.91,GBP,10438.130000000001
TXN_001078,2024-03-29 05:03:00,S089,P699,2,1038.23,1.83,EUR,2074.63
TXN_001079,2024-03-20 20:42:00,S043,P604,9,912.61,16.53,EUR,8196.96
TXN_001080,2024-03-20 18:39:00,S014,P716,6,850.49,41.59,EUR,5061.35
TXN_001081,2024-03-18 01:46:00,S060,P996,1,385.31,35.04,GBP,350.27
TXN_001082,2024-03-16 21:27:00,S057,P109,6,1070.05,13.03,USD,6407.2699999999995
TXN_001083,2024-03-07 08:02:00,S061,P439,7,1459.03,6.57,EUR,10206.64
TXN_001084,2024-03-10 07:17:00,S076,P078,6,703.19,30.03,EUR,4189.110000000001
TXN_001085,2024-03-15 22:01:00,S005,P568,4,801.21,15.31,GBP,3189.53
TXN_001086,2024-03-29 00:35:00,S087,P230,5,177.49,40.23,USD,847.22
TXN_001087,2024-03-27 08:02:00,S058,P386,8,1059.83,17.18,USD,8461.46
TXN_001088,2024-03-03 13:50:00,S038,P994,1,735.56,27.15,EUR,708.41
TXN_001089,2024-03-02 09:06:00,S049,P362,2,1084.4,4.17,USD,2164.63
TXN_001090,2024-03-03 12:11:00,S034,P307,8,271.59,31.95,GBP,2140.77
TXN_001091,2024-03-19 00:46:00,S079,P945,4,1343.52,14.45,USD,5359.63
TXN_001092,2024-03-26 21:32:00,S036,P298,4,258.81,10.98,GBP,1024.26
TXN_001093,2024-03-10 18:38:00,S057,P299,8,1259.31,17.45,GBP,10057.029999999999
TXN_001094,2024-03-16 05:37:00,S076,P010,7,473.11,33.12,USD,3278.65
TXN_001095,2024-03-25 13:39:00,S034,P116,2,558.89,24.23,USD,1093.55
TXN_001096,2024-03-18 19:37:00,S005,P066,7,1471.94,9.96,GBP,10293.62
TXN_001097,2024-03-01 23:56:00,S024,P752,6,1181.86,10.91,GBP,7080.25
TXN_001098,2024-03-11 16:29:00,S018,P377,4,1080.52,41.77,GBP,4280.3099999999995
TXN_001099,2024-03-27 22:22:00,S012,P954,3,280.57,41.26,USD,800.45
TXN_001100,2024-03-01 12:09:00,S023,P129,5,611.78,20.28,EUR,3038.6199999999994
TXN_001101,2024-03-20 21:00:00,S066,P959,6,763.64,31.14,EUR,4550.7
TXN_001102,2024-03-09 22:52:00,S078,P767,1,285.68,15.44,EUR,270.24
TXN_001103,2024-03-22 22:12:00,S095,P702,2,1453.96,9.09,EUR,2898.83
TXN_001104,2024-03-19 22:14:00,S011,P103,8,376.72,30.19,GBP,2983.57
TXN_001105,2024-03-11 16:08:00,S084,P235,5,954.05,32.67,GBP,4737.58
TXN_001106,2024-03-07 12:47:00,S077,P333,4,348.06,3.02,EUR,1389.22
TXN_001107,2024-03-18 11:28:00,S020,P629,2,943.44,38.68,EUR,1848.2
TXN_001108,2024-03-28 13:17:00,S091,P515,3,17.04,38.91,EUR,12.21
TXN_001109,2024-03-06 18:07:00,S023,P915,3,18.86,17.23,USD,39.349999999999994
TXN_001110,2024-03-25 15:44:00,S087,P737,5,530.42,7.84,EUR,2644.2599999999998
TXN_001111,2024-03-11 19:56:00,S018,P074,5,413.73,27.74,EUR,2040.91
TXN_001112,2024-03-13 13:14:00,S038,P812,5,1469.11,0.6,GBP,7344.949999999999
TXN_001113,2024-03-28 06:32:00,S041,P195,9,1247.05,33.05,EUR,11190.4
TXN_001114,2024-03-24 01:03:00,S098,P882,2,1174.6,14.1,USD,2335.1
TXN_001115,2024-03-08 15:39:00,S020,P809,5,883.14,41.86,GBP,4373.84
TXN_001116,2024-03-16 01:13:00,S060,P999,9,353.67,18.14,EUR,3164.8900000000003
TXN_001117,2024-03-10 05:46:00,S036,P570,6,125.63,13.81,USD,739.97
TXN_001118,2024-03-27 12:03:00,S071,P782,7,1125.62,36.03,EUR,7843.3099999999995
TXN_001119,2024-03-06 06:53:00,S011,P215,5,625.76,2.64,USD,3126.1600000000003
TXN_001120,2024-03-02 22:26:00,S087,P515,1,27.94,15.18,GBP,12.760000000000002
TXN_001121,2024-03-23 13:43:00,S044,P806,5,1470.89,23.17,GBP,7331.280000000001
TXN_001122,2024-03-26 15:15:00,S088,P735,9,633.99,0.89,GBP,5705.0199999999995
TXN_001123,2024-03-26 20:12:00,S003,P247,3,75.29,9.93,USD,215.94
TXN_001124,2024-03-06 05:07:00,S006,P770,8,834.54,5.78,GBP,6670.54
TXN_001125,2024-03-20 19:08:00,S073,P488,6,911.15,30.56,EUR,5436.339999999999
TXN_001126,2024-03-18 20:09:00,S085,P494,7,848.55,17.31,GBP,5922.539999999999
TXN_001127,2024-03-12 20:17:00,S027,P119,5,909.64,21.1,EUR,4527.099999999999
TXN_001128,2024-03-03 19:16:00,S001,P434,8,286.66,42.01,EUR,2251.27
TXN_001129,2024-03-01 02:58:00,S062,P801,9,1417.66,11.81,GBP,12747.130000000001
TXN_001130,2024-03-24 16:36:00,S012,P379,6,1411.82,0.88,GBP,8470.04
TXN_001131,2024-03-25 15:00:00,S082,P283,2,181.54,24.36,GBP,338.71999999999997
TXN_001132,2024-03-03 20:48:00,S027,P185,7,883.02,43.68,EUR,6137.459999999999
TXN_001133,2024-03-20 14:25:00,S039,P563,6,451.73,9.6,GBP,2700.78
TXN_001134,2024-03-22 18:33:00,S044,P610,5,1145.03,17.44,EUR,5707.71
TXN_001135,2024-03-25 02:30:00,S075,P269,8,418.86,8.89,EUR,3341.9900000000002
TXN_001136,2024-03-29 12:42:00,S091,P133,7,383.0,33.14,GBP,2647.86
TXN_001137,2024-03-25 09:33:00,S058,P977,5,448.48,36.86,USD,2205.54
TXN_001138,2024-03-18 02:20:00,S035,P249,8,1345.54,7.28,USD,10757.039999999999
TXN_001139,2024-03-01 15:47:00,S095,P465,3,197.59,4.04,EUR,588.73
TXN_001140,2024-03-25 18:30:00,S081,P745,5,643.34,43.17,GBP,3173.53
TXN_001141,2024-03-04 20:14:00,S100,P705,7,930.3,43.93,USD,6468.169999999999
TXN_001142,2024-03-07 00:47:00,S062,P623,8,1137.29,44.13,USD,9054.19
TXN_001143,2024-03-03 02:12:00,S091,P683,3,1121.65,25.2,USD,3339.7500000000005
TXN_001144,2024-03-18 12:14:00,S061,P420,7,249.91,5.64,GBP,1743.7299999999998
TXN_001145,2024-03-23 16:58:00,S006,P614,6,202.32,16.0,GBP,1197.92
TXN_001146,2024-03-17 05:57:00,S037,P631,4,847.87,42.0,EUR,3349.48
TXN_001147,2024-03-07 12:06:00,S069,P166,1,81.07,35.97,USD,45.099999999999994
TXN_001148,2024-03-22 19:32:00,S039,P910,9,423.9,12.2,GBP,3802.9
TXN_001149,2024-03-21 09:38:00,S036,P015,4,50.92,44.04,USD,159.64000000000001
TXN_001150,2024-03-23 18:28:00,S024,P017,4,783.69,13.09,GBP,3121.67
TXN_001151,2024-03-05 14:45:00,S056,P496,4,112.37,5.87,EUR,443.61
TXN_001152,2024-03-10 17:13:00,S015,P552,7,444.62,5.67,EUR,3106.67
TXN_001153,2024-03-26 17:17:00,S077,P068,2,866.99,16.26,USD,1717.72
TXN_001154,2024-03-21 17:16:00,S090,P536,8,1280.4,17.66,USD,10225.54
TXN_001155,2024-03-19 05:06:00,S031,P777,4,537.49,34.38,GBP,2115.58
TXN_001156,2024-03-07 01:26:00,S087,P264,7,930.73,47.88,USD,6467.2300000000005
TXN_001157,2024-03-25 07:25:00,S025,P489,5,897.81,22.5,EUR,4466.549999999999
TXN_001158,2024-03-11 13:35:00,S067,P481,2,1270.48,10.15,EUR,2530.81
TXN_001159,2024-03-19 03:23:00,S067,P850,7,144.53,13.31,EUR,998.4000000000001
TXN_001160,2024-03-25 19:52:00,S050,P147,4,142.38,3.04,EUR,566.48
TXN_001161,2024-03-03 00:28:00,S074,P109,6,966.57,43.05,USD,5756.37
TXN_001162,2024-03-11 16:50:00,S077,P205,3,1118.36,15.41,USD,3339.67
TXN_001163,2024-03-11 20:53:00,S033,P955,9,12.06,40.85,EUR,67.69
TXN_001164,2024-03-03 13:50:00,S006,P546,9,1394.13,7.85,USD,12539.320000000002
TXN_001165,2024-03-07 09:15:00,S020,P088,4,1029.29,4.05,GBP,4113.11
TXN_001166,2024-03-16 21:43:00,S019,P135,2,332.19,8.95,EUR,655.43
TXN_001167,2024-03-16 13:46:00,S002,P329,7,936.71,8.39,GBP,6548.58
TXN_001168,2024-03-17 09:48:00,S076,P140,6,1054.23,45.55,USD,6279.83
TXN_001169,2024-03-24 13:58:00,S045,P606,4,900.11,11.18,USD,3589.26
TXN_001170,2024-03-04 02:29:00,S015,P155,5,732.36,36.21,GBP,3625.59
TXN_001171,2024-03-19 09:29:00,S038,P735,6,575.7,34.71,EUR,3419.4900000000002
TXN_001172,2024-03-19 17:11:00,S064,P849,3,716.79,13.53,GBP,2136.8399999999997
TXN_001173,2024-03-08 07:44:00,S072,P497,1,329.33,24.2,USD,305.13
TXN_001174,2024-03-05 18:56:00,S091,P033,9,607.88,30.15,USD,5440.77
TXN_001175,2024-03-14 08:44:00,S072,P768,9,1408.16,21.88,USD,12651.560000000001
TXN_001176,2024-03-04 19:29:00,S096,P465,3,588.53,16.38,GBP,1749.2099999999998
TXN_001177,2024-03-28 13:49:00,S019,P936,4,242.38,5.56,EUR,963.96
TXN_001178,2024-03-21 11:58:00,S093,P904,4,1457.73,39.63,EUR,5791.29
TXN_001179,2024-03-12 16:21:00,S096,P481,7,840.19,47.0,USD,5834.33
TXN_001180,2024-03-28 17:09:00,S010,P398,5,484.15,25.81,EUR,2394.94
TXN_001181,2024-03-08 18:29:00,S050,P625,3,462.98,16.97,EUR,1371.97
TXN_001182,2024-03-21 19:04:00,S047,P958,2,372.75,17.25,GBP,728.25
TXN_001183,2024-03-03 08:28:00,S097,P362,4,917.5,19.42,USD,3650.58
TXN_001184,2024-03-03 05:07:00,S097,P388,6,1251.8,23.88,USD,7486.919999999999
TXN_001185,2024-03-08 20:22:00,S024,P394,8,54.32,26.91,GBP,407.65
TXN_001186,2024-03-28 21:07:00,S046,P032,5,160.13,49.08,USD,751.5699999999999
TXN_001187,2024-03-18 21:41:00,S076,P246,4,360.53,42.45,EUR,1399.6699999999998
TXN_001188,2024-03-22 08:22:00,S081,P517,4,245.1,49.43,USD,930.97
TXN_001189,2024-03-23 06:00:00,S087,P152,7,797.3,46.47,USD,5534.629999999999
TXN_001190,2024-03-30 11:09:00,S022,P972,7,113.23,44.49,GBP,748.12
TXN_001191,2024-03-02 17:07:00,S025,P713,9,359.85,29.39,EUR,3209.26
TXN_001192,2024-03-27 09:25:00,S024,P292,9,608.3,34.68,USD,5440.0199999999995
TXN_001193,2024-03-04 16:29:00,S019,P977,1,274.48,1.07,GBP,273.41
TXN_001194,2024-03-30 14:16:00,S067,P595,1,1321.52,11.38,GBP,1310.1399999999999
TXN_001195,2024-03-25 12:50:00,S043,P499,5,865.16,14.52,GBP,4311.28
TXN_001196,2024-03-12 16:38:00,S056,P769,8,551.75,9.35,EUR,4404.65
TXN_001197,2024-03-16 01:09:00,S058,P407,3,132.43,44.53,EUR,352.76
TXN_001198,2024-03-20 19:03:00,S032,P813,9,1295.2,13.59,GBP,11643.210000000001
TXN_001199,2024-03-03 11:04:00,S052,P705,4,1241.13,49.65,EUR,4914.870000000001
TXN_001200,2024-03-17 23:00:00,S084,P423,9,1348.01,38.68,USD,12093.41
TXN_001201,2024-03-06 17:25:00,S031,P905,8,1231.64,21.47,GBP,9831.650000000001
TXN_001202,2024-03-30 01:08:00,S079,P100,7,175.25,10.6,GBP,1216.15
TXN_001203,2024-03-06 15:51:00,S082,P218,1,1344.98,17.58,USD,1327.4
TXN_001204,2024-03-27 07:31:00,S059,P436,6,1088.38,48.35,EUR,6481.93
TXN_001205,2024-03-06 10:58:00,S024,P500,8,1303.43,48.04,GBP,10379.4
TXN_001206,2024-03-01 07:16:00,S030,P330,1,990.5,12.82,USD,977.68
TXN_001207,2024-03-16 14:19:00,S098,P174,8,793.5,26.29,USD,6321.71
TXN_001208,2024-03-27 12:02:00,S038,P530,7,266.9,1.16,USD,1867.1399999999996
TXN_001209,2024-03-23 00:07:00,S028,P004,1,459.57,42.39,USD,417.18
TXN_001210,2024-03-25 17:16:00,S007,P572,6,35.75,35.58,USD,178.92000000000002
TXN_001211,2024-03-23 12:59:00,S076,P049,4,590.12,22.81,GBP,2337.67
TXN_001212,2024-03-10 06:46:00,S097,P344,2,249.87,31.48,GBP,468.26
TXN_001213,2024-03-14 18:44:00,S035,P639,4,455.55,0.11,EUR,1822.0900000000001
TXN_001214,2024-03-10 04:44:00,S036,P492,9,104.2,23.38,EUR,914.4200000000001
TXN_001215,2024-03-15 20:18:00,S026,P843,8,530.89,15.44,EUR,4231.68
TXN_001216,2024-03-18 05:27:00,S040,P917,4,1340.25,14.95,USD,5346.05
TXN_001217,2024-03-29 22:27:00,S082,P625,1,1404.72,24.37,USD,1380.3500000000001
TXN_001218,2024-03-15 22:19:00,S053,P033,8,594.09,20.59,GBP,4732.13
TXN_001219,2024-03-22 13:34:00,S030,P146,4,321.89,23.38,EUR,1264.1799999999998
TXN_001220,2024-03-24 11:57:00,S058,P260,4,1254.38,31.08,USD,4986.4400000000005
TXN_001221,2024-03-21 08:34:00,S020,P681,6,1272.36,13.1,GBP,7621.0599999999995
TXN_001222,2024-03-05 23:26:00,S067,P089,7,565.42,22.85,GBP,3935.0899999999997
TXN_001223,2024-03-13 13:46:00,S046,P307,2,257.63,10.78,USD,504.48
TXN_001224,2024-03-29 17:49:00,S093,P855,4,550.33,25.07,EUR,2176.25
TXN_001225,2024-03-15 08:12:00,S026,P994,4,445.89,41.97,GBP,1741.59
TXN_001226,2024-03-01 14:20:00,S021,P795,6,1256.21,7.56,GBP,7529.7
TXN_001227,2024-03-15 19:39:00,S091,P387,6,329.4,21.82,GBP,1954.58
TXN_001228,2024-03-04 01:55:00,S023,P750,4,847.16,8.48,GBP,3380.16
TXN_001229,2024-03-25 02:35:00,S100,P393,7,860.65,11.12,GBP,6013.43
TXN_001230,2024-03-18 15:25:00,S018,P674,9,418.95,30.05,GBP,3740.4999999999995
TXN_001231,2024-03-24 00:04:00,S022,P543,1,1072.99,25.97,EUR,1047.02
TXN_001232,2024-03-28 16:52:00,S078,P181,5,1458.86,42.73,GBP,7251.57
TXN_001233,2024-03-02 20:26:00,S033,P168,2,982.24,24.24,USD,1940.24
TXN_001234,2024-03-24 09:15:00,S059,P929,3,1389.57,12.29,USD,4156.42
TXN_001235,2024-03-11 18:30:00,S058,P079,1,134.74,38.23,USD,96.51000000000002
TXN_001236,2024-03-01 15:12:00,S040,P666,5,1200.05,47.42,USD,5952.83
TXN_001237,2024-03-16 14:55:00,S052,P985,3,1208.31,15.94,GBP,3608.99
TXN_001238,2024-03-07 04:24:00,S019,P936,6,863.49,10.27,GBP,5170.67
TXN_001239,2024-03-12 22:20:00,S026,P468,2,1480.74,21.9,GBP,2939.58
TXN_001240,2024-03-05 21:31:00,S033,P765,3,33.44,27.43,EUR,72.88999999999999
TXN_001241,2024-03-14 08:30:00,S099,P904,8,1145.87,9.29,EUR,9157.669999999998
TXN_001242,2024-03-07 19:35:00,S062,P877,7,522.69,30.56,EUR,3628.2700000000004
TXN_001243,2024-03-25 03:50:00,S048,P249,9,280.49,14.65,EUR,2509.7599999999998
TXN_001244,2024-03-16 08:59:00,S018,P900,8,1110.02,20.76,USD,8859.4
TXN_001245,2024-03-17 03:30:00,S027,P734,9,17.12,16.95,GBP,137.13000000000002
TXN_001246,2024-03-24 10:03:00,S004,P520,7,1253.52,9.51,USD,8765.13
TXN_001247,2024-03-30 17:23:00,S084,P954,1,680.08,10.96,USD,669.12
TXN_001248,2024-03-19 21:35:00,S056,P422,4,193.74,29.39,GBP,745.57
TXN_001249,2024-03-28 10:24:00,S090,P132,4,887.24,0.68,EUR,3548.28
TXN_001250,2024-03-11 02:49:00,S046,P877,7,1421.06,40.34,EUR,9907.08
TXN_001251,2024-03-04 02:42:00,S020,P343,7,1346.12,33.94,EUR,9388.9
TXN_001252,2024-03-19 18:39:00,S022,P664,9,674.27,8.37,USD,6060.06
TXN_001253,2024-03-02 04:34:00,S027,P186,2,101.58,40.66,USD,162.5
TXN_001254,2024-03-06 03:27:00,S063,P898,3,863.18,43.08,EUR,2546.46
TXN_001255,2024-03-09 18:39:00,S081,P260,1,551.39,2.18,USD,549.21
TXN_001256,2024-03-13 10:18:00,S079,P391,6,536.22,7.74,EUR,3209.5800000000004
TXN_001257,2024-03-03 10:29:00,S063,P440,6,1307.05,3.2,USD,7839.099999999999
TXN_001258,2024-03-13 02:21:00,S034,P341,8,1371.5,49.82,GBP,10922.18
TXN_001259,2024-03-08 15:17:00,S014,P908,6,1215.23,0.07,GBP,7291.31
TXN_001260,2024-03-01 22:23:00,S048,P480,4,1201.71,16.14,USD,4790.7
TXN_001261,2024-03-14 05:40:00,S062,P059,4,188.73,23.32,USD,731.5999999999999
TXN_001262,2024-03-05 03:35:00,S026,P395,8,710.56,15.51,GBP,5668.969999999999
TXN_001263,2024-03-18 18:58:00,S028,P250,1,1183.3,29.7,EUR,1153.6
TXN_001264,2024-03-06 10:36:00,S031,P813,6,514.26,24.15,GBP,3061.41
TXN_001265,2024-03-07 21:07:00,S100,P533,9,248.64,34.35,EUR,2203.41
TXN_001266,2024-03-03 13:27:00,S037,P493,6,709.17,18.68,EUR,4236.339999999999
TXN_001267,2024-03-04 03:54:00,S027,P225,4,829.49,23.28,USD,3294.68
TXN_001268,2024-03-30 00:42:00,S037,P452,7,70.78,1.68,EUR,493.78000000000003
TXN_001269,2024-03-13 11:50:00,S085,P995,4,1147.75,35.92,GBP,4555.08
TXN_001270,2024-03-26 11:29:00,S004,P193,8,617.91,31.22,USD,4912.0599999999995
TXN_001271,2024-03-30 21:25:00,S061,P119,5,550.92,12.16,EUR,2742.44
TXN_001272,2024-03-21 10:46:00,S058,P705,9,744.34,25.0,GBP,6674.06
TXN_001273,2024-03-22 02:18:00,S068,P381,4,1063.11,38.66,GBP,4213.78
TXN_001274,2024-03-18 11:30:00,S019,P129,2,202.81,24.97,USD,380.65
TXN_001275,2024-03-15 09:41:00,S030,P350,6,523.45,13.78,EUR,3126.92
TXN_001276,2024-03-19 02:15:00,S001,P118,3,1235.18,48.1,GBP,3657.44
TXN_001277,2024-03-01 22:49:00,S057,P824,2,1291.19,23.89,USD,2558.4900000000002
TXN_001278,2024-03-07 07:05:00,S065,P940,5,1286.51,42.23,USD,6390.320000000001
TXN_001279,2024-03-27 07:26:00,S086,P255,6,144.6,39.08,USD,828.5199999999999
TXN_001280,2024-03-28 14:02:00,S074,P937,1,1268.48,33.67,USD,1234.81
TXN_001281,2024-03-17 16:17:00,S076,P758,5,302.78,48.41,GBP,1465.4899999999998
TXN_001282,2024-03-16 11:06:00,S057,P939,5,826.77,39.09,USD,4094.76
TXN_001283,2024-03-23 02:36:00,S021,P284,6,652.93,37.25,EUR,3880.33
TXN_001284,2024-03-26 00:34:00,S017,P230,8,697.31,15.69,EUR,5562.79
TXN_001285,2024-03-21 01:32:00,S015,P673,5,1071.18,23.51,USD,5332.39
TXN_001286,2024-03-10 07:26:00,S062,P718,2,870.65,40.43,EUR,1700.87
TXN_001287,2024-03-24 20:09:00,S049,P775,7,838.48,37.47,EUR,5831.89
TXN_001288,2024-03-09 14:35:00,S041,P964,6,224.2,34.64,EUR,1310.5599999999997
TXN_001289,2024-03-20 18:03:00,S066,P111,3,776.94,13.1,GBP,2317.7200000000003
TXN_001290,2024-03-11 23:36:00,S077,P677,4,393.34,2.79,GBP,1570.57
TXN_001291,2024-03-24 16:43:00,S046,P030,5,1068.68,30.39,EUR,5313.01
TXN_001292,2024-03-23 23:19:00,S019,P140,3,154.39,1.02,EUR,462.15
TXN_001293,2024-03-01 06:14:00,S060,P734,8,827.56,25.61,EUR,6594.87
TXN_001294,2024-03-07 02:45:00,S029,P502,7,447.47,44.42,GBP,3087.87
TXN_001295,2024-03-13 13:18:00,S069,P039,5,535.39,8.34,USD,2668.6099999999997
TXN_001296,2024-03-06 08:19:00,S038,P080,1,611.07,11.02,USD,600.0500000000001
TXN_001297,2024-03-15 04:14:00,S082,P387,5,26.52,35.6,EUR,97.0
TXN_001298,2024-03-07 03:57:00,S092,P140,5,876.98,37.77,EUR,4347.129999999999
TXN_001299,2024-03-15 13:50:00,S082,P164,4,728.48,26.92,EUR,2887.0
TXN_001300,2024-03-01 03:38:00,S062,P610,9,1262.1,19.39,GBP,11339.51
TXN_001301,2024-03-28 07:04:00,S082,P232,1,345.42,37.05,GBP,308.37
TXN_001302,2024-03-29 23:47:00,S075,P481,5,1223.48,16.4,GBP,6101.0
TXN_001303,2024-03-14 20:02:00,S032,P144,8,535.14,20.54,EUR,4260.58
TXN_001304,2024-03-12 11:03:00,S033,P659,5,701.89,3.13,USD,3506.3199999999997
TXN_001305,2024-03-06 22:30:00,S063,P626,6,232.34,2.73,EUR,1391.31
TXN_001306,2024-03-14 13:18:00,S010,P208,9,291.77,44.14,USD,2581.79
TXN_001307,2024-03-12 21:13:00,S093,P918,2,397.13,0.16,USD,794.1
TXN_001308,2024-03-09 15:34:00,S076,P525,3,1282.53,39.03,EUR,3808.56
TXN_001309,2024-03-10 05:47:00,S013,P924,1,459.76,30.86,EUR,428.9
TXN_001310,2024-03-23 00:22:00,S012,P591,8,86.06,22.09,USD,666.39
TXN_001311,2024-03-15 05:34:00,S065,P473,2,662.24,1.48,USD,1323.0
TXN_001312,2024-03-01 06:14:00,S095,P173,9,1144.78,25.88,USD,10277.140000000001
TXN_001313,2024-03-11 18:21:00,S051,P981,2,283.19,26.54,USD,539.84
TXN_001314,2024-03-23 06:03:00,S009,P157,4,345.85,13.58,EUR,1369.8200000000002
TXN_001315,2024-03-26 13:09:00,S053,P295,5,28.08,6.39,USD,134.01
TXN_001316,2024-03-26 16:05:00,S095,P124,8,1393.36,24.03,USD,11122.849999999999
TXN_001317,2024-03-26 13:40:00,S040,P062,6,880.22,1.61,GBP,5279.71
TXN_001318,2024-03-10 07:49:00,S020,P298,4,978.68,33.32,GBP,3881.3999999999996
TXN_001319,2024-03-08 13:29:00,S004,P097,6,561.04,11.94,GBP,3354.2999999999997
TXN_001320,2024-03-24 21:45:00,S092,P216,1,522.15,5.32,GBP,516.8299999999999
TXN_001321,2024-03-02 20:21:00,S023,P861,6,897.95,0.03,GBP,5387.670000000001
TXN_001322,2024-03-08 23:41:00,S014,P861,3,1457.37,48.64,EUR,4323.469999999999
TXN_001323,2024-03-07 21:44:00,S063,P756,8,749.27,17.42,GBP,5976.74
TXN_001324,2024-03-20 18:55:00,S098,P175,9,1371.71,4.05,USD,12341.34
TXN_001325,2024-03-14 14:09:00,S021,P775,2,174.75,27.61,EUR,321.89
TXN_001326,2024-03-21 10:43:00,S081,P330,7,505.8,9.45,EUR,3531.15
TXN_001327,2024-03-25 07:36:00,S043,P563,9,403.34,27.11,EUR,3602.95
TXN_001328,2024-03-10 09:50:00,S029,P967,3,1097.24,48.77,GBP,3242.9500000000003
TXN_001329,2024-03-01 21:39:00,S012,P277,2,928.74,3.52,EUR,1853.96
TXN_001330,2024-03-29 22:18:00,S070,P417,1,39.56,29.97,USD,9.590000000000003
TXN_001331,2024-03-08 19:53:00,S099,P669,9,80.66,38.34,GBP,687.5999999999999
TXN_001332,2024-03-16 13:49:00,S042,P342,6,950.86,16.19,USD,5688.97
TXN_001333,2024-03-08 13:33:00,S077,P190,5,1368.97,10.71,USD,6834.14
TXN_001334,2024-03-01 05:07:00,S028,P768,7,365.34,15.21,USD,2542.1699999999996
TXN_001335,2024-03-06 02:56:00,S006,P015,8,255.4,20.85,EUR,2022.3500000000001
TXN_001336,2024-03-14 02:37:00,S041,P488,2,513.14,8.44,USD,1017.8399999999999
TXN_001337,2024-03-06 20:58:00,S078,P561,9,239.71,23.31,USD,2134.08
TXN_001338,2024-03-01 21:12:00,S050,P442,9,916.79,21.89,EUR,8229.220000000001
TXN_001339,2024-03-26 10:39:00,S020,P139,1,1110.24,41.83,USD,1068.41
TXN_001340,2024-03-18 15:51:00,S026,P748,7,388.66,43.24,GBP,2677.3800000000006
TXN_001341,2024-03-04 03:45:00,S026,P175,2,922.35,9.0,GBP,1835.7
TXN_001342,2024-03-25 12:49:00,S003,P653,5,405.55,35.16,USD,1992.59
TXN_001343,2024-03-06 00:44:00,S029,P775,3,213.07,29.59,EUR,609.62
TXN_001344,2024-03-07 13:25:00,S025,P999,7,620.42,23.38,USD,4319.5599999999995
TXN_001345,2024-03-21 09:37:00,S023,P784,7,901.7,21.2,EUR,6290.700000000001
TXN_001346,2024-03-25 12:30:00,S012,P850,7,1022.22,7.44,EUR,7148.1
TXN_001347,2024-03-23 00:04:00,S094,P001,8,885.66,6.97,EUR,7078.3099999999995
TXN_001348,2024-03-29 00:57:00,S088,P130,6,237.61,23.82,EUR,1401.8400000000001
TXN_001349,2024-03-15 19:26:00,S017,P868,7,636.75,18.28,USD,4438.97
TXN_001350,2024-03-09 20:49:00,S085,P460,2,612.56,41.32,GBP,1183.8
TXN_001351,2024-03-11 00:32:00,S056,P850,3,668.11,26.11,USD,1978.22
TXN_001352,2024-03-09 19:53:00,S095,P800,5,1349.87,45.74,USD,6703.61
TXN_001353,2024-03-15 12:51:00,S039,P510,1,665.03,36.52,GBP,628.51
TXN_001354,2024-03-19 20:13:00,S077,P095,2,134.24,10.91,EUR,257.57
TXN_001355,2024-03-15 08:32:00,S004,P187,8,33.8,16.41,GBP,253.98999999999998
TXN_001356,2024-03-10 22:32:00,S072,P383,7,27.45,4.62,GBP,187.53
TXN_001357,2024-03-14 11:06:00,S056,P806,9,781.31,46.37,EUR,6985.419999999999
TXN_001358,2024-03-18 10:16:00,S078,P154,6,1326.63,26.06,EUR,7933.72
TXN_001359,2024-03-13 11:21:00,S095,P980,1,1365.73,19.45,GBP,1346.28
TXN_001360,2024-03-21 03:51:00,S060,P772,8,917.23,10.29,GBP,7327.55
TXN_001361,2024-03-12 15:06:00,S086,P983,9,882.68,29.54,USD,7914.58
TXN_001362,2024-03-03 17:13:00,S038,P808,2,1225.82,37.83,GBP,2413.81
TXN_001363,2024-03-07 13:28:00,S033,P283,5,1426.81,0.46,USD,7133.589999999999
TXN_001364,2024-03-26 19:49:00,S089,P399,5,395.71,40.12,GBP,1938.43
TXN_001365,2024-03-25 15:08:00,S020,P278,3,685.45,17.41,GBP,2038.9400000000003
TXN_001366,2024-03-03 22:13:00,S048,P159,8,1263.54,43.12,USD,10065.199999999999
TXN_001367,2024-03-19 02:15:00,S004,P919,3,1085.86,13.35,GBP,3244.23
TXN_001368,2024-03-25 02:00:00,S067,P127,2,124.62,30.97,EUR,218.27
TXN_001369,2024-03-20 12:04:00,S006,P002,6,635.3,26.2,GBP,3785.6
TXN_001370,2024-03-22 13:57:00,S066,P658,6,816.62,37.69,GBP,4862.030000000001
TXN_001371,2024-03-16 15:14:00,S068,P098,3,169.71,3.73,GBP,505.4
TXN_001372,2024-03-19 06:05:00,S031,P030,3,576.09,23.08,EUR,1705.19
TXN_001373,2024-03-09 12:03:00,S021,P810,4,293.49,22.63,EUR,1151.33
TXN_001374,2024-03-11 14:35:00,S057,P512,8,850.15,33.21,USD,6767.99
TXN_001375,2024-03-18 17:01:00,S092,P072,7,1435.51,27.26,EUR,10021.31
TXN_001376,2024-03-23 20:10:00,S043,P998,5,961.25,22.92,GBP,4783.33
TXN_001377,2024-03-28 02:24:00,S066,P175,2,871.31,12.94,USD,1729.6799999999998
TXN_001378,2024-03-12 23:09:00,S061,P252,1,624.77,3.57,USD,621.1999999999999
TXN_001379,2024-03-02 07:14:00,S027,P622,6,1372.12,18.33,GBP,8214.39
TXN_001380,2024-03-12 08:34:00,S067,P184,1,357.47,33.3,GBP,324.17
TXN_001381,2024-03-25 15:25:00,S098,P783,9,1038.53,9.96,GBP,9336.810000000001
TXN_001382,2024-03-19 07:45:00,S093,P657,2,1207.0,39.15,GBP,2374.85
TXN_001383,2024-03-01 21:26:00,S049,P518,9,1484.78,5.34,EUR,13357.68
TXN_001384,2024-03-12 06:30:00,S020,P410,8,1034.33,11.57,USD,8263.07
TXN_001385,2024-03-10 14:03:00,S019,P474,6,252.68,38.68,GBP,1477.3999999999999
TXN_001386,2024-03-23 23:45:00,S032,P428,1,989.8,12.91,GBP,976.89
TXN_001387,2024-03-23 13:07:00,S016,P687,6,1276.24,46.21,GBP,7611.2300000000005
TXN_001388,2024-03-27 01:43:00,S024,P402,3,280.47,27.96,USD,813.45
TXN_001389,2024-03-20 22:46:00,S034,P056,4,437.06,46.79,EUR,1701.45
TXN_001390,2024-03-18 01:23:00,S026,P523,9,1412.07,32.29,EUR,12676.339999999998
TXN_001391,2024-03-05 10:44:00,S079,P411,8,984.41,10.38,USD,7864.9
TXN_001392,2024-03-24 15:16:00,S034,P998,9,16.13,14.33,GBP,130.83999999999997
TXN_001393,2024-03-09 02:55:00,S085,P041,5,1454.54,11.79,EUR,7260.91
TXN_001394,2024-03-20 17:34:00,S005,P110,5,256.17,15.79,USD,1265.0600000000002
TXN_001395,2024-03-15 06:22:00,S051,P641,1,637.5,42.18,EUR,595.32
TXN_001396,2024-03-07 20:35:00,S095,P847,4,975.06,41.96,GBP,3858.2799999999997
TXN_001397,2024-03-17 00:57:00,S001,P750,3,191.23,13.18,EUR,560.51
TXN_001398,2024-03-17 06:36:00,S100,P752,8,457.37,6.42,USD,3652.54
TXN_001399,2024-03-21 22:44:00,S053,P733,9,838.55,19.42,GBP,7527.53
TXN_001400,2024-03-05 00:00:00,S041,P175,2,182.77,48.69,USD,316.85
TXN_001401,2024-03-16 08:01:00,S012,P426,2,824.02,5.96,USD,1642.08
TXN_001402,2024-03-11 06:35:00,S032,P289,4,269.18,13.63,USD,1063.09
TXN_001403,2024-03-26 14:20:00,S042,P846,6,1027.42,36.94,EUR,6127.580000000001
TXN_001404,2024-03-05 08:19:00,S068,P399,7,1310.14,34.66,GBP,9136.320000000002
TXN_001405,2024-03-27 00:47:00,S083,P853,2,1016.78,25.75,EUR,2007.81
TXN_001406,2024-03-06 20:36:00,S012,P1000,6,650.58,39.03,GBP,3864.4500000000003
TXN_001407,2024-03-22 23:59:00,S057,P178,8,1061.05,16.24,GBP,8472.16
TXN_001408,2024-03-24 05:42:00,S016,P595,4,451.41,32.83,USD,1772.8100000000002
TXN_001409,2024-03-18 05:07:00,S008,P878,6,763.82,9.05,USD,4573.87
TXN_001410,2024-03-09 23:21:00,S053,P990,7,417.59,34.05,EUR,2889.0799999999995
TXN_001411,2024-03-17 03:57:00,S090,P904,2,1170.83,35.47,GBP,2306.19
TXN_001412,2024-03-10 13:28:00,S097,P760,1,1043.81,42.42,GBP,1001.39
TXN_001413,2024-03-18 10:58:00,S050,P083,9,57.92,30.53,GBP,490.75
TXN_001414,2024-03-16 06:46:00,S017,P223,6,626.84,1.65,USD,3759.39
TXN_001415,2024-03-29 08:06:00,S049,P055,2,447.04,47.59,USD,846.49
TXN_001416,2024-03-29 19:40:00,S047,P658,4,844.53,10.08,USD,3368.04
TXN_001417,2024-03-08 06:29:00,S099,P100,7,1417.91,38.73,USD,9886.640000000001
TXN_001418,2024-03-18 07:17:00,S100,P944,2,591.05,35.98,EUR,1146.12
TXN_001419,2024-03-20 07:16:00,S076,P933,5,1414.21,5.68,GBP,7065.37
TXN_001420,2024-03-03 15:34:00,S017,P306,8,326.66,28.98,USD,2584.3
TXN_001421,2024-03-26 23:31:00,S007,P910,5,1259.31,30.58,GBP,6265.969999999999
TXN_001422,2024-03-05 17:15:00,S036,P711,7,1464.34,22.1,GBP,10228.279999999999
TXN_001423,2024-03-15 10:23:00,S042,P049,7,1151.98,29.65,USD,8034.210000000001
TXN_001424,2024-03-25 05:19:00,S061,P372,6,1486.31,7.21,USD,8910.650000000001
TXN_001425,2024-03-11 09:37:00,S077,P535,8,876.69,37.66,GBP,6975.860000000001
TXN_001426,2024-03-14 10:59:00,S054,P351,4,1272.79,3.64,GBP,5087.5199999999995
TXN_001427,2024-03-14 19:55:00,S020,P354,9,977.24,4.32,EUR,8790.84
TXN_001428,2024-03-05 15:00:00,S006,P326,6,1445.87,6.74,USD,8668.48
TXN_001429,2024-03-22 05:13:00,S023,P780,8,966.4,11.03,USD,7720.17
TXN_001430,2024-03-26 08:14:00,S081,P813,5,388.52,1.51,USD,1941.09
TXN_001431,2024-03-14 06:13:00,S053,P085,6,630.07,46.4,USD,3734.02
TXN_001432,2024-03-21 15:29:00,S026,P140,9,127.12,20.19,GBP,1123.8899999999999
TXN_001433,2024-03-18 08:44:00,S057,P247,4,1417.97,19.87,GBP,5652.01
TXN_001434,2024-03-07 13:43:00,S034,P837,1,327.11,21.44,GBP,305.67
TXN_001435,2024-03-23 19:07:00,S028,P259,8,1404.96,33.17,GBP,11206.51
TXN_001436,2024-03-06 02:57:00,S027,P260,5,171.45,25.59,GBP,831.66
TXN_001437,2024-03-15 17:45:00,S015,P250,8,236.21,20.47,GBP,1869.21
TXN_001438,2024-03-10 09:47:00,S096,P261,8,1101.84,12.62,USD,8802.099999999999
TXN_001439,2024-03-30 18:25:00,S024,P554,8,1390.47,28.15,EUR,11095.61
TXN_001440,2024-03-29 00:28:00,S046,P181,3,49.2,23.09,EUR,124.51000000000002
TXN_001441,2024-03-04 10:27:00,S065,P644,2,848.04,23.77,GBP,1672.31
TXN_001442,2024-03-23 21:22:00,S069,P019,3,1135.95,33.04,GBP,3374.8100000000004
TXN_001443,2024-03-06 09:55:00,S043,P801,6,956.33,45.21,USD,5692.77
TXN_001444,2024-03-13 05:11:00,S083,P900,8,254.48,21.06,USD,2014.78
TXN_001445,2024-03-25 15:19:00,S099,P250,7,47.62,16.7,GBP,316.64
TXN_001446,2024-03-03 23:03:00,S017,P134,2,269.36,40.37,GBP,498.35
TXN_001447,2024-03-20 11:11:00,S051,P545,8,499.66,26.77,USD,3970.51
TXN_001448,2024-03-22 10:04:00,S001,P652,6,383.46,12.36,GBP,2288.3999999999996
TXN_001449,2024-03-25 12:08:00,S043,P597,6,1219.88,42.61,USD,7276.670000000001
TXN_001450,2024-03-29 05:43:00,S076,P753,1,365.85,14.49,USD,351.36
TXN_001451,2024-03-11 13:56:00,S080,P563,7,794.8,20.41,EUR,5543.19
TXN_001452,2024-03-24 19:13:00,S099,P145,7,947.77,1.38,EUR,6633.009999999999
TXN_001453,2024-03-21 21:31:00,S097,P085,2,648.29,39.49,EUR,1257.09
TXN_001454,2024-03-17 09:00:00,S004,P374,8,763.98,12.01,EUR,6099.83
TXN_001455,2024-03-14 20:20:00,S030,P925,7,303.05,30.43,GBP,2090.92
TXN_001456,2024-03-03 14:39:00,S028,P059,4,529.53,43.06,EUR,2075.06
TXN_001457,2024-03-13 05:57:00,S001,P773,2,1103.71,48.73,USD,2158.69
TXN_001458,2024-03-02 00:43:00,S058,P502,6,1207.78,40.74,USD,7205.9400000000005
TXN_001459,2024-03-06 17:44:00,S083,P063,9,162.15,1.4,GBP,1457.95
TXN_001460,2024-03-05 01:22:00,S030,P919,6,1358.78,32.64,USD,8120.04
TXN_001461,2024-03-21 23:35:00,S092,P988,6,1316.48,41.93,GBP,7856.95
TXN_001462,2024-03-02 07:17:00,S063,P717,4,339.21,17.63,EUR,1339.2099999999998
TXN_001463,2024-03-11 14:50:00,S064,P066,3,281.81,2.83,GBP,842.6
TXN_001464,2024-03-15 15:01:00,S027,P476,7,812.89,8.92,EUR,5681.3099999999995
TXN_001465,2024-03-23 22:51:00,S032,P061,6,1310.74,15.32,EUR,7849.120000000001
TXN_001466,2024-03-09 03:17:00,S037,P740,8,833.68,6.27,EUR,6663.169999999999
TXN_001467,2024-03-27 12:37:00,S078,P330,9,658.02,49.36,EUR,5872.820000000001
TXN_001468,2024-03-10 16:37:00,S062,P537,7,1214.79,46.22,USD,8457.31
TXN_001469,2024-03-20 03:37:00,S080,P442,1,916.48,45.85,USD,870.63
TXN_001470,2024-03-19 18:20:00,S014,P788,8,283.8,12.68,GBP,2257.7200000000003
TXN_001471,2024-03-18 04:02:00,S071,P753,4,426.93,0.1,GBP,1707.6200000000001
TXN_001472,2024-03-19 01:51:00,S038,P253,4,1245.35,49.75,EUR,4931.65
TXN_001473,2024-03-04 17:06:00,S017,P163,9,1210.0,33.23,GBP,10856.77
TXN_001474,2024-03-17 15:18:00,S093,P768,3,550.26,27.79,GBP,1622.99
TXN_001475,2024-03-19 10:05:00,S096,P587,2,449.17,12.86,USD,885.48
TXN_001476,2024-03-11 02:17:00,S007,P875,8,1236.62,39.1,GBP,9853.859999999999
TXN_001477,2024-03-12 17:17:00,S032,P569,1,352.44,15.05,USD,337.39
TXN_001478,2024-03-14 20:48:00,S031,P204,7,89.58,44.13,GBP,582.93
TXN_001479,2024-03-22 12:13:00,S091,P276,8,1193.02,17.07,GBP,9527.09
TXN_001480,2024-03-23 02:33:00,S031,P867,7,568.57,30.16,GBP,3949.8300000000004
TXN_001481,2024-03-01 09:31:00,S060,P944,1,749.88,28.3,GBP,721.58
TXN_001482,2024-03-10 15:28:00,S095,P735,9,806.1,44.99,GBP,7209.910000000001
TXN_001483,2024-03-23 08:59:00,S060,P042,8,153.57,16.92,GBP,1211.6399999999999
TXN_001484,2024-03-09 09:03:00,S009,P829,9,155.62,41.26,USD,1359.32
TXN_001485,2024-03-30 10:54:00,S068,P439,5,138.09,3.75,EUR,686.7
TXN_001486,2024-03-23 17:21:00,S084,P135,8,731.34,30.37,EUR,5820.35
TXN_001487,2024-03-14 04:04:00,S036,P780,2,853.52,10.23,EUR,1696.81
TXN_001488,2024-03-26 13:56:00,S081,P099,1,686.11,34.75,EUR,651.36
TXN_001489,2024-03-14 22:29:00,S095,P013,8,909.63,34.8,EUR,7242.24
TXN_001490,2024-03-15 11:33:00,S050,P561,2,1185.59,39.91,USD,2331.27
TXN_001491,2024-03-27 21:33:00,S026,P157,7,512.06,28.07,USD,3556.3499999999995
TXN_001492,2024-03-14 06:59:00,S085,P586,1,533.81,45.9,USD,487.90999999999997
TXN_001493,2024-03-08 15:28:00,S032,P857,8,522.53,43.83,GBP,4136.41
TXN_001494,2024-03-22 12:23:00,S047,P793,6,1075.89,15.58,GBP,6439.76
TXN_001495,2024-03-04 23:48:00,S008,P336,2,1217.42,26.49,EUR,2408.3500000000004
TXN_001496,2024-03-21 03:10:00,S023,P146,7,1462.43,37.79,EUR,10199.22
TXN_001497,2024-03-28 02:00:00,S026,P780,6,1460.96,40.28,USD,8725.48
TXN_001498,2024-03-21 08:11:00,S006,P635,8,1399.37,17.59,EUR,11177.369999999999
TXN_001499,2024-03-25 08:41:00,S071,P487,6,908.22,8.29,EUR,5441.03
TXN_001500,2024-03-29 01:06:00,S072,P664,2,812.82,9.23,USD,1616.41
TXN_001501,2024-03-04 13:57:00,S019,P245,6,407.89,15.36,USD,2431.98
TXN_001502,2024-03-06 22:50:00,S043,P154,7,196.28,11.78,EUR,1362.18
TXN_001503,2024-03-28 08:56:00,S075,P863,1,574.47,29.23,GBP,545.24
TXN_001504,2024-03-18 06:47:00,S062,P936,9,420.6,43.31,GBP,3742.09
TXN_001505,2024-03-06 17:12:00,S039,P209,7,361.85,0.36,EUR,2532.59
TXN_001506,2024-03-28 04:58:00,S022,P739,5,1170.87,20.0,GBP,5834.349999999999
TXN_001507,2024-03-25 11:49:00,S028,P694,3,916.35,5.3,GBP,2743.75
TXN_001508,2024-03-05 01:35:00,S068,P832,7,334.65,34.64,GBP,2307.91
TXN_001509,2024-03-21 20:25:00,S096,P457,3,1027.86,6.89,EUR,3076.69
TXN_001510,2024-03-26 19:15:00,S073,P573,8,1120.5,10.32,USD,8953.68
TXN_001511,2024-03-13 03:36:00,S024,P945,6,463.33,49.99,EUR,2729.9900000000002
TXN_001512,2024-03-01 18:43:00,S071,P403,2,1421.96,6.77,GBP,2837.15
TXN_001513,2024-03-14 19:12:00,S060,P719,4,924.5,35.86,GBP,3662.14
TXN_001514,2024-03-16 18:45:00,S095,P208,1,180.53,21.77,EUR,158.76
TXN_001515,2024-03-26 08:02:00,S075,P712,4,412.36,25.79,USD,1623.65
TXN_001516,2024-03-22 06:33:00,S030,P457,5,640.34,17.18,USD,3184.5200000000004
TXN_001517,2024-03-22 00:04:00,S080,P977,9,1222.48,25.13,USD,10977.19
TXN_001518,2024-03-08 19:27:00,S013,P003,6,1280.2,46.98,USD,7634.220000000001
TXN_001519,2024-03-09 22:52:00,S032,P924,7,271.3,19.09,EUR,1880.0100000000002
TXN_001520,2024-03-17 21:28:00,S057,P341,8,1072.79,12.85,EUR,8569.47
TXN_001521,2024-03-02 23:29:00,S074,P158,9,984.46,15.12,USD,8845.019999999999
TXN_001522,2024-03-09 22:41:00,S073,P184,1,460.03,30.05,GBP,429.97999999999996
TXN_001523,2024-03-21 04:07:00,S094,P423,4,756.76,5.8,USD,3021.24
TXN_001524,2024-03-20 20:38:00,S084,P549,8,1493.58,40.76,USD,11907.88
TXN_001525,2024-03-18 17:40:00,S023,P184,3,1008.65,5.48,GBP,3020.47
TXN_001526,2024-03-20 16:30:00,S094,P812,9,263.0,43.1,GBP,2323.9
TXN_001527,2024-03-16 14:11:00,S048,P633,2,1260.39,20.89,USD,2499.8900000000003
TXN_001528,2024-03-01 09:30:00,S095,P040,5,1274.46,22.11,EUR,6350.1900000000005
TXN_001529,2024-03-20 17:48:00,S035,P313,2,273.41,27.3,USD,519.5200000000001
TXN_001530,2024-03-20 00:56:00,S023,P900,6,1490.8,43.02,GBP,8901.779999999999
TXN_001531,2024-03-23 08:16:00,S049,P603,4,1128.32,23.84,EUR,4489.44
TXN_001532,2024-03-14 03:16:00,S056,P124,1,1128.2,22.26,EUR,1105.94
TXN_001533,2024-03-03 20:50:00,S086,P922,6,483.56,40.76,USD,2860.6
TXN_001534,2024-03-11 07:54:00,S097,P982,8,161.61,44.54,USD,1248.3400000000001
TXN_001535,2024-03-11 23:43:00,S077,P914,5,399.02,13.06,USD,1982.04
TXN_001536,2024-03-10 23:48:00,S098,P857,4,303.53,23.86,USD,1190.26
TXN_001537,2024-03-07 14:03:00,S026,P322,6,494.36,19.01,EUR,2947.1499999999996
TXN_001538,2024-03-02 15:54:00,S093,P006,7,1222.51,28.03,USD,8529.539999999999
TXN_001539,2024-03-08 07:55:00,S026,P443,1,1440.16,17.02,GBP,1423.14
TXN_001540,2024-03-23 21:18:00,S084,P153,5,1049.29,42.35,GBP,5204.099999999999
TXN_001541,2024-03-02 07:00:00,S100,P991,7,1271.4,27.45,EUR,8872.35
TXN_001542,2024-03-07 14:04:00,S092,P203,7,1490.22,15.4,EUR,10416.140000000001
TXN_001543,2024-03-03 21:58:00,S008,P020,9,539.93,34.08,USD,4825.29
TXN_001544,2024-03-09 05:10:00,S011,P392,3,462.08,38.89,GBP,1347.35
TXN_001545,2024-03-28 12:37:00,S084,P446,7,1127.27,48.65,EUR,7842.24
TXN_001546,2024-03-14 21:42:00,S045,P976,3,1107.88,25.85,EUR,3297.7900000000004
TXN_001547,2024-03-01 07:54:00,S011,P196,5,1372.3,40.89,USD,6820.61
TXN_001548,2024-03-16 01:56:00,S062,P646,4,1188.76,41.34,GBP,4713.7
TXN_001549,2024-03-10 09:19:00,S027,P189,7,227.79,7.76,GBP,1586.77
TXN_001550,2024-03-26 16:09:00,S040,P533,4,1254.87,24.57,USD,4994.91
TXN_001551,2024-03-18 10:13:00,S023,P969,5,297.57,16.92,EUR,1470.9299999999998
TXN_001552,2024-03-26 04:30:00,S091,P413,9,927.57,0.16,EUR,8347.970000000001
TXN_001553,2024-03-06 08:34:00,S093,P563,8,1439.91,46.75,GBP,11472.53
TXN_001554,2024-03-15 17:58:00,S075,P427,1,281.55,14.0,EUR,267.55
TXN_001555,2024-03-18 04:07:00,S045,P937,9,820.73,23.64,EUR,7362.929999999999
TXN_001556,2024-03-09 15:47:00,S035,P131,6,1491.59,38.65,EUR,8910.89
TXN_001557,2024-03-29 22:05:00,S067,P586,4,276.99,48.38,EUR,1059.58
TXN_001558,2024-03-05 08:24:00,S058,P516,3,291.23,36.95,EUR,836.74
TXN_001559,2024-03-29 06:42:00,S070,P276,8,959.87,45.59,GBP,7633.37
TXN_001560,2024-03-09 09:16:00,S075,P946,3,169.65,24.47,EUR,484.48
TXN_001561,2024-03-24 15:56:00,S050,P705,7,569.14,23.52,USD,3960.46
TXN_001562,2024-03-30 09:18:00,S025,P002,4,532.15,39.61,USD,2088.99
TXN_001563,2024-03-22 08:00:00,S038,P886,2,927.75,4.24,EUR,1851.26
TXN_001564,2024-03-14 19:04:00,S009,P453,2,111.22,18.97,USD,203.47
TXN_001565,2024-03-29 01:31:00,S059,P833,7,737.1,3.64,USD,5156.0599999999995
TXN_001566,2024-03-12 18:22:00,S094,P081,9,274.02,47.43,GBP,2418.75
TXN_001567,2024-03-23 05:38:00,S057,P059,5,46.76,5.25,USD,228.54999999999998
TXN_001568,2024-03-06 22:54:00,S057,P568,4,1377.88,1.95,GBP,5509.570000000001
TXN_001569,2024-03-03 02:34:00,S086,P311,5,413.16,2.69,USD,2063.11
TXN_001570,2024-03-07 09:13:00,S027,P642,2,1416.62,37.29,EUR,2795.95
TXN_001571,2024-03-07 02:09:00,S070,P143,3,818.92,28.69,EUR,2428.0699999999997
TXN_001572,2024-03-23 23:09:00,S100,P115,2,1209.38,39.11,EUR,2379.65
TXN_001573,2024-03-16 04:25:00,S013,P617,8,848.41,39.45,GBP,6747.83
TXN_001574,2024-03-12 06:34:00,S058,P626,5,181.49,10.11,EUR,897.34
TXN_001575,2024-03-08 08:34:00,S007,P250,5,1353.75,39.34,USD,6729.41
TXN_001576,2024-03-27 01:24:00,S006,P747,2,274.14,39.16,USD,509.12
TXN_001577,2024-03-27 12:01:00,S015,P527,1,1169.01,39.88,EUR,1129.1299999999999
TXN_001578,2024-03-23 22:18:00,S030,P665,1,102.79,21.43,EUR,81.36000000000001
TXN_001579,2024-03-15 12:19:00,S047,P811,1,1256.38,40.91,EUR,1215.47
TXN_001580,2024-03-17 15:26:00,S027,P063,1,1284.51,18.79,GBP,1265.72
TXN_001581,2024-03-01 12:08:00,S072,P328,5,951.75,28.75,GBP,4730.0
TXN_001582,2024-03-09 21:41:00,S098,P003,6,23.43,40.57,GBP,100.00999999999999
TXN_001583,2024-03-10 21:59:00,S027,P547,1,980.7,22.39,GBP,958.3100000000001
TXN_001584,2024-03-06 19:47:00,S090,P901,1,1208.52,41.54,USD,1166.98
TXN_001585,2024-03-14 02:27:00,S093,P321,3,513.35,28.07,GBP,1511.9800000000002
TXN_001586,2024-03-08 22:31:00,S044,P593,7,1328.18,21.15,USD,9276.11
TXN_001587,2024-03-07 05:26:00,S069,P626,1,209.34,42.06,GBP,167.28
TXN_001588,2024-03-30 01:50:00,S028,P819,8,225.17,20.8,GBP,1780.56
TXN_001589,2024-03-20 16:46:00,S036,P890,7,492.4,8.04,USD,3438.7599999999998
TXN_001590,2024-03-17 00:00:00,S022,P231,7,210.12,17.19,EUR,1453.65
TXN_001591,2024-03-15 07:51:00,S080,P298,9,853.78,25.01,EUR,7659.009999999999
TXN_001592,2024-03-16 00:49:00,S085,P946,3,156.29,10.5,EUR,458.37
TXN_001593,2024-03-29 04:56:00,S056,P683,3,782.21,6.34,GBP,2340.29
TXN_001594,2024-03-10 06:35:00,S047,P249,3,222.54,42.1,USD,625.52
TXN_001595,2024-03-11 16:59:00,S076,P270,3,1220.89,23.17,USD,3639.5
TXN_001596,2024-03-21 02:31:00,S050,P117,8,458.56,3.03,GBP,3665.45
TXN_001597,2024-03-27 12:39:00,S023,P253,1,955.17,6.99,EUR,948.18
TXN_001598,2024-03-08 03:33:00,S002,P848,1,747.18,40.53,USD,706.65
TXN_001599,2024-03-22 07:34:00,S053,P506,2,765.31,1.68,GBP,1528.9399999999998
TXN_001600,2024-03-27 22:32:00,S024,P753,1,302.26,30.97,USD,271.28999999999996
TXN_001601,2024-03-24 21:44:00,S004,P290,4,694.38,34.25,USD,2743.27
TXN_001602,2024-03-29 12:01:00,S085,P598,7,1343.3,17.79,GBP,9385.31
TXN_001603,2024-03-16 18:51:00,S031,P215,6,996.65,39.41,GBP,5940.49
TXN_001604,2024-03-28 13:14:00,S006,P145,1,1224.96,33.84,USD,1191.1200000000001
TXN_001605,2024-03-09 16:06:00,S030,P781,3,1147.58,18.84,EUR,3423.8999999999996
TXN_001606,2024-03-23 09:09:00,S066,P207,6,686.36,37.28,USD,4080.8799999999997
TXN_001607,2024-03-14 00:13:00,S040,P375,3,1015.51,13.2,EUR,3033.33
TXN_001608,2024-03-30 06:27:00,S089,P520,2,391.56,45.95,EUR,737.17
TXN_001609,2024-03-22 12:37:00,S029,P142,1,154.73,22.4,EUR,132.32999999999998
TXN_001610,2024-03-14 02:44:00,S028,P485,9,927.59,12.08,USD,8336.23
TXN_001611,2024-03-25 02:12:00,S011,P846,4,134.8,7.93,EUR,531.2700000000001
TXN_001612,2024-03-02 18:43:00,S094,P354,9,287.16,30.95,GBP,2553.4900000000002
TXN_001613,2024-03-09 17:51:00,S021,P328,9,24.49,36.51,USD,183.9
TXN_001614,2024-03-05 08:50:00,S048,P002,6,337.33,44.25,EUR,1979.73
TXN_001615,2024-03-12 20:36:00,S002,P112,5,1134.73,35.7,GBP,5637.95
TXN_001616,2024-03-27 01:52:00,S016,P514,2,325.46,35.0,EUR,615.92
TXN_001617,2024-03-18 02:41:00,S025,P374,4,664.74,42.28,EUR,2616.68
TXN_001618,2024-03-09 13:18:00,S010,P027,3,1359.62,36.31,USD,4042.5499999999997
TXN_001619,2024-03-18 07:04:00,S019,P706,3,773.89,14.92,EUR,2306.75
TXN_001620,2024-03-06 13:53:00,S010,P689,8,1378.8,35.4,GBP,10995.0
TXN_001621,2024-03-24 16:39:00,S026,P423,5,790.59,7.34,GBP,3945.61
TXN_001622,2024-03-23 11:23:00,S049,P193,5,1103.67,0.58,EUR,5517.77
TXN_001623,2024-03-21 22:18:00,S005,P249,4,390.16,31.15,EUR,1529.49
TXN_001624,2024-03-14 14:40:00,S012,P401,1,422.91,4.24,EUR,418.67
TXN_001625,2024-03-07 23:03:00,S074,P026,6,1266.61,13.78,GBP,7585.88
TXN_001626,2024-03-07 19:52:00,S064,P443,8,185.63,17.88,USD,1467.1599999999999
TXN_001627,2024-03-14 13:50:00,S004,P716,4,1442.49,44.88,GBP,5725.08
TXN_001628,2024-03-27 23:17:00,S023,P084,5,1412.89,48.53,GBP,7015.920000000001
TXN_001629,2024-03-24 10:03:00,S001,P916,6,26.15,12.78,USD,144.11999999999998
TXN_001630,2024-03-07 15:19:00,S041,P959,3,619.73,1.32,GBP,1857.8700000000001
TXN_001631,2024-03-09 01:54:00,S030,P591,5,622.28,27.43,USD,3083.97
TXN_001632,2024-03-09 14:32:00,S039,P306,1,52.44,41.59,EUR,10.849999999999994
TXN_001633,2024-03-07 02:29:00,S042,P447,3,1346.78,28.22,USD,4012.1200000000003
TXN_001634,2024-03-16 17:26:00,S045,P617,8,615.56,41.15,USD,4883.33
TXN_001635,2024-03-29 03:20:00,S068,P765,6,517.14,26.88,USD,3075.96
TXN_001636,2024-03-19 17:36:00,S079,P655,2,1486.93,42.2,USD,2931.6600000000003
TXN_001637,2024-03-10 08:38:00,S039,P200,1,160.32,27.26,USD,133.06
TXN_001638,2024-03-13 00:07:00,S057,P821,7,1175.12,12.07,EUR,8213.77
TXN_001639,2024-03-28 17:57:00,S005,P968,3,88.19,0.78,EUR,263.79
TXN_001640,2024-03-05 08:02:00,S060,P503,6,1329.21,8.22,GBP,7967.04
TXN_001641,2024-03-13 16:35:00,S052,P166,2,402.08,19.7,USD,784.4599999999999
TXN_001642,2024-03-01 13:53:00,S064,P599,3,1443.62,4.68,GBP,4326.179999999999
TXN_001643,2024-03-07 04:53:00,S027,P605,5,706.47,35.02,GBP,3497.3300000000004
TXN_001644,2024-03-20 09:21:00,S034,P139,1,1321.9,28.03,USD,1293.8700000000001
TXN_001645,2024-03-14 06:33:00,S027,P313,9,67.37,17.9,EUR,588.4300000000001
TXN_001646,2024-03-22 09:36:00,S057,P139,1,95.03,26.66,EUR,68.37
TXN_001647,2024-03-10 13:16:00,S050,P188,8,88.32,0.94,GBP,705.6199999999999
TXN_001648,2024-03-06 22:43:00,S074,P748,5,1201.22,28.73,EUR,5977.370000000001
TXN_001649,2024-03-17 08:16:00,S097,P751,3,899.99,8.54,EUR,2691.4300000000003
TXN_001650,2024-03-18 07:51:00,S037,P461,4,17.97,23.69,EUR,48.19
TXN_001651,2024-03-17 06:07:00,S024,P031,1,379.29,23.59,GBP,355.70000000000005
TXN_001652,2024-03-06 17:08:00,S045,P037,3,1431.51,35.88,GBP,4258.65
TXN_001653,2024-03-24 21:23:00,S071,P172,2,211.7,29.16,GBP,394.23999999999995
TXN_001654,2024-03-03 04:54:00,S005,P171,5,308.93,12.45,GBP,1532.2
TXN_001655,2024-03-30 06:12:00,S054,P256,6,1094.24,15.4,USD,6550.040000000001
TXN_001656,2024-03-04 08:32:00,S019,P744,6,329.95,11.07,GBP,1968.6299999999999
TXN_001657,2024-03-21 04:42:00,S020,P889,9,748.32,35.32,GBP,6699.56
TXN_001658,2024-03-18 04:51:00,S075,P533,7,527.81,47.81,GBP,3646.8599999999997
TXN_001659,2024-03-21 02:11:00,S015,P962,3,168.19,44.97,EUR,459.6
TXN_001660,2024-03-01 07:56:00,S018,P480,4,1452.11,44.64,GBP,5763.799999999999
TXN_001661,2024-03-15 15:15:00,S001,P515,8,1013.13,20.33,USD,8084.71
TXN_001662,2024-03-25 09:44:00,S099,P821,3,31.72,1.57,USD,93.59
TXN_001663,2024-03-04 19:09:00,S092,P538,2,512.89,15.17,USD,1010.61
TXN_001664,2024-03-12 11:59:00,S045,P221,2,1051.17,4.15,GBP,2098.19
TXN_001665,2024-03-15 12:51:00,S092,P385,6,1322.25,1.06,GBP,7932.44
TXN_001666,2024-03-19 20:11:00,S048,P145,3,1390.4,2.74,EUR,4168.460000000001
TXN_001667,2024-03-20 14:57:00,S022,P172,5,295.47,8.08,USD,1469.2700000000002
TXN_001668,2024-03-01 00:56:00,S093,P536,7,1160.52,29.42,USD,8094.219999999999
TXN_001669,2024-03-21 18:26:00,S070,P073,7,250.26,12.37,EUR,1739.45
TXN_001670,2024-03-12 09:12:00,S080,P263,9,711.1,42.98,USD,6356.920000000001
TXN_001671,2024-03-16 07:45:00,S074,P616,5,1310.59,5.95,GBP,6547.0
TXN_001672,2024-03-30 10:25:00,S003,P781,1,241.45,24.53,GBP,216.92
TXN_001673,2024-03-28 01:12:00,S066,P939,2,1447.94,22.93,EUR,2872.9500000000003
TXN_001674,2024-03-09 10:13:00,S039,P002,1,1218.61,13.79,USD,1204.82
TXN_001675,2024-03-10 13:45:00,S019,P054,9,845.1,21.28,USD,7584.620000000001
TXN_001676,2024-03-21 10:34:00,S019,P180,9,496.84,29.91,EUR,4441.65
TXN_001677,2024-03-16 21:08:00,S067,P002,9,997.28,45.42,GBP,8930.1
TXN_001678,2024-03-07 21:03:00,S005,P396,3,686.64,16.88,EUR,2043.04
TXN_001679,2024-03-27 00:23:00,S057,P216,7,1454.41,14.21,USD,10166.660000000002
TXN_001680,2024-03-14 08:05:00,S072,P710,7,453.21,25.22,GBP,3147.25
TXN_001681,2024-03-07 02:03:00,S042,P102,9,217.39,26.6,EUR,1929.9099999999999
TXN_001682,2024-03-06 06:36:00,S001,P317,3,342.76,24.72,USD,1003.56
TXN_001683,2024-03-21 01:37:00,S071,P364,6,81.41,24.77,GBP,463.69
TXN_001684,2024-03-04 03:17:00,S029,P648,6,1339.85,17.23,USD,8021.87
TXN_001685,2024-03-07 11:12:00,S080,P143,4,1354.21,30.11,GBP,5386.7300000000005
TXN_001686,2024-03-02 14:37:00,S067,P930,7,1306.24,2.13,GBP,9141.550000000001
TXN_001687,2024-03-22 21:39:00,S024,P752,1,1161.05,1.35,EUR,1159.7
TXN_001688,2024-03-25 21:46:00,S047,P138,5,211.25,21.99,USD,1034.26
TXN_001689,2024-03-21 23:02:00,S087,P124,7,145.08,33.78,USD,981.7800000000001
TXN_001690,2024-03-22 02:27:00,S039,P070,8,1248.47,30.86,EUR,9956.9
TXN_001691,2024-03-21 10:54:00,S049,P694,5,1432.54,15.7,EUR,7147.0
TXN_001692,2024-03-09 03:04:00,S081,P282,7,1065.48,3.59,EUR,7454.77
TXN_001693,2024-03-22 17:02:00,S071,P922,1,222.25,7.17,EUR,215.08
TXN_001694,2024-03-01 05:47:00,S027,P915,3,66.73,34.32,GBP,165.87
TXN_001695,2024-03-21 15:23:00,S014,P438,9,1344.09,3.69,USD,12093.119999999999
TXN_001696,2024-03-22 20:20:00,S003,P239,7,446.07,25.86,USD,3096.6299999999997
TXN_001697,2024-03-25 14:11:00,S099,P203,3,101.04,37.3,EUR,265.82
TXN_001698,2024-03-13 02:45:00,S010,P050,1,1362.13,31.2,GBP,1330.93
TXN_001699,2024-03-10 02:34:00,S039,P190,3,1175.3,8.89,USD,3517.0099999999998
TXN_001700,2024-03-20 13:42:00,S081,P390,7,1168.68,36.36,USD,8144.400000000001
TXN_001701,2024-03-18 17:37:00,S005,P011,8,1438.0,48.93,EUR,11455.07
TXN_001702,2024-03-28 08:27:00,S006,P458,5,1480.27,30.8,USD,7370.55
TXN_001703,2024-03-03 19:23:00,S025,P649,9,1229.16,33.78,GBP,11028.66
TXN_001704,2024-03-14 22:43:00,S042,P201,1,975.04,6.49,USD,968.55
TXN_001705,2024-03-17 02:56:00,S064,P205,3,156.7,23.06,GBP,447.03999999999996
TXN_001706,2024-03-12 00:57:00,S075,P876,6,417.58,4.34,GBP,2501.14
TXN_001707,2024-03-25 03:00:00,S017,P539,5,739.76,18.05,USD,3680.75
TXN_001708,2024-03-22 05:00:00,S008,P608,4,818.69,49.29,GBP,3225.4700000000003
TXN_001709,2024-03-07 15:04:00,S054,P580,9,1155.67,29.14,GBP,10371.890000000001
TXN_001710,2024-03-22 18:58:00,S053,P921,1,1450.55,42.74,USD,1407.81
TXN_001711,2024-03-08 17:17:00,S054,P432,9,1313.66,12.84,EUR,11810.1
TXN_001712,2024-03-22 22:43:00,S010,P413,2,498.67,30.16,EUR,967.1800000000001
TXN_001713,2024-03-05 09:12:00,S053,P678,3,808.78,49.17,USD,2377.17
TXN_001714,2024-03-16 16:41:00,S047,P454,9,708.73,27.75,GBP,6350.82
TXN_001715,2024-03-13 20:16:00,S014,P679,1,1114.55,16.47,GBP,1098.08
TXN_001716,2024-03-05 06:49:00,S052,P475,3,43.7,49.98,GBP,81.12000000000003
TXN_001717,2024-03-07 02:59:00,S039,P794,7,449.81,7.82,USD,3140.85
TXN_001718,2024-03-13 22:39:00,S075,P403,9,1323.41,45.35,USD,11865.34
TXN_001719,2024-03-25 13:31:00,S005,P322,5,57.31,36.67,GBP,249.88
TXN_001720,2024-03-19 01:41:00,S036,P313,3,1096.3,14.85,EUR,3274.0499999999997
TXN_001721,2024-03-21 23:26:00,S058,P371,6,1242.99,30.08,USD,7427.860000000001
TXN_001722,2024-03-03 09:37:00,S086,P838,7,260.56,36.03,GBP,1787.89
TXN_001723,2024-03-15 12:25:00,S080,P706,4,1187.82,28.11,EUR,4723.17
TXN_001724,2024-03-12 11:53:00,S021,P710,8,543.43,40.28,EUR,4307.16
TXN_001725,2024-03-19 19:19:00,S020,P081,8,1007.05,21.67,USD,8034.73
TXN_001726,2024-03-05 23:23:00,S076,P656,5,116.12,40.64,USD,539.96
TXN_001727,2024-03-19 20:41:00,S029,P477,1,103.15,4.38,EUR,98.77000000000001
TXN_001728,2024-03-17 17:14:00,S059,P788,9,631.72,9.25,GBP,5676.2300000000005
TXN_001729,2024-03-14 10:21:00,S071,P676,4,287.97,48.81,USD,1103.0700000000002
TXN_001730,2024-03-02 05:44:00,S090,P691,4,1362.94,30.78,EUR,5420.9800000000005
TXN_001731,2024-03-08 22:23:00,S094,P365,9,1032.08,42.6,EUR,9246.119999999999
TXN_001732,2024-03-26 14:47:00,S086,P512,8,1259.33,46.03,USD,10028.609999999999
TXN_001733,2024-03-23 01:33:00,S009,P228,1,162.92,20.04,EUR,142.88
TXN_001734,2024-03-20 07:20:00,S056,P679,6,1086.7,33.92,GBP,6486.280000000001
TXN_001735,2024-03-06 10:44:00,S054,P802,7,769.55,1.29,GBP,5385.5599999999995
TXN_001736,2024-03-24 03:23:00,S044,P557,7,1142.51,32.66,GBP,7964.91
TXN_001737,2024-03-02 06:10:00,S024,P155,1,1453.18,34.57,EUR,1418.6100000000001
TXN_001738,2024-03-19 23:12:00,S056,P007,5,1092.06,23.27,GBP,5437.029999999999
TXN_001739,2024-03-19 09:00:00,S057,P019,4,163.22,12.55,GBP,640.33
TXN_001740,2024-03-11 02:53:00,S080,P046,3,633.42,3.15,EUR,1897.1099999999997
TXN_001741,2024-03-26 16:02:00,S008,P082,7,292.54,21.46,USD,2026.3200000000002
TXN_001742,2024-03-09 21:11:00,S016,P932,3,853.69,45.36,USD,2515.71
TXN_001743,2024-03-16 14:52:00,S052,P152,6,983.21,34.94,GBP,5864.320000000001
TXN_001744,2024-03-15 03:05:00,S053,P689,9,273.21,30.15,GBP,2428.74
TXN_001745,2024-03-22 01:37:00,S098,P037,3,225.17,24.63,EUR,650.88
TXN_001746,2024-03-17 03:34:00,S053,P887,5,485.54,36.14,GBP,2391.5600000000004
TXN_001747,2024-03-10 16:57:00,S063,P583,7,471.37,2.76,GBP,3296.83
TXN_001748,2024-03-27 23:49:00,S050,P157,4,335.42,6.13,EUR,1335.55
TXN_001749,2024-03-04 02:21:00,S029,P790,3,1125.83,35.76,USD,3341.7299999999996
TXN_001750,2024-03-06 19:37:00,S015,P189,1,768.2,31.16,GBP,737.0400000000001
TXN_001751,2024-03-04 09:13:00,S084,P155,1,142.76,11.13,USD,131.63
TXN_001752,2024-03-24 02:23:00,S039,P211,7,1219.95,35.56,EUR,8504.09
TXN_001753,2024-03-25 00:47:00,S089,P087,9,115.2,44.17,EUR,992.63
TXN_001754,2024-03-06 10:46:00,S031,P193,9,1443.16,25.21,USD,12963.230000000001
TXN_001755,2024-03-17 05:28:00,S033,P779,1,792.93,31.34,GBP,761.5899999999999
TXN_001756,2024-03-30 18:41:00,S063,P524,5,192.64,31.57,USD,931.6299999999999
TXN_001757,2024-03-17 19:58:00,S038,P009,9,791.02,7.67,EUR,7111.51
TXN_001758,2024-03-06 21:18:00,S039,P529,8,1421.62,49.05,USD,11323.91
TXN_001759,2024-03-22 02:24:00,S088,P089,2,1017.13,27.33,GBP,2006.93
TXN_001760,2024-03-19 17:49:00,S057,P158,3,334.31,1.83,EUR,1001.1
TXN_001761,2024-03-24 22:58:00,S011,P468,6,43.07,2.16,EUR,256.26
TXN_001762,2024-03-24 18:27:00,S016,P773,8,262.31,36.19,GBP,2062.29
TXN_001763,2024-03-21 01:36:00,S013,P430,4,708.12,22.39,GBP,2810.09
TXN_001764,2024-03-15 03:27:00,S066,P591,2,957.89,28.28,GBP,1887.5
TXN_001765,2024-03-28 10:04:00,S045,P687,7,1351.45,29.91,EUR,9430.24
TXN_001766,2024-03-14 08:44:00,S074,P171,3,369.29,16.29,USD,1091.5800000000002
TXN_001767,2024-03-30 21:30:00,S040,P209,4,287.57,32.62,EUR,1117.66
TXN_001768,2024-03-15 00:13:00,S051,P860,3,956.33,47.65,USD,2821.34
TXN_001769,2024-03-05 02:29:00,S025,P250,4,1269.98,12.82,GBP,5067.1
TXN_001770,2024-03-09 05:35:00,S057,P268,5,420.29,34.59,EUR,2066.86
TXN_001771,2024-03-16 03:48:00,S054,P395,6,1463.2,2.8,GBP,8776.400000000001
TXN_001772,2024-03-25 05:03:00,S097,P312,9,1243.98,10.47,EUR,11185.35
TXN_001773,2024-03-28 15:37:00,S006,P662,9,467.95,36.26,EUR,4175.29
TXN_001774,2024-03-11 13:31:00,S043,P413,7,166.67,15.02,EUR,1151.6699999999998
TXN_001775,2024-03-04 01:52:00,S085,P173,8,1386.86,11.79,USD,11083.089999999998
TXN_001776,2024-03-06 20:15:00,S014,P976,4,433.1,35.75,EUR,1696.65
TXN_001777,2024-03-30 01:36:00,S100,P248,7,730.65,9.9,EUR,5104.650000000001
TXN_001778,2024-03-18 00:56:00,S039,P370,9,911.89,18.54,GBP,8188.47
TXN_001779,2024-03-22 04:26:00,S090,P107,7,484.8,13.16,USD,3380.44
TXN_001780,2024-03-05 01:31:00,S015,P734,3,92.73,41.42,EUR,236.76999999999998
TXN_001781,2024-03-03 12:37:00,S070,P558,9,604.98,43.74,USD,5401.08
TXN_001782,2024-03-30 08:13:00,S021,P967,7,123.86,44.52,EUR,822.5
TXN_001783,2024-03-01 07:19:00,S058,P646,2,875.63,6.6,EUR,1744.66
TXN_001784,2024-03-14 15:12:00,S001,P578,1,135.69,2.37,GBP,133.32
TXN_001785,2024-03-21 15:01:00,S096,P011,2,1446.18,16.18,EUR,2876.1800000000003
TXN_001786,2024-03-09 16:09:00,S079,P839,9,217.92,39.85,USD,1921.43
TXN_001787,2024-03-22 18:26:00,S031,P795,1,295.47,23.23,EUR,272.24
TXN_001788,2024-03-23 14:39:00,S024,P247,2,587.86,49.22,USD,1126.5
TXN_001789,2024-03-14 18:20:00,S091,P955,1,17.75,0.65,USD,17.1
TXN_001790,2024-03-16 18:25:00,S055,P424,6,1105.68,31.12,GBP,6602.96
TXN_001791,2024-03-15 16:43:00,S099,P767,9,473.07,25.64,EUR,4231.99
TXN_001792,2024-03-03 11:50:00,S013,P462,1,306.83,12.07,USD,294.76
TXN_001793,2024-03-16 12:30:00,S049,P383,7,123.16,49.53,EUR,812.59
TXN_001794,2024-03-11 09:13:00,S001,P039,4,348.83,40.71,EUR,1354.61
TXN_001795,2024-03-17 17:10:00,S077,P869,3,364.78,17.52,EUR,1076.82
TXN_001796,2024-03-25 04:31:00,S086,P473,7,844.82,14.73,EUR,5899.010000000001
TXN_001797,2024-03-10 19:05:00,S079,P941,4,420.87,19.4,EUR,1664.08
TXN_001798,2024-03-10 06:38:00,S096,P061,1,431.99,7.73,EUR,424.26
TXN_001799,2024-03-30 09:17:00,S015,P148,4,698.07,6.51,USD,2785.77
TXN_001800,2024-03-19 03:01:00,S085,P978,2,675.47,9.78,EUR,1341.16
TXN_001801,2024-03-09 00:18:00,S058,P072,8,707.56,18.61,GBP,5641.87
TXN_001802,2024-03-11 16:36:00,S046,P511,9,149.82,4.99,EUR,1343.3899999999999
TXN_001803,2024-03-20 20:47:00,S038,P399,4,1281.26,17.73,EUR,5107.31
TXN_001804,2024-03-11 06:37:00,S010,P294,1,377.94,25.75,GBP,352.19
TXN_001805,2024-03-23 16:19:00,S059,P728,4,766.61,18.12,EUR,3048.32
TXN_001806,2024-03-05 14:41:00,S073,P452,5,136.14,7.23,GBP,673.4699999999999
TXN_001807,2024-03-25 01:28:00,S059,P073,6,997.02,42.81,USD,5939.3099999999995
TXN_001808,2024-03-29 05:07:00,S030,P877,2,353.13,28.99,EUR,677.27
TXN_001809,2024-03-15 05:27:00,S081,P187,2,1169.83,8.51,USD,2331.1499999999996
TXN_001810,2024-03-07 19:57:00,S046,P639,7,1298.04,33.47,GBP,9052.81
TXN_001811,2024-03-29 13:35:00,S072,P379,2,112.05,12.29,GBP,211.81
TXN_001812,2024-03-21 16:46:00,S038,P278,1,1042.04,41.3,EUR,1000.74
TXN_001813,2024-03-26 04:27:00,S011,P111,4,1324.61,47.86,EUR,5250.58
TXN_001814,2024-03-28 20:53:00,S100,P677,6,1459.0,6.16,GBP,8747.84
TXN_001815,2024-03-19 18:27:00,S086,P120,6,1145.91,18.18,GBP,6857.280000000001
TXN_001816,2024-03-20 16:11:00,S044,P333,6,955.02,16.4,GBP,5713.72
TXN_001817,2024-03-26 22:08:00,S087,P191,9,1317.97,12.65,EUR,11849.08
TXN_001818,2024-03-18 01:18:00,S095,P500,9,98.08,16.61,USD,866.11
TXN_001819,2024-03-30 00:05:00,S031,P152,3,1270.97,24.73,EUR,3788.18
TXN_001820,2024-03-03 22:26:00,S059,P945,7,171.51,21.41,EUR,1179.1599999999999
TXN_001821,2024-03-10 16:21:00,S027,P682,6,811.51,0.42,GBP,4868.639999999999
TXN_001822,2024-03-12 01:28:00,S071,P999,2,364.01,29.06,EUR,698.96
TXN_001823,2024-03-08 02:49:00,S057,P973,5,396.69,2.75,GBP,1980.7
TXN_001824,2024-03-29 17:06:00,S017,P859,5,123.77,13.22,USD,605.63
TXN_001825,2024-03-22 04:52:00,S095,P392,5,1449.06,18.36,EUR,7226.94
TXN_001826,2024-03-21 20:35:00,S001,P162,6,246.67,47.55,GBP,1432.47
TXN_001827,2024-03-26 04:32:00,S079,P560,4,611.07,36.77,USD,2407.51
TXN_001828,2024-03-27 00:01:00,S081,P991,3,89.46,6.98,USD,261.4
TXN_001829,2024-03-30 15:08:00,S072,P313,9,1012.36,41.77,GBP,9069.47
TXN_001830,2024-03-09 20:18:00,S073,P974,9,256.17,21.64,GBP,2283.8900000000003
TXN_001831,2024-03-17 07:08:00,S007,P417,9,1479.44,29.84,EUR,13285.12
TXN_001832,2024-03-12 13:06:00,S086,P388,4,1461.04,18.84,GBP,5825.32
TXN_001833,2024-03-24 11:49:00,S069,P362,3,699.55,25.25,USD,2073.3999999999996
TXN_001834,2024-03-03 03:07:00,S007,P536,4,1477.15,35.99,GBP,5872.610000000001
TXN_001835,2024-03-14 20:48:00,S025,P401,2,1332.48,17.92,GBP,2647.04
TXN_001836,2024-03-02 05:04:00,S045,P460,3,611.74,13.31,GBP,1821.91
TXN_001837,2024-03-20 10:57:00,S041,P671,4,570.83,0.78,USD,2282.54
TXN_001838,2024-03-25 08:27:00,S013,P959,4,899.07,47.05,EUR,3549.23
TXN_001839,2024-03-04 05:23:00,S057,P653,2,1180.84,18.5,GBP,2343.18
TXN_001840,2024-03-09 07:39:00,S074,P194,4,198.7,23.49,GBP,771.31
TXN_001841,2024-03-06 10:55:00,S039,P039,6,948.22,47.65,EUR,5641.67
TXN_001842,2024-03-16 00:21:00,S031,P868,5,1398.64,43.99,USD,6949.210000000001
TXN_001843,2024-03-14 04:46:00,S074,P119,5,1222.57,40.42,USD,6072.429999999999
TXN_001844,2024-03-28 17:46:00,S038,P701,6,1298.0,19.42,EUR,7768.58
TXN_001845,2024-03-28 22:41:00,S077,P338,5,636.79,32.42,USD,3151.5299999999997
TXN_001846,2024-03-12 10:00:00,S007,P230,2,1238.35,1.54,EUR,2475.16
TXN_001847,2024-03-07 11:32:00,S049,P061,1,50.58,27.43,USD,23.15
TXN_001848,2024-03-09 15:39:00,S069,P003,2,346.46,26.87,EUR,666.05
TXN_001849,2024-03-16 20:09:00,S100,P341,6,938.36,5.73,USD,5624.43
TXN_001850,2024-03-01 11:28:00,S093,P346,5,657.88,29.76,USD,3259.64
TXN_001851,2024-03-30 11:53:00,S019,P431,2,1092.77,16.99,GBP,2168.55
TXN_001852,2024-03-17 10:05:00,S008,P130,3,654.4,11.51,USD,1951.6899999999998
TXN_001853,2024-03-15 00:45:00,S019,P266,2,765.88,37.77,USD,1493.99
TXN_001854,2024-03-01 03:36:00,S042,P580,1,500.46,43.45,EUR,457.01
TXN_001855,2024-03-05 02:00:00,S023,P512,1,567.66,12.8,USD,554.86
TXN_001856,2024-03-26 11:11:00,S009,P704,9,988.79,24.31,GBP,8874.800000000001
TXN_001857,2024-03-23 16:51:00,S087,P539,4,1235.32,47.3,GBP,4893.98
TXN_001858,2024-03-28 05:20:00,S005,P039,8,600.24,10.26,GBP,4791.66
TXN_001859,2024-03-06 06:27:00,S014,P575,4,309.99,49.81,GBP,1190.15
TXN_001860,2024-03-12 12:43:00,S023,P028,9,373.75,15.96,USD,3347.79
TXN_001861,2024-03-22 12:32:00,S042,P917,5,1474.1,42.65,GBP,7327.85
TXN_001862,2024-03-22 02:39:00,S037,P742,1,1089.96,45.48,EUR,1044.48
TXN_001863,2024-03-07 17:39:00,S091,P763,4,133.4,42.73,GBP,490.87
TXN_001864,2024-03-19 13:12:00,S039,P591,3,1015.4,5.0,GBP,3041.2
TXN_001865,2024-03-22 00:51:00,S082,P616,7,855.22,37.1,USD,5949.44
TXN_001866,2024-03-13 04:30:00,S064,P760,7,1218.33,36.11,USD,8492.199999999999
TXN_001867,2024-03-10 17:30:00,S067,P596,6,494.27,4.72,EUR,2960.9
TXN_001868,2024-03-30 11:07:00,S042,P433,2,710.98,36.07,USD,1385.89
TXN_001869,2024-03-22 02:32:00,S087,P996,4,1450.2,17.47,GBP,5783.33
TXN_001870,2024-03-12 13:54:00,S080,P431,9,1159.93,41.64,EUR,10397.730000000001
TXN_001871,2024-03-25 23:30:00,S051,P940,8,327.24,28.6,EUR,2589.32
TXN_001872,2024-03-22 06:36:00,S052,P549,6,1148.66,0.24,USD,6891.720000000001
TXN_001873,2024-03-02 23:10:00,S079,P344,1,487.82,46.62,EUR,441.2
TXN_001874,2024-03-08 05:10:00,S035,P253,5,391.79,33.75,USD,1925.2
TXN_001875,2024-03-15 12:37:00,S070,P587,3,214.57,27.77,GBP,615.94
TXN_001876,2024-03-22 06:14:00,S048,P667,4,750.03,18.04,USD,2982.08
TXN_001877,2024-03-01 10:25:00,S039,P015,4,687.31,42.78,EUR,2706.4599999999996
TXN_001878,2024-03-11 02:32:00,S012,P907,4,743.15,12.38,EUR,2960.22
TXN_001879,2024-03-02 16:02:00,S041,P683,2,699.67,17.39,USD,1381.9499999999998
TXN_001880,2024-03-26 09:05:00,S036,P921,7,1309.26,13.38,GBP,9151.44
TXN_001881,2024-03-17 18:17:00,S020,P079,2,686.16,6.96,USD,1365.36
TXN_001882,2024-03-11 14:11:00,S057,P798,4,1200.49,23.1,GBP,4778.86
TXN_001883,2024-03-03 17:46:00,S060,P695,4,903.45,8.31,EUR,3605.4900000000002
TXN_001884,2024-03-25 10:53:00,S045,P787,4,323.63,18.2,EUR,1276.32
TXN_001885,2024-03-29 04:59:00,S079,P270,4,135.58,11.61,GBP,530.71
TXN_001886,2024-03-29 03:43:00,S096,P250,7,951.98,22.89,EUR,6640.97
TXN_001887,2024-03-04 21:58:00,S012,P138,3,795.96,6.74,GBP,2381.1400000000003
TXN_001888,2024-03-19 11:52:00,S075,P995,8,329.15,49.76,EUR,2583.4399999999996
TXN_001889,2024-03-19 04:14:00,S030,P044,6,402.4,19.62,EUR,2394.7799999999997
TXN_001890,2024-03-01 14:34:00,S096,P722,7,100.82,46.75,GBP,658.99
TXN_001891,2024-03-07 12:30:00,S098,P644,5,798.14,8.53,USD,3982.1699999999996
TXN_001892,2024-03-20 23:21:00,S024,P412,6,552.07,49.12,EUR,3263.3
TXN_001893,2024-03-29 09:14:00,S080,P165,9,338.55,34.24,GBP,3012.7100000000005
TXN_001894,2024-03-05 02:16:00,S068,P197,5,1449.97,27.59,GBP,7222.26
TXN_001895,2024-03-26 23:14:00,S093,P740,4,1102.94,30.59,USD,4381.17
TXN_001896,2024-03-16 00:38:00,S076,P050,7,707.72,24.53,EUR,4929.51
TXN_001897,2024-03-15 23:37:00,S028,P837,9,698.88,40.68,GBP,6249.24
TXN_001898,2024-03-03 16:57:00,S025,P367,6,998.73,9.29,GBP,5983.09
TXN_001899,2024-03-01 17:23:00,S008,P459,1,1070.85,17.13,EUR,1053.7199999999998
TXN_001900,2024-03-19 14:16:00,S006,P216,5,733.89,41.5,GBP,3627.95
TXN_001901,2024-03-12 02:36:00,S061,P184,2,601.88,29.27,USD,1174.49
TXN_001902,2024-03-16 22:06:00,S022,P700,1,888.41,47.27,EUR,841.14
TXN_001903,2024-03-29 07:22:00,S004,P390,9,1308.52,24.88,GBP,11751.800000000001
TXN_001904,2024-03-02 18:42:00,S020,P736,4,648.65,7.06,USD,2587.54
TXN_001905,2024-03-15 00:45:00,S080,P515,2,845.91,49.27,EUR,1642.55
TXN_001906,2024-03-01 21:14:00,S041,P379,5,730.24,14.06,GBP,3637.14
TXN_001907,2024-03-20 14:15:00,S009,P203,7,183.7,28.51,EUR,1257.3899999999999
TXN_001908,2024-03-12 12:53:00,S018,P166,3,616.84,4.6,GBP,1845.92
TXN_001909,2024-03-25 15:49:00,S090,P069,8,1041.63,47.33,USD,8285.710000000001
TXN_001910,2024-03-18 06:46:00,S020,P079,2,1358.06,19.13,EUR,2696.99
TXN_001911,2024-03-08 21:28:00,S015,P838,1,83.38,26.99,USD,56.39
TXN_001912,2024-03-02 08:51:00,S061,P164,9,1309.71,44.65,USD,11742.74
TXN_001913,2024-03-16 16:12:00,S085,P422,3,1206.74,18.53,USD,3601.69
TXN_001914,2024-03-08 03:42:00,S008,P341,3,1082.67,12.3,EUR,3235.71
TXN_001915,2024-03-25 05:34:00,S082,P372,7,1385.78,46.44,EUR,9654.019999999999
TXN_001916,2024-03-01 10:43:00,S058,P918,3,241.21,47.94,GBP,675.69
TXN_001917,2024-03-26 06:00:00,S090,P053,2,389.3,42.28,EUR,736.32
TXN_001918,2024-03-05 15:17:00,S024,P499,1,540.05,15.31,EUR,524.74
TXN_001919,2024-03-10 04:30:00,S063,P438,3,576.03,36.4,EUR,1691.6899999999998
TXN_001920,2024-03-17 04:00:00,S060,P550,8,159.16,4.82,EUR,1268.46
TXN_001921,2024-03-25 16:15:00,S088,P874,4,869.37,43.43,USD,3434.05
TXN_001922,2024-03-22 06:09:00,S099,P780,4,120.14,28.47,USD,452.09000000000003
TXN_001923,2024-03-02 12:58:00,S075,P117,4,387.38,3.94,USD,1545.58
TXN_001924,2024-03-24 06:55:00,S086,P596,6,90.69,11.92,USD,532.22
TXN_001925,2024-03-16 09:42:00,S059,P436,7,429.68,7.71,USD,3000.05
TXN_001926,2024-03-19 20:58:00,S070,P465,8,83.88,19.41,EUR,651.63
TXN_001927,2024-03-28 16:10:00,S038,P571,2,265.92,23.51,GBP,508.33000000000004
TXN_001928,2024-03-04 11:35:00,S036,P425,5,966.06,17.0,GBP,4813.299999999999
TXN_001929,2024-03-11 23:09:00,S025,P141,6,632.08,32.24,USD,3760.2400000000007
TXN_001930,2024-03-29 00:04:00,S024,P027,3,381.19,3.4,EUR,1140.1699999999998
TXN_001931,2024-03-22 15:56:00,S082,P452,7,300.61,29.7,EUR,2074.57
TXN_001932,2024-03-23 23:38:00,S056,P922,2,1148.69,5.83,USD,2291.55
TXN_001933,2024-03-27 21:48:00,S096,P203,9,700.02,6.1,EUR,6294.08
TXN_001934,2024-03-01 12:04:00,S057,P189,2,1234.73,10.85,EUR,2458.61
TXN_001935,2024-03-26 01:20:00,S095,P840,8,463.7,33.55,USD,3676.0499999999997
TXN_001936,2024-03-16 05:53:00,S062,P545,6,1168.32,33.53,GBP,6976.39
TXN_001937,2024-03-11 00:37:00,S029,P442,7,246.58,19.51,USD,1706.5500000000002
TXN_001938,2024-03-30 13:12:00,S098,P271,8,1335.76,15.26,GBP,10670.82
TXN_001939,2024-03-10 01:32:00,S014,P661,4,922.11,18.97,USD,3669.4700000000003
TXN_001940,2024-03-02 13:29:00,S070,P236,2,1070.22,44.45,USD,2095.9900000000002
TXN_001941,2024-03-23 01:44:00,S070,P871,1,1306.9,13.17,USD,1293.73
TXN_001942,2024-03-05 18:35:00,S063,P603,5,28.7,42.12,EUR,101.38
TXN_001943,2024-03-30 20:15:00,S047,P114,8,450.78,2.28,EUR,3603.9599999999996
TXN_001944,2024-03-17 20:42:00,S007,P375,2,1190.48,26.41,GBP,2354.55
TXN_001945,2024-03-13 18:44:00,S019,P167,5,953.5,12.33,USD,4755.17
TXN_001946,2024-03-27 16:56:00,S084,P827,8,1483.23,22.74,GBP,11843.1
TXN_001947,2024-03-11 15:38:00,S082,P846,3,966.74,37.81,EUR,2862.4100000000003
TXN_001948,2024-03-05 06:55:00,S098,P965,5,231.07,16.35,EUR,1139.0
TXN_001949,2024-03-12 06:00:00,S059,P820,8,705.43,34.42,USD,5609.0199999999995
TXN_001950,2024-03-15 11:06:00,S002,P249,8,382.25,29.84,GBP,3028.16
TXN_001951,2024-03-16 06:33:00,S037,P957,5,1360.69,33.64,USD,6769.81
TXN_001952,2024-03-08 02:23:00,S046,P489,7,1096.95,24.36,EUR,7654.290000000001
TXN_001953,2024-03-02 05:10:00,S074,P997,2,1249.48,13.99,GBP,2484.9700000000003
TXN_001954,2024-03-08 16:23:00,S071,P493,2,736.04,28.38,USD,1443.6999999999998
TXN_001955,2024-03-21 21:58:00,S026,P697,5,624.19,1.13,GBP,3119.82
TXN_001956,2024-03-19 09:25:00,S030,P475,9,1464.08,35.21,USD,13141.51
TXN_001957,2024-03-30 19:18:00,S054,P972,2,915.37,28.62,EUR,1802.1200000000001
TXN_001958,2024-03-01 09:42:00,S009,P782,5,999.78,3.9,USD,4995.0
TXN_001959,2024-03-23 07:33:00,S004,P943,4,433.88,35.52,USD,1700.0
TXN_001960,2024-03-28 11:27:00,S030,P505,4,631.26,45.29,GBP,2479.75
TXN_001961,2024-03-16 09:47:00,S057,P230,3,272.42,25.2,GBP,792.06
TXN_001962,2024-03-01 20:16:00,S036,P853,2,421.36,11.53,EUR,831.19
TXN_001963,2024-03-10 21:01:00,S027,P657,3,1379.37,12.71,USD,4125.4
TXN_001964,2024-03-08 04:09:00,S007,P469,6,10.42,35.75,USD,26.769999999999996
TXN_001965,2024-03-09 23:48:00,S089,P081,8,1358.04,16.94,EUR,10847.38
TXN_001966,2024-03-10 11:44:00,S054,P098,7,924.05,11.28,EUR,6457.07
TXN_001967,2024-03-04 09:53:00,S073,P595,4,892.3,10.62,USD,3558.58
TXN_001968,2024-03-24 08:41:00,S051,P518,9,1107.82,30.37,USD,9940.009999999998
TXN_001969,2024-03-08 00:18:00,S087,P326,6,343.89,25.41,EUR,2037.93
TXN_001970,2024-03-19 08:19:00,S019,P827,6,1432.98,6.26,GBP,8591.62
TXN_001971,2024-03-29 03:08:00,S021,P546,8,620.7,3.67,USD,4961.93
TXN_001972,2024-03-13 22:16:00,S095,P899,1,330.38,47.1,EUR,283.28
TXN_001973,2024-03-15 12:00:00,S068,P889,5,323.2,34.17,GBP,1581.83
TXN_001974,2024-03-11 17:13:00,S015,P838,5,730.1,17.18,GBP,3633.32
TXN_001975,2024-03-28 19:38:00,S074,P276,4,1344.95,11.37,EUR,5368.43
TXN_001976,2024-03-02 22:28:00,S057,P623,1,349.22,7.11,USD,342.11
TXN_001977,2024-03-03 23:54:00,S055,P845,8,1175.34,7.28,EUR,9395.439999999999
TXN_001978,2024-03-25 21:46:00,S005,P766,5,1230.82,21.82,USD,6132.28
TXN_001979,2024-03-21 00:44:00,S098,P855,3,701.65,18.08,GBP,2086.87
TXN_001980,2024-03-22 14:36:00,S038,P083,6,1449.55,20.83,GBP,8676.47
TXN_001981,2024-03-04 17:57:00,S056,P002,8,149.22,37.65,USD,1156.11
TXN_001982,2024-03-30 03:08:00,S013,P961,6,252.53,11.76,GBP,1503.42
TXN_001983,2024-03-18 23:57:00,S049,P404,3,327.09,8.52,EUR,972.75
TXN_001984,2024-03-18 16:57:00,S087,P249,3,23.74,29.63,EUR,41.59
TXN_001985,2024-03-27 06:10:00,S022,P360,8,579.06,28.01,USD,4604.469999999999
TXN_001986,2024-03-30 07:50:00,S080,P474,5,1280.2,20.51,GBP,6380.49
TXN_001987,2024-03-20 02:18:00,S002,P280,3,171.62,35.55,USD,479.31
TXN_001988,2024-03-04 07:21:00,S041,P914,1,1129.56,37.96,USD,1091.6
TXN_001989,2024-03-24 17:01:00,S031,P241,4,134.53,49.2,EUR,488.92
TXN_001990,2024-03-20 08:06:00,S070,P811,1,673.08,22.4,GBP,650.6800000000001
TXN_001991,2024-03-21 23:50:00,S099,P732,5,140.66,27.22,EUR,676.0799999999999
TXN_001992,2024-03-23 07:20:00,S013,P091,2,1271.31,13.97,GBP,2528.65
TXN_001993,2024-03-06 02:17:00,S046,P068,5,1230.18,23.8,USD,6127.1
TXN_001994,2024-03-08 00:59:00,S077,P369,8,567.82,47.15,USD,4495.410000000001
TXN_001995,2024-03-13 07:57:00,S069,P178,2,1022.01,1.54,USD,2042.48
TXN_001996,2024-03-30 15:58:00,S091,P179,9,834.64,8.72,EUR,7503.04
TXN_001997,2024-03-23 05:34:00,S061,P572,9,127.05,13.39,USD,1130.06
TXN_001998,2024-03-04 20:51:00,S095,P488,3,494.61,32.38,USD,1451.4499999999998
TXN_001999,2024-03-17 07:00:00,S028,P079,7,420.12,4.71,EUR,2936.13
TXN_002000,2024-03-15 21:25:00,S041,P818,1,30.09,11.94,USD,18.15
TXN_002001,2024-03-21 00:24:00,S060,P055,4,566.26,29.32,GBP,2235.72
TXN_002002,2024-03-27 15:20:00,S085,P937,8,955.26,11.98,EUR,7630.1
TXN_002003,2024-03-03 09:20:00,S009,P949,7,477.67,7.22,EUR,3336.4700000000003
TXN_002004,2024-03-07 13:42:00,S085,P583,9,208.99,9.79,USD,1871.1200000000001
TXN_002005,2024-03-13 11:29:00,S084,P884,2,1130.45,46.71,USD,2214.19
TXN_002006,2024-03-28 15:22:00,S084,P556,5,1407.84,8.49,EUR,7030.71
TXN_002007,2024-03-29 12:46:00,S060,P838,9,1305.98,29.59,USD,11724.23
TXN_002008,2024-03-12 01:35:00,S033,P648,1,626.18,18.42,EUR,607.76
TXN_002009,2024-03-18 17:07:00,S085,P651,5,116.49,8.31,GBP,574.14
TXN_002010,2024-03-24 12:55:00,S038,P152,5,236.22,42.73,USD,1138.37
TXN_002011,2024-03-02 03:56:00,S071,P152,9,55.2,28.81,USD,467.99
TXN_002012,2024-03-15 16:01:00,S004,P237,2,240.9,32.15,USD,449.65000000000003
TXN_002013,2024-03-20 03:04:00,S076,P142,9,461.54,29.78,USD,4124.080000000001
TXN_002014,2024-03-30 09:35:00,S087,P245,9,724.05,22.84,EUR,6493.61
TXN_002015,2024-03-25 10:26:00,S065,P214,3,551.76,16.6,GBP,1638.68
TXN_002016,2024-03-20 12:50:00,S085,P030,8,636.18,21.53,USD,5067.91
TXN_002017,2024-03-28 06:09:00,S053,P490,2,481.66,10.31,GBP,953.0100000000001
TXN_002018,2024-03-10 17:55:00,S058,P826,6,78.86,36.18,USD,436.97999999999996
TXN_002019,2024-03-12 14:14:00,S022,P830,7,182.09,17.66,USD,1256.97
TXN_002020,2024-03-27 13:42:00,S087,P937,8,1038.56,31.25,EUR,8277.23
TXN_002021,2024-03-11 17:01:00,S054,P152,6,316.51,21.17,USD,1877.8899999999999
TXN_002022,2024-03-18 21:35:00,S067,P391,8,1006.43,27.2,USD,8024.24
TXN_002023,2024-03-10 03:11:00,S031,P861,5,456.87,9.75,GBP,2274.6
TXN_002024,2024-03-09 20:58:00,S080,P610,1,628.03,43.04,USD,584.99
TXN_002025,2024-03-29 19:54:00,S031,P271,9,1134.28,48.35,EUR,10160.17
TXN_002026,2024-03-25 23:55:00,S004,P900,7,1428.87,47.39,GBP,9954.7
TXN_002027,2024-03-06 17:11:00,S037,P072,5,973.24,41.64,USD,4824.5599999999995
TXN_002028,2024-03-05 05:52:00,S055,P706,2,1076.85,22.9,EUR,2130.7999999999997
TXN_002029,2024-03-16 14:10:00,S099,P156,3,737.49,13.29,USD,2199.1800000000003
TXN_002030,2024-03-19 19:56:00,S074,P654,7,927.28,23.22,USD,6467.74
TXN_002031,2024-03-04 07:49:00,S030,P487,1,649.3,25.05,EUR,624.25
TXN_002032,2024-03-17 19:03:00,S078,P039,4,1311.87,13.66,GBP,5233.82
TXN_002033,2024-03-19 18:11:00,S095,P753,7,786.41,15.64,USD,5489.23
TXN_002034,2024-03-02 18:29:00,S004,P236,3,68.0,19.62,GBP,184.38
TXN_002035,2024-03-29 02:52:00,S065,P891,3,171.03,29.55,EUR,483.54
TXN_002036,2024-03-11 15:19:00,S066,P478,1,1457.05,8.84,EUR,1448.21
TXN_002037,2024-03-29 16:49:00,S015,P415,4,950.31,11.39,GBP,3789.85
TXN_002038,2024-03-12 13:22:00,S028,P920,4,1263.87,19.35,GBP,5036.129999999999
TXN_002039,2024-03-18 11:23:00,S069,P607,9,1117.44,17.27,GBP,10039.69
TXN_002040,2024-03-24 13:18:00,S085,P386,6,368.59,14.32,GBP,2197.22
TXN_002041,2024-03-24 15:21:00,S022,P070,9,528.3,22.22,USD,4732.48
TXN_002042,2024-03-13 04:14:00,S006,P264,6,1014.91,11.89,EUR,6077.57
TXN_002043,2024-03-15 03:42:00,S046,P380,4,227.82,25.53,GBP,885.75
TXN_002044,2024-03-05 00:27:00,S030,P611,1,1036.99,17.62,GBP,1019.37
TXN_002045,2024-03-26 16:03:00,S068,P803,2,561.18,30.81,GBP,1091.55
TXN_002046,2024-03-17 22:57:00,S009,P950,1,1035.04,4.72,EUR,1030.32
TXN_002047,2024-03-17 00:39:00,S091,P732,6,702.34,31.49,EUR,4182.55
TXN_002048,2024-03-27 04:41:00,S060,P643,5,603.89,27.31,GBP,2992.14
TXN_002049,2024-03-28 11:06:00,S032,P874,5,1145.81,1.9,EUR,5727.15
TXN_002050,2024-03-16 09:38:00,S007,P576,7,658.95,2.85,GBP,4609.8
TXN_002051,2024-03-25 03:20:00,S046,P674,1,1274.61,6.2,USD,1268.4099999999999
TXN_002052,2024-03-17 10:16:00,S085,P765,8,823.28,39.18,EUR,6547.0599999999995
TXN_002053,2024-03-13 21:22:00,S017,P076,2,911.45,22.44,GBP,1800.46
TXN_002054,2024-03-27 03:07:00,S019,P943,2,482.17,42.94,USD,921.4000000000001
TXN_002055,2024-03-30 06:20:00,S080,P911,3,1064.89,31.57,USD,3163.1
TXN_002056,2024-03-18 08:19:00,S097,P501,5,1405.62,44.3,USD,6983.799999999999
TXN_002057,2024-03-05 18:12:00,S037,P279,8,195.52,45.82,EUR,1518.3400000000001
TXN_002058,2024-03-24 20:44:00,S023,P682,4,1188.85,32.72,GBP,4722.679999999999
TXN_002059,2024-03-24 18:00:00,S007,P944,5,1006.14,33.7,USD,4997.0
TXN_002060,2024-03-10 12:46:00,S048,P392,4,73.95,27.38,GBP,268.42
TXN_002061,2024-03-26 16:53:00,S080,P215,2,1364.77,20.59,USD,2708.95
TXN_002062,2024-03-29 08:35:00,S022,P222,8,1173.34,41.24,EUR,9345.48
TXN_002063,2024-03-05 01:19:00,S016,P477,3,1343.65,16.25,USD,4014.7000000000003
TXN_002064,2024-03-02 01:54:00,S060,P230,5,529.65,3.04,USD,2645.21
TXN_002065,2024-03-01 14:41:00,S072,P246,6,1283.4,1.04,EUR,7699.360000000001
TXN_002066,2024-03-29 09:25:00,S004,P014,5,661.69,43.47,GBP,3264.9800000000005
TXN_002067,2024-03-05 16:30:00,S100,P084,3,1468.29,28.8,USD,4376.07
TXN_002068,2024-03-04 02:52:00,S018,P915,2,1406.33,48.44,EUR,2764.22
TXN_002069,2024-03-02 01:34:00,S015,P436,3,767.06,32.46,GBP,2268.72
TXN_002070,2024-03-11 11:03:00,S017,P224,1,60.39,7.02,USD,53.370000000000005
TXN_002071,2024-03-23 13:14:00,S062,P366,8,181.76,38.47,GBP,1415.61
TXN_002072,2024-03-26 15:57:00,S040,P887,3,1439.73,26.08,EUR,4293.110000000001
TXN_002073,2024-03-30 22:06:00,S047,P284,8,128.46,1.44,GBP,1026.24
TXN_002074,2024-03-22 04:20:00,S029,P049,4,1300.79,46.67,GBP,5156.49
TXN_002075,2024-03-26 06:24:00,S058,P827,4,232.65,36.68,EUR,893.9200000000001
TXN_002076,2024-03-29 23:37:00,S064,P228,5,905.53,1.87,GBP,4525.78
TXN_002077,2024-03-30 07:18:00,S020,P093,8,505.81,21.23,USD,4025.25
TXN_002078,2024-03-07 19:15:00,S060,P797,3,662.01,10.44,USD,1975.59
TXN_002079,2024-03-09 15:38:00,S076,P847,5,1115.84,40.14,USD,5539.0599999999995
TXN_002080,2024-03-27 17:35:00,S079,P816,6,1134.07,6.72,GBP,6797.7
TXN_002081,2024-03-28 21:24:00,S080,P402,8,343.79,43.09,GBP,2707.23
TXN_002082,2024-03-27 14:31:00,S036,P795,5,516.35,33.8,GBP,2547.95
TXN_002083,2024-03-24 22:47:00,S091,P884,2,1167.83,35.08,EUR,2300.58
TXN_002084,2024-03-08 23:32:00,S016,P348,1,1231.22,18.76,GBP,1212.46
TXN_002085,2024-03-12 22:05:00,S093,P225,5,233.02,24.26,GBP,1140.8400000000001
TXN_002086,2024-03-29 01:50:00,S097,P954,5,1311.2,2.87,EUR,6553.13
TXN_002087,2024-03-15 20:55:00,S033,P314,6,57.12,41.44,EUR,301.28
TXN_002088,2024-03-06 18:04:00,S091,P255,2,579.62,28.79,USD,1130.45
TXN_002089,2024-03-15 13:04:00,S041,P903,2,1104.44,14.39,EUR,2194.4900000000002
TXN_002090,2024-03-30 08:35:00,S086,P861,2,416.17,6.89,USD,825.45
TXN_002091,2024-03-22 23:32:00,S064,P219,1,1348.0,8.53,GBP,1339.47
TXN_002092,2024-03-13 20:39:00,S077,P647,7,1481.99,7.18,GBP,10366.75
TXN_002093,2024-03-27 03:04:00,S089,P611,4,1154.14,31.36,GBP,4585.200000000001
TXN_002094,2024-03-07 18:27:00,S089,P081,2,837.57,16.43,USD,1658.71
TXN_002095,2024-03-12 18:52:00,S013,P150,7,1369.17,22.56,EUR,9561.630000000001
TXN_002096,2024-03-05 23:21:00,S034,P197,9,22.08,17.61,GBP,181.10999999999996
TXN_002097,2024-03-29 23:16:00,S069,P356,6,1119.67,6.42,USD,6711.6
TXN_002098,2024-03-28 07:21:00,S038,P697,1,761.74,15.59,USD,746.15
TXN_002099,2024-03-04 12:50:00,S057,P053,7,373.56,11.43,GBP,2603.4900000000002
TXN_002100,2024-03-17 04:23:00,S073,P793,1,180.65,8.53,GBP,172.12
TXN_002101,2024-03-30 17:36:00,S068,P746,1,1013.44,31.18,GBP,982.2600000000001
TXN_002102,2024-03-25 09:38:00,S025,P592,9,37.26,33.07,USD,302.27
TXN_002103,2024-03-25 22:28:00,S007,P281,8,84.4,22.97,EUR,652.23
TXN_002104,2024-03-09 00:33:00,S077,P938,1,301.93,25.39,GBP,276.54
TXN_002105,2024-03-18 03:44:00,S044,P161,3,885.5,7.86,USD,2648.64
TXN_002106,2024-03-13 14:14:00,S089,P420,4,589.61,39.9,EUR,2318.54
TXN_002107,2024-03-12 17:28:00,S048,P722,1,487.61,32.28,EUR,455.33000000000004
TXN_002108,2024-03-29 19:36:00,S100,P435,1,1448.37,14.05,USD,1434.32
TXN_002109,2024-03-17 05:29:00,S050,P801,2,561.4,48.97,GBP,1073.83
TXN_002110,2024-03-21 02:15:00,S080,P564,1,261.02,38.82,USD,222.2
TXN_002111,2024-03-18 02:42:00,S002,P418,7,700.86,3.72,USD,4902.3
TXN_002112,2024-03-22 08:06:00,S040,P642,9,412.96,32.89,USD,3683.75
TXN_002113,2024-03-28 15:36:00,S071,P595,9,478.38,36.59,GBP,4268.83
TXN_002114,2024-03-21 10:30:00,S093,P026,7,1372.44,12.68,USD,9594.4
TXN_002115,2024-03-13 04:16:00,S095,P041,6,1343.47,16.78,EUR,8044.04
TXN_002116,2024-03-03 04:51:00,S029,P227,6,203.08,49.07,GBP,1169.41
TXN_002117,2024-03-11 10:31:00,S090,P693,1,1428.48,45.67,GBP,1382.81
TXN_002118,2024-03-23 22:10:00,S046,P739,4,1387.6,2.42,GBP,5547.98
TXN_002119,2024-03-04 09:44:00,S002,P439,2,113.49,5.77,GBP,221.20999999999998
TXN_002120,2024-03-10 02:10:00,S096,P692,1,270.61,43.39,USD,227.22000000000003
TXN_002121,2024-03-08 01:25:00,S072,P729,4,947.0,31.95,EUR,3756.05
TXN_002122,2024-03-23 07:40:00,S037,P661,9,1134.0,31.32,GBP,10174.68
TXN_002123,2024-03-15 20:15:00,S053,P855,4,750.32,28.68,GBP,2972.6000000000004
TXN_002124,2024-03-26 15:17:00,S089,P283,9,1148.43,7.38,EUR,10328.490000000002
TXN_002125,2024-03-28 01:20:00,S078,P029,6,1059.72,17.51,EUR,6340.8099999999995
TXN_002126,2024-03-26 08:59:00,S066,P731,2,410.01,33.01,USD,787.01
TXN_002127,2024-03-25 04:53:00,S029,P021,3,130.38,37.0,USD,354.14
TXN_002128,2024-03-07 19:51:00,S047,P038,2,1407.11,16.39,EUR,2797.83
TXN_002129,2024-03-28 04:28:00,S033,P006,7,702.68,1.04,EUR,4917.719999999999
TXN_002130,2024-03-28 09:59:00,S024,P960,5,735.9,32.07,USD,3647.43
TXN_002131,2024-03-17 21:44:00,S081,P576,7,455.27,43.71,EUR,3143.18
TXN_002132,2024-03-25 17:34:00,S051,P355,9,56.71,21.91,GBP,488.47999999999996
TXN_002133,2024-03-21 04:49:00,S086,P953,3,630.04,35.19,EUR,1854.9299999999998
TXN_002134,2024-03-16 23:51:00,S083,P408,5,1265.24,43.21,EUR,6282.99
TXN_002135,2024-03-23 05:47:00,S050,P259,2,1473.59,17.24,EUR,2929.94
TXN_002136,2024-03-03 18:01:00,S051,P481,9,1033.04,34.25,GBP,9263.11
TXN_002137,2024-03-12 14:09:00,S059,P042,6,639.44,39.82,USD,3796.82
TXN_002138,2024-03-08 13:52:00,S023,P938,1,1175.3,24.25,EUR,1151.05
TXN_002139,2024-03-05 12:41:00,S039,P870,7,1096.65,18.42,USD,7658.130000000001
TXN_002140,2024-03-02 02:26:00,S025,P458,1,1248.48,22.57,USD,1225.91
TXN_002141,2024-03-19 00:00:00,S003,P087,1,1312.36,19.82,GBP,1292.54
TXN_002142,2024-03-08 03:19:00,S051,P769,7,853.56,4.25,USD,5970.67
TXN_002143,2024-03-21 03:01:00,S052,P261,7,1002.86,17.01,USD,7003.01
TXN_002144,2024-03-27 07:20:00,S077,P285,1,1216.59,33.8,EUR,1182.79
TXN_002145,2024-03-28 07:46:00,S066,P644,4,664.86,49.25,GBP,2610.19
TXN_002146,2024-03-06 07:58:00,S016,P038,1,269.45,36.6,GBP,232.85
TXN_002147,2024-03-16 21:58:00,S041,P313,3,531.52,43.29,GBP,1551.27
TXN_002148,2024-03-03 03:59:00,S015,P514,5,767.36,13.46,GBP,3823.34
TXN_002149,2024-03-24 03:42:00,S092,P241,9,715.16,28.82,USD,6407.62
TXN_002150,2024-03-07 12:11:00,S091,P883,6,74.9,22.06,USD,427.34000000000003
TXN_002151,2024-03-27 07:07:00,S025,P390,5,1186.95,49.92,GBP,5884.83
TXN_002152,2024-03-11 18:10:00,S091,P696,6,354.33,28.38,USD,2097.6
TXN_002153,2024-03-04 10:23:00,S005,P506,5,1307.96,41.92,USD,6497.88
TXN_002154,2024-03-06 10:02:00,S067,P646,9,924.31,20.63,USD,8298.16
TXN_002155,2024-03-13 20:46:00,S035,P135,2,863.65,0.23,EUR,1727.07
TXN_002156,2024-03-15 00:48:00,S067,P985,6,973.97,45.29,EUR,5798.53
TXN_002157,2024-03-05 03:14:00,S027,P143,7,1292.96,14.85,USD,9035.87
TXN_002158,2024-03-22 06:45:00,S086,P663,9,1117.95,9.04,USD,10052.51
TXN_002159,2024-03-14 17:21:00,S027,P713,1,69.96,21.35,USD,48.60999999999999
TXN_002160,2024-03-21 12:55:00,S042,P049,2,37.06,45.49,EUR,28.630000000000003
TXN_002161,2024-03-19 06:02:00,S010,P227,9,1383.38,16.7,USD,12433.720000000001
TXN_002162,2024-03-05 16:07:00,S016,P159,2,772.43,45.88,GBP,1498.9799999999998
TXN_002163,2024-03-04 04:24:00,S018,P055,8,1026.52,15.31,EUR,8196.85
TXN_002164,2024-03-20 12:36:00,S036,P352,2,887.05,2.37,GBP,1771.73
TXN_002165,2024-03-13 13:28:00,S068,P365,3,1319.38,20.06,EUR,3938.0800000000004
TXN_002166,2024-03-16 08:52:00,S070,P541,5,68.81,30.99,GBP,313.06
TXN_002167,2024-03-22 04:31:00,S030,P130,5,685.89,18.36,USD,3411.0899999999997
TXN_002168,2024-03-12 14:24:00,S029,P327,6,1344.89,3.02,EUR,8066.32
TXN_002169,2024-03-07 22:54:00,S055,P733,3,724.93,29.35,GBP,2145.44
TXN_002170,2024-03-26 18:52:00,S057,P681,2,736.82,39.39,GBP,1434.25
TXN_002171,2024-03-13 17:03:00,S089,P726,8,1431.77,3.27,EUR,11450.89
TXN_002172,2024-03-03 14:45:00,S040,P186,2,1144.55,2.57,USD,2286.5299999999997
TXN_002173,2024-03-11 06:14:00,S051,P458,5,638.51,30.04,EUR,3162.51
TXN_002174,2024-03-15 18:39:00,S009,P308,3,780.87,43.46,USD,2299.15
TXN_002175,2024-03-29 05:07:00,S010,P844,4,145.04,25.32,USD,554.8399999999999
TXN_002176,2024-03-06 20:41:00,S052,P116,8,373.48,11.18,GBP,2976.6600000000003
TXN_002177,2024-03-07 15:01:00,S078,P265,7,884.32,40.86,EUR,6149.380000000001
TXN_002178,2024-03-24 04:07:00,S080,P064,2,367.7,25.62,GBP,709.78
TXN_002179,2024-03-18 09:03:00,S075,P642,1,199.5,26.06,EUR,173.44
TXN_002180,2024-03-20 16:52:00,S049,P864,1,329.74,45.72,EUR,284.02
TXN_002181,2024-03-22 23:27:00,S001,P381,7,308.09,0.08,USD,2156.5499999999997
TXN_002182,2024-03-06 11:05:00,S033,P534,5,1120.17,15.51,GBP,5585.34
TXN_002183,2024-03-04 17:42:00,S015,P984,3,917.8,5.6,EUR,2747.7999999999997
TXN_002184,2024-03-09 16:47:00,S025,P382,9,1302.05,0.77,USD,11717.679999999998
TXN_002185,2024-03-12 19:47:00,S055,P386,1,1088.51,18.19,EUR,1070.32
TXN_002186,2024-03-02 03:39:00,S050,P427,4,695.57,6.97,EUR,2775.3100000000004
TXN_002187,2024-03-08 05:20:00,S021,P799,1,921.59,48.21,EUR,873.38
TXN_002188,2024-03-02 21:08:00,S097,P130,3,1357.79,49.23,USD,4024.14
TXN_002189,2024-03-09 13:07:00,S018,P651,4,1471.73,21.33,EUR,5865.59
TXN_002190,2024-03-20 18:59:00,S074,P814,4,389.75,0.56,EUR,1558.44
TXN_002191,2024-03-22 19:20:00,S007,P212,9,1158.79,23.79,USD,10405.32
TXN_002192,2024-03-16 08:58:00,S050,P382,9,716.48,23.14,GBP,6425.179999999999
TXN_002193,2024-03-27 23:42:00,S030,P393,7,1014.57,12.17,GBP,7089.820000000001
TXN_002194,2024-03-19 13:55:00,S054,P577,6,76.34,8.66,EUR,449.38
TXN_002195,2024-03-03 23:12:00,S096,P200,3,518.68,8.66,GBP,1547.3799999999999
TXN_002196,2024-03-18 07:35:00,S065,P093,4,470.91,26.62,EUR,1857.0200000000002
TXN_002197,2024-03-15 15:20:00,S027,P651,6,1394.02,27.03,GBP,8337.089999999998
TXN_002198,2024-03-07 23:44:00,S049,P656,1,1190.77,41.38,EUR,1149.3899999999999
TXN_002199,2024-03-05 16:50:00,S086,P382,9,610.87,10.73,GBP,5487.1
TXN_002200,2024-03-24 20:13:00,S052,P616,4,1187.83,48.19,USD,4703.13
TXN_002201,2024-03-16 19:06:00,S052,P186,8,1480.74,49.27,EUR,11796.65
TXN_002202,2024-03-18 03:18:00,S056,P304,5,1361.82,45.17,GBP,6763.929999999999
TXN_002203,2024-03-03 16:57:00,S088,P311,5,1359.5,27.06,EUR,6770.44
TXN_002204,2024-03-04 06:20:00,S096,P210,2,1178.64,47.96,USD,2309.32
TXN_002205,2024-03-30 06:33:00,S048,P613,9,839.11,18.55,GBP,7533.44
TXN_002206,2024-03-09 03:18:00,S064,P495,2,702.02,7.94,EUR,1396.1
TXN_002207,2024-03-18 08:15:00,S059,P288,6,420.8,41.49,USD,2483.3100000000004
TXN_002208,2024-03-13 12:36:00,S096,P693,1,350.96,15.78,EUR,335.18
TXN_002209,2024-03-13 10:00:00,S060,P242,4,89.29,45.8,USD,311.36
TXN_002210,2024-03-10 11:48:00,S078,P713,4,412.45,14.92,EUR,1634.8799999999999
TXN_002211,2024-03-24 01:27:00,S088,P533,8,1145.26,7.75,GBP,9154.33
TXN_002212,2024-03-05 15:14:00,S016,P785,8,460.21,42.4,EUR,3639.2799999999997
TXN_002213,2024-03-26 21:01:00,S046,P976,9,1069.13,23.78,USD,9598.390000000001
TXN_002214,2024-03-16 20:48:00,S073,P365,3,970.83,34.27,USD,2878.2200000000003
TXN_002215,2024-03-04 17:24:00,S037,P025,3,1235.58,46.62,EUR,3660.12
TXN_002216,2024-03-07 22:48:00,S011,P471,8,911.87,38.97,GBP,7255.99
TXN_002217,2024-03-19 09:23:00,S032,P981,6,1360.0,2.38,USD,8157.62
TXN_002218,2024-03-16 22:49:00,S011,P770,3,936.39,13.18,USD,2795.9900000000002
TXN_002219,2024-03-23 10:10:00,S040,P336,9,1013.23,24.27,GBP,9094.8
TXN_002220,2024-03-01 12:01:00,S049,P346,9,77.24,12.57,USD,682.5899999999999
TXN_002221,2024-03-15 14:42:00,S077,P158,7,605.12,25.27,GBP,4210.57
TXN_002222,2024-03-28 03:33:00,S026,P853,3,1060.92,12.32,USD,3170.44
TXN_002223,2024-03-15 19:18:00,S028,P324,3,1431.9,4.56,GBP,4291.14
TXN_002224,2024-03-08 12:51:00,S034,P764,8,520.27,30.01,GBP,4132.15
TXN_002225,2024-03-09 14:44:00,S026,P887,1,1234.2,27.53,USD,1206.67
TXN_002226,2024-03-06 18:26:00,S079,P732,6,279.8,36.35,GBP,1642.4500000000003
TXN_002227,2024-03-03 12:28:00,S099,P751,8,804.06,28.48,USD,6404.0
TXN_002228,2024-03-03 19:24:00,S042,P509,9,1143.65,44.78,GBP,10248.07
TXN_002229,2024-03-16 21:02:00,S077,P572,1,1344.97,7.49,GBP,1337.48
TXN_002230,2024-03-13 10:10:00,S057,P427,3,648.68,24.59,USD,1921.45
TXN_002231,2024-03-01 16:20:00,S051,P092,7,133.48,29.03,USD,905.3299999999999
TXN_002232,2024-03-22 00:07:00,S042,P380,7,1078.08,41.66,EUR,7504.9
TXN_002233,2024-03-25 04:23:00,S050,P459,8,390.13,39.97,GBP,3081.07
TXN_002234,2024-03-15 22:38:00,S018,P060,1,1225.41,34.21,EUR,1191.2
TXN_002235,2024-03-07 16:52:00,S093,P038,8,963.05,19.3,USD,7685.099999999999
TXN_002236,2024-03-13 03:54:00,S053,P969,7,797.5,42.86,GBP,5539.64
TXN_002237,2024-03-19 23:54:00,S029,P420,8,1434.15,6.35,GBP,11466.85
TXN_002238,2024-03-19 15:45:00,S025,P368,4,159.13,28.3,GBP,608.22
TXN_002239,2024-03-21 04:35:00,S072,P066,6,119.51,28.63,GBP,688.4300000000001
TXN_002240,2024-03-19 02:02:00,S011,P210,9,1362.03,6.87,GBP,12251.4
TXN_002241,2024-03-26 08:05:00,S032,P300,2,142.61,3.74,GBP,281.48
TXN_002242,2024-03-07 04:37:00,S071,P273,9,246.27,39.17,EUR,2177.26
TXN_002243,2024-03-04 00:47:00,S096,P190,9,433.67,48.25,EUR,3854.78
TXN_002244,2024-03-12 05:49:00,S021,P777,5,1243.3,24.17,EUR,6192.33
TXN_002245,2024-03-07 13:20:00,S081,P885,5,376.69,41.34,USD,1842.1100000000001
TXN_002246,2024-03-06 21:26:00,S064,P446,2,836.32,6.86,GBP,1665.7800000000002
TXN_002247,2024-03-07 05:06:00,S020,P436,5,206.28,35.04,GBP,996.3600000000001
TXN_002248,2024-03-15 00:02:00,S050,P342,5,1309.22,12.81,USD,6533.29
TXN_002249,2024-03-13 01:37:00,S097,P203,3,470.42,0.95,EUR,1410.31
TXN_002250,2024-03-25 00:58:00,S051,P994,3,213.21,48.4,EUR,591.23
TXN_002251,2024-03-02 07:37:00,S043,P066,1,375.17,49.6,GBP,325.57
TXN_002252,2024-03-03 05:29:00,S028,P798,6,422.13,39.14,GBP,2493.64
TXN_002253,2024-03-22 20:30:00,S052,P645,3,766.52,12.06,EUR,2287.5
TXN_002254,2024-03-04 02:13:00,S013,P491,1,324.58,36.09,GBP,288.49
TXN_002255,2024-03-25 07:21:00,S076,P100,7,592.32,44.52,USD,4101.72
TXN_002256,2024-03-29 13:29:00,S017,P533,1,629.23,22.44,EUR,606.79
TXN_002257,2024-03-13 18:32:00,S074,P396,3,472.29,4.17,EUR,1412.7
TXN_002258,2024-03-18 19:25:00,S002,P968,9,1001.31,36.81,EUR,8974.98
TXN_002259,2024-03-10 16:43:00,S007,P547,9,999.95,38.69,GBP,8960.86
TXN_002260,2024-03-12 15:20:00,S043,P855,6,509.1,10.96,EUR,3043.6400000000003
TXN_002261,2024-03-21 23:37:00,S083,P155,9,76.2,6.5,USD,679.3000000000001
TXN_002262,2024-03-30 07:11:00,S080,P571,1,58.87,8.64,EUR,50.23
TXN_002263,2024-03-24 13:44:00,S027,P246,3,1084.07,30.41,GBP,3221.8
TXN_002264,2024-03-18 05:58:00,S092,P728,7,348.8,19.48,GBP,2422.12
TXN_002265,2024-03-16 08:01:00,S032,P190,7,1190.25,9.96,EUR,8321.79
TXN_002266,2024-03-20 05:09:00,S063,P906,4,520.04,19.74,EUR,2060.42
TXN_002267,2024-03-16 05:17:00,S091,P485,9,1232.89,45.1,GBP,11050.91
TXN_002268,2024-03-17 04:02:00,S026,P769,3,15.57,7.96,GBP,38.75
TXN_002269,2024-03-05 13:14:00,S053,P886,7,146.54,24.04,GBP,1001.74
TXN_002270,2024-03-05 22:31:00,S070,P670,3,663.34,34.33,GBP,1955.69
TXN_002271,2024-03-03 02:38:00,S032,P837,3,1040.92,42.4,GBP,3080.36
TXN_002272,2024-03-14 16:52:00,S095,P010,4,174.16,27.12,GBP,669.52
TXN_002273,2024-03-01 16:47:00,S011,P940,4,187.07,30.0,EUR,718.28
TXN_002274,2024-03-06 09:15:00,S035,P224,5,1066.68,26.38,USD,5307.02
TXN_002275,2024-03-30 11:48:00,S051,P323,5,481.96,44.92,EUR,2364.8799999999997
TXN_002276,2024-03-03 10:38:00,S095,P032,8,1423.25,48.66,EUR,11337.34
TXN_002277,2024-03-23 22:29:00,S025,P214,4,363.83,27.81,GBP,1427.51
TXN_002278,2024-03-25 06:24:00,S014,P399,7,826.25,48.42,USD,5735.33
TXN_002279,2024-03-11 23:39:00,S054,P388,2,630.65,5.16,USD,1256.1399999999999
TXN_002280,2024-03-01 07:22:00,S083,P564,9,344.57,27.79,GBP,3073.34
TXN_002281,2024-03-02 10:22:00,S028,P533,6,1403.34,27.01,EUR,8393.029999999999
TXN_002282,2024-03-25 00:21:00,S047,P700,4,785.29,33.25,USD,3107.91
TXN_002283,2024-03-16 01:57:00,S050,P552,1,1303.97,48.3,USD,1255.67
TXN_002284,2024-03-11 09:52:00,S011,P239,6,1154.8,5.41,EUR,6923.389999999999
TXN_002285,2024-03-08 04:00:00,S050,P268,4,1357.27,42.55,EUR,5386.53
TXN_002286,2024-03-18 23:16:00,S089,P810,6,643.82,29.89,EUR,3833.03
TXN_002287,2024-03-18 12:18:00,S093,P193,2,349.07,5.5,GBP,692.64
TXN_002288,2024-03-01 02:57:00,S045,P889,2,883.78,31.09,USD,1736.47
TXN_002289,2024-03-18 09:09:00,S098,P220,8,150.56,25.83,EUR,1178.65
TXN_002290,2024-03-03 16:01:00,S080,P408,4,219.98,23.9,USD,856.02
TXN_002291,2024-03-24 15:03:00,S076,P335,7,1224.66,10.24,GBP,8562.380000000001
TXN_002292,2024-03-15 08:36:00,S084,P696,8,1317.64,33.44,GBP,10507.68
TXN_002293,2024-03-14 23:43:00,S036,P021,2,594.71,18.64,EUR,1170.78
TXN_002294,2024-03-26 07:21:00,S043,P445,4,943.81,10.6,GBP,3764.64
TXN_002295,2024-03-12 06:02:00,S008,P340,2,847.32,8.63,EUR,1686.01
TXN_002296,2024-03-23 19:24:00,S096,P531,9,144.23,27.49,EUR,1270.58
TXN_002297,2024-03-15 02:18:00,S061,P332,4,695.83,47.41,GBP,2735.9100000000003
TXN_002298,2024-03-27 05:37:00,S096,P975,8,1085.5,48.97,EUR,8635.03
TXN_002299,2024-03-15 05:48:00,S068,P594,8,1447.01,49.28,EUR,11526.8
TXN_002300,2024-03-21 09:34:00,S039,P952,2,1333.48,27.63,EUR,2639.33
TXN_002301,2024-03-30 22:40:00,S001,P723,8,1304.91,0.78,GBP,10438.5
TXN_002302,2024-03-06 13:43:00,S074,P858,1,1232.05,2.91,GBP,1229.1399999999999
TXN_002303,2024-03-05 13:14:00,S008,P243,9,1114.98,2.95,USD,10031.869999999999
TXN_002304,2024-03-02 00:40:00,S052,P162,6,511.04,26.53,EUR,3039.71
TXN_002305,2024-03-11 05:30:00,S052,P212,6,364.53,46.01,GBP,2141.1699999999996
TXN_002306,2024-03-14 13:27:00,S002,P396,5,1041.67,47.0,EUR,5161.35
TXN_002307,2024-03-26 03:56:00,S033,P578,9,70.0,46.62,EUR,583.38
TXN_002308,2024-03-12 00:15:00,S002,P602,6,1393.82,36.38,USD,8326.54
TXN_002309,2024-03-17 09:11:00,S024,P907,2,253.9,4.16,USD,503.64
TXN_002310,2024-03-25 19:39:00,S081,P427,3,1195.06,25.06,EUR,3560.12
TXN_002311,2024-03-19 16:52:00,S051,P966,1,1485.92,34.72,USD,1451.2
TXN_002312,2024-03-29 14:34:00,S029,P080,9,781.85,32.66,EUR,7003.990000000001
TXN_002313,2024-03-26 23:49:00,S038,P309,4,1229.72,28.5,USD,4890.38
TXN_002314,2024-03-20 10:01:00,S014,P348,9,419.5,3.2,EUR,3772.3
TXN_002315,2024-03-24 07:05:00,S085,P299,9,465.27,28.2,USD,4159.2300000000005
TXN_002316,2024-03-10 08:53:00,S066,P684,8,494.08,18.3,GBP,3934.3399999999997
TXN_002317,2024-03-23 02:48:00,S028,P402,7,1386.93,7.14,EUR,9701.37
TXN_002318,2024-03-15 02:23:00,S012,P310,8,1191.79,23.54,EUR,9510.779999999999
TXN_002319,2024-03-29 08:48:00,S100,P577,1,1318.02,2.17,GBP,1315.85
TXN_002320,2024-03-23 06:29:00,S094,P824,4,205.46,12.22,EUR,809.62
TXN_002321,2024-03-13 17:59:00,S071,P507,7,560.56,13.37,USD,3910.5499999999997
TXN_002322,2024-03-24 01:15:00,S083,P084,6,1334.11,29.44,USD,7975.22
TXN_002323,2024-03-02 22:09:00,S070,P184,8,136.41,22.01,EUR,1069.27
TXN_002324,2024-03-19 23:50:00,S061,P801,9,46.67,45.05,USD,374.98
TXN_002325,2024-03-17 16:03:00,S062,P269,3,410.73,12.87,USD,1219.3200000000002
TXN_002326,2024-03-14 10:19:00,S053,P198,4,313.61,2.0,EUR,1252.44
TXN_002327,2024-03-01 23:07:00,S070,P908,6,1009.75,14.65,GBP,6043.85
TXN_002328,2024-03-08 20:53:00,S054,P992,5,1327.29,36.34,USD,6600.11
TXN_002329,2024-03-22 18:23:00,S020,P236,3,630.45,12.78,GBP,1878.5700000000002
TXN_002330,2024-03-06 12:12:00,S049,P073,7,497.54,7.28,EUR,3475.5
TXN_002331,2024-03-17 13:29:00,S087,P760,6,824.79,40.8,USD,4907.94
TXN_002332,2024-03-24 20:47:00,S017,P762,1,440.42,7.15,GBP,433.27000000000004
TXN_002333,2024-03-19 13:55:00,S014,P847,8,1416.47,38.81,GBP,11292.95
TXN_002334,2024-03-25 15:28:00,S048,P790,8,955.89,11.44,EUR,7635.68
TXN_002335,2024-03-12 23:07:00,S085,P717,6,132.55,43.53,USD,751.7700000000001
TXN_002336,2024-03-19 01:38:00,S006,P354,4,1483.78,48.11,EUR,5887.01
TXN_002337,2024-03-13 07:46:00,S014,P452,5,502.79,15.04,GBP,2498.9100000000003
TXN_002338,2024-03-30 23:23:00,S079,P766,6,307.11,29.56,GBP,1813.1000000000001
TXN_002339,2024-03-14 09:28:00,S025,P337,3,1332.55,2.56,GBP,3995.0899999999997
TXN_002340,2024-03-10 13:40:00,S039,P062,5,1295.62,13.93,USD,6464.169999999999
TXN_002341,2024-03-05 03:05:00,S048,P840,6,182.55,16.79,EUR,1078.5100000000002
TXN_002342,2024-03-12 22:23:00,S052,P882,3,917.28,9.52,EUR,2742.32
TXN_002343,2024-03-22 07:49:00,S002,P181,9,1021.3,42.35,GBP,9149.349999999999
TXN_002344,2024-03-27 19:17:00,S074,P743,8,99.59,25.04,EUR,771.6800000000001
TXN_002345,2024-03-18 19:54:00,S058,P364,8,422.93,36.27,USD,3347.17
TXN_002346,2024-03-11 20:48:00,S025,P570,1,29.14,4.21,USD,24.93
TXN_002347,2024-03-28 09:56:00,S045,P144,2,756.21,41.33,EUR,1471.0900000000001
TXN_002348,2024-03-11 16:03:00,S040,P526,8,233.47,40.03,GBP,1827.73
TXN_002349,2024-03-26 02:09:00,S095,P396,3,162.41,44.55,USD,442.68
TXN_002350,2024-03-05 13:17:00,S016,P962,2,192.31,44.8,EUR,339.82
TXN_002351,2024-03-03 20:04:00,S065,P945,1,1071.01,37.09,GBP,1033.92
TXN_002352,2024-03-01 19:23:00,S100,P492,6,25.49,29.06,USD,123.88
TXN_002353,2024-03-06 11:57:00,S081,P242,5,607.56,6.24,USD,3031.56
TXN_002354,2024-03-09 14:30:00,S080,P677,8,88.65,49.57,USD,659.63
TXN_002355,2024-03-14 23:46:00,S044,P414,5,290.84,5.09,GBP,1449.11
TXN_002356,2024-03-05 16:52:00,S031,P491,6,713.52,27.46,EUR,4253.66
TXN_002357,2024-03-04 09:25:00,S056,P815,1,833.17,43.24,GBP,789.93
TXN_002358,2024-03-23 12:10:00,S080,P232,8,641.65,1.81,USD,5131.389999999999
TXN_002359,2024-03-28 10:14:00,S008,P139,9,726.82,20.91,GBP,6520.47
TXN_002360,2024-03-05 06:46:00,S038,P099,4,768.31,20.19,USD,3053.0499999999997
TXN_002361,2024-03-17 08:36:00,S097,P346,9,968.64,8.69,GBP,8709.07
TXN_002362,2024-03-21 06:14:00,S049,P746,1,781.52,7.32,GBP,774.1999999999999
TXN_002363,2024-03-25 21:53:00,S026,P707,8,1282.35,9.91,GBP,10248.89
TXN_002364,2024-03-20 11:46:00,S047,P857,6,1487.62,22.49,GBP,8903.23
TXN_002365,2024-03-12 03:47:00,S029,P667,7,1003.53,41.75,USD,6982.96
TXN_002366,2024-03-06 10:07:00,S040,P486,9,829.55,19.51,EUR,7446.44
TXN_002367,2024-03-03 02:22:00,S035,P500,2,799.12,7.17,EUR,1591.07
TXN_002368,2024-03-27 00:41:00,S018,P953,8,822.35,24.39,GBP,6554.41
TXN_002369,2024-03-16 11:36:00,S073,P818,6,992.11,8.8,GBP,5943.86
TXN_002370,2024-03-20 08:08:00,S076,P251,2,1092.3,38.54,EUR,2146.06
TXN_002371,2024-03-09 00:09:00,S026,P380,9,1291.75,42.76,USD,11582.99
TXN_002372,2024-03-09 18:39:00,S014,P053,4,1319.98,20.2,USD,5259.72
TXN_002373,2024-03-19 07:28:00,S041,P866,9,714.98,0.88,EUR,6433.94
TXN_002374,2024-03-06 16:47:00,S013,P800,4,144.12,36.56,GBP,539.9200000000001
TXN_002375,2024-03-12 11:42:00,S025,P658,8,1171.78,36.02,USD,9338.22
TXN_002376,2024-03-22 11:56:00,S087,P661,4,26.38,46.95,EUR,58.56999999999999
TXN_002377,2024-03-26 15:22:00,S063,P846,5,1035.97,15.4,EUR,5164.450000000001
TXN_002378,2024-03-14 06:26:00,S033,P244,3,311.96,36.26,GBP,899.6199999999999
TXN_002379,2024-03-24 20:50:00,S081,P535,4,685.55,34.39,USD,2707.81
TXN_002380,2024-03-13 02:44:00,S057,P026,8,1363.48,25.07,EUR,10882.77
TXN_002381,2024-03-20 23:07:00,S057,P469,9,95.89,13.95,USD,849.06
TXN_002382,2024-03-13 03:08:00,S096,P457,1,566.7,38.9,EUR,527.8000000000001
TXN_002383,2024-03-06 12:14:00,S075,P190,3,1306.26,32.11,USD,3886.6699999999996
TXN_002384,2024-03-23 05:23:00,S036,P249,9,1099.2,20.76,USD,9872.04
TXN_002385,2024-03-14 10:04:00,S086,P021,1,1143.32,9.14,GBP,1134.1799999999998
TXN_002386,2024-03-06 19:59:00,S042,P250,1,430.5,27.71,USD,402.79
TXN_002387,2024-03-03 21:44:00,S068,P060,8,494.36,13.62,EUR,3941.26
TXN_002388,2024-03-21 11:19:00,S067,P694,1,939.22,31.9,GBP,907.32
TXN_002389,2024-03-10 15:02:00,S059,P716,2,1371.1,45.39,EUR,2696.81
TXN_002390,2024-03-04 18:09:00,S099,P144,5,1472.84,48.89,USD,7315.3099999999995
TXN_002391,2024-03-17 10:07:00,S005,P236,5,841.29,39.0,GBP,4167.45
TXN_002392,2024-03-16 09:33:00,S051,P041,9,1276.01,41.93,EUR,11442.16
TXN_002393,2024-03-11 09:56:00,S061,P529,1,247.72,46.07,EUR,201.65
TXN_002394,2024-03-19 05:14:00,S018,P843,7,677.64,14.31,USD,4729.169999999999
TXN_002395,2024-03-04 12:38:00,S061,P879,4,708.44,8.81,GBP,2824.9500000000003
TXN_002396,2024-03-20 04:38:00,S100,P558,2,164.18,23.23,USD,305.13
TXN_002397,2024-03-08 04:09:00,S036,P634,4,15.01,37.86,EUR,22.18
TXN_002398,2024-03-03 07:17:00,S020,P917,1,645.22,0.49,USD,644.73
TXN_002399,2024-03-27 22:10:00,S078,P764,5,1483.78,45.94,EUR,7372.96
TXN_002400,2024-03-20 17:53:00,S046,P025,7,1265.67,15.73,USD,8843.960000000001
TXN_002401,2024-03-04 22:41:00,S038,P425,7,641.71,11.43,GBP,4480.54
TXN_002402,2024-03-30 11:12:00,S043,P987,6,703.91,7.99,EUR,4215.47
TXN_002403,2024-03-24 18:01:00,S091,P190,8,1119.31,36.81,EUR,8917.67
TXN_002404,2024-03-18 18:38:00,S004,P235,3,810.15,1.51,EUR,2428.9399999999996
TXN_002405,2024-03-13 00:48:00,S047,P104,5,30.49,35.82,GBP,116.63
TXN_002406,2024-03-14 19:47:00,S023,P645,4,268.0,13.07,USD,1058.93
TXN_002407,2024-03-18 22:52:00,S016,P338,6,32.89,35.21,GBP,162.13
TXN_002408,2024-03-22 00:11:00,S095,P664,6,1290.21,17.86,USD,7723.400000000001
TXN_002409,2024-03-28 02:14:00,S079,P317,2,74.11,37.62,USD,110.6
TXN_002410,2024-03-18 09:44:00,S055,P082,8,384.42,36.49,GBP,3038.8700000000003
TXN_002411,2024-03-09 12:11:00,S095,P660,9,58.33,49.99,GBP,474.98
TXN_002412,2024-03-07 08:31:00,S032,P675,5,1045.28,22.66,USD,5203.74
TXN_002413,2024-03-05 05:28:00,S077,P110,7,351.48,39.98,EUR,2420.38
TXN_002414,2024-03-16 16:48:00,S049,P849,6,950.97,21.39,GBP,5684.429999999999
TXN_002415,2024-03-07 13:27:00,S019,P604,6,968.25,24.1,EUR,5785.4
TXN_002416,2024-03-02 07:35:00,S037,P803,4,889.34,29.14,EUR,3528.2200000000003
TXN_002417,2024-03-03 23:25:00,S045,P642,5,72.33,43.29,EUR,318.35999999999996
TXN_002418,2024-03-17 13:42:00,S093,P681,9,786.7,42.17,USD,7038.13
TXN_002419,2024-03-21 10:38:00,S009,P069,2,1237.16,13.42,GBP,2460.9
TXN_002420,2024-03-13 02:39:00,S028,P890,6,826.98,13.23,USD,4948.650000000001
TXN_002421,2024-03-08 18:36:00,S060,P077,9,1056.0,6.78,USD,9497.22
TXN_002422,2024-03-15 08:20:00,S021,P628,4,1057.64,36.89,USD,4193.67
TXN_002423,2024-03-08 13:21:00,S099,P622,5,114.45,12.06,GBP,560.19
TXN_002424,2024-03-30 19:56:00,S071,P031,3,1033.49,17.49,USD,3082.9800000000005
TXN_002425,2024-03-27 13:50:00,S016,P379,4,190.92,10.24,GBP,753.4399999999999
TXN_002426,2024-03-15 22:17:00,S082,P552,2,1256.94,32.91,EUR,2480.9700000000003
TXN_002427,2024-03-04 13:26:00,S069,P438,8,888.64,47.19,EUR,7061.93
TXN_002428,2024-03-30 19:41:00,S010,P290,2,503.32,29.3,USD,977.34
TXN_002429,2024-03-08 21:55:00,S064,P470,4,308.79,30.28,EUR,1204.88
TXN_002430,2024-03-07 19:10:00,S079,P649,8,805.83,15.29,GBP,6431.35
TXN_002431,2024-03-26 08:28:00,S039,P824,6,125.74,41.41,EUR,713.03
TXN_002432,2024-03-07 23:44:00,S043,P799,3,714.65,2.88,EUR,2141.0699999999997
TXN_002433,2024-03-17 16:10:00,S010,P910,5,629.58,27.04,USD,3120.86
TXN_002434,2024-03-16 23:04:00,S050,P364,5,1073.46,13.07,EUR,5354.2300000000005
TXN_002435,2024-03-28 00:03:00,S012,P239,1,399.73,38.11,EUR,361.62
TXN_002436,2024-03-18 18:49:00,S074,P993,8,1172.59,2.73,EUR,9377.99
TXN_002437,2024-03-14 17:23:00,S013,P502,4,732.0,0.75,EUR,2927.25
TXN_002438,2024-03-22 20:43:00,S003,P410,6,710.55,11.54,EUR,4251.759999999999
TXN_002439,2024-03-27 02:11:00,S019,P164,7,652.76,6.36,USD,4562.96
TXN_002440,2024-03-03 15:17:00,S003,P999,4,578.95,37.99,USD,2277.8100000000004
TXN_002441,2024-03-07 02:47:00,S084,P710,1,1115.87,33.73,USD,1082.1399999999999
TXN_002442,2024-03-17 02:54:00,S091,P001,2,39.5,32.27,EUR,46.73
TXN_002443,2024-03-17 18:56:00,S079,P402,7,1122.28,32.22,GBP,7823.74
TXN_002444,2024-03-22 18:55:00,S069,P796,7,256.91,9.35,EUR,1789.0200000000002
TXN_002445,2024-03-10 11:05:00,S035,P741,5,1195.64,10.59,EUR,5967.610000000001
TXN_002446,2024-03-09 21:11:00,S072,P058,9,1019.75,9.32,USD,9168.43
TXN_002447,2024-03-23 10:32:00,S046,P661,5,167.3,45.01,USD,791.49
TXN_002448,2024-03-21 16:02:00,S037,P037,6,645.69,1.04,USD,3873.1000000000004
TXN_002449,2024-03-04 15:22:00,S090,P643,3,1179.47,9.64,USD,3528.77
TXN_002450,2024-03-25 03:50:00,S005,P569,9,1208.38,6.22,EUR,10869.200000000003
TXN_002451,2024-03-07 21:06:00,S038,P867,3,561.22,21.48,EUR,1662.18
TXN_002452,2024-03-22 08:28:00,S045,P732,8,1161.1,48.65,GBP,9240.15
TXN_002453,2024-03-07 14:55:00,S064,P266,7,1089.16,30.67,GBP,7593.450000000001
TXN_002454,2024-03-10 09:53:00,S021,P090,5,1044.09,31.45,GBP,5189.0
TXN_002455,2024-03-01 23:11:00,S010,P914,9,1467.36,30.91,EUR,13175.33
TXN_002456,2024-03-10 03:22:00,S070,P795,1,671.36,40.19,EUR,631.1700000000001
TXN_002457,2024-03-23 18:33:00,S029,P337,2,795.51,34.55,USD,1556.47
TXN_002458,2024-03-25 08:52:00,S064,P254,7,786.35,4.89,USD,5499.5599999999995
TXN_002459,2024-03-12 10:00:00,S011,P186,6,597.84,1.54,EUR,3585.5
TXN_002460,2024-03-14 07:27:00,S034,P988,6,568.24,4.1,GBP,3405.34
TXN_002461,2024-03-21 00:38:00,S074,P521,3,1117.61,49.62,EUR,3303.21
TXN_002462,2024-03-13 01:37:00,S013,P019,4,1429.16,18.55,USD,5698.09
TXN_002463,2024-03-22 02:43:00,S058,P627,1,615.16,14.88,USD,600.28
TXN_002464,2024-03-13 16:00:00,S062,P070,9,979.59,34.19,GBP,8782.119999999999
TXN_002465,2024-03-06 22:58:00,S012,P711,4,298.72,36.34,EUR,1158.5400000000002
TXN_002466,2024-03-16 23:25:00,S039,P416,1,13.51,19.8,GBP,-6.290000000000001
TXN_002467,2024-03-21 10:12:00,S038,P663,3,511.23,2.1,USD,1531.5900000000001
TXN_002468,2024-03-18 17:08:00,S052,P152,5,1205.6,2.04,USD,6025.96
TXN_002469,2024-03-13 20:02:00,S092,P529,9,1354.71,8.13,GBP,12184.26
TXN_002470,2024-03-21 12:52:00,S053,P213,2,1403.39,36.37,GBP,2770.4100000000003
TXN_002471,2024-03-26 02:50:00,S046,P110,9,352.89,14.66,USD,3161.35
TXN_002472,2024-03-24 18:45:00,S079,P305,8,176.22,7.01,EUR,1402.75
TXN_002473,2024-03-05 14:13:00,S067,P200,8,1162.31,16.03,USD,9282.449999999999
TXN_002474,2024-03-20 23:28:00,S016,P237,4,61.56,12.4,USD,233.84
TXN_002475,2024-03-28 09:07:00,S020,P211,3,770.87,12.75,GBP,2299.86
TXN_002476,2024-03-12 20:18:00,S077,P081,9,217.47,24.54,USD,1932.69
TXN_002477,2024-03-02 17:00:00,S092,P815,2,915.02,39.19,EUR,1790.85
TXN_002478,2024-03-10 23:10:00,S079,P907,8,1368.74,9.43,USD,10940.49
TXN_002479,2024-03-19 16:16:00,S067,P740,6,741.47,11.1,GBP,4437.719999999999
TXN_002480,2024-03-08 02:36:00,S075,P211,5,469.93,35.82,EUR,2313.83
TXN_002481,2024-03-30 23:18:00,S083,P084,7,1181.51,29.01,EUR,8241.56
TXN_002482,2024-03-08 06:26:00,S070,P598,7,1489.45,31.55,EUR,10394.6
TXN_002483,2024-03-26 05:57:00,S014,P868,7,1455.33,15.04,USD,10172.269999999999
TXN_002484,2024-03-30 00:07:00,S063,P461,3,876.11,9.68,EUR,2618.65
TXN_002485,2024-03-22 13:41:00,S092,P192,6,187.82,14.06,USD,1112.8600000000001
TXN_002486,2024-03-19 03:07:00,S032,P667,5,961.93,42.88,EUR,4766.7699999999995
TXN_002487,2024-03-10 02:27:00,S059,P266,9,1341.12,0.85,USD,12069.229999999998
TXN_002488,2024-03-08 20:05:00,S052,P488,3,682.26,11.07,GBP,2035.71
TXN_002489,2024-03-22 07:27:00,S075,P289,6,85.23,10.32,USD,501.06
TXN_002490,2024-03-30 12:06:00,S020,P315,2,1292.68,3.67,GBP,2581.69
TXN_002491,2024-03-19 00:35:00,S052,P891,2,614.35,30.85,GBP,1197.8500000000001
TXN_002492,2024-03-20 11:55:00,S062,P842,5,20.46,29.72,GBP,72.58000000000001
TXN_002493,2024-03-05 22:24:00,S096,P549,9,109.75,33.45,USD,954.3
TXN_002494,2024-03-01 08:42:00,S085,P705,2,461.54,46.57,GBP,876.51
TXN_002495,2024-03-17 20:24:00,S003,P494,3,547.94,27.76,GBP,1616.0600000000002
TXN_002496,2024-03-04 16:29:00,S068,P243,3,240.33,3.92,EUR,717.07
TXN_002497,2024-03-26 04:51:00,S088,P713,9,244.89,1.58,USD,2202.43
TXN_002498,2024-03-09 08:26:00,S032,P084,6,187.97,18.45,GBP,1109.37
TXN_002499,2024-03-02 08:45:00,S034,P705,5,1276.74,6.4,EUR,6377.3
TXN_002500,2024-03-20 05:18:00,S005,P484,6,835.69,7.96,GBP,5006.18
TXN_002501,2024-03-04 02:58:00,S078,P367,7,80.15,3.38,GBP,557.6700000000001
TXN_002502,2024-03-08 10:47:00,S084,P494,6,832.65,48.5,USD,4947.4
TXN_002503,2024-03-23 12:52:00,S010,P214,9,306.06,30.73,USD,2723.81
TXN_002504,2024-03-27 16:14:00,S028,P836,8,412.34,49.16,GBP,3249.56
TXN_002505,2024-03-30 17:15:00,S042,P182,1,770.62,9.44,GBP,761.18
TXN_002506,2024-03-09 03:50:00,S098,P965,9,403.39,4.95,GBP,3625.56
TXN_002507,2024-03-19 03:31:00,S029,P933,3,1126.18,30.11,USD,3348.43
TXN_002508,2024-03-26 20:57:00,S038,P393,5,523.85,45.48,EUR,2573.77
TXN_002509,2024-03-10 17:34:00,S089,P548,2,1059.38,45.53,GBP,2073.23
TXN_002510,2024-03-19 10:10:00,S058,P553,5,1151.81,25.63,USD,5733.419999999999
TXN_002511,2024-03-14 04:05:00,S037,P629,2,998.58,18.14,USD,1979.02
TXN_002512,2024-03-07 22:40:00,S059,P445,2,244.6,29.29,EUR,459.90999999999997
TXN_002513,2024-03-20 23:51:00,S014,P021,6,445.18,0.99,GBP,2670.09
TXN_002514,2024-03-25 04:56:00,S020,P457,6,1185.81,34.02,GBP,7080.839999999999
TXN_002515,2024-03-17 16:12:00,S042,P877,8,767.71,9.33,USD,6132.35
TXN_002516,2024-03-24 01:17:00,S083,P603,6,1415.63,7.52,EUR,8486.26
TXN_002517,2024-03-15 11:20:00,S040,P981,5,820.96,42.28,USD,4062.52
TXN_002518,2024-03-02 08:48:00,S016,P829,5,343.61,23.65,EUR,1694.4
TXN_002519,2024-03-01 03:08:00,S080,P554,3,12.76,32.73,EUR,5.550000000000004
TXN_002520,2024-03-28 07:35:00,S021,P867,8,1065.02,28.16,USD,8492.0
TXN_002521,2024-03-28 06:30:00,S058,P255,4,1387.79,22.58,EUR,5528.58
TXN_002522,2024-03-12 11:38:00,S075,P755,8,1185.98,34.82,GBP,9453.02
TXN_002523,2024-03-16 01:32:00,S045,P354,9,991.55,48.38,GBP,8875.57
TXN_002524,2024-03-15 04:57:00,S088,P297,5,888.91,43.19,GBP,4401.360000000001
TXN_002525,2024-03-05 05:33:00,S062,P084,9,1353.45,30.77,GBP,12150.28
TXN_002526,2024-03-30 05:58:00,S064,P850,2,1375.28,4.47,EUR,2746.09
TXN_002527,2024-03-14 02:19:00,S087,P101,9,276.42,18.49,GBP,2469.2900000000004
TXN_002528,2024-03-05 21:43:00,S002,P067,5,136.65,22.31,USD,660.94
TXN_002529,2024-03-09 07:14:00,S065,P711,3,408.95,9.86,USD,1216.99
TXN_002530,2024-03-11 09:49:00,S085,P660,9,21.07,8.47,USD,181.16
TXN_002531,2024-03-10 17:39:00,S033,P046,3,1002.77,12.65,EUR,2995.66
TXN_002532,2024-03-01 07:04:00,S005,P017,8,962.42,43.26,GBP,7656.099999999999
TXN_002533,2024-03-24 08:21:00,S068,P281,3,345.02,6.02,USD,1029.04
TXN_002534,2024-03-14 08:39:00,S055,P843,8,83.75,37.33,USD,632.67
TXN_002535,2024-03-07 18:08:00,S038,P468,2,615.59,5.4,GBP,1225.78
TXN_002536,2024-03-30 19:10:00,S088,P275,4,716.49,0.9,USD,2865.06
TXN_002537,2024-03-24 01:26:00,S020,P690,5,667.43,43.47,USD,3293.68
TXN_002538,2024-03-06 10:51:00,S063,P584,9,935.51,43.65,USD,8375.94
TXN_002539,2024-03-03 01:49:00,S077,P275,2,365.55,29.28,GBP,701.82
TXN_002540,2024-03-11 23:13:00,S066,P373,3,1193.81,12.41,USD,3569.02
TXN_002541,2024-03-01 05:03:00,S084,P307,1,1237.74,32.62,USD,1205.1200000000001
TXN_002542,2024-03-26 19:21:00,S059,P778,5,253.26,44.55,GBP,1221.75
TXN_002543,2024-03-17 10:37:00,S021,P391,4,1151.77,13.38,GBP,4593.7
TXN_002544,2024-03-09 20:26:00,S088,P660,7,570.47,27.56,GBP,3965.73
TXN_002545,2024-03-07 05:10:00,S063,P789,4,1300.72,35.4,EUR,5167.4800000000005
TXN_002546,2024-03-20 23:59:00,S027,P633,6,1155.84,26.3,USD,6908.739999999999
TXN_002547,2024-03-23 09:40:00,S060,P320,8,55.69,36.05,USD,409.46999999999997
TXN_002548,2024-03-29 04:38:00,S078,P723,2,1399.25,23.08,GBP,2775.42
TXN_002549,2024-03-21 04:39:00,S044,P273,3,570.87,34.97,EUR,1677.64
TXN_002550,2024-03-07 17:08:00,S021,P886,8,1073.95,16.43,USD,8575.17
TXN_002551,2024-03-13 21:12:00,S090,P960,9,1354.17,26.88,GBP,12160.650000000001
TXN_002552,2024-03-03 07:14:00,S031,P479,4,91.88,28.24,USD,339.28
TXN_002553,2024-03-17 22:30:00,S073,P895,3,649.12,0.81,EUR,1946.5500000000002
TXN_002554,2024-03-23 23:20:00,S093,P647,9,1207.46,10.56,GBP,10856.58
TXN_002555,2024-03-18 07:52:00,S075,P247,2,250.16,15.83,EUR,484.49
TXN_002556,2024-03-28 18:58:00,S079,P073,6,128.36,15.82,USD,754.34
TXN_002557,2024-03-30 08:20:00,S084,P401,1,1244.99,4.72,EUR,1240.27
TXN_002558,2024-03-14 11:02:00,S075,P123,5,520.8,35.15,EUR,2568.85
TXN_002559,2024-03-21 11:12:00,S064,P827,7,94.37,33.21,EUR,627.38
TXN_002560,2024-03-01 09:15:00,S067,P301,6,23.73,15.23,EUR,127.14999999999999
TXN_002561,2024-03-18 06:35:00,S023,P272,4,703.03,22.63,EUR,2789.49
TXN_002562,2024-03-03 22:20:00,S003,P241,9,185.2,29.24,EUR,1637.56
TXN_002563,2024-03-18 15:50:00,S030,P948,3,1478.96,19.95,GBP,4416.93
TXN_002564,2024-03-24 08:48:00,S008,P461,1,839.12,26.18,EUR,812.94
TXN_002565,2024-03-16 17:42:00,S037,P955,1,1296.77,30.91,USD,1265.86
TXN_002566,2024-03-09 04:03:00,S024,P511,3,607.91,47.71,EUR,1776.02
TXN_002567,2024-03-24 11:22:00,S047,P041,5,313.87,27.76,USD,1541.59
TXN_002568,2024-03-21 04:48:00,S058,P358,3,781.39,4.28,EUR,2339.89
TXN_002569,2024-03-04 15:47:00,S027,P764,8,1106.06,35.09,EUR,8813.39
TXN_002570,2024-03-02 12:51:00,S065,P607,2,382.74,17.47,GBP,748.01
TXN_002571,2024-03-17 02:55:00,S048,P104,8,1117.92,47.52,USD,8895.84
TXN_002572,2024-03-08 14:52:00,S041,P496,5,1145.09,2.2,GBP,5723.25
TXN_002573,2024-03-10 12:06:00,S042,P423,4,494.43,43.79,GBP,1933.93
TXN_002574,2024-03-17 05:25:00,S034,P142,3,664.97,31.2,GBP,1963.71
TXN_002575,2024-03-29 20:45:00,S016,P377,3,195.09,35.1,USD,550.17
TXN_002576,2024-03-17 21:53:00,S023,P832,6,630.68,45.66,EUR,3738.42
TXN_002577,2024-03-18 22:00:00,S079,P507,5,326.39,45.18,USD,1586.7699999999998
TXN_002578,2024-03-05 16:57:00,S070,P566,4,1180.69,18.63,USD,4704.13
TXN_002579,2024-03-19 03:14:00,S099,P526,8,533.42,39.03,EUR,4228.33
TXN_002580,2024-03-26 04:24:00,S015,P986,4,473.41,37.86,EUR,1855.7800000000002
TXN_002581,2024-03-10 15:51:00,S043,P842,2,432.42,35.78,USD,829.0600000000001
TXN_002582,2024-03-12 22:12:00,S044,P784,1,109.91,41.04,EUR,68.87
TXN_002583,2024-03-11 04:37:00,S055,P126,4,363.01,4.81,GBP,1447.23
TXN_002584,2024-03-06 03:11:00,S005,P493,8,1296.13,26.07,EUR,10342.970000000001
TXN_002585,2024-03-15 13:18:00,S005,P769,1,253.22,8.51,EUR,244.71
TXN_002586,2024-03-19 03:40:00,S055,P040,9,1296.18,9.32,GBP,11656.300000000001
TXN_002587,2024-03-14 22:58:00,S015,P477,8,1218.13,49.21,GBP,9695.830000000002
TXN_002588,2024-03-02 18:47:00,S055,P969,9,216.93,2.81,GBP,1949.5600000000002
TXN_002589,2024-03-13 07:15:00,S026,P799,8,323.7,48.82,USD,2540.7799999999997
TXN_002590,2024-03-12 08:20:00,S013,P785,9,417.61,8.65,USD,3749.84
TXN_002591,2024-03-14 17:00:00,S069,P803,8,469.24,18.16,GBP,3735.76
TXN_002592,2024-03-28 22:44:00,S083,P231,7,1405.65,11.73,USD,9827.820000000002
TXN_002593,2024-03-19 15:49:00,S030,P916,6,210.17,13.64,EUR,1247.3799999999999
TXN_002594,2024-03-11 03:13:00,S027,P242,2,1120.83,7.4,GBP,2234.2599999999998
TXN_002595,2024-03-27 01:48:00,S067,P563,4,480.41,29.82,GBP,1891.8200000000002
TXN_002596,2024-03-14 02:27:00,S065,P063,2,360.12,29.25,USD,690.99
TXN_002597,2024-03-14 18:56:00,S027,P917,7,284.36,46.83,GBP,1943.69
TXN_002598,2024-03-23 22:35:00,S093,P687,1,967.95,14.61,EUR,953.34
TXN_002599,2024-03-01 20:13:00,S012,P510,2,471.93,25.92,EUR,917.94
TXN_002600,2024-03-26 21:34:00,S059,P701,2,849.09,3.13,USD,1695.05
TXN_002601,2024-03-24 11:31:00,S024,P969,4,478.57,48.21,GBP,1866.07
TXN_002602,2024-03-27 17:34:00,S060,P084,9,1400.3,36.16,GBP,12566.539999999999
TXN_002603,2024-03-12 13:07:00,S041,P402,5,854.08,44.44,USD,4225.960000000001
TXN_002604,2024-03-04 01:07:00,S011,P853,9,526.36,41.36,EUR,4695.88
TXN_002605,2024-03-25 18:39:00,S082,P834,6,734.68,15.42,EUR,4392.66
TXN_002606,2024-03-15 13:56:00,S098,P893,7,1275.1,25.55,GBP,8900.15
TXN_002607,2024-03-01 20:58:00,S093,P865,9,1394.11,18.56,GBP,12528.43
TXN_002608,2024-03-02 06:01:00,S078,P677,1,1348.23,5.57,GBP,1342.66
TXN_002609,2024-03-30 03:54:00,S043,P393,8,1232.97,16.15,EUR,9847.61
TXN_002610,2024-03-08 16:14:00,S097,P188,3,1242.8,12.16,USD,3716.24
TXN_002611,2024-03-20 09:09:00,S025,P569,6,882.89,27.03,EUR,5270.31
TXN_002612,2024-03-05 01:31:00,S046,P847,5,795.4,39.94,USD,3937.06
TXN_002613,2024-03-03 03:18:00,S040,P976,9,74.33,29.81,USD,639.1600000000001
TXN_002614,2024-03-17 05:20:00,S004,P392,3,1114.49,25.68,GBP,3317.7900000000004
TXN_002615,2024-03-17 04:19:00,S052,P735,2,601.31,15.5,GBP,1187.12
TXN_002616,2024-03-05 12:02:00,S021,P224,9,138.15,26.3,USD,1217.0500000000002
TXN_002617,2024-03-06 13:10:00,S054,P712,4,1378.98,25.48,USD,5490.4400000000005
TXN_002618,2024-03-06 12:21:00,S087,P845,7,240.3,48.28,USD,1633.8200000000002
TXN_002619,2024-03-29 07:22:00,S022,P208,7,290.61,14.23,GBP,2020.04
TXN_002620,2024-03-02 06:55:00,S073,P802,4,447.88,32.92,GBP,1758.6
TXN_002621,2024-03-28 00:59:00,S080,P915,2,445.97,13.82,GBP,878.12
TXN_002622,2024-03-26 05:51:00,S009,P229,7,226.01,30.99,GBP,1551.08
TXN_002623,2024-03-29 23:17:00,S006,P921,7,620.79,0.38,GBP,4345.15
TXN_002624,2024-03-26 07:22:00,S047,P442,2,543.62,14.63,EUR,1072.61
TXN_002625,2024-03-24 04:54:00,S094,P858,4,295.33,19.99,EUR,1161.33
TXN_002626,2024-03-01 05:33:00,S062,P488,9,317.38,29.71,EUR,2826.71
TXN_002627,2024-03-11 05:18:00,S032,P680,7,720.69,1.89,USD,5042.94
TXN_002628,2024-03-12 12:03:00,S094,P235,2,805.37,6.58,EUR,1604.16
TXN_002629,2024-03-15 18:16:00,S011,P984,9,1496.98,31.09,GBP,13441.73
TXN_002630,2024-03-11 18:08:00,S051,P021,1,146.27,19.17,USD,127.10000000000001
TXN_002631,2024-03-29 14:59:00,S001,P912,5,674.81,31.08,EUR,3342.97
TXN_002632,2024-03-03 14:59:00,S057,P122,9,1448.66,30.5,EUR,13007.44
TXN_002633,2024-03-08 00:21:00,S069,P039,2,169.37,8.97,USD,329.77
TXN_002634,2024-03-16 20:52:00,S043,P870,2,174.18,45.06,GBP,303.3
TXN_002635,2024-03-15 06:39:00,S035,P034,8,450.45,37.02,USD,3566.58
TXN_002636,2024-03-11 03:04:00,S019,P727,3,1354.4,8.75,EUR,4054.4500000000003
TXN_002637,2024-03-28 09:57:00,S050,P685,1,437.55,15.32,GBP,422.23
TXN_002638,2024-03-05 14:22:00,S096,P573,3,1254.64,42.77,EUR,3721.15
TXN_002639,2024-03-03 09:04:00,S100,P030,8,882.47,9.22,GBP,7050.54
TXN_002640,2024-03-17 10:38:00,S084,P357,4,488.65,26.98,GBP,1927.62
TXN_002641,2024-03-14 13:51:00,S016,P623,1,139.03,49.38,USD,89.65
TXN_002642,2024-03-01 12:42:00,S014,P415,2,250.46,5.6,EUR,495.32
TXN_002643,2024-03-03 12:53:00,S081,P765,7,1303.5,23.61,EUR,9100.89
TXN_002644,2024-03-12 02:26:00,S063,P140,6,1430.01,14.87,USD,8565.189999999999
TXN_002645,2024-03-22 09:41:00,S074,P163,4,1149.42,45.69,USD,4551.990000000001
TXN_002646,2024-03-03 10:57:00,S007,P267,4,1217.82,45.12,EUR,4826.16
TXN_002647,2024-03-19 09:43:00,S032,P197,9,407.08,48.32,USD,3615.3999999999996
TXN_002648,2024-03-26 16:53:00,S099,P527,3,371.61,18.01,EUR,1096.82
TXN_002649,2024-03-16 02:06:00,S043,P619,8,154.7,25.54,GBP,1212.06
TXN_002650,2024-03-03 05:08:00,S063,P713,4,956.72,33.83,GBP,3793.05
TXN_002651,2024-03-02 06:56:00,S085,P834,6,640.17,48.58,EUR,3792.4399999999996
TXN_002652,2024-03-29 19:17:00,S092,P604,3,951.1,26.66,EUR,2826.6400000000003
TXN_002653,2024-03-13 09:39:00,S030,P565,1,139.5,39.75,GBP,99.75
TXN_002654,2024-03-08 11:28:00,S054,P972,4,1179.13,44.65,USD,4671.870000000001
TXN_002655,2024-03-06 19:26:00,S069,P858,5,594.99,29.47,USD,2945.48
TXN_002656,2024-03-13 06:14:00,S050,P080,9,1085.6,25.04,EUR,9745.359999999999
TXN_002657,2024-03-08 05:30:00,S036,P137,1,1150.83,5.48,USD,1145.35
TXN_002658,2024-03-06 20:39:00,S044,P933,6,840.56,44.49,GBP,4998.87
TXN_002659,2024-03-20 08:31:00,S095,P391,7,34.56,39.44,EUR,202.48000000000002
TXN_002660,2024-03-29 15:03:00,S016,P238,1,136.37,14.1,USD,122.27000000000001
TXN_002661,2024-03-07 09:32:00,S061,P869,9,1279.14,3.01,USD,11509.25
TXN_002662,2024-03-11 08:00:00,S029,P650,3,1494.62,5.33,GBP,4478.53
TXN_002663,2024-03-08 23:27:00,S087,P857,1,1325.52,46.09,EUR,1279.43
TXN_002664,2024-03-11 01:22:00,S084,P791,3,898.33,6.37,GBP,2688.6200000000003
TXN_002665,2024-03-06 18:51:00,S077,P986,4,937.97,16.33,EUR,3735.55
TXN_002666,2024-03-20 02:05:00,S028,P259,4,1034.18,6.8,EUR,4129.92
TXN_002667,2024-03-13 07:35:00,S058,P483,1,1274.0,22.95,EUR,1251.05
TXN_002668,2024-03-22 21:03:00,S089,P551,4,1300.23,22.35,EUR,5178.57
TXN_002669,2024-03-03 05:52:00,S013,P421,8,399.28,6.23,EUR,3188.0099999999998
TXN_002670,2024-03-22 22:07:00,S072,P802,7,467.67,16.85,GBP,3256.84
TXN_002671,2024-03-28 05:39:00,S043,P919,7,932.98,25.31,USD,6505.55
TXN_002672,2024-03-08 12:44:00,S005,P169,7,1326.23,4.69,EUR,9278.92
TXN_002673,2024-03-07 20:15:00,S050,P798,9,142.79,47.88,USD,1237.2299999999998
TXN_002674,2024-03-22 14:57:00,S076,P384,1,1072.09,45.9,EUR,1026.1899999999998
TXN_002675,2024-03-01 03:23:00,S050,P926,3,306.24,30.68,EUR,888.0400000000001
TXN_002676,2024-03-28 00:42:00,S073,P434,9,875.6,1.06,GBP,7879.34
TXN_002677,2024-03-02 21:58:00,S025,P428,1,1047.34,30.41,GBP,1016.93
TXN_002678,2024-03-21 05:10:00,S084,P711,6,1295.78,21.51,USD,7753.17
TXN_002679,2024-03-13 18:50:00,S006,P734,4,916.58,20.06,USD,3646.26
TXN_002680,2024-03-17 11:48:00,S060,P224,6,1266.2,32.23,GBP,7564.970000000001
TXN_002681,2024-03-14 16:04:00,S019,P886,7,14.6,11.38,GBP,90.82000000000001
TXN_002682,2024-03-06 16:35:00,S050,P340,4,1413.65,24.8,EUR,5629.8
TXN_002683,2024-03-11 09:42:00,S090,P215,7,1418.62,38.54,EUR,9891.8
TXN_002684,2024-03-27 12:16:00,S018,P349,1,954.6,14.12,GBP,940.48
TXN_002685,2024-03-14 18:19:00,S091,P383,3,333.89,14.07,USD,987.5999999999999
TXN_002686,2024-03-02 13:49:00,S066,P674,4,115.65,41.85,GBP,420.75
TXN_002687,2024-03-27 22:58:00,S027,P702,2,412.96,36.33,EUR,789.5899999999999
TXN_002688,2024-03-09 14:49:00,S083,P495,2,851.02,1.44,EUR,1700.6
TXN_002689,2024-03-09 11:28:00,S001,P074,2,632.54,24.19,USD,1240.8899999999999
TXN_002690,2024-03-30 02:25:00,S035,P939,6,350.36,49.64,USD,2052.52
TXN_002691,2024-03-30 18:42:00,S086,P339,1,487.43,1.61,EUR,485.82
TXN_002692,2024-03-02 04:04:00,S056,P460,1,70.4,34.63,USD,35.77
TXN_002693,2024-03-11 16:46:00,S081,P577,3,24.96,47.83,USD,27.049999999999997
TXN_002694,2024-03-23 22:29:00,S088,P904,5,1427.02,26.51,USD,7108.59
TXN_002695,2024-03-30 15:19:00,S070,P397,2,1478.79,30.75,USD,2926.83
TXN_002696,2024-03-11 14:30:00,S099,P763,9,576.8,32.27,GBP,5158.929999999999
TXN_002697,2024-03-18 09:58:00,S046,P366,8,345.61,43.05,USD,2721.83
TXN_002698,2024-03-20 00:58:00,S081,P711,3,385.54,2.12,USD,1154.5000000000002
TXN_002699,2024-03-11 08:03:00,S078,P835,2,482.73,24.51,GBP,940.95
TXN_002700,2024-03-08 18:28:00,S007,P427,6,1263.3,48.55,EUR,7531.249999999999
TXN_002701,2024-03-26 19:29:00,S067,P846,8,245.76,2.78,GBP,1963.3
TXN_002702,2024-03-26 06:26:00,S086,P086,6,1334.97,39.04,USD,7970.78
TXN_002703,2024-03-25 09:45:00,S028,P138,3,943.44,15.63,EUR,2814.69
TXN_002704,2024-03-15 02:12:00,S051,P452,2,431.34,6.69,USD,855.9899999999999
TXN_002705,2024-03-15 03:31:00,S045,P712,2,582.2,18.68,USD,1145.72
TXN_002706,2024-03-27 09:01:00,S097,P889,6,313.33,15.02,USD,1864.96
TXN_002707,2024-03-23 12:02:00,S032,P845,8,153.43,45.48,GBP,1181.96
TXN_002708,2024-03-10 16:41:00,S046,P189,1,1095.45,40.54,USD,1054.91
TXN_002709,2024-03-27 06:51:00,S061,P119,3,406.24,45.51,GBP,1173.21
TXN_002710,2024-03-28 15:49:00,S036,P606,7,537.93,28.23,GBP,3737.2799999999997
TXN_002711,2024-03-06 04:28:00,S036,P161,6,1051.5,38.94,EUR,6270.06
TXN_002712,2024-03-18 16:49:00,S007,P140,5,55.39,41.74,EUR,235.20999999999998
TXN_002713,2024-03-19 06:12:00,S055,P485,8,169.97,33.68,EUR,1326.08
TXN_002714,2024-03-27 00:11:00,S099,P192,2,459.35,32.33,EUR,886.37
TXN_002715,2024-03-10 07:21:00,S089,P384,1,178.28,5.31,GBP,172.97
TXN_002716,2024-03-03 20:07:00,S071,P316,7,674.95,20.55,GBP,4704.1
TXN_002717,2024-03-29 08:41:00,S035,P571,3,10.48,16.37,USD,15.07
TXN_002718,2024-03-26 19:12:00,S036,P813,2,231.29,17.73,GBP,444.84999999999997
TXN_002719,2024-03-17 23:00:00,S049,P716,6,1364.34,23.44,USD,8162.599999999999
TXN_002720,2024-03-11 11:02:00,S068,P653,6,145.3,7.38,GBP,864.4200000000001
TXN_002721,2024-03-06 21:20:00,S051,P114,7,942.33,17.37,USD,6578.9400000000005
TXN_002722,2024-03-06 16:45:00,S029,P467,8,355.24,2.86,EUR,2839.06
TXN_002723,2024-03-26 08:26:00,S007,P889,1,1484.84,35.51,USD,1449.33
TXN_002724,2024-03-09 03:41:00,S084,P274,6,352.08,15.62,USD,2096.86
TXN_002725,2024-03-28 19:49:00,S008,P873,3,548.97,35.77,USD,1611.14
TXN_002726,2024-03-30 03:54:00,S087,P286,1,871.08,26.41,USD,844.6700000000001
TXN_002727,2024-03-07 04:05:00,S076,P699,7,759.73,35.28,EUR,5282.830000000001
TXN_002728,2024-03-04 07:05:00,S058,P192,3,717.51,37.77,USD,2114.7599999999998
TXN_002729,2024-03-26 21:53:00,S029,P949,1,1193.78,42.93,USD,1150.85
TXN_002730,2024-03-04 04:52:00,S047,P898,5,555.05,22.75,USD,2752.5
TXN_002731,2024-03-09 21:43:00,S091,P297,1,189.99,26.08,USD,163.91000000000003
TXN_002732,2024-03-16 11:32:00,S053,P819,9,909.07,19.78,EUR,8161.85
TXN_002733,2024-03-08 04:24:00,S021,P390,7,60.07,9.01,GBP,411.48
TXN_002734,2024-03-15 15:04:00,S069,P193,1,1274.31,8.6,GBP,1265.71
TXN_002735,2024-03-24 23:49:00,S099,P372,6,217.99,14.38,GBP,1293.56
TXN_002736,2024-03-28 17:54:00,S024,P045,9,1192.65,11.61,USD,10722.24
TXN_002737,2024-03-28 18:31:00,S002,P244,4,134.97,27.23,GBP,512.65
TXN_002738,2024-03-04 19:30:00,S057,P212,1,225.33,23.85,USD,201.48000000000002
TXN_002739,2024-03-26 20:29:00,S036,P063,1,1265.12,30.8,USD,1234.32
TXN_002740,2024-03-08 05:58:00,S054,P495,6,1119.33,18.79,GBP,6697.19
TXN_002741,2024-03-13 14:52:00,S026,P010,7,1438.97,17.48,USD,10055.310000000001
TXN_002742,2024-03-11 20:56:00,S067,P773,4,1472.79,6.45,EUR,5884.71
TXN_002743,2024-03-10 10:41:00,S043,P984,9,298.53,13.42,GBP,2673.3499999999995
TXN_002744,2024-03-26 08:40:00,S087,P637,1,1111.75,2.13,EUR,1109.62
TXN_002745,2024-03-23 00:05:00,S043,P594,3,1111.95,7.69,USD,3328.1600000000003
TXN_002746,2024-03-27 11:39:00,S039,P967,6,1147.96,42.68,GBP,6845.08
TXN_002747,2024-03-20 02:39:00,S012,P323,3,203.07,12.28,EUR,596.9300000000001
TXN_002748,2024-03-12 00:29:00,S058,P224,3,1241.62,27.5,USD,3697.3599999999997
TXN_002749,2024-03-28 13:09:00,S017,P482,4,610.83,2.96,GBP,2440.36
TXN_002750,2024-03-14 09:05:00,S038,P161,7,1231.37,21.78,USD,8597.81
TXN_002751,2024-03-06 00:24:00,S016,P529,7,735.47,30.45,EUR,5117.84
TXN_002752,2024-03-28 17:43:00,S041,P489,5,960.28,7.63,USD,4793.7699999999995
TXN_002753,2024-03-20 23:05:00,S021,P119,9,1471.93,29.92,USD,13217.45
TXN_002754,2024-03-16 10:57:00,S068,P595,4,16.93,22.18,USD,45.54
TXN_002755,2024-03-14 04:31:00,S031,P737,9,571.85,47.0,USD,5099.650000000001
TXN_002756,2024-03-23 08:01:00,S027,P641,5,934.91,43.23,GBP,4631.320000000001
TXN_002757,2024-03-25 16:40:00,S035,P277,3,533.74,21.72,GBP,1579.5
TXN_002758,2024-03-29 21:29:00,S052,P217,5,1388.97,25.13,EUR,6919.72
TXN_002759,2024-03-30 15:12:00,S096,P201,1,1048.15,34.73,EUR,1013.4200000000001
TXN_002760,2024-03-25 22:03:00,S033,P923,9,984.95,37.42,USD,8827.130000000001
TXN_002761,2024-03-21 09:53:00,S093,P342,1,340.58,4.42,USD,336.15999999999997
TXN_002762,2024-03-22 11:41:00,S063,P832,3,649.5,37.82,USD,1910.68
TXN_002763,2024-03-03 17:26:00,S068,P903,5,1071.95,44.01,EUR,5315.74
TXN_002764,2024-03-24 14:07:00,S084,P955,7,1333.25,49.57,USD,9283.18
TXN_002765,2024-03-25 08:12:00,S088,P095,6,1274.64,37.09,USD,7610.75
TXN_002766,2024-03-19 05:51:00,S045,P201,6,1139.64,16.02,GBP,6821.82
TXN_002767,2024-03-06 03:41:00,S062,P485,4,316.2,47.17,EUR,1217.6299999999999
TXN_002768,2024-03-29 15:26:00,S059,P419,2,314.19,29.12,EUR,599.26
TXN_002769,2024-03-06 23:44:00,S049,P687,5,480.0,12.33,USD,2387.67
TXN_002770,2024-03-26 22:55:00,S083,P510,1,266.68,5.02,EUR,261.66
TXN_002771,2024-03-14 17:17:00,S036,P598,5,23.91,0.36,EUR,119.19
TXN_002772,2024-03-28 07:11:00,S005,P733,2,1169.75,47.48,EUR,2292.02
TXN_002773,2024-03-27 11:39:00,S054,P860,2,830.69,47.31,USD,1614.0700000000002
TXN_002774,2024-03-15 09:37:00,S021,P492,2,1430.05,29.41,USD,2830.69
TXN_002775,2024-03-06 02:44:00,S047,P928,5,914.63,5.51,USD,4567.639999999999
TXN_002776,2024-03-19 07:00:00,S007,P722,7,879.05,24.26,EUR,6129.089999999999
TXN_002777,2024-03-09 07:57:00,S043,P543,1,179.23,13.92,EUR,165.31
TXN_002778,2024-03-04 22:51:00,S030,P267,4,1200.54,44.81,USD,4757.349999999999
TXN_002779,2024-03-02 09:06:00,S027,P458,8,696.69,1.71,GBP,5571.81
TXN_002780,2024-03-26 16:25:00,S054,P460,6,1167.99,16.73,USD,6991.210000000001
TXN_002781,2024-03-13 11:42:00,S016,P120,2,616.87,19.74,EUR,1214.0
TXN_002782,2024-03-05 06:25:00,S007,P286,8,264.76,38.4,USD,2079.68
TXN_002783,2024-03-10 04:34:00,S081,P210,4,326.24,30.84,USD,1274.1200000000001
TXN_002784,2024-03-24 21:38:00,S096,P770,7,700.81,24.25,USD,4881.42
TXN_002785,2024-03-15 06:23:00,S084,P030,6,909.61,19.78,EUR,5437.88
TXN_002786,2024-03-30 01:53:00,S043,P505,6,434.91,17.04,EUR,2592.42
TXN_002787,2024-03-16 13:40:00,S014,P617,4,715.98,25.51,GBP,2838.41
TXN_002788,2024-03-07 09:38:00,S069,P346,9,335.33,0.58,EUR,3017.39
TXN_002789,2024-03-15 22:23:00,S050,P065,3,1185.52,1.86,GBP,3554.7
TXN_002790,2024-03-24 09:17:00,S052,P609,3,866.37,22.59,EUR,2576.52
TXN_002791,2024-03-29 17:53:00,S062,P114,1,742.02,13.9,GBP,728.12
TXN_002792,2024-03-17 11:48:00,S078,P557,1,1194.66,9.42,EUR,1185.24
TXN_002793,2024-03-08 01:18:00,S084,P835,6,613.93,46.19,GBP,3637.39
TXN_002794,2024-03-07 00:28:00,S100,P626,3,64.51,47.31,EUR,146.22000000000003
TXN_002795,2024-03-01 03:50:00,S074,P018,6,927.15,3.31,GBP,5559.589999999999
TXN_002796,2024-03-16 15:51:00,S075,P715,9,988.85,39.87,GBP,8859.779999999999
TXN_002797,2024-03-10 09:28:00,S079,P031,9,921.28,6.03,GBP,8285.49
TXN_002798,2024-03-02 21:32:00,S024,P132,7,394.98,44.12,GBP,2720.7400000000002
TXN_002799,2024-03-20 05:03:00,S066,P297,5,383.69,14.4,GBP,1904.05
TXN_002800,2024-03-23 13:16:00,S013,P768,4,1158.78,36.78,USD,4598.34
TXN_002801,2024-03-16 03:18:00,S064,P133,2,539.74,39.69,USD,1039.79
TXN_002802,2024-03-04 10:37:00,S072,P151,1,1459.08,9.3,USD,1449.78
TXN_002803,2024-03-03 18:22:00,S072,P481,2,427.23,22.51,GBP,831.95
TXN_002804,2024-03-21 14:10:00,S023,P049,3,285.44,11.87,EUR,844.4499999999999
TXN_002805,2024-03-22 23:50:00,S038,P598,1,256.37,28.3,GBP,228.07
TXN_002806,2024-03-28 16:32:00,S095,P158,5,1465.36,18.86,EUR,7307.94
TXN_002807,2024-03-04 14:33:00,S041,P316,3,1109.82,1.98,USD,3327.48
TXN_002808,2024-03-27 11:46:00,S062,P914,6,15.6,29.17,USD,64.42999999999999
TXN_002809,2024-03-12 12:10:00,S035,P148,4,963.46,29.02,USD,3824.82
TXN_002810,2024-03-07 20:24:00,S006,P742,7,1297.79,44.71,USD,9039.82
TXN_002811,2024-03-29 02:16:00,S045,P076,3,1397.52,46.63,EUR,4145.929999999999
TXN_002812,2024-03-05 20:35:00,S096,P809,1,565.64,11.85,GBP,553.79
TXN_002813,2024-03-05 15:42:00,S058,P068,1,1040.35,46.8,USD,993.55
TXN_002814,2024-03-10 00:55:00,S033,P496,8,1418.6,11.92,GBP,11336.88
TXN_002815,2024-03-25 03:40:00,S072,P218,6,817.91,32.67,EUR,4874.79
TXN_002816,2024-03-30 03:58:00,S070,P383,2,1277.64,35.28,GBP,2520.0
TXN_002817,2024-03-22 07:47:00,S001,P920,4,868.68,5.09,USD,3469.6299999999997
TXN_002818,2024-03-18 04:18:00,S086,P939,6,1316.5,23.64,EUR,7875.36
TXN_002819,2024-03-29 20:48:00,S089,P980,1,1146.21,41.19,GBP,1105.02
TXN_002820,2024-03-17 09:06:00,S058,P020,6,965.03,24.54,EUR,5765.64
TXN_002821,2024-03-06 00:12:00,S089,P332,6,868.13,29.24,GBP,5179.54
TXN_002822,2024-03-23 02:45:00,S073,P746,1,1231.08,38.55,EUR,1192.53
TXN_002823,2024-03-11 09:58:00,S095,P517,5,823.54,43.57,EUR,4074.1299999999997
TXN_002824,2024-03-20 06:58:00,S035,P357,4,1127.2,17.71,GBP,4491.09
TXN_002825,2024-03-08 03:25:00,S066,P516,4,1172.07,49.53,GBP,4638.75
TXN_002826,2024-03-10 09:46:00,S081,P577,8,1446.71,3.06,USD,11570.62
TXN_002827,2024-03-19 16:12:00,S001,P668,6,436.72,6.49,EUR,2613.8300000000004
TXN_002828,2024-03-11 21:35:00,S038,P373,4,1439.86,6.98,USD,5752.46
TXN_002829,2024-03-18 15:17:00,S008,P109,1,1380.89,16.56,EUR,1364.3300000000002
TXN_002830,2024-03-26 18:47:00,S096,P352,3,851.26,38.41,GBP,2515.37
TXN_002831,2024-03-02 09:59:00,S034,P045,4,1495.26,19.22,USD,5961.82
TXN_002832,2024-03-03 13:51:00,S004,P240,1,134.32,32.54,USD,101.78
TXN_002833,2024-03-11 06:29:00,S002,P828,4,324.41,38.37,GBP,1259.2700000000002
TXN_002834,2024-03-15 12:27:00,S068,P629,4,220.01,3.05,USD,876.99
TXN_002835,2024-03-01 12:42:00,S041,P840,4,427.92,20.57,GBP,1691.1100000000001
TXN_002836,2024-03-11 08:59:00,S039,P610,4,484.65,44.27,EUR,1894.33
TXN_002837,2024-03-10 21:33:00,S016,P912,8,41.23,30.0,USD,299.84
TXN_002838,2024-03-15 21:53:00,S078,P260,7,504.58,21.14,EUR,3510.92
TXN_002839,2024-03-03 09:35:00,S020,P106,9,525.16,42.55,EUR,4683.889999999999
TXN_002840,2024-03-07 15:16:00,S099,P864,1,887.77,11.72,GBP,876.05
TXN_002841,2024-03-08 22:27:00,S081,P856,6,238.39,9.57,USD,1420.77
TXN_002842,2024-03-22 04:58:00,S079,P967,8,1158.2,20.94,GBP,9244.66
TXN_002843,2024-03-01 11:22:00,S070,P777,1,1364.45,13.21,USD,1351.24
TXN_002844,2024-03-28 13:32:00,S080,P148,1,1009.2,49.4,EUR,959.8000000000001
TXN_002845,2024-03-11 06:34:00,S001,P022,9,1163.34,19.83,USD,10450.23
TXN_002846,2024-03-12 12:59:00,S009,P288,6,332.31,45.48,GBP,1948.38
TXN_002847,2024-03-14 14:27:00,S017,P076,8,240.07,16.49,USD,1904.07
TXN_002848,2024-03-04 21:53:00,S012,P522,1,1032.42,0.47,USD,1031.95
TXN_002849,2024-03-01 09:10:00,S061,P742,7,1477.14,9.57,GBP,10330.410000000002
TXN_002850,2024-03-21 19:24:00,S039,P237,1,1131.5,1.9,USD,1129.6
TXN_002851,2024-03-06 03:55:00,S020,P578,5,1478.53,28.31,EUR,7364.339999999999
TXN_002852,2024-03-27 15:21:00,S039,P544,9,698.84,49.24,EUR,6240.320000000001
TXN_002853,2024-03-02 06:18:00,S054,P988,7,112.24,34.52,EUR,751.16
TXN_002854,2024-03-13 02:06:00,S082,P584,4,633.24,15.33,USD,2517.63
TXN_002855,2024-03-28 03:07:00,S096,P628,6,1326.3,49.16,USD,7908.639999999999
TXN_002856,2024-03-20 21:35:00,S034,P551,3,149.27,16.46,GBP,431.3500000000001
TXN_002857,2024-03-04 16:24:00,S049,P581,4,831.83,12.29,USD,3315.03
TXN_002858,2024-03-24 03:41:00,S010,P567,3,1196.47,32.48,USD,3556.93
TXN_002859,2024-03-07 12:40:00,S057,P431,7,711.02,18.09,USD,4959.049999999999
TXN_002860,2024-03-14 06:02:00,S003,P688,6,144.04,4.16,GBP,860.08
TXN_002861,2024-03-10 12:54:00,S076,P565,2,769.65,21.18,USD,1518.12
TXN_002862,2024-03-06 18:23:00,S096,P303,9,549.33,34.78,USD,4909.1900000000005
TXN_002863,2024-03-18 20:01:00,S069,P205,1,164.75,5.07,USD,159.68
TXN_002864,2024-03-19 01:38:00,S032,P043,2,728.01,16.87,GBP,1439.15
TXN_002865,2024-03-23 22:49:00,S032,P125,2,944.45,14.38,EUR,1874.52
TXN_002866,2024-03-09 06:32:00,S049,P605,8,274.02,32.64,USD,2159.52
TXN_002867,2024-03-29 20:14:00,S042,P477,6,783.16,14.23,USD,4684.7300000000005
TXN_002868,2024-03-23 15:06:00,S084,P457,3,984.62,4.88,USD,2948.98
TXN_002869,2024-03-12 11:02:00,S060,P879,9,430.32,49.33,EUR,3823.55
TXN_002870,2024-03-22 02:34:00,S055,P396,8,323.53,48.25,GBP,2539.99
TXN_002871,2024-03-22 02:54:00,S031,P014,7,1430.82,12.51,USD,10003.23
TXN_002872,2024-03-09 15:09:00,S054,P953,1,1369.63,42.04,USD,1327.5900000000001
TXN_002873,2024-03-23 13:16:00,S099,P920,8,1259.37,42.43,USD,10032.529999999999
TXN_002874,2024-03-15 18:22:00,S006,P467,8,11.48,15.99,GBP,75.85000000000001
TXN_002875,2024-03-08 00:53:00,S037,P470,4,1388.92,25.99,USD,5529.6900000000005
TXN_002876,2024-03-12 18:03:00,S053,P103,6,168.34,33.43,USD,976.61
TXN_002877,2024-03-24 10:15:00,S089,P856,9,171.64,29.46,EUR,1515.2999999999997
TXN_002878,2024-03-04 04:11:00,S040,P673,2,195.29,36.23,GBP,354.34999999999997
TXN_002879,2024-03-28 07:31:00,S065,P947,7,331.19,2.14,USD,2316.19
TXN_002880,2024-03-16 16:31:00,S045,P227,1,646.91,36.05,GBP,610.86
TXN_002881,2024-03-11 19:53:00,S060,P402,7,299.93,49.68,EUR,2049.8300000000004
TXN_002882,2024-03-07 12:55:00,S032,P318,7,17.64,38.16,USD,85.32000000000001
TXN_002883,2024-03-16 23:35:00,S087,P891,9,571.6,48.32,EUR,5096.080000000001
TXN_002884,2024-03-27 07:35:00,S046,P737,8,1091.83,38.91,GBP,8695.73
TXN_002885,2024-03-30 23:21:00,S010,P749,4,1406.61,39.95,GBP,5586.49
TXN_002886,2024-03-10 23:58:00,S086,P259,1,1452.25,37.49,USD,1414.76
TXN_002887,2024-03-19 06:30:00,S036,P672,7,329.71,15.92,GBP,2292.0499999999997
TXN_002888,2024-03-17 05:38:00,S075,P250,1,135.67,4.9,EUR,130.76999999999998
TXN_002889,2024-03-16 05:16:00,S060,P317,7,1264.37,44.32,USD,8806.27
TXN_002890,2024-03-10 01:24:00,S098,P528,7,271.62,19.98,USD,1881.3600000000001
TXN_002891,2024-03-29 21:49:00,S083,P186,7,1124.02,11.43,EUR,7856.709999999999
TXN_002892,2024-03-16 13:17:00,S078,P706,3,1238.55,42.65,USD,3672.9999999999995
TXN_002893,2024-03-18 04:49:00,S060,P924,8,950.44,20.75,GBP,7582.77
TXN_002894,2024-03-19 16:06:00,S036,P927,5,1443.49,10.77,USD,7206.679999999999
TXN_002895,2024-03-27 18:59:00,S082,P647,6,1158.73,35.51,GBP,6916.87
TXN_002896,2024-03-25 04:33:00,S017,P151,6,1367.24,22.58,GBP,8180.860000000001
TXN_002897,2024-03-14 04:16:00,S083,P671,2,791.56,2.0,GBP,1581.12
TXN_002898,2024-03-30 11:27:00,S066,P101,3,1395.94,9.4,GBP,4178.42
TXN_002899,2024-03-22 01:43:00,S042,P538,5,171.85,18.36,USD,840.89
TXN_002900,2024-03-15 15:33:00,S034,P975,9,810.93,9.03,GBP,7289.34
TXN_002901,2024-03-29 11:42:00,S041,P068,6,306.61,21.33,USD,1818.3300000000002
TXN_002902,2024-03-03 20:08:00,S038,P240,8,1470.52,30.05,USD,11734.11
TXN_002903,2024-03-30 19:35:00,S081,P694,8,1010.31,5.3,GBP,8077.179999999999
TXN_002904,2024-03-10 01:45:00,S032,P185,9,814.42,17.17,USD,7312.61
TXN_002905,2024-03-10 02:36:00,S006,P823,4,654.88,31.5,USD,2588.02
TXN_002906,2024-03-28 14:23:00,S043,P091,4,153.4,45.51,USD,568.09
TXN_002907,2024-03-09 22:27:00,S096,P661,7,1493.55,30.76,EUR,10424.09
TXN_002908,2024-03-26 02:40:00,S041,P384,3,250.14,38.45,USD,711.9699999999999
TXN_002909,2024-03-30 03:49:00,S089,P949,6,863.34,9.95,EUR,5170.09
TXN_002910,2024-03-13 00:07:00,S052,P577,2,184.77,21.61,USD,347.93
TXN_002911,2024-03-01 00:27:00,S045,P008,8,1178.9,34.16,USD,9397.04
TXN_002912,2024-03-06 02:10:00,S096,P979,9,1386.96,27.21,EUR,12455.43
TXN_002913,2024-03-18 02:11:00,S076,P325,1,1094.17,46.64,GBP,1047.53
TXN_002914,2024-03-18 09:26:00,S060,P309,5,350.84,44.39,USD,1709.8099999999997
TXN_002915,2024-03-21 02:02:00,S046,P020,6,317.92,40.75,GBP,1866.77
TXN_002916,2024-03-30 19:38:00,S083,P673,3,447.99,31.02,GBP,1312.95
TXN_002917,2024-03-13 12:02:00,S015,P373,1,1430.55,7.75,EUR,1422.8
TXN_002918,2024-03-10 08:47:00,S092,P249,9,717.63,33.3,USD,6425.37
TXN_002919,2024-03-20 22:02:00,S022,P231,5,706.84,16.78,GBP,3517.42
TXN_002920,2024-03-06 04:20:00,S074,P504,3,1430.93,32.97,GBP,4259.82
TXN_002921,2024-03-26 07:42:00,S061,P733,4,354.02,43.83,EUR,1372.25
TXN_002922,2024-03-05 12:40:00,S015,P965,3,963.45,1.83,USD,2888.5200000000004
TXN_002923,2024-03-22 08:40:00,S003,P325,6,28.18,22.5,USD,146.57999999999998
TXN_002924,2024-03-23 14:26:00,S001,P279,7,236.69,34.24,GBP,1622.59
TXN_002925,2024-03-06 21:11:00,S026,P843,7,354.11,41.56,USD,2437.21
TXN_002926,2024-03-24 14:29:00,S019,P037,7,875.37,28.05,GBP,6099.54
TXN_002927,2024-03-09 17:23:00,S019,P983,7,1032.4,31.47,GBP,7195.330000000001
TXN_002928,2024-03-09 13:47:00,S085,P553,3,941.41,6.17,USD,2818.06
TXN_002929,2024-03-02 10:04:00,S042,P637,5,144.37,0.14,USD,721.71
TXN_002930,2024-03-18 05:30:00,S028,P631,8,177.05,29.0,GBP,1387.4
TXN_002931,2024-03-15 23:59:00,S010,P994,3,1038.97,37.06,EUR,3079.85
TXN_002932,2024-03-19 05:15:00,S011,P644,7,1128.68,5.45,EUR,7895.31
TXN_002933,2024-03-22 06:29:00,S058,P144,3,1087.56,22.67,USD,3240.0099999999998
TXN_002934,2024-03-24 03:41:00,S022,P678,8,748.19,23.99,GBP,5961.530000000001
TXN_002935,2024-03-14 22:35:00,S006,P416,9,1318.89,10.07,EUR,11859.94
TXN_002936,2024-03-19 06:51:00,S028,P545,8,976.6,47.96,USD,7764.84
TXN_002937,2024-03-05 09:09:00,S064,P416,9,889.77,29.52,GBP,7978.41
TXN_002938,2024-03-22 20:23:00,S053,P245,6,1178.74,44.98,USD,7027.460000000001
TXN_002939,2024-03-14 06:51:00,S064,P049,3,1104.07,40.92,EUR,3271.29
TXN_002940,2024-03-08 22:45:00,S024,P787,4,577.85,27.47,USD,2283.9300000000003
TXN_002941,2024-03-01 11:47:00,S083,P531,7,1007.3,30.5,GBP,7020.599999999999
TXN_002942,2024-03-29 23:13:00,S017,P131,4,316.36,31.25,GBP,1234.19
TXN_002943,2024-03-10 16:47:00,S047,P900,5,973.49,45.52,USD,4821.929999999999
TXN_002944,2024-03-14 11:16:00,S061,P590,8,602.13,34.82,EUR,4782.22
TXN_002945,2024-03-22 21:03:00,S098,P020,5,859.64,28.9,GBP,4269.3
TXN_002946,2024-03-18 07:07:00,S054,P016,3,362.61,37.35,EUR,1050.48
TXN_002947,2024-03-10 19:31:00,S023,P770,2,292.76,47.16,USD,538.36
TXN_002948,2024-03-15 19:16:00,S031,P671,6,931.04,24.68,GBP,5561.5599999999995
TXN_002949,2024-03-26 09:31:00,S085,P635,7,1419.92,45.64,USD,9893.800000000001
TXN_002950,2024-03-21 07:40:00,S093,P1000,5,702.69,36.54,GBP,3476.9100000000003
TXN_002951,2024-03-23 22:15:00,S052,P337,7,382.67,28.95,EUR,2649.7400000000002
TXN_002952,2024-03-14 08:58:00,S071,P444,8,850.14,7.61,USD,6793.51
TXN_002953,2024-03-23 05:13:00,S097,P618,6,1068.34,34.15,EUR,6375.889999999999
TXN_002954,2024-03-18 09:38:00,S021,P208,3,40.98,41.38,USD,81.56
TXN_002955,2024-03-09 00:51:00,S059,P648,9,568.31,18.54,USD,5096.249999999999
TXN_002956,2024-03-25 19:30:00,S062,P878,2,520.29,14.81,GBP,1025.77
TXN_002957,2024-03-02 13:11:00,S044,P843,4,983.65,42.36,USD,3892.24
TXN_002958,2024-03-22 15:20:00,S032,P760,3,470.68,25.08,GBP,1386.96
TXN_002959,2024-03-04 14:08:00,S028,P428,8,593.18,31.44,USD,4714.0
TXN_002960,2024-03-10 20:16:00,S009,P434,6,637.85,34.35,GBP,3792.7500000000005
TXN_002961,2024-03-02 08:38:00,S024,P657,5,1137.36,18.99,GBP,5667.8099999999995
TXN_002962,2024-03-14 07:17:00,S041,P316,6,190.4,26.72,USD,1115.68
TXN_002963,2024-03-25 08:20:00,S096,P777,5,1347.37,39.15,GBP,6697.7
TXN_002964,2024-03-06 22:07:00,S076,P896,2,747.89,11.97,GBP,1483.81
TXN_002965,2024-03-12 00:29:00,S072,P380,7,313.96,22.01,EUR,2175.7099999999996
TXN_002966,2024-03-21 14:33:00,S059,P533,2,1376.62,25.56,USD,2727.68
TXN_002967,2024-03-14 07:23:00,S021,P063,9,507.75,17.19,EUR,4552.56
TXN_002968,2024-03-02 20:37:00,S033,P365,6,808.68,49.37,USD,4802.71
TXN_002969,2024-03-20 18:38:00,S086,P160,5,1027.01,22.02,USD,5113.03
TXN_002970,2024-03-03 04:51:00,S087,P692,1,915.41,34.07,EUR,881.3399999999999
TXN_002971,2024-03-03 23:10:00,S052,P073,6,769.67,7.73,EUR,4610.29
TXN_002972,2024-03-16 11:48:00,S076,P781,6,75.21,10.85,GBP,440.40999999999997
TXN_002973,2024-03-27 16:55:00,S066,P656,7,684.51,28.4,EUR,4763.17
TXN_002974,2024-03-05 19:32:00,S031,P205,7,286.55,46.32,USD,1959.5300000000002
TXN_002975,2024-03-11 09:40:00,S036,P815,8,580.93,6.88,USD,4640.5599999999995
TXN_002976,2024-03-17 21:25:00,S016,P998,6,227.8,40.81,USD,1325.9900000000002
TXN_002977,2024-03-23 17:11:00,S004,P241,2,1051.09,32.53,GBP,2069.6499999999996
TXN_002978,2024-03-25 12:09:00,S099,P038,5,482.2,17.06,USD,2393.94
TXN_002979,2024-03-26 23:50:00,S055,P827,2,1195.28,33.14,USD,2357.42
TXN_002980,2024-03-28 05:30:00,S001,P532,4,436.46,2.69,GBP,1743.1499999999999
TXN_002981,2024-03-18 23:07:00,S059,P767,5,1137.08,20.78,USD,5664.62
TXN_002982,2024-03-05 06:53:00,S029,P235,1,1182.33,35.69,GBP,1146.6399999999999
TXN_002983,2024-03-08 07:23:00,S045,P361,1,514.73,25.95,EUR,488.78000000000003
TXN_002984,2024-03-20 14:34:00,S005,P498,3,247.99,28.77,GBP,715.2
TXN_002985,2024-03-09 16:48:00,S088,P806,9,1434.32,34.83,GBP,12874.05
TXN_002986,2024-03-15 09:51:00,S028,P567,2,24.48,17.83,EUR,31.130000000000003
TXN_002987,2024-03-11 01:27:00,S007,P019,9,738.52,41.01,GBP,6605.67
TXN_002988,2024-03-25 00:23:00,S022,P801,4,357.45,24.34,USD,1405.46
TXN_002989,2024-03-28 04:43:00,S026,P997,5,1363.93,44.27,GBP,6775.38
TXN_002990,2024-03-06 18:28:00,S073,P396,9,1074.88,6.94,GBP,9666.980000000001
TXN_002991,2024-03-03 22:23:00,S021,P130,7,975.99,17.55,EUR,6814.38
TXN_002992,2024-03-27 21:52:00,S045,P845,9,1211.56,7.42,EUR,10896.619999999999
TXN_002993,2024-03-05 01:01:00,S044,P975,9,368.36,40.08,USD,3275.1600000000003
TXN_002994,2024-03-30 02:34:00,S050,P508,9,685.83,34.05,EUR,6138.42
TXN_002995,2024-03-10 08:10:00,S088,P499,3,235.27,12.47,USD,693.34
TXN_002996,2024-03-09 08:38:00,S029,P435,7,1388.99,22.8,EUR,9700.130000000001
TXN_002997,2024-03-09 02:24:00,S098,P063,9,498.46,12.88,GBP,4473.259999999999
TXN_002998,2024-03-28 11:04:00,S091,P153,6,729.95,1.42,EUR,4378.280000000001
TXN_002999,2024-03-07 16:44:00,S011,P497,1,865.93,45.17,USD,820.76
TXN_003000,2024-03-29 15:43:00,S031,P450,2,1124.26,38.57,GBP,2209.95
TXN_003001,2024-03-20 06:12:00,S085,P023,9,598.92,36.67,USD,5353.61
TXN_003002,2024-03-14 14:05:00,S089,P673,8,577.79,26.28,GBP,4596.04
TXN_003003,2024-03-29 15:31:00,S062,P686,1,667.1,10.33,USD,656.77
TXN_003004,2024-03-02 12:51:00,S034,P541,7,870.87,47.79,USD,6048.3
TXN_003005,2024-03-28 22:53:00,S041,P150,6,894.68,12.15,GBP,5355.93
TXN_003006,2024-03-04 04:30:00,S051,P259,5,1268.23,45.79,EUR,6295.36
TXN_003007,2024-03-05 19:08:00,S013,P980,2,579.0,2.47,USD,1155.53
TXN_003008,2024-03-25 08:42:00,S016,P994,1,1232.0,48.85,GBP,1183.15
TXN_003009,2024-03-02 05:27:00,S011,P310,5,543.65,10.94,USD,2707.31
TXN_003010,2024-03-23 11:33:00,S010,P834,1,425.84,5.84,EUR,420.0
TXN_003011,2024-03-04 23:20:00,S020,P375,4,918.18,42.31,USD,3630.41
TXN_003012,2024-03-29 14:44:00,S069,P756,7,545.04,1.2,USD,3814.08
TXN_003013,2024-03-09 22:19:00,S023,P266,9,628.16,37.72,EUR,5615.719999999999
TXN_003014,2024-03-30 00:36:00,S011,P761,4,1181.58,34.38,EUR,4691.94
TXN_003015,2024-03-13 16:17:00,S074,P752,9,892.86,33.29,GBP,8002.45
TXN_003016,2024-03-29 19:42:00,S030,P196,2,158.45,26.11,EUR,290.78999999999996
TXN_003017,2024-03-04 00:10:00,S057,P336,8,1177.11,35.45,GBP,9381.429999999998
TXN_003018,2024-03-04 13:48:00,S071,P938,8,322.99,39.53,EUR,2544.39
TXN_003019,2024-03-11 19:54:00,S066,P472,7,1080.67,17.69,USD,7547.000000000001
TXN_003020,2024-03-01 11:26:00,S034,P574,2,214.65,26.61,GBP,402.69
TXN_003021,2024-03-29 12:04:00,S080,P465,1,1237.14,41.91,GBP,1195.23
TXN_003022,2024-03-01 00:52:00,S044,P239,2,104.29,33.26,GBP,175.32000000000002
TXN_003023,2024-03-14 00:39:00,S041,P827,8,787.53,28.35,GBP,6271.889999999999
TXN_003024,2024-03-18 07:02:00,S094,P413,7,131.24,30.33,EUR,888.35
TXN_003025,2024-03-22 12:03:00,S019,P311,2,1392.37,44.13,GBP,2740.6099999999997
TXN_003026,2024-03-28 23:23:00,S050,P452,9,229.82,33.23,USD,2035.15
TXN_003027,2024-03-10 01:59:00,S080,P355,2,361.54,48.54,GBP,674.5400000000001
TXN_003028,2024-03-16 10:59:00,S015,P708,2,740.57,18.89,EUR,1462.25
TXN_003029,2024-03-05 21:46:00,S092,P670,7,1177.83,46.78,GBP,8198.029999999999
TXN_003030,2024-03-14 00:00:00,S008,P230,3,559.7,25.85,GBP,1653.2500000000002
TXN_003031,2024-03-08 11:45:00,S054,P837,1,537.91,19.15,GBP,518.76
TXN_003032,2024-03-05 04:02:00,S080,P264,9,1466.33,16.6,USD,13180.369999999999
TXN_003033,2024-03-05 00:07:00,S041,P338,5,501.57,22.95,GBP,2484.9
TXN_003034,2024-03-22 01:04:00,S061,P113,9,246.1,27.58,USD,2187.32
TXN_003035,2024-03-24 23:47:00,S084,P739,7,309.8,38.46,USD,2130.14
TXN_003036,2024-03-08 06:00:00,S098,P016,3,608.98,8.16,GBP,1818.78
TXN_003037,2024-03-20 08:08:00,S093,P298,3,1336.56,2.93,EUR,4006.75
TXN_003038,2024-03-06 12:54:00,S005,P543,3,977.12,23.06,GBP,2908.3
TXN_003039,2024-03-15 17:56:00,S054,P494,2,1078.13,38.71,USD,2117.55
TXN_003040,2024-03-20 19:55:00,S093,P024,6,277.51,5.54,EUR,1659.52
TXN_003041,2024-03-12 07:50:00,S036,P995,4,677.38,8.84,GBP,2700.68
TXN_003042,2024-03-23 09:53:00,S013,P565,1,1261.86,15.44,GBP,1246.4199999999998
TXN_003043,2024-03-29 15:20:00,S047,P214,2,265.57,23.25,EUR,507.89
TXN_003044,2024-03-23 03:22:00,S081,P791,8,1269.58,43.12,EUR,10113.519999999999
TXN_003045,2024-03-20 18:52:00,S074,P440,7,980.69,48.75,USD,6816.08
TXN_003046,2024-03-05 22:23:00,S052,P921,9,935.52,46.42,EUR,8373.26
TXN_003047,2024-03-20 18:14:00,S025,P621,7,795.84,13.45,GBP,5557.43
TXN_003048,2024-03-12 09:47:00,S093,P054,1,157.6,43.06,EUR,114.53999999999999
TXN_003049,2024-03-26 12:03:00,S084,P541,9,1046.03,29.49,EUR,9384.78
TXN_003050,2024-03-29 08:54:00,S052,P680,9,928.51,4.5,USD,8352.09
TXN_003051,2024-03-08 18:07:00,S064,P112,3,332.36,10.34,EUR,986.74
TXN_003052,2024-03-15 07:18:00,S088,P318,6,58.79,3.89,USD,348.85
TXN_003053,2024-03-29 22:24:00,S096,P790,3,1066.08,33.8,EUR,3164.4399999999996
TXN_003054,2024-03-23 15:13:00,S100,P054,7,477.91,14.21,USD,3331.1600000000003
TXN_003055,2024-03-10 20:39:00,S099,P633,8,929.04,1.56,EUR,7430.759999999999
TXN_003056,2024-03-06 21:26:00,S004,P369,9,109.8,46.45,GBP,941.7499999999999
TXN_003057,2024-03-24 11:10:00,S067,P862,9,165.14,41.41,USD,1444.8499999999997
TXN_003058,2024-03-06 08:35:00,S055,P904,1,1030.2,13.55,GBP,1016.6500000000001
TXN_003059,2024-03-19 03:03:00,S043,P217,1,1062.48,32.3,USD,1030.18
TXN_003060,2024-03-27 21:05:00,S029,P994,4,621.44,34.78,GBP,2450.98
TXN_003061,2024-03-29 12:41:00,S072,P369,9,1489.63,25.41,GBP,13381.260000000002
TXN_003062,2024-03-01 08:26:00,S003,P050,7,1269.55,12.9,USD,8873.95
TXN_003063,2024-03-21 02:40:00,S005,P931,2,934.31,34.17,USD,1834.4499999999998
TXN_003064,2024-03-30 22:52:00,S060,P512,9,272.57,27.33,USD,2425.8
TXN_003065,2024-03-26 08:33:00,S016,P950,8,49.04,40.31,EUR,352.01
TXN_003066,2024-03-01 01:52:00,S033,P403,1,1080.37,29.2,EUR,1051.1699999999998
TXN_003067,2024-03-22 07:15:00,S007,P550,6,428.12,45.6,GBP,2523.1200000000003
TXN_003068,2024-03-04 23:35:00,S086,P304,1,384.41,42.68,USD,341.73
TXN_003069,2024-03-28 10:18:00,S061,P148,9,1300.82,34.04,EUR,11673.339999999998
TXN_003070,2024-03-11 07:20:00,S049,P465,8,903.99,39.07,EUR,7192.85
TXN_003071,2024-03-21 06:37:00,S028,P913,8,821.64,18.46,USD,6554.66
TXN_003072,2024-03-18 12:37:00,S056,P475,1,912.13,14.51,USD,897.62
TXN_003073,2024-03-06 07:17:00,S075,P166,3,1322.07,14.04,GBP,3952.17
TXN_003074,2024-03-25 13:33:00,S043,P181,8,1282.88,13.54,EUR,10249.5
TXN_003075,2024-03-14 01:39:00,S097,P204,6,733.5,18.94,EUR,4382.06
TXN_003076,2024-03-28 12:35:00,S075,P564,3,701.77,34.2,EUR,2071.11
TXN_003077,2024-03-26 16:13:00,S098,P260,8,736.12,42.61,USD,5846.35
TXN_003078,2024-03-04 14:28:00,S032,P689,6,987.33,23.19,GBP,5900.790000000001
TXN_003079,2024-03-05 02:04:00,S037,P233,9,359.63,28.47,EUR,3208.2000000000003
TXN_003080,2024-03-11 12:40:00,S053,P013,9,600.41,26.72,USD,5376.969999999999
TXN_003081,2024-03-11 17:20:00,S040,P549,6,355.23,29.02,USD,2102.36
TXN_003082,2024-03-12 03:52:00,S023,P168,8,371.01,28.63,EUR,2939.45
TXN_003083,2024-03-25 17:44:00,S024,P391,7,83.23,42.96,USD,539.65
TXN_003084,2024-03-09 09:39:00,S016,P353,9,491.46,22.06,EUR,4401.079999999999
TXN_003085,2024-03-13 12:50:00,S019,P609,8,22.92,19.52,USD,163.84
TXN_003086,2024-03-04 15:03:00,S002,P149,9,924.09,11.49,EUR,8305.32
TXN_003087,2024-03-14 18:47:00,S042,P723,7,29.4,32.02,USD,173.77999999999997
TXN_003088,2024-03-21 03:09:00,S080,P813,1,258.19,30.74,EUR,227.45
TXN_003089,2024-03-02 19:06:00,S043,P261,8,742.13,42.84,EUR,5894.2
TXN_003090,2024-03-16 09:29:00,S022,P826,6,750.3,8.18,GBP,4493.619999999999
TXN_003091,2024-03-23 07:47:00,S071,P249,5,548.37,13.87,EUR,2727.98
TXN_003092,2024-03-29 17:47:00,S077,P506,5,282.26,47.67,GBP,1363.6299999999999
TXN_003093,2024-03-10 11:21:00,S046,P202,2,947.63,17.23,USD,1878.03
TXN_003094,2024-03-12 08:38:00,S049,P469,7,589.43,47.88,EUR,4078.129999999999
TXN_003095,2024-03-03 13:54:00,S058,P156,8,1335.44,46.92,USD,10636.6
TXN_003096,2024-03-12 10:18:00,S063,P109,2,95.05,13.34,GBP,176.76
TXN_003097,2024-03-14 12:38:00,S019,P982,8,304.63,6.52,USD,2430.52
TXN_003098,2024-03-29 18:31:00,S027,P425,3,741.52,30.0,GBP,2194.56
TXN_003099,2024-03-07 17:34:00,S051,P160,2,663.2,48.81,GBP,1277.5900000000001
TXN_003100,2024-03-02 19:08:00,S044,P364,7,156.9,47.23,USD,1051.07
TXN_003101,2024-03-03 18:13:00,S046,P451,5,371.68,38.85,GBP,1819.5500000000002
TXN_003102,2024-03-04 10:39:00,S045,P127,5,103.28,49.91,USD,466.49
TXN_003103,2024-03-28 11:47:00,S056,P635,9,611.83,32.5,USD,5473.97
TXN_003104,2024-03-14 15:30:00,S080,P944,3,1430.15,18.85,EUR,4271.6
TXN_003105,2024-03-01 04:44:00,S099,P303,5,1399.85,1.85,EUR,6997.4
TXN_003106,2024-03-13 07:44:00,S089,P350,8,634.47,47.28,GBP,5028.4800000000005
TXN_003107,2024-03-11 06:30:00,S100,P956,1,1414.73,1.8,GBP,1412.93
TXN_003108,2024-03-07 05:57:00,S073,P947,5,1069.25,37.28,EUR,5308.97
TXN_003109,2024-03-22 21:12:00,S023,P564,6,1084.26,41.53,EUR,6464.03
TXN_003110,2024-03-21 10:56:00,S076,P242,1,338.62,4.08,EUR,334.54
TXN_003111,2024-03-19 13:23:00,S074,P259,2,822.72,9.0,GBP,1636.44
TXN_003112,2024-03-28 01:40:00,S059,P343,1,1369.58,26.8,USD,1342.78
TXN_003113,2024-03-07 13:10:00,S016,P984,6,889.93,5.42,GBP,5334.16
TXN_003114,2024-03-09 17:05:00,S047,P949,3,1035.81,9.95,EUR,3097.48
TXN_003115,2024-03-22 00:18:00,S095,P373,3,911.68,19.1,USD,2715.94
TXN_003116,2024-03-09 02:11:00,S011,P547,9,1114.15,13.64,USD,10013.710000000001
TXN_003117,2024-03-27 11:05:00,S022,P305,8,1075.41,15.52,GBP,8587.76
TXN_003118,2024-03-06 17:52:00,S028,P512,5,694.44,42.8,GBP,3429.4
TXN_003119,2024-03-18 12:52:00,S008,P826,5,1163.22,7.14,GBP,5808.96
TXN_003120,2024-03-14 20:40:00,S011,P938,4,348.23,18.44,GBP,1374.48
TXN_003121,2024-03-27 14:12:00,S041,P497,2,273.16,40.06,GBP,506.26000000000005
TXN_003122,2024-03-13 00:46:00,S059,P330,4,1415.35,8.16,EUR,5653.24
TXN_003123,2024-03-18 08:28:00,S096,P514,6,1292.32,47.46,EUR,7706.46
TXN_003124,2024-03-02 03:27:00,S059,P216,6,1174.76,41.95,USD,7006.61
TXN_003125,2024-03-21 09:20:00,S065,P891,1,904.59,31.04,EUR,873.5500000000001
TXN_003126,2024-03-01 11:00:00,S056,P840,6,676.48,37.3,EUR,4021.58
TXN_003127,2024-03-07 13:24:00,S041,P999,4,746.96,13.06,EUR,2974.78
TXN_003128,2024-03-29 11:58:00,S017,P899,8,659.19,20.95,USD,5252.570000000001
TXN_003129,2024-03-13 21:56:00,S023,P628,5,1081.77,44.07,EUR,5364.780000000001
TXN_003130,2024-03-09 03:46:00,S064,P890,3,453.14,46.75,GBP,1312.67
TXN_003131,2024-03-02 07:14:00,S039,P478,1,279.04,49.61,GBP,229.43
TXN_003132,2024-03-02 04:31:00,S032,P774,3,741.02,42.49,GBP,2180.57
TXN_003133,2024-03-13 06:55:00,S069,P345,1,1293.45,18.98,EUR,1274.47
TXN_003134,2024-03-01 00:21:00,S011,P011,2,1398.05,2.29,GBP,2793.81
TXN_003135,2024-03-12 12:39:00,S039,P323,5,1483.82,17.98,GBP,7401.12
TXN_003136,2024-03-08 03:25:00,S097,P121,8,554.96,34.87,USD,4404.81
TXN_003137,2024-03-20 19:30:00,S059,P375,4,640.13,18.78,EUR,2541.74
TXN_003138,2024-03-12 20:59:00,S082,P401,8,1037.49,29.28,EUR,8270.64
TXN_003139,2024-03-25 04:13:00,S036,P204,8,1334.51,3.83,EUR,10672.25
TXN_003140,2024-03-03 06:55:00,S077,P926,2,1233.68,43.12,USD,2424.2400000000002
TXN_003141,2024-03-03 02:30:00,S074,P263,4,719.22,14.34,USD,2862.54
TXN_003142,2024-03-26 20:44:00,S058,P181,2,639.85,21.28,EUR,1258.42
TXN_003143,2024-03-25 11:30:00,S013,P248,8,828.22,41.47,GBP,6584.29
TXN_003144,2024-03-22 15:13:00,S081,P032,1,208.82,3.29,USD,205.53
TXN_003145,2024-03-05 23:45:00,S099,P491,3,1420.96,2.87,USD,4260.01
TXN_003146,2024-03-04 23:56:00,S022,P979,5,80.54,48.23,GBP,354.47
TXN_003147,2024-03-10 04:59:00,S051,P704,5,373.45,17.54,GBP,1849.71
TXN_003148,2024-03-30 08:37:00,S069,P059,4,699.35,27.93,GBP,2769.4700000000003
TXN_003149,2024-03-23 03:18:00,S045,P908,7,1293.04,23.65,EUR,9027.63
TXN_003150,2024-03-22 10:17:00,S029,P209,3,75.36,45.31,EUR,180.76999999999998
TXN_003151,2024-03-22 21:20:00,S005,P816,4,913.81,21.33,GBP,3633.91
TXN_003152,2024-03-24 19:28:00,S085,P387,7,281.97,33.94,USD,1939.8500000000001
TXN_003153,2024-03-04 13:17:00,S035,P272,6,196.23,27.94,EUR,1149.4399999999998
TXN_003154,2024-03-29 00:55:00,S013,P089,6,838.36,40.54,GBP,4989.62
TXN_003155,2024-03-09 19:14:00,S087,P793,1,812.68,16.72,GBP,795.9599999999999
TXN_003156,2024-03-22 10:24:00,S059,P662,2,1117.86,46.63,GBP,2189.0899999999997
TXN_003157,2024-03-25 08:04:00,S069,P060,6,1447.72,39.77,EUR,8646.55
TXN_003158,2024-03-16 05:38:00,S080,P890,1,331.39,0.87,GBP,330.52
TXN_003159,2024-03-15 10:44:00,S042,P700,9,902.68,44.55,GBP,8079.57
TXN_003160,2024-03-26 15:41:00,S046,P122,4,247.82,28.63,GBP,962.65
TXN_003161,2024-03-18 02:00:00,S009,P956,8,920.59,38.85,GBP,7325.87
TXN_003162,2024-03-09 22:28:00,S072,P613,2,1375.95,36.64,USD,2715.26
TXN_003163,2024-03-06 03:40:00,S049,P360,3,782.38,7.87,USD,2339.27
TXN_003164,2024-03-02 06:54:00,S091,P281,6,1477.96,7.76,USD,8860.0
TXN_003165,2024-03-11 04:47:00,S071,P443,3,1346.52,35.11,EUR,4004.45
TXN_003166,2024-03-16 07:53:00,S036,P703,4,347.49,45.97,GBP,1343.99
TXN_003167,2024-03-06 19:38:00,S008,P683,4,129.66,37.17,USD,481.46999999999997
TXN_003168,2024-03-04 04:21:00,S088,P438,3,809.95,37.17,USD,2392.6800000000003
TXN_003169,2024-03-15 11:04:00,S017,P485,7,996.31,47.78,EUR,6926.39
TXN_003170,2024-03-21 13:31:00,S018,P652,1,1363.6,21.93,EUR,1341.6699999999998
TXN_003171,2024-03-23 04:03:00,S010,P207,1,259.53,5.64,USD,253.89
TXN_003172,2024-03-21 01:48:00,S019,P383,8,1213.32,15.59,USD,9690.97
TXN_003173,2024-03-03 16:13:00,S012,P417,8,226.47,15.15,USD,1796.61
TXN_003174,2024-03-30 20:19:00,S051,P389,7,1351.2,30.87,USD,9427.529999999999
TXN_003175,2024-03-05 00:47:00,S075,P752,1,1151.11,32.84,GBP,1118.27
TXN_003176,2024-03-25 05:05:00,S060,P709,9,255.7,6.51,USD,2294.7899999999995
TXN_003177,2024-03-12 09:44:00,S038,P670,6,1395.64,17.29,USD,8356.55
TXN_003178,2024-03-08 09:38:00,S060,P211,5,1048.77,25.8,USD,5218.05
TXN_003179,2024-03-15 12:39:00,S009,P192,5,113.21,40.67,EUR,525.38
TXN_003180,2024-03-26 14:03:00,S075,P958,2,225.35,10.65,EUR,440.05
TXN_003181,2024-03-08 17:47:00,S083,P204,3,236.78,18.87,GBP,691.47
TXN_003182,2024-03-21 12:21:00,S040,P123,8,843.16,15.68,EUR,6729.599999999999
TXN_003183,2024-03-22 23:07:00,S001,P716,6,871.52,33.14,USD,5195.98
TXN_003184,2024-03-25 09:01:00,S014,P195,7,1215.74,1.21,GBP,8508.970000000001
TXN_003185,2024-03-15 03:32:00,S083,P932,6,905.11,20.58,GBP,5410.08
TXN_003186,2024-03-01 15:47:00,S054,P556,5,517.83,3.49,EUR,2585.6600000000003
TXN_003187,2024-03-23 14:01:00,S032,P286,1,598.61,4.33,EUR,594.28
TXN_003188,2024-03-17 00:41:00,S071,P136,8,103.52,27.23,GBP,800.93
TXN_003189,2024-03-27 13:58:00,S095,P998,6,1406.29,10.02,EUR,8427.72
TXN_003190,2024-03-10 22:38:00,S040,P509,8,379.0,8.09,USD,3023.91
TXN_003191,2024-03-01 20:02:00,S032,P996,7,1298.1,14.83,EUR,9071.869999999999
TXN_003192,2024-03-21 17:16:00,S084,P557,8,263.71,14.71,GBP,2094.97
TXN_003193,2024-03-15 05:35:00,S004,P479,4,1100.7,13.53,GBP,4389.27
TXN_003194,2024-03-17 11:52:00,S041,P360,1,762.25,8.18,EUR,754.07
TXN_003195,2024-03-02 19:18:00,S026,P366,5,859.97,22.18,EUR,4277.67
TXN_003196,2024-03-19 13:59:00,S020,P792,4,472.42,41.69,USD,1847.99
TXN_003197,2024-03-10 19:13:00,S040,P087,4,314.47,5.81,EUR,1252.0700000000002
TXN_003198,2024-03-24 12:37:00,S083,P525,7,263.69,33.26,EUR,1812.57
TXN_003199,2024-03-20 08:26:00,S004,P030,6,893.92,26.09,EUR,5337.429999999999
TXN_003200,2024-03-29 11:10:00,S085,P940,5,110.18,36.94,EUR,513.96
TXN_003201,2024-03-19 08:01:00,S016,P242,8,1191.01,15.53,USD,9512.55
TXN_003202,2024-03-09 06:10:00,S029,P159,4,188.35,27.29,GBP,726.11
TXN_003203,2024-03-02 14:08:00,S026,P457,7,942.24,40.91,EUR,6554.77
TXN_003204,2024-03-12 01:17:00,S083,P185,7,303.16,42.27,USD,2079.8500000000004
TXN_003205,2024-03-27 12:04:00,S079,P820,7,1077.61,16.37,EUR,7526.9
TXN_003206,2024-03-05 16:07:00,S070,P216,8,1307.82,11.02,USD,10451.539999999999
TXN_003207,2024-03-28 20:20:00,S077,P726,3,54.84,7.53,USD,156.99
TXN_003208,2024-03-08 22:48:00,S069,P800,9,574.99,31.68,GBP,5143.23
TXN_003209,2024-03-04 15:25:00,S036,P489,7,1415.4,18.65,EUR,9889.150000000001
TXN_003210,2024-03-17 09:20:00,S073,P208,2,1436.67,46.16,USD,2827.1800000000003
TXN_003211,2024-03-21 17:15:00,S038,P763,7,908.26,14.73,GBP,6343.09
TXN_003212,2024-03-16 10:05:00,S078,P142,9,1295.41,48.35,USD,11610.34
TXN_003213,2024-03-03 14:38:00,S071,P305,5,406.27,16.53,EUR,2014.82
TXN_003214,2024-03-13 06:21:00,S063,P493,7,1027.2,2.0,GBP,7188.400000000001
TXN_003215,2024-03-27 12:24:00,S019,P964,6,420.05,8.32,USD,2511.98
TXN_003216,2024-03-23 18:50:00,S051,P131,2,283.71,45.74,GBP,521.68
TXN_003217,2024-03-21 13:49:00,S047,P726,2,95.78,7.66,EUR,183.9
TXN_003218,2024-03-02 14:35:00,S073,P244,5,1091.33,16.22,EUR,5440.429999999999
TXN_003219,2024-03-15 08:33:00,S036,P617,7,1075.09,18.06,USD,7507.569999999999
TXN_003220,2024-03-23 12:28:00,S091,P753,6,1489.92,19.62,USD,8919.9
TXN_003221,2024-03-08 18:17:00,S075,P154,8,582.65,17.58,EUR,4643.62
TXN_003222,2024-03-09 07:05:00,S071,P827,7,373.18,23.12,GBP,2589.1400000000003
TXN_003223,2024-03-15 08:29:00,S077,P577,5,138.67,23.42,USD,669.93
TXN_003224,2024-03-24 12:42:00,S083,P214,2,558.21,7.52,USD,1108.9
TXN_003225,2024-03-25 18:21:00,S016,P749,5,952.87,48.59,GBP,4715.76
TXN_003226,2024-03-12 00:52:00,S067,P666,6,646.53,9.41,EUR,3869.77
TXN_003227,2024-03-16 09:45:00,S050,P933,1,375.8,28.7,GBP,347.1
TXN_003228,2024-03-14 06:01:00,S058,P094,8,1248.88,47.44,GBP,9943.6
TXN_003229,2024-03-27 05:38:00,S080,P432,9,1388.57,19.45,EUR,12477.679999999998
TXN_003230,2024-03-07 22:26:00,S064,P916,9,162.89,11.57,USD,1454.4399999999998
TXN_003231,2024-03-22 18:57:00,S007,P011,5,179.71,8.68,USD,889.8700000000001
TXN_003232,2024-03-18 18:01:00,S048,P103,9,778.82,38.6,EUR,6970.78
TXN_003233,2024-03-21 10:29:00,S049,P871,1,805.99,20.38,USD,785.61
TXN_003234,2024-03-14 02:03:00,S003,P175,4,800.39,31.76,EUR,3169.7999999999997
TXN_003235,2024-03-22 18:02:00,S062,P257,3,324.27,42.63,USD,930.18
TXN_003236,2024-03-08 11:20:00,S009,P738,2,665.27,9.59,GBP,1320.95
TXN_003237,2024-03-26 19:48:00,S025,P520,5,180.11,19.3,GBP,881.2500000000001
TXN_003238,2024-03-28 10:36:00,S001,P200,2,1136.39,2.04,GBP,2270.7400000000002
TXN_003239,2024-03-02 05:47:00,S073,P755,4,1096.51,12.62,EUR,4373.42
TXN_003240,2024-03-24 06:56:00,S055,P060,6,1323.88,25.35,USD,7917.93
TXN_003241,2024-03-12 10:56:00,S099,P793,3,740.86,15.74,USD,2206.84
TXN_003242,2024-03-15 10:04:00,S003,P854,9,1492.0,20.85,USD,13407.15
TXN_003243,2024-03-06 07:43:00,S068,P242,8,923.88,49.24,USD,7341.8
TXN_003244,2024-03-08 00:59:00,S088,P170,6,886.39,46.6,USD,5271.74
TXN_003245,2024-03-04 23:30:00,S040,P179,9,1415.6,7.08,GBP,12733.32
TXN_003246,2024-03-09 05:15:00,S042,P049,7,565.6,45.29,EUR,3913.9100000000003
TXN_003247,2024-03-05 17:32:00,S021,P897,5,1041.25,34.83,EUR,5171.42
TXN_003248,2024-03-03 19:20:00,S065,P050,8,1019.78,28.02,USD,8130.219999999999
TXN_003249,2024-03-17 22:52:00,S041,P597,3,1063.48,33.06,GBP,3157.38
TXN_003250,2024-03-19 01:31:00,S100,P523,9,968.32,4.81,GBP,8710.070000000002
TXN_003251,2024-03-10 11:38:00,S016,P030,2,966.38,39.34,EUR,1893.42
TXN_003252,2024-03-04 01:56:00,S016,P723,5,432.41,1.17,GBP,2160.88
TXN_003253,2024-03-06 12:00:00,S004,P709,6,181.43,46.82,GBP,1041.76
TXN_003254,2024-03-24 21:17:00,S088,P893,5,251.2,4.79,EUR,1251.21
TXN_003255,2024-03-10 10:58:00,S006,P042,3,836.87,48.76,EUR,2461.85
TXN_003256,2024-03-16 12:39:00,S003,P231,4,1107.96,44.1,EUR,4387.74
TXN_003257,2024-03-18 08:04:00,S093,P484,8,1352.35,15.18,EUR,10803.619999999999
TXN_003258,2024-03-10 03:12:00,S003,P654,6,290.31,11.76,USD,1730.1000000000001
TXN_003259,2024-03-12 07:18:00,S055,P593,3,503.64,49.41,GBP,1461.51
TXN_003260,2024-03-02 04:37:00,S006,P002,9,1083.34,18.97,USD,9731.09
TXN_003261,2024-03-07 09:37:00,S025,P526,8,667.96,30.02,EUR,5313.66
TXN_003262,2024-03-16 21:14:00,S043,P200,3,1436.14,14.38,EUR,4294.04
TXN_003263,2024-03-28 04:29:00,S007,P118,9,309.11,0.72,USD,2781.2700000000004
TXN_003264,2024-03-13 00:24:00,S090,P271,7,322.89,34.99,EUR,2225.2400000000002
TXN_003265,2024-03-26 03:06:00,S059,P083,5,1068.38,42.53,USD,5299.370000000001
TXN_003266,2024-03-03 21:14:00,S030,P895,9,38.71,41.78,GBP,306.61
TXN_003267,2024-03-04 08:58:00,S036,P024,7,1102.83,39.31,EUR,7680.499999999999
TXN_003268,2024-03-14 03:14:00,S058,P814,4,195.22,26.06,EUR,754.82
TXN_003269,2024-03-21 19:04:00,S037,P587,7,250.36,23.44,EUR,1729.08
TXN_003270,2024-03-10 00:19:00,S010,P678,3,1115.28,7.92,EUR,3337.92
TXN_003271,2024-03-28 23:29:00,S034,P256,6,392.01,2.0,USD,2350.06
TXN_003272,2024-03-12 19:28:00,S038,P963,1,1486.01,23.53,USD,1462.48
TXN_003273,2024-03-07 10:04:00,S049,P783,2,1263.15,29.3,USD,2497.0
TXN_003274,2024-03-21 16:49:00,S084,P143,3,1380.14,28.31,USD,4112.11
TXN_003275,2024-03-27 04:29:00,S059,P055,5,33.1,3.45,GBP,162.05
TXN_003276,2024-03-12 10:09:00,S048,P285,2,858.34,11.63,EUR,1705.05
TXN_003277,2024-03-06 18:25:00,S084,P516,7,660.63,42.09,USD,4582.32
TXN_003278,2024-03-02 22:41:00,S029,P686,3,154.35,0.98,EUR,462.06999999999994
TXN_003279,2024-03-05 02:38:00,S043,P562,6,744.47,9.18,USD,4457.639999999999
TXN_003280,2024-03-18 08:34:00,S002,P680,2,539.08,10.97,GBP,1067.19
TXN_003281,2024-03-09 14:26:00,S100,P231,8,649.46,11.81,GBP,5183.87
TXN_003282,2024-03-16 08:37:00,S035,P178,7,936.25,8.23,USD,6545.52
TXN_003283,2024-03-28 11:17:00,S080,P568,8,998.39,10.97,EUR,7976.15
TXN_003284,2024-03-02 04:04:00,S094,P719,3,1028.0,48.57,USD,3035.43
TXN_003285,2024-03-27 04:32:00,S058,P736,9,605.46,6.53,USD,5442.610000000001
TXN_003286,2024-03-23 23:09:00,S049,P347,7,113.34,31.35,EUR,762.03
TXN_003287,2024-03-28 07:38:00,S030,P856,4,1168.21,44.03,USD,4628.81
TXN_003288,2024-03-29 08:04:00,S085,P078,5,362.72,28.82,USD,1784.7800000000002
TXN_003289,2024-03-24 04:48:00,S014,P679,2,1398.0,23.11,EUR,2772.89
TXN_003290,2024-03-03 06:23:00,S057,P271,7,649.58,8.33,GBP,4538.7300000000005
TXN_003291,2024-03-21 22:07:00,S035,P015,3,333.95,17.71,GBP,984.1399999999999
TXN_003292,2024-03-23 03:47:00,S032,P446,8,557.14,38.4,USD,4418.72
TXN_003293,2024-03-19 05:31:00,S072,P230,4,908.32,37.53,GBP,3595.75
TXN_003294,2024-03-16 21:16:00,S022,P973,1,1467.35,24.21,USD,1443.1399999999999
TXN_003295,2024-03-12 16:38:00,S079,P306,3,1392.17,49.7,USD,4126.81
TXN_003296,2024-03-14 22:45:00,S020,P673,8,788.44,29.35,EUR,6278.17
TXN_003297,2024-03-04 16:39:00,S071,P090,5,957.9,14.2,EUR,4775.3
TXN_003298,2024-03-17 00:58:00,S057,P582,5,502.36,30.01,USD,2481.79
TXN_003299,2024-03-28 02:02:00,S087,P636,5,113.38,5.57,GBP,561.3299999999999
TXN_003300,2024-03-04 18:32:00,S019,P091,9,1125.42,18.36,USD,10110.42
TXN_003301,2024-03-21 08:48:00,S013,P513,8,1245.4,35.05,GBP,9928.150000000001
TXN_003302,2024-03-06 17:20:00,S076,P889,5,969.42,26.39,GBP,4820.709999999999
TXN_003303,2024-03-19 05:41:00,S018,P213,3,425.26,41.27,GBP,1234.51
TXN_003304,2024-03-21 16:42:00,S085,P787,1,92.95,42.28,EUR,50.67
TXN_003305,2024-03-15 05:26:00,S048,P922,8,32.46,0.71,USD,258.97
TXN_003306,2024-03-20 02:49:00,S029,P049,9,365.05,36.81,EUR,3248.6400000000003
TXN_003307,2024-03-24 07:53:00,S030,P047,3,304.14,12.81,EUR,899.61
TXN_003308,2024-03-25 20:44:00,S050,P717,2,838.69,35.74,GBP,1641.64
TXN_003309,2024-03-05 14:07:00,S027,P076,6,617.54,32.59,EUR,3672.6499999999996
TXN_003310,2024-03-05 10:34:00,S026,P960,1,627.55,31.52,EUR,596.03
TXN_003311,2024-03-08 17:39:00,S025,P198,1,169.54,2.46,USD,167.07999999999998
TXN_003312,2024-03-22 07:03:00,S024,P959,8,777.19,1.93,EUR,6215.59
TXN_003313,2024-03-16 03:32:00,S022,P618,7,364.17,38.87,EUR,2510.32
TXN_003314,2024-03-09 01:03:00,S003,P057,6,519.79,19.36,EUR,3099.3799999999997
TXN_003315,2024-03-04 14:32:00,S033,P051,6,1237.86,19.9,GBP,7407.26
TXN_003316,2024-03-07 17:32:00,S070,P168,9,882.18,24.49,USD,7915.13
TXN_003317,2024-03-11 06:19:00,S014,P604,2,1049.41,20.45,USD,2078.3700000000003
TXN_003318,2024-03-16 09:30:00,S055,P235,2,1070.44,7.86,USD,2133.02
TXN_003319,2024-03-04 18:42:00,S061,P026,4,571.07,18.88,USD,2265.4
TXN_003320,2024-03-03 10:08:00,S030,P616,9,1123.53,26.37,EUR,10085.4
TXN_003321,2024-03-14 12:34:00,S064,P859,3,117.29,19.63,EUR,332.24
TXN_003322,2024-03-30 20:05:00,S016,P755,8,689.46,39.52,GBP,5476.16
TXN_003323,2024-03-20 07:44:00,S016,P101,4,777.69,26.26,EUR,3084.5
TXN_003324,2024-03-21 05:04:00,S012,P266,2,625.25,21.0,EUR,1229.5
TXN_003325,2024-03-03 13:13:00,S078,P275,9,278.39,41.81,GBP,2463.7
TXN_003326,2024-03-08 08:31:00,S002,P300,2,1272.25,29.54,GBP,2514.96
TXN_003327,2024-03-26 15:59:00,S019,P455,1,353.82,43.25,EUR,310.57
TXN_003328,2024-03-15 03:57:00,S034,P866,3,491.72,38.53,USD,1436.63
TXN_003329,2024-03-17 17:49:00,S096,P221,7,534.85,34.36,USD,3709.59
TXN_003330,2024-03-06 18:24:00,S088,P082,3,1145.88,28.26,USD,3409.38
TXN_003331,2024-03-06 02:19:00,S014,P637,8,850.34,29.19,EUR,6773.530000000001
TXN_003332,2024-03-18 13:30:00,S075,P609,8,1328.05,34.91,EUR,10589.49
TXN_003333,2024-03-26 19:47:00,S010,P233,8,575.77,42.22,GBP,4563.94
TXN_003334,2024-03-23 23:59:00,S015,P667,1,1114.28,30.62,USD,1083.66
TXN_003335,2024-03-18 11:26:00,S039,P486,1,131.86,44.39,GBP,87.47000000000001
TXN_003336,2024-03-13 01:57:00,S042,P480,2,1073.23,49.83,USD,2096.63
TXN_003337,2024-03-26 12:37:00,S050,P477,1,1459.09,39.46,EUR,1419.6299999999999
TXN_003338,2024-03-11 00:19:00,S066,P078,6,1397.46,6.23,GBP,8378.53
TXN_003339,2024-03-21 18:00:00,S025,P771,2,1159.5,14.7,GBP,2304.3
TXN_003340,2024-03-23 13:14:00,S019,P979,4,982.15,14.64,GBP,3913.96
TXN_003341,2024-03-02 00:13:00,S013,P117,4,989.14,5.19,EUR,3951.37
TXN_003342,2024-03-09 09:17:00,S072,P798,7,312.69,40.32,USD,2148.5099999999998
TXN_003343,2024-03-25 22:03:00,S052,P460,2,675.78,9.25,USD,1342.31
TXN_003344,2024-03-04 09:17:00,S067,P920,6,42.68,20.95,GBP,235.13
TXN_003345,2024-03-07 04:44:00,S071,P795,6,307.61,39.22,EUR,1806.44
TXN_003346,2024-03-25 07:41:00,S012,P661,8,160.65,41.96,USD,1243.24
TXN_003347,2024-03-08 11:56:00,S055,P907,3,358.01,14.68,EUR,1059.35
TXN_003348,2024-03-30 09:10:00,S084,P547,2,963.85,42.44,GBP,1885.26
TXN_003349,2024-03-15 05:36:00,S052,P378,3,759.74,17.63,EUR,2261.59
TXN_003350,2024-03-25 03:36:00,S052,P737,9,263.69,46.97,EUR,2326.2400000000002
TXN_003351,2024-03-04 13:44:00,S040,P361,4,1180.81,2.14,USD,4721.099999999999
TXN_003352,2024-03-23 05:26:00,S016,P084,1,1392.74,41.82,GBP,1350.92
TXN_003353,2024-03-07 10:24:00,S021,P734,4,1382.57,34.79,USD,5495.49
TXN_003354,2024-03-30 17:54:00,S065,P659,2,1257.84,45.91,USD,2469.77
TXN_003355,2024-03-01 14:52:00,S057,P051,8,834.35,33.05,USD,6641.75
TXN_003356,2024-03-26 07:23:00,S067,P229,3,1479.86,2.74,EUR,4436.84
TXN_003357,2024-03-15 19:00:00,S080,P252,8,396.0,2.84,EUR,3165.16
TXN_003358,2024-03-10 14:08:00,S048,P934,7,964.44,15.14,USD,6735.94
TXN_003359,2024-03-29 06:36:00,S019,P948,5,135.22,13.14,EUR,662.96
TXN_003360,2024-03-18 23:39:00,S026,P024,8,1355.74,41.49,USD,10804.43
TXN_003361,2024-03-13 09:56:00,S004,P757,4,976.12,49.05,GBP,3855.43
TXN_003362,2024-03-16 23:21:00,S015,P711,9,268.12,20.49,EUR,2392.59
TXN_003363,2024-03-27 11:07:00,S002,P016,4,541.1,21.64,USD,2142.76
TXN_003364,2024-03-10 17:57:00,S073,P264,2,1050.58,28.12,USD,2073.04
TXN_003365,2024-03-06 13:44:00,S004,P839,7,61.86,2.57,USD,430.45
TXN_003366,2024-03-24 06:03:00,S011,P671,3,493.22,4.67,EUR,1474.99
TXN_003367,2024-03-24 20:17:00,S072,P162,5,349.66,3.14,USD,1745.16
TXN_003368,2024-03-05 16:48:00,S084,P834,1,1432.81,49.14,USD,1383.6699999999998
TXN_003369,2024-03-22 06:46:00,S064,P857,9,419.12,38.88,GBP,3733.2
TXN_003370,2024-03-05 00:10:00,S006,P568,1,1269.51,25.56,GBP,1243.95
TXN_003371,2024-03-21 20:13:00,S070,P402,4,173.4,5.67,GBP,687.9300000000001
TXN_003372,2024-03-20 17:40:00,S059,P468,4,812.59,9.07,EUR,3241.29
TXN_003373,2024-03-28 21:26:00,S053,P990,1,284.68,49.7,GBP,234.98000000000002
TXN_003374,2024-03-22 03:56:00,S031,P694,7,1173.92,29.98,EUR,8187.460000000001
TXN_003375,2024-03-16 19:15:00,S066,P967,7,1354.5,36.7,GBP,9444.8
TXN_003376,2024-03-05 16:01:00,S031,P978,5,672.72,21.19,EUR,3342.4100000000003
TXN_003377,2024-03-22 19:12:00,S024,P955,3,790.03,15.77,GBP,2354.32
TXN_003378,2024-03-15 19:23:00,S005,P398,3,504.73,43.02,EUR,1471.17
TXN_003379,2024-03-02 08:34:00,S056,P872,6,1275.64,0.07,GBP,7653.77
TXN_003380,2024-03-15 03:22:00,S086,P877,8,872.87,10.77,EUR,6972.19
TXN_003381,2024-03-26 09:12:00,S023,P337,3,163.51,31.93,GBP,458.59999999999997
TXN_003382,2024-03-11 08:14:00,S006,P578,1,820.28,32.84,EUR,787.4399999999999
TXN_003383,2024-03-20 23:05:00,S064,P361,5,685.88,45.34,GBP,3384.06
TXN_003384,2024-03-27 19:19:00,S052,P892,9,953.3,18.59,GBP,8561.109999999999
TXN_003385,2024-03-25 09:54:00,S093,P532,9,1327.07,35.45,USD,11908.179999999998
TXN_003386,2024-03-23 22:46:00,S046,P205,5,1361.86,33.57,GBP,6775.73
TXN_003387,2024-03-07 11:45:00,S092,P195,5,1201.77,40.15,USD,5968.700000000001
TXN_003388,2024-03-07 07:43:00,S077,P136,1,675.78,30.65,USD,645.13
TXN_003389,2024-03-26 06:49:00,S085,P411,7,1344.81,33.69,USD,9379.98
TXN_003390,2024-03-21 16:36:00,S032,P367,2,27.6,28.52,EUR,26.680000000000003
TXN_003391,2024-03-19 01:58:00,S073,P298,5,1235.77,29.97,USD,6148.88
TXN_003392,2024-03-29 05:36:00,S042,P344,5,810.08,36.61,USD,4013.79
TXN_003393,2024-03-22 04:50:00,S047,P148,5,386.75,9.98,EUR,1923.77
TXN_003394,2024-03-22 11:51:00,S035,P245,7,785.81,14.87,USD,5485.8
TXN_003395,2024-03-23 18:07:00,S039,P756,6,160.49,11.84,GBP,951.1
TXN_003396,2024-03-08 13:25:00,S017,P417,3,1329.88,32.37,GBP,3957.2700000000004
TXN_003397,2024-03-02 16:28:00,S015,P676,6,794.17,10.84,EUR,4754.179999999999
TXN_003398,2024-03-08 16:01:00,S030,P112,4,627.47,12.55,USD,2497.33
TXN_003399,2024-03-07 01:27:00,S044,P675,1,1174.43,3.36,USD,1171.0700000000002
TXN_003400,2024-03-22 02:11:00,S010,P309,1,1267.22,25.08,EUR,1242.14
TXN_003401,2024-03-29 13:49:00,S058,P811,2,441.98,3.77,EUR,880.19
TXN_003402,2024-03-27 01:23:00,S055,P481,1,191.3,49.71,USD,141.59
TXN_003403,2024-03-24 09:02:00,S076,P199,3,531.44,45.37,GBP,1548.9500000000003
TXN_003404,2024-03-18 14:56:00,S099,P235,5,770.79,36.64,USD,3817.31
TXN_003405,2024-03-18 19:00:00,S084,P053,2,762.33,17.09,EUR,1507.5700000000002
TXN_003406,2024-03-28 03:37:00,S096,P070,3,1105.36,21.54,USD,3294.54
TXN_003407,2024-03-01 02:01:00,S010,P326,3,135.27,48.88,EUR,356.93000000000006
TXN_003408,2024-03-13 10:02:00,S007,P712,4,1368.34,24.31,EUR,5449.049999999999
TXN_003409,2024-03-07 19:04:00,S032,P087,4,227.97,30.29,EUR,881.59
TXN_003410,2024-03-05 00:05:00,S042,P578,1,1485.77,31.08,EUR,1454.69
TXN_003411,2024-03-24 09:11:00,S014,P289,1,104.64,14.28,EUR,90.36
TXN_003412,2024-03-17 06:12:00,S038,P846,3,1342.54,46.84,USD,3980.7799999999997
TXN_003413,2024-03-08 22:35:00,S002,P318,7,1463.37,34.36,USD,10209.23
TXN_003414,2024-03-16 05:00:00,S073,P163,2,512.49,12.4,USD,1012.58
TXN_003415,2024-03-09 10:25:00,S002,P460,6,998.34,29.55,EUR,5960.49
TXN_003416,2024-03-28 20:46:00,S062,P519,8,1087.25,19.38,EUR,8678.62
TXN_003417,2024-03-23 13:12:00,S065,P787,8,666.92,0.71,EUR,5334.65
TXN_003418,2024-03-07 22:19:00,S027,P515,7,1018.7,6.95,EUR,7123.950000000001
TXN_003419,2024-03-12 16:39:00,S025,P687,4,529.69,38.53,EUR,2080.23
TXN_003420,2024-03-30 20:21:00,S026,P834,5,1426.34,27.61,GBP,7104.09
TXN_003421,2024-03-02 14:39:00,S001,P586,6,1277.49,19.77,USD,7645.17
TXN_003422,2024-03-28 04:22:00,S088,P057,5,842.92,44.42,EUR,4170.179999999999
TXN_003423,2024-03-11 00:09:00,S011,P182,6,193.22,38.0,EUR,1121.32
TXN_003424,2024-03-17 09:44:00,S023,P854,1,397.91,9.78,USD,388.13000000000005
TXN_003425,2024-03-01 03:08:00,S096,P770,8,987.99,17.37,EUR,7886.55
TXN_003426,2024-03-19 15:21:00,S015,P677,7,628.52,2.09,GBP,4397.549999999999
TXN_003427,2024-03-07 03:05:00,S005,P269,6,1337.07,27.97,EUR,7994.45
TXN_003428,2024-03-12 08:36:00,S082,P410,3,852.83,44.03,GBP,2514.46
TXN_003429,2024-03-13 22:46:00,S027,P941,4,1004.95,36.02,USD,3983.78
TXN_003430,2024-03-20 09:50:00,S100,P362,7,929.16,13.54,GBP,6490.58
TXN_003431,2024-03-19 18:33:00,S100,P008,1,1234.1,10.07,EUR,1224.03
TXN_003432,2024-03-14 23:51:00,S010,P712,6,33.91,46.94,EUR,156.51999999999998
TXN_003433,2024-03-22 06:14:00,S019,P833,4,642.81,37.95,GBP,2533.29
TXN_003434,2024-03-19 02:34:00,S038,P366,4,360.61,32.52,USD,1409.92
TXN_003435,2024-03-02 02:10:00,S031,P088,5,280.67,17.9,GBP,1385.45
TXN_003436,2024-03-29 15:07:00,S012,P872,5,642.77,42.04,USD,3171.81
TXN_003437,2024-03-04 16:14:00,S063,P949,4,1399.3,12.46,GBP,5584.74
TXN_003438,2024-03-14 00:45:00,S053,P795,6,946.41,30.03,USD,5648.43
TXN_003439,2024-03-10 03:01:00,S009,P835,1,313.65,5.38,USD,308.27
TXN_003440,2024-03-01 11:12:00,S085,P715,9,1448.11,31.38,USD,13001.61
TXN_003441,2024-03-01 04:41:00,S016,P877,1,21.22,41.12,GBP,-19.9
TXN_003442,2024-03-15 16:20:00,S043,P997,6,658.57,25.54,EUR,3925.88
TXN_003443,2024-03-30 11:57:00,S076,P888,2,1461.87,37.36,GBP,2886.3799999999997
TXN_003444,2024-03-04 01:11:00,S085,P039,1,1409.24,4.31,GBP,1404.93
TXN_003445,2024-03-17 18:54:00,S012,P415,2,882.84,25.25,EUR,1740.43
TXN_003446,2024-03-05 09:15:00,S056,P930,8,813.99,37.35,EUR,6474.57
TXN_003447,2024-03-25 01:27:00,S099,P487,6,1285.96,48.54,GBP,7667.22
TXN_003448,2024-03-14 00:08:00,S025,P618,5,141.03,26.32,USD,678.8299999999999
TXN_003449,2024-03-14 10:06:00,S038,P643,7,1036.61,18.15,GBP,7238.12
TXN_003450,2024-03-09 01:12:00,S017,P428,3,506.91,45.06,USD,1475.67
TXN_003451,2024-03-25 15:07:00,S017,P837,8,30.92,42.55,GBP,204.81
TXN_003452,2024-03-25 03:10:00,S084,P301,4,172.78,48.74,EUR,642.38
TXN_003453,2024-03-22 08:53:00,S025,P763,8,1240.3,42.54,USD,9879.859999999999
TXN_003454,2024-03-19 12:54:00,S005,P585,6,255.47,6.92,USD,1525.8999999999999
TXN_003455,2024-03-17 17:10:00,S052,P702,8,882.0,15.61,USD,7040.39
TXN_003456,2024-03-23 12:56:00,S086,P656,6,1056.01,10.55,GBP,6325.509999999999
TXN_003457,2024-03-05 10:31:00,S018,P366,2,86.25,10.98,EUR,161.52
TXN_003458,2024-03-30 13:45:00,S058,P841,2,373.15,47.82,GBP,698.4799999999999
TXN_003459,2024-03-15 03:59:00,S031,P260,5,1134.5,44.07,GBP,5628.43
TXN_003460,2024-03-19 05:32:00,S076,P234,6,183.95,4.01,EUR,1099.6899999999998
TXN_003461,2024-03-21 03:27:00,S012,P514,6,1159.53,8.84,EUR,6948.34
TXN_003462,2024-03-18 17:58:00,S048,P936,5,863.91,17.42,GBP,4302.13
TXN_003463,2024-03-11 17:27:00,S093,P787,5,1471.82,35.82,GBP,7323.28
TXN_003464,2024-03-10 03:37:00,S017,P340,4,495.25,25.25,GBP,1955.75
TXN_003465,2024-03-09 05:24:00,S017,P180,1,278.4,38.59,USD,239.80999999999997
TXN_003466,2024-03-25 18:17:00,S064,P740,9,142.62,4.86,USD,1278.72
TXN_003467,2024-03-23 09:46:00,S029,P365,9,570.5,20.63,GBP,5113.87
TXN_003468,2024-03-15 23:10:00,S084,P531,5,402.45,14.35,GBP,1997.9
TXN_003469,2024-03-03 23:36:00,S045,P669,1,615.87,30.46,USD,585.41
TXN_003470,2024-03-19 14:44:00,S014,P509,9,1001.62,15.23,EUR,8999.35
TXN_003471,2024-03-05 03:58:00,S057,P442,8,991.1,2.73,USD,7926.070000000001
TXN_003472,2024-03-28 10:22:00,S080,P735,1,771.19,42.33,USD,728.86
TXN_003473,2024-03-11 04:40:00,S035,P329,1,12.52,32.35,USD,-19.830000000000002
TXN_003474,2024-03-08 04:37:00,S024,P632,1,435.82,46.88,USD,388.94
TXN_003475,2024-03-11 09:08:00,S006,P758,6,379.6,34.34,GBP,2243.26
TXN_003476,2024-03-11 12:40:00,S060,P511,5,1210.23,46.95,GBP,6004.2
TXN_003477,2024-03-26 22:28:00,S084,P676,4,1273.81,12.08,USD,5083.16
TXN_003478,2024-03-10 06:40:00,S077,P639,8,1028.25,21.05,EUR,8204.95
TXN_003479,2024-03-04 16:27:00,S023,P916,8,1002.29,44.31,EUR,7974.009999999999
TXN_003480,2024-03-16 13:32:00,S083,P828,9,670.77,28.49,USD,6008.4400000000005
TXN_003481,2024-03-07 03:52:00,S052,P754,4,537.86,44.64,GBP,2106.8
TXN_003482,2024-03-12 06:30:00,S015,P955,7,561.68,8.92,GBP,3922.8399999999997
TXN_003483,2024-03-26 12:43:00,S015,P649,4,1286.15,47.1,USD,5097.5
TXN_003484,2024-03-23 11:39:00,S082,P660,9,1351.62,49.84,USD,12114.739999999998
TXN_003485,2024-03-21 16:33:00,S038,P453,1,524.33,4.59,USD,519.74
TXN_003486,2024-03-03 19:57:00,S025,P831,1,287.49,45.36,GBP,242.13
TXN_003487,2024-03-13 18:34:00,S044,P583,2,1143.05,23.6,EUR,2262.5
TXN_003488,2024-03-20 03:52:00,S084,P279,4,968.62,28.4,EUR,3846.08
TXN_003489,2024-03-24 13:42:00,S072,P577,9,957.14,7.3,USD,8606.960000000001
TXN_003490,2024-03-06 19:15:00,S017,P991,4,790.71,4.96,EUR,3157.88
TXN_003491,2024-03-16 04:44:00,S013,P256,3,128.53,17.67,USD,367.92
TXN_003492,2024-03-02 04:10:00,S064,P693,2,618.51,3.69,USD,1233.33
TXN_003493,2024-03-04 21:40:00,S060,P053,4,414.24,27.33,GBP,1629.63
TXN_003494,2024-03-25 18:04:00,S030,P414,7,1489.08,33.73,GBP,10389.83
TXN_003495,2024-03-26 04:26:00,S067,P516,1,1149.16,40.45,EUR,1108.71
TXN_003496,2024-03-18 23:12:00,S002,P369,3,487.17,19.8,GBP,1441.71
TXN_003497,2024-03-12 21:37:00,S093,P679,6,71.85,4.37,USD,426.72999999999996
TXN_003498,2024-03-16 18:27:00,S008,P864,6,825.9,3.8,GBP,4951.599999999999
TXN_003499,2024-03-11 17:03:00,S002,P053,6,1352.43,3.44,GBP,8111.14
TXN_003500,2024-03-12 04:45:00,S099,P946,7,235.62,42.23,GBP,1607.1100000000001
TXN_003501,2024-03-11 11:11:00,S017,P613,5,813.25,14.63,USD,4051.62
TXN_003502,2024-03-29 06:16:00,S088,P248,5,460.99,14.53,EUR,2290.4199999999996
TXN_003503,2024-03-25 14:03:00,S080,P199,1,1256.8,15.57,EUR,1241.23
TXN_003504,2024-03-16 18:30:00,S005,P558,5,810.15,42.79,USD,4007.96
TXN_003505,2024-03-15 17:49:00,S005,P149,2,584.4,22.72,EUR,1146.08
TXN_003506,2024-03-07 04:52:00,S017,P787,2,230.43,4.63,EUR,456.23
TXN_003507,2024-03-13 23:45:00,S063,P028,5,1334.15,20.52,GBP,6650.23
TXN_003508,2024-03-11 02:09:00,S099,P791,8,1382.22,18.06,EUR,11039.7
TXN_003509,2024-03-09 08:57:00,S075,P359,1,908.9,49.53,EUR,859.37
TXN_003510,2024-03-24 20:31:00,S015,P611,1,887.79,30.63,USD,857.16
TXN_003511,2024-03-10 05:57:00,S041,P236,1,332.04,49.56,EUR,282.48
TXN_003512,2024-03-18 03:57:00,S069,P949,6,461.03,47.85,GBP,2718.33
TXN_003513,2024-03-22 22:26:00,S041,P444,5,1234.38,3.36,GBP,6168.540000000001
TXN_003514,2024-03-13 07:58:00,S090,P507,8,498.3,32.4,USD,3954.0
TXN_003515,2024-03-28 06:39:00,S077,P121,7,337.81,25.02,GBP,2339.65
TXN_003516,2024-03-01 12:42:00,S022,P591,9,1068.55,27.73,USD,9589.22
TXN_003517,2024-03-09 23:09:00,S078,P668,5,364.91,3.0,USD,1821.5500000000002
TXN_003518,2024-03-24 04:39:00,S012,P876,1,938.08,45.69,USD,892.3900000000001
TXN_003519,2024-03-10 09:34:00,S041,P383,1,546.18,19.64,GBP,526.54
TXN_003520,2024-03-14 14:33:00,S065,P499,9,1180.53,10.98,EUR,10613.79
TXN_003521,2024-03-03 16:25:00,S037,P928,3,132.45,39.19,EUR,358.15999999999997
TXN_003522,2024-03-13 02:02:00,S066,P917,1,1124.45,26.78,USD,1097.67
TXN_003523,2024-03-29 15:07:00,S077,P742,8,706.63,15.58,EUR,5637.46
TXN_003524,2024-03-07 13:57:00,S009,P172,3,1023.94,47.72,EUR,3024.1000000000004
TXN_003525,2024-03-05 00:52:00,S095,P980,1,819.4,21.15,EUR,798.25
TXN_003526,2024-03-03 18:49:00,S085,P169,6,867.0,14.97,EUR,5187.03
TXN_003527,2024-03-18 14:18:00,S039,P944,3,140.68,37.58,EUR,384.46000000000004
TXN_003528,2024-03-29 00:44:00,S082,P537,3,473.79,18.12,USD,1403.2500000000002
TXN_003529,2024-03-10 05:21:00,S049,P743,5,946.02,20.9,USD,4709.200000000001
TXN_003530,2024-03-12 18:53:00,S047,P602,7,410.16,23.73,GBP,2847.3900000000003
TXN_003531,2024-03-30 07:18:00,S072,P172,7,214.66,40.83,USD,1461.79
TXN_003532,2024-03-20 07:24:00,S011,P949,3,1133.07,18.6,GBP,3380.61
TXN_003533,2024-03-30 07:55:00,S066,P778,7,651.2,13.59,EUR,4544.81
TXN_003534,2024-03-04 09:35:00,S035,P644,1,1249.06,12.44,EUR,1236.62
TXN_003535,2024-03-20 06:16:00,S083,P400,3,562.07,19.6,USD,1666.6100000000001
TXN_003536,2024-03-28 13:16:00,S059,P771,9,1259.46,1.04,GBP,11334.099999999999
TXN_003537,2024-03-10 13:03:00,S043,P542,6,231.83,8.85,EUR,1382.13
TXN_003538,2024-03-04 21:18:00,S018,P912,8,1326.19,48.5,GBP,10561.02
TXN_003539,2024-03-24 19:49:00,S075,P438,6,954.69,15.6,USD,5712.54
TXN_003540,2024-03-18 05:49:00,S076,P388,8,895.68,27.99,EUR,7137.45
TXN_003541,2024-03-11 19:49:00,S012,P199,1,721.47,27.2,GBP,694.27
TXN_003542,2024-03-28 13:14:00,S063,P756,1,129.46,0.81,USD,128.65
TXN_003543,2024-03-30 03:07:00,S078,P572,7,594.4,29.78,GBP,4131.02
TXN_003544,2024-03-04 03:27:00,S017,P766,3,1189.88,38.22,EUR,3531.4200000000005
TXN_003545,2024-03-15 04:20:00,S036,P553,5,273.32,23.83,GBP,1342.77
TXN_003546,2024-03-30 18:08:00,S097,P333,1,1032.77,22.94,GBP,1009.8299999999999
TXN_003547,2024-03-26 17:52:00,S073,P301,7,848.59,15.93,USD,5924.2
TXN_003548,2024-03-11 12:29:00,S005,P727,9,1450.5,34.77,USD,13019.73
TXN_003549,2024-03-06 10:22:00,S095,P001,9,997.52,24.41,USD,8953.27
TXN_003550,2024-03-27 01:21:00,S049,P424,8,14.74,47.45,EUR,70.47
TXN_003551,2024-03-06 08:01:00,S051,P057,2,1436.39,4.94,GBP,2867.84
TXN_003552,2024-03-09 03:50:00,S042,P804,1,1144.58,6.67,GBP,1137.9099999999999
TXN_003553,2024-03-20 20:33:00,S088,P904,9,403.62,15.88,EUR,3616.7
TXN_003554,2024-03-27 13:50:00,S030,P298,9,56.8,35.88,GBP,475.32
TXN_003555,2024-03-01 21:57:00,S042,P667,5,731.49,18.62,GBP,3638.83
TXN_003556,2024-03-26 03:20:00,S088,P711,8,552.0,1.63,USD,4414.37
TXN_003557,2024-03-15 23:03:00,S082,P479,3,227.18,42.59,USD,638.9499999999999
TXN_003558,2024-03-14 06:25:00,S026,P796,9,929.95,18.62,EUR,8350.93
TXN_003559,2024-03-13 18:13:00,S004,P479,3,1331.27,36.4,GBP,3957.41
TXN_003560,2024-03-25 20:10:00,S083,P800,7,501.82,2.91,EUR,3509.83
TXN_003561,2024-03-24 04:49:00,S095,P656,2,1175.48,17.56,GBP,2333.4
TXN_003562,2024-03-27 11:55:00,S024,P562,9,772.64,45.79,EUR,6907.97
TXN_003563,2024-03-03 21:29:00,S048,P076,5,634.43,6.9,EUR,3165.2499999999995
TXN_003564,2024-03-15 11:46:00,S077,P829,2,656.19,32.3,GBP,1280.0800000000002
TXN_003565,2024-03-11 22:31:00,S020,P989,9,951.69,24.81,EUR,8540.400000000001
TXN_003566,2024-03-02 10:27:00,S083,P727,9,415.51,0.76,USD,3738.83
TXN_003567,2024-03-04 18:22:00,S019,P097,5,986.18,44.82,EUR,4886.08
TXN_003568,2024-03-28 20:53:00,S080,P231,8,596.51,36.28,EUR,4735.8
TXN_003569,2024-03-19 22:51:00,S020,P819,9,817.16,8.98,EUR,7345.46
TXN_003570,2024-03-07 02:12:00,S080,P439,9,1186.45,34.64,GBP,10643.410000000002
TXN_003571,2024-03-08 03:51:00,S065,P040,3,971.45,31.41,USD,2882.9400000000005
TXN_003572,2024-03-22 18:13:00,S052,P151,8,530.43,4.67,EUR,4238.7699999999995
TXN_003573,2024-03-12 10:41:00,S042,P057,3,673.7,38.94,USD,1982.16
TXN_003574,2024-03-14 20:47:00,S099,P655,7,1373.01,32.53,EUR,9578.539999999999
TXN_003575,2024-03-21 02:03:00,S031,P554,7,150.38,26.11,EUR,1026.55
TXN_003576,2024-03-30 01:21:00,S036,P739,3,444.29,14.5,GBP,1318.3700000000001
TXN_003577,2024-03-22 22:15:00,S085,P789,6,1057.26,49.28,GBP,6294.28
TXN_003578,2024-03-29 06:27:00,S028,P380,1,263.19,41.98,USD,221.21
TXN_003579,2024-03-29 21:28:00,S082,P255,8,1265.84,48.59,EUR,10078.13
TXN_003580,2024-03-29 07:04:00,S089,P531,7,739.86,40.21,EUR,5138.81
TXN_003581,2024-03-06 09:06:00,S017,P675,2,579.11,17.51,GBP,1140.71
TXN_003582,2024-03-20 12:43:00,S044,P602,1,879.0,43.19,USD,835.81
TXN_003583,2024-03-14 20:09:00,S081,P247,2,940.51,34.82,GBP,1846.2
TXN_003584,2024-03-21 18:28:00,S085,P934,4,498.17,35.6,EUR,1957.0800000000002
TXN_003585,2024-03-20 07:55:00,S044,P712,1,583.17,25.51,EUR,557.66
TXN_003586,2024-03-01 20:01:00,S021,P766,3,1076.27,13.48,USD,3215.33
TXN_003587,2024-03-18 09:05:00,S050,P210,3,1054.33,29.07,EUR,3133.9199999999996
TXN_003588,2024-03-15 07:58:00,S061,P905,9,1164.19,24.31,USD,10453.400000000001
TXN_003589,2024-03-13 07:38:00,S034,P348,7,126.32,36.77,USD,847.47
TXN_003590,2024-03-05 21:57:00,S025,P341,4,923.71,0.87,EUR,3693.9700000000003
TXN_003591,2024-03-11 22:43:00,S018,P764,1,1127.37,10.39,USD,1116.9799999999998
TXN_003592,2024-03-29 01:16:00,S075,P719,3,833.37,18.16,USD,2481.9500000000003
TXN_003593,2024-03-09 05:09:00,S065,P265,4,447.74,17.37,EUR,1773.5900000000001
TXN_003594,2024-03-14 03:18:00,S009,P379,6,1143.11,28.43,USD,6830.23
TXN_003595,2024-03-18 13:45:00,S026,P627,2,31.04,21.9,EUR,40.18
TXN_003596,2024-03-20 02:19:00,S008,P998,8,634.57,30.04,EUR,5046.52
TXN_003597,2024-03-15 23:36:00,S025,P702,6,572.69,23.66,USD,3412.4800000000005
TXN_003598,2024-03-17 11:36:00,S091,P899,1,1478.5,45.55,GBP,1432.95
TXN_003599,2024-03-05 15:38:00,S035,P462,6,227.67,33.95,GBP,1332.07
TXN_003600,2024-03-24 20:08:00,S035,P246,3,616.94,15.77,GBP,1835.0500000000002
TXN_003601,2024-03-01 04:40:00,S006,P659,8,632.25,22.06,GBP,5035.94
TXN_003602,2024-03-20 03:35:00,S055,P447,7,1307.75,3.13,GBP,9151.12
TXN_003603,2024-03-08 20:09:00,S037,P387,3,483.59,15.08,EUR,1435.69
TXN_003604,2024-03-01 23:56:00,S059,P194,6,423.56,8.37,EUR,2532.9900000000002
TXN_003605,2024-03-06 13:52:00,S008,P1000,2,1343.87,2.71,USD,2685.0299999999997
TXN_003606,2024-03-17 02:23:00,S035,P939,4,172.74,5.27,EUR,685.69
TXN_003607,2024-03-30 01:48:00,S076,P768,5,108.01,4.85,EUR,535.2
TXN_003608,2024-03-24 00:47:00,S075,P950,5,1410.87,23.24,GBP,7031.11
TXN_003609,2024-03-09 22:02:00,S002,P287,6,1393.44,41.52,EUR,8319.119999999999
TXN_003610,2024-03-12 07:07:00,S075,P796,2,1197.11,26.23,EUR,2367.99
TXN_003611,2024-03-01 00:39:00,S069,P537,4,465.85,49.05,EUR,1814.3500000000001
TXN_003612,2024-03-10 10:26:00,S011,P090,7,554.54,22.85,GBP,3858.93
TXN_003613,2024-03-19 16:04:00,S006,P071,3,563.35,4.24,USD,1685.8100000000002
TXN_003614,2024-03-09 20:55:00,S095,P734,1,779.77,38.95,USD,740.8199999999999
TXN_003615,2024-03-12 08:35:00,S048,P001,3,268.96,28.62,USD,778.2599999999999
TXN_003616,2024-03-09 16:32:00,S034,P828,2,1322.0,27.27,EUR,2616.73
TXN_003617,2024-03-19 13:48:00,S007,P916,3,872.62,13.23,GBP,2604.63
TXN_003618,2024-03-10 19:21:00,S049,P222,1,1354.71,48.05,EUR,1306.66
TXN_003619,2024-03-27 08:24:00,S011,P438,5,628.44,17.49,EUR,3124.7100000000005
TXN_003620,2024-03-09 05:10:00,S015,P415,5,230.39,19.96,EUR,1131.9899999999998
TXN_003621,2024-03-22 02:34:00,S048,P274,5,897.73,11.6,USD,4477.049999999999
TXN_003622,2024-03-29 20:56:00,S095,P137,9,288.49,41.49,USD,2554.92
TXN_003623,2024-03-21 16:20:00,S002,P996,7,965.98,21.83,USD,6740.030000000001
TXN_003624,2024-03-12 06:54:00,S064,P820,3,1225.88,8.36,GBP,3669.28
TXN_003625,2024-03-09 16:10:00,S012,P632,1,800.73,15.31,USD,785.4200000000001
TXN_003626,2024-03-21 20:41:00,S085,P653,9,728.98,9.53,EUR,6551.29
TXN_003627,2024-03-25 00:20:00,S038,P273,9,1066.06,2.79,USD,9591.749999999998
TXN_003628,2024-03-02 12:58:00,S018,P245,4,139.68,34.81,GBP,523.9100000000001
TXN_003629,2024-03-24 22:26:00,S006,P377,8,407.02,34.64,USD,3221.52
TXN_003630,2024-03-15 01:23:00,S032,P257,2,846.19,13.05,EUR,1679.3300000000002
TXN_003631,2024-03-03 05:19:00,S091,P890,5,241.32,12.01,USD,1194.59
TXN_003632,2024-03-29 07:18:00,S035,P169,5,77.64,44.85,GBP,343.34999999999997
TXN_003633,2024-03-20 12:35:00,S021,P283,9,1198.49,17.19,GBP,10769.22
TXN_003634,2024-03-18 08:38:00,S022,P487,3,1029.66,36.92,USD,3052.0600000000004
TXN_003635,2024-03-10 23:37:00,S074,P611,3,1062.55,41.27,USD,3146.3799999999997
TXN_003636,2024-03-08 19:17:00,S063,P077,6,1433.36,17.82,EUR,8582.34
TXN_003637,2024-03-13 20:51:00,S021,P432,6,484.12,3.96,EUR,2900.76
TXN_003638,2024-03-21 14:55:00,S046,P260,5,563.62,5.15,EUR,2812.95
TXN_003639,2024-03-13 21:49:00,S069,P163,9,1068.56,15.97,GBP,9601.07
TXN_003640,2024-03-22 00:21:00,S004,P608,1,535.95,27.51,EUR,508.44000000000005
TXN_003641,2024-03-22 13:31:00,S029,P593,2,320.19,48.1,USD,592.28
TXN_003642,2024-03-30 19:21:00,S068,P745,8,1116.31,3.02,GBP,8927.46
TXN_003643,2024-03-25 12:59:00,S015,P491,7,1325.91,49.18,EUR,9232.19
TXN_003644,2024-03-01 12:59:00,S087,P878,7,669.12,29.53,USD,4654.31
TXN_003645,2024-03-18 19:02:00,S061,P357,6,1459.56,47.79,GBP,8709.57
TXN_003646,2024-03-19 05:24:00,S076,P062,1,247.98,42.48,GBP,205.5
TXN_003647,2024-03-02 05:56:00,S063,P510,7,1083.22,30.27,GBP,7552.2699999999995
TXN_003648,2024-03-08 22:29:00,S036,P225,8,1473.78,23.85,EUR,11766.39
TXN_003649,2024-03-02 14:53:00,S062,P438,3,1434.3,25.76,GBP,4277.139999999999
TXN_003650,2024-03-24 05:16:00,S059,P091,3,225.11,7.97,GBP,667.36
TXN_003651,2024-03-02 20:15:00,S062,P794,3,851.43,0.37,USD,2553.92
TXN_003652,2024-03-17 03:58:00,S092,P541,4,464.05,18.78,GBP,1837.42
TXN_003653,2024-03-11 10:03:00,S066,P158,3,435.21,41.92,GBP,1263.7099999999998
TXN_003654,2024-03-25 00:51:00,S019,P301,3,1478.7,26.88,EUR,4409.22
TXN_003655,2024-03-25 18:38:00,S063,P177,8,448.03,4.69,GBP,3579.5499999999997
TXN_003656,2024-03-09 11:24:00,S028,P078,1,987.14,40.67,USD,946.47
TXN_003657,2024-03-10 10:45:00,S044,P792,4,208.91,39.53,USD,796.11
TXN_003658,2024-03-26 17:35:00,S090,P582,9,502.83,6.48,GBP,4518.990000000001
TXN_003659,2024-03-14 08:20:00,S042,P873,6,574.83,8.61,GBP,3440.3700000000003
TXN_003660,2024-03-28 19:07:00,S015,P411,2,369.69,35.6,USD,703.78
TXN_003661,2024-03-15 14:18:00,S047,P861,7,1010.51,17.77,USD,7055.799999999999
TXN_003662,2024-03-24 16:24:00,S040,P722,4,1160.56,5.23,USD,4637.01
TXN_003663,2024-03-02 18:14:00,S069,P009,1,253.78,13.05,USD,240.73
TXN_003664,2024-03-07 02:49:00,S095,P641,1,909.99,45.5,EUR,864.49
TXN_003665,2024-03-25 11:40:00,S082,P174,2,1307.73,33.25,GBP,2582.21
TXN_003666,2024-03-02 23:42:00,S080,P330,8,946.94,40.21,EUR,7535.31
TXN_003667,2024-03-30 22:43:00,S070,P133,7,1008.4,6.33,GBP,7052.47
TXN_003668,2024-03-07 15:53:00,S085,P540,9,554.48,4.09,USD,4986.23
TXN_003669,2024-03-21 04:53:00,S016,P013,8,1098.72,35.0,EUR,8754.76
TXN_003670,2024-03-11 18:02:00,S070,P750,7,390.81,31.7,EUR,2703.9700000000003
TXN_003671,2024-03-18 02:22:00,S049,P994,6,955.96,18.94,GBP,5716.820000000001
TXN_003672,2024-03-15 05:20:00,S029,P466,3,1495.49,12.56,USD,4473.91
TXN_003673,2024-03-20 21:41:00,S007,P164,6,303.88,0.3,USD,1822.98
TXN_003674,2024-03-13 08:42:00,S037,P559,5,968.11,31.31,EUR,4809.24
TXN_003675,2024-03-27 01:24:00,S037,P546,6,32.06,49.89,USD,142.47000000000003
TXN_003676,2024-03-13 03:44:00,S024,P660,1,456.2,42.22,GBP,413.98
TXN_003677,2024-03-13 12:52:00,S010,P189,5,341.79,37.31,USD,1671.64
TXN_003678,2024-03-25 15:49:00,S020,P447,8,979.08,17.18,EUR,7815.46
TXN_003679,2024-03-02 00:42:00,S053,P073,5,281.25,31.09,EUR,1375.16
TXN_003680,2024-03-05 19:41:00,S079,P238,9,1095.44,19.54,USD,9839.42
TXN_003681,2024-03-11 04:30:00,S062,P257,7,1268.49,4.16,EUR,8875.27
TXN_003682,2024-03-18 02:22:00,S090,P558,1,1351.59,19.58,GBP,1332.01
TXN_003683,2024-03-10 07:35:00,S068,P809,5,436.0,12.3,GBP,2167.7
TXN_003684,2024-03-17 15:55:00,S025,P262,4,1260.5,1.37,USD,5040.63
TXN_003685,2024-03-25 17:44:00,S017,P649,7,1115.45,34.71,EUR,7773.4400000000005
TXN_003686,2024-03-06 19:58:00,S092,P003,3,586.62,33.41,USD,1726.45
TXN_003687,2024-03-15 07:47:00,S023,P787,9,1441.83,11.81,GBP,12964.66
TXN_003688,2024-03-08 13:55:00,S062,P763,5,563.52,10.43,USD,2807.17
TXN_003689,2024-03-24 14:05:00,S059,P236,4,1121.54,12.93,USD,4473.23
TXN_003690,2024-03-15 04:10:00,S065,P370,4,415.69,25.04,USD,1637.72
TXN_003691,2024-03-29 19:33:00,S040,P501,2,706.9,16.44,EUR,1397.36
TXN_003692,2024-03-16 04:32:00,S008,P954,8,1172.85,11.81,EUR,9370.99
TXN_003693,2024-03-23 11:30:00,S015,P300,9,629.84,45.16,USD,5623.400000000001
TXN_003694,2024-03-15 20:51:00,S092,P838,4,382.66,41.99,GBP,1488.65
TXN_003695,2024-03-28 06:40:00,S038,P931,4,285.66,48.08,GBP,1094.5600000000002
TXN_003696,2024-03-01 15:37:00,S048,P187,5,913.73,10.4,EUR,4558.25
TXN_003697,2024-03-24 20:21:00,S046,P870,2,1253.69,9.45,GBP,2497.9300000000003
TXN_003698,2024-03-22 10:58:00,S050,P826,8,545.5,29.41,EUR,4334.59
TXN_003699,2024-03-02 10:47:00,S057,P272,9,435.1,27.99,USD,3887.9100000000003
TXN_003700,2024-03-18 01:07:00,S060,P929,2,1222.79,2.86,EUR,2442.72
TXN_003701,2024-03-12 17:17:00,S056,P620,3,57.69,38.86,USD,134.20999999999998
TXN_003702,2024-03-12 21:50:00,S090,P048,6,323.75,6.58,GBP,1935.92
TXN_003703,2024-03-14 14:36:00,S048,P072,3,234.57,1.45,GBP,702.26
TXN_003704,2024-03-09 09:19:00,S056,P709,4,562.03,0.07,USD,2248.0499999999997
TXN_003705,2024-03-22 15:16:00,S002,P930,1,1245.0,46.42,GBP,1198.58
TXN_003706,2024-03-26 03:50:00,S066,P931,9,1442.14,19.79,GBP,12959.47
TXN_003707,2024-03-16 22:42:00,S032,P899,6,180.7,35.98,GBP,1048.2199999999998
TXN_003708,2024-03-04 18:10:00,S025,P234,3,660.21,11.36,USD,1969.2700000000002
TXN_003709,2024-03-12 17:01:00,S010,P495,5,109.46,2.61,USD,544.6899999999999
TXN_003710,2024-03-17 06:57:00,S024,P158,5,962.13,27.5,GBP,4783.15
TXN_003711,2024-03-09 16:14:00,S081,P590,8,1002.68,7.42,EUR,8014.0199999999995
TXN_003712,2024-03-21 23:48:00,S001,P725,8,911.69,46.74,EUR,7246.780000000001
TXN_003713,2024-03-11 09:35:00,S036,P405,1,377.96,18.66,EUR,359.29999999999995
TXN_003714,2024-03-21 13:44:00,S054,P491,3,690.39,25.22,USD,2045.95
TXN_003715,2024-03-18 13:15:00,S053,P004,4,317.17,15.69,USD,1252.99
TXN_003716,2024-03-21 04:36:00,S021,P594,2,54.68,49.38,EUR,59.98
TXN_003717,2024-03-15 00:11:00,S054,P177,4,1443.87,47.72,EUR,5727.759999999999
TXN_003718,2024-03-25 04:13:00,S038,P566,1,463.21,5.06,USD,458.15
TXN_003719,2024-03-01 04:58:00,S069,P063,7,948.33,18.86,GBP,6619.450000000001
TXN_003720,2024-03-11 12:43:00,S017,P192,1,494.72,3.37,EUR,491.35
TXN_003721,2024-03-12 03:30:00,S095,P212,5,562.53,39.6,EUR,2773.0499999999997
TXN_003722,2024-03-04 02:49:00,S083,P702,7,153.25,38.59,EUR,1034.16
TXN_003723,2024-03-25 22:37:00,S017,P030,1,448.82,48.87,EUR,399.95
TXN_003724,2024-03-22 22:56:00,S006,P011,9,1213.35,20.07,EUR,10900.08
TXN_003725,2024-03-11 21:44:00,S017,P960,8,147.89,22.03,GBP,1161.09
TXN_003726,2024-03-04 20:33:00,S005,P687,1,211.51,18.13,GBP,193.38
TXN_003727,2024-03-15 05:04:00,S060,P972,1,1161.58,4.27,GBP,1157.31
TXN_003728,2024-03-14 03:08:00,S042,P295,8,256.36,8.75,EUR,2042.13
TXN_003729,2024-03-25 14:53:00,S052,P127,6,310.96,42.19,GBP,1823.5699999999997
TXN_003730,2024-03-09 15:08:00,S082,P751,2,1454.05,1.3,USD,2906.7999999999997
TXN_003731,2024-03-19 16:03:00,S040,P418,9,597.02,43.89,USD,5329.29
TXN_003732,2024-03-29 17:36:00,S047,P635,7,1424.39,39.08,USD,9931.650000000001
TXN_003733,2024-03-30 21:21:00,S089,P764,3,112.08,24.05,EUR,312.19
TXN_003734,2024-03-12 08:59:00,S089,P900,8,466.61,6.02,USD,3726.86
TXN_003735,2024-03-26 10:52:00,S028,P530,1,1214.7,26.7,GBP,1188.0
TXN_003736,2024-03-13 06:10:00,S095,P656,1,922.01,1.75,GBP,920.26
TXN_003737,2024-03-20 21:53:00,S094,P369,7,783.71,28.87,EUR,5457.1
TXN_003738,2024-03-10 09:21:00,S033,P589,5,1366.35,5.01,USD,6826.74
TXN_003739,2024-03-27 12:49:00,S081,P479,5,1282.82,28.11,GBP,6385.99
TXN_003740,2024-03-29 08:48:00,S077,P764,7,1494.9,5.3,EUR,10459.000000000002
TXN_003741,2024-03-03 02:51:00,S068,P054,9,140.13,1.1,USD,1260.0700000000002
TXN_003742,2024-03-12 18:25:00,S044,P485,3,1448.41,4.75,USD,4340.4800000000005
TXN_003743,2024-03-02 06:21:00,S095,P892,7,1056.22,14.91,GBP,7378.63
TXN_003744,2024-03-19 06:01:00,S014,P506,2,1476.34,16.34,USD,2936.3399999999997
TXN_003745,2024-03-13 21:44:00,S095,P474,7,511.19,31.72,GBP,3546.61
TXN_003746,2024-03-02 22:49:00,S091,P032,6,282.6,34.63,EUR,1660.97
TXN_003747,2024-03-13 04:45:00,S098,P475,5,976.52,12.2,GBP,4870.400000000001
TXN_003748,2024-03-14 16:41:00,S089,P375,5,1440.6,12.04,EUR,7190.96
TXN_003749,2024-03-19 14:40:00,S099,P481,5,395.46,16.52,EUR,1960.78
TXN_003750,2024-03-11 09:48:00,S079,P393,2,631.1,20.01,USD,1242.19
TXN_003751,2024-03-19 11:17:00,S072,P104,7,239.01,21.23,GBP,1651.84
TXN_003752,2024-03-26 00:46:00,S010,P175,5,72.93,6.24,GBP,358.41
TXN_003753,2024-03-10 06:56:00,S093,P066,9,120.35,49.99,USD,1033.1599999999999
TXN_003754,2024-03-30 09:59:00,S037,P024,1,385.42,6.7,EUR,378.72
TXN_003755,2024-03-07 18:32:00,S022,P767,5,1338.01,37.66,USD,6652.39
TXN_003756,2024-03-30 04:44:00,S025,P667,4,1497.96,8.14,USD,5983.7
TXN_003757,2024-03-29 21:02:00,S070,P201,4,1224.63,23.11,EUR,4875.410000000001
TXN_003758,2024-03-08 15:14:00,S025,P415,2,89.43,10.26,EUR,168.60000000000002
TXN_003759,2024-03-08 04:02:00,S049,P597,2,1229.76,10.54,USD,2448.98
TXN_003760,2024-03-09 12:56:00,S075,P934,4,709.15,43.35,GBP,2793.25
TXN_003761,2024-03-21 20:16:00,S013,P871,4,1393.8,21.65,USD,5553.55
TXN_003762,2024-03-04 19:34:00,S015,P182,7,275.69,40.0,EUR,1889.83
TXN_003763,2024-03-19 01:10:00,S059,P533,3,929.42,41.25,USD,2747.0099999999998
TXN_003764,2024-03-30 05:05:00,S040,P720,7,1136.97,33.78,EUR,7925.01
TXN_003765,2024-03-03 12:23:00,S041,P141,5,305.05,13.35,EUR,1511.9
TXN_003766,2024-03-30 09:03:00,S002,P452,6,86.36,19.38,EUR,498.78
TXN_003767,2024-03-26 00:43:00,S017,P838,4,24.9,36.7,USD,62.89999999999999
TXN_003768,2024-03-12 17:03:00,S002,P267,8,1174.01,42.57,GBP,9349.51
TXN_003769,2024-03-10 22:51:00,S039,P150,7,1365.94,10.39,USD,9551.19
TXN_003770,2024-03-19 00:34:00,S014,P830,6,34.46,32.33,EUR,174.43
TXN_003771,2024-03-07 01:26:00,S069,P300,1,126.88,14.26,USD,112.61999999999999
TXN_003772,2024-03-26 17:54:00,S075,P439,1,1073.12,43.62,GBP,1029.5
TXN_003773,2024-03-01 00:38:00,S038,P916,7,864.16,5.92,USD,6043.2
TXN_003774,2024-03-19 12:59:00,S060,P776,9,1123.24,33.66,EUR,10075.5
TXN_003775,2024-03-20 13:03:00,S015,P967,9,1007.41,11.6,EUR,9055.09
TXN_003776,2024-03-19 09:04:00,S091,P670,3,1455.14,40.57,GBP,4324.85
TXN_003777,2024-03-06 03:40:00,S011,P758,2,1071.33,37.25,GBP,2105.41
TXN_003778,2024-03-07 08:29:00,S040,P250,6,224.6,8.69,EUR,1338.9099999999999
TXN_003779,2024-03-05 19:30:00,S005,P099,3,248.73,13.4,EUR,732.79
TXN_003780,2024-03-06 07:55:00,S085,P671,5,228.02,43.39,EUR,1096.71
TXN_003781,2024-03-16 21:09:00,S089,P150,7,1314.72,29.05,USD,9173.990000000002
TXN_003782,2024-03-12 19:23:00,S007,P761,6,1358.17,21.44,USD,8127.580000000001
TXN_003783,2024-03-04 12:00:00,S043,P023,9,1381.47,15.45,GBP,12417.779999999999
TXN_003784,2024-03-18 18:42:00,S088,P983,1,1374.46,47.28,EUR,1327.18
TXN_003785,2024-03-11 16:47:00,S082,P464,1,961.06,26.57,GBP,934.4899999999999
TXN_003786,2024-03-01 03:07:00,S027,P367,4,777.59,33.85,EUR,3076.51
TXN_003787,2024-03-24 23:30:00,S064,P541,2,1428.09,43.42,EUR,2812.7599999999998
TXN_003788,2024-03-18 12:15:00,S092,P186,5,954.84,16.09,GBP,4758.11
TXN_003789,2024-03-26 22:43:00,S036,P975,2,526.76,45.88,GBP,1007.64
TXN_003790,2024-03-17 06:27:00,S024,P660,2,786.17,0.42,EUR,1571.9199999999998
TXN_003791,2024-03-13 14:52:00,S059,P647,9,669.08,49.36,EUR,5972.360000000001
TXN_003792,2024-03-18 18:55:00,S026,P684,4,261.33,40.42,GBP,1004.9
TXN_003793,2024-03-27 13:41:00,S068,P352,3,1214.81,36.34,EUR,3608.0899999999997
TXN_003794,2024-03-14 23:29:00,S076,P645,6,395.03,36.8,USD,2333.3799999999997
TXN_003795,2024-03-02 17:33:00,S053,P725,2,557.67,26.13,GBP,1089.2099999999998
TXN_003796,2024-03-12 19:57:00,S020,P285,9,345.24,16.6,EUR,3090.56
TXN_003797,2024-03-16 07:43:00,S059,P637,4,786.39,6.08,GBP,3139.48
TXN_003798,2024-03-20 23:02:00,S046,P079,2,285.16,46.11,GBP,524.21
TXN_003799,2024-03-01 15:23:00,S086,P695,8,1418.62,48.0,USD,11300.96
TXN_003800,2024-03-16 19:03:00,S028,P677,1,784.63,12.33,GBP,772.3
TXN_003801,2024-03-12 21:31:00,S021,P151,1,813.65,20.49,EUR,793.16
TXN_003802,2024-03-23 00:39:00,S031,P603,5,1359.07,24.55,GBP,6770.799999999999
TXN_003803,2024-03-17 18:22:00,S037,P708,5,116.02,42.69,EUR,537.4100000000001
TXN_003804,2024-03-08 19:09:00,S091,P377,3,568.07,25.84,USD,1678.3700000000001
TXN_003805,2024-03-24 04:17:00,S078,P429,6,1354.4,46.79,GBP,8079.610000000001
TXN_003806,2024-03-18 11:06:00,S006,P642,3,1284.33,25.5,GBP,3827.49
TXN_003807,2024-03-02 15:39:00,S055,P506,2,1096.27,47.97,USD,2144.57
TXN_003808,2024-03-08 05:54:00,S017,P011,8,1277.36,33.17,GBP,10185.71
TXN_003809,2024-03-26 15:45:00,S083,P653,5,528.39,5.52,GBP,2636.43
TXN_003810,2024-03-27 21:38:00,S063,P409,8,1116.68,9.87,EUR,8923.57
TXN_003811,2024-03-09 04:29:00,S078,P1000,8,456.01,5.63,EUR,3642.45
TXN_003812,2024-03-12 03:05:00,S051,P375,9,253.52,9.77,GBP,2271.9100000000003
TXN_003813,2024-03-18 00:26:00,S031,P350,5,44.55,48.21,USD,174.54
TXN_003814,2024-03-08 19:20:00,S037,P819,7,499.72,18.51,USD,3479.5299999999997
TXN_003815,2024-03-11 16:00:00,S022,P452,6,1217.04,38.75,GBP,7263.49
TXN_003816,2024-03-19 16:33:00,S045,P738,2,857.73,7.44,EUR,1708.02
TXN_003817,2024-03-03 10:00:00,S003,P302,3,759.37,30.56,EUR,2247.55
TXN_003818,2024-03-03 13:31:00,S016,P911,3,1286.54,21.65,GBP,3837.97
TXN_003819,2024-03-16 14:38:00,S015,P705,6,750.47,19.51,GBP,4483.3099999999995
TXN_003820,2024-03-13 22:19:00,S046,P599,9,233.82,13.51,EUR,2090.87
TXN_003821,2024-03-19 06:47:00,S091,P832,5,337.71,25.16,GBP,1663.3899999999999
TXN_003822,2024-03-02 11:00:00,S023,P927,8,937.04,46.92,USD,7449.4
TXN_003823,2024-03-25 08:57:00,S084,P131,6,1430.64,17.03,GBP,8566.81
TXN_003824,2024-03-30 09:20:00,S056,P111,6,1373.2,4.03,EUR,8235.17
TXN_003825,2024-03-11 05:10:00,S013,P112,1,1424.07,24.48,USD,1399.59
TXN_003826,2024-03-04 08:58:00,S018,P961,5,246.47,1.3,EUR,1231.05
TXN_003827,2024-03-30 19:13:00,S093,P543,6,446.29,17.59,EUR,2660.15
TXN_003828,2024-03-26 23:09:00,S086,P753,6,636.12,22.3,GBP,3794.42
TXN_003829,2024-03-24 01:39:00,S095,P931,4,193.89,49.73,GBP,725.8299999999999
TXN_003830,2024-03-01 01:53:00,S013,P407,9,1060.99,4.22,GBP,9544.69
TXN_003831,2024-03-22 20:07:00,S094,P951,7,98.96,2.9,USD,689.8199999999999
TXN_003832,2024-03-01 09:11:00,S052,P400,7,1359.95,24.34,EUR,9495.31
TXN_003833,2024-03-23 10:06:00,S059,P999,6,652.64,27.8,USD,3888.04
TXN_003834,2024-03-30 12:03:00,S030,P805,7,352.13,47.22,EUR,2417.69
TXN_003835,2024-03-01 02:17:00,S070,P048,4,1269.77,49.23,GBP,5029.85
TXN_003836,2024-03-24 10:09:00,S080,P526,1,19.63,25.24,EUR,-5.609999999999999
TXN_003837,2024-03-23 01:42:00,S027,P286,1,399.1,40.33,EUR,358.77000000000004
TXN_003838,2024-03-20 08:37:00,S100,P421,6,296.28,3.5,GBP,1774.1799999999998
TXN_003839,2024-03-18 04:12:00,S029,P545,7,1067.18,28.84,EUR,7441.42
TXN_003840,2024-03-21 18:41:00,S029,P703,9,22.48,29.78,USD,172.54
TXN_003841,2024-03-24 05:12:00,S053,P369,6,1377.13,22.27,USD,8240.51
TXN_003842,2024-03-20 14:51:00,S015,P460,4,1237.97,26.99,USD,4924.89
TXN_003843,2024-03-13 10:40:00,S042,P424,6,1050.36,23.49,USD,6278.67
TXN_003844,2024-03-18 23:46:00,S091,P739,5,646.57,11.99,GBP,3220.8600000000006
TXN_003845,2024-03-02 11:22:00,S059,P300,5,452.36,35.14,USD,2226.6600000000003
TXN_003846,2024-03-10 13:41:00,S027,P370,9,935.65,30.33,EUR,8390.52
TXN_003847,2024-03-01 21:00:00,S083,P720,5,539.89,17.77,EUR,2681.68
TXN_003848,2024-03-06 01:44:00,S071,P436,7,268.01,17.74,USD,1858.33
TXN_003849,2024-03-01 21:34:00,S046,P293,5,1325.1,48.69,USD,6576.81
TXN_003850,2024-03-17 12:49:00,S063,P714,5,719.22,42.51,EUR,3553.59
TXN_003851,2024-03-17 13:15:00,S009,P630,3,207.29,26.44,EUR,595.43
TXN_003852,2024-03-17 23:08:00,S092,P418,2,1062.82,18.3,GBP,2107.3399999999997
TXN_003853,2024-03-15 11:29:00,S078,P150,1,33.11,47.61,EUR,-14.5
TXN_003854,2024-03-08 20:54:00,S050,P654,6,511.01,6.67,USD,3059.39
TXN_003855,2024-03-04 07:37:00,S018,P159,9,750.49,3.11,EUR,6751.3
TXN_003856,2024-03-27 03:55:00,S064,P377,1,1371.28,34.2,EUR,1337.08
TXN_003857,2024-03-15 01:57:00,S090,P250,6,903.73,35.0,USD,5387.38
TXN_003858,2024-03-11 21:55:00,S066,P865,8,985.73,0.02,EUR,7885.82
TXN_003859,2024-03-25 04:27:00,S006,P082,4,1318.7,25.7,EUR,5249.1
TXN_003860,2024-03-18 03:12:00,S002,P195,7,1128.38,35.31,GBP,7863.35
TXN_003861,2024-03-14 03:19:00,S047,P442,5,1029.26,36.87,GBP,5109.43
TXN_003862,2024-03-02 17:49:00,S091,P045,9,1227.17,47.78,USD,10996.75
TXN_003863,2024-03-06 01:53:00,S090,P145,8,831.59,38.33,EUR,6614.39
TXN_003864,2024-03-16 06:28:00,S018,P978,9,556.25,46.28,USD,4959.97
TXN_003865,2024-03-20 21:44:00,S053,P221,9,370.31,32.78,USD,3300.0099999999998
TXN_003866,2024-03-21 08:45:00,S007,P898,7,363.89,25.76,EUR,2521.47
TXN_003867,2024-03-12 14:57:00,S039,P781,3,463.86,35.46,EUR,1356.12
TXN_003868,2024-03-05 21:45:00,S085,P006,4,1138.38,26.6,USD,4526.92
TXN_003869,2024-03-08 12:34:00,S007,P983,4,1258.76,13.72,EUR,5021.32
TXN_003870,2024-03-07 21:07:00,S058,P316,2,710.35,34.13,USD,1386.57
TXN_003871,2024-03-14 18:26:00,S009,P416,3,1418.67,15.99,EUR,4240.02
TXN_003872,2024-03-01 07:47:00,S090,P074,7,901.1,41.11,GBP,6266.59
TXN_003873,2024-03-13 14:46:00,S040,P093,1,357.7,13.41,USD,344.28999999999996
TXN_003874,2024-03-14 09:30:00,S082,P669,2,400.07,48.0,GBP,752.14
TXN_003875,2024-03-26 01:46:00,S038,P761,2,432.67,23.49,GBP,841.85
TXN_003876,2024-03-09 10:16:00,S045,P447,8,466.34,11.83,USD,3718.89
TXN_003877,2024-03-09 21:08:00,S028,P975,2,470.42,1.81,EUR,939.0300000000001
TXN_003878,2024-03-04 22:33:00,S016,P686,3,482.08,25.29,GBP,1420.95
TXN_003879,2024-03-21 09:49:00,S049,P287,3,408.93,20.25,USD,1206.54
TXN_003880,2024-03-08 03:23:00,S050,P361,5,1235.39,34.05,USD,6142.900000000001
TXN_003881,2024-03-22 12:24:00,S056,P374,1,1217.14,23.06,EUR,1194.0800000000002
TXN_003882,2024-03-06 17:47:00,S092,P008,7,735.6,14.3,USD,5134.9
TXN_003883,2024-03-02 13:24:00,S080,P531,7,462.64,31.63,GBP,3206.85
TXN_003884,2024-03-17 09:46:00,S035,P799,5,381.24,18.3,EUR,1887.9
TXN_003885,2024-03-09 03:38:00,S094,P919,1,1455.15,34.64,EUR,1420.51
TXN_003886,2024-03-03 15:42:00,S018,P829,1,63.12,39.96,EUR,23.159999999999997
TXN_003887,2024-03-09 12:55:00,S003,P131,8,484.38,6.7,EUR,3868.34
TXN_003888,2024-03-17 11:56:00,S088,P325,5,1223.88,27.1,GBP,6092.3
TXN_003889,2024-03-29 19:21:00,S065,P188,1,73.91,23.31,GBP,50.599999999999994
TXN_003890,2024-03-28 06:52:00,S027,P137,7,942.17,31.13,EUR,6564.0599999999995
TXN_003891,2024-03-17 06:12:00,S046,P139,8,132.67,37.54,USD,1023.8199999999999
TXN_003892,2024-03-30 17:48:00,S097,P590,1,678.38,24.32,GBP,654.06
TXN_003893,2024-03-17 04:45:00,S013,P480,1,1453.84,47.48,EUR,1406.36
TXN_003894,2024-03-01 14:58:00,S027,P629,1,335.74,1.85,USD,333.89
TXN_003895,2024-03-14 15:58:00,S004,P345,9,799.38,1.5,EUR,7192.92
TXN_003896,2024-03-02 14:59:00,S032,P810,3,615.11,31.34,EUR,1813.99
TXN_003897,2024-03-20 08:50:00,S005,P152,2,1336.21,30.06,USD,2642.36
TXN_003898,2024-03-23 06:53:00,S034,P985,2,200.87,40.69,USD,361.05
TXN_003899,2024-03-02 18:03:00,S084,P477,5,570.99,46.22,GBP,2808.73
TXN_003900,2024-03-03 11:49:00,S043,P554,6,1236.09,15.8,EUR,7400.739999999999
TXN_003901,2024-03-29 08:11:00,S006,P062,7,447.38,44.85,USD,3086.81
TXN_003902,2024-03-20 08:58:00,S094,P840,4,461.31,47.44,EUR,1797.8
TXN_003903,2024-03-29 04:06:00,S023,P561,3,426.6,17.45,GBP,1262.3500000000001
TXN_003904,2024-03-28 15:48:00,S029,P038,7,476.4,25.24,USD,3309.56
TXN_003905,2024-03-06 03:37:00,S018,P042,1,1046.69,36.37,USD,1010.32
TXN_003906,2024-03-12 01:14:00,S023,P659,8,431.59,33.04,GBP,3419.68
TXN_003907,2024-03-12 14:47:00,S080,P049,5,264.02,17.05,EUR,1303.05
TXN_003908,2024-03-09 15:12:00,S050,P461,8,643.09,40.14,GBP,5104.58
TXN_003909,2024-03-27 06:02:00,S082,P705,4,1308.61,21.8,EUR,5212.639999999999
TXN_003910,2024-03-28 23:57:00,S085,P840,9,673.86,13.11,USD,6051.63
TXN_003911,2024-03-16 09:03:00,S067,P375,5,59.95,6.38,USD,293.37
TXN_003912,2024-03-01 21:01:00,S007,P884,8,1089.34,35.92,EUR,8678.8
TXN_003913,2024-03-29 09:45:00,S057,P447,4,1433.94,17.56,EUR,5718.2
TXN_003914,2024-03-11 20:39:00,S059,P982,9,1446.71,33.42,GBP,12986.97
TXN_003915,2024-03-11 15:21:00,S060,P589,6,100.83,13.32,GBP,591.66
TXN_003916,2024-03-09 00:56:00,S093,P085,5,664.83,22.6,EUR,3301.55
TXN_003917,2024-03-12 19:00:00,S053,P461,5,70.95,3.62,USD,351.13
TXN_003918,2024-03-07 03:56:00,S016,P450,9,307.62,29.6,EUR,2738.98
TXN_003919,2024-03-09 14:59:00,S062,P733,8,1409.97,35.31,EUR,11244.45
TXN_003920,2024-03-01 02:02:00,S092,P625,1,500.97,17.81,USD,483.16
TXN_003921,2024-03-27 06:43:00,S090,P154,8,776.87,37.61,USD,6177.35
TXN_003922,2024-03-24 00:46:00,S085,P386,4,78.38,39.57,GBP,273.95
TXN_003923,2024-03-12 09:15:00,S068,P436,9,590.75,45.1,GBP,5271.65
TXN_003924,2024-03-22 16:02:00,S006,P535,5,1290.29,41.78,USD,6409.67
TXN_003925,2024-03-30 19:45:00,S015,P933,3,1454.79,9.26,EUR,4355.11
TXN_003926,2024-03-06 00:40:00,S024,P890,7,1030.04,22.42,USD,7187.86
TXN_003927,2024-03-16 00:21:00,S067,P634,9,1374.42,33.34,GBP,12336.44
TXN_003928,2024-03-12 13:28:00,S100,P758,6,621.72,23.91,GBP,3706.4100000000003
TXN_003929,2024-03-04 18:41:00,S065,P769,6,1402.56,11.3,USD,8404.060000000001
TXN_003930,2024-03-14 08:46:00,S050,P418,8,1283.68,5.18,EUR,10264.26
TXN_003931,2024-03-25 11:54:00,S062,P106,3,682.42,1.21,USD,2046.0499999999997
TXN_003932,2024-03-29 00:00:00,S048,P073,6,411.2,37.65,GBP,2429.5499999999997
TXN_003933,2024-03-08 07:42:00,S046,P939,4,1262.78,45.87,EUR,5005.25
TXN_003934,2024-03-04 08:40:00,S007,P713,6,527.65,2.32,EUR,3163.5799999999995
TXN_003935,2024-03-20 17:49:00,S089,P779,3,1167.6,32.41,GBP,3470.39
TXN_003936,2024-03-17 12:57:00,S070,P409,4,853.5,7.77,EUR,3406.23
TXN_003937,2024-03-05 16:56:00,S055,P424,7,537.76,37.37,USD,3726.95
TXN_003938,2024-03-02 00:30:00,S032,P513,8,1383.1,6.24,USD,11058.56
TXN_003939,2024-03-28 01:46:00,S021,P896,6,418.7,7.88,USD,2504.3199999999997
TXN_003940,2024-03-30 14:47:00,S068,P926,9,832.9,9.6,EUR,7486.499999999999
TXN_003941,2024-03-02 18:42:00,S063,P923,1,127.52,35.95,USD,91.57
TXN_003942,2024-03-21 17:35:00,S054,P177,3,944.11,13.77,USD,2818.56
TXN_003943,2024-03-25 11:03:00,S040,P707,7,113.25,36.64,EUR,756.11
TXN_003944,2024-03-21 14:32:00,S024,P803,8,524.72,11.61,EUR,4186.150000000001
TXN_003945,2024-03-18 11:09:00,S072,P390,2,1357.98,34.88,GBP,2681.08
TXN_003946,2024-03-27 02:02:00,S001,P063,9,907.41,49.63,EUR,8117.0599999999995
TXN_003947,2024-03-29 09:41:00,S069,P782,8,782.49,17.99,USD,6241.93
TXN_003948,2024-03-02 11:23:00,S086,P976,2,491.86,14.88,EUR,968.84
TXN_003949,2024-03-22 03:02:00,S036,P494,2,545.16,8.33,EUR,1081.99
TXN_003950,2024-03-26 14:43:00,S001,P177,1,449.3,2.17,GBP,447.13
TXN_003951,2024-03-09 14:23:00,S012,P883,3,1296.21,4.5,GBP,3884.13
TXN_003952,2024-03-21 11:40:00,S051,P596,4,167.9,49.44,EUR,622.1600000000001
TXN_003953,2024-03-22 06:49:00,S040,P731,7,1494.99,48.32,EUR,10416.61
TXN_003954,2024-03-24 06:13:00,S084,P955,8,745.91,38.15,GBP,5929.13
TXN_003955,2024-03-25 17:35:00,S072,P159,7,112.33,35.24,USD,751.0699999999999
TXN_003956,2024-03-25 17:55:00,S089,P514,1,86.88,43.89,USD,42.989999999999995
TXN_003957,2024-03-09 16:33:00,S054,P151,7,1138.14,43.48,GBP,7923.500000000001
TXN_003958,2024-03-27 01:55:00,S008,P627,5,1305.94,36.86,EUR,6492.840000000001
TXN_003959,2024-03-07 08:18:00,S002,P016,5,401.33,8.7,GBP,1997.9499999999998
TXN_003960,2024-03-25 18:33:00,S099,P075,1,181.21,48.96,GBP,132.25
TXN_003961,2024-03-19 12:27:00,S037,P685,3,806.03,3.4,GBP,2414.69
TXN_003962,2024-03-09 09:51:00,S001,P300,3,1338.74,40.73,EUR,3975.4900000000002
TXN_003963,2024-03-04 11:13:00,S009,P385,3,209.15,0.87,USD,626.58
TXN_003964,2024-03-04 23:11:00,S086,P086,6,29.6,37.46,EUR,140.14000000000001
TXN_003965,2024-03-11 23:42:00,S006,P846,5,1442.56,48.26,USD,7164.539999999999
TXN_003966,2024-03-26 18:58:00,S069,P434,3,1423.81,19.58,USD,4251.85
TXN_003967,2024-03-18 11:24:00,S055,P052,8,1481.76,46.38,GBP,11807.7
TXN_003968,2024-03-28 15:35:00,S099,P989,7,501.86,3.22,GBP,3509.8
TXN_003969,2024-03-06 20:08:00,S067,P419,9,1345.31,18.32,USD,12089.47
TXN_003970,2024-03-28 21:38:00,S055,P953,2,1121.91,36.4,GBP,2207.42
TXN_003971,2024-03-02 12:15:00,S038,P080,4,164.82,37.13,GBP,622.15
TXN_003972,2024-03-03 02:55:00,S084,P003,6,438.71,1.16,EUR,2631.1
TXN_003973,2024-03-23 09:05:00,S097,P468,9,1409.64,43.38,USD,12643.380000000001
TXN_003974,2024-03-15 12:49:00,S094,P222,2,1272.19,22.93,USD,2521.4500000000003
TXN_003975,2024-03-27 22:06:00,S074,P417,8,1232.08,44.55,USD,9812.09
TXN_003976,2024-03-24 00:00:00,S034,P307,1,743.06,29.95,GBP,713.1099999999999
TXN_003977,2024-03-15 22:33:00,S003,P681,2,1313.86,5.14,USD,2622.58
TXN_003978,2024-03-10 16:57:00,S048,P500,7,238.32,42.11,EUR,1626.13
TXN_003979,2024-03-12 08:33:00,S059,P798,9,1309.08,44.05,GBP,11737.67
TXN_003980,2024-03-15 12:40:00,S098,P877,4,1409.66,28.28,EUR,5610.360000000001
TXN_003981,2024-03-20 00:29:00,S041,P090,6,472.19,0.58,GBP,2832.56
TXN_003982,2024-03-05 23:26:00,S037,P281,3,134.46,29.86,EUR,373.52
TXN_003983,2024-03-03 03:19:00,S082,P702,5,1234.58,24.11,USD,6148.79
TXN_003984,2024-03-20 21:59:00,S016,P544,5,668.04,41.95,USD,3298.25
TXN_003985,2024-03-10 10:20:00,S057,P078,9,812.44,1.07,EUR,7310.890000000001
TXN_003986,2024-03-21 20:17:00,S018,P503,9,230.88,47.98,USD,2029.94
TXN_003987,2024-03-18 04:08:00,S063,P021,1,665.38,26.76,USD,638.62
TXN_003988,2024-03-30 08:22:00,S062,P780,6,1480.57,31.17,EUR,8852.25
TXN_003989,2024-03-25 19:59:00,S019,P712,2,369.01,22.53,GBP,715.49
TXN_003990,2024-03-02 01:20:00,S027,P688,1,947.79,17.78,USD,930.01
TXN_003991,2024-03-15 21:53:00,S071,P949,2,328.45,43.89,USD,613.01
TXN_003992,2024-03-01 00:55:00,S037,P425,3,681.96,34.54,EUR,2011.3400000000001
TXN_003993,2024-03-09 22:53:00,S010,P792,8,486.76,48.83,GBP,3845.25
TXN_003994,2024-03-10 18:36:00,S024,P054,2,942.0,39.61,USD,1844.39
TXN_003995,2024-03-15 10:54:00,S035,P408,7,1337.46,24.08,GBP,9338.140000000001
TXN_003996,2024-03-15 21:11:00,S092,P531,6,141.53,27.63,EUR,821.5500000000001
TXN_003997,2024-03-28 12:55:00,S094,P513,9,193.46,18.48,EUR,1722.66
TXN_003998,2024-03-29 03:05:00,S024,P713,6,159.01,11.67,EUR,942.39
TXN_003999,2024-03-01 09:17:00,S089,P620,6,255.39,10.52,EUR,1521.82
TXN_004000,2024-03-07 07:11:00,S096,P941,1,1307.05,27.27,GBP,1279.78
TXN_004001,2024-03-17 19:27:00,S035,P663,4,363.63,13.99,EUR,1440.53
TXN_004002,2024-03-25 21:58:00,S044,P059,8,988.39,43.14,USD,7863.98
TXN_004003,2024-03-02 19:11:00,S096,P373,9,1224.0,13.82,GBP,11002.18
TXN_004004,2024-03-29 05:59:00,S058,P056,5,1375.19,32.14,USD,6843.81
TXN_004005,2024-03-04 18:12:00,S038,P337,1,1180.9,32.46,EUR,1148.44
TXN_004006,2024-03-29 19:09:00,S005,P493,8,1236.76,16.58,USD,9877.5
TXN_004007,2024-03-26 06:28:00,S058,P512,6,796.78,17.41,GBP,4763.27
TXN_004008,2024-03-01 15:44:00,S061,P381,1,1213.67,44.88,USD,1168.79
TXN_004009,2024-03-22 13:40:00,S017,P930,8,886.35,32.72,USD,7058.08
TXN_004010,2024-03-26 14:19:00,S049,P684,2,1153.68,19.24,USD,2288.1200000000003
TXN_004011,2024-03-04 21:11:00,S099,P643,8,1031.96,38.2,GBP,8217.48
TXN_004012,2024-03-19 00:28:00,S084,P834,2,141.54,5.98,GBP,277.09999999999997
TXN_004013,2024-03-02 10:29:00,S088,P424,5,928.14,48.35,USD,4592.349999999999
TXN_004014,2024-03-23 13:54:00,S009,P162,2,1443.99,43.57,EUR,2844.41
TXN_004015,2024-03-30 07:51:00,S077,P748,5,795.48,30.41,GBP,3946.9900000000002
TXN_004016,2024-03-14 11:50:00,S089,P855,9,708.21,18.47,GBP,6355.42
TXN_004017,2024-03-14 21:55:00,S053,P041,5,809.65,8.22,USD,4040.03
TXN_004018,2024-03-17 02:27:00,S073,P884,4,594.18,4.12,USD,2372.6
TXN_004019,2024-03-26 21:43:00,S066,P443,8,722.93,1.14,GBP,5782.299999999999
TXN_004020,2024-03-23 17:10:00,S054,P836,7,953.5,18.48,GBP,6656.02
TXN_004021,2024-03-15 09:25:00,S074,P943,8,316.09,13.83,USD,2514.89
TXN_004022,2024-03-03 00:10:00,S038,P513,6,1078.09,28.87,USD,6439.669999999999
TXN_004023,2024-03-21 04:07:00,S049,P750,2,1215.2,15.35,EUR,2415.05
TXN_004024,2024-03-23 02:21:00,S092,P712,5,246.94,48.59,USD,1186.1100000000001
TXN_004025,2024-03-08 09:10:00,S078,P888,1,400.53,30.45,EUR,370.08
TXN_004026,2024-03-16 00:17:00,S088,P292,2,730.66,43.2,USD,1418.12
TXN_004027,2024-03-18 06:17:00,S091,P074,6,387.3,48.56,USD,2275.2400000000002
TXN_004028,2024-03-23 14:58:00,S089,P757,6,11.71,22.29,EUR,47.970000000000006
TXN_004029,2024-03-05 14:26:00,S035,P575,8,474.97,45.12,GBP,3754.6400000000003
TXN_004030,2024-03-23 06:15:00,S073,P456,6,264.2,19.78,EUR,1565.4199999999998
TXN_004031,2024-03-09 19:22:00,S081,P673,9,1082.06,18.66,EUR,9719.88
TXN_004032,2024-03-02 20:50:00,S054,P334,7,1159.52,26.33,USD,8090.3099999999995
TXN_004033,2024-03-10 16:29:00,S065,P569,2,913.9,30.9,USD,1796.8999999999999
TXN_004034,2024-03-01 17:09:00,S016,P726,7,1495.69,10.41,USD,10459.42
TXN_004035,2024-03-03 07:31:00,S095,P088,6,1017.71,7.36,GBP,6098.900000000001
TXN_004036,2024-03-03 20:31:00,S011,P884,8,406.99,21.31,USD,3234.61
TXN_004037,2024-03-24 14:30:00,S060,P838,8,789.16,8.65,USD,6304.63
TXN_004038,2024-03-13 21:50:00,S048,P413,6,618.62,12.11,EUR,3699.61
TXN_004039,2024-03-20 05:28:00,S080,P594,1,204.12,37.01,USD,167.11
TXN_004040,2024-03-28 06:36:00,S005,P254,2,840.24,45.62,GBP,1634.8600000000001
TXN_004041,2024-03-17 09:26:00,S093,P610,8,330.65,25.54,GBP,2619.66
TXN_004042,2024-03-07 22:51:00,S093,P360,2,976.6,22.02,EUR,1931.18
TXN_004043,2024-03-14 11:19:00,S091,P445,9,554.38,4.07,EUR,4985.35
TXN_004044,2024-03-10 20:22:00,S049,P518,5,1205.28,24.44,USD,6001.96
TXN_004045,2024-03-23 22:30:00,S100,P092,5,200.0,17.69,GBP,982.31
TXN_004046,2024-03-14 06:34:00,S046,P606,8,414.6,29.8,GBP,3287.0
TXN_004047,2024-03-21 19:55:00,S071,P779,9,394.13,17.59,USD,3529.58
TXN_004048,2024-03-16 12:01:00,S065,P863,9,203.06,44.23,EUR,1783.31
TXN_004049,2024-03-26 18:12:00,S020,P426,5,224.03,6.47,USD,1113.68
TXN_004050,2024-03-01 06:51:00,S029,P685,3,120.11,1.65,USD,358.68
TXN_004051,2024-03-23 08:57:00,S086,P385,2,1491.71,13.25,EUR,2970.17
TXN_004052,2024-03-27 21:17:00,S062,P036,7,1251.2,43.59,GBP,8714.81
TXN_004053,2024-03-14 13:52:00,S033,P377,8,668.08,41.78,EUR,5302.860000000001
TXN_004054,2024-03-26 06:40:00,S007,P339,4,230.76,30.07,USD,892.9699999999999
TXN_004055,2024-03-10 11:39:00,S064,P151,8,1409.93,33.95,GBP,11245.49
TXN_004056,2024-03-15 21:27:00,S016,P073,5,167.2,4.56,USD,831.44
TXN_004057,2024-03-17 17:15:00,S003,P521,9,109.31,31.99,USD,951.8
TXN_004058,2024-03-14 05:23:00,S059,P032,1,1120.13,45.94,GBP,1074.19
TXN_004059,2024-03-26 07:43:00,S076,P863,5,29.72,43.07,USD,105.53
TXN_004060,2024-03-10 23:49:00,S094,P848,5,38.52,23.69,EUR,168.91000000000003
TXN_004061,2024-03-01 11:40:00,S039,P464,7,287.19,19.08,GBP,1991.25
TXN_004062,2024-03-16 19:43:00,S019,P233,1,617.12,32.8,USD,584.32
TXN_004063,2024-03-29 04:22:00,S038,P286,1,1344.26,40.87,GBP,1303.39
TXN_004064,2024-03-11 05:01:00,S037,P470,7,64.19,34.87,GBP,414.46
TXN_004065,2024-03-17 01:08:00,S090,P447,1,619.69,15.68,GBP,604.0100000000001
TXN_004066,2024-03-24 13:45:00,S093,P246,2,1453.28,14.98,USD,2891.58
TXN_004067,2024-03-23 10:45:00,S048,P430,2,96.62,20.2,GBP,173.04000000000002
TXN_004068,2024-03-08 14:43:00,S093,P244,5,879.34,2.0,USD,4394.7
TXN_004069,2024-03-21 20:50:00,S043,P984,1,396.96,20.11,GBP,376.84999999999997
TXN_004070,2024-03-21 13:19:00,S048,P612,4,1033.7,36.0,EUR,4098.8
TXN_004071,2024-03-29 09:10:00,S082,P048,8,411.69,32.22,USD,3261.3
TXN_004072,2024-03-01 08:08:00,S046,P257,7,959.04,1.31,GBP,6711.969999999999
TXN_004073,2024-03-30 14:17:00,S099,P889,2,279.31,7.33,USD,551.29
TXN_004074,2024-03-17 15:10:00,S046,P890,6,525.21,24.55,GBP,3126.71
TXN_004075,2024-03-06 10:50:00,S054,P118,7,79.81,12.79,GBP,545.8800000000001
TXN_004076,2024-03-19 08:20:00,S010,P647,1,427.36,2.86,EUR,424.5
TXN_004077,2024-03-11 23:02:00,S097,P082,8,795.7,45.14,GBP,6320.46
TXN_004078,2024-03-14 16:32:00,S084,P233,6,1488.31,29.97,USD,8899.890000000001
TXN_004079,2024-03-08 18:46:00,S089,P806,4,450.33,9.89,GBP,1791.4299999999998
TXN_004080,2024-03-01 10:45:00,S068,P920,6,1424.8,44.7,GBP,8504.099999999999
TXN_004081,2024-03-15 05:07:00,S083,P086,2,55.9,30.87,GBP,80.92999999999999
TXN_004082,2024-03-20 16:21:00,S022,P638,3,522.89,38.15,GBP,1530.52
TXN_004083,2024-03-06 23:04:00,S085,P213,7,1210.53,44.61,USD,8429.099999999999
TXN_004084,2024-03-23 00:10:00,S024,P886,1,265.39,2.37,EUR,263.02
TXN_004085,2024-03-10 14:32:00,S079,P424,8,234.14,33.53,GBP,1839.59
TXN_004086,2024-03-13 03:01:00,S017,P159,4,1112.17,27.83,GBP,4420.85
TXN_004087,2024-03-05 22:44:00,S074,P928,5,81.2,44.12,GBP,361.88
TXN_004088,2024-03-27 11:08:00,S043,P427,3,923.92,19.55,USD,2752.2099999999996
TXN_004089,2024-03-13 01:41:00,S085,P848,1,1192.11,40.63,USD,1151.4799999999998
TXN_004090,2024-03-16 13:21:00,S041,P536,4,174.84,23.26,EUR,676.1
TXN_004091,2024-03-02 00:46:00,S073,P924,6,862.2,33.69,GBP,5139.510000000001
TXN_004092,2024-03-19 07:13:00,S067,P065,4,269.65,44.87,USD,1033.73
TXN_004093,2024-03-26 19:20:00,S088,P431,2,903.82,30.84,EUR,1776.8000000000002
TXN_004094,2024-03-25 06:45:00,S067,P968,9,1434.22,17.0,EUR,12890.98
TXN_004095,2024-03-22 14:09:00,S055,P061,4,493.78,47.5,EUR,1927.62
TXN_004096,2024-03-02 23:40:00,S026,P164,5,895.95,5.31,EUR,4474.44
TXN_004097,2024-03-25 02:36:00,S087,P575,2,1344.63,5.97,EUR,2683.2900000000004
TXN_004098,2024-03-03 15:22:00,S079,P282,5,569.37,9.04,EUR,2837.81
TXN_004099,2024-03-13 14:16:00,S096,P356,3,22.63,28.12,EUR,39.769999999999996
TXN_004100,2024-03-19 07:47:00,S048,P348,8,1016.56,34.19,USD,8098.29
TXN_004101,2024-03-30 22:43:00,S060,P172,3,683.65,17.87,EUR,2033.08
TXN_004102,2024-03-06 15:21:00,S094,P600,5,1438.8,20.67,GBP,7173.33
TXN_004103,2024-03-10 04:37:00,S010,P518,5,489.65,4.76,EUR,2443.49
TXN_004104,2024-03-07 01:32:00,S047,P589,9,1415.94,43.71,GBP,12699.750000000002
TXN_004105,2024-03-24 19:47:00,S005,P316,7,1259.74,9.27,GBP,8808.91
TXN_004106,2024-03-09 15:51:00,S023,P570,9,1257.29,21.41,GBP,11294.2
TXN_004107,2024-03-30 06:58:00,S041,P606,7,660.48,46.12,EUR,4577.240000000001
TXN_004108,2024-03-10 13:06:00,S020,P373,2,19.36,26.85,EUR,11.869999999999997
TXN_004109,2024-03-07 06:58:00,S024,P342,1,120.1,35.2,EUR,84.89999999999999
TXN_004110,2024-03-02 18:53:00,S027,P217,4,310.89,36.82,USD,1206.74
TXN_004111,2024-03-21 00:46:00,S087,P146,3,896.56,3.32,GBP,2686.3599999999997
TXN_004112,2024-03-17 07:54:00,S095,P612,6,1075.91,18.64,EUR,6436.820000000001
TXN_004113,2024-03-03 22:30:00,S084,P830,5,471.28,32.11,EUR,2324.2899999999995
TXN_004114,2024-03-03 07:17:00,S013,P320,2,1068.19,25.7,USD,2110.6800000000003
TXN_004115,2024-03-22 23:55:00,S047,P608,5,1462.28,39.35,USD,7272.049999999999
TXN_004116,2024-03-10 15:11:00,S040,P187,7,191.81,47.48,EUR,1295.19
TXN_004117,2024-03-28 18:57:00,S008,P467,9,489.84,28.2,USD,4380.36
TXN_004118,2024-03-12 13:38:00,S071,P609,6,764.46,27.87,GBP,4558.89
TXN_004119,2024-03-06 03:02:00,S022,P265,9,31.71,24.82,USD,260.57
TXN_004120,2024-03-04 20:35:00,S014,P635,8,982.0,44.18,EUR,7811.82
TXN_004121,2024-03-23 05:25:00,S068,P201,5,1165.28,15.78,EUR,5810.62
TXN_004122,2024-03-12 09:47:00,S086,P062,8,1225.38,36.33,USD,9766.710000000001
TXN_004123,2024-03-22 13:57:00,S076,P061,8,1350.27,20.51,GBP,10781.65
TXN_004124,2024-03-02 20:43:00,S020,P892,5,1102.12,0.6,GBP,5509.999999999999
TXN_004125,2024-03-24 15:43:00,S077,P013,3,944.24,2.01,USD,2830.71
TXN_004126,2024-03-26 08:10:00,S052,P968,3,725.09,1.54,USD,2173.73
TXN_004127,2024-03-17 11:53:00,S060,P899,3,1178.11,23.85,GBP,3510.48
TXN_004128,2024-03-10 00:16:00,S097,P709,3,694.81,19.7,USD,2064.73
TXN_004129,2024-03-30 10:05:00,S045,P306,1,1081.31,19.08,GBP,1062.23
TXN_004130,2024-03-18 12:56:00,S099,P947,5,1398.7,16.43,EUR,6977.07
TXN_004131,2024-03-02 06:53:00,S016,P107,3,895.77,20.55,GBP,2666.7599999999998
TXN_004132,2024-03-19 12:47:00,S061,P305,8,932.06,16.4,GBP,7440.08
TXN_004133,2024-03-05 09:25:00,S041,P219,8,48.46,42.34,EUR,345.34000000000003
TXN_004134,2024-03-25 01:34:00,S081,P949,3,139.74,34.44,GBP,384.78000000000003
TXN_004135,2024-03-09 02:44:00,S094,P343,8,1001.77,37.93,USD,7976.23
TXN_004136,2024-03-01 12:45:00,S044,P125,1,457.97,5.89,GBP,452.08000000000004
TXN_004137,2024-03-28 12:29:00,S001,P393,5,1233.84,8.15,GBP,6161.05
TXN_004138,2024-03-18 10:14:00,S020,P750,3,52.16,11.0,USD,145.48
TXN_004139,2024-03-07 20:39:00,S012,P798,4,1262.71,44.52,EUR,5006.32
TXN_004140,2024-03-18 12:49:00,S031,P432,3,602.11,19.87,USD,1786.46
TXN_004141,2024-03-11 00:17:00,S070,P480,6,1408.16,21.59,EUR,8427.37
TXN_004142,2024-03-16 11:02:00,S017,P865,2,658.14,38.86,EUR,1277.42
TXN_004143,2024-03-16 21:38:00,S075,P204,8,156.62,30.65,EUR,1222.31
TXN_004144,2024-03-10 14:16:00,S087,P506,3,1301.79,14.4,EUR,3890.97
TXN_004145,2024-03-13 01:17:00,S043,P027,9,276.37,47.26,EUR,2440.0699999999997
TXN_004146,2024-03-23 00:32:00,S065,P211,9,616.93,5.98,USD,5546.39
TXN_004147,2024-03-24 17:35:00,S047,P488,6,206.77,33.01,EUR,1207.6100000000001
TXN_004148,2024-03-03 00:05:00,S056,P449,9,1057.15,2.64,GBP,9511.710000000001
TXN_004149,2024-03-23 18:14:00,S074,P326,7,592.84,22.24,USD,4127.64
TXN_004150,2024-03-17 00:44:00,S040,P508,4,1132.9,6.72,USD,4524.88
TXN_004151,2024-03-13 14:19:00,S019,P072,5,991.41,29.11,EUR,4927.9400000000005
TXN_004152,2024-03-12 20:43:00,S099,P506,5,489.18,32.01,GBP,2413.89
TXN_004153,2024-03-10 23:04:00,S055,P661,5,529.47,13.46,USD,2633.8900000000003
TXN_004154,2024-03-22 22:55:00,S035,P195,5,1029.2,36.39,GBP,5109.61
TXN_004155,2024-03-25 10:05:00,S017,P037,5,756.74,33.91,USD,3749.79
TXN_004156,2024-03-21 14:59:00,S083,P081,8,350.97,23.2,GBP,2784.5600000000004
TXN_004157,2024-03-30 18:54:00,S029,P641,9,1455.36,9.49,USD,13088.75
TXN_004158,2024-03-26 16:33:00,S030,P447,9,382.24,48.56,USD,3391.6
TXN_004159,2024-03-10 10:53:00,S008,P705,9,712.07,10.82,EUR,6397.81
TXN_004160,2024-03-10 07:57:00,S057,P987,9,316.41,15.61,EUR,2832.08
TXN_004161,2024-03-05 04:32:00,S019,P343,8,641.56,21.53,GBP,5110.95
TXN_004162,2024-03-10 18:34:00,S083,P461,6,643.21,36.23,GBP,3823.03
TXN_004163,2024-03-10 19:28:00,S058,P996,8,1225.15,38.92,GBP,9762.28
TXN_004164,2024-03-05 09:17:00,S079,P690,1,861.32,41.54,EUR,819.7800000000001
TXN_004165,2024-03-18 15:57:00,S054,P252,1,1310.37,5.85,GBP,1304.52
TXN_004166,2024-03-04 04:48:00,S100,P982,6,988.3,17.35,USD,5912.449999999999
TXN_004167,2024-03-07 19:48:00,S031,P482,4,675.53,42.17,GBP,2659.95
TXN_004168,2024-03-06 20:04:00,S091,P433,7,1123.52,14.05,GBP,7850.589999999999
TXN_004169,2024-03-11 11:09:00,S085,P751,2,802.83,6.27,USD,1599.39
TXN_004170,2024-03-16 20:24:00,S033,P441,6,26.38,11.74,GBP,146.54
TXN_004171,2024-03-02 06:09:00,S034,P304,6,1099.74,17.28,GBP,6581.160000000001
TXN_004172,2024-03-09 23:05:00,S063,P840,9,1371.61,20.15,GBP,12324.34
TXN_004173,2024-03-14 00:00:00,S002,P190,6,1366.88,14.7,GBP,8186.580000000001
TXN_004174,2024-03-26 06:02:00,S045,P988,4,941.43,21.66,EUR,3744.06
TXN_004175,2024-03-11 17:27:00,S040,P743,5,1312.28,10.57,GBP,6550.83
TXN_004176,2024-03-30 15:18:00,S089,P635,5,29.88,29.15,EUR,120.25
TXN_004177,2024-03-11 19:10:00,S041,P489,8,981.62,42.49,GBP,7810.47
TXN_004178,2024-03-11 23:07:00,S049,P731,6,1294.21,10.33,USD,7754.93
TXN_004179,2024-03-19 02:00:00,S018,P412,2,586.21,35.2,USD,1137.22
TXN_004180,2024-03-23 12:46:00,S004,P369,1,33.35,3.59,GBP,29.76
TXN_004181,2024-03-09 04:23:00,S008,P045,1,936.19,25.55,USD,910.6400000000001
TXN_004182,2024-03-05 19:16:00,S026,P583,7,1023.18,24.59,EUR,7137.669999999999
TXN_004183,2024-03-14 18:45:00,S049,P730,6,676.58,4.16,EUR,4055.3200000000006
TXN_004184,2024-03-30 04:36:00,S020,P147,4,808.34,49.26,EUR,3184.1
TXN_004185,2024-03-11 11:02:00,S091,P303,2,1021.57,0.61,EUR,2042.5300000000002
TXN_004186,2024-03-07 17:20:00,S054,P750,2,141.05,48.58,USD,233.52000000000004
TXN_004187,2024-03-15 08:51:00,S012,P362,2,915.75,11.44,GBP,1820.06
TXN_004188,2024-03-08 20:31:00,S047,P007,6,1041.93,26.56,EUR,6225.0199999999995
TXN_004189,2024-03-16 19:25:00,S084,P295,9,968.36,7.65,GBP,8707.59
TXN_004190,2024-03-08 16:21:00,S026,P528,3,363.27,7.86,USD,1081.95
TXN_004191,2024-03-12 15:21:00,S036,P881,5,216.78,24.9,EUR,1059.0
TXN_004192,2024-03-07 09:21:00,S065,P602,9,697.65,31.19,GBP,6247.66
TXN_004193,2024-03-01 21:21:00,S087,P871,2,259.33,7.24,GBP,511.41999999999996
TXN_004194,2024-03-02 05:29:00,S059,P548,3,1077.69,21.32,USD,3211.75
TXN_004195,2024-03-23 03:07:00,S015,P720,3,846.61,33.07,USD,2506.7599999999998
TXN_004196,2024-03-22 19:15:00,S099,P092,6,1284.93,27.98,GBP,7681.6
TXN_004197,2024-03-08 23:42:00,S089,P371,3,981.36,36.29,EUR,2907.79
TXN_004198,2024-03-18 12:21:00,S096,P879,1,1293.04,9.14,EUR,1283.8999999999999
TXN_004199,2024-03-06 07:59:00,S005,P487,3,141.54,39.35,USD,385.27
TXN_004200,2024-03-17 10:14:00,S027,P299,2,922.76,10.54,GBP,1834.98
TXN_004201,2024-03-18 07:07:00,S064,P667,1,150.62,3.55,EUR,147.07
TXN_004202,2024-03-16 11:36:00,S045,P553,5,357.11,11.69,GBP,1773.8600000000001
TXN_004203,2024-03-06 06:52:00,S083,P629,4,1303.71,38.35,USD,5176.49
TXN_004204,2024-03-29 09:02:00,S026,P570,7,956.43,1.15,USD,6693.86
TXN_004205,2024-03-27 05:19:00,S042,P694,5,595.35,27.74,EUR,2949.01
TXN_004206,2024-03-23 23:38:00,S025,P400,3,1497.66,9.76,GBP,4483.22
TXN_004207,2024-03-22 23:15:00,S010,P001,9,948.42,46.23,USD,8489.55
TXN_004208,2024-03-02 00:01:00,S040,P943,8,924.19,27.57,EUR,7365.950000000001
TXN_004209,2024-03-09 15:50:00,S070,P499,4,1399.93,39.83,GBP,5559.89
TXN_004210,2024-03-23 19:15:00,S002,P473,6,929.65,23.34,EUR,5554.5599999999995
TXN_004211,2024-03-06 07:25:00,S055,P391,2,802.8,20.93,GBP,1584.6699999999998
TXN_004212,2024-03-20 12:14:00,S097,P451,9,734.52,24.82,GBP,6585.860000000001
TXN_004213,2024-03-06 13:20:00,S007,P661,1,627.76,20.2,USD,607.56
TXN_004214,2024-03-23 22:11:00,S067,P589,5,1254.83,1.09,USD,6273.0599999999995
TXN_004215,2024-03-11 20:16:00,S077,P419,2,1098.71,5.79,EUR,2191.63
TXN_004216,2024-03-28 23:10:00,S093,P957,2,76.44,9.86,GBP,143.01999999999998
TXN_004217,2024-03-08 13:06:00,S021,P546,8,967.88,34.49,USD,7708.55
TXN_004218,2024-03-11 09:46:00,S026,P782,6,971.02,48.58,EUR,5777.54
TXN_004219,2024-03-19 17:47:00,S086,P926,5,1240.34,1.27,USD,6200.429999999999
TXN_004220,2024-03-15 23:05:00,S018,P226,5,769.33,18.84,USD,3827.81
TXN_004221,2024-03-26 18:11:00,S083,P868,9,187.68,48.56,EUR,1640.5600000000002
TXN_004222,2024-03-04 11:14:00,S095,P632,2,31.23,3.77,GBP,58.69
TXN_004223,2024-03-14 12:39:00,S048,P489,4,1057.23,33.88,GBP,4195.04
TXN_004224,2024-03-01 23:11:00,S031,P791,6,346.02,5.84,GBP,2070.2799999999997
TXN_004225,2024-03-01 10:14:00,S071,P931,6,597.25,34.57,GBP,3548.93
TXN_004226,2024-03-02 19:32:00,S032,P873,1,386.7,23.21,EUR,363.49
TXN_004227,2024-03-30 02:50:00,S076,P467,4,560.64,34.36,USD,2208.2
TXN_004228,2024-03-15 20:04:00,S015,P949,8,1489.0,19.78,EUR,11892.22
TXN_004229,2024-03-02 16:51:00,S029,P316,6,687.66,31.54,EUR,4094.42
TXN_004230,2024-03-05 20:46:00,S051,P511,6,890.3,16.89,GBP,5324.909999999999
TXN_004231,2024-03-16 01:36:00,S049,P779,1,732.42,42.99,EUR,689.43
TXN_004232,2024-03-23 22:28:00,S054,P975,3,399.98,11.69,EUR,1188.25
TXN_004233,2024-03-23 18:40:00,S079,P090,9,1368.31,16.08,USD,12298.71
TXN_004234,2024-03-28 13:24:00,S063,P484,4,477.1,16.1,EUR,1892.3000000000002
TXN_004235,2024-03-10 15:45:00,S029,P419,6,679.33,10.42,GBP,4065.5600000000004
TXN_004236,2024-03-22 07:42:00,S019,P948,5,278.72,31.57,EUR,1362.0300000000002
TXN_004237,2024-03-25 12:11:00,S053,P090,9,984.79,23.27,EUR,8839.84
TXN_004238,2024-03-09 18:31:00,S071,P446,4,690.74,33.51,GBP,2729.45
TXN_004239,2024-03-27 00:28:00,S035,P280,2,928.77,29.15,GBP,1828.3899999999999
TXN_004240,2024-03-22 20:28:00,S027,P696,2,1351.84,11.77,GBP,2691.91
TXN_004241,2024-03-28 23:40:00,S098,P109,3,827.92,15.79,GBP,2467.97
TXN_004242,2024-03-29 00:19:00,S042,P553,2,541.64,47.6,GBP,1035.68
TXN_004243,2024-03-28 12:34:00,S021,P309,5,1312.69,43.44,EUR,6520.010000000001
TXN_004244,2024-03-24 22:21:00,S065,P259,4,261.23,9.49,USD,1035.43
TXN_004245,2024-03-02 01:36:00,S077,P232,1,1365.08,45.71,USD,1319.37
TXN_004246,2024-03-13 22:30:00,S003,P869,4,1466.8,49.39,USD,5817.8099999999995
TXN_004247,2024-03-01 21:32:00,S039,P553,3,1421.16,27.98,GBP,4235.500000000001
TXN_004248,2024-03-29 10:08:00,S072,P538,1,362.19,11.35,EUR,350.84
TXN_004249,2024-03-25 13:20:00,S066,P308,7,1216.4,36.7,GBP,8478.1
TXN_004250,2024-03-02 23:07:00,S056,P196,9,115.2,29.04,GBP,1007.76
TXN_004251,2024-03-17 11:35:00,S085,P762,2,488.93,3.57,GBP,974.29
TXN_004252,2024-03-23 05:28:00,S038,P473,7,359.54,5.95,GBP,2510.8300000000004
TXN_004253,2024-03-28 09:44:00,S052,P985,2,1127.7,26.35,USD,2229.05
TXN_004254,2024-03-09 23:19:00,S036,P386,2,356.7,10.36,EUR,703.04
TXN_004255,2024-03-09 06:23:00,S073,P367,5,313.64,1.25,USD,1566.9499999999998
TXN_004256,2024-03-09 09:25:00,S007,P677,9,159.25,3.85,USD,1429.4
TXN_004257,2024-03-29 08:04:00,S007,P240,5,1131.42,45.56,USD,5611.54
TXN_004258,2024-03-14 04:12:00,S049,P377,6,534.13,14.85,USD,3189.93
TXN_004259,2024-03-08 03:33:00,S004,P838,1,1499.29,21.74,EUR,1477.55
TXN_004260,2024-03-26 07:47:00,S075,P992,8,188.57,14.23,GBP,1494.33
TXN_004261,2024-03-14 03:18:00,S068,P781,9,1101.6,9.96,USD,9904.44
TXN_004262,2024-03-25 01:14:00,S061,P936,9,843.67,5.45,USD,7587.58
TXN_004263,2024-03-21 20:28:00,S024,P010,5,252.48,49.31,USD,1213.09
TXN_004264,2024-03-01 17:39:00,S086,P241,1,37.26,20.77,GBP,16.49
TXN_004265,2024-03-01 01:12:00,S075,P407,9,970.01,22.15,USD,8707.94
TXN_004266,2024-03-05 12:30:00,S071,P559,2,870.18,2.0,EUR,1738.36
TXN_004267,2024-03-03 05:42:00,S010,P728,2,1457.78,39.1,EUR,2876.46
TXN_004268,2024-03-02 19:43:00,S072,P975,3,1195.05,38.71,EUR,3546.4399999999996
TXN_004269,2024-03-07 15:03:00,S013,P491,7,1111.87,19.37,USD,7763.719999999999
TXN_004270,2024-03-20 09:41:00,S100,P013,7,741.83,24.01,EUR,5168.8
TXN_004271,2024-03-27 20:28:00,S024,P382,3,801.91,19.05,EUR,2386.68
TXN_004272,2024-03-28 19:59:00,S048,P131,3,1131.74,16.57,USD,3378.65
TXN_004273,2024-03-01 23:36:00,S099,P135,8,1423.27,46.62,EUR,11339.539999999999
TXN_004274,2024-03-07 13:18:00,S078,P215,1,648.8,13.97,GBP,634.8299999999999
TXN_004275,2024-03-02 12:17:00,S066,P461,4,246.25,2.41,EUR,982.59
TXN_004276,2024-03-27 01:02:00,S039,P249,5,1406.56,28.06,GBP,7004.739999999999
TXN_004277,2024-03-08 17:49:00,S049,P458,8,1187.89,22.26,GBP,9480.86
TXN_004278,2024-03-20 21:55:00,S027,P778,8,1473.07,32.89,EUR,11751.67
TXN_004279,2024-03-17 07:19:00,S029,P701,8,911.46,41.4,USD,7250.280000000001
TXN_004280,2024-03-24 18:42:00,S064,P217,6,616.72,38.14,USD,3662.1800000000003
TXN_004281,2024-03-20 18:00:00,S065,P825,7,1012.93,35.27,GBP,7055.239999999999
TXN_004282,2024-03-13 00:00:00,S100,P470,6,959.99,12.89,EUR,5747.05
TXN_004283,2024-03-26 21:47:00,S089,P025,2,1155.47,19.42,EUR,2291.52
TXN_004284,2024-03-24 06:53:00,S025,P326,1,1191.11,49.6,USD,1141.51
TXN_004285,2024-03-24 04:36:00,S056,P791,8,1002.94,25.61,USD,7997.910000000001
TXN_004286,2024-03-29 04:43:00,S054,P975,1,704.0,9.63,EUR,694.37
TXN_004287,2024-03-28 01:10:00,S034,P607,6,1011.69,45.15,USD,6024.990000000001
TXN_004288,2024-03-14 20:30:00,S081,P001,9,194.49,5.6,GBP,1744.8100000000002
TXN_004289,2024-03-30 14:14:00,S095,P234,3,12.22,23.82,USD,12.840000000000003
TXN_004290,2024-03-03 04:30:00,S067,P528,1,1265.95,0.43,GBP,1265.52
TXN_004291,2024-03-25 11:36:00,S049,P563,2,372.41,34.84,EUR,709.98
TXN_004292,2024-03-03 04:20:00,S038,P797,2,762.57,18.41,GBP,1506.73
TXN_004293,2024-03-09 13:28:00,S080,P772,5,1483.51,22.15,EUR,7395.400000000001
TXN_004294,2024-03-02 11:26:00,S094,P433,2,536.65,25.9,GBP,1047.3999999999999
TXN_004295,2024-03-30 00:35:00,S085,P506,4,139.0,37.92,EUR,518.08
TXN_004296,2024-03-23 17:13:00,S030,P330,6,1009.55,9.21,EUR,6048.089999999999
TXN_004297,2024-03-13 21:33:00,S067,P943,7,689.74,44.38,EUR,4783.8
TXN_004298,2024-03-10 01:59:00,S041,P433,3,1418.52,10.66,EUR,4244.9
TXN_004299,2024-03-15 19:28:00,S034,P865,7,1234.68,25.12,USD,8617.64
TXN_004300,2024-03-05 03:50:00,S017,P833,3,1428.08,28.09,EUR,4256.15
TXN_004301,2024-03-12 04:16:00,S086,P552,3,679.62,6.38,EUR,2032.48
TXN_004302,2024-03-19 02:42:00,S074,P111,6,924.78,25.85,USD,5522.83
TXN_004303,2024-03-18 13:10:00,S071,P125,7,1041.25,47.73,GBP,7241.02
TXN_004304,2024-03-30 01:42:00,S010,P823,6,423.09,45.03,GBP,2493.5099999999998
TXN_004305,2024-03-26 07:15:00,S064,P529,7,1354.18,23.9,USD,9455.36
TXN_004306,2024-03-24 10:35:00,S079,P295,2,962.29,15.49,USD,1909.09
TXN_004307,2024-03-21 14:56:00,S066,P698,5,749.5,18.23,USD,3729.27
TXN_004308,2024-03-01 02:07:00,S084,P683,3,1033.94,29.13,USD,3072.69
TXN_004309,2024-03-01 04:30:00,S088,P450,5,946.23,2.64,GBP,4728.509999999999
TXN_004310,2024-03-19 22:29:00,S016,P593,4,1111.95,7.59,EUR,4440.21
TXN_004311,2024-03-16 16:12:00,S097,P858,9,1482.0,44.26,USD,13293.74
TXN_004312,2024-03-11 12:13:00,S057,P827,9,718.08,23.51,GBP,6439.21
TXN_004313,2024-03-14 21:35:00,S010,P779,2,276.12,23.77,EUR,528.47
TXN_004314,2024-03-19 02:59:00,S001,P885,2,570.15,38.7,GBP,1101.6
TXN_004315,2024-03-10 00:26:00,S054,P639,9,544.75,27.63,EUR,4875.12
TXN_004316,2024-03-09 07:59:00,S060,P548,3,1011.1,14.83,USD,3018.4700000000003
TXN_004317,2024-03-09 23:50:00,S013,P482,7,691.88,48.83,USD,4794.33
TXN_004318,2024-03-26 15:22:00,S094,P358,8,1499.54,32.86,GBP,11963.46
TXN_004319,2024-03-03 20:42:00,S076,P366,1,1482.4,9.62,EUR,1472.7800000000002
TXN_004320,2024-03-30 17:59:00,S093,P965,3,364.2,26.97,USD,1065.6299999999999
TXN_004321,2024-03-30 17:48:00,S009,P589,6,1492.16,42.54,EUR,8910.42
TXN_004322,2024-03-07 12:24:00,S020,P216,4,363.73,35.91,USD,1419.01
TXN_004323,2024-03-30 17:24:00,S057,P193,4,13.89,0.05,USD,55.510000000000005
TXN_004324,2024-03-14 22:58:00,S070,P860,9,15.95,7.57,USD,135.98
TXN_004325,2024-03-10 23:58:00,S049,P364,1,269.54,19.56,GBP,249.98000000000002
TXN_004326,2024-03-08 02:23:00,S078,P856,2,1146.27,13.58,EUR,2278.96
TXN_004327,2024-03-25 06:32:00,S083,P474,4,150.39,5.04,GBP,596.52
TXN_004328,2024-03-30 09:29:00,S051,P736,4,1468.33,37.18,EUR,5836.139999999999
TXN_004329,2024-03-13 07:29:00,S029,P587,6,138.85,14.74,USD,818.3599999999999
TXN_004330,2024-03-08 01:12:00,S039,P701,9,360.63,8.67,EUR,3237.0
TXN_004331,2024-03-25 21:04:00,S081,P434,3,1019.41,7.25,GBP,3050.98
TXN_004332,2024-03-13 15:16:00,S081,P863,3,1127.14,3.45,GBP,3377.9700000000003
TXN_004333,2024-03-24 11:47:00,S074,P914,7,1313.38,24.87,GBP,9168.789999999999
TXN_004334,2024-03-28 01:53:00,S020,P184,8,955.21,11.59,EUR,7630.09
TXN_004335,2024-03-17 12:04:00,S074,P907,9,844.06,29.55,EUR,7566.989999999999
TXN_004336,2024-03-30 03:21:00,S055,P333,4,379.65,25.24,GBP,1493.36
TXN_004337,2024-03-29 21:54:00,S081,P396,1,961.87,15.46,EUR,946.41
TXN_004338,2024-03-17 22:53:00,S045,P617,8,1332.51,27.52,GBP,10632.56
TXN_004339,2024-03-18 18:25:00,S042,P678,9,1020.43,1.73,GBP,9182.14
TXN_004340,2024-03-10 18:59:00,S010,P203,2,1398.68,40.81,GBP,2756.55
TXN_004341,2024-03-18 19:25:00,S092,P721,4,863.42,39.65,USD,3414.0299999999997
TXN_004342,2024-03-03 10:05:00,S019,P533,6,358.23,3.85,USD,2145.53
TXN_004343,2024-03-28 20:42:00,S043,P494,3,486.09,25.53,GBP,1432.74
TXN_004344,2024-03-19 02:56:00,S044,P267,3,721.06,43.13,EUR,2120.0499999999997
TXN_004345,2024-03-10 15:49:00,S055,P476,3,880.72,6.07,EUR,2636.0899999999997
TXN_004346,2024-03-07 02:23:00,S065,P274,9,762.8,20.92,USD,6844.28
TXN_004347,2024-03-07 14:21:00,S036,P485,5,554.9,43.09,EUR,2731.41
TXN_004348,2024-03-03 05:14:00,S049,P528,6,1089.03,45.36,GBP,6488.820000000001
TXN_004349,2024-03-21 23:06:00,S086,P561,6,393.02,42.67,EUR,2315.45
TXN_004350,2024-03-09 23:25:00,S055,P429,1,889.04,33.85,GBP,855.1899999999999
TXN_004351,2024-03-16 03:15:00,S092,P641,4,77.32,32.25,GBP,277.03
TXN_004352,2024-03-08 18:00:00,S078,P865,7,521.9,41.98,USD,3611.3199999999997
TXN_004353,2024-03-30 17:16:00,S029,P367,3,501.49,24.83,USD,1479.64
TXN_004354,2024-03-22 14:54:00,S020,P615,7,70.57,16.16,EUR,477.8299999999999
TXN_004355,2024-03-26 20:21:00,S018,P708,3,803.76,15.6,GBP,2395.68
TXN_004356,2024-03-18 18:49:00,S057,P046,6,1435.59,38.15,USD,8575.39
TXN_004357,2024-03-02 17:53:00,S016,P235,6,399.55,20.25,GBP,2377.05
TXN_004358,2024-03-22 06:06:00,S073,P910,5,379.86,41.34,USD,1857.9600000000003
TXN_004359,2024-03-08 04:27:00,S097,P486,1,1291.93,43.69,GBP,1248.24
TXN_004360,2024-03-30 18:31:00,S023,P016,8,739.35,16.13,USD,5898.67
TXN_004361,2024-03-28 07:07:00,S087,P217,7,643.16,23.47,GBP,4478.65
TXN_004362,2024-03-03 23:23:00,S052,P940,4,1002.58,38.61,GBP,3971.71
TXN_004363,2024-03-08 02:41:00,S086,P197,1,858.3,47.26,USD,811.04
TXN_004364,2024-03-24 06:02:00,S056,P982,3,1250.68,19.61,USD,3732.43
TXN_004365,2024-03-01 18:17:00,S100,P846,3,125.82,3.45,EUR,374.01
TXN_004366,2024-03-09 08:34:00,S064,P198,5,642.8,37.7,EUR,3176.3
TXN_004367,2024-03-13 12:27:00,S069,P630,2,830.34,8.72,EUR,1651.96
TXN_004368,2024-03-02 19:57:00,S082,P249,9,1227.57,1.5,GBP,11046.63
TXN_004369,2024-03-19 10:11:00,S087,P457,7,833.59,36.95,GBP,5798.18
TXN_004370,2024-03-25 21:34:00,S022,P751,2,971.53,43.39,EUR,1899.6699999999998
TXN_004371,2024-03-11 04:00:00,S070,P570,8,1364.02,24.42,USD,10887.74
TXN_004372,2024-03-23 11:50:00,S067,P152,5,190.56,6.08,GBP,946.7199999999999
TXN_004373,2024-03-13 13:58:00,S087,P360,9,479.28,32.94,GBP,4280.58
TXN_004374,2024-03-27 17:55:00,S074,P248,1,1084.74,48.33,GBP,1036.41
TXN_004375,2024-03-03 20:54:00,S046,P226,8,1021.84,47.67,GBP,8127.05
TXN_004376,2024-03-09 23:41:00,S086,P275,3,821.8,6.76,EUR,2458.6399999999994
TXN_004377,2024-03-15 18:22:00,S094,P969,8,396.39,14.16,USD,3156.96
TXN_004378,2024-03-13 02:21:00,S085,P452,2,479.93,25.46,EUR,934.4
TXN_004379,2024-03-29 03:57:00,S082,P353,2,914.14,12.71,EUR,1815.57
TXN_004380,2024-03-17 05:55:00,S009,P890,6,698.04,14.53,USD,4173.71
TXN_004381,2024-03-27 18:45:00,S073,P397,9,974.72,2.23,USD,8770.25
TXN_004382,2024-03-06 22:28:00,S088,P911,6,245.65,27.39,GBP,1446.51
TXN_004383,2024-03-08 10:06:00,S050,P316,9,1361.06,12.66,USD,12236.88
TXN_004384,2024-03-01 17:44:00,S055,P898,4,230.3,15.38,EUR,905.82
TXN_004385,2024-03-11 23:24:00,S075,P810,7,287.21,13.06,USD,1997.4099999999999
TXN_004386,2024-03-10 10:00:00,S053,P067,8,342.86,34.1,EUR,2708.78
TXN_004387,2024-03-02 09:00:00,S092,P130,5,614.88,46.85,USD,3027.55
TXN_004388,2024-03-21 22:16:00,S007,P092,1,682.59,2.1,USD,680.49
TXN_004389,2024-03-04 01:59:00,S098,P244,2,376.95,46.5,EUR,707.4
TXN_004390,2024-03-05 07:57:00,S079,P181,3,1249.15,4.88,GBP,3742.57
TXN_004391,2024-03-26 16:12:00,S020,P635,5,785.71,42.4,EUR,3886.15
TXN_004392,2024-03-10 23:07:00,S015,P625,5,494.61,38.77,USD,2434.28
TXN_004393,2024-03-11 21:43:00,S018,P416,7,140.39,7.0,USD,975.7299999999999
TXN_004394,2024-03-19 09:43:00,S057,P535,6,1260.29,44.15,EUR,7517.59
TXN_004395,2024-03-12 09:05:00,S099,P951,6,921.1,30.47,GBP,5496.13
TXN_004396,2024-03-13 14:55:00,S022,P182,7,1009.6,4.63,USD,7062.57
TXN_004397,2024-03-05 06:43:00,S004,P762,2,1014.45,14.63,EUR,2014.27
TXN_004398,2024-03-24 07:32:00,S077,P365,7,95.13,24.47,USD,641.4399999999999
TXN_004399,2024-03-26 04:24:00,S045,P697,4,1280.31,30.99,USD,5090.25
TXN_004400,2024-03-05 15:57:00,S049,P916,8,847.16,44.34,EUR,6732.94
TXN_004401,2024-03-20 01:50:00,S001,P303,1,1158.06,49.56,USD,1108.5
TXN_004402,2024-03-25 14:04:00,S013,P701,3,365.97,31.18,USD,1066.73
TXN_004403,2024-03-21 08:58:00,S082,P410,3,1125.65,33.08,EUR,3343.8700000000003
TXN_004404,2024-03-04 05:24:00,S031,P920,9,605.84,47.23,EUR,5405.330000000001
TXN_004405,2024-03-06 02:20:00,S057,P733,6,103.06,37.69,EUR,580.6700000000001
TXN_004406,2024-03-14 02:23:00,S009,P527,7,784.35,40.82,GBP,5449.63
TXN_004407,2024-03-16 07:46:00,S038,P998,6,1453.8,19.18,GBP,8703.619999999999
TXN_004408,2024-03-18 06:12:00,S007,P338,9,1242.51,44.33,USD,11138.26
TXN_004409,2024-03-24 23:50:00,S065,P809,2,1028.43,10.43,EUR,2046.43
TXN_004410,2024-03-26 06:12:00,S078,P389,5,86.5,43.61,EUR,388.89
TXN_004411,2024-03-11 06:50:00,S039,P107,8,1321.12,7.67,USD,10561.289999999999
TXN_004412,2024-03-21 10:45:00,S003,P414,3,195.04,27.8,GBP,557.32
TXN_004413,2024-03-17 21:28:00,S080,P003,6,1303.99,29.1,USD,7794.84
TXN_004414,2024-03-29 00:52:00,S022,P014,9,456.09,8.09,USD,4096.719999999999
TXN_004415,2024-03-20 02:31:00,S031,P665,2,1346.15,30.45,EUR,2661.8500000000004
TXN_004416,2024-03-15 12:54:00,S061,P364,9,454.47,44.28,GBP,4045.9500000000003
TXN_004417,2024-03-05 17:29:00,S040,P244,5,73.21,47.78,GBP,318.27
TXN_004418,2024-03-08 19:53:00,S049,P521,8,995.63,20.27,GBP,7944.7699999999995
TXN_004419,2024-03-27 02:36:00,S077,P019,1,987.05,41.05,GBP,946.0
TXN_004420,2024-03-30 10:41:00,S077,P699,5,1131.43,48.36,EUR,5608.790000000001
TXN_004421,2024-03-11 22:27:00,S056,P333,8,52.32,12.25,EUR,406.31
TXN_004422,2024-03-01 05:23:00,S049,P427,8,635.25,5.56,USD,5076.44
TXN_004423,2024-03-18 21:47:00,S024,P254,5,1373.57,8.14,EUR,6859.709999999999
TXN_004424,2024-03-07 17:02:00,S060,P422,2,1227.92,37.73,USD,2418.11
TXN_004425,2024-03-05 10:40:00,S076,P090,8,286.55,17.7,GBP,2274.7000000000003
TXN_004426,2024-03-19 23:55:00,S085,P292,1,509.6,38.63,GBP,470.97
TXN_004427,2024-03-20 20:43:00,S017,P160,6,779.01,5.4,EUR,4668.66
TXN_004428,2024-03-23 15:59:00,S076,P309,2,1005.26,13.26,EUR,1997.26
TXN_004429,2024-03-01 05:09:00,S010,P172,8,640.12,22.22,GBP,5098.74
TXN_004430,2024-03-17 02:41:00,S032,P922,9,609.75,36.13,EUR,5451.62
TXN_004431,2024-03-24 01:15:00,S007,P482,1,1487.73,1.66,GBP,1486.07
TXN_004432,2024-03-25 09:42:00,S031,P404,4,1113.1,27.35,USD,4425.049999999999
TXN_004433,2024-03-18 01:41:00,S067,P301,1,1079.16,22.44,GBP,1056.72
TXN_004434,2024-03-27 01:12:00,S014,P710,7,165.0,45.49,EUR,1109.51
TXN_004435,2024-03-16 18:05:00,S019,P297,1,544.15,41.39,EUR,502.76
TXN_004436,2024-03-24 13:15:00,S070,P043,8,92.94,44.21,USD,699.31
TXN_004437,2024-03-22 23:34:00,S066,P060,3,456.31,31.96,GBP,1336.97
TXN_004438,2024-03-02 05:01:00,S057,P390,8,687.66,19.51,GBP,5481.7699999999995
TXN_004439,2024-03-29 18:16:00,S011,P679,8,596.66,20.63,EUR,4752.65
TXN_004440,2024-03-26 06:11:00,S030,P735,7,277.32,14.98,EUR,1926.26
TXN_004441,2024-03-26 00:11:00,S093,P036,6,1076.81,4.75,EUR,6456.11
TXN_004442,2024-03-07 00:17:00,S066,P851,4,1289.67,6.23,USD,5152.450000000001
TXN_004443,2024-03-01 02:00:00,S019,P893,2,283.95,48.24,GBP,519.66
TXN_004444,2024-03-07 07:14:00,S029,P324,7,646.52,10.22,EUR,4515.419999999999
TXN_004445,2024-03-24 17:32:00,S027,P023,6,96.81,6.37,GBP,574.49
TXN_004446,2024-03-15 04:12:00,S097,P915,6,162.32,2.26,GBP,971.66
TXN_004447,2024-03-22 19:19:00,S047,P966,5,1494.86,42.09,GBP,7432.209999999999
TXN_004448,2024-03-26 02:12:00,S024,P811,4,1391.44,7.86,USD,5557.900000000001
TXN_004449,2024-03-20 08:15:00,S076,P150,2,279.55,12.63,EUR,546.47
TXN_004450,2024-03-26 12:42:00,S074,P210,8,1024.13,9.23,GBP,8183.810000000001
TXN_004451,2024-03-03 13:44:00,S073,P618,7,742.75,22.13,EUR,5177.12
TXN_004452,2024-03-27 14:38:00,S007,P278,1,1163.89,20.25,USD,1143.64
TXN_004453,2024-03-12 05:37:00,S003,P502,5,1364.41,13.35,EUR,6808.7
TXN_004454,2024-03-22 16:33:00,S016,P193,6,903.19,7.26,USD,5411.88
TXN_004455,2024-03-03 21:22:00,S059,P132,8,1490.77,21.91,GBP,11904.25
TXN_004456,2024-03-03 07:54:00,S095,P745,5,246.64,45.25,GBP,1187.9499999999998
TXN_004457,2024-03-02 20:31:00,S031,P767,5,711.17,39.82,GBP,3516.0299999999997
TXN_004458,2024-03-06 05:27:00,S072,P701,7,123.01,31.46,USD,829.61
TXN_004459,2024-03-18 05:12:00,S089,P422,9,1194.29,32.55,USD,10716.060000000001
TXN_004460,2024-03-08 10:41:00,S060,P416,5,944.24,32.6,GBP,4688.599999999999
TXN_004461,2024-03-09 18:48:00,S026,P243,5,565.93,16.44,USD,2813.2099999999996
TXN_004462,2024-03-15 10:04:00,S050,P616,2,1254.86,11.06,GBP,2498.66
TXN_004463,2024-03-27 07:51:00,S019,P635,8,1149.18,24.92,GBP,9168.52
TXN_004464,2024-03-05 18:05:00,S084,P759,9,1075.27,7.32,EUR,9670.11
TXN_004465,2024-03-21 00:23:00,S009,P320,4,165.85,20.57,EUR,642.8299999999999
TXN_004466,2024-03-26 22:57:00,S035,P176,5,305.38,24.39,GBP,1502.51
TXN_004467,2024-03-12 20:25:00,S044,P725,8,321.83,24.48,EUR,2550.16
TXN_004468,2024-03-12 01:45:00,S045,P465,4,1390.16,17.03,USD,5543.610000000001
TXN_004469,2024-03-14 13:48:00,S007,P481,6,1351.88,49.94,USD,8061.340000000001
TXN_004470,2024-03-23 02:56:00,S026,P363,9,356.24,6.71,EUR,3199.45
TXN_004471,2024-03-17 13:25:00,S008,P162,8,456.59,15.07,GBP,3637.6499999999996
TXN_004472,2024-03-17 02:19:00,S065,P328,3,632.12,32.78,EUR,1863.5800000000002
TXN_004473,2024-03-24 07:50:00,S041,P730,7,1459.23,4.31,USD,10210.300000000001
TXN_004474,2024-03-01 04:24:00,S052,P001,7,543.86,16.45,GBP,3790.57
TXN_004475,2024-03-21 22:57:00,S010,P961,8,1322.05,2.52,EUR,10573.88
TXN_004476,2024-03-12 19:38:00,S018,P731,9,399.9,21.93,USD,3577.17
TXN_004477,2024-03-15 01:04:00,S028,P788,3,1189.47,9.54,USD,3558.87
TXN_004478,2024-03-30 06:04:00,S031,P533,8,531.86,12.82,GBP,4242.06
TXN_004479,2024-03-16 19:01:00,S028,P414,5,596.5,18.89,GBP,2963.61
TXN_004480,2024-03-07 07:18:00,S040,P552,9,240.91,35.32,EUR,2132.87
TXN_004481,2024-03-16 12:59:00,S037,P699,2,1313.1,34.65,USD,2591.5499999999997
TXN_004482,2024-03-06 18:32:00,S059,P835,8,1430.86,21.97,GBP,11424.91
TXN_004483,2024-03-01 06:38:00,S006,P977,7,711.38,24.05,GBP,4955.61
TXN_004484,2024-03-25 02:29:00,S027,P696,9,326.35,30.09,EUR,2907.06
TXN_004485,2024-03-11 00:35:00,S075,P127,5,146.76,23.95,USD,709.8499999999999
TXN_004486,2024-03-09 17:05:00,S071,P137,9,296.33,27.68,GBP,2639.29
TXN_004487,2024-03-15 15:16:00,S055,P710,5,745.64,48.04,USD,3680.16
TXN_004488,2024-03-29 00:58:00,S024,P452,5,193.88,0.91,GBP,968.49
TXN_004489,2024-03-28 09:59:00,S045,P240,5,612.2,47.29,USD,3013.71
TXN_004490,2024-03-01 10:08:00,S070,P188,9,967.23,19.48,GBP,8685.59
TXN_004491,2024-03-22 12:09:00,S018,P554,4,830.32,4.78,EUR,3316.5
TXN_004492,2024-03-19 19:41:00,S029,P303,5,476.81,26.13,GBP,2357.92
TXN_004493,2024-03-12 16:04:00,S089,P745,3,1322.89,14.07,EUR,3954.6
TXN_004494,2024-03-07 18:40:00,S050,P293,2,1176.25,40.05,GBP,2312.45
TXN_004495,2024-03-07 21:07:00,S093,P102,9,160.58,4.56,USD,1440.66
TXN_004496,2024-03-02 12:40:00,S016,P432,1,592.49,2.37,EUR,590.12
TXN_004497,2024-03-28 03:20:00,S083,P262,3,697.79,32.31,USD,2061.06
TXN_004498,2024-03-01 14:10:00,S055,P233,9,474.92,19.65,USD,4254.63
TXN_004499,2024-03-16 04:03:00,S035,P802,5,960.7,14.5,USD,4789.0
TXN_004500,2024-03-13 04:55:00,S006,P406,9,1379.47,32.75,EUR,12382.48
TXN_004501,2024-03-29 21:50:00,S058,P714,4,269.88,47.88,EUR,1031.6399999999999
TXN_004502,2024-03-09 05:41:00,S031,P300,8,856.33,43.15,GBP,6807.490000000001
TXN_004503,2024-03-17 09:06:00,S040,P559,5,172.93,6.79,USD,857.8600000000001
TXN_004504,2024-03-28 03:51:00,S001,P454,1,308.71,37.56,EUR,271.15
TXN_004505,2024-03-11 01:22:00,S061,P094,4,361.04,11.82,GBP,1432.3400000000001
TXN_004506,2024-03-03 17:02:00,S039,P864,3,470.7,32.95,EUR,1379.1499999999999
TXN_004507,2024-03-03 07:42:00,S078,P737,1,178.35,49.16,GBP,129.19
TXN_004508,2024-03-05 07:32:00,S093,P286,4,1147.12,33.9,USD,4554.58
TXN_004509,2024-03-19 04:05:00,S012,P884,8,347.65,6.71,EUR,2774.49
TXN_004510,2024-03-09 04:44:00,S060,P447,5,870.84,10.44,GBP,4343.76
TXN_004511,2024-03-01 07:36:00,S016,P985,9,1430.79,43.28,GBP,12833.83
TXN_004512,2024-03-02 19:08:00,S081,P102,2,1156.07,40.72,USD,2271.42
TXN_004513,2024-03-17 06:03:00,S003,P171,2,1214.06,36.71,USD,2391.41
TXN_004514,2024-03-12 21:21:00,S048,P788,8,876.59,26.08,USD,6986.64
TXN_004515,2024-03-27 07:54:00,S081,P916,9,1377.35,14.3,USD,12381.85
TXN_004516,2024-03-09 14:45:00,S068,P879,1,76.49,16.74,GBP,59.75
TXN_004517,2024-03-04 07:29:00,S075,P741,1,757.65,48.69,USD,708.96
TXN_004518,2024-03-25 04:49:00,S085,P651,9,1149.12,5.49,GBP,10336.589999999998
TXN_004519,2024-03-05 11:00:00,S097,P179,2,1206.2,0.49,EUR,2411.9100000000003
TXN_004520,2024-03-21 11:29:00,S038,P528,6,1103.19,12.46,USD,6606.68
TXN_004521,2024-03-20 16:47:00,S085,P509,2,664.42,43.59,GBP,1285.25
TXN_004522,2024-03-25 08:27:00,S025,P867,9,1063.17,8.11,EUR,9560.42
TXN_004523,2024-03-13 14:56:00,S090,P472,2,702.9,22.21,EUR,1383.59
TXN_004524,2024-03-22 06:27:00,S012,P077,5,355.99,39.08,USD,1740.8700000000001
TXN_004525,2024-03-16 19:50:00,S015,P309,2,250.64,9.11,GBP,492.16999999999996
TXN_004526,2024-03-03 20:31:00,S069,P897,9,322.26,25.55,GBP,2874.79
TXN_004527,2024-03-25 03:02:00,S052,P820,1,1032.57,38.78,EUR,993.79
TXN_004528,2024-03-03 15:09:00,S035,P057,6,52.64,38.96,EUR,276.88000000000005
TXN_004529,2024-03-20 16:22:00,S091,P127,5,734.13,20.62,EUR,3650.03
TXN_004530,2024-03-17 10:16:00,S005,P824,2,334.48,10.72,EUR,658.24
TXN_004531,2024-03-13 20:41:00,S045,P899,9,379.51,30.78,EUR,3384.81
TXN_004532,2024-03-01 05:46:00,S024,P578,9,864.65,15.13,USD,7766.719999999999
TXN_004533,2024-03-13 00:05:00,S098,P505,2,1058.45,25.3,USD,2091.6
TXN_004534,2024-03-20 10:09:00,S052,P875,3,761.38,32.22,EUR,2251.92
TXN_004535,2024-03-27 20:11:00,S090,P239,1,11.57,34.06,GBP,-22.490000000000002
TXN_004536,2024-03-01 11:23:00,S064,P831,9,1260.69,15.56,USD,11330.650000000001
TXN_004537,2024-03-14 18:49:00,S092,P866,9,1086.35,7.55,GBP,9769.6
TXN_004538,2024-03-04 00:28:00,S012,P451,1,761.97,36.42,EUR,725.5500000000001
TXN_004539,2024-03-07 09:56:00,S010,P206,4,851.89,4.65,EUR,3402.91
TXN_004540,2024-03-16 18:30:00,S010,P687,7,864.25,10.12,USD,6039.63
TXN_004541,2024-03-30 17:08:00,S044,P019,8,773.95,35.89,EUR,6155.71
TXN_004542,2024-03-29 19:29:00,S079,P658,1,748.21,17.16,GBP,731.0500000000001
TXN_004543,2024-03-15 09:38:00,S046,P524,9,93.28,22.53,EUR,816.99
TXN_004544,2024-03-19 02:46:00,S093,P889,5,1252.94,9.19,USD,6255.510000000001
TXN_004545,2024-03-19 05:53:00,S071,P851,2,79.91,1.53,EUR,158.29
TXN_004546,2024-03-03 20:26:00,S057,P853,4,1440.25,43.73,EUR,5717.27
TXN_004547,2024-03-18 12:16:00,S007,P981,3,812.29,5.18,GBP,2431.69
TXN_004548,2024-03-11 12:19:00,S082,P438,7,728.57,22.89,EUR,5077.1
TXN_004549,2024-03-27 22:51:00,S056,P139,7,994.22,42.17,EUR,6917.37
TXN_004550,2024-03-17 06:57:00,S050,P1000,9,1381.03,27.67,GBP,12401.6
TXN_004551,2024-03-13 01:24:00,S046,P140,6,758.53,42.65,EUR,4508.530000000001
TXN_004552,2024-03-14 01:52:00,S032,P942,5,357.38,49.56,USD,1737.3400000000001
TXN_004553,2024-03-18 18:16:00,S092,P224,1,1112.28,17.99,USD,1094.29
TXN_004554,2024-03-25 22:35:00,S016,P340,7,201.2,1.91,EUR,1406.4899999999998
TXN_004555,2024-03-02 07:20:00,S018,P633,6,1266.34,41.43,EUR,7556.609999999999
TXN_004556,2024-03-23 12:34:00,S041,P133,7,502.04,31.83,USD,3482.4500000000003
TXN_004557,2024-03-03 10:09:00,S007,P621,5,1167.76,49.7,GBP,5789.1
TXN_004558,2024-03-05 01:58:00,S060,P621,7,993.08,6.55,EUR,6945.01
TXN_004559,2024-03-20 20:28:00,S011,P446,4,1445.88,9.44,EUR,5774.080000000001
TXN_004560,2024-03-05 04:12:00,S051,P367,4,1417.6,3.73,EUR,5666.67
TXN_004561,2024-03-10 17:13:00,S069,P856,3,456.1,32.28,USD,1336.0200000000002
TXN_004562,2024-03-07 16:45:00,S062,P969,9,910.89,11.81,GBP,8186.2
TXN_004563,2024-03-30 03:04:00,S060,P836,5,832.45,16.12,EUR,4146.13
TXN_004564,2024-03-01 17:40:00,S029,P296,3,1358.26,20.27,EUR,4054.5099999999998
TXN_004565,2024-03-07 18:16:00,S040,P397,5,74.54,2.67,GBP,370.03000000000003
TXN_004566,2024-03-26 05:26:00,S082,P786,9,1073.82,28.53,GBP,9635.849999999999
TXN_004567,2024-03-22 19:09:00,S041,P469,7,1122.37,45.05,EUR,7811.539999999999
TXN_004568,2024-03-03 04:59:00,S037,P248,3,57.52,20.27,USD,152.29
TXN_004569,2024-03-12 16:18:00,S046,P377,2,475.93,40.65,EUR,911.21
TXN_004570,2024-03-03 05:33:00,S092,P921,5,1347.41,30.5,GBP,6706.55
TXN_004571,2024-03-17 01:57:00,S033,P501,3,1177.12,0.62,USD,3530.74
TXN_004572,2024-03-08 08:26:00,S064,P168,7,934.94,23.72,GBP,6520.86
TXN_004573,2024-03-14 03:55:00,S012,P193,2,224.34,34.72,EUR,413.96000000000004
TXN_004574,2024-03-14 07:35:00,S022,P046,3,494.54,12.78,EUR,1470.8400000000001
TXN_004575,2024-03-30 06:37:00,S027,P826,9,158.55,45.33,EUR,1381.6200000000001
TXN_004576,2024-03-07 08:30:00,S046,P566,4,914.34,9.12,USD,3648.2400000000002
TXN_004577,2024-03-09 02:43:00,S064,P506,7,1366.95,7.32,USD,9561.33
TXN_004578,2024-03-11 09:07:00,S089,P463,6,253.43,49.03,EUR,1471.55
TXN_004579,2024-03-16 02:37:00,S088,P915,2,789.58,49.39,EUR,1529.77
TXN_004580,2024-03-06 01:49:00,S040,P933,6,98.28,9.51,USD,580.1700000000001
TXN_004581,2024-03-16 21:50:00,S040,P623,6,1482.72,49.9,GBP,8846.42
TXN_004582,2024-03-21 06:00:00,S091,P037,4,168.61,30.42,USD,644.0200000000001
TXN_004583,2024-03-06 07:21:00,S032,P782,6,824.52,23.1,GBP,4924.0199999999995
TXN_004584,2024-03-24 12:22:00,S017,P797,5,21.02,26.65,EUR,78.44999999999999
TXN_004585,2024-03-29 23:23:00,S080,P726,6,457.8,1.45,USD,2745.3500000000004
TXN_004586,2024-03-16 14:51:00,S057,P659,1,188.92,36.88,GBP,152.04
TXN_004587,2024-03-30 13:43:00,S078,P126,3,1126.39,41.39,GBP,3337.78
TXN_004588,2024-03-26 23:29:00,S003,P733,8,513.56,46.04,GBP,4062.4399999999996
TXN_004589,2024-03-12 11:40:00,S076,P837,1,564.33,12.16,USD,552.1700000000001
TXN_004590,2024-03-13 03:06:00,S053,P422,5,852.11,45.27,EUR,4215.28
TXN_004591,2024-03-04 15:00:00,S020,P238,8,84.9,17.5,USD,661.7
TXN_004592,2024-03-03 23:01:00,S094,P663,8,1349.06,2.71,GBP,10789.77
TXN_004593,2024-03-23 15:07:00,S068,P454,5,69.76,39.65,EUR,309.15000000000003
TXN_004594,2024-03-26 07:51:00,S022,P433,9,489.48,38.29,EUR,4367.03
TXN_004595,2024-03-14 12:02:00,S032,P074,3,1355.69,38.97,GBP,4028.1000000000004
TXN_004596,2024-03-03 03:11:00,S007,P807,1,1084.95,46.91,USD,1038.04
TXN_004597,2024-03-02 09:47:00,S085,P111,7,1383.08,22.56,EUR,9659.0
TXN_004598,2024-03-17 21:57:00,S090,P395,7,398.29,31.55,EUR,2756.48
TXN_004599,2024-03-21 11:21:00,S086,P733,7,115.56,22.82,EUR,786.1
TXN_004600,2024-03-19 09:36:00,S088,P081,2,888.83,14.04,GBP,1763.6200000000001
TXN_004601,2024-03-24 09:09:00,S092,P442,4,1369.03,5.6,USD,5470.5199999999995
TXN_004602,2024-03-14 22:08:00,S084,P519,6,144.07,48.96,GBP,815.4599999999999
TXN_004603,2024-03-23 05:18:00,S054,P306,1,1045.02,43.56,GBP,1001.46
TXN_004604,2024-03-02 05:51:00,S037,P793,9,522.76,20.17,EUR,4684.67
TXN_004605,2024-03-04 10:28:00,S087,P552,6,1137.54,28.05,GBP,6797.19
TXN_004606,2024-03-19 08:22:00,S070,P614,6,452.72,25.61,USD,2690.71
TXN_004607,2024-03-25 08:00:00,S066,P737,3,214.48,45.04,USD,598.4
TXN_004608,2024-03-06 07:11:00,S093,P988,7,26.12,21.92,EUR,160.92000000000002
TXN_004609,2024-03-21 21:11:00,S039,P379,1,855.91,46.81,USD,809.0999999999999
TXN_004610,2024-03-21 10:35:00,S099,P283,1,846.6,22.32,EUR,824.28
TXN_004611,2024-03-23 01:00:00,S034,P620,4,1222.92,11.3,GBP,4880.38
TXN_004612,2024-03-21 02:52:00,S058,P520,6,1103.28,30.18,USD,6589.5
TXN_004613,2024-03-12 22:09:00,S058,P442,7,1388.11,14.13,GBP,9702.64
TXN_004614,2024-03-07 16:53:00,S012,P152,8,427.42,45.93,EUR,3373.4300000000003
TXN_004615,2024-03-10 21:11:00,S063,P667,3,1123.94,22.64,EUR,3349.1800000000003
TXN_004616,2024-03-03 10:51:00,S012,P712,3,417.11,16.47,USD,1234.86
TXN_004617,2024-03-12 00:19:00,S024,P775,2,245.91,46.71,GBP,445.11
TXN_004618,2024-03-15 16:39:00,S021,P946,2,413.02,5.47,GBP,820.5699999999999
TXN_004619,2024-03-21 23:46:00,S040,P488,4,268.17,3.64,GBP,1069.04
TXN_004620,2024-03-17 22:18:00,S090,P236,5,1496.21,28.61,GBP,7452.4400000000005
TXN_004621,2024-03-26 09:13:00,S020,P803,4,286.68,0.38,GBP,1146.34
TXN_004622,2024-03-08 18:07:00,S059,P593,9,73.84,1.91,USD,662.6500000000001
TXN_004623,2024-03-21 04:32:00,S024,P447,8,287.08,0.99,GBP,2295.65
TXN_004624,2024-03-01 04:21:00,S068,P777,2,1286.91,15.19,EUR,2558.63
TXN_004625,2024-03-27 14:17:00,S011,P519,2,133.75,2.0,GBP,265.5
TXN_004626,2024-03-21 21:00:00,S080,P869,9,852.15,19.25,GBP,7650.099999999999
TXN_004627,2024-03-29 19:13:00,S058,P001,8,465.01,39.94,EUR,3680.14
TXN_004628,2024-03-10 12:56:00,S024,P010,4,21.36,29.79,GBP,55.65
TXN_004629,2024-03-23 10:22:00,S013,P967,9,1453.15,33.68,USD,13044.67
TXN_004630,2024-03-03 04:29:00,S055,P737,3,352.03,41.6,USD,1014.4899999999999
TXN_004631,2024-03-24 07:30:00,S075,P475,3,398.39,46.65,USD,1148.52
TXN_004632,2024-03-28 16:37:00,S029,P703,3,803.66,6.02,EUR,2404.96
TXN_004633,2024-03-18 16:08:00,S060,P169,8,967.68,0.2,USD,7741.24
TXN_004634,2024-03-11 06:37:00,S080,P412,9,305.66,47.07,EUR,2703.87
TXN_004635,2024-03-26 18:54:00,S030,P216,1,1217.66,43.47,EUR,1174.19
TXN_004636,2024-03-26 10:14:00,S012,P070,3,916.32,33.45,GBP,2715.51
TXN_004637,2024-03-04 03:30:00,S090,P048,2,442.7,27.72,GBP,857.68
TXN_004638,2024-03-21 00:51:00,S072,P647,3,548.17,35.01,EUR,1609.4999999999998
TXN_004639,2024-03-08 05:01:00,S069,P621,5,1461.88,20.8,USD,7288.6
TXN_004640,2024-03-24 11:08:00,S069,P796,3,277.65,13.71,USD,819.2399999999999
TXN_004641,2024-03-20 09:45:00,S063,P321,9,164.96,46.64,GBP,1438.0
TXN_004642,2024-03-08 03:15:00,S074,P446,5,247.73,44.04,GBP,1194.61
TXN_004643,2024-03-25 16:02:00,S069,P666,3,1110.17,31.65,GBP,3298.86
TXN_004644,2024-03-17 10:40:00,S039,P691,4,474.5,15.5,GBP,1882.5
TXN_004645,2024-03-06 11:53:00,S089,P615,1,1056.58,27.54,USD,1029.04
TXN_004646,2024-03-14 14:39:00,S084,P224,7,23.08,31.18,USD,130.38
TXN_004647,2024-03-05 22:19:00,S033,P160,9,189.97,32.13,GBP,1677.6
TXN_004648,2024-03-29 20:58:00,S057,P467,6,178.05,38.48,GBP,1029.8200000000002
TXN_004649,2024-03-07 14:37:00,S025,P855,7,1472.28,44.17,USD,10261.789999999999
TXN_004650,2024-03-05 06:28:00,S025,P808,8,415.8,38.87,GBP,3287.53
TXN_004651,2024-03-27 17:28:00,S032,P768,9,326.55,14.56,GBP,2924.3900000000003
TXN_004652,2024-03-07 08:31:00,S026,P603,1,460.44,28.86,EUR,431.58
TXN_004653,2024-03-05 09:11:00,S050,P092,4,699.89,25.02,GBP,2774.54
TXN_004654,2024-03-24 15:36:00,S061,P365,1,914.6,29.54,EUR,885.0600000000001
TXN_004655,2024-03-29 19:12:00,S039,P052,6,999.32,24.55,GBP,5971.37
TXN_004656,2024-03-17 12:10:00,S083,P414,1,286.79,40.38,GBP,246.41000000000003
TXN_004657,2024-03-27 06:11:00,S086,P408,2,1331.76,45.74,GBP,2617.78
TXN_004658,2024-03-10 12:47:00,S057,P651,6,1257.83,5.37,GBP,7541.61
TXN_004659,2024-03-29 04:49:00,S078,P514,7,1020.6,1.18,GBP,7143.0199999999995
TXN_004660,2024-03-14 02:47:00,S007,P107,7,1321.68,44.82,USD,9206.94
TXN_004661,2024-03-27 12:33:00,S085,P126,5,490.48,0.44,GBP,2451.96
TXN_004662,2024-03-05 06:01:00,S069,P194,1,860.59,47.73,GBP,812.86
TXN_004663,2024-03-21 06:34:00,S018,P123,9,1323.91,4.68,GBP,11910.51
TXN_004664,2024-03-23 23:26:00,S049,P705,5,445.69,43.93,USD,2184.52
TXN_004665,2024-03-07 16:44:00,S017,P798,1,998.33,34.13,GBP,964.2
TXN_004666,2024-03-27 02:48:00,S010,P347,8,67.99,36.6,GBP,507.31999999999994
TXN_004667,2024-03-16 04:44:00,S061,P984,8,13.57,46.76,GBP,61.800000000000004
TXN_004668,2024-03-21 06:15:00,S055,P831,1,1107.93,22.11,EUR,1085.8200000000002
TXN_004669,2024-03-09 09:46:00,S046,P698,5,1438.96,33.36,EUR,7161.4400000000005
TXN_004670,2024-03-06 01:43:00,S027,P270,4,877.36,37.62,GBP,3471.82
TXN_004671,2024-03-14 21:52:00,S030,P353,2,85.04,37.59,EUR,132.49
TXN_004672,2024-03-01 15:45:00,S015,P202,8,392.98,49.0,USD,3094.84
TXN_004673,2024-03-01 08:51:00,S081,P022,6,1405.48,28.51,EUR,8404.37
TXN_004674,2024-03-07 05:22:00,S016,P008,8,1014.95,0.56,EUR,8119.04
TXN_004675,2024-03-30 08:41:00,S016,P290,2,319.26,26.49,GBP,612.03
TXN_004676,2024-03-10 15:29:00,S010,P576,7,555.37,44.09,EUR,3843.5
TXN_004677,2024-03-15 10:01:00,S097,P016,6,1263.48,22.54,EUR,7558.34
TXN_004678,2024-03-17 14:11:00,S023,P923,8,1001.44,20.76,USD,7990.76
TXN_004679,2024-03-12 08:39:00,S046,P017,1,172.22,9.69,GBP,162.53
TXN_004680,2024-03-07 21:46:00,S047,P426,4,733.16,16.97,USD,2915.67
TXN_004681,2024-03-29 22:30:00,S097,P100,8,1123.95,35.36,USD,8956.24
TXN_004682,2024-03-22 22:21:00,S089,P251,3,655.56,29.81,USD,1936.87
TXN_004683,2024-03-21 00:43:00,S031,P329,1,1076.98,34.73,USD,1042.25
TXN_004684,2024-03-03 19:36:00,S043,P166,5,372.39,7.1,USD,1854.85
TXN_004685,2024-03-29 08:00:00,S007,P839,2,301.67,16.29,EUR,587.0500000000001
TXN_004686,2024-03-01 20:24:00,S057,P796,1,805.56,40.88,USD,764.68
TXN_004687,2024-03-05 03:44:00,S011,P668,9,826.94,38.54,USD,7403.920000000001
TXN_004688,2024-03-06 12:49:00,S097,P110,6,369.32,1.82,USD,2214.1
TXN_004689,2024-03-10 01:11:00,S042,P130,4,1471.82,29.97,GBP,5857.3099999999995
TXN_004690,2024-03-03 05:39:00,S042,P283,7,713.06,46.97,GBP,4944.45
TXN_004691,2024-03-27 01:29:00,S074,P886,7,756.54,40.31,USD,5255.469999999999
TXN_004692,2024-03-28 02:59:00,S040,P880,8,1169.44,41.42,EUR,9314.1
TXN_004693,2024-03-04 11:16:00,S081,P275,3,1356.7,9.03,EUR,4061.07
TXN_004694,2024-03-23 11:12:00,S065,P015,8,1458.08,24.56,GBP,11640.08
TXN_004695,2024-03-12 00:38:00,S079,P689,7,99.22,47.51,EUR,647.03
TXN_004696,2024-03-10 17:33:00,S095,P079,4,247.54,23.2,USD,966.9599999999999
TXN_004697,2024-03-15 23:07:00,S013,P887,2,162.04,45.86,GBP,278.21999999999997
TXN_004698,2024-03-27 13:45:00,S072,P140,1,162.67,9.36,GBP,153.31
TXN_004699,2024-03-26 15:12:00,S059,P101,9,544.97,47.05,USD,4857.68
TXN_004700,2024-03-15 01:09:00,S051,P663,3,1341.7,42.86,USD,3982.2400000000002
TXN_004701,2024-03-23 15:38:00,S076,P576,4,424.53,28.77,GBP,1669.35
TXN_004702,2024-03-27 22:27:00,S098,P815,8,118.63,36.95,EUR,912.0899999999999
TXN_004703,2024-03-05 19:57:00,S083,P510,5,993.63,30.06,EUR,4938.089999999999
TXN_004704,2024-03-02 05:45:00,S082,P831,9,500.75,49.98,EUR,4456.77
TXN_004705,2024-03-24 22:30:00,S029,P523,8,1364.72,11.05,GBP,10906.710000000001
TXN_004706,2024-03-26 10:34:00,S060,P742,4,382.66,49.22,EUR,1481.42
TXN_004707,2024-03-06 04:19:00,S053,P669,1,1493.56,9.83,USD,1483.73
TXN_004708,2024-03-26 20:14:00,S076,P833,2,1410.63,26.24,USD,2795.0200000000004
TXN_004709,2024-03-25 01:11:00,S025,P642,3,1222.38,1.68,EUR,3665.4600000000005
TXN_004710,2024-03-02 23:07:00,S012,P415,4,1077.69,8.65,EUR,4302.110000000001
TXN_004711,2024-03-02 10:45:00,S059,P791,8,1081.2,14.4,EUR,8635.2
TXN_004712,2024-03-09 03:10:00,S055,P130,3,1033.66,46.11,EUR,3054.8700000000003
TXN_004713,2024-03-06 03:44:00,S058,P173,5,1324.42,44.67,EUR,6577.43
TXN_004714,2024-03-07 09:50:00,S093,P489,2,63.27,12.06,GBP,114.48
TXN_004715,2024-03-03 00:08:00,S041,P098,8,1185.17,45.56,GBP,9435.800000000001
TXN_004716,2024-03-26 01:26:00,S016,P684,3,437.16,38.16,GBP,1273.32
TXN_004717,2024-03-08 15:27:00,S001,P075,9,759.43,22.97,EUR,6811.9
TXN_004718,2024-03-20 03:14:00,S042,P259,5,456.46,28.87,EUR,2253.43
TXN_004719,2024-03-06 15:04:00,S054,P894,4,188.58,16.1,EUR,738.22
TXN_004720,2024-03-30 03:20:00,S092,P142,8,327.53,6.64,GBP,2613.6
TXN_004721,2024-03-03 13:31:00,S046,P492,5,736.7,34.41,EUR,3649.09
TXN_004722,2024-03-01 08:41:00,S001,P200,8,820.26,29.24,EUR,6532.84
TXN_004723,2024-03-22 11:01:00,S048,P285,3,839.06,3.78,USD,2513.3999999999996
TXN_004724,2024-03-21 23:42:00,S098,P883,3,456.19,47.84,GBP,1320.73
TXN_004725,2024-03-20 01:35:00,S087,P789,2,358.15,8.52,GBP,707.78
TXN_004726,2024-03-26 07:42:00,S039,P775,8,1121.26,10.72,EUR,8959.36
TXN_004727,2024-03-09 12:05:00,S052,P322,7,939.51,16.87,USD,6559.7
TXN_004728,2024-03-25 08:03:00,S069,P990,3,1251.64,34.42,USD,3720.5
TXN_004729,2024-03-28 11:14:00,S033,P104,3,122.16,49.34,EUR,317.14
TXN_004730,2024-03-24 20:23:00,S082,P723,8,588.05,42.76,GBP,4661.639999999999
TXN_004731,2024-03-10 12:53:00,S057,P422,2,508.18,35.63,USD,980.73
TXN_004732,2024-03-28 09:24:00,S069,P565,5,1038.65,48.15,USD,5145.1
TXN_004733,2024-03-07 02:07:00,S068,P761,5,1425.83,17.0,USD,7112.15
TXN_004734,2024-03-05 00:58:00,S068,P712,7,1345.55,36.01,GBP,9382.84
TXN_004735,2024-03-27 23:34:00,S058,P774,9,787.77,23.58,GBP,7066.35
TXN_004736,2024-03-17 04:41:00,S092,P710,5,930.37,40.01,GBP,4611.84
TXN_004737,2024-03-18 12:12:00,S022,P515,9,177.39,2.86,EUR,1593.6499999999999
TXN_004738,2024-03-23 15:41:00,S068,P927,2,966.33,22.1,GBP,1910.5600000000002
TXN_004739,2024-03-13 17:14:00,S095,P284,6,355.43,40.71,GBP,2091.87
TXN_004740,2024-03-14 23:59:00,S052,P435,3,1147.42,17.99,USD,3424.2700000000004
TXN_004741,2024-03-21 01:00:00,S014,P222,6,1035.87,14.34,USD,6200.879999999999
TXN_004742,2024-03-30 03:49:00,S097,P314,6,731.78,41.52,GBP,4349.16
TXN_004743,2024-03-19 14:31:00,S001,P773,4,350.25,23.58,EUR,1377.42
TXN_004744,2024-03-26 03:04:00,S080,P920,2,351.34,30.72,USD,671.9599999999999
TXN_004745,2024-03-05 21:48:00,S097,P659,1,845.31,27.91,GBP,817.4
TXN_004746,2024-03-25 03:50:00,S069,P266,7,374.21,39.12,EUR,2580.35
TXN_004747,2024-03-09 09:57:00,S100,P651,5,1191.83,15.9,USD,5943.25
TXN_004748,2024-03-22 07:06:00,S089,P162,9,1150.36,6.52,GBP,10346.72
TXN_004749,2024-03-15 19:21:00,S018,P269,5,554.73,21.64,USD,2752.01
TXN_004750,2024-03-17 03:26:00,S072,P016,5,1236.98,12.88,EUR,6172.0199999999995
TXN_004751,2024-03-22 15:03:00,S072,P211,1,1095.83,30.89,GBP,1064.9399999999998
TXN_004752,2024-03-03 02:00:00,S033,P788,2,207.87,22.47,EUR,393.27
TXN_004753,2024-03-03 23:47:00,S053,P954,6,523.21,15.7,USD,3123.5600000000004
TXN_004754,2024-03-25 00:06:00,S092,P864,4,1386.48,29.31,GBP,5516.61
TXN_004755,2024-03-23 10:33:00,S068,P735,5,1069.98,15.51,EUR,5334.389999999999
TXN_004756,2024-03-19 08:46:00,S002,P137,5,282.88,44.21,EUR,1370.19
TXN_004757,2024-03-13 12:06:00,S016,P226,7,689.9,7.94,USD,4821.360000000001
TXN_004758,2024-03-28 12:01:00,S024,P024,6,14.28,48.46,GBP,37.21999999999999
TXN_004759,2024-03-24 18:04:00,S015,P447,4,1112.28,41.54,EUR,4407.58
TXN_004760,2024-03-30 10:10:00,S075,P254,3,72.49,40.69,USD,176.77999999999997
TXN_004761,2024-03-17 09:39:00,S056,P832,7,200.29,10.56,GBP,1391.47
TXN_004762,2024-03-18 12:21:00,S044,P067,3,1135.53,14.02,USD,3392.57
TXN_004763,2024-03-24 10:47:00,S025,P400,9,886.54,49.7,GBP,7929.16
TXN_004764,2024-03-23 17:16:00,S069,P050,6,1292.39,21.07,GBP,7733.27
TXN_004765,2024-03-17 13:11:00,S069,P450,7,45.8,15.82,USD,304.78
TXN_004766,2024-03-18 14:13:00,S035,P462,6,215.91,46.45,GBP,1249.01
TXN_004767,2024-03-19 03:42:00,S028,P842,6,1403.09,19.81,USD,8398.73
TXN_004768,2024-03-22 20:55:00,S022,P351,7,974.39,20.16,EUR,6800.57
TXN_004769,2024-03-17 05:19:00,S063,P652,4,12.12,36.31,USD,12.169999999999995
TXN_004770,2024-03-01 17:24:00,S021,P839,2,419.81,24.02,GBP,815.6
TXN_004771,2024-03-21 05:21:00,S095,P004,4,171.02,4.56,GBP,679.5200000000001
TXN_004772,2024-03-23 12:54:00,S012,P329,9,692.64,8.93,USD,6224.83
TXN_004773,2024-03-21 12:00:00,S071,P967,5,1369.79,39.07,GBP,6809.88
TXN_004774,2024-03-30 11:54:00,S053,P932,6,1451.64,22.76,USD,8687.08
TXN_004775,2024-03-22 18:51:00,S046,P582,7,1181.33,1.98,EUR,8267.33
TXN_004776,2024-03-20 15:07:00,S041,P341,4,25.35,48.63,EUR,52.77
TXN_004777,2024-03-12 12:42:00,S095,P990,6,302.06,35.45,USD,1776.91
TXN_004778,2024-03-04 23:04:00,S034,P712,7,1103.68,1.1,GBP,7724.66
TXN_004779,2024-03-09 08:19:00,S053,P034,8,955.12,17.23,GBP,7623.7300000000005
TXN_004780,2024-03-15 03:31:00,S088,P547,9,370.62,48.69,EUR,3286.89
TXN_004781,2024-03-29 13:38:00,S089,P939,1,801.94,23.22,EUR,778.72
TXN_004782,2024-03-17 12:08:00,S066,P948,3,593.05,1.54,EUR,1777.61
TXN_004783,2024-03-01 20:48:00,S020,P517,7,319.81,17.76,EUR,2220.91
TXN_004784,2024-03-30 09:43:00,S094,P390,8,701.67,7.05,USD,5606.3099999999995
TXN_004785,2024-03-29 12:56:00,S097,P977,9,1200.06,5.09,EUR,10795.449999999999
TXN_004786,2024-03-23 00:28:00,S011,P687,9,964.34,25.99,EUR,8653.07
TXN_004787,2024-03-02 14:26:00,S025,P854,5,1031.68,14.19,EUR,5144.210000000001
TXN_004788,2024-03-20 19:07:00,S029,P635,7,638.05,47.64,EUR,4418.709999999999
TXN_004789,2024-03-25 22:19:00,S090,P516,4,1204.27,14.13,GBP,4802.95
TXN_004790,2024-03-10 20:13:00,S068,P483,8,399.32,40.52,EUR,3154.04
TXN_004791,2024-03-02 15:11:00,S077,P562,7,345.01,29.21,EUR,2385.8599999999997
TXN_004792,2024-03-25 08:20:00,S094,P555,3,793.18,38.99,EUR,2340.55
TXN_004793,2024-03-03 04:16:00,S052,P114,1,1335.6,23.22,EUR,1312.3799999999999
TXN_004794,2024-03-22 10:12:00,S089,P748,9,149.45,16.11,EUR,1328.94
TXN_004795,2024-03-26 14:13:00,S001,P150,4,566.39,42.38,GBP,2223.18
TXN_004796,2024-03-16 05:21:00,S010,P828,9,764.4,34.55,GBP,6845.049999999999
TXN_004797,2024-03-24 22:34:00,S071,P174,2,1018.54,2.55,USD,2034.53
TXN_004798,2024-03-23 12:03:00,S078,P952,2,854.56,6.23,GBP,1702.8899999999999
TXN_004799,2024-03-15 07:14:00,S010,P145,9,1495.76,48.26,GBP,13413.58
TXN_004800,2024-03-01 01:48:00,S023,P070,9,1130.69,49.4,GBP,10126.810000000001
TXN_004801,2024-03-04 12:03:00,S013,P834,9,568.47,32.24,GBP,5083.990000000001
TXN_004802,2024-03-11 08:41:00,S067,P445,5,512.19,1.41,GBP,2559.5400000000004
TXN_004803,2024-03-28 11:16:00,S075,P444,1,658.49,32.73,EUR,625.76
TXN_004804,2024-03-26 13:35:00,S002,P557,8,162.27,45.11,GBP,1253.0500000000002
TXN_004805,2024-03-10 17:48:00,S052,P080,6,627.94,46.5,USD,3721.1400000000003
TXN_004806,2024-03-04 00:37:00,S010,P487,6,309.84,23.77,EUR,1835.27
TXN_004807,2024-03-11 08:55:00,S038,P466,4,682.95,8.1,USD,2723.7000000000003
TXN_004808,2024-03-22 05:22:00,S091,P121,5,514.29,39.84,USD,2531.6099999999997
TXN_004809,2024-03-09 10:03:00,S071,P508,5,498.8,15.64,USD,2478.36
TXN_004810,2024-03-28 22:18:00,S015,P662,2,1178.16,46.07,USD,2310.25
TXN_004811,2024-03-13 14:31:00,S053,P845,7,252.42,20.95,USD,1745.9899999999998
TXN_004812,2024-03-11 01:48:00,S027,P126,1,651.24,48.83,USD,602.41
TXN_004813,2024-03-25 11:32:00,S085,P637,7,486.46,33.57,GBP,3371.6499999999996
TXN_004814,2024-03-28 14:46:00,S014,P996,3,1448.35,7.32,EUR,4337.73
TXN_004815,2024-03-16 03:54:00,S068,P390,7,1228.58,14.91,EUR,8585.15
TXN_004816,2024-03-09 22:14:00,S090,P519,2,418.79,39.84,GBP,797.74
TXN_004817,2024-03-29 11:45:00,S057,P450,6,255.93,3.81,USD,1531.77
TXN_004818,2024-03-27 00:23:00,S082,P387,1,796.81,17.51,GBP,779.3
TXN_004819,2024-03-08 20:31:00,S066,P618,5,790.52,20.02,GBP,3932.58
TXN_004820,2024-03-08 04:57:00,S076,P858,4,342.44,44.08,USD,1325.68
TXN_004821,2024-03-19 21:57:00,S099,P968,8,1472.92,27.32,EUR,11756.04
TXN_004822,2024-03-23 12:30:00,S038,P893,1,991.81,5.46,EUR,986.3499999999999
TXN_004823,2024-03-26 17:35:00,S097,P684,2,678.07,13.05,EUR,1343.0900000000001
TXN_004824,2024-03-01 19:21:00,S091,P276,7,1219.5,2.73,USD,8533.77
TXN_004825,2024-03-03 01:40:00,S078,P007,8,1458.42,19.48,USD,11647.880000000001
TXN_004826,2024-03-27 07:18:00,S013,P678,9,124.52,23.02,EUR,1097.66
TXN_004827,2024-03-11 13:37:00,S039,P176,1,485.92,24.2,EUR,461.72
TXN_004828,2024-03-13 15:08:00,S018,P171,4,461.39,3.14,GBP,1842.4199999999998
TXN_004829,2024-03-24 22:20:00,S065,P768,8,525.13,35.26,GBP,4165.78
TXN_004830,2024-03-13 17:46:00,S063,P521,4,938.06,16.22,EUR,3736.02
TXN_004831,2024-03-25 15:14:00,S071,P226,5,708.85,34.21,GBP,3510.04
TXN_004832,2024-03-03 02:41:00,S004,P846,6,149.21,11.32,GBP,883.9399999999999
TXN_004833,2024-03-02 19:05:00,S064,P469,8,417.56,9.85,USD,3330.63
TXN_004834,2024-03-26 19:07:00,S100,P657,3,479.53,19.56,GBP,1419.03
TXN_004835,2024-03-15 06:33:00,S037,P039,2,260.4,45.87,USD,474.92999999999995
TXN_004836,2024-03-25 14:43:00,S026,P448,5,895.26,30.49,GBP,4445.81
TXN_004837,2024-03-15 03:08:00,S005,P442,2,473.94,40.63,EUR,907.25
TXN_004838,2024-03-19 01:28:00,S052,P232,4,1471.68,9.06,GBP,5877.66
TXN_004839,2024-03-16 13:31:00,S005,P049,7,1256.52,22.15,EUR,8773.49
TXN_004840,2024-03-20 11:57:00,S014,P905,7,1241.28,19.04,GBP,8669.919999999998
TXN_004841,2024-03-14 17:55:00,S096,P568,7,240.89,49.73,GBP,1636.5
TXN_004842,2024-03-23 05:26:00,S048,P006,5,1079.35,27.05,USD,5369.7
TXN_004843,2024-03-18 17:53:00,S039,P441,7,720.96,29.18,USD,5017.54
TXN_004844,2024-03-26 07:13:00,S062,P854,8,885.61,48.99,EUR,7035.89
TXN_004845,2024-03-22 00:07:00,S098,P077,5,922.53,29.82,EUR,4582.83
TXN_004846,2024-03-13 17:06:00,S065,P877,2,134.27,29.37,GBP,239.17000000000002
TXN_004847,2024-03-22 07:13:00,S058,P247,1,891.54,32.22,USD,859.3199999999999
TXN_004848,2024-03-17 13:26:00,S077,P164,6,130.82,15.25,USD,769.67
TXN_004849,2024-03-12 05:37:00,S062,P338,4,883.21,44.2,USD,3488.6400000000003
TXN_004850,2024-03-26 03:51:00,S065,P733,6,1379.88,47.03,EUR,8232.25
TXN_004851,2024-03-27 19:12:00,S016,P115,4,599.64,7.79,USD,2390.77
TXN_004852,2024-03-29 21:25:00,S059,P983,5,1056.71,4.08,GBP,5279.47
TXN_004853,2024-03-09 16:29:00,S040,P236,2,1433.58,12.56,EUR,2854.6
TXN_004854,2024-03-10 04:08:00,S010,P263,5,290.4,24.28,EUR,1427.72
TXN_004855,2024-03-09 05:18:00,S003,P663,9,1321.49,2.98,USD,11890.43
TXN_004856,2024-03-17 16:25:00,S071,P006,4,1430.4,8.89,GBP,5712.71
TXN_004857,2024-03-21 12:35:00,S034,P264,1,1213.67,44.65,EUR,1169.02
TXN_004858,2024-03-04 06:04:00,S009,P858,1,532.11,8.4,USD,523.71
TXN_004859,2024-03-23 06:41:00,S048,P453,1,640.95,35.39,EUR,605.5600000000001
TXN_004860,2024-03-20 01:41:00,S086,P614,8,1111.76,46.89,USD,8847.19
TXN_004861,2024-03-17 19:39:00,S083,P301,8,965.25,12.55,GBP,7709.45
TXN_004862,2024-03-02 17:08:00,S087,P425,8,499.81,48.28,USD,3950.2
TXN_004863,2024-03-07 19:09:00,S026,P205,9,214.19,5.82,USD,1921.89
TXN_004864,2024-03-09 14:00:00,S005,P248,5,1304.14,26.46,GBP,6494.240000000001
TXN_004865,2024-03-10 02:30:00,S060,P243,7,1313.86,7.29,USD,9189.729999999998
TXN_004866,2024-03-08 06:41:00,S052,P938,7,1469.41,18.63,USD,10267.240000000002
TXN_004867,2024-03-07 16:12:00,S081,P751,2,1135.35,22.75,USD,2247.95
TXN_004868,2024-03-23 20:59:00,S076,P611,1,1386.73,4.4,USD,1382.33
TXN_004869,2024-03-18 07:28:00,S087,P651,5,204.73,7.85,GBP,1015.8
TXN_004870,2024-03-20 11:53:00,S084,P430,6,1271.98,31.56,GBP,7600.32
TXN_004871,2024-03-06 02:58:00,S054,P635,9,795.32,8.79,GBP,7149.09
TXN_004872,2024-03-18 21:31:00,S021,P022,9,896.35,36.53,EUR,8030.620000000001
TXN_004873,2024-03-25 10:43:00,S074,P332,6,919.05,49.77,GBP,5464.529999999999
TXN_004874,2024-03-27 14:32:00,S064,P246,8,1128.76,41.2,USD,8988.88
TXN_004875,2024-03-28 16:02:00,S096,P659,2,63.47,42.12,USD,84.82
TXN_004876,2024-03-26 14:05:00,S007,P004,2,1356.71,32.09,GBP,2681.33
TXN_004877,2024-03-21 19:46:00,S048,P654,9,972.68,35.66,EUR,8718.46
TXN_004878,2024-03-24 07:34:00,S092,P739,8,768.65,6.7,USD,6142.5
TXN_004879,2024-03-23 23:53:00,S053,P539,3,1150.53,38.8,GBP,3412.79
TXN_004880,2024-03-27 01:07:00,S016,P149,9,698.45,46.98,GBP,6239.070000000001
TXN_004881,2024-03-02 23:57:00,S073,P898,3,187.73,28.78,GBP,534.41
TXN_004882,2024-03-05 06:24:00,S025,P220,8,836.49,32.87,USD,6659.05
TXN_004883,2024-03-05 01:53:00,S037,P400,5,1298.53,13.19,EUR,6479.46
TXN_004884,2024-03-02 12:41:00,S051,P873,3,732.83,24.64,GBP,2173.8500000000004
TXN_004885,2024-03-30 14:11:00,S021,P205,7,737.54,15.54,GBP,5147.24
TXN_004886,2024-03-29 17:03:00,S037,P114,5,41.32,0.48,EUR,206.12
TXN_004887,2024-03-03 16:42:00,S069,P354,1,134.26,6.77,EUR,127.49
TXN_004888,2024-03-06 07:59:00,S009,P805,8,26.61,14.85,GBP,198.03
TXN_004889,2024-03-09 21:25:00,S047,P561,1,431.76,22.23,EUR,409.53
TXN_004890,2024-03-08 23:25:00,S071,P344,5,1236.76,47.45,GBP,6136.35
TXN_004891,2024-03-04 13:14:00,S009,P615,7,438.92,3.04,GBP,3069.4
TXN_004892,2024-03-19 17:41:00,S019,P753,6,450.86,38.18,USD,2666.98
TXN_004893,2024-03-20 06:39:00,S069,P850,5,173.17,32.6,EUR,833.2499999999999
TXN_004894,2024-03-19 18:34:00,S096,P147,3,1429.29,14.57,USD,4273.3
TXN_004895,2024-03-04 04:09:00,S007,P524,2,585.32,8.28,USD,1162.3600000000001
TXN_004896,2024-03-08 12:57:00,S038,P978,7,1471.79,29.05,GBP,10273.48
TXN_004897,2024-03-27 10:34:00,S031,P378,2,330.83,10.72,USD,650.9399999999999
TXN_004898,2024-03-23 19:55:00,S094,P905,5,586.43,7.04,USD,2925.1099999999997
TXN_004899,2024-03-15 15:40:00,S072,P586,6,1272.63,5.09,GBP,7630.6900000000005
TXN_004900,2024-03-08 21:34:00,S059,P690,7,1067.78,38.19,EUR,7436.27
TXN_004901,2024-03-22 06:40:00,S068,P769,9,653.14,17.01,EUR,5861.25
TXN_004902,2024-03-30 15:18:00,S059,P662,5,813.77,47.09,GBP,4021.7599999999998
TXN_004903,2024-03-14 14:39:00,S071,P484,1,664.45,14.28,GBP,650.1700000000001
TXN_004904,2024-03-30 03:57:00,S063,P141,5,885.31,8.23,USD,4418.32
TXN_004905,2024-03-19 07:27:00,S013,P246,6,804.83,25.16,GBP,4803.820000000001
TXN_004906,2024-03-11 10:15:00,S037,P170,7,751.06,46.95,GBP,5210.47
TXN_004907,2024-03-10 12:47:00,S023,P343,8,466.15,39.73,USD,3689.47
TXN_004908,2024-03-30 17:06:00,S057,P313,5,817.48,46.16,GBP,4041.2400000000002
TXN_004909,2024-03-10 19:41:00,S057,P894,1,250.63,42.93,EUR,207.7
TXN_004910,2024-03-07 17:24:00,S043,P056,4,640.54,26.66,USD,2535.5
TXN_004911,2024-03-19 11:21:00,S051,P450,9,512.66,7.81,GBP,4606.129999999999
TXN_004912,2024-03-03 20:55:00,S043,P359,4,1465.42,43.9,EUR,5817.780000000001
TXN_004913,2024-03-16 19:37:00,S097,P169,2,1174.39,12.5,USD,2336.28
TXN_004914,2024-03-22 10:05:00,S053,P729,1,74.92,27.48,EUR,47.44
TXN_004915,2024-03-09 20:42:00,S074,P312,8,100.88,17.07,USD,789.9699999999999
TXN_004916,2024-03-28 23:22:00,S093,P013,1,565.66,28.33,GBP,537.3299999999999
TXN_004917,2024-03-10 23:26:00,S073,P616,4,984.55,7.66,GBP,3930.54
TXN_004918,2024-03-12 16:19:00,S025,P119,2,652.96,21.9,EUR,1284.02
TXN_004919,2024-03-13 05:02:00,S026,P814,4,839.99,15.01,EUR,3344.95
TXN_004920,2024-03-09 13:52:00,S075,P041,2,796.85,9.84,GBP,1583.8600000000001
TXN_004921,2024-03-07 00:52:00,S063,P809,2,1060.83,48.2,USD,2073.46
TXN_004922,2024-03-09 22:10:00,S069,P080,8,1094.66,15.1,EUR,8742.18
TXN_004923,2024-03-12 18:08:00,S008,P114,9,473.13,18.82,USD,4239.35
TXN_004924,2024-03-20 23:14:00,S096,P259,6,680.62,26.24,USD,4057.4800000000005
TXN_004925,2024-03-24 04:03:00,S059,P788,8,109.86,14.56,USD,864.32
TXN_004926,2024-03-21 09:29:00,S015,P674,8,431.03,18.02,USD,3430.22
TXN_004927,2024-03-03 23:08:00,S070,P805,5,1450.74,46.14,GBP,7207.5599999999995
TXN_004928,2024-03-24 14:51:00,S052,P579,3,720.79,35.53,GBP,2126.8399999999997
TXN_004929,2024-03-24 21:09:00,S038,P054,2,1043.55,8.06,EUR,2079.04
TXN_004930,2024-03-13 08:57:00,S017,P072,6,49.23,27.4,USD,267.98
TXN_004931,2024-03-16 23:05:00,S091,P404,6,1430.26,7.39,EUR,8574.17
TXN_004932,2024-03-22 07:19:00,S087,P890,2,1078.04,11.11,GBP,2144.97
TXN_004933,2024-03-09 14:01:00,S096,P166,6,247.41,22.11,USD,1462.3500000000001
TXN_004934,2024-03-04 08:01:00,S071,P534,5,19.74,34.85,GBP,63.84999999999999
TXN_004935,2024-03-27 17:10:00,S047,P216,8,497.1,4.97,USD,3971.8300000000004
TXN_004936,2024-03-30 06:36:00,S005,P759,4,836.65,6.42,USD,3340.18
TXN_004937,2024-03-15 18:03:00,S057,P218,7,795.96,23.93,USD,5547.79
TXN_004938,2024-03-24 23:03:00,S004,P398,3,325.63,29.68,GBP,947.21
TXN_004939,2024-03-24 18:17:00,S071,P164,4,1003.57,40.16,USD,3974.1200000000003
TXN_004940,2024-03-23 17:46:00,S082,P232,3,381.55,33.52,EUR,1111.13
TXN_004941,2024-03-18 04:07:00,S042,P407,5,196.46,45.71,EUR,936.59
TXN_004942,2024-03-17 04:37:00,S085,P020,6,436.25,37.06,USD,2580.44
TXN_004943,2024-03-12 14:12:00,S048,P838,8,146.21,36.4,EUR,1133.28
TXN_004944,2024-03-23 15:45:00,S049,P132,5,841.91,7.87,EUR,4201.68
TXN_004945,2024-03-29 19:12:00,S081,P762,3,1168.63,22.27,GBP,3483.6200000000003
TXN_004946,2024-03-03 01:53:00,S061,P755,2,310.97,24.85,USD,597.09
TXN_004947,2024-03-06 19:11:00,S047,P794,5,684.51,14.75,EUR,3407.8
TXN_004948,2024-03-22 06:44:00,S014,P098,7,210.01,25.51,GBP,1444.56
TXN_004949,2024-03-13 11:55:00,S030,P653,5,490.92,40.21,USD,2414.39
TXN_004950,2024-03-12 13:42:00,S048,P214,5,775.63,37.19,USD,3840.96
TXN_004951,2024-03-06 03:31:00,S083,P479,8,45.81,38.69,EUR,327.79
TXN_004952,2024-03-20 10:44:00,S001,P733,1,1414.35,15.03,GBP,1399.32
TXN_004953,2024-03-06 14:06:00,S079,P079,8,1482.18,17.55,GBP,11839.890000000001
TXN_004954,2024-03-01 08:49:00,S095,P857,1,776.09,28.62,GBP,747.47
TXN_004955,2024-03-19 17:14:00,S004,P445,1,979.21,25.83,USD,953.38
TXN_004956,2024-03-01 09:17:00,S012,P155,2,763.16,15.12,USD,1511.2
TXN_004957,2024-03-29 04:29:00,S072,P880,4,1244.14,36.54,USD,4940.02
TXN_004958,2024-03-18 08:58:00,S051,P784,4,533.16,22.61,EUR,2110.0299999999997
TXN_004959,2024-03-21 01:02:00,S051,P713,2,44.31,18.5,GBP,70.12
TXN_004960,2024-03-25 19:34:00,S001,P881,4,305.84,13.91,EUR,1209.4499999999998
TXN_004961,2024-03-25 23:47:00,S064,P862,3,1054.23,13.63,EUR,3149.06
TXN_004962,2024-03-17 06:04:00,S064,P231,8,1199.08,25.44,GBP,9567.199999999999
TXN_004963,2024-03-12 07:19:00,S025,P211,1,1477.17,20.6,EUR,1456.5700000000002
TXN_004964,2024-03-10 06:16:00,S002,P872,9,1078.65,33.76,EUR,9674.09
TXN_004965,2024-03-26 16:11:00,S071,P330,6,181.98,3.74,EUR,1088.1399999999999
TXN_004966,2024-03-27 12:53:00,S029,P698,2,851.84,35.77,EUR,1667.91
TXN_004967,2024-03-23 06:18:00,S094,P835,2,1254.54,40.23,EUR,2468.85
TXN_004968,2024-03-27 17:14:00,S098,P607,3,594.99,9.41,EUR,1775.56
TXN_004969,2024-03-05 00:29:00,S037,P071,7,300.79,24.85,GBP,2080.6800000000003
TXN_004970,2024-03-24 10:21:00,S057,P221,2,1434.75,3.11,USD,2866.39
TXN_004971,2024-03-15 02:52:00,S100,P488,3,476.65,34.17,EUR,1395.7799999999997
TXN_004972,2024-03-05 19:56:00,S057,P107,5,908.58,25.93,USD,4516.97
TXN_004973,2024-03-18 19:00:00,S004,P483,6,112.63,12.75,GBP,663.03
TXN_004974,2024-03-30 12:41:00,S035,P577,1,180.51,25.2,GBP,155.31
TXN_004975,2024-03-30 13:18:00,S047,P420,9,1433.18,49.86,EUR,12848.76
TXN_004976,2024-03-05 12:10:00,S041,P961,6,1078.13,42.91,GBP,6425.870000000001
TXN_004977,2024-03-12 20:01:00,S010,P572,6,51.0,11.74,EUR,294.26
TXN_004978,2024-03-17 02:45:00,S029,P889,4,1016.98,14.44,GBP,4053.48
TXN_004979,2024-03-20 15:47:00,S024,P311,1,299.12,12.82,EUR,286.3
TXN_004980,2024-03-23 17:40:00,S048,P953,3,835.12,4.7,EUR,2500.6600000000003
TXN_004981,2024-03-18 11:10:00,S001,P709,8,370.86,27.61,GBP,2939.27
TXN_004982,2024-03-18 23:04:00,S036,P994,7,616.04,41.5,GBP,4270.78
TXN_004983,2024-03-17 02:57:00,S027,P716,6,546.17,19.29,USD,3257.7299999999996
TXN_004984,2024-03-23 09:21:00,S018,P563,3,901.07,40.53,GBP,2662.68
TXN_004985,2024-03-29 08:22:00,S046,P604,8,1071.57,15.3,USD,8557.26
TXN_004986,2024-03-25 13:49:00,S041,P085,2,830.2,20.95,GBP,1639.45
TXN_004987,2024-03-21 19:51:00,S029,P763,6,46.43,5.77,EUR,272.81
TXN_004988,2024-03-15 05:24:00,S081,P251,5,1059.79,40.73,USD,5258.22
TXN_004989,2024-03-14 19:04:00,S084,P803,5,685.61,20.86,GBP,3407.19
TXN_004990,2024-03-28 13:39:00,S065,P031,6,783.83,5.94,USD,4697.040000000001
TXN_004991,2024-03-02 15:12:00,S047,P205,5,205.28,6.11,EUR,1020.2900000000001
TXN_004992,2024-03-17 04:48:00,S043,P333,5,1172.13,3.41,USD,5857.240000000001
TXN_004993,2024-03-21 19:55:00,S073,P239,8,346.26,34.67,EUR,2735.41
TXN_004994,2024-03-22 11:05:00,S093,P419,9,1001.75,47.92,GBP,8967.83
TXN_004995,2024-03-18 03:54:00,S035,P834,5,399.15,25.61,USD,1970.14
TXN_004996,2024-03-27 20:58:00,S056,P666,2,737.62,36.89,EUR,1438.35
TXN_004997,2024-03-17 06:41:00,S063,P713,1,1131.13,26.81,USD,1104.3200000000002
TXN_004998,2024-03-10 00:07:00,S099,P941,9,350.89,15.76,USD,3142.2499999999995
TXN_004999,2024-03-19 01:42:00,S009,P509,6,525.55,38.0,GBP,3115.2999999999997
TXN_005000,2024-03-11 19:03:00,S098,P925,6,1167.49,13.43,GBP,6991.51
TXN_005001,2024-03-01 11:16:00,S016,P982,6,912.48,5.37,EUR,5469.51
TXN_005002,2024-03-04 01:47:00,S037,P842,2,806.38,15.24,EUR,1597.52
TXN_005003,2024-03-22 14:42:00,S092,P322,9,1345.69,29.78,EUR,12081.43
TXN_005004,2024-03-29 01:03:00,S003,P105,6,421.68,6.0,EUR,2524.08
TXN_005005,2024-03-15 22:43:00,S098,P858,3,147.07,10.66,GBP,430.54999999999995
TXN_005006,2024-03-01 14:09:00,S035,P757,6,240.47,37.92,EUR,1404.8999999999999
TXN_005007,2024-03-11 12:53:00,S057,P809,2,924.11,34.31,GBP,1813.91
TXN_005008,2024-03-08 14:19:00,S024,P124,4,1352.86,5.32,USD,5406.12
TXN_005009,2024-03-21 08:04:00,S021,P778,1,581.55,6.82,USD,574.7299999999999
TXN_005010,2024-03-24 01:01:00,S057,P252,7,346.53,45.6,GBP,2380.11
TXN_005011,2024-03-13 23:23:00,S001,P830,2,1196.61,2.11,USD,2391.1099999999997
TXN_005012,2024-03-11 21:18:00,S004,P389,5,1175.59,49.97,GBP,5827.98
TXN_005013,2024-03-27 19:55:00,S030,P464,1,1472.44,44.5,EUR,1427.94
TXN_005014,2024-03-11 11:45:00,S058,P648,9,845.26,19.43,USD,7587.91
TXN_005015,2024-03-27 04:00:00,S078,P222,8,784.78,19.02,USD,6259.219999999999
TXN_005016,2024-03-16 18:27:00,S059,P644,3,119.89,13.06,EUR,346.61
TXN_005017,2024-03-11 18:06:00,S047,P692,5,469.79,3.2,USD,2345.7500000000005
TXN_005018,2024-03-19 19:33:00,S002,P430,1,785.29,31.07,EUR,754.2199999999999
TXN_005019,2024-03-11 18:41:00,S010,P775,9,985.56,40.71,USD,8829.33
TXN_005020,2024-03-23 00:04:00,S092,P910,1,1357.11,18.0,EUR,1339.11
TXN_005021,2024-03-15 13:48:00,S051,P604,6,1038.52,49.23,USD,6181.89
TXN_005022,2024-03-27 13:38:00,S035,P879,9,519.32,4.87,GBP,4669.01
TXN_005023,2024-03-25 15:43:00,S051,P500,6,726.07,34.33,GBP,4322.09
TXN_005024,2024-03-18 03:17:00,S063,P778,1,528.21,2.74,USD,525.47
TXN_005025,2024-03-19 17:59:00,S085,P059,1,655.24,12.22,EUR,643.02
TXN_005026,2024-03-09 20:11:00,S074,P357,1,540.74,19.44,GBP,521.3
TXN_005027,2024-03-28 00:34:00,S046,P464,7,668.07,9.6,USD,4666.89
TXN_005028,2024-03-17 18:09:00,S010,P925,5,212.53,7.26,USD,1055.39
TXN_005029,2024-03-22 09:58:00,S057,P552,7,401.5,26.44,GBP,2784.06
TXN_005030,2024-03-10 06:33:00,S033,P163,7,931.67,11.18,USD,6510.509999999999
TXN_005031,2024-03-13 00:29:00,S087,P102,4,995.13,32.9,USD,3947.62
TXN_005032,2024-03-08 21:52:00,S072,P605,9,1332.94,26.72,GBP,11969.740000000002
TXN_005033,2024-03-28 15:35:00,S067,P809,8,191.76,1.37,EUR,1532.71
TXN_005034,2024-03-26 20:22:00,S055,P398,1,1351.58,10.29,EUR,1341.29
TXN_005035,2024-03-02 06:50:00,S036,P956,7,135.89,36.11,EUR,915.1199999999999
TXN_005036,2024-03-08 02:40:00,S046,P323,2,377.65,15.24,EUR,740.06
TXN_005037,2024-03-12 09:17:00,S085,P108,3,210.34,45.67,USD,585.35
TXN_005038,2024-03-04 03:43:00,S013,P644,5,36.99,10.01,GBP,174.94000000000003
TXN_005039,2024-03-10 00:33:00,S020,P038,2,614.31,17.64,EUR,1210.9799999999998
TXN_005040,2024-03-25 09:24:00,S019,P443,3,1087.79,15.31,GBP,3248.06
TXN_005041,2024-03-26 09:57:00,S010,P055,3,151.89,17.48,GBP,438.18999999999994
TXN_005042,2024-03-08 07:53:00,S059,P696,1,789.33,45.5,GBP,743.83
TXN_005043,2024-03-27 22:14:00,S057,P233,6,139.43,24.99,GBP,811.59
TXN_005044,2024-03-11 03:31:00,S020,P794,3,176.8,17.71,EUR,512.69
TXN_005045,2024-03-02 04:46:00,S037,P023,7,1010.69,45.73,EUR,7029.1
TXN_005046,2024-03-04 00:41:00,S037,P896,8,1209.64,36.7,EUR,9640.42
TXN_005047,2024-03-25 17:04:00,S068,P220,7,293.02,25.86,USD,2025.28
TXN_005048,2024-03-20 03:45:00,S026,P259,6,1401.07,16.25,USD,8390.17
TXN_005049,2024-03-30 17:28:00,S034,P830,4,1108.13,33.06,EUR,4399.46
TXN_005050,2024-03-25 11:53:00,S060,P621,9,250.61,24.42,USD,2231.07
TXN_005051,2024-03-10 00:20:00,S032,P187,2,1302.84,26.01,EUR,2579.6699999999996
TXN_005052,2024-03-14 22:16:00,S073,P693,6,1451.75,26.0,GBP,8684.5
TXN_005053,2024-03-15 20:03:00,S056,P370,7,148.86,22.3,EUR,1019.72
TXN_005054,2024-03-28 15:59:00,S043,P635,5,264.07,5.92,USD,1314.4299999999998
TXN_005055,2024-03-12 06:33:00,S011,P261,6,31.91,37.59,EUR,153.87
TXN_005056,2024-03-23 03:50:00,S066,P467,3,337.2,27.55,GBP,984.05
TXN_005057,2024-03-24 18:42:00,S032,P044,6,68.13,49.59,GBP,359.18999999999994
TXN_005058,2024-03-25 22:37:00,S096,P205,3,366.98,8.69,EUR,1092.25
TXN_005059,2024-03-12 04:29:00,S060,P892,7,873.85,30.41,EUR,6086.54
TXN_005060,2024-03-06 15:21:00,S036,P052,2,323.79,26.06,USD,621.5200000000001
TXN_005061,2024-03-26 05:03:00,S012,P198,8,861.94,42.85,EUR,6852.67
TXN_005062,2024-03-16 05:58:00,S059,P843,4,494.54,1.1,EUR,1977.0600000000002
TXN_005063,2024-03-10 16:02:00,S085,P061,9,1392.55,38.85,USD,12494.099999999999
TXN_005064,2024-03-27 02:01:00,S011,P345,6,896.27,27.27,EUR,5350.349999999999
TXN_005065,2024-03-11 06:36:00,S074,P605,8,1449.6,30.73,EUR,11566.07
TXN_005066,2024-03-21 19:24:00,S064,P167,7,1293.7,0.72,GBP,9055.18
TXN_005067,2024-03-24 14:09:00,S075,P669,4,1070.72,40.83,USD,4242.05
TXN_005068,2024-03-17 01:38:00,S014,P221,1,678.08,27.6,GBP,650.48
TXN_005069,2024-03-08 23:31:00,S073,P383,6,1380.84,47.66,EUR,8237.38
TXN_005070,2024-03-16 10:08:00,S065,P321,4,1103.35,45.37,EUR,4368.03
TXN_005071,2024-03-09 21:36:00,S057,P662,5,1037.59,7.97,USD,5179.98
TXN_005072,2024-03-25 21:31:00,S017,P021,7,491.14,25.41,GBP,3412.57
TXN_005073,2024-03-24 16:07:00,S050,P383,1,299.71,2.84,USD,296.87
TXN_005074,2024-03-30 08:28:00,S037,P515,7,550.4,30.59,EUR,3822.2099999999996
TXN_005075,2024-03-11 01:39:00,S006,P320,1,250.45,31.9,USD,218.54999999999998
TXN_005076,2024-03-07 14:02:00,S078,P427,7,607.77,20.25,USD,4234.139999999999
TXN_005077,2024-03-01 05:51:00,S064,P366,2,715.68,48.99,GBP,1382.37
TXN_005078,2024-03-05 04:55:00,S018,P324,9,13.52,17.3,EUR,104.38
TXN_005079,2024-03-20 08:25:00,S048,P592,9,767.67,43.04,GBP,6865.99
TXN_005080,2024-03-01 22:16:00,S057,P997,1,774.04,43.78,USD,730.26
TXN_005081,2024-03-12 13:23:00,S094,P182,9,203.65,34.97,USD,1797.88
TXN_005082,2024-03-21 04:55:00,S035,P536,5,1147.82,15.76,GBP,5723.339999999999
TXN_005083,2024-03-19 17:31:00,S072,P423,5,315.5,24.73,GBP,1552.77
TXN_005084,2024-03-11 01:45:00,S001,P365,9,277.99,3.22,GBP,2498.69
TXN_005085,2024-03-28 12:10:00,S022,P671,1,1338.73,29.13,GBP,1309.6
TXN_005086,2024-03-12 01:11:00,S027,P859,2,361.58,8.91,USD,714.25
TXN_005087,2024-03-04 19:15:00,S007,P857,8,1239.11,23.9,USD,9888.98
TXN_005088,2024-03-06 06:42:00,S006,P507,1,450.3,43.61,USD,406.69
TXN_005089,2024-03-13 10:11:00,S045,P754,6,533.42,3.57,USD,3196.9499999999994
TXN_005090,2024-03-01 12:21:00,S008,P394,2,1369.41,8.53,EUR,2730.29
TXN_005091,2024-03-27 14:59:00,S038,P101,8,599.06,8.23,EUR,4784.25
TXN_005092,2024-03-29 03:16:00,S076,P392,6,591.07,24.62,EUR,3521.8
TXN_005093,2024-03-26 06:57:00,S079,P987,2,1189.68,43.89,EUR,2335.4700000000003
TXN_005094,2024-03-05 08:08:00,S049,P066,6,123.26,45.36,EUR,694.2
TXN_005095,2024-03-13 17:52:00,S044,P260,5,1417.8,15.19,GBP,7073.81
TXN_005096,2024-03-21 17:43:00,S013,P852,3,1354.02,0.84,EUR,4061.22
TXN_005097,2024-03-17 18:33:00,S001,P801,1,48.13,41.99,GBP,6.140000000000001
TXN_005098,2024-03-01 01:21:00,S002,P159,4,454.83,14.63,EUR,1804.6899999999998
TXN_005099,2024-03-06 10:06:00,S058,P727,7,680.53,11.4,GBP,4752.31
TXN_005100,2024-03-13 02:57:00,S076,P231,2,290.82,23.44,USD,558.1999999999999
TXN_005101,2024-03-17 05:32:00,S085,P114,6,1352.04,31.33,EUR,8080.91
TXN_005102,2024-03-07 03:06:00,S022,P324,1,1208.83,46.84,GBP,1161.99
TXN_005103,2024-03-05 02:33:00,S031,P658,8,811.85,12.36,USD,6482.4400000000005
TXN_005104,2024-03-01 11:28:00,S076,P130,6,1401.43,7.98,USD,8400.6
TXN_005105,2024-03-23 13:28:00,S097,P780,4,1241.03,8.76,EUR,4955.36
TXN_005106,2024-03-26 06:42:00,S007,P026,5,1329.15,2.5,USD,6643.25
TXN_005107,2024-03-17 19:34:00,S022,P424,7,1177.84,34.22,EUR,8210.66
TXN_005108,2024-03-19 19:39:00,S006,P631,7,1417.7,19.12,USD,9904.779999999999
TXN_005109,2024-03-19 18:30:00,S015,P789,7,672.93,2.66,USD,4707.849999999999
TXN_005110,2024-03-12 09:44:00,S033,P376,5,444.82,47.19,EUR,2176.91
TXN_005111,2024-03-19 07:15:00,S071,P371,8,381.57,18.17,GBP,3034.39
TXN_005112,2024-03-08 20:52:00,S091,P674,2,918.0,48.46,EUR,1787.54
TXN_005113,2024-03-02 08:50:00,S041,P481,4,442.17,38.58,EUR,1730.1000000000001
TXN_005114,2024-03-03 08:42:00,S100,P920,5,1016.34,45.17,GBP,5036.53
TXN_005115,2024-03-06 04:15:00,S042,P648,6,1430.54,42.47,GBP,8540.77
TXN_005116,2024-03-12 12:20:00,S076,P857,8,37.33,2.62,GBP,296.02
TXN_005117,2024-03-20 22:48:00,S046,P788,5,977.03,29.86,USD,4855.29
TXN_005118,2024-03-03 12:30:00,S074,P747,8,856.97,10.12,EUR,6845.64
TXN_005119,2024-03-03 00:43:00,S089,P091,8,349.19,49.89,USD,2743.63
TXN_005120,2024-03-07 05:00:00,S035,P264,9,867.9,37.86,USD,7773.24
TXN_005121,2024-03-24 03:41:00,S076,P715,1,732.5,19.38,GBP,713.12
TXN_005122,2024-03-03 02:40:00,S097,P556,4,366.24,44.24,EUR,1420.72
TXN_005123,2024-03-22 17:33:00,S041,P597,3,1052.79,14.23,USD,3144.14
TXN_005124,2024-03-26 09:31:00,S019,P269,6,112.63,21.98,EUR,653.8
TXN_005125,2024-03-24 23:13:00,S039,P802,5,1221.44,35.98,GBP,6071.220000000001
TXN_005126,2024-03-02 02:28:00,S025,P128,8,1273.88,30.16,USD,10160.880000000001
TXN_005127,2024-03-09 14:55:00,S033,P351,5,1472.72,5.88,USD,7357.72
TXN_005128,2024-03-19 05:19:00,S030,P818,2,559.44,12.79,USD,1106.0900000000001
TXN_005129,2024-03-14 10:37:00,S035,P056,9,204.28,35.18,USD,1803.34
TXN_005130,2024-03-18 23:14:00,S085,P027,7,1459.47,4.74,USD,10211.550000000001
TXN_005131,2024-03-04 11:32:00,S024,P255,3,1287.46,12.61,GBP,3849.77
TXN_005132,2024-03-28 08:05:00,S091,P425,5,746.12,0.1,USD,3730.5
TXN_005133,2024-03-15 19:46:00,S097,P368,3,583.55,18.61,USD,1732.04
TXN_005134,2024-03-04 09:55:00,S033,P500,2,1459.43,23.16,EUR,2895.7000000000003
TXN_005135,2024-03-27 22:55:00,S038,P839,2,401.56,10.24,USD,792.88
TXN_005136,2024-03-25 14:43:00,S006,P436,6,419.66,21.01,USD,2496.95
TXN_005137,2024-03-24 09:34:00,S038,P154,7,1190.6,3.37,EUR,8330.829999999998
TXN_005138,2024-03-09 10:44:00,S027,P464,5,1315.29,26.66,EUR,6549.79
TXN_005139,2024-03-08 04:35:00,S061,P836,8,625.52,30.18,USD,4973.98
TXN_005140,2024-03-03 09:24:00,S081,P869,8,393.78,22.01,EUR,3128.2299999999996
TXN_005141,2024-03-22 02:56:00,S092,P096,5,1108.79,9.17,GBP,5534.78
TXN_005142,2024-03-24 22:21:00,S003,P861,1,1251.23,21.26,EUR,1229.97
TXN_005143,2024-03-06 05:54:00,S038,P528,2,650.54,12.39,EUR,1288.6899999999998
TXN_005144,2024-03-21 00:38:00,S043,P889,3,117.87,39.46,GBP,314.15000000000003
TXN_005145,2024-03-22 04:36:00,S071,P778,7,999.04,4.35,EUR,6988.929999999999
TXN_005146,2024-03-02 13:17:00,S002,P826,8,655.34,42.76,USD,5199.96
TXN_005147,2024-03-20 01:09:00,S004,P124,8,1083.56,2.51,USD,8665.97
TXN_005148,2024-03-17 00:47:00,S042,P905,4,610.67,0.29,EUR,2442.39
TXN_005149,2024-03-11 02:45:00,S047,P126,8,716.06,22.37,USD,5706.11
TXN_005150,2024-03-06 10:40:00,S100,P364,4,523.15,29.55,GBP,2063.0499999999997
TXN_005151,2024-03-17 16:07:00,S004,P313,7,1496.53,6.87,USD,10468.839999999998
TXN_005152,2024-03-05 11:19:00,S041,P530,3,1482.0,36.16,USD,4409.84
TXN_005153,2024-03-25 12:19:00,S001,P327,3,1174.97,18.67,GBP,3506.24
TXN_005154,2024-03-30 20:07:00,S036,P350,5,797.83,32.08,EUR,3957.07
TXN_005155,2024-03-28 01:49:00,S048,P011,9,1037.36,11.05,USD,9325.19
TXN_005156,2024-03-06 10:41:00,S039,P848,7,1477.96,11.71,EUR,10334.010000000002
TXN_005157,2024-03-15 09:39:00,S061,P975,7,1017.71,29.7,EUR,7094.27
TXN_005158,2024-03-10 18:19:00,S034,P100,6,191.64,18.57,GBP,1131.27
TXN_005159,2024-03-12 14:11:00,S099,P154,1,1301.85,37.52,EUR,1264.33
TXN_005160,2024-03-03 01:20:00,S056,P080,6,810.82,27.83,EUR,4837.09
TXN_005161,2024-03-18 13:34:00,S080,P936,7,270.1,24.27,USD,1866.4300000000003
TXN_005162,2024-03-16 05:23:00,S060,P522,3,384.61,8.18,EUR,1145.6499999999999
TXN_005163,2024-03-01 08:03:00,S017,P246,1,1258.25,45.05,GBP,1213.2
TXN_005164,2024-03-16 04:44:00,S008,P447,9,491.66,14.86,GBP,4410.080000000001
TXN_005165,2024-03-08 11:18:00,S010,P792,1,464.41,2.4,EUR,462.01000000000005
TXN_005166,2024-03-21 05:30:00,S079,P833,6,784.23,38.5,USD,4666.88
TXN_005167,2024-03-30 19:12:00,S052,P544,7,533.81,29.2,EUR,3707.47
TXN_005168,2024-03-14 13:02:00,S019,P556,6,772.67,13.37,GBP,4622.65
TXN_005169,2024-03-30 21:53:00,S002,P840,8,1087.77,32.91,USD,8669.25
TXN_005170,2024-03-25 20:54:00,S077,P670,1,1439.71,0.72,GBP,1438.99
TXN_005171,2024-03-29 14:29:00,S085,P141,6,1302.09,31.55,EUR,7780.989999999999
TXN_005172,2024-03-06 17:19:00,S094,P193,9,130.26,18.55,EUR,1153.79
TXN_005173,2024-03-02 07:52:00,S097,P583,1,229.85,37.32,EUR,192.53
TXN_005174,2024-03-08 14:20:00,S088,P472,1,273.12,49.22,USD,223.9
TXN_005175,2024-03-23 13:50:00,S043,P142,7,906.3,12.71,EUR,6331.389999999999
TXN_005176,2024-03-03 12:40:00,S007,P249,6,152.05,23.61,GBP,888.69
TXN_005177,2024-03-01 19:10:00,S001,P318,4,758.48,24.69,EUR,3009.23
TXN_005178,2024-03-06 03:01:00,S047,P459,4,1313.52,23.74,EUR,5230.34
TXN_005179,2024-03-30 20:42:00,S077,P888,2,119.43,47.91,GBP,190.95000000000002
TXN_005180,2024-03-11 01:56:00,S012,P665,2,216.23,10.87,USD,421.59
TXN_005181,2024-03-06 04:43:00,S059,P795,3,930.93,14.66,USD,2778.13
TXN_005182,2024-03-22 23:37:00,S028,P896,8,285.24,13.93,USD,2267.9900000000002
TXN_005183,2024-03-22 15:59:00,S092,P330,3,994.61,35.72,USD,2948.11
TXN_005184,2024-03-25 12:38:00,S003,P895,2,894.07,14.23,USD,1773.91
TXN_005185,2024-03-05 23:52:00,S060,P956,3,776.54,31.54,GBP,2298.08
TXN_005186,2024-03-17 22:25:00,S075,P334,5,234.12,20.48,USD,1150.12
TXN_005187,2024-03-26 09:04:00,S050,P576,5,325.9,40.3,GBP,1589.2
TXN_005188,2024-03-28 23:11:00,S053,P343,9,656.56,16.05,GBP,5892.989999999999
TXN_005189,2024-03-21 16:35:00,S014,P627,1,528.5,40.1,USD,488.4
TXN_005190,2024-03-26 06:20:00,S082,P164,1,376.91,21.44,GBP,355.47
TXN_005191,2024-03-01 02:59:00,S029,P011,1,1490.82,16.95,EUR,1473.87
TXN_005192,2024-03-12 13:35:00,S062,P714,3,1231.47,32.52,GBP,3661.89
TXN_005193,2024-03-16 18:21:00,S044,P052,5,1201.05,2.68,USD,6002.57
TXN_005194,2024-03-22 03:10:00,S017,P977,2,742.84,5.24,EUR,1480.44
TXN_005195,2024-03-17 20:17:00,S018,P916,7,430.19,2.89,USD,3008.44
TXN_005196,2024-03-04 15:35:00,S080,P524,3,1410.0,29.37,USD,4200.63
TXN_005197,2024-03-08 20:05:00,S094,P314,9,1016.06,26.9,GBP,9117.64
TXN_005198,2024-03-20 09:09:00,S083,P704,7,1100.26,32.32,USD,7669.5
TXN_005199,2024-03-08 17:43:00,S089,P874,3,671.83,5.0,GBP,2010.4900000000002
TXN_005200,2024-03-28 06:55:00,S035,P010,8,171.86,7.02,USD,1367.8600000000001
TXN_005201,2024-03-24 05:14:00,S045,P883,7,1316.26,12.89,GBP,9200.93
TXN_005202,2024-03-21 20:04:00,S078,P221,9,55.22,35.62,GBP,461.36
TXN_005203,2024-03-16 13:42:00,S033,P108,5,705.0,2.39,EUR,3522.61
TXN_005204,2024-03-11 04:24:00,S080,P988,3,360.98,38.61,EUR,1044.3300000000002
TXN_005205,2024-03-24 16:19:00,S053,P587,2,109.32,30.52,EUR,188.11999999999998
TXN_005206,2024-03-06 19:14:00,S058,P505,2,777.06,44.65,GBP,1509.4699999999998
TXN_005207,2024-03-04 07:21:00,S047,P610,8,454.76,20.87,USD,3617.21
TXN_005208,2024-03-20 01:45:00,S090,P348,9,1372.0,3.18,USD,12344.82
TXN_005209,2024-03-24 18:50:00,S005,P097,2,1035.54,25.52,USD,2045.56
TXN_005210,2024-03-03 17:23:00,S094,P205,7,462.01,17.99,USD,3216.08
TXN_005211,2024-03-12 14:31:00,S067,P276,4,218.35,40.67,USD,832.73
TXN_005212,2024-03-26 13:16:00,S030,P240,4,596.51,26.98,EUR,2359.06
TXN_005213,2024-03-18 07:24:00,S025,P750,3,1390.25,39.96,GBP,4130.79
TXN_005214,2024-03-23 01:45:00,S092,P837,6,1189.01,32.77,GBP,7101.289999999999
TXN_005215,2024-03-19 08:00:00,S027,P500,8,917.96,29.97,EUR,7313.71
TXN_005216,2024-03-16 22:23:00,S087,P095,3,1426.36,16.26,GBP,4262.82
TXN_005217,2024-03-17 17:54:00,S078,P199,9,1389.71,33.23,EUR,12474.16
TXN_005218,2024-03-10 19:25:00,S082,P904,9,167.38,22.63,GBP,1483.79
TXN_005219,2024-03-21 15:55:00,S007,P585,1,774.32,43.72,GBP,730.6
TXN_005220,2024-03-01 07:29:00,S057,P346,2,368.46,15.74,GBP,721.18
TXN_005221,2024-03-27 08:04:00,S001,P747,6,694.61,29.54,EUR,4138.12
TXN_005222,2024-03-14 14:56:00,S083,P185,4,1266.24,49.99,USD,5014.97
TXN_005223,2024-03-23 22:29:00,S024,P235,2,1311.09,24.82,USD,2597.3599999999997
TXN_005224,2024-03-16 18:08:00,S051,P108,2,265.9,45.69,GBP,486.10999999999996
TXN_005225,2024-03-09 01:42:00,S078,P985,4,935.09,40.39,EUR,3699.9700000000003
TXN_005226,2024-03-23 23:24:00,S026,P229,8,340.36,43.3,EUR,2679.58
TXN_005227,2024-03-11 17:23:00,S048,P801,3,856.68,38.82,GBP,2531.22
TXN_005228,2024-03-04 10:23:00,S027,P621,9,505.1,13.77,EUR,4532.13
TXN_005229,2024-03-11 23:05:00,S100,P883,1,1269.3,2.62,GBP,1266.68
TXN_005230,2024-03-22 09:28:00,S026,P763,4,439.96,49.07,GBP,1710.77
TXN_005231,2024-03-23 20:34:00,S038,P618,7,182.79,0.83,EUR,1278.7
TXN_005232,2024-03-10 02:45:00,S046,P508,5,1225.8,39.45,USD,6089.55
TXN_005233,2024-03-12 11:17:00,S098,P090,9,1401.18,42.44,EUR,12568.18
TXN_005234,2024-03-09 18:21:00,S055,P669,9,1400.59,22.84,EUR,12582.47
TXN_005235,2024-03-09 05:12:00,S070,P441,9,820.43,2.63,GBP,7381.24
TXN_005236,2024-03-23 17:13:00,S019,P126,6,835.44,27.73,EUR,4984.910000000001
TXN_005237,2024-03-17 11:11:00,S054,P024,7,663.39,37.12,GBP,4606.61
TXN_005238,2024-03-16 11:24:00,S066,P566,7,1314.88,10.96,EUR,9193.2
TXN_005239,2024-03-26 13:43:00,S006,P564,7,974.67,38.75,GBP,6783.94
TXN_005240,2024-03-27 18:07:00,S074,P154,4,711.9,45.67,USD,2801.93
TXN_005241,2024-03-20 11:35:00,S048,P045,8,1024.34,19.31,USD,8175.409999999999
TXN_005242,2024-03-11 03:00:00,S080,P396,3,434.02,17.84,USD,1284.22
TXN_005243,2024-03-16 23:11:00,S035,P997,2,1036.32,13.74,EUR,2058.9
TXN_005244,2024-03-06 07:50:00,S065,P059,5,851.45,12.02,GBP,4245.23
TXN_005245,2024-03-18 10:00:00,S068,P383,5,1219.22,22.23,GBP,6073.870000000001
TXN_005246,2024-03-25 01:04:00,S037,P894,3,611.73,20.94,USD,1814.25
TXN_005247,2024-03-22 09:47:00,S002,P252,8,391.79,22.04,EUR,3112.28
TXN_005248,2024-03-11 20:05:00,S036,P594,5,421.68,49.52,EUR,2058.88
TXN_005249,2024-03-22 15:10:00,S014,P965,9,215.91,23.03,USD,1920.16
TXN_005250,2024-03-14 21:05:00,S061,P714,9,608.59,13.38,GBP,5463.93
TXN_005251,2024-03-09 00:47:00,S050,P059,9,717.26,17.11,GBP,6438.2300000000005
TXN_005252,2024-03-06 18:32:00,S054,P746,1,640.37,11.59,USD,628.78
TXN_005253,2024-03-14 22:46:00,S084,P324,5,619.12,42.57,GBP,3053.0299999999997
TXN_005254,2024-03-03 20:56:00,S037,P812,1,296.51,14.66,GBP,281.84999999999997
TXN_005255,2024-03-09 23:13:00,S077,P678,4,1345.77,24.12,USD,5358.96
TXN_005256,2024-03-27 06:02:00,S078,P991,6,1015.6,8.19,EUR,6085.410000000001
TXN_005257,2024-03-09 06:28:00,S073,P459,8,907.1,27.86,USD,7228.9400000000005
TXN_005258,2024-03-28 13:51:00,S035,P807,7,802.56,47.42,USD,5570.5
TXN_005259,2024-03-02 05:30:00,S054,P998,5,852.75,13.09,GBP,4250.66
TXN_005260,2024-03-14 11:36:00,S042,P728,5,1234.06,9.72,GBP,6160.579999999999
TXN_005261,2024-03-17 07:56:00,S010,P630,2,1415.67,4.38,GBP,2826.96
TXN_005262,2024-03-10 02:23:00,S002,P463,7,299.33,3.55,EUR,2091.7599999999998
TXN_005263,2024-03-21 20:41:00,S034,P654,8,1032.13,27.57,EUR,8229.470000000001
TXN_005264,2024-03-07 12:28:00,S083,P478,9,306.96,29.15,GBP,2733.49
TXN_005265,2024-03-21 10:23:00,S046,P716,2,757.89,0.68,USD,1515.1
TXN_005266,2024-03-22 12:51:00,S068,P264,3,414.13,2.45,EUR,1239.9399999999998
TXN_005267,2024-03-08 15:54:00,S004,P807,2,246.75,6.74,USD,486.76
TXN_005268,2024-03-04 07:33:00,S064,P118,5,224.05,27.46,EUR,1092.79
TXN_005269,2024-03-26 22:54:00,S066,P392,8,316.63,5.44,USD,2527.6
TXN_005270,2024-03-22 15:48:00,S088,P345,4,669.1,0.74,EUR,2675.6600000000003
TXN_005271,2024-03-03 12:41:00,S016,P570,8,758.59,44.07,GBP,6024.650000000001
TXN_005272,2024-03-21 20:57:00,S086,P305,8,1419.59,40.73,GBP,11315.99
TXN_005273,2024-03-23 02:34:00,S032,P695,2,1196.58,27.64,GBP,2365.52
TXN_005274,2024-03-10 02:20:00,S002,P934,7,711.4,25.83,USD,4953.97
TXN_005275,2024-03-19 01:08:00,S073,P556,8,1446.15,6.08,EUR,11563.12
TXN_005276,2024-03-22 14:25:00,S062,P510,9,913.32,28.28,USD,8191.600000000001
TXN_005277,2024-03-15 07:05:00,S054,P137,9,1497.61,18.79,USD,13459.699999999999
TXN_005278,2024-03-17 03:37:00,S073,P911,6,1111.12,35.39,GBP,6631.329999999999
TXN_005279,2024-03-15 07:14:00,S016,P1000,4,238.62,44.54,USD,909.94
TXN_005280,2024-03-12 16:16:00,S068,P802,1,1412.83,42.34,EUR,1370.49
TXN_005281,2024-03-14 15:33:00,S011,P835,8,706.79,9.39,GBP,5644.929999999999
TXN_005282,2024-03-11 19:32:00,S039,P872,5,1103.85,45.66,GBP,5473.59
TXN_005283,2024-03-20 16:00:00,S043,P192,9,1049.6,42.81,EUR,9403.59
TXN_005284,2024-03-20 12:13:00,S080,P426,7,1118.51,31.61,USD,7797.96
TXN_005285,2024-03-05 05:03:00,S077,P309,9,150.11,30.37,GBP,1320.6200000000003
TXN_005286,2024-03-03 09:03:00,S090,P467,7,760.55,23.91,GBP,5299.94
TXN_005287,2024-03-05 06:00:00,S063,P187,2,1234.78,47.31,GBP,2422.25
TXN_005288,2024-03-01 21:46:00,S061,P497,4,1352.52,43.55,EUR,5366.53
TXN_005289,2024-03-17 21:37:00,S010,P272,8,29.27,43.05,GBP,191.11
TXN_005290,2024-03-10 22:13:00,S060,P797,2,425.93,18.53,GBP,833.33
TXN_005291,2024-03-04 22:14:00,S085,P753,2,752.8,19.59,EUR,1486.01
TXN_005292,2024-03-22 06:36:00,S050,P414,1,10.86,35.03,USD,-24.17
TXN_005293,2024-03-14 23:59:00,S032,P024,5,918.88,11.0,GBP,4583.4
TXN_005294,2024-03-06 21:36:00,S073,P606,3,1104.24,45.77,EUR,3266.9500000000003
TXN_005295,2024-03-07 22:58:00,S095,P655,8,522.61,1.48,GBP,4179.400000000001
TXN_005296,2024-03-05 14:31:00,S046,P430,7,644.09,18.31,EUR,4490.32
TXN_005297,2024-03-02 00:12:00,S082,P452,9,422.93,2.95,USD,3803.42
TXN_005298,2024-03-24 01:55:00,S019,P620,3,1427.03,0.9,EUR,4280.1900000000005
TXN_005299,2024-03-28 06:36:00,S068,P265,8,395.72,9.79,USD,3155.9700000000003
TXN_005300,2024-03-05 19:47:00,S094,P046,9,985.67,46.43,EUR,8824.599999999999
TXN_005301,2024-03-24 00:43:00,S004,P556,4,451.0,32.99,EUR,1771.01
TXN_005302,2024-03-21 16:12:00,S051,P133,7,384.74,24.14,EUR,2669.0400000000004
TXN_005303,2024-03-06 10:53:00,S084,P310,2,1306.95,10.0,GBP,2603.9
TXN_005304,2024-03-25 04:09:00,S008,P141,4,1279.05,31.32,USD,5084.88
TXN_005305,2024-03-17 12:07:00,S015,P154,3,1294.47,26.94,EUR,3856.47
TXN_005306,2024-03-19 11:46:00,S082,P322,1,918.15,35.09,GBP,883.06
TXN_005307,2024-03-18 10:04:00,S098,P403,3,360.29,22.01,GBP,1058.8600000000001
TXN_005308,2024-03-08 09:30:00,S010,P038,3,264.72,27.63,EUR,766.5300000000001
TXN_005309,2024-03-30 11:16:00,S091,P596,1,673.33,18.77,GBP,654.5600000000001
TXN_005310,2024-03-07 07:53:00,S059,P354,7,846.84,0.59,EUR,5927.29
TXN_005311,2024-03-08 18:36:00,S036,P931,6,733.6,46.59,GBP,4355.01
TXN_005312,2024-03-13 03:20:00,S012,P089,2,34.47,5.34,USD,63.599999999999994
TXN_005313,2024-03-11 01:00:00,S038,P210,5,118.69,22.36,USD,571.09
TXN_005314,2024-03-20 08:47:00,S009,P678,2,761.17,16.41,GBP,1505.9299999999998
TXN_005315,2024-03-27 05:03:00,S044,P140,6,538.95,49.79,EUR,3183.9100000000003
TXN_005316,2024-03-21 10:50:00,S006,P484,9,869.29,0.43,EUR,7823.179999999999
TXN_005317,2024-03-09 18:22:00,S073,P078,7,1462.48,8.2,GBP,10229.16
TXN_005318,2024-03-26 23:07:00,S019,P586,2,708.38,33.52,GBP,1383.24
TXN_005319,2024-03-28 08:33:00,S080,P989,7,748.32,32.66,EUR,5205.580000000001
TXN_005320,2024-03-19 08:58:00,S002,P241,5,1440.04,16.22,GBP,7183.98
TXN_005321,2024-03-23 22:01:00,S054,P927,7,531.71,36.8,USD,3685.17
TXN_005322,2024-03-12 10:39:00,S070,P855,2,967.8,48.53,GBP,1887.07
TXN_005323,2024-03-14 00:20:00,S067,P755,1,560.1,20.43,USD,539.6700000000001
TXN_005324,2024-03-09 09:27:00,S096,P632,5,16.15,37.93,EUR,42.82
TXN_005325,2024-03-03 06:27:00,S042,P202,4,1277.41,31.94,USD,5077.700000000001
TXN_005326,2024-03-08 09:58:00,S073,P815,6,1121.51,41.46,GBP,6687.599999999999
TXN_005327,2024-03-07 22:09:00,S047,P437,4,1069.86,37.15,EUR,4242.29
TXN_005328,2024-03-04 08:36:00,S090,P396,2,117.2,31.26,EUR,203.14000000000001
TXN_005329,2024-03-18 08:10:00,S032,P490,7,597.36,42.65,EUR,4138.870000000001
TXN_005330,2024-03-12 04:31:00,S079,P717,1,164.22,14.13,EUR,150.09
TXN_005331,2024-03-07 07:10:00,S019,P073,3,354.24,32.33,EUR,1030.39
TXN_005332,2024-03-07 13:30:00,S007,P306,6,1144.55,24.46,EUR,6842.839999999999
TXN_005333,2024-03-23 18:58:00,S006,P804,9,302.21,22.88,EUR,2697.0099999999998
TXN_005334,2024-03-25 05:54:00,S047,P482,5,137.51,27.68,EUR,659.87
TXN_005335,2024-03-18 19:12:00,S044,P278,3,548.15,26.1,USD,1618.35
TXN_005336,2024-03-06 05:46:00,S071,P506,2,164.58,10.13,EUR,319.03000000000003
TXN_005337,2024-03-18 18:51:00,S068,P294,8,1499.67,44.58,EUR,11952.78
TXN_005338,2024-03-15 06:58:00,S071,P318,4,416.24,41.09,EUR,1623.8700000000001
TXN_005339,2024-03-27 02:09:00,S094,P179,6,645.26,3.61,EUR,3867.95
TXN_005340,2024-03-27 04:57:00,S003,P561,2,1061.19,49.57,GBP,2072.81
TXN_005341,2024-03-10 08:14:00,S052,P510,4,1259.64,41.85,EUR,4996.71
TXN_005342,2024-03-08 17:39:00,S068,P544,6,1311.88,25.77,EUR,7845.51
TXN_005343,2024-03-26 21:57:00,S011,P975,1,1233.91,39.81,EUR,1194.1000000000001
TXN_005344,2024-03-15 05:59:00,S059,P017,4,313.94,34.65,GBP,1221.11
TXN_005345,2024-03-19 08:10:00,S066,P776,3,741.08,5.54,GBP,2217.7000000000003
TXN_005346,2024-03-22 06:10:00,S013,P549,6,1007.04,39.75,GBP,6002.49
TXN_005347,2024-03-15 20:45:00,S016,P754,3,821.01,43.54,EUR,2419.49
TXN_005348,2024-03-17 21:35:00,S056,P124,1,333.35,0.89,GBP,332.46000000000004
TXN_005349,2024-03-13 22:27:00,S039,P352,5,783.3,38.91,USD,3877.59
TXN_005350,2024-03-17 15:35:00,S067,P249,1,447.77,44.7,EUR,403.07
TXN_005351,2024-03-21 02:12:00,S012,P051,6,173.38,36.51,GBP,1003.77
TXN_005352,2024-03-09 20:25:00,S017,P791,2,857.75,3.53,GBP,1711.97
TXN_005353,2024-03-19 22:40:00,S074,P772,1,1389.83,15.86,EUR,1373.97
TXN_005354,2024-03-16 04:54:00,S045,P412,1,702.84,35.61,USD,667.23
TXN_005355,2024-03-20 11:33:00,S093,P942,6,451.33,11.68,USD,2696.3
TXN_005356,2024-03-20 15:29:00,S073,P228,7,1153.51,25.23,EUR,8049.34
TXN_005357,2024-03-18 14:04:00,S013,P428,2,295.43,27.51,GBP,563.35
TXN_005358,2024-03-04 03:41:00,S092,P651,7,636.93,2.93,GBP,4455.579999999999
TXN_005359,2024-03-24 22:33:00,S068,P650,2,104.01,43.53,GBP,164.49
TXN_005360,2024-03-29 01:58:00,S097,P600,6,663.42,25.49,USD,3955.0299999999997
TXN_005361,2024-03-09 00:43:00,S004,P855,9,1406.65,3.67,EUR,12656.18
TXN_005362,2024-03-16 00:23:00,S040,P400,3,550.73,16.87,EUR,1635.3200000000002
TXN_005363,2024-03-05 00:32:00,S081,P185,5,151.12,14.93,EUR,740.6700000000001
TXN_005364,2024-03-15 05:25:00,S100,P884,4,1467.38,20.51,USD,5849.01
TXN_005365,2024-03-10 22:23:00,S065,P969,6,291.97,8.36,GBP,1743.4600000000003
TXN_005366,2024-03-20 07:09:00,S039,P631,4,941.17,4.26,GBP,3760.4199999999996
TXN_005367,2024-03-04 14:04:00,S064,P450,2,1441.11,39.8,USD,2842.4199999999996
TXN_005368,2024-03-27 01:09:00,S048,P735,1,1265.45,22.56,GBP,1242.89
TXN_005369,2024-03-01 19:04:00,S075,P076,9,15.71,48.13,EUR,93.26000000000002
TXN_005370,2024-03-08 19:20:00,S008,P859,8,40.46,41.52,USD,282.16
TXN_005371,2024-03-19 06:50:00,S013,P545,7,1000.84,19.41,USD,6986.47
TXN_005372,2024-03-26 10:23:00,S072,P541,2,1485.47,47.29,USD,2923.65
TXN_005373,2024-03-01 12:10:00,S064,P022,6,623.55,23.06,EUR,3718.24
TXN_005374,2024-03-30 05:19:00,S022,P020,2,673.92,17.29,USD,1330.55
TXN_005375,2024-03-24 01:38:00,S015,P457,3,982.85,37.97,EUR,2910.5800000000004
TXN_005376,2024-03-27 19:24:00,S023,P348,3,98.94,35.6,GBP,261.21999999999997
TXN_005377,2024-03-14 01:18:00,S011,P463,1,357.58,20.96,GBP,336.62
TXN_005378,2024-03-28 21:42:00,S083,P706,9,502.1,0.48,USD,4518.420000000001
TXN_005379,2024-03-14 08:18:00,S027,P075,9,631.69,6.56,EUR,5678.650000000001
TXN_005380,2024-03-14 06:12:00,S072,P088,4,312.82,29.79,GBP,1221.49
TXN_005381,2024-03-10 22:07:00,S073,P792,6,970.91,20.18,EUR,5805.28
TXN_005382,2024-03-22 12:18:00,S080,P054,6,1126.98,21.38,GBP,6740.5
TXN_005383,2024-03-17 02:48:00,S061,P452,4,889.19,3.67,USD,3553.09
TXN_005384,2024-03-16 00:39:00,S006,P645,8,631.88,14.85,EUR,5040.19
TXN_005385,2024-03-07 19:05:00,S092,P341,5,802.89,49.98,USD,3964.47
TXN_005386,2024-03-04 20:32:00,S004,P114,8,1095.46,8.75,USD,8754.93
TXN_005387,2024-03-13 16:57:00,S086,P307,9,822.65,7.49,GBP,7396.36
TXN_005388,2024-03-27 09:01:00,S063,P812,8,247.0,30.03,USD,1945.97
TXN_005389,2024-03-03 13:03:00,S023,P783,5,298.35,25.96,USD,1465.79
TXN_005390,2024-03-25 11:04:00,S042,P424,3,786.48,15.47,USD,2343.9700000000003
TXN_005391,2024-03-06 14:09:00,S056,P454,9,655.67,18.87,EUR,5882.16
TXN_005392,2024-03-10 11:25:00,S093,P270,6,13.9,45.82,EUR,37.580000000000005
TXN_005393,2024-03-28 04:44:00,S094,P461,6,1323.24,30.07,EUR,7909.370000000001
TXN_005394,2024-03-05 10:02:00,S043,P838,1,1441.16,27.74,EUR,1413.42
TXN_005395,2024-03-27 15:20:00,S004,P353,8,58.93,18.23,EUR,453.21
TXN_005396,2024-03-25 21:05:00,S076,P481,5,1145.09,4.99,USD,5720.46
TXN_005397,2024-03-06 05:22:00,S042,P275,6,1295.71,11.16,EUR,7763.1
TXN_005398,2024-03-04 16:46:00,S075,P592,5,219.12,3.93,USD,1091.6699999999998
TXN_005399,2024-03-01 10:48:00,S075,P166,2,989.96,45.51,GBP,1934.41
TXN_005400,2024-03-20 22:00:00,S023,P783,7,39.0,48.34,EUR,224.66
TXN_005401,2024-03-30 04:43:00,S061,P359,9,917.5,20.17,GBP,8237.33
TXN_005402,2024-03-17 21:13:00,S098,P675,3,510.45,4.59,GBP,1526.76
TXN_005403,2024-03-19 07:33:00,S005,P304,1,1497.73,27.99,EUR,1469.74
TXN_005404,2024-03-08 11:25:00,S019,P549,6,1193.06,9.01,USD,7149.349999999999
TXN_005405,2024-03-24 02:31:00,S011,P737,6,1222.47,4.02,USD,7330.799999999999
TXN_005406,2024-03-25 21:48:00,S009,P105,3,926.82,5.67,USD,2774.79
TXN_005407,2024-03-17 07:56:00,S048,P069,4,986.28,7.02,USD,3938.1
TXN_005408,2024-03-09 17:57:00,S051,P489,7,795.25,47.38,GBP,5519.37
TXN_005409,2024-03-23 23:50:00,S089,P335,7,389.84,28.07,GBP,2700.8099999999995
TXN_005410,2024-03-05 10:33:00,S045,P269,4,1399.55,11.04,USD,5587.16
TXN_005411,2024-03-02 16:52:00,S042,P484,5,1097.3,3.57,GBP,5482.93
TXN_005412,2024-03-11 20:36:00,S048,P986,7,845.39,42.77,GBP,5874.959999999999
TXN_005413,2024-03-24 04:07:00,S026,P805,6,417.46,49.82,GBP,2454.9399999999996
TXN_005414,2024-03-11 14:48:00,S021,P335,3,88.61,39.79,USD,226.04
TXN_005415,2024-03-27 07:57:00,S043,P683,3,1351.19,8.59,EUR,4044.98
TXN_005416,2024-03-09 18:37:00,S014,P973,8,530.34,18.99,GBP,4223.7300000000005
TXN_005417,2024-03-19 03:30:00,S075,P513,5,164.32,6.06,EUR,815.54
TXN_005418,2024-03-28 13:11:00,S067,P421,5,1375.14,40.2,GBP,6835.500000000001
TXN_005419,2024-03-15 13:22:00,S079,P652,5,1401.36,44.5,GBP,6962.299999999999
TXN_005420,2024-03-24 21:03:00,S044,P519,8,458.62,35.01,GBP,3633.95
TXN_005421,2024-03-18 14:01:00,S068,P117,8,1480.44,28.54,USD,11814.98
TXN_005422,2024-03-15 21:29:00,S064,P565,3,778.95,2.78,USD,2334.07
TXN_005423,2024-03-05 15:25:00,S036,P652,5,396.53,49.96,EUR,1932.6899999999998
TXN_005424,2024-03-09 11:29:00,S063,P851,8,620.86,17.11,GBP,4949.77
TXN_005425,2024-03-20 23:57:00,S069,P136,1,650.02,21.47,GBP,628.55
TXN_005426,2024-03-08 19:38:00,S091,P413,2,962.59,10.99,GBP,1914.19
TXN_005427,2024-03-19 23:29:00,S027,P746,8,333.46,37.53,USD,2630.1499999999996
TXN_005428,2024-03-03 19:10:00,S024,P682,6,442.21,19.45,GBP,2633.81
TXN_005429,2024-03-08 00:46:00,S012,P080,9,527.48,10.69,EUR,4736.63
TXN_005430,2024-03-30 23:51:00,S062,P180,2,616.91,30.03,USD,1203.79
TXN_005431,2024-03-19 12:21:00,S021,P826,4,614.4,6.95,GBP,2450.65
TXN_005432,2024-03-27 11:16:00,S026,P858,9,858.77,24.12,GBP,7704.81
TXN_005433,2024-03-09 23:46:00,S012,P690,3,1047.56,1.54,USD,3141.14
TXN_005434,2024-03-23 13:38:00,S016,P745,4,1333.61,37.24,USD,5297.2
TXN_005435,2024-03-11 13:30:00,S007,P787,9,1279.29,23.83,USD,11489.78
TXN_005436,2024-03-26 20:00:00,S058,P685,9,1071.14,0.16,GBP,9640.1
TXN_005437,2024-03-26 08:38:00,S079,P045,7,234.32,21.15,USD,1619.09
TXN_005438,2024-03-30 12:17:00,S085,P207,4,1392.17,45.13,GBP,5523.55
TXN_005439,2024-03-21 17:44:00,S098,P343,5,545.3,4.63,EUR,2721.87
TXN_005440,2024-03-17 19:11:00,S053,P945,6,951.7,21.82,GBP,5688.380000000001
TXN_005441,2024-03-03 00:47:00,S055,P247,4,1381.95,13.07,EUR,5514.7300000000005
TXN_005442,2024-03-15 08:50:00,S095,P583,1,125.05,7.71,EUR,117.34
TXN_005443,2024-03-10 00:17:00,S099,P680,4,1098.91,7.56,GBP,4388.08
TXN_005444,2024-03-10 20:18:00,S040,P456,2,1205.22,21.78,GBP,2388.66
TXN_005445,2024-03-25 08:13:00,S019,P349,2,666.26,6.83,USD,1325.69
TXN_005446,2024-03-26 16:34:00,S081,P289,6,787.08,48.15,EUR,4674.330000000001
TXN_005447,2024-03-29 05:05:00,S094,P331,6,137.6,10.41,USD,815.1899999999999
TXN_005448,2024-03-06 22:04:00,S001,P304,9,766.98,26.57,USD,6876.25
TXN_005449,2024-03-05 02:29:00,S009,P455,2,169.59,5.57,USD,333.61
TXN_005450,2024-03-10 08:38:00,S083,P105,8,440.07,22.04,EUR,3498.52
TXN_005451,2024-03-17 12:11:00,S099,P753,2,430.45,14.64,GBP,846.26
TXN_005452,2024-03-07 08:02:00,S004,P865,9,64.26,33.71,EUR,544.63
TXN_005453,2024-03-14 14:21:00,S085,P665,6,1380.95,36.7,GBP,8249.0
TXN_005454,2024-03-12 14:30:00,S037,P378,3,825.36,20.78,USD,2455.2999999999997
TXN_005455,2024-03-03 19:43:00,S020,P044,5,798.56,12.04,EUR,3980.7599999999998
TXN_005456,2024-03-25 05:32:00,S087,P327,8,459.28,19.2,USD,3655.04
TXN_005457,2024-03-14 20:20:00,S098,P670,3,1039.82,14.62,EUR,3104.84
TXN_005458,2024-03-24 02:58:00,S042,P146,6,219.07,13.63,EUR,1300.79
TXN_005459,2024-03-28 20:30:00,S051,P748,9,503.38,32.3,GBP,4498.12
TXN_005460,2024-03-02 18:56:00,S067,P473,8,269.82,21.59,GBP,2136.97
TXN_005461,2024-03-02 02:15:00,S023,P482,2,429.55,27.65,GBP,831.45
TXN_005462,2024-03-02 11:40:00,S052,P040,2,1447.06,22.7,GBP,2871.42
TXN_005463,2024-03-05 22:22:00,S057,P141,7,1232.4,37.48,EUR,8589.320000000002
TXN_005464,2024-03-17 09:58:00,S093,P503,8,979.68,46.31,EUR,7791.129999999999
TXN_005465,2024-03-23 16:38:00,S047,P630,6,452.17,0.96,EUR,2712.06
TXN_005466,2024-03-18 22:14:00,S064,P539,4,252.21,27.68,USD,981.1600000000001
TXN_005467,2024-03-28 06:14:00,S032,P669,4,601.76,49.03,GBP,2358.0099999999998
TXN_005468,2024-03-21 03:19:00,S077,P364,5,1338.29,38.93,USD,6652.5199999999995
TXN_005469,2024-03-14 21:37:00,S022,P035,8,1317.54,19.95,GBP,10520.369999999999
TXN_005470,2024-03-14 11:44:00,S009,P543,7,1073.66,38.63,GBP,7476.990000000001
TXN_005471,2024-03-02 02:57:00,S047,P136,1,1272.43,9.69,USD,1262.74
TXN_005472,2024-03-09 01:36:00,S045,P194,7,1110.28,18.26,EUR,7753.7
TXN_005473,2024-03-13 05:58:00,S001,P876,5,264.65,46.81,USD,1276.44
TXN_005474,2024-03-19 10:57:00,S095,P770,4,620.22,0.15,EUR,2480.73
TXN_005475,2024-03-01 15:37:00,S044,P590,2,514.47,19.84,EUR,1009.1
TXN_005476,2024-03-05 09:54:00,S050,P745,6,1183.59,27.67,EUR,7073.869999999999
TXN_005477,2024-03-01 12:09:00,S034,P321,6,1060.8,43.75,EUR,6321.049999999999
TXN_005478,2024-03-25 02:13:00,S012,P385,2,1002.88,42.81,GBP,1962.95
TXN_005479,2024-03-22 08:41:00,S015,P395,8,302.73,12.66,GBP,2409.1800000000003
TXN_005480,2024-03-02 15:24:00,S010,P936,1,145.21,48.06,USD,97.15
TXN_005481,2024-03-02 20:18:00,S055,P913,3,106.72,39.62,USD,280.53999999999996
TXN_005482,2024-03-25 01:02:00,S093,P540,8,944.86,29.47,USD,7529.41
TXN_005483,2024-03-08 08:44:00,S075,P495,7,902.33,36.22,USD,6280.09
TXN_005484,2024-03-29 13:13:00,S006,P631,5,468.07,12.6,EUR,2327.75
TXN_005485,2024-03-21 07:20:00,S038,P974,6,471.5,16.99,USD,2812.01
TXN_005486,2024-03-20 06:54:00,S082,P619,1,853.15,37.75,EUR,815.4
TXN_005487,2024-03-07 20:24:00,S024,P984,7,337.07,39.98,GBP,2319.5099999999998
TXN_005488,2024-03-02 19:00:00,S046,P828,2,591.07,37.54,GBP,1144.6000000000001
TXN_005489,2024-03-04 03:17:00,S020,P195,9,1223.13,42.58,USD,10965.590000000002
TXN_005490,2024-03-16 00:36:00,S057,P276,1,933.18,11.64,GBP,921.54
TXN_005491,2024-03-04 13:54:00,S054,P020,3,1344.82,7.71,GBP,4026.75
TXN_005492,2024-03-23 02:55:00,S026,P745,9,428.51,11.36,GBP,3845.23
TXN_005493,2024-03-18 14:22:00,S004,P606,8,1203.65,11.2,USD,9618.0
TXN_005494,2024-03-08 23:29:00,S035,P413,3,709.96,26.65,EUR,2103.23
TXN_005495,2024-03-07 14:47:00,S034,P411,5,217.54,22.33,EUR,1065.3700000000001
TXN_005496,2024-03-05 15:28:00,S044,P440,3,733.85,5.54,EUR,2196.01
TXN_005497,2024-03-26 19:53:00,S020,P889,5,1281.25,29.42,EUR,6376.83
TXN_005498,2024-03-18 21:54:00,S033,P147,5,1111.7,32.4,GBP,5526.1
TXN_005499,2024-03-02 04:15:00,S052,P593,5,422.97,40.1,USD,2074.7500000000005
TXN_005500,2024-03-23 18:30:00,S072,P950,6,1322.22,27.09,EUR,7906.23
TXN_005501,2024-03-20 16:17:00,S049,P896,7,1016.93,18.91,USD,7099.599999999999
TXN_005502,2024-03-15 10:51:00,S081,P668,9,1280.54,22.16,EUR,11502.7
TXN_005503,2024-03-30 07:28:00,S071,P299,3,1028.11,25.53,GBP,3058.7999999999997
TXN_005504,2024-03-16 03:29:00,S046,P902,4,1225.24,4.03,GBP,4896.93
TXN_005505,2024-03-10 01:27:00,S055,P125,3,351.55,6.65,USD,1048.0
TXN_005506,2024-03-08 22:18:00,S051,P232,9,932.95,9.01,EUR,8387.54
TXN_005507,2024-03-21 11:43:00,S046,P280,5,1495.9,21.33,EUR,7458.17
TXN_005508,2024-03-27 22:26:00,S056,P477,4,19.81,8.97,USD,70.27
TXN_005509,2024-03-25 08:14:00,S089,P582,4,840.16,15.58,EUR,3345.06
TXN_005510,2024-03-18 14:49:00,S012,P575,9,933.61,35.37,USD,8367.119999999999
TXN_005511,2024-03-24 10:18:00,S092,P012,7,1425.41,14.51,GBP,9963.36
TXN_005512,2024-03-15 05:16:00,S037,P751,4,237.0,17.13,USD,930.87
TXN_005513,2024-03-09 10:08:00,S042,P066,2,827.96,42.23,EUR,1613.69
TXN_005514,2024-03-08 12:06:00,S048,P550,2,903.31,36.29,GBP,1770.33
TXN_005515,2024-03-12 17:50:00,S086,P472,9,1164.65,9.39,USD,10472.460000000001
TXN_005516,2024-03-26 14:57:00,S009,P579,1,1268.53,9.14,EUR,1259.3899999999999
TXN_005517,2024-03-13 08:17:00,S008,P717,2,898.31,5.36,GBP,1791.26
TXN_005518,2024-03-13 09:05:00,S038,P873,6,1494.25,28.62,USD,8936.88
TXN_005519,2024-03-14 17:48:00,S066,P650,3,817.88,2.05,EUR,2451.5899999999997
TXN_005520,2024-03-02 13:57:00,S021,P632,4,1045.46,0.23,EUR,4181.610000000001
TXN_005521,2024-03-24 18:12:00,S003,P890,2,1476.47,29.13,GBP,2923.81
TXN_005522,2024-03-24 10:03:00,S005,P285,3,241.56,3.91,GBP,720.7700000000001
TXN_005523,2024-03-07 06:26:00,S077,P398,8,681.2,7.72,GBP,5441.88
TXN_005524,2024-03-13 02:58:00,S061,P659,4,1031.11,36.13,USD,4088.3099999999995
TXN_005525,2024-03-29 12:59:00,S088,P999,1,553.68,17.54,EUR,536.14
TXN_005526,2024-03-23 23:30:00,S093,P024,6,813.93,19.08,USD,4864.5
TXN_005527,2024-03-03 02:15:00,S043,P233,2,1344.49,2.01,GBP,2686.97
TXN_005528,2024-03-16 22:05:00,S041,P076,9,443.76,49.62,EUR,3944.2200000000003
TXN_005529,2024-03-16 01:48:00,S009,P609,6,1110.33,43.94,USD,6618.04
TXN_005530,2024-03-06 22:20:00,S069,P471,8,761.79,7.6,GBP,6086.719999999999
TXN_005531,2024-03-15 11:52:00,S092,P166,8,799.95,41.33,GBP,6358.27
TXN_005532,2024-03-07 06:53:00,S030,P450,3,841.71,20.07,GBP,2505.06
TXN_005533,2024-03-02 04:42:00,S065,P403,2,483.0,43.02,USD,922.98
TXN_005534,2024-03-09 17:45:00,S023,P190,3,1115.48,30.98,USD,3315.46
TXN_005535,2024-03-28 20:04:00,S028,P668,5,648.48,48.5,EUR,3193.9
TXN_005536,2024-03-01 19:11:00,S032,P917,1,114.47,27.3,GBP,87.17
TXN_005537,2024-03-04 12:38:00,S055,P537,2,314.57,46.68,GBP,582.46
TXN_005538,2024-03-05 12:08:00,S006,P066,8,49.53,3.39,GBP,392.85
TXN_005539,2024-03-08 02:07:00,S038,P990,7,718.76,7.55,USD,5023.7699999999995
TXN_005540,2024-03-30 15:18:00,S033,P666,4,1372.17,35.7,GBP,5452.9800000000005
TXN_005541,2024-03-25 22:18:00,S034,P894,5,743.44,6.54,GBP,3710.6600000000003
TXN_005542,2024-03-23 11:42:00,S092,P943,4,896.17,38.64,EUR,3546.04
TXN_005543,2024-03-02 16:13:00,S091,P116,3,452.97,33.73,EUR,1325.18
TXN_005544,2024-03-05 23:10:00,S099,P166,4,1023.44,16.55,EUR,4077.21
TXN_005545,2024-03-08 00:27:00,S085,P563,1,642.95,8.17,EUR,634.7800000000001
TXN_005546,2024-03-15 13:44:00,S007,P880,4,335.57,6.92,EUR,1335.36
TXN_005547,2024-03-06 17:26:00,S033,P537,6,323.87,35.04,GBP,1908.18
TXN_005548,2024-03-05 11:06:00,S094,P314,7,1239.93,26.29,EUR,8653.22
TXN_005549,2024-03-23 04:02:00,S063,P626,8,1447.85,47.17,USD,11535.63
TXN_005550,2024-03-21 13:08:00,S046,P701,7,1236.15,43.34,GBP,8609.710000000001
TXN_005551,2024-03-13 20:11:00,S029,P737,9,303.9,48.53,GBP,2686.5699999999997
TXN_005552,2024-03-22 15:04:00,S023,P347,2,1295.95,42.49,GBP,2549.4100000000003
TXN_005553,2024-03-24 12:25:00,S014,P417,2,95.52,4.06,GBP,186.98
TXN_005554,2024-03-08 14:00:00,S052,P390,1,967.52,27.79,GBP,939.73
TXN_005555,2024-03-13 07:33:00,S032,P490,7,645.99,10.31,EUR,4511.62
TXN_005556,2024-03-28 09:13:00,S033,P856,7,46.23,12.57,EUR,311.03999999999996
TXN_005557,2024-03-02 03:24:00,S053,P503,5,540.97,47.96,EUR,2656.8900000000003
TXN_005558,2024-03-27 04:25:00,S057,P006,3,1360.57,28.96,USD,4052.75
TXN_005559,2024-03-23 17:13:00,S071,P476,4,483.15,43.53,EUR,1889.07
TXN_005560,2024-03-12 05:33:00,S024,P809,6,665.38,13.13,USD,3979.1499999999996
TXN_005561,2024-03-23 05:42:00,S024,P469,4,1110.16,5.88,GBP,4434.76
TXN_005562,2024-03-02 20:00:00,S040,P186,1,796.86,49.52,USD,747.34
TXN_005563,2024-03-05 11:10:00,S045,P194,6,314.2,48.24,GBP,1836.9599999999998
TXN_005564,2024-03-25 22:07:00,S089,P824,6,693.85,20.61,EUR,4142.490000000001
TXN_005565,2024-03-27 00:40:00,S043,P440,6,225.6,5.4,GBP,1348.1999999999998
TXN_005566,2024-03-04 00:00:00,S074,P917,8,1454.18,21.26,EUR,11612.18
TXN_005567,2024-03-12 16:02:00,S031,P639,7,309.6,0.94,EUR,2166.26
TXN_005568,2024-03-16 21:36:00,S050,P980,3,117.48,42.48,GBP,309.96
TXN_005569,2024-03-06 13:07:00,S014,P313,5,724.16,24.72,GBP,3596.08
TXN_005570,2024-03-06 19:55:00,S054,P486,7,428.9,20.48,USD,2981.8199999999997
TXN_005571,2024-03-11 04:12:00,S095,P707,9,810.27,22.1,EUR,7270.33
TXN_005572,2024-03-29 08:53:00,S029,P204,4,73.89,8.41,USD,287.15
TXN_005573,2024-03-19 14:05:00,S048,P377,9,1017.76,1.01,EUR,9158.83
TXN_005574,2024-03-04 16:45:00,S016,P894,1,327.95,28.28,EUR,299.66999999999996
TXN_005575,2024-03-02 04:22:00,S028,P728,5,290.77,39.64,EUR,1414.2099999999998
TXN_005576,2024-03-11 02:41:00,S033,P414,1,109.2,31.86,EUR,77.34
TXN_005577,2024-03-23 01:18:00,S022,P900,3,1387.9,1.07,GBP,4162.630000000001
TXN_005578,2024-03-30 07:37:00,S084,P409,2,960.65,10.47,USD,1910.83
TXN_005579,2024-03-05 11:24:00,S096,P035,2,774.05,23.28,GBP,1524.82
TXN_005580,2024-03-07 22:02:00,S048,P431,1,176.52,32.95,GBP,143.57
TXN_005581,2024-03-27 23:28:00,S091,P377,4,552.57,13.92,EUR,2196.36
TXN_005582,2024-03-15 09:03:00,S091,P129,5,761.8,11.06,EUR,3797.94
TXN_005583,2024-03-09 02:47:00,S098,P787,7,177.79,25.05,GBP,1219.48
TXN_005584,2024-03-18 23:43:00,S006,P399,4,1264.96,8.76,EUR,5051.08
TXN_005585,2024-03-21 01:17:00,S010,P591,8,44.2,6.27,USD,347.33000000000004
TXN_005586,2024-03-26 20:49:00,S099,P789,6,100.5,31.44,EUR,571.56
TXN_005587,2024-03-02 14:04:00,S037,P486,4,1388.72,40.98,GBP,5513.900000000001
TXN_005588,2024-03-25 05:38:00,S052,P077,8,337.22,9.01,USD,2688.75
TXN_005589,2024-03-14 22:22:00,S069,P630,8,644.03,37.79,EUR,5114.45
TXN_005590,2024-03-26 07:13:00,S008,P209,2,361.07,36.83,USD,685.31
TXN_005591,2024-03-26 22:16:00,S048,P482,9,1188.27,40.62,EUR,10653.81
TXN_005592,2024-03-30 16:48:00,S058,P115,8,189.49,0.84,EUR,1515.0800000000002
TXN_005593,2024-03-26 05:24:00,S009,P876,2,650.5,13.09,EUR,1287.91
TXN_005594,2024-03-02 15:43:00,S008,P429,2,737.98,6.35,USD,1469.6100000000001
TXN_005595,2024-03-27 21:22:00,S097,P600,9,827.82,45.24,EUR,7405.14
TXN_005596,2024-03-24 15:39:00,S075,P477,3,52.03,38.56,USD,117.53
TXN_005597,2024-03-12 14:44:00,S062,P424,3,19.36,8.52,GBP,49.56
TXN_005598,2024-03-24 12:19:00,S051,P175,7,110.05,32.28,EUR,738.07
TXN_005599,2024-03-15 03:07:00,S060,P622,2,804.9,27.59,USD,1582.21
TXN_005600,2024-03-29 14:45:00,S042,P097,4,101.68,11.85,GBP,394.87
TXN_005601,2024-03-20 09:16:00,S023,P113,9,997.71,0.11,EUR,8979.279999999999
TXN_005602,2024-03-14 08:53:00,S093,P167,8,1301.64,45.2,GBP,10367.92
TXN_005603,2024-03-06 18:34:00,S007,P532,8,397.68,22.89,EUR,3158.55
TXN_005604,2024-03-25 14:51:00,S053,P823,5,675.67,16.61,USD,3361.74
TXN_005605,2024-03-11 03:40:00,S095,P677,9,1311.58,44.96,GBP,11759.26
TXN_005606,2024-03-01 05:29:00,S044,P647,1,229.24,23.24,USD,206.0
TXN_005607,2024-03-14 21:02:00,S035,P854,8,296.77,37.79,USD,2336.37
TXN_005608,2024-03-08 21:13:00,S080,P363,9,178.02,40.17,EUR,1562.01
TXN_005609,2024-03-20 11:14:00,S073,P687,5,1455.1,8.08,USD,7267.42
TXN_005610,2024-03-12 19:49:00,S014,P129,8,532.25,42.45,EUR,4215.55
TXN_005611,2024-03-10 14:46:00,S053,P961,1,1018.48,40.98,USD,977.5
TXN_005612,2024-03-07 05:53:00,S070,P507,9,1240.96,2.86,EUR,11165.779999999999
TXN_005613,2024-03-05 13:08:00,S046,P477,8,1370.3,48.96,GBP,10913.44
TXN_005614,2024-03-26 12:39:00,S091,P953,1,832.96,2.47,USD,830.49
TXN_005615,2024-03-07 23:53:00,S080,P846,2,1127.57,39.51,EUR,2215.6299999999997
TXN_005616,2024-03-09 12:39:00,S047,P245,4,698.19,0.94,GBP,2791.82
TXN_005617,2024-03-17 16:47:00,S006,P075,3,413.45,16.24,USD,1224.11
TXN_005618,2024-03-27 03:44:00,S028,P908,3,538.96,13.91,USD,1602.97
TXN_005619,2024-03-26 20:57:00,S060,P822,7,366.06,40.82,USD,2521.6
TXN_005620,2024-03-12 02:02:00,S041,P771,7,1144.98,35.67,USD,7979.1900000000005
TXN_005621,2024-03-24 10:40:00,S041,P006,4,1016.38,35.88,GBP,4029.64
TXN_005622,2024-03-28 21:34:00,S067,P016,7,328.38,29.62,USD,2269.04
TXN_005623,2024-03-19 18:28:00,S030,P885,2,667.75,2.95,GBP,1332.55
TXN_005624,2024-03-18 00:29:00,S017,P317,6,679.15,16.32,EUR,4058.5799999999995
TXN_005625,2024-03-09 04:42:00,S052,P427,6,545.14,5.17,EUR,3265.67
TXN_005626,2024-03-30 02:11:00,S073,P336,7,1391.8,30.28,GBP,9712.32
TXN_005627,2024-03-18 02:33:00,S067,P454,4,853.04,19.14,USD,3393.02
TXN_005628,2024-03-09 19:19:00,S032,P254,2,1071.28,39.17,USD,2103.39
TXN_005629,2024-03-16 03:11:00,S020,P640,8,45.05,30.63,GBP,329.77
TXN_005630,2024-03-02 05:08:00,S048,P351,6,373.76,46.97,USD,2195.59
TXN_005631,2024-03-13 18:50:00,S016,P203,3,1159.09,29.83,GBP,3447.4399999999996
TXN_005632,2024-03-09 05:09:00,S032,P307,2,515.99,43.81,GBP,988.1700000000001
TXN_005633,2024-03-23 22:11:00,S084,P074,1,923.5,6.14,USD,917.36
TXN_005634,2024-03-25 22:03:00,S075,P371,5,549.19,20.98,GBP,2724.9700000000003
TXN_005635,2024-03-20 21:14:00,S009,P595,9,473.21,31.24,GBP,4227.65
TXN_005636,2024-03-17 16:25:00,S025,P716,8,552.27,20.19,EUR,4397.97
TXN_005637,2024-03-16 07:07:00,S099,P005,7,942.84,7.03,EUR,6592.85
TXN_005638,2024-03-13 12:59:00,S049,P309,6,822.05,0.97,GBP,4931.329999999999
TXN_005639,2024-03-28 09:11:00,S034,P808,6,224.62,49.06,EUR,1298.66
TXN_005640,2024-03-07 20:44:00,S056,P056,1,44.97,41.78,EUR,3.1899999999999977
TXN_005641,2024-03-09 13:33:00,S009,P483,2,1075.0,9.97,EUR,2140.03
TXN_005642,2024-03-01 16:06:00,S040,P588,5,1192.41,12.27,EUR,5949.78
TXN_005643,2024-03-29 06:50:00,S015,P616,2,471.21,38.93,EUR,903.49
TXN_005644,2024-03-11 19:47:00,S047,P714,2,665.53,31.79,GBP,1299.27
TXN_005645,2024-03-06 23:58:00,S066,P174,7,78.46,44.61,USD,504.6099999999999
TXN_005646,2024-03-23 15:04:00,S020,P670,4,1128.3,6.55,GBP,4506.65
TXN_005647,2024-03-13 20:02:00,S026,P314,2,1151.56,28.67,GBP,2274.45
TXN_005648,2024-03-21 06:08:00,S005,P948,1,80.47,45.42,GBP,35.05
TXN_005649,2024-03-15 06:19:00,S075,P947,9,1157.72,13.52,EUR,10405.96
TXN_005650,2024-03-26 05:48:00,S077,P289,8,634.41,39.49,USD,5035.79
TXN_005651,2024-03-11 10:28:00,S026,P168,5,669.67,13.04,EUR,3335.31
TXN_005652,2024-03-23 17:06:00,S013,P264,4,452.15,26.67,EUR,1781.9299999999998
TXN_005653,2024-03-29 17:51:00,S062,P643,2,692.05,2.34,USD,1381.76
TXN_005654,2024-03-28 08:54:00,S025,P176,1,1287.23,9.9,EUR,1277.33
TXN_005655,2024-03-01 14:22:00,S016,P357,7,195.33,31.61,USD,1335.7000000000003
TXN_005656,2024-03-15 06:42:00,S045,P359,5,1345.7,42.59,EUR,6685.91
TXN_005657,2024-03-07 10:02:00,S034,P140,8,856.43,1.93,EUR,6849.509999999999
TXN_005658,2024-03-12 16:58:00,S051,P386,9,743.63,8.85,USD,6683.82
TXN_005659,2024-03-11 14:26:00,S083,P854,4,1223.8,37.81,GBP,4857.389999999999
TXN_005660,2024-03-30 03:39:00,S030,P033,6,257.43,27.84,EUR,1516.74
TXN_005661,2024-03-22 14:01:00,S084,P121,7,757.18,41.02,EUR,5259.239999999999
TXN_005662,2024-03-19 13:57:00,S036,P670,9,1047.84,7.01,USD,9423.55
TXN_005663,2024-03-27 17:40:00,S034,P994,8,720.02,48.83,EUR,5711.33
TXN_005664,2024-03-28 05:23:00,S029,P807,4,510.71,35.64,USD,2007.1999999999998
TXN_005665,2024-03-21 09:20:00,S044,P068,6,1428.87,41.63,EUR,8531.59
TXN_005666,2024-03-23 17:53:00,S018,P728,7,1044.91,39.13,USD,7275.240000000001
TXN_005667,2024-03-29 00:33:00,S011,P931,6,48.91,16.04,GBP,277.41999999999996
TXN_005668,2024-03-14 10:25:00,S089,P521,3,1080.06,0.39,USD,3239.79
TXN_005669,2024-03-22 04:21:00,S082,P028,2,605.34,49.9,GBP,1160.78
TXN_005670,2024-03-30 20:07:00,S047,P703,3,632.25,33.43,EUR,1863.32
TXN_005671,2024-03-05 08:21:00,S055,P860,3,1311.1,16.94,EUR,3916.3599999999997
TXN_005672,2024-03-12 01:45:00,S048,P399,1,622.21,29.7,EUR,592.51
TXN_005673,2024-03-14 21:41:00,S093,P679,5,1173.05,23.73,GBP,5841.52
TXN_005674,2024-03-11 07:18:00,S079,P402,4,107.83,28.72,EUR,402.6
TXN_005675,2024-03-01 07:34:00,S081,P118,4,890.12,10.1,GBP,3550.38
TXN_005676,2024-03-24 05:26:00,S006,P740,4,1045.68,35.04,EUR,4147.68
TXN_005677,2024-03-27 23:35:00,S053,P069,8,32.12,8.65,USD,248.30999999999997
TXN_005678,2024-03-07 07:46:00,S094,P903,5,1115.52,36.63,GBP,5540.97
TXN_005679,2024-03-20 11:45:00,S050,P767,7,64.88,19.49,USD,434.66999999999996
TXN_005680,2024-03-18 17:16:00,S049,P273,5,860.15,46.78,USD,4253.97
TXN_005681,2024-03-26 02:58:00,S077,P176,6,1462.2,2.79,EUR,8770.41
TXN_005682,2024-03-06 09:51:00,S098,P484,6,523.23,9.91,USD,3129.4700000000003
TXN_005683,2024-03-08 07:39:00,S080,P165,6,734.74,39.59,GBP,4368.85
TXN_005684,2024-03-17 14:53:00,S024,P025,3,1095.31,31.13,GBP,3254.7999999999997
TXN_005685,2024-03-18 09:10:00,S051,P044,3,900.39,27.32,USD,2673.85
TXN_005686,2024-03-08 09:20:00,S021,P091,2,522.49,13.77,EUR,1031.21
TXN_005687,2024-03-02 13:36:00,S099,P296,5,103.74,13.42,GBP,505.2799999999999
TXN_005688,2024-03-27 14:00:00,S098,P254,8,1350.01,23.51,EUR,10776.57
TXN_005689,2024-03-06 04:17:00,S014,P904,8,1156.92,31.58,EUR,9223.78
TXN_005690,2024-03-07 12:32:00,S009,P733,6,837.44,2.55,EUR,5022.09
TXN_005691,2024-03-06 11:21:00,S044,P139,2,448.58,23.27,USD,873.89
TXN_005692,2024-03-30 07:59:00,S092,P309,2,1188.2,22.57,EUR,2353.83
TXN_005693,2024-03-14 17:00:00,S039,P692,9,709.43,24.24,EUR,6360.63
TXN_005694,2024-03-21 02:43:00,S064,P031,1,479.26,18.57,EUR,460.69
TXN_005695,2024-03-02 15:42:00,S098,P648,9,207.14,34.33,GBP,1829.9299999999998
TXN_005696,2024-03-16 20:30:00,S013,P024,5,708.64,11.08,GBP,3532.12
TXN_005697,2024-03-30 23:18:00,S034,P495,9,1486.41,30.61,EUR,13347.08
TXN_005698,2024-03-06 07:33:00,S037,P584,6,347.27,39.33,EUR,2044.29
TXN_005699,2024-03-20 22:26:00,S054,P700,1,1486.69,33.88,EUR,1452.81
TXN_005700,2024-03-01 08:28:00,S100,P149,2,1430.42,1.1,GBP,2859.7400000000002
TXN_005701,2024-03-09 09:42:00,S088,P646,4,1493.44,4.55,EUR,5969.21
TXN_005702,2024-03-09 14:02:00,S100,P895,3,423.34,24.49,USD,1245.53
TXN_005703,2024-03-03 11:06:00,S012,P095,8,491.39,25.97,EUR,3905.15
TXN_005704,2024-03-26 19:33:00,S010,P471,6,1311.57,25.04,USD,7844.38
TXN_005705,2024-03-25 20:18:00,S017,P939,4,136.86,45.44,USD,502.00000000000006
TXN_005706,2024-03-08 13:27:00,S016,P070,7,1333.12,5.05,EUR,9326.79
TXN_005707,2024-03-20 14:50:00,S006,P368,1,674.47,40.15,GBP,634.32
TXN_005708,2024-03-21 11:04:00,S021,P886,7,1216.7,44.61,EUR,8472.289999999999
TXN_005709,2024-03-18 01:51:00,S001,P364,6,501.93,16.59,USD,2994.99
TXN_005710,2024-03-19 19:27:00,S093,P263,4,1332.29,49.64,USD,5279.5199999999995
TXN_005711,2024-03-26 15:05:00,S040,P790,4,1365.26,28.65,GBP,5432.39
TXN_005712,2024-03-07 12:36:00,S068,P693,6,224.35,48.33,USD,1297.77
TXN_005713,2024-03-05 17:23:00,S057,P077,1,95.53,16.38,GBP,79.15
TXN_005714,2024-03-19 23:48:00,S032,P595,1,17.69,36.31,GBP,-18.62
TXN_005715,2024-03-07 08:11:00,S042,P954,7,878.68,30.81,GBP,6119.949999999999
TXN_005716,2024-03-15 17:22:00,S003,P511,7,762.43,0.4,GBP,5336.61
TXN_005717,2024-03-13 09:26:00,S088,P289,9,151.52,33.73,GBP,1329.95
TXN_005718,2024-03-02 02:33:00,S093,P136,2,161.88,17.51,USD,306.25
TXN_005719,2024-03-26 06:47:00,S095,P686,3,122.49,22.84,EUR,344.63
TXN_005720,2024-03-28 05:55:00,S045,P584,7,1436.81,20.67,USD,10037.0
TXN_005721,2024-03-06 09:34:00,S065,P579,1,978.87,34.55,USD,944.32
TXN_005722,2024-03-11 20:14:00,S086,P052,4,1241.66,38.43,USD,4928.21
TXN_005723,2024-03-05 08:12:00,S083,P194,8,478.45,38.15,EUR,3789.45
TXN_005724,2024-03-16 05:42:00,S090,P869,5,1242.47,38.57,USD,6173.780000000001
TXN_005725,2024-03-11 01:27:00,S077,P242,4,387.38,20.64,USD,1528.8799999999999
TXN_005726,2024-03-09 04:51:00,S014,P930,2,717.29,49.99,EUR,1384.59
TXN_005727,2024-03-05 00:04:00,S065,P113,8,620.27,24.5,GBP,4937.66
TXN_005728,2024-03-07 18:22:00,S079,P362,1,481.39,12.3,EUR,469.09
TXN_005729,2024-03-27 17:58:00,S050,P271,5,562.62,8.67,USD,2804.43
TXN_005730,2024-03-23 06:44:00,S037,P524,4,359.46,11.1,USD,1426.74
TXN_005731,2024-03-17 01:22:00,S093,P365,2,569.93,12.28,GBP,1127.58
TXN_005732,2024-03-14 07:25:00,S072,P027,9,57.76,2.15,EUR,517.69
TXN_005733,2024-03-10 02:07:00,S074,P761,4,1472.95,41.08,GBP,5850.72
TXN_005734,2024-03-19 21:26:00,S035,P536,5,1257.84,4.31,EUR,6284.889999999999
TXN_005735,2024-03-21 09:36:00,S059,P696,5,836.47,26.89,USD,4155.46
TXN_005736,2024-03-24 08:32:00,S067,P585,3,409.27,14.71,EUR,1213.1
TXN_005737,2024-03-20 14:06:00,S050,P169,2,1394.31,5.44,USD,2783.18
TXN_005738,2024-03-08 05:08:00,S019,P785,5,308.82,8.69,USD,1535.4099999999999
TXN_005739,2024-03-14 12:22:00,S095,P986,8,437.75,32.14,USD,3469.86
TXN_005740,2024-03-14 19:58:00,S022,P217,7,486.66,12.82,EUR,3393.8
TXN_005741,2024-03-21 06:36:00,S044,P257,1,510.81,17.67,USD,493.14
TXN_005742,2024-03-24 15:30:00,S051,P421,3,14.18,12.59,EUR,29.95
TXN_005743,2024-03-29 19:14:00,S057,P884,2,963.91,36.18,GBP,1891.6399999999999
TXN_005744,2024-03-28 09:04:00,S022,P924,7,1041.51,12.89,USD,7277.679999999999
TXN_005745,2024-03-05 22:39:00,S052,P639,6,521.68,1.76,EUR,3128.3199999999997
TXN_005746,2024-03-06 16:09:00,S036,P190,1,729.42,33.73,EUR,695.6899999999999
TXN_005747,2024-03-18 11:49:00,S058,P724,9,964.12,10.56,USD,8666.52
TXN_005748,2024-03-04 11:53:00,S084,P979,9,243.29,2.95,GBP,2186.6600000000003
TXN_005749,2024-03-12 00:49:00,S021,P355,6,123.69,21.36,GBP,720.78
TXN_005750,2024-03-10 09:08:00,S061,P906,6,1419.25,3.98,EUR,8511.52
TXN_005751,2024-03-17 22:09:00,S031,P626,4,218.89,42.31,GBP,833.25
TXN_005752,2024-03-29 00:59:00,S044,P064,3,1344.56,24.95,EUR,4008.73
TXN_005753,2024-03-29 07:45:00,S003,P169,1,989.1,23.37,EUR,965.73
TXN_005754,2024-03-26 02:57:00,S026,P916,2,1249.12,10.71,GBP,2487.5299999999997
TXN_005755,2024-03-25 06:18:00,S054,P293,7,42.22,2.03,GBP,293.51
TXN_005756,2024-03-24 13:29:00,S084,P666,1,1179.78,4.98,USD,1174.8
TXN_005757,2024-03-29 13:55:00,S080,P769,9,1480.41,41.99,USD,13281.7
TXN_005758,2024-03-25 00:59:00,S001,P642,4,580.31,29.31,EUR,2291.93
TXN_005759,2024-03-23 22:36:00,S097,P106,2,82.99,1.75,USD,164.23
TXN_005760,2024-03-30 02:51:00,S018,P353,8,944.31,17.02,EUR,7537.459999999999
TXN_005761,2024-03-12 05:37:00,S011,P026,6,1457.03,26.35,GBP,8715.83
TXN_005762,2024-03-19 04:24:00,S017,P159,5,1167.93,1.46,GBP,5838.1900000000005
TXN_005763,2024-03-02 02:13:00,S034,P290,7,745.78,48.84,USD,5171.62
TXN_005764,2024-03-15 22:25:00,S014,P143,6,201.54,27.13,EUR,1182.11
TXN_005765,2024-03-10 07:27:00,S050,P199,5,1155.94,31.99,USD,5747.710000000001
TXN_005766,2024-03-20 04:22:00,S056,P560,2,835.55,21.58,EUR,1649.52
TXN_005767,2024-03-18 01:16:00,S069,P499,7,950.65,26.55,EUR,6628.0
TXN_005768,2024-03-02 22:29:00,S079,P677,4,376.61,8.5,EUR,1497.94
TXN_005769,2024-03-16 11:29:00,S048,P424,2,1101.26,47.65,GBP,2154.87
TXN_005770,2024-03-25 08:21:00,S081,P508,4,83.68,12.27,GBP,322.45000000000005
TXN_005771,2024-03-24 06:01:00,S018,P490,2,1388.22,14.6,USD,2761.84
TXN_005772,2024-03-22 20:03:00,S062,P007,8,987.58,2.73,USD,7897.910000000001
TXN_005773,2024-03-17 01:13:00,S089,P440,7,310.6,24.28,GBP,2149.92
TXN_005774,2024-03-23 23:51:00,S062,P001,6,841.14,19.04,EUR,5027.8
TXN_005775,2024-03-21 12:36:00,S050,P131,1,317.89,10.9,EUR,306.99
TXN_005776,2024-03-01 07:14:00,S039,P466,2,901.81,49.6,EUR,1754.02
TXN_005777,2024-03-26 01:52:00,S085,P177,6,947.27,5.48,USD,5678.14
TXN_005778,2024-03-20 12:14:00,S059,P004,8,166.25,11.53,EUR,1318.47
TXN_005779,2024-03-18 17:22:00,S033,P363,7,23.75,42.82,USD,123.43
TXN_005780,2024-03-25 04:18:00,S036,P493,8,731.19,45.92,USD,5803.6
TXN_005781,2024-03-05 08:19:00,S067,P680,1,1060.71,10.36,USD,1050.3500000000001
TXN_005782,2024-03-25 09:30:00,S085,P383,9,784.58,15.01,EUR,7046.21
TXN_005783,2024-03-15 13:35:00,S072,P994,8,757.62,14.99,USD,6045.97
TXN_005784,2024-03-02 20:05:00,S072,P224,8,36.17,8.08,USD,281.28000000000003
TXN_005785,2024-03-12 03:15:00,S086,P670,3,826.44,0.21,EUR,2479.11
TXN_005786,2024-03-17 08:34:00,S073,P070,2,771.23,46.35,EUR,1496.1100000000001
TXN_005787,2024-03-30 17:13:00,S099,P344,9,1120.98,38.28,EUR,10050.539999999999
TXN_005788,2024-03-25 23:01:00,S027,P341,7,1394.52,21.26,GBP,9740.38
TXN_005789,2024-03-12 08:02:00,S070,P672,9,612.22,1.17,GBP,5508.81
TXN_005790,2024-03-20 13:40:00,S067,P330,3,145.64,13.46,EUR,423.46
TXN_005791,2024-03-07 02:22:00,S100,P374,8,981.65,19.64,EUR,7833.5599999999995
TXN_005792,2024-03-11 03:34:00,S085,P082,6,1447.52,9.87,GBP,8675.249999999998
TXN_005793,2024-03-05 18:27:00,S005,P870,5,486.03,43.15,GBP,2386.9999999999995
TXN_005794,2024-03-20 18:52:00,S081,P048,9,778.18,44.99,GBP,6958.63
TXN_005795,2024-03-23 12:25:00,S005,P715,8,939.2,24.39,USD,7489.21
TXN_005796,2024-03-11 01:57:00,S039,P374,1,621.29,7.15,USD,614.14
TXN_005797,2024-03-23 15:07:00,S078,P171,1,803.65,38.35,USD,765.3
TXN_005798,2024-03-06 12:26:00,S050,P023,5,1078.33,7.33,GBP,5384.32
TXN_005799,2024-03-11 18:09:00,S001,P191,2,1036.0,40.34,GBP,2031.66
TXN_005800,2024-03-01 13:47:00,S011,P172,8,1334.84,15.41,EUR,10663.31
TXN_005801,2024-03-03 21:26:00,S054,P811,4,1382.52,6.44,GBP,5523.64
TXN_005802,2024-03-26 00:50:00,S052,P599,6,1484.22,42.18,EUR,8863.14
TXN_005803,2024-03-05 02:19:00,S056,P951,7,1020.79,22.64,EUR,7122.889999999999
TXN_005804,2024-03-14 21:32:00,S037,P672,2,1346.5,29.63,EUR,2663.37
TXN_005805,2024-03-18 12:07:00,S090,P334,9,155.88,27.54,EUR,1375.38
TXN_005806,2024-03-13 03:44:00,S020,P786,4,1180.72,23.7,GBP,4699.18
TXN_005807,2024-03-26 03:19:00,S039,P355,3,1164.05,47.2,EUR,3444.95
TXN_005808,2024-03-29 08:36:00,S096,P103,1,635.39,36.02,GBP,599.37
TXN_005809,2024-03-26 22:29:00,S040,P458,1,296.52,45.84,GBP,250.67999999999998
TXN_005810,2024-03-24 15:52:00,S014,P501,2,634.29,11.37,USD,1257.21
TXN_005811,2024-03-03 21:50:00,S037,P533,2,293.14,12.38,GBP,573.9
TXN_005812,2024-03-02 08:12:00,S051,P889,6,1290.36,7.74,USD,7734.42
TXN_005813,2024-03-20 21:43:00,S027,P977,1,117.94,33.71,USD,84.22999999999999
TXN_005814,2024-03-11 04:41:00,S007,P604,2,1214.71,3.49,EUR,2425.9300000000003
TXN_005815,2024-03-20 10:00:00,S022,P604,7,32.91,5.6,GBP,224.76999999999998
TXN_005816,2024-03-04 10:26:00,S032,P930,1,553.75,23.41,USD,530.34
TXN_005817,2024-03-24 05:22:00,S040,P677,7,850.13,2.33,USD,5948.58
TXN_005818,2024-03-30 23:08:00,S069,P788,3,146.08,31.22,USD,407.02
TXN_005819,2024-03-04 04:54:00,S023,P531,7,1383.8,2.38,EUR,9684.220000000001
TXN_005820,2024-03-27 15:18:00,S081,P841,1,458.07,36.83,USD,421.24
TXN_005821,2024-03-02 14:26:00,S066,P938,5,1232.7,6.18,EUR,6157.32
TXN_005822,2024-03-11 01:14:00,S069,P205,7,1452.07,27.97,EUR,10136.52
TXN_005823,2024-03-24 01:13:00,S076,P904,6,1258.86,17.66,EUR,7535.5
TXN_005824,2024-03-06 23:37:00,S084,P052,5,389.92,2.93,EUR,1946.67
TXN_005825,2024-03-30 04:12:00,S016,P992,3,304.35,22.76,EUR,890.2900000000001
TXN_005826,2024-03-24 16:25:00,S039,P664,1,883.73,18.94,USD,864.79
TXN_005827,2024-03-26 07:27:00,S046,P688,1,863.51,2.17,GBP,861.34
TXN_005828,2024-03-10 22:12:00,S023,P242,9,588.72,21.99,EUR,5276.490000000001
TXN_005829,2024-03-30 05:20:00,S040,P956,4,422.49,16.79,EUR,1673.17
TXN_005830,2024-03-22 07:02:00,S057,P671,5,267.56,30.76,USD,1307.04
TXN_005831,2024-03-04 05:36:00,S078,P427,3,1279.48,11.3,GBP,3827.14
TXN_005832,2024-03-12 19:48:00,S092,P615,9,499.15,44.33,EUR,4448.0199999999995
TXN_005833,2024-03-28 21:46:00,S013,P351,5,549.0,0.5,USD,2744.5
TXN_005834,2024-03-07 08:33:00,S094,P034,9,138.65,11.17,EUR,1236.68
TXN_005835,2024-03-20 12:00:00,S006,P145,2,886.57,10.22,USD,1762.92
TXN_005836,2024-03-20 09:16:00,S013,P253,4,521.65,42.48,EUR,2044.12
TXN_005837,2024-03-28 23:50:00,S060,P181,3,955.2,29.39,EUR,2836.2100000000005
TXN_005838,2024-03-21 11:20:00,S039,P141,8,721.04,28.6,EUR,5739.719999999999
TXN_005839,2024-03-30 03:35:00,S006,P782,6,1250.68,38.72,EUR,7465.36
TXN_005840,2024-03-04 06:58:00,S066,P685,6,149.89,40.13,EUR,859.2099999999999
TXN_005841,2024-03-25 03:36:00,S035,P519,1,1212.15,6.52,EUR,1205.63
TXN_005842,2024-03-12 08:02:00,S024,P964,6,758.86,22.55,GBP,4530.61
TXN_005843,2024-03-20 19:21:00,S095,P1000,3,596.48,38.68,GBP,1750.76
TXN_005844,2024-03-11 08:41:00,S070,P213,3,420.47,1.73,USD,1259.68
TXN_005845,2024-03-09 14:23:00,S092,P138,1,104.99,39.66,GBP,65.33
TXN_005846,2024-03-29 03:24:00,S046,P459,4,737.0,22.2,EUR,2925.8
TXN_005847,2024-03-30 15:17:00,S088,P354,1,615.67,29.46,USD,586.2099999999999
TXN_005848,2024-03-14 10:32:00,S008,P642,9,357.96,39.88,EUR,3181.7599999999998
TXN_005849,2024-03-17 02:18:00,S086,P504,1,166.91,26.97,GBP,139.94
TXN_005850,2024-03-18 22:09:00,S051,P118,2,427.81,47.25,EUR,808.37
TXN_005851,2024-03-14 18:04:00,S046,P504,2,934.8,11.06,GBP,1858.54
TXN_005852,2024-03-21 01:55:00,S016,P025,7,1165.68,14.21,EUR,8145.55
TXN_005853,2024-03-14 10:53:00,S051,P106,5,558.87,33.51,USD,2760.8399999999997
TXN_005854,2024-03-22 21:59:00,S024,P536,8,342.73,1.46,GBP,2740.38
TXN_005855,2024-03-08 13:06:00,S037,P004,3,478.99,12.77,GBP,1424.2
TXN_005856,2024-03-14 01:40:00,S004,P672,2,772.98,30.39,EUR,1515.57
TXN_005857,2024-03-07 11:09:00,S003,P020,1,1497.29,20.87,GBP,1476.42
TXN_005858,2024-03-02 22:37:00,S070,P104,6,79.01,23.75,GBP,450.31000000000006
TXN_005859,2024-03-13 22:30:00,S029,P868,7,1062.19,42.26,EUR,7393.07
TXN_005860,2024-03-16 10:42:00,S071,P824,5,371.6,24.1,EUR,1833.9
TXN_005861,2024-03-24 17:32:00,S057,P373,7,1466.95,22.68,EUR,10245.97
TXN_005862,2024-03-10 04:18:00,S046,P986,6,494.54,31.85,EUR,2935.3900000000003
TXN_005863,2024-03-26 12:14:00,S008,P951,4,1364.62,21.26,USD,5437.219999999999
TXN_005864,2024-03-23 01:14:00,S066,P678,3,585.43,43.96,USD,1712.33
TXN_005865,2024-03-07 21:08:00,S028,P502,2,514.73,27.93,GBP,1001.5300000000001
TXN_005866,2024-03-14 07:45:00,S030,P212,1,1233.19,29.22,GBP,1203.97
TXN_005867,2024-03-22 20:03:00,S005,P271,5,853.52,16.76,GBP,4250.84
TXN_005868,2024-03-20 05:44:00,S094,P347,9,1413.8,47.92,GBP,12676.279999999999
TXN_005869,2024-03-20 02:00:00,S045,P449,5,1342.3,47.26,USD,6664.24
TXN_005870,2024-03-07 22:45:00,S017,P392,1,381.62,11.71,EUR,369.91
TXN_005871,2024-03-21 15:49:00,S043,P423,1,1207.17,36.44,EUR,1170.73
TXN_005872,2024-03-06 04:20:00,S060,P836,7,1217.66,23.18,USD,8500.44
TXN_005873,2024-03-26 07:52:00,S033,P990,5,431.34,23.05,EUR,2133.6499999999996
TXN_005874,2024-03-12 23:25:00,S061,P283,1,508.03,7.08,EUR,500.95
TXN_005875,2024-03-05 07:27:00,S066,P005,5,373.16,10.8,GBP,1855.0000000000002
TXN_005876,2024-03-07 02:29:00,S034,P863,9,456.5,15.86,USD,4092.64
TXN_005877,2024-03-04 10:32:00,S094,P326,6,1105.49,37.16,EUR,6595.780000000001
TXN_005878,2024-03-13 10:30:00,S091,P018,9,528.52,26.93,GBP,4729.75
TXN_005879,2024-03-10 19:33:00,S014,P333,6,132.13,3.84,USD,788.9399999999999
TXN_005880,2024-03-25 06:44:00,S016,P881,1,830.57,31.05,USD,799.5200000000001
TXN_005881,2024-03-13 15:49:00,S072,P919,8,1420.81,32.93,USD,11333.55
TXN_005882,2024-03-13 12:28:00,S006,P805,4,1110.45,18.02,GBP,4423.78
TXN_005883,2024-03-11 11:12:00,S083,P630,7,124.73,4.18,GBP,868.9300000000001
TXN_005884,2024-03-13 16:43:00,S045,P832,6,1167.29,15.94,USD,6987.8
TXN_005885,2024-03-13 15:19:00,S034,P562,7,1245.43,38.68,USD,8679.33
TXN_005886,2024-03-14 14:44:00,S081,P866,4,1269.59,48.14,EUR,5030.219999999999
TXN_005887,2024-03-21 02:33:00,S095,P544,5,876.83,28.77,EUR,4355.38
TXN_005888,2024-03-25 10:23:00,S061,P193,7,13.12,16.75,USD,75.08999999999999
TXN_005889,2024-03-04 12:50:00,S040,P684,9,178.34,49.9,USD,1555.1599999999999
TXN_005890,2024-03-08 11:25:00,S013,P480,7,1009.96,7.58,EUR,7062.14
TXN_005891,2024-03-28 06:06:00,S041,P305,4,976.89,11.99,USD,3895.57
TXN_005892,2024-03-20 13:44:00,S084,P225,1,702.44,15.3,EUR,687.1400000000001
TXN_005893,2024-03-01 21:25:00,S037,P744,2,838.97,46.29,USD,1631.65
TXN_005894,2024-03-23 15:50:00,S017,P926,4,924.5,33.62,USD,3664.38
TXN_005895,2024-03-17 00:37:00,S052,P364,2,1477.42,31.44,GBP,2923.4
TXN_005896,2024-03-05 09:31:00,S091,P237,8,810.09,36.13,EUR,6444.59
TXN_005897,2024-03-07 04:10:00,S015,P143,4,235.8,47.56,GBP,895.6400000000001
TXN_005898,2024-03-04 16:56:00,S062,P499,3,140.55,35.86,EUR,385.79
TXN_005899,2024-03-14 21:41:00,S068,P544,6,1325.82,46.41,GBP,7908.51
TXN_005900,2024-03-03 08:29:00,S001,P521,1,1046.98,41.63,GBP,1005.35
TXN_005901,2024-03-09 15:52:00,S041,P994,7,383.61,27.71,EUR,2657.56
TXN_005902,2024-03-29 22:44:00,S013,P566,4,54.71,34.32,EUR,184.52
TXN_005903,2024-03-30 19:23:00,S090,P281,4,1053.35,3.06,GBP,4210.339999999999
TXN_005904,2024-03-12 05:19:00,S088,P230,7,602.05,46.84,GBP,4167.509999999999
TXN_005905,2024-03-07 01:25:00,S002,P049,3,563.66,2.92,EUR,1688.06
TXN_005906,2024-03-01 18:56:00,S092,P556,4,290.42,33.49,GBP,1128.19
TXN_005907,2024-03-10 15:29:00,S047,P290,1,65.19,4.94,USD,60.25
TXN_005908,2024-03-18 03:16:00,S073,P980,6,451.65,11.36,USD,2698.5399999999995
TXN_005909,2024-03-07 17:18:00,S016,P643,2,388.04,24.95,GBP,751.13
TXN_005910,2024-03-28 13:19:00,S100,P130,1,1312.66,11.19,USD,1301.47
TXN_005911,2024-03-16 11:35:00,S022,P856,2,489.37,22.98,GBP,955.76
TXN_005912,2024-03-06 17:33:00,S082,P661,8,892.56,21.45,GBP,7119.03
TXN_005913,2024-03-09 11:04:00,S052,P839,8,869.67,40.77,GBP,6916.589999999999
TXN_005914,2024-03-08 06:36:00,S012,P036,4,1030.4,29.43,USD,4092.1700000000005
TXN_005915,2024-03-22 16:16:00,S064,P769,4,871.91,49.72,USD,3437.92
TXN_005916,2024-03-08 03:40:00,S013,P682,2,452.96,7.72,EUR,898.1999999999999
TXN_005917,2024-03-11 13:09:00,S002,P189,5,1376.83,12.03,EUR,6872.12
TXN_005918,2024-03-25 03:12:00,S054,P230,3,617.21,28.89,EUR,1822.74
TXN_005919,2024-03-05 16:33:00,S079,P343,6,1184.85,43.18,EUR,7065.919999999999
TXN_005920,2024-03-25 01:11:00,S024,P256,9,656.94,27.4,EUR,5885.060000000001
TXN_005921,2024-03-03 04:30:00,S007,P880,2,510.05,14.62,USD,1005.48
TXN_005922,2024-03-11 22:20:00,S069,P475,9,437.08,12.06,USD,3921.66
TXN_005923,2024-03-03 15:21:00,S086,P798,1,705.07,37.17,EUR,667.9000000000001
TXN_005924,2024-03-20 15:11:00,S021,P422,6,574.23,4.22,USD,3441.1600000000003
TXN_005925,2024-03-01 15:21:00,S086,P088,4,1417.18,41.81,EUR,5626.91
TXN_005926,2024-03-12 22:29:00,S034,P883,7,391.25,46.52,USD,2692.23
TXN_005927,2024-03-07 06:59:00,S072,P946,7,1422.4,45.4,EUR,9911.400000000001
TXN_005928,2024-03-11 15:26:00,S008,P400,2,73.22,29.03,USD,117.41
TXN_005929,2024-03-03 12:19:00,S088,P720,2,1220.27,4.64,USD,2435.9
TXN_005930,2024-03-13 08:18:00,S070,P196,7,1488.05,26.39,EUR,10389.960000000001
TXN_005931,2024-03-18 13:06:00,S058,P267,1,246.96,10.2,GBP,236.76000000000002
TXN_005932,2024-03-24 17:33:00,S007,P424,6,959.84,30.64,GBP,5728.4
TXN_005933,2024-03-18 12:03:00,S037,P795,5,1261.02,16.78,GBP,6288.320000000001
TXN_005934,2024-03-06 14:27:00,S070,P910,3,87.96,20.75,GBP,243.13
TXN_005935,2024-03-03 14:59:00,S026,P610,4,1320.4,12.63,GBP,5268.97
TXN_005936,2024-03-07 14:56:00,S067,P477,7,367.17,7.57,USD,2562.62
TXN_005937,2024-03-02 19:16:00,S068,P802,6,392.29,6.61,GBP,2347.13
TXN_005938,2024-03-03 20:00:00,S064,P641,8,1032.65,45.61,GBP,8215.59
TXN_005939,2024-03-05 06:31:00,S024,P140,5,119.7,19.23,GBP,579.27
TXN_005940,2024-03-26 07:33:00,S005,P129,2,1005.36,18.32,EUR,1992.4
TXN_005941,2024-03-15 21:54:00,S010,P582,6,469.08,45.14,USD,2769.34
TXN_005942,2024-03-27 19:11:00,S100,P888,5,291.34,12.28,EUR,1444.4199999999998
TXN_005943,2024-03-13 01:38:00,S091,P263,8,1214.89,40.88,EUR,9678.240000000002
TXN_005944,2024-03-10 07:32:00,S052,P133,8,1134.94,1.81,EUR,9077.710000000001
TXN_005945,2024-03-08 15:39:00,S031,P309,3,1492.99,28.52,USD,4450.45
TXN_005946,2024-03-28 16:38:00,S036,P442,5,807.64,21.04,GBP,4017.16
TXN_005947,2024-03-14 08:38:00,S092,P224,2,763.85,4.9,USD,1522.8
TXN_005948,2024-03-20 18:36:00,S018,P873,8,1222.61,46.47,USD,9734.41
TXN_005949,2024-03-03 19:41:00,S093,P754,4,863.68,43.15,EUR,3411.5699999999997
TXN_005950,2024-03-01 21:41:00,S075,P514,2,1032.15,23.14,USD,2041.16
TXN_005951,2024-03-17 22:08:00,S017,P737,4,219.68,38.82,USD,839.9
TXN_005952,2024-03-07 08:23:00,S091,P187,9,146.93,8.46,GBP,1313.91
TXN_005953,2024-03-15 19:34:00,S012,P282,7,913.23,16.76,GBP,6375.85
TXN_005954,2024-03-28 01:23:00,S077,P165,8,673.94,46.28,EUR,5345.240000000001
TXN_005955,2024-03-28 10:24:00,S014,P650,5,681.41,29.79,GBP,3377.2599999999998
TXN_005956,2024-03-08 01:07:00,S052,P766,2,37.53,18.6,USD,56.46
TXN_005957,2024-03-29 08:34:00,S011,P614,3,255.21,16.31,EUR,749.32
TXN_005958,2024-03-16 15:36:00,S054,P439,6,152.76,17.26,GBP,899.3
TXN_005959,2024-03-23 18:15:00,S075,P671,5,177.18,13.27,EUR,872.6300000000001
TXN_005960,2024-03-27 21:03:00,S093,P051,4,253.25,32.35,EUR,980.65
TXN_005961,2024-03-08 22:41:00,S086,P378,9,927.15,37.85,EUR,8306.5
TXN_005962,2024-03-09 21:21:00,S001,P604,3,345.59,29.6,GBP,1007.17
TXN_005963,2024-03-09 00:08:00,S036,P066,9,989.72,18.47,USD,8889.01
TXN_005964,2024-03-02 15:35:00,S058,P695,8,1146.64,41.14,GBP,9131.980000000001
TXN_005965,2024-03-01 11:53:00,S014,P356,6,1369.85,18.79,USD,8200.309999999998
TXN_005966,2024-03-19 15:05:00,S061,P666,8,207.96,5.03,USD,1658.65
TXN_005967,2024-03-05 03:49:00,S036,P676,5,1391.66,1.07,GBP,6957.2300000000005
TXN_005968,2024-03-02 14:47:00,S099,P890,9,1065.58,21.45,GBP,9568.769999999999
TXN_005969,2024-03-14 04:16:00,S014,P121,9,644.16,7.87,USD,5789.57
TXN_005970,2024-03-16 19:44:00,S089,P882,1,851.24,34.77,EUR,816.47
TXN_005971,2024-03-05 07:37:00,S066,P297,3,70.89,11.25,EUR,201.42000000000002
TXN_005972,2024-03-15 01:26:00,S060,P700,3,1440.63,12.17,USD,4309.72
TXN_005973,2024-03-09 23:06:00,S070,P402,5,734.48,7.16,USD,3665.2400000000002
TXN_005974,2024-03-26 06:09:00,S005,P432,2,932.45,20.07,GBP,1844.8300000000002
TXN_005975,2024-03-20 00:41:00,S033,P490,1,15.37,48.57,EUR,-33.2
TXN_005976,2024-03-14 23:12:00,S022,P550,5,119.73,4.6,EUR,594.05
TXN_005977,2024-03-25 11:47:00,S094,P309,7,290.79,46.9,GBP,1988.63
TXN_005978,2024-03-02 15:33:00,S077,P266,4,997.21,21.76,USD,3967.08
TXN_005979,2024-03-28 16:56:00,S025,P479,7,125.24,14.58,EUR,862.0999999999999
TXN_005980,2024-03-16 02:09:00,S079,P586,7,968.68,15.11,EUR,6765.65
TXN_005981,2024-03-19 14:24:00,S001,P687,5,230.3,43.97,EUR,1107.53
TXN_005982,2024-03-15 04:38:00,S068,P406,8,340.89,6.23,GBP,2720.89
TXN_005983,2024-03-09 17:50:00,S099,P522,8,990.92,19.87,USD,7907.49
TXN_005984,2024-03-01 09:54:00,S059,P949,6,896.64,27.91,EUR,5351.93
TXN_005985,2024-03-16 23:27:00,S043,P370,8,360.16,0.69,USD,2880.59
TXN_005986,2024-03-25 06:46:00,S033,P864,3,1129.44,21.5,EUR,3366.82
TXN_005987,2024-03-23 05:55:00,S046,P028,4,513.84,24.0,USD,2031.3600000000001
TXN_005988,2024-03-30 10:20:00,S025,P834,1,1310.9,27.37,EUR,1283.5300000000002
TXN_005989,2024-03-30 17:42:00,S003,P565,3,770.8,2.93,GBP,2309.47
TXN_005990,2024-03-15 05:39:00,S051,P968,8,1410.81,6.94,USD,11279.539999999999
TXN_005991,2024-03-07 15:55:00,S080,P828,8,1072.32,8.61,GBP,8569.949999999999
TXN_005992,2024-03-11 18:02:00,S010,P002,1,719.08,20.35,USD,698.73
TXN_005993,2024-03-28 21:39:00,S039,P390,1,491.08,28.15,EUR,462.93
TXN_005994,2024-03-10 17:26:00,S013,P419,6,436.27,26.51,EUR,2591.1099999999997
TXN_005995,2024-03-07 08:40:00,S082,P290,5,812.48,35.47,GBP,4026.9300000000003
TXN_005996,2024-03-05 20:56:00,S098,P674,2,519.72,5.21,GBP,1034.23
TXN_005997,2024-03-13 13:19:00,S074,P568,8,1282.2,13.36,USD,10244.24
TXN_005998,2024-03-24 21:22:00,S005,P942,1,1360.69,14.2,GBP,1346.49
TXN_005999,2024-03-03 09:08:00,S044,P625,5,281.58,49.85,GBP,1358.05
TXN_006000,2024-03-17 19:10:00,S039,P810,1,627.23,49.3,EUR,577.9300000000001
TXN_006001,2024-03-29 00:39:00,S030,P718,2,1241.66,34.88,EUR,2448.44
TXN_006002,2024-03-24 19:06:00,S011,P144,6,157.72,48.46,GBP,897.8599999999999
TXN_006003,2024-03-10 20:32:00,S047,P728,8,49.9,43.23,GBP,355.96999999999997
TXN_006004,2024-03-27 17:33:00,S041,P038,1,259.09,46.71,GBP,212.37999999999997
TXN_006005,2024-03-18 09:14:00,S010,P841,6,1079.89,11.37,GBP,6467.97
TXN_006006,2024-03-11 21:15:00,S032,P023,6,1406.38,32.38,GBP,8405.900000000001
TXN_006007,2024-03-13 02:37:00,S004,P346,7,777.67,32.21,USD,5411.48
TXN_006008,2024-03-07 13:48:00,S070,P782,8,483.18,0.96,GBP,3864.48
TXN_006009,2024-03-26 06:13:00,S049,P702,7,1282.44,33.62,EUR,8943.46
TXN_006010,2024-03-20 13:41:00,S024,P878,4,1353.73,1.3,GBP,5413.62
TXN_006011,2024-03-02 23:11:00,S007,P771,9,48.61,16.88,EUR,420.61
TXN_006012,2024-03-05 04:00:00,S016,P439,8,1165.39,38.88,EUR,9284.240000000002
TXN_006013,2024-03-29 22:35:00,S009,P287,9,867.98,31.0,EUR,7780.82
TXN_006014,2024-03-24 05:32:00,S010,P826,6,489.69,34.43,GBP,2903.71
TXN_006015,2024-03-23 22:44:00,S095,P103,6,1161.64,1.56,EUR,6968.28
TXN_006016,2024-03-19 12:22:00,S026,P632,3,207.35,4.3,EUR,617.75
TXN_006017,2024-03-25 11:50:00,S024,P784,4,96.08,3.94,EUR,380.38
TXN_006018,2024-03-02 04:55:00,S084,P550,5,540.54,44.59,USD,2658.1099999999997
TXN_006019,2024-03-20 06:12:00,S032,P817,8,943.88,22.34,GBP,7528.7
TXN_006020,2024-03-21 09:53:00,S056,P170,6,610.5,46.47,GBP,3616.53
TXN_006021,2024-03-15 18:30:00,S013,P521,1,809.36,38.01,USD,771.35
TXN_006022,2024-03-20 05:39:00,S044,P249,9,1071.01,8.98,GBP,9630.11
TXN_006023,2024-03-02 10:09:00,S048,P128,7,305.98,15.35,EUR,2126.51
TXN_006024,2024-03-18 15:29:00,S073,P918,7,638.96,40.85,USD,4431.87
TXN_006025,2024-03-30 23:30:00,S005,P354,2,224.02,0.96,EUR,447.08000000000004
TXN_006026,2024-03-22 12:17:00,S007,P503,1,913.76,15.46,GBP,898.3
TXN_006027,2024-03-22 06:48:00,S019,P007,8,957.93,30.17,GBP,7633.2699999999995
TXN_006028,2024-03-03 02:44:00,S079,P329,5,766.22,0.65,EUR,3830.4500000000003
TXN_006029,2024-03-23 12:45:00,S059,P778,7,124.01,43.07,GBP,825.0
TXN_006030,2024-03-04 11:09:00,S012,P738,3,576.75,40.07,GBP,1690.18
TXN_006031,2024-03-12 08:22:00,S095,P517,9,683.15,9.73,GBP,6138.62
TXN_006032,2024-03-15 13:01:00,S079,P313,9,722.03,40.33,EUR,6457.94
TXN_006033,2024-03-06 03:41:00,S043,P933,2,76.68,38.54,GBP,114.82000000000002
TXN_006034,2024-03-06 22:16:00,S078,P394,3,412.2,14.59,EUR,1222.01
TXN_006035,2024-03-27 07:20:00,S099,P539,4,183.0,11.06,USD,720.94
TXN_006036,2024-03-10 21:58:00,S040,P976,3,358.77,29.15,GBP,1047.1599999999999
TXN_006037,2024-03-10 22:52:00,S037,P654,7,1174.95,34.27,GBP,8190.379999999999
TXN_006038,2024-03-27 06:35:00,S022,P637,5,1166.71,24.25,GBP,5809.3
TXN_006039,2024-03-22 13:21:00,S007,P573,8,486.9,29.71,GBP,3865.49
TXN_006040,2024-03-05 01:59:00,S039,P794,4,1299.11,30.39,USD,5166.049999999999
TXN_006041,2024-03-27 18:54:00,S069,P196,6,288.89,28.32,GBP,1705.02
TXN_006042,2024-03-01 05:23:00,S072,P338,7,86.68,29.23,GBP,577.53
TXN_006043,2024-03-05 22:30:00,S067,P847,7,172.39,37.05,EUR,1169.68
TXN_006044,2024-03-23 08:52:00,S046,P950,1,33.29,42.61,USD,-9.32
TXN_006045,2024-03-08 07:08:00,S039,P354,6,416.97,21.01,EUR,2480.81
TXN_006046,2024-03-27 08:49:00,S088,P373,1,149.97,26.74,EUR,123.23
TXN_006047,2024-03-03 04:11:00,S099,P080,2,1239.26,26.35,EUR,2452.17
TXN_006048,2024-03-30 16:55:00,S055,P322,9,279.07,19.64,USD,2491.9900000000002
TXN_006049,2024-03-13 16:50:00,S026,P282,5,214.91,9.67,GBP,1064.8799999999999
TXN_006050,2024-03-02 12:45:00,S095,P751,7,138.25,11.7,USD,956.05
TXN_006051,2024-03-17 10:46:00,S083,P277,9,510.14,25.96,GBP,4565.3
TXN_006052,2024-03-15 12:24:00,S061,P660,5,879.17,7.34,EUR,4388.509999999999
TXN_006053,2024-03-03 22:28:00,S039,P024,1,1485.28,4.0,USD,1481.28
TXN_006054,2024-03-09 15:00:00,S025,P241,6,963.65,44.7,USD,5737.2
TXN_006055,2024-03-17 08:50:00,S037,P430,3,398.83,35.5,EUR,1160.99
TXN_006056,2024-03-01 10:20:00,S038,P851,3,343.88,26.79,EUR,1004.8499999999999
TXN_006057,2024-03-07 10:09:00,S086,P214,7,1195.07,7.67,EUR,8357.82
TXN_006058,2024-03-12 07:57:00,S044,P332,2,257.33,48.64,EUR,466.02
TXN_006059,2024-03-12 08:00:00,S067,P427,7,1310.15,41.55,GBP,9129.500000000002
TXN_006060,2024-03-08 03:57:00,S089,P515,1,895.53,22.52,GBP,873.01
TXN_006061,2024-03-17 08:44:00,S030,P381,2,243.92,12.13,USD,475.71
TXN_006062,2024-03-24 08:05:00,S013,P822,1,1050.78,39.07,EUR,1011.7099999999999
TXN_006063,2024-03-07 19:17:00,S073,P519,9,243.14,25.79,EUR,2162.47
TXN_006064,2024-03-18 08:26:00,S075,P746,5,171.66,42.32,EUR,815.9799999999999
TXN_006065,2024-03-12 09:11:00,S072,P998,4,1361.83,12.85,EUR,5434.469999999999
TXN_006066,2024-03-22 18:18:00,S001,P548,2,896.96,18.64,EUR,1775.28
TXN_006067,2024-03-04 04:05:00,S055,P699,6,1219.49,47.87,USD,7269.070000000001
TXN_006068,2024-03-09 06:44:00,S097,P779,3,669.48,6.87,GBP,2001.5700000000002
TXN_006069,2024-03-10 00:51:00,S032,P887,2,1462.87,24.85,USD,2900.89
TXN_006070,2024-03-20 07:06:00,S092,P317,1,1327.08,38.29,EUR,1288.79
TXN_006071,2024-03-03 12:05:00,S089,P424,4,963.14,32.83,EUR,3819.73
TXN_006072,2024-03-26 23:21:00,S002,P626,4,321.81,11.05,EUR,1276.19
TXN_006073,2024-03-20 12:06:00,S031,P453,9,568.31,16.57,USD,5098.219999999999
TXN_006074,2024-03-25 11:37:00,S066,P773,1,1238.8,33.11,GBP,1205.69
TXN_006075,2024-03-18 15:17:00,S068,P024,1,1259.68,17.96,GBP,1241.72
TXN_006076,2024-03-29 09:49:00,S068,P618,9,1106.65,12.71,GBP,9947.140000000001
TXN_006077,2024-03-16 09:58:00,S059,P475,2,492.56,36.38,GBP,948.74
TXN_006078,2024-03-12 03:09:00,S002,P919,9,1485.05,37.72,GBP,13327.73
TXN_006079,2024-03-27 14:21:00,S093,P813,7,822.43,26.65,USD,5730.36
TXN_006080,2024-03-06 10:31:00,S095,P242,5,1012.99,8.92,GBP,5056.03
TXN_006081,2024-03-03 12:27:00,S020,P301,7,605.88,11.65,USD,4229.51
TXN_006082,2024-03-28 18:44:00,S060,P136,6,1211.17,31.13,EUR,7235.89
TXN_006083,2024-03-19 23:12:00,S004,P181,2,767.49,38.67,GBP,1496.31
TXN_006084,2024-03-03 01:08:00,S013,P060,7,1325.23,34.89,GBP,9241.720000000001
TXN_006085,2024-03-28 05:57:00,S023,P043,4,1337.64,8.75,GBP,5341.81
TXN_006086,2024-03-10 12:12:00,S039,P426,8,240.75,6.29,USD,1919.71
TXN_006087,2024-03-29 00:49:00,S022,P027,8,289.45,16.04,GBP,2299.56
TXN_006088,2024-03-20 12:58:00,S045,P300,2,998.43,12.85,GBP,1984.01
TXN_006089,2024-03-30 21:17:00,S040,P473,8,11.73,12.97,GBP,80.87
TXN_006090,2024-03-14 10:48:00,S100,P604,2,843.37,27.55,GBP,1659.19
TXN_006091,2024-03-19 05:59:00,S078,P795,2,362.08,29.51,EUR,694.65
TXN_006092,2024-03-26 11:12:00,S035,P109,6,125.08,47.71,GBP,702.77
TXN_006093,2024-03-17 12:14:00,S037,P550,9,334.25,47.11,EUR,2961.14
TXN_006094,2024-03-09 21:00:00,S007,P783,9,1332.1,47.12,GBP,11941.779999999999
TXN_006095,2024-03-21 04:25:00,S044,P221,6,537.35,38.08,GBP,3186.0200000000004
TXN_006096,2024-03-23 12:24:00,S039,P942,9,1238.0,38.16,EUR,11103.84
TXN_006097,2024-03-22 17:19:00,S050,P627,1,588.1,41.54,USD,546.5600000000001
TXN_006098,2024-03-05 00:31:00,S030,P899,1,866.61,33.2,EUR,833.41
TXN_006099,2024-03-17 19:37:00,S053,P488,7,411.66,44.62,GBP,2837.0000000000005
TXN_006100,2024-03-19 16:02:00,S028,P200,4,104.86,32.67,EUR,386.77
TXN_006101,2024-03-15 05:11:00,S023,P949,7,1104.82,26.32,GBP,7707.42
TXN_006102,2024-03-23 14:34:00,S098,P443,8,661.85,12.51,USD,5282.29
TXN_006103,2024-03-14 13:22:00,S098,P235,4,777.66,29.88,EUR,3080.7599999999998
TXN_006104,2024-03-05 03:24:00,S057,P645,1,591.52,43.25,EUR,548.27
TXN_006105,2024-03-23 19:44:00,S008,P328,3,913.14,8.87,GBP,2730.55
TXN_006106,2024-03-18 03:42:00,S030,P264,1,1424.93,4.05,USD,1420.88
TXN_006107,2024-03-11 08:24:00,S056,P360,9,257.86,8.71,USD,2312.03
TXN_006108,2024-03-01 02:12:00,S091,P886,5,612.65,36.62,EUR,3026.63
TXN_006109,2024-03-20 20:11:00,S087,P152,9,992.67,6.65,GBP,8927.38
TXN_006110,2024-03-02 07:11:00,S007,P585,1,676.54,12.72,GBP,663.8199999999999
TXN_006111,2024-03-26 14:57:00,S032,P046,4,445.06,29.91,GBP,1750.33
TXN_006112,2024-03-10 10:24:00,S091,P807,6,720.07,29.2,USD,4291.22
TXN_006113,2024-03-30 14:25:00,S021,P818,1,484.77,30.69,USD,454.08
TXN_006114,2024-03-26 10:41:00,S092,P542,9,1354.32,1.52,GBP,12187.359999999999
TXN_006115,2024-03-30 05:17:00,S072,P458,7,630.46,34.95,USD,4378.27
TXN_006116,2024-03-08 02:00:00,S025,P890,6,1466.65,38.14,GBP,8761.760000000002
TXN_006117,2024-03-29 19:18:00,S056,P706,4,799.64,20.34,GBP,3178.22
TXN_006118,2024-03-17 02:11:00,S096,P268,1,1282.16,27.07,USD,1255.0900000000001
TXN_006119,2024-03-27 16:14:00,S067,P591,8,887.53,8.8,EUR,7091.44
TXN_006120,2024-03-08 20:16:00,S085,P202,5,779.71,1.1,EUR,3897.4500000000003
TXN_006121,2024-03-21 13:04:00,S057,P389,6,1187.9,11.51,USD,7115.89
TXN_006122,2024-03-23 03:35:00,S019,P117,2,765.4,26.21,GBP,1504.59
TXN_006123,2024-03-03 23:46:00,S029,P954,4,351.56,30.25,EUR,1375.99
TXN_006124,2024-03-27 23:28:00,S008,P524,8,1059.53,34.37,USD,8441.869999999999
TXN_006125,2024-03-21 02:13:00,S074,P554,4,730.89,22.25,EUR,2901.31
TXN_006126,2024-03-10 00:09:00,S087,P770,5,1287.44,17.54,GBP,6419.660000000001
TXN_006127,2024-03-08 17:51:00,S087,P138,5,295.3,11.81,GBP,1464.69
TXN_006128,2024-03-04 10:50:00,S100,P890,4,1024.88,16.79,USD,4082.7300000000005
TXN_006129,2024-03-25 00:53:00,S077,P043,3,354.13,18.07,EUR,1044.32
TXN_006130,2024-03-27 05:24:00,S020,P323,6,705.98,48.71,EUR,4187.17
TXN_006131,2024-03-29 21:18:00,S007,P248,5,996.05,33.67,USD,4946.58
TXN_006132,2024-03-11 19:58:00,S074,P142,7,537.58,45.5,EUR,3717.5600000000004
TXN_006133,2024-03-24 16:11:00,S036,P891,4,258.53,46.64,GBP,987.4799999999999
TXN_006134,2024-03-24 07:03:00,S069,P511,6,556.4,35.72,EUR,3302.68
TXN_006135,2024-03-23 06:48:00,S064,P036,7,357.66,39.31,USD,2464.3100000000004
TXN_006136,2024-03-15 03:58:00,S083,P704,8,1393.16,38.43,USD,11106.85
TXN_006137,2024-03-19 18:55:00,S051,P371,7,1025.08,16.9,GBP,7158.66
TXN_006138,2024-03-24 01:15:00,S035,P572,7,1000.2,31.8,GBP,6969.6
TXN_006139,2024-03-11 04:39:00,S050,P469,1,513.51,39.78,GBP,473.73
TXN_006140,2024-03-25 23:27:00,S072,P424,4,1447.33,31.86,GBP,5757.46
TXN_006141,2024-03-16 12:40:00,S092,P066,8,379.81,42.77,EUR,2995.71
TXN_006142,2024-03-24 09:13:00,S061,P252,6,1367.84,12.35,USD,8194.689999999999
TXN_006143,2024-03-26 11:07:00,S052,P446,9,547.75,37.47,USD,4892.28
TXN_006144,2024-03-13 05:04:00,S097,P301,4,1059.1,17.3,GBP,4219.099999999999
TXN_006145,2024-03-20 02:55:00,S047,P997,2,879.79,31.05,EUR,1728.53
TXN_006146,2024-03-03 17:29:00,S019,P264,6,104.41,36.29,GBP,590.1700000000001
TXN_006147,2024-03-06 11:06:00,S005,P535,4,166.89,20.7,EUR,646.8599999999999
TXN_006148,2024-03-16 23:39:00,S052,P199,5,441.87,4.9,EUR,2204.45
TXN_006149,2024-03-15 10:28:00,S002,P518,3,1042.27,20.83,EUR,3105.98
TXN_006150,2024-03-03 00:56:00,S066,P249,6,546.2,35.25,EUR,3241.9500000000003
TXN_006151,2024-03-30 16:39:00,S089,P966,5,439.52,15.97,USD,2181.63
TXN_006152,2024-03-26 15:56:00,S044,P297,4,405.71,33.39,GBP,1589.4499999999998
TXN_006153,2024-03-18 10:01:00,S022,P871,4,1135.09,35.97,USD,4504.389999999999
TXN_006154,2024-03-22 20:27:00,S029,P757,2,1404.34,36.07,USD,2772.6099999999997
TXN_006155,2024-03-08 18:36:00,S048,P016,2,166.4,44.93,USD,287.87
TXN_006156,2024-03-26 07:26:00,S001,P631,5,276.99,38.02,USD,1346.93
TXN_006157,2024-03-09 07:59:00,S088,P858,4,875.6,13.82,USD,3488.58
TXN_006158,2024-03-25 19:22:00,S048,P922,1,471.46,31.02,GBP,440.44
TXN_006159,2024-03-11 02:44:00,S059,P435,2,131.49,25.12,EUR,237.86
TXN_006160,2024-03-27 08:43:00,S037,P485,5,1110.55,13.91,USD,5538.84
TXN_006161,2024-03-21 11:15:00,S038,P320,4,767.13,33.22,EUR,3035.3
TXN_006162,2024-03-17 15:28:00,S046,P246,8,522.23,26.98,GBP,4150.860000000001
TXN_006163,2024-03-29 19:30:00,S030,P754,1,288.84,15.34,GBP,273.5
TXN_006164,2024-03-09 06:42:00,S090,P304,8,584.75,27.29,GBP,4650.71
TXN_006165,2024-03-27 15:18:00,S051,P919,4,585.74,41.43,USD,2301.53
TXN_006166,2024-03-20 07:06:00,S048,P512,1,998.9,30.02,GBP,968.88
TXN_006167,2024-03-05 12:15:00,S090,P240,9,884.78,46.41,GBP,7916.61
TXN_006168,2024-03-14 04:21:00,S067,P857,4,226.78,6.97,GBP,900.15
TXN_006169,2024-03-26 01:44:00,S015,P174,2,382.58,21.48,GBP,743.68
TXN_006170,2024-03-22 22:00:00,S018,P258,6,235.62,40.19,USD,1373.53
TXN_006171,2024-03-04 23:28:00,S090,P465,6,522.88,37.63,USD,3099.6499999999996
TXN_006172,2024-03-20 18:51:00,S082,P327,6,1052.58,35.22,USD,6280.259999999999
TXN_006173,2024-03-11 02:50:00,S078,P617,8,13.44,4.93,EUR,102.59
TXN_006174,2024-03-15 17:24:00,S007,P235,5,962.29,1.71,EUR,4809.74
TXN_006175,2024-03-29 06:26:00,S089,P127,8,860.25,13.16,USD,6868.84
TXN_006176,2024-03-23 05:32:00,S031,P092,2,837.6,29.76,USD,1645.44
TXN_006177,2024-03-20 06:00:00,S020,P775,1,1371.31,5.45,EUR,1365.86
TXN_006178,2024-03-26 20:15:00,S007,P035,2,806.16,18.86,GBP,1593.46
TXN_006179,2024-03-28 11:02:00,S025,P448,1,161.74,39.31,GBP,122.43
TXN_006180,2024-03-09 11:29:00,S041,P748,5,593.37,23.13,EUR,2943.72
TXN_006181,2024-03-27 00:01:00,S075,P884,9,1072.94,40.73,EUR,9615.730000000001
TXN_006182,2024-03-27 04:01:00,S018,P667,9,1009.05,30.87,EUR,9050.579999999998
TXN_006183,2024-03-14 19:01:00,S053,P893,9,300.55,14.4,EUR,2690.55
TXN_006184,2024-03-24 05:13:00,S048,P153,9,288.6,29.06,GBP,2568.34
TXN_006185,2024-03-15 08:29:00,S066,P503,2,987.76,44.11,EUR,1931.41
TXN_006186,2024-03-17 20:11:00,S080,P008,2,1182.42,4.66,USD,2360.1800000000003
TXN_006187,2024-03-28 05:44:00,S065,P910,8,292.51,26.32,EUR,2313.7599999999998
TXN_006188,2024-03-13 01:27:00,S034,P857,4,960.87,44.14,USD,3799.34
TXN_006189,2024-03-07 14:55:00,S001,P970,8,930.76,22.9,USD,7423.18
TXN_006190,2024-03-02 05:04:00,S037,P471,7,1034.9,5.07,EUR,7239.230000000001
TXN_006191,2024-03-22 11:58:00,S009,P800,3,1032.81,31.62,USD,3066.81
TXN_006192,2024-03-09 13:19:00,S025,P811,2,1388.41,32.96,EUR,2743.86
TXN_006193,2024-03-26 18:46:00,S051,P175,2,18.85,36.32,GBP,1.3800000000000026
TXN_006194,2024-03-10 03:51:00,S061,P699,1,401.98,21.96,EUR,380.02000000000004
TXN_006195,2024-03-07 22:34:00,S029,P621,5,917.49,24.12,EUR,4563.33
TXN_006196,2024-03-10 21:35:00,S054,P633,5,600.58,14.73,GBP,2988.17
TXN_006197,2024-03-28 04:34:00,S083,P241,2,589.59,30.85,GBP,1148.3300000000002
TXN_006198,2024-03-04 00:53:00,S077,P295,9,194.86,23.7,USD,1730.0400000000002
TXN_006199,2024-03-29 17:18:00,S033,P579,4,759.71,49.53,USD,2989.31
TXN_006200,2024-03-13 22:22:00,S094,P086,9,1416.19,21.93,USD,12723.78
TXN_006201,2024-03-25 09:13:00,S040,P042,7,1372.3,16.08,GBP,9590.02
TXN_006202,2024-03-08 08:07:00,S039,P528,1,232.82,44.96,USD,187.85999999999999
TXN_006203,2024-03-06 16:18:00,S032,P567,5,57.48,1.78,USD,285.62
TXN_006204,2024-03-10 11:46:00,S096,P225,7,415.78,12.67,USD,2897.79
TXN_006205,2024-03-29 07:53:00,S014,P606,3,1483.72,13.73,USD,4437.43
TXN_006206,2024-03-22 22:36:00,S007,P834,7,919.86,43.34,EUR,6395.68
TXN_006207,2024-03-26 19:02:00,S014,P973,2,1443.0,42.73,EUR,2843.27
TXN_006208,2024-03-10 06:52:00,S071,P189,3,27.23,37.32,GBP,44.37
TXN_006209,2024-03-01 15:20:00,S047,P709,1,1382.78,45.99,USD,1336.79
TXN_006210,2024-03-30 17:27:00,S098,P039,2,125.16,27.05,USD,223.26999999999998
TXN_006211,2024-03-08 06:35:00,S026,P807,5,420.76,21.16,USD,2082.6400000000003
TXN_006212,2024-03-30 12:53:00,S083,P560,8,1404.6,13.95,EUR,11222.849999999999
TXN_006213,2024-03-14 01:52:00,S073,P267,3,290.28,36.66,USD,834.18
TXN_006214,2024-03-23 16:53:00,S093,P376,4,542.87,5.35,USD,2166.13
TXN_006215,2024-03-02 03:43:00,S019,P562,9,1191.64,27.66,GBP,10697.1
TXN_006216,2024-03-07 08:29:00,S068,P293,6,1272.68,45.31,EUR,7590.7699999999995
TXN_006217,2024-03-09 19:27:00,S038,P880,4,468.37,16.97,EUR,1856.51
TXN_006218,2024-03-04 09:40:00,S050,P013,8,1057.04,9.13,GBP,8447.19
TXN_006219,2024-03-11 17:08:00,S080,P220,8,361.88,49.01,USD,2846.0299999999997
TXN_006220,2024-03-17 20:23:00,S060,P985,4,849.82,5.77,USD,3393.51
TXN_006221,2024-03-15 15:00:00,S037,P679,4,883.17,4.55,EUR,3528.1299999999997
TXN_006222,2024-03-09 07:31:00,S060,P388,1,832.9,15.73,GBP,817.17
TXN_006223,2024-03-03 10:15:00,S024,P716,1,606.46,11.6,USD,594.86
TXN_006224,2024-03-29 19:40:00,S076,P847,1,170.34,36.57,GBP,133.77
TXN_006225,2024-03-06 13:20:00,S029,P233,6,974.04,40.7,EUR,5803.54
TXN_006226,2024-03-27 05:15:00,S012,P979,6,409.2,30.01,USD,2425.1899999999996
TXN_006227,2024-03-05 16:28:00,S023,P466,1,1295.94,38.71,USD,1257.23
TXN_006228,2024-03-28 19:51:00,S065,P463,5,456.85,45.19,EUR,2239.06
TXN_006229,2024-03-26 07:55:00,S039,P957,1,1406.88,33.92,GBP,1372.96
TXN_006230,2024-03-05 05:01:00,S049,P325,3,1420.17,28.87,EUR,4231.64
TXN_006231,2024-03-26 04:58:00,S046,P036,1,657.62,44.64,EUR,612.98
TXN_006232,2024-03-02 10:50:00,S002,P723,7,805.91,21.13,USD,5620.24
TXN_006233,2024-03-18 17:58:00,S069,P869,3,1479.88,32.36,EUR,4407.280000000001
TXN_006234,2024-03-20 09:22:00,S064,P260,6,1244.51,46.41,USD,7420.65
TXN_006235,2024-03-30 09:25:00,S006,P368,5,321.51,37.38,EUR,1570.1699999999998
TXN_006236,2024-03-08 11:42:00,S034,P879,8,1206.09,39.65,GBP,9609.07
TXN_006237,2024-03-20 10:46:00,S002,P723,6,866.84,18.75,EUR,5182.29
TXN_006238,2024-03-27 05:14:00,S022,P940,7,1335.75,44.24,GBP,9306.01
TXN_006239,2024-03-14 07:58:00,S095,P976,6,929.86,34.74,EUR,5544.42
TXN_006240,2024-03-19 09:22:00,S018,P476,2,1326.41,19.78,GBP,2633.04
TXN_006241,2024-03-18 21:54:00,S090,P783,4,468.99,22.83,GBP,1853.13
TXN_006242,2024-03-04 20:05:00,S065,P728,7,757.98,10.34,EUR,5295.52
TXN_006243,2024-03-08 01:41:00,S069,P529,5,88.34,48.32,USD,393.38000000000005
TXN_006244,2024-03-11 06:58:00,S074,P967,4,1220.28,5.37,EUR,4875.75
TXN_006245,2024-03-23 03:01:00,S060,P698,6,782.91,26.78,EUR,4670.68
TXN_006246,2024-03-13 05:57:00,S043,P561,1,1056.31,30.34,USD,1025.97
TXN_006247,2024-03-22 17:17:00,S068,P815,7,1202.65,5.91,GBP,8412.640000000001
TXN_006248,2024-03-21 14:31:00,S029,P886,3,976.93,37.87,EUR,2892.92
TXN_006249,2024-03-19 11:11:00,S025,P160,2,720.87,47.25,GBP,1394.49
TXN_006250,2024-03-30 05:42:00,S016,P853,7,77.92,32.44,EUR,513.0
TXN_006251,2024-03-17 13:58:00,S042,P037,1,1053.79,31.69,EUR,1022.0999999999999
TXN_006252,2024-03-17 14:28:00,S009,P917,3,1297.43,2.87,EUR,3889.42
TXN_006253,2024-03-19 18:02:00,S070,P833,5,772.54,12.97,EUR,3849.73
TXN_006254,2024-03-23 23:41:00,S042,P786,5,69.91,45.67,EUR,303.87999999999994
TXN_006255,2024-03-20 07:28:00,S068,P081,9,465.92,41.56,EUR,4151.719999999999
TXN_006256,2024-03-10 21:41:00,S075,P280,5,176.68,9.19,USD,874.21
TXN_006257,2024-03-20 17:00:00,S081,P494,4,271.91,26.25,GBP,1061.39
TXN_006258,2024-03-21 13:12:00,S085,P218,5,550.55,35.31,USD,2717.44
TXN_006259,2024-03-26 19:50:00,S099,P182,8,241.53,39.32,EUR,1892.92
TXN_006260,2024-03-16 02:54:00,S021,P355,3,357.89,36.2,GBP,1037.47
TXN_006261,2024-03-02 17:55:00,S012,P493,9,857.32,30.2,EUR,7685.68
TXN_006262,2024-03-27 09:04:00,S080,P087,7,945.27,6.36,USD,6610.53
TXN_006263,2024-03-19 18:38:00,S066,P176,6,373.39,17.88,USD,2222.46
TXN_006264,2024-03-14 19:50:00,S072,P640,1,87.66,14.65,EUR,73.00999999999999
TXN_006265,2024-03-24 08:33:00,S061,P985,2,654.88,40.06,GBP,1269.7
TXN_006266,2024-03-04 12:33:00,S051,P760,1,636.96,43.38,USD,593.58
TXN_006267,2024-03-22 13:28:00,S029,P585,1,418.63,24.61,GBP,394.02
TXN_006268,2024-03-06 21:03:00,S060,P603,7,1375.1,41.48,EUR,9584.22
TXN_006269,2024-03-09 20:58:00,S038,P300,7,912.43,17.37,USD,6369.639999999999
TXN_006270,2024-03-08 05:38:00,S097,P868,5,1480.36,32.57,EUR,7369.23
TXN_006271,2024-03-08 19:50:00,S011,P138,9,30.64,31.5,GBP,244.26
TXN_006272,2024-03-20 16:32:00,S075,P600,8,346.82,25.79,EUR,2748.77
TXN_006273,2024-03-16 00:01:00,S082,P007,2,1332.2,47.33,USD,2617.07
TXN_006274,2024-03-20 19:41:00,S045,P163,7,503.34,12.37,GBP,3511.0099999999998
TXN_006275,2024-03-29 05:07:00,S007,P157,1,1417.95,28.33,EUR,1389.6200000000001
TXN_006276,2024-03-18 15:21:00,S038,P658,9,548.34,27.66,GBP,4907.400000000001
TXN_006277,2024-03-09 16:59:00,S064,P705,6,689.6,14.35,GBP,4123.25
TXN_006278,2024-03-07 12:58:00,S019,P919,2,890.38,13.54,GBP,1767.22
TXN_006279,2024-03-07 13:53:00,S039,P299,2,558.34,13.67,EUR,1103.01
TXN_006280,2024-03-05 21:06:00,S066,P472,2,219.08,6.71,EUR,431.45000000000005
TXN_006281,2024-03-03 12:08:00,S018,P898,9,988.35,2.34,EUR,8892.81
TXN_006282,2024-03-29 19:23:00,S042,P848,4,115.71,27.37,GBP,435.46999999999997
TXN_006283,2024-03-13 20:52:00,S090,P656,7,1142.69,0.66,EUR,7998.17
TXN_006284,2024-03-03 21:19:00,S029,P878,7,725.15,24.51,GBP,5051.54
TXN_006285,2024-03-09 12:34:00,S036,P476,2,202.59,31.38,GBP,373.8
TXN_006286,2024-03-27 19:27:00,S050,P981,5,870.9,3.6,EUR,4350.9
TXN_006287,2024-03-10 04:54:00,S063,P799,3,341.77,27.22,EUR,998.0899999999999
TXN_006288,2024-03-06 07:13:00,S062,P763,3,1329.72,28.52,GBP,3960.64
TXN_006289,2024-03-21 01:17:00,S017,P704,3,1101.69,48.14,USD,3256.9300000000003
TXN_006290,2024-03-01 03:31:00,S097,P192,2,519.24,22.71,GBP,1015.77
TXN_006291,2024-03-03 16:13:00,S004,P607,1,1107.12,18.19,GBP,1088.9299999999998
TXN_006292,2024-03-03 17:27:00,S065,P482,5,1156.92,6.27,USD,5778.33
TXN_006293,2024-03-07 01:37:00,S096,P972,2,1109.77,28.29,GBP,2191.25
TXN_006294,2024-03-03 04:36:00,S086,P818,6,153.48,5.13,GBP,915.7499999999999
TXN_006295,2024-03-14 21:32:00,S004,P969,1,1478.96,41.84,USD,1437.1200000000001
TXN_006296,2024-03-21 11:18:00,S085,P862,7,569.66,20.85,EUR,3966.77
TXN_006297,2024-03-02 12:08:00,S015,P710,4,284.84,43.37,USD,1095.99
TXN_006298,2024-03-11 18:21:00,S005,P625,5,989.77,9.51,GBP,4939.34
TXN_006299,2024-03-18 19:02:00,S084,P513,6,1337.84,0.76,USD,8026.279999999999
TXN_006300,2024-03-03 16:31:00,S089,P428,7,770.68,44.88,EUR,5349.879999999999
TXN_006301,2024-03-17 02:17:00,S009,P525,9,150.26,40.9,GBP,1311.4399999999998
TXN_006302,2024-03-11 13:52:00,S095,P062,8,693.02,44.12,EUR,5500.04
TXN_006303,2024-03-18 17:23:00,S068,P816,3,1080.14,33.68,USD,3206.7400000000002
TXN_006304,2024-03-13 05:02:00,S026,P143,3,952.74,36.45,USD,2821.7700000000004
TXN_006305,2024-03-20 23:17:00,S012,P844,3,433.63,27.24,EUR,1273.6499999999999
TXN_006306,2024-03-16 20:55:00,S097,P200,5,1102.78,3.63,EUR,5510.2699999999995
TXN_006307,2024-03-19 11:30:00,S067,P100,2,1150.78,35.87,EUR,2265.69
TXN_006308,2024-03-22 05:19:00,S039,P494,4,685.39,37.21,GBP,2704.35
TXN_006309,2024-03-02 21:40:00,S032,P638,3,1495.05,13.14,USD,4472.009999999999
TXN_006310,2024-03-20 12:58:00,S007,P008,4,890.42,33.33,EUR,3528.35
TXN_006311,2024-03-28 03:05:00,S002,P962,8,554.71,34.0,EUR,4403.68
TXN_006312,2024-03-18 09:31:00,S070,P602,1,487.26,35.31,EUR,451.95
TXN_006313,2024-03-21 18:46:00,S010,P024,3,516.7,11.56,GBP,1538.5400000000002
TXN_006314,2024-03-18 20:52:00,S084,P139,7,1098.3,18.12,GBP,7669.98
TXN_006315,2024-03-02 11:18:00,S024,P775,1,913.38,33.79,USD,879.59
TXN_006316,2024-03-02 18:07:00,S019,P398,4,994.53,34.16,USD,3943.96
TXN_006317,2024-03-19 03:48:00,S052,P062,1,594.78,16.41,EUR,578.37
TXN_006318,2024-03-02 06:18:00,S079,P412,3,61.29,11.96,USD,171.91
TXN_006319,2024-03-07 18:46:00,S073,P347,9,418.15,11.11,USD,3752.24
TXN_006320,2024-03-10 10:00:00,S050,P088,2,808.5,40.26,USD,1576.74
TXN_006321,2024-03-06 00:05:00,S055,P976,3,1044.26,22.15,EUR,3110.6299999999997
TXN_006322,2024-03-01 03:46:00,S061,P905,7,868.48,1.97,USD,6077.39
TXN_006323,2024-03-20 01:58:00,S030,P419,6,61.49,2.24,EUR,366.7
TXN_006324,2024-03-05 00:02:00,S049,P314,4,999.91,31.24,GBP,3968.4
TXN_006325,2024-03-24 10:15:00,S019,P856,7,639.84,4.99,USD,4473.89
TXN_006326,2024-03-18 15:29:00,S059,P934,8,872.97,36.53,USD,6947.2300000000005
TXN_006327,2024-03-02 07:27:00,S058,P881,3,158.98,15.35,EUR,461.5899999999999
TXN_006328,2024-03-24 01:57:00,S016,P804,1,215.3,2.26,EUR,213.04000000000002
TXN_006329,2024-03-28 17:48:00,S053,P747,1,277.23,3.2,USD,274.03000000000003
TXN_006330,2024-03-09 17:36:00,S013,P535,4,1363.29,21.12,USD,5432.04
TXN_006331,2024-03-12 09:31:00,S045,P638,1,57.23,6.81,USD,50.419999999999995
TXN_006332,2024-03-17 11:37:00,S061,P023,1,1050.84,3.41,GBP,1047.4299999999998
TXN_006333,2024-03-01 13:56:00,S060,P847,5,614.64,30.98,USD,3042.22
TXN_006334,2024-03-18 07:47:00,S052,P143,5,507.48,8.3,GBP,2529.1
TXN_006335,2024-03-28 16:36:00,S064,P015,7,942.43,34.16,GBP,6562.849999999999
TXN_006336,2024-03-27 01:54:00,S034,P687,9,1333.67,0.34,USD,12002.69
TXN_006337,2024-03-01 03:40:00,S092,P168,3,851.93,24.64,USD,2531.15
TXN_006338,2024-03-11 09:25:00,S058,P169,7,1091.7,41.25,GBP,7600.650000000001
TXN_006339,2024-03-10 18:07:00,S004,P992,5,540.1,42.69,USD,2657.81
TXN_006340,2024-03-06 14:23:00,S060,P134,4,370.9,4.07,EUR,1479.53
TXN_006341,2024-03-18 07:52:00,S059,P828,9,1144.93,7.72,GBP,10296.650000000001
TXN_006342,2024-03-04 08:58:00,S026,P680,9,826.15,19.51,GBP,7415.839999999999
TXN_006343,2024-03-12 11:51:00,S027,P695,8,1220.73,8.35,USD,9757.49
TXN_006344,2024-03-21 03:52:00,S094,P014,3,822.87,37.89,USD,2430.7200000000003
TXN_006345,2024-03-04 15:18:00,S022,P442,6,1413.76,7.01,EUR,8475.55
TXN_006346,2024-03-16 12:22:00,S019,P596,1,1147.37,25.23,USD,1122.1399999999999
TXN_006347,2024-03-16 03:11:00,S010,P602,1,1110.18,9.7,GBP,1100.48
TXN_006348,2024-03-21 14:58:00,S009,P740,1,209.87,29.25,GBP,180.62
TXN_006349,2024-03-16 13:20:00,S083,P672,1,1448.01,13.51,USD,1434.5
TXN_006350,2024-03-14 00:42:00,S049,P877,3,550.32,20.62,USD,1630.3400000000001
TXN_006351,2024-03-11 12:57:00,S068,P519,9,1404.91,6.1,EUR,12638.09
TXN_006352,2024-03-21 20:59:00,S010,P076,3,857.89,21.1,EUR,2552.57
TXN_006353,2024-03-09 12:31:00,S027,P282,4,767.16,11.92,EUR,3056.72
TXN_006354,2024-03-13 19:48:00,S042,P858,7,328.59,40.59,GBP,2259.5399999999995
TXN_006355,2024-03-10 00:42:00,S098,P131,3,1423.14,34.75,GBP,4234.67
TXN_006356,2024-03-18 14:58:00,S051,P017,1,167.25,5.43,EUR,161.82
TXN_006357,2024-03-19 01:53:00,S099,P072,4,239.84,46.83,USD,912.53
TXN_006358,2024-03-12 02:44:00,S074,P881,3,651.02,12.9,EUR,1940.1599999999999
TXN_006359,2024-03-04 08:35:00,S016,P874,4,1424.91,6.68,GBP,5692.96
TXN_006360,2024-03-15 12:41:00,S064,P941,9,657.73,30.23,GBP,5889.34
TXN_006361,2024-03-30 02:48:00,S073,P550,9,958.91,12.61,EUR,8617.58
TXN_006362,2024-03-28 18:08:00,S077,P606,5,1034.47,34.32,USD,5138.030000000001
TXN_006363,2024-03-08 09:31:00,S077,P064,6,561.51,11.25,EUR,3357.81
TXN_006364,2024-03-14 02:30:00,S072,P649,6,44.12,3.8,EUR,260.91999999999996
TXN_006365,2024-03-02 18:49:00,S005,P881,3,1441.66,15.88,EUR,4309.1
TXN_006366,2024-03-20 03:56:00,S003,P221,4,236.67,24.43,EUR,922.25
TXN_006367,2024-03-30 01:46:00,S079,P665,2,253.61,3.02,GBP,504.20000000000005
TXN_006368,2024-03-13 16:38:00,S042,P988,2,212.66,18.45,GBP,406.87
TXN_006369,2024-03-11 15:28:00,S088,P901,4,125.12,2.11,EUR,498.37
TXN_006370,2024-03-28 17:27:00,S047,P146,4,176.41,44.24,GBP,661.4
TXN_006371,2024-03-30 12:59:00,S038,P187,4,173.6,42.71,EUR,651.6899999999999
TXN_006372,2024-03-28 16:53:00,S045,P007,8,465.64,3.66,EUR,3721.46
TXN_006373,2024-03-10 18:56:00,S066,P078,1,951.74,42.81,USD,908.9300000000001
TXN_006374,2024-03-09 04:15:00,S025,P223,2,1330.42,41.51,EUR,2619.33
TXN_006375,2024-03-11 02:05:00,S059,P297,8,508.01,18.46,GBP,4045.62
TXN_006376,2024-03-18 21:16:00,S025,P104,8,224.63,12.62,EUR,1784.42
TXN_006377,2024-03-04 14:51:00,S068,P002,4,1185.11,16.72,EUR,4723.719999999999
TXN_006378,2024-03-14 15:29:00,S050,P860,3,127.53,38.68,EUR,343.91
TXN_006379,2024-03-16 04:39:00,S053,P689,7,1342.02,3.16,USD,9390.98
TXN_006380,2024-03-23 04:26:00,S052,P373,5,873.23,19.8,GBP,4346.349999999999
TXN_006381,2024-03-01 15:52:00,S023,P596,5,47.73,7.89,GBP,230.76
TXN_006382,2024-03-29 14:51:00,S013,P009,1,622.58,4.49,EUR,618.09
TXN_006383,2024-03-22 05:19:00,S015,P594,6,261.74,21.88,GBP,1548.56
TXN_006384,2024-03-17 04:02:00,S063,P138,1,237.14,20.37,EUR,216.76999999999998
TXN_006385,2024-03-19 07:23:00,S030,P161,9,1047.29,41.29,USD,9384.32
TXN_006386,2024-03-23 12:37:00,S065,P485,1,116.28,16.11,EUR,100.17
TXN_006387,2024-03-09 00:58:00,S060,P001,5,1180.66,42.39,GBP,5860.91
TXN_006388,2024-03-16 07:50:00,S030,P882,3,1138.94,16.15,EUR,3400.67
TXN_006389,2024-03-10 20:00:00,S093,P601,7,402.74,37.25,EUR,2781.9300000000003
TXN_006390,2024-03-03 16:35:00,S088,P328,4,613.32,42.06,GBP,2411.2200000000003
TXN_006391,2024-03-26 08:43:00,S031,P204,7,1103.91,11.21,GBP,7716.160000000001
TXN_006392,2024-03-17 10:11:00,S055,P732,1,456.27,44.58,EUR,411.69
TXN_006393,2024-03-18 16:52:00,S043,P907,9,1148.58,24.27,EUR,10312.949999999999
TXN_006394,2024-03-04 14:54:00,S028,P160,7,614.42,28.74,GBP,4272.2
TXN_006395,2024-03-13 01:44:00,S032,P531,4,10.81,45.42,GBP,-2.1799999999999997
TXN_006396,2024-03-30 13:44:00,S052,P586,8,1385.26,29.55,GBP,11052.53
TXN_006397,2024-03-11 16:19:00,S008,P069,4,336.58,5.7,USD,1340.62
TXN_006398,2024-03-28 00:42:00,S012,P911,9,184.66,9.96,USD,1651.98
TXN_006399,2024-03-09 11:26:00,S009,P292,8,91.17,20.51,EUR,708.85
TXN_006400,2024-03-16 00:25:00,S002,P160,6,380.76,31.62,EUR,2252.94
TXN_006401,2024-03-15 21:26:00,S052,P116,6,1467.51,26.95,GBP,8778.109999999999
TXN_006402,2024-03-05 14:43:00,S066,P361,9,527.29,26.66,EUR,4718.95
TXN_006403,2024-03-01 21:57:00,S004,P388,2,689.51,16.67,GBP,1362.35
TXN_006404,2024-03-21 15:04:00,S091,P119,8,977.7,42.47,GBP,7779.13
TXN_006405,2024-03-10 06:26:00,S002,P880,9,758.45,11.36,EUR,6814.6900000000005
TXN_006406,2024-03-10 15:55:00,S089,P434,4,821.05,37.05,EUR,3247.1499999999996
TXN_006407,2024-03-17 08:43:00,S094,P345,7,962.25,16.68,USD,6719.07
TXN_006408,2024-03-26 17:43:00,S097,P291,2,994.07,0.86,EUR,1987.2800000000002
TXN_006409,2024-03-23 19:06:00,S090,P348,7,256.99,2.95,USD,1795.98
TXN_006410,2024-03-20 21:08:00,S002,P948,3,1143.17,39.98,USD,3389.53
TXN_006411,2024-03-03 16:24:00,S014,P465,5,996.63,0.53,EUR,4982.62
TXN_006412,2024-03-09 00:35:00,S027,P888,9,154.76,42.24,EUR,1350.6
TXN_006413,2024-03-08 15:47:00,S089,P942,5,260.62,14.5,EUR,1288.6
TXN_006414,2024-03-26 16:00:00,S075,P066,5,1180.04,30.38,USD,5869.82
TXN_006415,2024-03-12 05:23:00,S012,P454,8,990.53,29.21,EUR,7895.03
TXN_006416,2024-03-23 00:29:00,S097,P030,9,1220.53,48.19,GBP,10936.58
TXN_006417,2024-03-14 01:19:00,S014,P660,8,173.98,14.78,USD,1377.06
TXN_006418,2024-03-08 11:35:00,S051,P415,8,670.64,20.35,USD,5344.7699999999995
TXN_006419,2024-03-05 21:35:00,S060,P743,6,406.37,32.89,EUR,2405.3300000000004
TXN_006420,2024-03-15 20:13:00,S011,P301,6,1393.01,49.44,EUR,8308.619999999999
TXN_006421,2024-03-04 17:53:00,S066,P396,9,1446.95,36.22,GBP,12986.330000000002
TXN_006422,2024-03-09 01:31:00,S032,P091,4,934.67,10.58,USD,3728.1
TXN_006423,2024-03-24 01:36:00,S028,P374,9,1067.99,20.66,EUR,9591.25
TXN_006424,2024-03-13 01:30:00,S049,P750,6,1092.28,47.88,USD,6505.8
TXN_006425,2024-03-08 15:00:00,S021,P012,4,68.87,32.57,GBP,242.91000000000003
TXN_006426,2024-03-29 00:51:00,S064,P623,7,1155.81,11.09,GBP,8079.58
TXN_006427,2024-03-27 18:14:00,S002,P220,9,1126.46,46.01,GBP,10092.13
TXN_006428,2024-03-16 04:35:00,S091,P588,4,507.4,3.03,USD,2026.57
TXN_006429,2024-03-01 00:49:00,S091,P706,1,774.67,25.04,GBP,749.63
TXN_006430,2024-03-02 14:41:00,S098,P220,4,1036.28,25.26,EUR,4119.86
TXN_006431,2024-03-29 15:05:00,S058,P406,5,905.41,46.4,EUR,4480.650000000001
TXN_006432,2024-03-14 08:14:00,S087,P707,5,1344.16,49.15,EUR,6671.650000000001
TXN_006433,2024-03-24 19:05:00,S075,P346,5,962.72,13.85,USD,4799.75
TXN_006434,2024-03-18 14:22:00,S073,P565,6,600.83,9.01,GBP,3595.9700000000003
TXN_006435,2024-03-11 08:57:00,S019,P135,6,595.52,45.31,USD,3527.81
TXN_006436,2024-03-12 10:58:00,S021,P914,2,1455.36,38.27,EUR,2872.45
TXN_006437,2024-03-02 17:10:00,S029,P865,6,392.75,33.33,EUR,2323.17
TXN_006438,2024-03-23 08:55:00,S007,P477,2,345.46,44.86,USD,646.06
TXN_006439,2024-03-07 08:19:00,S006,P166,7,1301.79,2.12,USD,9110.409999999998
TXN_006440,2024-03-28 21:18:00,S060,P191,6,1059.28,43.26,USD,6312.42
TXN_006441,2024-03-15 12:21:00,S095,P029,4,1364.06,0.7,EUR,5455.54
TXN_006442,2024-03-14 13:51:00,S020,P907,6,1375.57,33.18,EUR,8220.24
TXN_006443,2024-03-28 09:15:00,S087,P461,6,694.74,4.26,GBP,4164.18
TXN_006444,2024-03-21 19:12:00,S097,P758,5,203.33,18.69,GBP,997.96
TXN_006445,2024-03-13 09:09:00,S064,P332,7,1134.55,19.01,EUR,7922.839999999999
TXN_006446,2024-03-02 06:08:00,S035,P775,1,277.59,37.84,USD,239.74999999999997
TXN_006447,2024-03-18 03:31:00,S065,P785,6,61.32,49.57,GBP,318.35
TXN_006448,2024-03-15 10:44:00,S030,P904,2,1214.31,30.15,GBP,2398.47
TXN_006449,2024-03-13 02:40:00,S086,P307,3,1350.77,20.66,GBP,4031.65
TXN_006450,2024-03-25 07:07:00,S037,P062,4,1098.54,14.44,USD,4379.72
TXN_006451,2024-03-15 14:51:00,S028,P017,2,909.82,33.11,EUR,1786.5300000000002
TXN_006452,2024-03-07 06:15:00,S037,P751,8,912.01,20.26,GBP,7275.82
TXN_006453,2024-03-21 19:27:00,S080,P519,3,724.23,33.16,EUR,2139.53
TXN_006454,2024-03-11 03:44:00,S014,P059,3,1341.41,16.61,GBP,4007.6200000000003
TXN_006455,2024-03-03 23:36:00,S004,P559,6,846.8,45.26,EUR,5035.539999999999
TXN_006456,2024-03-11 08:45:00,S048,P760,7,1446.28,12.2,USD,10111.759999999998
TXN_006457,2024-03-21 15:59:00,S082,P678,7,1156.7,47.47,USD,8049.43
TXN_006458,2024-03-20 01:58:00,S043,P597,4,1193.31,42.05,GBP,4731.19
TXN_006459,2024-03-23 19:49:00,S037,P503,7,1362.37,45.58,GBP,9491.01
TXN_006460,2024-03-11 19:51:00,S021,P689,4,529.13,37.24,USD,2079.28
TXN_006461,2024-03-26 01:15:00,S058,P542,4,258.75,26.52,EUR,1008.48
TXN_006462,2024-03-06 07:14:00,S075,P571,5,826.08,45.45,EUR,4084.9500000000007
TXN_006463,2024-03-10 22:28:00,S044,P319,1,209.78,26.32,GBP,183.46
TXN_006464,2024-03-24 22:35:00,S004,P434,9,588.32,8.83,USD,5286.05
TXN_006465,2024-03-10 14:09:00,S060,P776,1,1275.63,31.66,EUR,1243.97
TXN_006466,2024-03-02 05:20:00,S037,P915,9,956.01,4.2,USD,8599.89
TXN_006467,2024-03-24 16:50:00,S086,P075,3,353.22,2.09,USD,1057.5700000000002
TXN_006468,2024-03-29 20:38:00,S036,P867,1,1198.54,3.47,EUR,1195.07
TXN_006469,2024-03-19 16:02:00,S045,P379,3,209.78,23.58,EUR,605.76
TXN_006470,2024-03-20 10:33:00,S098,P789,9,1464.47,15.86,GBP,13164.369999999999
TXN_006471,2024-03-12 03:49:00,S012,P837,4,15.62,5.43,EUR,57.05
TXN_006472,2024-03-17 12:30:00,S024,P137,9,564.89,16.19,GBP,5067.820000000001
TXN_006473,2024-03-29 06:07:00,S038,P419,1,27.54,42.29,GBP,-14.75
TXN_006474,2024-03-01 22:19:00,S013,P831,8,735.46,29.88,USD,5853.8
TXN_006475,2024-03-24 09:50:00,S041,P671,8,802.9,33.94,GBP,6389.26
TXN_006476,2024-03-24 01:45:00,S049,P270,8,150.69,46.99,USD,1158.53
TXN_006477,2024-03-19 08:17:00,S012,P219,7,193.73,9.12,EUR,1346.99
TXN_006478,2024-03-14 09:10:00,S056,P307,1,905.71,2.38,USD,903.33
TXN_006479,2024-03-08 00:58:00,S009,P648,9,226.34,14.87,EUR,2022.19
TXN_006480,2024-03-17 04:24:00,S086,P418,7,1284.08,44.41,GBP,8944.15
TXN_006481,2024-03-28 18:10:00,S005,P331,6,353.66,34.95,GBP,2087.01
TXN_006482,2024-03-14 13:04:00,S030,P786,1,519.04,10.43,EUR,508.60999999999996
TXN_006483,2024-03-26 22:25:00,S033,P377,7,914.06,38.88,EUR,6359.54
TXN_006484,2024-03-09 19:16:00,S078,P765,1,1207.54,25.19,EUR,1182.35
TXN_006485,2024-03-29 18:47:00,S083,P927,3,36.21,41.24,USD,67.38999999999999
TXN_006486,2024-03-03 06:05:00,S059,P087,3,1242.99,19.81,EUR,3709.1600000000003
TXN_006487,2024-03-26 18:40:00,S042,P176,7,458.6,11.5,GBP,3198.7000000000003
TXN_006488,2024-03-10 03:25:00,S073,P221,8,1376.54,20.22,EUR,10992.1
TXN_006489,2024-03-19 09:38:00,S015,P397,1,1347.88,3.16,GBP,1344.72
TXN_006490,2024-03-28 20:57:00,S084,P629,3,206.24,24.17,GBP,594.5500000000001
TXN_006491,2024-03-02 23:30:00,S083,P639,6,406.38,35.8,EUR,2402.4799999999996
TXN_006492,2024-03-25 23:23:00,S100,P933,1,47.99,3.19,GBP,44.800000000000004
TXN_006493,2024-03-08 23:32:00,S074,P873,9,537.51,42.48,GBP,4795.110000000001
TXN_006494,2024-03-14 05:47:00,S081,P090,3,1364.3,6.6,USD,4086.2999999999997
TXN_006495,2024-03-30 09:40:00,S033,P629,5,859.46,0.69,USD,4296.610000000001
TXN_006496,2024-03-26 13:51:00,S092,P358,5,269.85,48.16,USD,1301.09
TXN_006497,2024-03-19 18:53:00,S040,P800,9,530.97,17.8,USD,4760.93
TXN_006498,2024-03-03 06:36:00,S039,P904,7,42.56,46.97,USD,250.95000000000002
TXN_006499,2024-03-15 05:47:00,S052,P727,3,663.54,43.95,GBP,1946.6699999999998
TXN_006500,2024-03-19 05:45:00,S004,P612,4,943.3,6.75,GBP,3766.45
TXN_006501,2024-03-29 21:58:00,S057,P202,1,769.06,24.7,GBP,744.3599999999999
TXN_006502,2024-03-27 02:24:00,S077,P751,4,1432.47,16.0,GBP,5713.88
TXN_006503,2024-03-20 20:24:00,S060,P617,9,221.2,18.03,EUR,1972.77
TXN_006504,2024-03-19 13:21:00,S068,P614,4,1257.48,35.28,GBP,4994.64
TXN_006505,2024-03-29 20:02:00,S041,P841,4,1261.17,7.32,USD,5037.360000000001
TXN_006506,2024-03-11 02:58:00,S062,P352,8,1395.84,34.84,GBP,11131.88
TXN_006507,2024-03-22 11:13:00,S060,P703,3,1265.12,10.0,EUR,3785.3599999999997
TXN_006508,2024-03-12 15:48:00,S006,P500,6,1480.94,6.33,USD,8879.31
TXN_006509,2024-03-07 09:51:00,S066,P040,5,609.52,22.95,USD,3024.65
TXN_006510,2024-03-12 15:46:00,S039,P670,7,228.16,36.92,USD,1560.1999999999998
TXN_006511,2024-03-25 02:38:00,S002,P430,7,98.73,8.74,EUR,682.37
TXN_006512,2024-03-04 21:36:00,S023,P179,3,865.39,25.7,GBP,2570.4700000000003
TXN_006513,2024-03-26 14:48:00,S033,P807,4,610.82,34.33,EUR,2408.9500000000003
TXN_006514,2024-03-12 11:07:00,S069,P911,8,980.8,29.19,GBP,7817.21
TXN_006515,2024-03-19 13:33:00,S017,P499,9,115.57,10.53,USD,1029.6
TXN_006516,2024-03-23 02:28:00,S045,P052,3,1030.69,45.7,GBP,3046.3700000000003
TXN_006517,2024-03-27 05:04:00,S092,P964,3,1493.61,28.33,GBP,4452.5
TXN_006518,2024-03-25 04:11:00,S014,P508,9,461.3,10.9,USD,4140.8
TXN_006519,2024-03-14 09:59:00,S061,P382,5,1186.07,17.47,EUR,5912.879999999999
TXN_006520,2024-03-30 13:42:00,S098,P226,9,114.54,12.9,USD,1017.9600000000002
TXN_006521,2024-03-01 09:13:00,S066,P040,1,72.77,18.31,GBP,54.459999999999994
TXN_006522,2024-03-09 05:32:00,S009,P527,8,900.25,9.38,USD,7192.62
TXN_006523,2024-03-22 18:09:00,S020,P615,9,1269.68,22.82,GBP,11404.300000000001
TXN_006524,2024-03-24 13:29:00,S076,P552,6,1264.46,34.64,USD,7552.12
TXN_006525,2024-03-23 01:03:00,S010,P992,5,901.79,27.61,USD,4481.34
TXN_006526,2024-03-18 11:37:00,S044,P191,3,1105.9,7.12,EUR,3310.5800000000004
TXN_006527,2024-03-26 09:00:00,S020,P818,6,916.46,12.17,EUR,5486.59
TXN_006528,2024-03-04 05:40:00,S037,P837,2,1160.58,43.93,EUR,2277.23
TXN_006529,2024-03-06 11:39:00,S005,P650,6,618.85,2.5,GBP,3710.6000000000004
TXN_006530,2024-03-14 04:56:00,S025,P404,5,1030.27,1.84,EUR,5149.51
TXN_006531,2024-03-09 10:43:00,S095,P211,4,1491.57,18.62,EUR,5947.66
TXN_006532,2024-03-14 10:44:00,S090,P696,8,1092.6,22.5,USD,8718.3
TXN_006533,2024-03-27 00:28:00,S059,P004,1,887.24,4.38,USD,882.86
TXN_006534,2024-03-21 12:33:00,S012,P286,5,1268.98,40.34,GBP,6304.5599999999995
TXN_006535,2024-03-25 12:09:00,S038,P397,4,296.89,34.38,GBP,1153.1799999999998
TXN_006536,2024-03-06 01:30:00,S089,P459,8,953.35,18.7,EUR,7608.1
TXN_006537,2024-03-18 15:43:00,S043,P261,9,211.19,49.96,GBP,1850.75
TXN_006538,2024-03-04 04:11:00,S068,P540,3,912.82,27.76,EUR,2710.7
TXN_006539,2024-03-12 06:24:00,S099,P183,3,94.55,15.05,EUR,268.59999999999997
TXN_006540,2024-03-09 11:32:00,S045,P388,3,1077.13,8.88,EUR,3222.51
TXN_006541,2024-03-20 22:27:00,S097,P193,6,779.74,29.87,EUR,4648.570000000001
TXN_006542,2024-03-11 17:49:00,S039,P411,9,251.48,37.04,GBP,2226.2799999999997
TXN_006543,2024-03-19 05:49:00,S044,P388,5,1186.38,27.45,USD,5904.450000000001
TXN_006544,2024-03-16 01:14:00,S078,P509,8,1441.78,13.54,USD,11520.699999999999
TXN_006545,2024-03-19 02:36:00,S045,P329,7,897.85,25.83,USD,6259.12
TXN_006546,2024-03-10 21:38:00,S074,P670,8,889.69,35.09,EUR,7082.43
TXN_006547,2024-03-24 13:31:00,S020,P031,2,1272.33,40.09,EUR,2504.5699999999997
TXN_006548,2024-03-02 14:15:00,S044,P179,6,334.76,41.24,USD,1967.32
TXN_006549,2024-03-11 02:07:00,S089,P883,1,1156.34,36.51,USD,1119.83
TXN_006550,2024-03-26 16:00:00,S088,P146,2,218.78,12.29,EUR,425.27
TXN_006551,2024-03-22 15:08:00,S024,P699,3,476.41,40.7,EUR,1388.53
TXN_006552,2024-03-09 17:45:00,S014,P597,8,1329.37,14.46,GBP,10620.5
TXN_006553,2024-03-19 23:27:00,S025,P929,7,1422.73,26.76,EUR,9932.35
TXN_006554,2024-03-18 10:12:00,S034,P853,3,1476.35,13.71,USD,4415.339999999999
TXN_006555,2024-03-09 09:34:00,S063,P606,2,265.72,39.83,USD,491.61000000000007
TXN_006556,2024-03-17 18:58:00,S015,P948,5,807.42,32.08,EUR,4005.02
TXN_006557,2024-03-17 17:42:00,S097,P616,8,710.7,36.36,EUR,5649.240000000001
TXN_006558,2024-03-07 02:43:00,S041,P025,2,81.46,5.12,EUR,157.79999999999998
TXN_006559,2024-03-05 18:59:00,S029,P492,5,599.54,0.0,USD,2997.7
TXN_006560,2024-03-03 03:35:00,S084,P974,6,984.49,49.08,EUR,5857.860000000001
TXN_006561,2024-03-27 04:55:00,S070,P130,3,366.41,3.83,USD,1095.4
TXN_006562,2024-03-22 05:27:00,S087,P046,9,723.18,44.43,EUR,6464.19
TXN_006563,2024-03-07 20:41:00,S003,P730,7,788.22,8.03,USD,5509.51
TXN_006564,2024-03-10 07:14:00,S067,P930,5,188.93,39.78,GBP,904.8700000000001
TXN_006565,2024-03-06 00:13:00,S092,P981,8,730.29,15.66,USD,5826.66
TXN_006566,2024-03-04 15:30:00,S082,P794,1,1117.25,41.09,GBP,1076.16
TXN_006567,2024-03-09 03:52:00,S032,P855,2,1392.65,29.37,EUR,2755.9300000000003
TXN_006568,2024-03-15 15:42:00,S098,P906,4,629.64,41.39,GBP,2477.17
TXN_006569,2024-03-11 02:35:00,S047,P197,5,394.47,13.22,EUR,1959.13
TXN_006570,2024-03-23 02:59:00,S100,P401,2,1417.22,46.49,EUR,2787.9500000000003
TXN_006571,2024-03-13 05:38:00,S089,P617,2,124.65,2.17,USD,247.13000000000002
TXN_006572,2024-03-09 23:41:00,S073,P082,9,183.68,25.69,EUR,1627.43
TXN_006573,2024-03-08 12:48:00,S046,P956,3,865.52,27.96,USD,2568.6
TXN_006574,2024-03-14 14:59:00,S019,P823,5,1002.03,27.63,USD,4982.5199999999995
TXN_006575,2024-03-08 12:14:00,S093,P503,5,838.24,49.63,GBP,4141.57
TXN_006576,2024-03-12 17:40:00,S063,P341,4,597.83,31.99,GBP,2359.3300000000004
TXN_006577,2024-03-05 09:35:00,S003,P722,8,115.14,24.7,EUR,896.42
TXN_006578,2024-03-15 18:31:00,S070,P820,5,624.04,47.55,EUR,3072.6499999999996
TXN_006579,2024-03-03 10:37:00,S015,P768,4,577.48,16.58,EUR,2293.34
TXN_006580,2024-03-15 14:24:00,S045,P130,9,1406.92,35.32,EUR,12626.960000000001
TXN_006581,2024-03-28 01:52:00,S094,P822,3,51.93,1.14,EUR,154.65
TXN_006582,2024-03-30 01:22:00,S053,P145,2,1307.63,29.68,USD,2585.5800000000004
TXN_006583,2024-03-13 07:20:00,S084,P425,4,1051.84,23.68,USD,4183.679999999999
TXN_006584,2024-03-28 05:12:00,S010,P210,2,836.1,33.24,EUR,1638.96
TXN_006585,2024-03-15 00:20:00,S007,P453,5,591.44,26.84,EUR,2930.36
TXN_006586,2024-03-24 09:41:00,S039,P664,7,1226.06,42.4,EUR,8540.02
TXN_006587,2024-03-13 14:47:00,S073,P947,9,1108.18,15.05,EUR,9958.570000000002
TXN_006588,2024-03-28 06:36:00,S090,P817,8,1020.9,10.86,GBP,8156.34
TXN_006589,2024-03-04 10:13:00,S019,P652,1,911.59,18.93,GBP,892.6600000000001
TXN_006590,2024-03-22 04:15:00,S060,P037,2,813.06,0.99,EUR,1625.1299999999999
TXN_006591,2024-03-18 02:04:00,S002,P753,9,24.75,48.59,USD,174.16
TXN_006592,2024-03-26 06:47:00,S076,P918,5,671.67,28.67,USD,3329.68
TXN_006593,2024-03-24 12:15:00,S001,P795,4,823.0,7.0,GBP,3285.0
TXN_006594,2024-03-02 14:47:00,S019,P807,2,79.76,22.68,EUR,136.84
TXN_006595,2024-03-11 21:33:00,S071,P852,6,1497.81,0.97,EUR,8985.890000000001
TXN_006596,2024-03-29 13:34:00,S084,P302,9,177.4,23.33,GBP,1573.2700000000002
TXN_006597,2024-03-16 02:31:00,S032,P671,2,45.1,32.01,GBP,58.190000000000005
TXN_006598,2024-03-12 05:00:00,S055,P878,5,1103.26,5.77,GBP,5510.53
TXN_006599,2024-03-10 20:45:00,S001,P229,7,21.43,0.38,GBP,149.63
TXN_006600,2024-03-01 15:53:00,S010,P020,2,1473.88,5.16,USD,2942.6000000000004
TXN_006601,2024-03-08 08:42:00,S031,P039,7,1185.69,10.54,GBP,8289.289999999999
TXN_006602,2024-03-09 05:43:00,S082,P266,9,1023.04,19.33,EUR,9188.03
TXN_006603,2024-03-30 21:49:00,S014,P664,1,964.4,35.55,EUR,928.85
TXN_006604,2024-03-16 04:07:00,S012,P232,6,1398.08,46.42,GBP,8342.06
TXN_006605,2024-03-26 23:23:00,S028,P272,4,967.48,30.76,GBP,3839.16
TXN_006606,2024-03-30 08:32:00,S039,P943,4,1090.93,32.25,EUR,4331.47
TXN_006607,2024-03-27 08:25:00,S077,P387,8,88.89,0.57,USD,710.55
TXN_006608,2024-03-19 18:53:00,S100,P582,7,29.17,41.47,USD,162.72
TXN_006609,2024-03-05 20:21:00,S030,P911,2,1401.77,45.54,USD,2758.0
TXN_006610,2024-03-12 22:29:00,S047,P095,2,228.92,22.85,USD,434.98999999999995
TXN_006611,2024-03-12 18:04:00,S097,P583,2,1218.42,10.62,EUR,2426.2200000000003
TXN_006612,2024-03-23 15:52:00,S077,P473,9,14.93,35.02,EUR,99.35
TXN_006613,2024-03-10 06:29:00,S055,P647,2,887.17,32.93,GBP,1741.4099999999999
TXN_006614,2024-03-25 21:36:00,S008,P747,3,624.46,32.47,USD,1840.91
TXN_006615,2024-03-19 17:11:00,S083,P015,2,984.49,29.06,USD,1939.92
TXN_006616,2024-03-25 10:28:00,S090,P216,5,376.21,26.99,EUR,1854.06
TXN_006617,2024-03-03 03:08:00,S014,P073,5,468.2,41.94,GBP,2299.06
TXN_006618,2024-03-28 08:24:00,S037,P761,8,302.71,27.12,USD,2394.56
TXN_006619,2024-03-21 03:29:00,S024,P654,2,328.63,13.15,EUR,644.11
TXN_006620,2024-03-19 15:07:00,S032,P942,6,1465.4,14.93,GBP,8777.470000000001
TXN_006621,2024-03-21 20:23:00,S076,P251,3,939.67,17.0,GBP,2802.0099999999998
TXN_006622,2024-03-21 20:57:00,S003,P448,1,109.41,9.34,GBP,100.07
TXN_006623,2024-03-20 18:16:00,S052,P052,6,12.99,26.08,USD,51.86
TXN_006624,2024-03-03 07:15:00,S033,P296,6,631.29,23.49,USD,3764.25
TXN_006625,2024-03-19 04:57:00,S018,P352,7,442.47,43.04,EUR,3054.25
TXN_006626,2024-03-27 20:18:00,S096,P593,1,592.36,12.58,USD,579.78
TXN_006627,2024-03-24 11:04:00,S021,P887,8,690.04,7.39,EUR,5512.929999999999
TXN_006628,2024-03-02 15:49:00,S044,P024,6,144.22,46.86,USD,818.4599999999999
TXN_006629,2024-03-06 16:07:00,S058,P958,7,346.64,9.92,USD,2416.56
TXN_006630,2024-03-20 21:04:00,S089,P545,3,496.44,6.45,USD,1482.87
TXN_006631,2024-03-14 15:41:00,S091,P682,6,472.48,18.48,GBP,2816.4
TXN_006632,2024-03-15 00:28:00,S024,P718,4,801.58,21.08,GBP,3185.2400000000002
TXN_006633,2024-03-15 09:29:00,S080,P517,8,830.8,25.11,GBP,6621.29
TXN_006634,2024-03-15 13:58:00,S043,P818,8,90.07,24.04,USD,696.52
TXN_006635,2024-03-28 10:29:00,S045,P963,8,238.48,12.61,EUR,1895.23
TXN_006636,2024-03-14 02:25:00,S073,P138,4,1001.26,19.05,EUR,3985.99
TXN_006637,2024-03-15 10:29:00,S081,P079,2,1342.04,20.83,USD,2663.25
TXN_006638,2024-03-14 16:02:00,S038,P765,1,825.72,10.59,EUR,815.13
TXN_006639,2024-03-11 16:40:00,S003,P391,1,1050.81,23.4,GBP,1027.4099999999999
TXN_006640,2024-03-22 16:23:00,S035,P005,3,1150.58,42.94,USD,3408.7999999999997
TXN_006641,2024-03-10 11:30:00,S094,P600,9,1452.56,18.68,USD,13054.359999999999
TXN_006642,2024-03-05 02:38:00,S085,P478,9,889.98,42.36,EUR,7967.46
TXN_006643,2024-03-18 14:24:00,S014,P304,4,271.95,34.3,USD,1053.5
TXN_006644,2024-03-14 11:39:00,S053,P137,5,512.56,30.15,EUR,2532.6499999999996
TXN_006645,2024-03-08 10:01:00,S045,P249,7,341.06,30.83,USD,2356.59
TXN_006646,2024-03-04 00:01:00,S037,P885,9,1294.53,13.74,EUR,11637.03
TXN_006647,2024-03-13 11:53:00,S015,P840,8,1162.24,11.57,USD,9286.35
TXN_006648,2024-03-29 14:50:00,S054,P767,6,14.77,18.59,EUR,70.03
TXN_006649,2024-03-13 18:09:00,S027,P741,2,1309.2,26.55,GBP,2591.85
TXN_006650,2024-03-08 12:47:00,S014,P902,8,181.76,49.91,USD,1404.1699999999998
TXN_006651,2024-03-29 12:02:00,S058,P705,5,484.52,23.2,EUR,2399.4
TXN_006652,2024-03-28 01:51:00,S092,P081,8,664.17,6.7,USD,5306.66
TXN_006653,2024-03-12 14:26:00,S031,P904,6,805.14,4.54,GBP,4826.3
TXN_006654,2024-03-30 17:20:00,S061,P699,5,586.62,28.75,USD,2904.35
TXN_006655,2024-03-20 18:41:00,S027,P804,6,999.38,16.23,USD,5980.05
TXN_006656,2024-03-04 21:47:00,S050,P175,2,1032.15,36.6,USD,2027.7000000000003
TXN_006657,2024-03-22 05:18:00,S083,P448,9,1455.18,12.78,EUR,13083.84
TXN_006658,2024-03-04 05:18:00,S091,P630,1,922.73,41.14,USD,881.59
TXN_006659,2024-03-15 11:24:00,S003,P275,1,1127.52,13.86,EUR,1113.66
TXN_006660,2024-03-14 19:24:00,S011,P190,1,1178.74,35.93,EUR,1142.81
TXN_006661,2024-03-03 11:09:00,S087,P730,1,16.18,8.19,EUR,7.99
TXN_006662,2024-03-02 01:52:00,S090,P268,4,814.11,14.51,USD,3241.93
TXN_006663,2024-03-05 16:50:00,S036,P258,9,967.02,24.01,USD,8679.17
TXN_006664,2024-03-02 08:40:00,S053,P418,5,99.72,48.44,GBP,450.16
TXN_006665,2024-03-12 20:37:00,S006,P217,9,507.46,45.22,USD,4521.919999999999
TXN_006666,2024-03-17 03:41:00,S071,P508,3,663.59,41.29,EUR,1949.48
TXN_006667,2024-03-29 08:22:00,S014,P572,5,91.23,3.41,GBP,452.74
TXN_006668,2024-03-12 19:11:00,S055,P244,9,662.29,13.04,GBP,5947.57
TXN_006669,2024-03-28 20:51:00,S003,P968,7,214.72,4.66,GBP,1498.3799999999999
TXN_006670,2024-03-09 14:07:00,S006,P642,2,1051.19,22.03,EUR,2080.35
TXN_006671,2024-03-30 02:32:00,S075,P854,1,759.55,31.17,EUR,728.38
TXN_006672,2024-03-01 11:07:00,S022,P992,7,1219.82,5.35,EUR,8533.39
TXN_006673,2024-03-28 15:58:00,S067,P301,2,1333.58,23.92,EUR,2643.24
TXN_006674,2024-03-15 18:12:00,S030,P990,9,452.13,24.49,GBP,4044.6800000000003
TXN_006675,2024-03-03 09:08:00,S084,P577,1,1110.14,33.32,EUR,1076.8200000000002
TXN_006676,2024-03-17 13:35:00,S041,P156,5,537.13,46.32,EUR,2639.33
TXN_006677,2024-03-13 18:12:00,S009,P971,1,788.51,21.69,EUR,766.8199999999999
TXN_006678,2024-03-12 18:51:00,S049,P486,5,883.4,45.12,GBP,4371.88
TXN_006679,2024-03-08 03:02:00,S002,P621,2,334.37,19.64,EUR,649.1
TXN_006680,2024-03-30 06:41:00,S043,P728,9,798.16,35.77,USD,7147.669999999999
TXN_006681,2024-03-14 07:31:00,S031,P830,5,1261.17,19.11,EUR,6286.740000000001
TXN_006682,2024-03-09 17:52:00,S087,P255,3,1218.74,15.93,EUR,3640.2900000000004
TXN_006683,2024-03-14 22:43:00,S041,P998,3,1066.69,42.7,USD,3157.3700000000003
TXN_006684,2024-03-15 23:07:00,S008,P116,7,996.01,35.91,USD,6936.16
TXN_006685,2024-03-08 06:37:00,S017,P529,8,1118.6,2.68,USD,8946.119999999999
TXN_006686,2024-03-01 13:17:00,S071,P794,5,867.48,3.74,USD,4333.66
TXN_006687,2024-03-30 06:28:00,S026,P432,1,45.08,31.17,GBP,13.909999999999997
TXN_006688,2024-03-21 20:20:00,S043,P529,5,220.25,29.48,EUR,1071.77
TXN_006689,2024-03-29 05:51:00,S016,P089,9,1301.14,35.26,USD,11675.0
TXN_006690,2024-03-19 13:55:00,S060,P034,4,795.41,28.36,USD,3153.2799999999997
TXN_006691,2024-03-18 19:39:00,S090,P637,6,706.99,26.08,USD,4215.860000000001
TXN_006692,2024-03-02 13:23:00,S037,P901,3,503.9,20.02,USD,1491.6799999999998
TXN_006693,2024-03-21 07:12:00,S079,P760,1,1473.84,9.09,EUR,1464.75
TXN_006694,2024-03-01 20:36:00,S046,P715,5,783.97,30.72,USD,3889.1300000000006
TXN_006695,2024-03-07 23:17:00,S052,P772,1,803.06,21.89,GBP,781.17
TXN_006696,2024-03-09 03:21:00,S074,P010,7,14.85,48.78,EUR,55.17
TXN_006697,2024-03-21 08:38:00,S026,P978,7,586.07,27.28,GBP,4075.2100000000005
TXN_006698,2024-03-15 18:47:00,S084,P645,9,300.82,21.71,GBP,2685.67
TXN_006699,2024-03-01 22:25:00,S095,P187,5,309.69,28.42,USD,1520.03
TXN_006700,2024-03-16 09:22:00,S056,P548,2,988.25,21.26,GBP,1955.24
TXN_006701,2024-03-24 22:16:00,S052,P668,3,262.27,19.59,USD,767.2199999999999
TXN_006702,2024-03-23 18:03:00,S012,P447,4,1384.28,39.33,USD,5497.79
TXN_006703,2024-03-10 12:26:00,S100,P883,4,221.15,19.49,GBP,865.11
TXN_006704,2024-03-15 09:45:00,S001,P188,4,1393.92,27.51,GBP,5548.17
TXN_006705,2024-03-26 16:12:00,S039,P939,5,973.91,17.49,USD,4852.06
TXN_006706,2024-03-16 04:25:00,S004,P951,1,1039.69,20.62,USD,1019.07
TXN_006707,2024-03-29 07:47:00,S009,P585,5,48.06,3.47,USD,236.83
TXN_006708,2024-03-18 03:19:00,S042,P653,4,1090.99,23.88,EUR,4340.08
TXN_006709,2024-03-10 08:30:00,S046,P481,6,1102.42,3.19,GBP,6611.330000000001
TXN_006710,2024-03-10 08:37:00,S083,P834,9,1057.31,0.18,EUR,9515.609999999999
TXN_006711,2024-03-07 07:46:00,S095,P084,4,287.66,35.45,EUR,1115.19
TXN_006712,2024-03-30 16:26:00,S049,P835,1,627.46,7.66,USD,619.8000000000001
TXN_006713,2024-03-04 03:59:00,S095,P893,7,104.33,0.29,GBP,730.02
TXN_006714,2024-03-16 19:57:00,S072,P839,3,293.47,36.06,USD,844.3500000000001
TXN_006715,2024-03-13 10:30:00,S007,P016,4,183.97,45.64,USD,690.24
TXN_006716,2024-03-11 20:22:00,S052,P846,5,140.39,20.46,EUR,681.4899999999999
TXN_006717,2024-03-10 21:36:00,S054,P564,3,867.88,31.84,USD,2571.7999999999997
TXN_006718,2024-03-14 13:32:00,S005,P744,3,546.96,16.37,USD,1624.5100000000002
TXN_006719,2024-03-23 09:31:00,S013,P829,9,821.09,0.92,EUR,7388.89
TXN_006720,2024-03-14 07:49:00,S063,P637,7,1495.44,23.35,GBP,10444.73
TXN_006721,2024-03-06 20:29:00,S082,P073,4,1119.72,1.98,GBP,4476.900000000001
TXN_006722,2024-03-13 08:31:00,S030,P872,2,160.9,44.86,GBP,276.94
TXN_006723,2024-03-18 10:25:00,S068,P740,6,1220.2,33.16,EUR,7288.040000000001
TXN_006724,2024-03-04 20:50:00,S008,P470,6,1342.93,6.38,GBP,8051.2
TXN_006725,2024-03-28 07:56:00,S033,P316,7,1243.43,43.04,EUR,8660.97
TXN_006726,2024-03-20 10:19:00,S087,P928,2,1099.55,24.24,USD,2174.86
TXN_006727,2024-03-27 01:45:00,S047,P198,6,114.37,48.25,EUR,637.97
TXN_006728,2024-03-11 18:38:00,S053,P886,9,1395.65,48.34,EUR,12512.51
TXN_006729,2024-03-09 20:44:00,S001,P452,8,809.9,47.15,EUR,6432.05
TXN_006730,2024-03-29 23:14:00,S010,P626,1,923.36,9.41,GBP,913.95
TXN_006731,2024-03-13 11:38:00,S042,P078,2,1247.87,27.32,USD,2468.4199999999996
TXN_006732,2024-03-27 13:14:00,S030,P577,5,320.79,43.62,GBP,1560.3300000000002
TXN_006733,2024-03-26 11:38:00,S037,P155,7,637.97,14.01,USD,4451.78
TXN_006734,2024-03-06 08:17:00,S089,P801,1,1373.9,14.11,EUR,1359.7900000000002
TXN_006735,2024-03-05 06:49:00,S019,P389,3,262.51,12.72,USD,774.81
TXN_006736,2024-03-04 01:07:00,S044,P942,9,1089.65,41.09,USD,9765.76
TXN_006737,2024-03-15 17:39:00,S028,P527,9,113.53,26.11,EUR,995.66
TXN_006738,2024-03-27 22:34:00,S009,P453,4,256.7,45.04,GBP,981.76
TXN_006739,2024-03-28 04:29:00,S066,P115,7,853.36,43.58,GBP,5929.9400000000005
TXN_006740,2024-03-13 18:16:00,S005,P089,6,44.69,13.37,EUR,254.76999999999998
TXN_006741,2024-03-16 12:09:00,S060,P882,2,674.55,26.43,USD,1322.6699999999998
TXN_006742,2024-03-22 05:42:00,S031,P638,3,912.56,24.96,USD,2712.72
TXN_006743,2024-03-27 00:10:00,S035,P538,6,1165.53,45.77,GBP,6947.41
TXN_006744,2024-03-01 16:47:00,S048,P337,9,220.9,48.61,GBP,1939.4900000000002
TXN_006745,2024-03-09 12:21:00,S018,P489,2,566.14,0.05,USD,1132.23
TXN_006746,2024-03-26 14:11:00,S053,P595,4,439.41,36.03,GBP,1721.6100000000001
TXN_006747,2024-03-02 17:49:00,S051,P851,8,1492.42,31.04,GBP,11908.32
TXN_006748,2024-03-07 04:20:00,S035,P334,1,197.98,29.1,USD,168.88
TXN_006749,2024-03-08 18:33:00,S004,P932,6,617.47,48.2,GBP,3656.6200000000003
TXN_006750,2024-03-12 02:19:00,S094,P984,6,1362.21,4.06,USD,8169.2
TXN_006751,2024-03-06 12:49:00,S078,P738,4,996.67,49.07,EUR,3937.6099999999997
TXN_006752,2024-03-30 17:07:00,S080,P589,7,658.46,12.7,GBP,4596.52
TXN_006753,2024-03-27 12:11:00,S046,P669,7,296.94,37.71,USD,2040.87
TXN_006754,2024-03-17 18:46:00,S067,P076,1,381.97,6.38,GBP,375.59000000000003
TXN_006755,2024-03-17 06:16:00,S020,P137,6,415.51,4.65,USD,2488.41
TXN_006756,2024-03-17 20:21:00,S020,P604,6,272.12,3.66,GBP,1629.06
TXN_006757,2024-03-19 23:52:00,S093,P200,6,39.51,16.81,USD,220.25
TXN_006758,2024-03-19 09:47:00,S061,P922,8,836.21,0.86,EUR,6688.820000000001
TXN_006759,2024-03-06 00:58:00,S023,P215,6,862.92,37.62,GBP,5139.9
TXN_006760,2024-03-15 08:21:00,S004,P646,3,1331.38,26.75,EUR,3967.3900000000003
TXN_006761,2024-03-23 20:21:00,S037,P739,4,248.35,41.63,EUR,951.77
TXN_006762,2024-03-26 19:29:00,S026,P246,3,1245.48,10.4,EUR,3726.04
TXN_006763,2024-03-27 05:20:00,S046,P007,2,105.35,1.38,EUR,209.32
TXN_006764,2024-03-02 03:29:00,S075,P323,9,898.89,35.88,USD,8054.13
TXN_006765,2024-03-21 00:00:00,S075,P630,1,349.2,22.23,EUR,326.96999999999997
TXN_006766,2024-03-02 07:16:00,S091,P519,1,1206.21,17.89,USD,1188.32
TXN_006767,2024-03-28 07:17:00,S078,P243,1,1026.83,47.88,GBP,978.9499999999999
TXN_006768,2024-03-29 08:45:00,S038,P840,3,954.3,15.1,USD,2847.7999999999997
TXN_006769,2024-03-23 13:25:00,S017,P545,7,50.11,26.61,USD,324.15999999999997
TXN_006770,2024-03-03 05:15:00,S072,P194,8,972.09,41.34,USD,7735.38
TXN_006771,2024-03-21 15:36:00,S027,P973,2,319.67,4.02,EUR,635.32
TXN_006772,2024-03-11 06:46:00,S008,P286,9,168.26,13.4,EUR,1500.9399999999998
TXN_006773,2024-03-30 12:38:00,S067,P482,5,705.8,34.12,EUR,3494.88
TXN_006774,2024-03-21 15:49:00,S011,P039,6,928.45,27.49,USD,5543.210000000001
TXN_006775,2024-03-06 01:34:00,S057,P372,4,1014.0,24.42,EUR,4031.58
TXN_006776,2024-03-30 08:04:00,S072,P986,3,869.74,8.42,EUR,2600.8
TXN_006777,2024-03-24 17:46:00,S013,P726,5,1431.2,22.28,GBP,7133.72
TXN_006778,2024-03-15 01:17:00,S006,P670,7,314.29,44.72,GBP,2155.3100000000004
TXN_006779,2024-03-26 18:46:00,S058,P877,1,409.37,27.82,USD,381.55
TXN_006780,2024-03-25 14:23:00,S095,P865,8,976.55,46.66,EUR,7765.74
TXN_006781,2024-03-18 11:37:00,S052,P668,5,231.75,4.08,GBP,1154.67
TXN_006782,2024-03-13 10:52:00,S068,P601,2,757.15,30.3,USD,1484.0
TXN_006783,2024-03-20 00:22:00,S019,P319,9,769.06,15.8,USD,6905.739999999999
TXN_006784,2024-03-23 18:56:00,S029,P258,8,297.19,18.42,GBP,2359.1
TXN_006785,2024-03-27 18:58:00,S025,P234,1,752.27,47.51,EUR,704.76
TXN_006786,2024-03-15 04:16:00,S020,P448,6,135.03,48.28,EUR,761.9000000000001
TXN_006787,2024-03-25 07:03:00,S037,P670,9,1408.96,31.69,USD,12648.949999999999
TXN_006788,2024-03-03 23:47:00,S076,P626,3,1121.93,44.91,USD,3320.88
TXN_006789,2024-03-29 13:18:00,S002,P728,7,410.94,23.5,GBP,2853.08
TXN_006790,2024-03-12 20:50:00,S080,P692,4,718.69,10.96,USD,2863.8
TXN_006791,2024-03-19 15:24:00,S085,P558,6,46.94,14.73,USD,266.90999999999997
TXN_006792,2024-03-06 08:38:00,S026,P264,2,95.3,38.16,GBP,152.44
TXN_006793,2024-03-02 05:05:00,S016,P479,4,1485.74,28.49,EUR,5914.47
TXN_006794,2024-03-06 05:09:00,S094,P804,3,1320.18,8.53,GBP,3952.0099999999998
TXN_006795,2024-03-25 14:30:00,S068,P536,2,429.13,28.82,GBP,829.4399999999999
TXN_006796,2024-03-26 04:35:00,S057,P411,1,1198.78,18.58,GBP,1180.2
TXN_006797,2024-03-03 11:02:00,S060,P187,3,1041.46,28.9,USD,3095.48
TXN_006798,2024-03-01 16:15:00,S080,P725,4,939.86,22.37,USD,3737.07
TXN_006799,2024-03-16 23:25:00,S093,P667,6,140.29,24.39,USD,817.35
TXN_006800,2024-03-12 21:51:00,S082,P699,4,1383.51,43.1,EUR,5490.94
TXN_006801,2024-03-17 20:38:00,S024,P169,9,608.19,15.32,USD,5458.390000000001
TXN_006802,2024-03-03 17:01:00,S025,P873,7,921.93,21.46,EUR,6432.049999999999
TXN_006803,2024-03-02 13:44:00,S026,P794,9,1281.43,14.44,EUR,11518.43
TXN_006804,2024-03-07 11:29:00,S055,P505,8,720.5,26.13,GBP,5737.87
TXN_006805,2024-03-06 02:18:00,S028,P858,6,934.8,15.49,USD,5593.3099999999995
TXN_006806,2024-03-11 14:41:00,S091,P865,5,944.84,15.89,EUR,4708.3099999999995
TXN_006807,2024-03-26 01:54:00,S042,P600,4,454.68,36.77,GBP,1781.95
TXN_006808,2024-03-04 23:26:00,S100,P719,7,360.46,14.87,GBP,2508.35
TXN_006809,2024-03-29 01:45:00,S057,P560,9,621.82,29.81,EUR,5566.57
TXN_006810,2024-03-27 01:26:00,S074,P804,5,906.47,25.98,GBP,4506.370000000001
TXN_006811,2024-03-24 18:56:00,S079,P820,6,763.75,28.99,GBP,4553.51
TXN_006812,2024-03-03 10:14:00,S021,P988,2,442.88,0.98,USD,884.78
TXN_006813,2024-03-14 06:10:00,S012,P626,1,679.23,9.65,USD,669.58
TXN_006814,2024-03-30 18:03:00,S028,P198,6,54.55,48.21,USD,279.09
TXN_006815,2024-03-15 07:18:00,S077,P750,6,283.38,5.11,USD,1695.17
TXN_006816,2024-03-24 17:02:00,S037,P089,5,1198.2,6.63,EUR,5984.37
TXN_006817,2024-03-08 03:09:00,S030,P072,9,880.98,31.46,GBP,7897.36
TXN_006818,2024-03-02 18:53:00,S100,P819,1,1233.28,27.29,EUR,1205.99
TXN_006819,2024-03-18 02:45:00,S074,P983,2,557.45,2.58,GBP,1112.3200000000002
TXN_006820,2024-03-13 20:24:00,S022,P435,9,1353.29,44.97,USD,12134.640000000001
TXN_006821,2024-03-11 10:26:00,S034,P259,9,1053.48,20.39,EUR,9460.93
TXN_006822,2024-03-29 19:23:00,S054,P552,1,1386.48,34.4,EUR,1352.08
TXN_006823,2024-03-24 21:50:00,S004,P507,9,935.34,23.19,USD,8394.869999999999
TXN_006824,2024-03-21 18:18:00,S016,P387,5,56.72,14.15,GBP,269.45000000000005
TXN_006825,2024-03-08 13:29:00,S095,P130,4,295.6,34.35,EUR,1148.0500000000002
TXN_006826,2024-03-10 13:18:00,S077,P308,8,1376.5,36.99,EUR,10975.01
TXN_006827,2024-03-12 06:31:00,S051,P023,4,341.07,20.19,GBP,1344.09
TXN_006828,2024-03-07 00:37:00,S024,P643,9,37.51,47.38,GBP,290.21
TXN_006829,2024-03-05 00:47:00,S085,P786,2,1344.77,40.12,GBP,2649.42
TXN_006830,2024-03-06 18:55:00,S033,P758,3,1319.61,24.89,GBP,3933.94
TXN_006831,2024-03-06 01:55:00,S028,P957,5,155.45,28.02,USD,749.23
TXN_006832,2024-03-15 20:08:00,S037,P372,1,643.94,48.41,GBP,595.5300000000001
TXN_006833,2024-03-06 05:07:00,S021,P092,5,867.36,0.71,EUR,4336.09
TXN_006834,2024-03-02 18:21:00,S089,P397,8,1382.33,32.47,EUR,11026.17
TXN_006835,2024-03-14 20:56:00,S033,P949,4,1063.99,46.08,USD,4209.88
TXN_006836,2024-03-27 05:15:00,S071,P949,5,1389.77,16.59,USD,6932.26
TXN_006837,2024-03-26 09:31:00,S090,P106,6,1015.63,44.45,USD,6049.33
TXN_006838,2024-03-24 14:35:00,S022,P706,7,1164.64,49.33,EUR,8103.150000000001
TXN_006839,2024-03-20 10:18:00,S078,P714,6,1247.98,14.53,USD,7473.35
TXN_006840,2024-03-19 18:47:00,S094,P818,5,1120.32,28.02,EUR,5573.579999999999
TXN_006841,2024-03-22 14:28:00,S065,P305,4,107.86,28.17,EUR,403.27
TXN_006842,2024-03-02 16:55:00,S083,P883,9,805.22,40.75,GBP,7206.2300000000005
TXN_006843,2024-03-09 06:24:00,S007,P358,1,1449.54,27.36,EUR,1422.18
TXN_006844,2024-03-24 19:13:00,S020,P303,2,1060.85,42.43,EUR,2079.27
TXN_006845,2024-03-09 14:02:00,S081,P553,7,1147.35,26.73,USD,8004.719999999999
TXN_006846,2024-03-24 09:27:00,S061,P085,5,896.82,9.3,GBP,4474.8
TXN_006847,2024-03-06 15:40:00,S062,P048,8,585.23,39.79,GBP,4642.05
TXN_006848,2024-03-20 22:55:00,S039,P830,5,102.4,42.47,USD,469.53
TXN_006849,2024-03-18 20:48:00,S075,P487,4,865.53,17.42,USD,3444.7
TXN_006850,2024-03-29 12:59:00,S012,P033,3,1496.14,30.02,EUR,4458.4
TXN_006851,2024-03-10 17:29:00,S065,P858,8,1183.47,2.53,GBP,9465.23
TXN_006852,2024-03-21 00:51:00,S094,P252,2,1169.09,32.73,EUR,2305.45
TXN_006853,2024-03-03 10:17:00,S080,P298,6,1053.73,13.6,USD,6308.78
TXN_006854,2024-03-17 19:55:00,S065,P879,4,1139.21,7.68,USD,4549.16
TXN_006855,2024-03-25 17:30:00,S070,P993,1,200.23,26.83,USD,173.39999999999998
TXN_006856,2024-03-16 01:41:00,S047,P180,2,75.5,2.27,USD,148.73
TXN_006857,2024-03-21 19:54:00,S068,P615,6,1427.84,5.5,USD,8561.539999999999
TXN_006858,2024-03-07 22:38:00,S016,P300,7,626.99,45.49,GBP,4343.4400000000005
TXN_006859,2024-03-27 21:01:00,S008,P578,3,1172.36,8.05,GBP,3509.0299999999997
TXN_006860,2024-03-26 12:41:00,S078,P134,3,1191.73,5.78,GBP,3569.41
TXN_006861,2024-03-03 17:15:00,S052,P459,4,773.54,15.96,EUR,3078.2
TXN_006862,2024-03-22 21:06:00,S087,P975,4,871.76,40.05,EUR,3446.99
TXN_006863,2024-03-09 21:11:00,S056,P766,1,661.7,8.16,USD,653.5400000000001
TXN_006864,2024-03-19 12:52:00,S051,P933,4,823.59,49.28,USD,3245.08
TXN_006865,2024-03-21 16:42:00,S036,P609,7,816.37,9.6,GBP,5704.99
TXN_006866,2024-03-05 05:19:00,S085,P654,2,296.41,36.66,EUR,556.1600000000001
TXN_006867,2024-03-24 11:16:00,S039,P492,3,1493.53,22.81,EUR,4457.78
TXN_006868,2024-03-11 19:14:00,S095,P140,3,895.49,28.93,GBP,2657.5400000000004
TXN_006869,2024-03-02 14:41:00,S029,P085,8,573.24,25.32,USD,4560.6
TXN_006870,2024-03-08 01:39:00,S004,P427,2,1421.38,2.32,USD,2840.44
TXN_006871,2024-03-16 18:29:00,S009,P252,3,1378.49,9.93,USD,4125.54
TXN_006872,2024-03-22 16:30:00,S074,P896,2,1082.22,31.76,GBP,2132.68
TXN_006873,2024-03-02 00:39:00,S011,P538,1,1417.88,36.19,EUR,1381.69
TXN_006874,2024-03-16 01:42:00,S022,P765,7,606.74,10.83,USD,4236.35
TXN_006875,2024-03-09 15:49:00,S032,P826,4,143.04,2.18,GBP,569.98
TXN_006876,2024-03-23 15:52:00,S092,P376,3,449.28,7.98,USD,1339.86
TXN_006877,2024-03-23 01:41:00,S028,P887,1,1116.63,22.56,GBP,1094.0700000000002
TXN_006878,2024-03-14 16:04:00,S033,P864,3,1044.14,40.85,GBP,3091.57
TXN_006879,2024-03-05 13:24:00,S089,P977,5,1366.73,6.63,EUR,6827.0199999999995
TXN_006880,2024-03-30 20:27:00,S043,P292,4,768.6,24.28,USD,3050.12
TXN_006881,2024-03-12 16:26:00,S039,P753,5,1290.71,28.25,EUR,6425.3
TXN_006882,2024-03-03 22:24:00,S064,P472,1,1408.01,41.16,USD,1366.85
TXN_006883,2024-03-12 02:44:00,S036,P131,6,1168.13,16.23,USD,6992.550000000001
TXN_006884,2024-03-25 13:23:00,S020,P889,5,1127.12,37.58,USD,5598.0199999999995
TXN_006885,2024-03-29 02:19:00,S089,P678,6,1460.98,22.74,USD,8743.140000000001
TXN_006886,2024-03-16 21:09:00,S054,P160,4,1206.24,2.72,USD,4822.24
TXN_006887,2024-03-19 23:03:00,S079,P128,1,434.19,26.51,GBP,407.68
TXN_006888,2024-03-19 05:04:00,S098,P537,2,186.16,34.01,USD,338.31
TXN_006889,2024-03-10 04:26:00,S043,P549,4,986.4,1.02,EUR,3944.58
TXN_006890,2024-03-12 07:52:00,S039,P730,3,253.59,11.72,EUR,749.05
TXN_006891,2024-03-24 00:58:00,S030,P149,9,394.14,3.51,GBP,3543.7499999999995
TXN_006892,2024-03-04 08:07:00,S024,P094,1,737.16,10.68,GBP,726.48
TXN_006893,2024-03-19 05:43:00,S096,P742,3,725.2,44.35,USD,2131.2500000000005
TXN_006894,2024-03-05 22:13:00,S019,P395,5,1114.98,36.71,EUR,5538.19
TXN_006895,2024-03-01 10:01:00,S007,P587,7,940.9,19.07,GBP,6567.2300000000005
TXN_006896,2024-03-18 04:49:00,S067,P172,8,313.93,18.76,GBP,2492.68
TXN_006897,2024-03-01 01:25:00,S058,P588,8,1327.13,36.31,EUR,10580.730000000001
TXN_006898,2024-03-18 18:27:00,S088,P462,5,1221.87,5.17,USD,6104.179999999999
TXN_006899,2024-03-15 03:46:00,S095,P796,4,928.0,15.95,EUR,3696.05
TXN_006900,2024-03-16 17:23:00,S046,P719,4,1363.45,44.03,USD,5409.77
TXN_006901,2024-03-04 02:39:00,S035,P546,2,558.23,31.12,GBP,1085.3400000000001
TXN_006902,2024-03-14 12:30:00,S052,P094,3,101.93,5.63,USD,300.16
TXN_006903,2024-03-25 03:27:00,S038,P170,6,348.58,16.87,EUR,2074.61
TXN_006904,2024-03-11 03:45:00,S056,P496,2,1376.34,5.68,USD,2747.0
TXN_006905,2024-03-26 15:07:00,S024,P504,9,167.55,12.92,EUR,1495.03
TXN_006906,2024-03-08 21:33:00,S048,P885,4,879.12,31.28,EUR,3485.2
TXN_006907,2024-03-02 04:18:00,S070,P546,9,1348.57,15.24,EUR,12121.89
TXN_006908,2024-03-02 08:04:00,S042,P929,4,1087.43,45.43,USD,4304.29
TXN_006909,2024-03-20 14:49:00,S055,P459,6,759.89,47.68,EUR,4511.66
TXN_006910,2024-03-11 15:07:00,S055,P298,1,575.84,22.38,EUR,553.46
TXN_006911,2024-03-12 10:30:00,S027,P789,7,502.13,1.25,GBP,3513.66
TXN_006912,2024-03-25 04:37:00,S023,P921,5,758.32,21.12,USD,3770.4800000000005
TXN_006913,2024-03-30 18:42:00,S035,P506,3,1175.81,16.88,GBP,3510.5499999999997
TXN_006914,2024-03-21 20:19:00,S086,P332,4,412.28,48.52,EUR,1600.6
TXN_006915,2024-03-01 15:13:00,S075,P343,1,160.91,4.96,USD,155.95
TXN_006916,2024-03-27 12:32:00,S046,P428,8,1257.5,32.88,USD,10027.12
TXN_006917,2024-03-21 06:44:00,S053,P660,2,967.96,44.54,GBP,1891.38
TXN_006918,2024-03-21 13:48:00,S018,P396,2,74.03,29.19,USD,118.87
TXN_006919,2024-03-07 10:39:00,S067,P038,8,277.68,10.22,USD,2211.2200000000003
TXN_006920,2024-03-11 11:44:00,S032,P720,5,878.1,39.83,GBP,4350.67
TXN_006921,2024-03-29 23:09:00,S040,P575,2,91.34,47.51,GBP,135.17000000000002
TXN_006922,2024-03-21 10:50:00,S013,P028,9,901.73,43.6,GBP,8071.969999999999
TXN_006923,2024-03-08 05:07:00,S038,P459,2,1218.78,30.18,USD,2407.38
TXN_006924,2024-03-06 23:22:00,S054,P499,6,389.68,0.29,GBP,2337.79
TXN_006925,2024-03-29 01:03:00,S047,P933,6,556.31,26.68,USD,3311.18
TXN_006926,2024-03-08 13:01:00,S039,P627,4,156.82,4.78,EUR,622.5
TXN_006927,2024-03-27 03:09:00,S021,P092,7,670.53,6.81,USD,4686.9
TXN_006928,2024-03-20 13:34:00,S013,P052,4,633.34,40.83,USD,2492.53
TXN_006929,2024-03-07 20:45:00,S086,P910,2,1346.45,17.41,USD,2675.4900000000002
TXN_006930,2024-03-16 18:43:00,S089,P757,8,564.95,24.22,USD,4495.38
TXN_006931,2024-03-19 21:58:00,S039,P120,6,309.15,24.79,USD,1830.11
TXN_006932,2024-03-30 08:20:00,S024,P408,3,23.16,27.88,GBP,41.60000000000001
TXN_006933,2024-03-29 00:54:00,S007,P904,2,140.47,28.34,EUR,252.6
TXN_006934,2024-03-28 21:46:00,S043,P155,8,1430.23,31.61,GBP,11410.23
TXN_006935,2024-03-29 19:39:00,S018,P519,8,474.88,41.16,GBP,3757.88
TXN_006936,2024-03-27 08:23:00,S077,P470,6,564.15,44.1,EUR,3340.7999999999997
TXN_006937,2024-03-02 10:41:00,S046,P563,8,1065.07,6.67,USD,8513.89
TXN_006938,2024-03-21 03:37:00,S007,P914,6,380.78,29.78,EUR,2254.8999999999996
TXN_006939,2024-03-04 23:30:00,S029,P034,4,94.51,27.58,GBP,350.46000000000004
TXN_006940,2024-03-19 19:32:00,S066,P757,6,459.44,47.58,USD,2709.06
TXN_006941,2024-03-07 05:30:00,S054,P152,6,477.7,32.31,USD,2833.89
TXN_006942,2024-03-19 12:56:00,S026,P260,1,155.66,30.46,GBP,125.19999999999999
TXN_006943,2024-03-24 15:19:00,S097,P745,1,642.19,37.41,EUR,604.7800000000001
TXN_006944,2024-03-29 05:42:00,S073,P991,3,943.15,18.1,GBP,2811.35
TXN_006945,2024-03-05 13:17:00,S067,P587,7,1377.08,39.67,USD,9599.89
TXN_006946,2024-03-09 03:59:00,S052,P374,4,27.46,16.03,GBP,93.81
TXN_006947,2024-03-16 23:38:00,S070,P293,4,844.6,35.49,EUR,3342.9100000000003
TXN_006948,2024-03-15 06:36:00,S050,P191,9,240.79,28.97,EUR,2138.1400000000003
TXN_006949,2024-03-06 18:54:00,S058,P290,9,432.99,41.47,GBP,3855.44
TXN_006950,2024-03-08 03:48:00,S084,P758,5,987.76,37.52,EUR,4901.28
TXN_006951,2024-03-19 18:13:00,S097,P292,9,1374.4,26.86,EUR,12342.74
TXN_006952,2024-03-19 16:18:00,S015,P126,7,107.36,20.31,EUR,731.21
TXN_006953,2024-03-19 03:26:00,S005,P923,1,449.06,30.82,USD,418.24
TXN_006954,2024-03-12 03:53:00,S009,P345,5,361.36,31.19,EUR,1775.6100000000001
TXN_006955,2024-03-11 10:46:00,S087,P754,4,942.67,27.93,GBP,3742.75
TXN_006956,2024-03-08 18:05:00,S045,P034,3,1169.96,2.12,GBP,3507.76
TXN_006957,2024-03-18 06:47:00,S068,P869,4,946.05,35.89,USD,3748.31
TXN_006958,2024-03-15 00:25:00,S011,P118,2,1250.29,7.31,USD,2493.27
TXN_006959,2024-03-20 03:23:00,S049,P981,1,207.6,11.93,GBP,195.67
TXN_006960,2024-03-14 15:36:00,S013,P495,3,827.26,0.67,USD,2481.1099999999997
TXN_006961,2024-03-09 00:20:00,S083,P475,4,1280.58,46.73,GBP,5075.59
TXN_006962,2024-03-29 10:57:00,S086,P778,5,1267.29,40.62,GBP,6295.83
TXN_006963,2024-03-23 05:16:00,S003,P931,7,916.87,23.54,EUR,6394.55
TXN_006964,2024-03-13 16:09:00,S066,P811,3,389.87,6.77,GBP,1162.8400000000001
TXN_006965,2024-03-16 11:36:00,S068,P460,2,651.3,9.29,EUR,1293.31
TXN_006966,2024-03-21 11:18:00,S092,P731,7,1486.69,18.26,EUR,10388.57
TXN_006967,2024-03-17 15:42:00,S014,P625,5,763.59,25.1,GBP,3792.8500000000004
TXN_006968,2024-03-26 10:14:00,S096,P847,4,27.28,14.4,EUR,94.72
TXN_006969,2024-03-16 06:21:00,S019,P027,9,134.45,32.57,USD,1177.48
TXN_006970,2024-03-21 22:41:00,S037,P590,1,145.14,7.27,GBP,137.86999999999998
TXN_006971,2024-03-13 21:31:00,S025,P713,3,396.54,6.94,GBP,1182.68
TXN_006972,2024-03-27 10:05:00,S074,P809,2,1319.64,41.75,EUR,2597.53
TXN_006973,2024-03-24 22:50:00,S032,P949,8,332.78,2.97,EUR,2659.27
TXN_006974,2024-03-02 01:30:00,S044,P646,8,1398.41,13.38,USD,11173.900000000001
TXN_006975,2024-03-22 12:07:00,S094,P644,1,704.29,5.19,USD,699.0999999999999
TXN_006976,2024-03-28 11:50:00,S081,P962,3,248.63,40.09,USD,705.8
TXN_006977,2024-03-27 16:58:00,S071,P034,3,217.91,37.03,USD,616.7
TXN_006978,2024-03-30 13:23:00,S084,P730,3,1384.3,27.64,EUR,4125.259999999999
TXN_006979,2024-03-18 01:18:00,S043,P350,6,143.65,48.48,GBP,813.4200000000001
TXN_006980,2024-03-01 08:17:00,S027,P902,9,95.14,10.86,USD,845.4
TXN_006981,2024-03-29 07:21:00,S028,P435,4,888.99,6.12,EUR,3549.84
TXN_006982,2024-03-09 20:50:00,S038,P547,4,732.7,39.57,GBP,2891.23
TXN_006983,2024-03-16 23:44:00,S052,P516,5,896.08,41.96,EUR,4438.4400000000005
TXN_006984,2024-03-23 22:16:00,S081,P578,9,600.37,4.75,EUR,5398.58
TXN_006985,2024-03-01 20:26:00,S100,P836,2,657.03,22.43,EUR,1291.6299999999999
TXN_006986,2024-03-28 06:24:00,S043,P007,5,1414.43,22.76,USD,7049.39
TXN_006987,2024-03-23 08:35:00,S098,P375,7,73.69,24.31,EUR,491.5199999999999
TXN_006988,2024-03-11 16:14:00,S032,P698,5,318.88,42.25,USD,1552.15
TXN_006989,2024-03-03 16:09:00,S028,P327,1,319.66,0.2,EUR,319.46000000000004
TXN_006990,2024-03-06 16:32:00,S044,P653,7,821.29,25.41,EUR,5723.62
TXN_006991,2024-03-11 07:44:00,S014,P222,2,1119.13,35.05,USD,2203.21
TXN_006992,2024-03-20 13:50:00,S035,P195,6,941.85,2.76,GBP,5648.34
TXN_006993,2024-03-05 05:10:00,S090,P594,1,934.31,14.78,EUR,919.53
TXN_006994,2024-03-12 01:06:00,S034,P316,9,1326.94,38.39,GBP,11904.070000000002
TXN_006995,2024-03-12 18:03:00,S089,P792,6,503.94,20.37,GBP,3003.27
TXN_006996,2024-03-01 11:30:00,S019,P940,4,693.83,11.18,EUR,2764.1400000000003
TXN_006997,2024-03-13 23:44:00,S100,P756,1,392.39,41.76,USD,350.63
TXN_006998,2024-03-14 05:02:00,S025,P082,8,551.53,47.53,GBP,4364.71
TXN_006999,2024-03-12 00:45:00,S013,P155,3,1026.64,27.82,USD,3052.1
TXN_007000,2024-03-28 01:18:00,S006,P061,8,31.97,6.09,EUR,249.67
TXN_007001,2024-03-28 04:46:00,S034,P301,1,1228.31,44.32,USD,1183.99
TXN_007002,2024-03-25 00:02:00,S018,P013,1,946.78,48.71,USD,898.0699999999999
TXN_007003,2024-03-23 09:04:00,S009,P571,7,292.71,2.47,EUR,2046.4999999999998
TXN_007004,2024-03-25 22:59:00,S012,P950,9,486.71,11.55,USD,4368.839999999999
TXN_007005,2024-03-12 07:04:00,S093,P953,1,686.35,10.76,EUR,675.59
TXN_007006,2024-03-26 17:28:00,S086,P621,1,1109.3,28.28,USD,1081.02
TXN_007007,2024-03-13 03:09:00,S048,P748,4,1093.24,26.15,GBP,4346.81
TXN_007008,2024-03-07 05:44:00,S026,P477,6,1265.07,3.92,GBP,7586.5
TXN_007009,2024-03-04 03:05:00,S059,P668,7,1151.34,13.15,EUR,8046.23
TXN_007010,2024-03-28 08:16:00,S058,P989,2,545.42,25.25,USD,1065.59
TXN_007011,2024-03-23 03:51:00,S096,P882,5,934.14,7.43,USD,4663.2699999999995
TXN_007012,2024-03-09 22:19:00,S087,P881,2,1022.84,24.71,USD,2020.97
TXN_007013,2024-03-15 23:10:00,S022,P921,5,18.89,24.11,EUR,70.34
TXN_007014,2024-03-04 07:57:00,S012,P200,5,1452.78,41.09,EUR,7222.8099999999995
TXN_007015,2024-03-25 14:48:00,S088,P745,7,1414.64,33.56,EUR,9868.920000000002
TXN_007016,2024-03-08 07:37:00,S047,P415,3,898.13,44.46,USD,2649.93
TXN_007017,2024-03-27 20:21:00,S077,P832,4,1279.98,31.25,EUR,5088.67
TXN_007018,2024-03-15 09:49:00,S013,P483,8,465.66,48.17,EUR,3677.11
TXN_007019,2024-03-08 01:12:00,S100,P306,9,572.74,9.57,GBP,5145.09
TXN_007020,2024-03-15 20:30:00,S083,P750,7,886.92,17.52,GBP,6190.919999999999
TXN_007021,2024-03-26 20:34:00,S065,P994,5,909.35,5.56,EUR,4541.19
TXN_007022,2024-03-24 23:39:00,S019,P716,1,547.9,28.82,USD,519.0799999999999
TXN_007023,2024-03-09 13:19:00,S009,P327,7,225.2,37.2,GBP,1539.1999999999998
TXN_007024,2024-03-12 20:50:00,S040,P739,6,938.96,39.27,USD,5594.49
TXN_007025,2024-03-17 02:23:00,S087,P556,9,781.56,5.85,GBP,7028.189999999999
TXN_007026,2024-03-11 05:02:00,S016,P477,8,1284.26,6.0,USD,10268.08
TXN_007027,2024-03-26 07:32:00,S047,P482,8,1335.28,6.09,GBP,10676.15
TXN_007028,2024-03-11 12:32:00,S088,P939,8,892.05,32.83,GBP,7103.57
TXN_007029,2024-03-12 01:40:00,S021,P606,3,1245.27,43.21,EUR,3692.6
TXN_007030,2024-03-17 04:18:00,S039,P975,5,487.14,38.74,USD,2396.96
TXN_007031,2024-03-16 13:36:00,S005,P081,7,610.04,20.99,GBP,4249.29
TXN_007032,2024-03-29 17:11:00,S008,P734,8,274.69,0.72,USD,2196.8
TXN_007033,2024-03-29 00:42:00,S027,P529,9,512.53,17.44,GBP,4595.33
TXN_007034,2024-03-27 23:42:00,S016,P144,7,326.63,39.7,EUR,2246.71
TXN_007035,2024-03-17 06:52:00,S082,P089,4,95.69,24.66,EUR,358.09999999999997
TXN_007036,2024-03-05 08:50:00,S074,P503,9,1464.37,39.6,USD,13139.729999999998
TXN_007037,2024-03-26 13:17:00,S032,P576,9,639.4,40.13,USD,5714.469999999999
TXN_007038,2024-03-29 14:31:00,S051,P466,8,679.01,4.16,USD,5427.92
TXN_007039,2024-03-07 00:55:00,S096,P920,5,155.46,40.36,GBP,736.94
TXN_007040,2024-03-04 09:22:00,S095,P432,8,459.63,5.12,EUR,3671.92
TXN_007041,2024-03-18 16:52:00,S063,P994,6,938.56,33.31,GBP,5598.049999999999
TXN_007042,2024-03-06 01:11:00,S056,P868,1,421.2,17.93,USD,403.27
TXN_007043,2024-03-15 10:36:00,S006,P335,7,171.5,37.71,EUR,1162.79
TXN_007044,2024-03-17 11:08:00,S077,P403,9,1019.23,47.3,GBP,9125.77
TXN_007045,2024-03-07 07:09:00,S054,P945,1,63.09,41.28,EUR,21.810000000000002
TXN_007046,2024-03-22 04:47:00,S032,P932,1,283.33,17.63,USD,265.7
TXN_007047,2024-03-10 23:46:00,S046,P133,7,464.15,47.49,GBP,3201.56
TXN_007048,2024-03-29 20:41:00,S056,P608,9,427.07,31.97,EUR,3811.6600000000003
TXN_007049,2024-03-13 08:15:00,S021,P050,2,852.77,42.48,GBP,1663.06
TXN_007050,2024-03-14 18:46:00,S055,P737,1,919.65,25.89,EUR,893.76
TXN_007051,2024-03-02 00:52:00,S020,P992,4,721.02,44.69,GBP,2839.39
TXN_007052,2024-03-20 15:49:00,S075,P701,6,376.87,12.17,GBP,2249.05
TXN_007053,2024-03-03 04:43:00,S100,P371,3,603.0,49.76,EUR,1759.24
TXN_007054,2024-03-16 13:25:00,S003,P813,5,1041.41,46.6,USD,5160.45
TXN_007055,2024-03-18 08:15:00,S057,P847,1,793.78,44.05,GBP,749.73
TXN_007056,2024-03-01 18:20:00,S015,P935,7,1483.68,21.9,USD,10363.86
TXN_007057,2024-03-19 03:17:00,S007,P016,7,701.82,26.12,USD,4886.620000000001
TXN_007058,2024-03-02 13:01:00,S001,P702,7,1369.93,24.52,GBP,9564.99
TXN_007059,2024-03-28 01:29:00,S065,P969,2,789.99,49.5,GBP,1530.48
TXN_007060,2024-03-01 16:12:00,S076,P257,6,622.44,17.25,EUR,3717.3900000000003
TXN_007061,2024-03-21 09:25:00,S036,P701,9,1037.52,46.26,USD,9291.42
TXN_007062,2024-03-15 12:11:00,S024,P795,9,149.42,11.5,GBP,1333.28
TXN_007063,2024-03-22 15:44:00,S097,P529,8,703.45,6.98,EUR,5620.620000000001
TXN_007064,2024-03-12 07:20:00,S092,P537,1,1295.53,38.3,GBP,1257.23
TXN_007065,2024-03-30 08:22:00,S092,P480,4,279.42,22.12,EUR,1095.5600000000002
TXN_007066,2024-03-13 05:57:00,S061,P745,4,17.44,44.86,EUR,24.900000000000006
TXN_007067,2024-03-05 02:24:00,S011,P744,4,866.45,30.03,GBP,3435.77
TXN_007068,2024-03-22 16:14:00,S079,P037,8,328.53,9.62,USD,2618.62
TXN_007069,2024-03-25 20:25:00,S008,P803,9,683.15,25.14,GBP,6123.209999999999
TXN_007070,2024-03-08 10:15:00,S097,P480,8,432.7,15.86,GBP,3445.74
TXN_007071,2024-03-28 22:39:00,S014,P836,3,590.66,8.16,GBP,1763.82
TXN_007072,2024-03-05 12:12:00,S069,P882,4,712.14,32.56,GBP,2816.0
TXN_007073,2024-03-20 05:04:00,S010,P108,6,756.16,3.14,USD,4533.82
TXN_007074,2024-03-10 16:29:00,S064,P757,5,848.81,36.39,EUR,4207.659999999999
TXN_007075,2024-03-08 09:50:00,S052,P006,7,76.51,28.38,GBP,507.19000000000005
TXN_007076,2024-03-09 09:17:00,S056,P411,1,1050.51,47.75,GBP,1002.76
TXN_007077,2024-03-21 18:45:00,S015,P999,8,508.74,13.1,EUR,4056.82
TXN_007078,2024-03-16 02:33:00,S064,P164,9,614.83,37.88,USD,5495.59
TXN_007079,2024-03-26 22:34:00,S048,P423,4,1098.61,2.38,EUR,4392.0599999999995
TXN_007080,2024-03-24 06:26:00,S042,P748,6,983.11,31.01,EUR,5867.65
TXN_007081,2024-03-26 07:05:00,S045,P403,9,716.98,14.32,GBP,6438.5
TXN_007082,2024-03-01 19:26:00,S005,P723,6,390.39,44.2,GBP,2298.1400000000003
TXN_007083,2024-03-13 15:47:00,S087,P660,9,311.7,28.86,USD,2776.4399999999996
TXN_007084,2024-03-07 17:21:00,S074,P473,4,585.84,22.21,USD,2321.15
TXN_007085,2024-03-20 14:46:00,S017,P867,2,670.57,23.67,GBP,1317.47
TXN_007086,2024-03-20 03:03:00,S016,P647,1,278.98,24.58,USD,254.40000000000003
TXN_007087,2024-03-19 11:22:00,S096,P215,2,1296.67,42.65,GBP,2550.69
TXN_007088,2024-03-03 06:36:00,S074,P509,1,180.96,41.49,EUR,139.47
TXN_007089,2024-03-09 10:51:00,S092,P004,1,1151.98,26.38,GBP,1125.6
TXN_007090,2024-03-16 20:07:00,S091,P675,1,292.91,27.2,GBP,265.71000000000004
TXN_007091,2024-03-25 12:08:00,S009,P435,4,468.68,15.55,EUR,1859.17
TXN_007092,2024-03-19 09:52:00,S066,P839,3,200.79,12.52,GBP,589.85
TXN_007093,2024-03-20 12:35:00,S001,P252,2,930.05,0.23,GBP,1859.87
TXN_007094,2024-03-30 11:12:00,S072,P537,5,1203.19,15.85,GBP,6000.1
TXN_007095,2024-03-18 03:18:00,S066,P115,8,554.97,23.49,EUR,4416.27
TXN_007096,2024-03-17 01:47:00,S058,P506,6,33.56,28.1,USD,173.26000000000002
TXN_007097,2024-03-09 02:17:00,S076,P953,9,1085.06,18.72,GBP,9746.82
TXN_007098,2024-03-10 07:38:00,S034,P843,8,347.4,32.83,GBP,2746.37
TXN_007099,2024-03-28 13:17:00,S055,P284,8,794.55,33.37,GBP,6323.03
TXN_007100,2024-03-27 09:59:00,S018,P482,9,60.19,36.6,EUR,505.11
TXN_007101,2024-03-29 15:27:00,S018,P032,6,522.7,10.42,EUR,3125.78
TXN_007102,2024-03-04 01:34:00,S075,P931,7,240.01,30.77,USD,1649.3
TXN_007103,2024-03-21 22:34:00,S020,P965,1,526.5,19.69,EUR,506.81
TXN_007104,2024-03-04 16:57:00,S016,P324,1,417.61,10.25,USD,407.36
TXN_007105,2024-03-01 14:45:00,S001,P017,8,537.87,18.27,USD,4284.69
TXN_007106,2024-03-17 05:48:00,S028,P609,5,1463.35,9.29,GBP,7307.46
TXN_007107,2024-03-26 00:30:00,S042,P063,9,75.51,4.49,EUR,675.1
TXN_007108,2024-03-11 17:43:00,S088,P315,2,627.0,31.38,USD,1222.62
TXN_007109,2024-03-24 08:47:00,S023,P382,1,16.52,28.84,EUR,-12.32
TXN_007110,2024-03-10 00:54:00,S097,P129,2,1233.65,35.58,GBP,2431.7200000000003
TXN_007111,2024-03-30 22:19:00,S006,P571,9,657.31,1.41,EUR,5914.379999999999
TXN_007112,2024-03-17 11:31:00,S054,P027,3,1328.5,28.23,EUR,3957.27
TXN_007113,2024-03-28 22:31:00,S070,P910,9,113.6,47.42,GBP,974.98
TXN_007114,2024-03-26 20:35:00,S062,P991,4,370.26,19.93,GBP,1461.11
TXN_007115,2024-03-08 22:35:00,S040,P151,5,537.64,7.26,GBP,2680.9399999999996
TXN_007116,2024-03-12 08:39:00,S100,P941,4,1185.46,48.29,EUR,4693.55
TXN_007117,2024-03-05 14:57:00,S088,P758,9,1253.36,40.11,GBP,11240.13
TXN_007118,2024-03-23 01:14:00,S088,P149,6,985.75,42.73,GBP,5871.77
TXN_007119,2024-03-15 10:37:00,S095,P587,8,1161.94,35.25,GBP,9260.27
TXN_007120,2024-03-23 01:40:00,S026,P691,4,411.46,40.93,USD,1604.9099999999999
TXN_007121,2024-03-23 23:06:00,S085,P915,2,401.76,40.74,EUR,762.78
TXN_007122,2024-03-29 03:46:00,S007,P510,1,66.96,12.26,EUR,54.699999999999996
TXN_007123,2024-03-02 23:29:00,S028,P866,4,1163.98,25.29,EUR,4630.63
TXN_007124,2024-03-13 21:56:00,S066,P200,9,826.21,36.32,EUR,7399.570000000001
TXN_007125,2024-03-14 05:21:00,S059,P030,2,943.73,45.72,EUR,1841.74
TXN_007126,2024-03-14 13:51:00,S023,P549,5,1445.36,25.49,USD,7201.3099999999995
TXN_007127,2024-03-23 12:32:00,S081,P270,6,57.58,25.57,USD,319.91
TXN_007128,2024-03-30 03:47:00,S063,P417,9,1411.37,23.28,EUR,12679.049999999997
TXN_007129,2024-03-11 23:18:00,S068,P206,5,629.5,28.08,GBP,3119.42
TXN_007130,2024-03-03 20:15:00,S014,P075,2,1043.55,25.55,EUR,2061.5499999999997
TXN_007131,2024-03-08 22:25:00,S064,P213,1,62.79,18.68,EUR,44.11
TXN_007132,2024-03-19 19:24:00,S099,P683,5,1434.52,44.06,GBP,7128.54
TXN_007133,2024-03-04 19:02:00,S040,P058,1,1231.59,20.32,GBP,1211.27
TXN_007134,2024-03-10 06:54:00,S007,P794,2,99.05,32.48,GBP,165.62
TXN_007135,2024-03-05 06:16:00,S091,P616,2,596.58,28.53,GBP,1164.63
TXN_007136,2024-03-23 03:10:00,S049,P273,6,910.55,42.07,USD,5421.23
TXN_007137,2024-03-12 01:32:00,S004,P371,5,956.65,15.94,GBP,4767.31
TXN_007138,2024-03-21 08:22:00,S033,P821,1,750.46,0.77,GBP,749.69
TXN_007139,2024-03-02 06:22:00,S021,P560,3,209.64,39.86,GBP,589.06
TXN_007140,2024-03-08 18:27:00,S071,P196,5,592.78,20.74,USD,2943.16
TXN_007141,2024-03-19 12:05:00,S083,P763,4,1276.98,41.57,USD,5066.35
TXN_007142,2024-03-27 07:52:00,S028,P972,2,1328.19,18.14,GBP,2638.2400000000002
TXN_007143,2024-03-19 06:39:00,S045,P050,6,729.58,9.27,USD,4368.21
TXN_007144,2024-03-26 17:01:00,S062,P277,7,624.91,24.22,EUR,4350.15
TXN_007145,2024-03-24 12:04:00,S053,P163,9,478.25,35.73,EUR,4268.52
TXN_007146,2024-03-11 07:07:00,S063,P225,4,121.6,21.43,GBP,464.96999999999997
TXN_007147,2024-03-04 10:17:00,S080,P029,6,1313.79,21.98,EUR,7860.76
TXN_007148,2024-03-16 12:50:00,S004,P030,4,509.2,15.2,GBP,2021.6
TXN_007149,2024-03-08 04:27:00,S010,P381,2,1291.29,38.26,EUR,2544.3199999999997
TXN_007150,2024-03-09 04:27:00,S071,P138,9,945.52,12.2,EUR,8497.48
TXN_007151,2024-03-16 13:33:00,S096,P905,8,1457.86,38.38,EUR,11624.5
TXN_007152,2024-03-02 11:12:00,S063,P688,5,320.36,1.88,EUR,1599.92
TXN_007153,2024-03-16 05:06:00,S030,P361,1,202.75,28.37,GBP,174.38
TXN_007154,2024-03-04 12:53:00,S010,P024,1,102.92,5.91,USD,97.01
TXN_007155,2024-03-10 07:52:00,S070,P242,8,1194.55,24.3,GBP,9532.1
TXN_007156,2024-03-24 13:03:00,S014,P936,6,38.97,40.09,GBP,193.73
TXN_007157,2024-03-30 16:37:00,S001,P335,9,296.16,36.9,EUR,2628.54
TXN_007158,2024-03-11 08:58:00,S002,P654,4,953.36,23.7,EUR,3789.7400000000002
TXN_007159,2024-03-11 13:27:00,S054,P125,9,944.78,35.07,EUR,8467.95
TXN_007160,2024-03-19 11:18:00,S019,P144,7,294.46,49.23,GBP,2011.9899999999998
TXN_007161,2024-03-06 19:58:00,S088,P575,4,661.75,29.87,GBP,2617.13
TXN_007162,2024-03-12 18:51:00,S006,P429,5,764.68,49.1,USD,3774.2999999999997
TXN_007163,2024-03-30 13:21:00,S013,P720,2,1299.54,4.56,EUR,2594.52
TXN_007164,2024-03-17 12:47:00,S005,P437,4,606.82,11.71,GBP,2415.57
TXN_007165,2024-03-28 19:20:00,S025,P518,4,158.61,15.12,USD,619.32
TXN_007166,2024-03-29 18:09:00,S008,P334,4,904.95,25.65,EUR,3594.15
TXN_007167,2024-03-04 18:04:00,S002,P856,3,404.79,6.06,EUR,1208.3100000000002
TXN_007168,2024-03-21 02:26:00,S083,P754,5,1384.55,34.55,GBP,6888.2
TXN_007169,2024-03-05 16:13:00,S062,P683,5,518.38,28.17,USD,2563.73
TXN_007170,2024-03-10 22:45:00,S095,P686,1,68.09,40.09,EUR,28.0
TXN_007171,2024-03-15 19:55:00,S048,P834,3,1021.08,43.34,EUR,3019.9
TXN_007172,2024-03-26 02:16:00,S018,P474,7,1071.38,37.55,GBP,7462.110000000001
TXN_007173,2024-03-06 21:28:00,S089,P768,9,1355.87,25.6,EUR,12177.229999999998
TXN_007174,2024-03-19 17:30:00,S076,P420,2,1396.83,40.79,EUR,2752.87
TXN_007175,2024-03-17 13:32:00,S017,P092,1,986.28,22.8,EUR,963.48
TXN_007176,2024-03-09 16:30:00,S018,P062,5,106.76,24.79,GBP,509.01000000000005
TXN_007177,2024-03-08 20:37:00,S020,P130,2,697.55,33.97,GBP,1361.1299999999999
TXN_007178,2024-03-14 02:25:00,S063,P574,6,828.43,29.8,EUR,4940.78
TXN_007179,2024-03-02 19:02:00,S047,P962,3,884.31,29.75,EUR,2623.18
TXN_007180,2024-03-24 05:14:00,S073,P925,1,1436.89,48.67,GBP,1388.22
TXN_007181,2024-03-30 05:21:00,S032,P273,7,464.68,45.06,GBP,3207.7000000000003
TXN_007182,2024-03-17 03:55:00,S052,P347,6,1184.24,17.37,EUR,7088.070000000001
TXN_007183,2024-03-08 05:07:00,S074,P451,8,282.1,8.53,GBP,2248.27
TXN_007184,2024-03-04 20:36:00,S034,P605,1,412.39,15.12,USD,397.27
TXN_007185,2024-03-12 10:19:00,S013,P850,9,20.21,36.81,GBP,145.08
TXN_007186,2024-03-04 01:32:00,S070,P904,8,990.18,48.84,EUR,7872.599999999999
TXN_007187,2024-03-10 03:38:00,S014,P465,6,1270.93,22.57,USD,7603.01
TXN_007188,2024-03-30 20:07:00,S051,P627,4,975.8,41.72,GBP,3861.48
TXN_007189,2024-03-21 13:45:00,S037,P908,7,526.41,27.65,GBP,3657.22
TXN_007190,2024-03-29 01:27:00,S067,P468,9,219.79,19.53,EUR,1958.58
TXN_007191,2024-03-05 12:14:00,S049,P911,8,308.0,19.85,GBP,2444.15
TXN_007192,2024-03-30 10:49:00,S011,P378,9,824.41,31.22,EUR,7388.469999999999
TXN_007193,2024-03-12 20:35:00,S073,P521,5,323.47,9.13,EUR,1608.22
TXN_007194,2024-03-18 19:16:00,S078,P345,4,677.71,25.64,EUR,2685.2000000000003
TXN_007195,2024-03-17 10:49:00,S045,P066,8,757.74,24.01,EUR,6037.91
TXN_007196,2024-03-22 01:38:00,S087,P991,4,359.21,36.26,EUR,1400.58
TXN_007197,2024-03-22 16:16:00,S003,P687,4,507.0,7.66,GBP,2020.34
TXN_007198,2024-03-30 19:29:00,S072,P495,9,467.57,37.48,USD,4170.650000000001
TXN_007199,2024-03-17 16:47:00,S066,P737,1,525.1,4.17,EUR,520.9300000000001
TXN_007200,2024-03-09 19:40:00,S078,P240,6,850.83,22.0,EUR,5082.9800000000005
TXN_007201,2024-03-18 05:33:00,S021,P810,1,842.23,27.29,GBP,814.94
TXN_007202,2024-03-01 04:25:00,S026,P449,5,1388.25,42.94,GBP,6898.31
TXN_007203,2024-03-10 05:07:00,S076,P579,1,1116.88,38.31,USD,1078.5700000000002
TXN_007204,2024-03-10 07:40:00,S056,P733,9,391.69,3.93,GBP,3521.28
TXN_007205,2024-03-30 21:59:00,S060,P479,1,1286.56,15.75,GBP,1270.81
TXN_007206,2024-03-14 21:32:00,S030,P622,1,269.6,26.12,EUR,243.48000000000002
TXN_007207,2024-03-13 02:56:00,S059,P134,9,962.94,17.35,EUR,8649.11
TXN_007208,2024-03-15 16:30:00,S087,P750,5,1371.54,4.97,EUR,6852.73
TXN_007209,2024-03-20 01:40:00,S011,P133,4,283.12,47.86,EUR,1084.6200000000001
TXN_007210,2024-03-12 11:41:00,S024,P321,8,1460.13,3.95,EUR,11677.09
TXN_007211,2024-03-14 11:52:00,S051,P516,6,843.36,3.07,USD,5057.09
TXN_007212,2024-03-17 15:59:00,S055,P082,2,89.59,19.12,GBP,160.06
TXN_007213,2024-03-25 22:45:00,S063,P476,9,190.92,41.88,EUR,1676.3999999999999
TXN_007214,2024-03-28 14:43:00,S075,P521,5,426.17,44.45,EUR,2086.4
TXN_007215,2024-03-21 19:20:00,S028,P877,7,14.7,40.3,GBP,62.599999999999994
TXN_007216,2024-03-16 05:26:00,S049,P436,3,832.14,34.03,GBP,2462.39
TXN_007217,2024-03-10 09:12:00,S065,P288,8,1249.38,32.85,EUR,9962.19
TXN_007218,2024-03-30 22:16:00,S019,P290,3,86.27,24.81,GBP,234.0
TXN_007219,2024-03-24 10:09:00,S076,P117,1,1184.38,25.34,EUR,1159.0400000000002
TXN_007220,2024-03-29 11:49:00,S082,P576,8,986.93,29.49,GBP,7865.95
TXN_007221,2024-03-30 06:21:00,S080,P675,1,106.42,26.63,USD,79.79
TXN_007222,2024-03-12 18:06:00,S009,P293,3,26.44,16.28,USD,63.040000000000006
TXN_007223,2024-03-20 10:09:00,S003,P242,6,1072.3,7.58,USD,6426.219999999999
TXN_007224,2024-03-02 11:19:00,S020,P121,6,355.07,49.73,USD,2080.69
TXN_007225,2024-03-11 11:53:00,S100,P618,8,685.94,37.11,GBP,5450.410000000001
TXN_007226,2024-03-16 16:54:00,S047,P245,9,526.35,3.0,EUR,4734.150000000001
TXN_007227,2024-03-04 03:53:00,S030,P169,2,1069.08,27.63,EUR,2110.5299999999997
TXN_007228,2024-03-06 00:18:00,S038,P323,5,1318.22,36.01,GBP,6555.09
TXN_007229,2024-03-23 06:35:00,S079,P335,3,1395.2,35.66,EUR,4149.9400000000005
TXN_007230,2024-03-18 18:19:00,S085,P119,7,152.17,45.71,EUR,1019.4799999999998
TXN_007231,2024-03-26 14:22:00,S082,P713,9,172.15,24.03,USD,1525.3200000000002
TXN_007232,2024-03-17 15:59:00,S090,P181,1,431.72,15.38,USD,416.34000000000003
TXN_007233,2024-03-14 16:28:00,S076,P393,1,76.29,4.82,USD,71.47
TXN_007234,2024-03-27 16:39:00,S061,P226,5,192.43,23.86,GBP,938.2900000000001
TXN_007235,2024-03-13 14:01:00,S084,P854,6,1349.58,41.61,GBP,8055.87
TXN_007236,2024-03-15 17:02:00,S098,P386,4,1328.71,4.55,GBP,5310.29
TXN_007237,2024-03-16 19:47:00,S053,P956,5,678.35,40.77,USD,3350.98
TXN_007238,2024-03-04 13:44:00,S021,P330,7,742.39,45.19,USD,5151.54
TXN_007239,2024-03-15 19:58:00,S075,P217,2,943.51,46.1,USD,1840.92
TXN_007240,2024-03-11 05:21:00,S039,P375,4,1401.67,13.66,GBP,5593.02
TXN_007241,2024-03-08 09:15:00,S020,P331,6,628.0,15.13,GBP,3752.87
TXN_007242,2024-03-20 08:09:00,S056,P672,4,12.92,44.95,USD,6.729999999999997
TXN_007243,2024-03-05 01:33:00,S098,P406,6,1138.37,19.04,USD,6811.179999999999
TXN_007244,2024-03-02 01:17:00,S083,P785,3,1024.02,4.43,GBP,3067.63
TXN_007245,2024-03-07 22:25:00,S098,P555,1,857.33,41.48,GBP,815.85
TXN_007246,2024-03-17 22:35:00,S084,P872,6,26.75,24.28,USD,136.22
TXN_007247,2024-03-23 06:43:00,S065,P171,4,1484.3,30.57,GBP,5906.63
TXN_007248,2024-03-07 18:56:00,S053,P860,1,960.14,18.15,GBP,941.99
TXN_007249,2024-03-05 16:42:00,S034,P682,1,746.85,39.23,GBP,707.62
TXN_007250,2024-03-03 14:49:00,S010,P782,7,1021.77,25.36,USD,7127.03
TXN_007251,2024-03-14 13:11:00,S021,P179,6,898.2,23.73,GBP,5365.470000000001
TXN_007252,2024-03-11 15:24:00,S052,P608,3,1119.87,43.22,GBP,3316.39
TXN_007253,2024-03-24 09:09:00,S085,P250,9,628.67,33.55,GBP,5624.48
TXN_007254,2024-03-28 16:21:00,S095,P201,4,1241.41,33.25,EUR,4932.39
TXN_007255,2024-03-11 01:12:00,S061,P839,7,451.41,20.58,EUR,3139.2900000000004
TXN_007256,2024-03-30 12:34:00,S037,P515,6,913.75,40.34,GBP,5442.16
TXN_007257,2024-03-12 21:30:00,S018,P625,5,1451.2,37.85,USD,7218.15
TXN_007258,2024-03-21 10:55:00,S004,P642,2,345.92,7.77,EUR,684.07
TXN_007259,2024-03-02 21:24:00,S095,P613,8,945.58,21.65,EUR,7542.990000000001
TXN_007260,2024-03-06 10:31:00,S010,P332,4,828.86,14.72,EUR,3300.7200000000003
TXN_007261,2024-03-28 00:50:00,S030,P354,1,29.02,13.92,EUR,15.1
TXN_007262,2024-03-10 22:53:00,S077,P439,1,1051.09,37.49,GBP,1013.5999999999999
TXN_007263,2024-03-23 10:44:00,S073,P946,3,303.8,30.55,USD,880.8500000000001
TXN_007264,2024-03-03 00:32:00,S091,P746,7,586.55,48.46,USD,4057.3899999999994
TXN_007265,2024-03-30 12:48:00,S047,P135,1,911.6,0.26,USD,911.34
TXN_007266,2024-03-11 21:20:00,S075,P141,6,545.74,32.67,USD,3241.77
TXN_007267,2024-03-28 18:23:00,S042,P191,8,921.96,24.85,USD,7350.83
TXN_007268,2024-03-25 05:50:00,S039,P983,8,618.02,11.55,GBP,4932.61
TXN_007269,2024-03-27 21:05:00,S092,P482,3,979.08,29.91,EUR,2907.3300000000004
TXN_007270,2024-03-04 07:08:00,S084,P886,8,1181.9,6.29,GBP,9448.91
TXN_007271,2024-03-22 17:15:00,S060,P907,9,797.02,34.75,EUR,7138.43
TXN_007272,2024-03-08 01:36:00,S025,P460,7,787.23,24.91,GBP,5485.700000000001
TXN_007273,2024-03-17 02:41:00,S100,P283,8,257.14,30.88,USD,2026.2399999999998
TXN_007274,2024-03-05 14:20:00,S013,P310,7,17.12,9.93,USD,109.91
TXN_007275,2024-03-03 09:21:00,S006,P811,9,479.97,7.93,USD,4311.8
TXN_007276,2024-03-05 06:34:00,S071,P645,7,679.41,37.14,USD,4718.73
TXN_007277,2024-03-15 02:50:00,S098,P878,6,524.01,7.92,EUR,3136.14
TXN_007278,2024-03-16 08:30:00,S100,P837,2,890.58,14.57,USD,1766.5900000000001
TXN_007279,2024-03-01 20:08:00,S019,P690,7,1100.48,25.84,USD,7677.52
TXN_007280,2024-03-15 22:29:00,S091,P290,6,1072.11,15.84,USD,6416.82
TXN_007281,2024-03-16 14:30:00,S050,P115,9,659.74,2.53,USD,5935.13
TXN_007282,2024-03-20 18:22:00,S061,P503,5,937.25,23.08,GBP,4663.17
TXN_007283,2024-03-26 11:05:00,S009,P054,8,518.85,33.85,EUR,4116.95
TXN_007284,2024-03-12 20:35:00,S006,P143,1,1384.36,23.62,GBP,1360.74
TXN_007285,2024-03-17 00:18:00,S036,P376,6,617.05,36.22,EUR,3666.08
TXN_007286,2024-03-04 21:57:00,S036,P176,3,176.76,5.9,USD,524.38
TXN_007287,2024-03-28 15:09:00,S049,P912,4,1286.58,42.63,EUR,5103.69
TXN_007288,2024-03-29 14:46:00,S013,P030,4,113.5,24.62,USD,429.38
TXN_007289,2024-03-30 06:02:00,S051,P788,5,904.52,22.13,USD,4500.47
TXN_007290,2024-03-23 23:11:00,S003,P503,7,362.12,0.59,USD,2534.25
TXN_007291,2024-03-23 07:38:00,S019,P271,3,391.78,40.64,USD,1134.6999999999998
TXN_007292,2024-03-07 12:09:00,S009,P642,2,226.41,33.53,EUR,419.28999999999996
TXN_007293,2024-03-19 01:21:00,S097,P705,5,418.61,14.67,EUR,2078.38
TXN_007294,2024-03-20 11:02:00,S071,P857,3,28.2,27.61,GBP,56.989999999999995
TXN_007295,2024-03-09 03:12:00,S035,P323,8,1426.91,17.57,EUR,11397.710000000001
TXN_007296,2024-03-08 11:42:00,S016,P367,1,1285.4,10.48,GBP,1274.92
TXN_007297,2024-03-29 17:21:00,S077,P151,2,762.7,5.32,EUR,1520.0800000000002
TXN_007298,2024-03-05 11:54:00,S093,P864,1,674.11,20.38,USD,653.73
TXN_007299,2024-03-12 17:26:00,S072,P782,7,674.16,2.26,GBP,4716.86
TXN_007300,2024-03-16 19:02:00,S045,P297,3,934.25,4.98,USD,2797.77
TXN_007301,2024-03-01 07:52:00,S034,P934,1,417.97,40.83,GBP,377.14000000000004
TXN_007302,2024-03-30 02:43:00,S009,P580,4,1250.75,48.53,USD,4954.47
TXN_007303,2024-03-17 08:30:00,S070,P677,9,1340.86,39.08,USD,12028.66
TXN_007304,2024-03-03 08:46:00,S016,P380,4,1404.29,19.89,GBP,5597.2699999999995
TXN_007305,2024-03-12 16:43:00,S097,P173,9,265.95,16.52,USD,2377.0299999999997
TXN_007306,2024-03-03 06:41:00,S093,P043,8,1397.05,32.43,EUR,11143.97
TXN_007307,2024-03-10 03:29:00,S067,P296,5,112.6,19.05,EUR,543.95
TXN_007308,2024-03-06 12:59:00,S013,P279,5,1253.0,10.82,USD,6254.18
TXN_007309,2024-03-14 03:30:00,S076,P673,1,1022.08,26.83,GBP,995.25
TXN_007310,2024-03-30 08:31:00,S046,P020,1,1471.78,20.84,GBP,1450.94
TXN_007311,2024-03-30 23:43:00,S040,P031,1,1232.12,16.14,EUR,1215.9799999999998
TXN_007312,2024-03-15 05:12:00,S091,P972,5,869.19,28.37,EUR,4317.580000000001
TXN_007313,2024-03-10 20:57:00,S064,P910,8,668.6,36.08,GBP,5312.72
TXN_007314,2024-03-14 11:10:00,S016,P044,3,1464.46,34.64,EUR,4358.74
TXN_007315,2024-03-18 13:47:00,S073,P354,9,581.33,14.43,EUR,5217.54
TXN_007316,2024-03-28 10:06:00,S046,P442,6,1296.82,34.53,GBP,7746.39
TXN_007317,2024-03-25 21:59:00,S043,P335,5,1239.39,7.94,USD,6189.010000000001
TXN_007318,2024-03-02 03:10:00,S092,P170,2,94.0,46.8,USD,141.2
TXN_007319,2024-03-13 00:09:00,S044,P785,7,318.54,9.46,EUR,2220.32
TXN_007320,2024-03-19 08:44:00,S028,P677,4,1071.35,2.36,USD,4283.04
TXN_007321,2024-03-20 06:07:00,S085,P559,9,1065.14,8.29,GBP,9577.97
TXN_007322,2024-03-22 15:36:00,S028,P307,7,560.53,15.38,USD,3908.33
TXN_007323,2024-03-19 21:51:00,S082,P718,5,47.0,25.49,GBP,209.51
TXN_007324,2024-03-24 15:14:00,S098,P490,2,54.07,33.11,GBP,75.03
TXN_007325,2024-03-02 22:21:00,S069,P508,2,1409.42,2.12,EUR,2816.7200000000003
TXN_007326,2024-03-26 16:46:00,S003,P147,4,129.9,9.54,USD,510.06
TXN_007327,2024-03-12 11:53:00,S004,P060,5,1463.04,38.04,EUR,7277.16
TXN_007328,2024-03-22 14:02:00,S015,P129,7,349.97,18.84,GBP,2430.95
TXN_007329,2024-03-21 11:25:00,S032,P777,9,716.54,26.08,EUR,6422.78
TXN_007330,2024-03-30 21:38:00,S040,P216,6,728.66,17.3,USD,4354.66
TXN_007331,2024-03-29 04:25:00,S082,P331,9,741.35,6.42,EUR,6665.7300000000005
TXN_007332,2024-03-25 13:50:00,S016,P721,3,1477.01,29.93,USD,4401.099999999999
TXN_007333,2024-03-28 13:32:00,S029,P305,8,185.59,8.67,GBP,1476.05
TXN_007334,2024-03-19 14:05:00,S073,P918,1,1254.89,20.55,EUR,1234.3400000000001
TXN_007335,2024-03-26 01:44:00,S045,P870,8,335.27,48.16,GBP,2634.0
TXN_007336,2024-03-04 09:41:00,S087,P981,7,1159.92,0.05,EUR,8119.39
TXN_007337,2024-03-22 16:28:00,S083,P405,7,1118.63,24.46,USD,7805.950000000001
TXN_007338,2024-03-18 01:05:00,S048,P944,1,1001.47,21.36,GBP,980.11
TXN_007339,2024-03-06 17:53:00,S078,P193,6,1230.27,29.74,EUR,7351.88
TXN_007340,2024-03-14 08:43:00,S077,P552,4,106.92,21.2,EUR,406.48
TXN_007341,2024-03-08 07:53:00,S080,P469,6,567.5,0.98,USD,3404.02
TXN_007342,2024-03-13 01:38:00,S052,P178,7,1266.13,11.09,EUR,8851.82
TXN_007343,2024-03-10 10:45:00,S062,P799,7,130.41,14.45,EUR,898.42
TXN_007344,2024-03-11 13:45:00,S014,P535,7,496.88,16.35,GBP,3461.81
TXN_007345,2024-03-27 10:59:00,S067,P048,4,142.54,47.07,GBP,523.0899999999999
TXN_007346,2024-03-18 05:14:00,S081,P193,8,1146.63,16.48,EUR,9156.560000000001
TXN_007347,2024-03-13 17:20:00,S100,P294,3,331.2,17.16,USD,976.4399999999999
TXN_007348,2024-03-12 21:58:00,S008,P022,1,62.26,30.11,USD,32.15
TXN_007349,2024-03-28 12:53:00,S021,P469,6,907.03,6.85,USD,5435.33
TXN_007350,2024-03-13 01:48:00,S028,P885,9,55.42,40.36,EUR,458.42
TXN_007351,2024-03-08 09:26:00,S019,P884,3,187.62,35.9,EUR,526.96
TXN_007352,2024-03-01 17:24:00,S022,P163,3,550.47,26.74,USD,1624.67
TXN_007353,2024-03-15 06:55:00,S030,P770,7,675.47,33.35,USD,4694.94
TXN_007354,2024-03-08 18:49:00,S030,P328,8,676.35,33.04,USD,5377.76
TXN_007355,2024-03-09 07:11:00,S046,P191,6,1289.28,29.96,USD,7705.72
TXN_007356,2024-03-20 15:43:00,S029,P454,4,298.0,2.74,USD,1189.26
TXN_007357,2024-03-01 11:11:00,S025,P934,3,490.29,31.73,GBP,1439.14
TXN_007358,2024-03-14 04:41:00,S027,P584,6,930.39,41.6,EUR,5540.74
TXN_007359,2024-03-26 07:58:00,S005,P678,6,1211.1,27.09,GBP,7239.509999999999
TXN_007360,2024-03-01 11:08:00,S040,P213,6,1059.29,27.93,USD,6327.8099999999995
TXN_007361,2024-03-30 01:11:00,S024,P179,2,384.24,30.47,EUR,738.01
TXN_007362,2024-03-18 09:05:00,S100,P469,9,645.77,29.32,EUR,5782.610000000001
TXN_007363,2024-03-20 12:41:00,S024,P056,5,379.57,46.16,GBP,1851.6899999999998
TXN_007364,2024-03-07 16:20:00,S039,P911,2,604.88,32.78,EUR,1176.98
TXN_007365,2024-03-30 08:15:00,S009,P213,8,512.21,49.8,EUR,4047.88
TXN_007366,2024-03-23 13:08:00,S089,P520,9,1265.22,31.16,EUR,11355.82
TXN_007367,2024-03-16 19:29:00,S049,P104,9,450.5,46.37,EUR,4008.13
TXN_007368,2024-03-04 17:40:00,S003,P800,8,1088.56,29.59,EUR,8678.89
TXN_007369,2024-03-15 11:32:00,S046,P486,9,689.44,24.75,EUR,6180.210000000001
TXN_007370,2024-03-20 20:11:00,S095,P749,1,1318.44,20.1,EUR,1298.3400000000001
TXN_007371,2024-03-19 08:17:00,S077,P750,7,162.43,45.66,USD,1091.35
TXN_007372,2024-03-23 07:02:00,S075,P498,3,304.84,33.2,USD,881.3199999999999
TXN_007373,2024-03-20 01:14:00,S033,P286,7,1439.6,39.79,EUR,10037.409999999998
TXN_007374,2024-03-16 18:31:00,S075,P066,2,254.49,32.67,EUR,476.31
TXN_007375,2024-03-27 13:53:00,S074,P474,4,452.35,37.56,GBP,1771.8400000000001
TXN_007376,2024-03-17 18:33:00,S078,P710,5,443.52,10.75,USD,2206.85
TXN_007377,2024-03-15 04:16:00,S075,P497,1,416.02,45.28,EUR,370.74
TXN_007378,2024-03-07 10:43:00,S070,P206,8,617.63,17.28,GBP,4923.76
TXN_007379,2024-03-06 15:27:00,S083,P661,2,81.28,35.09,GBP,127.47
TXN_007380,2024-03-13 17:34:00,S079,P882,6,299.93,24.53,EUR,1775.05
TXN_007381,2024-03-15 02:09:00,S064,P110,9,929.51,18.32,EUR,8347.27
TXN_007382,2024-03-27 18:05:00,S028,P397,4,940.7,11.04,USD,3751.76
TXN_007383,2024-03-12 01:02:00,S025,P102,2,508.39,14.03,EUR,1002.75
TXN_007384,2024-03-02 20:51:00,S006,P169,4,1367.14,37.07,GBP,5431.490000000001
TXN_007385,2024-03-03 15:20:00,S007,P843,7,901.56,41.16,EUR,6269.76
TXN_007386,2024-03-24 08:02:00,S092,P227,3,1358.58,8.22,EUR,4067.52
TXN_007387,2024-03-07 23:46:00,S027,P629,7,143.69,37.57,GBP,968.2599999999999
TXN_007388,2024-03-08 03:04:00,S008,P693,2,1332.59,30.64,GBP,2634.54
TXN_007389,2024-03-11 07:33:00,S086,P385,8,1467.68,38.37,USD,11703.07
TXN_007390,2024-03-27 20:41:00,S082,P495,5,945.64,13.09,EUR,4715.11
TXN_007391,2024-03-29 19:52:00,S069,P540,4,148.01,43.3,GBP,548.74
TXN_007392,2024-03-10 05:39:00,S071,P558,9,82.9,5.25,EUR,740.85
TXN_007393,2024-03-01 12:47:00,S073,P926,4,815.82,27.22,GBP,3236.0600000000004
TXN_007394,2024-03-20 10:04:00,S092,P944,7,1362.15,5.15,EUR,9529.900000000001
TXN_007395,2024-03-16 05:50:00,S069,P711,4,49.27,31.59,USD,165.49
TXN_007396,2024-03-20 08:24:00,S013,P928,9,610.46,25.81,EUR,5468.33
TXN_007397,2024-03-02 01:40:00,S097,P970,9,333.96,2.52,USD,3003.12
TXN_007398,2024-03-15 13:44:00,S077,P032,2,532.71,48.0,EUR,1017.4200000000001
TXN_007399,2024-03-17 10:24:00,S093,P147,5,1001.01,47.06,EUR,4957.99
TXN_007400,2024-03-30 13:53:00,S091,P212,4,307.14,0.45,GBP,1228.11
TXN_007401,2024-03-28 00:13:00,S091,P003,4,812.93,29.75,GBP,3221.97
TXN_007402,2024-03-03 22:07:00,S027,P847,3,516.03,48.22,GBP,1499.87
TXN_007403,2024-03-27 01:45:00,S046,P586,2,1178.75,28.41,USD,2329.09
TXN_007404,2024-03-24 09:50:00,S090,P271,1,137.86,40.54,EUR,97.32000000000002
TXN_007405,2024-03-21 23:53:00,S037,P063,5,839.13,27.69,GBP,4167.96
TXN_007406,2024-03-18 14:46:00,S007,P077,1,321.85,45.91,USD,275.94000000000005
TXN_007407,2024-03-29 06:27:00,S022,P762,4,805.21,17.0,USD,3203.84
TXN_007408,2024-03-02 10:37:00,S091,P399,2,858.77,45.37,USD,1672.17
TXN_007409,2024-03-13 19:02:00,S025,P740,6,1354.68,24.97,EUR,8103.11
TXN_007410,2024-03-26 23:09:00,S045,P258,2,317.87,46.7,USD,589.04
TXN_007411,2024-03-20 10:10:00,S096,P894,9,709.26,29.28,EUR,6354.06
TXN_007412,2024-03-19 03:21:00,S032,P592,2,535.88,26.59,EUR,1045.17
TXN_007413,2024-03-16 14:45:00,S096,P875,7,302.09,20.07,USD,2094.5599999999995
TXN_007414,2024-03-08 13:21:00,S036,P604,8,1206.31,2.02,USD,9648.46
TXN_007415,2024-03-22 19:39:00,S095,P184,4,529.95,43.94,GBP,2075.86
TXN_007416,2024-03-18 21:59:00,S024,P550,9,736.21,41.04,EUR,6584.85
TXN_007417,2024-03-18 12:28:00,S076,P670,7,499.39,22.95,EUR,3472.78
TXN_007418,2024-03-19 12:16:00,S060,P232,7,593.95,40.59,GBP,4117.06
TXN_007419,2024-03-11 02:03:00,S070,P192,1,530.21,30.52,GBP,499.69000000000005
TXN_007420,2024-03-07 23:13:00,S010,P900,7,678.66,22.65,USD,4727.97
TXN_007421,2024-03-21 18:57:00,S019,P071,1,935.51,10.18,EUR,925.33
TXN_007422,2024-03-03 13:35:00,S086,P137,1,1340.35,25.83,EUR,1314.52
TXN_007423,2024-03-27 01:21:00,S037,P720,4,1411.0,31.16,GBP,5612.84
TXN_007424,2024-03-15 13:00:00,S036,P209,8,648.82,32.94,GBP,5157.620000000001
TXN_007425,2024-03-25 05:20:00,S100,P791,4,897.31,2.32,EUR,3586.9199999999996
TXN_007426,2024-03-03 14:08:00,S004,P944,4,1007.51,39.92,GBP,3990.12
TXN_007427,2024-03-23 05:17:00,S091,P325,8,1237.37,35.0,GBP,9863.96
TXN_007428,2024-03-01 21:45:00,S081,P206,6,587.7,40.7,GBP,3485.5000000000005
TXN_007429,2024-03-14 08:30:00,S056,P282,3,284.13,49.58,EUR,802.81
TXN_007430,2024-03-28 08:24:00,S090,P129,4,1427.64,2.45,GBP,5708.110000000001
TXN_007431,2024-03-30 20:33:00,S025,P354,4,1277.32,3.18,GBP,5106.099999999999
TXN_007432,2024-03-23 12:18:00,S025,P142,5,453.91,37.62,EUR,2231.9300000000003
TXN_007433,2024-03-22 21:50:00,S069,P061,9,46.42,27.45,GBP,390.33000000000004
TXN_007434,2024-03-16 19:30:00,S087,P212,1,1219.3,22.98,GBP,1196.32
TXN_007435,2024-03-30 16:36:00,S033,P347,6,209.9,16.86,USD,1242.5400000000002
TXN_007436,2024-03-04 21:59:00,S016,P703,4,224.08,9.19,EUR,887.13
TXN_007437,2024-03-22 00:28:00,S018,P409,7,1458.79,30.12,EUR,10181.409999999998
TXN_007438,2024-03-15 15:24:00,S035,P334,1,98.58,29.88,GBP,68.7
TXN_007439,2024-03-04 04:44:00,S087,P543,1,1452.46,1.16,GBP,1451.3
TXN_007440,2024-03-29 23:59:00,S065,P961,7,443.27,45.36,GBP,3057.5299999999997
TXN_007441,2024-03-27 10:44:00,S063,P600,6,167.13,28.22,USD,974.56
TXN_007442,2024-03-17 16:32:00,S002,P069,4,1436.04,12.11,EUR,5732.05
TXN_007443,2024-03-14 20:36:00,S066,P123,6,1360.71,38.62,GBP,8125.64
TXN_007444,2024-03-22 20:28:00,S087,P402,8,1444.13,18.99,EUR,11534.050000000001
TXN_007445,2024-03-16 19:46:00,S080,P033,8,974.39,33.66,USD,7761.46
TXN_007446,2024-03-24 06:02:00,S044,P492,1,1097.15,49.51,GBP,1047.64
TXN_007447,2024-03-21 06:24:00,S094,P519,6,364.65,11.03,USD,2176.8699999999994
TXN_007448,2024-03-24 03:04:00,S060,P167,9,317.27,31.04,GBP,2824.39
TXN_007449,2024-03-27 16:01:00,S025,P498,3,966.79,31.17,GBP,2869.2
TXN_007450,2024-03-20 17:21:00,S069,P903,2,1403.4,40.39,GBP,2766.4100000000003
TXN_007451,2024-03-21 04:47:00,S047,P175,4,1452.52,43.85,GBP,5766.23
TXN_007452,2024-03-08 16:16:00,S059,P759,5,865.44,39.67,EUR,4287.530000000001
TXN_007453,2024-03-04 17:04:00,S089,P760,4,121.16,38.01,GBP,446.63
TXN_007454,2024-03-18 16:06:00,S031,P636,2,596.78,45.33,EUR,1148.23
TXN_007455,2024-03-16 14:14:00,S030,P410,3,1401.07,21.08,EUR,4182.13
TXN_007456,2024-03-12 03:39:00,S087,P026,6,1348.08,12.51,GBP,8075.969999999999
TXN_007457,2024-03-05 06:48:00,S023,P305,4,504.16,0.2,USD,2016.44
TXN_007458,2024-03-28 07:39:00,S080,P101,8,1092.02,33.66,USD,8702.5
TXN_007459,2024-03-07 05:46:00,S084,P829,5,957.68,20.52,EUR,4767.879999999999
TXN_007460,2024-03-20 15:35:00,S007,P416,4,279.76,26.45,USD,1092.59
TXN_007461,2024-03-29 21:49:00,S016,P896,2,77.52,8.49,EUR,146.54999999999998
TXN_007462,2024-03-28 02:25:00,S093,P573,4,1228.96,12.7,GBP,4903.14
TXN_007463,2024-03-29 16:00:00,S012,P178,4,1001.53,23.97,GBP,3982.15
TXN_007464,2024-03-20 10:45:00,S044,P929,1,512.67,24.64,USD,488.03
TXN_007465,2024-03-03 07:57:00,S092,P747,6,1145.72,34.87,EUR,6839.45
TXN_007466,2024-03-24 04:44:00,S067,P671,2,1261.02,45.63,USD,2476.41
TXN_007467,2024-03-07 23:25:00,S022,P831,1,297.12,38.98,GBP,258.14
TXN_007468,2024-03-21 15:20:00,S072,P045,1,95.21,26.11,GBP,69.1
TXN_007469,2024-03-23 02:39:00,S020,P184,9,528.72,2.42,EUR,4756.06
TXN_007470,2024-03-04 15:12:00,S019,P294,8,125.05,24.64,GBP,975.76
TXN_007471,2024-03-13 01:52:00,S100,P753,2,398.62,10.14,EUR,787.1
TXN_007472,2024-03-17 20:53:00,S082,P454,9,867.04,6.54,GBP,7796.82
TXN_007473,2024-03-14 06:40:00,S008,P910,8,146.69,29.96,USD,1143.56
TXN_007474,2024-03-01 02:50:00,S076,P177,3,1121.07,10.03,GBP,3353.18
TXN_007475,2024-03-19 15:44:00,S048,P066,8,474.51,6.29,EUR,3789.79
TXN_007476,2024-03-21 09:58:00,S071,P170,5,975.9,41.51,GBP,4837.99
TXN_007477,2024-03-16 12:04:00,S010,P138,4,1376.84,13.26,USD,5494.099999999999
TXN_007478,2024-03-13 15:58:00,S028,P386,4,1136.86,29.62,GBP,4517.82
TXN_007479,2024-03-12 20:24:00,S049,P412,2,643.6,33.47,GBP,1253.73
TXN_007480,2024-03-24 03:56:00,S008,P314,8,215.99,3.9,EUR,1724.02
TXN_007481,2024-03-09 06:41:00,S042,P559,5,553.42,31.28,USD,2735.8199999999997
TXN_007482,2024-03-13 14:13:00,S091,P193,1,556.18,1.23,USD,554.9499999999999
TXN_007483,2024-03-11 22:42:00,S012,P808,9,1356.55,37.56,GBP,12171.39
TXN_007484,2024-03-04 20:25:00,S015,P325,2,1173.08,38.92,GBP,2307.24
TXN_007485,2024-03-19 02:35:00,S084,P367,9,582.08,17.15,USD,5221.570000000001
TXN_007486,2024-03-20 09:33:00,S100,P557,1,112.8,2.3,GBP,110.5
TXN_007487,2024-03-13 01:26:00,S057,P914,3,56.97,0.92,EUR,169.99
TXN_007488,2024-03-11 23:12:00,S022,P515,6,956.7,11.6,USD,5728.6
TXN_007489,2024-03-26 17:55:00,S012,P888,2,586.22,37.5,USD,1134.94
TXN_007490,2024-03-29 06:20:00,S031,P260,8,81.16,25.22,GBP,624.06
TXN_007491,2024-03-27 06:37:00,S049,P924,1,1108.97,43.5,EUR,1065.47
TXN_007492,2024-03-09 13:58:00,S068,P982,5,708.0,31.69,GBP,3508.31
TXN_007493,2024-03-18 16:42:00,S054,P548,4,376.49,44.59,EUR,1461.3700000000001
TXN_007494,2024-03-14 12:03:00,S081,P189,6,1271.53,36.82,GBP,7592.360000000001
TXN_007495,2024-03-06 07:18:00,S076,P375,2,1182.32,2.58,USD,2362.06
TXN_007496,2024-03-10 13:30:00,S023,P076,4,184.79,5.93,USD,733.23
TXN_007497,2024-03-29 11:53:00,S008,P561,5,1190.94,28.92,EUR,5925.780000000001
TXN_007498,2024-03-08 19:11:00,S033,P510,4,1118.81,7.26,GBP,4467.98
TXN_007499,2024-03-28 15:48:00,S040,P484,5,273.33,2.49,USD,1364.1599999999999
TXN_007500,2024-03-21 12:05:00,S066,P169,5,760.03,10.25,GBP,3789.8999999999996
TXN_007501,2024-03-13 08:15:00,S030,P547,8,626.87,42.41,GBP,4972.55
TXN_007502,2024-03-26 13:28:00,S047,P534,4,525.01,25.92,GBP,2074.12
TXN_007503,2024-03-30 08:12:00,S020,P115,1,1311.52,28.12,EUR,1283.4
TXN_007504,2024-03-10 23:36:00,S097,P554,2,623.9,38.31,USD,1209.49
TXN_007505,2024-03-28 18:51:00,S088,P414,3,464.18,15.17,USD,1377.37
TXN_007506,2024-03-08 05:34:00,S019,P480,4,602.51,39.97,EUR,2370.07
TXN_007507,2024-03-16 01:23:00,S051,P797,8,647.98,32.91,EUR,5150.93
TXN_007508,2024-03-28 03:40:00,S070,P192,8,78.31,39.66,GBP,586.82
TXN_007509,2024-03-11 12:41:00,S008,P540,6,84.86,25.78,GBP,483.38
TXN_007510,2024-03-13 12:18:00,S086,P489,9,1342.19,18.53,USD,12061.18
TXN_007511,2024-03-07 08:25:00,S066,P071,4,666.2,20.66,GBP,2644.1400000000003
TXN_007512,2024-03-20 04:59:00,S037,P846,2,40.78,47.77,USD,33.79
TXN_007513,2024-03-30 04:01:00,S070,P952,4,226.33,27.81,EUR,877.5100000000001
TXN_007514,2024-03-06 12:44:00,S098,P364,9,442.59,43.21,EUR,3940.1
TXN_007515,2024-03-22 13:35:00,S050,P731,7,377.71,20.9,GBP,2623.0699999999997
TXN_007516,2024-03-24 09:47:00,S050,P534,7,1303.0,34.17,USD,9086.83
TXN_007517,2024-03-16 01:44:00,S083,P240,5,1203.96,46.48,EUR,5973.320000000001
TXN_007518,2024-03-14 02:07:00,S058,P090,7,1460.78,29.95,USD,10195.509999999998
TXN_007519,2024-03-22 16:16:00,S077,P914,3,1215.08,2.63,USD,3642.6099999999997
TXN_007520,2024-03-13 05:57:00,S043,P459,5,244.95,3.39,GBP,1221.36
TXN_007521,2024-03-28 09:03:00,S050,P734,7,468.73,26.42,EUR,3254.69
TXN_007522,2024-03-02 12:50:00,S014,P173,4,347.68,24.72,GBP,1366.0
TXN_007523,2024-03-18 12:13:00,S021,P888,5,546.59,12.68,EUR,2720.2700000000004
TXN_007524,2024-03-29 14:08:00,S016,P629,9,329.79,26.99,EUR,2941.1200000000003
TXN_007525,2024-03-07 15:22:00,S073,P052,4,534.9,46.36,EUR,2093.24
TXN_007526,2024-03-08 02:03:00,S099,P089,8,330.18,18.98,GBP,2622.46
TXN_007527,2024-03-01 16:41:00,S047,P882,7,1165.4,21.29,EUR,8136.510000000001
TXN_007528,2024-03-13 23:19:00,S094,P049,7,801.7,30.27,GBP,5581.63
TXN_007529,2024-03-10 08:46:00,S008,P806,9,428.52,46.46,USD,3810.22
TXN_007530,2024-03-17 20:51:00,S008,P514,3,540.62,21.91,GBP,1599.95
TXN_007531,2024-03-02 21:40:00,S022,P750,3,848.26,43.91,GBP,2500.87
TXN_007532,2024-03-11 03:53:00,S054,P417,6,111.35,21.19,GBP,646.9099999999999
TXN_007533,2024-03-20 13:36:00,S098,P246,5,223.6,27.27,GBP,1090.73
TXN_007534,2024-03-11 17:22:00,S005,P663,8,97.03,30.95,EUR,745.29
TXN_007535,2024-03-15 15:44:00,S069,P670,6,399.1,24.25,USD,2370.3500000000004
TXN_007536,2024-03-18 04:00:00,S045,P546,1,409.4,37.93,GBP,371.46999999999997
TXN_007537,2024-03-08 21:28:00,S039,P420,2,568.25,42.56,USD,1093.94
TXN_007538,2024-03-09 10:19:00,S099,P912,8,936.98,1.59,EUR,7494.25
TXN_007539,2024-03-08 03:57:00,S065,P973,7,207.64,49.85,EUR,1403.63
TXN_007540,2024-03-08 11:48:00,S051,P204,9,619.86,15.89,EUR,5562.849999999999
TXN_007541,2024-03-20 04:39:00,S077,P572,6,1268.12,39.65,EUR,7569.07
TXN_007542,2024-03-11 17:31:00,S070,P760,6,326.34,39.64,USD,1918.3999999999999
TXN_007543,2024-03-26 13:25:00,S063,P044,2,1483.66,40.88,EUR,2926.44
TXN_007544,2024-03-11 16:10:00,S044,P335,5,465.54,24.63,USD,2303.07
TXN_007545,2024-03-26 15:04:00,S057,P461,5,155.7,3.73,GBP,774.77
TXN_007546,2024-03-17 03:01:00,S055,P312,6,1446.18,18.24,EUR,8658.84
TXN_007547,2024-03-26 05:59:00,S096,P556,7,407.15,2.97,USD,2847.08
TXN_007548,2024-03-30 15:23:00,S017,P469,4,829.11,11.71,USD,3304.73
TXN_007549,2024-03-18 03:11:00,S001,P602,2,480.12,18.39,GBP,941.85
TXN_007550,2024-03-20 16:50:00,S040,P484,2,302.61,49.12,USD,556.1
TXN_007551,2024-03-20 10:33:00,S070,P991,6,396.6,24.94,EUR,2354.6600000000003
TXN_007552,2024-03-13 19:31:00,S100,P658,1,435.47,16.21,GBP,419.26000000000005
TXN_007553,2024-03-05 07:42:00,S078,P107,6,967.93,15.71,EUR,5791.87
TXN_007554,2024-03-06 22:17:00,S037,P372,9,403.94,47.1,GBP,3588.36
TXN_007555,2024-03-05 23:48:00,S093,P558,3,689.3,5.3,EUR,2062.5999999999995
TXN_007556,2024-03-13 05:55:00,S067,P316,7,69.98,45.45,GBP,444.41
TXN_007557,2024-03-13 16:52:00,S054,P176,9,525.36,7.71,GBP,4720.53
TXN_007558,2024-03-29 17:32:00,S045,P849,4,1311.73,5.02,EUR,5241.9
TXN_007559,2024-03-08 02:52:00,S054,P601,1,205.4,47.32,GBP,158.08
TXN_007560,2024-03-04 06:13:00,S046,P492,6,772.57,4.35,USD,4631.07
TXN_007561,2024-03-08 04:13:00,S038,P057,9,1446.78,5.09,USD,13015.93
TXN_007562,2024-03-01 08:46:00,S032,P352,8,197.88,7.29,USD,1575.75
TXN_007563,2024-03-10 16:30:00,S078,P755,4,324.83,28.75,USD,1270.57
TXN_007564,2024-03-20 19:41:00,S006,P247,1,356.87,31.96,EUR,324.91
TXN_007565,2024-03-29 11:58:00,S061,P557,9,964.79,4.3,EUR,8678.810000000001
TXN_007566,2024-03-29 14:00:00,S025,P804,5,650.32,2.63,GBP,3248.9700000000003
TXN_007567,2024-03-29 01:35:00,S080,P647,4,261.16,4.57,GBP,1040.0700000000002
TXN_007568,2024-03-24 10:25:00,S062,P741,2,391.56,44.25,GBP,738.87
TXN_007569,2024-03-06 18:43:00,S024,P549,4,805.28,14.01,EUR,3207.1099999999997
TXN_007570,2024-03-04 10:21:00,S026,P505,3,1483.3,6.48,GBP,4443.42
TXN_007571,2024-03-06 06:00:00,S036,P847,8,1385.1,44.01,EUR,11036.789999999999
TXN_007572,2024-03-17 07:39:00,S029,P104,4,88.56,18.14,EUR,336.1
TXN_007573,2024-03-13 06:34:00,S040,P470,1,978.3,0.27,USD,978.03
TXN_007574,2024-03-13 02:51:00,S075,P946,6,1261.31,48.06,GBP,7519.799999999999
TXN_007575,2024-03-03 15:00:00,S083,P590,8,741.81,39.59,USD,5894.889999999999
TXN_007576,2024-03-17 02:40:00,S008,P349,3,356.25,44.81,USD,1023.94
TXN_007577,2024-03-20 12:16:00,S094,P176,5,1124.13,45.43,USD,5575.22
TXN_007578,2024-03-14 17:10:00,S069,P158,2,1328.65,38.37,USD,2618.9300000000003
TXN_007579,2024-03-27 01:10:00,S073,P678,7,46.01,14.36,EUR,307.71
TXN_007580,2024-03-09 16:51:00,S046,P445,7,350.17,48.8,USD,2402.39
TXN_007581,2024-03-19 20:44:00,S074,P426,7,301.72,10.75,GBP,2101.29
TXN_007582,2024-03-20 19:55:00,S081,P449,6,809.23,16.22,GBP,4839.16
TXN_007583,2024-03-02 10:27:00,S072,P078,2,588.27,28.11,GBP,1148.43
TXN_007584,2024-03-07 21:12:00,S060,P328,1,263.06,32.58,USD,230.48000000000002
TXN_007585,2024-03-09 16:31:00,S073,P986,6,1106.63,23.88,USD,6615.900000000001
TXN_007586,2024-03-20 23:29:00,S024,P302,3,188.13,49.96,GBP,514.43
TXN_007587,2024-03-25 18:02:00,S005,P654,7,72.43,27.36,USD,479.65000000000003
TXN_007588,2024-03-06 12:58:00,S075,P922,8,370.87,45.55,USD,2921.41
TXN_007589,2024-03-28 23:39:00,S035,P881,9,1094.1,26.15,EUR,9820.75
TXN_007590,2024-03-19 14:33:00,S075,P814,8,691.23,6.48,EUR,5523.360000000001
TXN_007591,2024-03-07 18:15:00,S003,P129,4,560.92,41.65,GBP,2202.0299999999997
TXN_007592,2024-03-11 16:18:00,S085,P604,6,1098.15,45.32,GBP,6543.580000000001
TXN_007593,2024-03-17 20:35:00,S003,P888,7,1246.21,36.59,EUR,8686.880000000001
TXN_007594,2024-03-24 14:26:00,S030,P005,7,982.55,41.07,USD,6836.78
TXN_007595,2024-03-15 10:00:00,S005,P643,9,226.94,14.04,GBP,2028.42
TXN_007596,2024-03-07 16:15:00,S075,P543,5,1463.33,21.65,GBP,7295.0
TXN_007597,2024-03-16 18:10:00,S005,P926,2,682.65,20.24,GBP,1345.06
TXN_007598,2024-03-27 16:23:00,S043,P537,4,270.81,8.99,EUR,1074.25
TXN_007599,2024-03-11 06:49:00,S054,P096,6,1295.79,19.64,EUR,7755.099999999999
TXN_007600,2024-03-27 05:53:00,S067,P565,5,617.31,47.41,EUR,3039.14
TXN_007601,2024-03-14 22:06:00,S022,P602,9,813.66,6.61,USD,7316.33
TXN_007602,2024-03-09 08:45:00,S023,P919,8,537.7,2.91,USD,4298.6900000000005
TXN_007603,2024-03-11 07:37:00,S056,P666,6,956.89,2.34,USD,5739.0
TXN_007604,2024-03-15 20:15:00,S002,P559,5,285.62,18.04,GBP,1410.06
TXN_007605,2024-03-23 01:30:00,S004,P531,9,1071.5,29.85,EUR,9613.65
TXN_007606,2024-03-15 13:44:00,S079,P122,3,306.11,30.32,EUR,888.01
TXN_007607,2024-03-30 00:36:00,S084,P522,4,306.35,15.21,EUR,1210.19
TXN_007608,2024-03-13 05:56:00,S074,P961,7,68.99,41.92,EUR,441.00999999999993
TXN_007609,2024-03-17 01:11:00,S069,P252,2,727.83,7.55,GBP,1448.1100000000001
TXN_007610,2024-03-17 05:12:00,S038,P825,3,1218.89,35.96,USD,3620.71
TXN_007611,2024-03-27 08:46:00,S082,P708,4,1318.93,45.83,EUR,5229.89
TXN_007612,2024-03-10 12:33:00,S054,P055,3,166.13,13.39,USD,485.0
TXN_007613,2024-03-17 04:38:00,S058,P241,4,1205.61,21.06,EUR,4801.379999999999
TXN_007614,2024-03-02 06:00:00,S039,P470,8,847.85,16.9,EUR,6765.900000000001
TXN_007615,2024-03-01 19:37:00,S062,P831,1,497.78,1.77,USD,496.01
TXN_007616,2024-03-04 03:24:00,S052,P185,1,829.78,15.48,USD,814.3
TXN_007617,2024-03-17 16:01:00,S047,P585,8,528.75,40.06,GBP,4189.94
TXN_007618,2024-03-20 23:06:00,S071,P519,6,1253.96,29.17,USD,7494.59
TXN_007619,2024-03-11 05:18:00,S100,P781,5,208.78,34.82,GBP,1009.08
TXN_007620,2024-03-22 14:29:00,S095,P466,8,1031.87,28.84,USD,8226.119999999999
TXN_007621,2024-03-06 16:20:00,S069,P167,3,1401.49,35.85,USD,4168.62
TXN_007622,2024-03-01 20:06:00,S020,P312,1,334.61,49.02,GBP,285.59000000000003
TXN_007623,2024-03-13 02:35:00,S020,P101,8,1478.65,26.35,USD,11802.85
TXN_007624,2024-03-15 08:14:00,S097,P033,6,661.87,26.58,GBP,3944.6400000000003
TXN_007625,2024-03-02 12:54:00,S003,P668,6,98.43,4.92,EUR,585.6600000000001
TXN_007626,2024-03-29 10:15:00,S009,P623,2,568.39,38.94,GBP,1097.84
TXN_007627,2024-03-11 23:28:00,S022,P163,9,1196.58,28.54,GBP,10740.679999999998
TXN_007628,2024-03-21 15:53:00,S053,P212,7,294.27,39.8,EUR,2020.09
TXN_007629,2024-03-23 06:33:00,S078,P824,4,117.26,40.46,USD,428.58000000000004
TXN_007630,2024-03-09 23:05:00,S098,P876,5,1140.65,20.14,USD,5683.11
TXN_007631,2024-03-24 07:26:00,S077,P425,2,120.96,48.0,GBP,193.92
TXN_007632,2024-03-05 07:27:00,S006,P416,2,714.11,33.03,GBP,1395.19
TXN_007633,2024-03-24 14:04:00,S044,P805,4,287.43,40.88,USD,1108.84
TXN_007634,2024-03-19 05:51:00,S001,P136,9,838.94,12.41,USD,7538.050000000001
TXN_007635,2024-03-24 22:27:00,S077,P068,4,823.23,9.61,USD,3283.31
TXN_007636,2024-03-03 20:54:00,S063,P714,8,1306.17,11.24,USD,10438.12
TXN_007637,2024-03-12 05:57:00,S064,P392,3,343.29,3.55,EUR,1026.3200000000002
TXN_007638,2024-03-20 16:35:00,S014,P916,8,479.4,15.59,GBP,3819.6099999999997
TXN_007639,2024-03-02 01:36:00,S041,P298,4,628.98,27.95,GBP,2487.9700000000003
TXN_007640,2024-03-23 07:50:00,S089,P997,3,673.79,39.84,USD,1981.53
TXN_007641,2024-03-10 03:23:00,S081,P508,7,631.45,5.43,GBP,4414.72
TXN_007642,2024-03-23 07:53:00,S088,P556,1,1175.86,27.19,USD,1148.6699999999998
TXN_007643,2024-03-01 22:01:00,S100,P967,8,770.8,31.1,GBP,6135.299999999999
TXN_007644,2024-03-16 16:29:00,S098,P719,6,939.32,19.32,USD,5616.6
TXN_007645,2024-03-15 00:30:00,S099,P730,9,649.68,17.94,EUR,5829.18
TXN_007646,2024-03-30 23:40:00,S055,P005,4,321.42,4.61,USD,1281.0700000000002
TXN_007647,2024-03-14 07:44:00,S095,P560,3,226.16,17.85,GBP,660.63
TXN_007648,2024-03-25 03:30:00,S037,P887,1,1165.7,26.44,USD,1139.26
TXN_007649,2024-03-05 06:53:00,S064,P639,8,1278.41,24.05,GBP,10203.230000000001
TXN_007650,2024-03-16 03:34:00,S070,P395,7,597.19,15.24,EUR,4165.09
TXN_007651,2024-03-30 10:48:00,S011,P910,6,423.93,49.36,USD,2494.22
TXN_007652,2024-03-05 05:16:00,S057,P955,3,217.48,36.81,EUR,615.6299999999999
TXN_007653,2024-03-21 17:52:00,S080,P290,9,946.04,45.31,EUR,8469.050000000001
TXN_007654,2024-03-05 05:30:00,S008,P820,6,562.35,33.48,EUR,3340.6200000000003
TXN_007655,2024-03-04 16:12:00,S039,P958,8,525.18,21.86,GBP,4179.58
TXN_007656,2024-03-14 01:11:00,S029,P363,3,146.28,26.8,EUR,412.04
TXN_007657,2024-03-02 05:16:00,S066,P070,3,1392.15,7.59,USD,4168.860000000001
TXN_007658,2024-03-10 13:07:00,S074,P252,9,1028.52,47.31,USD,9209.37
TXN_007659,2024-03-30 23:51:00,S024,P275,1,170.05,31.41,USD,138.64000000000001
TXN_007660,2024-03-12 09:26:00,S010,P636,2,186.12,40.29,USD,331.95
TXN_007661,2024-03-18 06:31:00,S013,P234,8,558.56,37.37,EUR,4431.11
TXN_007662,2024-03-24 10:00:00,S068,P913,5,1081.01,19.86,GBP,5385.1900000000005
TXN_007663,2024-03-03 05:04:00,S045,P383,4,361.19,27.79,GBP,1416.97
TXN_007664,2024-03-21 00:20:00,S042,P362,6,420.06,34.09,USD,2486.27
TXN_007665,2024-03-25 07:58:00,S059,P324,3,419.9,41.76,EUR,1217.9399999999998
TXN_007666,2024-03-20 05:55:00,S036,P214,8,428.87,20.44,GBP,3410.52
TXN_007667,2024-03-01 09:45:00,S095,P999,1,551.51,36.64,GBP,514.87
TXN_007668,2024-03-02 17:46:00,S062,P050,9,718.48,33.57,GBP,6432.75
TXN_007669,2024-03-08 19:16:00,S086,P001,5,844.53,36.42,GBP,4186.23
TXN_007670,2024-03-04 08:27:00,S011,P348,3,710.29,5.46,USD,2125.41
TXN_007671,2024-03-30 02:47:00,S066,P779,7,832.52,0.96,GBP,5826.679999999999
TXN_007672,2024-03-08 19:05:00,S018,P545,1,458.52,22.72,USD,435.79999999999995
TXN_007673,2024-03-16 03:40:00,S006,P936,9,277.3,11.53,GBP,2484.17
TXN_007674,2024-03-21 10:42:00,S006,P940,2,375.7,20.8,EUR,730.6
TXN_007675,2024-03-03 05:01:00,S007,P067,3,1149.87,7.83,USD,3441.7799999999997
TXN_007676,2024-03-25 13:34:00,S100,P408,4,809.69,5.67,USD,3233.09
TXN_007677,2024-03-04 21:24:00,S081,P686,7,1348.01,39.96,EUR,9396.11
TXN_007678,2024-03-21 20:09:00,S096,P759,5,686.54,47.34,USD,3385.3599999999997
TXN_007679,2024-03-18 15:12:00,S045,P024,9,871.7,3.95,EUR,7841.35
TXN_007680,2024-03-15 17:20:00,S081,P679,9,422.66,27.85,EUR,3776.09
TXN_007681,2024-03-16 00:38:00,S011,P728,5,606.91,6.76,EUR,3027.7899999999995
TXN_007682,2024-03-30 08:53:00,S022,P104,4,440.86,31.19,USD,1732.25
TXN_007683,2024-03-23 14:24:00,S049,P811,1,708.4,39.91,EUR,668.49
TXN_007684,2024-03-08 20:05:00,S091,P782,7,783.95,27.05,USD,5460.6
TXN_007685,2024-03-24 10:10:00,S059,P062,5,500.8,0.68,GBP,2503.32
TXN_007686,2024-03-04 12:05:00,S063,P958,8,1093.88,33.25,USD,8717.79
TXN_007687,2024-03-24 09:47:00,S045,P883,1,358.47,17.57,USD,340.90000000000003
TXN_007688,2024-03-16 18:07:00,S057,P250,4,813.35,43.36,EUR,3210.04
TXN_007689,2024-03-06 03:19:00,S032,P202,1,16.61,2.5,USD,14.11
TXN_007690,2024-03-18 06:28:00,S069,P268,2,1455.46,35.63,EUR,2875.29
TXN_007691,2024-03-19 20:52:00,S082,P004,8,814.56,45.13,USD,6471.349999999999
TXN_007692,2024-03-24 07:30:00,S082,P206,3,795.42,47.98,USD,2338.2799999999997
TXN_007693,2024-03-03 10:28:00,S055,P822,4,1118.92,24.73,GBP,4450.950000000001
TXN_007694,2024-03-20 19:01:00,S013,P817,5,1483.85,11.21,USD,7408.04
TXN_007695,2024-03-13 06:46:00,S058,P660,3,1060.88,39.24,USD,3143.4000000000005
TXN_007696,2024-03-15 05:02:00,S004,P811,4,586.27,19.92,USD,2325.16
TXN_007697,2024-03-05 19:54:00,S073,P697,9,612.69,49.56,USD,5464.650000000001
TXN_007698,2024-03-23 07:00:00,S040,P163,9,90.62,5.34,EUR,810.24
TXN_007699,2024-03-24 01:24:00,S044,P454,4,1365.9,38.54,USD,5425.06
TXN_007700,2024-03-06 10:10:00,S047,P784,6,700.15,4.05,USD,4196.849999999999
TXN_007701,2024-03-04 07:41:00,S059,P760,9,1423.21,13.54,USD,12795.349999999999
TXN_007702,2024-03-17 14:28:00,S069,P909,2,1432.42,8.65,GBP,2856.19
TXN_007703,2024-03-17 14:29:00,S031,P293,9,469.02,0.86,GBP,4220.320000000001
TXN_007704,2024-03-30 23:28:00,S038,P751,2,500.17,22.69,USD,977.65
TXN_007705,2024-03-24 22:40:00,S037,P376,1,275.63,23.49,USD,252.14
TXN_007706,2024-03-17 07:12:00,S047,P278,3,17.78,40.28,USD,13.060000000000002
TXN_007707,2024-03-28 23:19:00,S041,P868,8,1119.67,13.09,GBP,8944.27
TXN_007708,2024-03-21 08:41:00,S052,P366,2,828.63,26.07,EUR,1631.19
TXN_007709,2024-03-10 00:55:00,S072,P295,3,1040.0,41.92,USD,3078.08
TXN_007710,2024-03-07 15:18:00,S021,P043,7,1162.41,22.4,GBP,8114.470000000001
TXN_007711,2024-03-07 16:54:00,S075,P231,4,20.91,29.62,GBP,54.019999999999996
TXN_007712,2024-03-17 17:01:00,S033,P905,6,460.76,47.98,GBP,2716.58
TXN_007713,2024-03-20 08:04:00,S043,P629,2,1096.41,31.66,EUR,2161.1600000000003
TXN_007714,2024-03-18 01:07:00,S062,P909,5,1180.39,9.01,USD,5892.9400000000005
TXN_007715,2024-03-08 05:20:00,S077,P731,9,1169.62,27.57,EUR,10499.009999999998
TXN_007716,2024-03-27 06:35:00,S016,P827,7,451.55,43.81,USD,3117.04
TXN_007717,2024-03-11 11:42:00,S087,P156,9,366.44,4.28,USD,3293.68
TXN_007718,2024-03-27 07:33:00,S097,P538,1,63.57,43.51,USD,20.060000000000002
TXN_007719,2024-03-23 10:12:00,S047,P110,2,1389.97,22.37,USD,2757.57
TXN_007720,2024-03-18 01:27:00,S041,P945,5,759.76,49.14,EUR,3749.6600000000003
TXN_007721,2024-03-03 04:49:00,S090,P383,5,589.62,32.38,USD,2915.72
TXN_007722,2024-03-07 02:21:00,S100,P330,1,1296.42,35.86,USD,1260.5600000000002
TXN_007723,2024-03-20 19:23:00,S100,P525,9,1391.11,17.76,GBP,12502.23
TXN_007724,2024-03-28 11:46:00,S096,P205,1,123.99,16.17,USD,107.82
TXN_007725,2024-03-23 06:03:00,S025,P614,7,1444.34,11.0,USD,10099.38
TXN_007726,2024-03-22 06:42:00,S056,P646,9,950.81,4.07,GBP,8553.22
TXN_007727,2024-03-27 20:56:00,S094,P209,3,1080.64,30.22,EUR,3211.7000000000003
TXN_007728,2024-03-21 07:05:00,S017,P253,5,702.25,22.04,USD,3489.21
TXN_007729,2024-03-02 06:24:00,S010,P368,7,1199.77,21.24,GBP,8377.15
TXN_007730,2024-03-20 01:49:00,S075,P748,3,1407.02,30.19,EUR,4190.87
TXN_007731,2024-03-05 05:12:00,S009,P385,3,369.73,2.16,GBP,1107.03
TXN_007732,2024-03-12 00:03:00,S064,P840,2,1224.69,26.45,GBP,2422.9300000000003
TXN_007733,2024-03-22 08:04:00,S097,P507,5,1065.71,33.54,GBP,5295.01
TXN_007734,2024-03-01 20:25:00,S082,P664,4,375.98,30.08,USD,1473.8400000000001
TXN_007735,2024-03-17 01:23:00,S047,P829,7,1322.15,22.11,EUR,9232.94
TXN_007736,2024-03-05 10:04:00,S007,P715,8,621.68,22.23,EUR,4951.21
TXN_007737,2024-03-23 21:47:00,S022,P813,8,346.99,15.09,USD,2760.83
TXN_007738,2024-03-26 12:57:00,S017,P660,9,643.72,44.1,EUR,5749.38
TXN_007739,2024-03-02 14:23:00,S065,P644,8,1347.99,2.65,GBP,10781.27
TXN_007740,2024-03-18 03:18:00,S015,P047,2,152.35,8.79,GBP,295.90999999999997
TXN_007741,2024-03-18 06:21:00,S094,P915,1,1033.85,34.9,USD,998.9499999999999
TXN_007742,2024-03-12 08:48:00,S083,P316,6,1014.09,10.47,EUR,6074.07
TXN_007743,2024-03-06 22:27:00,S059,P886,2,1347.64,2.0,USD,2693.28
TXN_007744,2024-03-09 15:48:00,S089,P235,2,830.27,0.4,USD,1660.1399999999999
TXN_007745,2024-03-05 11:59:00,S088,P383,5,466.9,23.23,GBP,2311.27
TXN_007746,2024-03-17 02:55:00,S063,P854,5,605.03,17.1,GBP,3008.0499999999997
TXN_007747,2024-03-05 09:12:00,S045,P955,3,1056.4,15.3,USD,3153.9
TXN_007748,2024-03-01 11:23:00,S042,P771,5,1228.34,12.57,USD,6129.13
TXN_007749,2024-03-08 01:31:00,S045,P829,3,231.53,27.61,EUR,666.98
TXN_007750,2024-03-30 17:37:00,S058,P447,6,494.65,42.78,GBP,2925.1199999999994
TXN_007751,2024-03-24 06:45:00,S061,P829,2,278.38,43.29,USD,513.47
TXN_007752,2024-03-03 17:41:00,S073,P803,5,1115.71,47.1,USD,5531.45
TXN_007753,2024-03-01 00:29:00,S006,P301,5,505.16,5.12,GBP,2520.6800000000003
TXN_007754,2024-03-11 20:13:00,S065,P548,2,1299.65,31.88,GBP,2567.42
TXN_007755,2024-03-14 14:52:00,S001,P052,8,960.98,40.5,USD,7647.34
TXN_007756,2024-03-15 03:48:00,S017,P411,6,1340.19,44.1,EUR,7997.04
TXN_007757,2024-03-14 23:48:00,S077,P406,7,1257.46,11.57,USD,8790.650000000001
TXN_007758,2024-03-10 09:59:00,S081,P474,7,221.66,16.05,GBP,1535.57
TXN_007759,2024-03-04 21:31:00,S093,P564,3,307.69,30.71,GBP,892.3599999999999
TXN_007760,2024-03-02 12:50:00,S022,P355,3,1155.43,29.7,USD,3436.59
TXN_007761,2024-03-12 17:50:00,S019,P040,9,963.45,38.06,EUR,8632.990000000002
TXN_007762,2024-03-01 12:42:00,S027,P224,8,358.31,19.67,GBP,2846.81
TXN_007763,2024-03-15 06:17:00,S051,P590,4,465.86,32.2,EUR,1831.24
TXN_007764,2024-03-01 05:46:00,S089,P248,1,323.25,38.15,EUR,285.1
TXN_007765,2024-03-07 03:36:00,S043,P112,3,1281.62,41.89,EUR,3802.97
TXN_007766,2024-03-10 11:39:00,S026,P577,3,568.01,22.11,GBP,1681.92
TXN_007767,2024-03-20 08:41:00,S002,P311,6,324.45,45.77,USD,1900.9299999999998
TXN_007768,2024-03-22 08:04:00,S097,P233,4,1064.61,37.01,USD,4221.429999999999
TXN_007769,2024-03-11 01:04:00,S024,P885,1,633.71,7.95,USD,625.76
TXN_007770,2024-03-03 22:35:00,S078,P175,7,967.99,32.1,GBP,6743.83
TXN_007771,2024-03-12 21:06:00,S005,P024,8,1373.73,15.45,GBP,10974.39
TXN_007772,2024-03-05 20:45:00,S035,P677,6,301.48,24.42,EUR,1784.46
TXN_007773,2024-03-02 15:21:00,S046,P741,9,394.86,34.41,EUR,3519.3300000000004
TXN_007774,2024-03-20 17:06:00,S070,P172,6,554.74,3.37,GBP,3325.07
TXN_007775,2024-03-17 22:02:00,S078,P263,3,351.24,41.11,GBP,1012.61
TXN_007776,2024-03-02 16:55:00,S032,P735,8,1486.47,44.26,EUR,11847.5
TXN_007777,2024-03-19 07:50:00,S075,P608,1,369.17,23.16,GBP,346.01
TXN_007778,2024-03-26 08:17:00,S055,P942,2,156.67,39.43,EUR,273.90999999999997
TXN_007779,2024-03-01 01:52:00,S002,P512,6,768.83,35.45,USD,4577.530000000001
TXN_007780,2024-03-05 21:03:00,S066,P750,9,170.77,2.96,USD,1533.97
TXN_007781,2024-03-05 11:15:00,S017,P447,3,522.12,6.51,GBP,1559.8500000000001
TXN_007782,2024-03-05 19:58:00,S019,P795,6,914.09,34.73,USD,5449.81
TXN_007783,2024-03-09 12:13:00,S079,P978,8,1486.15,44.52,USD,11844.68
TXN_007784,2024-03-08 08:38:00,S021,P097,5,1241.17,32.27,USD,6173.58
TXN_007785,2024-03-23 05:55:00,S046,P671,8,26.42,23.91,EUR,187.45000000000002
TXN_007786,2024-03-08 18:04:00,S045,P178,5,1126.21,27.24,EUR,5603.81
TXN_007787,2024-03-27 02:32:00,S076,P603,6,539.04,17.66,EUR,3216.58
TXN_007788,2024-03-01 23:28:00,S013,P146,6,581.52,7.5,GBP,3481.62
TXN_007789,2024-03-03 22:09:00,S031,P603,3,580.64,28.68,EUR,1713.24
TXN_007790,2024-03-21 10:00:00,S059,P640,4,121.09,25.9,USD,458.46000000000004
TXN_007791,2024-03-12 12:50:00,S050,P805,9,772.18,41.48,GBP,6908.14
TXN_007792,2024-03-17 05:01:00,S045,P621,2,465.95,1.43,GBP,930.47
TXN_007793,2024-03-16 23:44:00,S016,P954,9,146.55,36.56,USD,1282.39
TXN_007794,2024-03-29 06:41:00,S004,P968,2,427.67,40.72,EUR,814.62
TXN_007795,2024-03-24 05:57:00,S022,P517,7,915.93,39.81,USD,6371.699999999999
TXN_007796,2024-03-05 19:35:00,S031,P503,9,377.81,6.58,EUR,3393.71
TXN_007797,2024-03-11 22:09:00,S053,P746,9,43.79,11.07,EUR,383.04
TXN_007798,2024-03-27 00:50:00,S007,P778,7,257.78,36.0,EUR,1768.4599999999998
TXN_007799,2024-03-05 12:38:00,S057,P665,1,127.35,9.88,USD,117.47
TXN_007800,2024-03-02 14:27:00,S085,P828,6,1142.07,1.41,GBP,6851.01
TXN_007801,2024-03-06 04:10:00,S099,P972,5,931.89,24.36,GBP,4635.09
TXN_007802,2024-03-20 15:55:00,S066,P202,5,224.96,9.02,GBP,1115.78
TXN_007803,2024-03-17 01:12:00,S009,P416,8,840.29,31.06,GBP,6691.259999999999
TXN_007804,2024-03-15 08:32:00,S089,P624,4,908.09,8.19,GBP,3624.17
TXN_007805,2024-03-05 22:55:00,S099,P579,7,60.87,6.03,EUR,420.06
TXN_007806,2024-03-02 21:14:00,S055,P400,1,1273.77,1.47,EUR,1272.3
TXN_007807,2024-03-01 01:38:00,S022,P412,6,443.98,25.35,EUR,2638.53
TXN_007808,2024-03-23 08:32:00,S018,P228,1,700.29,21.39,USD,678.9
TXN_007809,2024-03-08 21:16:00,S017,P046,8,812.58,44.4,GBP,6456.240000000001
TXN_007810,2024-03-14 00:19:00,S084,P348,3,1296.64,15.75,USD,3874.17
TXN_007811,2024-03-11 21:00:00,S066,P325,5,198.91,6.76,USD,987.79
TXN_007812,2024-03-27 21:57:00,S015,P064,7,1146.25,34.54,EUR,7989.21
TXN_007813,2024-03-28 16:17:00,S012,P771,4,404.88,1.67,USD,1617.85
TXN_007814,2024-03-17 06:13:00,S020,P165,4,1245.94,39.14,USD,4944.62
TXN_007815,2024-03-13 12:01:00,S005,P298,2,803.26,22.25,USD,1584.27
TXN_007816,2024-03-22 17:52:00,S017,P484,8,1418.65,47.6,USD,11301.6
TXN_007817,2024-03-13 05:39:00,S021,P230,8,297.34,5.58,USD,2373.14
TXN_007818,2024-03-09 01:31:00,S092,P649,4,966.68,23.05,EUR,3843.6699999999996
TXN_007819,2024-03-07 12:36:00,S057,P235,2,379.91,16.12,EUR,743.7
TXN_007820,2024-03-19 23:14:00,S074,P260,2,1250.05,3.99,GBP,2496.11
TXN_007821,2024-03-04 01:10:00,S037,P816,1,1453.73,14.01,GBP,1439.72
TXN_007822,2024-03-03 06:49:00,S075,P793,3,254.36,42.09,USD,720.99
TXN_007823,2024-03-01 11:16:00,S063,P815,6,920.68,44.67,EUR,5479.41
TXN_007824,2024-03-07 12:13:00,S058,P024,4,122.66,41.8,USD,448.84
TXN_007825,2024-03-01 11:18:00,S093,P960,9,1346.66,1.17,USD,12118.77
TXN_007826,2024-03-27 08:36:00,S100,P669,8,16.14,38.97,EUR,90.15
TXN_007827,2024-03-07 16:00:00,S087,P118,8,1480.83,8.55,USD,11838.09
TXN_007828,2024-03-10 03:41:00,S080,P547,1,1473.79,25.83,USD,1447.96
TXN_007829,2024-03-26 13:55:00,S059,P958,5,262.34,44.74,USD,1266.9599999999998
TXN_007830,2024-03-01 06:34:00,S020,P073,3,30.21,19.85,USD,70.78
TXN_007831,2024-03-16 21:30:00,S036,P321,6,627.7,35.39,EUR,3730.8100000000004
TXN_007832,2024-03-28 04:02:00,S048,P088,6,1342.63,8.97,USD,8046.81
TXN_007833,2024-03-24 17:14:00,S050,P251,9,1090.01,38.24,USD,9771.85
TXN_007834,2024-03-16 08:13:00,S045,P327,8,784.93,25.23,USD,6254.21
TXN_007835,2024-03-08 09:49:00,S075,P486,9,481.24,6.23,EUR,4324.93
TXN_007836,2024-03-29 02:51:00,S007,P702,6,1276.55,31.99,EUR,7627.3099999999995
TXN_007837,2024-03-01 04:02:00,S060,P386,5,1333.48,45.44,USD,6621.96
TXN_007838,2024-03-02 06:54:00,S068,P284,2,988.22,24.39,EUR,1952.05
TXN_007839,2024-03-29 01:46:00,S038,P360,4,822.49,41.46,USD,3248.5
TXN_007840,2024-03-15 18:30:00,S012,P402,1,789.0,40.34,USD,748.66
TXN_007841,2024-03-07 20:45:00,S081,P771,1,1117.1,2.52,USD,1114.58
TXN_007842,2024-03-03 20:20:00,S021,P240,7,1295.31,39.0,GBP,9028.17
TXN_007843,2024-03-14 13:35:00,S087,P521,6,395.38,26.78,GBP,2345.4999999999995
TXN_007844,2024-03-01 17:25:00,S012,P057,4,201.24,38.67,USD,766.2900000000001
TXN_007845,2024-03-01 01:45:00,S031,P908,1,88.89,38.67,USD,50.22
TXN_007846,2024-03-15 14:52:00,S078,P144,4,714.43,37.41,USD,2820.31
TXN_007847,2024-03-05 15:51:00,S085,P455,2,524.57,6.78,USD,1042.3600000000001
TXN_007848,2024-03-19 20:53:00,S030,P721,4,729.14,11.66,GBP,2904.9
TXN_007849,2024-03-30 11:29:00,S015,P515,3,1215.5,27.22,EUR,3619.28
TXN_007850,2024-03-08 15:03:00,S042,P943,8,1028.68,8.15,EUR,8221.29
TXN_007851,2024-03-15 20:11:00,S032,P051,8,702.5,15.82,USD,5604.18
TXN_007852,2024-03-04 06:51:00,S011,P717,7,1422.08,33.73,EUR,9920.83
TXN_007853,2024-03-09 23:01:00,S033,P400,9,337.39,8.35,EUR,3028.16
TXN_007854,2024-03-06 21:57:00,S056,P112,4,592.78,42.59,USD,2328.5299999999997
TXN_007855,2024-03-10 03:26:00,S078,P130,7,218.02,44.35,USD,1481.7900000000002
TXN_007856,2024-03-29 06:50:00,S038,P637,7,667.9,8.43,USD,4666.87
TXN_007857,2024-03-29 08:20:00,S088,P956,2,1306.26,49.87,USD,2562.65
TXN_007858,2024-03-08 06:00:00,S097,P038,6,281.33,24.15,USD,1663.83
TXN_007859,2024-03-05 23:34:00,S096,P232,3,1333.95,44.7,EUR,3957.1500000000005
TXN_007860,2024-03-27 13:36:00,S059,P355,8,1497.82,31.77,EUR,11950.789999999999
TXN_007861,2024-03-30 01:08:00,S061,P694,3,1028.33,22.83,USD,3062.16
TXN_007862,2024-03-07 06:47:00,S075,P171,5,850.82,25.74,EUR,4228.360000000001
TXN_007863,2024-03-11 12:34:00,S094,P237,4,1088.99,46.91,GBP,4309.05
TXN_007864,2024-03-03 09:40:00,S010,P116,9,1296.83,39.02,GBP,11632.449999999999
TXN_007865,2024-03-30 10:26:00,S082,P876,8,862.23,13.36,USD,6884.4800000000005
TXN_007866,2024-03-01 04:07:00,S072,P958,7,12.93,15.41,EUR,75.1
TXN_007867,2024-03-17 15:09:00,S078,P359,3,160.81,7.98,GBP,474.45
TXN_007868,2024-03-14 05:16:00,S040,P935,3,1497.37,37.45,EUR,4454.66
TXN_007869,2024-03-02 20:12:00,S079,P157,5,1207.1,49.57,EUR,5985.93
TXN_007870,2024-03-04 06:49:00,S091,P959,8,1356.0,10.06,EUR,10837.94
TXN_007871,2024-03-28 08:03:00,S063,P086,1,172.85,37.85,USD,135.0
TXN_007872,2024-03-04 04:25:00,S088,P686,4,1325.42,40.25,USD,5261.43
TXN_007873,2024-03-04 19:03:00,S030,P307,5,217.75,44.89,EUR,1043.86
TXN_007874,2024-03-24 20:03:00,S073,P738,4,686.64,9.42,GBP,2737.14
TXN_007875,2024-03-25 03:07:00,S037,P689,4,798.77,38.72,USD,3156.36
TXN_007876,2024-03-23 12:00:00,S031,P293,1,944.22,40.31,GBP,903.9100000000001
TXN_007877,2024-03-26 14:44:00,S012,P323,5,419.11,37.4,GBP,2058.15
TXN_007878,2024-03-03 06:29:00,S032,P078,6,745.02,46.51,GBP,4423.61
TXN_007879,2024-03-13 21:53:00,S040,P804,3,1397.06,41.44,GBP,4149.740000000001
TXN_007880,2024-03-23 03:26:00,S047,P048,4,805.05,20.26,EUR,3199.9399999999996
TXN_007881,2024-03-24 08:58:00,S048,P763,8,1452.01,15.59,USD,11600.49
TXN_007882,2024-03-04 10:27:00,S084,P769,2,447.18,10.49,GBP,883.87
TXN_007883,2024-03-05 15:34:00,S099,P783,4,351.84,38.85,GBP,1368.51
TXN_007884,2024-03-16 17:16:00,S072,P825,9,339.26,17.2,GBP,3036.1400000000003
TXN_007885,2024-03-21 04:39:00,S090,P919,4,849.33,37.47,GBP,3359.8500000000004
TXN_007886,2024-03-09 22:27:00,S089,P032,9,1476.06,13.51,EUR,13271.029999999999
TXN_007887,2024-03-14 11:13:00,S074,P230,9,1469.31,8.67,EUR,13215.119999999999
TXN_007888,2024-03-06 16:04:00,S051,P556,5,545.89,42.92,USD,2686.5299999999997
TXN_007889,2024-03-18 01:03:00,S085,P767,1,558.65,48.98,EUR,509.66999999999996
TXN_007890,2024-03-27 02:23:00,S091,P559,3,161.02,23.1,EUR,459.96000000000004
TXN_007891,2024-03-13 20:56:00,S022,P405,1,162.78,28.3,GBP,134.48
TXN_007892,2024-03-02 12:36:00,S100,P627,3,1021.61,19.26,USD,3045.5699999999997
TXN_007893,2024-03-24 17:31:00,S078,P412,8,1201.84,44.42,EUR,9570.3
TXN_007894,2024-03-08 03:33:00,S032,P239,2,902.76,22.33,USD,1783.19
TXN_007895,2024-03-22 00:23:00,S097,P053,7,1073.09,38.76,GBP,7472.869999999999
TXN_007896,2024-03-24 03:35:00,S054,P819,2,1196.34,35.7,USD,2356.98
TXN_007897,2024-03-30 07:00:00,S081,P769,7,44.33,45.83,GBP,264.48
TXN_007898,2024-03-15 21:44:00,S062,P021,1,1004.53,19.3,GBP,985.23
TXN_007899,2024-03-07 09:07:00,S092,P027,1,264.32,21.54,USD,242.78
TXN_007900,2024-03-15 15:41:00,S032,P259,2,85.84,20.0,USD,151.68
TXN_007901,2024-03-22 07:14:00,S027,P133,8,519.48,20.96,GBP,4134.88
TXN_007902,2024-03-12 20:27:00,S086,P214,4,891.34,34.67,USD,3530.69
TXN_007903,2024-03-29 06:52:00,S048,P134,2,312.88,36.26,EUR,589.5
TXN_007904,2024-03-24 07:41:00,S091,P551,9,248.98,13.31,EUR,2227.5099999999998
TXN_007905,2024-03-27 04:30:00,S078,P025,4,750.17,26.03,USD,2974.6499999999996
TXN_007906,2024-03-21 03:42:00,S017,P834,5,673.06,0.35,USD,3364.95
TXN_007907,2024-03-23 20:51:00,S090,P458,5,639.34,48.71,EUR,3147.9900000000002
TXN_007908,2024-03-21 20:06:00,S042,P009,1,285.8,27.07,EUR,258.73
TXN_007909,2024-03-04 05:23:00,S087,P840,2,561.68,7.61,GBP,1115.75
TXN_007910,2024-03-20 15:23:00,S067,P669,3,1436.38,25.25,EUR,4283.89
TXN_007911,2024-03-22 23:15:00,S047,P821,5,414.98,41.61,EUR,2033.2900000000002
TXN_007912,2024-03-19 21:20:00,S052,P121,8,294.42,22.34,USD,2333.02
TXN_007913,2024-03-05 17:28:00,S042,P754,7,643.24,20.11,EUR,4482.570000000001
TXN_007914,2024-03-04 08:57:00,S022,P574,8,282.81,44.1,GBP,2218.38
TXN_007915,2024-03-21 02:23:00,S029,P006,9,813.6,19.41,EUR,7302.990000000001
TXN_007916,2024-03-12 04:18:00,S066,P818,9,1466.23,45.06,GBP,13151.01
TXN_007917,2024-03-23 13:10:00,S006,P332,7,995.59,17.5,GBP,6951.63
TXN_007918,2024-03-17 19:57:00,S004,P794,2,1367.82,27.47,EUR,2708.17
TXN_007919,2024-03-22 09:08:00,S096,P346,7,1468.93,20.25,GBP,10262.26
TXN_007920,2024-03-22 22:28:00,S018,P640,2,843.94,6.32,GBP,1681.5600000000002
TXN_007921,2024-03-02 19:12:00,S060,P135,5,204.71,42.82,EUR,980.73
TXN_007922,2024-03-19 11:36:00,S031,P878,8,294.39,29.44,GBP,2325.68
TXN_007923,2024-03-22 14:11:00,S062,P726,7,1168.44,39.78,USD,8139.3
TXN_007924,2024-03-16 13:59:00,S100,P655,6,29.7,43.72,USD,134.48
TXN_007925,2024-03-18 13:17:00,S088,P123,8,1233.93,20.37,USD,9851.07
TXN_007926,2024-03-08 04:41:00,S022,P052,9,1482.13,42.1,EUR,13297.070000000002
TXN_007927,2024-03-10 18:27:00,S032,P029,2,468.99,29.3,GBP,908.6800000000001
TXN_007928,2024-03-08 04:38:00,S020,P600,5,1006.2,32.39,USD,4998.61
TXN_007929,2024-03-25 11:28:00,S058,P002,7,1310.92,36.59,USD,9139.85
TXN_007930,2024-03-14 10:45:00,S025,P747,6,595.92,22.83,GBP,3552.6899999999996
TXN_007931,2024-03-03 00:41:00,S021,P667,7,1014.95,22.4,USD,7082.250000000001
TXN_007932,2024-03-23 06:03:00,S053,P014,8,191.65,34.31,GBP,1498.89
TXN_007933,2024-03-01 02:10:00,S079,P832,1,70.15,1.08,EUR,69.07000000000001
TXN_007934,2024-03-15 19:38:00,S088,P854,6,56.64,17.57,EUR,322.27000000000004
TXN_007935,2024-03-24 19:21:00,S001,P375,7,1435.65,9.36,EUR,10040.19
TXN_007936,2024-03-14 16:03:00,S062,P922,9,1104.93,49.53,USD,9894.84
TXN_007937,2024-03-25 20:10:00,S020,P416,5,353.04,29.97,EUR,1735.23
TXN_007938,2024-03-05 18:51:00,S050,P218,5,136.63,34.89,USD,648.26
TXN_007939,2024-03-08 01:03:00,S034,P001,1,87.61,33.31,GBP,54.3
TXN_007940,2024-03-22 02:48:00,S021,P007,8,910.97,31.63,GBP,7256.13
TXN_007941,2024-03-28 12:58:00,S048,P127,5,566.45,43.53,USD,2788.72
TXN_007942,2024-03-05 02:21:00,S068,P964,5,538.91,25.57,USD,2668.9799999999996
TXN_007943,2024-03-16 14:59:00,S055,P924,7,829.36,17.07,GBP,5788.450000000001
TXN_007944,2024-03-08 09:10:00,S072,P121,2,491.33,30.32,EUR,952.3399999999999
TXN_007945,2024-03-25 20:53:00,S062,P706,1,844.22,35.61,GBP,808.61
TXN_007946,2024-03-13 05:07:00,S055,P493,3,312.85,42.03,USD,896.5200000000001
TXN_007947,2024-03-15 00:02:00,S018,P696,1,1104.57,15.04,GBP,1089.53
TXN_007948,2024-03-01 23:01:00,S060,P048,3,638.48,46.98,GBP,1868.46
TXN_007949,2024-03-12 07:43:00,S091,P902,3,1422.56,21.11,USD,4246.570000000001
TXN_007950,2024-03-06 16:28:00,S018,P365,8,784.27,15.05,GBP,6259.11
TXN_007951,2024-03-10 11:46:00,S002,P365,1,1192.81,24.01,USD,1168.8
TXN_007952,2024-03-15 15:42:00,S093,P816,9,766.31,45.81,GBP,6850.979999999999
TXN_007953,2024-03-18 18:17:00,S018,P342,4,571.31,4.33,GBP,2280.91
TXN_007954,2024-03-06 17:39:00,S048,P424,3,925.24,1.82,EUR,2773.9
TXN_007955,2024-03-17 07:07:00,S008,P515,4,1476.04,24.27,GBP,5879.889999999999
TXN_007956,2024-03-12 07:12:00,S031,P750,5,159.37,26.86,EUR,769.99
TXN_007957,2024-03-30 12:34:00,S092,P377,1,846.31,0.87,GBP,845.4399999999999
TXN_007958,2024-03-22 15:57:00,S079,P300,6,819.74,28.33,EUR,4890.110000000001
TXN_007959,2024-03-27 04:39:00,S021,P889,5,37.55,8.24,USD,179.51
TXN_007960,2024-03-07 03:45:00,S004,P905,3,977.57,14.95,GBP,2917.76
TXN_007961,2024-03-24 12:27:00,S003,P646,1,890.36,46.91,GBP,843.45
TXN_007962,2024-03-16 22:51:00,S016,P325,4,1006.9,2.37,EUR,4025.23
TXN_007963,2024-03-26 13:50:00,S057,P359,9,909.91,30.63,USD,8158.5599999999995
TXN_007964,2024-03-18 15:31:00,S053,P479,1,1290.48,24.66,EUR,1265.82
TXN_007965,2024-03-14 11:08:00,S073,P079,9,1045.84,35.03,EUR,9377.529999999999
TXN_007966,2024-03-27 10:53:00,S006,P329,4,1425.2,48.32,USD,5652.4800000000005
TXN_007967,2024-03-25 22:54:00,S028,P111,7,1405.34,21.89,EUR,9815.49
TXN_007968,2024-03-06 02:58:00,S020,P799,7,257.48,11.03,USD,1791.3300000000002
TXN_007969,2024-03-04 13:49:00,S070,P164,7,522.28,10.84,EUR,3645.12
TXN_007970,2024-03-01 14:26:00,S070,P130,9,1068.1,45.59,GBP,9567.31
TXN_007971,2024-03-22 21:05:00,S016,P275,7,568.12,25.16,GBP,3951.6800000000003
TXN_007972,2024-03-19 15:17:00,S081,P661,4,754.51,44.08,EUR,2973.96
TXN_007973,2024-03-23 09:15:00,S036,P037,3,580.03,39.96,EUR,1700.1299999999999
TXN_007974,2024-03-23 01:31:00,S062,P542,4,1431.19,30.99,USD,5693.77
TXN_007975,2024-03-19 04:13:00,S040,P711,8,278.69,17.54,EUR,2211.98
TXN_007976,2024-03-23 13:45:00,S077,P548,7,585.18,24.47,USD,4071.7899999999995
TXN_007977,2024-03-13 10:04:00,S098,P261,3,718.06,27.84,GBP,2126.3399999999997
TXN_007978,2024-03-17 10:36:00,S096,P857,9,907.68,13.89,EUR,8155.23
TXN_007979,2024-03-11 08:55:00,S093,P283,8,477.65,12.22,USD,3808.98
TXN_007980,2024-03-03 18:31:00,S100,P870,5,1032.2,1.79,USD,5159.21
TXN_007981,2024-03-29 21:38:00,S068,P497,8,40.71,39.37,USD,286.31
TXN_007982,2024-03-17 10:29:00,S043,P985,5,1441.14,11.68,GBP,7194.02
TXN_007983,2024-03-11 16:01:00,S052,P827,8,1064.6,13.44,EUR,8503.359999999999
TXN_007984,2024-03-29 16:10:00,S056,P408,8,1244.37,49.24,EUR,9905.72
TXN_007985,2024-03-11 21:43:00,S076,P632,9,369.15,35.72,USD,3286.63
TXN_007986,2024-03-18 20:46:00,S035,P843,2,990.05,11.27,USD,1968.83
TXN_007987,2024-03-13 01:59:00,S048,P488,2,640.39,28.98,EUR,1251.8
TXN_007988,2024-03-30 10:59:00,S023,P525,2,865.25,37.18,USD,1693.32
TXN_007989,2024-03-19 20:00:00,S047,P512,7,668.7,33.75,GBP,4647.150000000001
TXN_007990,2024-03-23 05:35:00,S084,P390,2,948.8,46.03,GBP,1851.57
TXN_007991,2024-03-25 18:07:00,S036,P369,6,460.97,46.3,EUR,2719.52
TXN_007992,2024-03-29 02:07:00,S044,P031,8,103.54,48.77,USD,779.5500000000001
TXN_007993,2024-03-08 20:22:00,S082,P972,7,654.05,19.61,USD,4558.74
TXN_007994,2024-03-03 18:32:00,S040,P344,6,1134.31,2.76,GBP,6803.099999999999
TXN_007995,2024-03-09 21:22:00,S044,P664,9,855.48,0.31,USD,7699.009999999999
TXN_007996,2024-03-24 20:51:00,S026,P715,1,1048.97,37.06,USD,1011.9100000000001
TXN_007997,2024-03-11 18:18:00,S073,P920,9,1477.35,27.42,EUR,13268.73
TXN_007998,2024-03-05 00:17:00,S042,P995,7,832.18,29.47,USD,5795.789999999999
TXN_007999,2024-03-20 21:40:00,S031,P671,9,1015.65,39.2,GBP,9101.65
TXN_008000,2024-03-07 14:20:00,S096,P123,5,731.25,11.49,GBP,3644.76
TXN_008001,2024-03-20 11:40:00,S090,P314,8,926.05,46.33,GBP,7362.07
TXN_008002,2024-03-13 09:35:00,S047,P783,9,1456.69,26.73,USD,13083.480000000001
TXN_008003,2024-03-25 04:06:00,S062,P508,2,873.86,22.42,EUR,1725.3
TXN_008004,2024-03-30 19:54:00,S021,P640,3,166.06,8.34,EUR,489.84000000000003
TXN_008005,2024-03-08 03:06:00,S037,P324,7,571.29,27.53,GBP,3971.4999999999995
TXN_008006,2024-03-13 06:37:00,S020,P506,9,542.48,48.1,USD,4834.219999999999
TXN_008007,2024-03-16 11:03:00,S078,P432,4,684.16,48.65,EUR,2687.99
TXN_008008,2024-03-16 04:31:00,S057,P323,7,1260.29,34.16,EUR,8787.869999999999
TXN_008009,2024-03-06 01:09:00,S054,P395,7,752.27,3.66,EUR,5262.23
TXN_008010,2024-03-19 09:03:00,S094,P305,3,367.95,17.42,USD,1086.4299999999998
TXN_008011,2024-03-07 10:18:00,S074,P873,8,530.94,20.29,GBP,4227.2300000000005
TXN_008012,2024-03-11 21:07:00,S005,P212,1,1173.36,14.24,EUR,1159.12
TXN_008013,2024-03-11 03:24:00,S022,P974,8,49.36,26.49,GBP,368.39
TXN_008014,2024-03-24 15:28:00,S005,P253,2,695.21,23.68,USD,1366.74
TXN_008015,2024-03-13 11:05:00,S089,P534,1,275.89,2.8,GBP,273.09
TXN_008016,2024-03-21 12:38:00,S056,P733,1,370.83,41.23,USD,329.59999999999997
TXN_008017,2024-03-21 18:52:00,S012,P441,7,1361.42,25.68,GBP,9504.26
TXN_008018,2024-03-19 06:45:00,S003,P496,1,1267.17,5.14,EUR,1262.03
TXN_008019,2024-03-02 02:37:00,S012,P751,4,1354.14,17.6,USD,5398.96
TXN_008020,2024-03-14 11:26:00,S047,P107,9,1364.56,25.71,GBP,12255.33
TXN_008021,2024-03-13 02:53:00,S035,P902,2,109.21,4.73,USD,213.69
TXN_008022,2024-03-29 00:02:00,S091,P746,1,369.07,34.19,USD,334.88
TXN_008023,2024-03-11 05:56:00,S038,P844,4,236.66,28.44,EUR,918.1999999999999
TXN_008024,2024-03-16 16:27:00,S029,P863,3,895.06,20.16,EUR,2665.02
TXN_008025,2024-03-13 03:20:00,S074,P147,4,439.97,47.09,EUR,1712.7900000000002
TXN_008026,2024-03-20 14:16:00,S088,P842,8,1417.13,16.36,USD,11320.68
TXN_008027,2024-03-16 09:33:00,S009,P859,5,1042.44,44.13,GBP,5168.070000000001
TXN_008028,2024-03-13 12:30:00,S052,P993,9,541.84,4.71,USD,4871.85
TXN_008029,2024-03-16 03:34:00,S028,P174,5,1076.56,45.64,GBP,5337.159999999999
TXN_008030,2024-03-11 07:09:00,S015,P179,3,588.1,39.36,USD,1724.9400000000003
TXN_008031,2024-03-19 08:53:00,S056,P998,2,1167.22,40.78,GBP,2293.66
TXN_008032,2024-03-08 16:56:00,S055,P350,6,624.97,22.86,USD,3726.96
TXN_008033,2024-03-28 00:04:00,S077,P563,3,450.53,20.56,EUR,1331.03
TXN_008034,2024-03-03 23:27:00,S006,P579,1,551.64,20.67,GBP,530.97
TXN_008035,2024-03-22 14:08:00,S025,P962,3,1067.75,32.46,GBP,3170.79
TXN_008036,2024-03-28 17:54:00,S074,P744,7,254.34,18.97,GBP,1761.41
TXN_008037,2024-03-29 00:56:00,S086,P273,9,1388.08,40.35,GBP,12452.369999999999
TXN_008038,2024-03-13 12:17:00,S077,P889,2,1023.09,13.35,EUR,2032.8300000000002
TXN_008039,2024-03-21 22:36:00,S003,P793,6,1202.88,41.16,GBP,7176.120000000001
TXN_008040,2024-03-18 12:40:00,S034,P505,7,521.22,4.5,USD,3644.04
TXN_008041,2024-03-25 06:24:00,S011,P787,4,957.37,24.28,EUR,3805.2
TXN_008042,2024-03-22 18:23:00,S091,P179,2,814.1,8.74,GBP,1619.46
TXN_008043,2024-03-28 10:45:00,S100,P999,4,1040.8,12.0,GBP,4151.2
TXN_008044,2024-03-27 05:49:00,S098,P744,4,951.25,31.18,USD,3773.82
TXN_008045,2024-03-24 19:08:00,S065,P803,5,1066.69,9.19,USD,5324.260000000001
TXN_008046,2024-03-25 06:26:00,S009,P168,7,1300.49,9.68,GBP,9093.75
TXN_008047,2024-03-07 09:43:00,S099,P838,8,868.29,29.52,GBP,6916.799999999999
TXN_008048,2024-03-03 02:58:00,S025,P960,4,1129.61,42.88,USD,4475.5599999999995
TXN_008049,2024-03-19 14:56:00,S040,P952,6,517.66,36.63,GBP,3069.33
TXN_008050,2024-03-25 06:03:00,S088,P005,7,578.98,8.47,EUR,4044.3900000000003
TXN_008051,2024-03-01 01:32:00,S017,P220,8,802.08,22.71,USD,6393.93
TXN_008052,2024-03-27 08:57:00,S021,P029,1,1275.33,28.3,USD,1247.03
TXN_008053,2024-03-01 06:26:00,S089,P059,1,1110.22,17.25,USD,1092.97
TXN_008054,2024-03-22 12:55:00,S040,P729,6,817.34,34.57,EUR,4869.47
TXN_008055,2024-03-03 20:31:00,S055,P806,7,813.57,41.67,EUR,5653.320000000001
TXN_008056,2024-03-19 00:40:00,S045,P528,6,98.4,42.46,USD,547.94
TXN_008057,2024-03-19 13:46:00,S014,P928,7,226.74,26.52,EUR,1560.66
TXN_008058,2024-03-22 15:59:00,S100,P249,2,910.34,0.48,GBP,1820.2
TXN_008059,2024-03-30 11:02:00,S056,P088,8,197.0,27.9,EUR,1548.1
TXN_008060,2024-03-29 02:42:00,S063,P317,3,595.05,38.75,EUR,1746.3999999999999
TXN_008061,2024-03-23 05:24:00,S084,P107,2,116.31,8.59,EUR,224.03
TXN_008062,2024-03-01 04:32:00,S048,P931,4,451.55,27.59,GBP,1778.6100000000001
TXN_008063,2024-03-25 00:16:00,S041,P814,1,904.82,27.32,USD,877.5
TXN_008064,2024-03-25 06:22:00,S006,P741,9,776.93,10.25,EUR,6982.12
TXN_008065,2024-03-24 22:13:00,S030,P422,4,601.23,22.81,USD,2382.11
TXN_008066,2024-03-08 21:11:00,S012,P325,7,637.37,15.28,EUR,4446.31
TXN_008067,2024-03-10 02:22:00,S066,P808,2,1431.66,8.27,EUR,2855.05
TXN_008068,2024-03-06 03:28:00,S050,P560,6,961.33,7.93,GBP,5760.05
TXN_008069,2024-03-21 03:41:00,S084,P201,5,975.87,7.17,EUR,4872.18
TXN_008070,2024-03-19 11:35:00,S034,P617,6,778.34,23.35,GBP,4646.69
TXN_008071,2024-03-10 10:00:00,S055,P229,5,1390.09,43.78,GBP,6906.67
TXN_008072,2024-03-26 08:29:00,S025,P904,7,1029.17,9.86,GBP,7194.330000000001
TXN_008073,2024-03-22 11:51:00,S051,P645,2,306.26,13.79,USD,598.73
TXN_008074,2024-03-07 10:21:00,S051,P370,5,1189.29,8.36,EUR,5938.09
TXN_008075,2024-03-04 12:59:00,S003,P341,4,143.72,17.27,GBP,557.61
TXN_008076,2024-03-09 14:12:00,S085,P267,2,499.66,16.61,EUR,982.71
TXN_008077,2024-03-28 07:21:00,S073,P756,8,360.32,2.18,EUR,2880.38
TXN_008078,2024-03-02 20:29:00,S099,P864,7,38.68,3.07,EUR,267.69
TXN_008079,2024-03-13 00:42:00,S075,P726,3,1415.09,6.38,USD,4238.889999999999
TXN_008080,2024-03-28 01:55:00,S034,P991,1,1056.33,26.98,USD,1029.35
TXN_008081,2024-03-22 15:22:00,S011,P319,1,570.06,15.25,EUR,554.81
TXN_008082,2024-03-12 23:46:00,S017,P825,8,860.65,38.14,EUR,6847.0599999999995
TXN_008083,2024-03-23 20:20:00,S032,P824,9,1000.92,14.48,GBP,8993.8
TXN_008084,2024-03-04 10:21:00,S011,P287,6,704.24,26.06,EUR,4199.38
TXN_008085,2024-03-24 07:43:00,S033,P494,7,895.1,37.91,USD,6227.79
TXN_008086,2024-03-12 21:55:00,S084,P520,9,1470.15,18.11,EUR,13213.24
TXN_008087,2024-03-07 18:44:00,S019,P254,1,776.86,9.78,GBP,767.08
TXN_008088,2024-03-21 03:19:00,S005,P130,7,387.62,10.4,GBP,2702.94
TXN_008089,2024-03-29 11:59:00,S061,P842,4,621.19,15.86,USD,2468.9
TXN_008090,2024-03-03 01:36:00,S036,P350,7,982.02,20.04,EUR,6854.099999999999
TXN_008091,2024-03-23 02:31:00,S007,P192,6,47.99,30.95,USD,256.99
TXN_008092,2024-03-01 13:45:00,S018,P821,8,289.03,8.13,USD,2304.1099999999997
TXN_008093,2024-03-07 05:44:00,S072,P150,5,1401.7,13.43,USD,6995.07
TXN_008094,2024-03-04 10:58:00,S091,P585,7,1188.75,44.21,USD,8277.04
TXN_008095,2024-03-05 15:31:00,S046,P570,2,682.61,46.94,GBP,1318.28
TXN_008096,2024-03-29 01:06:00,S054,P612,9,1027.35,19.25,EUR,9226.9
TXN_008097,2024-03-08 12:04:00,S014,P625,5,604.23,36.83,EUR,2984.32
TXN_008098,2024-03-04 12:08:00,S026,P134,3,419.73,38.06,USD,1221.13
TXN_008099,2024-03-14 19:44:00,S049,P142,5,291.98,47.42,GBP,1412.48
TXN_008100,2024-03-22 13:59:00,S069,P609,5,15.22,11.29,EUR,64.81
TXN_008101,2024-03-10 13:30:00,S077,P009,9,1059.3,26.42,GBP,9507.279999999999
TXN_008102,2024-03-12 23:17:00,S095,P192,9,566.03,3.44,EUR,5090.83
TXN_008103,2024-03-11 05:04:00,S032,P982,3,874.82,1.27,GBP,2623.19
TXN_008104,2024-03-07 20:54:00,S008,P1000,2,1077.5,19.43,EUR,2135.57
TXN_008105,2024-03-18 15:17:00,S080,P038,3,272.25,11.14,GBP,805.61
TXN_008106,2024-03-01 18:25:00,S059,P598,7,887.13,39.4,EUR,6170.51
TXN_008107,2024-03-24 00:16:00,S017,P875,1,25.34,44.13,GBP,-18.790000000000003
TXN_008108,2024-03-25 03:03:00,S025,P104,2,77.04,48.87,GBP,105.21000000000001
TXN_008109,2024-03-19 19:34:00,S014,P576,2,1463.34,45.4,EUR,2881.2799999999997
TXN_008110,2024-03-03 18:41:00,S024,P572,8,1089.66,33.15,EUR,8684.130000000001
TXN_008111,2024-03-08 15:04:00,S046,P726,5,679.0,18.04,EUR,3376.96
TXN_008112,2024-03-29 13:17:00,S039,P366,3,967.74,33.45,USD,2869.7700000000004
TXN_008113,2024-03-13 14:24:00,S061,P031,9,961.38,31.94,EUR,8620.48
TXN_008114,2024-03-24 14:19:00,S079,P046,7,56.46,16.32,USD,378.90000000000003
TXN_008115,2024-03-20 17:19:00,S047,P671,5,1079.18,28.81,EUR,5367.09
TXN_008116,2024-03-14 17:51:00,S063,P650,4,36.34,38.73,GBP,106.63000000000002
TXN_008117,2024-03-07 13:55:00,S055,P130,3,590.91,28.54,USD,1744.19
TXN_008118,2024-03-28 18:04:00,S012,P959,3,1203.58,6.22,EUR,3604.52
TXN_008119,2024-03-21 18:13:00,S049,P497,5,756.38,42.37,EUR,3739.53
TXN_008120,2024-03-27 20:03:00,S062,P947,8,1094.19,10.43,EUR,8743.09
TXN_008121,2024-03-08 01:56:00,S071,P857,8,68.17,30.93,USD,514.4300000000001
TXN_008122,2024-03-14 23:38:00,S068,P229,6,400.58,31.84,GBP,2371.64
TXN_008123,2024-03-07 14:05:00,S042,P999,5,30.68,23.19,USD,130.21
TXN_008124,2024-03-09 03:20:00,S061,P791,2,675.5,20.95,EUR,1330.05
TXN_008125,2024-03-21 21:27:00,S015,P016,7,65.83,2.55,EUR,458.26
TXN_008126,2024-03-10 16:42:00,S084,P262,6,177.91,7.63,GBP,1059.83
TXN_008127,2024-03-10 01:20:00,S030,P012,8,114.35,45.02,GBP,869.78
TXN_008128,2024-03-02 06:16:00,S084,P794,2,37.02,37.07,EUR,36.970000000000006
TXN_008129,2024-03-17 20:52:00,S045,P816,8,1187.34,19.87,USD,9478.849999999999
TXN_008130,2024-03-19 23:51:00,S044,P382,6,671.22,35.49,GBP,3991.8300000000004
TXN_008131,2024-03-26 05:54:00,S058,P209,8,487.2,41.54,EUR,3856.06
TXN_008132,2024-03-23 06:19:00,S088,P900,2,832.87,28.3,USD,1637.44
TXN_008133,2024-03-10 10:40:00,S061,P466,4,1026.66,11.98,EUR,4094.6600000000003
TXN_008134,2024-03-13 07:54:00,S061,P258,1,1228.92,44.68,USD,1184.24
TXN_008135,2024-03-01 03:45:00,S071,P456,8,1072.67,31.65,GBP,8549.710000000001
TXN_008136,2024-03-16 20:57:00,S099,P442,5,492.58,7.69,EUR,2455.21
TXN_008137,2024-03-03 01:16:00,S076,P857,9,362.44,17.98,EUR,3243.98
TXN_008138,2024-03-25 16:32:00,S017,P584,6,860.01,19.98,USD,5140.08
TXN_008139,2024-03-19 03:01:00,S007,P009,1,1016.39,21.0,EUR,995.39
TXN_008140,2024-03-17 20:05:00,S067,P307,1,1069.28,1.47,GBP,1067.81
TXN_008141,2024-03-12 21:58:00,S092,P138,2,1435.18,47.54,GBP,2822.82
TXN_008142,2024-03-24 16:44:00,S036,P632,3,463.18,9.53,GBP,1380.01
TXN_008143,2024-03-09 10:39:00,S078,P473,8,299.3,6.41,USD,2387.9900000000002
TXN_008144,2024-03-06 03:22:00,S029,P574,1,766.73,15.32,GBP,751.41
TXN_008145,2024-03-29 18:33:00,S092,P874,5,1211.72,33.02,GBP,6025.58
TXN_008146,2024-03-12 23:11:00,S069,P495,4,21.6,29.38,EUR,57.02000000000001
TXN_008147,2024-03-13 03:11:00,S067,P432,2,1481.77,38.11,GBP,2925.43
TXN_008148,2024-03-13 12:39:00,S033,P770,3,41.74,36.46,GBP,88.75999999999999
TXN_008149,2024-03-27 10:35:00,S017,P426,7,883.89,2.17,EUR,6185.0599999999995
TXN_008150,2024-03-09 04:26:00,S031,P346,8,248.35,7.77,USD,1979.03
TXN_008151,2024-03-27 04:35:00,S085,P681,4,383.38,46.36,USD,1487.16
TXN_008152,2024-03-23 07:46:00,S034,P024,1,1398.12,6.82,GBP,1391.3
TXN_008153,2024-03-23 16:05:00,S036,P666,7,957.76,29.51,USD,6674.8099999999995
TXN_008154,2024-03-17 12:55:00,S077,P749,8,773.39,9.09,GBP,6178.03
TXN_008155,2024-03-29 14:08:00,S093,P125,3,165.31,40.1,GBP,455.83
TXN_008156,2024-03-25 11:28:00,S074,P804,3,629.77,37.9,USD,1851.4099999999999
TXN_008157,2024-03-21 12:55:00,S045,P042,3,145.68,27.66,EUR,409.38
TXN_008158,2024-03-19 18:15:00,S025,P021,2,164.44,28.12,USD,300.76
TXN_008159,2024-03-29 16:24:00,S012,P113,1,837.88,7.89,GBP,829.99
TXN_008160,2024-03-16 17:19:00,S022,P322,2,124.35,25.91,GBP,222.79
TXN_008161,2024-03-27 05:46:00,S058,P059,2,1228.31,36.47,USD,2420.15
TXN_008162,2024-03-25 03:30:00,S045,P845,8,269.6,9.35,EUR,2147.4500000000003
TXN_008163,2024-03-07 14:11:00,S100,P768,9,194.86,15.93,USD,1737.8100000000002
TXN_008164,2024-03-20 06:33:00,S025,P527,6,453.04,29.99,USD,2688.2500000000005
TXN_008165,2024-03-19 02:04:00,S006,P899,2,212.65,5.13,GBP,420.17
TXN_008166,2024-03-22 06:24:00,S065,P743,3,616.2,21.05,EUR,1827.5500000000002
TXN_008167,2024-03-18 08:32:00,S006,P404,7,56.28,0.33,GBP,393.63000000000005
TXN_008168,2024-03-29 12:59:00,S034,P975,9,340.14,44.42,USD,3016.8399999999997
TXN_008169,2024-03-19 07:27:00,S072,P898,7,1324.46,12.83,USD,9258.390000000001
TXN_008170,2024-03-19 12:45:00,S023,P130,4,1190.09,17.45,EUR,4742.91
TXN_008171,2024-03-15 13:53:00,S017,P144,5,230.26,32.38,GBP,1118.9199999999998
TXN_008172,2024-03-14 09:28:00,S030,P404,3,1183.5,24.69,GBP,3525.81
TXN_008173,2024-03-08 23:32:00,S091,P678,9,858.2,46.18,GBP,7677.62
TXN_008174,2024-03-17 23:02:00,S092,P377,6,1432.11,1.04,GBP,8591.619999999999
TXN_008175,2024-03-07 14:56:00,S014,P287,2,636.41,6.77,USD,1266.05
TXN_008176,2024-03-02 01:11:00,S034,P017,1,106.32,22.67,USD,83.64999999999999
TXN_008177,2024-03-02 07:33:00,S056,P024,5,1220.94,19.86,GBP,6084.840000000001
TXN_008178,2024-03-16 22:57:00,S024,P730,8,1134.49,22.18,USD,9053.74
TXN_008179,2024-03-14 09:53:00,S026,P495,3,970.21,2.59,EUR,2908.04
TXN_008180,2024-03-22 16:08:00,S046,P624,1,1140.48,40.25,GBP,1100.23
TXN_008181,2024-03-10 04:43:00,S004,P140,3,491.95,38.62,USD,1437.23
TXN_008182,2024-03-06 20:04:00,S032,P040,1,63.01,18.52,EUR,44.489999999999995
TXN_008183,2024-03-01 19:09:00,S060,P676,6,27.13,37.16,EUR,125.62
TXN_008184,2024-03-14 23:29:00,S006,P008,1,890.29,48.79,EUR,841.5
TXN_008185,2024-03-04 06:13:00,S067,P979,4,1147.08,44.8,EUR,4543.5199999999995
TXN_008186,2024-03-27 14:45:00,S099,P272,1,1032.19,10.98,EUR,1021.21
TXN_008187,2024-03-11 22:07:00,S069,P244,4,883.13,29.06,EUR,3503.46
TXN_008188,2024-03-03 02:47:00,S030,P691,5,358.61,9.97,EUR,1783.0800000000002
TXN_008189,2024-03-30 16:40:00,S080,P557,9,1398.74,4.65,EUR,12584.01
TXN_008190,2024-03-08 02:16:00,S008,P692,6,303.08,49.43,EUR,1769.05
TXN_008191,2024-03-30 04:16:00,S051,P081,1,1200.56,31.67,USD,1168.8899999999999
TXN_008192,2024-03-16 03:45:00,S014,P684,1,839.75,18.86,GBP,820.89
TXN_008193,2024-03-09 20:35:00,S062,P504,4,1206.95,20.44,USD,4807.360000000001
TXN_008194,2024-03-22 22:15:00,S042,P354,9,412.27,34.8,GBP,3675.6299999999997
TXN_008195,2024-03-23 12:28:00,S099,P359,9,720.28,17.05,EUR,6465.469999999999
TXN_008196,2024-03-05 18:54:00,S022,P111,5,257.14,47.04,EUR,1238.6599999999999
TXN_008197,2024-03-23 14:39:00,S050,P297,9,429.77,36.29,USD,3831.64
TXN_008198,2024-03-30 01:06:00,S077,P675,8,140.54,49.11,EUR,1075.21
TXN_008199,2024-03-30 01:44:00,S014,P392,7,293.18,26.88,EUR,2025.38
TXN_008200,2024-03-02 11:25:00,S083,P886,7,171.29,10.66,GBP,1188.37
TXN_008201,2024-03-22 04:52:00,S027,P227,6,957.09,8.65,GBP,5733.89
TXN_008202,2024-03-28 17:44:00,S027,P690,1,329.22,14.87,USD,314.35
TXN_008203,2024-03-15 06:33:00,S091,P873,3,973.34,3.15,GBP,2916.87
TXN_008204,2024-03-14 02:10:00,S002,P320,4,1017.38,26.99,USD,4042.53
TXN_008205,2024-03-03 12:37:00,S047,P697,3,650.91,4.81,USD,1947.92
TXN_008206,2024-03-25 18:48:00,S091,P416,3,1437.62,9.1,USD,4303.759999999999
TXN_008207,2024-03-11 02:04:00,S028,P403,9,1118.74,19.76,GBP,10048.9
TXN_008208,2024-03-03 10:06:00,S010,P333,6,370.98,38.68,GBP,2187.2000000000003
TXN_008209,2024-03-09 15:13:00,S057,P947,7,1417.89,40.31,USD,9884.920000000002
TXN_008210,2024-03-21 03:12:00,S053,P576,7,437.97,30.93,EUR,3034.86
TXN_008211,2024-03-01 01:20:00,S007,P081,1,809.44,46.11,GBP,763.33
TXN_008212,2024-03-19 17:28:00,S083,P296,2,668.11,34.69,GBP,1301.53
TXN_008213,2024-03-11 12:18:00,S097,P548,3,1298.24,10.52,USD,3884.2000000000003
TXN_008214,2024-03-07 11:28:00,S027,P503,6,1212.14,25.76,EUR,7247.08
TXN_008215,2024-03-23 23:06:00,S094,P702,7,702.88,30.27,USD,4889.889999999999
TXN_008216,2024-03-07 18:21:00,S072,P814,5,1203.09,31.19,USD,5984.26
TXN_008217,2024-03-12 18:29:00,S057,P919,8,1065.56,48.41,GBP,8476.07
TXN_008218,2024-03-07 15:42:00,S049,P816,4,152.61,8.89,USD,601.5500000000001
TXN_008219,2024-03-05 07:52:00,S052,P382,3,1268.57,34.93,USD,3770.78
TXN_008220,2024-03-05 11:08:00,S031,P086,1,1316.06,44.81,USD,1271.25
TXN_008221,2024-03-23 04:41:00,S046,P519,5,1479.09,28.86,GBP,7366.59
TXN_008222,2024-03-16 23:06:00,S084,P998,6,882.41,8.48,GBP,5285.9800000000005
TXN_008223,2024-03-02 21:11:00,S024,P984,8,332.96,35.46,GBP,2628.22
TXN_008224,2024-03-14 08:59:00,S100,P381,1,960.96,22.4,EUR,938.5600000000001
TXN_008225,2024-03-22 10:44:00,S056,P599,2,1098.52,42.23,GBP,2154.81
TXN_008226,2024-03-07 09:19:00,S027,P633,5,89.22,32.55,USD,413.55
TXN_008227,2024-03-11 04:20:00,S006,P226,1,1119.25,34.75,EUR,1084.5
TXN_008228,2024-03-23 13:28:00,S049,P371,7,364.22,26.44,USD,2523.1
TXN_008229,2024-03-15 01:32:00,S060,P174,6,430.17,26.83,USD,2554.19
TXN_008230,2024-03-05 13:45:00,S089,P918,7,1237.02,25.4,EUR,8633.74
TXN_008231,2024-03-15 16:17:00,S026,P074,6,1191.49,10.07,GBP,7138.870000000001
TXN_008232,2024-03-12 16:56:00,S038,P384,1,282.25,10.73,USD,271.52
TXN_008233,2024-03-26 21:50:00,S081,P295,5,271.04,48.51,GBP,1306.69
TXN_008234,2024-03-22 09:51:00,S025,P292,3,1225.73,11.99,USD,3665.2000000000003
TXN_008235,2024-03-12 17:08:00,S032,P557,6,1138.41,3.38,GBP,6827.080000000001
TXN_008236,2024-03-04 05:36:00,S040,P249,1,1293.6,9.53,GBP,1284.07
TXN_008237,2024-03-24 15:09:00,S002,P025,5,715.55,4.84,EUR,3572.91
TXN_008238,2024-03-05 06:48:00,S045,P124,9,1487.04,37.81,GBP,13345.550000000001
TXN_008239,2024-03-20 12:28:00,S040,P945,6,1161.23,26.59,GBP,6940.79
TXN_008240,2024-03-03 09:51:00,S010,P980,3,1431.97,26.95,EUR,4268.96
TXN_008241,2024-03-10 00:09:00,S089,P572,7,516.1,20.54,EUR,3592.1600000000003
TXN_008242,2024-03-29 09:11:00,S068,P591,5,1487.3,43.61,EUR,7392.89
TXN_008243,2024-03-20 21:15:00,S085,P878,7,476.12,20.61,GBP,3312.23
TXN_008244,2024-03-02 01:56:00,S023,P649,8,1305.08,31.89,USD,10408.75
TXN_008245,2024-03-19 23:27:00,S076,P537,3,1455.45,35.32,GBP,4331.030000000001
TXN_008246,2024-03-14 12:18:00,S009,P947,2,1054.36,7.08,GBP,2101.64
TXN_008247,2024-03-07 20:17:00,S055,P929,8,351.45,22.13,USD,2789.47
TXN_008248,2024-03-14 01:28:00,S024,P080,1,1354.71,13.12,EUR,1341.5900000000001
TXN_008249,2024-03-16 22:14:00,S044,P930,1,1400.25,18.24,EUR,1382.01
TXN_008250,2024-03-06 04:32:00,S099,P823,9,1493.51,43.02,EUR,13398.57
TXN_008251,2024-03-07 13:08:00,S052,P041,2,521.96,36.51,EUR,1007.4100000000001
TXN_008252,2024-03-29 12:15:00,S079,P275,1,1160.45,10.88,EUR,1149.57
TXN_008253,2024-03-06 07:37:00,S068,P407,4,763.33,43.26,USD,3010.06
TXN_008254,2024-03-27 02:03:00,S005,P193,1,802.95,25.79,GBP,777.1600000000001
TXN_008255,2024-03-19 11:34:00,S020,P294,7,1441.25,25.87,GBP,10062.88
TXN_008256,2024-03-17 13:22:00,S049,P929,2,45.09,16.82,USD,73.36000000000001
TXN_008257,2024-03-15 02:40:00,S060,P276,9,256.12,30.07,GBP,2275.0099999999998
TXN_008258,2024-03-25 18:55:00,S073,P407,1,597.78,20.74,USD,577.04
TXN_008259,2024-03-03 20:33:00,S002,P808,1,1328.09,14.59,EUR,1313.5
TXN_008260,2024-03-24 02:58:00,S011,P616,8,1045.28,4.41,EUR,8357.83
TXN_008261,2024-03-30 21:31:00,S033,P092,3,352.29,21.87,GBP,1035.0000000000002
TXN_008262,2024-03-22 20:44:00,S035,P170,1,76.05,2.2,EUR,73.85
TXN_008263,2024-03-27 05:20:00,S092,P970,1,370.4,23.42,EUR,346.97999999999996
TXN_008264,2024-03-14 01:06:00,S061,P781,7,1485.94,43.35,GBP,10358.23
TXN_008265,2024-03-01 20:22:00,S017,P171,4,104.48,30.16,GBP,387.76
TXN_008266,2024-03-15 01:24:00,S065,P427,9,606.71,37.81,USD,5422.58
TXN_008267,2024-03-22 23:30:00,S019,P470,9,1033.07,39.85,EUR,9257.779999999999
TXN_008268,2024-03-03 18:08:00,S010,P103,4,1487.12,31.09,EUR,5917.389999999999
TXN_008269,2024-03-16 01:12:00,S052,P280,7,627.33,31.13,GBP,4360.18
TXN_008270,2024-03-28 07:10:00,S023,P038,6,824.02,38.87,USD,4905.25
TXN_008271,2024-03-23 23:11:00,S012,P930,7,711.39,42.39,GBP,4937.339999999999
TXN_008272,2024-03-03 00:36:00,S015,P025,4,1181.88,43.2,USD,4684.320000000001
TXN_008273,2024-03-17 00:16:00,S067,P866,6,1075.58,48.17,USD,6405.3099999999995
TXN_008274,2024-03-06 11:59:00,S076,P200,3,1086.29,24.05,USD,3234.8199999999997
TXN_008275,2024-03-17 03:19:00,S015,P978,7,746.95,19.52,GBP,5209.13
TXN_008276,2024-03-11 09:08:00,S020,P883,3,871.53,25.15,GBP,2589.44
TXN_008277,2024-03-01 18:46:00,S047,P031,5,317.38,18.02,GBP,1568.88
TXN_008278,2024-03-14 05:16:00,S096,P916,3,158.07,8.92,GBP,465.28999999999996
TXN_008279,2024-03-10 23:45:00,S003,P234,7,902.19,9.19,EUR,6306.14
TXN_008280,2024-03-26 11:09:00,S057,P927,1,769.05,28.82,GBP,740.2299999999999
TXN_008281,2024-03-01 17:35:00,S003,P095,3,789.79,37.03,GBP,2332.3399999999997
TXN_008282,2024-03-15 20:11:00,S027,P294,7,534.53,28.23,EUR,3713.48
TXN_008283,2024-03-24 18:50:00,S030,P329,5,478.77,12.52,EUR,2381.33
TXN_008284,2024-03-29 18:25:00,S020,P555,6,495.16,7.22,GBP,2963.7400000000002
TXN_008285,2024-03-03 12:46:00,S002,P090,7,182.43,41.2,EUR,1235.81
TXN_008286,2024-03-15 01:51:00,S077,P827,7,342.62,27.58,GBP,2370.76
TXN_008287,2024-03-06 17:48:00,S003,P754,6,1043.36,18.82,EUR,6241.34
TXN_008288,2024-03-20 02:09:00,S014,P755,2,656.72,27.49,USD,1285.95
TXN_008289,2024-03-23 15:16:00,S002,P416,6,632.5,1.17,GBP,3793.83
TXN_008290,2024-03-21 21:52:00,S026,P330,5,1106.18,28.27,GBP,5502.63
TXN_008291,2024-03-23 18:35:00,S098,P872,1,654.9,37.06,USD,617.8399999999999
TXN_008292,2024-03-29 03:58:00,S061,P938,6,905.86,26.24,GBP,5408.92
TXN_008293,2024-03-06 19:34:00,S010,P963,9,1078.24,31.87,GBP,9672.289999999999
TXN_008294,2024-03-02 18:50:00,S088,P560,7,1359.59,11.51,USD,9505.619999999999
TXN_008295,2024-03-20 03:52:00,S050,P284,8,803.26,10.71,GBP,6415.37
TXN_008296,2024-03-08 19:59:00,S064,P245,9,633.25,24.75,USD,5674.5
TXN_008297,2024-03-09 18:06:00,S031,P320,7,391.8,29.77,GBP,2712.83
TXN_008298,2024-03-13 12:24:00,S093,P497,8,1491.68,6.9,EUR,11926.54
TXN_008299,2024-03-04 17:38:00,S014,P903,9,1335.04,42.54,EUR,11972.82
TXN_008300,2024-03-29 12:12:00,S083,P829,3,1281.27,6.95,GBP,3836.86
TXN_008301,2024-03-24 06:03:00,S086,P857,2,641.55,14.7,EUR,1268.3999999999999
TXN_008302,2024-03-07 00:25:00,S035,P719,3,1187.22,5.46,EUR,3556.2
TXN_008303,2024-03-16 19:50:00,S015,P842,7,1163.25,45.14,GBP,8097.61
TXN_008304,2024-03-16 22:16:00,S057,P005,4,831.53,2.48,GBP,3323.64
TXN_008305,2024-03-03 11:43:00,S002,P720,4,342.44,34.11,GBP,1335.65
TXN_008306,2024-03-06 02:56:00,S071,P342,6,378.31,16.46,GBP,2253.4
TXN_008307,2024-03-11 14:53:00,S074,P654,6,441.2,10.29,USD,2636.91
TXN_008308,2024-03-29 17:29:00,S017,P312,2,347.0,29.5,EUR,664.5
TXN_008309,2024-03-22 13:13:00,S055,P146,1,1399.86,13.77,USD,1386.09
TXN_008310,2024-03-03 06:27:00,S089,P394,7,1148.07,43.97,GBP,7992.5199999999995
TXN_008311,2024-03-30 08:46:00,S024,P759,6,1454.78,24.05,GBP,8704.630000000001
TXN_008312,2024-03-05 22:46:00,S007,P675,8,202.15,2.86,GBP,1614.3400000000001
TXN_008313,2024-03-30 11:38:00,S088,P047,5,1364.72,18.29,EUR,6805.31
TXN_008314,2024-03-04 13:00:00,S049,P519,2,1478.72,48.65,EUR,2908.79
TXN_008315,2024-03-04 22:13:00,S099,P138,7,1181.78,39.25,GBP,8233.21
TXN_008316,2024-03-14 05:22:00,S093,P888,6,1493.3,24.43,EUR,8935.369999999999
TXN_008317,2024-03-01 04:32:00,S069,P029,7,464.93,36.93,EUR,3217.5800000000004
TXN_008318,2024-03-15 08:16:00,S025,P260,5,260.38,46.21,GBP,1255.69
TXN_008319,2024-03-22 14:33:00,S031,P112,1,276.32,32.61,GBP,243.70999999999998
TXN_008320,2024-03-05 08:46:00,S026,P947,7,308.26,12.54,EUR,2145.2799999999997
TXN_008321,2024-03-19 10:42:00,S074,P979,6,320.45,39.29,USD,1883.4099999999999
TXN_008322,2024-03-26 00:46:00,S014,P811,6,1385.67,26.7,USD,8287.32
TXN_008323,2024-03-06 19:13:00,S060,P865,5,695.36,1.59,GBP,3475.21
TXN_008324,2024-03-28 00:37:00,S058,P976,7,1399.55,36.45,USD,9760.4
TXN_008325,2024-03-06 17:21:00,S028,P411,2,98.27,13.39,USD,183.14999999999998
TXN_008326,2024-03-11 21:10:00,S075,P065,4,47.05,43.6,USD,144.6
TXN_008327,2024-03-26 00:39:00,S041,P974,2,610.57,19.47,EUR,1201.67
TXN_008328,2024-03-10 21:30:00,S033,P480,7,1260.36,48.14,GBP,8774.38
TXN_008329,2024-03-05 09:36:00,S086,P744,7,1470.18,44.04,USD,10247.22
TXN_008330,2024-03-05 21:07:00,S047,P659,4,1444.29,44.74,GBP,5732.42
TXN_008331,2024-03-14 20:03:00,S078,P043,6,1040.45,3.47,EUR,6239.2300000000005
TXN_008332,2024-03-11 12:58:00,S094,P404,7,400.91,49.3,USD,2757.07
TXN_008333,2024-03-26 03:50:00,S032,P717,1,336.76,34.8,USD,301.96
TXN_008334,2024-03-21 11:51:00,S096,P874,9,303.48,4.3,GBP,2727.02
TXN_008335,2024-03-12 14:13:00,S026,P649,3,432.09,46.99,GBP,1249.28
TXN_008336,2024-03-30 03:35:00,S072,P677,7,1160.66,23.23,EUR,8101.390000000001
TXN_008337,2024-03-20 07:47:00,S081,P580,5,1358.31,27.04,EUR,6764.509999999999
TXN_008338,2024-03-22 17:06:00,S031,P493,7,456.26,15.18,USD,3178.64
TXN_008339,2024-03-09 01:20:00,S002,P226,3,588.59,48.05,EUR,1717.72
TXN_008340,2024-03-19 03:24:00,S030,P368,5,1343.87,35.36,USD,6683.99
TXN_008341,2024-03-26 20:06:00,S086,P963,1,648.13,39.45,GBP,608.68
TXN_008342,2024-03-29 23:21:00,S044,P479,7,1277.23,36.52,GBP,8904.09
TXN_008343,2024-03-17 08:39:00,S019,P967,4,1358.38,23.16,USD,5410.360000000001
TXN_008344,2024-03-19 18:22:00,S056,P055,6,238.34,35.63,USD,1394.4099999999999
TXN_008345,2024-03-05 12:09:00,S009,P132,9,977.86,22.17,GBP,8778.57
TXN_008346,2024-03-11 12:36:00,S051,P597,8,47.35,25.08,USD,353.72
TXN_008347,2024-03-02 20:27:00,S097,P259,4,612.24,32.9,EUR,2416.06
TXN_008348,2024-03-03 04:12:00,S091,P670,9,1495.13,24.08,GBP,13432.090000000002
TXN_008349,2024-03-01 19:08:00,S097,P922,5,350.99,28.79,EUR,1726.16
TXN_008350,2024-03-02 02:32:00,S047,P170,6,598.34,22.46,USD,3567.58
TXN_008351,2024-03-18 21:02:00,S007,P045,2,892.79,21.65,GBP,1763.9299999999998
TXN_008352,2024-03-27 21:14:00,S029,P602,4,1293.08,34.27,GBP,5138.049999999999
TXN_008353,2024-03-07 19:02:00,S003,P834,6,178.85,6.93,GBP,1066.1699999999998
TXN_008354,2024-03-06 16:17:00,S095,P274,1,1475.57,7.7,USD,1467.87
TXN_008355,2024-03-24 14:07:00,S041,P492,7,82.61,23.19,EUR,555.0799999999999
TXN_008356,2024-03-05 02:00:00,S078,P083,7,758.77,6.62,GBP,5304.7699999999995
TXN_008357,2024-03-25 06:48:00,S077,P948,3,587.11,10.6,EUR,1750.73
TXN_008358,2024-03-09 22:50:00,S002,P739,2,14.66,5.03,EUR,24.29
TXN_008359,2024-03-18 05:25:00,S099,P135,7,1486.84,39.58,GBP,10368.3
TXN_008360,2024-03-29 03:35:00,S024,P422,1,362.68,29.49,EUR,333.19
TXN_008361,2024-03-16 13:13:00,S063,P053,6,436.64,41.01,USD,2578.83
TXN_008362,2024-03-29 18:14:00,S086,P449,5,999.89,6.78,GBP,4992.67
TXN_008363,2024-03-05 00:35:00,S079,P726,4,103.37,29.49,USD,383.99
TXN_008364,2024-03-27 16:11:00,S019,P718,8,1391.28,10.72,GBP,11119.52
TXN_008365,2024-03-13 02:49:00,S059,P186,9,766.39,5.63,GBP,6891.88
TXN_008366,2024-03-28 20:36:00,S003,P792,8,551.85,38.35,EUR,4376.45
TXN_008367,2024-03-23 20:56:00,S083,P754,1,425.28,0.22,USD,425.05999999999995
TXN_008368,2024-03-04 05:24:00,S068,P702,7,271.53,39.68,GBP,1861.0299999999997
TXN_008369,2024-03-14 12:30:00,S029,P918,5,971.03,30.34,GBP,4824.8099999999995
TXN_008370,2024-03-18 02:20:00,S009,P960,9,523.43,18.68,EUR,4692.19
TXN_008371,2024-03-07 07:13:00,S009,P146,2,1293.35,5.24,EUR,2581.46
TXN_008372,2024-03-04 04:06:00,S076,P707,2,409.31,41.31,USD,777.31
TXN_008373,2024-03-24 18:26:00,S084,P505,1,1155.78,24.35,GBP,1131.43
TXN_008374,2024-03-09 06:22:00,S024,P732,6,1028.05,0.09,GBP,6168.209999999999
TXN_008375,2024-03-03 00:23:00,S009,P362,8,252.98,9.38,USD,2014.4599999999998
TXN_008376,2024-03-16 12:52:00,S012,P434,1,16.14,47.84,GBP,-31.700000000000003
TXN_008377,2024-03-26 10:57:00,S077,P075,4,867.83,30.62,GBP,3440.7000000000003
TXN_008378,2024-03-26 17:09:00,S005,P663,9,1489.92,48.51,EUR,13360.77
TXN_008379,2024-03-02 05:06:00,S081,P302,6,1273.25,37.36,USD,7602.14
TXN_008380,2024-03-04 07:01:00,S095,P668,7,636.69,2.55,GBP,4454.28
TXN_008381,2024-03-01 18:03:00,S060,P260,1,143.02,42.73,USD,100.29000000000002
TXN_008382,2024-03-21 01:29:00,S069,P958,4,12.54,19.36,EUR,30.799999999999997
TXN_008383,2024-03-02 06:22:00,S003,P054,9,987.24,13.9,EUR,8871.26
TXN_008384,2024-03-10 09:20:00,S055,P813,7,705.32,39.44,EUR,4897.800000000001
TXN_008385,2024-03-12 23:09:00,S015,P846,9,1258.8,27.4,USD,11301.8
TXN_008386,2024-03-11 07:12:00,S050,P029,5,1441.96,9.77,EUR,7200.03
TXN_008387,2024-03-04 19:04:00,S004,P575,4,13.54,16.02,EUR,38.14
TXN_008388,2024-03-04 01:05:00,S051,P173,8,297.03,12.17,GBP,2364.0699999999997
TXN_008389,2024-03-14 18:08:00,S075,P133,2,592.32,33.35,EUR,1151.2900000000002
TXN_008390,2024-03-20 08:48:00,S001,P519,8,1166.22,23.83,USD,9305.93
TXN_008391,2024-03-03 04:28:00,S067,P425,2,613.82,14.03,GBP,1213.6100000000001
TXN_008392,2024-03-17 00:44:00,S097,P975,5,307.68,22.8,GBP,1515.6000000000001
TXN_008393,2024-03-14 09:01:00,S010,P416,3,319.28,44.8,GBP,913.04
TXN_008394,2024-03-12 14:52:00,S034,P922,1,604.69,29.07,USD,575.62
TXN_008395,2024-03-19 08:40:00,S093,P242,6,714.49,41.0,EUR,4245.9400000000005
TXN_008396,2024-03-21 20:29:00,S034,P734,4,1355.8,38.77,USD,5384.429999999999
TXN_008397,2024-03-14 13:42:00,S052,P966,7,893.14,15.68,USD,6236.299999999999
TXN_008398,2024-03-05 00:40:00,S088,P855,8,1056.44,3.33,EUR,8448.19
TXN_008399,2024-03-06 08:55:00,S006,P013,3,1477.52,32.62,EUR,4399.94
TXN_008400,2024-03-05 21:11:00,S003,P489,5,267.54,9.39,GBP,1328.31
TXN_008401,2024-03-02 00:25:00,S075,P582,3,709.47,11.57,EUR,2116.8399999999997
TXN_008402,2024-03-22 18:07:00,S093,P392,8,803.6,33.03,GBP,6395.77
TXN_008403,2024-03-04 01:25:00,S039,P196,9,955.21,40.13,USD,8556.76
TXN_008404,2024-03-24 09:22:00,S014,P984,2,442.03,5.21,EUR,878.8499999999999
TXN_008405,2024-03-06 16:14:00,S003,P211,3,430.66,38.89,USD,1253.09
TXN_008406,2024-03-29 14:08:00,S034,P425,4,1162.75,2.9,USD,4648.1
TXN_008407,2024-03-04 06:47:00,S035,P057,5,1291.4,14.78,GBP,6442.22
TXN_008408,2024-03-23 07:14:00,S008,P684,5,1294.5,2.24,USD,6470.26
TXN_008409,2024-03-12 11:56:00,S020,P649,7,138.52,2.66,USD,966.9800000000001
TXN_008410,2024-03-20 10:29:00,S042,P466,2,76.26,48.01,EUR,104.51000000000002
TXN_008411,2024-03-28 10:48:00,S004,P586,4,92.84,34.13,EUR,337.23
TXN_008412,2024-03-29 23:07:00,S009,P596,8,839.13,44.41,GBP,6668.63
TXN_008413,2024-03-15 18:04:00,S021,P786,6,941.01,0.61,GBP,5645.45
TXN_008414,2024-03-28 10:55:00,S039,P352,4,493.32,11.98,USD,1961.3
TXN_008415,2024-03-10 16:06:00,S041,P474,7,620.45,36.25,EUR,4306.900000000001
TXN_008416,2024-03-23 19:21:00,S091,P343,4,238.04,40.86,EUR,911.3
TXN_008417,2024-03-22 02:54:00,S028,P026,6,407.22,11.72,GBP,2431.6000000000004
TXN_008418,2024-03-24 11:56:00,S068,P960,5,258.25,29.8,GBP,1261.45
TXN_008419,2024-03-22 20:57:00,S041,P977,1,812.33,30.49,GBP,781.84
TXN_008420,2024-03-20 17:29:00,S059,P291,4,293.41,31.36,GBP,1142.2800000000002
TXN_008421,2024-03-25 23:58:00,S008,P540,3,611.98,43.05,USD,1792.89
TXN_008422,2024-03-08 04:56:00,S013,P037,8,1234.41,33.64,USD,9841.640000000001
TXN_008423,2024-03-06 18:17:00,S018,P779,5,1161.73,21.44,GBP,5787.21
TXN_008424,2024-03-16 14:46:00,S099,P499,7,798.84,46.06,EUR,5545.82
TXN_008425,2024-03-03 11:50:00,S023,P728,8,675.6,18.34,USD,5386.46
TXN_008426,2024-03-02 18:27:00,S035,P289,5,50.99,11.48,GBP,243.47000000000003
TXN_008427,2024-03-26 13:40:00,S068,P685,7,1167.07,36.25,GBP,8133.24
TXN_008428,2024-03-14 17:48:00,S052,P204,1,108.0,19.38,GBP,88.62
TXN_008429,2024-03-25 09:26:00,S058,P658,8,1490.9,19.75,USD,11907.45
TXN_008430,2024-03-13 01:03:00,S009,P144,6,824.63,5.03,GBP,4942.75
TXN_008431,2024-03-06 09:41:00,S064,P196,4,1275.42,7.01,GBP,5094.67
TXN_008432,2024-03-17 08:17:00,S067,P215,9,894.04,28.65,GBP,8017.71
TXN_008433,2024-03-22 12:50:00,S061,P292,2,1305.7,48.6,GBP,2562.8
TXN_008434,2024-03-20 11:51:00,S035,P256,1,503.93,45.46,GBP,458.47
TXN_008435,2024-03-29 15:13:00,S036,P345,7,864.63,9.66,USD,6042.75
TXN_008436,2024-03-04 16:46:00,S053,P018,9,1145.81,43.68,GBP,10268.609999999999
TXN_008437,2024-03-16 19:42:00,S062,P323,8,1106.01,10.73,EUR,8837.35
TXN_008438,2024-03-30 23:58:00,S077,P921,5,590.2,41.23,EUR,2909.77
TXN_008439,2024-03-18 07:14:00,S037,P452,5,617.35,34.06,EUR,3052.69
TXN_008440,2024-03-29 11:02:00,S067,P936,7,972.37,34.43,USD,6772.16
TXN_008441,2024-03-14 08:33:00,S071,P681,4,716.13,39.85,GBP,2824.67
TXN_008442,2024-03-23 13:48:00,S061,P776,7,608.5,47.64,GBP,4211.86
TXN_008443,2024-03-03 07:35:00,S039,P228,8,98.02,42.74,EUR,741.42
TXN_008444,2024-03-24 08:15:00,S036,P898,3,1324.15,47.83,GBP,3924.6200000000003
TXN_008445,2024-03-19 20:04:00,S087,P819,6,886.31,36.77,GBP,5281.089999999999
TXN_008446,2024-03-12 03:32:00,S070,P067,5,1382.06,34.0,USD,6876.299999999999
TXN_008447,2024-03-08 21:16:00,S043,P173,5,245.71,12.78,EUR,1215.77
TXN_008448,2024-03-27 12:50:00,S017,P950,4,1119.2,8.66,USD,4468.14
TXN_008449,2024-03-29 06:08:00,S087,P752,7,372.78,23.75,EUR,2585.71
TXN_008450,2024-03-12 21:05:00,S060,P299,8,1276.48,40.02,GBP,10171.82
TXN_008451,2024-03-29 17:03:00,S068,P601,8,647.54,21.9,GBP,5158.42
TXN_008452,2024-03-17 07:12:00,S038,P448,6,1031.15,33.89,USD,6153.01
TXN_008453,2024-03-11 05:55:00,S041,P833,9,1271.94,4.56,USD,11442.900000000001
TXN_008454,2024-03-12 10:00:00,S015,P044,5,821.98,13.32,EUR,4096.58
TXN_008455,2024-03-17 15:22:00,S034,P364,6,107.21,46.15,USD,597.11
TXN_008456,2024-03-26 11:53:00,S070,P287,4,291.31,36.42,GBP,1128.82
TXN_008457,2024-03-22 20:40:00,S092,P085,9,216.46,5.96,USD,1942.18
TXN_008458,2024-03-09 21:48:00,S021,P619,3,1007.96,27.24,EUR,2996.6400000000003
TXN_008459,2024-03-15 04:54:00,S065,P611,2,30.26,17.19,GBP,43.33
TXN_008460,2024-03-18 13:45:00,S061,P720,9,380.55,11.57,USD,3413.38
TXN_008461,2024-03-04 20:41:00,S076,P438,3,1481.11,21.63,GBP,4421.7
TXN_008462,2024-03-08 08:31:00,S099,P682,9,459.09,26.79,EUR,4105.0199999999995
TXN_008463,2024-03-01 18:12:00,S096,P289,5,37.46,13.41,USD,173.89000000000001
TXN_008464,2024-03-28 02:26:00,S021,P920,4,1252.5,16.91,USD,4993.09
TXN_008465,2024-03-03 11:50:00,S022,P079,1,1424.79,12.89,GBP,1411.8999999999999
TXN_008466,2024-03-23 13:03:00,S002,P724,8,1126.77,33.04,USD,8981.119999999999
TXN_008467,2024-03-30 19:24:00,S075,P307,4,673.2,2.24,USD,2690.5600000000004
TXN_008468,2024-03-26 10:14:00,S053,P842,3,1453.08,20.74,GBP,4338.5
TXN_008469,2024-03-19 23:52:00,S058,P584,3,34.55,35.28,EUR,68.36999999999999
TXN_008470,2024-03-22 07:48:00,S016,P174,3,996.75,36.27,EUR,2953.98
TXN_008471,2024-03-19 08:17:00,S062,P750,1,16.58,28.65,EUR,-12.07
TXN_008472,2024-03-08 01:07:00,S017,P096,1,304.19,25.88,USD,278.31
TXN_008473,2024-03-18 00:04:00,S093,P065,5,775.91,36.14,GBP,3843.41
TXN_008474,2024-03-06 03:01:00,S088,P865,4,357.72,15.3,GBP,1415.5800000000002
TXN_008475,2024-03-11 04:32:00,S091,P452,2,1278.95,40.93,USD,2516.9700000000003
TXN_008476,2024-03-10 08:48:00,S068,P047,4,409.21,47.25,USD,1589.59
TXN_008477,2024-03-16 00:15:00,S074,P945,1,564.13,33.63,USD,530.5
TXN_008478,2024-03-02 08:33:00,S071,P759,6,1004.24,47.03,GBP,5978.410000000001
TXN_008479,2024-03-01 08:25:00,S076,P466,2,1472.47,48.3,USD,2896.64
TXN_008480,2024-03-16 23:17:00,S098,P061,6,1047.74,9.51,USD,6276.93
TXN_008481,2024-03-07 21:54:00,S048,P526,4,1487.12,29.81,EUR,5918.669999999999
TXN_008482,2024-03-11 21:37:00,S051,P294,3,841.17,4.01,USD,2519.4999999999995
TXN_008483,2024-03-25 13:40:00,S062,P243,6,1183.85,27.82,EUR,7075.28
TXN_008484,2024-03-02 14:28:00,S077,P555,4,791.45,9.47,EUR,3156.3300000000004
TXN_008485,2024-03-20 07:20:00,S066,P047,9,278.58,42.1,EUR,2465.12
TXN_008486,2024-03-18 11:22:00,S026,P430,3,906.2,38.24,USD,2680.3600000000006
TXN_008487,2024-03-17 23:53:00,S058,P756,1,1091.23,11.84,EUR,1079.39
TXN_008488,2024-03-21 18:31:00,S060,P506,8,1155.02,46.57,EUR,9193.59
TXN_008489,2024-03-30 12:33:00,S069,P101,1,798.7,19.37,USD,779.33
TXN_008490,2024-03-15 16:35:00,S040,P864,6,738.34,39.73,EUR,4390.31
TXN_008491,2024-03-12 21:40:00,S081,P059,5,224.31,3.6,EUR,1117.95
TXN_008492,2024-03-13 09:00:00,S031,P890,8,899.38,5.49,USD,7189.55
TXN_008493,2024-03-07 06:04:00,S036,P650,5,1418.45,7.98,USD,7084.27
TXN_008494,2024-03-15 14:46:00,S048,P037,7,209.88,2.25,USD,1466.9099999999999
TXN_008495,2024-03-10 07:06:00,S024,P734,4,26.95,35.66,USD,72.14
TXN_008496,2024-03-07 17:47:00,S021,P994,4,1431.27,29.72,EUR,5695.36
TXN_008497,2024-03-05 22:02:00,S039,P929,1,437.37,8.09,USD,429.28000000000003
TXN_008498,2024-03-26 00:44:00,S021,P182,5,955.57,35.1,EUR,4742.75
TXN_008499,2024-03-09 21:17:00,S035,P353,7,782.45,21.99,GBP,5455.160000000001
TXN_008500,2024-03-06 22:21:00,S009,P699,1,112.44,39.31,GBP,73.13
TXN_008501,2024-03-06 20:02:00,S029,P030,8,1048.93,44.09,GBP,8347.35
TXN_008502,2024-03-08 10:19:00,S084,P760,4,366.65,17.38,EUR,1449.2199999999998
TXN_008503,2024-03-21 11:41:00,S021,P074,8,1100.95,43.71,EUR,8763.890000000001
TXN_008504,2024-03-11 14:16:00,S021,P934,5,1416.1,49.28,USD,7031.22
TXN_008505,2024-03-08 00:31:00,S065,P850,1,415.58,45.34,GBP,370.24
TXN_008506,2024-03-27 13:21:00,S084,P847,5,1316.25,37.2,EUR,6544.05
TXN_008507,2024-03-27 17:36:00,S007,P432,8,109.67,14.33,USD,863.03
TXN_008508,2024-03-13 18:40:00,S082,P781,6,449.47,27.11,GBP,2669.71
TXN_008509,2024-03-01 14:19:00,S039,P638,3,1395.98,41.33,USD,4146.610000000001
TXN_008510,2024-03-02 04:04:00,S030,P582,4,1182.89,45.7,GBP,4685.860000000001
TXN_008511,2024-03-02 02:10:00,S030,P390,4,1105.89,46.62,USD,4376.9400000000005
TXN_008512,2024-03-30 21:39:00,S076,P122,8,1376.47,27.4,EUR,10984.36
TXN_008513,2024-03-09 14:43:00,S046,P126,8,155.0,48.09,USD,1191.91
TXN_008514,2024-03-04 17:22:00,S032,P756,4,114.23,3.24,GBP,453.68
TXN_008515,2024-03-23 03:01:00,S036,P200,7,170.83,37.59,GBP,1158.2200000000003
TXN_008516,2024-03-23 06:08:00,S042,P787,8,612.48,43.85,USD,4855.99
TXN_008517,2024-03-20 07:06:00,S012,P449,9,1149.59,24.61,EUR,10321.699999999999
TXN_008518,2024-03-13 00:22:00,S075,P978,6,73.21,3.02,GBP,436.24
TXN_008519,2024-03-24 23:21:00,S062,P787,8,1190.83,13.23,GBP,9513.41
TXN_008520,2024-03-19 17:17:00,S095,P986,3,1272.69,46.64,USD,3771.4300000000003
TXN_008521,2024-03-11 17:21:00,S062,P541,3,143.08,41.94,EUR,387.3
TXN_008522,2024-03-22 01:35:00,S065,P456,3,101.58,1.3,USD,303.44
TXN_008523,2024-03-13 09:16:00,S072,P267,1,161.96,39.67,USD,122.29
TXN_008524,2024-03-14 10:17:00,S012,P900,1,1319.57,2.46,EUR,1317.11
TXN_008525,2024-03-11 16:45:00,S008,P213,8,1498.22,25.15,EUR,11960.61
TXN_008526,2024-03-24 03:52:00,S012,P363,5,43.86,41.66,GBP,177.64000000000001
TXN_008527,2024-03-17 03:49:00,S077,P260,2,460.02,28.98,GBP,891.06
TXN_008528,2024-03-10 06:09:00,S081,P587,2,1077.34,35.91,EUR,2118.77
TXN_008529,2024-03-16 18:39:00,S043,P720,6,571.75,33.23,GBP,3397.27
TXN_008530,2024-03-11 18:34:00,S057,P723,8,388.99,27.18,USD,3084.7400000000002
TXN_008531,2024-03-18 04:09:00,S024,P052,6,1143.68,40.43,GBP,6821.65
TXN_008532,2024-03-18 02:49:00,S071,P373,4,393.52,32.84,EUR,1541.24
TXN_008533,2024-03-14 20:00:00,S003,P052,5,623.83,48.56,GBP,3070.59
TXN_008534,2024-03-04 22:04:00,S100,P767,5,646.27,17.85,GBP,3213.5
TXN_008535,2024-03-21 14:40:00,S004,P728,4,584.1,37.54,GBP,2298.86
TXN_008536,2024-03-26 09:28:00,S067,P846,5,747.64,0.69,EUR,3737.5099999999998
TXN_008537,2024-03-20 05:10:00,S023,P647,8,138.49,26.9,EUR,1081.02
TXN_008538,2024-03-02 21:13:00,S089,P247,5,274.66,22.47,GBP,1350.8300000000002
TXN_008539,2024-03-23 13:52:00,S073,P661,3,106.71,33.71,GBP,286.42
TXN_008540,2024-03-11 11:57:00,S089,P137,3,1378.35,1.99,GBP,4133.0599999999995
TXN_008541,2024-03-17 14:45:00,S030,P415,4,1336.71,37.03,USD,5309.81
TXN_008542,2024-03-07 00:40:00,S035,P632,5,316.76,17.73,GBP,1566.07
TXN_008543,2024-03-14 06:17:00,S032,P792,2,746.11,46.92,USD,1445.3
TXN_008544,2024-03-22 20:44:00,S057,P477,5,1405.19,39.1,GBP,6986.85
TXN_008545,2024-03-18 07:57:00,S016,P305,9,564.95,30.05,EUR,5054.5
TXN_008546,2024-03-11 07:57:00,S079,P207,8,337.72,49.03,GBP,2652.73
TXN_008547,2024-03-27 01:52:00,S032,P971,9,686.47,27.23,EUR,6151.000000000001
TXN_008548,2024-03-05 22:38:00,S032,P751,6,933.28,6.24,EUR,5593.4400000000005
TXN_008549,2024-03-21 01:29:00,S060,P324,4,1185.24,49.77,EUR,4691.19
TXN_008550,2024-03-03 06:54:00,S087,P121,4,365.48,23.14,EUR,1438.78
TXN_008551,2024-03-22 00:17:00,S054,P343,3,1416.9,4.87,GBP,4245.830000000001
TXN_008552,2024-03-24 01:00:00,S003,P625,2,109.42,12.59,EUR,206.25
TXN_008553,2024-03-15 18:10:00,S098,P629,6,1087.92,33.35,GBP,6494.17
TXN_008554,2024-03-07 07:31:00,S015,P292,2,1206.94,18.73,USD,2395.15
TXN_008555,2024-03-19 17:36:00,S058,P940,2,376.72,8.34,GBP,745.1
TXN_008556,2024-03-27 04:13:00,S046,P257,6,332.99,21.18,GBP,1976.76
TXN_008557,2024-03-13 19:55:00,S028,P720,6,909.22,33.8,GBP,5421.5199999999995
TXN_008558,2024-03-02 04:15:00,S081,P948,4,1127.95,16.65,GBP,4495.150000000001
TXN_008559,2024-03-20 17:32:00,S093,P719,2,847.74,23.15,GBP,1672.33
TXN_008560,2024-03-04 22:46:00,S003,P277,2,697.01,46.75,GBP,1347.27
TXN_008561,2024-03-26 06:37:00,S017,P131,5,1474.24,48.99,GBP,7322.21
TXN_008562,2024-03-10 18:32:00,S077,P689,4,271.98,26.88,USD,1061.04
TXN_008563,2024-03-21 18:31:00,S047,P855,8,210.54,28.46,EUR,1655.86
TXN_008564,2024-03-20 04:49:00,S057,P793,5,551.86,33.2,EUR,2726.1000000000004
TXN_008565,2024-03-19 14:30:00,S043,P520,1,575.15,29.25,GBP,545.9
TXN_008566,2024-03-25 23:13:00,S037,P074,8,252.85,26.0,USD,1996.8
TXN_008567,2024-03-20 04:54:00,S014,P379,8,875.06,23.34,GBP,6977.139999999999
TXN_008568,2024-03-15 08:40:00,S057,P683,6,1470.37,15.82,EUR,8806.4
TXN_008569,2024-03-07 14:37:00,S048,P075,2,977.61,14.5,GBP,1940.72
TXN_008570,2024-03-22 07:05:00,S016,P258,6,625.54,23.18,USD,3730.06
TXN_008571,2024-03-22 22:23:00,S074,P279,8,491.91,4.31,GBP,3930.9700000000003
TXN_008572,2024-03-30 15:39:00,S052,P151,5,704.05,7.83,GBP,3512.42
TXN_008573,2024-03-26 11:30:00,S074,P573,5,944.94,20.94,EUR,4703.760000000001
TXN_008574,2024-03-28 15:50:00,S051,P869,3,315.47,29.46,USD,916.95
TXN_008575,2024-03-09 05:52:00,S069,P694,4,1157.16,40.45,EUR,4588.1900000000005
TXN_008576,2024-03-11 07:08:00,S043,P471,3,842.43,19.14,EUR,2508.15
TXN_008577,2024-03-09 18:24:00,S050,P636,5,202.79,24.2,GBP,989.7499999999999
TXN_008578,2024-03-26 10:51:00,S011,P198,5,390.5,48.04,GBP,1904.46
TXN_008579,2024-03-12 14:18:00,S072,P1000,3,205.21,6.97,EUR,608.66
TXN_008580,2024-03-25 21:20:00,S043,P338,3,469.98,24.72,GBP,1385.22
TXN_008581,2024-03-24 19:01:00,S096,P504,6,1223.94,9.79,GBP,7333.85
TXN_008582,2024-03-19 12:22:00,S022,P290,6,93.44,18.97,USD,541.67
TXN_008583,2024-03-02 04:09:00,S013,P897,8,1281.86,19.48,GBP,10235.4
TXN_008584,2024-03-25 09:15:00,S068,P600,6,547.58,4.26,USD,3281.2200000000003
TXN_008585,2024-03-11 16:36:00,S088,P383,6,189.11,40.56,USD,1094.1000000000001
TXN_008586,2024-03-28 19:37:00,S078,P751,6,1189.0,23.69,GBP,7110.31
TXN_008587,2024-03-28 09:57:00,S031,P335,4,849.92,10.01,EUR,3389.6699999999996
TXN_008588,2024-03-18 05:38:00,S014,P928,3,899.6,32.86,EUR,2665.94
TXN_008589,2024-03-03 13:45:00,S067,P038,5,442.28,30.27,GBP,2181.1299999999997
TXN_008590,2024-03-07 03:53:00,S089,P962,5,1353.53,0.58,EUR,6767.07
TXN_008591,2024-03-17 22:44:00,S029,P825,2,1314.19,2.29,USD,2626.09
TXN_008592,2024-03-13 04:59:00,S090,P730,9,1075.84,5.47,EUR,9677.09
TXN_008593,2024-03-06 00:56:00,S067,P246,8,368.18,13.29,USD,2932.15
TXN_008594,2024-03-27 04:13:00,S100,P579,5,1011.3,30.08,EUR,5026.42
TXN_008595,2024-03-13 04:26:00,S020,P868,7,1376.76,27.58,EUR,9609.74
TXN_008596,2024-03-30 11:29:00,S028,P873,8,34.17,31.84,GBP,241.52
TXN_008597,2024-03-19 08:17:00,S007,P796,5,327.02,36.95,USD,1598.1499999999999
TXN_008598,2024-03-23 21:19:00,S060,P600,8,783.77,34.22,USD,6235.94
TXN_008599,2024-03-01 09:48:00,S018,P483,1,654.42,49.8,EUR,604.62
TXN_008600,2024-03-16 22:19:00,S008,P367,9,28.45,38.54,GBP,217.51000000000002
TXN_008601,2024-03-11 05:26:00,S019,P855,6,127.54,34.57,GBP,730.67
TXN_008602,2024-03-11 03:01:00,S057,P939,1,167.7,14.01,GBP,153.69
TXN_008603,2024-03-30 14:06:00,S052,P054,3,74.28,18.43,GBP,204.41
TXN_008604,2024-03-09 05:56:00,S051,P010,8,1081.58,3.75,EUR,8648.89
TXN_008605,2024-03-30 22:52:00,S006,P363,4,912.68,22.83,USD,3627.89
TXN_008606,2024-03-25 22:51:00,S084,P823,8,1091.12,13.13,GBP,8715.83
TXN_008607,2024-03-13 18:10:00,S090,P019,5,1024.24,42.22,EUR,5078.98
TXN_008608,2024-03-17 22:23:00,S036,P864,2,785.04,18.95,USD,1551.1299999999999
TXN_008609,2024-03-27 19:13:00,S076,P350,1,1251.02,18.24,EUR,1232.78
TXN_008610,2024-03-12 01:33:00,S089,P425,7,406.29,35.22,EUR,2808.8100000000004
TXN_008611,2024-03-26 01:54:00,S091,P800,3,632.12,17.84,USD,1878.5200000000002
TXN_008612,2024-03-25 19:33:00,S022,P260,8,629.14,36.96,EUR,4996.16
TXN_008613,2024-03-27 06:19:00,S059,P567,7,1257.44,37.62,USD,8764.46
TXN_008614,2024-03-18 10:04:00,S090,P166,4,1128.03,35.13,EUR,4476.99
TXN_008615,2024-03-10 07:48:00,S020,P932,4,56.61,7.22,EUR,219.22
TXN_008616,2024-03-26 20:40:00,S077,P869,9,1486.92,11.34,EUR,13370.94
TXN_008617,2024-03-18 04:28:00,S020,P619,2,65.27,40.14,USD,90.39999999999999
TXN_008618,2024-03-18 18:03:00,S082,P206,6,396.92,27.33,GBP,2354.19
TXN_008619,2024-03-30 17:38:00,S056,P327,9,876.91,19.7,EUR,7872.49
TXN_008620,2024-03-21 11:36:00,S022,P804,9,546.38,44.93,GBP,4872.49
TXN_008621,2024-03-13 20:37:00,S015,P711,3,327.95,46.71,GBP,937.1399999999999
TXN_008622,2024-03-14 03:01:00,S080,P607,2,1041.16,3.95,EUR,2078.3700000000003
TXN_008623,2024-03-12 01:17:00,S009,P974,4,1112.19,45.12,EUR,4403.64
TXN_008624,2024-03-18 03:08:00,S046,P876,6,214.85,26.86,GBP,1262.24
TXN_008625,2024-03-01 20:25:00,S023,P334,2,686.57,40.94,GBP,1332.2
TXN_008626,2024-03-06 03:57:00,S044,P306,6,970.21,12.98,EUR,5808.280000000001
TXN_008627,2024-03-30 14:08:00,S038,P504,2,396.39,25.04,EUR,767.74
TXN_008628,2024-03-26 07:21:00,S029,P919,2,901.13,29.55,EUR,1772.71
TXN_008629,2024-03-06 01:34:00,S066,P820,5,1156.01,47.83,GBP,5732.22
TXN_008630,2024-03-29 08:33:00,S084,P891,9,582.51,2.2,GBP,5240.39
TXN_008631,2024-03-05 18:43:00,S035,P390,2,1228.01,31.41,EUR,2424.61
TXN_008632,2024-03-11 21:34:00,S002,P893,4,786.51,41.62,EUR,3104.42
TXN_008633,2024-03-08 20:58:00,S019,P122,7,1290.54,25.49,GBP,9008.289999999999
TXN_008634,2024-03-22 15:50:00,S011,P773,1,1315.64,40.08,EUR,1275.5600000000002
TXN_008635,2024-03-22 00:57:00,S014,P033,3,1073.89,2.07,EUR,3219.6
TXN_008636,2024-03-09 21:56:00,S030,P194,5,1361.18,49.8,USD,6756.1
TXN_008637,2024-03-19 13:39:00,S092,P916,3,335.57,45.22,EUR,961.49
TXN_008638,2024-03-05 14:10:00,S047,P095,5,1449.61,22.56,GBP,7225.489999999999
TXN_008639,2024-03-06 06:44:00,S093,P894,9,1439.56,45.81,EUR,12910.23
TXN_008640,2024-03-29 00:26:00,S085,P782,1,375.43,3.5,GBP,371.93
TXN_008641,2024-03-22 08:57:00,S060,P980,7,126.54,11.66,GBP,874.1200000000001
TXN_008642,2024-03-10 00:26:00,S013,P397,8,1292.3,38.71,EUR,10299.69
TXN_008643,2024-03-23 12:14:00,S086,P973,9,1346.24,44.43,GBP,12071.73
TXN_008644,2024-03-02 15:35:00,S058,P593,7,905.61,21.95,USD,6317.320000000001
TXN_008645,2024-03-02 13:34:00,S039,P567,4,1334.38,11.9,EUR,5325.620000000001
TXN_008646,2024-03-07 13:05:00,S053,P718,6,447.43,33.39,EUR,2651.19
TXN_008647,2024-03-16 09:00:00,S055,P501,8,878.38,11.38,USD,7015.66
TXN_008648,2024-03-10 00:46:00,S086,P837,7,719.33,31.96,USD,5003.35
TXN_008649,2024-03-17 20:34:00,S090,P067,8,758.26,49.46,USD,6016.62
TXN_008650,2024-03-17 17:24:00,S010,P603,9,1476.32,9.61,EUR,13277.269999999999
TXN_008651,2024-03-15 01:37:00,S085,P614,5,885.43,5.19,GBP,4421.96
TXN_008652,2024-03-08 21:42:00,S076,P327,4,727.78,16.68,GBP,2894.44
TXN_008653,2024-03-13 01:00:00,S051,P171,8,420.17,5.35,EUR,3356.01
TXN_008654,2024-03-30 04:34:00,S022,P798,4,590.06,38.73,GBP,2321.5099999999998
TXN_008655,2024-03-04 21:10:00,S024,P332,1,1334.18,5.96,EUR,1328.22
TXN_008656,2024-03-17 15:50:00,S068,P116,8,1468.8,36.83,USD,11713.57
TXN_008657,2024-03-16 14:30:00,S094,P300,4,633.18,20.68,USD,2512.04
TXN_008658,2024-03-05 05:01:00,S068,P917,7,1289.66,36.02,GBP,8991.6
TXN_008659,2024-03-24 11:52:00,S023,P024,1,1196.97,34.59,GBP,1162.38
TXN_008660,2024-03-24 02:45:00,S083,P708,2,905.85,22.69,GBP,1789.01
TXN_008661,2024-03-22 06:37:00,S091,P356,7,1090.82,44.9,GBP,7590.84
TXN_008662,2024-03-16 12:53:00,S057,P489,6,192.15,43.1,EUR,1109.8000000000002
TXN_008663,2024-03-02 04:06:00,S022,P208,5,985.93,45.12,EUR,4884.53
TXN_008664,2024-03-03 01:16:00,S090,P175,2,572.72,20.56,GBP,1124.88
TXN_008665,2024-03-24 15:55:00,S010,P885,6,314.16,36.67,EUR,1848.29
TXN_008666,2024-03-18 19:35:00,S034,P845,5,588.08,16.85,USD,2923.55
TXN_008667,2024-03-24 02:35:00,S078,P738,7,664.93,19.2,EUR,4635.3099999999995
TXN_008668,2024-03-02 23:39:00,S065,P169,2,1298.73,41.0,USD,2556.46
TXN_008669,2024-03-06 04:53:00,S007,P079,8,195.15,26.91,EUR,1534.29
TXN_008670,2024-03-14 16:58:00,S024,P083,7,16.15,23.39,USD,89.65999999999998
TXN_008671,2024-03-21 17:53:00,S087,P589,6,1130.64,0.83,GBP,6783.01
TXN_008672,2024-03-24 13:10:00,S004,P242,5,1054.34,13.23,EUR,5258.47
TXN_008673,2024-03-11 08:13:00,S029,P248,6,1197.67,23.98,GBP,7162.040000000001
TXN_008674,2024-03-18 03:44:00,S012,P332,2,224.14,35.95,USD,412.33
TXN_008675,2024-03-17 09:19:00,S044,P908,5,167.73,38.68,EUR,799.97
TXN_008676,2024-03-11 23:56:00,S024,P909,9,796.43,38.58,EUR,7129.29
TXN_008677,2024-03-19 15:27:00,S099,P376,5,858.32,38.12,GBP,4253.4800000000005
TXN_008678,2024-03-18 09:55:00,S001,P275,3,198.41,39.98,GBP,555.25
TXN_008679,2024-03-13 15:36:00,S019,P269,4,341.69,15.96,EUR,1350.8
TXN_008680,2024-03-10 10:55:00,S039,P359,6,685.55,12.26,EUR,4101.039999999999
TXN_008681,2024-03-30 03:46:00,S090,P788,2,292.74,46.27,EUR,539.21
TXN_008682,2024-03-17 02:04:00,S060,P863,2,643.66,25.12,EUR,1262.2
TXN_008683,2024-03-16 21:24:00,S072,P131,5,401.48,6.87,GBP,2000.5300000000002
TXN_008684,2024-03-26 06:05:00,S039,P759,4,403.54,13.72,USD,1600.44
TXN_008685,2024-03-26 20:11:00,S042,P982,6,552.53,0.45,EUR,3314.73
TXN_008686,2024-03-22 04:23:00,S066,P963,8,487.87,39.9,GBP,3863.06
TXN_008687,2024-03-16 00:06:00,S029,P123,1,577.39,26.59,GBP,550.8
TXN_008688,2024-03-11 14:18:00,S055,P832,9,1330.02,44.94,GBP,11925.24
TXN_008689,2024-03-28 13:30:00,S016,P080,8,1052.84,47.19,USD,8375.529999999999
TXN_008690,2024-03-15 06:43:00,S058,P189,6,1438.26,48.59,GBP,8580.97
TXN_008691,2024-03-09 23:59:00,S001,P335,1,722.91,18.53,GBP,704.38
TXN_008692,2024-03-16 05:34:00,S045,P930,8,1063.67,29.3,EUR,8480.060000000001
TXN_008693,2024-03-18 00:02:00,S042,P424,9,193.33,36.69,GBP,1703.28
TXN_008694,2024-03-25 03:27:00,S056,P063,3,867.29,42.56,EUR,2559.31
TXN_008695,2024-03-30 06:20:00,S058,P746,8,705.16,43.83,USD,5597.45
TXN_008696,2024-03-01 17:20:00,S023,P112,2,471.24,13.44,EUR,929.04
TXN_008697,2024-03-28 10:49:00,S028,P906,8,896.27,49.01,GBP,7121.15
TXN_008698,2024-03-16 06:24:00,S048,P883,7,512.23,11.75,EUR,3573.86
TXN_008699,2024-03-11 15:01:00,S043,P172,8,494.71,31.21,USD,3926.47
TXN_008700,2024-03-12 19:09:00,S047,P767,5,1160.43,0.14,USD,5802.01
TXN_008701,2024-03-14 15:29:00,S059,P450,8,71.1,25.76,USD,543.04
TXN_008702,2024-03-20 18:50:00,S093,P694,4,661.77,5.24,EUR,2641.84
TXN_008703,2024-03-12 10:46:00,S081,P028,6,1240.59,17.17,GBP,7426.369999999999
TXN_008704,2024-03-22 16:45:00,S025,P728,3,843.31,28.03,USD,2501.8999999999996
TXN_008705,2024-03-23 02:18:00,S056,P626,7,891.89,42.59,EUR,6200.639999999999
TXN_008706,2024-03-05 12:46:00,S006,P105,2,1491.76,10.92,EUR,2972.6
TXN_008707,2024-03-19 09:57:00,S017,P365,6,998.29,20.61,USD,5969.13
TXN_008708,2024-03-11 11:07:00,S014,P185,5,402.56,38.27,GBP,1974.53
TXN_008709,2024-03-30 00:40:00,S044,P458,2,1127.55,26.27,USD,2228.83
TXN_008710,2024-03-23 01:01:00,S043,P748,4,1237.75,44.55,USD,4906.45
TXN_008711,2024-03-05 03:44:00,S098,P084,3,16.83,10.26,USD,40.23
TXN_008712,2024-03-29 22:29:00,S085,P180,9,688.97,47.11,USD,6153.620000000001
TXN_008713,2024-03-17 19:26:00,S074,P573,7,1092.64,36.92,EUR,7611.56
TXN_008714,2024-03-20 15:52:00,S092,P991,7,1002.38,44.7,USD,6971.96
TXN_008715,2024-03-14 09:12:00,S052,P883,9,1145.86,35.13,GBP,10277.61
TXN_008716,2024-03-18 21:45:00,S013,P353,9,651.11,1.41,GBP,5858.58
TXN_008717,2024-03-24 16:24:00,S023,P153,8,1174.37,28.86,GBP,9366.099999999999
TXN_008718,2024-03-04 15:00:00,S063,P400,5,886.83,4.08,USD,4430.070000000001
TXN_008719,2024-03-26 01:19:00,S073,P851,7,1306.96,3.7,EUR,9145.02
TXN_008720,2024-03-05 10:26:00,S016,P726,3,1322.69,3.36,USD,3964.71
TXN_008721,2024-03-02 15:26:00,S058,P383,4,1373.53,30.01,EUR,5464.11
TXN_008722,2024-03-18 13:51:00,S026,P902,4,1097.16,49.94,USD,4338.700000000001
TXN_008723,2024-03-07 04:15:00,S014,P720,7,947.53,14.69,EUR,6618.02
TXN_008724,2024-03-07 03:05:00,S038,P703,3,1319.74,30.6,EUR,3928.6200000000003
TXN_008725,2024-03-11 00:36:00,S011,P405,2,326.2,22.87,GBP,629.53
TXN_008726,2024-03-19 21:11:00,S082,P173,7,432.81,36.5,GBP,2993.17
TXN_008727,2024-03-29 05:36:00,S047,P476,9,852.02,14.98,USD,7653.200000000001
TXN_008728,2024-03-16 10:42:00,S047,P625,7,346.29,0.46,GBP,2423.57
TXN_008729,2024-03-18 12:47:00,S079,P008,5,44.57,45.67,USD,177.18
TXN_008730,2024-03-07 06:26:00,S088,P609,4,595.74,30.07,EUR,2352.89
TXN_008731,2024-03-23 15:53:00,S088,P529,4,485.49,8.81,GBP,1933.15
TXN_008732,2024-03-14 23:59:00,S036,P570,1,836.85,2.91,USD,833.94
TXN_008733,2024-03-16 01:28:00,S037,P769,5,751.5,49.61,EUR,3707.89
TXN_008734,2024-03-12 01:46:00,S050,P402,4,1324.2,20.58,EUR,5276.22
TXN_008735,2024-03-19 16:46:00,S088,P232,2,56.02,41.53,EUR,70.51
TXN_008736,2024-03-16 01:37:00,S084,P842,9,47.98,38.42,GBP,393.4
TXN_008737,2024-03-14 04:48:00,S046,P647,2,440.13,32.65,USD,847.61
TXN_008738,2024-03-14 19:35:00,S068,P475,4,694.66,31.78,GBP,2746.8599999999997
TXN_008739,2024-03-30 14:49:00,S082,P709,3,562.29,12.49,GBP,1674.3799999999999
TXN_008740,2024-03-02 11:25:00,S085,P553,3,49.65,34.16,GBP,114.78999999999999
TXN_008741,2024-03-13 01:16:00,S089,P624,9,847.33,1.82,EUR,7624.150000000001
TXN_008742,2024-03-13 15:37:00,S046,P502,6,632.08,18.0,GBP,3774.4800000000005
TXN_008743,2024-03-01 21:04:00,S099,P457,7,253.9,31.52,EUR,1745.78
TXN_008744,2024-03-27 17:11:00,S031,P593,8,1488.84,40.71,GBP,11870.01
TXN_008745,2024-03-03 17:48:00,S011,P471,3,1462.7,26.51,EUR,4361.59
TXN_008746,2024-03-07 05:09:00,S075,P673,6,1220.24,6.11,GBP,7315.330000000001
TXN_008747,2024-03-10 13:30:00,S019,P664,8,1471.87,27.69,EUR,11747.269999999999
TXN_008748,2024-03-06 07:27:00,S007,P556,9,805.38,6.63,EUR,7241.79
TXN_008749,2024-03-15 16:40:00,S082,P401,8,808.56,41.57,EUR,6426.91
TXN_008750,2024-03-03 18:29:00,S081,P189,9,76.64,41.71,EUR,648.05
TXN_008751,2024-03-18 20:20:00,S096,P765,9,479.86,25.95,EUR,4292.79
TXN_008752,2024-03-10 14:08:00,S061,P653,2,1057.12,13.22,EUR,2101.02
TXN_008753,2024-03-25 12:20:00,S038,P466,2,374.93,29.89,GBP,719.97
TXN_008754,2024-03-08 05:47:00,S059,P911,2,120.2,28.9,GBP,211.5
TXN_008755,2024-03-08 08:58:00,S056,P306,2,1339.98,0.87,GBP,2679.09
TXN_008756,2024-03-02 01:39:00,S096,P114,6,596.09,33.07,GBP,3543.47
TXN_008757,2024-03-22 12:32:00,S021,P418,6,224.6,4.11,EUR,1343.49
TXN_008758,2024-03-26 21:22:00,S032,P090,3,426.56,3.48,USD,1276.2
TXN_008759,2024-03-29 19:32:00,S017,P733,2,1483.79,31.17,USD,2936.41
TXN_008760,2024-03-08 23:53:00,S025,P699,3,1304.32,40.7,GBP,3872.26
TXN_008761,2024-03-03 02:01:00,S011,P246,6,1130.59,25.71,GBP,6757.829999999999
TXN_008762,2024-03-04 19:29:00,S056,P302,4,102.45,7.34,USD,402.46000000000004
TXN_008763,2024-03-21 12:51:00,S061,P727,6,1160.21,32.83,USD,6928.43
TXN_008764,2024-03-18 00:06:00,S088,P796,9,268.92,41.92,GBP,2378.36
TXN_008765,2024-03-15 16:49:00,S096,P689,2,765.35,24.73,GBP,1505.97
TXN_008766,2024-03-11 11:20:00,S061,P253,4,1001.36,49.89,EUR,3955.55
TXN_008767,2024-03-11 17:19:00,S070,P257,1,675.03,9.24,GBP,665.79
TXN_008768,2024-03-03 15:09:00,S036,P659,3,339.71,4.54,GBP,1014.5899999999999
TXN_008769,2024-03-16 18:43:00,S083,P201,6,1160.73,23.06,USD,6941.32
TXN_008770,2024-03-13 22:17:00,S094,P927,7,124.83,2.87,GBP,870.9399999999999
TXN_008771,2024-03-28 03:58:00,S062,P457,3,720.0,12.91,USD,2147.09
TXN_008772,2024-03-20 03:02:00,S027,P490,9,1175.22,4.04,GBP,10572.939999999999
TXN_008773,2024-03-01 05:21:00,S068,P524,7,1280.8,49.92,GBP,8915.68
TXN_008774,2024-03-22 15:43:00,S021,P685,3,1037.01,46.7,EUR,3064.33
TXN_008775,2024-03-08 00:14:00,S044,P806,4,179.97,43.89,USD,675.99
TXN_008776,2024-03-17 14:00:00,S058,P871,1,1457.06,33.0,USD,1424.06
TXN_008777,2024-03-26 17:53:00,S091,P348,9,571.09,34.0,GBP,5105.81
TXN_008778,2024-03-09 01:43:00,S027,P261,6,887.4,38.99,GBP,5285.41
TXN_008779,2024-03-24 07:39:00,S069,P406,6,460.94,6.34,EUR,2759.2999999999997
TXN_008780,2024-03-13 16:17:00,S085,P891,9,1252.24,40.79,GBP,11229.369999999999
TXN_008781,2024-03-06 21:27:00,S014,P748,3,446.11,0.7,EUR,1337.6299999999999
TXN_008782,2024-03-02 10:59:00,S005,P004,5,176.05,39.7,GBP,840.55
TXN_008783,2024-03-01 17:50:00,S060,P186,1,1325.34,23.51,EUR,1301.83
TXN_008784,2024-03-15 16:47:00,S014,P020,4,922.25,46.76,GBP,3642.24
TXN_008785,2024-03-19 00:15:00,S015,P064,2,1342.87,32.19,USD,2653.5499999999997
TXN_008786,2024-03-23 10:14:00,S048,P547,3,1116.76,10.43,GBP,3339.85
TXN_008787,2024-03-22 16:52:00,S097,P573,8,1192.13,25.21,USD,9511.830000000002
TXN_008788,2024-03-18 15:07:00,S012,P679,7,784.7,25.44,EUR,5467.460000000001
TXN_008789,2024-03-07 09:12:00,S053,P836,9,688.31,39.26,EUR,6155.529999999999
TXN_008790,2024-03-08 07:39:00,S083,P219,8,1109.45,22.67,GBP,8852.93
TXN_008791,2024-03-23 09:04:00,S074,P378,7,713.03,31.96,GBP,4959.25
TXN_008792,2024-03-04 12:50:00,S026,P342,3,132.98,17.74,GBP,381.19999999999993
TXN_008793,2024-03-01 18:32:00,S087,P498,9,913.5,14.04,GBP,8207.46
TXN_008794,2024-03-14 03:59:00,S067,P730,2,1391.62,6.27,EUR,2776.97
TXN_008795,2024-03-13 01:28:00,S051,P551,6,373.78,9.89,EUR,2232.79
TXN_008796,2024-03-22 09:35:00,S085,P887,9,339.09,49.3,USD,3002.5099999999998
TXN_008797,2024-03-12 13:57:00,S099,P282,9,396.33,44.65,EUR,3522.3199999999997
TXN_008798,2024-03-05 13:17:00,S052,P440,5,863.93,4.3,USD,4315.349999999999
TXN_008799,2024-03-06 11:26:00,S090,P621,7,891.77,44.14,GBP,6198.249999999999
TXN_008800,2024-03-25 10:08:00,S091,P298,5,357.03,44.31,GBP,1740.84
TXN_008801,2024-03-06 17:18:00,S030,P578,6,834.53,21.96,GBP,4985.22
TXN_008802,2024-03-14 11:50:00,S087,P060,9,547.45,34.87,GBP,4892.18
TXN_008803,2024-03-10 19:52:00,S045,P231,8,1118.81,17.79,GBP,8932.689999999999
TXN_008804,2024-03-11 06:39:00,S075,P056,9,1452.39,30.71,GBP,13040.800000000001
TXN_008805,2024-03-05 11:45:00,S089,P339,2,1059.73,34.81,USD,2084.65
TXN_008806,2024-03-09 10:38:00,S048,P180,6,841.53,2.04,EUR,5047.14
TXN_008807,2024-03-19 04:08:00,S099,P769,9,772.88,38.04,USD,6917.88
TXN_008808,2024-03-18 08:56:00,S015,P937,3,76.45,27.65,EUR,201.70000000000002
TXN_008809,2024-03-23 23:01:00,S085,P579,5,754.39,4.32,USD,3767.6299999999997
TXN_008810,2024-03-12 15:44:00,S067,P934,6,1160.23,2.91,GBP,6958.47
TXN_008811,2024-03-07 15:26:00,S085,P295,2,1365.49,23.87,USD,2707.11
TXN_008812,2024-03-15 16:20:00,S077,P305,7,751.24,0.49,GBP,5258.1900000000005
TXN_008813,2024-03-13 02:48:00,S026,P010,4,346.21,44.68,EUR,1340.1599999999999
TXN_008814,2024-03-06 01:18:00,S007,P759,1,1303.42,1.42,EUR,1302.0
TXN_008815,2024-03-01 03:44:00,S096,P439,2,167.67,24.39,GBP,310.95
TXN_008816,2024-03-09 14:46:00,S045,P492,7,935.63,49.47,GBP,6499.94
TXN_008817,2024-03-14 12:57:00,S070,P398,5,1271.8,7.42,GBP,6351.58
TXN_008818,2024-03-03 22:19:00,S026,P579,4,945.92,27.7,USD,3755.98
TXN_008819,2024-03-19 15:04:00,S049,P595,6,934.57,31.26,USD,5576.16
TXN_008820,2024-03-24 13:27:00,S045,P162,6,243.75,25.92,USD,1436.58
TXN_008821,2024-03-01 04:28:00,S075,P799,7,1011.94,3.29,EUR,7080.29
TXN_008822,2024-03-30 02:16:00,S095,P136,3,78.5,14.33,USD,221.17
TXN_008823,2024-03-22 22:49:00,S007,P800,4,763.25,34.78,GBP,3018.22
TXN_008824,2024-03-19 09:29:00,S057,P385,5,686.17,41.34,EUR,3389.5099999999998
TXN_008825,2024-03-03 19:17:00,S090,P505,1,1424.42,4.06,USD,1420.3600000000001
TXN_008826,2024-03-15 17:47:00,S089,P710,7,318.98,38.51,EUR,2194.35
TXN_008827,2024-03-09 07:37:00,S053,P271,7,1218.72,33.97,EUR,8497.070000000002
TXN_008828,2024-03-03 17:59:00,S094,P1000,4,174.1,1.31,GBP,695.09
TXN_008829,2024-03-24 18:39:00,S034,P090,5,20.1,24.53,USD,75.97
TXN_008830,2024-03-14 00:42:00,S007,P569,1,1297.55,4.55,EUR,1293.0
TXN_008831,2024-03-13 03:17:00,S003,P303,2,1418.22,15.67,GBP,2820.77
TXN_008832,2024-03-29 01:21:00,S099,P776,8,1461.05,21.37,EUR,11667.029999999999
TXN_008833,2024-03-18 20:33:00,S018,P232,5,399.35,27.3,GBP,1969.45
TXN_008834,2024-03-02 10:52:00,S030,P398,3,1042.07,6.84,EUR,3119.37
TXN_008835,2024-03-14 19:26:00,S036,P135,5,1412.69,14.24,USD,7049.210000000001
TXN_008836,2024-03-24 07:53:00,S050,P078,2,1366.19,18.81,GBP,2713.57
TXN_008837,2024-03-18 12:32:00,S060,P283,4,960.63,6.12,EUR,3836.4
TXN_008838,2024-03-21 09:23:00,S091,P567,3,125.85,23.3,EUR,354.24999999999994
TXN_008839,2024-03-12 15:36:00,S016,P606,7,882.32,34.06,USD,6142.18
TXN_008840,2024-03-06 23:21:00,S070,P457,6,1163.44,45.15,EUR,6935.490000000001
TXN_008841,2024-03-11 18:50:00,S046,P454,7,331.53,5.82,USD,2314.89
TXN_008842,2024-03-16 17:57:00,S007,P987,6,1317.08,37.15,EUR,7865.33
TXN_008843,2024-03-06 23:02:00,S001,P048,5,613.93,24.91,EUR,3044.74
TXN_008844,2024-03-30 11:00:00,S072,P322,7,885.68,31.4,EUR,6168.36
TXN_008845,2024-03-06 20:28:00,S091,P857,4,830.15,9.48,USD,3311.12
TXN_008846,2024-03-05 05:08:00,S100,P082,9,1478.68,47.07,GBP,13261.050000000001
TXN_008847,2024-03-05 09:58:00,S065,P358,3,394.88,16.87,GBP,1167.77
TXN_008848,2024-03-19 10:10:00,S014,P766,3,864.77,46.47,USD,2547.84
TXN_008849,2024-03-03 05:55:00,S026,P590,1,845.89,19.95,USD,825.9399999999999
TXN_008850,2024-03-23 12:28:00,S019,P822,9,1001.78,18.87,EUR,8997.15
TXN_008851,2024-03-10 08:23:00,S021,P143,9,1480.07,24.57,EUR,13296.06
TXN_008852,2024-03-20 23:50:00,S091,P985,4,364.33,14.87,EUR,1442.45
TXN_008853,2024-03-10 06:51:00,S085,P265,5,1343.35,25.63,GBP,6691.12
TXN_008854,2024-03-13 11:41:00,S035,P145,4,330.42,24.32,GBP,1297.3600000000001
TXN_008855,2024-03-05 03:48:00,S094,P799,8,1385.1,1.29,USD,11079.509999999998
TXN_008856,2024-03-09 07:03:00,S092,P310,3,764.22,2.16,USD,2290.5
TXN_008857,2024-03-29 16:07:00,S072,P876,3,352.2,27.68,USD,1028.9199999999998
TXN_008858,2024-03-15 09:24:00,S081,P081,1,166.15,25.69,GBP,140.46
TXN_008859,2024-03-01 15:45:00,S072,P777,5,1138.66,9.05,USD,5684.25
TXN_008860,2024-03-19 10:52:00,S082,P329,2,425.46,21.82,GBP,829.0999999999999
TXN_008861,2024-03-13 22:55:00,S057,P809,8,665.76,24.7,USD,5301.38
TXN_008862,2024-03-19 12:43:00,S029,P701,7,782.09,35.56,GBP,5439.07
TXN_008863,2024-03-01 05:41:00,S001,P045,2,177.81,12.75,EUR,342.87
TXN_008864,2024-03-14 00:36:00,S094,P429,8,1239.54,21.01,EUR,9895.31
TXN_008865,2024-03-07 07:07:00,S084,P379,1,354.8,38.63,EUR,316.17
TXN_008866,2024-03-18 13:31:00,S026,P001,7,934.98,26.13,GBP,6518.7300000000005
TXN_008867,2024-03-03 14:39:00,S021,P672,1,907.24,25.68,USD,881.5600000000001
TXN_008868,2024-03-08 20:18:00,S027,P129,2,626.26,43.87,EUR,1208.65
TXN_008869,2024-03-20 07:20:00,S011,P846,9,1452.58,25.8,USD,13047.42
TXN_008870,2024-03-27 05:50:00,S057,P161,6,463.98,41.71,GBP,2742.17
TXN_008871,2024-03-17 01:28:00,S070,P447,7,219.62,2.53,USD,1534.8100000000002
TXN_008872,2024-03-08 04:33:00,S002,P158,5,1101.36,13.55,EUR,5493.249999999999
TXN_008873,2024-03-18 20:24:00,S094,P860,2,1065.89,27.6,EUR,2104.1800000000003
TXN_008874,2024-03-21 06:58:00,S030,P511,6,15.63,9.1,EUR,84.68
TXN_008875,2024-03-07 12:18:00,S076,P163,9,848.11,22.28,EUR,7610.71
TXN_008876,2024-03-11 01:44:00,S039,P449,2,283.5,21.23,EUR,545.77
TXN_008877,2024-03-05 05:15:00,S016,P088,6,594.04,29.38,USD,3534.8599999999997
TXN_008878,2024-03-22 21:09:00,S052,P216,9,884.29,49.17,EUR,7909.44
TXN_008879,2024-03-03 11:33:00,S010,P011,5,1059.87,21.62,GBP,5277.73
TXN_008880,2024-03-06 02:29:00,S100,P831,3,633.5,32.68,EUR,1867.82
TXN_008881,2024-03-11 15:16:00,S021,P704,4,1296.45,20.52,USD,5165.28
TXN_008882,2024-03-22 19:18:00,S086,P756,2,220.0,19.88,GBP,420.12
TXN_008883,2024-03-08 09:27:00,S036,P910,7,692.52,43.45,USD,4804.19
TXN_008884,2024-03-16 18:07:00,S038,P619,7,554.96,40.25,GBP,3844.4700000000003
TXN_008885,2024-03-04 11:55:00,S032,P652,3,1056.47,38.47,GBP,3130.94
TXN_008886,2024-03-26 09:49:00,S066,P599,3,1148.81,25.42,GBP,3421.0099999999998
TXN_008887,2024-03-06 13:15:00,S009,P975,5,338.55,40.08,USD,1652.67
TXN_008888,2024-03-11 00:19:00,S066,P748,2,1464.02,49.4,EUR,2878.64
TXN_008889,2024-03-13 02:16:00,S028,P260,6,325.15,12.76,GBP,1938.1399999999999
TXN_008890,2024-03-15 15:07:00,S034,P283,4,1038.53,12.9,EUR,4141.22
TXN_008891,2024-03-01 02:20:00,S003,P217,4,1383.79,12.33,GBP,5522.83
TXN_008892,2024-03-11 01:51:00,S064,P429,1,41.81,26.54,EUR,15.270000000000003
TXN_008893,2024-03-23 21:59:00,S025,P265,9,63.18,0.96,EUR,567.66
TXN_008894,2024-03-22 21:51:00,S052,P141,3,1367.73,23.48,GBP,4079.7100000000005
TXN_008895,2024-03-27 21:47:00,S047,P097,5,242.53,11.39,USD,1201.26
TXN_008896,2024-03-04 05:32:00,S017,P543,6,1423.65,2.9,USD,8539.000000000002
TXN_008897,2024-03-28 04:04:00,S062,P444,2,610.21,48.64,EUR,1171.78
TXN_008898,2024-03-15 19:13:00,S073,P751,4,1098.59,47.66,EUR,4346.7
TXN_008899,2024-03-28 13:59:00,S038,P491,9,391.28,25.17,GBP,3496.3499999999995
TXN_008900,2024-03-12 12:11:00,S069,P408,9,361.39,0.16,EUR,3252.35
TXN_008901,2024-03-20 08:58:00,S057,P632,4,175.7,31.59,GBP,671.2099999999999
TXN_008902,2024-03-14 18:09:00,S087,P093,6,892.86,19.64,GBP,5337.5199999999995
TXN_008903,2024-03-22 02:34:00,S045,P413,3,987.72,14.67,GBP,2948.49
TXN_008904,2024-03-12 13:03:00,S044,P341,2,1043.28,11.78,EUR,2074.7799999999997
TXN_008905,2024-03-10 20:26:00,S040,P328,1,344.72,3.39,EUR,341.33000000000004
TXN_008906,2024-03-16 02:31:00,S099,P334,6,941.06,42.88,GBP,5603.48
TXN_008907,2024-03-25 00:52:00,S093,P322,1,1040.86,39.67,USD,1001.1899999999999
TXN_008908,2024-03-29 00:05:00,S084,P503,7,287.2,48.38,GBP,1962.0199999999998
TXN_008909,2024-03-04 14:14:00,S031,P874,4,321.79,46.79,USD,1240.3700000000001
TXN_008910,2024-03-16 20:31:00,S065,P928,3,648.85,39.41,EUR,1907.14
TXN_008911,2024-03-19 23:41:00,S009,P291,6,469.77,18.54,EUR,2800.08
TXN_008912,2024-03-08 07:43:00,S055,P938,4,17.87,8.87,GBP,62.61000000000001
TXN_008913,2024-03-13 00:31:00,S007,P691,7,727.23,0.94,EUR,5089.670000000001
TXN_008914,2024-03-24 19:08:00,S021,P236,9,522.89,34.75,EUR,4671.26
TXN_008915,2024-03-28 02:06:00,S095,P337,4,664.92,34.85,USD,2624.83
TXN_008916,2024-03-26 22:03:00,S087,P643,1,702.35,2.21,USD,700.14
TXN_008917,2024-03-03 10:04:00,S086,P986,2,302.42,26.08,USD,578.76
TXN_008918,2024-03-19 16:31:00,S030,P759,3,42.32,26.74,EUR,100.22000000000001
TXN_008919,2024-03-24 08:00:00,S040,P018,4,228.65,4.32,USD,910.28
TXN_008920,2024-03-13 23:53:00,S027,P983,1,1025.48,6.33,USD,1019.15
TXN_008921,2024-03-28 11:11:00,S076,P953,1,1424.0,23.67,GBP,1400.33
TXN_008922,2024-03-16 16:27:00,S011,P686,4,1370.67,13.46,USD,5469.22
TXN_008923,2024-03-03 01:28:00,S081,P280,7,418.35,6.3,GBP,2922.15
TXN_008924,2024-03-08 04:39:00,S054,P188,7,726.27,29.61,USD,5054.28
TXN_008925,2024-03-11 00:40:00,S017,P210,6,937.55,0.41,USD,5624.889999999999
TXN_008926,2024-03-29 14:43:00,S097,P895,8,958.08,4.83,GBP,7659.81
TXN_008927,2024-03-04 05:35:00,S067,P823,7,1232.5,27.27,EUR,8600.23
TXN_008928,2024-03-09 20:38:00,S078,P492,2,962.21,26.16,EUR,1898.26
TXN_008929,2024-03-03 21:18:00,S080,P472,7,1331.71,1.0,USD,9320.970000000001
TXN_008930,2024-03-17 17:16:00,S031,P858,1,620.94,6.4,USD,614.5400000000001
TXN_008931,2024-03-10 03:26:00,S062,P663,1,1327.64,21.42,EUR,1306.22
TXN_008932,2024-03-05 09:52:00,S075,P397,4,177.58,27.85,USD,682.47
TXN_008933,2024-03-11 03:45:00,S024,P749,7,1385.67,26.78,EUR,9672.91
TXN_008934,2024-03-11 20:17:00,S089,P252,6,1041.24,12.51,EUR,6234.93
TXN_008935,2024-03-16 07:11:00,S053,P043,7,258.78,13.32,EUR,1798.1399999999999
TXN_008936,2024-03-08 22:19:00,S061,P362,8,1331.68,47.52,GBP,10605.92
TXN_008937,2024-03-28 23:19:00,S043,P750,1,1082.89,29.86,GBP,1053.0300000000002
TXN_008938,2024-03-29 22:54:00,S016,P862,2,1120.71,13.8,USD,2227.62
TXN_008939,2024-03-08 10:17:00,S064,P779,7,928.97,35.95,USD,6466.84
TXN_008940,2024-03-28 01:09:00,S032,P320,5,1183.65,9.22,EUR,5909.03
TXN_008941,2024-03-21 16:23:00,S016,P628,5,968.36,18.81,EUR,4822.99
TXN_008942,2024-03-02 11:56:00,S070,P673,4,670.24,21.75,EUR,2659.21
TXN_008943,2024-03-03 10:57:00,S086,P240,1,1402.42,42.78,USD,1359.64
TXN_008944,2024-03-04 07:02:00,S084,P656,1,283.36,33.07,GBP,250.29000000000002
TXN_008945,2024-03-17 09:05:00,S014,P796,8,766.42,2.75,USD,6128.61
TXN_008946,2024-03-28 20:51:00,S100,P859,2,1327.54,32.05,GBP,2623.0299999999997
TXN_008947,2024-03-26 10:22:00,S041,P588,6,135.82,9.27,USD,805.65
TXN_008948,2024-03-22 21:01:00,S040,P244,4,212.64,14.83,GBP,835.7299999999999
TXN_008949,2024-03-11 16:52:00,S092,P079,4,214.27,24.54,EUR,832.5400000000001
TXN_008950,2024-03-22 19:28:00,S002,P240,8,1203.75,36.65,USD,9593.35
TXN_008951,2024-03-02 01:28:00,S013,P923,2,401.76,37.22,USD,766.3
TXN_008952,2024-03-17 20:21:00,S059,P350,6,817.47,44.34,GBP,4860.48
TXN_008953,2024-03-03 03:53:00,S044,P816,9,1409.18,27.0,USD,12655.62
TXN_008954,2024-03-10 09:27:00,S034,P341,5,1328.18,14.97,USD,6625.93
TXN_008955,2024-03-02 13:19:00,S006,P326,7,107.48,22.37,GBP,729.99
TXN_008956,2024-03-28 17:51:00,S042,P174,9,164.12,39.05,USD,1438.03
TXN_008957,2024-03-30 22:26:00,S054,P396,8,817.63,25.25,EUR,6515.79
TXN_008958,2024-03-12 16:30:00,S087,P075,6,14.05,21.99,EUR,62.31000000000002
TXN_008959,2024-03-29 08:48:00,S071,P053,1,477.64,40.55,GBP,437.09
TXN_008960,2024-03-13 05:07:00,S081,P354,6,540.35,30.43,GBP,3211.6700000000005
TXN_008961,2024-03-04 03:33:00,S027,P392,3,876.51,29.02,GBP,2600.5099999999998
TXN_008962,2024-03-03 01:18:00,S087,P909,1,41.94,36.08,EUR,5.859999999999999
TXN_008963,2024-03-08 15:58:00,S066,P347,1,216.48,25.52,USD,190.95999999999998
TXN_008964,2024-03-26 03:44:00,S004,P959,8,804.26,19.9,EUR,6414.18
TXN_008965,2024-03-08 10:47:00,S029,P742,2,172.1,4.95,USD,339.25
TXN_008966,2024-03-07 05:30:00,S065,P647,5,790.03,7.25,EUR,3942.8999999999996
TXN_008967,2024-03-09 05:38:00,S020,P685,4,857.26,41.44,EUR,3387.6
TXN_008968,2024-03-17 01:12:00,S075,P634,8,581.05,9.22,GBP,4639.179999999999
TXN_008969,2024-03-10 07:02:00,S082,P738,4,432.27,26.51,EUR,1702.57
TXN_008970,2024-03-23 02:33:00,S033,P121,9,454.22,3.9,USD,4084.0800000000004
TXN_008971,2024-03-04 16:48:00,S078,P415,5,808.41,34.65,EUR,4007.3999999999996
TXN_008972,2024-03-21 18:03:00,S007,P421,1,1438.01,11.75,EUR,1426.26
TXN_008973,2024-03-05 09:55:00,S011,P377,2,1056.28,12.25,EUR,2100.31
TXN_008974,2024-03-11 08:01:00,S062,P334,6,945.54,48.76,USD,5624.48
TXN_008975,2024-03-11 21:28:00,S058,P834,3,1182.9,49.31,USD,3499.3900000000003
TXN_008976,2024-03-07 06:42:00,S049,P673,4,326.55,46.38,USD,1259.82
TXN_008977,2024-03-27 12:32:00,S073,P180,7,1147.12,43.02,USD,7986.819999999999
TXN_008978,2024-03-24 08:00:00,S049,P955,8,1204.82,42.6,GBP,9595.96
TXN_008979,2024-03-26 19:41:00,S089,P764,8,532.81,22.11,USD,4240.37
TXN_008980,2024-03-26 01:48:00,S038,P445,5,459.82,49.7,USD,2249.4
TXN_008981,2024-03-14 08:09:00,S001,P183,4,1148.18,19.55,USD,4573.17
TXN_008982,2024-03-06 16:24:00,S050,P199,4,353.48,9.88,GBP,1404.04
TXN_008983,2024-03-01 13:03:00,S047,P609,6,1358.41,44.95,GBP,8105.510000000001
TXN_008984,2024-03-20 00:36:00,S046,P036,2,1316.45,43.98,GBP,2588.92
TXN_008985,2024-03-23 01:27:00,S004,P727,9,504.15,27.04,GBP,4510.3099999999995
TXN_008986,2024-03-26 09:45:00,S037,P612,5,1233.31,20.77,USD,6145.779999999999
TXN_008987,2024-03-12 13:22:00,S097,P318,6,754.88,21.01,EUR,4508.2699999999995
TXN_008988,2024-03-12 07:17:00,S043,P779,4,751.73,15.43,USD,2991.4900000000002
TXN_008989,2024-03-26 11:03:00,S007,P771,6,1349.31,2.95,USD,8092.91
TXN_008990,2024-03-30 01:59:00,S063,P006,3,546.42,33.07,GBP,1606.1899999999998
TXN_008991,2024-03-19 05:12:00,S048,P968,2,724.66,33.48,EUR,1415.84
TXN_008992,2024-03-02 01:16:00,S074,P486,2,157.01,20.44,USD,293.58
TXN_008993,2024-03-09 11:33:00,S032,P830,3,1052.61,7.34,USD,3150.49
TXN_008994,2024-03-05 00:34:00,S079,P437,8,816.69,42.73,GBP,6490.790000000001
TXN_008995,2024-03-16 04:18:00,S067,P517,5,70.62,6.18,EUR,346.92
TXN_008996,2024-03-08 11:49:00,S019,P445,7,367.95,12.23,EUR,2563.42
TXN_008997,2024-03-03 03:23:00,S011,P276,4,587.98,47.4,EUR,2304.52
TXN_008998,2024-03-18 10:02:00,S074,P105,4,950.64,36.29,GBP,3766.27
TXN_008999,2024-03-26 09:49:00,S065,P247,3,908.2,6.36,GBP,2718.2400000000002
TXN_009000,2024-03-02 17:44:00,S050,P807,6,731.53,26.55,USD,4362.63
TXN_009001,2024-03-19 22:25:00,S011,P671,9,1099.83,47.95,EUR,9850.519999999999
TXN_009002,2024-03-01 12:53:00,S025,P907,5,761.66,33.59,USD,3774.7099999999996
TXN_009003,2024-03-26 19:44:00,S097,P535,8,334.2,34.65,USD,2638.95
TXN_009004,2024-03-25 07:17:00,S044,P796,6,820.22,39.89,EUR,4881.429999999999
TXN_009005,2024-03-17 15:50:00,S020,P283,2,411.53,47.94,GBP,775.1199999999999
TXN_009006,2024-03-20 00:59:00,S050,P838,6,65.57,7.46,EUR,385.96
TXN_009007,2024-03-29 07:16:00,S031,P843,6,894.83,11.38,GBP,5357.6
TXN_009008,2024-03-20 22:45:00,S029,P077,6,763.56,19.82,EUR,4561.54
TXN_009009,2024-03-26 09:24:00,S052,P756,4,456.67,44.44,GBP,1782.24
TXN_009010,2024-03-17 14:02:00,S053,P828,6,614.49,26.03,EUR,3660.91
TXN_009011,2024-03-14 13:15:00,S091,P115,8,93.15,48.73,USD,696.47
TXN_009012,2024-03-05 21:16:00,S077,P643,5,654.75,1.6,GBP,3272.15
TXN_009013,2024-03-30 00:00:00,S053,P423,1,1258.44,0.61,USD,1257.8300000000002
TXN_009014,2024-03-11 17:14:00,S012,P728,9,541.36,25.55,USD,4846.69
TXN_009015,2024-03-17 20:13:00,S093,P854,7,1449.82,26.53,EUR,10122.21
TXN_009016,2024-03-01 11:31:00,S011,P659,3,570.03,14.01,USD,1696.08
TXN_009017,2024-03-20 16:39:00,S061,P339,5,821.7,27.62,EUR,4080.88
TXN_009018,2024-03-06 02:45:00,S037,P435,9,439.92,9.6,GBP,3949.6800000000003
TXN_009019,2024-03-05 01:19:00,S080,P344,8,288.2,7.36,EUR,2298.24
TXN_009020,2024-03-04 12:01:00,S026,P334,2,222.73,41.49,USD,403.96999999999997
TXN_009021,2024-03-11 05:56:00,S021,P270,1,542.28,39.95,EUR,502.33
TXN_009022,2024-03-18 05:24:00,S012,P680,7,959.45,26.11,GBP,6690.040000000001
TXN_009023,2024-03-20 22:39:00,S001,P799,5,1021.85,18.81,USD,5090.44
TXN_009024,2024-03-23 21:46:00,S041,P917,4,1492.19,26.97,USD,5941.79
TXN_009025,2024-03-26 02:51:00,S047,P690,9,1416.05,23.47,USD,12720.98
TXN_009026,2024-03-08 02:21:00,S001,P475,7,787.89,45.26,GBP,5469.969999999999
TXN_009027,2024-03-19 23:15:00,S025,P178,9,1306.85,10.11,GBP,11751.539999999999
TXN_009028,2024-03-03 04:06:00,S007,P025,8,1179.27,26.58,GBP,9407.58
TXN_009029,2024-03-28 00:14:00,S022,P773,2,65.11,35.83,USD,94.39
TXN_009030,2024-03-06 09:24:00,S028,P637,1,360.23,1.59,USD,358.64000000000004
TXN_009031,2024-03-27 04:57:00,S052,P720,2,178.32,41.37,EUR,315.27
TXN_009032,2024-03-20 07:56:00,S033,P648,2,932.11,12.89,USD,1851.33
TXN_009033,2024-03-06 18:20:00,S007,P499,4,1073.12,10.46,EUR,4282.0199999999995
TXN_009034,2024-03-11 11:33:00,S060,P801,6,1061.8,27.16,USD,6343.639999999999
TXN_009035,2024-03-27 11:45:00,S026,P736,5,552.77,5.09,EUR,2758.7599999999998
TXN_009036,2024-03-08 17:51:00,S050,P952,6,223.09,49.81,USD,1288.73
TXN_009037,2024-03-01 19:04:00,S014,P210,7,456.98,48.72,USD,3150.1400000000003
TXN_009038,2024-03-22 23:17:00,S097,P782,9,402.36,45.85,EUR,3575.3900000000003
TXN_009039,2024-03-12 06:52:00,S079,P241,6,302.3,18.57,GBP,1795.2300000000002
TXN_009040,2024-03-29 16:13:00,S073,P479,9,772.3,22.23,USD,6928.47
TXN_009041,2024-03-15 06:28:00,S065,P450,4,275.16,47.59,EUR,1053.0500000000002
TXN_009042,2024-03-16 08:39:00,S007,P609,1,736.47,13.18,USD,723.2900000000001
TXN_009043,2024-03-03 08:46:00,S072,P011,4,1289.59,39.57,EUR,5118.79
TXN_009044,2024-03-17 21:30:00,S020,P362,7,1092.33,4.38,GBP,7641.929999999999
TXN_009045,2024-03-05 19:19:00,S031,P750,4,389.08,48.44,GBP,1507.8799999999999
TXN_009046,2024-03-18 14:57:00,S003,P887,7,870.9,34.14,EUR,6062.16
TXN_009047,2024-03-26 02:05:00,S088,P681,7,175.38,21.92,USD,1205.7399999999998
TXN_009048,2024-03-27 03:55:00,S089,P213,8,196.58,5.2,GBP,1567.44
TXN_009049,2024-03-17 07:24:00,S016,P449,2,667.6,6.42,EUR,1328.78
TXN_009050,2024-03-11 01:01:00,S003,P074,9,544.65,43.25,EUR,4858.599999999999
TXN_009051,2024-03-15 01:57:00,S091,P229,5,1400.77,12.49,EUR,6991.360000000001
TXN_009052,2024-03-02 00:33:00,S078,P779,1,403.25,6.36,GBP,396.89
TXN_009053,2024-03-09 06:22:00,S025,P928,9,390.19,12.7,EUR,3499.01
TXN_009054,2024-03-30 07:04:00,S078,P022,9,1396.1,10.26,GBP,12554.64
TXN_009055,2024-03-24 11:24:00,S007,P552,2,405.24,43.87,USD,766.61
TXN_009056,2024-03-20 23:40:00,S017,P548,8,1396.72,31.32,EUR,11142.44
TXN_009057,2024-03-18 22:15:00,S087,P427,3,758.06,23.37,USD,2250.81
TXN_009058,2024-03-03 02:28:00,S057,P210,8,253.81,22.34,EUR,2008.14
TXN_009059,2024-03-11 03:44:00,S075,P638,7,753.59,38.71,EUR,5236.42
TXN_009060,2024-03-28 00:09:00,S059,P311,8,426.69,0.76,GBP,3412.7599999999998
TXN_009061,2024-03-11 15:35:00,S079,P602,7,361.94,15.0,USD,2518.58
TXN_009062,2024-03-21 06:30:00,S009,P880,7,221.17,36.49,GBP,1511.6999999999998
TXN_009063,2024-03-10 05:20:00,S093,P344,2,906.14,17.34,EUR,1794.94
TXN_009064,2024-03-14 13:25:00,S092,P332,8,511.57,42.12,EUR,4050.44
TXN_009065,2024-03-23 21:45:00,S067,P390,8,960.72,48.85,EUR,7636.91
TXN_009066,2024-03-08 03:05:00,S033,P261,4,1276.82,40.82,USD,5066.46
TXN_009067,2024-03-04 03:17:00,S089,P926,3,684.42,23.19,GBP,2030.0699999999997
TXN_009068,2024-03-20 16:10:00,S074,P430,5,1260.5,32.42,USD,6270.08
TXN_009069,2024-03-28 22:25:00,S025,P026,3,1035.39,34.31,EUR,3071.86
TXN_009070,2024-03-01 06:43:00,S007,P712,4,523.14,47.48,EUR,2045.08
TXN_009071,2024-03-21 13:30:00,S039,P871,5,1288.77,43.38,EUR,6400.47
TXN_009072,2024-03-12 11:59:00,S021,P188,1,1026.25,31.78,EUR,994.47
TXN_009073,2024-03-07 02:00:00,S060,P394,5,812.91,7.85,GBP,4056.7
TXN_009074,2024-03-19 18:27:00,S099,P515,6,1099.36,45.25,USD,6550.91
TXN_009075,2024-03-05 15:14:00,S029,P686,1,143.96,18.75,GBP,125.21000000000001
TXN_009076,2024-03-19 04:45:00,S006,P720,9,249.05,12.71,GBP,2228.7400000000002
TXN_009077,2024-03-15 03:51:00,S043,P677,4,438.87,37.9,USD,1717.58
TXN_009078,2024-03-05 06:20:00,S060,P003,6,448.46,2.75,GBP,2688.0099999999998
TXN_009079,2024-03-03 21:08:00,S012,P061,2,377.39,7.49,USD,747.29
TXN_009080,2024-03-16 18:37:00,S001,P242,8,1041.03,3.78,GBP,8324.46
TXN_009081,2024-03-28 02:50:00,S028,P755,7,1286.45,45.03,USD,8960.119999999999
TXN_009082,2024-03-28 13:23:00,S009,P990,6,1349.24,18.05,GBP,8077.39
TXN_009083,2024-03-07 17:26:00,S098,P053,6,555.37,16.8,USD,3315.42
TXN_009084,2024-03-19 07:41:00,S064,P493,9,713.22,4.61,EUR,6414.370000000001
TXN_009085,2024-03-20 07:00:00,S045,P615,2,395.07,16.46,GBP,773.68
TXN_009086,2024-03-15 00:17:00,S021,P513,2,608.78,11.27,USD,1206.29
TXN_009087,2024-03-03 14:18:00,S059,P913,2,1220.94,16.76,GBP,2425.12
TXN_009088,2024-03-24 13:15:00,S085,P799,5,910.18,21.06,USD,4529.839999999999
TXN_009089,2024-03-08 16:38:00,S072,P250,8,1408.88,22.53,EUR,11248.51
TXN_009090,2024-03-19 05:53:00,S089,P586,4,957.23,30.68,GBP,3798.2400000000002
TXN_009091,2024-03-22 00:51:00,S023,P269,6,121.94,26.8,EUR,704.84
TXN_009092,2024-03-01 02:22:00,S100,P728,4,511.33,42.41,EUR,2002.9099999999999
TXN_009093,2024-03-01 08:26:00,S018,P785,3,216.19,15.98,GBP,632.5899999999999
TXN_009094,2024-03-09 07:18:00,S086,P446,5,417.17,47.09,EUR,2038.76
TXN_009095,2024-03-23 14:34:00,S016,P822,7,102.17,12.68,USD,702.5100000000001
TXN_009096,2024-03-21 14:27:00,S099,P732,5,989.54,2.46,USD,4945.24
TXN_009097,2024-03-10 02:20:00,S012,P242,1,436.62,42.59,GBP,394.03
TXN_009098,2024-03-01 04:11:00,S091,P659,7,1031.39,30.0,USD,7189.7300000000005
TXN_009099,2024-03-23 17:56:00,S080,P912,2,570.63,32.62,GBP,1108.64
TXN_009100,2024-03-18 15:10:00,S080,P859,6,1298.28,13.62,GBP,7776.06
TXN_009101,2024-03-13 04:39:00,S079,P783,4,388.34,27.94,GBP,1525.4199999999998
TXN_009102,2024-03-18 04:12:00,S068,P309,6,551.45,29.75,GBP,3278.9500000000003
TXN_009103,2024-03-17 09:15:00,S069,P843,3,48.28,30.39,USD,114.45
TXN_009104,2024-03-04 13:42:00,S051,P814,8,988.4,20.62,USD,7886.58
TXN_009105,2024-03-23 04:14:00,S055,P856,9,738.6,30.17,USD,6617.2300000000005
TXN_009106,2024-03-02 01:28:00,S045,P984,2,1370.98,16.29,EUR,2725.67
TXN_009107,2024-03-03 06:43:00,S012,P678,2,649.43,30.05,USD,1268.81
TXN_009108,2024-03-05 02:01:00,S081,P838,6,273.8,3.36,EUR,1639.4400000000003
TXN_009109,2024-03-16 14:12:00,S075,P868,4,784.5,23.79,USD,3114.21
TXN_009110,2024-03-26 02:57:00,S062,P022,1,566.63,2.15,EUR,564.48
TXN_009111,2024-03-06 13:04:00,S041,P763,7,1198.21,45.59,GBP,8341.880000000001
TXN_009112,2024-03-09 06:24:00,S071,P216,4,1253.62,26.18,GBP,4988.299999999999
TXN_009113,2024-03-23 11:37:00,S050,P530,8,56.33,14.04,EUR,436.59999999999997
TXN_009114,2024-03-30 12:03:00,S099,P987,8,1260.51,10.33,USD,10073.75
TXN_009115,2024-03-07 13:19:00,S008,P035,7,564.91,32.92,GBP,3921.45
TXN_009116,2024-03-19 15:36:00,S044,P870,4,542.59,49.28,USD,2121.08
TXN_009117,2024-03-09 09:27:00,S049,P901,7,482.22,30.52,GBP,3345.02
TXN_009118,2024-03-28 07:11:00,S057,P100,4,1329.64,31.97,GBP,5286.59
TXN_009119,2024-03-02 23:46:00,S092,P366,8,213.79,47.95,GBP,1662.37
TXN_009120,2024-03-11 20:30:00,S023,P417,9,472.97,19.4,EUR,4237.330000000001
TXN_009121,2024-03-04 20:35:00,S093,P906,8,348.19,39.07,GBP,2746.45
TXN_009122,2024-03-12 22:34:00,S048,P391,8,1173.28,8.12,USD,9378.119999999999
TXN_009123,2024-03-21 21:07:00,S047,P269,9,791.6,49.01,USD,7075.39
TXN_009124,2024-03-19 07:03:00,S080,P782,8,916.28,3.02,EUR,7327.219999999999
TXN_009125,2024-03-19 00:39:00,S023,P183,4,557.49,20.2,USD,2209.76
TXN_009126,2024-03-15 19:41:00,S092,P714,7,876.96,39.91,GBP,6098.81
TXN_009127,2024-03-02 14:09:00,S081,P680,7,523.26,17.81,GBP,3645.0099999999998
TXN_009128,2024-03-14 15:30:00,S003,P354,8,978.42,43.26,EUR,7784.099999999999
TXN_009129,2024-03-18 02:21:00,S056,P317,2,745.59,35.18,EUR,1456.0
TXN_009130,2024-03-13 21:10:00,S018,P832,1,1375.06,4.62,GBP,1370.44
TXN_009131,2024-03-30 07:44:00,S053,P930,5,1215.95,48.07,USD,6031.68
TXN_009132,2024-03-23 07:59:00,S080,P336,1,1040.28,34.58,USD,1005.6999999999999
TXN_009133,2024-03-09 12:23:00,S056,P394,1,515.18,37.13,GBP,478.04999999999995
TXN_009134,2024-03-17 13:08:00,S093,P676,8,916.4,27.15,USD,7304.05
TXN_009135,2024-03-10 15:45:00,S030,P226,8,139.14,5.72,EUR,1107.3999999999999
TXN_009136,2024-03-27 22:35:00,S068,P305,7,1318.57,13.84,GBP,9216.15
TXN_009137,2024-03-15 05:53:00,S048,P565,7,630.01,41.21,USD,4368.86
TXN_009138,2024-03-24 17:26:00,S093,P001,6,503.49,1.96,GBP,3018.98
TXN_009139,2024-03-02 22:21:00,S059,P866,8,384.2,1.24,USD,3072.36
TXN_009140,2024-03-09 22:18:00,S075,P690,3,670.82,11.54,GBP,2000.92
TXN_009141,2024-03-08 10:47:00,S061,P191,3,285.0,12.83,GBP,842.17
TXN_009142,2024-03-17 11:45:00,S021,P430,4,1350.27,29.96,GBP,5371.12
TXN_009143,2024-03-28 00:08:00,S062,P606,8,699.69,42.27,USD,5555.25
TXN_009144,2024-03-06 12:04:00,S040,P877,8,988.14,22.37,GBP,7882.75
TXN_009145,2024-03-29 03:03:00,S047,P620,3,118.5,15.36,GBP,340.14
TXN_009146,2024-03-07 23:17:00,S038,P192,3,399.83,47.89,EUR,1151.6
TXN_009147,2024-03-21 14:53:00,S073,P602,2,280.14,8.91,USD,551.37
TXN_009148,2024-03-19 02:13:00,S081,P189,3,76.88,45.35,USD,185.29
TXN_009149,2024-03-04 03:16:00,S015,P321,3,1206.29,32.06,EUR,3586.81
TXN_009150,2024-03-10 10:54:00,S017,P244,1,488.94,23.34,EUR,465.6
TXN_009151,2024-03-21 15:05:00,S021,P575,4,217.28,48.9,EUR,820.22
TXN_009152,2024-03-11 17:41:00,S018,P103,9,894.63,0.69,GBP,8050.9800000000005
TXN_009153,2024-03-21 04:12:00,S023,P535,3,1281.6,32.26,EUR,3812.5399999999995
TXN_009154,2024-03-23 09:23:00,S005,P146,9,13.85,31.93,GBP,92.72
TXN_009155,2024-03-01 00:30:00,S093,P648,5,571.43,44.13,USD,2813.0199999999995
TXN_009156,2024-03-22 13:55:00,S096,P851,1,1322.84,5.45,USD,1317.3899999999999
TXN_009157,2024-03-05 12:03:00,S004,P599,5,661.23,8.72,GBP,3297.4300000000003
TXN_009158,2024-03-12 22:10:00,S038,P815,4,1379.57,27.16,USD,5491.12
TXN_009159,2024-03-22 17:15:00,S061,P701,1,442.66,23.95,EUR,418.71000000000004
TXN_009160,2024-03-24 00:18:00,S006,P161,4,716.87,20.7,GBP,2846.78
TXN_009161,2024-03-11 19:42:00,S016,P549,6,551.32,39.34,EUR,3268.58
TXN_009162,2024-03-13 11:31:00,S068,P698,2,908.4,11.59,EUR,1805.21
TXN_009163,2024-03-17 11:22:00,S029,P380,6,1048.48,31.77,EUR,6259.11
TXN_009164,2024-03-18 01:50:00,S070,P135,7,1063.47,49.84,USD,7394.45
TXN_009165,2024-03-03 03:38:00,S092,P601,6,1412.41,9.74,USD,8464.720000000001
TXN_009166,2024-03-11 08:37:00,S002,P482,7,792.14,30.04,EUR,5514.94
TXN_009167,2024-03-13 18:49:00,S064,P540,2,354.57,20.12,USD,689.02
TXN_009168,2024-03-22 19:17:00,S034,P055,2,694.13,4.57,GBP,1383.69
TXN_009169,2024-03-06 23:49:00,S066,P023,2,202.28,43.3,USD,361.26
TXN_009170,2024-03-18 10:56:00,S003,P649,4,497.44,6.41,EUR,1983.35
TXN_009171,2024-03-25 12:21:00,S018,P706,5,31.39,43.62,USD,113.32999999999998
TXN_009172,2024-03-09 09:23:00,S002,P912,3,1251.69,2.28,USD,3752.79
TXN_009173,2024-03-02 13:41:00,S070,P399,3,23.3,18.78,USD,51.120000000000005
TXN_009174,2024-03-16 09:38:00,S040,P071,4,103.85,23.14,GBP,392.26
TXN_009175,2024-03-02 12:47:00,S051,P149,2,756.17,40.67,USD,1471.6699999999998
TXN_009176,2024-03-03 04:29:00,S040,P993,4,893.25,29.96,EUR,3543.04
TXN_009177,2024-03-30 13:22:00,S080,P021,9,1042.5,26.11,USD,9356.39
TXN_009178,2024-03-12 20:33:00,S029,P943,9,586.75,17.56,GBP,5263.19
TXN_009179,2024-03-29 06:39:00,S020,P370,6,189.23,37.43,EUR,1097.9499999999998
TXN_009180,2024-03-10 15:45:00,S021,P135,6,581.33,28.08,USD,3459.9000000000005
TXN_009181,2024-03-12 12:49:00,S072,P741,9,1359.32,42.38,USD,12191.5
TXN_009182,2024-03-09 01:26:00,S070,P649,2,494.24,3.76,USD,984.72
TXN_009183,2024-03-26 10:12:00,S017,P362,2,1114.43,49.07,USD,2179.79
TXN_009184,2024-03-25 09:41:00,S098,P304,2,1176.16,9.02,GBP,2343.3
TXN_009185,2024-03-07 08:16:00,S078,P767,9,114.4,19.33,GBP,1010.2700000000001
TXN_009186,2024-03-06 03:16:00,S037,P010,5,789.2,14.15,EUR,3931.85
TXN_009187,2024-03-15 14:54:00,S040,P894,2,1074.41,16.24,USD,2132.5800000000004
TXN_009188,2024-03-02 10:41:00,S016,P794,3,937.93,46.12,EUR,2767.67
TXN_009189,2024-03-13 13:10:00,S034,P172,5,959.02,21.99,USD,4773.110000000001
TXN_009190,2024-03-23 13:32:00,S095,P350,3,913.2,42.25,USD,2697.3500000000004
TXN_009191,2024-03-14 02:39:00,S061,P073,2,1003.24,14.87,USD,1991.6100000000001
TXN_009192,2024-03-14 22:42:00,S077,P969,7,684.23,37.74,GBP,4751.870000000001
TXN_009193,2024-03-08 19:34:00,S069,P042,4,348.35,7.26,GBP,1386.14
TXN_009194,2024-03-28 21:28:00,S077,P616,1,1486.91,36.33,USD,1450.5800000000002
TXN_009195,2024-03-06 03:27:00,S055,P031,1,270.15,39.24,USD,230.90999999999997
TXN_009196,2024-03-15 11:14:00,S058,P541,4,617.46,11.24,GBP,2458.6000000000004
TXN_009197,2024-03-27 15:25:00,S002,P891,9,821.26,10.83,EUR,7380.51
TXN_009198,2024-03-10 12:31:00,S085,P679,5,138.55,49.83,USD,642.92
TXN_009199,2024-03-01 19:21:00,S027,P173,7,853.76,41.95,USD,5934.37
TXN_009200,2024-03-24 17:00:00,S030,P586,6,1196.86,30.62,GBP,7150.54
TXN_009201,2024-03-18 04:46:00,S090,P857,2,1021.42,49.84,GBP,1993.0
TXN_009202,2024-03-04 05:07:00,S083,P211,1,701.51,40.38,USD,661.13
TXN_009203,2024-03-29 15:10:00,S014,P132,8,191.05,23.26,EUR,1505.14
TXN_009204,2024-03-08 12:44:00,S023,P079,5,1164.41,44.35,EUR,5777.7
TXN_009205,2024-03-12 02:13:00,S098,P414,9,467.21,2.28,EUR,4202.61
TXN_009206,2024-03-18 06:13:00,S077,P151,3,1059.9,9.33,EUR,3170.3700000000003
TXN_009207,2024-03-02 18:08:00,S094,P475,9,1285.74,36.05,USD,11535.61
TXN_009208,2024-03-28 02:35:00,S016,P128,3,1068.12,36.06,USD,3168.2999999999997
TXN_009209,2024-03-19 18:51:00,S036,P273,8,595.38,20.15,GBP,4742.89
TXN_009210,2024-03-27 10:42:00,S004,P432,4,644.26,18.12,GBP,2558.92
TXN_009211,2024-03-13 08:54:00,S077,P023,4,1448.15,11.07,GBP,5781.530000000001
TXN_009212,2024-03-12 00:50:00,S032,P249,7,219.87,29.33,EUR,1509.7600000000002
TXN_009213,2024-03-25 23:17:00,S061,P769,4,1195.26,13.07,USD,4767.97
TXN_009214,2024-03-18 04:59:00,S058,P073,8,978.34,18.03,GBP,7808.6900000000005
TXN_009215,2024-03-27 11:37:00,S095,P268,8,714.99,16.93,EUR,5702.99
TXN_009216,2024-03-20 02:55:00,S092,P1000,8,1019.62,35.45,EUR,8121.51
TXN_009217,2024-03-03 00:30:00,S005,P077,5,707.72,13.0,USD,3525.6000000000004
TXN_009218,2024-03-27 07:12:00,S096,P500,5,26.15,14.39,EUR,116.36
TXN_009219,2024-03-16 10:39:00,S066,P141,5,376.03,6.1,USD,1874.05
TXN_009220,2024-03-25 16:16:00,S018,P044,3,846.09,35.95,GBP,2502.32
TXN_009221,2024-03-21 14:33:00,S019,P259,9,64.54,31.26,USD,549.6
TXN_009222,2024-03-21 14:23:00,S068,P500,6,1233.15,31.77,GBP,7367.13
TXN_009223,2024-03-25 06:39:00,S062,P915,1,54.2,19.17,EUR,35.03
TXN_009224,2024-03-24 03:09:00,S008,P184,5,81.01,40.35,EUR,364.7
TXN_009225,2024-03-08 13:39:00,S090,P348,2,1155.55,13.95,USD,2297.15
TXN_009226,2024-03-01 10:30:00,S013,P396,6,1327.8,9.61,GBP,7957.19
TXN_009227,2024-03-15 11:15:00,S002,P572,3,104.56,31.24,GBP,282.44
TXN_009228,2024-03-01 19:42:00,S044,P425,8,647.71,28.66,GBP,5153.02
TXN_009229,2024-03-18 21:10:00,S024,P213,8,934.84,29.62,USD,7449.1
TXN_009230,2024-03-27 15:41:00,S056,P922,8,1121.39,19.34,EUR,8951.78
TXN_009231,2024-03-25 08:11:00,S025,P235,5,37.12,2.39,EUR,183.21
TXN_009232,2024-03-07 11:49:00,S085,P738,5,693.58,36.38,EUR,3431.52
TXN_009233,2024-03-19 04:58:00,S016,P894,3,807.4,13.16,USD,2409.04
TXN_009234,2024-03-06 21:23:00,S015,P651,9,809.48,30.23,EUR,7255.09
TXN_009235,2024-03-05 02:22:00,S056,P219,9,33.29,15.44,EUR,284.17
TXN_009236,2024-03-03 08:29:00,S080,P093,2,1335.68,42.43,GBP,2628.9300000000003
TXN_009237,2024-03-20 14:29:00,S038,P435,3,129.93,43.98,USD,345.81
TXN_009238,2024-03-16 13:11:00,S079,P784,5,1498.83,17.81,EUR,7476.339999999999
TXN_009239,2024-03-14 06:13:00,S044,P189,6,1085.67,1.86,GBP,6512.160000000001
TXN_009240,2024-03-23 13:34:00,S099,P615,7,620.45,48.68,GBP,4294.47
TXN_009241,2024-03-28 04:13:00,S048,P145,9,658.99,32.99,USD,5897.92
TXN_009242,2024-03-02 18:13:00,S063,P349,1,642.67,12.0,EUR,630.67
TXN_009243,2024-03-25 21:09:00,S045,P417,4,666.64,3.58,EUR,2662.98
TXN_009244,2024-03-28 09:28:00,S005,P469,3,53.61,10.26,GBP,150.57
TXN_009245,2024-03-08 02:44:00,S087,P132,6,552.98,49.71,GBP,3268.17
TXN_009246,2024-03-07 11:18:00,S081,P129,7,1427.28,45.92,EUR,9945.039999999999
TXN_009247,2024-03-24 14:26:00,S058,P948,4,1280.64,7.01,GBP,5115.55
TXN_009248,2024-03-22 23:28:00,S089,P196,4,946.04,48.66,GBP,3735.5
TXN_009249,2024-03-09 18:09:00,S045,P120,7,18.45,9.59,GBP,119.56
TXN_009250,2024-03-16 09:37:00,S098,P226,7,1404.53,35.8,EUR,9795.91
TXN_009251,2024-03-05 16:13:00,S081,P746,4,310.33,15.54,GBP,1225.78
TXN_009252,2024-03-10 21:34:00,S024,P210,7,1211.5,44.95,EUR,8435.55
TXN_009253,2024-03-29 01:12:00,S001,P179,9,245.18,30.8,EUR,2175.8199999999997
TXN_009254,2024-03-07 13:12:00,S067,P988,7,956.13,7.31,EUR,6685.599999999999
TXN_009255,2024-03-25 07:17:00,S068,P179,9,728.3,0.96,USD,6553.74
TXN_009256,2024-03-29 16:20:00,S031,P162,7,1220.36,28.0,EUR,8514.519999999999
TXN_009257,2024-03-26 10:03:00,S014,P187,5,216.92,49.17,GBP,1035.4299999999998
TXN_009258,2024-03-14 13:35:00,S068,P016,5,736.57,12.41,GBP,3670.4400000000005
TXN_009259,2024-03-29 18:46:00,S002,P976,5,1292.47,7.65,USD,6454.700000000001
TXN_009260,2024-03-11 08:33:00,S099,P893,1,383.94,26.86,USD,357.08
TXN_009261,2024-03-11 09:18:00,S011,P414,5,976.46,48.41,USD,4833.89
TXN_009262,2024-03-24 16:03:00,S029,P139,5,326.61,7.2,USD,1625.8500000000001
TXN_009263,2024-03-11 23:46:00,S081,P378,8,1267.74,24.26,EUR,10117.66
TXN_009264,2024-03-14 11:56:00,S019,P219,8,1067.02,10.35,EUR,8525.81
TXN_009265,2024-03-26 17:45:00,S087,P704,7,172.75,12.59,USD,1196.66
TXN_009266,2024-03-02 19:12:00,S091,P880,6,126.55,4.03,GBP,755.27
TXN_009267,2024-03-15 21:42:00,S011,P477,9,451.87,47.64,EUR,4019.19
TXN_009268,2024-03-10 02:23:00,S099,P048,4,896.86,22.75,EUR,3564.69
TXN_009269,2024-03-11 06:31:00,S067,P373,9,1378.48,42.55,EUR,12363.77
TXN_009270,2024-03-02 11:23:00,S092,P315,5,618.09,12.33,GBP,3078.1200000000003
TXN_009271,2024-03-26 06:44:00,S074,P469,9,472.8,7.12,GBP,4248.08
TXN_009272,2024-03-11 06:23:00,S017,P486,2,567.18,5.36,GBP,1129.0
TXN_009273,2024-03-28 14:00:00,S001,P278,8,1455.01,1.61,EUR,11638.47
TXN_009274,2024-03-24 19:04:00,S017,P609,2,631.36,21.31,GBP,1241.41
TXN_009275,2024-03-24 23:30:00,S066,P757,6,804.09,43.92,EUR,4780.62
TXN_009276,2024-03-04 00:18:00,S009,P508,7,1152.03,40.2,EUR,8024.01
TXN_009277,2024-03-26 23:17:00,S045,P253,6,611.63,24.09,EUR,3645.6899999999996
TXN_009278,2024-03-01 13:00:00,S099,P900,8,1366.45,12.79,EUR,10918.81
TXN_009279,2024-03-29 21:02:00,S047,P957,5,614.06,22.18,USD,3048.12
TXN_009280,2024-03-04 19:12:00,S053,P295,2,154.52,3.29,EUR,305.75
TXN_009281,2024-03-30 11:08:00,S012,P900,5,1392.35,27.84,USD,6933.91
TXN_009282,2024-03-07 01:16:00,S006,P059,7,683.3,49.85,GBP,4733.249999999999
TXN_009283,2024-03-02 17:13:00,S063,P586,7,616.92,2.66,GBP,4315.78
TXN_009284,2024-03-25 04:09:00,S036,P294,8,1261.85,22.89,EUR,10071.91
TXN_009285,2024-03-16 10:05:00,S100,P484,1,111.6,49.21,GBP,62.38999999999999
TXN_009286,2024-03-08 23:25:00,S090,P569,1,899.59,37.5,EUR,862.09
TXN_009287,2024-03-22 19:52:00,S099,P755,2,1454.65,15.98,EUR,2893.32
TXN_009288,2024-03-23 09:08:00,S026,P107,4,1357.14,16.87,EUR,5411.6900000000005
TXN_009289,2024-03-12 12:16:00,S094,P457,6,1097.13,9.84,GBP,6572.9400000000005
TXN_009290,2024-03-17 02:40:00,S096,P314,4,1281.09,43.43,USD,5080.929999999999
TXN_009291,2024-03-03 17:40:00,S027,P496,6,746.25,24.52,EUR,4452.98
TXN_009292,2024-03-20 04:42:00,S034,P456,7,1123.45,17.9,GBP,7846.250000000001
TXN_009293,2024-03-12 05:24:00,S058,P132,7,467.68,3.32,USD,3270.44
TXN_009294,2024-03-06 13:12:00,S002,P781,6,509.04,45.26,GBP,3008.98
TXN_009295,2024-03-13 15:23:00,S054,P794,1,719.16,23.73,USD,695.43
TXN_009296,2024-03-25 12:13:00,S057,P741,3,598.16,45.55,USD,1748.93
TXN_009297,2024-03-10 11:13:00,S046,P232,7,910.55,35.12,USD,6338.73
TXN_009298,2024-03-01 20:15:00,S028,P018,4,337.82,48.19,GBP,1303.09
TXN_009299,2024-03-11 03:29:00,S091,P965,2,1463.99,49.71,USD,2878.27
TXN_009300,2024-03-10 03:35:00,S067,P280,3,190.11,1.83,GBP,568.5
TXN_009301,2024-03-14 16:12:00,S040,P991,9,1240.32,4.78,EUR,11158.099999999999
TXN_009302,2024-03-12 03:08:00,S084,P042,2,319.61,10.35,USD,628.87
TXN_009303,2024-03-05 07:22:00,S024,P545,4,269.93,2.27,USD,1077.45
TXN_009304,2024-03-06 15:11:00,S022,P800,3,1482.38,6.14,GBP,4441.0
TXN_009305,2024-03-01 22:59:00,S011,P457,2,455.26,14.96,EUR,895.56
TXN_009306,2024-03-23 16:37:00,S078,P869,1,40.15,42.17,EUR,-2.020000000000003
TXN_009307,2024-03-26 11:06:00,S034,P312,4,23.93,49.37,USD,46.35
TXN_009308,2024-03-16 22:52:00,S005,P001,1,607.83,9.15,GBP,598.6800000000001
TXN_009309,2024-03-03 21:34:00,S051,P274,6,1338.36,46.51,EUR,7983.65
TXN_009310,2024-03-30 12:33:00,S099,P893,5,1047.38,17.09,USD,5219.81
TXN_009311,2024-03-13 18:52:00,S048,P695,9,1097.08,37.18,GBP,9836.539999999999
TXN_009312,2024-03-28 18:11:00,S098,P054,5,110.24,48.88,EUR,502.31999999999994
TXN_009313,2024-03-08 07:35:00,S012,P288,7,261.07,17.68,EUR,1809.81
TXN_009314,2024-03-30 06:12:00,S087,P723,7,786.79,11.98,EUR,5495.55
TXN_009315,2024-03-09 09:08:00,S023,P968,1,639.12,17.28,EUR,621.84
TXN_009316,2024-03-01 20:06:00,S089,P029,9,631.49,28.82,EUR,5654.59
TXN_009317,2024-03-17 11:18:00,S054,P727,8,266.36,40.52,GBP,2090.36
TXN_009318,2024-03-18 21:36:00,S035,P070,5,1274.9,25.14,GBP,6349.36
TXN_009319,2024-03-23 22:50:00,S065,P075,6,1196.55,41.4,EUR,7137.9
TXN_009320,2024-03-04 09:22:00,S042,P441,9,155.38,15.25,GBP,1383.17
TXN_009321,2024-03-15 06:31:00,S027,P572,4,993.24,11.15,EUR,3961.81
TXN_009322,2024-03-14 10:49:00,S018,P114,5,40.1,12.78,USD,187.72
TXN_009323,2024-03-13 04:49:00,S082,P519,2,288.71,26.27,GBP,551.15
TXN_009324,2024-03-01 21:23:00,S001,P528,2,1273.28,7.2,USD,2539.36
TXN_009325,2024-03-15 03:44:00,S064,P994,8,1011.44,44.86,USD,8046.660000000001
TXN_009326,2024-03-30 09:27:00,S063,P060,6,1230.74,17.99,GBP,7366.450000000001
TXN_009327,2024-03-05 11:35:00,S063,P118,2,255.7,32.37,EUR,479.03
TXN_009328,2024-03-13 21:14:00,S003,P253,4,1157.57,41.66,GBP,4588.62
TXN_009329,2024-03-12 06:46:00,S061,P508,5,1365.36,36.92,EUR,6789.879999999999
TXN_009330,2024-03-12 21:19:00,S014,P440,2,237.17,26.15,GBP,448.19
TXN_009331,2024-03-26 18:20:00,S052,P332,7,136.84,45.36,USD,912.52
TXN_009332,2024-03-05 19:11:00,S048,P169,3,240.49,4.11,USD,717.36
TXN_009333,2024-03-26 02:02:00,S042,P546,2,232.22,41.79,USD,422.65
TXN_009334,2024-03-11 04:41:00,S069,P618,4,1261.58,0.11,EUR,5046.21
TXN_009335,2024-03-09 20:57:00,S012,P498,8,939.86,8.13,EUR,7510.75
TXN_009336,2024-03-04 11:12:00,S085,P740,8,758.86,17.32,USD,6053.56
TXN_009337,2024-03-02 19:22:00,S014,P901,4,292.53,6.12,EUR,1164.0
TXN_009338,2024-03-22 02:39:00,S064,P787,8,1081.12,8.17,GBP,8640.789999999999
TXN_009339,2024-03-03 03:15:00,S044,P461,8,847.46,10.55,USD,6769.13
TXN_009340,2024-03-19 23:57:00,S078,P499,3,534.11,32.88,USD,1569.4499999999998
TXN_009341,2024-03-26 08:34:00,S078,P786,7,1417.76,33.05,EUR,9891.27
TXN_009342,2024-03-15 06:21:00,S006,P320,8,906.08,14.8,EUR,7233.84
TXN_009343,2024-03-16 14:33:00,S060,P351,1,548.35,32.02,GBP,516.33
TXN_009344,2024-03-08 22:29:00,S040,P077,4,979.63,4.06,USD,3914.46
TXN_009345,2024-03-14 06:31:00,S091,P752,1,723.39,41.91,USD,681.48
TXN_009346,2024-03-05 06:55:00,S068,P134,8,1335.57,39.96,USD,10644.6
TXN_009347,2024-03-22 19:47:00,S090,P093,7,1401.46,43.24,USD,9766.980000000001
TXN_009348,2024-03-04 11:43:00,S050,P260,2,1363.99,11.59,EUR,2716.39
TXN_009349,2024-03-14 23:22:00,S005,P398,7,789.81,48.1,USD,5480.57
TXN_009350,2024-03-01 07:05:00,S015,P364,4,277.67,12.67,USD,1098.01
TXN_009351,2024-03-09 04:15:00,S006,P563,6,802.52,33.27,EUR,4781.849999999999
TXN_009352,2024-03-22 12:45:00,S058,P039,3,1035.36,36.58,EUR,3069.5
TXN_009353,2024-03-05 10:25:00,S064,P478,9,94.1,39.6,USD,807.3
TXN_009354,2024-03-24 06:23:00,S072,P336,2,67.52,9.24,USD,125.8
TXN_009355,2024-03-23 04:48:00,S051,P409,4,873.02,42.05,GBP,3450.0299999999997
TXN_009356,2024-03-16 20:40:00,S083,P208,6,755.0,28.53,EUR,4501.47
TXN_009357,2024-03-26 00:48:00,S062,P495,7,362.62,7.94,GBP,2530.4
TXN_009358,2024-03-29 14:43:00,S096,P434,5,384.7,15.77,EUR,1907.73
TXN_009359,2024-03-29 10:23:00,S022,P087,3,794.39,44.77,GBP,2338.4
TXN_009360,2024-03-22 09:47:00,S100,P930,3,84.07,8.01,USD,244.2
TXN_009361,2024-03-12 02:28:00,S055,P276,6,1138.18,30.0,GBP,6799.08
TXN_009362,2024-03-09 07:13:00,S085,P687,6,641.15,1.6,EUR,3845.2999999999997
TXN_009363,2024-03-16 20:50:00,S046,P715,3,913.63,21.41,GBP,2719.48
TXN_009364,2024-03-12 20:25:00,S014,P902,8,1421.13,22.4,USD,11346.640000000001
TXN_009365,2024-03-15 08:11:00,S031,P677,3,1477.56,45.25,EUR,4387.43
TXN_009366,2024-03-01 21:09:00,S100,P392,6,830.2,30.35,EUR,4950.85
TXN_009367,2024-03-06 09:01:00,S067,P328,9,1430.75,23.15,USD,12853.6
TXN_009368,2024-03-29 02:06:00,S043,P753,1,352.95,24.33,USD,328.62
TXN_009369,2024-03-04 18:21:00,S008,P490,7,1058.55,2.99,GBP,7406.86
TXN_009370,2024-03-30 16:55:00,S087,P370,5,1405.36,20.74,EUR,7006.0599999999995
TXN_009371,2024-03-06 12:49:00,S066,P226,7,186.39,45.64,EUR,1259.09
TXN_009372,2024-03-10 15:36:00,S005,P473,5,400.89,47.77,EUR,1956.6799999999998
TXN_009373,2024-03-13 05:22:00,S046,P228,1,1315.73,13.69,USD,1302.04
TXN_009374,2024-03-29 05:15:00,S047,P322,4,789.68,7.4,USD,3151.3199999999997
TXN_009375,2024-03-10 07:11:00,S018,P819,9,448.15,47.96,USD,3985.39
TXN_009376,2024-03-18 09:09:00,S067,P974,9,1204.26,36.01,USD,10802.33
TXN_009377,2024-03-29 03:25:00,S034,P846,5,1477.2,31.08,EUR,7354.92
TXN_009378,2024-03-26 14:44:00,S016,P963,8,854.84,31.47,USD,6807.25
TXN_009379,2024-03-29 18:06:00,S017,P119,6,1223.62,4.82,GBP,7336.9
TXN_009380,2024-03-09 18:33:00,S033,P474,5,471.41,13.78,EUR,2343.27
TXN_009381,2024-03-13 23:38:00,S020,P723,7,291.62,10.73,EUR,2030.6100000000001
TXN_009382,2024-03-02 14:26:00,S088,P919,9,1299.79,31.24,EUR,11666.87
TXN_009383,2024-03-04 10:34:00,S087,P888,7,1084.23,36.14,EUR,7553.47
TXN_009384,2024-03-13 01:09:00,S043,P280,3,1141.07,5.4,EUR,3417.81
TXN_009385,2024-03-22 05:39:00,S029,P903,9,1064.15,29.42,EUR,9547.93
TXN_009386,2024-03-03 11:19:00,S073,P231,9,1494.81,6.71,USD,13446.58
TXN_009387,2024-03-08 20:49:00,S016,P703,3,51.92,20.01,EUR,135.75
TXN_009388,2024-03-19 05:01:00,S052,P535,7,1356.64,27.77,EUR,9468.710000000001
TXN_009389,2024-03-24 22:16:00,S099,P761,5,812.54,10.57,GBP,4052.1299999999997
TXN_009390,2024-03-08 03:45:00,S056,P229,7,1121.16,1.84,USD,7846.280000000001
TXN_009391,2024-03-30 10:14:00,S042,P203,9,45.92,28.58,GBP,384.70000000000005
TXN_009392,2024-03-05 05:29:00,S077,P778,4,1188.04,39.56,GBP,4712.599999999999
TXN_009393,2024-03-08 04:53:00,S080,P907,6,541.01,28.46,EUR,3217.6
TXN_009394,2024-03-04 19:44:00,S065,P722,3,802.65,11.02,EUR,2396.93
TXN_009395,2024-03-12 08:54:00,S037,P243,3,144.67,15.03,GBP,418.98
TXN_009396,2024-03-23 17:47:00,S019,P197,8,374.19,10.17,EUR,2983.35
TXN_009397,2024-03-06 21:35:00,S036,P198,6,1459.73,14.11,USD,8744.27
TXN_009398,2024-03-26 08:43:00,S014,P153,6,21.99,16.36,EUR,115.58
TXN_009399,2024-03-16 16:38:00,S018,P328,1,690.42,20.84,EUR,669.5799999999999
TXN_009400,2024-03-14 20:11:00,S076,P223,1,772.18,42.09,EUR,730.0899999999999
TXN_009401,2024-03-04 15:11:00,S083,P788,4,409.71,27.0,USD,1611.84
TXN_009402,2024-03-14 01:05:00,S011,P577,3,654.8,23.72,USD,1940.6799999999998
TXN_009403,2024-03-24 02:51:00,S045,P709,6,586.36,36.6,USD,3481.56
TXN_009404,2024-03-06 02:50:00,S099,P788,7,181.36,4.91,GBP,1264.61
TXN_009405,2024-03-25 14:26:00,S100,P536,1,449.62,20.83,GBP,428.79
TXN_009406,2024-03-23 14:29:00,S090,P055,1,200.93,31.58,USD,169.35000000000002
TXN_009407,2024-03-09 20:12:00,S092,P453,3,122.17,3.64,USD,362.87
TXN_009408,2024-03-28 22:34:00,S042,P502,7,250.71,44.47,GBP,1710.5
TXN_009409,2024-03-18 17:13:00,S002,P312,6,407.97,20.0,EUR,2427.82
TXN_009410,2024-03-10 14:17:00,S059,P826,3,1458.57,12.13,EUR,4363.58
TXN_009411,2024-03-27 19:40:00,S018,P639,8,586.42,31.83,USD,4659.53
TXN_009412,2024-03-29 22:13:00,S047,P897,3,428.99,11.23,EUR,1275.74
TXN_009413,2024-03-28 21:04:00,S078,P380,1,134.89,29.96,GBP,104.92999999999998
TXN_009414,2024-03-22 02:48:00,S058,P998,5,702.28,32.44,USD,3478.9599999999996
TXN_009415,2024-03-06 07:22:00,S005,P285,9,893.02,36.24,GBP,8000.9400000000005
TXN_009416,2024-03-22 05:31:00,S013,P838,1,73.69,13.91,EUR,59.78
TXN_009417,2024-03-18 17:44:00,S071,P584,1,1115.62,43.16,EUR,1072.4599999999998
TXN_009418,2024-03-07 23:03:00,S047,P402,5,948.75,45.28,GBP,4698.47
TXN_009419,2024-03-11 00:37:00,S062,P754,3,1076.68,25.31,EUR,3204.73
TXN_009420,2024-03-13 16:07:00,S040,P960,6,1203.35,25.13,EUR,7194.969999999999
TXN_009421,2024-03-11 03:19:00,S021,P072,1,1191.7,4.98,EUR,1186.72
TXN_009422,2024-03-24 12:14:00,S047,P752,2,750.53,30.44,GBP,1470.62
TXN_009423,2024-03-10 10:06:00,S080,P901,7,1166.51,46.1,USD,8119.469999999999
TXN_009424,2024-03-23 05:04:00,S099,P359,8,911.0,19.36,GBP,7268.64
TXN_009425,2024-03-19 21:22:00,S099,P428,2,491.56,20.85,EUR,962.27
TXN_009426,2024-03-30 08:15:00,S039,P112,5,1362.13,6.71,USD,6803.9400000000005
TXN_009427,2024-03-17 03:45:00,S051,P803,1,1344.47,13.59,USD,1330.88
TXN_009428,2024-03-05 09:17:00,S012,P857,7,405.25,19.43,EUR,2817.32
TXN_009429,2024-03-05 04:58:00,S074,P156,4,289.52,32.1,EUR,1125.98
TXN_009430,2024-03-06 11:45:00,S010,P585,7,1050.4,48.24,USD,7304.560000000001
TXN_009431,2024-03-21 06:14:00,S023,P401,1,433.47,8.07,GBP,425.40000000000003
TXN_009432,2024-03-06 05:14:00,S038,P971,3,1286.66,12.76,EUR,3847.2200000000003
TXN_009433,2024-03-17 21:12:00,S031,P058,3,806.39,16.06,EUR,2403.11
TXN_009434,2024-03-29 01:55:00,S031,P694,2,928.54,8.77,EUR,1848.31
TXN_009435,2024-03-27 09:27:00,S097,P368,3,1262.09,18.27,EUR,3767.9999999999995
TXN_009436,2024-03-10 02:51:00,S081,P155,5,1221.38,46.03,GBP,6060.870000000001
TXN_009437,2024-03-15 05:32:00,S024,P111,7,187.33,2.81,GBP,1308.5000000000002
TXN_009438,2024-03-03 00:44:00,S076,P261,6,681.19,39.77,GBP,4047.3700000000003
TXN_009439,2024-03-04 23:38:00,S017,P112,4,94.9,38.54,GBP,341.06
TXN_009440,2024-03-21 21:31:00,S046,P617,6,1296.46,1.07,EUR,7777.6900000000005
TXN_009441,2024-03-06 14:44:00,S034,P717,5,295.52,6.54,GBP,1471.06
TXN_009442,2024-03-02 18:12:00,S078,P173,9,140.19,28.44,EUR,1233.27
TXN_009443,2024-03-12 10:47:00,S060,P683,9,112.5,37.61,EUR,974.89
TXN_009444,2024-03-20 09:10:00,S006,P477,7,292.07,49.68,EUR,1994.81
TXN_009445,2024-03-09 16:17:00,S035,P508,7,173.43,13.11,USD,1200.9
TXN_009446,2024-03-07 11:39:00,S006,P922,2,1386.82,9.16,GBP,2764.48
TXN_009447,2024-03-02 21:56:00,S059,P290,1,938.92,49.97,GBP,888.9499999999999
TXN_009448,2024-03-11 11:48:00,S092,P001,5,360.19,37.12,GBP,1763.8300000000002
TXN_009449,2024-03-07 06:20:00,S097,P398,9,664.6,30.7,USD,5950.700000000001
TXN_009450,2024-03-12 19:53:00,S048,P611,2,1181.62,25.38,GBP,2337.8599999999997
TXN_009451,2024-03-26 16:42:00,S033,P730,2,442.08,49.0,USD,835.16
TXN_009452,2024-03-10 07:51:00,S025,P623,1,1133.72,15.17,EUR,1118.55
TXN_009453,2024-03-01 21:22:00,S028,P072,3,1117.25,43.68,GBP,3308.07
TXN_009454,2024-03-21 20:39:00,S018,P358,9,176.29,24.24,GBP,1562.37
TXN_009455,2024-03-06 10:00:00,S061,P405,1,570.87,14.26,GBP,556.61
TXN_009456,2024-03-28 08:47:00,S023,P590,6,1048.91,18.35,EUR,6275.110000000001
TXN_009457,2024-03-27 03:10:00,S020,P941,1,420.18,45.16,EUR,375.02
TXN_009458,2024-03-22 11:27:00,S002,P272,1,761.53,3.41,USD,758.12
TXN_009459,2024-03-24 20:51:00,S035,P022,6,129.36,35.14,EUR,741.0200000000001
TXN_009460,2024-03-26 20:28:00,S077,P131,3,844.16,39.52,EUR,2492.96
TXN_009461,2024-03-03 02:46:00,S041,P831,5,83.92,48.05,GBP,371.55
TXN_009462,2024-03-04 07:33:00,S095,P005,1,842.08,47.16,EUR,794.9200000000001
TXN_009463,2024-03-01 10:08:00,S024,P293,8,159.54,35.27,USD,1241.05
TXN_009464,2024-03-13 07:32:00,S099,P997,2,401.77,44.01,USD,759.53
TXN_009465,2024-03-26 11:58:00,S024,P229,2,14.47,33.86,GBP,-4.919999999999998
TXN_009466,2024-03-11 17:23:00,S032,P256,5,101.14,15.5,EUR,490.2
TXN_009467,2024-03-29 09:28:00,S065,P566,3,1390.91,30.08,EUR,4142.650000000001
TXN_009468,2024-03-13 19:15:00,S030,P066,4,97.62,14.96,USD,375.52000000000004
TXN_009469,2024-03-24 08:24:00,S028,P173,4,433.62,30.23,EUR,1704.25
TXN_009470,2024-03-25 23:43:00,S032,P047,5,518.93,44.16,GBP,2550.49
TXN_009471,2024-03-14 12:48:00,S068,P025,8,612.3,14.43,USD,4883.969999999999
TXN_009472,2024-03-05 08:39:00,S093,P536,2,559.55,12.41,USD,1106.6899999999998
TXN_009473,2024-03-27 14:30:00,S022,P618,3,958.37,44.54,EUR,2830.57
TXN_009474,2024-03-04 01:27:00,S043,P939,9,426.18,32.39,EUR,3803.23
TXN_009475,2024-03-09 10:15:00,S054,P733,5,834.93,3.85,USD,4170.799999999999
TXN_009476,2024-03-06 07:49:00,S099,P338,1,1469.35,9.21,GBP,1460.1399999999999
TXN_009477,2024-03-10 10:00:00,S009,P383,4,762.83,33.45,GBP,3017.8700000000003
TXN_009478,2024-03-27 18:22:00,S095,P125,7,1255.06,13.72,GBP,8771.7
TXN_009479,2024-03-29 14:58:00,S076,P327,4,70.49,25.47,USD,256.49
TXN_009480,2024-03-16 12:21:00,S046,P457,1,192.4,29.05,EUR,163.35
TXN_009481,2024-03-04 20:59:00,S089,P817,1,1018.04,6.86,USD,1011.18
TXN_009482,2024-03-22 14:40:00,S048,P906,8,1428.34,49.41,USD,11377.31
TXN_009483,2024-03-14 12:57:00,S017,P068,8,1327.75,3.85,USD,10618.15
TXN_009484,2024-03-04 05:04:00,S100,P685,4,764.29,32.45,GBP,3024.71
TXN_009485,2024-03-30 08:20:00,S079,P165,5,319.99,16.39,GBP,1583.56
TXN_009486,2024-03-19 02:46:00,S091,P547,7,1087.43,15.45,GBP,7596.56
TXN_009487,2024-03-29 22:00:00,S062,P538,7,1121.82,34.48,EUR,7818.26
TXN_009488,2024-03-11 19:48:00,S004,P995,7,1444.56,8.86,GBP,10103.06
TXN_009489,2024-03-04 22:45:00,S087,P799,8,407.37,45.34,EUR,3213.62
TXN_009490,2024-03-05 09:05:00,S087,P431,5,367.04,18.39,EUR,1816.81
TXN_009491,2024-03-29 17:39:00,S051,P015,6,718.59,8.47,GBP,4303.07
TXN_009492,2024-03-17 23:56:00,S007,P927,1,160.81,11.31,GBP,149.5
TXN_009493,2024-03-07 19:54:00,S079,P377,9,31.44,45.24,GBP,237.72000000000003
TXN_009494,2024-03-25 04:19:00,S053,P416,6,1343.83,38.29,EUR,8024.69
TXN_009495,2024-03-25 22:17:00,S074,P829,5,1085.5,44.82,USD,5382.68
TXN_009496,2024-03-06 01:55:00,S029,P857,7,1229.28,41.19,EUR,8563.769999999999
TXN_009497,2024-03-26 04:38:00,S075,P507,1,1434.88,9.37,GBP,1425.5100000000002
TXN_009498,2024-03-05 16:28:00,S032,P882,8,102.55,41.44,USD,778.96
TXN_009499,2024-03-08 13:46:00,S053,P461,4,708.65,25.95,USD,2808.65
TXN_009500,2024-03-14 10:47:00,S050,P006,3,465.87,31.81,EUR,1365.8000000000002
TXN_009501,2024-03-02 05:35:00,S006,P851,7,1399.61,2.84,EUR,9794.429999999998
TXN_009502,2024-03-27 10:01:00,S073,P603,3,717.16,4.86,USD,2146.62
TXN_009503,2024-03-12 19:20:00,S016,P366,3,502.87,7.88,GBP,1500.73
TXN_009504,2024-03-17 13:48:00,S099,P095,7,464.86,28.46,USD,3225.56
TXN_009505,2024-03-06 10:58:00,S034,P898,5,1058.68,41.72,USD,5251.68
TXN_009506,2024-03-05 16:45:00,S078,P654,9,394.13,18.14,USD,3529.03
TXN_009507,2024-03-14 15:47:00,S091,P494,2,1017.29,13.74,USD,2020.84
TXN_009508,2024-03-05 06:43:00,S027,P964,3,279.62,1.39,GBP,837.47
TXN_009509,2024-03-16 09:37:00,S099,P766,6,478.66,47.69,USD,2824.27
TXN_009510,2024-03-22 20:48:00,S061,P409,9,180.07,43.48,GBP,1577.1499999999999
TXN_009511,2024-03-25 11:55:00,S073,P275,2,708.95,18.45,GBP,1399.45
TXN_009512,2024-03-19 13:04:00,S089,P995,5,188.15,41.41,GBP,899.34
TXN_009513,2024-03-28 11:00:00,S068,P619,6,922.48,49.05,GBP,5485.83
TXN_009514,2024-03-21 15:30:00,S005,P648,1,676.88,46.13,GBP,630.75
TXN_009515,2024-03-15 16:50:00,S063,P659,8,485.06,11.72,GBP,3868.76
TXN_009516,2024-03-21 16:55:00,S028,P919,9,1158.46,40.06,GBP,10386.08
TXN_009517,2024-03-03 03:49:00,S050,P592,1,515.69,40.55,USD,475.14000000000004
TXN_009518,2024-03-07 11:15:00,S074,P327,4,285.2,28.27,USD,1112.53
TXN_009519,2024-03-09 09:59:00,S010,P355,3,1153.93,2.94,USD,3458.85
TXN_009520,2024-03-10 20:48:00,S073,P928,7,609.51,22.56,USD,4244.009999999999
TXN_009521,2024-03-04 00:07:00,S044,P960,7,1176.75,33.56,GBP,8203.69
TXN_009522,2024-03-10 23:29:00,S057,P109,9,1466.98,36.65,EUR,13166.17
TXN_009523,2024-03-29 17:59:00,S052,P869,2,1341.35,42.55,USD,2640.1499999999996
TXN_009524,2024-03-08 14:59:00,S084,P949,6,812.95,34.49,GBP,4843.210000000001
TXN_009525,2024-03-06 10:03:00,S020,P516,4,405.94,46.3,USD,1577.46
TXN_009526,2024-03-02 02:55:00,S044,P126,5,30.77,19.5,EUR,134.35
TXN_009527,2024-03-19 13:05:00,S084,P793,2,686.42,45.15,USD,1327.6899999999998
TXN_009528,2024-03-16 17:05:00,S026,P315,1,519.05,4.67,EUR,514.38
TXN_009529,2024-03-17 10:01:00,S012,P370,3,807.46,37.37,USD,2385.01
TXN_009530,2024-03-15 13:37:00,S036,P442,2,777.92,41.93,EUR,1513.9099999999999
TXN_009531,2024-03-13 08:14:00,S068,P991,6,745.06,34.76,GBP,4435.599999999999
TXN_009532,2024-03-01 07:14:00,S013,P712,1,1187.09,6.29,USD,1180.8
TXN_009533,2024-03-10 23:32:00,S015,P422,9,726.89,27.56,EUR,6514.45
TXN_009534,2024-03-15 20:52:00,S047,P723,3,1389.31,12.61,USD,4155.320000000001
TXN_009535,2024-03-07 10:26:00,S061,P368,8,388.93,35.83,GBP,3075.61
TXN_009536,2024-03-05 23:59:00,S050,P006,3,1134.32,2.21,EUR,3400.75
TXN_009537,2024-03-12 10:43:00,S077,P817,6,1066.28,19.38,GBP,6378.3
TXN_009538,2024-03-07 11:49:00,S084,P764,2,488.04,37.38,USD,938.7
TXN_009539,2024-03-17 00:52:00,S098,P551,5,1026.16,49.08,EUR,5081.72
TXN_009540,2024-03-28 22:32:00,S015,P038,7,1447.85,8.94,GBP,10126.009999999998
TXN_009541,2024-03-13 13:11:00,S020,P595,2,1424.22,31.29,USD,2817.15
TXN_009542,2024-03-21 06:22:00,S082,P373,3,388.31,46.53,USD,1118.4
TXN_009543,2024-03-12 11:42:00,S011,P613,2,1350.41,15.1,EUR,2685.7200000000003
TXN_009544,2024-03-12 23:54:00,S064,P941,5,1471.48,27.87,USD,7329.53
TXN_009545,2024-03-17 09:42:00,S075,P920,7,549.95,31.57,EUR,3818.0800000000004
TXN_009546,2024-03-06 18:57:00,S004,P137,2,353.36,17.43,GBP,689.2900000000001
TXN_009547,2024-03-20 10:43:00,S079,P468,3,1378.7,2.39,USD,4133.71
TXN_009548,2024-03-20 19:36:00,S043,P459,9,871.4,34.46,EUR,7808.139999999999
TXN_009549,2024-03-12 14:45:00,S033,P494,1,1496.57,48.56,GBP,1448.01
TXN_009550,2024-03-13 19:05:00,S070,P994,7,56.63,40.18,EUR,356.23
TXN_009551,2024-03-16 19:38:00,S028,P625,2,537.88,35.8,EUR,1039.96
TXN_009552,2024-03-28 04:04:00,S079,P824,1,119.46,2.07,GBP,117.39
TXN_009553,2024-03-14 20:33:00,S009,P244,3,942.76,41.92,GBP,2786.3599999999997
TXN_009554,2024-03-25 06:50:00,S005,P157,2,666.15,31.24,USD,1301.06
TXN_009555,2024-03-17 19:32:00,S018,P276,7,1071.06,13.56,GBP,7483.86
TXN_009556,2024-03-08 23:53:00,S063,P227,5,1259.88,35.8,GBP,6263.6
TXN_009557,2024-03-04 05:31:00,S011,P086,6,804.69,48.09,GBP,4780.05
TXN_009558,2024-03-26 02:48:00,S062,P727,2,1133.19,31.65,GBP,2234.73
TXN_009559,2024-03-23 12:47:00,S074,P402,5,1022.56,27.06,USD,5085.739999999999
TXN_009560,2024-03-09 19:58:00,S062,P625,8,915.99,15.46,USD,7312.46
TXN_009561,2024-03-28 04:17:00,S053,P989,5,1109.36,39.44,EUR,5507.36
TXN_009562,2024-03-04 01:51:00,S044,P795,3,1482.07,39.36,USD,4406.85
TXN_009563,2024-03-10 04:41:00,S013,P623,4,467.99,19.8,GBP,1852.16
TXN_009564,2024-03-18 10:08:00,S043,P548,3,1292.79,29.77,EUR,3848.6
TXN_009565,2024-03-02 03:26:00,S001,P940,8,283.22,41.4,USD,2224.36
TXN_009566,2024-03-14 11:28:00,S064,P512,2,898.86,37.2,GBP,1760.52
TXN_009567,2024-03-05 03:59:00,S047,P650,4,425.66,5.23,USD,1697.41
TXN_009568,2024-03-22 04:39:00,S031,P077,3,410.69,41.58,USD,1190.49
TXN_009569,2024-03-13 20:11:00,S033,P718,6,952.88,9.77,GBP,5707.509999999999
TXN_009570,2024-03-10 14:41:00,S018,P643,7,870.27,37.06,USD,6054.829999999999
TXN_009571,2024-03-06 11:46:00,S048,P555,5,973.56,32.04,USD,4835.759999999999
TXN_009572,2024-03-06 12:52:00,S070,P307,4,373.2,33.37,USD,1459.43
TXN_009573,2024-03-08 11:37:00,S053,P503,6,486.22,36.7,EUR,2880.6200000000003
TXN_009574,2024-03-19 01:56:00,S084,P808,4,743.34,30.73,EUR,2942.63
TXN_009575,2024-03-03 04:19:00,S048,P317,7,1472.64,24.37,EUR,10284.11
TXN_009576,2024-03-05 07:39:00,S074,P925,4,306.47,33.18,GBP,1192.7
TXN_009577,2024-03-16 23:15:00,S022,P344,4,996.04,13.93,GBP,3970.23
TXN_009578,2024-03-21 13:25:00,S045,P307,3,613.02,2.62,USD,1836.44
TXN_009579,2024-03-03 14:52:00,S094,P647,7,473.85,9.51,GBP,3307.44
TXN_009580,2024-03-19 05:00:00,S044,P246,8,156.83,42.24,GBP,1212.4
TXN_009581,2024-03-19 23:04:00,S039,P437,4,794.87,4.7,EUR,3174.78
TXN_009582,2024-03-12 07:48:00,S060,P068,3,267.26,21.77,USD,780.01
TXN_009583,2024-03-12 20:13:00,S069,P416,7,1067.32,8.46,EUR,7462.78
TXN_009584,2024-03-19 08:58:00,S029,P457,8,970.61,42.39,USD,7722.49
TXN_009585,2024-03-22 12:32:00,S051,P795,7,531.38,14.57,EUR,3705.0899999999997
TXN_009586,2024-03-23 14:04:00,S033,P257,9,1466.69,47.18,GBP,13153.03
TXN_009587,2024-03-28 16:01:00,S060,P334,8,1374.09,0.25,USD,10992.47
TXN_009588,2024-03-26 02:29:00,S039,P444,5,132.86,19.59,GBP,644.71
TXN_009589,2024-03-15 10:44:00,S050,P426,9,1083.02,29.63,GBP,9717.550000000001
TXN_009590,2024-03-01 11:02:00,S063,P601,6,261.31,49.27,USD,1518.5900000000001
TXN_009591,2024-03-04 17:09:00,S019,P586,7,1096.19,44.49,EUR,7628.84
TXN_009592,2024-03-20 13:54:00,S045,P223,2,484.1,35.66,EUR,932.5400000000001
TXN_009593,2024-03-15 08:40:00,S030,P550,8,1469.66,24.62,EUR,11732.66
TXN_009594,2024-03-16 08:33:00,S064,P944,5,1340.43,10.69,EUR,6691.460000000001
TXN_009595,2024-03-17 15:57:00,S013,P929,4,1076.79,13.59,USD,4293.57
TXN_009596,2024-03-10 03:30:00,S068,P131,3,891.64,41.65,EUR,2633.27
TXN_009597,2024-03-08 12:11:00,S075,P242,3,137.78,49.97,USD,363.37
TXN_009598,2024-03-05 06:11:00,S008,P006,5,794.98,36.2,USD,3938.7000000000003
TXN_009599,2024-03-24 10:53:00,S068,P116,4,540.44,17.89,GBP,2143.8700000000003
TXN_009600,2024-03-08 13:11:00,S056,P953,5,430.59,4.29,GBP,2148.66
TXN_009601,2024-03-16 23:12:00,S051,P986,1,1266.87,40.18,USD,1226.6899999999998
TXN_009602,2024-03-28 11:16:00,S005,P007,9,629.36,27.84,USD,5636.4
TXN_009603,2024-03-03 01:53:00,S010,P269,3,1168.55,22.21,EUR,3483.4399999999996
TXN_009604,2024-03-21 03:11:00,S091,P127,6,298.91,7.77,GBP,1785.69
TXN_009605,2024-03-12 07:26:00,S028,P905,5,374.85,16.62,USD,1857.63
TXN_009606,2024-03-01 06:19:00,S070,P432,2,501.06,20.24,USD,981.88
TXN_009607,2024-03-26 10:03:00,S072,P733,6,585.63,30.08,USD,3483.7
TXN_009608,2024-03-19 01:19:00,S057,P540,3,817.54,49.84,USD,2402.7799999999997
TXN_009609,2024-03-28 05:42:00,S094,P587,4,1154.59,13.86,GBP,4604.5
TXN_009610,2024-03-03 15:43:00,S005,P284,4,962.24,15.13,GBP,3833.83
TXN_009611,2024-03-11 17:17:00,S027,P854,1,488.31,7.49,EUR,480.82
TXN_009612,2024-03-13 09:15:00,S030,P625,6,233.45,24.84,USD,1375.86
TXN_009613,2024-03-03 01:47:00,S030,P847,3,260.71,38.49,EUR,743.6399999999999
TXN_009614,2024-03-21 02:55:00,S095,P014,6,1181.24,30.73,GBP,7056.710000000001
TXN_009615,2024-03-06 21:52:00,S001,P930,2,238.88,37.46,EUR,440.3
TXN_009616,2024-03-22 12:50:00,S054,P409,1,775.52,46.68,GBP,728.84
TXN_009617,2024-03-27 02:42:00,S029,P433,9,665.32,16.69,GBP,5971.1900000000005
TXN_009618,2024-03-26 14:38:00,S011,P808,8,1045.51,34.86,GBP,8329.22
TXN_009619,2024-03-25 03:49:00,S099,P080,4,1157.35,19.54,GBP,4609.86
TXN_009620,2024-03-27 02:47:00,S061,P302,1,1494.27,25.08,EUR,1469.19
TXN_009621,2024-03-28 06:20:00,S029,P726,6,76.88,16.55,USD,444.72999999999996
TXN_009622,2024-03-21 05:13:00,S003,P469,3,857.21,25.36,GBP,2546.27
TXN_009623,2024-03-27 14:17:00,S091,P531,2,789.56,29.36,USD,1549.76
TXN_009624,2024-03-09 06:18:00,S051,P119,4,517.66,41.39,EUR,2029.2499999999998
TXN_009625,2024-03-15 20:13:00,S001,P313,9,570.27,49.41,GBP,5083.02
TXN_009626,2024-03-01 09:56:00,S073,P600,3,1333.85,35.94,USD,3965.6099999999997
TXN_009627,2024-03-28 12:24:00,S092,P489,8,446.53,12.21,USD,3560.0299999999997
TXN_009628,2024-03-05 11:42:00,S041,P057,3,1096.05,33.23,EUR,3254.9199999999996
TXN_009629,2024-03-30 11:21:00,S054,P753,4,158.02,30.72,GBP,601.36
TXN_009630,2024-03-21 04:28:00,S091,P460,7,1265.35,7.68,GBP,8849.769999999999
TXN_009631,2024-03-13 00:37:00,S086,P455,5,1093.86,43.41,EUR,5425.889999999999
TXN_009632,2024-03-01 09:36:00,S007,P049,1,1154.98,17.72,EUR,1137.26
TXN_009633,2024-03-17 19:01:00,S031,P126,2,136.39,49.56,USD,223.21999999999997
TXN_009634,2024-03-03 20:15:00,S038,P100,6,1075.21,0.06,EUR,6451.2
TXN_009635,2024-03-13 17:54:00,S066,P252,6,1375.15,38.45,EUR,8212.45
TXN_009636,2024-03-21 11:58:00,S031,P808,3,889.16,12.63,EUR,2654.85
TXN_009637,2024-03-17 15:50:00,S037,P831,7,313.87,33.59,EUR,2163.5
TXN_009638,2024-03-29 09:52:00,S068,P108,7,521.19,40.65,GBP,3607.6800000000003
TXN_009639,2024-03-09 00:55:00,S074,P108,2,1055.77,34.66,USD,2076.88
TXN_009640,2024-03-17 00:17:00,S087,P112,3,11.89,9.71,GBP,25.96
TXN_009641,2024-03-09 22:15:00,S004,P601,2,456.28,20.68,EUR,891.88
TXN_009642,2024-03-29 04:12:00,S094,P826,5,494.64,43.45,EUR,2429.75
TXN_009643,2024-03-04 11:52:00,S059,P839,9,691.62,36.72,EUR,6187.86
TXN_009644,2024-03-08 21:26:00,S064,P666,7,1231.06,45.95,EUR,8571.47
TXN_009645,2024-03-29 16:28:00,S011,P751,1,1429.33,33.41,EUR,1395.9199999999998
TXN_009646,2024-03-30 03:56:00,S029,P527,9,21.43,29.83,GBP,163.04000000000002
TXN_009647,2024-03-27 08:48:00,S040,P237,7,1251.19,10.21,USD,8748.12
TXN_009648,2024-03-15 20:19:00,S030,P197,4,1271.45,27.18,USD,5058.62
TXN_009649,2024-03-20 18:47:00,S011,P156,9,298.29,42.92,GBP,2641.69
TXN_009650,2024-03-08 02:33:00,S059,P621,2,567.63,20.1,EUR,1115.16
TXN_009651,2024-03-16 18:49:00,S050,P634,9,465.0,49.68,USD,4135.32
TXN_009652,2024-03-12 09:47:00,S047,P212,7,133.58,39.01,EUR,896.0500000000001
TXN_009653,2024-03-29 04:05:00,S060,P844,5,861.19,32.23,EUR,4273.720000000001
TXN_009654,2024-03-25 10:30:00,S061,P325,1,979.44,48.26,USD,931.1800000000001
TXN_009655,2024-03-30 14:49:00,S096,P474,4,1236.07,11.11,USD,4933.17
TXN_009656,2024-03-04 19:20:00,S029,P887,6,466.33,11.73,GBP,2786.25
TXN_009657,2024-03-01 22:06:00,S084,P596,8,850.23,8.01,EUR,6793.83
TXN_009658,2024-03-17 17:10:00,S024,P123,2,1226.09,6.3,EUR,2445.8799999999997
TXN_009659,2024-03-22 12:30:00,S033,P263,4,747.23,3.98,USD,2984.94
TXN_009660,2024-03-21 01:15:00,S060,P013,5,1050.46,32.96,EUR,5219.34
TXN_009661,2024-03-21 20:46:00,S063,P333,7,795.92,27.68,EUR,5543.759999999999
TXN_009662,2024-03-20 00:48:00,S004,P443,4,883.05,17.11,GBP,3515.0899999999997
TXN_009663,2024-03-10 06:51:00,S088,P208,9,431.23,49.75,USD,3831.32
TXN_009664,2024-03-24 22:15:00,S028,P400,9,1408.84,15.73,GBP,12663.83
TXN_009665,2024-03-01 20:49:00,S003,P430,8,930.1,2.02,EUR,7438.78
TXN_009666,2024-03-27 11:43:00,S038,P887,3,959.07,25.39,GBP,2851.82
TXN_009667,2024-03-20 14:48:00,S071,P991,5,1067.99,33.6,GBP,5306.349999999999
TXN_009668,2024-03-25 20:44:00,S090,P476,7,17.33,48.63,USD,72.67999999999998
TXN_009669,2024-03-04 19:35:00,S069,P294,3,1444.4,45.57,USD,4287.630000000001
TXN_009670,2024-03-24 15:52:00,S018,P545,8,707.36,23.57,EUR,5635.31
TXN_009671,2024-03-06 08:17:00,S016,P127,7,681.54,17.05,GBP,4753.73
TXN_009672,2024-03-21 00:26:00,S008,P571,5,996.17,48.27,GBP,4932.579999999999
TXN_009673,2024-03-23 03:21:00,S036,P650,5,1396.87,28.73,EUR,6955.62
TXN_009674,2024-03-29 17:01:00,S008,P046,5,259.78,19.6,GBP,1279.3
TXN_009675,2024-03-03 05:24:00,S034,P494,5,1232.87,6.62,GBP,6157.73
TXN_009676,2024-03-09 18:49:00,S091,P694,3,1177.26,45.55,GBP,3486.2299999999996
TXN_009677,2024-03-09 02:38:00,S065,P858,6,1271.33,3.72,USD,7624.259999999999
TXN_009678,2024-03-26 04:21:00,S067,P559,1,1178.11,19.26,GBP,1158.85
TXN_009679,2024-03-17 06:22:00,S047,P414,8,1101.86,8.49,USD,8806.39
TXN_009680,2024-03-19 05:33:00,S038,P740,4,1012.29,45.87,GBP,4003.29
TXN_009681,2024-03-08 09:38:00,S059,P713,5,1408.91,34.52,USD,7010.03
TXN_009682,2024-03-22 02:29:00,S012,P182,1,255.6,18.37,USD,237.23
TXN_009683,2024-03-13 23:15:00,S004,P835,2,473.7,25.5,EUR,921.9
TXN_009684,2024-03-17 00:00:00,S100,P499,2,56.16,47.31,EUR,65.00999999999999
TXN_009685,2024-03-16 22:17:00,S100,P225,7,265.98,38.85,EUR,1823.0100000000002
TXN_009686,2024-03-17 08:48:00,S045,P550,8,122.77,47.76,USD,934.4
TXN_009687,2024-03-18 16:25:00,S077,P918,8,1324.96,46.95,GBP,10552.73
TXN_009688,2024-03-08 11:08:00,S017,P728,5,957.13,35.12,GBP,4750.53
TXN_009689,2024-03-25 20:01:00,S040,P950,5,631.18,17.31,EUR,3138.5899999999997
TXN_009690,2024-03-30 08:28:00,S053,P830,5,1012.73,5.7,EUR,5057.95
TXN_009691,2024-03-25 16:33:00,S054,P183,7,248.37,7.36,GBP,1731.2300000000002
TXN_009692,2024-03-17 22:19:00,S003,P842,6,1367.63,45.69,EUR,8160.090000000001
TXN_009693,2024-03-03 19:23:00,S007,P096,8,574.26,14.63,EUR,4579.45
TXN_009694,2024-03-15 11:22:00,S030,P202,9,384.35,48.6,GBP,3410.55
TXN_009695,2024-03-19 00:00:00,S084,P487,1,1354.07,11.33,USD,1342.74
TXN_009696,2024-03-05 19:08:00,S094,P113,1,1007.77,21.94,GBP,985.8299999999999
TXN_009697,2024-03-29 06:54:00,S065,P058,4,962.65,32.29,USD,3818.31
TXN_009698,2024-03-10 13:17:00,S080,P162,3,782.64,46.24,GBP,2301.6800000000003
TXN_009699,2024-03-12 00:45:00,S053,P290,4,449.11,17.19,GBP,1779.25
TXN_009700,2024-03-13 15:14:00,S083,P181,3,271.32,42.77,EUR,771.19
TXN_009701,2024-03-11 13:02:00,S011,P091,6,1323.3,10.25,EUR,7929.549999999999
TXN_009702,2024-03-29 18:35:00,S077,P408,4,557.92,28.17,USD,2203.5099999999998
TXN_009703,2024-03-20 01:23:00,S013,P999,9,256.84,22.43,GBP,2289.13
TXN_009704,2024-03-02 17:26:00,S034,P939,2,710.05,39.82,USD,1380.28
TXN_009705,2024-03-09 17:13:00,S077,P707,7,376.07,4.6,EUR,2627.89
TXN_009706,2024-03-10 11:59:00,S066,P699,7,1289.27,7.88,GBP,9017.01
TXN_009707,2024-03-11 22:44:00,S073,P319,3,640.83,24.42,USD,1898.0700000000002
TXN_009708,2024-03-07 13:57:00,S018,P311,3,1494.73,35.82,USD,4448.370000000001
TXN_009709,2024-03-28 02:48:00,S056,P211,7,1143.52,36.91,GBP,7967.73
TXN_009710,2024-03-04 14:15:00,S084,P575,5,262.39,37.52,USD,1274.4299999999998
TXN_009711,2024-03-24 13:16:00,S020,P980,8,1101.38,14.45,EUR,8796.59
TXN_009712,2024-03-06 07:29:00,S039,P613,8,1388.14,0.48,USD,11104.640000000001
TXN_009713,2024-03-27 21:08:00,S097,P298,2,440.34,45.18,EUR,835.5
TXN_009714,2024-03-23 11:17:00,S062,P077,8,803.34,15.67,EUR,6411.05
TXN_009715,2024-03-20 01:34:00,S085,P137,9,723.34,43.52,EUR,6466.54
TXN_009716,2024-03-15 21:41:00,S042,P903,1,404.95,21.12,EUR,383.83
TXN_009717,2024-03-30 03:28:00,S071,P729,6,341.49,48.39,GBP,2000.55
TXN_009718,2024-03-26 09:35:00,S070,P109,5,513.7,31.12,EUR,2537.38
TXN_009719,2024-03-20 00:23:00,S010,P653,8,1176.08,37.33,EUR,9371.31
TXN_009720,2024-03-13 14:27:00,S017,P453,3,497.71,39.27,EUR,1453.86
TXN_009721,2024-03-11 14:34:00,S031,P094,7,720.12,19.83,EUR,5021.01
TXN_009722,2024-03-25 16:47:00,S015,P161,4,570.46,28.25,USD,2253.59
TXN_009723,2024-03-25 14:27:00,S085,P051,8,236.71,49.87,GBP,1843.8100000000002
TXN_009724,2024-03-15 03:21:00,S099,P300,1,142.56,9.92,EUR,132.64000000000001
TXN_009725,2024-03-23 10:36:00,S043,P637,8,249.44,25.98,GBP,1969.54
TXN_009726,2024-03-08 07:12:00,S054,P427,3,417.25,7.31,GBP,1244.44
TXN_009727,2024-03-19 20:54:00,S082,P821,7,1204.82,49.22,USD,8384.52
TXN_009728,2024-03-17 18:16:00,S033,P030,4,1214.02,26.31,EUR,4829.7699999999995
TXN_009729,2024-03-27 22:17:00,S032,P037,2,236.78,33.96,EUR,439.6
TXN_009730,2024-03-26 05:10:00,S054,P505,6,411.51,11.01,GBP,2458.0499999999997
TXN_009731,2024-03-23 20:17:00,S002,P716,8,1196.98,8.94,GBP,9566.9
TXN_009732,2024-03-26 03:12:00,S081,P359,8,719.26,11.31,EUR,5742.7699999999995
TXN_009733,2024-03-06 06:38:00,S091,P499,2,934.75,19.41,GBP,1850.09
TXN_009734,2024-03-25 03:21:00,S025,P011,8,1180.47,36.49,USD,9407.27
TXN_009735,2024-03-23 05:03:00,S030,P592,8,1029.18,16.62,USD,8216.82
TXN_009736,2024-03-07 13:44:00,S073,P549,2,553.89,29.73,USD,1078.05
TXN_009737,2024-03-16 04:54:00,S037,P610,5,716.9,33.82,EUR,3550.68
TXN_009738,2024-03-16 22:19:00,S001,P442,4,1216.01,4.89,GBP,4859.15
TXN_009739,2024-03-18 17:30:00,S082,P979,4,869.56,38.61,USD,3439.6299999999997
TXN_009740,2024-03-07 23:56:00,S068,P557,8,339.15,24.19,GBP,2689.0099999999998
TXN_009741,2024-03-24 02:24:00,S028,P031,7,729.26,24.4,GBP,5080.42
TXN_009742,2024-03-02 20:41:00,S099,P931,4,201.42,49.41,EUR,756.27
TXN_009743,2024-03-14 04:17:00,S031,P220,2,398.28,27.42,USD,769.14
TXN_009744,2024-03-18 23:28:00,S069,P107,1,1070.4,34.09,USD,1036.3100000000002
TXN_009745,2024-03-10 17:35:00,S019,P453,6,1182.91,31.52,USD,7065.9400000000005
TXN_009746,2024-03-11 11:40:00,S081,P053,5,1071.6,35.06,GBP,5322.94
TXN_009747,2024-03-09 07:22:00,S073,P767,6,1293.06,29.33,EUR,7729.03
TXN_009748,2024-03-17 00:14:00,S064,P461,7,191.75,41.23,USD,1301.02
TXN_009749,2024-03-15 17:13:00,S004,P537,1,314.99,31.35,EUR,283.64
TXN_009750,2024-03-13 06:33:00,S045,P296,2,772.24,34.51,USD,1509.97
TXN_009751,2024-03-24 17:02:00,S011,P934,1,186.85,11.6,EUR,175.25
TXN_009752,2024-03-29 04:55:00,S083,P665,2,51.9,15.61,EUR,88.19
TXN_009753,2024-03-01 22:30:00,S020,P518,4,532.92,0.94,USD,2130.74
TXN_009754,2024-03-23 11:56:00,S059,P359,9,389.49,34.42,EUR,3470.99
TXN_009755,2024-03-25 05:55:00,S091,P648,5,825.34,6.93,USD,4119.7699999999995
TXN_009756,2024-03-29 12:54:00,S037,P752,2,11.21,38.4,USD,-15.979999999999997
TXN_009757,2024-03-08 13:13:00,S080,P137,1,1143.65,8.41,GBP,1135.24
TXN_009758,2024-03-18 16:46:00,S069,P132,9,1089.91,36.16,USD,9773.03
TXN_009759,2024-03-09 13:26:00,S047,P925,3,1023.72,38.89,GBP,3032.27
TXN_009760,2024-03-21 03:03:00,S062,P690,5,107.74,42.3,GBP,496.3999999999999
TXN_009761,2024-03-20 14:00:00,S023,P325,6,1386.95,37.88,EUR,8283.820000000002
TXN_009762,2024-03-18 03:54:00,S079,P038,7,590.29,34.95,EUR,4097.08
TXN_009763,2024-03-23 09:27:00,S069,P950,1,1010.69,5.6,GBP,1005.09
TXN_009764,2024-03-15 05:27:00,S057,P202,1,196.0,11.65,GBP,184.35
TXN_009765,2024-03-08 23:07:00,S093,P405,8,863.3,32.17,GBP,6874.23
TXN_009766,2024-03-04 17:04:00,S064,P429,5,1222.63,29.07,EUR,6084.080000000001
TXN_009767,2024-03-30 02:10:00,S031,P737,4,887.29,29.5,USD,3519.66
TXN_009768,2024-03-25 16:25:00,S025,P866,4,941.85,6.26,USD,3761.14
TXN_009769,2024-03-27 22:15:00,S048,P355,5,713.79,5.07,GBP,3563.8799999999997
TXN_009770,2024-03-10 02:46:00,S051,P468,6,1331.72,35.78,GBP,7954.54
TXN_009771,2024-03-24 07:09:00,S030,P829,1,1179.75,16.22,USD,1163.53
TXN_009772,2024-03-15 13:27:00,S005,P922,2,780.35,4.45,EUR,1556.25
TXN_009773,2024-03-28 18:52:00,S063,P868,5,1290.14,23.51,EUR,6427.1900000000005
TXN_009774,2024-03-22 13:27:00,S090,P730,4,312.93,18.93,USD,1232.79
TXN_009775,2024-03-10 16:21:00,S033,P656,4,828.5,36.18,USD,3277.82
TXN_009776,2024-03-05 09:18:00,S012,P154,8,1125.45,21.73,GBP,8981.87
TXN_009777,2024-03-26 01:11:00,S063,P953,1,390.44,11.85,USD,378.59
TXN_009778,2024-03-20 11:17:00,S022,P339,8,533.26,42.4,USD,4223.68
TXN_009779,2024-03-28 02:10:00,S006,P238,4,1335.22,39.27,USD,5301.61
TXN_009780,2024-03-18 20:19:00,S011,P660,7,187.8,12.4,EUR,1302.2
TXN_009781,2024-03-07 02:31:00,S071,P395,8,122.05,20.24,EUR,956.16
TXN_009782,2024-03-16 10:18:00,S009,P053,3,627.64,33.71,EUR,1849.21
TXN_009783,2024-03-29 10:02:00,S066,P935,7,435.42,42.07,GBP,3005.87
TXN_009784,2024-03-10 04:34:00,S080,P895,6,227.2,36.85,EUR,1326.35
TXN_009785,2024-03-25 06:11:00,S055,P596,1,1157.8,6.18,EUR,1151.62
TXN_009786,2024-03-19 04:18:00,S092,P014,1,237.49,20.03,USD,217.46
TXN_009787,2024-03-18 10:17:00,S051,P365,3,873.19,7.24,GBP,2612.3300000000004
TXN_009788,2024-03-04 22:28:00,S008,P714,7,207.2,15.95,USD,1434.4499999999998
TXN_009789,2024-03-22 17:40:00,S032,P477,6,211.38,40.14,GBP,1228.1399999999999
TXN_009790,2024-03-06 02:08:00,S071,P567,4,920.46,17.85,USD,3663.9900000000002
TXN_009791,2024-03-02 02:18:00,S074,P044,1,1047.66,20.93,GBP,1026.73
TXN_009792,2024-03-19 03:31:00,S026,P710,7,388.83,36.62,EUR,2685.19
TXN_009793,2024-03-20 09:10:00,S037,P913,2,1302.77,36.33,USD,2569.21
TXN_009794,2024-03-28 02:19:00,S021,P854,7,974.03,30.55,EUR,6787.66
TXN_009795,2024-03-20 06:57:00,S065,P375,9,1207.15,30.19,EUR,10834.16
TXN_009796,2024-03-07 09:59:00,S065,P074,2,916.65,0.8,USD,1832.5
TXN_009797,2024-03-05 10:51:00,S075,P954,8,866.6,20.35,USD,6912.45
TXN_009798,2024-03-04 05:25:00,S059,P362,1,1342.99,46.74,USD,1296.25
TXN_009799,2024-03-25 00:31:00,S066,P494,1,1100.04,9.53,EUR,1090.51
TXN_009800,2024-03-18 17:07:00,S055,P731,6,766.87,38.13,GBP,4563.09
TXN_009801,2024-03-12 15:08:00,S033,P072,8,680.01,23.46,GBP,5416.62
TXN_009802,2024-03-17 05:12:00,S013,P820,3,618.25,13.46,GBP,1841.29
TXN_009803,2024-03-25 13:27:00,S090,P172,4,425.29,43.33,EUR,1657.8300000000002
TXN_009804,2024-03-24 12:38:00,S003,P131,6,906.96,14.57,EUR,5427.1900000000005
TXN_009805,2024-03-08 15:06:00,S084,P369,7,1025.97,22.16,USD,7159.63
TXN_009806,2024-03-08 13:13:00,S034,P473,7,1296.59,16.22,USD,9059.91
TXN_009807,2024-03-01 20:09:00,S088,P648,6,844.31,44.55,USD,5021.3099999999995
TXN_009808,2024-03-14 02:50:00,S057,P730,7,1301.02,46.92,USD,9060.22
TXN_009809,2024-03-22 14:59:00,S001,P457,4,853.54,45.25,USD,3368.91
TXN_009810,2024-03-30 06:10:00,S062,P675,3,1224.19,27.79,USD,3644.78
TXN_009811,2024-03-12 14:36:00,S076,P437,3,600.95,49.27,GBP,1753.5800000000002
TXN_009812,2024-03-25 17:41:00,S020,P437,9,956.4,42.64,GBP,8564.960000000001
TXN_009813,2024-03-19 15:21:00,S038,P325,5,905.2,25.45,EUR,4500.55
TXN_009814,2024-03-10 18:27:00,S073,P229,2,14.1,14.13,EUR,14.069999999999999
TXN_009815,2024-03-24 18:38:00,S093,P504,9,474.01,8.31,USD,4257.78
TXN_009816,2024-03-07 00:34:00,S071,P057,4,1261.82,45.51,EUR,5001.7699999999995
TXN_009817,2024-03-05 08:02:00,S027,P358,2,581.13,22.91,EUR,1139.35
TXN_009818,2024-03-28 09:24:00,S076,P495,7,1166.68,31.89,GBP,8134.87
TXN_009819,2024-03-04 17:57:00,S035,P885,2,317.36,17.02,EUR,617.7
TXN_009820,2024-03-08 05:17:00,S047,P058,5,407.04,12.43,GBP,2022.77
TXN_009821,2024-03-14 19:18:00,S075,P118,4,1429.43,37.8,EUR,5679.92
TXN_009822,2024-03-15 08:46:00,S065,P335,3,898.32,45.41,GBP,2649.55
TXN_009823,2024-03-04 14:50:00,S029,P385,8,859.71,16.46,GBP,6861.22
TXN_009824,2024-03-26 06:37:00,S054,P578,4,332.59,21.34,EUR,1309.02
TXN_009825,2024-03-09 14:09:00,S077,P488,6,43.6,11.93,GBP,249.67000000000002
TXN_009826,2024-03-09 05:58:00,S083,P100,4,815.61,49.1,EUR,3213.34
TXN_009827,2024-03-05 00:46:00,S018,P330,1,1002.43,14.59,EUR,987.8399999999999
TXN_009828,2024-03-05 04:01:00,S068,P1000,6,957.12,12.6,GBP,5730.12
TXN_009829,2024-03-02 19:55:00,S076,P360,3,567.2,48.0,GBP,1653.6000000000001
TXN_009830,2024-03-01 22:02:00,S081,P394,8,367.19,12.92,USD,2924.6
TXN_009831,2024-03-12 08:10:00,S038,P506,7,148.95,36.8,GBP,1005.8499999999999
TXN_009832,2024-03-12 04:34:00,S089,P001,2,448.45,27.68,EUR,869.22
TXN_009833,2024-03-05 04:20:00,S042,P891,2,1166.1,2.05,EUR,2330.1499999999996
TXN_009834,2024-03-02 13:21:00,S017,P081,9,874.87,1.28,USD,7872.55
TXN_009835,2024-03-22 03:02:00,S079,P904,6,1238.0,3.73,EUR,7424.27
TXN_009836,2024-03-25 13:15:00,S024,P395,6,283.32,4.53,EUR,1695.39
TXN_009837,2024-03-18 11:26:00,S086,P991,4,1055.49,33.93,USD,4188.03
TXN_009838,2024-03-29 07:04:00,S088,P980,1,660.65,0.12,GBP,660.53
TXN_009839,2024-03-30 17:57:00,S076,P743,7,146.55,29.37,EUR,996.4800000000001
TXN_009840,2024-03-25 02:22:00,S074,P919,4,401.25,39.66,USD,1565.34
TXN_009841,2024-03-27 05:01:00,S013,P057,1,1478.56,33.51,EUR,1445.05
TXN_009842,2024-03-20 20:15:00,S095,P149,1,908.32,30.96,EUR,877.36
TXN_009843,2024-03-03 05:00:00,S012,P369,5,111.46,38.5,GBP,518.8
TXN_009844,2024-03-30 17:07:00,S052,P491,5,1490.79,49.93,GBP,7404.0199999999995
TXN_009845,2024-03-27 20:47:00,S073,P893,9,651.55,39.99,USD,5823.96
TXN_009846,2024-03-22 19:44:00,S011,P555,3,1141.34,49.1,EUR,3374.9199999999996
TXN_009847,2024-03-14 08:29:00,S040,P908,3,277.82,1.9,GBP,831.5600000000001
TXN_009848,2024-03-28 15:12:00,S065,P717,1,948.88,9.66,USD,939.22
TXN_009849,2024-03-30 09:09:00,S038,P388,3,1196.13,4.35,GBP,3584.0400000000004
TXN_009850,2024-03-08 02:33:00,S031,P936,5,1130.24,35.39,EUR,5615.8099999999995
TXN_009851,2024-03-30 22:43:00,S009,P046,2,738.15,41.94,GBP,1434.36
TXN_009852,2024-03-17 16:14:00,S060,P695,3,155.49,21.83,USD,444.64000000000004
TXN_009853,2024-03-01 22:04:00,S012,P963,6,994.88,23.65,GBP,5945.63
TXN_009854,2024-03-12 07:37:00,S002,P867,8,483.5,48.24,GBP,3819.76
TXN_009855,2024-03-18 12:16:00,S056,P711,1,600.74,6.04,GBP,594.7
TXN_009856,2024-03-15 20:02:00,S088,P405,2,1350.82,49.71,EUR,2651.93
TXN_009857,2024-03-15 22:17:00,S053,P440,3,1454.06,1.52,USD,4360.66
TXN_009858,2024-03-13 12:32:00,S049,P103,4,353.04,13.36,EUR,1398.8000000000002
TXN_009859,2024-03-02 08:30:00,S035,P239,9,1016.69,26.05,USD,9124.160000000002
TXN_009860,2024-03-18 20:57:00,S015,P061,5,665.33,23.39,USD,3303.26
TXN_009861,2024-03-28 12:26:00,S086,P849,1,212.04,20.37,EUR,191.67
TXN_009862,2024-03-13 15:45:00,S052,P045,8,476.4,18.92,EUR,3792.2799999999997
TXN_009863,2024-03-12 06:00:00,S034,P967,3,1459.49,25.02,EUR,4353.45
TXN_009864,2024-03-23 00:55:00,S018,P810,2,1004.23,11.45,USD,1997.01
TXN_009865,2024-03-27 20:21:00,S011,P057,2,1152.27,43.9,USD,2260.64
TXN_009866,2024-03-07 12:58:00,S034,P348,1,637.9,34.0,EUR,603.9
TXN_009867,2024-03-26 02:32:00,S002,P190,3,12.03,48.2,EUR,-12.110000000000007
TXN_009868,2024-03-19 18:31:00,S061,P646,8,597.66,25.99,USD,4755.29
TXN_009869,2024-03-04 14:35:00,S038,P894,4,596.86,3.46,USD,2383.98
TXN_009870,2024-03-05 17:00:00,S096,P875,3,285.94,16.64,EUR,841.18
TXN_009871,2024-03-03 02:43:00,S041,P608,5,499.6,28.83,EUR,2469.17
TXN_009872,2024-03-03 17:17:00,S020,P510,2,935.04,17.33,GBP,1852.75
TXN_009873,2024-03-19 17:43:00,S038,P553,9,532.32,27.86,USD,4763.02
TXN_009874,2024-03-07 10:44:00,S027,P543,2,815.4,4.44,GBP,1626.36
TXN_009875,2024-03-17 23:04:00,S008,P179,8,267.22,9.38,GBP,2128.38
TXN_009876,2024-03-06 09:34:00,S070,P473,9,422.92,35.61,USD,3770.67
TXN_009877,2024-03-17 18:55:00,S016,P330,5,1271.94,7.66,GBP,6352.040000000001
TXN_009878,2024-03-09 00:38:00,S038,P742,8,435.55,49.77,USD,3434.63
TXN_009879,2024-03-20 22:41:00,S010,P464,8,280.68,21.31,USD,2224.13
TXN_009880,2024-03-04 02:03:00,S065,P354,3,60.05,31.46,GBP,148.68999999999997
TXN_009881,2024-03-28 20:45:00,S082,P869,7,767.36,13.29,EUR,5358.2300000000005
TXN_009882,2024-03-25 16:07:00,S063,P438,2,495.56,24.36,GBP,966.76
TXN_009883,2024-03-19 18:04:00,S052,P323,7,314.48,14.21,EUR,2187.15
TXN_009884,2024-03-12 18:08:00,S098,P766,6,711.98,30.14,GBP,4241.74
TXN_009885,2024-03-27 22:16:00,S025,P601,5,390.14,16.99,GBP,1933.7099999999998
TXN_009886,2024-03-29 18:50:00,S075,P882,4,518.27,1.76,GBP,2071.3199999999997
TXN_009887,2024-03-06 17:24:00,S097,P808,8,1228.32,43.66,USD,9782.9
TXN_009888,2024-03-12 13:11:00,S079,P335,9,1057.12,15.5,EUR,9498.579999999998
TXN_009889,2024-03-30 10:20:00,S064,P851,3,117.24,45.28,GBP,306.43999999999994
TXN_009890,2024-03-28 00:06:00,S089,P682,5,912.81,28.11,USD,4535.94
TXN_009891,2024-03-06 18:01:00,S054,P293,9,56.73,21.37,EUR,489.2
TXN_009892,2024-03-02 04:27:00,S075,P411,2,471.44,33.71,USD,909.17
TXN_009893,2024-03-10 18:19:00,S029,P897,3,988.8,3.77,USD,2962.6299999999997
TXN_009894,2024-03-22 09:27:00,S003,P688,5,1255.06,48.94,EUR,6226.36
TXN_009895,2024-03-26 07:30:00,S021,P132,8,1250.51,17.33,EUR,9986.75
TXN_009896,2024-03-29 20:53:00,S093,P732,8,62.85,45.2,GBP,457.6
TXN_009897,2024-03-24 19:19:00,S026,P630,7,1358.19,6.42,USD,9500.91
TXN_009898,2024-03-03 13:11:00,S046,P310,4,214.54,49.32,GBP,808.8399999999999
TXN_009899,2024-03-08 14:51:00,S081,P973,6,175.97,22.88,EUR,1032.9399999999998
TXN_009900,2024-03-17 21:47:00,S023,P644,3,661.89,11.05,USD,1974.6200000000001
TXN_009901,2024-03-06 18:11:00,S045,P325,7,1119.97,22.09,GBP,7817.7
TXN_009902,2024-03-16 11:27:00,S045,P284,1,150.9,40.94,EUR,109.96000000000001
TXN_009903,2024-03-09 11:32:00,S055,P125,9,638.17,16.8,EUR,5726.73
TXN_009904,2024-03-23 00:01:00,S098,P969,8,1242.29,44.78,EUR,9893.539999999999
TXN_009905,2024-03-27 13:00:00,S089,P656,2,705.26,17.52,GBP,1393.0
TXN_009906,2024-03-30 06:43:00,S080,P521,5,436.7,46.94,EUR,2136.56
TXN_009907,2024-03-17 20:05:00,S045,P086,9,642.93,7.05,GBP,5779.32
TXN_009908,2024-03-25 21:06:00,S100,P377,1,986.26,42.14,GBP,944.12
TXN_009909,2024-03-14 11:49:00,S096,P412,1,223.48,8.02,USD,215.45999999999998
TXN_009910,2024-03-23 20:28:00,S077,P784,2,897.53,26.83,GBP,1768.23
TXN_009911,2024-03-12 10:37:00,S088,P356,2,240.48,14.83,USD,466.13
TXN_009912,2024-03-25 16:18:00,S036,P309,6,126.19,2.18,USD,754.96
TXN_009913,2024-03-03 02:31:00,S032,P378,9,1193.59,43.9,GBP,10698.41
TXN_009914,2024-03-03 22:49:00,S062,P053,8,1039.36,46.12,GBP,8268.759999999998
TXN_009915,2024-03-02 09:10:00,S087,P005,8,1496.27,13.82,GBP,11956.34
TXN_009916,2024-03-03 16:31:00,S051,P716,8,248.43,46.92,EUR,1940.52
TXN_009917,2024-03-29 21:06:00,S071,P635,5,819.13,24.1,EUR,4071.55
TXN_009918,2024-03-06 16:43:00,S090,P232,2,49.21,46.64,GBP,51.78
TXN_009919,2024-03-18 04:10:00,S055,P616,4,1257.17,35.48,EUR,4993.200000000001
TXN_009920,2024-03-18 10:10:00,S093,P307,8,888.79,16.93,GBP,7093.389999999999
TXN_009921,2024-03-25 02:32:00,S057,P443,2,1110.54,13.88,USD,2207.2
TXN_009922,2024-03-24 11:08:00,S093,P995,9,986.05,35.45,GBP,8838.999999999998
TXN_009923,2024-03-30 19:26:00,S095,P549,8,1334.03,44.84,USD,10627.4
TXN_009924,2024-03-25 18:17:00,S090,P813,2,246.12,40.57,GBP,451.67
TXN_009925,2024-03-21 21:14:00,S056,P469,8,322.13,4.26,GBP,2572.7799999999997
TXN_009926,2024-03-20 06:23:00,S011,P512,7,731.09,17.68,USD,5099.95
TXN_009927,2024-03-03 01:12:00,S079,P890,7,1090.15,25.56,USD,7605.490000000001
TXN_009928,2024-03-27 07:12:00,S086,P334,2,870.69,20.78,GBP,1720.6000000000001
TXN_009929,2024-03-24 11:57:00,S032,P719,5,1385.81,37.5,EUR,6891.549999999999
TXN_009930,2024-03-23 23:03:00,S062,P880,3,491.43,28.05,EUR,1446.24
TXN_009931,2024-03-18 04:17:00,S076,P160,1,1250.65,21.96,USD,1228.69
TXN_009932,2024-03-22 00:46:00,S054,P406,1,880.24,5.48,USD,874.76
TXN_009933,2024-03-26 11:07:00,S064,P876,3,1075.44,21.19,USD,3205.13
TXN_009934,2024-03-19 14:01:00,S046,P139,8,938.72,25.69,GBP,7484.070000000001
TXN_009935,2024-03-13 18:27:00,S037,P846,2,696.08,45.79,GBP,1346.3700000000001
TXN_009936,2024-03-21 02:34:00,S097,P571,9,285.92,12.95,USD,2560.3300000000004
TXN_009937,2024-03-02 19:42:00,S014,P585,4,883.26,37.34,EUR,3495.7
TXN_009938,2024-03-12 08:47:00,S005,P798,1,401.54,12.71,EUR,388.83000000000004
TXN_009939,2024-03-01 07:55:00,S033,P067,4,1079.8,29.82,EUR,4289.38
TXN_009940,2024-03-23 00:29:00,S089,P393,9,227.88,13.36,GBP,2037.5600000000002
TXN_009941,2024-03-21 16:50:00,S018,P326,3,55.81,27.17,USD,140.26
TXN_009942,2024-03-25 10:42:00,S086,P505,9,283.83,25.81,EUR,2528.66
TXN_009943,2024-03-15 11:03:00,S066,P702,1,367.29,16.55,GBP,350.74
TXN_009944,2024-03-27 01:22:00,S070,P297,3,1247.26,35.71,USD,3706.0699999999997
TXN_009945,2024-03-19 01:14:00,S019,P898,1,1376.28,38.87,USD,1337.41
TXN_009946,2024-03-23 04:12:00,S071,P228,9,484.0,16.94,GBP,4339.06
TXN_009947,2024-03-13 05:38:00,S040,P447,9,270.14,49.37,USD,2381.89
TXN_009948,2024-03-03 23:06:00,S039,P726,7,909.23,47.82,EUR,6316.790000000001
TXN_009949,2024-03-10 05:17:00,S048,P768,5,1260.13,7.77,EUR,6292.88
TXN_009950,2024-03-08 15:13:00,S036,P095,7,705.81,36.14,USD,4904.53
TXN_009951,2024-03-28 01:20:00,S082,P383,8,911.07,36.59,EUR,7251.97
TXN_009952,2024-03-12 17:38:00,S081,P626,7,1347.24,25.65,GBP,9405.03
TXN_009953,2024-03-30 04:38:00,S054,P313,7,870.77,32.12,EUR,6063.2699999999995
TXN_009954,2024-03-11 02:50:00,S087,P258,2,218.5,2.21,USD,434.79
TXN_009955,2024-03-24 10:05:00,S011,P822,1,563.08,48.47,GBP,514.61
TXN_009956,2024-03-15 23:55:00,S028,P150,8,924.41,8.44,EUR,7386.84
TXN_009957,2024-03-16 07:14:00,S002,P228,8,1114.67,24.58,USD,8892.78
TXN_009958,2024-03-05 06:55:00,S090,P739,9,1332.74,45.63,EUR,11949.03
TXN_009959,2024-03-09 19:40:00,S075,P806,4,1366.72,3.54,GBP,5463.34
TXN_009960,2024-03-28 01:56:00,S027,P243,6,1124.35,38.29,EUR,6707.8099999999995
TXN_009961,2024-03-13 04:51:00,S071,P415,7,442.89,1.92,USD,3098.31
TXN_009962,2024-03-21 00:29:00,S066,P057,1,1078.86,13.95,EUR,1064.9099999999999
TXN_009963,2024-03-23 17:09:00,S089,P810,2,1390.58,0.27,GBP,2780.89
TXN_009964,2024-03-27 19:17:00,S022,P220,7,1480.6,23.42,USD,10340.779999999999
TXN_009965,2024-03-19 22:06:00,S027,P898,4,949.45,28.75,EUR,3769.05
TXN_009966,2024-03-10 14:14:00,S088,P119,4,146.35,37.75,USD,547.65
TXN_009967,2024-03-07 01:04:00,S090,P944,8,842.07,14.11,EUR,6722.450000000001
TXN_009968,2024-03-19 22:15:00,S077,P863,7,1232.71,3.26,USD,8625.710000000001
TXN_009969,2024-03-01 23:12:00,S052,P886,2,926.81,9.83,EUR,1843.79
TXN_009970,2024-03-17 06:04:00,S081,P767,1,1473.57,45.29,USD,1428.28
TXN_009971,2024-03-06 04:44:00,S086,P409,6,1137.0,41.02,EUR,6780.98
TXN_009972,2024-03-04 08:01:00,S015,P555,2,621.46,7.25,EUR,1235.67
TXN_009973,2024-03-18 01:04:00,S007,P864,1,40.23,35.35,GBP,4.8799999999999955
TXN_009974,2024-03-01 13:22:00,S021,P783,2,214.05,0.53,EUR,427.57000000000005
TXN_009975,2024-03-30 06:37:00,S087,P612,1,658.29,5.09,USD,653.1999999999999
TXN_009976,2024-03-23 11:34:00,S076,P793,5,441.15,2.11,EUR,2203.64
TXN_009977,2024-03-13 13:50:00,S003,P103,4,699.44,23.21,USD,2774.55
TXN_009978,2024-03-16 23:47:00,S066,P909,9,696.59,9.26,EUR,6260.05
TXN_009979,2024-03-21 05:59:00,S076,P988,5,873.35,47.2,USD,4319.55
TXN_009980,2024-03-13 08:55:00,S041,P490,8,202.49,17.52,EUR,1602.4
TXN_009981,2024-03-23 15:25:00,S075,P594,6,903.51,30.58,GBP,5390.48
TXN_009982,2024-03-10 04:05:00,S091,P916,2,328.82,15.93,USD,641.71
TXN_009983,2024-03-11 20:40:00,S022,P804,6,1424.02,34.3,GBP,8509.82
TXN_009984,2024-03-30 16:35:00,S100,P622,4,301.17,35.4,USD,1169.28
TXN_009985,2024-03-19 21:32:00,S014,P732,4,712.68,11.88,USD,2838.8399999999997
TXN_009986,2024-03-24 14:11:00,S079,P926,9,582.41,27.92,EUR,5213.7699999999995
TXN_009987,2024-03-08 01:13:00,S079,P418,4,558.92,29.05,EUR,2206.6299999999997
TXN_009988,2024-03-15 04:44:00,S015,P302,6,232.37,23.75,EUR,1370.47
TXN_009989,2024-03-29 10:24:00,S064,P109,9,664.59,10.76,USD,5970.55
TXN_009990,2024-03-29 16:05:00,S091,P981,3,1158.18,30.6,GBP,3443.94
TXN_009991,2024-03-27 16:49:00,S038,P412,7,1274.56,47.32,GBP,8874.6
TXN_009992,2024-03-25 19:30:00,S024,P067,3,65.03,47.99,USD,147.1
TXN_009993,2024-03-09 09:58:00,S091,P368,6,904.72,45.72,USD,5382.599999999999
TXN_009994,2024-03-14 02:13:00,S016,P026,1,1074.34,1.14,EUR,1073.1999999999998
TXN_009995,2024-03-01 16:42:00,S063,P367,7,723.34,40.77,GBP,5022.61
TXN_009996,2024-03-02 13:39:00,S032,P883,8,551.1,9.46,USD,4399.34
TXN_009997,2024-03-30 23:15:00,S040,P766,7,906.33,24.33,GBP,6319.9800000000005
TXN_009998,2024-03-02 19:11:00,S066,P496,3,46.62,3.54,EUR,136.32
TXN_009999,2024-03-14 13:22:00,S051,P083,8,1028.82,27.12,EUR,8203.439999999999
TXN_010000,2024-03-11 04:32:00,S090,P239,4,1354.25,5.81,GBP,5411.19
