[2025-12-07T15:05:40.454+0000] {processor.py:161} INFO - Started process (PID=71) to work on /home/airflow/.local/lib/python3.8/site-packages/airflow/example_dags/example_xcomargs.py
[2025-12-07T15:05:40.457+0000] {processor.py:830} INFO - Processing file /home/airflow/.local/lib/python3.8/site-packages/airflow/example_dags/example_xcomargs.py for tasks to queue
[2025-12-07T15:05:40.460+0000] {logging_mixin.py:188} INFO - [2025-12-07T15:05:40.460+0000] {dagbag.py:538} INFO - Filling up the DagBag from /home/airflow/.local/lib/python3.8/site-packages/airflow/example_dags/example_xcomargs.py
[2025-12-07T15:05:40.479+0000] {processor.py:840} INFO - DAG(s) 'example_xcom_args_with_operators', 'example_xcom_args' retrieved from /home/airflow/.local/lib/python3.8/site-packages/airflow/example_dags/example_xcomargs.py
[2025-12-07T15:05:40.758+0000] {logging_mixin.py:188} INFO - [2025-12-07T15:05:40.757+0000] {dag.py:3036} INFO - Sync 2 DAGs
[2025-12-07T15:05:40.773+0000] {logging_mixin.py:188} INFO - [2025-12-07T15:05:40.773+0000] {dag.py:3823} INFO - Setting next_dagrun for example_xcom_args to None, run_after=None
[2025-12-07T15:05:40.779+0000] {logging_mixin.py:188} INFO - [2025-12-07T15:05:40.778+0000] {dag.py:3823} INFO - Setting next_dagrun for example_xcom_args_with_operators to None, run_after=None
[2025-12-07T15:05:40.815+0000] {processor.py:183} INFO - Processing /home/airflow/.local/lib/python3.8/site-packages/airflow/example_dags/example_xcomargs.py took 0.369 seconds
[2025-12-07T15:06:11.767+0000] {processor.py:161} INFO - Started process (PID=130) to work on /home/airflow/.local/lib/python3.8/site-packages/airflow/example_dags/example_xcomargs.py
[2025-12-07T15:06:11.768+0000] {processor.py:830} INFO - Processing file /home/airflow/.local/lib/python3.8/site-packages/airflow/example_dags/example_xcomargs.py for tasks to queue
[2025-12-07T15:06:11.771+0000] {logging_mixin.py:188} INFO - [2025-12-07T15:06:11.770+0000] {dagbag.py:538} INFO - Filling up the DagBag from /home/airflow/.local/lib/python3.8/site-packages/airflow/example_dags/example_xcomargs.py
[2025-12-07T15:06:11.783+0000] {processor.py:840} INFO - DAG(s) 'example_xcom_args', 'example_xcom_args_with_operators' retrieved from /home/airflow/.local/lib/python3.8/site-packages/airflow/example_dags/example_xcomargs.py
[2025-12-07T15:06:11.823+0000] {logging_mixin.py:188} INFO - [2025-12-07T15:06:11.823+0000] {dag.py:3036} INFO - Sync 2 DAGs
[2025-12-07T15:06:11.842+0000] {logging_mixin.py:188} INFO - [2025-12-07T15:06:11.842+0000] {dag.py:3823} INFO - Setting next_dagrun for example_xcom_args to None, run_after=None
[2025-12-07T15:06:11.848+0000] {logging_mixin.py:188} INFO - [2025-12-07T15:06:11.848+0000] {dag.py:3823} INFO - Setting next_dagrun for example_xcom_args_with_operators to None, run_after=None
[2025-12-07T15:06:11.879+0000] {processor.py:183} INFO - Processing /home/airflow/.local/lib/python3.8/site-packages/airflow/example_dags/example_xcomargs.py took 0.118 seconds
[2025-12-07T15:06:41.979+0000] {processor.py:161} INFO - Started process (PID=189) to work on /home/airflow/.local/lib/python3.8/site-packages/airflow/example_dags/example_xcomargs.py
[2025-12-07T15:06:41.981+0000] {processor.py:830} INFO - Processing file /home/airflow/.local/lib/python3.8/site-packages/airflow/example_dags/example_xcomargs.py for tasks to queue
[2025-12-07T15:06:41.985+0000] {logging_mixin.py:188} INFO - [2025-12-07T15:06:41.984+0000] {dagbag.py:538} INFO - Filling up the DagBag from /home/airflow/.local/lib/python3.8/site-packages/airflow/example_dags/example_xcomargs.py
[2025-12-07T15:06:41.999+0000] {processor.py:840} INFO - DAG(s) 'example_xcom_args_with_operators', 'example_xcom_args' retrieved from /home/airflow/.local/lib/python3.8/site-packages/airflow/example_dags/example_xcomargs.py
[2025-12-07T15:06:42.037+0000] {logging_mixin.py:188} INFO - [2025-12-07T15:06:42.036+0000] {dag.py:3036} INFO - Sync 2 DAGs
[2025-12-07T15:06:42.060+0000] {logging_mixin.py:188} INFO - [2025-12-07T15:06:42.059+0000] {dag.py:3823} INFO - Setting next_dagrun for example_xcom_args to None, run_after=None
[2025-12-07T15:06:42.069+0000] {logging_mixin.py:188} INFO - [2025-12-07T15:06:42.068+0000] {dag.py:3823} INFO - Setting next_dagrun for example_xcom_args_with_operators to None, run_after=None
[2025-12-07T15:06:42.108+0000] {processor.py:183} INFO - Processing /home/airflow/.local/lib/python3.8/site-packages/airflow/example_dags/example_xcomargs.py took 0.136 seconds
[2025-12-07T15:07:12.365+0000] {processor.py:161} INFO - Started process (PID=248) to work on /home/airflow/.local/lib/python3.8/site-packages/airflow/example_dags/example_xcomargs.py
[2025-12-07T15:07:12.366+0000] {processor.py:830} INFO - Processing file /home/airflow/.local/lib/python3.8/site-packages/airflow/example_dags/example_xcomargs.py for tasks to queue
[2025-12-07T15:07:12.371+0000] {logging_mixin.py:188} INFO - [2025-12-07T15:07:12.371+0000] {dagbag.py:538} INFO - Filling up the DagBag from /home/airflow/.local/lib/python3.8/site-packages/airflow/example_dags/example_xcomargs.py
[2025-12-07T15:07:12.382+0000] {processor.py:840} INFO - DAG(s) 'example_xcom_args', 'example_xcom_args_with_operators' retrieved from /home/airflow/.local/lib/python3.8/site-packages/airflow/example_dags/example_xcomargs.py
[2025-12-07T15:07:12.423+0000] {logging_mixin.py:188} INFO - [2025-12-07T15:07:12.423+0000] {dag.py:3036} INFO - Sync 2 DAGs
[2025-12-07T15:07:12.445+0000] {logging_mixin.py:188} INFO - [2025-12-07T15:07:12.444+0000] {dag.py:3823} INFO - Setting next_dagrun for example_xcom_args to None, run_after=None
[2025-12-07T15:07:12.450+0000] {logging_mixin.py:188} INFO - [2025-12-07T15:07:12.450+0000] {dag.py:3823} INFO - Setting next_dagrun for example_xcom_args_with_operators to None, run_after=None
[2025-12-07T15:07:12.482+0000] {processor.py:183} INFO - Processing /home/airflow/.local/lib/python3.8/site-packages/airflow/example_dags/example_xcomargs.py took 0.123 seconds
[2025-12-07T15:07:42.564+0000] {processor.py:161} INFO - Started process (PID=307) to work on /home/airflow/.local/lib/python3.8/site-packages/airflow/example_dags/example_xcomargs.py
[2025-12-07T15:07:42.566+0000] {processor.py:830} INFO - Processing file /home/airflow/.local/lib/python3.8/site-packages/airflow/example_dags/example_xcomargs.py for tasks to queue
[2025-12-07T15:07:42.573+0000] {logging_mixin.py:188} INFO - [2025-12-07T15:07:42.572+0000] {dagbag.py:538} INFO - Filling up the DagBag from /home/airflow/.local/lib/python3.8/site-packages/airflow/example_dags/example_xcomargs.py
[2025-12-07T15:07:42.594+0000] {processor.py:840} INFO - DAG(s) 'example_xcom_args_with_operators', 'example_xcom_args' retrieved from /home/airflow/.local/lib/python3.8/site-packages/airflow/example_dags/example_xcomargs.py
[2025-12-07T15:07:42.715+0000] {logging_mixin.py:188} INFO - [2025-12-07T15:07:42.714+0000] {dag.py:3036} INFO - Sync 2 DAGs
[2025-12-07T15:07:42.743+0000] {logging_mixin.py:188} INFO - [2025-12-07T15:07:42.743+0000] {dag.py:3823} INFO - Setting next_dagrun for example_xcom_args to None, run_after=None
[2025-12-07T15:07:42.748+0000] {logging_mixin.py:188} INFO - [2025-12-07T15:07:42.748+0000] {dag.py:3823} INFO - Setting next_dagrun for example_xcom_args_with_operators to None, run_after=None
[2025-12-07T15:07:42.785+0000] {processor.py:183} INFO - Processing /home/airflow/.local/lib/python3.8/site-packages/airflow/example_dags/example_xcomargs.py took 0.229 seconds
[2025-12-07T15:08:12.863+0000] {processor.py:161} INFO - Started process (PID=366) to work on /home/airflow/.local/lib/python3.8/site-packages/airflow/example_dags/example_xcomargs.py
[2025-12-07T15:08:12.866+0000] {processor.py:830} INFO - Processing file /home/airflow/.local/lib/python3.8/site-packages/airflow/example_dags/example_xcomargs.py for tasks to queue
[2025-12-07T15:08:12.871+0000] {logging_mixin.py:188} INFO - [2025-12-07T15:08:12.870+0000] {dagbag.py:538} INFO - Filling up the DagBag from /home/airflow/.local/lib/python3.8/site-packages/airflow/example_dags/example_xcomargs.py
[2025-12-07T15:08:12.893+0000] {processor.py:840} INFO - DAG(s) 'example_xcom_args', 'example_xcom_args_with_operators' retrieved from /home/airflow/.local/lib/python3.8/site-packages/airflow/example_dags/example_xcomargs.py
[2025-12-07T15:08:12.972+0000] {logging_mixin.py:188} INFO - [2025-12-07T15:08:12.971+0000] {dag.py:3036} INFO - Sync 2 DAGs
[2025-12-07T15:08:12.996+0000] {logging_mixin.py:188} INFO - [2025-12-07T15:08:12.995+0000] {dag.py:3823} INFO - Setting next_dagrun for example_xcom_args to None, run_after=None
[2025-12-07T15:08:13.004+0000] {logging_mixin.py:188} INFO - [2025-12-07T15:08:13.004+0000] {dag.py:3823} INFO - Setting next_dagrun for example_xcom_args_with_operators to None, run_after=None
[2025-12-07T15:08:13.040+0000] {processor.py:183} INFO - Processing /home/airflow/.local/lib/python3.8/site-packages/airflow/example_dags/example_xcomargs.py took 0.185 seconds
[2025-12-07T15:08:43.113+0000] {processor.py:161} INFO - Started process (PID=425) to work on /home/airflow/.local/lib/python3.8/site-packages/airflow/example_dags/example_xcomargs.py
[2025-12-07T15:08:43.114+0000] {processor.py:830} INFO - Processing file /home/airflow/.local/lib/python3.8/site-packages/airflow/example_dags/example_xcomargs.py for tasks to queue
[2025-12-07T15:08:43.118+0000] {logging_mixin.py:188} INFO - [2025-12-07T15:08:43.117+0000] {dagbag.py:538} INFO - Filling up the DagBag from /home/airflow/.local/lib/python3.8/site-packages/airflow/example_dags/example_xcomargs.py
[2025-12-07T15:08:43.128+0000] {processor.py:840} INFO - DAG(s) 'example_xcom_args', 'example_xcom_args_with_operators' retrieved from /home/airflow/.local/lib/python3.8/site-packages/airflow/example_dags/example_xcomargs.py
[2025-12-07T15:08:43.165+0000] {logging_mixin.py:188} INFO - [2025-12-07T15:08:43.165+0000] {dag.py:3036} INFO - Sync 2 DAGs
[2025-12-07T15:08:43.182+0000] {logging_mixin.py:188} INFO - [2025-12-07T15:08:43.182+0000] {dag.py:3823} INFO - Setting next_dagrun for example_xcom_args to None, run_after=None
[2025-12-07T15:08:43.188+0000] {logging_mixin.py:188} INFO - [2025-12-07T15:08:43.188+0000] {dag.py:3823} INFO - Setting next_dagrun for example_xcom_args_with_operators to None, run_after=None
[2025-12-07T15:08:43.218+0000] {processor.py:183} INFO - Processing /home/airflow/.local/lib/python3.8/site-packages/airflow/example_dags/example_xcomargs.py took 0.111 seconds
[2025-12-07T15:09:13.297+0000] {processor.py:161} INFO - Started process (PID=484) to work on /home/airflow/.local/lib/python3.8/site-packages/airflow/example_dags/example_xcomargs.py
[2025-12-07T15:09:13.299+0000] {processor.py:830} INFO - Processing file /home/airflow/.local/lib/python3.8/site-packages/airflow/example_dags/example_xcomargs.py for tasks to queue
[2025-12-07T15:09:13.302+0000] {logging_mixin.py:188} INFO - [2025-12-07T15:09:13.301+0000] {dagbag.py:538} INFO - Filling up the DagBag from /home/airflow/.local/lib/python3.8/site-packages/airflow/example_dags/example_xcomargs.py
[2025-12-07T15:09:13.313+0000] {processor.py:840} INFO - DAG(s) 'example_xcom_args', 'example_xcom_args_with_operators' retrieved from /home/airflow/.local/lib/python3.8/site-packages/airflow/example_dags/example_xcomargs.py
[2025-12-07T15:09:13.349+0000] {logging_mixin.py:188} INFO - [2025-12-07T15:09:13.349+0000] {dag.py:3036} INFO - Sync 2 DAGs
[2025-12-07T15:09:13.365+0000] {logging_mixin.py:188} INFO - [2025-12-07T15:09:13.365+0000] {dag.py:3823} INFO - Setting next_dagrun for example_xcom_args to None, run_after=None
[2025-12-07T15:09:13.370+0000] {logging_mixin.py:188} INFO - [2025-12-07T15:09:13.370+0000] {dag.py:3823} INFO - Setting next_dagrun for example_xcom_args_with_operators to None, run_after=None
[2025-12-07T15:09:13.399+0000] {processor.py:183} INFO - Processing /home/airflow/.local/lib/python3.8/site-packages/airflow/example_dags/example_xcomargs.py took 0.109 seconds
[2025-12-07T15:09:43.449+0000] {processor.py:161} INFO - Started process (PID=543) to work on /home/airflow/.local/lib/python3.8/site-packages/airflow/example_dags/example_xcomargs.py
[2025-12-07T15:09:43.451+0000] {processor.py:830} INFO - Processing file /home/airflow/.local/lib/python3.8/site-packages/airflow/example_dags/example_xcomargs.py for tasks to queue
[2025-12-07T15:09:43.454+0000] {logging_mixin.py:188} INFO - [2025-12-07T15:09:43.453+0000] {dagbag.py:538} INFO - Filling up the DagBag from /home/airflow/.local/lib/python3.8/site-packages/airflow/example_dags/example_xcomargs.py
[2025-12-07T15:09:43.464+0000] {processor.py:840} INFO - DAG(s) 'example_xcom_args', 'example_xcom_args_with_operators' retrieved from /home/airflow/.local/lib/python3.8/site-packages/airflow/example_dags/example_xcomargs.py
[2025-12-07T15:09:43.500+0000] {logging_mixin.py:188} INFO - [2025-12-07T15:09:43.499+0000] {dag.py:3036} INFO - Sync 2 DAGs
[2025-12-07T15:09:43.515+0000] {logging_mixin.py:188} INFO - [2025-12-07T15:09:43.514+0000] {dag.py:3823} INFO - Setting next_dagrun for example_xcom_args to None, run_after=None
[2025-12-07T15:09:43.519+0000] {logging_mixin.py:188} INFO - [2025-12-07T15:09:43.519+0000] {dag.py:3823} INFO - Setting next_dagrun for example_xcom_args_with_operators to None, run_after=None
[2025-12-07T15:09:43.546+0000] {processor.py:183} INFO - Processing /home/airflow/.local/lib/python3.8/site-packages/airflow/example_dags/example_xcomargs.py took 0.102 seconds
[2025-12-07T15:10:13.694+0000] {processor.py:161} INFO - Started process (PID=602) to work on /home/airflow/.local/lib/python3.8/site-packages/airflow/example_dags/example_xcomargs.py
[2025-12-07T15:10:13.698+0000] {processor.py:830} INFO - Processing file /home/airflow/.local/lib/python3.8/site-packages/airflow/example_dags/example_xcomargs.py for tasks to queue
[2025-12-07T15:10:13.701+0000] {logging_mixin.py:188} INFO - [2025-12-07T15:10:13.701+0000] {dagbag.py:538} INFO - Filling up the DagBag from /home/airflow/.local/lib/python3.8/site-packages/airflow/example_dags/example_xcomargs.py
[2025-12-07T15:10:13.714+0000] {processor.py:840} INFO - DAG(s) 'example_xcom_args', 'example_xcom_args_with_operators' retrieved from /home/airflow/.local/lib/python3.8/site-packages/airflow/example_dags/example_xcomargs.py
[2025-12-07T15:10:13.748+0000] {logging_mixin.py:188} INFO - [2025-12-07T15:10:13.748+0000] {dag.py:3036} INFO - Sync 2 DAGs
[2025-12-07T15:10:13.765+0000] {logging_mixin.py:188} INFO - [2025-12-07T15:10:13.764+0000] {dag.py:3823} INFO - Setting next_dagrun for example_xcom_args to None, run_after=None
[2025-12-07T15:10:13.770+0000] {logging_mixin.py:188} INFO - [2025-12-07T15:10:13.770+0000] {dag.py:3823} INFO - Setting next_dagrun for example_xcom_args_with_operators to None, run_after=None
[2025-12-07T15:10:13.803+0000] {processor.py:183} INFO - Processing /home/airflow/.local/lib/python3.8/site-packages/airflow/example_dags/example_xcomargs.py took 0.116 seconds
[2025-12-07T15:10:44.110+0000] {processor.py:161} INFO - Started process (PID=661) to work on /home/airflow/.local/lib/python3.8/site-packages/airflow/example_dags/example_xcomargs.py
[2025-12-07T15:10:44.112+0000] {processor.py:830} INFO - Processing file /home/airflow/.local/lib/python3.8/site-packages/airflow/example_dags/example_xcomargs.py for tasks to queue
[2025-12-07T15:10:44.117+0000] {logging_mixin.py:188} INFO - [2025-12-07T15:10:44.116+0000] {dagbag.py:538} INFO - Filling up the DagBag from /home/airflow/.local/lib/python3.8/site-packages/airflow/example_dags/example_xcomargs.py
[2025-12-07T15:10:44.130+0000] {processor.py:840} INFO - DAG(s) 'example_xcom_args', 'example_xcom_args_with_operators' retrieved from /home/airflow/.local/lib/python3.8/site-packages/airflow/example_dags/example_xcomargs.py
[2025-12-07T15:10:44.165+0000] {logging_mixin.py:188} INFO - [2025-12-07T15:10:44.165+0000] {dag.py:3036} INFO - Sync 2 DAGs
[2025-12-07T15:10:44.182+0000] {logging_mixin.py:188} INFO - [2025-12-07T15:10:44.182+0000] {dag.py:3823} INFO - Setting next_dagrun for example_xcom_args to None, run_after=None
[2025-12-07T15:10:44.188+0000] {logging_mixin.py:188} INFO - [2025-12-07T15:10:44.187+0000] {dag.py:3823} INFO - Setting next_dagrun for example_xcom_args_with_operators to None, run_after=None
[2025-12-07T15:10:44.228+0000] {processor.py:183} INFO - Processing /home/airflow/.local/lib/python3.8/site-packages/airflow/example_dags/example_xcomargs.py took 0.123 seconds
[2025-12-07T15:11:14.400+0000] {processor.py:161} INFO - Started process (PID=720) to work on /home/airflow/.local/lib/python3.8/site-packages/airflow/example_dags/example_xcomargs.py
[2025-12-07T15:11:14.402+0000] {processor.py:830} INFO - Processing file /home/airflow/.local/lib/python3.8/site-packages/airflow/example_dags/example_xcomargs.py for tasks to queue
[2025-12-07T15:11:14.404+0000] {logging_mixin.py:188} INFO - [2025-12-07T15:11:14.404+0000] {dagbag.py:538} INFO - Filling up the DagBag from /home/airflow/.local/lib/python3.8/site-packages/airflow/example_dags/example_xcomargs.py
[2025-12-07T15:11:14.416+0000] {processor.py:840} INFO - DAG(s) 'example_xcom_args_with_operators', 'example_xcom_args' retrieved from /home/airflow/.local/lib/python3.8/site-packages/airflow/example_dags/example_xcomargs.py
[2025-12-07T15:11:14.454+0000] {logging_mixin.py:188} INFO - [2025-12-07T15:11:14.454+0000] {dag.py:3036} INFO - Sync 2 DAGs
[2025-12-07T15:11:14.471+0000] {logging_mixin.py:188} INFO - [2025-12-07T15:11:14.471+0000] {dag.py:3823} INFO - Setting next_dagrun for example_xcom_args to None, run_after=None
[2025-12-07T15:11:14.476+0000] {logging_mixin.py:188} INFO - [2025-12-07T15:11:14.476+0000] {dag.py:3823} INFO - Setting next_dagrun for example_xcom_args_with_operators to None, run_after=None
[2025-12-07T15:11:14.508+0000] {processor.py:183} INFO - Processing /home/airflow/.local/lib/python3.8/site-packages/airflow/example_dags/example_xcomargs.py took 0.114 seconds
[2025-12-07T15:11:44.778+0000] {processor.py:161} INFO - Started process (PID=779) to work on /home/airflow/.local/lib/python3.8/site-packages/airflow/example_dags/example_xcomargs.py
[2025-12-07T15:11:44.779+0000] {processor.py:830} INFO - Processing file /home/airflow/.local/lib/python3.8/site-packages/airflow/example_dags/example_xcomargs.py for tasks to queue
[2025-12-07T15:11:44.781+0000] {logging_mixin.py:188} INFO - [2025-12-07T15:11:44.781+0000] {dagbag.py:538} INFO - Filling up the DagBag from /home/airflow/.local/lib/python3.8/site-packages/airflow/example_dags/example_xcomargs.py
[2025-12-07T15:11:44.792+0000] {processor.py:840} INFO - DAG(s) 'example_xcom_args_with_operators', 'example_xcom_args' retrieved from /home/airflow/.local/lib/python3.8/site-packages/airflow/example_dags/example_xcomargs.py
[2025-12-07T15:11:44.839+0000] {logging_mixin.py:188} INFO - [2025-12-07T15:11:44.838+0000] {dag.py:3036} INFO - Sync 2 DAGs
[2025-12-07T15:11:44.854+0000] {logging_mixin.py:188} INFO - [2025-12-07T15:11:44.854+0000] {dag.py:3823} INFO - Setting next_dagrun for example_xcom_args to None, run_after=None
[2025-12-07T15:11:44.861+0000] {logging_mixin.py:188} INFO - [2025-12-07T15:11:44.861+0000] {dag.py:3823} INFO - Setting next_dagrun for example_xcom_args_with_operators to None, run_after=None
[2025-12-07T15:11:44.896+0000] {processor.py:183} INFO - Processing /home/airflow/.local/lib/python3.8/site-packages/airflow/example_dags/example_xcomargs.py took 0.123 seconds
[2025-12-07T15:12:15.082+0000] {processor.py:161} INFO - Started process (PID=838) to work on /home/airflow/.local/lib/python3.8/site-packages/airflow/example_dags/example_xcomargs.py
[2025-12-07T15:12:15.084+0000] {processor.py:830} INFO - Processing file /home/airflow/.local/lib/python3.8/site-packages/airflow/example_dags/example_xcomargs.py for tasks to queue
[2025-12-07T15:12:15.087+0000] {logging_mixin.py:188} INFO - [2025-12-07T15:12:15.086+0000] {dagbag.py:538} INFO - Filling up the DagBag from /home/airflow/.local/lib/python3.8/site-packages/airflow/example_dags/example_xcomargs.py
[2025-12-07T15:12:15.098+0000] {processor.py:840} INFO - DAG(s) 'example_xcom_args', 'example_xcom_args_with_operators' retrieved from /home/airflow/.local/lib/python3.8/site-packages/airflow/example_dags/example_xcomargs.py
[2025-12-07T15:12:15.133+0000] {logging_mixin.py:188} INFO - [2025-12-07T15:12:15.133+0000] {dag.py:3036} INFO - Sync 2 DAGs
[2025-12-07T15:12:15.149+0000] {logging_mixin.py:188} INFO - [2025-12-07T15:12:15.149+0000] {dag.py:3823} INFO - Setting next_dagrun for example_xcom_args to None, run_after=None
[2025-12-07T15:12:15.156+0000] {logging_mixin.py:188} INFO - [2025-12-07T15:12:15.156+0000] {dag.py:3823} INFO - Setting next_dagrun for example_xcom_args_with_operators to None, run_after=None
[2025-12-07T15:12:15.184+0000] {processor.py:183} INFO - Processing /home/airflow/.local/lib/python3.8/site-packages/airflow/example_dags/example_xcomargs.py took 0.108 seconds
[2025-12-07T15:12:45.425+0000] {processor.py:161} INFO - Started process (PID=897) to work on /home/airflow/.local/lib/python3.8/site-packages/airflow/example_dags/example_xcomargs.py
[2025-12-07T15:12:45.426+0000] {processor.py:830} INFO - Processing file /home/airflow/.local/lib/python3.8/site-packages/airflow/example_dags/example_xcomargs.py for tasks to queue
[2025-12-07T15:12:45.430+0000] {logging_mixin.py:188} INFO - [2025-12-07T15:12:45.429+0000] {dagbag.py:538} INFO - Filling up the DagBag from /home/airflow/.local/lib/python3.8/site-packages/airflow/example_dags/example_xcomargs.py
[2025-12-07T15:12:45.442+0000] {processor.py:840} INFO - DAG(s) 'example_xcom_args', 'example_xcom_args_with_operators' retrieved from /home/airflow/.local/lib/python3.8/site-packages/airflow/example_dags/example_xcomargs.py
[2025-12-07T15:12:45.478+0000] {logging_mixin.py:188} INFO - [2025-12-07T15:12:45.478+0000] {dag.py:3036} INFO - Sync 2 DAGs
[2025-12-07T15:12:45.494+0000] {logging_mixin.py:188} INFO - [2025-12-07T15:12:45.493+0000] {dag.py:3823} INFO - Setting next_dagrun for example_xcom_args to None, run_after=None
[2025-12-07T15:12:45.499+0000] {logging_mixin.py:188} INFO - [2025-12-07T15:12:45.499+0000] {dag.py:3823} INFO - Setting next_dagrun for example_xcom_args_with_operators to None, run_after=None
[2025-12-07T15:12:45.528+0000] {processor.py:183} INFO - Processing /home/airflow/.local/lib/python3.8/site-packages/airflow/example_dags/example_xcomargs.py took 0.111 seconds
[2025-12-07T15:13:15.735+0000] {processor.py:161} INFO - Started process (PID=956) to work on /home/airflow/.local/lib/python3.8/site-packages/airflow/example_dags/example_xcomargs.py
[2025-12-07T15:13:15.737+0000] {processor.py:830} INFO - Processing file /home/airflow/.local/lib/python3.8/site-packages/airflow/example_dags/example_xcomargs.py for tasks to queue
[2025-12-07T15:13:15.739+0000] {logging_mixin.py:188} INFO - [2025-12-07T15:13:15.739+0000] {dagbag.py:538} INFO - Filling up the DagBag from /home/airflow/.local/lib/python3.8/site-packages/airflow/example_dags/example_xcomargs.py
[2025-12-07T15:13:15.749+0000] {processor.py:840} INFO - DAG(s) 'example_xcom_args', 'example_xcom_args_with_operators' retrieved from /home/airflow/.local/lib/python3.8/site-packages/airflow/example_dags/example_xcomargs.py
[2025-12-07T15:13:15.780+0000] {logging_mixin.py:188} INFO - [2025-12-07T15:13:15.780+0000] {dag.py:3036} INFO - Sync 2 DAGs
[2025-12-07T15:13:15.795+0000] {logging_mixin.py:188} INFO - [2025-12-07T15:13:15.795+0000] {dag.py:3823} INFO - Setting next_dagrun for example_xcom_args to None, run_after=None
[2025-12-07T15:13:15.801+0000] {logging_mixin.py:188} INFO - [2025-12-07T15:13:15.800+0000] {dag.py:3823} INFO - Setting next_dagrun for example_xcom_args_with_operators to None, run_after=None
[2025-12-07T15:13:15.824+0000] {processor.py:183} INFO - Processing /home/airflow/.local/lib/python3.8/site-packages/airflow/example_dags/example_xcomargs.py took 0.094 seconds
[2025-12-07T15:13:46.126+0000] {processor.py:161} INFO - Started process (PID=1015) to work on /home/airflow/.local/lib/python3.8/site-packages/airflow/example_dags/example_xcomargs.py
[2025-12-07T15:13:46.129+0000] {processor.py:830} INFO - Processing file /home/airflow/.local/lib/python3.8/site-packages/airflow/example_dags/example_xcomargs.py for tasks to queue
[2025-12-07T15:13:46.135+0000] {logging_mixin.py:188} INFO - [2025-12-07T15:13:46.135+0000] {dagbag.py:538} INFO - Filling up the DagBag from /home/airflow/.local/lib/python3.8/site-packages/airflow/example_dags/example_xcomargs.py
[2025-12-07T15:13:46.149+0000] {processor.py:840} INFO - DAG(s) 'example_xcom_args', 'example_xcom_args_with_operators' retrieved from /home/airflow/.local/lib/python3.8/site-packages/airflow/example_dags/example_xcomargs.py
[2025-12-07T15:13:46.188+0000] {logging_mixin.py:188} INFO - [2025-12-07T15:13:46.187+0000] {dag.py:3036} INFO - Sync 2 DAGs
[2025-12-07T15:13:46.204+0000] {logging_mixin.py:188} INFO - [2025-12-07T15:13:46.204+0000] {dag.py:3823} INFO - Setting next_dagrun for example_xcom_args to None, run_after=None
[2025-12-07T15:13:46.209+0000] {logging_mixin.py:188} INFO - [2025-12-07T15:13:46.209+0000] {dag.py:3823} INFO - Setting next_dagrun for example_xcom_args_with_operators to None, run_after=None
[2025-12-07T15:13:46.242+0000] {processor.py:183} INFO - Processing /home/airflow/.local/lib/python3.8/site-packages/airflow/example_dags/example_xcomargs.py took 0.124 seconds
[2025-12-07T15:14:16.338+0000] {processor.py:161} INFO - Started process (PID=1074) to work on /home/airflow/.local/lib/python3.8/site-packages/airflow/example_dags/example_xcomargs.py
[2025-12-07T15:14:16.340+0000] {processor.py:830} INFO - Processing file /home/airflow/.local/lib/python3.8/site-packages/airflow/example_dags/example_xcomargs.py for tasks to queue
[2025-12-07T15:14:16.343+0000] {logging_mixin.py:188} INFO - [2025-12-07T15:14:16.343+0000] {dagbag.py:538} INFO - Filling up the DagBag from /home/airflow/.local/lib/python3.8/site-packages/airflow/example_dags/example_xcomargs.py
[2025-12-07T15:14:16.358+0000] {processor.py:840} INFO - DAG(s) 'example_xcom_args_with_operators', 'example_xcom_args' retrieved from /home/airflow/.local/lib/python3.8/site-packages/airflow/example_dags/example_xcomargs.py
[2025-12-07T15:14:16.397+0000] {logging_mixin.py:188} INFO - [2025-12-07T15:14:16.396+0000] {dag.py:3036} INFO - Sync 2 DAGs
[2025-12-07T15:14:16.413+0000] {logging_mixin.py:188} INFO - [2025-12-07T15:14:16.413+0000] {dag.py:3823} INFO - Setting next_dagrun for example_xcom_args to None, run_after=None
[2025-12-07T15:14:16.419+0000] {logging_mixin.py:188} INFO - [2025-12-07T15:14:16.418+0000] {dag.py:3823} INFO - Setting next_dagrun for example_xcom_args_with_operators to None, run_after=None
[2025-12-07T15:14:16.448+0000] {processor.py:183} INFO - Processing /home/airflow/.local/lib/python3.8/site-packages/airflow/example_dags/example_xcomargs.py took 0.116 seconds
[2025-12-07T15:14:46.850+0000] {processor.py:161} INFO - Started process (PID=1133) to work on /home/airflow/.local/lib/python3.8/site-packages/airflow/example_dags/example_xcomargs.py
[2025-12-07T15:14:46.852+0000] {processor.py:830} INFO - Processing file /home/airflow/.local/lib/python3.8/site-packages/airflow/example_dags/example_xcomargs.py for tasks to queue
[2025-12-07T15:14:46.855+0000] {logging_mixin.py:188} INFO - [2025-12-07T15:14:46.854+0000] {dagbag.py:538} INFO - Filling up the DagBag from /home/airflow/.local/lib/python3.8/site-packages/airflow/example_dags/example_xcomargs.py
[2025-12-07T15:14:46.867+0000] {processor.py:840} INFO - DAG(s) 'example_xcom_args_with_operators', 'example_xcom_args' retrieved from /home/airflow/.local/lib/python3.8/site-packages/airflow/example_dags/example_xcomargs.py
[2025-12-07T15:14:46.903+0000] {logging_mixin.py:188} INFO - [2025-12-07T15:14:46.903+0000] {dag.py:3036} INFO - Sync 2 DAGs
[2025-12-07T15:14:46.920+0000] {logging_mixin.py:188} INFO - [2025-12-07T15:14:46.920+0000] {dag.py:3823} INFO - Setting next_dagrun for example_xcom_args to None, run_after=None
[2025-12-07T15:14:46.926+0000] {logging_mixin.py:188} INFO - [2025-12-07T15:14:46.926+0000] {dag.py:3823} INFO - Setting next_dagrun for example_xcom_args_with_operators to None, run_after=None
[2025-12-07T15:14:46.960+0000] {processor.py:183} INFO - Processing /home/airflow/.local/lib/python3.8/site-packages/airflow/example_dags/example_xcomargs.py took 0.116 seconds
[2025-12-07T15:15:17.018+0000] {processor.py:161} INFO - Started process (PID=1192) to work on /home/airflow/.local/lib/python3.8/site-packages/airflow/example_dags/example_xcomargs.py
[2025-12-07T15:15:17.020+0000] {processor.py:830} INFO - Processing file /home/airflow/.local/lib/python3.8/site-packages/airflow/example_dags/example_xcomargs.py for tasks to queue
[2025-12-07T15:15:17.024+0000] {logging_mixin.py:188} INFO - [2025-12-07T15:15:17.023+0000] {dagbag.py:538} INFO - Filling up the DagBag from /home/airflow/.local/lib/python3.8/site-packages/airflow/example_dags/example_xcomargs.py
[2025-12-07T15:15:17.041+0000] {processor.py:840} INFO - DAG(s) 'example_xcom_args_with_operators', 'example_xcom_args' retrieved from /home/airflow/.local/lib/python3.8/site-packages/airflow/example_dags/example_xcomargs.py
[2025-12-07T15:15:17.093+0000] {logging_mixin.py:188} INFO - [2025-12-07T15:15:17.092+0000] {dag.py:3036} INFO - Sync 2 DAGs
[2025-12-07T15:15:17.119+0000] {logging_mixin.py:188} INFO - [2025-12-07T15:15:17.119+0000] {dag.py:3823} INFO - Setting next_dagrun for example_xcom_args to None, run_after=None
[2025-12-07T15:15:17.127+0000] {logging_mixin.py:188} INFO - [2025-12-07T15:15:17.127+0000] {dag.py:3823} INFO - Setting next_dagrun for example_xcom_args_with_operators to None, run_after=None
[2025-12-07T15:15:17.167+0000] {processor.py:183} INFO - Processing /home/airflow/.local/lib/python3.8/site-packages/airflow/example_dags/example_xcomargs.py took 0.156 seconds
[2025-12-07T15:15:47.670+0000] {processor.py:161} INFO - Started process (PID=1251) to work on /home/airflow/.local/lib/python3.8/site-packages/airflow/example_dags/example_xcomargs.py
[2025-12-07T15:15:47.675+0000] {processor.py:830} INFO - Processing file /home/airflow/.local/lib/python3.8/site-packages/airflow/example_dags/example_xcomargs.py for tasks to queue
[2025-12-07T15:15:47.679+0000] {logging_mixin.py:188} INFO - [2025-12-07T15:15:47.678+0000] {dagbag.py:538} INFO - Filling up the DagBag from /home/airflow/.local/lib/python3.8/site-packages/airflow/example_dags/example_xcomargs.py
[2025-12-07T15:15:47.694+0000] {processor.py:840} INFO - DAG(s) 'example_xcom_args_with_operators', 'example_xcom_args' retrieved from /home/airflow/.local/lib/python3.8/site-packages/airflow/example_dags/example_xcomargs.py
[2025-12-07T15:15:47.737+0000] {logging_mixin.py:188} INFO - [2025-12-07T15:15:47.737+0000] {dag.py:3036} INFO - Sync 2 DAGs
[2025-12-07T15:15:47.755+0000] {logging_mixin.py:188} INFO - [2025-12-07T15:15:47.754+0000] {dag.py:3823} INFO - Setting next_dagrun for example_xcom_args to None, run_after=None
[2025-12-07T15:15:47.761+0000] {logging_mixin.py:188} INFO - [2025-12-07T15:15:47.761+0000] {dag.py:3823} INFO - Setting next_dagrun for example_xcom_args_with_operators to None, run_after=None
[2025-12-07T15:15:47.794+0000] {processor.py:183} INFO - Processing /home/airflow/.local/lib/python3.8/site-packages/airflow/example_dags/example_xcomargs.py took 0.130 seconds
[2025-12-07T15:16:18.375+0000] {processor.py:161} INFO - Started process (PID=1310) to work on /home/airflow/.local/lib/python3.8/site-packages/airflow/example_dags/example_xcomargs.py
[2025-12-07T15:16:18.377+0000] {processor.py:830} INFO - Processing file /home/airflow/.local/lib/python3.8/site-packages/airflow/example_dags/example_xcomargs.py for tasks to queue
[2025-12-07T15:16:18.381+0000] {logging_mixin.py:188} INFO - [2025-12-07T15:16:18.380+0000] {dagbag.py:538} INFO - Filling up the DagBag from /home/airflow/.local/lib/python3.8/site-packages/airflow/example_dags/example_xcomargs.py
[2025-12-07T15:16:18.392+0000] {processor.py:840} INFO - DAG(s) 'example_xcom_args', 'example_xcom_args_with_operators' retrieved from /home/airflow/.local/lib/python3.8/site-packages/airflow/example_dags/example_xcomargs.py
[2025-12-07T15:16:18.436+0000] {logging_mixin.py:188} INFO - [2025-12-07T15:16:18.436+0000] {dag.py:3036} INFO - Sync 2 DAGs
[2025-12-07T15:16:18.454+0000] {logging_mixin.py:188} INFO - [2025-12-07T15:16:18.454+0000] {dag.py:3823} INFO - Setting next_dagrun for example_xcom_args to None, run_after=None
[2025-12-07T15:16:18.460+0000] {logging_mixin.py:188} INFO - [2025-12-07T15:16:18.460+0000] {dag.py:3823} INFO - Setting next_dagrun for example_xcom_args_with_operators to None, run_after=None
[2025-12-07T15:16:18.494+0000] {processor.py:183} INFO - Processing /home/airflow/.local/lib/python3.8/site-packages/airflow/example_dags/example_xcomargs.py took 0.124 seconds
[2025-12-07T15:16:48.774+0000] {processor.py:161} INFO - Started process (PID=1369) to work on /home/airflow/.local/lib/python3.8/site-packages/airflow/example_dags/example_xcomargs.py
[2025-12-07T15:16:48.776+0000] {processor.py:830} INFO - Processing file /home/airflow/.local/lib/python3.8/site-packages/airflow/example_dags/example_xcomargs.py for tasks to queue
[2025-12-07T15:16:48.779+0000] {logging_mixin.py:188} INFO - [2025-12-07T15:16:48.779+0000] {dagbag.py:538} INFO - Filling up the DagBag from /home/airflow/.local/lib/python3.8/site-packages/airflow/example_dags/example_xcomargs.py
[2025-12-07T15:16:48.793+0000] {processor.py:840} INFO - DAG(s) 'example_xcom_args_with_operators', 'example_xcom_args' retrieved from /home/airflow/.local/lib/python3.8/site-packages/airflow/example_dags/example_xcomargs.py
[2025-12-07T15:16:48.836+0000] {logging_mixin.py:188} INFO - [2025-12-07T15:16:48.836+0000] {dag.py:3036} INFO - Sync 2 DAGs
[2025-12-07T15:16:48.853+0000] {logging_mixin.py:188} INFO - [2025-12-07T15:16:48.852+0000] {dag.py:3823} INFO - Setting next_dagrun for example_xcom_args to None, run_after=None
[2025-12-07T15:16:48.859+0000] {logging_mixin.py:188} INFO - [2025-12-07T15:16:48.859+0000] {dag.py:3823} INFO - Setting next_dagrun for example_xcom_args_with_operators to None, run_after=None
[2025-12-07T15:16:48.895+0000] {processor.py:183} INFO - Processing /home/airflow/.local/lib/python3.8/site-packages/airflow/example_dags/example_xcomargs.py took 0.126 seconds
[2025-12-07T15:17:19.019+0000] {processor.py:161} INFO - Started process (PID=1428) to work on /home/airflow/.local/lib/python3.8/site-packages/airflow/example_dags/example_xcomargs.py
[2025-12-07T15:17:19.020+0000] {processor.py:830} INFO - Processing file /home/airflow/.local/lib/python3.8/site-packages/airflow/example_dags/example_xcomargs.py for tasks to queue
[2025-12-07T15:17:19.023+0000] {logging_mixin.py:188} INFO - [2025-12-07T15:17:19.023+0000] {dagbag.py:538} INFO - Filling up the DagBag from /home/airflow/.local/lib/python3.8/site-packages/airflow/example_dags/example_xcomargs.py
[2025-12-07T15:17:19.039+0000] {processor.py:840} INFO - DAG(s) 'example_xcom_args_with_operators', 'example_xcom_args' retrieved from /home/airflow/.local/lib/python3.8/site-packages/airflow/example_dags/example_xcomargs.py
[2025-12-07T15:17:19.085+0000] {logging_mixin.py:188} INFO - [2025-12-07T15:17:19.084+0000] {dag.py:3036} INFO - Sync 2 DAGs
[2025-12-07T15:17:19.099+0000] {logging_mixin.py:188} INFO - [2025-12-07T15:17:19.098+0000] {dag.py:3823} INFO - Setting next_dagrun for example_xcom_args to None, run_after=None
[2025-12-07T15:17:19.104+0000] {logging_mixin.py:188} INFO - [2025-12-07T15:17:19.104+0000] {dag.py:3823} INFO - Setting next_dagrun for example_xcom_args_with_operators to None, run_after=None
[2025-12-07T15:17:19.135+0000] {processor.py:183} INFO - Processing /home/airflow/.local/lib/python3.8/site-packages/airflow/example_dags/example_xcomargs.py took 0.123 seconds
[2025-12-07T15:17:49.246+0000] {processor.py:161} INFO - Started process (PID=1487) to work on /home/airflow/.local/lib/python3.8/site-packages/airflow/example_dags/example_xcomargs.py
[2025-12-07T15:17:49.248+0000] {processor.py:830} INFO - Processing file /home/airflow/.local/lib/python3.8/site-packages/airflow/example_dags/example_xcomargs.py for tasks to queue
[2025-12-07T15:17:49.251+0000] {logging_mixin.py:188} INFO - [2025-12-07T15:17:49.250+0000] {dagbag.py:538} INFO - Filling up the DagBag from /home/airflow/.local/lib/python3.8/site-packages/airflow/example_dags/example_xcomargs.py
[2025-12-07T15:17:49.261+0000] {processor.py:840} INFO - DAG(s) 'example_xcom_args_with_operators', 'example_xcom_args' retrieved from /home/airflow/.local/lib/python3.8/site-packages/airflow/example_dags/example_xcomargs.py
[2025-12-07T15:17:49.303+0000] {logging_mixin.py:188} INFO - [2025-12-07T15:17:49.302+0000] {dag.py:3036} INFO - Sync 2 DAGs
[2025-12-07T15:17:49.326+0000] {logging_mixin.py:188} INFO - [2025-12-07T15:17:49.325+0000] {dag.py:3823} INFO - Setting next_dagrun for example_xcom_args to None, run_after=None
[2025-12-07T15:17:49.332+0000] {logging_mixin.py:188} INFO - [2025-12-07T15:17:49.332+0000] {dag.py:3823} INFO - Setting next_dagrun for example_xcom_args_with_operators to None, run_after=None
[2025-12-07T15:17:49.360+0000] {processor.py:183} INFO - Processing /home/airflow/.local/lib/python3.8/site-packages/airflow/example_dags/example_xcomargs.py took 0.120 seconds
[2025-12-07T15:18:19.776+0000] {processor.py:161} INFO - Started process (PID=1546) to work on /home/airflow/.local/lib/python3.8/site-packages/airflow/example_dags/example_xcomargs.py
[2025-12-07T15:18:19.778+0000] {processor.py:830} INFO - Processing file /home/airflow/.local/lib/python3.8/site-packages/airflow/example_dags/example_xcomargs.py for tasks to queue
[2025-12-07T15:18:19.782+0000] {logging_mixin.py:188} INFO - [2025-12-07T15:18:19.781+0000] {dagbag.py:538} INFO - Filling up the DagBag from /home/airflow/.local/lib/python3.8/site-packages/airflow/example_dags/example_xcomargs.py
[2025-12-07T15:18:19.795+0000] {processor.py:840} INFO - DAG(s) 'example_xcom_args_with_operators', 'example_xcom_args' retrieved from /home/airflow/.local/lib/python3.8/site-packages/airflow/example_dags/example_xcomargs.py
[2025-12-07T15:18:19.835+0000] {logging_mixin.py:188} INFO - [2025-12-07T15:18:19.834+0000] {dag.py:3036} INFO - Sync 2 DAGs
[2025-12-07T15:18:19.857+0000] {logging_mixin.py:188} INFO - [2025-12-07T15:18:19.856+0000] {dag.py:3823} INFO - Setting next_dagrun for example_xcom_args to None, run_after=None
[2025-12-07T15:18:19.863+0000] {logging_mixin.py:188} INFO - [2025-12-07T15:18:19.863+0000] {dag.py:3823} INFO - Setting next_dagrun for example_xcom_args_with_operators to None, run_after=None
[2025-12-07T15:18:19.898+0000] {processor.py:183} INFO - Processing /home/airflow/.local/lib/python3.8/site-packages/airflow/example_dags/example_xcomargs.py took 0.128 seconds
[2025-12-07T15:18:50.015+0000] {processor.py:161} INFO - Started process (PID=1605) to work on /home/airflow/.local/lib/python3.8/site-packages/airflow/example_dags/example_xcomargs.py
[2025-12-07T15:18:50.017+0000] {processor.py:830} INFO - Processing file /home/airflow/.local/lib/python3.8/site-packages/airflow/example_dags/example_xcomargs.py for tasks to queue
[2025-12-07T15:18:50.019+0000] {logging_mixin.py:188} INFO - [2025-12-07T15:18:50.019+0000] {dagbag.py:538} INFO - Filling up the DagBag from /home/airflow/.local/lib/python3.8/site-packages/airflow/example_dags/example_xcomargs.py
[2025-12-07T15:18:50.033+0000] {processor.py:840} INFO - DAG(s) 'example_xcom_args', 'example_xcom_args_with_operators' retrieved from /home/airflow/.local/lib/python3.8/site-packages/airflow/example_dags/example_xcomargs.py
[2025-12-07T15:18:50.073+0000] {logging_mixin.py:188} INFO - [2025-12-07T15:18:50.072+0000] {dag.py:3036} INFO - Sync 2 DAGs
[2025-12-07T15:18:50.097+0000] {logging_mixin.py:188} INFO - [2025-12-07T15:18:50.097+0000] {dag.py:3823} INFO - Setting next_dagrun for example_xcom_args to None, run_after=None
[2025-12-07T15:18:50.102+0000] {logging_mixin.py:188} INFO - [2025-12-07T15:18:50.102+0000] {dag.py:3823} INFO - Setting next_dagrun for example_xcom_args_with_operators to None, run_after=None
[2025-12-07T15:18:50.128+0000] {processor.py:183} INFO - Processing /home/airflow/.local/lib/python3.8/site-packages/airflow/example_dags/example_xcomargs.py took 0.117 seconds
[2025-12-07T15:19:20.388+0000] {processor.py:161} INFO - Started process (PID=1662) to work on /home/airflow/.local/lib/python3.8/site-packages/airflow/example_dags/example_xcomargs.py
[2025-12-07T15:19:20.390+0000] {processor.py:830} INFO - Processing file /home/airflow/.local/lib/python3.8/site-packages/airflow/example_dags/example_xcomargs.py for tasks to queue
[2025-12-07T15:19:20.393+0000] {logging_mixin.py:188} INFO - [2025-12-07T15:19:20.393+0000] {dagbag.py:538} INFO - Filling up the DagBag from /home/airflow/.local/lib/python3.8/site-packages/airflow/example_dags/example_xcomargs.py
[2025-12-07T15:19:20.406+0000] {processor.py:840} INFO - DAG(s) 'example_xcom_args', 'example_xcom_args_with_operators' retrieved from /home/airflow/.local/lib/python3.8/site-packages/airflow/example_dags/example_xcomargs.py
[2025-12-07T15:19:20.445+0000] {logging_mixin.py:188} INFO - [2025-12-07T15:19:20.444+0000] {dag.py:3036} INFO - Sync 2 DAGs
[2025-12-07T15:19:20.464+0000] {logging_mixin.py:188} INFO - [2025-12-07T15:19:20.464+0000] {dag.py:3823} INFO - Setting next_dagrun for example_xcom_args to None, run_after=None
[2025-12-07T15:19:20.471+0000] {logging_mixin.py:188} INFO - [2025-12-07T15:19:20.470+0000] {dag.py:3823} INFO - Setting next_dagrun for example_xcom_args_with_operators to None, run_after=None
[2025-12-07T15:19:20.511+0000] {processor.py:183} INFO - Processing /home/airflow/.local/lib/python3.8/site-packages/airflow/example_dags/example_xcomargs.py took 0.128 seconds
[2025-12-07T15:19:50.614+0000] {processor.py:161} INFO - Started process (PID=1721) to work on /home/airflow/.local/lib/python3.8/site-packages/airflow/example_dags/example_xcomargs.py
[2025-12-07T15:19:50.618+0000] {processor.py:830} INFO - Processing file /home/airflow/.local/lib/python3.8/site-packages/airflow/example_dags/example_xcomargs.py for tasks to queue
[2025-12-07T15:19:50.621+0000] {logging_mixin.py:188} INFO - [2025-12-07T15:19:50.620+0000] {dagbag.py:538} INFO - Filling up the DagBag from /home/airflow/.local/lib/python3.8/site-packages/airflow/example_dags/example_xcomargs.py
[2025-12-07T15:19:50.631+0000] {processor.py:840} INFO - DAG(s) 'example_xcom_args', 'example_xcom_args_with_operators' retrieved from /home/airflow/.local/lib/python3.8/site-packages/airflow/example_dags/example_xcomargs.py
[2025-12-07T15:19:50.668+0000] {logging_mixin.py:188} INFO - [2025-12-07T15:19:50.668+0000] {dag.py:3036} INFO - Sync 2 DAGs
[2025-12-07T15:19:50.683+0000] {logging_mixin.py:188} INFO - [2025-12-07T15:19:50.683+0000] {dag.py:3823} INFO - Setting next_dagrun for example_xcom_args to None, run_after=None
[2025-12-07T15:19:50.689+0000] {logging_mixin.py:188} INFO - [2025-12-07T15:19:50.689+0000] {dag.py:3823} INFO - Setting next_dagrun for example_xcom_args_with_operators to None, run_after=None
[2025-12-07T15:19:50.719+0000] {processor.py:183} INFO - Processing /home/airflow/.local/lib/python3.8/site-packages/airflow/example_dags/example_xcomargs.py took 0.109 seconds
[2025-12-07T15:20:21.060+0000] {processor.py:161} INFO - Started process (PID=1780) to work on /home/airflow/.local/lib/python3.8/site-packages/airflow/example_dags/example_xcomargs.py
[2025-12-07T15:20:21.065+0000] {processor.py:830} INFO - Processing file /home/airflow/.local/lib/python3.8/site-packages/airflow/example_dags/example_xcomargs.py for tasks to queue
[2025-12-07T15:20:21.067+0000] {logging_mixin.py:188} INFO - [2025-12-07T15:20:21.067+0000] {dagbag.py:538} INFO - Filling up the DagBag from /home/airflow/.local/lib/python3.8/site-packages/airflow/example_dags/example_xcomargs.py
[2025-12-07T15:20:21.080+0000] {processor.py:840} INFO - DAG(s) 'example_xcom_args', 'example_xcom_args_with_operators' retrieved from /home/airflow/.local/lib/python3.8/site-packages/airflow/example_dags/example_xcomargs.py
[2025-12-07T15:20:21.117+0000] {logging_mixin.py:188} INFO - [2025-12-07T15:20:21.117+0000] {dag.py:3036} INFO - Sync 2 DAGs
[2025-12-07T15:20:21.133+0000] {logging_mixin.py:188} INFO - [2025-12-07T15:20:21.133+0000] {dag.py:3823} INFO - Setting next_dagrun for example_xcom_args to None, run_after=None
[2025-12-07T15:20:21.139+0000] {logging_mixin.py:188} INFO - [2025-12-07T15:20:21.139+0000] {dag.py:3823} INFO - Setting next_dagrun for example_xcom_args_with_operators to None, run_after=None
[2025-12-07T15:20:21.169+0000] {processor.py:183} INFO - Processing /home/airflow/.local/lib/python3.8/site-packages/airflow/example_dags/example_xcomargs.py took 0.113 seconds
[2025-12-07T15:20:51.463+0000] {processor.py:161} INFO - Started process (PID=1839) to work on /home/airflow/.local/lib/python3.8/site-packages/airflow/example_dags/example_xcomargs.py
[2025-12-07T15:20:51.465+0000] {processor.py:830} INFO - Processing file /home/airflow/.local/lib/python3.8/site-packages/airflow/example_dags/example_xcomargs.py for tasks to queue
[2025-12-07T15:20:51.468+0000] {logging_mixin.py:188} INFO - [2025-12-07T15:20:51.468+0000] {dagbag.py:538} INFO - Filling up the DagBag from /home/airflow/.local/lib/python3.8/site-packages/airflow/example_dags/example_xcomargs.py
[2025-12-07T15:20:51.479+0000] {processor.py:840} INFO - DAG(s) 'example_xcom_args_with_operators', 'example_xcom_args' retrieved from /home/airflow/.local/lib/python3.8/site-packages/airflow/example_dags/example_xcomargs.py
[2025-12-07T15:20:51.517+0000] {logging_mixin.py:188} INFO - [2025-12-07T15:20:51.517+0000] {dag.py:3036} INFO - Sync 2 DAGs
[2025-12-07T15:20:51.535+0000] {logging_mixin.py:188} INFO - [2025-12-07T15:20:51.535+0000] {dag.py:3823} INFO - Setting next_dagrun for example_xcom_args to None, run_after=None
[2025-12-07T15:20:51.540+0000] {logging_mixin.py:188} INFO - [2025-12-07T15:20:51.540+0000] {dag.py:3823} INFO - Setting next_dagrun for example_xcom_args_with_operators to None, run_after=None
[2025-12-07T15:20:51.568+0000] {processor.py:183} INFO - Processing /home/airflow/.local/lib/python3.8/site-packages/airflow/example_dags/example_xcomargs.py took 0.112 seconds
[2025-12-07T15:21:21.667+0000] {processor.py:161} INFO - Started process (PID=1898) to work on /home/airflow/.local/lib/python3.8/site-packages/airflow/example_dags/example_xcomargs.py
[2025-12-07T15:21:21.668+0000] {processor.py:830} INFO - Processing file /home/airflow/.local/lib/python3.8/site-packages/airflow/example_dags/example_xcomargs.py for tasks to queue
[2025-12-07T15:21:21.672+0000] {logging_mixin.py:188} INFO - [2025-12-07T15:21:21.671+0000] {dagbag.py:538} INFO - Filling up the DagBag from /home/airflow/.local/lib/python3.8/site-packages/airflow/example_dags/example_xcomargs.py
[2025-12-07T15:21:21.682+0000] {processor.py:840} INFO - DAG(s) 'example_xcom_args_with_operators', 'example_xcom_args' retrieved from /home/airflow/.local/lib/python3.8/site-packages/airflow/example_dags/example_xcomargs.py
[2025-12-07T15:21:21.721+0000] {logging_mixin.py:188} INFO - [2025-12-07T15:21:21.721+0000] {dag.py:3036} INFO - Sync 2 DAGs
[2025-12-07T15:21:21.737+0000] {logging_mixin.py:188} INFO - [2025-12-07T15:21:21.737+0000] {dag.py:3823} INFO - Setting next_dagrun for example_xcom_args to None, run_after=None
[2025-12-07T15:21:21.742+0000] {logging_mixin.py:188} INFO - [2025-12-07T15:21:21.742+0000] {dag.py:3823} INFO - Setting next_dagrun for example_xcom_args_with_operators to None, run_after=None
[2025-12-07T15:21:21.774+0000] {processor.py:183} INFO - Processing /home/airflow/.local/lib/python3.8/site-packages/airflow/example_dags/example_xcomargs.py took 0.112 seconds
[2025-12-07T15:21:52.480+0000] {processor.py:161} INFO - Started process (PID=1957) to work on /home/airflow/.local/lib/python3.8/site-packages/airflow/example_dags/example_xcomargs.py
[2025-12-07T15:21:52.485+0000] {processor.py:830} INFO - Processing file /home/airflow/.local/lib/python3.8/site-packages/airflow/example_dags/example_xcomargs.py for tasks to queue
[2025-12-07T15:21:52.489+0000] {logging_mixin.py:188} INFO - [2025-12-07T15:21:52.488+0000] {dagbag.py:538} INFO - Filling up the DagBag from /home/airflow/.local/lib/python3.8/site-packages/airflow/example_dags/example_xcomargs.py
[2025-12-07T15:21:52.501+0000] {processor.py:840} INFO - DAG(s) 'example_xcom_args_with_operators', 'example_xcom_args' retrieved from /home/airflow/.local/lib/python3.8/site-packages/airflow/example_dags/example_xcomargs.py
[2025-12-07T15:21:52.539+0000] {logging_mixin.py:188} INFO - [2025-12-07T15:21:52.539+0000] {dag.py:3036} INFO - Sync 2 DAGs
[2025-12-07T15:21:52.557+0000] {logging_mixin.py:188} INFO - [2025-12-07T15:21:52.557+0000] {dag.py:3823} INFO - Setting next_dagrun for example_xcom_args to None, run_after=None
[2025-12-07T15:21:52.563+0000] {logging_mixin.py:188} INFO - [2025-12-07T15:21:52.562+0000] {dag.py:3823} INFO - Setting next_dagrun for example_xcom_args_with_operators to None, run_after=None
[2025-12-07T15:21:52.589+0000] {processor.py:183} INFO - Processing /home/airflow/.local/lib/python3.8/site-packages/airflow/example_dags/example_xcomargs.py took 0.117 seconds
[2025-12-07T15:22:23.161+0000] {processor.py:161} INFO - Started process (PID=2016) to work on /home/airflow/.local/lib/python3.8/site-packages/airflow/example_dags/example_xcomargs.py
[2025-12-07T15:22:23.162+0000] {processor.py:830} INFO - Processing file /home/airflow/.local/lib/python3.8/site-packages/airflow/example_dags/example_xcomargs.py for tasks to queue
[2025-12-07T15:22:23.166+0000] {logging_mixin.py:188} INFO - [2025-12-07T15:22:23.165+0000] {dagbag.py:538} INFO - Filling up the DagBag from /home/airflow/.local/lib/python3.8/site-packages/airflow/example_dags/example_xcomargs.py
[2025-12-07T15:22:23.177+0000] {processor.py:840} INFO - DAG(s) 'example_xcom_args_with_operators', 'example_xcom_args' retrieved from /home/airflow/.local/lib/python3.8/site-packages/airflow/example_dags/example_xcomargs.py
[2025-12-07T15:22:23.212+0000] {logging_mixin.py:188} INFO - [2025-12-07T15:22:23.211+0000] {dag.py:3036} INFO - Sync 2 DAGs
[2025-12-07T15:22:23.229+0000] {logging_mixin.py:188} INFO - [2025-12-07T15:22:23.229+0000] {dag.py:3823} INFO - Setting next_dagrun for example_xcom_args to None, run_after=None
[2025-12-07T15:22:23.235+0000] {logging_mixin.py:188} INFO - [2025-12-07T15:22:23.234+0000] {dag.py:3823} INFO - Setting next_dagrun for example_xcom_args_with_operators to None, run_after=None
[2025-12-07T15:22:23.264+0000] {processor.py:183} INFO - Processing /home/airflow/.local/lib/python3.8/site-packages/airflow/example_dags/example_xcomargs.py took 0.109 seconds
[2025-12-07T15:22:53.766+0000] {processor.py:161} INFO - Started process (PID=2075) to work on /home/airflow/.local/lib/python3.8/site-packages/airflow/example_dags/example_xcomargs.py
[2025-12-07T15:22:53.767+0000] {processor.py:830} INFO - Processing file /home/airflow/.local/lib/python3.8/site-packages/airflow/example_dags/example_xcomargs.py for tasks to queue
[2025-12-07T15:22:53.771+0000] {logging_mixin.py:188} INFO - [2025-12-07T15:22:53.770+0000] {dagbag.py:538} INFO - Filling up the DagBag from /home/airflow/.local/lib/python3.8/site-packages/airflow/example_dags/example_xcomargs.py
[2025-12-07T15:22:53.782+0000] {processor.py:840} INFO - DAG(s) 'example_xcom_args', 'example_xcom_args_with_operators' retrieved from /home/airflow/.local/lib/python3.8/site-packages/airflow/example_dags/example_xcomargs.py
[2025-12-07T15:22:53.817+0000] {logging_mixin.py:188} INFO - [2025-12-07T15:22:53.816+0000] {dag.py:3036} INFO - Sync 2 DAGs
[2025-12-07T15:22:53.833+0000] {logging_mixin.py:188} INFO - [2025-12-07T15:22:53.833+0000] {dag.py:3823} INFO - Setting next_dagrun for example_xcom_args to None, run_after=None
[2025-12-07T15:22:53.838+0000] {logging_mixin.py:188} INFO - [2025-12-07T15:22:53.838+0000] {dag.py:3823} INFO - Setting next_dagrun for example_xcom_args_with_operators to None, run_after=None
[2025-12-07T15:22:53.867+0000] {processor.py:183} INFO - Processing /home/airflow/.local/lib/python3.8/site-packages/airflow/example_dags/example_xcomargs.py took 0.107 seconds
[2025-12-07T15:23:24.056+0000] {processor.py:161} INFO - Started process (PID=2134) to work on /home/airflow/.local/lib/python3.8/site-packages/airflow/example_dags/example_xcomargs.py
[2025-12-07T15:23:24.061+0000] {processor.py:830} INFO - Processing file /home/airflow/.local/lib/python3.8/site-packages/airflow/example_dags/example_xcomargs.py for tasks to queue
[2025-12-07T15:23:24.064+0000] {logging_mixin.py:188} INFO - [2025-12-07T15:23:24.063+0000] {dagbag.py:538} INFO - Filling up the DagBag from /home/airflow/.local/lib/python3.8/site-packages/airflow/example_dags/example_xcomargs.py
[2025-12-07T15:23:24.075+0000] {processor.py:840} INFO - DAG(s) 'example_xcom_args_with_operators', 'example_xcom_args' retrieved from /home/airflow/.local/lib/python3.8/site-packages/airflow/example_dags/example_xcomargs.py
[2025-12-07T15:23:24.115+0000] {logging_mixin.py:188} INFO - [2025-12-07T15:23:24.115+0000] {dag.py:3036} INFO - Sync 2 DAGs
[2025-12-07T15:23:24.158+0000] {logging_mixin.py:188} INFO - [2025-12-07T15:23:24.157+0000] {dag.py:3823} INFO - Setting next_dagrun for example_xcom_args to None, run_after=None
[2025-12-07T15:23:24.208+0000] {logging_mixin.py:188} INFO - [2025-12-07T15:23:24.208+0000] {dag.py:3823} INFO - Setting next_dagrun for example_xcom_args_with_operators to None, run_after=None
[2025-12-07T15:23:24.239+0000] {processor.py:183} INFO - Processing /home/airflow/.local/lib/python3.8/site-packages/airflow/example_dags/example_xcomargs.py took 0.189 seconds
[2025-12-07T15:23:54.720+0000] {processor.py:161} INFO - Started process (PID=2193) to work on /home/airflow/.local/lib/python3.8/site-packages/airflow/example_dags/example_xcomargs.py
[2025-12-07T15:23:54.722+0000] {processor.py:830} INFO - Processing file /home/airflow/.local/lib/python3.8/site-packages/airflow/example_dags/example_xcomargs.py for tasks to queue
[2025-12-07T15:23:54.726+0000] {logging_mixin.py:188} INFO - [2025-12-07T15:23:54.725+0000] {dagbag.py:538} INFO - Filling up the DagBag from /home/airflow/.local/lib/python3.8/site-packages/airflow/example_dags/example_xcomargs.py
[2025-12-07T15:23:54.737+0000] {processor.py:840} INFO - DAG(s) 'example_xcom_args', 'example_xcom_args_with_operators' retrieved from /home/airflow/.local/lib/python3.8/site-packages/airflow/example_dags/example_xcomargs.py
[2025-12-07T15:23:54.774+0000] {logging_mixin.py:188} INFO - [2025-12-07T15:23:54.774+0000] {dag.py:3036} INFO - Sync 2 DAGs
[2025-12-07T15:23:54.793+0000] {logging_mixin.py:188} INFO - [2025-12-07T15:23:54.792+0000] {dag.py:3823} INFO - Setting next_dagrun for example_xcom_args to None, run_after=None
[2025-12-07T15:23:54.798+0000] {logging_mixin.py:188} INFO - [2025-12-07T15:23:54.798+0000] {dag.py:3823} INFO - Setting next_dagrun for example_xcom_args_with_operators to None, run_after=None
[2025-12-07T15:23:54.827+0000] {processor.py:183} INFO - Processing /home/airflow/.local/lib/python3.8/site-packages/airflow/example_dags/example_xcomargs.py took 0.113 seconds
[2025-12-07T15:24:24.894+0000] {processor.py:161} INFO - Started process (PID=2252) to work on /home/airflow/.local/lib/python3.8/site-packages/airflow/example_dags/example_xcomargs.py
[2025-12-07T15:24:24.895+0000] {processor.py:830} INFO - Processing file /home/airflow/.local/lib/python3.8/site-packages/airflow/example_dags/example_xcomargs.py for tasks to queue
[2025-12-07T15:24:24.898+0000] {logging_mixin.py:188} INFO - [2025-12-07T15:24:24.898+0000] {dagbag.py:538} INFO - Filling up the DagBag from /home/airflow/.local/lib/python3.8/site-packages/airflow/example_dags/example_xcomargs.py
[2025-12-07T15:24:24.909+0000] {processor.py:840} INFO - DAG(s) 'example_xcom_args', 'example_xcom_args_with_operators' retrieved from /home/airflow/.local/lib/python3.8/site-packages/airflow/example_dags/example_xcomargs.py
[2025-12-07T15:24:24.950+0000] {logging_mixin.py:188} INFO - [2025-12-07T15:24:24.950+0000] {dag.py:3036} INFO - Sync 2 DAGs
[2025-12-07T15:24:24.966+0000] {logging_mixin.py:188} INFO - [2025-12-07T15:24:24.966+0000] {dag.py:3823} INFO - Setting next_dagrun for example_xcom_args to None, run_after=None
[2025-12-07T15:24:24.971+0000] {logging_mixin.py:188} INFO - [2025-12-07T15:24:24.971+0000] {dag.py:3823} INFO - Setting next_dagrun for example_xcom_args_with_operators to None, run_after=None
[2025-12-07T15:24:25.000+0000] {processor.py:183} INFO - Processing /home/airflow/.local/lib/python3.8/site-packages/airflow/example_dags/example_xcomargs.py took 0.112 seconds
[2025-12-07T15:24:55.455+0000] {processor.py:161} INFO - Started process (PID=2311) to work on /home/airflow/.local/lib/python3.8/site-packages/airflow/example_dags/example_xcomargs.py
[2025-12-07T15:24:55.457+0000] {processor.py:830} INFO - Processing file /home/airflow/.local/lib/python3.8/site-packages/airflow/example_dags/example_xcomargs.py for tasks to queue
[2025-12-07T15:24:55.459+0000] {logging_mixin.py:188} INFO - [2025-12-07T15:24:55.459+0000] {dagbag.py:538} INFO - Filling up the DagBag from /home/airflow/.local/lib/python3.8/site-packages/airflow/example_dags/example_xcomargs.py
[2025-12-07T15:24:55.472+0000] {processor.py:840} INFO - DAG(s) 'example_xcom_args', 'example_xcom_args_with_operators' retrieved from /home/airflow/.local/lib/python3.8/site-packages/airflow/example_dags/example_xcomargs.py
[2025-12-07T15:24:55.513+0000] {logging_mixin.py:188} INFO - [2025-12-07T15:24:55.512+0000] {dag.py:3036} INFO - Sync 2 DAGs
[2025-12-07T15:24:55.531+0000] {logging_mixin.py:188} INFO - [2025-12-07T15:24:55.530+0000] {dag.py:3823} INFO - Setting next_dagrun for example_xcom_args to None, run_after=None
[2025-12-07T15:24:55.537+0000] {logging_mixin.py:188} INFO - [2025-12-07T15:24:55.537+0000] {dag.py:3823} INFO - Setting next_dagrun for example_xcom_args_with_operators to None, run_after=None
[2025-12-07T15:24:55.572+0000] {processor.py:183} INFO - Processing /home/airflow/.local/lib/python3.8/site-packages/airflow/example_dags/example_xcomargs.py took 0.122 seconds
[2025-12-07T15:25:26.049+0000] {processor.py:161} INFO - Started process (PID=2370) to work on /home/airflow/.local/lib/python3.8/site-packages/airflow/example_dags/example_xcomargs.py
[2025-12-07T15:25:26.051+0000] {processor.py:830} INFO - Processing file /home/airflow/.local/lib/python3.8/site-packages/airflow/example_dags/example_xcomargs.py for tasks to queue
[2025-12-07T15:25:26.054+0000] {logging_mixin.py:188} INFO - [2025-12-07T15:25:26.053+0000] {dagbag.py:538} INFO - Filling up the DagBag from /home/airflow/.local/lib/python3.8/site-packages/airflow/example_dags/example_xcomargs.py
[2025-12-07T15:25:26.067+0000] {processor.py:840} INFO - DAG(s) 'example_xcom_args_with_operators', 'example_xcom_args' retrieved from /home/airflow/.local/lib/python3.8/site-packages/airflow/example_dags/example_xcomargs.py
[2025-12-07T15:25:26.114+0000] {logging_mixin.py:188} INFO - [2025-12-07T15:25:26.114+0000] {dag.py:3036} INFO - Sync 2 DAGs
[2025-12-07T15:25:26.132+0000] {logging_mixin.py:188} INFO - [2025-12-07T15:25:26.131+0000] {dag.py:3823} INFO - Setting next_dagrun for example_xcom_args to None, run_after=None
[2025-12-07T15:25:26.139+0000] {logging_mixin.py:188} INFO - [2025-12-07T15:25:26.138+0000] {dag.py:3823} INFO - Setting next_dagrun for example_xcom_args_with_operators to None, run_after=None
[2025-12-07T15:25:26.178+0000] {processor.py:183} INFO - Processing /home/airflow/.local/lib/python3.8/site-packages/airflow/example_dags/example_xcomargs.py took 0.133 seconds
[2025-12-07T15:25:56.396+0000] {processor.py:161} INFO - Started process (PID=2429) to work on /home/airflow/.local/lib/python3.8/site-packages/airflow/example_dags/example_xcomargs.py
[2025-12-07T15:25:56.401+0000] {processor.py:830} INFO - Processing file /home/airflow/.local/lib/python3.8/site-packages/airflow/example_dags/example_xcomargs.py for tasks to queue
[2025-12-07T15:25:56.404+0000] {logging_mixin.py:188} INFO - [2025-12-07T15:25:56.404+0000] {dagbag.py:538} INFO - Filling up the DagBag from /home/airflow/.local/lib/python3.8/site-packages/airflow/example_dags/example_xcomargs.py
[2025-12-07T15:25:56.417+0000] {processor.py:840} INFO - DAG(s) 'example_xcom_args', 'example_xcom_args_with_operators' retrieved from /home/airflow/.local/lib/python3.8/site-packages/airflow/example_dags/example_xcomargs.py
[2025-12-07T15:25:56.458+0000] {logging_mixin.py:188} INFO - [2025-12-07T15:25:56.457+0000] {dag.py:3036} INFO - Sync 2 DAGs
[2025-12-07T15:25:56.476+0000] {logging_mixin.py:188} INFO - [2025-12-07T15:25:56.475+0000] {dag.py:3823} INFO - Setting next_dagrun for example_xcom_args to None, run_after=None
[2025-12-07T15:25:56.481+0000] {logging_mixin.py:188} INFO - [2025-12-07T15:25:56.481+0000] {dag.py:3823} INFO - Setting next_dagrun for example_xcom_args_with_operators to None, run_after=None
[2025-12-07T15:25:56.516+0000] {processor.py:183} INFO - Processing /home/airflow/.local/lib/python3.8/site-packages/airflow/example_dags/example_xcomargs.py took 0.127 seconds
[2025-12-07T15:26:27.281+0000] {processor.py:161} INFO - Started process (PID=2488) to work on /home/airflow/.local/lib/python3.8/site-packages/airflow/example_dags/example_xcomargs.py
[2025-12-07T15:26:27.283+0000] {processor.py:830} INFO - Processing file /home/airflow/.local/lib/python3.8/site-packages/airflow/example_dags/example_xcomargs.py for tasks to queue
[2025-12-07T15:26:27.290+0000] {logging_mixin.py:188} INFO - [2025-12-07T15:26:27.289+0000] {dagbag.py:538} INFO - Filling up the DagBag from /home/airflow/.local/lib/python3.8/site-packages/airflow/example_dags/example_xcomargs.py
[2025-12-07T15:26:27.309+0000] {processor.py:840} INFO - DAG(s) 'example_xcom_args_with_operators', 'example_xcom_args' retrieved from /home/airflow/.local/lib/python3.8/site-packages/airflow/example_dags/example_xcomargs.py
[2025-12-07T15:26:27.371+0000] {logging_mixin.py:188} INFO - [2025-12-07T15:26:27.370+0000] {dag.py:3036} INFO - Sync 2 DAGs
[2025-12-07T15:26:27.398+0000] {logging_mixin.py:188} INFO - [2025-12-07T15:26:27.397+0000] {dag.py:3823} INFO - Setting next_dagrun for example_xcom_args to None, run_after=None
[2025-12-07T15:26:27.407+0000] {logging_mixin.py:188} INFO - [2025-12-07T15:26:27.406+0000] {dag.py:3823} INFO - Setting next_dagrun for example_xcom_args_with_operators to None, run_after=None
[2025-12-07T15:26:27.439+0000] {processor.py:183} INFO - Processing /home/airflow/.local/lib/python3.8/site-packages/airflow/example_dags/example_xcomargs.py took 0.164 seconds
[2025-12-07T15:26:57.555+0000] {processor.py:161} INFO - Started process (PID=2547) to work on /home/airflow/.local/lib/python3.8/site-packages/airflow/example_dags/example_xcomargs.py
[2025-12-07T15:26:57.556+0000] {processor.py:830} INFO - Processing file /home/airflow/.local/lib/python3.8/site-packages/airflow/example_dags/example_xcomargs.py for tasks to queue
[2025-12-07T15:26:57.559+0000] {logging_mixin.py:188} INFO - [2025-12-07T15:26:57.559+0000] {dagbag.py:538} INFO - Filling up the DagBag from /home/airflow/.local/lib/python3.8/site-packages/airflow/example_dags/example_xcomargs.py
[2025-12-07T15:26:57.570+0000] {processor.py:840} INFO - DAG(s) 'example_xcom_args_with_operators', 'example_xcom_args' retrieved from /home/airflow/.local/lib/python3.8/site-packages/airflow/example_dags/example_xcomargs.py
[2025-12-07T15:26:57.602+0000] {logging_mixin.py:188} INFO - [2025-12-07T15:26:57.602+0000] {dag.py:3036} INFO - Sync 2 DAGs
[2025-12-07T15:26:57.618+0000] {logging_mixin.py:188} INFO - [2025-12-07T15:26:57.617+0000] {dag.py:3823} INFO - Setting next_dagrun for example_xcom_args to None, run_after=None
[2025-12-07T15:26:57.623+0000] {logging_mixin.py:188} INFO - [2025-12-07T15:26:57.623+0000] {dag.py:3823} INFO - Setting next_dagrun for example_xcom_args_with_operators to None, run_after=None
[2025-12-07T15:26:57.650+0000] {processor.py:183} INFO - Processing /home/airflow/.local/lib/python3.8/site-packages/airflow/example_dags/example_xcomargs.py took 0.102 seconds
[2025-12-07T15:27:27.751+0000] {processor.py:161} INFO - Started process (PID=2606) to work on /home/airflow/.local/lib/python3.8/site-packages/airflow/example_dags/example_xcomargs.py
[2025-12-07T15:27:27.752+0000] {processor.py:830} INFO - Processing file /home/airflow/.local/lib/python3.8/site-packages/airflow/example_dags/example_xcomargs.py for tasks to queue
[2025-12-07T15:27:27.756+0000] {logging_mixin.py:188} INFO - [2025-12-07T15:27:27.755+0000] {dagbag.py:538} INFO - Filling up the DagBag from /home/airflow/.local/lib/python3.8/site-packages/airflow/example_dags/example_xcomargs.py
[2025-12-07T15:27:27.770+0000] {processor.py:840} INFO - DAG(s) 'example_xcom_args', 'example_xcom_args_with_operators' retrieved from /home/airflow/.local/lib/python3.8/site-packages/airflow/example_dags/example_xcomargs.py
[2025-12-07T15:27:27.810+0000] {logging_mixin.py:188} INFO - [2025-12-07T15:27:27.810+0000] {dag.py:3036} INFO - Sync 2 DAGs
[2025-12-07T15:27:27.830+0000] {logging_mixin.py:188} INFO - [2025-12-07T15:27:27.830+0000] {dag.py:3823} INFO - Setting next_dagrun for example_xcom_args to None, run_after=None
[2025-12-07T15:27:27.836+0000] {logging_mixin.py:188} INFO - [2025-12-07T15:27:27.836+0000] {dag.py:3823} INFO - Setting next_dagrun for example_xcom_args_with_operators to None, run_after=None
[2025-12-07T15:27:27.863+0000] {processor.py:183} INFO - Processing /home/airflow/.local/lib/python3.8/site-packages/airflow/example_dags/example_xcomargs.py took 0.117 seconds
[2025-12-07T15:27:58.114+0000] {processor.py:161} INFO - Started process (PID=2665) to work on /home/airflow/.local/lib/python3.8/site-packages/airflow/example_dags/example_xcomargs.py
[2025-12-07T15:27:58.115+0000] {processor.py:830} INFO - Processing file /home/airflow/.local/lib/python3.8/site-packages/airflow/example_dags/example_xcomargs.py for tasks to queue
[2025-12-07T15:27:58.118+0000] {logging_mixin.py:188} INFO - [2025-12-07T15:27:58.117+0000] {dagbag.py:538} INFO - Filling up the DagBag from /home/airflow/.local/lib/python3.8/site-packages/airflow/example_dags/example_xcomargs.py
[2025-12-07T15:27:58.134+0000] {processor.py:840} INFO - DAG(s) 'example_xcom_args_with_operators', 'example_xcom_args' retrieved from /home/airflow/.local/lib/python3.8/site-packages/airflow/example_dags/example_xcomargs.py
[2025-12-07T15:27:58.174+0000] {logging_mixin.py:188} INFO - [2025-12-07T15:27:58.173+0000] {dag.py:3036} INFO - Sync 2 DAGs
[2025-12-07T15:27:58.195+0000] {logging_mixin.py:188} INFO - [2025-12-07T15:27:58.195+0000] {dag.py:3823} INFO - Setting next_dagrun for example_xcom_args to None, run_after=None
[2025-12-07T15:27:58.201+0000] {logging_mixin.py:188} INFO - [2025-12-07T15:27:58.201+0000] {dag.py:3823} INFO - Setting next_dagrun for example_xcom_args_with_operators to None, run_after=None
[2025-12-07T15:27:58.228+0000] {processor.py:183} INFO - Processing /home/airflow/.local/lib/python3.8/site-packages/airflow/example_dags/example_xcomargs.py took 0.120 seconds
[2025-12-07T15:28:28.713+0000] {processor.py:161} INFO - Started process (PID=2724) to work on /home/airflow/.local/lib/python3.8/site-packages/airflow/example_dags/example_xcomargs.py
[2025-12-07T15:28:28.715+0000] {processor.py:830} INFO - Processing file /home/airflow/.local/lib/python3.8/site-packages/airflow/example_dags/example_xcomargs.py for tasks to queue
[2025-12-07T15:28:28.718+0000] {logging_mixin.py:188} INFO - [2025-12-07T15:28:28.717+0000] {dagbag.py:538} INFO - Filling up the DagBag from /home/airflow/.local/lib/python3.8/site-packages/airflow/example_dags/example_xcomargs.py
[2025-12-07T15:28:28.729+0000] {processor.py:840} INFO - DAG(s) 'example_xcom_args', 'example_xcom_args_with_operators' retrieved from /home/airflow/.local/lib/python3.8/site-packages/airflow/example_dags/example_xcomargs.py
[2025-12-07T15:28:28.764+0000] {logging_mixin.py:188} INFO - [2025-12-07T15:28:28.764+0000] {dag.py:3036} INFO - Sync 2 DAGs
[2025-12-07T15:28:28.781+0000] {logging_mixin.py:188} INFO - [2025-12-07T15:28:28.781+0000] {dag.py:3823} INFO - Setting next_dagrun for example_xcom_args to None, run_after=None
[2025-12-07T15:28:28.787+0000] {logging_mixin.py:188} INFO - [2025-12-07T15:28:28.787+0000] {dag.py:3823} INFO - Setting next_dagrun for example_xcom_args_with_operators to None, run_after=None
[2025-12-07T15:28:28.815+0000] {processor.py:183} INFO - Processing /home/airflow/.local/lib/python3.8/site-packages/airflow/example_dags/example_xcomargs.py took 0.106 seconds
[2025-12-07T15:28:59.049+0000] {processor.py:161} INFO - Started process (PID=2783) to work on /home/airflow/.local/lib/python3.8/site-packages/airflow/example_dags/example_xcomargs.py
[2025-12-07T15:28:59.051+0000] {processor.py:830} INFO - Processing file /home/airflow/.local/lib/python3.8/site-packages/airflow/example_dags/example_xcomargs.py for tasks to queue
[2025-12-07T15:28:59.054+0000] {logging_mixin.py:188} INFO - [2025-12-07T15:28:59.054+0000] {dagbag.py:538} INFO - Filling up the DagBag from /home/airflow/.local/lib/python3.8/site-packages/airflow/example_dags/example_xcomargs.py
[2025-12-07T15:28:59.066+0000] {processor.py:840} INFO - DAG(s) 'example_xcom_args', 'example_xcom_args_with_operators' retrieved from /home/airflow/.local/lib/python3.8/site-packages/airflow/example_dags/example_xcomargs.py
[2025-12-07T15:28:59.106+0000] {logging_mixin.py:188} INFO - [2025-12-07T15:28:59.105+0000] {dag.py:3036} INFO - Sync 2 DAGs
[2025-12-07T15:28:59.125+0000] {logging_mixin.py:188} INFO - [2025-12-07T15:28:59.124+0000] {dag.py:3823} INFO - Setting next_dagrun for example_xcom_args to None, run_after=None
[2025-12-07T15:28:59.131+0000] {logging_mixin.py:188} INFO - [2025-12-07T15:28:59.130+0000] {dag.py:3823} INFO - Setting next_dagrun for example_xcom_args_with_operators to None, run_after=None
[2025-12-07T15:28:59.164+0000] {processor.py:183} INFO - Processing /home/airflow/.local/lib/python3.8/site-packages/airflow/example_dags/example_xcomargs.py took 0.119 seconds
[2025-12-07T15:29:29.811+0000] {processor.py:161} INFO - Started process (PID=2842) to work on /home/airflow/.local/lib/python3.8/site-packages/airflow/example_dags/example_xcomargs.py
[2025-12-07T15:29:29.812+0000] {processor.py:830} INFO - Processing file /home/airflow/.local/lib/python3.8/site-packages/airflow/example_dags/example_xcomargs.py for tasks to queue
[2025-12-07T15:29:29.815+0000] {logging_mixin.py:188} INFO - [2025-12-07T15:29:29.815+0000] {dagbag.py:538} INFO - Filling up the DagBag from /home/airflow/.local/lib/python3.8/site-packages/airflow/example_dags/example_xcomargs.py
[2025-12-07T15:29:29.826+0000] {processor.py:840} INFO - DAG(s) 'example_xcom_args', 'example_xcom_args_with_operators' retrieved from /home/airflow/.local/lib/python3.8/site-packages/airflow/example_dags/example_xcomargs.py
[2025-12-07T15:29:29.859+0000] {logging_mixin.py:188} INFO - [2025-12-07T15:29:29.859+0000] {dag.py:3036} INFO - Sync 2 DAGs
[2025-12-07T15:29:29.875+0000] {logging_mixin.py:188} INFO - [2025-12-07T15:29:29.875+0000] {dag.py:3823} INFO - Setting next_dagrun for example_xcom_args to None, run_after=None
[2025-12-07T15:29:29.880+0000] {logging_mixin.py:188} INFO - [2025-12-07T15:29:29.880+0000] {dag.py:3823} INFO - Setting next_dagrun for example_xcom_args_with_operators to None, run_after=None
[2025-12-07T15:29:29.914+0000] {processor.py:183} INFO - Processing /home/airflow/.local/lib/python3.8/site-packages/airflow/example_dags/example_xcomargs.py took 0.107 seconds
[2025-12-07T15:30:00.705+0000] {processor.py:161} INFO - Started process (PID=2901) to work on /home/airflow/.local/lib/python3.8/site-packages/airflow/example_dags/example_xcomargs.py
[2025-12-07T15:30:00.707+0000] {processor.py:830} INFO - Processing file /home/airflow/.local/lib/python3.8/site-packages/airflow/example_dags/example_xcomargs.py for tasks to queue
[2025-12-07T15:30:00.710+0000] {logging_mixin.py:188} INFO - [2025-12-07T15:30:00.709+0000] {dagbag.py:538} INFO - Filling up the DagBag from /home/airflow/.local/lib/python3.8/site-packages/airflow/example_dags/example_xcomargs.py
[2025-12-07T15:30:00.721+0000] {processor.py:840} INFO - DAG(s) 'example_xcom_args_with_operators', 'example_xcom_args' retrieved from /home/airflow/.local/lib/python3.8/site-packages/airflow/example_dags/example_xcomargs.py
[2025-12-07T15:30:00.757+0000] {logging_mixin.py:188} INFO - [2025-12-07T15:30:00.757+0000] {dag.py:3036} INFO - Sync 2 DAGs
[2025-12-07T15:30:00.920+0000] {logging_mixin.py:188} INFO - [2025-12-07T15:30:00.919+0000] {dag.py:3823} INFO - Setting next_dagrun for example_xcom_args to None, run_after=None
[2025-12-07T15:30:00.926+0000] {logging_mixin.py:188} INFO - [2025-12-07T15:30:00.926+0000] {dag.py:3823} INFO - Setting next_dagrun for example_xcom_args_with_operators to None, run_after=None
[2025-12-07T15:30:00.960+0000] {processor.py:183} INFO - Processing /home/airflow/.local/lib/python3.8/site-packages/airflow/example_dags/example_xcomargs.py took 0.259 seconds
[2025-12-07T15:30:31.122+0000] {processor.py:161} INFO - Started process (PID=2961) to work on /home/airflow/.local/lib/python3.8/site-packages/airflow/example_dags/example_xcomargs.py
[2025-12-07T15:30:31.124+0000] {processor.py:830} INFO - Processing file /home/airflow/.local/lib/python3.8/site-packages/airflow/example_dags/example_xcomargs.py for tasks to queue
[2025-12-07T15:30:31.127+0000] {logging_mixin.py:188} INFO - [2025-12-07T15:30:31.126+0000] {dagbag.py:538} INFO - Filling up the DagBag from /home/airflow/.local/lib/python3.8/site-packages/airflow/example_dags/example_xcomargs.py
[2025-12-07T15:30:31.139+0000] {processor.py:840} INFO - DAG(s) 'example_xcom_args_with_operators', 'example_xcom_args' retrieved from /home/airflow/.local/lib/python3.8/site-packages/airflow/example_dags/example_xcomargs.py
[2025-12-07T15:30:31.178+0000] {logging_mixin.py:188} INFO - [2025-12-07T15:30:31.177+0000] {dag.py:3036} INFO - Sync 2 DAGs
[2025-12-07T15:30:31.363+0000] {logging_mixin.py:188} INFO - [2025-12-07T15:30:31.363+0000] {dag.py:3823} INFO - Setting next_dagrun for example_xcom_args to None, run_after=None
[2025-12-07T15:30:31.370+0000] {logging_mixin.py:188} INFO - [2025-12-07T15:30:31.370+0000] {dag.py:3823} INFO - Setting next_dagrun for example_xcom_args_with_operators to None, run_after=None
[2025-12-07T15:30:31.402+0000] {processor.py:183} INFO - Processing /home/airflow/.local/lib/python3.8/site-packages/airflow/example_dags/example_xcomargs.py took 0.285 seconds
[2025-12-07T15:31:01.539+0000] {processor.py:161} INFO - Started process (PID=3020) to work on /home/airflow/.local/lib/python3.8/site-packages/airflow/example_dags/example_xcomargs.py
[2025-12-07T15:31:01.541+0000] {processor.py:830} INFO - Processing file /home/airflow/.local/lib/python3.8/site-packages/airflow/example_dags/example_xcomargs.py for tasks to queue
[2025-12-07T15:31:01.544+0000] {logging_mixin.py:188} INFO - [2025-12-07T15:31:01.544+0000] {dagbag.py:538} INFO - Filling up the DagBag from /home/airflow/.local/lib/python3.8/site-packages/airflow/example_dags/example_xcomargs.py
[2025-12-07T15:31:01.555+0000] {processor.py:840} INFO - DAG(s) 'example_xcom_args', 'example_xcom_args_with_operators' retrieved from /home/airflow/.local/lib/python3.8/site-packages/airflow/example_dags/example_xcomargs.py
[2025-12-07T15:31:01.590+0000] {logging_mixin.py:188} INFO - [2025-12-07T15:31:01.590+0000] {dag.py:3036} INFO - Sync 2 DAGs
[2025-12-07T15:31:01.610+0000] {logging_mixin.py:188} INFO - [2025-12-07T15:31:01.609+0000] {dag.py:3823} INFO - Setting next_dagrun for example_xcom_args to None, run_after=None
[2025-12-07T15:31:01.615+0000] {logging_mixin.py:188} INFO - [2025-12-07T15:31:01.614+0000] {dag.py:3823} INFO - Setting next_dagrun for example_xcom_args_with_operators to None, run_after=None
[2025-12-07T15:31:01.792+0000] {processor.py:183} INFO - Processing /home/airflow/.local/lib/python3.8/site-packages/airflow/example_dags/example_xcomargs.py took 0.258 seconds
[2025-12-07T15:31:32.425+0000] {processor.py:161} INFO - Started process (PID=3079) to work on /home/airflow/.local/lib/python3.8/site-packages/airflow/example_dags/example_xcomargs.py
[2025-12-07T15:31:32.426+0000] {processor.py:830} INFO - Processing file /home/airflow/.local/lib/python3.8/site-packages/airflow/example_dags/example_xcomargs.py for tasks to queue
[2025-12-07T15:31:32.430+0000] {logging_mixin.py:188} INFO - [2025-12-07T15:31:32.429+0000] {dagbag.py:538} INFO - Filling up the DagBag from /home/airflow/.local/lib/python3.8/site-packages/airflow/example_dags/example_xcomargs.py
[2025-12-07T15:31:32.442+0000] {processor.py:840} INFO - DAG(s) 'example_xcom_args_with_operators', 'example_xcom_args' retrieved from /home/airflow/.local/lib/python3.8/site-packages/airflow/example_dags/example_xcomargs.py
[2025-12-07T15:31:32.474+0000] {logging_mixin.py:188} INFO - [2025-12-07T15:31:32.474+0000] {dag.py:3036} INFO - Sync 2 DAGs
[2025-12-07T15:31:32.492+0000] {logging_mixin.py:188} INFO - [2025-12-07T15:31:32.492+0000] {dag.py:3823} INFO - Setting next_dagrun for example_xcom_args to None, run_after=None
[2025-12-07T15:31:32.498+0000] {logging_mixin.py:188} INFO - [2025-12-07T15:31:32.498+0000] {dag.py:3823} INFO - Setting next_dagrun for example_xcom_args_with_operators to None, run_after=None
[2025-12-07T15:31:32.525+0000] {processor.py:183} INFO - Processing /home/airflow/.local/lib/python3.8/site-packages/airflow/example_dags/example_xcomargs.py took 0.105 seconds
[2025-12-07T15:32:02.694+0000] {processor.py:161} INFO - Started process (PID=3138) to work on /home/airflow/.local/lib/python3.8/site-packages/airflow/example_dags/example_xcomargs.py
[2025-12-07T15:32:02.696+0000] {processor.py:830} INFO - Processing file /home/airflow/.local/lib/python3.8/site-packages/airflow/example_dags/example_xcomargs.py for tasks to queue
[2025-12-07T15:32:02.699+0000] {logging_mixin.py:188} INFO - [2025-12-07T15:32:02.699+0000] {dagbag.py:538} INFO - Filling up the DagBag from /home/airflow/.local/lib/python3.8/site-packages/airflow/example_dags/example_xcomargs.py
[2025-12-07T15:32:02.713+0000] {processor.py:840} INFO - DAG(s) 'example_xcom_args', 'example_xcom_args_with_operators' retrieved from /home/airflow/.local/lib/python3.8/site-packages/airflow/example_dags/example_xcomargs.py
[2025-12-07T15:32:02.751+0000] {logging_mixin.py:188} INFO - [2025-12-07T15:32:02.751+0000] {dag.py:3036} INFO - Sync 2 DAGs
[2025-12-07T15:32:02.770+0000] {logging_mixin.py:188} INFO - [2025-12-07T15:32:02.770+0000] {dag.py:3823} INFO - Setting next_dagrun for example_xcom_args to None, run_after=None
[2025-12-07T15:32:02.776+0000] {logging_mixin.py:188} INFO - [2025-12-07T15:32:02.775+0000] {dag.py:3823} INFO - Setting next_dagrun for example_xcom_args_with_operators to None, run_after=None
[2025-12-07T15:32:02.808+0000] {processor.py:183} INFO - Processing /home/airflow/.local/lib/python3.8/site-packages/airflow/example_dags/example_xcomargs.py took 0.118 seconds
[2025-12-07T15:32:33.046+0000] {processor.py:161} INFO - Started process (PID=3197) to work on /home/airflow/.local/lib/python3.8/site-packages/airflow/example_dags/example_xcomargs.py
[2025-12-07T15:32:33.047+0000] {processor.py:830} INFO - Processing file /home/airflow/.local/lib/python3.8/site-packages/airflow/example_dags/example_xcomargs.py for tasks to queue
[2025-12-07T15:32:33.050+0000] {logging_mixin.py:188} INFO - [2025-12-07T15:32:33.049+0000] {dagbag.py:538} INFO - Filling up the DagBag from /home/airflow/.local/lib/python3.8/site-packages/airflow/example_dags/example_xcomargs.py
[2025-12-07T15:32:33.061+0000] {processor.py:840} INFO - DAG(s) 'example_xcom_args', 'example_xcom_args_with_operators' retrieved from /home/airflow/.local/lib/python3.8/site-packages/airflow/example_dags/example_xcomargs.py
[2025-12-07T15:32:33.095+0000] {logging_mixin.py:188} INFO - [2025-12-07T15:32:33.095+0000] {dag.py:3036} INFO - Sync 2 DAGs
[2025-12-07T15:32:33.112+0000] {logging_mixin.py:188} INFO - [2025-12-07T15:32:33.112+0000] {dag.py:3823} INFO - Setting next_dagrun for example_xcom_args to None, run_after=None
[2025-12-07T15:32:33.118+0000] {logging_mixin.py:188} INFO - [2025-12-07T15:32:33.117+0000] {dag.py:3823} INFO - Setting next_dagrun for example_xcom_args_with_operators to None, run_after=None
[2025-12-07T15:32:33.147+0000] {processor.py:183} INFO - Processing /home/airflow/.local/lib/python3.8/site-packages/airflow/example_dags/example_xcomargs.py took 0.106 seconds
[2025-12-07T15:33:03.276+0000] {processor.py:161} INFO - Started process (PID=3256) to work on /home/airflow/.local/lib/python3.8/site-packages/airflow/example_dags/example_xcomargs.py
[2025-12-07T15:33:03.277+0000] {processor.py:830} INFO - Processing file /home/airflow/.local/lib/python3.8/site-packages/airflow/example_dags/example_xcomargs.py for tasks to queue
[2025-12-07T15:33:03.281+0000] {logging_mixin.py:188} INFO - [2025-12-07T15:33:03.280+0000] {dagbag.py:538} INFO - Filling up the DagBag from /home/airflow/.local/lib/python3.8/site-packages/airflow/example_dags/example_xcomargs.py
[2025-12-07T15:33:03.291+0000] {processor.py:840} INFO - DAG(s) 'example_xcom_args', 'example_xcom_args_with_operators' retrieved from /home/airflow/.local/lib/python3.8/site-packages/airflow/example_dags/example_xcomargs.py
[2025-12-07T15:33:03.325+0000] {logging_mixin.py:188} INFO - [2025-12-07T15:33:03.325+0000] {dag.py:3036} INFO - Sync 2 DAGs
[2025-12-07T15:33:03.340+0000] {logging_mixin.py:188} INFO - [2025-12-07T15:33:03.340+0000] {dag.py:3823} INFO - Setting next_dagrun for example_xcom_args to None, run_after=None
[2025-12-07T15:33:03.345+0000] {logging_mixin.py:188} INFO - [2025-12-07T15:33:03.345+0000] {dag.py:3823} INFO - Setting next_dagrun for example_xcom_args_with_operators to None, run_after=None
[2025-12-07T15:33:03.373+0000] {processor.py:183} INFO - Processing /home/airflow/.local/lib/python3.8/site-packages/airflow/example_dags/example_xcomargs.py took 0.101 seconds
[2025-12-07T15:33:33.988+0000] {processor.py:161} INFO - Started process (PID=3315) to work on /home/airflow/.local/lib/python3.8/site-packages/airflow/example_dags/example_xcomargs.py
[2025-12-07T15:33:33.989+0000] {processor.py:830} INFO - Processing file /home/airflow/.local/lib/python3.8/site-packages/airflow/example_dags/example_xcomargs.py for tasks to queue
[2025-12-07T15:33:33.995+0000] {logging_mixin.py:188} INFO - [2025-12-07T15:33:33.994+0000] {dagbag.py:538} INFO - Filling up the DagBag from /home/airflow/.local/lib/python3.8/site-packages/airflow/example_dags/example_xcomargs.py
[2025-12-07T15:33:34.010+0000] {processor.py:840} INFO - DAG(s) 'example_xcom_args', 'example_xcom_args_with_operators' retrieved from /home/airflow/.local/lib/python3.8/site-packages/airflow/example_dags/example_xcomargs.py
[2025-12-07T15:33:34.050+0000] {logging_mixin.py:188} INFO - [2025-12-07T15:33:34.049+0000] {dag.py:3036} INFO - Sync 2 DAGs
[2025-12-07T15:33:34.067+0000] {logging_mixin.py:188} INFO - [2025-12-07T15:33:34.066+0000] {dag.py:3823} INFO - Setting next_dagrun for example_xcom_args to None, run_after=None
[2025-12-07T15:33:34.072+0000] {logging_mixin.py:188} INFO - [2025-12-07T15:33:34.072+0000] {dag.py:3823} INFO - Setting next_dagrun for example_xcom_args_with_operators to None, run_after=None
[2025-12-07T15:33:34.098+0000] {processor.py:183} INFO - Processing /home/airflow/.local/lib/python3.8/site-packages/airflow/example_dags/example_xcomargs.py took 0.119 seconds
[2025-12-07T15:34:04.790+0000] {processor.py:161} INFO - Started process (PID=3374) to work on /home/airflow/.local/lib/python3.8/site-packages/airflow/example_dags/example_xcomargs.py
[2025-12-07T15:34:04.791+0000] {processor.py:830} INFO - Processing file /home/airflow/.local/lib/python3.8/site-packages/airflow/example_dags/example_xcomargs.py for tasks to queue
[2025-12-07T15:34:04.794+0000] {logging_mixin.py:188} INFO - [2025-12-07T15:34:04.794+0000] {dagbag.py:538} INFO - Filling up the DagBag from /home/airflow/.local/lib/python3.8/site-packages/airflow/example_dags/example_xcomargs.py
[2025-12-07T15:34:04.809+0000] {processor.py:840} INFO - DAG(s) 'example_xcom_args', 'example_xcom_args_with_operators' retrieved from /home/airflow/.local/lib/python3.8/site-packages/airflow/example_dags/example_xcomargs.py
[2025-12-07T15:34:04.857+0000] {logging_mixin.py:188} INFO - [2025-12-07T15:34:04.857+0000] {dag.py:3036} INFO - Sync 2 DAGs
[2025-12-07T15:34:04.876+0000] {logging_mixin.py:188} INFO - [2025-12-07T15:34:04.876+0000] {dag.py:3823} INFO - Setting next_dagrun for example_xcom_args to None, run_after=None
[2025-12-07T15:34:04.887+0000] {logging_mixin.py:188} INFO - [2025-12-07T15:34:04.887+0000] {dag.py:3823} INFO - Setting next_dagrun for example_xcom_args_with_operators to None, run_after=None
[2025-12-07T15:34:04.930+0000] {processor.py:183} INFO - Processing /home/airflow/.local/lib/python3.8/site-packages/airflow/example_dags/example_xcomargs.py took 0.144 seconds
[2025-12-07T15:34:35.470+0000] {processor.py:161} INFO - Started process (PID=3433) to work on /home/airflow/.local/lib/python3.8/site-packages/airflow/example_dags/example_xcomargs.py
[2025-12-07T15:34:35.473+0000] {processor.py:830} INFO - Processing file /home/airflow/.local/lib/python3.8/site-packages/airflow/example_dags/example_xcomargs.py for tasks to queue
[2025-12-07T15:34:35.481+0000] {logging_mixin.py:188} INFO - [2025-12-07T15:34:35.480+0000] {dagbag.py:538} INFO - Filling up the DagBag from /home/airflow/.local/lib/python3.8/site-packages/airflow/example_dags/example_xcomargs.py
[2025-12-07T15:34:35.506+0000] {processor.py:840} INFO - DAG(s) 'example_xcom_args_with_operators', 'example_xcom_args' retrieved from /home/airflow/.local/lib/python3.8/site-packages/airflow/example_dags/example_xcomargs.py
[2025-12-07T15:34:35.555+0000] {logging_mixin.py:188} INFO - [2025-12-07T15:34:35.555+0000] {dag.py:3036} INFO - Sync 2 DAGs
[2025-12-07T15:34:35.578+0000] {logging_mixin.py:188} INFO - [2025-12-07T15:34:35.578+0000] {dag.py:3823} INFO - Setting next_dagrun for example_xcom_args to None, run_after=None
[2025-12-07T15:34:35.584+0000] {logging_mixin.py:188} INFO - [2025-12-07T15:34:35.584+0000] {dag.py:3823} INFO - Setting next_dagrun for example_xcom_args_with_operators to None, run_after=None
[2025-12-07T15:34:35.617+0000] {processor.py:183} INFO - Processing /home/airflow/.local/lib/python3.8/site-packages/airflow/example_dags/example_xcomargs.py took 0.154 seconds
[2025-12-07T15:35:05.813+0000] {processor.py:161} INFO - Started process (PID=3492) to work on /home/airflow/.local/lib/python3.8/site-packages/airflow/example_dags/example_xcomargs.py
[2025-12-07T15:35:05.815+0000] {processor.py:830} INFO - Processing file /home/airflow/.local/lib/python3.8/site-packages/airflow/example_dags/example_xcomargs.py for tasks to queue
[2025-12-07T15:35:05.818+0000] {logging_mixin.py:188} INFO - [2025-12-07T15:35:05.818+0000] {dagbag.py:538} INFO - Filling up the DagBag from /home/airflow/.local/lib/python3.8/site-packages/airflow/example_dags/example_xcomargs.py
[2025-12-07T15:35:05.829+0000] {processor.py:840} INFO - DAG(s) 'example_xcom_args_with_operators', 'example_xcom_args' retrieved from /home/airflow/.local/lib/python3.8/site-packages/airflow/example_dags/example_xcomargs.py
[2025-12-07T15:35:05.873+0000] {logging_mixin.py:188} INFO - [2025-12-07T15:35:05.872+0000] {dag.py:3036} INFO - Sync 2 DAGs
[2025-12-07T15:35:05.891+0000] {logging_mixin.py:188} INFO - [2025-12-07T15:35:05.891+0000] {dag.py:3823} INFO - Setting next_dagrun for example_xcom_args to None, run_after=None
[2025-12-07T15:35:05.896+0000] {logging_mixin.py:188} INFO - [2025-12-07T15:35:05.896+0000] {dag.py:3823} INFO - Setting next_dagrun for example_xcom_args_with_operators to None, run_after=None
[2025-12-07T15:35:05.930+0000] {processor.py:183} INFO - Processing /home/airflow/.local/lib/python3.8/site-packages/airflow/example_dags/example_xcomargs.py took 0.122 seconds
[2025-12-07T15:35:36.447+0000] {processor.py:161} INFO - Started process (PID=3551) to work on /home/airflow/.local/lib/python3.8/site-packages/airflow/example_dags/example_xcomargs.py
[2025-12-07T15:35:36.450+0000] {processor.py:830} INFO - Processing file /home/airflow/.local/lib/python3.8/site-packages/airflow/example_dags/example_xcomargs.py for tasks to queue
[2025-12-07T15:35:36.455+0000] {logging_mixin.py:188} INFO - [2025-12-07T15:35:36.455+0000] {dagbag.py:538} INFO - Filling up the DagBag from /home/airflow/.local/lib/python3.8/site-packages/airflow/example_dags/example_xcomargs.py
[2025-12-07T15:35:36.467+0000] {processor.py:840} INFO - DAG(s) 'example_xcom_args_with_operators', 'example_xcom_args' retrieved from /home/airflow/.local/lib/python3.8/site-packages/airflow/example_dags/example_xcomargs.py
[2025-12-07T15:35:36.506+0000] {logging_mixin.py:188} INFO - [2025-12-07T15:35:36.506+0000] {dag.py:3036} INFO - Sync 2 DAGs
[2025-12-07T15:35:36.522+0000] {logging_mixin.py:188} INFO - [2025-12-07T15:35:36.521+0000] {dag.py:3823} INFO - Setting next_dagrun for example_xcom_args to None, run_after=None
[2025-12-07T15:35:36.528+0000] {logging_mixin.py:188} INFO - [2025-12-07T15:35:36.528+0000] {dag.py:3823} INFO - Setting next_dagrun for example_xcom_args_with_operators to None, run_after=None
[2025-12-07T15:35:36.560+0000] {processor.py:183} INFO - Processing /home/airflow/.local/lib/python3.8/site-packages/airflow/example_dags/example_xcomargs.py took 0.118 seconds
[2025-12-07T15:36:06.745+0000] {processor.py:161} INFO - Started process (PID=3610) to work on /home/airflow/.local/lib/python3.8/site-packages/airflow/example_dags/example_xcomargs.py
[2025-12-07T15:36:06.748+0000] {processor.py:830} INFO - Processing file /home/airflow/.local/lib/python3.8/site-packages/airflow/example_dags/example_xcomargs.py for tasks to queue
[2025-12-07T15:36:06.754+0000] {logging_mixin.py:188} INFO - [2025-12-07T15:36:06.754+0000] {dagbag.py:538} INFO - Filling up the DagBag from /home/airflow/.local/lib/python3.8/site-packages/airflow/example_dags/example_xcomargs.py
[2025-12-07T15:36:06.766+0000] {processor.py:840} INFO - DAG(s) 'example_xcom_args_with_operators', 'example_xcom_args' retrieved from /home/airflow/.local/lib/python3.8/site-packages/airflow/example_dags/example_xcomargs.py
[2025-12-07T15:36:06.809+0000] {logging_mixin.py:188} INFO - [2025-12-07T15:36:06.808+0000] {dag.py:3036} INFO - Sync 2 DAGs
[2025-12-07T15:36:06.827+0000] {logging_mixin.py:188} INFO - [2025-12-07T15:36:06.827+0000] {dag.py:3823} INFO - Setting next_dagrun for example_xcom_args to None, run_after=None
[2025-12-07T15:36:06.832+0000] {logging_mixin.py:188} INFO - [2025-12-07T15:36:06.832+0000] {dag.py:3823} INFO - Setting next_dagrun for example_xcom_args_with_operators to None, run_after=None
[2025-12-07T15:36:06.863+0000] {processor.py:183} INFO - Processing /home/airflow/.local/lib/python3.8/site-packages/airflow/example_dags/example_xcomargs.py took 0.123 seconds
[2025-12-07T15:36:37.181+0000] {processor.py:161} INFO - Started process (PID=3669) to work on /home/airflow/.local/lib/python3.8/site-packages/airflow/example_dags/example_xcomargs.py
[2025-12-07T15:36:37.183+0000] {processor.py:830} INFO - Processing file /home/airflow/.local/lib/python3.8/site-packages/airflow/example_dags/example_xcomargs.py for tasks to queue
[2025-12-07T15:36:37.186+0000] {logging_mixin.py:188} INFO - [2025-12-07T15:36:37.185+0000] {dagbag.py:538} INFO - Filling up the DagBag from /home/airflow/.local/lib/python3.8/site-packages/airflow/example_dags/example_xcomargs.py
[2025-12-07T15:36:37.198+0000] {processor.py:840} INFO - DAG(s) 'example_xcom_args', 'example_xcom_args_with_operators' retrieved from /home/airflow/.local/lib/python3.8/site-packages/airflow/example_dags/example_xcomargs.py
[2025-12-07T15:36:37.239+0000] {logging_mixin.py:188} INFO - [2025-12-07T15:36:37.239+0000] {dag.py:3036} INFO - Sync 2 DAGs
[2025-12-07T15:36:37.258+0000] {logging_mixin.py:188} INFO - [2025-12-07T15:36:37.258+0000] {dag.py:3823} INFO - Setting next_dagrun for example_xcom_args to None, run_after=None
[2025-12-07T15:36:37.264+0000] {logging_mixin.py:188} INFO - [2025-12-07T15:36:37.263+0000] {dag.py:3823} INFO - Setting next_dagrun for example_xcom_args_with_operators to None, run_after=None
[2025-12-07T15:36:37.293+0000] {processor.py:183} INFO - Processing /home/airflow/.local/lib/python3.8/site-packages/airflow/example_dags/example_xcomargs.py took 0.116 seconds
[2025-12-07T15:37:07.511+0000] {processor.py:161} INFO - Started process (PID=3728) to work on /home/airflow/.local/lib/python3.8/site-packages/airflow/example_dags/example_xcomargs.py
[2025-12-07T15:37:07.512+0000] {processor.py:830} INFO - Processing file /home/airflow/.local/lib/python3.8/site-packages/airflow/example_dags/example_xcomargs.py for tasks to queue
[2025-12-07T15:37:07.516+0000] {logging_mixin.py:188} INFO - [2025-12-07T15:37:07.516+0000] {dagbag.py:538} INFO - Filling up the DagBag from /home/airflow/.local/lib/python3.8/site-packages/airflow/example_dags/example_xcomargs.py
[2025-12-07T15:37:07.530+0000] {processor.py:840} INFO - DAG(s) 'example_xcom_args_with_operators', 'example_xcom_args' retrieved from /home/airflow/.local/lib/python3.8/site-packages/airflow/example_dags/example_xcomargs.py
[2025-12-07T15:37:07.571+0000] {logging_mixin.py:188} INFO - [2025-12-07T15:37:07.570+0000] {dag.py:3036} INFO - Sync 2 DAGs
[2025-12-07T15:37:07.596+0000] {logging_mixin.py:188} INFO - [2025-12-07T15:37:07.595+0000] {dag.py:3823} INFO - Setting next_dagrun for example_xcom_args to None, run_after=None
[2025-12-07T15:37:07.602+0000] {logging_mixin.py:188} INFO - [2025-12-07T15:37:07.602+0000] {dag.py:3823} INFO - Setting next_dagrun for example_xcom_args_with_operators to None, run_after=None
[2025-12-07T15:37:07.634+0000] {processor.py:183} INFO - Processing /home/airflow/.local/lib/python3.8/site-packages/airflow/example_dags/example_xcomargs.py took 0.128 seconds
[2025-12-07T15:37:38.068+0000] {processor.py:161} INFO - Started process (PID=3787) to work on /home/airflow/.local/lib/python3.8/site-packages/airflow/example_dags/example_xcomargs.py
[2025-12-07T15:37:38.070+0000] {processor.py:830} INFO - Processing file /home/airflow/.local/lib/python3.8/site-packages/airflow/example_dags/example_xcomargs.py for tasks to queue
[2025-12-07T15:37:38.072+0000] {logging_mixin.py:188} INFO - [2025-12-07T15:37:38.072+0000] {dagbag.py:538} INFO - Filling up the DagBag from /home/airflow/.local/lib/python3.8/site-packages/airflow/example_dags/example_xcomargs.py
[2025-12-07T15:37:38.085+0000] {processor.py:840} INFO - DAG(s) 'example_xcom_args', 'example_xcom_args_with_operators' retrieved from /home/airflow/.local/lib/python3.8/site-packages/airflow/example_dags/example_xcomargs.py
[2025-12-07T15:37:38.140+0000] {logging_mixin.py:188} INFO - [2025-12-07T15:37:38.139+0000] {dag.py:3036} INFO - Sync 2 DAGs
[2025-12-07T15:37:38.161+0000] {logging_mixin.py:188} INFO - [2025-12-07T15:37:38.160+0000] {dag.py:3823} INFO - Setting next_dagrun for example_xcom_args to None, run_after=None
[2025-12-07T15:37:38.166+0000] {logging_mixin.py:188} INFO - [2025-12-07T15:37:38.166+0000] {dag.py:3823} INFO - Setting next_dagrun for example_xcom_args_with_operators to None, run_after=None
[2025-12-07T15:37:38.193+0000] {processor.py:183} INFO - Processing /home/airflow/.local/lib/python3.8/site-packages/airflow/example_dags/example_xcomargs.py took 0.129 seconds
[2025-12-07T15:38:08.229+0000] {processor.py:161} INFO - Started process (PID=3846) to work on /home/airflow/.local/lib/python3.8/site-packages/airflow/example_dags/example_xcomargs.py
[2025-12-07T15:38:08.231+0000] {processor.py:830} INFO - Processing file /home/airflow/.local/lib/python3.8/site-packages/airflow/example_dags/example_xcomargs.py for tasks to queue
[2025-12-07T15:38:08.234+0000] {logging_mixin.py:188} INFO - [2025-12-07T15:38:08.234+0000] {dagbag.py:538} INFO - Filling up the DagBag from /home/airflow/.local/lib/python3.8/site-packages/airflow/example_dags/example_xcomargs.py
[2025-12-07T15:38:08.246+0000] {processor.py:840} INFO - DAG(s) 'example_xcom_args_with_operators', 'example_xcom_args' retrieved from /home/airflow/.local/lib/python3.8/site-packages/airflow/example_dags/example_xcomargs.py
[2025-12-07T15:38:08.287+0000] {logging_mixin.py:188} INFO - [2025-12-07T15:38:08.286+0000] {dag.py:3036} INFO - Sync 2 DAGs
[2025-12-07T15:38:08.307+0000] {logging_mixin.py:188} INFO - [2025-12-07T15:38:08.306+0000] {dag.py:3823} INFO - Setting next_dagrun for example_xcom_args to None, run_after=None
[2025-12-07T15:38:08.312+0000] {logging_mixin.py:188} INFO - [2025-12-07T15:38:08.312+0000] {dag.py:3823} INFO - Setting next_dagrun for example_xcom_args_with_operators to None, run_after=None
[2025-12-07T15:38:08.339+0000] {processor.py:183} INFO - Processing /home/airflow/.local/lib/python3.8/site-packages/airflow/example_dags/example_xcomargs.py took 0.115 seconds
[2025-12-07T15:38:38.530+0000] {processor.py:161} INFO - Started process (PID=3905) to work on /home/airflow/.local/lib/python3.8/site-packages/airflow/example_dags/example_xcomargs.py
[2025-12-07T15:38:38.532+0000] {processor.py:830} INFO - Processing file /home/airflow/.local/lib/python3.8/site-packages/airflow/example_dags/example_xcomargs.py for tasks to queue
[2025-12-07T15:38:38.539+0000] {logging_mixin.py:188} INFO - [2025-12-07T15:38:38.538+0000] {dagbag.py:538} INFO - Filling up the DagBag from /home/airflow/.local/lib/python3.8/site-packages/airflow/example_dags/example_xcomargs.py
[2025-12-07T15:38:38.551+0000] {processor.py:840} INFO - DAG(s) 'example_xcom_args', 'example_xcom_args_with_operators' retrieved from /home/airflow/.local/lib/python3.8/site-packages/airflow/example_dags/example_xcomargs.py
[2025-12-07T15:38:38.591+0000] {logging_mixin.py:188} INFO - [2025-12-07T15:38:38.591+0000] {dag.py:3036} INFO - Sync 2 DAGs
[2025-12-07T15:38:38.608+0000] {logging_mixin.py:188} INFO - [2025-12-07T15:38:38.608+0000] {dag.py:3823} INFO - Setting next_dagrun for example_xcom_args to None, run_after=None
[2025-12-07T15:38:38.616+0000] {logging_mixin.py:188} INFO - [2025-12-07T15:38:38.616+0000] {dag.py:3823} INFO - Setting next_dagrun for example_xcom_args_with_operators to None, run_after=None
[2025-12-07T15:38:38.650+0000] {processor.py:183} INFO - Processing /home/airflow/.local/lib/python3.8/site-packages/airflow/example_dags/example_xcomargs.py took 0.125 seconds
[2025-12-07T15:39:08.724+0000] {processor.py:161} INFO - Started process (PID=3964) to work on /home/airflow/.local/lib/python3.8/site-packages/airflow/example_dags/example_xcomargs.py
[2025-12-07T15:39:08.725+0000] {processor.py:830} INFO - Processing file /home/airflow/.local/lib/python3.8/site-packages/airflow/example_dags/example_xcomargs.py for tasks to queue
[2025-12-07T15:39:08.727+0000] {logging_mixin.py:188} INFO - [2025-12-07T15:39:08.727+0000] {dagbag.py:538} INFO - Filling up the DagBag from /home/airflow/.local/lib/python3.8/site-packages/airflow/example_dags/example_xcomargs.py
[2025-12-07T15:39:08.739+0000] {processor.py:840} INFO - DAG(s) 'example_xcom_args_with_operators', 'example_xcom_args' retrieved from /home/airflow/.local/lib/python3.8/site-packages/airflow/example_dags/example_xcomargs.py
[2025-12-07T15:39:08.774+0000] {logging_mixin.py:188} INFO - [2025-12-07T15:39:08.773+0000] {dag.py:3036} INFO - Sync 2 DAGs
[2025-12-07T15:39:08.791+0000] {logging_mixin.py:188} INFO - [2025-12-07T15:39:08.791+0000] {dag.py:3823} INFO - Setting next_dagrun for example_xcom_args to None, run_after=None
[2025-12-07T15:39:08.796+0000] {logging_mixin.py:188} INFO - [2025-12-07T15:39:08.796+0000] {dag.py:3823} INFO - Setting next_dagrun for example_xcom_args_with_operators to None, run_after=None
[2025-12-07T15:39:08.826+0000] {processor.py:183} INFO - Processing /home/airflow/.local/lib/python3.8/site-packages/airflow/example_dags/example_xcomargs.py took 0.106 seconds
[2025-12-07T15:39:39.023+0000] {processor.py:161} INFO - Started process (PID=4023) to work on /home/airflow/.local/lib/python3.8/site-packages/airflow/example_dags/example_xcomargs.py
[2025-12-07T15:39:39.024+0000] {processor.py:830} INFO - Processing file /home/airflow/.local/lib/python3.8/site-packages/airflow/example_dags/example_xcomargs.py for tasks to queue
[2025-12-07T15:39:39.027+0000] {logging_mixin.py:188} INFO - [2025-12-07T15:39:39.026+0000] {dagbag.py:538} INFO - Filling up the DagBag from /home/airflow/.local/lib/python3.8/site-packages/airflow/example_dags/example_xcomargs.py
[2025-12-07T15:39:39.040+0000] {processor.py:840} INFO - DAG(s) 'example_xcom_args_with_operators', 'example_xcom_args' retrieved from /home/airflow/.local/lib/python3.8/site-packages/airflow/example_dags/example_xcomargs.py
[2025-12-07T15:39:39.081+0000] {logging_mixin.py:188} INFO - [2025-12-07T15:39:39.081+0000] {dag.py:3036} INFO - Sync 2 DAGs
[2025-12-07T15:39:39.106+0000] {logging_mixin.py:188} INFO - [2025-12-07T15:39:39.106+0000] {dag.py:3823} INFO - Setting next_dagrun for example_xcom_args to None, run_after=None
[2025-12-07T15:39:39.111+0000] {logging_mixin.py:188} INFO - [2025-12-07T15:39:39.110+0000] {dag.py:3823} INFO - Setting next_dagrun for example_xcom_args_with_operators to None, run_after=None
[2025-12-07T15:39:39.141+0000] {processor.py:183} INFO - Processing /home/airflow/.local/lib/python3.8/site-packages/airflow/example_dags/example_xcomargs.py took 0.123 seconds
[2025-12-07T15:40:09.286+0000] {processor.py:161} INFO - Started process (PID=4082) to work on /home/airflow/.local/lib/python3.8/site-packages/airflow/example_dags/example_xcomargs.py
[2025-12-07T15:40:09.288+0000] {processor.py:830} INFO - Processing file /home/airflow/.local/lib/python3.8/site-packages/airflow/example_dags/example_xcomargs.py for tasks to queue
[2025-12-07T15:40:09.290+0000] {logging_mixin.py:188} INFO - [2025-12-07T15:40:09.290+0000] {dagbag.py:538} INFO - Filling up the DagBag from /home/airflow/.local/lib/python3.8/site-packages/airflow/example_dags/example_xcomargs.py
[2025-12-07T15:40:09.306+0000] {processor.py:840} INFO - DAG(s) 'example_xcom_args_with_operators', 'example_xcom_args' retrieved from /home/airflow/.local/lib/python3.8/site-packages/airflow/example_dags/example_xcomargs.py
[2025-12-07T15:40:09.349+0000] {logging_mixin.py:188} INFO - [2025-12-07T15:40:09.348+0000] {dag.py:3036} INFO - Sync 2 DAGs
[2025-12-07T15:40:09.371+0000] {logging_mixin.py:188} INFO - [2025-12-07T15:40:09.371+0000] {dag.py:3823} INFO - Setting next_dagrun for example_xcom_args to None, run_after=None
[2025-12-07T15:40:09.378+0000] {logging_mixin.py:188} INFO - [2025-12-07T15:40:09.377+0000] {dag.py:3823} INFO - Setting next_dagrun for example_xcom_args_with_operators to None, run_after=None
[2025-12-07T15:40:09.408+0000] {processor.py:183} INFO - Processing /home/airflow/.local/lib/python3.8/site-packages/airflow/example_dags/example_xcomargs.py took 0.127 seconds
[2025-12-07T15:40:39.930+0000] {processor.py:161} INFO - Started process (PID=4143) to work on /home/airflow/.local/lib/python3.8/site-packages/airflow/example_dags/example_xcomargs.py
[2025-12-07T15:40:39.931+0000] {processor.py:830} INFO - Processing file /home/airflow/.local/lib/python3.8/site-packages/airflow/example_dags/example_xcomargs.py for tasks to queue
[2025-12-07T15:40:39.934+0000] {logging_mixin.py:188} INFO - [2025-12-07T15:40:39.933+0000] {dagbag.py:538} INFO - Filling up the DagBag from /home/airflow/.local/lib/python3.8/site-packages/airflow/example_dags/example_xcomargs.py
[2025-12-07T15:40:39.945+0000] {processor.py:840} INFO - DAG(s) 'example_xcom_args', 'example_xcom_args_with_operators' retrieved from /home/airflow/.local/lib/python3.8/site-packages/airflow/example_dags/example_xcomargs.py
[2025-12-07T15:40:39.982+0000] {logging_mixin.py:188} INFO - [2025-12-07T15:40:39.981+0000] {dag.py:3036} INFO - Sync 2 DAGs
[2025-12-07T15:40:40.001+0000] {logging_mixin.py:188} INFO - [2025-12-07T15:40:40.000+0000] {dag.py:3823} INFO - Setting next_dagrun for example_xcom_args to None, run_after=None
[2025-12-07T15:40:40.006+0000] {logging_mixin.py:188} INFO - [2025-12-07T15:40:40.006+0000] {dag.py:3823} INFO - Setting next_dagrun for example_xcom_args_with_operators to None, run_after=None
[2025-12-07T15:40:40.035+0000] {processor.py:183} INFO - Processing /home/airflow/.local/lib/python3.8/site-packages/airflow/example_dags/example_xcomargs.py took 0.109 seconds
[2025-12-07T15:41:10.104+0000] {processor.py:161} INFO - Started process (PID=4201) to work on /home/airflow/.local/lib/python3.8/site-packages/airflow/example_dags/example_xcomargs.py
[2025-12-07T15:41:10.105+0000] {processor.py:830} INFO - Processing file /home/airflow/.local/lib/python3.8/site-packages/airflow/example_dags/example_xcomargs.py for tasks to queue
[2025-12-07T15:41:10.108+0000] {logging_mixin.py:188} INFO - [2025-12-07T15:41:10.107+0000] {dagbag.py:538} INFO - Filling up the DagBag from /home/airflow/.local/lib/python3.8/site-packages/airflow/example_dags/example_xcomargs.py
[2025-12-07T15:41:10.121+0000] {processor.py:840} INFO - DAG(s) 'example_xcom_args_with_operators', 'example_xcom_args' retrieved from /home/airflow/.local/lib/python3.8/site-packages/airflow/example_dags/example_xcomargs.py
[2025-12-07T15:41:10.166+0000] {logging_mixin.py:188} INFO - [2025-12-07T15:41:10.166+0000] {dag.py:3036} INFO - Sync 2 DAGs
[2025-12-07T15:41:10.196+0000] {logging_mixin.py:188} INFO - [2025-12-07T15:41:10.195+0000] {dag.py:3823} INFO - Setting next_dagrun for example_xcom_args to None, run_after=None
[2025-12-07T15:41:10.205+0000] {logging_mixin.py:188} INFO - [2025-12-07T15:41:10.204+0000] {dag.py:3823} INFO - Setting next_dagrun for example_xcom_args_with_operators to None, run_after=None
[2025-12-07T15:41:10.246+0000] {processor.py:183} INFO - Processing /home/airflow/.local/lib/python3.8/site-packages/airflow/example_dags/example_xcomargs.py took 0.148 seconds
[2025-12-07T15:41:40.703+0000] {processor.py:161} INFO - Started process (PID=4262) to work on /home/airflow/.local/lib/python3.8/site-packages/airflow/example_dags/example_xcomargs.py
[2025-12-07T15:41:40.706+0000] {processor.py:830} INFO - Processing file /home/airflow/.local/lib/python3.8/site-packages/airflow/example_dags/example_xcomargs.py for tasks to queue
[2025-12-07T15:41:40.709+0000] {logging_mixin.py:188} INFO - [2025-12-07T15:41:40.708+0000] {dagbag.py:538} INFO - Filling up the DagBag from /home/airflow/.local/lib/python3.8/site-packages/airflow/example_dags/example_xcomargs.py
[2025-12-07T15:41:40.722+0000] {processor.py:840} INFO - DAG(s) 'example_xcom_args', 'example_xcom_args_with_operators' retrieved from /home/airflow/.local/lib/python3.8/site-packages/airflow/example_dags/example_xcomargs.py
[2025-12-07T15:41:40.758+0000] {logging_mixin.py:188} INFO - [2025-12-07T15:41:40.758+0000] {dag.py:3036} INFO - Sync 2 DAGs
[2025-12-07T15:41:40.777+0000] {logging_mixin.py:188} INFO - [2025-12-07T15:41:40.777+0000] {dag.py:3823} INFO - Setting next_dagrun for example_xcom_args to None, run_after=None
[2025-12-07T15:41:40.782+0000] {logging_mixin.py:188} INFO - [2025-12-07T15:41:40.782+0000] {dag.py:3823} INFO - Setting next_dagrun for example_xcom_args_with_operators to None, run_after=None
[2025-12-07T15:41:40.815+0000] {processor.py:183} INFO - Processing /home/airflow/.local/lib/python3.8/site-packages/airflow/example_dags/example_xcomargs.py took 0.116 seconds
[2025-12-07T15:42:11.409+0000] {processor.py:161} INFO - Started process (PID=4323) to work on /home/airflow/.local/lib/python3.8/site-packages/airflow/example_dags/example_xcomargs.py
[2025-12-07T15:42:11.410+0000] {processor.py:830} INFO - Processing file /home/airflow/.local/lib/python3.8/site-packages/airflow/example_dags/example_xcomargs.py for tasks to queue
[2025-12-07T15:42:11.415+0000] {logging_mixin.py:188} INFO - [2025-12-07T15:42:11.415+0000] {dagbag.py:538} INFO - Filling up the DagBag from /home/airflow/.local/lib/python3.8/site-packages/airflow/example_dags/example_xcomargs.py
[2025-12-07T15:42:11.426+0000] {processor.py:840} INFO - DAG(s) 'example_xcom_args_with_operators', 'example_xcom_args' retrieved from /home/airflow/.local/lib/python3.8/site-packages/airflow/example_dags/example_xcomargs.py
[2025-12-07T15:42:11.461+0000] {logging_mixin.py:188} INFO - [2025-12-07T15:42:11.461+0000] {dag.py:3036} INFO - Sync 2 DAGs
[2025-12-07T15:42:11.478+0000] {logging_mixin.py:188} INFO - [2025-12-07T15:42:11.478+0000] {dag.py:3823} INFO - Setting next_dagrun for example_xcom_args to None, run_after=None
[2025-12-07T15:42:11.484+0000] {logging_mixin.py:188} INFO - [2025-12-07T15:42:11.484+0000] {dag.py:3823} INFO - Setting next_dagrun for example_xcom_args_with_operators to None, run_after=None
[2025-12-07T15:42:11.512+0000] {processor.py:183} INFO - Processing /home/airflow/.local/lib/python3.8/site-packages/airflow/example_dags/example_xcomargs.py took 0.108 seconds
[2025-12-07T15:42:41.583+0000] {processor.py:161} INFO - Started process (PID=4384) to work on /home/airflow/.local/lib/python3.8/site-packages/airflow/example_dags/example_xcomargs.py
[2025-12-07T15:42:41.584+0000] {processor.py:830} INFO - Processing file /home/airflow/.local/lib/python3.8/site-packages/airflow/example_dags/example_xcomargs.py for tasks to queue
[2025-12-07T15:42:41.587+0000] {logging_mixin.py:188} INFO - [2025-12-07T15:42:41.586+0000] {dagbag.py:538} INFO - Filling up the DagBag from /home/airflow/.local/lib/python3.8/site-packages/airflow/example_dags/example_xcomargs.py
[2025-12-07T15:42:41.607+0000] {processor.py:840} INFO - DAG(s) 'example_xcom_args', 'example_xcom_args_with_operators' retrieved from /home/airflow/.local/lib/python3.8/site-packages/airflow/example_dags/example_xcomargs.py
[2025-12-07T15:42:41.681+0000] {logging_mixin.py:188} INFO - [2025-12-07T15:42:41.677+0000] {dag.py:3036} INFO - Sync 2 DAGs
[2025-12-07T15:42:41.723+0000] {logging_mixin.py:188} INFO - [2025-12-07T15:42:41.720+0000] {dag.py:3823} INFO - Setting next_dagrun for example_xcom_args to None, run_after=None
[2025-12-07T15:42:41.732+0000] {logging_mixin.py:188} INFO - [2025-12-07T15:42:41.732+0000] {dag.py:3823} INFO - Setting next_dagrun for example_xcom_args_with_operators to None, run_after=None
[2025-12-07T15:42:41.771+0000] {processor.py:183} INFO - Processing /home/airflow/.local/lib/python3.8/site-packages/airflow/example_dags/example_xcomargs.py took 0.194 seconds
[2025-12-07T15:43:12.225+0000] {processor.py:161} INFO - Started process (PID=4445) to work on /home/airflow/.local/lib/python3.8/site-packages/airflow/example_dags/example_xcomargs.py
[2025-12-07T15:43:12.227+0000] {processor.py:830} INFO - Processing file /home/airflow/.local/lib/python3.8/site-packages/airflow/example_dags/example_xcomargs.py for tasks to queue
[2025-12-07T15:43:12.230+0000] {logging_mixin.py:188} INFO - [2025-12-07T15:43:12.229+0000] {dagbag.py:538} INFO - Filling up the DagBag from /home/airflow/.local/lib/python3.8/site-packages/airflow/example_dags/example_xcomargs.py
[2025-12-07T15:43:12.244+0000] {processor.py:840} INFO - DAG(s) 'example_xcom_args', 'example_xcom_args_with_operators' retrieved from /home/airflow/.local/lib/python3.8/site-packages/airflow/example_dags/example_xcomargs.py
[2025-12-07T15:43:12.284+0000] {logging_mixin.py:188} INFO - [2025-12-07T15:43:12.284+0000] {dag.py:3036} INFO - Sync 2 DAGs
[2025-12-07T15:43:12.303+0000] {logging_mixin.py:188} INFO - [2025-12-07T15:43:12.302+0000] {dag.py:3823} INFO - Setting next_dagrun for example_xcom_args to None, run_after=None
[2025-12-07T15:43:12.308+0000] {logging_mixin.py:188} INFO - [2025-12-07T15:43:12.308+0000] {dag.py:3823} INFO - Setting next_dagrun for example_xcom_args_with_operators to None, run_after=None
[2025-12-07T15:43:12.341+0000] {processor.py:183} INFO - Processing /home/airflow/.local/lib/python3.8/site-packages/airflow/example_dags/example_xcomargs.py took 0.120 seconds
[2025-12-07T15:43:42.564+0000] {processor.py:161} INFO - Started process (PID=4506) to work on /home/airflow/.local/lib/python3.8/site-packages/airflow/example_dags/example_xcomargs.py
[2025-12-07T15:43:42.566+0000] {processor.py:830} INFO - Processing file /home/airflow/.local/lib/python3.8/site-packages/airflow/example_dags/example_xcomargs.py for tasks to queue
[2025-12-07T15:43:42.570+0000] {logging_mixin.py:188} INFO - [2025-12-07T15:43:42.569+0000] {dagbag.py:538} INFO - Filling up the DagBag from /home/airflow/.local/lib/python3.8/site-packages/airflow/example_dags/example_xcomargs.py
[2025-12-07T15:43:42.581+0000] {processor.py:840} INFO - DAG(s) 'example_xcom_args', 'example_xcom_args_with_operators' retrieved from /home/airflow/.local/lib/python3.8/site-packages/airflow/example_dags/example_xcomargs.py
[2025-12-07T15:43:42.617+0000] {logging_mixin.py:188} INFO - [2025-12-07T15:43:42.617+0000] {dag.py:3036} INFO - Sync 2 DAGs
[2025-12-07T15:43:42.634+0000] {logging_mixin.py:188} INFO - [2025-12-07T15:43:42.634+0000] {dag.py:3823} INFO - Setting next_dagrun for example_xcom_args to None, run_after=None
[2025-12-07T15:43:42.639+0000] {logging_mixin.py:188} INFO - [2025-12-07T15:43:42.639+0000] {dag.py:3823} INFO - Setting next_dagrun for example_xcom_args_with_operators to None, run_after=None
[2025-12-07T15:43:42.666+0000] {processor.py:183} INFO - Processing /home/airflow/.local/lib/python3.8/site-packages/airflow/example_dags/example_xcomargs.py took 0.108 seconds
[2025-12-07T15:44:12.978+0000] {processor.py:161} INFO - Started process (PID=4566) to work on /home/airflow/.local/lib/python3.8/site-packages/airflow/example_dags/example_xcomargs.py
[2025-12-07T15:44:12.980+0000] {processor.py:830} INFO - Processing file /home/airflow/.local/lib/python3.8/site-packages/airflow/example_dags/example_xcomargs.py for tasks to queue
[2025-12-07T15:44:12.982+0000] {logging_mixin.py:188} INFO - [2025-12-07T15:44:12.982+0000] {dagbag.py:538} INFO - Filling up the DagBag from /home/airflow/.local/lib/python3.8/site-packages/airflow/example_dags/example_xcomargs.py
[2025-12-07T15:44:12.995+0000] {processor.py:840} INFO - DAG(s) 'example_xcom_args', 'example_xcom_args_with_operators' retrieved from /home/airflow/.local/lib/python3.8/site-packages/airflow/example_dags/example_xcomargs.py
[2025-12-07T15:44:13.037+0000] {logging_mixin.py:188} INFO - [2025-12-07T15:44:13.037+0000] {dag.py:3036} INFO - Sync 2 DAGs
[2025-12-07T15:44:13.057+0000] {logging_mixin.py:188} INFO - [2025-12-07T15:44:13.057+0000] {dag.py:3823} INFO - Setting next_dagrun for example_xcom_args to None, run_after=None
[2025-12-07T15:44:13.066+0000] {logging_mixin.py:188} INFO - [2025-12-07T15:44:13.065+0000] {dag.py:3823} INFO - Setting next_dagrun for example_xcom_args_with_operators to None, run_after=None
[2025-12-07T15:44:13.095+0000] {processor.py:183} INFO - Processing /home/airflow/.local/lib/python3.8/site-packages/airflow/example_dags/example_xcomargs.py took 0.122 seconds
[2025-12-07T15:44:43.919+0000] {processor.py:161} INFO - Started process (PID=4627) to work on /home/airflow/.local/lib/python3.8/site-packages/airflow/example_dags/example_xcomargs.py
[2025-12-07T15:44:43.920+0000] {processor.py:830} INFO - Processing file /home/airflow/.local/lib/python3.8/site-packages/airflow/example_dags/example_xcomargs.py for tasks to queue
[2025-12-07T15:44:43.923+0000] {logging_mixin.py:188} INFO - [2025-12-07T15:44:43.922+0000] {dagbag.py:538} INFO - Filling up the DagBag from /home/airflow/.local/lib/python3.8/site-packages/airflow/example_dags/example_xcomargs.py
[2025-12-07T15:44:43.940+0000] {processor.py:840} INFO - DAG(s) 'example_xcom_args', 'example_xcom_args_with_operators' retrieved from /home/airflow/.local/lib/python3.8/site-packages/airflow/example_dags/example_xcomargs.py
[2025-12-07T15:44:43.980+0000] {logging_mixin.py:188} INFO - [2025-12-07T15:44:43.979+0000] {dag.py:3036} INFO - Sync 2 DAGs
[2025-12-07T15:44:43.999+0000] {logging_mixin.py:188} INFO - [2025-12-07T15:44:43.999+0000] {dag.py:3823} INFO - Setting next_dagrun for example_xcom_args to None, run_after=None
[2025-12-07T15:44:44.006+0000] {logging_mixin.py:188} INFO - [2025-12-07T15:44:44.006+0000] {dag.py:3823} INFO - Setting next_dagrun for example_xcom_args_with_operators to None, run_after=None
[2025-12-07T15:44:44.037+0000] {processor.py:183} INFO - Processing /home/airflow/.local/lib/python3.8/site-packages/airflow/example_dags/example_xcomargs.py took 0.124 seconds
[2025-12-07T15:45:14.158+0000] {processor.py:161} INFO - Started process (PID=4688) to work on /home/airflow/.local/lib/python3.8/site-packages/airflow/example_dags/example_xcomargs.py
[2025-12-07T15:45:14.160+0000] {processor.py:830} INFO - Processing file /home/airflow/.local/lib/python3.8/site-packages/airflow/example_dags/example_xcomargs.py for tasks to queue
[2025-12-07T15:45:14.163+0000] {logging_mixin.py:188} INFO - [2025-12-07T15:45:14.163+0000] {dagbag.py:538} INFO - Filling up the DagBag from /home/airflow/.local/lib/python3.8/site-packages/airflow/example_dags/example_xcomargs.py
[2025-12-07T15:45:14.174+0000] {processor.py:840} INFO - DAG(s) 'example_xcom_args', 'example_xcom_args_with_operators' retrieved from /home/airflow/.local/lib/python3.8/site-packages/airflow/example_dags/example_xcomargs.py
[2025-12-07T15:45:14.208+0000] {logging_mixin.py:188} INFO - [2025-12-07T15:45:14.208+0000] {dag.py:3036} INFO - Sync 2 DAGs
[2025-12-07T15:45:14.224+0000] {logging_mixin.py:188} INFO - [2025-12-07T15:45:14.224+0000] {dag.py:3823} INFO - Setting next_dagrun for example_xcom_args to None, run_after=None
[2025-12-07T15:45:14.230+0000] {logging_mixin.py:188} INFO - [2025-12-07T15:45:14.229+0000] {dag.py:3823} INFO - Setting next_dagrun for example_xcom_args_with_operators to None, run_after=None
[2025-12-07T15:45:14.260+0000] {processor.py:183} INFO - Processing /home/airflow/.local/lib/python3.8/site-packages/airflow/example_dags/example_xcomargs.py took 0.108 seconds
[2025-12-07T15:45:44.777+0000] {processor.py:161} INFO - Started process (PID=4749) to work on /home/airflow/.local/lib/python3.8/site-packages/airflow/example_dags/example_xcomargs.py
[2025-12-07T15:45:44.779+0000] {processor.py:830} INFO - Processing file /home/airflow/.local/lib/python3.8/site-packages/airflow/example_dags/example_xcomargs.py for tasks to queue
[2025-12-07T15:45:44.782+0000] {logging_mixin.py:188} INFO - [2025-12-07T15:45:44.781+0000] {dagbag.py:538} INFO - Filling up the DagBag from /home/airflow/.local/lib/python3.8/site-packages/airflow/example_dags/example_xcomargs.py
[2025-12-07T15:45:44.796+0000] {processor.py:840} INFO - DAG(s) 'example_xcom_args', 'example_xcom_args_with_operators' retrieved from /home/airflow/.local/lib/python3.8/site-packages/airflow/example_dags/example_xcomargs.py
[2025-12-07T15:45:44.831+0000] {logging_mixin.py:188} INFO - [2025-12-07T15:45:44.831+0000] {dag.py:3036} INFO - Sync 2 DAGs
[2025-12-07T15:45:44.848+0000] {logging_mixin.py:188} INFO - [2025-12-07T15:45:44.848+0000] {dag.py:3823} INFO - Setting next_dagrun for example_xcom_args to None, run_after=None
[2025-12-07T15:45:44.853+0000] {logging_mixin.py:188} INFO - [2025-12-07T15:45:44.853+0000] {dag.py:3823} INFO - Setting next_dagrun for example_xcom_args_with_operators to None, run_after=None
[2025-12-07T15:45:44.885+0000] {processor.py:183} INFO - Processing /home/airflow/.local/lib/python3.8/site-packages/airflow/example_dags/example_xcomargs.py took 0.112 seconds
[2025-12-07T15:46:15.646+0000] {processor.py:161} INFO - Started process (PID=4810) to work on /home/airflow/.local/lib/python3.8/site-packages/airflow/example_dags/example_xcomargs.py
[2025-12-07T15:46:15.648+0000] {processor.py:830} INFO - Processing file /home/airflow/.local/lib/python3.8/site-packages/airflow/example_dags/example_xcomargs.py for tasks to queue
[2025-12-07T15:46:15.656+0000] {logging_mixin.py:188} INFO - [2025-12-07T15:46:15.654+0000] {dagbag.py:538} INFO - Filling up the DagBag from /home/airflow/.local/lib/python3.8/site-packages/airflow/example_dags/example_xcomargs.py
[2025-12-07T15:46:15.677+0000] {processor.py:840} INFO - DAG(s) 'example_xcom_args', 'example_xcom_args_with_operators' retrieved from /home/airflow/.local/lib/python3.8/site-packages/airflow/example_dags/example_xcomargs.py
[2025-12-07T15:46:15.729+0000] {logging_mixin.py:188} INFO - [2025-12-07T15:46:15.728+0000] {dag.py:3036} INFO - Sync 2 DAGs
[2025-12-07T15:46:15.746+0000] {logging_mixin.py:188} INFO - [2025-12-07T15:46:15.746+0000] {dag.py:3823} INFO - Setting next_dagrun for example_xcom_args to None, run_after=None
[2025-12-07T15:46:15.754+0000] {logging_mixin.py:188} INFO - [2025-12-07T15:46:15.753+0000] {dag.py:3823} INFO - Setting next_dagrun for example_xcom_args_with_operators to None, run_after=None
[2025-12-07T15:46:15.784+0000] {processor.py:183} INFO - Processing /home/airflow/.local/lib/python3.8/site-packages/airflow/example_dags/example_xcomargs.py took 0.143 seconds
[2025-12-07T15:46:46.210+0000] {processor.py:161} INFO - Started process (PID=4871) to work on /home/airflow/.local/lib/python3.8/site-packages/airflow/example_dags/example_xcomargs.py
[2025-12-07T15:46:46.211+0000] {processor.py:830} INFO - Processing file /home/airflow/.local/lib/python3.8/site-packages/airflow/example_dags/example_xcomargs.py for tasks to queue
[2025-12-07T15:46:46.217+0000] {logging_mixin.py:188} INFO - [2025-12-07T15:46:46.216+0000] {dagbag.py:538} INFO - Filling up the DagBag from /home/airflow/.local/lib/python3.8/site-packages/airflow/example_dags/example_xcomargs.py
[2025-12-07T15:46:46.231+0000] {processor.py:840} INFO - DAG(s) 'example_xcom_args', 'example_xcom_args_with_operators' retrieved from /home/airflow/.local/lib/python3.8/site-packages/airflow/example_dags/example_xcomargs.py
[2025-12-07T15:46:46.275+0000] {logging_mixin.py:188} INFO - [2025-12-07T15:46:46.275+0000] {dag.py:3036} INFO - Sync 2 DAGs
[2025-12-07T15:46:46.298+0000] {logging_mixin.py:188} INFO - [2025-12-07T15:46:46.297+0000] {dag.py:3823} INFO - Setting next_dagrun for example_xcom_args to None, run_after=None
[2025-12-07T15:46:46.304+0000] {logging_mixin.py:188} INFO - [2025-12-07T15:46:46.304+0000] {dag.py:3823} INFO - Setting next_dagrun for example_xcom_args_with_operators to None, run_after=None
[2025-12-07T15:46:46.336+0000] {processor.py:183} INFO - Processing /home/airflow/.local/lib/python3.8/site-packages/airflow/example_dags/example_xcomargs.py took 0.132 seconds
[2025-12-07T15:47:16.467+0000] {processor.py:161} INFO - Started process (PID=4932) to work on /home/airflow/.local/lib/python3.8/site-packages/airflow/example_dags/example_xcomargs.py
[2025-12-07T15:47:16.468+0000] {processor.py:830} INFO - Processing file /home/airflow/.local/lib/python3.8/site-packages/airflow/example_dags/example_xcomargs.py for tasks to queue
[2025-12-07T15:47:16.472+0000] {logging_mixin.py:188} INFO - [2025-12-07T15:47:16.472+0000] {dagbag.py:538} INFO - Filling up the DagBag from /home/airflow/.local/lib/python3.8/site-packages/airflow/example_dags/example_xcomargs.py
[2025-12-07T15:47:16.485+0000] {processor.py:840} INFO - DAG(s) 'example_xcom_args_with_operators', 'example_xcom_args' retrieved from /home/airflow/.local/lib/python3.8/site-packages/airflow/example_dags/example_xcomargs.py
[2025-12-07T15:47:16.521+0000] {logging_mixin.py:188} INFO - [2025-12-07T15:47:16.520+0000] {dag.py:3036} INFO - Sync 2 DAGs
[2025-12-07T15:47:16.548+0000] {logging_mixin.py:188} INFO - [2025-12-07T15:47:16.547+0000] {dag.py:3823} INFO - Setting next_dagrun for example_xcom_args to None, run_after=None
[2025-12-07T15:47:16.555+0000] {logging_mixin.py:188} INFO - [2025-12-07T15:47:16.555+0000] {dag.py:3823} INFO - Setting next_dagrun for example_xcom_args_with_operators to None, run_after=None
[2025-12-07T15:47:16.585+0000] {processor.py:183} INFO - Processing /home/airflow/.local/lib/python3.8/site-packages/airflow/example_dags/example_xcomargs.py took 0.122 seconds
[2025-12-07T15:47:46.776+0000] {processor.py:161} INFO - Started process (PID=4993) to work on /home/airflow/.local/lib/python3.8/site-packages/airflow/example_dags/example_xcomargs.py
[2025-12-07T15:47:46.777+0000] {processor.py:830} INFO - Processing file /home/airflow/.local/lib/python3.8/site-packages/airflow/example_dags/example_xcomargs.py for tasks to queue
[2025-12-07T15:47:46.781+0000] {logging_mixin.py:188} INFO - [2025-12-07T15:47:46.780+0000] {dagbag.py:538} INFO - Filling up the DagBag from /home/airflow/.local/lib/python3.8/site-packages/airflow/example_dags/example_xcomargs.py
[2025-12-07T15:47:46.791+0000] {processor.py:840} INFO - DAG(s) 'example_xcom_args_with_operators', 'example_xcom_args' retrieved from /home/airflow/.local/lib/python3.8/site-packages/airflow/example_dags/example_xcomargs.py
[2025-12-07T15:47:46.825+0000] {logging_mixin.py:188} INFO - [2025-12-07T15:47:46.825+0000] {dag.py:3036} INFO - Sync 2 DAGs
[2025-12-07T15:47:46.841+0000] {logging_mixin.py:188} INFO - [2025-12-07T15:47:46.841+0000] {dag.py:3823} INFO - Setting next_dagrun for example_xcom_args to None, run_after=None
[2025-12-07T15:47:46.846+0000] {logging_mixin.py:188} INFO - [2025-12-07T15:47:46.846+0000] {dag.py:3823} INFO - Setting next_dagrun for example_xcom_args_with_operators to None, run_after=None
[2025-12-07T15:47:46.875+0000] {processor.py:183} INFO - Processing /home/airflow/.local/lib/python3.8/site-packages/airflow/example_dags/example_xcomargs.py took 0.102 seconds
[2025-12-07T15:48:17.438+0000] {processor.py:161} INFO - Started process (PID=5054) to work on /home/airflow/.local/lib/python3.8/site-packages/airflow/example_dags/example_xcomargs.py
[2025-12-07T15:48:17.441+0000] {processor.py:830} INFO - Processing file /home/airflow/.local/lib/python3.8/site-packages/airflow/example_dags/example_xcomargs.py for tasks to queue
[2025-12-07T15:48:17.445+0000] {logging_mixin.py:188} INFO - [2025-12-07T15:48:17.444+0000] {dagbag.py:538} INFO - Filling up the DagBag from /home/airflow/.local/lib/python3.8/site-packages/airflow/example_dags/example_xcomargs.py
[2025-12-07T15:48:17.461+0000] {processor.py:840} INFO - DAG(s) 'example_xcom_args_with_operators', 'example_xcom_args' retrieved from /home/airflow/.local/lib/python3.8/site-packages/airflow/example_dags/example_xcomargs.py
[2025-12-07T15:48:17.497+0000] {logging_mixin.py:188} INFO - [2025-12-07T15:48:17.496+0000] {dag.py:3036} INFO - Sync 2 DAGs
[2025-12-07T15:48:17.517+0000] {logging_mixin.py:188} INFO - [2025-12-07T15:48:17.517+0000] {dag.py:3823} INFO - Setting next_dagrun for example_xcom_args to None, run_after=None
[2025-12-07T15:48:17.523+0000] {logging_mixin.py:188} INFO - [2025-12-07T15:48:17.522+0000] {dag.py:3823} INFO - Setting next_dagrun for example_xcom_args_with_operators to None, run_after=None
[2025-12-07T15:48:17.564+0000] {processor.py:183} INFO - Processing /home/airflow/.local/lib/python3.8/site-packages/airflow/example_dags/example_xcomargs.py took 0.131 seconds
[2025-12-07T15:48:48.116+0000] {processor.py:161} INFO - Started process (PID=5115) to work on /home/airflow/.local/lib/python3.8/site-packages/airflow/example_dags/example_xcomargs.py
[2025-12-07T15:48:48.117+0000] {processor.py:830} INFO - Processing file /home/airflow/.local/lib/python3.8/site-packages/airflow/example_dags/example_xcomargs.py for tasks to queue
[2025-12-07T15:48:48.119+0000] {logging_mixin.py:188} INFO - [2025-12-07T15:48:48.119+0000] {dagbag.py:538} INFO - Filling up the DagBag from /home/airflow/.local/lib/python3.8/site-packages/airflow/example_dags/example_xcomargs.py
[2025-12-07T15:48:48.131+0000] {processor.py:840} INFO - DAG(s) 'example_xcom_args', 'example_xcom_args_with_operators' retrieved from /home/airflow/.local/lib/python3.8/site-packages/airflow/example_dags/example_xcomargs.py
[2025-12-07T15:48:48.168+0000] {logging_mixin.py:188} INFO - [2025-12-07T15:48:48.168+0000] {dag.py:3036} INFO - Sync 2 DAGs
[2025-12-07T15:48:48.186+0000] {logging_mixin.py:188} INFO - [2025-12-07T15:48:48.185+0000] {dag.py:3823} INFO - Setting next_dagrun for example_xcom_args to None, run_after=None
[2025-12-07T15:48:48.190+0000] {logging_mixin.py:188} INFO - [2025-12-07T15:48:48.190+0000] {dag.py:3823} INFO - Setting next_dagrun for example_xcom_args_with_operators to None, run_after=None
[2025-12-07T15:48:48.221+0000] {processor.py:183} INFO - Processing /home/airflow/.local/lib/python3.8/site-packages/airflow/example_dags/example_xcomargs.py took 0.109 seconds
[2025-12-07T15:49:18.571+0000] {processor.py:161} INFO - Started process (PID=5183) to work on /home/airflow/.local/lib/python3.8/site-packages/airflow/example_dags/example_xcomargs.py
[2025-12-07T15:49:18.573+0000] {processor.py:830} INFO - Processing file /home/airflow/.local/lib/python3.8/site-packages/airflow/example_dags/example_xcomargs.py for tasks to queue
[2025-12-07T15:49:18.575+0000] {logging_mixin.py:188} INFO - [2025-12-07T15:49:18.575+0000] {dagbag.py:538} INFO - Filling up the DagBag from /home/airflow/.local/lib/python3.8/site-packages/airflow/example_dags/example_xcomargs.py
[2025-12-07T15:49:18.589+0000] {processor.py:840} INFO - DAG(s) 'example_xcom_args', 'example_xcom_args_with_operators' retrieved from /home/airflow/.local/lib/python3.8/site-packages/airflow/example_dags/example_xcomargs.py
[2025-12-07T15:49:18.623+0000] {logging_mixin.py:188} INFO - [2025-12-07T15:49:18.623+0000] {dag.py:3036} INFO - Sync 2 DAGs
[2025-12-07T15:49:18.639+0000] {logging_mixin.py:188} INFO - [2025-12-07T15:49:18.638+0000] {dag.py:3823} INFO - Setting next_dagrun for example_xcom_args to None, run_after=None
[2025-12-07T15:49:18.645+0000] {logging_mixin.py:188} INFO - [2025-12-07T15:49:18.644+0000] {dag.py:3823} INFO - Setting next_dagrun for example_xcom_args_with_operators to None, run_after=None
[2025-12-07T15:49:18.676+0000] {processor.py:183} INFO - Processing /home/airflow/.local/lib/python3.8/site-packages/airflow/example_dags/example_xcomargs.py took 0.108 seconds
[2025-12-07T15:49:48.985+0000] {processor.py:161} INFO - Started process (PID=5244) to work on /home/airflow/.local/lib/python3.8/site-packages/airflow/example_dags/example_xcomargs.py
[2025-12-07T15:49:48.986+0000] {processor.py:830} INFO - Processing file /home/airflow/.local/lib/python3.8/site-packages/airflow/example_dags/example_xcomargs.py for tasks to queue
[2025-12-07T15:49:48.989+0000] {logging_mixin.py:188} INFO - [2025-12-07T15:49:48.989+0000] {dagbag.py:538} INFO - Filling up the DagBag from /home/airflow/.local/lib/python3.8/site-packages/airflow/example_dags/example_xcomargs.py
[2025-12-07T15:49:49.007+0000] {processor.py:840} INFO - DAG(s) 'example_xcom_args_with_operators', 'example_xcom_args' retrieved from /home/airflow/.local/lib/python3.8/site-packages/airflow/example_dags/example_xcomargs.py
[2025-12-07T15:49:49.050+0000] {logging_mixin.py:188} INFO - [2025-12-07T15:49:49.050+0000] {dag.py:3036} INFO - Sync 2 DAGs
[2025-12-07T15:49:49.071+0000] {logging_mixin.py:188} INFO - [2025-12-07T15:49:49.071+0000] {dag.py:3823} INFO - Setting next_dagrun for example_xcom_args to None, run_after=None
[2025-12-07T15:49:49.077+0000] {logging_mixin.py:188} INFO - [2025-12-07T15:49:49.077+0000] {dag.py:3823} INFO - Setting next_dagrun for example_xcom_args_with_operators to None, run_after=None
[2025-12-07T15:49:49.110+0000] {processor.py:183} INFO - Processing /home/airflow/.local/lib/python3.8/site-packages/airflow/example_dags/example_xcomargs.py took 0.129 seconds
[2025-12-07T15:50:19.478+0000] {processor.py:161} INFO - Started process (PID=5305) to work on /home/airflow/.local/lib/python3.8/site-packages/airflow/example_dags/example_xcomargs.py
[2025-12-07T15:50:19.480+0000] {processor.py:830} INFO - Processing file /home/airflow/.local/lib/python3.8/site-packages/airflow/example_dags/example_xcomargs.py for tasks to queue
[2025-12-07T15:50:19.483+0000] {logging_mixin.py:188} INFO - [2025-12-07T15:50:19.482+0000] {dagbag.py:538} INFO - Filling up the DagBag from /home/airflow/.local/lib/python3.8/site-packages/airflow/example_dags/example_xcomargs.py
[2025-12-07T15:50:19.495+0000] {processor.py:840} INFO - DAG(s) 'example_xcom_args', 'example_xcom_args_with_operators' retrieved from /home/airflow/.local/lib/python3.8/site-packages/airflow/example_dags/example_xcomargs.py
[2025-12-07T15:50:19.531+0000] {logging_mixin.py:188} INFO - [2025-12-07T15:50:19.530+0000] {dag.py:3036} INFO - Sync 2 DAGs
[2025-12-07T15:50:19.552+0000] {logging_mixin.py:188} INFO - [2025-12-07T15:50:19.552+0000] {dag.py:3823} INFO - Setting next_dagrun for example_xcom_args to None, run_after=None
[2025-12-07T15:50:19.558+0000] {logging_mixin.py:188} INFO - [2025-12-07T15:50:19.557+0000] {dag.py:3823} INFO - Setting next_dagrun for example_xcom_args_with_operators to None, run_after=None
[2025-12-07T15:50:19.589+0000] {processor.py:183} INFO - Processing /home/airflow/.local/lib/python3.8/site-packages/airflow/example_dags/example_xcomargs.py took 0.115 seconds
[2025-12-07T15:50:50.071+0000] {processor.py:161} INFO - Started process (PID=5366) to work on /home/airflow/.local/lib/python3.8/site-packages/airflow/example_dags/example_xcomargs.py
[2025-12-07T15:50:50.073+0000] {processor.py:830} INFO - Processing file /home/airflow/.local/lib/python3.8/site-packages/airflow/example_dags/example_xcomargs.py for tasks to queue
[2025-12-07T15:50:50.076+0000] {logging_mixin.py:188} INFO - [2025-12-07T15:50:50.076+0000] {dagbag.py:538} INFO - Filling up the DagBag from /home/airflow/.local/lib/python3.8/site-packages/airflow/example_dags/example_xcomargs.py
[2025-12-07T15:50:50.087+0000] {processor.py:840} INFO - DAG(s) 'example_xcom_args', 'example_xcom_args_with_operators' retrieved from /home/airflow/.local/lib/python3.8/site-packages/airflow/example_dags/example_xcomargs.py
[2025-12-07T15:50:50.122+0000] {logging_mixin.py:188} INFO - [2025-12-07T15:50:50.121+0000] {dag.py:3036} INFO - Sync 2 DAGs
[2025-12-07T15:50:50.140+0000] {logging_mixin.py:188} INFO - [2025-12-07T15:50:50.140+0000] {dag.py:3823} INFO - Setting next_dagrun for example_xcom_args to None, run_after=None
[2025-12-07T15:50:50.145+0000] {logging_mixin.py:188} INFO - [2025-12-07T15:50:50.145+0000] {dag.py:3823} INFO - Setting next_dagrun for example_xcom_args_with_operators to None, run_after=None
[2025-12-07T15:50:50.171+0000] {processor.py:183} INFO - Processing /home/airflow/.local/lib/python3.8/site-packages/airflow/example_dags/example_xcomargs.py took 0.104 seconds
[2025-12-07T15:51:21.072+0000] {processor.py:161} INFO - Started process (PID=5427) to work on /home/airflow/.local/lib/python3.8/site-packages/airflow/example_dags/example_xcomargs.py
[2025-12-07T15:51:21.074+0000] {processor.py:830} INFO - Processing file /home/airflow/.local/lib/python3.8/site-packages/airflow/example_dags/example_xcomargs.py for tasks to queue
[2025-12-07T15:51:21.078+0000] {logging_mixin.py:188} INFO - [2025-12-07T15:51:21.077+0000] {dagbag.py:538} INFO - Filling up the DagBag from /home/airflow/.local/lib/python3.8/site-packages/airflow/example_dags/example_xcomargs.py
[2025-12-07T15:51:21.091+0000] {processor.py:840} INFO - DAG(s) 'example_xcom_args', 'example_xcom_args_with_operators' retrieved from /home/airflow/.local/lib/python3.8/site-packages/airflow/example_dags/example_xcomargs.py
[2025-12-07T15:51:21.155+0000] {logging_mixin.py:188} INFO - [2025-12-07T15:51:21.155+0000] {dag.py:3036} INFO - Sync 2 DAGs
[2025-12-07T15:51:21.191+0000] {logging_mixin.py:188} INFO - [2025-12-07T15:51:21.190+0000] {dag.py:3823} INFO - Setting next_dagrun for example_xcom_args to None, run_after=None
[2025-12-07T15:51:21.201+0000] {logging_mixin.py:188} INFO - [2025-12-07T15:51:21.200+0000] {dag.py:3823} INFO - Setting next_dagrun for example_xcom_args_with_operators to None, run_after=None
[2025-12-07T15:51:21.238+0000] {processor.py:183} INFO - Processing /home/airflow/.local/lib/python3.8/site-packages/airflow/example_dags/example_xcomargs.py took 0.170 seconds
[2025-12-07T15:51:51.753+0000] {processor.py:161} INFO - Started process (PID=5488) to work on /home/airflow/.local/lib/python3.8/site-packages/airflow/example_dags/example_xcomargs.py
[2025-12-07T15:51:51.755+0000] {processor.py:830} INFO - Processing file /home/airflow/.local/lib/python3.8/site-packages/airflow/example_dags/example_xcomargs.py for tasks to queue
[2025-12-07T15:51:51.758+0000] {logging_mixin.py:188} INFO - [2025-12-07T15:51:51.757+0000] {dagbag.py:538} INFO - Filling up the DagBag from /home/airflow/.local/lib/python3.8/site-packages/airflow/example_dags/example_xcomargs.py
[2025-12-07T15:51:51.770+0000] {processor.py:840} INFO - DAG(s) 'example_xcom_args_with_operators', 'example_xcom_args' retrieved from /home/airflow/.local/lib/python3.8/site-packages/airflow/example_dags/example_xcomargs.py
[2025-12-07T15:51:51.808+0000] {logging_mixin.py:188} INFO - [2025-12-07T15:51:51.808+0000] {dag.py:3036} INFO - Sync 2 DAGs
[2025-12-07T15:51:51.827+0000] {logging_mixin.py:188} INFO - [2025-12-07T15:51:51.826+0000] {dag.py:3823} INFO - Setting next_dagrun for example_xcom_args to None, run_after=None
[2025-12-07T15:51:51.832+0000] {logging_mixin.py:188} INFO - [2025-12-07T15:51:51.832+0000] {dag.py:3823} INFO - Setting next_dagrun for example_xcom_args_with_operators to None, run_after=None
[2025-12-07T15:51:51.865+0000] {processor.py:183} INFO - Processing /home/airflow/.local/lib/python3.8/site-packages/airflow/example_dags/example_xcomargs.py took 0.117 seconds
[2025-12-07T15:52:22.292+0000] {processor.py:161} INFO - Started process (PID=5549) to work on /home/airflow/.local/lib/python3.8/site-packages/airflow/example_dags/example_xcomargs.py
[2025-12-07T15:52:22.294+0000] {processor.py:830} INFO - Processing file /home/airflow/.local/lib/python3.8/site-packages/airflow/example_dags/example_xcomargs.py for tasks to queue
[2025-12-07T15:52:22.298+0000] {logging_mixin.py:188} INFO - [2025-12-07T15:52:22.297+0000] {dagbag.py:538} INFO - Filling up the DagBag from /home/airflow/.local/lib/python3.8/site-packages/airflow/example_dags/example_xcomargs.py
[2025-12-07T15:52:22.310+0000] {processor.py:840} INFO - DAG(s) 'example_xcom_args_with_operators', 'example_xcom_args' retrieved from /home/airflow/.local/lib/python3.8/site-packages/airflow/example_dags/example_xcomargs.py
[2025-12-07T15:52:22.344+0000] {logging_mixin.py:188} INFO - [2025-12-07T15:52:22.344+0000] {dag.py:3036} INFO - Sync 2 DAGs
[2025-12-07T15:52:22.363+0000] {logging_mixin.py:188} INFO - [2025-12-07T15:52:22.363+0000] {dag.py:3823} INFO - Setting next_dagrun for example_xcom_args to None, run_after=None
[2025-12-07T15:52:22.369+0000] {logging_mixin.py:188} INFO - [2025-12-07T15:52:22.369+0000] {dag.py:3823} INFO - Setting next_dagrun for example_xcom_args_with_operators to None, run_after=None
[2025-12-07T15:52:22.401+0000] {processor.py:183} INFO - Processing /home/airflow/.local/lib/python3.8/site-packages/airflow/example_dags/example_xcomargs.py took 0.113 seconds
[2025-12-07T15:52:52.446+0000] {processor.py:161} INFO - Started process (PID=5610) to work on /home/airflow/.local/lib/python3.8/site-packages/airflow/example_dags/example_xcomargs.py
[2025-12-07T15:52:52.447+0000] {processor.py:830} INFO - Processing file /home/airflow/.local/lib/python3.8/site-packages/airflow/example_dags/example_xcomargs.py for tasks to queue
[2025-12-07T15:52:52.450+0000] {logging_mixin.py:188} INFO - [2025-12-07T15:52:52.450+0000] {dagbag.py:538} INFO - Filling up the DagBag from /home/airflow/.local/lib/python3.8/site-packages/airflow/example_dags/example_xcomargs.py
[2025-12-07T15:52:52.461+0000] {processor.py:840} INFO - DAG(s) 'example_xcom_args_with_operators', 'example_xcom_args' retrieved from /home/airflow/.local/lib/python3.8/site-packages/airflow/example_dags/example_xcomargs.py
[2025-12-07T15:52:52.495+0000] {logging_mixin.py:188} INFO - [2025-12-07T15:52:52.495+0000] {dag.py:3036} INFO - Sync 2 DAGs
[2025-12-07T15:52:52.513+0000] {logging_mixin.py:188} INFO - [2025-12-07T15:52:52.513+0000] {dag.py:3823} INFO - Setting next_dagrun for example_xcom_args to None, run_after=None
[2025-12-07T15:52:52.519+0000] {logging_mixin.py:188} INFO - [2025-12-07T15:52:52.519+0000] {dag.py:3823} INFO - Setting next_dagrun for example_xcom_args_with_operators to None, run_after=None
[2025-12-07T15:52:52.551+0000] {processor.py:183} INFO - Processing /home/airflow/.local/lib/python3.8/site-packages/airflow/example_dags/example_xcomargs.py took 0.108 seconds
[2025-12-07T15:53:23.474+0000] {processor.py:161} INFO - Started process (PID=5671) to work on /home/airflow/.local/lib/python3.8/site-packages/airflow/example_dags/example_xcomargs.py
[2025-12-07T15:53:23.476+0000] {processor.py:830} INFO - Processing file /home/airflow/.local/lib/python3.8/site-packages/airflow/example_dags/example_xcomargs.py for tasks to queue
[2025-12-07T15:53:23.479+0000] {logging_mixin.py:188} INFO - [2025-12-07T15:53:23.478+0000] {dagbag.py:538} INFO - Filling up the DagBag from /home/airflow/.local/lib/python3.8/site-packages/airflow/example_dags/example_xcomargs.py
[2025-12-07T15:53:23.491+0000] {processor.py:840} INFO - DAG(s) 'example_xcom_args', 'example_xcom_args_with_operators' retrieved from /home/airflow/.local/lib/python3.8/site-packages/airflow/example_dags/example_xcomargs.py
[2025-12-07T15:53:23.527+0000] {logging_mixin.py:188} INFO - [2025-12-07T15:53:23.527+0000] {dag.py:3036} INFO - Sync 2 DAGs
[2025-12-07T15:53:23.543+0000] {logging_mixin.py:188} INFO - [2025-12-07T15:53:23.543+0000] {dag.py:3823} INFO - Setting next_dagrun for example_xcom_args to None, run_after=None
[2025-12-07T15:53:23.548+0000] {logging_mixin.py:188} INFO - [2025-12-07T15:53:23.548+0000] {dag.py:3823} INFO - Setting next_dagrun for example_xcom_args_with_operators to None, run_after=None
[2025-12-07T15:53:23.578+0000] {processor.py:183} INFO - Processing /home/airflow/.local/lib/python3.8/site-packages/airflow/example_dags/example_xcomargs.py took 0.108 seconds
[2025-12-07T15:53:53.797+0000] {processor.py:161} INFO - Started process (PID=5732) to work on /home/airflow/.local/lib/python3.8/site-packages/airflow/example_dags/example_xcomargs.py
[2025-12-07T15:53:53.799+0000] {processor.py:830} INFO - Processing file /home/airflow/.local/lib/python3.8/site-packages/airflow/example_dags/example_xcomargs.py for tasks to queue
[2025-12-07T15:53:53.802+0000] {logging_mixin.py:188} INFO - [2025-12-07T15:53:53.801+0000] {dagbag.py:538} INFO - Filling up the DagBag from /home/airflow/.local/lib/python3.8/site-packages/airflow/example_dags/example_xcomargs.py
[2025-12-07T15:53:53.815+0000] {processor.py:840} INFO - DAG(s) 'example_xcom_args_with_operators', 'example_xcom_args' retrieved from /home/airflow/.local/lib/python3.8/site-packages/airflow/example_dags/example_xcomargs.py
[2025-12-07T15:53:53.850+0000] {logging_mixin.py:188} INFO - [2025-12-07T15:53:53.850+0000] {dag.py:3036} INFO - Sync 2 DAGs
[2025-12-07T15:53:53.868+0000] {logging_mixin.py:188} INFO - [2025-12-07T15:53:53.868+0000] {dag.py:3823} INFO - Setting next_dagrun for example_xcom_args to None, run_after=None
[2025-12-07T15:53:53.873+0000] {logging_mixin.py:188} INFO - [2025-12-07T15:53:53.873+0000] {dag.py:3823} INFO - Setting next_dagrun for example_xcom_args_with_operators to None, run_after=None
[2025-12-07T15:53:53.905+0000] {processor.py:183} INFO - Processing /home/airflow/.local/lib/python3.8/site-packages/airflow/example_dags/example_xcomargs.py took 0.113 seconds
[2025-12-07T15:54:24.204+0000] {processor.py:161} INFO - Started process (PID=5793) to work on /home/airflow/.local/lib/python3.8/site-packages/airflow/example_dags/example_xcomargs.py
[2025-12-07T15:54:24.205+0000] {processor.py:830} INFO - Processing file /home/airflow/.local/lib/python3.8/site-packages/airflow/example_dags/example_xcomargs.py for tasks to queue
[2025-12-07T15:54:24.208+0000] {logging_mixin.py:188} INFO - [2025-12-07T15:54:24.207+0000] {dagbag.py:538} INFO - Filling up the DagBag from /home/airflow/.local/lib/python3.8/site-packages/airflow/example_dags/example_xcomargs.py
[2025-12-07T15:54:24.221+0000] {processor.py:840} INFO - DAG(s) 'example_xcom_args_with_operators', 'example_xcom_args' retrieved from /home/airflow/.local/lib/python3.8/site-packages/airflow/example_dags/example_xcomargs.py
[2025-12-07T15:54:24.266+0000] {logging_mixin.py:188} INFO - [2025-12-07T15:54:24.266+0000] {dag.py:3036} INFO - Sync 2 DAGs
[2025-12-07T15:54:24.289+0000] {logging_mixin.py:188} INFO - [2025-12-07T15:54:24.289+0000] {dag.py:3823} INFO - Setting next_dagrun for example_xcom_args to None, run_after=None
[2025-12-07T15:54:24.298+0000] {logging_mixin.py:188} INFO - [2025-12-07T15:54:24.298+0000] {dag.py:3823} INFO - Setting next_dagrun for example_xcom_args_with_operators to None, run_after=None
[2025-12-07T15:54:24.330+0000] {processor.py:183} INFO - Processing /home/airflow/.local/lib/python3.8/site-packages/airflow/example_dags/example_xcomargs.py took 0.132 seconds
[2025-12-07T15:54:54.605+0000] {processor.py:161} INFO - Started process (PID=5854) to work on /home/airflow/.local/lib/python3.8/site-packages/airflow/example_dags/example_xcomargs.py
[2025-12-07T15:54:54.607+0000] {processor.py:830} INFO - Processing file /home/airflow/.local/lib/python3.8/site-packages/airflow/example_dags/example_xcomargs.py for tasks to queue
[2025-12-07T15:54:54.611+0000] {logging_mixin.py:188} INFO - [2025-12-07T15:54:54.610+0000] {dagbag.py:538} INFO - Filling up the DagBag from /home/airflow/.local/lib/python3.8/site-packages/airflow/example_dags/example_xcomargs.py
[2025-12-07T15:54:54.632+0000] {processor.py:840} INFO - DAG(s) 'example_xcom_args', 'example_xcom_args_with_operators' retrieved from /home/airflow/.local/lib/python3.8/site-packages/airflow/example_dags/example_xcomargs.py
[2025-12-07T15:54:54.671+0000] {logging_mixin.py:188} INFO - [2025-12-07T15:54:54.671+0000] {dag.py:3036} INFO - Sync 2 DAGs
[2025-12-07T15:54:54.691+0000] {logging_mixin.py:188} INFO - [2025-12-07T15:54:54.690+0000] {dag.py:3823} INFO - Setting next_dagrun for example_xcom_args to None, run_after=None
[2025-12-07T15:54:54.696+0000] {logging_mixin.py:188} INFO - [2025-12-07T15:54:54.696+0000] {dag.py:3823} INFO - Setting next_dagrun for example_xcom_args_with_operators to None, run_after=None
[2025-12-07T15:54:54.726+0000] {processor.py:183} INFO - Processing /home/airflow/.local/lib/python3.8/site-packages/airflow/example_dags/example_xcomargs.py took 0.127 seconds
[2025-12-07T15:56:10.681+0000] {processor.py:161} INFO - Started process (PID=69) to work on /home/airflow/.local/lib/python3.8/site-packages/airflow/example_dags/example_xcomargs.py
[2025-12-07T15:56:10.683+0000] {processor.py:830} INFO - Processing file /home/airflow/.local/lib/python3.8/site-packages/airflow/example_dags/example_xcomargs.py for tasks to queue
[2025-12-07T15:56:10.686+0000] {logging_mixin.py:188} INFO - [2025-12-07T15:56:10.686+0000] {dagbag.py:538} INFO - Filling up the DagBag from /home/airflow/.local/lib/python3.8/site-packages/airflow/example_dags/example_xcomargs.py
[2025-12-07T15:56:10.704+0000] {processor.py:840} INFO - DAG(s) 'example_xcom_args', 'example_xcom_args_with_operators' retrieved from /home/airflow/.local/lib/python3.8/site-packages/airflow/example_dags/example_xcomargs.py
[2025-12-07T15:56:10.907+0000] {logging_mixin.py:188} INFO - [2025-12-07T15:56:10.907+0000] {dag.py:3036} INFO - Sync 2 DAGs
[2025-12-07T15:56:10.929+0000] {logging_mixin.py:188} INFO - [2025-12-07T15:56:10.928+0000] {dag.py:3823} INFO - Setting next_dagrun for example_xcom_args to None, run_after=None
[2025-12-07T15:56:10.936+0000] {logging_mixin.py:188} INFO - [2025-12-07T15:56:10.936+0000] {dag.py:3823} INFO - Setting next_dagrun for example_xcom_args_with_operators to None, run_after=None
[2025-12-07T15:56:10.977+0000] {processor.py:183} INFO - Processing /home/airflow/.local/lib/python3.8/site-packages/airflow/example_dags/example_xcomargs.py took 0.300 seconds
[2025-12-07T15:56:41.306+0000] {processor.py:161} INFO - Started process (PID=136) to work on /home/airflow/.local/lib/python3.8/site-packages/airflow/example_dags/example_xcomargs.py
[2025-12-07T15:56:41.308+0000] {processor.py:830} INFO - Processing file /home/airflow/.local/lib/python3.8/site-packages/airflow/example_dags/example_xcomargs.py for tasks to queue
[2025-12-07T15:56:41.310+0000] {logging_mixin.py:188} INFO - [2025-12-07T15:56:41.310+0000] {dagbag.py:538} INFO - Filling up the DagBag from /home/airflow/.local/lib/python3.8/site-packages/airflow/example_dags/example_xcomargs.py
[2025-12-07T15:56:41.320+0000] {processor.py:840} INFO - DAG(s) 'example_xcom_args_with_operators', 'example_xcom_args' retrieved from /home/airflow/.local/lib/python3.8/site-packages/airflow/example_dags/example_xcomargs.py
[2025-12-07T15:56:41.354+0000] {logging_mixin.py:188} INFO - [2025-12-07T15:56:41.354+0000] {dag.py:3036} INFO - Sync 2 DAGs
[2025-12-07T15:56:41.369+0000] {logging_mixin.py:188} INFO - [2025-12-07T15:56:41.368+0000] {dag.py:3823} INFO - Setting next_dagrun for example_xcom_args to None, run_after=None
[2025-12-07T15:56:41.374+0000] {logging_mixin.py:188} INFO - [2025-12-07T15:56:41.373+0000] {dag.py:3823} INFO - Setting next_dagrun for example_xcom_args_with_operators to None, run_after=None
[2025-12-07T15:56:41.401+0000] {processor.py:183} INFO - Processing /home/airflow/.local/lib/python3.8/site-packages/airflow/example_dags/example_xcomargs.py took 0.099 seconds
[2025-12-07T15:57:12.296+0000] {processor.py:161} INFO - Started process (PID=197) to work on /home/airflow/.local/lib/python3.8/site-packages/airflow/example_dags/example_xcomargs.py
[2025-12-07T15:57:12.298+0000] {processor.py:830} INFO - Processing file /home/airflow/.local/lib/python3.8/site-packages/airflow/example_dags/example_xcomargs.py for tasks to queue
[2025-12-07T15:57:12.301+0000] {logging_mixin.py:188} INFO - [2025-12-07T15:57:12.300+0000] {dagbag.py:538} INFO - Filling up the DagBag from /home/airflow/.local/lib/python3.8/site-packages/airflow/example_dags/example_xcomargs.py
[2025-12-07T15:57:12.321+0000] {processor.py:840} INFO - DAG(s) 'example_xcom_args', 'example_xcom_args_with_operators' retrieved from /home/airflow/.local/lib/python3.8/site-packages/airflow/example_dags/example_xcomargs.py
[2025-12-07T15:57:12.369+0000] {logging_mixin.py:188} INFO - [2025-12-07T15:57:12.367+0000] {dag.py:3036} INFO - Sync 2 DAGs
[2025-12-07T15:57:12.396+0000] {logging_mixin.py:188} INFO - [2025-12-07T15:57:12.396+0000] {dag.py:3823} INFO - Setting next_dagrun for example_xcom_args to None, run_after=None
[2025-12-07T15:57:12.403+0000] {logging_mixin.py:188} INFO - [2025-12-07T15:57:12.402+0000] {dag.py:3823} INFO - Setting next_dagrun for example_xcom_args_with_operators to None, run_after=None
[2025-12-07T15:57:12.444+0000] {processor.py:183} INFO - Processing /home/airflow/.local/lib/python3.8/site-packages/airflow/example_dags/example_xcomargs.py took 0.153 seconds
[2025-12-07T15:57:43.400+0000] {processor.py:161} INFO - Started process (PID=257) to work on /home/airflow/.local/lib/python3.8/site-packages/airflow/example_dags/example_xcomargs.py
[2025-12-07T15:57:43.402+0000] {processor.py:830} INFO - Processing file /home/airflow/.local/lib/python3.8/site-packages/airflow/example_dags/example_xcomargs.py for tasks to queue
[2025-12-07T15:57:43.408+0000] {logging_mixin.py:188} INFO - [2025-12-07T15:57:43.408+0000] {dagbag.py:538} INFO - Filling up the DagBag from /home/airflow/.local/lib/python3.8/site-packages/airflow/example_dags/example_xcomargs.py
[2025-12-07T15:57:43.419+0000] {processor.py:840} INFO - DAG(s) 'example_xcom_args', 'example_xcom_args_with_operators' retrieved from /home/airflow/.local/lib/python3.8/site-packages/airflow/example_dags/example_xcomargs.py
[2025-12-07T15:57:43.455+0000] {logging_mixin.py:188} INFO - [2025-12-07T15:57:43.454+0000] {dag.py:3036} INFO - Sync 2 DAGs
[2025-12-07T15:57:43.474+0000] {logging_mixin.py:188} INFO - [2025-12-07T15:57:43.474+0000] {dag.py:3823} INFO - Setting next_dagrun for example_xcom_args to None, run_after=None
[2025-12-07T15:57:43.479+0000] {logging_mixin.py:188} INFO - [2025-12-07T15:57:43.479+0000] {dag.py:3823} INFO - Setting next_dagrun for example_xcom_args_with_operators to None, run_after=None
[2025-12-07T15:57:43.507+0000] {processor.py:183} INFO - Processing /home/airflow/.local/lib/python3.8/site-packages/airflow/example_dags/example_xcomargs.py took 0.112 seconds
[2025-12-07T15:58:13.715+0000] {processor.py:161} INFO - Started process (PID=317) to work on /home/airflow/.local/lib/python3.8/site-packages/airflow/example_dags/example_xcomargs.py
[2025-12-07T15:58:13.717+0000] {processor.py:830} INFO - Processing file /home/airflow/.local/lib/python3.8/site-packages/airflow/example_dags/example_xcomargs.py for tasks to queue
[2025-12-07T15:58:13.722+0000] {logging_mixin.py:188} INFO - [2025-12-07T15:58:13.721+0000] {dagbag.py:538} INFO - Filling up the DagBag from /home/airflow/.local/lib/python3.8/site-packages/airflow/example_dags/example_xcomargs.py
[2025-12-07T15:58:13.741+0000] {processor.py:840} INFO - DAG(s) 'example_xcom_args_with_operators', 'example_xcom_args' retrieved from /home/airflow/.local/lib/python3.8/site-packages/airflow/example_dags/example_xcomargs.py
[2025-12-07T15:58:13.784+0000] {logging_mixin.py:188} INFO - [2025-12-07T15:58:13.784+0000] {dag.py:3036} INFO - Sync 2 DAGs
[2025-12-07T15:58:13.808+0000] {logging_mixin.py:188} INFO - [2025-12-07T15:58:13.807+0000] {dag.py:3823} INFO - Setting next_dagrun for example_xcom_args to None, run_after=None
[2025-12-07T15:58:13.813+0000] {logging_mixin.py:188} INFO - [2025-12-07T15:58:13.813+0000] {dag.py:3823} INFO - Setting next_dagrun for example_xcom_args_with_operators to None, run_after=None
[2025-12-07T15:58:13.849+0000] {processor.py:183} INFO - Processing /home/airflow/.local/lib/python3.8/site-packages/airflow/example_dags/example_xcomargs.py took 0.139 seconds
[2025-12-07T15:58:44.367+0000] {processor.py:161} INFO - Started process (PID=378) to work on /home/airflow/.local/lib/python3.8/site-packages/airflow/example_dags/example_xcomargs.py
[2025-12-07T15:58:44.369+0000] {processor.py:830} INFO - Processing file /home/airflow/.local/lib/python3.8/site-packages/airflow/example_dags/example_xcomargs.py for tasks to queue
[2025-12-07T15:58:44.373+0000] {logging_mixin.py:188} INFO - [2025-12-07T15:58:44.372+0000] {dagbag.py:538} INFO - Filling up the DagBag from /home/airflow/.local/lib/python3.8/site-packages/airflow/example_dags/example_xcomargs.py
[2025-12-07T15:58:44.388+0000] {processor.py:840} INFO - DAG(s) 'example_xcom_args', 'example_xcom_args_with_operators' retrieved from /home/airflow/.local/lib/python3.8/site-packages/airflow/example_dags/example_xcomargs.py
[2025-12-07T15:58:44.424+0000] {logging_mixin.py:188} INFO - [2025-12-07T15:58:44.424+0000] {dag.py:3036} INFO - Sync 2 DAGs
[2025-12-07T15:58:44.441+0000] {logging_mixin.py:188} INFO - [2025-12-07T15:58:44.440+0000] {dag.py:3823} INFO - Setting next_dagrun for example_xcom_args to None, run_after=None
[2025-12-07T15:58:44.446+0000] {logging_mixin.py:188} INFO - [2025-12-07T15:58:44.446+0000] {dag.py:3823} INFO - Setting next_dagrun for example_xcom_args_with_operators to None, run_after=None
[2025-12-07T15:58:44.476+0000] {processor.py:183} INFO - Processing /home/airflow/.local/lib/python3.8/site-packages/airflow/example_dags/example_xcomargs.py took 0.114 seconds
[2025-12-07T15:59:14.639+0000] {processor.py:161} INFO - Started process (PID=439) to work on /home/airflow/.local/lib/python3.8/site-packages/airflow/example_dags/example_xcomargs.py
[2025-12-07T15:59:14.641+0000] {processor.py:830} INFO - Processing file /home/airflow/.local/lib/python3.8/site-packages/airflow/example_dags/example_xcomargs.py for tasks to queue
[2025-12-07T15:59:14.644+0000] {logging_mixin.py:188} INFO - [2025-12-07T15:59:14.643+0000] {dagbag.py:538} INFO - Filling up the DagBag from /home/airflow/.local/lib/python3.8/site-packages/airflow/example_dags/example_xcomargs.py
[2025-12-07T15:59:14.655+0000] {processor.py:840} INFO - DAG(s) 'example_xcom_args', 'example_xcom_args_with_operators' retrieved from /home/airflow/.local/lib/python3.8/site-packages/airflow/example_dags/example_xcomargs.py
[2025-12-07T15:59:14.694+0000] {logging_mixin.py:188} INFO - [2025-12-07T15:59:14.693+0000] {dag.py:3036} INFO - Sync 2 DAGs
[2025-12-07T15:59:14.710+0000] {logging_mixin.py:188} INFO - [2025-12-07T15:59:14.710+0000] {dag.py:3823} INFO - Setting next_dagrun for example_xcom_args to None, run_after=None
[2025-12-07T15:59:14.716+0000] {logging_mixin.py:188} INFO - [2025-12-07T15:59:14.715+0000] {dag.py:3823} INFO - Setting next_dagrun for example_xcom_args_with_operators to None, run_after=None
[2025-12-07T15:59:14.749+0000] {processor.py:183} INFO - Processing /home/airflow/.local/lib/python3.8/site-packages/airflow/example_dags/example_xcomargs.py took 0.116 seconds
[2025-12-07T15:59:44.794+0000] {processor.py:161} INFO - Started process (PID=500) to work on /home/airflow/.local/lib/python3.8/site-packages/airflow/example_dags/example_xcomargs.py
[2025-12-07T15:59:44.795+0000] {processor.py:830} INFO - Processing file /home/airflow/.local/lib/python3.8/site-packages/airflow/example_dags/example_xcomargs.py for tasks to queue
[2025-12-07T15:59:44.799+0000] {logging_mixin.py:188} INFO - [2025-12-07T15:59:44.799+0000] {dagbag.py:538} INFO - Filling up the DagBag from /home/airflow/.local/lib/python3.8/site-packages/airflow/example_dags/example_xcomargs.py
[2025-12-07T15:59:44.811+0000] {processor.py:840} INFO - DAG(s) 'example_xcom_args', 'example_xcom_args_with_operators' retrieved from /home/airflow/.local/lib/python3.8/site-packages/airflow/example_dags/example_xcomargs.py
[2025-12-07T15:59:44.846+0000] {logging_mixin.py:188} INFO - [2025-12-07T15:59:44.846+0000] {dag.py:3036} INFO - Sync 2 DAGs
[2025-12-07T15:59:44.862+0000] {logging_mixin.py:188} INFO - [2025-12-07T15:59:44.862+0000] {dag.py:3823} INFO - Setting next_dagrun for example_xcom_args to None, run_after=None
[2025-12-07T15:59:44.867+0000] {logging_mixin.py:188} INFO - [2025-12-07T15:59:44.867+0000] {dag.py:3823} INFO - Setting next_dagrun for example_xcom_args_with_operators to None, run_after=None
[2025-12-07T15:59:44.895+0000] {processor.py:183} INFO - Processing /home/airflow/.local/lib/python3.8/site-packages/airflow/example_dags/example_xcomargs.py took 0.105 seconds
[2025-12-07T16:00:15.479+0000] {processor.py:161} INFO - Started process (PID=561) to work on /home/airflow/.local/lib/python3.8/site-packages/airflow/example_dags/example_xcomargs.py
[2025-12-07T16:00:15.480+0000] {processor.py:830} INFO - Processing file /home/airflow/.local/lib/python3.8/site-packages/airflow/example_dags/example_xcomargs.py for tasks to queue
[2025-12-07T16:00:15.484+0000] {logging_mixin.py:188} INFO - [2025-12-07T16:00:15.483+0000] {dagbag.py:538} INFO - Filling up the DagBag from /home/airflow/.local/lib/python3.8/site-packages/airflow/example_dags/example_xcomargs.py
[2025-12-07T16:00:15.494+0000] {processor.py:840} INFO - DAG(s) 'example_xcom_args', 'example_xcom_args_with_operators' retrieved from /home/airflow/.local/lib/python3.8/site-packages/airflow/example_dags/example_xcomargs.py
[2025-12-07T16:00:15.530+0000] {logging_mixin.py:188} INFO - [2025-12-07T16:00:15.529+0000] {dag.py:3036} INFO - Sync 2 DAGs
[2025-12-07T16:00:15.547+0000] {logging_mixin.py:188} INFO - [2025-12-07T16:00:15.546+0000] {dag.py:3823} INFO - Setting next_dagrun for example_xcom_args to None, run_after=None
[2025-12-07T16:00:15.553+0000] {logging_mixin.py:188} INFO - [2025-12-07T16:00:15.553+0000] {dag.py:3823} INFO - Setting next_dagrun for example_xcom_args_with_operators to None, run_after=None
[2025-12-07T16:00:15.580+0000] {processor.py:183} INFO - Processing /home/airflow/.local/lib/python3.8/site-packages/airflow/example_dags/example_xcomargs.py took 0.107 seconds
[2025-12-07T16:00:45.960+0000] {processor.py:161} INFO - Started process (PID=622) to work on /home/airflow/.local/lib/python3.8/site-packages/airflow/example_dags/example_xcomargs.py
[2025-12-07T16:00:45.964+0000] {processor.py:830} INFO - Processing file /home/airflow/.local/lib/python3.8/site-packages/airflow/example_dags/example_xcomargs.py for tasks to queue
[2025-12-07T16:00:45.968+0000] {logging_mixin.py:188} INFO - [2025-12-07T16:00:45.968+0000] {dagbag.py:538} INFO - Filling up the DagBag from /home/airflow/.local/lib/python3.8/site-packages/airflow/example_dags/example_xcomargs.py
[2025-12-07T16:00:45.979+0000] {processor.py:840} INFO - DAG(s) 'example_xcom_args_with_operators', 'example_xcom_args' retrieved from /home/airflow/.local/lib/python3.8/site-packages/airflow/example_dags/example_xcomargs.py
[2025-12-07T16:00:46.015+0000] {logging_mixin.py:188} INFO - [2025-12-07T16:00:46.015+0000] {dag.py:3036} INFO - Sync 2 DAGs
[2025-12-07T16:00:46.033+0000] {logging_mixin.py:188} INFO - [2025-12-07T16:00:46.033+0000] {dag.py:3823} INFO - Setting next_dagrun for example_xcom_args to None, run_after=None
[2025-12-07T16:00:46.038+0000] {logging_mixin.py:188} INFO - [2025-12-07T16:00:46.038+0000] {dag.py:3823} INFO - Setting next_dagrun for example_xcom_args_with_operators to None, run_after=None
[2025-12-07T16:00:46.072+0000] {processor.py:183} INFO - Processing /home/airflow/.local/lib/python3.8/site-packages/airflow/example_dags/example_xcomargs.py took 0.118 seconds
[2025-12-07T16:01:16.419+0000] {processor.py:161} INFO - Started process (PID=683) to work on /home/airflow/.local/lib/python3.8/site-packages/airflow/example_dags/example_xcomargs.py
[2025-12-07T16:01:16.421+0000] {processor.py:830} INFO - Processing file /home/airflow/.local/lib/python3.8/site-packages/airflow/example_dags/example_xcomargs.py for tasks to queue
[2025-12-07T16:01:16.425+0000] {logging_mixin.py:188} INFO - [2025-12-07T16:01:16.425+0000] {dagbag.py:538} INFO - Filling up the DagBag from /home/airflow/.local/lib/python3.8/site-packages/airflow/example_dags/example_xcomargs.py
[2025-12-07T16:01:16.437+0000] {processor.py:840} INFO - DAG(s) 'example_xcom_args', 'example_xcom_args_with_operators' retrieved from /home/airflow/.local/lib/python3.8/site-packages/airflow/example_dags/example_xcomargs.py
[2025-12-07T16:01:16.476+0000] {logging_mixin.py:188} INFO - [2025-12-07T16:01:16.476+0000] {dag.py:3036} INFO - Sync 2 DAGs
[2025-12-07T16:01:16.494+0000] {logging_mixin.py:188} INFO - [2025-12-07T16:01:16.493+0000] {dag.py:3823} INFO - Setting next_dagrun for example_xcom_args to None, run_after=None
[2025-12-07T16:01:16.500+0000] {logging_mixin.py:188} INFO - [2025-12-07T16:01:16.499+0000] {dag.py:3823} INFO - Setting next_dagrun for example_xcom_args_with_operators to None, run_after=None
[2025-12-07T16:01:16.530+0000] {processor.py:183} INFO - Processing /home/airflow/.local/lib/python3.8/site-packages/airflow/example_dags/example_xcomargs.py took 0.115 seconds
[2025-12-07T16:01:46.775+0000] {processor.py:161} INFO - Started process (PID=744) to work on /home/airflow/.local/lib/python3.8/site-packages/airflow/example_dags/example_xcomargs.py
[2025-12-07T16:01:46.776+0000] {processor.py:830} INFO - Processing file /home/airflow/.local/lib/python3.8/site-packages/airflow/example_dags/example_xcomargs.py for tasks to queue
[2025-12-07T16:01:46.780+0000] {logging_mixin.py:188} INFO - [2025-12-07T16:01:46.780+0000] {dagbag.py:538} INFO - Filling up the DagBag from /home/airflow/.local/lib/python3.8/site-packages/airflow/example_dags/example_xcomargs.py
[2025-12-07T16:01:46.794+0000] {processor.py:840} INFO - DAG(s) 'example_xcom_args_with_operators', 'example_xcom_args' retrieved from /home/airflow/.local/lib/python3.8/site-packages/airflow/example_dags/example_xcomargs.py
[2025-12-07T16:01:46.835+0000] {logging_mixin.py:188} INFO - [2025-12-07T16:01:46.835+0000] {dag.py:3036} INFO - Sync 2 DAGs
[2025-12-07T16:01:46.852+0000] {logging_mixin.py:188} INFO - [2025-12-07T16:01:46.851+0000] {dag.py:3823} INFO - Setting next_dagrun for example_xcom_args to None, run_after=None
[2025-12-07T16:01:46.857+0000] {logging_mixin.py:188} INFO - [2025-12-07T16:01:46.856+0000] {dag.py:3823} INFO - Setting next_dagrun for example_xcom_args_with_operators to None, run_after=None
[2025-12-07T16:01:46.893+0000] {processor.py:183} INFO - Processing /home/airflow/.local/lib/python3.8/site-packages/airflow/example_dags/example_xcomargs.py took 0.123 seconds
[2025-12-07T16:02:17.500+0000] {processor.py:161} INFO - Started process (PID=805) to work on /home/airflow/.local/lib/python3.8/site-packages/airflow/example_dags/example_xcomargs.py
[2025-12-07T16:02:17.502+0000] {processor.py:830} INFO - Processing file /home/airflow/.local/lib/python3.8/site-packages/airflow/example_dags/example_xcomargs.py for tasks to queue
[2025-12-07T16:02:17.506+0000] {logging_mixin.py:188} INFO - [2025-12-07T16:02:17.505+0000] {dagbag.py:538} INFO - Filling up the DagBag from /home/airflow/.local/lib/python3.8/site-packages/airflow/example_dags/example_xcomargs.py
[2025-12-07T16:02:17.521+0000] {processor.py:840} INFO - DAG(s) 'example_xcom_args', 'example_xcom_args_with_operators' retrieved from /home/airflow/.local/lib/python3.8/site-packages/airflow/example_dags/example_xcomargs.py
[2025-12-07T16:02:17.582+0000] {logging_mixin.py:188} INFO - [2025-12-07T16:02:17.582+0000] {dag.py:3036} INFO - Sync 2 DAGs
[2025-12-07T16:02:17.617+0000] {logging_mixin.py:188} INFO - [2025-12-07T16:02:17.616+0000] {dag.py:3823} INFO - Setting next_dagrun for example_xcom_args to None, run_after=None
[2025-12-07T16:02:17.625+0000] {logging_mixin.py:188} INFO - [2025-12-07T16:02:17.624+0000] {dag.py:3823} INFO - Setting next_dagrun for example_xcom_args_with_operators to None, run_after=None
[2025-12-07T16:02:17.654+0000] {processor.py:183} INFO - Processing /home/airflow/.local/lib/python3.8/site-packages/airflow/example_dags/example_xcomargs.py took 0.160 seconds
[2025-12-07T16:02:47.830+0000] {processor.py:161} INFO - Started process (PID=866) to work on /home/airflow/.local/lib/python3.8/site-packages/airflow/example_dags/example_xcomargs.py
[2025-12-07T16:02:47.832+0000] {processor.py:830} INFO - Processing file /home/airflow/.local/lib/python3.8/site-packages/airflow/example_dags/example_xcomargs.py for tasks to queue
[2025-12-07T16:02:47.836+0000] {logging_mixin.py:188} INFO - [2025-12-07T16:02:47.835+0000] {dagbag.py:538} INFO - Filling up the DagBag from /home/airflow/.local/lib/python3.8/site-packages/airflow/example_dags/example_xcomargs.py
[2025-12-07T16:02:47.851+0000] {processor.py:840} INFO - DAG(s) 'example_xcom_args', 'example_xcom_args_with_operators' retrieved from /home/airflow/.local/lib/python3.8/site-packages/airflow/example_dags/example_xcomargs.py
[2025-12-07T16:02:47.906+0000] {logging_mixin.py:188} INFO - [2025-12-07T16:02:47.906+0000] {dag.py:3036} INFO - Sync 2 DAGs
[2025-12-07T16:02:47.926+0000] {logging_mixin.py:188} INFO - [2025-12-07T16:02:47.926+0000] {dag.py:3823} INFO - Setting next_dagrun for example_xcom_args to None, run_after=None
[2025-12-07T16:02:47.932+0000] {logging_mixin.py:188} INFO - [2025-12-07T16:02:47.931+0000] {dag.py:3823} INFO - Setting next_dagrun for example_xcom_args_with_operators to None, run_after=None
[2025-12-07T16:02:47.966+0000] {processor.py:183} INFO - Processing /home/airflow/.local/lib/python3.8/site-packages/airflow/example_dags/example_xcomargs.py took 0.142 seconds
[2025-12-07T16:03:18.035+0000] {processor.py:161} INFO - Started process (PID=927) to work on /home/airflow/.local/lib/python3.8/site-packages/airflow/example_dags/example_xcomargs.py
[2025-12-07T16:03:18.037+0000] {processor.py:830} INFO - Processing file /home/airflow/.local/lib/python3.8/site-packages/airflow/example_dags/example_xcomargs.py for tasks to queue
[2025-12-07T16:03:18.039+0000] {logging_mixin.py:188} INFO - [2025-12-07T16:03:18.039+0000] {dagbag.py:538} INFO - Filling up the DagBag from /home/airflow/.local/lib/python3.8/site-packages/airflow/example_dags/example_xcomargs.py
[2025-12-07T16:03:18.049+0000] {processor.py:840} INFO - DAG(s) 'example_xcom_args', 'example_xcom_args_with_operators' retrieved from /home/airflow/.local/lib/python3.8/site-packages/airflow/example_dags/example_xcomargs.py
[2025-12-07T16:03:18.081+0000] {logging_mixin.py:188} INFO - [2025-12-07T16:03:18.081+0000] {dag.py:3036} INFO - Sync 2 DAGs
[2025-12-07T16:03:18.097+0000] {logging_mixin.py:188} INFO - [2025-12-07T16:03:18.097+0000] {dag.py:3823} INFO - Setting next_dagrun for example_xcom_args to None, run_after=None
[2025-12-07T16:03:18.102+0000] {logging_mixin.py:188} INFO - [2025-12-07T16:03:18.102+0000] {dag.py:3823} INFO - Setting next_dagrun for example_xcom_args_with_operators to None, run_after=None
[2025-12-07T16:03:18.129+0000] {processor.py:183} INFO - Processing /home/airflow/.local/lib/python3.8/site-packages/airflow/example_dags/example_xcomargs.py took 0.097 seconds
[2025-12-07T16:03:48.646+0000] {processor.py:161} INFO - Started process (PID=988) to work on /home/airflow/.local/lib/python3.8/site-packages/airflow/example_dags/example_xcomargs.py
[2025-12-07T16:03:48.649+0000] {processor.py:830} INFO - Processing file /home/airflow/.local/lib/python3.8/site-packages/airflow/example_dags/example_xcomargs.py for tasks to queue
[2025-12-07T16:03:48.653+0000] {logging_mixin.py:188} INFO - [2025-12-07T16:03:48.653+0000] {dagbag.py:538} INFO - Filling up the DagBag from /home/airflow/.local/lib/python3.8/site-packages/airflow/example_dags/example_xcomargs.py
[2025-12-07T16:03:48.667+0000] {processor.py:840} INFO - DAG(s) 'example_xcom_args_with_operators', 'example_xcom_args' retrieved from /home/airflow/.local/lib/python3.8/site-packages/airflow/example_dags/example_xcomargs.py
[2025-12-07T16:03:48.709+0000] {logging_mixin.py:188} INFO - [2025-12-07T16:03:48.709+0000] {dag.py:3036} INFO - Sync 2 DAGs
[2025-12-07T16:03:48.727+0000] {logging_mixin.py:188} INFO - [2025-12-07T16:03:48.727+0000] {dag.py:3823} INFO - Setting next_dagrun for example_xcom_args to None, run_after=None
[2025-12-07T16:03:48.732+0000] {logging_mixin.py:188} INFO - [2025-12-07T16:03:48.732+0000] {dag.py:3823} INFO - Setting next_dagrun for example_xcom_args_with_operators to None, run_after=None
[2025-12-07T16:03:48.762+0000] {processor.py:183} INFO - Processing /home/airflow/.local/lib/python3.8/site-packages/airflow/example_dags/example_xcomargs.py took 0.122 seconds
[2025-12-07T16:04:19.057+0000] {processor.py:161} INFO - Started process (PID=1049) to work on /home/airflow/.local/lib/python3.8/site-packages/airflow/example_dags/example_xcomargs.py
[2025-12-07T16:04:19.059+0000] {processor.py:830} INFO - Processing file /home/airflow/.local/lib/python3.8/site-packages/airflow/example_dags/example_xcomargs.py for tasks to queue
[2025-12-07T16:04:19.062+0000] {logging_mixin.py:188} INFO - [2025-12-07T16:04:19.062+0000] {dagbag.py:538} INFO - Filling up the DagBag from /home/airflow/.local/lib/python3.8/site-packages/airflow/example_dags/example_xcomargs.py
[2025-12-07T16:04:19.075+0000] {processor.py:840} INFO - DAG(s) 'example_xcom_args_with_operators', 'example_xcom_args' retrieved from /home/airflow/.local/lib/python3.8/site-packages/airflow/example_dags/example_xcomargs.py
[2025-12-07T16:04:19.117+0000] {logging_mixin.py:188} INFO - [2025-12-07T16:04:19.117+0000] {dag.py:3036} INFO - Sync 2 DAGs
[2025-12-07T16:04:19.139+0000] {logging_mixin.py:188} INFO - [2025-12-07T16:04:19.138+0000] {dag.py:3823} INFO - Setting next_dagrun for example_xcom_args to None, run_after=None
[2025-12-07T16:04:19.145+0000] {logging_mixin.py:188} INFO - [2025-12-07T16:04:19.144+0000] {dag.py:3823} INFO - Setting next_dagrun for example_xcom_args_with_operators to None, run_after=None
[2025-12-07T16:04:19.174+0000] {processor.py:183} INFO - Processing /home/airflow/.local/lib/python3.8/site-packages/airflow/example_dags/example_xcomargs.py took 0.124 seconds
[2025-12-07T16:04:49.325+0000] {processor.py:161} INFO - Started process (PID=1109) to work on /home/airflow/.local/lib/python3.8/site-packages/airflow/example_dags/example_xcomargs.py
[2025-12-07T16:04:49.326+0000] {processor.py:830} INFO - Processing file /home/airflow/.local/lib/python3.8/site-packages/airflow/example_dags/example_xcomargs.py for tasks to queue
[2025-12-07T16:04:49.329+0000] {logging_mixin.py:188} INFO - [2025-12-07T16:04:49.329+0000] {dagbag.py:538} INFO - Filling up the DagBag from /home/airflow/.local/lib/python3.8/site-packages/airflow/example_dags/example_xcomargs.py
[2025-12-07T16:04:49.340+0000] {processor.py:840} INFO - DAG(s) 'example_xcom_args', 'example_xcom_args_with_operators' retrieved from /home/airflow/.local/lib/python3.8/site-packages/airflow/example_dags/example_xcomargs.py
[2025-12-07T16:04:49.376+0000] {logging_mixin.py:188} INFO - [2025-12-07T16:04:49.375+0000] {dag.py:3036} INFO - Sync 2 DAGs
[2025-12-07T16:04:49.396+0000] {logging_mixin.py:188} INFO - [2025-12-07T16:04:49.396+0000] {dag.py:3823} INFO - Setting next_dagrun for example_xcom_args to None, run_after=None
[2025-12-07T16:04:49.403+0000] {logging_mixin.py:188} INFO - [2025-12-07T16:04:49.402+0000] {dag.py:3823} INFO - Setting next_dagrun for example_xcom_args_with_operators to None, run_after=None
[2025-12-07T16:04:49.435+0000] {processor.py:183} INFO - Processing /home/airflow/.local/lib/python3.8/site-packages/airflow/example_dags/example_xcomargs.py took 0.116 seconds
[2025-12-07T16:05:20.045+0000] {processor.py:161} INFO - Started process (PID=1170) to work on /home/airflow/.local/lib/python3.8/site-packages/airflow/example_dags/example_xcomargs.py
[2025-12-07T16:05:20.046+0000] {processor.py:830} INFO - Processing file /home/airflow/.local/lib/python3.8/site-packages/airflow/example_dags/example_xcomargs.py for tasks to queue
[2025-12-07T16:05:20.049+0000] {logging_mixin.py:188} INFO - [2025-12-07T16:05:20.049+0000] {dagbag.py:538} INFO - Filling up the DagBag from /home/airflow/.local/lib/python3.8/site-packages/airflow/example_dags/example_xcomargs.py
[2025-12-07T16:05:20.060+0000] {processor.py:840} INFO - DAG(s) 'example_xcom_args', 'example_xcom_args_with_operators' retrieved from /home/airflow/.local/lib/python3.8/site-packages/airflow/example_dags/example_xcomargs.py
[2025-12-07T16:05:20.099+0000] {logging_mixin.py:188} INFO - [2025-12-07T16:05:20.099+0000] {dag.py:3036} INFO - Sync 2 DAGs
[2025-12-07T16:05:20.120+0000] {logging_mixin.py:188} INFO - [2025-12-07T16:05:20.120+0000] {dag.py:3823} INFO - Setting next_dagrun for example_xcom_args to None, run_after=None
[2025-12-07T16:05:20.126+0000] {logging_mixin.py:188} INFO - [2025-12-07T16:05:20.126+0000] {dag.py:3823} INFO - Setting next_dagrun for example_xcom_args_with_operators to None, run_after=None
[2025-12-07T16:05:20.166+0000] {processor.py:183} INFO - Processing /home/airflow/.local/lib/python3.8/site-packages/airflow/example_dags/example_xcomargs.py took 0.126 seconds
[2025-12-07T16:05:50.452+0000] {processor.py:161} INFO - Started process (PID=1231) to work on /home/airflow/.local/lib/python3.8/site-packages/airflow/example_dags/example_xcomargs.py
[2025-12-07T16:05:50.455+0000] {processor.py:830} INFO - Processing file /home/airflow/.local/lib/python3.8/site-packages/airflow/example_dags/example_xcomargs.py for tasks to queue
[2025-12-07T16:05:50.458+0000] {logging_mixin.py:188} INFO - [2025-12-07T16:05:50.458+0000] {dagbag.py:538} INFO - Filling up the DagBag from /home/airflow/.local/lib/python3.8/site-packages/airflow/example_dags/example_xcomargs.py
[2025-12-07T16:05:50.471+0000] {processor.py:840} INFO - DAG(s) 'example_xcom_args_with_operators', 'example_xcom_args' retrieved from /home/airflow/.local/lib/python3.8/site-packages/airflow/example_dags/example_xcomargs.py
[2025-12-07T16:05:50.515+0000] {logging_mixin.py:188} INFO - [2025-12-07T16:05:50.515+0000] {dag.py:3036} INFO - Sync 2 DAGs
[2025-12-07T16:05:50.539+0000] {logging_mixin.py:188} INFO - [2025-12-07T16:05:50.538+0000] {dag.py:3823} INFO - Setting next_dagrun for example_xcom_args to None, run_after=None
[2025-12-07T16:05:50.545+0000] {logging_mixin.py:188} INFO - [2025-12-07T16:05:50.545+0000] {dag.py:3823} INFO - Setting next_dagrun for example_xcom_args_with_operators to None, run_after=None
[2025-12-07T16:05:50.582+0000] {processor.py:183} INFO - Processing /home/airflow/.local/lib/python3.8/site-packages/airflow/example_dags/example_xcomargs.py took 0.135 seconds
[2025-12-07T16:06:20.752+0000] {processor.py:161} INFO - Started process (PID=1292) to work on /home/airflow/.local/lib/python3.8/site-packages/airflow/example_dags/example_xcomargs.py
[2025-12-07T16:06:20.755+0000] {processor.py:830} INFO - Processing file /home/airflow/.local/lib/python3.8/site-packages/airflow/example_dags/example_xcomargs.py for tasks to queue
[2025-12-07T16:06:20.759+0000] {logging_mixin.py:188} INFO - [2025-12-07T16:06:20.758+0000] {dagbag.py:538} INFO - Filling up the DagBag from /home/airflow/.local/lib/python3.8/site-packages/airflow/example_dags/example_xcomargs.py
[2025-12-07T16:06:20.772+0000] {processor.py:840} INFO - DAG(s) 'example_xcom_args', 'example_xcom_args_with_operators' retrieved from /home/airflow/.local/lib/python3.8/site-packages/airflow/example_dags/example_xcomargs.py
[2025-12-07T16:06:20.811+0000] {logging_mixin.py:188} INFO - [2025-12-07T16:06:20.811+0000] {dag.py:3036} INFO - Sync 2 DAGs
[2025-12-07T16:06:20.830+0000] {logging_mixin.py:188} INFO - [2025-12-07T16:06:20.830+0000] {dag.py:3823} INFO - Setting next_dagrun for example_xcom_args to None, run_after=None
[2025-12-07T16:06:20.836+0000] {logging_mixin.py:188} INFO - [2025-12-07T16:06:20.835+0000] {dag.py:3823} INFO - Setting next_dagrun for example_xcom_args_with_operators to None, run_after=None
[2025-12-07T16:06:20.869+0000] {processor.py:183} INFO - Processing /home/airflow/.local/lib/python3.8/site-packages/airflow/example_dags/example_xcomargs.py took 0.124 seconds
[2025-12-07T16:06:51.261+0000] {processor.py:161} INFO - Started process (PID=1353) to work on /home/airflow/.local/lib/python3.8/site-packages/airflow/example_dags/example_xcomargs.py
[2025-12-07T16:06:51.263+0000] {processor.py:830} INFO - Processing file /home/airflow/.local/lib/python3.8/site-packages/airflow/example_dags/example_xcomargs.py for tasks to queue
[2025-12-07T16:06:51.266+0000] {logging_mixin.py:188} INFO - [2025-12-07T16:06:51.265+0000] {dagbag.py:538} INFO - Filling up the DagBag from /home/airflow/.local/lib/python3.8/site-packages/airflow/example_dags/example_xcomargs.py
[2025-12-07T16:06:51.278+0000] {processor.py:840} INFO - DAG(s) 'example_xcom_args', 'example_xcom_args_with_operators' retrieved from /home/airflow/.local/lib/python3.8/site-packages/airflow/example_dags/example_xcomargs.py
[2025-12-07T16:06:51.322+0000] {logging_mixin.py:188} INFO - [2025-12-07T16:06:51.321+0000] {dag.py:3036} INFO - Sync 2 DAGs
[2025-12-07T16:06:51.340+0000] {logging_mixin.py:188} INFO - [2025-12-07T16:06:51.339+0000] {dag.py:3823} INFO - Setting next_dagrun for example_xcom_args to None, run_after=None
[2025-12-07T16:06:51.346+0000] {logging_mixin.py:188} INFO - [2025-12-07T16:06:51.345+0000] {dag.py:3823} INFO - Setting next_dagrun for example_xcom_args_with_operators to None, run_after=None
[2025-12-07T16:06:51.377+0000] {processor.py:183} INFO - Processing /home/airflow/.local/lib/python3.8/site-packages/airflow/example_dags/example_xcomargs.py took 0.122 seconds
[2025-12-07T16:07:21.763+0000] {processor.py:161} INFO - Started process (PID=1414) to work on /home/airflow/.local/lib/python3.8/site-packages/airflow/example_dags/example_xcomargs.py
[2025-12-07T16:07:21.764+0000] {processor.py:830} INFO - Processing file /home/airflow/.local/lib/python3.8/site-packages/airflow/example_dags/example_xcomargs.py for tasks to queue
[2025-12-07T16:07:21.767+0000] {logging_mixin.py:188} INFO - [2025-12-07T16:07:21.767+0000] {dagbag.py:538} INFO - Filling up the DagBag from /home/airflow/.local/lib/python3.8/site-packages/airflow/example_dags/example_xcomargs.py
[2025-12-07T16:07:21.779+0000] {processor.py:840} INFO - DAG(s) 'example_xcom_args', 'example_xcom_args_with_operators' retrieved from /home/airflow/.local/lib/python3.8/site-packages/airflow/example_dags/example_xcomargs.py
[2025-12-07T16:07:21.818+0000] {logging_mixin.py:188} INFO - [2025-12-07T16:07:21.818+0000] {dag.py:3036} INFO - Sync 2 DAGs
[2025-12-07T16:07:21.835+0000] {logging_mixin.py:188} INFO - [2025-12-07T16:07:21.834+0000] {dag.py:3823} INFO - Setting next_dagrun for example_xcom_args to None, run_after=None
[2025-12-07T16:07:21.840+0000] {logging_mixin.py:188} INFO - [2025-12-07T16:07:21.840+0000] {dag.py:3823} INFO - Setting next_dagrun for example_xcom_args_with_operators to None, run_after=None
[2025-12-07T16:07:21.870+0000] {processor.py:183} INFO - Processing /home/airflow/.local/lib/python3.8/site-packages/airflow/example_dags/example_xcomargs.py took 0.113 seconds
[2025-12-07T16:07:52.114+0000] {processor.py:161} INFO - Started process (PID=1475) to work on /home/airflow/.local/lib/python3.8/site-packages/airflow/example_dags/example_xcomargs.py
[2025-12-07T16:07:52.117+0000] {processor.py:830} INFO - Processing file /home/airflow/.local/lib/python3.8/site-packages/airflow/example_dags/example_xcomargs.py for tasks to queue
[2025-12-07T16:07:52.120+0000] {logging_mixin.py:188} INFO - [2025-12-07T16:07:52.120+0000] {dagbag.py:538} INFO - Filling up the DagBag from /home/airflow/.local/lib/python3.8/site-packages/airflow/example_dags/example_xcomargs.py
[2025-12-07T16:07:52.133+0000] {processor.py:840} INFO - DAG(s) 'example_xcom_args', 'example_xcom_args_with_operators' retrieved from /home/airflow/.local/lib/python3.8/site-packages/airflow/example_dags/example_xcomargs.py
[2025-12-07T16:07:52.179+0000] {logging_mixin.py:188} INFO - [2025-12-07T16:07:52.179+0000] {dag.py:3036} INFO - Sync 2 DAGs
[2025-12-07T16:07:52.196+0000] {logging_mixin.py:188} INFO - [2025-12-07T16:07:52.196+0000] {dag.py:3823} INFO - Setting next_dagrun for example_xcom_args to None, run_after=None
[2025-12-07T16:07:52.204+0000] {logging_mixin.py:188} INFO - [2025-12-07T16:07:52.204+0000] {dag.py:3823} INFO - Setting next_dagrun for example_xcom_args_with_operators to None, run_after=None
[2025-12-07T16:07:52.234+0000] {processor.py:183} INFO - Processing /home/airflow/.local/lib/python3.8/site-packages/airflow/example_dags/example_xcomargs.py took 0.126 seconds
[2025-12-07T16:08:23.015+0000] {processor.py:161} INFO - Started process (PID=1536) to work on /home/airflow/.local/lib/python3.8/site-packages/airflow/example_dags/example_xcomargs.py
[2025-12-07T16:08:23.017+0000] {processor.py:830} INFO - Processing file /home/airflow/.local/lib/python3.8/site-packages/airflow/example_dags/example_xcomargs.py for tasks to queue
[2025-12-07T16:08:23.020+0000] {logging_mixin.py:188} INFO - [2025-12-07T16:08:23.019+0000] {dagbag.py:538} INFO - Filling up the DagBag from /home/airflow/.local/lib/python3.8/site-packages/airflow/example_dags/example_xcomargs.py
[2025-12-07T16:08:23.032+0000] {processor.py:840} INFO - DAG(s) 'example_xcom_args', 'example_xcom_args_with_operators' retrieved from /home/airflow/.local/lib/python3.8/site-packages/airflow/example_dags/example_xcomargs.py
[2025-12-07T16:08:23.067+0000] {logging_mixin.py:188} INFO - [2025-12-07T16:08:23.067+0000] {dag.py:3036} INFO - Sync 2 DAGs
[2025-12-07T16:08:23.083+0000] {logging_mixin.py:188} INFO - [2025-12-07T16:08:23.083+0000] {dag.py:3823} INFO - Setting next_dagrun for example_xcom_args to None, run_after=None
[2025-12-07T16:08:23.088+0000] {logging_mixin.py:188} INFO - [2025-12-07T16:08:23.088+0000] {dag.py:3823} INFO - Setting next_dagrun for example_xcom_args_with_operators to None, run_after=None
[2025-12-07T16:08:23.119+0000] {processor.py:183} INFO - Processing /home/airflow/.local/lib/python3.8/site-packages/airflow/example_dags/example_xcomargs.py took 0.109 seconds
[2025-12-07T16:08:53.197+0000] {processor.py:161} INFO - Started process (PID=1597) to work on /home/airflow/.local/lib/python3.8/site-packages/airflow/example_dags/example_xcomargs.py
[2025-12-07T16:08:53.199+0000] {processor.py:830} INFO - Processing file /home/airflow/.local/lib/python3.8/site-packages/airflow/example_dags/example_xcomargs.py for tasks to queue
[2025-12-07T16:08:53.203+0000] {logging_mixin.py:188} INFO - [2025-12-07T16:08:53.203+0000] {dagbag.py:538} INFO - Filling up the DagBag from /home/airflow/.local/lib/python3.8/site-packages/airflow/example_dags/example_xcomargs.py
[2025-12-07T16:08:53.219+0000] {processor.py:840} INFO - DAG(s) 'example_xcom_args', 'example_xcom_args_with_operators' retrieved from /home/airflow/.local/lib/python3.8/site-packages/airflow/example_dags/example_xcomargs.py
[2025-12-07T16:08:53.258+0000] {logging_mixin.py:188} INFO - [2025-12-07T16:08:53.258+0000] {dag.py:3036} INFO - Sync 2 DAGs
[2025-12-07T16:08:53.276+0000] {logging_mixin.py:188} INFO - [2025-12-07T16:08:53.276+0000] {dag.py:3823} INFO - Setting next_dagrun for example_xcom_args to None, run_after=None
[2025-12-07T16:08:53.281+0000] {logging_mixin.py:188} INFO - [2025-12-07T16:08:53.280+0000] {dag.py:3823} INFO - Setting next_dagrun for example_xcom_args_with_operators to None, run_after=None
[2025-12-07T16:08:53.310+0000] {processor.py:183} INFO - Processing /home/airflow/.local/lib/python3.8/site-packages/airflow/example_dags/example_xcomargs.py took 0.118 seconds
[2025-12-07T16:09:23.584+0000] {processor.py:161} INFO - Started process (PID=1658) to work on /home/airflow/.local/lib/python3.8/site-packages/airflow/example_dags/example_xcomargs.py
[2025-12-07T16:09:23.585+0000] {processor.py:830} INFO - Processing file /home/airflow/.local/lib/python3.8/site-packages/airflow/example_dags/example_xcomargs.py for tasks to queue
[2025-12-07T16:09:23.588+0000] {logging_mixin.py:188} INFO - [2025-12-07T16:09:23.587+0000] {dagbag.py:538} INFO - Filling up the DagBag from /home/airflow/.local/lib/python3.8/site-packages/airflow/example_dags/example_xcomargs.py
[2025-12-07T16:09:23.598+0000] {processor.py:840} INFO - DAG(s) 'example_xcom_args_with_operators', 'example_xcom_args' retrieved from /home/airflow/.local/lib/python3.8/site-packages/airflow/example_dags/example_xcomargs.py
[2025-12-07T16:09:23.635+0000] {logging_mixin.py:188} INFO - [2025-12-07T16:09:23.634+0000] {dag.py:3036} INFO - Sync 2 DAGs
[2025-12-07T16:09:23.650+0000] {logging_mixin.py:188} INFO - [2025-12-07T16:09:23.650+0000] {dag.py:3823} INFO - Setting next_dagrun for example_xcom_args to None, run_after=None
[2025-12-07T16:09:23.655+0000] {logging_mixin.py:188} INFO - [2025-12-07T16:09:23.655+0000] {dag.py:3823} INFO - Setting next_dagrun for example_xcom_args_with_operators to None, run_after=None
[2025-12-07T16:09:23.678+0000] {processor.py:183} INFO - Processing /home/airflow/.local/lib/python3.8/site-packages/airflow/example_dags/example_xcomargs.py took 0.099 seconds
[2025-12-07T16:09:53.965+0000] {processor.py:161} INFO - Started process (PID=1719) to work on /home/airflow/.local/lib/python3.8/site-packages/airflow/example_dags/example_xcomargs.py
[2025-12-07T16:09:53.966+0000] {processor.py:830} INFO - Processing file /home/airflow/.local/lib/python3.8/site-packages/airflow/example_dags/example_xcomargs.py for tasks to queue
[2025-12-07T16:09:53.969+0000] {logging_mixin.py:188} INFO - [2025-12-07T16:09:53.969+0000] {dagbag.py:538} INFO - Filling up the DagBag from /home/airflow/.local/lib/python3.8/site-packages/airflow/example_dags/example_xcomargs.py
[2025-12-07T16:09:53.980+0000] {processor.py:840} INFO - DAG(s) 'example_xcom_args', 'example_xcom_args_with_operators' retrieved from /home/airflow/.local/lib/python3.8/site-packages/airflow/example_dags/example_xcomargs.py
[2025-12-07T16:09:54.013+0000] {logging_mixin.py:188} INFO - [2025-12-07T16:09:54.013+0000] {dag.py:3036} INFO - Sync 2 DAGs
[2025-12-07T16:09:54.029+0000] {logging_mixin.py:188} INFO - [2025-12-07T16:09:54.029+0000] {dag.py:3823} INFO - Setting next_dagrun for example_xcom_args to None, run_after=None
[2025-12-07T16:09:54.035+0000] {logging_mixin.py:188} INFO - [2025-12-07T16:09:54.034+0000] {dag.py:3823} INFO - Setting next_dagrun for example_xcom_args_with_operators to None, run_after=None
[2025-12-07T16:09:54.062+0000] {processor.py:183} INFO - Processing /home/airflow/.local/lib/python3.8/site-packages/airflow/example_dags/example_xcomargs.py took 0.101 seconds
[2025-12-07T16:10:24.152+0000] {processor.py:161} INFO - Started process (PID=1780) to work on /home/airflow/.local/lib/python3.8/site-packages/airflow/example_dags/example_xcomargs.py
[2025-12-07T16:10:24.154+0000] {processor.py:830} INFO - Processing file /home/airflow/.local/lib/python3.8/site-packages/airflow/example_dags/example_xcomargs.py for tasks to queue
[2025-12-07T16:10:24.157+0000] {logging_mixin.py:188} INFO - [2025-12-07T16:10:24.156+0000] {dagbag.py:538} INFO - Filling up the DagBag from /home/airflow/.local/lib/python3.8/site-packages/airflow/example_dags/example_xcomargs.py
[2025-12-07T16:10:24.176+0000] {processor.py:840} INFO - DAG(s) 'example_xcom_args', 'example_xcom_args_with_operators' retrieved from /home/airflow/.local/lib/python3.8/site-packages/airflow/example_dags/example_xcomargs.py
[2025-12-07T16:10:24.222+0000] {logging_mixin.py:188} INFO - [2025-12-07T16:10:24.222+0000] {dag.py:3036} INFO - Sync 2 DAGs
[2025-12-07T16:10:24.294+0000] {logging_mixin.py:188} INFO - [2025-12-07T16:10:24.294+0000] {dag.py:3823} INFO - Setting next_dagrun for example_xcom_args to None, run_after=None
[2025-12-07T16:10:24.302+0000] {logging_mixin.py:188} INFO - [2025-12-07T16:10:24.302+0000] {dag.py:3823} INFO - Setting next_dagrun for example_xcom_args_with_operators to None, run_after=None
[2025-12-07T16:10:24.332+0000] {processor.py:183} INFO - Processing /home/airflow/.local/lib/python3.8/site-packages/airflow/example_dags/example_xcomargs.py took 0.185 seconds
[2025-12-07T16:10:54.865+0000] {processor.py:161} INFO - Started process (PID=1841) to work on /home/airflow/.local/lib/python3.8/site-packages/airflow/example_dags/example_xcomargs.py
[2025-12-07T16:10:54.866+0000] {processor.py:830} INFO - Processing file /home/airflow/.local/lib/python3.8/site-packages/airflow/example_dags/example_xcomargs.py for tasks to queue
[2025-12-07T16:10:54.869+0000] {logging_mixin.py:188} INFO - [2025-12-07T16:10:54.868+0000] {dagbag.py:538} INFO - Filling up the DagBag from /home/airflow/.local/lib/python3.8/site-packages/airflow/example_dags/example_xcomargs.py
[2025-12-07T16:10:54.879+0000] {processor.py:840} INFO - DAG(s) 'example_xcom_args_with_operators', 'example_xcom_args' retrieved from /home/airflow/.local/lib/python3.8/site-packages/airflow/example_dags/example_xcomargs.py
[2025-12-07T16:10:54.913+0000] {logging_mixin.py:188} INFO - [2025-12-07T16:10:54.913+0000] {dag.py:3036} INFO - Sync 2 DAGs
[2025-12-07T16:10:54.928+0000] {logging_mixin.py:188} INFO - [2025-12-07T16:10:54.928+0000] {dag.py:3823} INFO - Setting next_dagrun for example_xcom_args to None, run_after=None
[2025-12-07T16:10:54.933+0000] {logging_mixin.py:188} INFO - [2025-12-07T16:10:54.933+0000] {dag.py:3823} INFO - Setting next_dagrun for example_xcom_args_with_operators to None, run_after=None
[2025-12-07T16:10:54.964+0000] {processor.py:183} INFO - Processing /home/airflow/.local/lib/python3.8/site-packages/airflow/example_dags/example_xcomargs.py took 0.104 seconds
[2025-12-07T16:11:25.156+0000] {processor.py:161} INFO - Started process (PID=1902) to work on /home/airflow/.local/lib/python3.8/site-packages/airflow/example_dags/example_xcomargs.py
[2025-12-07T16:11:25.157+0000] {processor.py:830} INFO - Processing file /home/airflow/.local/lib/python3.8/site-packages/airflow/example_dags/example_xcomargs.py for tasks to queue
[2025-12-07T16:11:25.160+0000] {logging_mixin.py:188} INFO - [2025-12-07T16:11:25.160+0000] {dagbag.py:538} INFO - Filling up the DagBag from /home/airflow/.local/lib/python3.8/site-packages/airflow/example_dags/example_xcomargs.py
[2025-12-07T16:11:25.171+0000] {processor.py:840} INFO - DAG(s) 'example_xcom_args', 'example_xcom_args_with_operators' retrieved from /home/airflow/.local/lib/python3.8/site-packages/airflow/example_dags/example_xcomargs.py
[2025-12-07T16:11:25.209+0000] {logging_mixin.py:188} INFO - [2025-12-07T16:11:25.209+0000] {dag.py:3036} INFO - Sync 2 DAGs
[2025-12-07T16:11:25.225+0000] {logging_mixin.py:188} INFO - [2025-12-07T16:11:25.225+0000] {dag.py:3823} INFO - Setting next_dagrun for example_xcom_args to None, run_after=None
[2025-12-07T16:11:25.230+0000] {logging_mixin.py:188} INFO - [2025-12-07T16:11:25.230+0000] {dag.py:3823} INFO - Setting next_dagrun for example_xcom_args_with_operators to None, run_after=None
[2025-12-07T16:11:25.257+0000] {processor.py:183} INFO - Processing /home/airflow/.local/lib/python3.8/site-packages/airflow/example_dags/example_xcomargs.py took 0.106 seconds
[2025-12-07T16:11:55.567+0000] {processor.py:161} INFO - Started process (PID=1963) to work on /home/airflow/.local/lib/python3.8/site-packages/airflow/example_dags/example_xcomargs.py
[2025-12-07T16:11:55.569+0000] {processor.py:830} INFO - Processing file /home/airflow/.local/lib/python3.8/site-packages/airflow/example_dags/example_xcomargs.py for tasks to queue
[2025-12-07T16:11:55.572+0000] {logging_mixin.py:188} INFO - [2025-12-07T16:11:55.571+0000] {dagbag.py:538} INFO - Filling up the DagBag from /home/airflow/.local/lib/python3.8/site-packages/airflow/example_dags/example_xcomargs.py
[2025-12-07T16:11:55.583+0000] {processor.py:840} INFO - DAG(s) 'example_xcom_args', 'example_xcom_args_with_operators' retrieved from /home/airflow/.local/lib/python3.8/site-packages/airflow/example_dags/example_xcomargs.py
[2025-12-07T16:11:55.632+0000] {logging_mixin.py:188} INFO - [2025-12-07T16:11:55.631+0000] {dag.py:3036} INFO - Sync 2 DAGs
[2025-12-07T16:11:55.657+0000] {logging_mixin.py:188} INFO - [2025-12-07T16:11:55.657+0000] {dag.py:3823} INFO - Setting next_dagrun for example_xcom_args to None, run_after=None
[2025-12-07T16:11:55.663+0000] {logging_mixin.py:188} INFO - [2025-12-07T16:11:55.662+0000] {dag.py:3823} INFO - Setting next_dagrun for example_xcom_args_with_operators to None, run_after=None
[2025-12-07T16:11:55.694+0000] {processor.py:183} INFO - Processing /home/airflow/.local/lib/python3.8/site-packages/airflow/example_dags/example_xcomargs.py took 0.132 seconds
[2025-12-07T16:12:26.499+0000] {processor.py:161} INFO - Started process (PID=2024) to work on /home/airflow/.local/lib/python3.8/site-packages/airflow/example_dags/example_xcomargs.py
[2025-12-07T16:12:26.500+0000] {processor.py:830} INFO - Processing file /home/airflow/.local/lib/python3.8/site-packages/airflow/example_dags/example_xcomargs.py for tasks to queue
[2025-12-07T16:12:26.503+0000] {logging_mixin.py:188} INFO - [2025-12-07T16:12:26.503+0000] {dagbag.py:538} INFO - Filling up the DagBag from /home/airflow/.local/lib/python3.8/site-packages/airflow/example_dags/example_xcomargs.py
[2025-12-07T16:12:26.514+0000] {processor.py:840} INFO - DAG(s) 'example_xcom_args_with_operators', 'example_xcom_args' retrieved from /home/airflow/.local/lib/python3.8/site-packages/airflow/example_dags/example_xcomargs.py
[2025-12-07T16:12:26.547+0000] {logging_mixin.py:188} INFO - [2025-12-07T16:12:26.546+0000] {dag.py:3036} INFO - Sync 2 DAGs
[2025-12-07T16:12:26.563+0000] {logging_mixin.py:188} INFO - [2025-12-07T16:12:26.563+0000] {dag.py:3823} INFO - Setting next_dagrun for example_xcom_args to None, run_after=None
[2025-12-07T16:12:26.568+0000] {logging_mixin.py:188} INFO - [2025-12-07T16:12:26.567+0000] {dag.py:3823} INFO - Setting next_dagrun for example_xcom_args_with_operators to None, run_after=None
[2025-12-07T16:12:26.592+0000] {processor.py:183} INFO - Processing /home/airflow/.local/lib/python3.8/site-packages/airflow/example_dags/example_xcomargs.py took 0.099 seconds
[2025-12-07T16:12:57.306+0000] {processor.py:161} INFO - Started process (PID=2085) to work on /home/airflow/.local/lib/python3.8/site-packages/airflow/example_dags/example_xcomargs.py
[2025-12-07T16:12:57.307+0000] {processor.py:830} INFO - Processing file /home/airflow/.local/lib/python3.8/site-packages/airflow/example_dags/example_xcomargs.py for tasks to queue
[2025-12-07T16:12:57.310+0000] {logging_mixin.py:188} INFO - [2025-12-07T16:12:57.310+0000] {dagbag.py:538} INFO - Filling up the DagBag from /home/airflow/.local/lib/python3.8/site-packages/airflow/example_dags/example_xcomargs.py
[2025-12-07T16:12:57.322+0000] {processor.py:840} INFO - DAG(s) 'example_xcom_args', 'example_xcom_args_with_operators' retrieved from /home/airflow/.local/lib/python3.8/site-packages/airflow/example_dags/example_xcomargs.py
[2025-12-07T16:12:57.358+0000] {logging_mixin.py:188} INFO - [2025-12-07T16:12:57.358+0000] {dag.py:3036} INFO - Sync 2 DAGs
[2025-12-07T16:12:57.377+0000] {logging_mixin.py:188} INFO - [2025-12-07T16:12:57.376+0000] {dag.py:3823} INFO - Setting next_dagrun for example_xcom_args to None, run_after=None
[2025-12-07T16:12:57.383+0000] {logging_mixin.py:188} INFO - [2025-12-07T16:12:57.383+0000] {dag.py:3823} INFO - Setting next_dagrun for example_xcom_args_with_operators to None, run_after=None
[2025-12-07T16:12:57.413+0000] {processor.py:183} INFO - Processing /home/airflow/.local/lib/python3.8/site-packages/airflow/example_dags/example_xcomargs.py took 0.111 seconds
[2025-12-07T16:13:27.848+0000] {processor.py:161} INFO - Started process (PID=2146) to work on /home/airflow/.local/lib/python3.8/site-packages/airflow/example_dags/example_xcomargs.py
[2025-12-07T16:13:27.850+0000] {processor.py:830} INFO - Processing file /home/airflow/.local/lib/python3.8/site-packages/airflow/example_dags/example_xcomargs.py for tasks to queue
[2025-12-07T16:13:27.855+0000] {logging_mixin.py:188} INFO - [2025-12-07T16:13:27.854+0000] {dagbag.py:538} INFO - Filling up the DagBag from /home/airflow/.local/lib/python3.8/site-packages/airflow/example_dags/example_xcomargs.py
[2025-12-07T16:13:27.869+0000] {processor.py:840} INFO - DAG(s) 'example_xcom_args', 'example_xcom_args_with_operators' retrieved from /home/airflow/.local/lib/python3.8/site-packages/airflow/example_dags/example_xcomargs.py
[2025-12-07T16:13:27.909+0000] {logging_mixin.py:188} INFO - [2025-12-07T16:13:27.909+0000] {dag.py:3036} INFO - Sync 2 DAGs
[2025-12-07T16:13:27.930+0000] {logging_mixin.py:188} INFO - [2025-12-07T16:13:27.929+0000] {dag.py:3823} INFO - Setting next_dagrun for example_xcom_args to None, run_after=None
[2025-12-07T16:13:27.937+0000] {logging_mixin.py:188} INFO - [2025-12-07T16:13:27.937+0000] {dag.py:3823} INFO - Setting next_dagrun for example_xcom_args_with_operators to None, run_after=None
[2025-12-07T16:13:27.974+0000] {processor.py:183} INFO - Processing /home/airflow/.local/lib/python3.8/site-packages/airflow/example_dags/example_xcomargs.py took 0.132 seconds
[2025-12-07T16:13:58.553+0000] {processor.py:161} INFO - Started process (PID=2208) to work on /home/airflow/.local/lib/python3.8/site-packages/airflow/example_dags/example_xcomargs.py
[2025-12-07T16:13:58.555+0000] {processor.py:830} INFO - Processing file /home/airflow/.local/lib/python3.8/site-packages/airflow/example_dags/example_xcomargs.py for tasks to queue
[2025-12-07T16:13:58.558+0000] {logging_mixin.py:188} INFO - [2025-12-07T16:13:58.558+0000] {dagbag.py:538} INFO - Filling up the DagBag from /home/airflow/.local/lib/python3.8/site-packages/airflow/example_dags/example_xcomargs.py
[2025-12-07T16:13:58.571+0000] {processor.py:840} INFO - DAG(s) 'example_xcom_args', 'example_xcom_args_with_operators' retrieved from /home/airflow/.local/lib/python3.8/site-packages/airflow/example_dags/example_xcomargs.py
[2025-12-07T16:13:58.618+0000] {logging_mixin.py:188} INFO - [2025-12-07T16:13:58.618+0000] {dag.py:3036} INFO - Sync 2 DAGs
[2025-12-07T16:13:58.637+0000] {logging_mixin.py:188} INFO - [2025-12-07T16:13:58.637+0000] {dag.py:3823} INFO - Setting next_dagrun for example_xcom_args to None, run_after=None
[2025-12-07T16:13:58.645+0000] {logging_mixin.py:188} INFO - [2025-12-07T16:13:58.645+0000] {dag.py:3823} INFO - Setting next_dagrun for example_xcom_args_with_operators to None, run_after=None
[2025-12-07T16:13:58.679+0000] {processor.py:183} INFO - Processing /home/airflow/.local/lib/python3.8/site-packages/airflow/example_dags/example_xcomargs.py took 0.132 seconds
[2025-12-07T16:14:29.012+0000] {processor.py:161} INFO - Started process (PID=2269) to work on /home/airflow/.local/lib/python3.8/site-packages/airflow/example_dags/example_xcomargs.py
[2025-12-07T16:14:29.014+0000] {processor.py:830} INFO - Processing file /home/airflow/.local/lib/python3.8/site-packages/airflow/example_dags/example_xcomargs.py for tasks to queue
[2025-12-07T16:14:29.017+0000] {logging_mixin.py:188} INFO - [2025-12-07T16:14:29.016+0000] {dagbag.py:538} INFO - Filling up the DagBag from /home/airflow/.local/lib/python3.8/site-packages/airflow/example_dags/example_xcomargs.py
[2025-12-07T16:14:29.028+0000] {processor.py:840} INFO - DAG(s) 'example_xcom_args', 'example_xcom_args_with_operators' retrieved from /home/airflow/.local/lib/python3.8/site-packages/airflow/example_dags/example_xcomargs.py
[2025-12-07T16:14:29.062+0000] {logging_mixin.py:188} INFO - [2025-12-07T16:14:29.062+0000] {dag.py:3036} INFO - Sync 2 DAGs
[2025-12-07T16:14:29.083+0000] {logging_mixin.py:188} INFO - [2025-12-07T16:14:29.083+0000] {dag.py:3823} INFO - Setting next_dagrun for example_xcom_args to None, run_after=None
[2025-12-07T16:14:29.092+0000] {logging_mixin.py:188} INFO - [2025-12-07T16:14:29.091+0000] {dag.py:3823} INFO - Setting next_dagrun for example_xcom_args_with_operators to None, run_after=None
[2025-12-07T16:14:29.119+0000] {processor.py:183} INFO - Processing /home/airflow/.local/lib/python3.8/site-packages/airflow/example_dags/example_xcomargs.py took 0.112 seconds
[2025-12-07T16:14:59.828+0000] {processor.py:161} INFO - Started process (PID=2330) to work on /home/airflow/.local/lib/python3.8/site-packages/airflow/example_dags/example_xcomargs.py
[2025-12-07T16:14:59.829+0000] {processor.py:830} INFO - Processing file /home/airflow/.local/lib/python3.8/site-packages/airflow/example_dags/example_xcomargs.py for tasks to queue
[2025-12-07T16:14:59.832+0000] {logging_mixin.py:188} INFO - [2025-12-07T16:14:59.831+0000] {dagbag.py:538} INFO - Filling up the DagBag from /home/airflow/.local/lib/python3.8/site-packages/airflow/example_dags/example_xcomargs.py
[2025-12-07T16:14:59.842+0000] {processor.py:840} INFO - DAG(s) 'example_xcom_args_with_operators', 'example_xcom_args' retrieved from /home/airflow/.local/lib/python3.8/site-packages/airflow/example_dags/example_xcomargs.py
[2025-12-07T16:14:59.874+0000] {logging_mixin.py:188} INFO - [2025-12-07T16:14:59.873+0000] {dag.py:3036} INFO - Sync 2 DAGs
[2025-12-07T16:14:59.888+0000] {logging_mixin.py:188} INFO - [2025-12-07T16:14:59.887+0000] {dag.py:3823} INFO - Setting next_dagrun for example_xcom_args to None, run_after=None
[2025-12-07T16:14:59.892+0000] {logging_mixin.py:188} INFO - [2025-12-07T16:14:59.892+0000] {dag.py:3823} INFO - Setting next_dagrun for example_xcom_args_with_operators to None, run_after=None
[2025-12-07T16:14:59.919+0000] {processor.py:183} INFO - Processing /home/airflow/.local/lib/python3.8/site-packages/airflow/example_dags/example_xcomargs.py took 0.096 seconds
[2025-12-07T16:15:30.095+0000] {processor.py:161} INFO - Started process (PID=2391) to work on /home/airflow/.local/lib/python3.8/site-packages/airflow/example_dags/example_xcomargs.py
[2025-12-07T16:15:30.096+0000] {processor.py:830} INFO - Processing file /home/airflow/.local/lib/python3.8/site-packages/airflow/example_dags/example_xcomargs.py for tasks to queue
[2025-12-07T16:15:30.099+0000] {logging_mixin.py:188} INFO - [2025-12-07T16:15:30.098+0000] {dagbag.py:538} INFO - Filling up the DagBag from /home/airflow/.local/lib/python3.8/site-packages/airflow/example_dags/example_xcomargs.py
[2025-12-07T16:15:30.110+0000] {processor.py:840} INFO - DAG(s) 'example_xcom_args_with_operators', 'example_xcom_args' retrieved from /home/airflow/.local/lib/python3.8/site-packages/airflow/example_dags/example_xcomargs.py
[2025-12-07T16:15:30.155+0000] {logging_mixin.py:188} INFO - [2025-12-07T16:15:30.155+0000] {dag.py:3036} INFO - Sync 2 DAGs
[2025-12-07T16:15:30.170+0000] {logging_mixin.py:188} INFO - [2025-12-07T16:15:30.170+0000] {dag.py:3823} INFO - Setting next_dagrun for example_xcom_args to None, run_after=None
[2025-12-07T16:15:30.177+0000] {logging_mixin.py:188} INFO - [2025-12-07T16:15:30.176+0000] {dag.py:3823} INFO - Setting next_dagrun for example_xcom_args_with_operators to None, run_after=None
[2025-12-07T16:15:30.226+0000] {processor.py:183} INFO - Processing /home/airflow/.local/lib/python3.8/site-packages/airflow/example_dags/example_xcomargs.py took 0.133 seconds
[2025-12-07T16:16:01.008+0000] {processor.py:161} INFO - Started process (PID=2452) to work on /home/airflow/.local/lib/python3.8/site-packages/airflow/example_dags/example_xcomargs.py
[2025-12-07T16:16:01.009+0000] {processor.py:830} INFO - Processing file /home/airflow/.local/lib/python3.8/site-packages/airflow/example_dags/example_xcomargs.py for tasks to queue
[2025-12-07T16:16:01.011+0000] {logging_mixin.py:188} INFO - [2025-12-07T16:16:01.011+0000] {dagbag.py:538} INFO - Filling up the DagBag from /home/airflow/.local/lib/python3.8/site-packages/airflow/example_dags/example_xcomargs.py
[2025-12-07T16:16:01.021+0000] {processor.py:840} INFO - DAG(s) 'example_xcom_args', 'example_xcom_args_with_operators' retrieved from /home/airflow/.local/lib/python3.8/site-packages/airflow/example_dags/example_xcomargs.py
[2025-12-07T16:16:01.055+0000] {logging_mixin.py:188} INFO - [2025-12-07T16:16:01.054+0000] {dag.py:3036} INFO - Sync 2 DAGs
[2025-12-07T16:16:01.069+0000] {logging_mixin.py:188} INFO - [2025-12-07T16:16:01.069+0000] {dag.py:3823} INFO - Setting next_dagrun for example_xcom_args to None, run_after=None
[2025-12-07T16:16:01.074+0000] {logging_mixin.py:188} INFO - [2025-12-07T16:16:01.073+0000] {dag.py:3823} INFO - Setting next_dagrun for example_xcom_args_with_operators to None, run_after=None
[2025-12-07T16:16:01.096+0000] {processor.py:183} INFO - Processing /home/airflow/.local/lib/python3.8/site-packages/airflow/example_dags/example_xcomargs.py took 0.093 seconds
[2025-12-07T16:16:31.307+0000] {processor.py:161} INFO - Started process (PID=2513) to work on /home/airflow/.local/lib/python3.8/site-packages/airflow/example_dags/example_xcomargs.py
[2025-12-07T16:16:31.308+0000] {processor.py:830} INFO - Processing file /home/airflow/.local/lib/python3.8/site-packages/airflow/example_dags/example_xcomargs.py for tasks to queue
[2025-12-07T16:16:31.311+0000] {logging_mixin.py:188} INFO - [2025-12-07T16:16:31.310+0000] {dagbag.py:538} INFO - Filling up the DagBag from /home/airflow/.local/lib/python3.8/site-packages/airflow/example_dags/example_xcomargs.py
[2025-12-07T16:16:31.320+0000] {processor.py:840} INFO - DAG(s) 'example_xcom_args_with_operators', 'example_xcom_args' retrieved from /home/airflow/.local/lib/python3.8/site-packages/airflow/example_dags/example_xcomargs.py
[2025-12-07T16:16:31.357+0000] {logging_mixin.py:188} INFO - [2025-12-07T16:16:31.357+0000] {dag.py:3036} INFO - Sync 2 DAGs
[2025-12-07T16:16:31.372+0000] {logging_mixin.py:188} INFO - [2025-12-07T16:16:31.371+0000] {dag.py:3823} INFO - Setting next_dagrun for example_xcom_args to None, run_after=None
[2025-12-07T16:16:31.376+0000] {logging_mixin.py:188} INFO - [2025-12-07T16:16:31.376+0000] {dag.py:3823} INFO - Setting next_dagrun for example_xcom_args_with_operators to None, run_after=None
[2025-12-07T16:16:31.407+0000] {processor.py:183} INFO - Processing /home/airflow/.local/lib/python3.8/site-packages/airflow/example_dags/example_xcomargs.py took 0.104 seconds
[2025-12-07T16:17:01.923+0000] {processor.py:161} INFO - Started process (PID=2574) to work on /home/airflow/.local/lib/python3.8/site-packages/airflow/example_dags/example_xcomargs.py
[2025-12-07T16:17:01.925+0000] {processor.py:830} INFO - Processing file /home/airflow/.local/lib/python3.8/site-packages/airflow/example_dags/example_xcomargs.py for tasks to queue
[2025-12-07T16:17:01.930+0000] {logging_mixin.py:188} INFO - [2025-12-07T16:17:01.929+0000] {dagbag.py:538} INFO - Filling up the DagBag from /home/airflow/.local/lib/python3.8/site-packages/airflow/example_dags/example_xcomargs.py
[2025-12-07T16:17:01.952+0000] {processor.py:840} INFO - DAG(s) 'example_xcom_args_with_operators', 'example_xcom_args' retrieved from /home/airflow/.local/lib/python3.8/site-packages/airflow/example_dags/example_xcomargs.py
[2025-12-07T16:17:02.192+0000] {logging_mixin.py:188} INFO - [2025-12-07T16:17:02.191+0000] {dag.py:3036} INFO - Sync 2 DAGs
[2025-12-07T16:17:02.208+0000] {logging_mixin.py:188} INFO - [2025-12-07T16:17:02.208+0000] {dag.py:3823} INFO - Setting next_dagrun for example_xcom_args to None, run_after=None
[2025-12-07T16:17:02.214+0000] {logging_mixin.py:188} INFO - [2025-12-07T16:17:02.213+0000] {dag.py:3823} INFO - Setting next_dagrun for example_xcom_args_with_operators to None, run_after=None
[2025-12-07T16:17:02.243+0000] {processor.py:183} INFO - Processing /home/airflow/.local/lib/python3.8/site-packages/airflow/example_dags/example_xcomargs.py took 0.325 seconds
[2025-12-07T16:17:32.555+0000] {processor.py:161} INFO - Started process (PID=2635) to work on /home/airflow/.local/lib/python3.8/site-packages/airflow/example_dags/example_xcomargs.py
[2025-12-07T16:17:32.557+0000] {processor.py:830} INFO - Processing file /home/airflow/.local/lib/python3.8/site-packages/airflow/example_dags/example_xcomargs.py for tasks to queue
[2025-12-07T16:17:32.559+0000] {logging_mixin.py:188} INFO - [2025-12-07T16:17:32.559+0000] {dagbag.py:538} INFO - Filling up the DagBag from /home/airflow/.local/lib/python3.8/site-packages/airflow/example_dags/example_xcomargs.py
[2025-12-07T16:17:32.570+0000] {processor.py:840} INFO - DAG(s) 'example_xcom_args_with_operators', 'example_xcom_args' retrieved from /home/airflow/.local/lib/python3.8/site-packages/airflow/example_dags/example_xcomargs.py
[2025-12-07T16:17:32.603+0000] {logging_mixin.py:188} INFO - [2025-12-07T16:17:32.603+0000] {dag.py:3036} INFO - Sync 2 DAGs
[2025-12-07T16:17:32.774+0000] {logging_mixin.py:188} INFO - [2025-12-07T16:17:32.773+0000] {dag.py:3823} INFO - Setting next_dagrun for example_xcom_args to None, run_after=None
[2025-12-07T16:17:32.781+0000] {logging_mixin.py:188} INFO - [2025-12-07T16:17:32.781+0000] {dag.py:3823} INFO - Setting next_dagrun for example_xcom_args_with_operators to None, run_after=None
[2025-12-07T16:17:32.810+0000] {processor.py:183} INFO - Processing /home/airflow/.local/lib/python3.8/site-packages/airflow/example_dags/example_xcomargs.py took 0.259 seconds
[2025-12-07T16:18:03.507+0000] {processor.py:161} INFO - Started process (PID=2696) to work on /home/airflow/.local/lib/python3.8/site-packages/airflow/example_dags/example_xcomargs.py
[2025-12-07T16:18:03.508+0000] {processor.py:830} INFO - Processing file /home/airflow/.local/lib/python3.8/site-packages/airflow/example_dags/example_xcomargs.py for tasks to queue
[2025-12-07T16:18:03.511+0000] {logging_mixin.py:188} INFO - [2025-12-07T16:18:03.510+0000] {dagbag.py:538} INFO - Filling up the DagBag from /home/airflow/.local/lib/python3.8/site-packages/airflow/example_dags/example_xcomargs.py
[2025-12-07T16:18:03.523+0000] {processor.py:840} INFO - DAG(s) 'example_xcom_args', 'example_xcom_args_with_operators' retrieved from /home/airflow/.local/lib/python3.8/site-packages/airflow/example_dags/example_xcomargs.py
[2025-12-07T16:18:03.560+0000] {logging_mixin.py:188} INFO - [2025-12-07T16:18:03.560+0000] {dag.py:3036} INFO - Sync 2 DAGs
[2025-12-07T16:18:03.578+0000] {logging_mixin.py:188} INFO - [2025-12-07T16:18:03.578+0000] {dag.py:3823} INFO - Setting next_dagrun for example_xcom_args to None, run_after=None
[2025-12-07T16:18:03.585+0000] {logging_mixin.py:188} INFO - [2025-12-07T16:18:03.585+0000] {dag.py:3823} INFO - Setting next_dagrun for example_xcom_args_with_operators to None, run_after=None
[2025-12-07T16:18:03.616+0000] {processor.py:183} INFO - Processing /home/airflow/.local/lib/python3.8/site-packages/airflow/example_dags/example_xcomargs.py took 0.115 seconds
[2025-12-07T16:18:33.809+0000] {processor.py:161} INFO - Started process (PID=2757) to work on /home/airflow/.local/lib/python3.8/site-packages/airflow/example_dags/example_xcomargs.py
[2025-12-07T16:18:33.811+0000] {processor.py:830} INFO - Processing file /home/airflow/.local/lib/python3.8/site-packages/airflow/example_dags/example_xcomargs.py for tasks to queue
[2025-12-07T16:18:33.813+0000] {logging_mixin.py:188} INFO - [2025-12-07T16:18:33.813+0000] {dagbag.py:538} INFO - Filling up the DagBag from /home/airflow/.local/lib/python3.8/site-packages/airflow/example_dags/example_xcomargs.py
[2025-12-07T16:18:33.825+0000] {processor.py:840} INFO - DAG(s) 'example_xcom_args_with_operators', 'example_xcom_args' retrieved from /home/airflow/.local/lib/python3.8/site-packages/airflow/example_dags/example_xcomargs.py
[2025-12-07T16:18:33.860+0000] {logging_mixin.py:188} INFO - [2025-12-07T16:18:33.859+0000] {dag.py:3036} INFO - Sync 2 DAGs
[2025-12-07T16:18:33.878+0000] {logging_mixin.py:188} INFO - [2025-12-07T16:18:33.878+0000] {dag.py:3823} INFO - Setting next_dagrun for example_xcom_args to None, run_after=None
[2025-12-07T16:18:33.885+0000] {logging_mixin.py:188} INFO - [2025-12-07T16:18:33.885+0000] {dag.py:3823} INFO - Setting next_dagrun for example_xcom_args_with_operators to None, run_after=None
[2025-12-07T16:18:33.910+0000] {processor.py:183} INFO - Processing /home/airflow/.local/lib/python3.8/site-packages/airflow/example_dags/example_xcomargs.py took 0.106 seconds
[2025-12-07T16:19:04.107+0000] {processor.py:161} INFO - Started process (PID=2818) to work on /home/airflow/.local/lib/python3.8/site-packages/airflow/example_dags/example_xcomargs.py
[2025-12-07T16:19:04.108+0000] {processor.py:830} INFO - Processing file /home/airflow/.local/lib/python3.8/site-packages/airflow/example_dags/example_xcomargs.py for tasks to queue
[2025-12-07T16:19:04.111+0000] {logging_mixin.py:188} INFO - [2025-12-07T16:19:04.110+0000] {dagbag.py:538} INFO - Filling up the DagBag from /home/airflow/.local/lib/python3.8/site-packages/airflow/example_dags/example_xcomargs.py
[2025-12-07T16:19:04.120+0000] {processor.py:840} INFO - DAG(s) 'example_xcom_args', 'example_xcom_args_with_operators' retrieved from /home/airflow/.local/lib/python3.8/site-packages/airflow/example_dags/example_xcomargs.py
[2025-12-07T16:19:04.152+0000] {logging_mixin.py:188} INFO - [2025-12-07T16:19:04.151+0000] {dag.py:3036} INFO - Sync 2 DAGs
[2025-12-07T16:19:04.165+0000] {logging_mixin.py:188} INFO - [2025-12-07T16:19:04.165+0000] {dag.py:3823} INFO - Setting next_dagrun for example_xcom_args to None, run_after=None
[2025-12-07T16:19:04.171+0000] {logging_mixin.py:188} INFO - [2025-12-07T16:19:04.170+0000] {dag.py:3823} INFO - Setting next_dagrun for example_xcom_args_with_operators to None, run_after=None
[2025-12-07T16:19:04.194+0000] {processor.py:183} INFO - Processing /home/airflow/.local/lib/python3.8/site-packages/airflow/example_dags/example_xcomargs.py took 0.092 seconds
[2025-12-07T16:19:34.666+0000] {processor.py:161} INFO - Started process (PID=2879) to work on /home/airflow/.local/lib/python3.8/site-packages/airflow/example_dags/example_xcomargs.py
[2025-12-07T16:19:34.667+0000] {processor.py:830} INFO - Processing file /home/airflow/.local/lib/python3.8/site-packages/airflow/example_dags/example_xcomargs.py for tasks to queue
[2025-12-07T16:19:34.670+0000] {logging_mixin.py:188} INFO - [2025-12-07T16:19:34.670+0000] {dagbag.py:538} INFO - Filling up the DagBag from /home/airflow/.local/lib/python3.8/site-packages/airflow/example_dags/example_xcomargs.py
[2025-12-07T16:19:34.680+0000] {processor.py:840} INFO - DAG(s) 'example_xcom_args_with_operators', 'example_xcom_args' retrieved from /home/airflow/.local/lib/python3.8/site-packages/airflow/example_dags/example_xcomargs.py
[2025-12-07T16:19:34.714+0000] {logging_mixin.py:188} INFO - [2025-12-07T16:19:34.714+0000] {dag.py:3036} INFO - Sync 2 DAGs
[2025-12-07T16:19:34.730+0000] {logging_mixin.py:188} INFO - [2025-12-07T16:19:34.729+0000] {dag.py:3823} INFO - Setting next_dagrun for example_xcom_args to None, run_after=None
[2025-12-07T16:19:34.735+0000] {logging_mixin.py:188} INFO - [2025-12-07T16:19:34.734+0000] {dag.py:3823} INFO - Setting next_dagrun for example_xcom_args_with_operators to None, run_after=None
[2025-12-07T16:19:34.761+0000] {processor.py:183} INFO - Processing /home/airflow/.local/lib/python3.8/site-packages/airflow/example_dags/example_xcomargs.py took 0.100 seconds
[2025-12-07T16:20:05.232+0000] {processor.py:161} INFO - Started process (PID=2940) to work on /home/airflow/.local/lib/python3.8/site-packages/airflow/example_dags/example_xcomargs.py
[2025-12-07T16:20:05.233+0000] {processor.py:830} INFO - Processing file /home/airflow/.local/lib/python3.8/site-packages/airflow/example_dags/example_xcomargs.py for tasks to queue
[2025-12-07T16:20:05.236+0000] {logging_mixin.py:188} INFO - [2025-12-07T16:20:05.236+0000] {dagbag.py:538} INFO - Filling up the DagBag from /home/airflow/.local/lib/python3.8/site-packages/airflow/example_dags/example_xcomargs.py
[2025-12-07T16:20:05.251+0000] {processor.py:840} INFO - DAG(s) 'example_xcom_args_with_operators', 'example_xcom_args' retrieved from /home/airflow/.local/lib/python3.8/site-packages/airflow/example_dags/example_xcomargs.py
[2025-12-07T16:20:05.286+0000] {logging_mixin.py:188} INFO - [2025-12-07T16:20:05.286+0000] {dag.py:3036} INFO - Sync 2 DAGs
[2025-12-07T16:20:05.302+0000] {logging_mixin.py:188} INFO - [2025-12-07T16:20:05.302+0000] {dag.py:3823} INFO - Setting next_dagrun for example_xcom_args to None, run_after=None
[2025-12-07T16:20:05.307+0000] {logging_mixin.py:188} INFO - [2025-12-07T16:20:05.307+0000] {dag.py:3823} INFO - Setting next_dagrun for example_xcom_args_with_operators to None, run_after=None
[2025-12-07T16:20:05.333+0000] {processor.py:183} INFO - Processing /home/airflow/.local/lib/python3.8/site-packages/airflow/example_dags/example_xcomargs.py took 0.107 seconds
[2025-12-07T16:20:35.788+0000] {processor.py:161} INFO - Started process (PID=3001) to work on /home/airflow/.local/lib/python3.8/site-packages/airflow/example_dags/example_xcomargs.py
[2025-12-07T16:20:35.790+0000] {processor.py:830} INFO - Processing file /home/airflow/.local/lib/python3.8/site-packages/airflow/example_dags/example_xcomargs.py for tasks to queue
[2025-12-07T16:20:35.793+0000] {logging_mixin.py:188} INFO - [2025-12-07T16:20:35.792+0000] {dagbag.py:538} INFO - Filling up the DagBag from /home/airflow/.local/lib/python3.8/site-packages/airflow/example_dags/example_xcomargs.py
[2025-12-07T16:20:35.806+0000] {processor.py:840} INFO - DAG(s) 'example_xcom_args_with_operators', 'example_xcom_args' retrieved from /home/airflow/.local/lib/python3.8/site-packages/airflow/example_dags/example_xcomargs.py
[2025-12-07T16:20:35.843+0000] {logging_mixin.py:188} INFO - [2025-12-07T16:20:35.843+0000] {dag.py:3036} INFO - Sync 2 DAGs
[2025-12-07T16:20:35.861+0000] {logging_mixin.py:188} INFO - [2025-12-07T16:20:35.860+0000] {dag.py:3823} INFO - Setting next_dagrun for example_xcom_args to None, run_after=None
[2025-12-07T16:20:35.867+0000] {logging_mixin.py:188} INFO - [2025-12-07T16:20:35.866+0000] {dag.py:3823} INFO - Setting next_dagrun for example_xcom_args_with_operators to None, run_after=None
[2025-12-07T16:20:35.892+0000] {processor.py:183} INFO - Processing /home/airflow/.local/lib/python3.8/site-packages/airflow/example_dags/example_xcomargs.py took 0.109 seconds
[2025-12-07T16:21:06.346+0000] {processor.py:161} INFO - Started process (PID=3062) to work on /home/airflow/.local/lib/python3.8/site-packages/airflow/example_dags/example_xcomargs.py
[2025-12-07T16:21:06.347+0000] {processor.py:830} INFO - Processing file /home/airflow/.local/lib/python3.8/site-packages/airflow/example_dags/example_xcomargs.py for tasks to queue
[2025-12-07T16:21:06.350+0000] {logging_mixin.py:188} INFO - [2025-12-07T16:21:06.349+0000] {dagbag.py:538} INFO - Filling up the DagBag from /home/airflow/.local/lib/python3.8/site-packages/airflow/example_dags/example_xcomargs.py
[2025-12-07T16:21:06.359+0000] {processor.py:840} INFO - DAG(s) 'example_xcom_args', 'example_xcom_args_with_operators' retrieved from /home/airflow/.local/lib/python3.8/site-packages/airflow/example_dags/example_xcomargs.py
[2025-12-07T16:21:06.389+0000] {logging_mixin.py:188} INFO - [2025-12-07T16:21:06.389+0000] {dag.py:3036} INFO - Sync 2 DAGs
[2025-12-07T16:21:06.404+0000] {logging_mixin.py:188} INFO - [2025-12-07T16:21:06.404+0000] {dag.py:3823} INFO - Setting next_dagrun for example_xcom_args to None, run_after=None
[2025-12-07T16:21:06.408+0000] {logging_mixin.py:188} INFO - [2025-12-07T16:21:06.408+0000] {dag.py:3823} INFO - Setting next_dagrun for example_xcom_args_with_operators to None, run_after=None
[2025-12-07T16:21:06.431+0000] {processor.py:183} INFO - Processing /home/airflow/.local/lib/python3.8/site-packages/airflow/example_dags/example_xcomargs.py took 0.090 seconds
[2025-12-07T16:21:36.792+0000] {processor.py:161} INFO - Started process (PID=3123) to work on /home/airflow/.local/lib/python3.8/site-packages/airflow/example_dags/example_xcomargs.py
[2025-12-07T16:21:36.794+0000] {processor.py:830} INFO - Processing file /home/airflow/.local/lib/python3.8/site-packages/airflow/example_dags/example_xcomargs.py for tasks to queue
[2025-12-07T16:21:36.798+0000] {logging_mixin.py:188} INFO - [2025-12-07T16:21:36.797+0000] {dagbag.py:538} INFO - Filling up the DagBag from /home/airflow/.local/lib/python3.8/site-packages/airflow/example_dags/example_xcomargs.py
[2025-12-07T16:21:36.810+0000] {processor.py:840} INFO - DAG(s) 'example_xcom_args', 'example_xcom_args_with_operators' retrieved from /home/airflow/.local/lib/python3.8/site-packages/airflow/example_dags/example_xcomargs.py
[2025-12-07T16:21:36.848+0000] {logging_mixin.py:188} INFO - [2025-12-07T16:21:36.848+0000] {dag.py:3036} INFO - Sync 2 DAGs
[2025-12-07T16:21:36.867+0000] {logging_mixin.py:188} INFO - [2025-12-07T16:21:36.866+0000] {dag.py:3823} INFO - Setting next_dagrun for example_xcom_args to None, run_after=None
[2025-12-07T16:21:36.874+0000] {logging_mixin.py:188} INFO - [2025-12-07T16:21:36.874+0000] {dag.py:3823} INFO - Setting next_dagrun for example_xcom_args_with_operators to None, run_after=None
[2025-12-07T16:21:36.906+0000] {processor.py:183} INFO - Processing /home/airflow/.local/lib/python3.8/site-packages/airflow/example_dags/example_xcomargs.py took 0.119 seconds
[2025-12-07T16:22:07.472+0000] {processor.py:161} INFO - Started process (PID=3184) to work on /home/airflow/.local/lib/python3.8/site-packages/airflow/example_dags/example_xcomargs.py
[2025-12-07T16:22:07.473+0000] {processor.py:830} INFO - Processing file /home/airflow/.local/lib/python3.8/site-packages/airflow/example_dags/example_xcomargs.py for tasks to queue
[2025-12-07T16:22:07.476+0000] {logging_mixin.py:188} INFO - [2025-12-07T16:22:07.476+0000] {dagbag.py:538} INFO - Filling up the DagBag from /home/airflow/.local/lib/python3.8/site-packages/airflow/example_dags/example_xcomargs.py
[2025-12-07T16:22:07.489+0000] {processor.py:840} INFO - DAG(s) 'example_xcom_args_with_operators', 'example_xcom_args' retrieved from /home/airflow/.local/lib/python3.8/site-packages/airflow/example_dags/example_xcomargs.py
[2025-12-07T16:22:07.526+0000] {logging_mixin.py:188} INFO - [2025-12-07T16:22:07.525+0000] {dag.py:3036} INFO - Sync 2 DAGs
[2025-12-07T16:22:07.544+0000] {logging_mixin.py:188} INFO - [2025-12-07T16:22:07.544+0000] {dag.py:3823} INFO - Setting next_dagrun for example_xcom_args to None, run_after=None
[2025-12-07T16:22:07.550+0000] {logging_mixin.py:188} INFO - [2025-12-07T16:22:07.550+0000] {dag.py:3823} INFO - Setting next_dagrun for example_xcom_args_with_operators to None, run_after=None
[2025-12-07T16:22:07.576+0000] {processor.py:183} INFO - Processing /home/airflow/.local/lib/python3.8/site-packages/airflow/example_dags/example_xcomargs.py took 0.108 seconds
[2025-12-07T16:22:37.878+0000] {processor.py:161} INFO - Started process (PID=3245) to work on /home/airflow/.local/lib/python3.8/site-packages/airflow/example_dags/example_xcomargs.py
[2025-12-07T16:22:37.880+0000] {processor.py:830} INFO - Processing file /home/airflow/.local/lib/python3.8/site-packages/airflow/example_dags/example_xcomargs.py for tasks to queue
[2025-12-07T16:22:37.884+0000] {logging_mixin.py:188} INFO - [2025-12-07T16:22:37.883+0000] {dagbag.py:538} INFO - Filling up the DagBag from /home/airflow/.local/lib/python3.8/site-packages/airflow/example_dags/example_xcomargs.py
[2025-12-07T16:22:37.900+0000] {processor.py:840} INFO - DAG(s) 'example_xcom_args', 'example_xcom_args_with_operators' retrieved from /home/airflow/.local/lib/python3.8/site-packages/airflow/example_dags/example_xcomargs.py
[2025-12-07T16:22:37.963+0000] {logging_mixin.py:188} INFO - [2025-12-07T16:22:37.961+0000] {dag.py:3036} INFO - Sync 2 DAGs
[2025-12-07T16:22:37.993+0000] {logging_mixin.py:188} INFO - [2025-12-07T16:22:37.992+0000] {dag.py:3823} INFO - Setting next_dagrun for example_xcom_args to None, run_after=None
[2025-12-07T16:22:38.000+0000] {logging_mixin.py:188} INFO - [2025-12-07T16:22:38.000+0000] {dag.py:3823} INFO - Setting next_dagrun for example_xcom_args_with_operators to None, run_after=None
[2025-12-07T16:22:38.034+0000] {processor.py:183} INFO - Processing /home/airflow/.local/lib/python3.8/site-packages/airflow/example_dags/example_xcomargs.py took 0.164 seconds
[2025-12-07T16:23:08.599+0000] {processor.py:161} INFO - Started process (PID=3306) to work on /home/airflow/.local/lib/python3.8/site-packages/airflow/example_dags/example_xcomargs.py
[2025-12-07T16:23:08.601+0000] {processor.py:830} INFO - Processing file /home/airflow/.local/lib/python3.8/site-packages/airflow/example_dags/example_xcomargs.py for tasks to queue
[2025-12-07T16:23:08.604+0000] {logging_mixin.py:188} INFO - [2025-12-07T16:23:08.603+0000] {dagbag.py:538} INFO - Filling up the DagBag from /home/airflow/.local/lib/python3.8/site-packages/airflow/example_dags/example_xcomargs.py
[2025-12-07T16:23:08.613+0000] {processor.py:840} INFO - DAG(s) 'example_xcom_args_with_operators', 'example_xcom_args' retrieved from /home/airflow/.local/lib/python3.8/site-packages/airflow/example_dags/example_xcomargs.py
[2025-12-07T16:23:08.645+0000] {logging_mixin.py:188} INFO - [2025-12-07T16:23:08.644+0000] {dag.py:3036} INFO - Sync 2 DAGs
[2025-12-07T16:23:08.665+0000] {logging_mixin.py:188} INFO - [2025-12-07T16:23:08.664+0000] {dag.py:3823} INFO - Setting next_dagrun for example_xcom_args to None, run_after=None
[2025-12-07T16:23:08.670+0000] {logging_mixin.py:188} INFO - [2025-12-07T16:23:08.670+0000] {dag.py:3823} INFO - Setting next_dagrun for example_xcom_args_with_operators to None, run_after=None
[2025-12-07T16:23:08.695+0000] {processor.py:183} INFO - Processing /home/airflow/.local/lib/python3.8/site-packages/airflow/example_dags/example_xcomargs.py took 0.100 seconds
[2025-12-07T16:23:38.982+0000] {processor.py:161} INFO - Started process (PID=3367) to work on /home/airflow/.local/lib/python3.8/site-packages/airflow/example_dags/example_xcomargs.py
[2025-12-07T16:23:38.984+0000] {processor.py:830} INFO - Processing file /home/airflow/.local/lib/python3.8/site-packages/airflow/example_dags/example_xcomargs.py for tasks to queue
[2025-12-07T16:23:38.988+0000] {logging_mixin.py:188} INFO - [2025-12-07T16:23:38.987+0000] {dagbag.py:538} INFO - Filling up the DagBag from /home/airflow/.local/lib/python3.8/site-packages/airflow/example_dags/example_xcomargs.py
[2025-12-07T16:23:38.998+0000] {processor.py:840} INFO - DAG(s) 'example_xcom_args_with_operators', 'example_xcom_args' retrieved from /home/airflow/.local/lib/python3.8/site-packages/airflow/example_dags/example_xcomargs.py
[2025-12-07T16:23:39.031+0000] {logging_mixin.py:188} INFO - [2025-12-07T16:23:39.031+0000] {dag.py:3036} INFO - Sync 2 DAGs
[2025-12-07T16:23:39.050+0000] {logging_mixin.py:188} INFO - [2025-12-07T16:23:39.050+0000] {dag.py:3823} INFO - Setting next_dagrun for example_xcom_args to None, run_after=None
[2025-12-07T16:23:39.056+0000] {logging_mixin.py:188} INFO - [2025-12-07T16:23:39.055+0000] {dag.py:3823} INFO - Setting next_dagrun for example_xcom_args_with_operators to None, run_after=None
[2025-12-07T16:23:39.082+0000] {processor.py:183} INFO - Processing /home/airflow/.local/lib/python3.8/site-packages/airflow/example_dags/example_xcomargs.py took 0.105 seconds
[2025-12-07T16:24:09.218+0000] {processor.py:161} INFO - Started process (PID=3428) to work on /home/airflow/.local/lib/python3.8/site-packages/airflow/example_dags/example_xcomargs.py
[2025-12-07T16:24:09.221+0000] {processor.py:830} INFO - Processing file /home/airflow/.local/lib/python3.8/site-packages/airflow/example_dags/example_xcomargs.py for tasks to queue
[2025-12-07T16:24:09.227+0000] {logging_mixin.py:188} INFO - [2025-12-07T16:24:09.226+0000] {dagbag.py:538} INFO - Filling up the DagBag from /home/airflow/.local/lib/python3.8/site-packages/airflow/example_dags/example_xcomargs.py
[2025-12-07T16:24:09.241+0000] {processor.py:840} INFO - DAG(s) 'example_xcom_args', 'example_xcom_args_with_operators' retrieved from /home/airflow/.local/lib/python3.8/site-packages/airflow/example_dags/example_xcomargs.py
[2025-12-07T16:24:09.280+0000] {logging_mixin.py:188} INFO - [2025-12-07T16:24:09.280+0000] {dag.py:3036} INFO - Sync 2 DAGs
[2025-12-07T16:24:09.299+0000] {logging_mixin.py:188} INFO - [2025-12-07T16:24:09.299+0000] {dag.py:3823} INFO - Setting next_dagrun for example_xcom_args to None, run_after=None
[2025-12-07T16:24:09.307+0000] {logging_mixin.py:188} INFO - [2025-12-07T16:24:09.306+0000] {dag.py:3823} INFO - Setting next_dagrun for example_xcom_args_with_operators to None, run_after=None
[2025-12-07T16:24:09.337+0000] {processor.py:183} INFO - Processing /home/airflow/.local/lib/python3.8/site-packages/airflow/example_dags/example_xcomargs.py took 0.124 seconds
[2025-12-07T16:24:39.906+0000] {processor.py:161} INFO - Started process (PID=3489) to work on /home/airflow/.local/lib/python3.8/site-packages/airflow/example_dags/example_xcomargs.py
[2025-12-07T16:24:39.908+0000] {processor.py:830} INFO - Processing file /home/airflow/.local/lib/python3.8/site-packages/airflow/example_dags/example_xcomargs.py for tasks to queue
[2025-12-07T16:24:39.911+0000] {logging_mixin.py:188} INFO - [2025-12-07T16:24:39.911+0000] {dagbag.py:538} INFO - Filling up the DagBag from /home/airflow/.local/lib/python3.8/site-packages/airflow/example_dags/example_xcomargs.py
[2025-12-07T16:24:39.922+0000] {processor.py:840} INFO - DAG(s) 'example_xcom_args', 'example_xcom_args_with_operators' retrieved from /home/airflow/.local/lib/python3.8/site-packages/airflow/example_dags/example_xcomargs.py
[2025-12-07T16:24:39.958+0000] {logging_mixin.py:188} INFO - [2025-12-07T16:24:39.958+0000] {dag.py:3036} INFO - Sync 2 DAGs
[2025-12-07T16:24:39.978+0000] {logging_mixin.py:188} INFO - [2025-12-07T16:24:39.977+0000] {dag.py:3823} INFO - Setting next_dagrun for example_xcom_args to None, run_after=None
[2025-12-07T16:24:39.983+0000] {logging_mixin.py:188} INFO - [2025-12-07T16:24:39.983+0000] {dag.py:3823} INFO - Setting next_dagrun for example_xcom_args_with_operators to None, run_after=None
[2025-12-07T16:24:40.009+0000] {processor.py:183} INFO - Processing /home/airflow/.local/lib/python3.8/site-packages/airflow/example_dags/example_xcomargs.py took 0.109 seconds
[2025-12-07T16:25:10.704+0000] {processor.py:161} INFO - Started process (PID=3551) to work on /home/airflow/.local/lib/python3.8/site-packages/airflow/example_dags/example_xcomargs.py
[2025-12-07T16:25:10.706+0000] {processor.py:830} INFO - Processing file /home/airflow/.local/lib/python3.8/site-packages/airflow/example_dags/example_xcomargs.py for tasks to queue
[2025-12-07T16:25:10.710+0000] {logging_mixin.py:188} INFO - [2025-12-07T16:25:10.709+0000] {dagbag.py:538} INFO - Filling up the DagBag from /home/airflow/.local/lib/python3.8/site-packages/airflow/example_dags/example_xcomargs.py
[2025-12-07T16:25:10.720+0000] {processor.py:840} INFO - DAG(s) 'example_xcom_args_with_operators', 'example_xcom_args' retrieved from /home/airflow/.local/lib/python3.8/site-packages/airflow/example_dags/example_xcomargs.py
[2025-12-07T16:25:10.762+0000] {logging_mixin.py:188} INFO - [2025-12-07T16:25:10.762+0000] {dag.py:3036} INFO - Sync 2 DAGs
[2025-12-07T16:25:10.781+0000] {logging_mixin.py:188} INFO - [2025-12-07T16:25:10.781+0000] {dag.py:3823} INFO - Setting next_dagrun for example_xcom_args to None, run_after=None
[2025-12-07T16:25:10.790+0000] {logging_mixin.py:188} INFO - [2025-12-07T16:25:10.789+0000] {dag.py:3823} INFO - Setting next_dagrun for example_xcom_args_with_operators to None, run_after=None
[2025-12-07T16:25:10.836+0000] {processor.py:183} INFO - Processing /home/airflow/.local/lib/python3.8/site-packages/airflow/example_dags/example_xcomargs.py took 0.140 seconds
[2025-12-07T16:25:41.139+0000] {processor.py:161} INFO - Started process (PID=3612) to work on /home/airflow/.local/lib/python3.8/site-packages/airflow/example_dags/example_xcomargs.py
[2025-12-07T16:25:41.141+0000] {processor.py:830} INFO - Processing file /home/airflow/.local/lib/python3.8/site-packages/airflow/example_dags/example_xcomargs.py for tasks to queue
[2025-12-07T16:25:41.144+0000] {logging_mixin.py:188} INFO - [2025-12-07T16:25:41.144+0000] {dagbag.py:538} INFO - Filling up the DagBag from /home/airflow/.local/lib/python3.8/site-packages/airflow/example_dags/example_xcomargs.py
[2025-12-07T16:25:41.157+0000] {processor.py:840} INFO - DAG(s) 'example_xcom_args', 'example_xcom_args_with_operators' retrieved from /home/airflow/.local/lib/python3.8/site-packages/airflow/example_dags/example_xcomargs.py
[2025-12-07T16:25:41.196+0000] {logging_mixin.py:188} INFO - [2025-12-07T16:25:41.196+0000] {dag.py:3036} INFO - Sync 2 DAGs
[2025-12-07T16:25:41.215+0000] {logging_mixin.py:188} INFO - [2025-12-07T16:25:41.214+0000] {dag.py:3823} INFO - Setting next_dagrun for example_xcom_args to None, run_after=None
[2025-12-07T16:25:41.221+0000] {logging_mixin.py:188} INFO - [2025-12-07T16:25:41.220+0000] {dag.py:3823} INFO - Setting next_dagrun for example_xcom_args_with_operators to None, run_after=None
[2025-12-07T16:25:41.249+0000] {processor.py:183} INFO - Processing /home/airflow/.local/lib/python3.8/site-packages/airflow/example_dags/example_xcomargs.py took 0.115 seconds
[2025-12-07T16:26:11.710+0000] {processor.py:161} INFO - Started process (PID=3673) to work on /home/airflow/.local/lib/python3.8/site-packages/airflow/example_dags/example_xcomargs.py
[2025-12-07T16:26:11.712+0000] {processor.py:830} INFO - Processing file /home/airflow/.local/lib/python3.8/site-packages/airflow/example_dags/example_xcomargs.py for tasks to queue
[2025-12-07T16:26:11.714+0000] {logging_mixin.py:188} INFO - [2025-12-07T16:26:11.714+0000] {dagbag.py:538} INFO - Filling up the DagBag from /home/airflow/.local/lib/python3.8/site-packages/airflow/example_dags/example_xcomargs.py
[2025-12-07T16:26:11.727+0000] {processor.py:840} INFO - DAG(s) 'example_xcom_args', 'example_xcom_args_with_operators' retrieved from /home/airflow/.local/lib/python3.8/site-packages/airflow/example_dags/example_xcomargs.py
[2025-12-07T16:26:11.763+0000] {logging_mixin.py:188} INFO - [2025-12-07T16:26:11.763+0000] {dag.py:3036} INFO - Sync 2 DAGs
[2025-12-07T16:26:11.780+0000] {logging_mixin.py:188} INFO - [2025-12-07T16:26:11.780+0000] {dag.py:3823} INFO - Setting next_dagrun for example_xcom_args to None, run_after=None
[2025-12-07T16:26:11.785+0000] {logging_mixin.py:188} INFO - [2025-12-07T16:26:11.785+0000] {dag.py:3823} INFO - Setting next_dagrun for example_xcom_args_with_operators to None, run_after=None
[2025-12-07T16:26:11.821+0000] {processor.py:183} INFO - Processing /home/airflow/.local/lib/python3.8/site-packages/airflow/example_dags/example_xcomargs.py took 0.115 seconds
[2025-12-07T16:26:42.159+0000] {processor.py:161} INFO - Started process (PID=3734) to work on /home/airflow/.local/lib/python3.8/site-packages/airflow/example_dags/example_xcomargs.py
[2025-12-07T16:26:42.161+0000] {processor.py:830} INFO - Processing file /home/airflow/.local/lib/python3.8/site-packages/airflow/example_dags/example_xcomargs.py for tasks to queue
[2025-12-07T16:26:42.164+0000] {logging_mixin.py:188} INFO - [2025-12-07T16:26:42.163+0000] {dagbag.py:538} INFO - Filling up the DagBag from /home/airflow/.local/lib/python3.8/site-packages/airflow/example_dags/example_xcomargs.py
[2025-12-07T16:26:42.173+0000] {processor.py:840} INFO - DAG(s) 'example_xcom_args', 'example_xcom_args_with_operators' retrieved from /home/airflow/.local/lib/python3.8/site-packages/airflow/example_dags/example_xcomargs.py
[2025-12-07T16:26:42.204+0000] {logging_mixin.py:188} INFO - [2025-12-07T16:26:42.204+0000] {dag.py:3036} INFO - Sync 2 DAGs
[2025-12-07T16:26:42.219+0000] {logging_mixin.py:188} INFO - [2025-12-07T16:26:42.218+0000] {dag.py:3823} INFO - Setting next_dagrun for example_xcom_args to None, run_after=None
[2025-12-07T16:26:42.225+0000] {logging_mixin.py:188} INFO - [2025-12-07T16:26:42.224+0000] {dag.py:3823} INFO - Setting next_dagrun for example_xcom_args_with_operators to None, run_after=None
[2025-12-07T16:26:42.250+0000] {processor.py:183} INFO - Processing /home/airflow/.local/lib/python3.8/site-packages/airflow/example_dags/example_xcomargs.py took 0.095 seconds
[2025-12-07T16:27:12.445+0000] {processor.py:161} INFO - Started process (PID=3795) to work on /home/airflow/.local/lib/python3.8/site-packages/airflow/example_dags/example_xcomargs.py
[2025-12-07T16:27:12.446+0000] {processor.py:830} INFO - Processing file /home/airflow/.local/lib/python3.8/site-packages/airflow/example_dags/example_xcomargs.py for tasks to queue
[2025-12-07T16:27:12.449+0000] {logging_mixin.py:188} INFO - [2025-12-07T16:27:12.449+0000] {dagbag.py:538} INFO - Filling up the DagBag from /home/airflow/.local/lib/python3.8/site-packages/airflow/example_dags/example_xcomargs.py
[2025-12-07T16:27:12.458+0000] {processor.py:840} INFO - DAG(s) 'example_xcom_args_with_operators', 'example_xcom_args' retrieved from /home/airflow/.local/lib/python3.8/site-packages/airflow/example_dags/example_xcomargs.py
[2025-12-07T16:27:12.489+0000] {logging_mixin.py:188} INFO - [2025-12-07T16:27:12.489+0000] {dag.py:3036} INFO - Sync 2 DAGs
[2025-12-07T16:27:12.504+0000] {logging_mixin.py:188} INFO - [2025-12-07T16:27:12.504+0000] {dag.py:3823} INFO - Setting next_dagrun for example_xcom_args to None, run_after=None
[2025-12-07T16:27:12.508+0000] {logging_mixin.py:188} INFO - [2025-12-07T16:27:12.508+0000] {dag.py:3823} INFO - Setting next_dagrun for example_xcom_args_with_operators to None, run_after=None
[2025-12-07T16:27:12.530+0000] {processor.py:183} INFO - Processing /home/airflow/.local/lib/python3.8/site-packages/airflow/example_dags/example_xcomargs.py took 0.090 seconds
[2025-12-07T16:27:42.636+0000] {processor.py:161} INFO - Started process (PID=3856) to work on /home/airflow/.local/lib/python3.8/site-packages/airflow/example_dags/example_xcomargs.py
[2025-12-07T16:27:42.638+0000] {processor.py:830} INFO - Processing file /home/airflow/.local/lib/python3.8/site-packages/airflow/example_dags/example_xcomargs.py for tasks to queue
[2025-12-07T16:27:42.640+0000] {logging_mixin.py:188} INFO - [2025-12-07T16:27:42.640+0000] {dagbag.py:538} INFO - Filling up the DagBag from /home/airflow/.local/lib/python3.8/site-packages/airflow/example_dags/example_xcomargs.py
[2025-12-07T16:27:42.652+0000] {processor.py:840} INFO - DAG(s) 'example_xcom_args_with_operators', 'example_xcom_args' retrieved from /home/airflow/.local/lib/python3.8/site-packages/airflow/example_dags/example_xcomargs.py
[2025-12-07T16:27:42.685+0000] {logging_mixin.py:188} INFO - [2025-12-07T16:27:42.684+0000] {dag.py:3036} INFO - Sync 2 DAGs
[2025-12-07T16:27:42.701+0000] {logging_mixin.py:188} INFO - [2025-12-07T16:27:42.701+0000] {dag.py:3823} INFO - Setting next_dagrun for example_xcom_args to None, run_after=None
[2025-12-07T16:27:42.706+0000] {logging_mixin.py:188} INFO - [2025-12-07T16:27:42.706+0000] {dag.py:3823} INFO - Setting next_dagrun for example_xcom_args_with_operators to None, run_after=None
[2025-12-07T16:27:42.729+0000] {processor.py:183} INFO - Processing /home/airflow/.local/lib/python3.8/site-packages/airflow/example_dags/example_xcomargs.py took 0.098 seconds
[2025-12-07T16:28:13.135+0000] {processor.py:161} INFO - Started process (PID=3917) to work on /home/airflow/.local/lib/python3.8/site-packages/airflow/example_dags/example_xcomargs.py
[2025-12-07T16:28:13.136+0000] {processor.py:830} INFO - Processing file /home/airflow/.local/lib/python3.8/site-packages/airflow/example_dags/example_xcomargs.py for tasks to queue
[2025-12-07T16:28:13.141+0000] {logging_mixin.py:188} INFO - [2025-12-07T16:28:13.140+0000] {dagbag.py:538} INFO - Filling up the DagBag from /home/airflow/.local/lib/python3.8/site-packages/airflow/example_dags/example_xcomargs.py
[2025-12-07T16:28:13.149+0000] {processor.py:840} INFO - DAG(s) 'example_xcom_args_with_operators', 'example_xcom_args' retrieved from /home/airflow/.local/lib/python3.8/site-packages/airflow/example_dags/example_xcomargs.py
[2025-12-07T16:28:13.182+0000] {logging_mixin.py:188} INFO - [2025-12-07T16:28:13.182+0000] {dag.py:3036} INFO - Sync 2 DAGs
[2025-12-07T16:28:13.197+0000] {logging_mixin.py:188} INFO - [2025-12-07T16:28:13.197+0000] {dag.py:3823} INFO - Setting next_dagrun for example_xcom_args to None, run_after=None
[2025-12-07T16:28:13.202+0000] {logging_mixin.py:188} INFO - [2025-12-07T16:28:13.202+0000] {dag.py:3823} INFO - Setting next_dagrun for example_xcom_args_with_operators to None, run_after=None
[2025-12-07T16:28:13.229+0000] {processor.py:183} INFO - Processing /home/airflow/.local/lib/python3.8/site-packages/airflow/example_dags/example_xcomargs.py took 0.099 seconds
[2025-12-07T16:28:44.001+0000] {processor.py:161} INFO - Started process (PID=3978) to work on /home/airflow/.local/lib/python3.8/site-packages/airflow/example_dags/example_xcomargs.py
[2025-12-07T16:28:44.002+0000] {processor.py:830} INFO - Processing file /home/airflow/.local/lib/python3.8/site-packages/airflow/example_dags/example_xcomargs.py for tasks to queue
[2025-12-07T16:28:44.006+0000] {logging_mixin.py:188} INFO - [2025-12-07T16:28:44.006+0000] {dagbag.py:538} INFO - Filling up the DagBag from /home/airflow/.local/lib/python3.8/site-packages/airflow/example_dags/example_xcomargs.py
[2025-12-07T16:28:44.017+0000] {processor.py:840} INFO - DAG(s) 'example_xcom_args', 'example_xcom_args_with_operators' retrieved from /home/airflow/.local/lib/python3.8/site-packages/airflow/example_dags/example_xcomargs.py
[2025-12-07T16:28:44.048+0000] {logging_mixin.py:188} INFO - [2025-12-07T16:28:44.048+0000] {dag.py:3036} INFO - Sync 2 DAGs
[2025-12-07T16:28:44.062+0000] {logging_mixin.py:188} INFO - [2025-12-07T16:28:44.062+0000] {dag.py:3823} INFO - Setting next_dagrun for example_xcom_args to None, run_after=None
[2025-12-07T16:28:44.071+0000] {logging_mixin.py:188} INFO - [2025-12-07T16:28:44.071+0000] {dag.py:3823} INFO - Setting next_dagrun for example_xcom_args_with_operators to None, run_after=None
[2025-12-07T16:28:44.105+0000] {processor.py:183} INFO - Processing /home/airflow/.local/lib/python3.8/site-packages/airflow/example_dags/example_xcomargs.py took 0.109 seconds
[2025-12-07T16:29:14.347+0000] {processor.py:161} INFO - Started process (PID=4039) to work on /home/airflow/.local/lib/python3.8/site-packages/airflow/example_dags/example_xcomargs.py
[2025-12-07T16:29:14.348+0000] {processor.py:830} INFO - Processing file /home/airflow/.local/lib/python3.8/site-packages/airflow/example_dags/example_xcomargs.py for tasks to queue
[2025-12-07T16:29:14.351+0000] {logging_mixin.py:188} INFO - [2025-12-07T16:29:14.350+0000] {dagbag.py:538} INFO - Filling up the DagBag from /home/airflow/.local/lib/python3.8/site-packages/airflow/example_dags/example_xcomargs.py
[2025-12-07T16:29:14.362+0000] {processor.py:840} INFO - DAG(s) 'example_xcom_args', 'example_xcom_args_with_operators' retrieved from /home/airflow/.local/lib/python3.8/site-packages/airflow/example_dags/example_xcomargs.py
[2025-12-07T16:29:14.400+0000] {logging_mixin.py:188} INFO - [2025-12-07T16:29:14.400+0000] {dag.py:3036} INFO - Sync 2 DAGs
[2025-12-07T16:29:14.417+0000] {logging_mixin.py:188} INFO - [2025-12-07T16:29:14.417+0000] {dag.py:3823} INFO - Setting next_dagrun for example_xcom_args to None, run_after=None
[2025-12-07T16:29:14.422+0000] {logging_mixin.py:188} INFO - [2025-12-07T16:29:14.422+0000] {dag.py:3823} INFO - Setting next_dagrun for example_xcom_args_with_operators to None, run_after=None
[2025-12-07T16:29:14.449+0000] {processor.py:183} INFO - Processing /home/airflow/.local/lib/python3.8/site-packages/airflow/example_dags/example_xcomargs.py took 0.106 seconds
[2025-12-07T16:29:44.968+0000] {processor.py:161} INFO - Started process (PID=4100) to work on /home/airflow/.local/lib/python3.8/site-packages/airflow/example_dags/example_xcomargs.py
[2025-12-07T16:29:44.970+0000] {processor.py:830} INFO - Processing file /home/airflow/.local/lib/python3.8/site-packages/airflow/example_dags/example_xcomargs.py for tasks to queue
[2025-12-07T16:29:44.973+0000] {logging_mixin.py:188} INFO - [2025-12-07T16:29:44.972+0000] {dagbag.py:538} INFO - Filling up the DagBag from /home/airflow/.local/lib/python3.8/site-packages/airflow/example_dags/example_xcomargs.py
[2025-12-07T16:29:44.991+0000] {processor.py:840} INFO - DAG(s) 'example_xcom_args', 'example_xcom_args_with_operators' retrieved from /home/airflow/.local/lib/python3.8/site-packages/airflow/example_dags/example_xcomargs.py
[2025-12-07T16:29:45.029+0000] {logging_mixin.py:188} INFO - [2025-12-07T16:29:45.029+0000] {dag.py:3036} INFO - Sync 2 DAGs
[2025-12-07T16:29:45.048+0000] {logging_mixin.py:188} INFO - [2025-12-07T16:29:45.047+0000] {dag.py:3823} INFO - Setting next_dagrun for example_xcom_args to None, run_after=None
[2025-12-07T16:29:45.054+0000] {logging_mixin.py:188} INFO - [2025-12-07T16:29:45.053+0000] {dag.py:3823} INFO - Setting next_dagrun for example_xcom_args_with_operators to None, run_after=None
[2025-12-07T16:29:45.078+0000] {processor.py:183} INFO - Processing /home/airflow/.local/lib/python3.8/site-packages/airflow/example_dags/example_xcomargs.py took 0.114 seconds
[2025-12-07T16:30:15.323+0000] {processor.py:161} INFO - Started process (PID=4161) to work on /home/airflow/.local/lib/python3.8/site-packages/airflow/example_dags/example_xcomargs.py
[2025-12-07T16:30:15.324+0000] {processor.py:830} INFO - Processing file /home/airflow/.local/lib/python3.8/site-packages/airflow/example_dags/example_xcomargs.py for tasks to queue
[2025-12-07T16:30:15.326+0000] {logging_mixin.py:188} INFO - [2025-12-07T16:30:15.326+0000] {dagbag.py:538} INFO - Filling up the DagBag from /home/airflow/.local/lib/python3.8/site-packages/airflow/example_dags/example_xcomargs.py
[2025-12-07T16:30:15.336+0000] {processor.py:840} INFO - DAG(s) 'example_xcom_args', 'example_xcom_args_with_operators' retrieved from /home/airflow/.local/lib/python3.8/site-packages/airflow/example_dags/example_xcomargs.py
[2025-12-07T16:30:15.368+0000] {logging_mixin.py:188} INFO - [2025-12-07T16:30:15.367+0000] {dag.py:3036} INFO - Sync 2 DAGs
[2025-12-07T16:30:15.384+0000] {logging_mixin.py:188} INFO - [2025-12-07T16:30:15.383+0000] {dag.py:3823} INFO - Setting next_dagrun for example_xcom_args to None, run_after=None
[2025-12-07T16:30:15.390+0000] {logging_mixin.py:188} INFO - [2025-12-07T16:30:15.389+0000] {dag.py:3823} INFO - Setting next_dagrun for example_xcom_args_with_operators to None, run_after=None
[2025-12-07T16:30:15.430+0000] {processor.py:183} INFO - Processing /home/airflow/.local/lib/python3.8/site-packages/airflow/example_dags/example_xcomargs.py took 0.110 seconds
[2025-12-07T16:30:45.893+0000] {processor.py:161} INFO - Started process (PID=4222) to work on /home/airflow/.local/lib/python3.8/site-packages/airflow/example_dags/example_xcomargs.py
[2025-12-07T16:30:45.894+0000] {processor.py:830} INFO - Processing file /home/airflow/.local/lib/python3.8/site-packages/airflow/example_dags/example_xcomargs.py for tasks to queue
[2025-12-07T16:30:45.898+0000] {logging_mixin.py:188} INFO - [2025-12-07T16:30:45.898+0000] {dagbag.py:538} INFO - Filling up the DagBag from /home/airflow/.local/lib/python3.8/site-packages/airflow/example_dags/example_xcomargs.py
[2025-12-07T16:30:45.910+0000] {processor.py:840} INFO - DAG(s) 'example_xcom_args_with_operators', 'example_xcom_args' retrieved from /home/airflow/.local/lib/python3.8/site-packages/airflow/example_dags/example_xcomargs.py
[2025-12-07T16:30:45.954+0000] {logging_mixin.py:188} INFO - [2025-12-07T16:30:45.954+0000] {dag.py:3036} INFO - Sync 2 DAGs
[2025-12-07T16:30:45.976+0000] {logging_mixin.py:188} INFO - [2025-12-07T16:30:45.975+0000] {dag.py:3823} INFO - Setting next_dagrun for example_xcom_args to None, run_after=None
[2025-12-07T16:30:45.983+0000] {logging_mixin.py:188} INFO - [2025-12-07T16:30:45.983+0000] {dag.py:3823} INFO - Setting next_dagrun for example_xcom_args_with_operators to None, run_after=None
[2025-12-07T16:30:46.017+0000] {processor.py:183} INFO - Processing /home/airflow/.local/lib/python3.8/site-packages/airflow/example_dags/example_xcomargs.py took 0.128 seconds
[2025-12-07T16:31:16.620+0000] {processor.py:161} INFO - Started process (PID=4283) to work on /home/airflow/.local/lib/python3.8/site-packages/airflow/example_dags/example_xcomargs.py
[2025-12-07T16:31:16.622+0000] {processor.py:830} INFO - Processing file /home/airflow/.local/lib/python3.8/site-packages/airflow/example_dags/example_xcomargs.py for tasks to queue
[2025-12-07T16:31:16.625+0000] {logging_mixin.py:188} INFO - [2025-12-07T16:31:16.625+0000] {dagbag.py:538} INFO - Filling up the DagBag from /home/airflow/.local/lib/python3.8/site-packages/airflow/example_dags/example_xcomargs.py
[2025-12-07T16:31:16.637+0000] {processor.py:840} INFO - DAG(s) 'example_xcom_args', 'example_xcom_args_with_operators' retrieved from /home/airflow/.local/lib/python3.8/site-packages/airflow/example_dags/example_xcomargs.py
[2025-12-07T16:31:16.685+0000] {logging_mixin.py:188} INFO - [2025-12-07T16:31:16.684+0000] {dag.py:3036} INFO - Sync 2 DAGs
[2025-12-07T16:31:16.705+0000] {logging_mixin.py:188} INFO - [2025-12-07T16:31:16.705+0000] {dag.py:3823} INFO - Setting next_dagrun for example_xcom_args to None, run_after=None
[2025-12-07T16:31:16.712+0000] {logging_mixin.py:188} INFO - [2025-12-07T16:31:16.712+0000] {dag.py:3823} INFO - Setting next_dagrun for example_xcom_args_with_operators to None, run_after=None
[2025-12-07T16:31:16.744+0000] {processor.py:183} INFO - Processing /home/airflow/.local/lib/python3.8/site-packages/airflow/example_dags/example_xcomargs.py took 0.129 seconds
[2025-12-07T16:31:46.826+0000] {processor.py:161} INFO - Started process (PID=4344) to work on /home/airflow/.local/lib/python3.8/site-packages/airflow/example_dags/example_xcomargs.py
[2025-12-07T16:31:46.827+0000] {processor.py:830} INFO - Processing file /home/airflow/.local/lib/python3.8/site-packages/airflow/example_dags/example_xcomargs.py for tasks to queue
[2025-12-07T16:31:46.830+0000] {logging_mixin.py:188} INFO - [2025-12-07T16:31:46.829+0000] {dagbag.py:538} INFO - Filling up the DagBag from /home/airflow/.local/lib/python3.8/site-packages/airflow/example_dags/example_xcomargs.py
[2025-12-07T16:31:46.840+0000] {processor.py:840} INFO - DAG(s) 'example_xcom_args_with_operators', 'example_xcom_args' retrieved from /home/airflow/.local/lib/python3.8/site-packages/airflow/example_dags/example_xcomargs.py
[2025-12-07T16:31:46.876+0000] {logging_mixin.py:188} INFO - [2025-12-07T16:31:46.875+0000] {dag.py:3036} INFO - Sync 2 DAGs
[2025-12-07T16:31:46.893+0000] {logging_mixin.py:188} INFO - [2025-12-07T16:31:46.893+0000] {dag.py:3823} INFO - Setting next_dagrun for example_xcom_args to None, run_after=None
[2025-12-07T16:31:46.898+0000] {logging_mixin.py:188} INFO - [2025-12-07T16:31:46.898+0000] {dag.py:3823} INFO - Setting next_dagrun for example_xcom_args_with_operators to None, run_after=None
[2025-12-07T16:31:46.925+0000] {processor.py:183} INFO - Processing /home/airflow/.local/lib/python3.8/site-packages/airflow/example_dags/example_xcomargs.py took 0.104 seconds
[2025-12-07T16:32:17.030+0000] {processor.py:161} INFO - Started process (PID=4405) to work on /home/airflow/.local/lib/python3.8/site-packages/airflow/example_dags/example_xcomargs.py
[2025-12-07T16:32:17.031+0000] {processor.py:830} INFO - Processing file /home/airflow/.local/lib/python3.8/site-packages/airflow/example_dags/example_xcomargs.py for tasks to queue
[2025-12-07T16:32:17.035+0000] {logging_mixin.py:188} INFO - [2025-12-07T16:32:17.034+0000] {dagbag.py:538} INFO - Filling up the DagBag from /home/airflow/.local/lib/python3.8/site-packages/airflow/example_dags/example_xcomargs.py
[2025-12-07T16:32:17.044+0000] {processor.py:840} INFO - DAG(s) 'example_xcom_args_with_operators', 'example_xcom_args' retrieved from /home/airflow/.local/lib/python3.8/site-packages/airflow/example_dags/example_xcomargs.py
[2025-12-07T16:32:17.078+0000] {logging_mixin.py:188} INFO - [2025-12-07T16:32:17.077+0000] {dag.py:3036} INFO - Sync 2 DAGs
[2025-12-07T16:32:17.093+0000] {logging_mixin.py:188} INFO - [2025-12-07T16:32:17.093+0000] {dag.py:3823} INFO - Setting next_dagrun for example_xcom_args to None, run_after=None
[2025-12-07T16:32:17.098+0000] {logging_mixin.py:188} INFO - [2025-12-07T16:32:17.098+0000] {dag.py:3823} INFO - Setting next_dagrun for example_xcom_args_with_operators to None, run_after=None
[2025-12-07T16:32:17.121+0000] {processor.py:183} INFO - Processing /home/airflow/.local/lib/python3.8/site-packages/airflow/example_dags/example_xcomargs.py took 0.096 seconds
[2025-12-07T16:32:47.548+0000] {processor.py:161} INFO - Started process (PID=4466) to work on /home/airflow/.local/lib/python3.8/site-packages/airflow/example_dags/example_xcomargs.py
[2025-12-07T16:32:47.549+0000] {processor.py:830} INFO - Processing file /home/airflow/.local/lib/python3.8/site-packages/airflow/example_dags/example_xcomargs.py for tasks to queue
[2025-12-07T16:32:47.552+0000] {logging_mixin.py:188} INFO - [2025-12-07T16:32:47.551+0000] {dagbag.py:538} INFO - Filling up the DagBag from /home/airflow/.local/lib/python3.8/site-packages/airflow/example_dags/example_xcomargs.py
[2025-12-07T16:32:47.565+0000] {processor.py:840} INFO - DAG(s) 'example_xcom_args_with_operators', 'example_xcom_args' retrieved from /home/airflow/.local/lib/python3.8/site-packages/airflow/example_dags/example_xcomargs.py
[2025-12-07T16:32:47.598+0000] {logging_mixin.py:188} INFO - [2025-12-07T16:32:47.598+0000] {dag.py:3036} INFO - Sync 2 DAGs
[2025-12-07T16:32:47.612+0000] {logging_mixin.py:188} INFO - [2025-12-07T16:32:47.612+0000] {dag.py:3823} INFO - Setting next_dagrun for example_xcom_args to None, run_after=None
[2025-12-07T16:32:47.616+0000] {logging_mixin.py:188} INFO - [2025-12-07T16:32:47.616+0000] {dag.py:3823} INFO - Setting next_dagrun for example_xcom_args_with_operators to None, run_after=None
[2025-12-07T16:32:47.640+0000] {processor.py:183} INFO - Processing /home/airflow/.local/lib/python3.8/site-packages/airflow/example_dags/example_xcomargs.py took 0.097 seconds
[2025-12-07T16:33:17.948+0000] {processor.py:161} INFO - Started process (PID=4527) to work on /home/airflow/.local/lib/python3.8/site-packages/airflow/example_dags/example_xcomargs.py
[2025-12-07T16:33:17.949+0000] {processor.py:830} INFO - Processing file /home/airflow/.local/lib/python3.8/site-packages/airflow/example_dags/example_xcomargs.py for tasks to queue
[2025-12-07T16:33:17.952+0000] {logging_mixin.py:188} INFO - [2025-12-07T16:33:17.951+0000] {dagbag.py:538} INFO - Filling up the DagBag from /home/airflow/.local/lib/python3.8/site-packages/airflow/example_dags/example_xcomargs.py
[2025-12-07T16:33:17.962+0000] {processor.py:840} INFO - DAG(s) 'example_xcom_args_with_operators', 'example_xcom_args' retrieved from /home/airflow/.local/lib/python3.8/site-packages/airflow/example_dags/example_xcomargs.py
[2025-12-07T16:33:17.995+0000] {logging_mixin.py:188} INFO - [2025-12-07T16:33:17.995+0000] {dag.py:3036} INFO - Sync 2 DAGs
[2025-12-07T16:33:18.013+0000] {logging_mixin.py:188} INFO - [2025-12-07T16:33:18.012+0000] {dag.py:3823} INFO - Setting next_dagrun for example_xcom_args to None, run_after=None
[2025-12-07T16:33:18.018+0000] {logging_mixin.py:188} INFO - [2025-12-07T16:33:18.018+0000] {dag.py:3823} INFO - Setting next_dagrun for example_xcom_args_with_operators to None, run_after=None
[2025-12-07T16:33:18.043+0000] {processor.py:183} INFO - Processing /home/airflow/.local/lib/python3.8/site-packages/airflow/example_dags/example_xcomargs.py took 0.100 seconds
[2025-12-07T16:33:48.766+0000] {processor.py:161} INFO - Started process (PID=4588) to work on /home/airflow/.local/lib/python3.8/site-packages/airflow/example_dags/example_xcomargs.py
[2025-12-07T16:33:48.768+0000] {processor.py:830} INFO - Processing file /home/airflow/.local/lib/python3.8/site-packages/airflow/example_dags/example_xcomargs.py for tasks to queue
[2025-12-07T16:33:48.771+0000] {logging_mixin.py:188} INFO - [2025-12-07T16:33:48.770+0000] {dagbag.py:538} INFO - Filling up the DagBag from /home/airflow/.local/lib/python3.8/site-packages/airflow/example_dags/example_xcomargs.py
[2025-12-07T16:33:48.786+0000] {processor.py:840} INFO - DAG(s) 'example_xcom_args', 'example_xcom_args_with_operators' retrieved from /home/airflow/.local/lib/python3.8/site-packages/airflow/example_dags/example_xcomargs.py
[2025-12-07T16:33:48.829+0000] {logging_mixin.py:188} INFO - [2025-12-07T16:33:48.828+0000] {dag.py:3036} INFO - Sync 2 DAGs
[2025-12-07T16:33:48.856+0000] {logging_mixin.py:188} INFO - [2025-12-07T16:33:48.856+0000] {dag.py:3823} INFO - Setting next_dagrun for example_xcom_args to None, run_after=None
[2025-12-07T16:33:48.861+0000] {logging_mixin.py:188} INFO - [2025-12-07T16:33:48.861+0000] {dag.py:3823} INFO - Setting next_dagrun for example_xcom_args_with_operators to None, run_after=None
[2025-12-07T16:33:48.893+0000] {processor.py:183} INFO - Processing /home/airflow/.local/lib/python3.8/site-packages/airflow/example_dags/example_xcomargs.py took 0.131 seconds
[2025-12-07T16:34:19.475+0000] {processor.py:161} INFO - Started process (PID=4655) to work on /home/airflow/.local/lib/python3.8/site-packages/airflow/example_dags/example_xcomargs.py
[2025-12-07T16:34:19.476+0000] {processor.py:830} INFO - Processing file /home/airflow/.local/lib/python3.8/site-packages/airflow/example_dags/example_xcomargs.py for tasks to queue
[2025-12-07T16:34:19.479+0000] {logging_mixin.py:188} INFO - [2025-12-07T16:34:19.478+0000] {dagbag.py:538} INFO - Filling up the DagBag from /home/airflow/.local/lib/python3.8/site-packages/airflow/example_dags/example_xcomargs.py
[2025-12-07T16:34:19.491+0000] {processor.py:840} INFO - DAG(s) 'example_xcom_args_with_operators', 'example_xcom_args' retrieved from /home/airflow/.local/lib/python3.8/site-packages/airflow/example_dags/example_xcomargs.py
[2025-12-07T16:34:19.525+0000] {logging_mixin.py:188} INFO - [2025-12-07T16:34:19.525+0000] {dag.py:3036} INFO - Sync 2 DAGs
[2025-12-07T16:34:19.540+0000] {logging_mixin.py:188} INFO - [2025-12-07T16:34:19.540+0000] {dag.py:3823} INFO - Setting next_dagrun for example_xcom_args to None, run_after=None
[2025-12-07T16:34:19.545+0000] {logging_mixin.py:188} INFO - [2025-12-07T16:34:19.545+0000] {dag.py:3823} INFO - Setting next_dagrun for example_xcom_args_with_operators to None, run_after=None
[2025-12-07T16:34:19.570+0000] {processor.py:183} INFO - Processing /home/airflow/.local/lib/python3.8/site-packages/airflow/example_dags/example_xcomargs.py took 0.100 seconds
[2025-12-07T16:34:50.519+0000] {processor.py:161} INFO - Started process (PID=4716) to work on /home/airflow/.local/lib/python3.8/site-packages/airflow/example_dags/example_xcomargs.py
[2025-12-07T16:34:50.521+0000] {processor.py:830} INFO - Processing file /home/airflow/.local/lib/python3.8/site-packages/airflow/example_dags/example_xcomargs.py for tasks to queue
[2025-12-07T16:34:50.524+0000] {logging_mixin.py:188} INFO - [2025-12-07T16:34:50.523+0000] {dagbag.py:538} INFO - Filling up the DagBag from /home/airflow/.local/lib/python3.8/site-packages/airflow/example_dags/example_xcomargs.py
[2025-12-07T16:34:50.535+0000] {processor.py:840} INFO - DAG(s) 'example_xcom_args_with_operators', 'example_xcom_args' retrieved from /home/airflow/.local/lib/python3.8/site-packages/airflow/example_dags/example_xcomargs.py
[2025-12-07T16:34:50.584+0000] {logging_mixin.py:188} INFO - [2025-12-07T16:34:50.584+0000] {dag.py:3036} INFO - Sync 2 DAGs
[2025-12-07T16:34:50.602+0000] {logging_mixin.py:188} INFO - [2025-12-07T16:34:50.602+0000] {dag.py:3823} INFO - Setting next_dagrun for example_xcom_args to None, run_after=None
[2025-12-07T16:34:50.608+0000] {logging_mixin.py:188} INFO - [2025-12-07T16:34:50.607+0000] {dag.py:3823} INFO - Setting next_dagrun for example_xcom_args_with_operators to None, run_after=None
[2025-12-07T16:34:50.639+0000] {processor.py:183} INFO - Processing /home/airflow/.local/lib/python3.8/site-packages/airflow/example_dags/example_xcomargs.py took 0.124 seconds
[2025-12-07T16:35:20.801+0000] {processor.py:161} INFO - Started process (PID=4777) to work on /home/airflow/.local/lib/python3.8/site-packages/airflow/example_dags/example_xcomargs.py
[2025-12-07T16:35:20.803+0000] {processor.py:830} INFO - Processing file /home/airflow/.local/lib/python3.8/site-packages/airflow/example_dags/example_xcomargs.py for tasks to queue
[2025-12-07T16:35:20.806+0000] {logging_mixin.py:188} INFO - [2025-12-07T16:35:20.806+0000] {dagbag.py:538} INFO - Filling up the DagBag from /home/airflow/.local/lib/python3.8/site-packages/airflow/example_dags/example_xcomargs.py
[2025-12-07T16:35:20.820+0000] {processor.py:840} INFO - DAG(s) 'example_xcom_args_with_operators', 'example_xcom_args' retrieved from /home/airflow/.local/lib/python3.8/site-packages/airflow/example_dags/example_xcomargs.py
[2025-12-07T16:35:20.863+0000] {logging_mixin.py:188} INFO - [2025-12-07T16:35:20.863+0000] {dag.py:3036} INFO - Sync 2 DAGs
[2025-12-07T16:35:20.888+0000] {logging_mixin.py:188} INFO - [2025-12-07T16:35:20.887+0000] {dag.py:3823} INFO - Setting next_dagrun for example_xcom_args to None, run_after=None
[2025-12-07T16:35:20.897+0000] {logging_mixin.py:188} INFO - [2025-12-07T16:35:20.897+0000] {dag.py:3823} INFO - Setting next_dagrun for example_xcom_args_with_operators to None, run_after=None
[2025-12-07T16:35:20.935+0000] {processor.py:183} INFO - Processing /home/airflow/.local/lib/python3.8/site-packages/airflow/example_dags/example_xcomargs.py took 0.138 seconds
[2025-12-07T16:35:51.112+0000] {processor.py:161} INFO - Started process (PID=4838) to work on /home/airflow/.local/lib/python3.8/site-packages/airflow/example_dags/example_xcomargs.py
[2025-12-07T16:35:51.114+0000] {processor.py:830} INFO - Processing file /home/airflow/.local/lib/python3.8/site-packages/airflow/example_dags/example_xcomargs.py for tasks to queue
[2025-12-07T16:35:51.116+0000] {logging_mixin.py:188} INFO - [2025-12-07T16:35:51.116+0000] {dagbag.py:538} INFO - Filling up the DagBag from /home/airflow/.local/lib/python3.8/site-packages/airflow/example_dags/example_xcomargs.py
[2025-12-07T16:35:51.127+0000] {processor.py:840} INFO - DAG(s) 'example_xcom_args_with_operators', 'example_xcom_args' retrieved from /home/airflow/.local/lib/python3.8/site-packages/airflow/example_dags/example_xcomargs.py
[2025-12-07T16:35:51.168+0000] {logging_mixin.py:188} INFO - [2025-12-07T16:35:51.167+0000] {dag.py:3036} INFO - Sync 2 DAGs
[2025-12-07T16:35:51.185+0000] {logging_mixin.py:188} INFO - [2025-12-07T16:35:51.184+0000] {dag.py:3823} INFO - Setting next_dagrun for example_xcom_args to None, run_after=None
[2025-12-07T16:35:51.189+0000] {logging_mixin.py:188} INFO - [2025-12-07T16:35:51.189+0000] {dag.py:3823} INFO - Setting next_dagrun for example_xcom_args_with_operators to None, run_after=None
[2025-12-07T16:35:51.224+0000] {processor.py:183} INFO - Processing /home/airflow/.local/lib/python3.8/site-packages/airflow/example_dags/example_xcomargs.py took 0.116 seconds
[2025-12-07T16:36:21.308+0000] {processor.py:161} INFO - Started process (PID=4899) to work on /home/airflow/.local/lib/python3.8/site-packages/airflow/example_dags/example_xcomargs.py
[2025-12-07T16:36:21.310+0000] {processor.py:830} INFO - Processing file /home/airflow/.local/lib/python3.8/site-packages/airflow/example_dags/example_xcomargs.py for tasks to queue
[2025-12-07T16:36:21.313+0000] {logging_mixin.py:188} INFO - [2025-12-07T16:36:21.312+0000] {dagbag.py:538} INFO - Filling up the DagBag from /home/airflow/.local/lib/python3.8/site-packages/airflow/example_dags/example_xcomargs.py
[2025-12-07T16:36:21.325+0000] {processor.py:840} INFO - DAG(s) 'example_xcom_args', 'example_xcom_args_with_operators' retrieved from /home/airflow/.local/lib/python3.8/site-packages/airflow/example_dags/example_xcomargs.py
[2025-12-07T16:36:21.365+0000] {logging_mixin.py:188} INFO - [2025-12-07T16:36:21.364+0000] {dag.py:3036} INFO - Sync 2 DAGs
[2025-12-07T16:36:21.382+0000] {logging_mixin.py:188} INFO - [2025-12-07T16:36:21.382+0000] {dag.py:3823} INFO - Setting next_dagrun for example_xcom_args to None, run_after=None
[2025-12-07T16:36:21.387+0000] {logging_mixin.py:188} INFO - [2025-12-07T16:36:21.386+0000] {dag.py:3823} INFO - Setting next_dagrun for example_xcom_args_with_operators to None, run_after=None
[2025-12-07T16:36:21.413+0000] {processor.py:183} INFO - Processing /home/airflow/.local/lib/python3.8/site-packages/airflow/example_dags/example_xcomargs.py took 0.111 seconds
[2025-12-07T16:36:51.698+0000] {processor.py:161} INFO - Started process (PID=4960) to work on /home/airflow/.local/lib/python3.8/site-packages/airflow/example_dags/example_xcomargs.py
[2025-12-07T16:36:51.700+0000] {processor.py:830} INFO - Processing file /home/airflow/.local/lib/python3.8/site-packages/airflow/example_dags/example_xcomargs.py for tasks to queue
[2025-12-07T16:36:51.705+0000] {logging_mixin.py:188} INFO - [2025-12-07T16:36:51.704+0000] {dagbag.py:538} INFO - Filling up the DagBag from /home/airflow/.local/lib/python3.8/site-packages/airflow/example_dags/example_xcomargs.py
[2025-12-07T16:36:51.715+0000] {processor.py:840} INFO - DAG(s) 'example_xcom_args_with_operators', 'example_xcom_args' retrieved from /home/airflow/.local/lib/python3.8/site-packages/airflow/example_dags/example_xcomargs.py
[2025-12-07T16:36:51.758+0000] {logging_mixin.py:188} INFO - [2025-12-07T16:36:51.758+0000] {dag.py:3036} INFO - Sync 2 DAGs
[2025-12-07T16:36:51.775+0000] {logging_mixin.py:188} INFO - [2025-12-07T16:36:51.775+0000] {dag.py:3823} INFO - Setting next_dagrun for example_xcom_args to None, run_after=None
[2025-12-07T16:36:51.781+0000] {logging_mixin.py:188} INFO - [2025-12-07T16:36:51.780+0000] {dag.py:3823} INFO - Setting next_dagrun for example_xcom_args_with_operators to None, run_after=None
[2025-12-07T16:36:51.810+0000] {processor.py:183} INFO - Processing /home/airflow/.local/lib/python3.8/site-packages/airflow/example_dags/example_xcomargs.py took 0.117 seconds
[2025-12-07T16:37:22.354+0000] {processor.py:161} INFO - Started process (PID=5021) to work on /home/airflow/.local/lib/python3.8/site-packages/airflow/example_dags/example_xcomargs.py
[2025-12-07T16:37:22.356+0000] {processor.py:830} INFO - Processing file /home/airflow/.local/lib/python3.8/site-packages/airflow/example_dags/example_xcomargs.py for tasks to queue
[2025-12-07T16:37:22.358+0000] {logging_mixin.py:188} INFO - [2025-12-07T16:37:22.358+0000] {dagbag.py:538} INFO - Filling up the DagBag from /home/airflow/.local/lib/python3.8/site-packages/airflow/example_dags/example_xcomargs.py
[2025-12-07T16:37:22.371+0000] {processor.py:840} INFO - DAG(s) 'example_xcom_args', 'example_xcom_args_with_operators' retrieved from /home/airflow/.local/lib/python3.8/site-packages/airflow/example_dags/example_xcomargs.py
[2025-12-07T16:37:22.415+0000] {logging_mixin.py:188} INFO - [2025-12-07T16:37:22.415+0000] {dag.py:3036} INFO - Sync 2 DAGs
[2025-12-07T16:37:22.433+0000] {logging_mixin.py:188} INFO - [2025-12-07T16:37:22.433+0000] {dag.py:3823} INFO - Setting next_dagrun for example_xcom_args to None, run_after=None
[2025-12-07T16:37:22.438+0000] {logging_mixin.py:188} INFO - [2025-12-07T16:37:22.438+0000] {dag.py:3823} INFO - Setting next_dagrun for example_xcom_args_with_operators to None, run_after=None
[2025-12-07T16:37:22.469+0000] {processor.py:183} INFO - Processing /home/airflow/.local/lib/python3.8/site-packages/airflow/example_dags/example_xcomargs.py took 0.121 seconds
[2025-12-07T16:37:52.641+0000] {processor.py:161} INFO - Started process (PID=5082) to work on /home/airflow/.local/lib/python3.8/site-packages/airflow/example_dags/example_xcomargs.py
[2025-12-07T16:37:52.643+0000] {processor.py:830} INFO - Processing file /home/airflow/.local/lib/python3.8/site-packages/airflow/example_dags/example_xcomargs.py for tasks to queue
[2025-12-07T16:37:52.648+0000] {logging_mixin.py:188} INFO - [2025-12-07T16:37:52.646+0000] {dagbag.py:538} INFO - Filling up the DagBag from /home/airflow/.local/lib/python3.8/site-packages/airflow/example_dags/example_xcomargs.py
[2025-12-07T16:37:52.662+0000] {processor.py:840} INFO - DAG(s) 'example_xcom_args_with_operators', 'example_xcom_args' retrieved from /home/airflow/.local/lib/python3.8/site-packages/airflow/example_dags/example_xcomargs.py
[2025-12-07T16:37:52.700+0000] {logging_mixin.py:188} INFO - [2025-12-07T16:37:52.700+0000] {dag.py:3036} INFO - Sync 2 DAGs
[2025-12-07T16:37:52.717+0000] {logging_mixin.py:188} INFO - [2025-12-07T16:37:52.717+0000] {dag.py:3823} INFO - Setting next_dagrun for example_xcom_args to None, run_after=None
[2025-12-07T16:37:52.722+0000] {logging_mixin.py:188} INFO - [2025-12-07T16:37:52.722+0000] {dag.py:3823} INFO - Setting next_dagrun for example_xcom_args_with_operators to None, run_after=None
[2025-12-07T16:37:52.752+0000] {processor.py:183} INFO - Processing /home/airflow/.local/lib/python3.8/site-packages/airflow/example_dags/example_xcomargs.py took 0.115 seconds
[2025-12-07T16:38:23.110+0000] {processor.py:161} INFO - Started process (PID=5143) to work on /home/airflow/.local/lib/python3.8/site-packages/airflow/example_dags/example_xcomargs.py
[2025-12-07T16:38:23.111+0000] {processor.py:830} INFO - Processing file /home/airflow/.local/lib/python3.8/site-packages/airflow/example_dags/example_xcomargs.py for tasks to queue
[2025-12-07T16:38:23.114+0000] {logging_mixin.py:188} INFO - [2025-12-07T16:38:23.113+0000] {dagbag.py:538} INFO - Filling up the DagBag from /home/airflow/.local/lib/python3.8/site-packages/airflow/example_dags/example_xcomargs.py
[2025-12-07T16:38:23.123+0000] {processor.py:840} INFO - DAG(s) 'example_xcom_args', 'example_xcom_args_with_operators' retrieved from /home/airflow/.local/lib/python3.8/site-packages/airflow/example_dags/example_xcomargs.py
[2025-12-07T16:38:23.159+0000] {logging_mixin.py:188} INFO - [2025-12-07T16:38:23.159+0000] {dag.py:3036} INFO - Sync 2 DAGs
[2025-12-07T16:38:23.175+0000] {logging_mixin.py:188} INFO - [2025-12-07T16:38:23.174+0000] {dag.py:3823} INFO - Setting next_dagrun for example_xcom_args to None, run_after=None
[2025-12-07T16:38:23.179+0000] {logging_mixin.py:188} INFO - [2025-12-07T16:38:23.179+0000] {dag.py:3823} INFO - Setting next_dagrun for example_xcom_args_with_operators to None, run_after=None
[2025-12-07T16:38:23.201+0000] {processor.py:183} INFO - Processing /home/airflow/.local/lib/python3.8/site-packages/airflow/example_dags/example_xcomargs.py took 0.096 seconds
[2025-12-07T16:38:53.676+0000] {processor.py:161} INFO - Started process (PID=5204) to work on /home/airflow/.local/lib/python3.8/site-packages/airflow/example_dags/example_xcomargs.py
[2025-12-07T16:38:53.677+0000] {processor.py:830} INFO - Processing file /home/airflow/.local/lib/python3.8/site-packages/airflow/example_dags/example_xcomargs.py for tasks to queue
[2025-12-07T16:38:53.679+0000] {logging_mixin.py:188} INFO - [2025-12-07T16:38:53.679+0000] {dagbag.py:538} INFO - Filling up the DagBag from /home/airflow/.local/lib/python3.8/site-packages/airflow/example_dags/example_xcomargs.py
[2025-12-07T16:38:53.690+0000] {processor.py:840} INFO - DAG(s) 'example_xcom_args_with_operators', 'example_xcom_args' retrieved from /home/airflow/.local/lib/python3.8/site-packages/airflow/example_dags/example_xcomargs.py
[2025-12-07T16:38:53.725+0000] {logging_mixin.py:188} INFO - [2025-12-07T16:38:53.725+0000] {dag.py:3036} INFO - Sync 2 DAGs
[2025-12-07T16:38:53.743+0000] {logging_mixin.py:188} INFO - [2025-12-07T16:38:53.743+0000] {dag.py:3823} INFO - Setting next_dagrun for example_xcom_args to None, run_after=None
[2025-12-07T16:38:53.749+0000] {logging_mixin.py:188} INFO - [2025-12-07T16:38:53.748+0000] {dag.py:3823} INFO - Setting next_dagrun for example_xcom_args_with_operators to None, run_after=None
[2025-12-07T16:38:53.775+0000] {processor.py:183} INFO - Processing /home/airflow/.local/lib/python3.8/site-packages/airflow/example_dags/example_xcomargs.py took 0.104 seconds
[2025-12-07T16:39:24.155+0000] {processor.py:161} INFO - Started process (PID=5265) to work on /home/airflow/.local/lib/python3.8/site-packages/airflow/example_dags/example_xcomargs.py
[2025-12-07T16:39:24.157+0000] {processor.py:830} INFO - Processing file /home/airflow/.local/lib/python3.8/site-packages/airflow/example_dags/example_xcomargs.py for tasks to queue
[2025-12-07T16:39:24.160+0000] {logging_mixin.py:188} INFO - [2025-12-07T16:39:24.159+0000] {dagbag.py:538} INFO - Filling up the DagBag from /home/airflow/.local/lib/python3.8/site-packages/airflow/example_dags/example_xcomargs.py
[2025-12-07T16:39:24.175+0000] {processor.py:840} INFO - DAG(s) 'example_xcom_args', 'example_xcom_args_with_operators' retrieved from /home/airflow/.local/lib/python3.8/site-packages/airflow/example_dags/example_xcomargs.py
[2025-12-07T16:39:24.220+0000] {logging_mixin.py:188} INFO - [2025-12-07T16:39:24.219+0000] {dag.py:3036} INFO - Sync 2 DAGs
[2025-12-07T16:39:24.244+0000] {logging_mixin.py:188} INFO - [2025-12-07T16:39:24.243+0000] {dag.py:3823} INFO - Setting next_dagrun for example_xcom_args to None, run_after=None
[2025-12-07T16:39:24.250+0000] {logging_mixin.py:188} INFO - [2025-12-07T16:39:24.250+0000] {dag.py:3823} INFO - Setting next_dagrun for example_xcom_args_with_operators to None, run_after=None
[2025-12-07T16:39:24.282+0000] {processor.py:183} INFO - Processing /home/airflow/.local/lib/python3.8/site-packages/airflow/example_dags/example_xcomargs.py took 0.132 seconds
[2025-12-07T16:39:54.396+0000] {processor.py:161} INFO - Started process (PID=5326) to work on /home/airflow/.local/lib/python3.8/site-packages/airflow/example_dags/example_xcomargs.py
[2025-12-07T16:39:54.398+0000] {processor.py:830} INFO - Processing file /home/airflow/.local/lib/python3.8/site-packages/airflow/example_dags/example_xcomargs.py for tasks to queue
[2025-12-07T16:39:54.401+0000] {logging_mixin.py:188} INFO - [2025-12-07T16:39:54.400+0000] {dagbag.py:538} INFO - Filling up the DagBag from /home/airflow/.local/lib/python3.8/site-packages/airflow/example_dags/example_xcomargs.py
[2025-12-07T16:39:54.414+0000] {processor.py:840} INFO - DAG(s) 'example_xcom_args', 'example_xcom_args_with_operators' retrieved from /home/airflow/.local/lib/python3.8/site-packages/airflow/example_dags/example_xcomargs.py
[2025-12-07T16:39:54.449+0000] {logging_mixin.py:188} INFO - [2025-12-07T16:39:54.449+0000] {dag.py:3036} INFO - Sync 2 DAGs
[2025-12-07T16:39:54.463+0000] {logging_mixin.py:188} INFO - [2025-12-07T16:39:54.463+0000] {dag.py:3823} INFO - Setting next_dagrun for example_xcom_args to None, run_after=None
[2025-12-07T16:39:54.468+0000] {logging_mixin.py:188} INFO - [2025-12-07T16:39:54.468+0000] {dag.py:3823} INFO - Setting next_dagrun for example_xcom_args_with_operators to None, run_after=None
[2025-12-07T16:39:54.492+0000] {processor.py:183} INFO - Processing /home/airflow/.local/lib/python3.8/site-packages/airflow/example_dags/example_xcomargs.py took 0.101 seconds
[2025-12-07T16:40:24.594+0000] {processor.py:161} INFO - Started process (PID=5387) to work on /home/airflow/.local/lib/python3.8/site-packages/airflow/example_dags/example_xcomargs.py
[2025-12-07T16:40:24.596+0000] {processor.py:830} INFO - Processing file /home/airflow/.local/lib/python3.8/site-packages/airflow/example_dags/example_xcomargs.py for tasks to queue
[2025-12-07T16:40:24.598+0000] {logging_mixin.py:188} INFO - [2025-12-07T16:40:24.598+0000] {dagbag.py:538} INFO - Filling up the DagBag from /home/airflow/.local/lib/python3.8/site-packages/airflow/example_dags/example_xcomargs.py
[2025-12-07T16:40:24.611+0000] {processor.py:840} INFO - DAG(s) 'example_xcom_args', 'example_xcom_args_with_operators' retrieved from /home/airflow/.local/lib/python3.8/site-packages/airflow/example_dags/example_xcomargs.py
[2025-12-07T16:40:24.649+0000] {logging_mixin.py:188} INFO - [2025-12-07T16:40:24.648+0000] {dag.py:3036} INFO - Sync 2 DAGs
[2025-12-07T16:40:24.665+0000] {logging_mixin.py:188} INFO - [2025-12-07T16:40:24.665+0000] {dag.py:3823} INFO - Setting next_dagrun for example_xcom_args to None, run_after=None
[2025-12-07T16:40:24.670+0000] {logging_mixin.py:188} INFO - [2025-12-07T16:40:24.670+0000] {dag.py:3823} INFO - Setting next_dagrun for example_xcom_args_with_operators to None, run_after=None
[2025-12-07T16:40:24.700+0000] {processor.py:183} INFO - Processing /home/airflow/.local/lib/python3.8/site-packages/airflow/example_dags/example_xcomargs.py took 0.111 seconds
[2025-12-07T16:40:55.420+0000] {processor.py:161} INFO - Started process (PID=5446) to work on /home/airflow/.local/lib/python3.8/site-packages/airflow/example_dags/example_xcomargs.py
[2025-12-07T16:40:55.421+0000] {processor.py:830} INFO - Processing file /home/airflow/.local/lib/python3.8/site-packages/airflow/example_dags/example_xcomargs.py for tasks to queue
[2025-12-07T16:40:55.424+0000] {logging_mixin.py:188} INFO - [2025-12-07T16:40:55.424+0000] {dagbag.py:538} INFO - Filling up the DagBag from /home/airflow/.local/lib/python3.8/site-packages/airflow/example_dags/example_xcomargs.py
[2025-12-07T16:40:55.435+0000] {processor.py:840} INFO - DAG(s) 'example_xcom_args', 'example_xcom_args_with_operators' retrieved from /home/airflow/.local/lib/python3.8/site-packages/airflow/example_dags/example_xcomargs.py
[2025-12-07T16:40:55.471+0000] {logging_mixin.py:188} INFO - [2025-12-07T16:40:55.471+0000] {dag.py:3036} INFO - Sync 2 DAGs
[2025-12-07T16:40:55.487+0000] {logging_mixin.py:188} INFO - [2025-12-07T16:40:55.487+0000] {dag.py:3823} INFO - Setting next_dagrun for example_xcom_args to None, run_after=None
[2025-12-07T16:40:55.493+0000] {logging_mixin.py:188} INFO - [2025-12-07T16:40:55.492+0000] {dag.py:3823} INFO - Setting next_dagrun for example_xcom_args_with_operators to None, run_after=None
[2025-12-07T16:40:55.520+0000] {processor.py:183} INFO - Processing /home/airflow/.local/lib/python3.8/site-packages/airflow/example_dags/example_xcomargs.py took 0.104 seconds
[2025-12-07T16:41:25.893+0000] {processor.py:161} INFO - Started process (PID=5507) to work on /home/airflow/.local/lib/python3.8/site-packages/airflow/example_dags/example_xcomargs.py
[2025-12-07T16:41:25.895+0000] {processor.py:830} INFO - Processing file /home/airflow/.local/lib/python3.8/site-packages/airflow/example_dags/example_xcomargs.py for tasks to queue
[2025-12-07T16:41:25.900+0000] {logging_mixin.py:188} INFO - [2025-12-07T16:41:25.900+0000] {dagbag.py:538} INFO - Filling up the DagBag from /home/airflow/.local/lib/python3.8/site-packages/airflow/example_dags/example_xcomargs.py
[2025-12-07T16:41:25.913+0000] {processor.py:840} INFO - DAG(s) 'example_xcom_args_with_operators', 'example_xcom_args' retrieved from /home/airflow/.local/lib/python3.8/site-packages/airflow/example_dags/example_xcomargs.py
[2025-12-07T16:41:25.948+0000] {logging_mixin.py:188} INFO - [2025-12-07T16:41:25.948+0000] {dag.py:3036} INFO - Sync 2 DAGs
[2025-12-07T16:41:25.964+0000] {logging_mixin.py:188} INFO - [2025-12-07T16:41:25.964+0000] {dag.py:3823} INFO - Setting next_dagrun for example_xcom_args to None, run_after=None
[2025-12-07T16:41:25.971+0000] {logging_mixin.py:188} INFO - [2025-12-07T16:41:25.970+0000] {dag.py:3823} INFO - Setting next_dagrun for example_xcom_args_with_operators to None, run_after=None
[2025-12-07T16:41:25.997+0000] {processor.py:183} INFO - Processing /home/airflow/.local/lib/python3.8/site-packages/airflow/example_dags/example_xcomargs.py took 0.110 seconds
[2025-12-07T16:41:56.481+0000] {processor.py:161} INFO - Started process (PID=5568) to work on /home/airflow/.local/lib/python3.8/site-packages/airflow/example_dags/example_xcomargs.py
[2025-12-07T16:41:56.483+0000] {processor.py:830} INFO - Processing file /home/airflow/.local/lib/python3.8/site-packages/airflow/example_dags/example_xcomargs.py for tasks to queue
[2025-12-07T16:41:56.487+0000] {logging_mixin.py:188} INFO - [2025-12-07T16:41:56.486+0000] {dagbag.py:538} INFO - Filling up the DagBag from /home/airflow/.local/lib/python3.8/site-packages/airflow/example_dags/example_xcomargs.py
[2025-12-07T16:41:56.496+0000] {processor.py:840} INFO - DAG(s) 'example_xcom_args_with_operators', 'example_xcom_args' retrieved from /home/airflow/.local/lib/python3.8/site-packages/airflow/example_dags/example_xcomargs.py
[2025-12-07T16:41:56.528+0000] {logging_mixin.py:188} INFO - [2025-12-07T16:41:56.528+0000] {dag.py:3036} INFO - Sync 2 DAGs
[2025-12-07T16:41:56.544+0000] {logging_mixin.py:188} INFO - [2025-12-07T16:41:56.544+0000] {dag.py:3823} INFO - Setting next_dagrun for example_xcom_args to None, run_after=None
[2025-12-07T16:41:56.549+0000] {logging_mixin.py:188} INFO - [2025-12-07T16:41:56.549+0000] {dag.py:3823} INFO - Setting next_dagrun for example_xcom_args_with_operators to None, run_after=None
[2025-12-07T16:41:56.580+0000] {processor.py:183} INFO - Processing /home/airflow/.local/lib/python3.8/site-packages/airflow/example_dags/example_xcomargs.py took 0.103 seconds
[2025-12-07T16:42:27.020+0000] {processor.py:161} INFO - Started process (PID=5629) to work on /home/airflow/.local/lib/python3.8/site-packages/airflow/example_dags/example_xcomargs.py
[2025-12-07T16:42:27.022+0000] {processor.py:830} INFO - Processing file /home/airflow/.local/lib/python3.8/site-packages/airflow/example_dags/example_xcomargs.py for tasks to queue
[2025-12-07T16:42:27.026+0000] {logging_mixin.py:188} INFO - [2025-12-07T16:42:27.025+0000] {dagbag.py:538} INFO - Filling up the DagBag from /home/airflow/.local/lib/python3.8/site-packages/airflow/example_dags/example_xcomargs.py
[2025-12-07T16:42:27.038+0000] {processor.py:840} INFO - DAG(s) 'example_xcom_args_with_operators', 'example_xcom_args' retrieved from /home/airflow/.local/lib/python3.8/site-packages/airflow/example_dags/example_xcomargs.py
[2025-12-07T16:42:27.071+0000] {logging_mixin.py:188} INFO - [2025-12-07T16:42:27.071+0000] {dag.py:3036} INFO - Sync 2 DAGs
[2025-12-07T16:42:27.086+0000] {logging_mixin.py:188} INFO - [2025-12-07T16:42:27.086+0000] {dag.py:3823} INFO - Setting next_dagrun for example_xcom_args to None, run_after=None
[2025-12-07T16:42:27.091+0000] {logging_mixin.py:188} INFO - [2025-12-07T16:42:27.091+0000] {dag.py:3823} INFO - Setting next_dagrun for example_xcom_args_with_operators to None, run_after=None
[2025-12-07T16:42:27.110+0000] {processor.py:183} INFO - Processing /home/airflow/.local/lib/python3.8/site-packages/airflow/example_dags/example_xcomargs.py took 0.094 seconds
[2025-12-07T16:42:57.428+0000] {processor.py:161} INFO - Started process (PID=5690) to work on /home/airflow/.local/lib/python3.8/site-packages/airflow/example_dags/example_xcomargs.py
[2025-12-07T16:42:57.429+0000] {processor.py:830} INFO - Processing file /home/airflow/.local/lib/python3.8/site-packages/airflow/example_dags/example_xcomargs.py for tasks to queue
[2025-12-07T16:42:57.434+0000] {logging_mixin.py:188} INFO - [2025-12-07T16:42:57.434+0000] {dagbag.py:538} INFO - Filling up the DagBag from /home/airflow/.local/lib/python3.8/site-packages/airflow/example_dags/example_xcomargs.py
[2025-12-07T16:42:57.447+0000] {processor.py:840} INFO - DAG(s) 'example_xcom_args_with_operators', 'example_xcom_args' retrieved from /home/airflow/.local/lib/python3.8/site-packages/airflow/example_dags/example_xcomargs.py
[2025-12-07T16:42:57.491+0000] {logging_mixin.py:188} INFO - [2025-12-07T16:42:57.490+0000] {dag.py:3036} INFO - Sync 2 DAGs
[2025-12-07T16:42:57.511+0000] {logging_mixin.py:188} INFO - [2025-12-07T16:42:57.510+0000] {dag.py:3823} INFO - Setting next_dagrun for example_xcom_args to None, run_after=None
[2025-12-07T16:42:57.518+0000] {logging_mixin.py:188} INFO - [2025-12-07T16:42:57.517+0000] {dag.py:3823} INFO - Setting next_dagrun for example_xcom_args_with_operators to None, run_after=None
[2025-12-07T16:42:57.551+0000] {processor.py:183} INFO - Processing /home/airflow/.local/lib/python3.8/site-packages/airflow/example_dags/example_xcomargs.py took 0.128 seconds
[2025-12-07T16:43:28.028+0000] {processor.py:161} INFO - Started process (PID=5751) to work on /home/airflow/.local/lib/python3.8/site-packages/airflow/example_dags/example_xcomargs.py
[2025-12-07T16:43:28.029+0000] {processor.py:830} INFO - Processing file /home/airflow/.local/lib/python3.8/site-packages/airflow/example_dags/example_xcomargs.py for tasks to queue
[2025-12-07T16:43:28.033+0000] {logging_mixin.py:188} INFO - [2025-12-07T16:43:28.033+0000] {dagbag.py:538} INFO - Filling up the DagBag from /home/airflow/.local/lib/python3.8/site-packages/airflow/example_dags/example_xcomargs.py
[2025-12-07T16:43:28.047+0000] {processor.py:840} INFO - DAG(s) 'example_xcom_args', 'example_xcom_args_with_operators' retrieved from /home/airflow/.local/lib/python3.8/site-packages/airflow/example_dags/example_xcomargs.py
[2025-12-07T16:43:28.093+0000] {logging_mixin.py:188} INFO - [2025-12-07T16:43:28.093+0000] {dag.py:3036} INFO - Sync 2 DAGs
[2025-12-07T16:43:28.114+0000] {logging_mixin.py:188} INFO - [2025-12-07T16:43:28.113+0000] {dag.py:3823} INFO - Setting next_dagrun for example_xcom_args to None, run_after=None
[2025-12-07T16:43:28.120+0000] {logging_mixin.py:188} INFO - [2025-12-07T16:43:28.119+0000] {dag.py:3823} INFO - Setting next_dagrun for example_xcom_args_with_operators to None, run_after=None
[2025-12-07T16:43:28.155+0000] {processor.py:183} INFO - Processing /home/airflow/.local/lib/python3.8/site-packages/airflow/example_dags/example_xcomargs.py took 0.133 seconds
[2025-12-07T16:43:58.740+0000] {processor.py:161} INFO - Started process (PID=5812) to work on /home/airflow/.local/lib/python3.8/site-packages/airflow/example_dags/example_xcomargs.py
[2025-12-07T16:43:58.742+0000] {processor.py:830} INFO - Processing file /home/airflow/.local/lib/python3.8/site-packages/airflow/example_dags/example_xcomargs.py for tasks to queue
[2025-12-07T16:43:58.745+0000] {logging_mixin.py:188} INFO - [2025-12-07T16:43:58.745+0000] {dagbag.py:538} INFO - Filling up the DagBag from /home/airflow/.local/lib/python3.8/site-packages/airflow/example_dags/example_xcomargs.py
[2025-12-07T16:43:58.756+0000] {processor.py:840} INFO - DAG(s) 'example_xcom_args_with_operators', 'example_xcom_args' retrieved from /home/airflow/.local/lib/python3.8/site-packages/airflow/example_dags/example_xcomargs.py
[2025-12-07T16:43:58.794+0000] {logging_mixin.py:188} INFO - [2025-12-07T16:43:58.793+0000] {dag.py:3036} INFO - Sync 2 DAGs
[2025-12-07T16:43:58.812+0000] {logging_mixin.py:188} INFO - [2025-12-07T16:43:58.812+0000] {dag.py:3823} INFO - Setting next_dagrun for example_xcom_args to None, run_after=None
[2025-12-07T16:43:58.817+0000] {logging_mixin.py:188} INFO - [2025-12-07T16:43:58.817+0000] {dag.py:3823} INFO - Setting next_dagrun for example_xcom_args_with_operators to None, run_after=None
[2025-12-07T16:43:58.849+0000] {processor.py:183} INFO - Processing /home/airflow/.local/lib/python3.8/site-packages/airflow/example_dags/example_xcomargs.py took 0.114 seconds
[2025-12-07T16:44:28.958+0000] {processor.py:161} INFO - Started process (PID=5873) to work on /home/airflow/.local/lib/python3.8/site-packages/airflow/example_dags/example_xcomargs.py
[2025-12-07T16:44:28.959+0000] {processor.py:830} INFO - Processing file /home/airflow/.local/lib/python3.8/site-packages/airflow/example_dags/example_xcomargs.py for tasks to queue
[2025-12-07T16:44:28.963+0000] {logging_mixin.py:188} INFO - [2025-12-07T16:44:28.962+0000] {dagbag.py:538} INFO - Filling up the DagBag from /home/airflow/.local/lib/python3.8/site-packages/airflow/example_dags/example_xcomargs.py
[2025-12-07T16:44:28.976+0000] {processor.py:840} INFO - DAG(s) 'example_xcom_args_with_operators', 'example_xcom_args' retrieved from /home/airflow/.local/lib/python3.8/site-packages/airflow/example_dags/example_xcomargs.py
[2025-12-07T16:44:29.006+0000] {logging_mixin.py:188} INFO - [2025-12-07T16:44:29.006+0000] {dag.py:3036} INFO - Sync 2 DAGs
[2025-12-07T16:44:29.024+0000] {logging_mixin.py:188} INFO - [2025-12-07T16:44:29.024+0000] {dag.py:3823} INFO - Setting next_dagrun for example_xcom_args to None, run_after=None
[2025-12-07T16:44:29.029+0000] {logging_mixin.py:188} INFO - [2025-12-07T16:44:29.029+0000] {dag.py:3823} INFO - Setting next_dagrun for example_xcom_args_with_operators to None, run_after=None
[2025-12-07T16:44:29.059+0000] {processor.py:183} INFO - Processing /home/airflow/.local/lib/python3.8/site-packages/airflow/example_dags/example_xcomargs.py took 0.105 seconds
[2025-12-07T16:44:59.285+0000] {processor.py:161} INFO - Started process (PID=5934) to work on /home/airflow/.local/lib/python3.8/site-packages/airflow/example_dags/example_xcomargs.py
[2025-12-07T16:44:59.288+0000] {processor.py:830} INFO - Processing file /home/airflow/.local/lib/python3.8/site-packages/airflow/example_dags/example_xcomargs.py for tasks to queue
[2025-12-07T16:44:59.292+0000] {logging_mixin.py:188} INFO - [2025-12-07T16:44:59.292+0000] {dagbag.py:538} INFO - Filling up the DagBag from /home/airflow/.local/lib/python3.8/site-packages/airflow/example_dags/example_xcomargs.py
[2025-12-07T16:44:59.313+0000] {processor.py:840} INFO - DAG(s) 'example_xcom_args_with_operators', 'example_xcom_args' retrieved from /home/airflow/.local/lib/python3.8/site-packages/airflow/example_dags/example_xcomargs.py
[2025-12-07T16:44:59.352+0000] {logging_mixin.py:188} INFO - [2025-12-07T16:44:59.351+0000] {dag.py:3036} INFO - Sync 2 DAGs
[2025-12-07T16:44:59.368+0000] {logging_mixin.py:188} INFO - [2025-12-07T16:44:59.368+0000] {dag.py:3823} INFO - Setting next_dagrun for example_xcom_args to None, run_after=None
[2025-12-07T16:44:59.376+0000] {logging_mixin.py:188} INFO - [2025-12-07T16:44:59.376+0000] {dag.py:3823} INFO - Setting next_dagrun for example_xcom_args_with_operators to None, run_after=None
[2025-12-07T16:44:59.402+0000] {processor.py:183} INFO - Processing /home/airflow/.local/lib/python3.8/site-packages/airflow/example_dags/example_xcomargs.py took 0.121 seconds
[2025-12-07T16:45:29.535+0000] {processor.py:161} INFO - Started process (PID=5995) to work on /home/airflow/.local/lib/python3.8/site-packages/airflow/example_dags/example_xcomargs.py
[2025-12-07T16:45:29.536+0000] {processor.py:830} INFO - Processing file /home/airflow/.local/lib/python3.8/site-packages/airflow/example_dags/example_xcomargs.py for tasks to queue
[2025-12-07T16:45:29.539+0000] {logging_mixin.py:188} INFO - [2025-12-07T16:45:29.538+0000] {dagbag.py:538} INFO - Filling up the DagBag from /home/airflow/.local/lib/python3.8/site-packages/airflow/example_dags/example_xcomargs.py
[2025-12-07T16:45:29.551+0000] {processor.py:840} INFO - DAG(s) 'example_xcom_args', 'example_xcom_args_with_operators' retrieved from /home/airflow/.local/lib/python3.8/site-packages/airflow/example_dags/example_xcomargs.py
[2025-12-07T16:45:29.583+0000] {logging_mixin.py:188} INFO - [2025-12-07T16:45:29.583+0000] {dag.py:3036} INFO - Sync 2 DAGs
[2025-12-07T16:45:29.597+0000] {logging_mixin.py:188} INFO - [2025-12-07T16:45:29.597+0000] {dag.py:3823} INFO - Setting next_dagrun for example_xcom_args to None, run_after=None
[2025-12-07T16:45:29.602+0000] {logging_mixin.py:188} INFO - [2025-12-07T16:45:29.602+0000] {dag.py:3823} INFO - Setting next_dagrun for example_xcom_args_with_operators to None, run_after=None
[2025-12-07T16:45:29.628+0000] {processor.py:183} INFO - Processing /home/airflow/.local/lib/python3.8/site-packages/airflow/example_dags/example_xcomargs.py took 0.098 seconds
[2025-12-07T16:45:59.817+0000] {processor.py:161} INFO - Started process (PID=6056) to work on /home/airflow/.local/lib/python3.8/site-packages/airflow/example_dags/example_xcomargs.py
[2025-12-07T16:45:59.819+0000] {processor.py:830} INFO - Processing file /home/airflow/.local/lib/python3.8/site-packages/airflow/example_dags/example_xcomargs.py for tasks to queue
[2025-12-07T16:45:59.821+0000] {logging_mixin.py:188} INFO - [2025-12-07T16:45:59.821+0000] {dagbag.py:538} INFO - Filling up the DagBag from /home/airflow/.local/lib/python3.8/site-packages/airflow/example_dags/example_xcomargs.py
[2025-12-07T16:45:59.831+0000] {processor.py:840} INFO - DAG(s) 'example_xcom_args_with_operators', 'example_xcom_args' retrieved from /home/airflow/.local/lib/python3.8/site-packages/airflow/example_dags/example_xcomargs.py
[2025-12-07T16:45:59.861+0000] {logging_mixin.py:188} INFO - [2025-12-07T16:45:59.860+0000] {dag.py:3036} INFO - Sync 2 DAGs
[2025-12-07T16:45:59.875+0000] {logging_mixin.py:188} INFO - [2025-12-07T16:45:59.875+0000] {dag.py:3823} INFO - Setting next_dagrun for example_xcom_args to None, run_after=None
[2025-12-07T16:45:59.880+0000] {logging_mixin.py:188} INFO - [2025-12-07T16:45:59.880+0000] {dag.py:3823} INFO - Setting next_dagrun for example_xcom_args_with_operators to None, run_after=None
[2025-12-07T16:45:59.905+0000] {processor.py:183} INFO - Processing /home/airflow/.local/lib/python3.8/site-packages/airflow/example_dags/example_xcomargs.py took 0.092 seconds
[2025-12-07T16:46:30.421+0000] {processor.py:161} INFO - Started process (PID=6117) to work on /home/airflow/.local/lib/python3.8/site-packages/airflow/example_dags/example_xcomargs.py
[2025-12-07T16:46:30.422+0000] {processor.py:830} INFO - Processing file /home/airflow/.local/lib/python3.8/site-packages/airflow/example_dags/example_xcomargs.py for tasks to queue
[2025-12-07T16:46:30.425+0000] {logging_mixin.py:188} INFO - [2025-12-07T16:46:30.424+0000] {dagbag.py:538} INFO - Filling up the DagBag from /home/airflow/.local/lib/python3.8/site-packages/airflow/example_dags/example_xcomargs.py
[2025-12-07T16:46:30.436+0000] {processor.py:840} INFO - DAG(s) 'example_xcom_args_with_operators', 'example_xcom_args' retrieved from /home/airflow/.local/lib/python3.8/site-packages/airflow/example_dags/example_xcomargs.py
[2025-12-07T16:46:30.472+0000] {logging_mixin.py:188} INFO - [2025-12-07T16:46:30.472+0000] {dag.py:3036} INFO - Sync 2 DAGs
[2025-12-07T16:46:30.489+0000] {logging_mixin.py:188} INFO - [2025-12-07T16:46:30.489+0000] {dag.py:3823} INFO - Setting next_dagrun for example_xcom_args to None, run_after=None
[2025-12-07T16:46:30.497+0000] {logging_mixin.py:188} INFO - [2025-12-07T16:46:30.495+0000] {dag.py:3823} INFO - Setting next_dagrun for example_xcom_args_with_operators to None, run_after=None
[2025-12-07T16:46:30.528+0000] {processor.py:183} INFO - Processing /home/airflow/.local/lib/python3.8/site-packages/airflow/example_dags/example_xcomargs.py took 0.113 seconds
[2025-12-07T16:47:00.728+0000] {processor.py:161} INFO - Started process (PID=6178) to work on /home/airflow/.local/lib/python3.8/site-packages/airflow/example_dags/example_xcomargs.py
[2025-12-07T16:47:00.729+0000] {processor.py:830} INFO - Processing file /home/airflow/.local/lib/python3.8/site-packages/airflow/example_dags/example_xcomargs.py for tasks to queue
[2025-12-07T16:47:00.732+0000] {logging_mixin.py:188} INFO - [2025-12-07T16:47:00.732+0000] {dagbag.py:538} INFO - Filling up the DagBag from /home/airflow/.local/lib/python3.8/site-packages/airflow/example_dags/example_xcomargs.py
[2025-12-07T16:47:00.742+0000] {processor.py:840} INFO - DAG(s) 'example_xcom_args', 'example_xcom_args_with_operators' retrieved from /home/airflow/.local/lib/python3.8/site-packages/airflow/example_dags/example_xcomargs.py
[2025-12-07T16:47:00.786+0000] {logging_mixin.py:188} INFO - [2025-12-07T16:47:00.786+0000] {dag.py:3036} INFO - Sync 2 DAGs
[2025-12-07T16:47:00.802+0000] {logging_mixin.py:188} INFO - [2025-12-07T16:47:00.802+0000] {dag.py:3823} INFO - Setting next_dagrun for example_xcom_args to None, run_after=None
[2025-12-07T16:47:00.808+0000] {logging_mixin.py:188} INFO - [2025-12-07T16:47:00.807+0000] {dag.py:3823} INFO - Setting next_dagrun for example_xcom_args_with_operators to None, run_after=None
[2025-12-07T16:47:00.839+0000] {processor.py:183} INFO - Processing /home/airflow/.local/lib/python3.8/site-packages/airflow/example_dags/example_xcomargs.py took 0.118 seconds
[2025-12-07T16:47:31.224+0000] {processor.py:161} INFO - Started process (PID=6239) to work on /home/airflow/.local/lib/python3.8/site-packages/airflow/example_dags/example_xcomargs.py
[2025-12-07T16:47:31.226+0000] {processor.py:830} INFO - Processing file /home/airflow/.local/lib/python3.8/site-packages/airflow/example_dags/example_xcomargs.py for tasks to queue
[2025-12-07T16:47:31.230+0000] {logging_mixin.py:188} INFO - [2025-12-07T16:47:31.230+0000] {dagbag.py:538} INFO - Filling up the DagBag from /home/airflow/.local/lib/python3.8/site-packages/airflow/example_dags/example_xcomargs.py
[2025-12-07T16:47:31.243+0000] {processor.py:840} INFO - DAG(s) 'example_xcom_args_with_operators', 'example_xcom_args' retrieved from /home/airflow/.local/lib/python3.8/site-packages/airflow/example_dags/example_xcomargs.py
[2025-12-07T16:47:31.290+0000] {logging_mixin.py:188} INFO - [2025-12-07T16:47:31.290+0000] {dag.py:3036} INFO - Sync 2 DAGs
[2025-12-07T16:47:31.306+0000] {logging_mixin.py:188} INFO - [2025-12-07T16:47:31.306+0000] {dag.py:3823} INFO - Setting next_dagrun for example_xcom_args to None, run_after=None
[2025-12-07T16:47:31.311+0000] {logging_mixin.py:188} INFO - [2025-12-07T16:47:31.311+0000] {dag.py:3823} INFO - Setting next_dagrun for example_xcom_args_with_operators to None, run_after=None
[2025-12-07T16:47:31.344+0000] {processor.py:183} INFO - Processing /home/airflow/.local/lib/python3.8/site-packages/airflow/example_dags/example_xcomargs.py took 0.127 seconds
[2025-12-07T16:48:01.417+0000] {processor.py:161} INFO - Started process (PID=6300) to work on /home/airflow/.local/lib/python3.8/site-packages/airflow/example_dags/example_xcomargs.py
[2025-12-07T16:48:01.418+0000] {processor.py:830} INFO - Processing file /home/airflow/.local/lib/python3.8/site-packages/airflow/example_dags/example_xcomargs.py for tasks to queue
[2025-12-07T16:48:01.420+0000] {logging_mixin.py:188} INFO - [2025-12-07T16:48:01.420+0000] {dagbag.py:538} INFO - Filling up the DagBag from /home/airflow/.local/lib/python3.8/site-packages/airflow/example_dags/example_xcomargs.py
[2025-12-07T16:48:01.431+0000] {processor.py:840} INFO - DAG(s) 'example_xcom_args_with_operators', 'example_xcom_args' retrieved from /home/airflow/.local/lib/python3.8/site-packages/airflow/example_dags/example_xcomargs.py
[2025-12-07T16:48:01.466+0000] {logging_mixin.py:188} INFO - [2025-12-07T16:48:01.465+0000] {dag.py:3036} INFO - Sync 2 DAGs
[2025-12-07T16:48:01.481+0000] {logging_mixin.py:188} INFO - [2025-12-07T16:48:01.481+0000] {dag.py:3823} INFO - Setting next_dagrun for example_xcom_args to None, run_after=None
[2025-12-07T16:48:01.487+0000] {logging_mixin.py:188} INFO - [2025-12-07T16:48:01.486+0000] {dag.py:3823} INFO - Setting next_dagrun for example_xcom_args_with_operators to None, run_after=None
[2025-12-07T16:48:01.511+0000] {processor.py:183} INFO - Processing /home/airflow/.local/lib/python3.8/site-packages/airflow/example_dags/example_xcomargs.py took 0.099 seconds
[2025-12-07T16:48:32.086+0000] {processor.py:161} INFO - Started process (PID=6361) to work on /home/airflow/.local/lib/python3.8/site-packages/airflow/example_dags/example_xcomargs.py
[2025-12-07T16:48:32.088+0000] {processor.py:830} INFO - Processing file /home/airflow/.local/lib/python3.8/site-packages/airflow/example_dags/example_xcomargs.py for tasks to queue
[2025-12-07T16:48:32.091+0000] {logging_mixin.py:188} INFO - [2025-12-07T16:48:32.090+0000] {dagbag.py:538} INFO - Filling up the DagBag from /home/airflow/.local/lib/python3.8/site-packages/airflow/example_dags/example_xcomargs.py
[2025-12-07T16:48:32.102+0000] {processor.py:840} INFO - DAG(s) 'example_xcom_args_with_operators', 'example_xcom_args' retrieved from /home/airflow/.local/lib/python3.8/site-packages/airflow/example_dags/example_xcomargs.py
[2025-12-07T16:48:32.137+0000] {logging_mixin.py:188} INFO - [2025-12-07T16:48:32.137+0000] {dag.py:3036} INFO - Sync 2 DAGs
[2025-12-07T16:48:32.154+0000] {logging_mixin.py:188} INFO - [2025-12-07T16:48:32.153+0000] {dag.py:3823} INFO - Setting next_dagrun for example_xcom_args to None, run_after=None
[2025-12-07T16:48:32.158+0000] {logging_mixin.py:188} INFO - [2025-12-07T16:48:32.158+0000] {dag.py:3823} INFO - Setting next_dagrun for example_xcom_args_with_operators to None, run_after=None
[2025-12-07T16:48:32.190+0000] {processor.py:183} INFO - Processing /home/airflow/.local/lib/python3.8/site-packages/airflow/example_dags/example_xcomargs.py took 0.108 seconds
[2025-12-07T16:49:02.282+0000] {processor.py:161} INFO - Started process (PID=6422) to work on /home/airflow/.local/lib/python3.8/site-packages/airflow/example_dags/example_xcomargs.py
[2025-12-07T16:49:02.284+0000] {processor.py:830} INFO - Processing file /home/airflow/.local/lib/python3.8/site-packages/airflow/example_dags/example_xcomargs.py for tasks to queue
[2025-12-07T16:49:02.288+0000] {logging_mixin.py:188} INFO - [2025-12-07T16:49:02.287+0000] {dagbag.py:538} INFO - Filling up the DagBag from /home/airflow/.local/lib/python3.8/site-packages/airflow/example_dags/example_xcomargs.py
[2025-12-07T16:49:02.299+0000] {processor.py:840} INFO - DAG(s) 'example_xcom_args', 'example_xcom_args_with_operators' retrieved from /home/airflow/.local/lib/python3.8/site-packages/airflow/example_dags/example_xcomargs.py
[2025-12-07T16:49:02.339+0000] {logging_mixin.py:188} INFO - [2025-12-07T16:49:02.338+0000] {dag.py:3036} INFO - Sync 2 DAGs
[2025-12-07T16:49:02.358+0000] {logging_mixin.py:188} INFO - [2025-12-07T16:49:02.357+0000] {dag.py:3823} INFO - Setting next_dagrun for example_xcom_args to None, run_after=None
[2025-12-07T16:49:02.363+0000] {logging_mixin.py:188} INFO - [2025-12-07T16:49:02.363+0000] {dag.py:3823} INFO - Setting next_dagrun for example_xcom_args_with_operators to None, run_after=None
[2025-12-07T16:49:02.399+0000] {processor.py:183} INFO - Processing /home/airflow/.local/lib/python3.8/site-packages/airflow/example_dags/example_xcomargs.py took 0.122 seconds
[2025-12-07T16:49:32.819+0000] {processor.py:161} INFO - Started process (PID=6483) to work on /home/airflow/.local/lib/python3.8/site-packages/airflow/example_dags/example_xcomargs.py
[2025-12-07T16:49:32.821+0000] {processor.py:830} INFO - Processing file /home/airflow/.local/lib/python3.8/site-packages/airflow/example_dags/example_xcomargs.py for tasks to queue
[2025-12-07T16:49:32.824+0000] {logging_mixin.py:188} INFO - [2025-12-07T16:49:32.824+0000] {dagbag.py:538} INFO - Filling up the DagBag from /home/airflow/.local/lib/python3.8/site-packages/airflow/example_dags/example_xcomargs.py
[2025-12-07T16:49:32.837+0000] {processor.py:840} INFO - DAG(s) 'example_xcom_args_with_operators', 'example_xcom_args' retrieved from /home/airflow/.local/lib/python3.8/site-packages/airflow/example_dags/example_xcomargs.py
[2025-12-07T16:49:32.877+0000] {logging_mixin.py:188} INFO - [2025-12-07T16:49:32.876+0000] {dag.py:3036} INFO - Sync 2 DAGs
[2025-12-07T16:49:32.897+0000] {logging_mixin.py:188} INFO - [2025-12-07T16:49:32.896+0000] {dag.py:3823} INFO - Setting next_dagrun for example_xcom_args to None, run_after=None
[2025-12-07T16:49:32.902+0000] {logging_mixin.py:188} INFO - [2025-12-07T16:49:32.902+0000] {dag.py:3823} INFO - Setting next_dagrun for example_xcom_args_with_operators to None, run_after=None
[2025-12-07T16:49:32.930+0000] {processor.py:183} INFO - Processing /home/airflow/.local/lib/python3.8/site-packages/airflow/example_dags/example_xcomargs.py took 0.117 seconds
[2025-12-07T16:50:03.022+0000] {processor.py:161} INFO - Started process (PID=6542) to work on /home/airflow/.local/lib/python3.8/site-packages/airflow/example_dags/example_xcomargs.py
[2025-12-07T16:50:03.024+0000] {processor.py:830} INFO - Processing file /home/airflow/.local/lib/python3.8/site-packages/airflow/example_dags/example_xcomargs.py for tasks to queue
[2025-12-07T16:50:03.027+0000] {logging_mixin.py:188} INFO - [2025-12-07T16:50:03.027+0000] {dagbag.py:538} INFO - Filling up the DagBag from /home/airflow/.local/lib/python3.8/site-packages/airflow/example_dags/example_xcomargs.py
[2025-12-07T16:50:03.039+0000] {processor.py:840} INFO - DAG(s) 'example_xcom_args_with_operators', 'example_xcom_args' retrieved from /home/airflow/.local/lib/python3.8/site-packages/airflow/example_dags/example_xcomargs.py
[2025-12-07T16:50:03.073+0000] {logging_mixin.py:188} INFO - [2025-12-07T16:50:03.073+0000] {dag.py:3036} INFO - Sync 2 DAGs
[2025-12-07T16:50:03.091+0000] {logging_mixin.py:188} INFO - [2025-12-07T16:50:03.091+0000] {dag.py:3823} INFO - Setting next_dagrun for example_xcom_args to None, run_after=None
[2025-12-07T16:50:03.098+0000] {logging_mixin.py:188} INFO - [2025-12-07T16:50:03.097+0000] {dag.py:3823} INFO - Setting next_dagrun for example_xcom_args_with_operators to None, run_after=None
[2025-12-07T16:50:03.129+0000] {processor.py:183} INFO - Processing /home/airflow/.local/lib/python3.8/site-packages/airflow/example_dags/example_xcomargs.py took 0.113 seconds
[2025-12-07T16:50:33.195+0000] {processor.py:161} INFO - Started process (PID=6603) to work on /home/airflow/.local/lib/python3.8/site-packages/airflow/example_dags/example_xcomargs.py
[2025-12-07T16:50:33.197+0000] {processor.py:830} INFO - Processing file /home/airflow/.local/lib/python3.8/site-packages/airflow/example_dags/example_xcomargs.py for tasks to queue
[2025-12-07T16:50:33.201+0000] {logging_mixin.py:188} INFO - [2025-12-07T16:50:33.200+0000] {dagbag.py:538} INFO - Filling up the DagBag from /home/airflow/.local/lib/python3.8/site-packages/airflow/example_dags/example_xcomargs.py
[2025-12-07T16:50:33.214+0000] {processor.py:840} INFO - DAG(s) 'example_xcom_args_with_operators', 'example_xcom_args' retrieved from /home/airflow/.local/lib/python3.8/site-packages/airflow/example_dags/example_xcomargs.py
[2025-12-07T16:50:33.258+0000] {logging_mixin.py:188} INFO - [2025-12-07T16:50:33.258+0000] {dag.py:3036} INFO - Sync 2 DAGs
[2025-12-07T16:50:33.273+0000] {logging_mixin.py:188} INFO - [2025-12-07T16:50:33.273+0000] {dag.py:3823} INFO - Setting next_dagrun for example_xcom_args to None, run_after=None
[2025-12-07T16:50:33.279+0000] {logging_mixin.py:188} INFO - [2025-12-07T16:50:33.279+0000] {dag.py:3823} INFO - Setting next_dagrun for example_xcom_args_with_operators to None, run_after=None
[2025-12-07T16:50:33.312+0000] {processor.py:183} INFO - Processing /home/airflow/.local/lib/python3.8/site-packages/airflow/example_dags/example_xcomargs.py took 0.123 seconds
[2025-12-07T16:51:04.321+0000] {processor.py:161} INFO - Started process (PID=6664) to work on /home/airflow/.local/lib/python3.8/site-packages/airflow/example_dags/example_xcomargs.py
[2025-12-07T16:51:04.323+0000] {processor.py:830} INFO - Processing file /home/airflow/.local/lib/python3.8/site-packages/airflow/example_dags/example_xcomargs.py for tasks to queue
[2025-12-07T16:51:04.337+0000] {logging_mixin.py:188} INFO - [2025-12-07T16:51:04.335+0000] {dagbag.py:538} INFO - Filling up the DagBag from /home/airflow/.local/lib/python3.8/site-packages/airflow/example_dags/example_xcomargs.py
[2025-12-07T16:51:04.392+0000] {processor.py:840} INFO - DAG(s) 'example_xcom_args_with_operators', 'example_xcom_args' retrieved from /home/airflow/.local/lib/python3.8/site-packages/airflow/example_dags/example_xcomargs.py
[2025-12-07T16:51:04.530+0000] {logging_mixin.py:188} INFO - [2025-12-07T16:51:04.529+0000] {dag.py:3036} INFO - Sync 2 DAGs
[2025-12-07T16:51:04.567+0000] {logging_mixin.py:188} INFO - [2025-12-07T16:51:04.567+0000] {dag.py:3823} INFO - Setting next_dagrun for example_xcom_args to None, run_after=None
[2025-12-07T16:51:04.579+0000] {logging_mixin.py:188} INFO - [2025-12-07T16:51:04.579+0000] {dag.py:3823} INFO - Setting next_dagrun for example_xcom_args_with_operators to None, run_after=None
[2025-12-07T16:51:04.627+0000] {processor.py:183} INFO - Processing /home/airflow/.local/lib/python3.8/site-packages/airflow/example_dags/example_xcomargs.py took 0.314 seconds
[2025-12-07T16:51:35.291+0000] {processor.py:161} INFO - Started process (PID=6725) to work on /home/airflow/.local/lib/python3.8/site-packages/airflow/example_dags/example_xcomargs.py
[2025-12-07T16:51:35.292+0000] {processor.py:830} INFO - Processing file /home/airflow/.local/lib/python3.8/site-packages/airflow/example_dags/example_xcomargs.py for tasks to queue
[2025-12-07T16:51:35.295+0000] {logging_mixin.py:188} INFO - [2025-12-07T16:51:35.295+0000] {dagbag.py:538} INFO - Filling up the DagBag from /home/airflow/.local/lib/python3.8/site-packages/airflow/example_dags/example_xcomargs.py
[2025-12-07T16:51:35.306+0000] {processor.py:840} INFO - DAG(s) 'example_xcom_args', 'example_xcom_args_with_operators' retrieved from /home/airflow/.local/lib/python3.8/site-packages/airflow/example_dags/example_xcomargs.py
[2025-12-07T16:51:35.343+0000] {logging_mixin.py:188} INFO - [2025-12-07T16:51:35.343+0000] {dag.py:3036} INFO - Sync 2 DAGs
[2025-12-07T16:51:35.358+0000] {logging_mixin.py:188} INFO - [2025-12-07T16:51:35.358+0000] {dag.py:3823} INFO - Setting next_dagrun for example_xcom_args to None, run_after=None
[2025-12-07T16:51:35.364+0000] {logging_mixin.py:188} INFO - [2025-12-07T16:51:35.363+0000] {dag.py:3823} INFO - Setting next_dagrun for example_xcom_args_with_operators to None, run_after=None
[2025-12-07T16:51:35.395+0000] {processor.py:183} INFO - Processing /home/airflow/.local/lib/python3.8/site-packages/airflow/example_dags/example_xcomargs.py took 0.108 seconds
[2025-12-07T16:52:05.661+0000] {processor.py:161} INFO - Started process (PID=6786) to work on /home/airflow/.local/lib/python3.8/site-packages/airflow/example_dags/example_xcomargs.py
[2025-12-07T16:52:05.663+0000] {processor.py:830} INFO - Processing file /home/airflow/.local/lib/python3.8/site-packages/airflow/example_dags/example_xcomargs.py for tasks to queue
[2025-12-07T16:52:05.666+0000] {logging_mixin.py:188} INFO - [2025-12-07T16:52:05.665+0000] {dagbag.py:538} INFO - Filling up the DagBag from /home/airflow/.local/lib/python3.8/site-packages/airflow/example_dags/example_xcomargs.py
[2025-12-07T16:52:05.675+0000] {processor.py:840} INFO - DAG(s) 'example_xcom_args_with_operators', 'example_xcom_args' retrieved from /home/airflow/.local/lib/python3.8/site-packages/airflow/example_dags/example_xcomargs.py
[2025-12-07T16:52:05.705+0000] {logging_mixin.py:188} INFO - [2025-12-07T16:52:05.705+0000] {dag.py:3036} INFO - Sync 2 DAGs
[2025-12-07T16:52:05.720+0000] {logging_mixin.py:188} INFO - [2025-12-07T16:52:05.719+0000] {dag.py:3823} INFO - Setting next_dagrun for example_xcom_args to None, run_after=None
[2025-12-07T16:52:05.724+0000] {logging_mixin.py:188} INFO - [2025-12-07T16:52:05.724+0000] {dag.py:3823} INFO - Setting next_dagrun for example_xcom_args_with_operators to None, run_after=None
[2025-12-07T16:52:05.747+0000] {processor.py:183} INFO - Processing /home/airflow/.local/lib/python3.8/site-packages/airflow/example_dags/example_xcomargs.py took 0.090 seconds
[2025-12-07T16:52:36.281+0000] {processor.py:161} INFO - Started process (PID=6847) to work on /home/airflow/.local/lib/python3.8/site-packages/airflow/example_dags/example_xcomargs.py
[2025-12-07T16:52:36.283+0000] {processor.py:830} INFO - Processing file /home/airflow/.local/lib/python3.8/site-packages/airflow/example_dags/example_xcomargs.py for tasks to queue
[2025-12-07T16:52:36.286+0000] {logging_mixin.py:188} INFO - [2025-12-07T16:52:36.286+0000] {dagbag.py:538} INFO - Filling up the DagBag from /home/airflow/.local/lib/python3.8/site-packages/airflow/example_dags/example_xcomargs.py
[2025-12-07T16:52:36.295+0000] {processor.py:840} INFO - DAG(s) 'example_xcom_args_with_operators', 'example_xcom_args' retrieved from /home/airflow/.local/lib/python3.8/site-packages/airflow/example_dags/example_xcomargs.py
[2025-12-07T16:52:36.327+0000] {logging_mixin.py:188} INFO - [2025-12-07T16:52:36.327+0000] {dag.py:3036} INFO - Sync 2 DAGs
[2025-12-07T16:52:36.342+0000] {logging_mixin.py:188} INFO - [2025-12-07T16:52:36.341+0000] {dag.py:3823} INFO - Setting next_dagrun for example_xcom_args to None, run_after=None
[2025-12-07T16:52:36.346+0000] {logging_mixin.py:188} INFO - [2025-12-07T16:52:36.346+0000] {dag.py:3823} INFO - Setting next_dagrun for example_xcom_args_with_operators to None, run_after=None
[2025-12-07T16:52:36.369+0000] {processor.py:183} INFO - Processing /home/airflow/.local/lib/python3.8/site-packages/airflow/example_dags/example_xcomargs.py took 0.092 seconds
[2025-12-07T16:53:06.647+0000] {processor.py:161} INFO - Started process (PID=6908) to work on /home/airflow/.local/lib/python3.8/site-packages/airflow/example_dags/example_xcomargs.py
[2025-12-07T16:53:06.649+0000] {processor.py:830} INFO - Processing file /home/airflow/.local/lib/python3.8/site-packages/airflow/example_dags/example_xcomargs.py for tasks to queue
[2025-12-07T16:53:06.652+0000] {logging_mixin.py:188} INFO - [2025-12-07T16:53:06.651+0000] {dagbag.py:538} INFO - Filling up the DagBag from /home/airflow/.local/lib/python3.8/site-packages/airflow/example_dags/example_xcomargs.py
[2025-12-07T16:53:06.663+0000] {processor.py:840} INFO - DAG(s) 'example_xcom_args', 'example_xcom_args_with_operators' retrieved from /home/airflow/.local/lib/python3.8/site-packages/airflow/example_dags/example_xcomargs.py
[2025-12-07T16:53:06.699+0000] {logging_mixin.py:188} INFO - [2025-12-07T16:53:06.699+0000] {dag.py:3036} INFO - Sync 2 DAGs
[2025-12-07T16:53:06.716+0000] {logging_mixin.py:188} INFO - [2025-12-07T16:53:06.716+0000] {dag.py:3823} INFO - Setting next_dagrun for example_xcom_args to None, run_after=None
[2025-12-07T16:53:06.722+0000] {logging_mixin.py:188} INFO - [2025-12-07T16:53:06.722+0000] {dag.py:3823} INFO - Setting next_dagrun for example_xcom_args_with_operators to None, run_after=None
[2025-12-07T16:53:06.748+0000] {processor.py:183} INFO - Processing /home/airflow/.local/lib/python3.8/site-packages/airflow/example_dags/example_xcomargs.py took 0.107 seconds
[2025-12-07T16:53:37.121+0000] {processor.py:161} INFO - Started process (PID=6969) to work on /home/airflow/.local/lib/python3.8/site-packages/airflow/example_dags/example_xcomargs.py
[2025-12-07T16:53:37.123+0000] {processor.py:830} INFO - Processing file /home/airflow/.local/lib/python3.8/site-packages/airflow/example_dags/example_xcomargs.py for tasks to queue
[2025-12-07T16:53:37.127+0000] {logging_mixin.py:188} INFO - [2025-12-07T16:53:37.126+0000] {dagbag.py:538} INFO - Filling up the DagBag from /home/airflow/.local/lib/python3.8/site-packages/airflow/example_dags/example_xcomargs.py
[2025-12-07T16:53:37.136+0000] {processor.py:840} INFO - DAG(s) 'example_xcom_args_with_operators', 'example_xcom_args' retrieved from /home/airflow/.local/lib/python3.8/site-packages/airflow/example_dags/example_xcomargs.py
[2025-12-07T16:53:37.165+0000] {logging_mixin.py:188} INFO - [2025-12-07T16:53:37.165+0000] {dag.py:3036} INFO - Sync 2 DAGs
[2025-12-07T16:53:37.181+0000] {logging_mixin.py:188} INFO - [2025-12-07T16:53:37.180+0000] {dag.py:3823} INFO - Setting next_dagrun for example_xcom_args to None, run_after=None
[2025-12-07T16:53:37.185+0000] {logging_mixin.py:188} INFO - [2025-12-07T16:53:37.185+0000] {dag.py:3823} INFO - Setting next_dagrun for example_xcom_args_with_operators to None, run_after=None
[2025-12-07T16:53:37.205+0000] {processor.py:183} INFO - Processing /home/airflow/.local/lib/python3.8/site-packages/airflow/example_dags/example_xcomargs.py took 0.089 seconds
[2025-12-07T16:54:07.803+0000] {processor.py:161} INFO - Started process (PID=7030) to work on /home/airflow/.local/lib/python3.8/site-packages/airflow/example_dags/example_xcomargs.py
[2025-12-07T16:54:07.805+0000] {processor.py:830} INFO - Processing file /home/airflow/.local/lib/python3.8/site-packages/airflow/example_dags/example_xcomargs.py for tasks to queue
[2025-12-07T16:54:07.808+0000] {logging_mixin.py:188} INFO - [2025-12-07T16:54:07.807+0000] {dagbag.py:538} INFO - Filling up the DagBag from /home/airflow/.local/lib/python3.8/site-packages/airflow/example_dags/example_xcomargs.py
[2025-12-07T16:54:07.817+0000] {processor.py:840} INFO - DAG(s) 'example_xcom_args_with_operators', 'example_xcom_args' retrieved from /home/airflow/.local/lib/python3.8/site-packages/airflow/example_dags/example_xcomargs.py
[2025-12-07T16:54:07.849+0000] {logging_mixin.py:188} INFO - [2025-12-07T16:54:07.849+0000] {dag.py:3036} INFO - Sync 2 DAGs
[2025-12-07T16:54:07.867+0000] {logging_mixin.py:188} INFO - [2025-12-07T16:54:07.867+0000] {dag.py:3823} INFO - Setting next_dagrun for example_xcom_args to None, run_after=None
[2025-12-07T16:54:07.873+0000] {logging_mixin.py:188} INFO - [2025-12-07T16:54:07.872+0000] {dag.py:3823} INFO - Setting next_dagrun for example_xcom_args_with_operators to None, run_after=None
[2025-12-07T16:54:07.897+0000] {processor.py:183} INFO - Processing /home/airflow/.local/lib/python3.8/site-packages/airflow/example_dags/example_xcomargs.py took 0.098 seconds
[2025-12-07T16:54:38.330+0000] {processor.py:161} INFO - Started process (PID=7091) to work on /home/airflow/.local/lib/python3.8/site-packages/airflow/example_dags/example_xcomargs.py
[2025-12-07T16:54:38.331+0000] {processor.py:830} INFO - Processing file /home/airflow/.local/lib/python3.8/site-packages/airflow/example_dags/example_xcomargs.py for tasks to queue
[2025-12-07T16:54:38.335+0000] {logging_mixin.py:188} INFO - [2025-12-07T16:54:38.335+0000] {dagbag.py:538} INFO - Filling up the DagBag from /home/airflow/.local/lib/python3.8/site-packages/airflow/example_dags/example_xcomargs.py
[2025-12-07T16:54:38.345+0000] {processor.py:840} INFO - DAG(s) 'example_xcom_args', 'example_xcom_args_with_operators' retrieved from /home/airflow/.local/lib/python3.8/site-packages/airflow/example_dags/example_xcomargs.py
[2025-12-07T16:54:38.378+0000] {logging_mixin.py:188} INFO - [2025-12-07T16:54:38.378+0000] {dag.py:3036} INFO - Sync 2 DAGs
[2025-12-07T16:54:38.393+0000] {logging_mixin.py:188} INFO - [2025-12-07T16:54:38.393+0000] {dag.py:3823} INFO - Setting next_dagrun for example_xcom_args to None, run_after=None
[2025-12-07T16:54:38.398+0000] {logging_mixin.py:188} INFO - [2025-12-07T16:54:38.397+0000] {dag.py:3823} INFO - Setting next_dagrun for example_xcom_args_with_operators to None, run_after=None
[2025-12-07T16:54:38.422+0000] {processor.py:183} INFO - Processing /home/airflow/.local/lib/python3.8/site-packages/airflow/example_dags/example_xcomargs.py took 0.096 seconds
[2025-12-07T16:55:08.716+0000] {processor.py:161} INFO - Started process (PID=7152) to work on /home/airflow/.local/lib/python3.8/site-packages/airflow/example_dags/example_xcomargs.py
[2025-12-07T16:55:08.717+0000] {processor.py:830} INFO - Processing file /home/airflow/.local/lib/python3.8/site-packages/airflow/example_dags/example_xcomargs.py for tasks to queue
[2025-12-07T16:55:08.720+0000] {logging_mixin.py:188} INFO - [2025-12-07T16:55:08.720+0000] {dagbag.py:538} INFO - Filling up the DagBag from /home/airflow/.local/lib/python3.8/site-packages/airflow/example_dags/example_xcomargs.py
[2025-12-07T16:55:08.732+0000] {processor.py:840} INFO - DAG(s) 'example_xcom_args_with_operators', 'example_xcom_args' retrieved from /home/airflow/.local/lib/python3.8/site-packages/airflow/example_dags/example_xcomargs.py
[2025-12-07T16:55:08.791+0000] {logging_mixin.py:188} INFO - [2025-12-07T16:55:08.790+0000] {dag.py:3036} INFO - Sync 2 DAGs
[2025-12-07T16:55:08.811+0000] {logging_mixin.py:188} INFO - [2025-12-07T16:55:08.811+0000] {dag.py:3823} INFO - Setting next_dagrun for example_xcom_args to None, run_after=None
[2025-12-07T16:55:08.817+0000] {logging_mixin.py:188} INFO - [2025-12-07T16:55:08.817+0000] {dag.py:3823} INFO - Setting next_dagrun for example_xcom_args_with_operators to None, run_after=None
[2025-12-07T16:55:08.845+0000] {processor.py:183} INFO - Processing /home/airflow/.local/lib/python3.8/site-packages/airflow/example_dags/example_xcomargs.py took 0.135 seconds
[2025-12-07T16:55:39.363+0000] {processor.py:161} INFO - Started process (PID=7213) to work on /home/airflow/.local/lib/python3.8/site-packages/airflow/example_dags/example_xcomargs.py
[2025-12-07T16:55:39.364+0000] {processor.py:830} INFO - Processing file /home/airflow/.local/lib/python3.8/site-packages/airflow/example_dags/example_xcomargs.py for tasks to queue
[2025-12-07T16:55:39.368+0000] {logging_mixin.py:188} INFO - [2025-12-07T16:55:39.368+0000] {dagbag.py:538} INFO - Filling up the DagBag from /home/airflow/.local/lib/python3.8/site-packages/airflow/example_dags/example_xcomargs.py
[2025-12-07T16:55:39.378+0000] {processor.py:840} INFO - DAG(s) 'example_xcom_args', 'example_xcom_args_with_operators' retrieved from /home/airflow/.local/lib/python3.8/site-packages/airflow/example_dags/example_xcomargs.py
[2025-12-07T16:55:39.415+0000] {logging_mixin.py:188} INFO - [2025-12-07T16:55:39.415+0000] {dag.py:3036} INFO - Sync 2 DAGs
[2025-12-07T16:55:39.430+0000] {logging_mixin.py:188} INFO - [2025-12-07T16:55:39.430+0000] {dag.py:3823} INFO - Setting next_dagrun for example_xcom_args to None, run_after=None
[2025-12-07T16:55:39.435+0000] {logging_mixin.py:188} INFO - [2025-12-07T16:55:39.435+0000] {dag.py:3823} INFO - Setting next_dagrun for example_xcom_args_with_operators to None, run_after=None
[2025-12-07T16:55:39.461+0000] {processor.py:183} INFO - Processing /home/airflow/.local/lib/python3.8/site-packages/airflow/example_dags/example_xcomargs.py took 0.103 seconds
[2025-12-07T16:56:10.288+0000] {processor.py:161} INFO - Started process (PID=7274) to work on /home/airflow/.local/lib/python3.8/site-packages/airflow/example_dags/example_xcomargs.py
[2025-12-07T16:56:10.289+0000] {processor.py:830} INFO - Processing file /home/airflow/.local/lib/python3.8/site-packages/airflow/example_dags/example_xcomargs.py for tasks to queue
[2025-12-07T16:56:10.292+0000] {logging_mixin.py:188} INFO - [2025-12-07T16:56:10.291+0000] {dagbag.py:538} INFO - Filling up the DagBag from /home/airflow/.local/lib/python3.8/site-packages/airflow/example_dags/example_xcomargs.py
[2025-12-07T16:56:10.302+0000] {processor.py:840} INFO - DAG(s) 'example_xcom_args_with_operators', 'example_xcom_args' retrieved from /home/airflow/.local/lib/python3.8/site-packages/airflow/example_dags/example_xcomargs.py
[2025-12-07T16:56:10.334+0000] {logging_mixin.py:188} INFO - [2025-12-07T16:56:10.334+0000] {dag.py:3036} INFO - Sync 2 DAGs
[2025-12-07T16:56:10.349+0000] {logging_mixin.py:188} INFO - [2025-12-07T16:56:10.349+0000] {dag.py:3823} INFO - Setting next_dagrun for example_xcom_args to None, run_after=None
[2025-12-07T16:56:10.354+0000] {logging_mixin.py:188} INFO - [2025-12-07T16:56:10.353+0000] {dag.py:3823} INFO - Setting next_dagrun for example_xcom_args_with_operators to None, run_after=None
[2025-12-07T16:56:10.377+0000] {processor.py:183} INFO - Processing /home/airflow/.local/lib/python3.8/site-packages/airflow/example_dags/example_xcomargs.py took 0.094 seconds
[2025-12-07T16:56:40.682+0000] {processor.py:161} INFO - Started process (PID=7335) to work on /home/airflow/.local/lib/python3.8/site-packages/airflow/example_dags/example_xcomargs.py
[2025-12-07T16:56:40.683+0000] {processor.py:830} INFO - Processing file /home/airflow/.local/lib/python3.8/site-packages/airflow/example_dags/example_xcomargs.py for tasks to queue
[2025-12-07T16:56:40.686+0000] {logging_mixin.py:188} INFO - [2025-12-07T16:56:40.686+0000] {dagbag.py:538} INFO - Filling up the DagBag from /home/airflow/.local/lib/python3.8/site-packages/airflow/example_dags/example_xcomargs.py
[2025-12-07T16:56:40.697+0000] {processor.py:840} INFO - DAG(s) 'example_xcom_args', 'example_xcom_args_with_operators' retrieved from /home/airflow/.local/lib/python3.8/site-packages/airflow/example_dags/example_xcomargs.py
[2025-12-07T16:56:40.730+0000] {logging_mixin.py:188} INFO - [2025-12-07T16:56:40.730+0000] {dag.py:3036} INFO - Sync 2 DAGs
[2025-12-07T16:56:40.745+0000] {logging_mixin.py:188} INFO - [2025-12-07T16:56:40.745+0000] {dag.py:3823} INFO - Setting next_dagrun for example_xcom_args to None, run_after=None
[2025-12-07T16:56:40.749+0000] {logging_mixin.py:188} INFO - [2025-12-07T16:56:40.749+0000] {dag.py:3823} INFO - Setting next_dagrun for example_xcom_args_with_operators to None, run_after=None
[2025-12-07T16:56:40.776+0000] {processor.py:183} INFO - Processing /home/airflow/.local/lib/python3.8/site-packages/airflow/example_dags/example_xcomargs.py took 0.099 seconds
[2025-12-07T16:57:11.300+0000] {processor.py:161} INFO - Started process (PID=7396) to work on /home/airflow/.local/lib/python3.8/site-packages/airflow/example_dags/example_xcomargs.py
[2025-12-07T16:57:11.301+0000] {processor.py:830} INFO - Processing file /home/airflow/.local/lib/python3.8/site-packages/airflow/example_dags/example_xcomargs.py for tasks to queue
[2025-12-07T16:57:11.304+0000] {logging_mixin.py:188} INFO - [2025-12-07T16:57:11.304+0000] {dagbag.py:538} INFO - Filling up the DagBag from /home/airflow/.local/lib/python3.8/site-packages/airflow/example_dags/example_xcomargs.py
[2025-12-07T16:57:11.315+0000] {processor.py:840} INFO - DAG(s) 'example_xcom_args_with_operators', 'example_xcom_args' retrieved from /home/airflow/.local/lib/python3.8/site-packages/airflow/example_dags/example_xcomargs.py
[2025-12-07T16:57:11.353+0000] {logging_mixin.py:188} INFO - [2025-12-07T16:57:11.353+0000] {dag.py:3036} INFO - Sync 2 DAGs
[2025-12-07T16:57:11.370+0000] {logging_mixin.py:188} INFO - [2025-12-07T16:57:11.370+0000] {dag.py:3823} INFO - Setting next_dagrun for example_xcom_args to None, run_after=None
[2025-12-07T16:57:11.377+0000] {logging_mixin.py:188} INFO - [2025-12-07T16:57:11.376+0000] {dag.py:3823} INFO - Setting next_dagrun for example_xcom_args_with_operators to None, run_after=None
[2025-12-07T16:57:11.408+0000] {processor.py:183} INFO - Processing /home/airflow/.local/lib/python3.8/site-packages/airflow/example_dags/example_xcomargs.py took 0.113 seconds
[2025-12-07T16:57:41.657+0000] {processor.py:161} INFO - Started process (PID=7457) to work on /home/airflow/.local/lib/python3.8/site-packages/airflow/example_dags/example_xcomargs.py
[2025-12-07T16:57:41.658+0000] {processor.py:830} INFO - Processing file /home/airflow/.local/lib/python3.8/site-packages/airflow/example_dags/example_xcomargs.py for tasks to queue
[2025-12-07T16:57:41.662+0000] {logging_mixin.py:188} INFO - [2025-12-07T16:57:41.661+0000] {dagbag.py:538} INFO - Filling up the DagBag from /home/airflow/.local/lib/python3.8/site-packages/airflow/example_dags/example_xcomargs.py
[2025-12-07T16:57:41.672+0000] {processor.py:840} INFO - DAG(s) 'example_xcom_args_with_operators', 'example_xcom_args' retrieved from /home/airflow/.local/lib/python3.8/site-packages/airflow/example_dags/example_xcomargs.py
[2025-12-07T16:57:41.714+0000] {logging_mixin.py:188} INFO - [2025-12-07T16:57:41.714+0000] {dag.py:3036} INFO - Sync 2 DAGs
[2025-12-07T16:57:41.744+0000] {logging_mixin.py:188} INFO - [2025-12-07T16:57:41.744+0000] {dag.py:3823} INFO - Setting next_dagrun for example_xcom_args to None, run_after=None
[2025-12-07T16:57:41.751+0000] {logging_mixin.py:188} INFO - [2025-12-07T16:57:41.750+0000] {dag.py:3823} INFO - Setting next_dagrun for example_xcom_args_with_operators to None, run_after=None
[2025-12-07T16:57:41.784+0000] {processor.py:183} INFO - Processing /home/airflow/.local/lib/python3.8/site-packages/airflow/example_dags/example_xcomargs.py took 0.132 seconds
[2025-12-07T16:58:11.817+0000] {processor.py:161} INFO - Started process (PID=7518) to work on /home/airflow/.local/lib/python3.8/site-packages/airflow/example_dags/example_xcomargs.py
[2025-12-07T16:58:11.819+0000] {processor.py:830} INFO - Processing file /home/airflow/.local/lib/python3.8/site-packages/airflow/example_dags/example_xcomargs.py for tasks to queue
[2025-12-07T16:58:11.823+0000] {logging_mixin.py:188} INFO - [2025-12-07T16:58:11.822+0000] {dagbag.py:538} INFO - Filling up the DagBag from /home/airflow/.local/lib/python3.8/site-packages/airflow/example_dags/example_xcomargs.py
[2025-12-07T16:58:11.837+0000] {processor.py:840} INFO - DAG(s) 'example_xcom_args', 'example_xcom_args_with_operators' retrieved from /home/airflow/.local/lib/python3.8/site-packages/airflow/example_dags/example_xcomargs.py
[2025-12-07T16:58:11.868+0000] {logging_mixin.py:188} INFO - [2025-12-07T16:58:11.868+0000] {dag.py:3036} INFO - Sync 2 DAGs
[2025-12-07T16:58:11.883+0000] {logging_mixin.py:188} INFO - [2025-12-07T16:58:11.883+0000] {dag.py:3823} INFO - Setting next_dagrun for example_xcom_args to None, run_after=None
[2025-12-07T16:58:11.888+0000] {logging_mixin.py:188} INFO - [2025-12-07T16:58:11.887+0000] {dag.py:3823} INFO - Setting next_dagrun for example_xcom_args_with_operators to None, run_after=None
[2025-12-07T16:58:11.910+0000] {processor.py:183} INFO - Processing /home/airflow/.local/lib/python3.8/site-packages/airflow/example_dags/example_xcomargs.py took 0.097 seconds
[2025-12-07T16:58:42.802+0000] {processor.py:161} INFO - Started process (PID=7579) to work on /home/airflow/.local/lib/python3.8/site-packages/airflow/example_dags/example_xcomargs.py
[2025-12-07T16:58:42.804+0000] {processor.py:830} INFO - Processing file /home/airflow/.local/lib/python3.8/site-packages/airflow/example_dags/example_xcomargs.py for tasks to queue
[2025-12-07T16:58:42.807+0000] {logging_mixin.py:188} INFO - [2025-12-07T16:58:42.807+0000] {dagbag.py:538} INFO - Filling up the DagBag from /home/airflow/.local/lib/python3.8/site-packages/airflow/example_dags/example_xcomargs.py
[2025-12-07T16:58:42.816+0000] {processor.py:840} INFO - DAG(s) 'example_xcom_args_with_operators', 'example_xcom_args' retrieved from /home/airflow/.local/lib/python3.8/site-packages/airflow/example_dags/example_xcomargs.py
[2025-12-07T16:58:42.847+0000] {logging_mixin.py:188} INFO - [2025-12-07T16:58:42.847+0000] {dag.py:3036} INFO - Sync 2 DAGs
[2025-12-07T16:58:42.861+0000] {logging_mixin.py:188} INFO - [2025-12-07T16:58:42.861+0000] {dag.py:3823} INFO - Setting next_dagrun for example_xcom_args to None, run_after=None
[2025-12-07T16:58:42.866+0000] {logging_mixin.py:188} INFO - [2025-12-07T16:58:42.866+0000] {dag.py:3823} INFO - Setting next_dagrun for example_xcom_args_with_operators to None, run_after=None
[2025-12-07T16:58:42.891+0000] {processor.py:183} INFO - Processing /home/airflow/.local/lib/python3.8/site-packages/airflow/example_dags/example_xcomargs.py took 0.093 seconds
[2025-12-07T16:59:13.372+0000] {processor.py:161} INFO - Started process (PID=7640) to work on /home/airflow/.local/lib/python3.8/site-packages/airflow/example_dags/example_xcomargs.py
[2025-12-07T16:59:13.373+0000] {processor.py:830} INFO - Processing file /home/airflow/.local/lib/python3.8/site-packages/airflow/example_dags/example_xcomargs.py for tasks to queue
[2025-12-07T16:59:13.377+0000] {logging_mixin.py:188} INFO - [2025-12-07T16:59:13.376+0000] {dagbag.py:538} INFO - Filling up the DagBag from /home/airflow/.local/lib/python3.8/site-packages/airflow/example_dags/example_xcomargs.py
[2025-12-07T16:59:13.388+0000] {processor.py:840} INFO - DAG(s) 'example_xcom_args_with_operators', 'example_xcom_args' retrieved from /home/airflow/.local/lib/python3.8/site-packages/airflow/example_dags/example_xcomargs.py
[2025-12-07T16:59:13.421+0000] {logging_mixin.py:188} INFO - [2025-12-07T16:59:13.420+0000] {dag.py:3036} INFO - Sync 2 DAGs
[2025-12-07T16:59:13.437+0000] {logging_mixin.py:188} INFO - [2025-12-07T16:59:13.436+0000] {dag.py:3823} INFO - Setting next_dagrun for example_xcom_args to None, run_after=None
[2025-12-07T16:59:13.442+0000] {logging_mixin.py:188} INFO - [2025-12-07T16:59:13.442+0000] {dag.py:3823} INFO - Setting next_dagrun for example_xcom_args_with_operators to None, run_after=None
[2025-12-07T16:59:13.466+0000] {processor.py:183} INFO - Processing /home/airflow/.local/lib/python3.8/site-packages/airflow/example_dags/example_xcomargs.py took 0.099 seconds
[2025-12-07T16:59:44.112+0000] {processor.py:161} INFO - Started process (PID=7701) to work on /home/airflow/.local/lib/python3.8/site-packages/airflow/example_dags/example_xcomargs.py
[2025-12-07T16:59:44.114+0000] {processor.py:830} INFO - Processing file /home/airflow/.local/lib/python3.8/site-packages/airflow/example_dags/example_xcomargs.py for tasks to queue
[2025-12-07T16:59:44.117+0000] {logging_mixin.py:188} INFO - [2025-12-07T16:59:44.116+0000] {dagbag.py:538} INFO - Filling up the DagBag from /home/airflow/.local/lib/python3.8/site-packages/airflow/example_dags/example_xcomargs.py
[2025-12-07T16:59:44.144+0000] {processor.py:840} INFO - DAG(s) 'example_xcom_args', 'example_xcom_args_with_operators' retrieved from /home/airflow/.local/lib/python3.8/site-packages/airflow/example_dags/example_xcomargs.py
[2025-12-07T16:59:44.207+0000] {logging_mixin.py:188} INFO - [2025-12-07T16:59:44.206+0000] {dag.py:3036} INFO - Sync 2 DAGs
[2025-12-07T16:59:44.258+0000] {logging_mixin.py:188} INFO - [2025-12-07T16:59:44.257+0000] {dag.py:3823} INFO - Setting next_dagrun for example_xcom_args to None, run_after=None
[2025-12-07T16:59:44.271+0000] {logging_mixin.py:188} INFO - [2025-12-07T16:59:44.270+0000] {dag.py:3823} INFO - Setting next_dagrun for example_xcom_args_with_operators to None, run_after=None
[2025-12-07T16:59:44.312+0000] {processor.py:183} INFO - Processing /home/airflow/.local/lib/python3.8/site-packages/airflow/example_dags/example_xcomargs.py took 0.206 seconds
[2025-12-07T17:00:14.803+0000] {processor.py:161} INFO - Started process (PID=7762) to work on /home/airflow/.local/lib/python3.8/site-packages/airflow/example_dags/example_xcomargs.py
[2025-12-07T17:00:14.804+0000] {processor.py:830} INFO - Processing file /home/airflow/.local/lib/python3.8/site-packages/airflow/example_dags/example_xcomargs.py for tasks to queue
[2025-12-07T17:00:14.808+0000] {logging_mixin.py:188} INFO - [2025-12-07T17:00:14.807+0000] {dagbag.py:538} INFO - Filling up the DagBag from /home/airflow/.local/lib/python3.8/site-packages/airflow/example_dags/example_xcomargs.py
[2025-12-07T17:00:14.817+0000] {processor.py:840} INFO - DAG(s) 'example_xcom_args', 'example_xcom_args_with_operators' retrieved from /home/airflow/.local/lib/python3.8/site-packages/airflow/example_dags/example_xcomargs.py
[2025-12-07T17:00:14.849+0000] {logging_mixin.py:188} INFO - [2025-12-07T17:00:14.849+0000] {dag.py:3036} INFO - Sync 2 DAGs
[2025-12-07T17:00:14.863+0000] {logging_mixin.py:188} INFO - [2025-12-07T17:00:14.863+0000] {dag.py:3823} INFO - Setting next_dagrun for example_xcom_args to None, run_after=None
[2025-12-07T17:00:14.868+0000] {logging_mixin.py:188} INFO - [2025-12-07T17:00:14.867+0000] {dag.py:3823} INFO - Setting next_dagrun for example_xcom_args_with_operators to None, run_after=None
[2025-12-07T17:00:14.893+0000] {processor.py:183} INFO - Processing /home/airflow/.local/lib/python3.8/site-packages/airflow/example_dags/example_xcomargs.py took 0.095 seconds
[2025-12-07T17:00:45.014+0000] {processor.py:161} INFO - Started process (PID=7823) to work on /home/airflow/.local/lib/python3.8/site-packages/airflow/example_dags/example_xcomargs.py
[2025-12-07T17:00:45.015+0000] {processor.py:830} INFO - Processing file /home/airflow/.local/lib/python3.8/site-packages/airflow/example_dags/example_xcomargs.py for tasks to queue
[2025-12-07T17:00:45.018+0000] {logging_mixin.py:188} INFO - [2025-12-07T17:00:45.018+0000] {dagbag.py:538} INFO - Filling up the DagBag from /home/airflow/.local/lib/python3.8/site-packages/airflow/example_dags/example_xcomargs.py
[2025-12-07T17:00:45.031+0000] {processor.py:840} INFO - DAG(s) 'example_xcom_args_with_operators', 'example_xcom_args' retrieved from /home/airflow/.local/lib/python3.8/site-packages/airflow/example_dags/example_xcomargs.py
[2025-12-07T17:00:45.069+0000] {logging_mixin.py:188} INFO - [2025-12-07T17:00:45.069+0000] {dag.py:3036} INFO - Sync 2 DAGs
[2025-12-07T17:00:45.087+0000] {logging_mixin.py:188} INFO - [2025-12-07T17:00:45.087+0000] {dag.py:3823} INFO - Setting next_dagrun for example_xcom_args to None, run_after=None
[2025-12-07T17:00:45.092+0000] {logging_mixin.py:188} INFO - [2025-12-07T17:00:45.092+0000] {dag.py:3823} INFO - Setting next_dagrun for example_xcom_args_with_operators to None, run_after=None
[2025-12-07T17:00:45.115+0000] {processor.py:183} INFO - Processing /home/airflow/.local/lib/python3.8/site-packages/airflow/example_dags/example_xcomargs.py took 0.106 seconds
[2025-12-07T17:01:15.800+0000] {processor.py:161} INFO - Started process (PID=7884) to work on /home/airflow/.local/lib/python3.8/site-packages/airflow/example_dags/example_xcomargs.py
[2025-12-07T17:01:15.801+0000] {processor.py:830} INFO - Processing file /home/airflow/.local/lib/python3.8/site-packages/airflow/example_dags/example_xcomargs.py for tasks to queue
[2025-12-07T17:01:15.804+0000] {logging_mixin.py:188} INFO - [2025-12-07T17:01:15.803+0000] {dagbag.py:538} INFO - Filling up the DagBag from /home/airflow/.local/lib/python3.8/site-packages/airflow/example_dags/example_xcomargs.py
[2025-12-07T17:01:15.814+0000] {processor.py:840} INFO - DAG(s) 'example_xcom_args_with_operators', 'example_xcom_args' retrieved from /home/airflow/.local/lib/python3.8/site-packages/airflow/example_dags/example_xcomargs.py
[2025-12-07T17:01:15.845+0000] {logging_mixin.py:188} INFO - [2025-12-07T17:01:15.845+0000] {dag.py:3036} INFO - Sync 2 DAGs
[2025-12-07T17:01:15.860+0000] {logging_mixin.py:188} INFO - [2025-12-07T17:01:15.860+0000] {dag.py:3823} INFO - Setting next_dagrun for example_xcom_args to None, run_after=None
[2025-12-07T17:01:15.864+0000] {logging_mixin.py:188} INFO - [2025-12-07T17:01:15.864+0000] {dag.py:3823} INFO - Setting next_dagrun for example_xcom_args_with_operators to None, run_after=None
[2025-12-07T17:01:15.887+0000] {processor.py:183} INFO - Processing /home/airflow/.local/lib/python3.8/site-packages/airflow/example_dags/example_xcomargs.py took 0.091 seconds
[2025-12-07T17:01:46.077+0000] {processor.py:161} INFO - Started process (PID=7945) to work on /home/airflow/.local/lib/python3.8/site-packages/airflow/example_dags/example_xcomargs.py
[2025-12-07T17:01:46.078+0000] {processor.py:830} INFO - Processing file /home/airflow/.local/lib/python3.8/site-packages/airflow/example_dags/example_xcomargs.py for tasks to queue
[2025-12-07T17:01:46.081+0000] {logging_mixin.py:188} INFO - [2025-12-07T17:01:46.081+0000] {dagbag.py:538} INFO - Filling up the DagBag from /home/airflow/.local/lib/python3.8/site-packages/airflow/example_dags/example_xcomargs.py
[2025-12-07T17:01:46.093+0000] {processor.py:840} INFO - DAG(s) 'example_xcom_args', 'example_xcom_args_with_operators' retrieved from /home/airflow/.local/lib/python3.8/site-packages/airflow/example_dags/example_xcomargs.py
[2025-12-07T17:01:46.123+0000] {logging_mixin.py:188} INFO - [2025-12-07T17:01:46.123+0000] {dag.py:3036} INFO - Sync 2 DAGs
[2025-12-07T17:01:46.140+0000] {logging_mixin.py:188} INFO - [2025-12-07T17:01:46.139+0000] {dag.py:3823} INFO - Setting next_dagrun for example_xcom_args to None, run_after=None
[2025-12-07T17:01:46.144+0000] {logging_mixin.py:188} INFO - [2025-12-07T17:01:46.144+0000] {dag.py:3823} INFO - Setting next_dagrun for example_xcom_args_with_operators to None, run_after=None
[2025-12-07T17:01:46.168+0000] {processor.py:183} INFO - Processing /home/airflow/.local/lib/python3.8/site-packages/airflow/example_dags/example_xcomargs.py took 0.095 seconds
[2025-12-07T17:02:16.271+0000] {processor.py:161} INFO - Started process (PID=8006) to work on /home/airflow/.local/lib/python3.8/site-packages/airflow/example_dags/example_xcomargs.py
[2025-12-07T17:02:16.272+0000] {processor.py:830} INFO - Processing file /home/airflow/.local/lib/python3.8/site-packages/airflow/example_dags/example_xcomargs.py for tasks to queue
[2025-12-07T17:02:16.275+0000] {logging_mixin.py:188} INFO - [2025-12-07T17:02:16.274+0000] {dagbag.py:538} INFO - Filling up the DagBag from /home/airflow/.local/lib/python3.8/site-packages/airflow/example_dags/example_xcomargs.py
[2025-12-07T17:02:16.285+0000] {processor.py:840} INFO - DAG(s) 'example_xcom_args', 'example_xcom_args_with_operators' retrieved from /home/airflow/.local/lib/python3.8/site-packages/airflow/example_dags/example_xcomargs.py
[2025-12-07T17:02:16.317+0000] {logging_mixin.py:188} INFO - [2025-12-07T17:02:16.317+0000] {dag.py:3036} INFO - Sync 2 DAGs
[2025-12-07T17:02:16.334+0000] {logging_mixin.py:188} INFO - [2025-12-07T17:02:16.333+0000] {dag.py:3823} INFO - Setting next_dagrun for example_xcom_args to None, run_after=None
[2025-12-07T17:02:16.338+0000] {logging_mixin.py:188} INFO - [2025-12-07T17:02:16.338+0000] {dag.py:3823} INFO - Setting next_dagrun for example_xcom_args_with_operators to None, run_after=None
[2025-12-07T17:02:16.362+0000] {processor.py:183} INFO - Processing /home/airflow/.local/lib/python3.8/site-packages/airflow/example_dags/example_xcomargs.py took 0.095 seconds
[2025-12-07T17:02:46.508+0000] {processor.py:161} INFO - Started process (PID=8067) to work on /home/airflow/.local/lib/python3.8/site-packages/airflow/example_dags/example_xcomargs.py
[2025-12-07T17:02:46.510+0000] {processor.py:830} INFO - Processing file /home/airflow/.local/lib/python3.8/site-packages/airflow/example_dags/example_xcomargs.py for tasks to queue
[2025-12-07T17:02:46.513+0000] {logging_mixin.py:188} INFO - [2025-12-07T17:02:46.512+0000] {dagbag.py:538} INFO - Filling up the DagBag from /home/airflow/.local/lib/python3.8/site-packages/airflow/example_dags/example_xcomargs.py
[2025-12-07T17:02:46.524+0000] {processor.py:840} INFO - DAG(s) 'example_xcom_args_with_operators', 'example_xcom_args' retrieved from /home/airflow/.local/lib/python3.8/site-packages/airflow/example_dags/example_xcomargs.py
[2025-12-07T17:02:46.558+0000] {logging_mixin.py:188} INFO - [2025-12-07T17:02:46.557+0000] {dag.py:3036} INFO - Sync 2 DAGs
[2025-12-07T17:02:46.573+0000] {logging_mixin.py:188} INFO - [2025-12-07T17:02:46.573+0000] {dag.py:3823} INFO - Setting next_dagrun for example_xcom_args to None, run_after=None
[2025-12-07T17:02:46.579+0000] {logging_mixin.py:188} INFO - [2025-12-07T17:02:46.579+0000] {dag.py:3823} INFO - Setting next_dagrun for example_xcom_args_with_operators to None, run_after=None
[2025-12-07T17:02:46.607+0000] {processor.py:183} INFO - Processing /home/airflow/.local/lib/python3.8/site-packages/airflow/example_dags/example_xcomargs.py took 0.103 seconds
[2025-12-07T17:03:16.658+0000] {processor.py:161} INFO - Started process (PID=8128) to work on /home/airflow/.local/lib/python3.8/site-packages/airflow/example_dags/example_xcomargs.py
[2025-12-07T17:03:16.660+0000] {processor.py:830} INFO - Processing file /home/airflow/.local/lib/python3.8/site-packages/airflow/example_dags/example_xcomargs.py for tasks to queue
[2025-12-07T17:03:16.663+0000] {logging_mixin.py:188} INFO - [2025-12-07T17:03:16.662+0000] {dagbag.py:538} INFO - Filling up the DagBag from /home/airflow/.local/lib/python3.8/site-packages/airflow/example_dags/example_xcomargs.py
[2025-12-07T17:03:16.675+0000] {processor.py:840} INFO - DAG(s) 'example_xcom_args_with_operators', 'example_xcom_args' retrieved from /home/airflow/.local/lib/python3.8/site-packages/airflow/example_dags/example_xcomargs.py
[2025-12-07T17:03:16.710+0000] {logging_mixin.py:188} INFO - [2025-12-07T17:03:16.709+0000] {dag.py:3036} INFO - Sync 2 DAGs
[2025-12-07T17:03:16.729+0000] {logging_mixin.py:188} INFO - [2025-12-07T17:03:16.728+0000] {dag.py:3823} INFO - Setting next_dagrun for example_xcom_args to None, run_after=None
[2025-12-07T17:03:16.736+0000] {logging_mixin.py:188} INFO - [2025-12-07T17:03:16.735+0000] {dag.py:3823} INFO - Setting next_dagrun for example_xcom_args_with_operators to None, run_after=None
[2025-12-07T17:03:16.772+0000] {processor.py:183} INFO - Processing /home/airflow/.local/lib/python3.8/site-packages/airflow/example_dags/example_xcomargs.py took 0.118 seconds
[2025-12-07T17:03:47.171+0000] {processor.py:161} INFO - Started process (PID=8189) to work on /home/airflow/.local/lib/python3.8/site-packages/airflow/example_dags/example_xcomargs.py
[2025-12-07T17:03:47.172+0000] {processor.py:830} INFO - Processing file /home/airflow/.local/lib/python3.8/site-packages/airflow/example_dags/example_xcomargs.py for tasks to queue
[2025-12-07T17:03:47.175+0000] {logging_mixin.py:188} INFO - [2025-12-07T17:03:47.175+0000] {dagbag.py:538} INFO - Filling up the DagBag from /home/airflow/.local/lib/python3.8/site-packages/airflow/example_dags/example_xcomargs.py
[2025-12-07T17:03:47.187+0000] {processor.py:840} INFO - DAG(s) 'example_xcom_args', 'example_xcom_args_with_operators' retrieved from /home/airflow/.local/lib/python3.8/site-packages/airflow/example_dags/example_xcomargs.py
[2025-12-07T17:03:47.222+0000] {logging_mixin.py:188} INFO - [2025-12-07T17:03:47.221+0000] {dag.py:3036} INFO - Sync 2 DAGs
[2025-12-07T17:03:47.244+0000] {logging_mixin.py:188} INFO - [2025-12-07T17:03:47.244+0000] {dag.py:3823} INFO - Setting next_dagrun for example_xcom_args to None, run_after=None
[2025-12-07T17:03:47.249+0000] {logging_mixin.py:188} INFO - [2025-12-07T17:03:47.249+0000] {dag.py:3823} INFO - Setting next_dagrun for example_xcom_args_with_operators to None, run_after=None
[2025-12-07T17:03:47.276+0000] {processor.py:183} INFO - Processing /home/airflow/.local/lib/python3.8/site-packages/airflow/example_dags/example_xcomargs.py took 0.110 seconds
[2025-12-07T17:04:17.545+0000] {processor.py:161} INFO - Started process (PID=8249) to work on /home/airflow/.local/lib/python3.8/site-packages/airflow/example_dags/example_xcomargs.py
[2025-12-07T17:04:17.546+0000] {processor.py:830} INFO - Processing file /home/airflow/.local/lib/python3.8/site-packages/airflow/example_dags/example_xcomargs.py for tasks to queue
[2025-12-07T17:04:17.549+0000] {logging_mixin.py:188} INFO - [2025-12-07T17:04:17.548+0000] {dagbag.py:538} INFO - Filling up the DagBag from /home/airflow/.local/lib/python3.8/site-packages/airflow/example_dags/example_xcomargs.py
[2025-12-07T17:04:17.559+0000] {processor.py:840} INFO - DAG(s) 'example_xcom_args', 'example_xcom_args_with_operators' retrieved from /home/airflow/.local/lib/python3.8/site-packages/airflow/example_dags/example_xcomargs.py
[2025-12-07T17:04:17.595+0000] {logging_mixin.py:188} INFO - [2025-12-07T17:04:17.595+0000] {dag.py:3036} INFO - Sync 2 DAGs
[2025-12-07T17:04:17.610+0000] {logging_mixin.py:188} INFO - [2025-12-07T17:04:17.610+0000] {dag.py:3823} INFO - Setting next_dagrun for example_xcom_args to None, run_after=None
[2025-12-07T17:04:17.615+0000] {logging_mixin.py:188} INFO - [2025-12-07T17:04:17.615+0000] {dag.py:3823} INFO - Setting next_dagrun for example_xcom_args_with_operators to None, run_after=None
[2025-12-07T17:04:17.645+0000] {processor.py:183} INFO - Processing /home/airflow/.local/lib/python3.8/site-packages/airflow/example_dags/example_xcomargs.py took 0.106 seconds
[2025-12-07T17:04:47.841+0000] {processor.py:161} INFO - Started process (PID=8310) to work on /home/airflow/.local/lib/python3.8/site-packages/airflow/example_dags/example_xcomargs.py
[2025-12-07T17:04:47.842+0000] {processor.py:830} INFO - Processing file /home/airflow/.local/lib/python3.8/site-packages/airflow/example_dags/example_xcomargs.py for tasks to queue
[2025-12-07T17:04:47.845+0000] {logging_mixin.py:188} INFO - [2025-12-07T17:04:47.844+0000] {dagbag.py:538} INFO - Filling up the DagBag from /home/airflow/.local/lib/python3.8/site-packages/airflow/example_dags/example_xcomargs.py
[2025-12-07T17:04:47.856+0000] {processor.py:840} INFO - DAG(s) 'example_xcom_args_with_operators', 'example_xcom_args' retrieved from /home/airflow/.local/lib/python3.8/site-packages/airflow/example_dags/example_xcomargs.py
[2025-12-07T17:04:47.891+0000] {logging_mixin.py:188} INFO - [2025-12-07T17:04:47.890+0000] {dag.py:3036} INFO - Sync 2 DAGs
[2025-12-07T17:04:47.907+0000] {logging_mixin.py:188} INFO - [2025-12-07T17:04:47.906+0000] {dag.py:3823} INFO - Setting next_dagrun for example_xcom_args to None, run_after=None
[2025-12-07T17:04:47.912+0000] {logging_mixin.py:188} INFO - [2025-12-07T17:04:47.911+0000] {dag.py:3823} INFO - Setting next_dagrun for example_xcom_args_with_operators to None, run_after=None
[2025-12-07T17:04:47.940+0000] {processor.py:183} INFO - Processing /home/airflow/.local/lib/python3.8/site-packages/airflow/example_dags/example_xcomargs.py took 0.103 seconds
