[2025-12-07T15:05:39.526+0000] {processor.py:161} INFO - Started process (PID=68) to work on /home/airflow/.local/lib/python3.8/site-packages/airflow/example_dags/example_dynamic_task_mapping_with_no_taskflow_operators.py
[2025-12-07T15:05:39.530+0000] {processor.py:830} INFO - Processing file /home/airflow/.local/lib/python3.8/site-packages/airflow/example_dags/example_dynamic_task_mapping_with_no_taskflow_operators.py for tasks to queue
[2025-12-07T15:05:39.550+0000] {logging_mixin.py:188} INFO - [2025-12-07T15:05:39.549+0000] {dagbag.py:538} INFO - Filling up the DagBag from /home/airflow/.local/lib/python3.8/site-packages/airflow/example_dags/example_dynamic_task_mapping_with_no_taskflow_operators.py
[2025-12-07T15:05:39.575+0000] {processor.py:840} INFO - DAG(s) 'example_dynamic_task_mapping_with_no_taskflow_operators' retrieved from /home/airflow/.local/lib/python3.8/site-packages/airflow/example_dags/example_dynamic_task_mapping_with_no_taskflow_operators.py
[2025-12-07T15:05:39.876+0000] {logging_mixin.py:188} INFO - [2025-12-07T15:05:39.876+0000] {dag.py:3036} INFO - Sync 1 DAGs
[2025-12-07T15:05:39.932+0000] {logging_mixin.py:188} INFO - [2025-12-07T15:05:39.932+0000] {dag.py:3823} INFO - Setting next_dagrun for example_dynamic_task_mapping_with_no_taskflow_operators to 2025-12-06 00:00:00+00:00, run_after=2025-12-07 00:00:00+00:00
[2025-12-07T15:05:39.981+0000] {processor.py:183} INFO - Processing /home/airflow/.local/lib/python3.8/site-packages/airflow/example_dags/example_dynamic_task_mapping_with_no_taskflow_operators.py took 0.476 seconds
[2025-12-07T15:06:10.576+0000] {processor.py:161} INFO - Started process (PID=127) to work on /home/airflow/.local/lib/python3.8/site-packages/airflow/example_dags/example_dynamic_task_mapping_with_no_taskflow_operators.py
[2025-12-07T15:06:10.578+0000] {processor.py:830} INFO - Processing file /home/airflow/.local/lib/python3.8/site-packages/airflow/example_dags/example_dynamic_task_mapping_with_no_taskflow_operators.py for tasks to queue
[2025-12-07T15:06:10.581+0000] {logging_mixin.py:188} INFO - [2025-12-07T15:06:10.581+0000] {dagbag.py:538} INFO - Filling up the DagBag from /home/airflow/.local/lib/python3.8/site-packages/airflow/example_dags/example_dynamic_task_mapping_with_no_taskflow_operators.py
[2025-12-07T15:06:10.592+0000] {processor.py:840} INFO - DAG(s) 'example_dynamic_task_mapping_with_no_taskflow_operators' retrieved from /home/airflow/.local/lib/python3.8/site-packages/airflow/example_dags/example_dynamic_task_mapping_with_no_taskflow_operators.py
[2025-12-07T15:06:10.625+0000] {logging_mixin.py:188} INFO - [2025-12-07T15:06:10.625+0000] {dag.py:3036} INFO - Sync 1 DAGs
[2025-12-07T15:06:10.658+0000] {logging_mixin.py:188} INFO - [2025-12-07T15:06:10.658+0000] {dag.py:3823} INFO - Setting next_dagrun for example_dynamic_task_mapping_with_no_taskflow_operators to 2025-12-06 00:00:00+00:00, run_after=2025-12-07 00:00:00+00:00
[2025-12-07T15:06:10.690+0000] {processor.py:183} INFO - Processing /home/airflow/.local/lib/python3.8/site-packages/airflow/example_dags/example_dynamic_task_mapping_with_no_taskflow_operators.py took 0.121 seconds
[2025-12-07T15:06:40.748+0000] {processor.py:161} INFO - Started process (PID=186) to work on /home/airflow/.local/lib/python3.8/site-packages/airflow/example_dags/example_dynamic_task_mapping_with_no_taskflow_operators.py
[2025-12-07T15:06:40.749+0000] {processor.py:830} INFO - Processing file /home/airflow/.local/lib/python3.8/site-packages/airflow/example_dags/example_dynamic_task_mapping_with_no_taskflow_operators.py for tasks to queue
[2025-12-07T15:06:40.754+0000] {logging_mixin.py:188} INFO - [2025-12-07T15:06:40.753+0000] {dagbag.py:538} INFO - Filling up the DagBag from /home/airflow/.local/lib/python3.8/site-packages/airflow/example_dags/example_dynamic_task_mapping_with_no_taskflow_operators.py
[2025-12-07T15:06:40.763+0000] {processor.py:840} INFO - DAG(s) 'example_dynamic_task_mapping_with_no_taskflow_operators' retrieved from /home/airflow/.local/lib/python3.8/site-packages/airflow/example_dags/example_dynamic_task_mapping_with_no_taskflow_operators.py
[2025-12-07T15:06:40.797+0000] {logging_mixin.py:188} INFO - [2025-12-07T15:06:40.797+0000] {dag.py:3036} INFO - Sync 1 DAGs
[2025-12-07T15:06:40.836+0000] {logging_mixin.py:188} INFO - [2025-12-07T15:06:40.836+0000] {dag.py:3823} INFO - Setting next_dagrun for example_dynamic_task_mapping_with_no_taskflow_operators to 2025-12-06 00:00:00+00:00, run_after=2025-12-07 00:00:00+00:00
[2025-12-07T15:06:40.871+0000] {processor.py:183} INFO - Processing /home/airflow/.local/lib/python3.8/site-packages/airflow/example_dags/example_dynamic_task_mapping_with_no_taskflow_operators.py took 0.130 seconds
[2025-12-07T15:07:11.078+0000] {processor.py:161} INFO - Started process (PID=245) to work on /home/airflow/.local/lib/python3.8/site-packages/airflow/example_dags/example_dynamic_task_mapping_with_no_taskflow_operators.py
[2025-12-07T15:07:11.080+0000] {processor.py:830} INFO - Processing file /home/airflow/.local/lib/python3.8/site-packages/airflow/example_dags/example_dynamic_task_mapping_with_no_taskflow_operators.py for tasks to queue
[2025-12-07T15:07:11.083+0000] {logging_mixin.py:188} INFO - [2025-12-07T15:07:11.082+0000] {dagbag.py:538} INFO - Filling up the DagBag from /home/airflow/.local/lib/python3.8/site-packages/airflow/example_dags/example_dynamic_task_mapping_with_no_taskflow_operators.py
[2025-12-07T15:07:11.096+0000] {processor.py:840} INFO - DAG(s) 'example_dynamic_task_mapping_with_no_taskflow_operators' retrieved from /home/airflow/.local/lib/python3.8/site-packages/airflow/example_dags/example_dynamic_task_mapping_with_no_taskflow_operators.py
[2025-12-07T15:07:11.126+0000] {logging_mixin.py:188} INFO - [2025-12-07T15:07:11.126+0000] {dag.py:3036} INFO - Sync 1 DAGs
[2025-12-07T15:07:11.156+0000] {logging_mixin.py:188} INFO - [2025-12-07T15:07:11.156+0000] {dag.py:3823} INFO - Setting next_dagrun for example_dynamic_task_mapping_with_no_taskflow_operators to 2025-12-06 00:00:00+00:00, run_after=2025-12-07 00:00:00+00:00
[2025-12-07T15:07:11.185+0000] {processor.py:183} INFO - Processing /home/airflow/.local/lib/python3.8/site-packages/airflow/example_dags/example_dynamic_task_mapping_with_no_taskflow_operators.py took 0.111 seconds
[2025-12-07T15:07:41.259+0000] {processor.py:161} INFO - Started process (PID=304) to work on /home/airflow/.local/lib/python3.8/site-packages/airflow/example_dags/example_dynamic_task_mapping_with_no_taskflow_operators.py
[2025-12-07T15:07:41.262+0000] {processor.py:830} INFO - Processing file /home/airflow/.local/lib/python3.8/site-packages/airflow/example_dags/example_dynamic_task_mapping_with_no_taskflow_operators.py for tasks to queue
[2025-12-07T15:07:41.267+0000] {logging_mixin.py:188} INFO - [2025-12-07T15:07:41.266+0000] {dagbag.py:538} INFO - Filling up the DagBag from /home/airflow/.local/lib/python3.8/site-packages/airflow/example_dags/example_dynamic_task_mapping_with_no_taskflow_operators.py
[2025-12-07T15:07:41.276+0000] {processor.py:840} INFO - DAG(s) 'example_dynamic_task_mapping_with_no_taskflow_operators' retrieved from /home/airflow/.local/lib/python3.8/site-packages/airflow/example_dags/example_dynamic_task_mapping_with_no_taskflow_operators.py
[2025-12-07T15:07:41.307+0000] {logging_mixin.py:188} INFO - [2025-12-07T15:07:41.306+0000] {dag.py:3036} INFO - Sync 1 DAGs
[2025-12-07T15:07:41.348+0000] {logging_mixin.py:188} INFO - [2025-12-07T15:07:41.348+0000] {dag.py:3823} INFO - Setting next_dagrun for example_dynamic_task_mapping_with_no_taskflow_operators to 2025-12-06 00:00:00+00:00, run_after=2025-12-07 00:00:00+00:00
[2025-12-07T15:07:41.377+0000] {processor.py:183} INFO - Processing /home/airflow/.local/lib/python3.8/site-packages/airflow/example_dags/example_dynamic_task_mapping_with_no_taskflow_operators.py took 0.124 seconds
[2025-12-07T15:08:11.492+0000] {processor.py:161} INFO - Started process (PID=363) to work on /home/airflow/.local/lib/python3.8/site-packages/airflow/example_dags/example_dynamic_task_mapping_with_no_taskflow_operators.py
[2025-12-07T15:08:11.494+0000] {processor.py:830} INFO - Processing file /home/airflow/.local/lib/python3.8/site-packages/airflow/example_dags/example_dynamic_task_mapping_with_no_taskflow_operators.py for tasks to queue
[2025-12-07T15:08:11.497+0000] {logging_mixin.py:188} INFO - [2025-12-07T15:08:11.497+0000] {dagbag.py:538} INFO - Filling up the DagBag from /home/airflow/.local/lib/python3.8/site-packages/airflow/example_dags/example_dynamic_task_mapping_with_no_taskflow_operators.py
[2025-12-07T15:08:11.510+0000] {processor.py:840} INFO - DAG(s) 'example_dynamic_task_mapping_with_no_taskflow_operators' retrieved from /home/airflow/.local/lib/python3.8/site-packages/airflow/example_dags/example_dynamic_task_mapping_with_no_taskflow_operators.py
[2025-12-07T15:08:11.556+0000] {logging_mixin.py:188} INFO - [2025-12-07T15:08:11.556+0000] {dag.py:3036} INFO - Sync 1 DAGs
[2025-12-07T15:08:11.617+0000] {logging_mixin.py:188} INFO - [2025-12-07T15:08:11.617+0000] {dag.py:3823} INFO - Setting next_dagrun for example_dynamic_task_mapping_with_no_taskflow_operators to 2025-12-06 00:00:00+00:00, run_after=2025-12-07 00:00:00+00:00
[2025-12-07T15:08:11.655+0000] {processor.py:183} INFO - Processing /home/airflow/.local/lib/python3.8/site-packages/airflow/example_dags/example_dynamic_task_mapping_with_no_taskflow_operators.py took 0.167 seconds
[2025-12-07T15:08:41.813+0000] {processor.py:161} INFO - Started process (PID=422) to work on /home/airflow/.local/lib/python3.8/site-packages/airflow/example_dags/example_dynamic_task_mapping_with_no_taskflow_operators.py
[2025-12-07T15:08:41.815+0000] {processor.py:830} INFO - Processing file /home/airflow/.local/lib/python3.8/site-packages/airflow/example_dags/example_dynamic_task_mapping_with_no_taskflow_operators.py for tasks to queue
[2025-12-07T15:08:41.818+0000] {logging_mixin.py:188} INFO - [2025-12-07T15:08:41.817+0000] {dagbag.py:538} INFO - Filling up the DagBag from /home/airflow/.local/lib/python3.8/site-packages/airflow/example_dags/example_dynamic_task_mapping_with_no_taskflow_operators.py
[2025-12-07T15:08:41.830+0000] {processor.py:840} INFO - DAG(s) 'example_dynamic_task_mapping_with_no_taskflow_operators' retrieved from /home/airflow/.local/lib/python3.8/site-packages/airflow/example_dags/example_dynamic_task_mapping_with_no_taskflow_operators.py
[2025-12-07T15:08:41.856+0000] {logging_mixin.py:188} INFO - [2025-12-07T15:08:41.855+0000] {dag.py:3036} INFO - Sync 1 DAGs
[2025-12-07T15:08:41.887+0000] {logging_mixin.py:188} INFO - [2025-12-07T15:08:41.886+0000] {dag.py:3823} INFO - Setting next_dagrun for example_dynamic_task_mapping_with_no_taskflow_operators to 2025-12-06 00:00:00+00:00, run_after=2025-12-07 00:00:00+00:00
[2025-12-07T15:08:41.922+0000] {processor.py:183} INFO - Processing /home/airflow/.local/lib/python3.8/site-packages/airflow/example_dags/example_dynamic_task_mapping_with_no_taskflow_operators.py took 0.114 seconds
[2025-12-07T15:09:11.988+0000] {processor.py:161} INFO - Started process (PID=481) to work on /home/airflow/.local/lib/python3.8/site-packages/airflow/example_dags/example_dynamic_task_mapping_with_no_taskflow_operators.py
[2025-12-07T15:09:11.990+0000] {processor.py:830} INFO - Processing file /home/airflow/.local/lib/python3.8/site-packages/airflow/example_dags/example_dynamic_task_mapping_with_no_taskflow_operators.py for tasks to queue
[2025-12-07T15:09:11.992+0000] {logging_mixin.py:188} INFO - [2025-12-07T15:09:11.992+0000] {dagbag.py:538} INFO - Filling up the DagBag from /home/airflow/.local/lib/python3.8/site-packages/airflow/example_dags/example_dynamic_task_mapping_with_no_taskflow_operators.py
[2025-12-07T15:09:12.001+0000] {processor.py:840} INFO - DAG(s) 'example_dynamic_task_mapping_with_no_taskflow_operators' retrieved from /home/airflow/.local/lib/python3.8/site-packages/airflow/example_dags/example_dynamic_task_mapping_with_no_taskflow_operators.py
[2025-12-07T15:09:12.036+0000] {logging_mixin.py:188} INFO - [2025-12-07T15:09:12.035+0000] {dag.py:3036} INFO - Sync 1 DAGs
[2025-12-07T15:09:12.068+0000] {logging_mixin.py:188} INFO - [2025-12-07T15:09:12.067+0000] {dag.py:3823} INFO - Setting next_dagrun for example_dynamic_task_mapping_with_no_taskflow_operators to 2025-12-06 00:00:00+00:00, run_after=2025-12-07 00:00:00+00:00
[2025-12-07T15:09:12.098+0000] {processor.py:183} INFO - Processing /home/airflow/.local/lib/python3.8/site-packages/airflow/example_dags/example_dynamic_task_mapping_with_no_taskflow_operators.py took 0.115 seconds
[2025-12-07T15:09:42.216+0000] {processor.py:161} INFO - Started process (PID=540) to work on /home/airflow/.local/lib/python3.8/site-packages/airflow/example_dags/example_dynamic_task_mapping_with_no_taskflow_operators.py
[2025-12-07T15:09:42.217+0000] {processor.py:830} INFO - Processing file /home/airflow/.local/lib/python3.8/site-packages/airflow/example_dags/example_dynamic_task_mapping_with_no_taskflow_operators.py for tasks to queue
[2025-12-07T15:09:42.220+0000] {logging_mixin.py:188} INFO - [2025-12-07T15:09:42.220+0000] {dagbag.py:538} INFO - Filling up the DagBag from /home/airflow/.local/lib/python3.8/site-packages/airflow/example_dags/example_dynamic_task_mapping_with_no_taskflow_operators.py
[2025-12-07T15:09:42.231+0000] {processor.py:840} INFO - DAG(s) 'example_dynamic_task_mapping_with_no_taskflow_operators' retrieved from /home/airflow/.local/lib/python3.8/site-packages/airflow/example_dags/example_dynamic_task_mapping_with_no_taskflow_operators.py
[2025-12-07T15:09:42.262+0000] {logging_mixin.py:188} INFO - [2025-12-07T15:09:42.262+0000] {dag.py:3036} INFO - Sync 1 DAGs
[2025-12-07T15:09:42.292+0000] {logging_mixin.py:188} INFO - [2025-12-07T15:09:42.292+0000] {dag.py:3823} INFO - Setting next_dagrun for example_dynamic_task_mapping_with_no_taskflow_operators to 2025-12-06 00:00:00+00:00, run_after=2025-12-07 00:00:00+00:00
[2025-12-07T15:09:42.325+0000] {processor.py:183} INFO - Processing /home/airflow/.local/lib/python3.8/site-packages/airflow/example_dags/example_dynamic_task_mapping_with_no_taskflow_operators.py took 0.114 seconds
[2025-12-07T15:10:12.513+0000] {processor.py:161} INFO - Started process (PID=599) to work on /home/airflow/.local/lib/python3.8/site-packages/airflow/example_dags/example_dynamic_task_mapping_with_no_taskflow_operators.py
[2025-12-07T15:10:12.515+0000] {processor.py:830} INFO - Processing file /home/airflow/.local/lib/python3.8/site-packages/airflow/example_dags/example_dynamic_task_mapping_with_no_taskflow_operators.py for tasks to queue
[2025-12-07T15:10:12.518+0000] {logging_mixin.py:188} INFO - [2025-12-07T15:10:12.517+0000] {dagbag.py:538} INFO - Filling up the DagBag from /home/airflow/.local/lib/python3.8/site-packages/airflow/example_dags/example_dynamic_task_mapping_with_no_taskflow_operators.py
[2025-12-07T15:10:12.527+0000] {processor.py:840} INFO - DAG(s) 'example_dynamic_task_mapping_with_no_taskflow_operators' retrieved from /home/airflow/.local/lib/python3.8/site-packages/airflow/example_dags/example_dynamic_task_mapping_with_no_taskflow_operators.py
[2025-12-07T15:10:12.555+0000] {logging_mixin.py:188} INFO - [2025-12-07T15:10:12.555+0000] {dag.py:3036} INFO - Sync 1 DAGs
[2025-12-07T15:10:12.584+0000] {logging_mixin.py:188} INFO - [2025-12-07T15:10:12.583+0000] {dag.py:3823} INFO - Setting next_dagrun for example_dynamic_task_mapping_with_no_taskflow_operators to 2025-12-06 00:00:00+00:00, run_after=2025-12-07 00:00:00+00:00
[2025-12-07T15:10:12.612+0000] {processor.py:183} INFO - Processing /home/airflow/.local/lib/python3.8/site-packages/airflow/example_dags/example_dynamic_task_mapping_with_no_taskflow_operators.py took 0.103 seconds
[2025-12-07T15:10:42.915+0000] {processor.py:161} INFO - Started process (PID=658) to work on /home/airflow/.local/lib/python3.8/site-packages/airflow/example_dags/example_dynamic_task_mapping_with_no_taskflow_operators.py
[2025-12-07T15:10:42.917+0000] {processor.py:830} INFO - Processing file /home/airflow/.local/lib/python3.8/site-packages/airflow/example_dags/example_dynamic_task_mapping_with_no_taskflow_operators.py for tasks to queue
[2025-12-07T15:10:42.920+0000] {logging_mixin.py:188} INFO - [2025-12-07T15:10:42.920+0000] {dagbag.py:538} INFO - Filling up the DagBag from /home/airflow/.local/lib/python3.8/site-packages/airflow/example_dags/example_dynamic_task_mapping_with_no_taskflow_operators.py
[2025-12-07T15:10:42.930+0000] {processor.py:840} INFO - DAG(s) 'example_dynamic_task_mapping_with_no_taskflow_operators' retrieved from /home/airflow/.local/lib/python3.8/site-packages/airflow/example_dags/example_dynamic_task_mapping_with_no_taskflow_operators.py
[2025-12-07T15:10:42.959+0000] {logging_mixin.py:188} INFO - [2025-12-07T15:10:42.958+0000] {dag.py:3036} INFO - Sync 1 DAGs
[2025-12-07T15:10:42.996+0000] {logging_mixin.py:188} INFO - [2025-12-07T15:10:42.995+0000] {dag.py:3823} INFO - Setting next_dagrun for example_dynamic_task_mapping_with_no_taskflow_operators to 2025-12-06 00:00:00+00:00, run_after=2025-12-07 00:00:00+00:00
[2025-12-07T15:10:43.029+0000] {processor.py:183} INFO - Processing /home/airflow/.local/lib/python3.8/site-packages/airflow/example_dags/example_dynamic_task_mapping_with_no_taskflow_operators.py took 0.120 seconds
[2025-12-07T15:11:13.112+0000] {processor.py:161} INFO - Started process (PID=717) to work on /home/airflow/.local/lib/python3.8/site-packages/airflow/example_dags/example_dynamic_task_mapping_with_no_taskflow_operators.py
[2025-12-07T15:11:13.114+0000] {processor.py:830} INFO - Processing file /home/airflow/.local/lib/python3.8/site-packages/airflow/example_dags/example_dynamic_task_mapping_with_no_taskflow_operators.py for tasks to queue
[2025-12-07T15:11:13.117+0000] {logging_mixin.py:188} INFO - [2025-12-07T15:11:13.117+0000] {dagbag.py:538} INFO - Filling up the DagBag from /home/airflow/.local/lib/python3.8/site-packages/airflow/example_dags/example_dynamic_task_mapping_with_no_taskflow_operators.py
[2025-12-07T15:11:13.126+0000] {processor.py:840} INFO - DAG(s) 'example_dynamic_task_mapping_with_no_taskflow_operators' retrieved from /home/airflow/.local/lib/python3.8/site-packages/airflow/example_dags/example_dynamic_task_mapping_with_no_taskflow_operators.py
[2025-12-07T15:11:13.155+0000] {logging_mixin.py:188} INFO - [2025-12-07T15:11:13.154+0000] {dag.py:3036} INFO - Sync 1 DAGs
[2025-12-07T15:11:13.183+0000] {logging_mixin.py:188} INFO - [2025-12-07T15:11:13.183+0000] {dag.py:3823} INFO - Setting next_dagrun for example_dynamic_task_mapping_with_no_taskflow_operators to 2025-12-06 00:00:00+00:00, run_after=2025-12-07 00:00:00+00:00
[2025-12-07T15:11:13.212+0000] {processor.py:183} INFO - Processing /home/airflow/.local/lib/python3.8/site-packages/airflow/example_dags/example_dynamic_task_mapping_with_no_taskflow_operators.py took 0.108 seconds
[2025-12-07T15:11:43.606+0000] {processor.py:161} INFO - Started process (PID=776) to work on /home/airflow/.local/lib/python3.8/site-packages/airflow/example_dags/example_dynamic_task_mapping_with_no_taskflow_operators.py
[2025-12-07T15:11:43.607+0000] {processor.py:830} INFO - Processing file /home/airflow/.local/lib/python3.8/site-packages/airflow/example_dags/example_dynamic_task_mapping_with_no_taskflow_operators.py for tasks to queue
[2025-12-07T15:11:43.610+0000] {logging_mixin.py:188} INFO - [2025-12-07T15:11:43.610+0000] {dagbag.py:538} INFO - Filling up the DagBag from /home/airflow/.local/lib/python3.8/site-packages/airflow/example_dags/example_dynamic_task_mapping_with_no_taskflow_operators.py
[2025-12-07T15:11:43.619+0000] {processor.py:840} INFO - DAG(s) 'example_dynamic_task_mapping_with_no_taskflow_operators' retrieved from /home/airflow/.local/lib/python3.8/site-packages/airflow/example_dags/example_dynamic_task_mapping_with_no_taskflow_operators.py
[2025-12-07T15:11:43.645+0000] {logging_mixin.py:188} INFO - [2025-12-07T15:11:43.645+0000] {dag.py:3036} INFO - Sync 1 DAGs
[2025-12-07T15:11:43.675+0000] {logging_mixin.py:188} INFO - [2025-12-07T15:11:43.674+0000] {dag.py:3823} INFO - Setting next_dagrun for example_dynamic_task_mapping_with_no_taskflow_operators to 2025-12-06 00:00:00+00:00, run_after=2025-12-07 00:00:00+00:00
[2025-12-07T15:11:43.700+0000] {processor.py:183} INFO - Processing /home/airflow/.local/lib/python3.8/site-packages/airflow/example_dags/example_dynamic_task_mapping_with_no_taskflow_operators.py took 0.100 seconds
[2025-12-07T15:12:13.859+0000] {processor.py:161} INFO - Started process (PID=835) to work on /home/airflow/.local/lib/python3.8/site-packages/airflow/example_dags/example_dynamic_task_mapping_with_no_taskflow_operators.py
[2025-12-07T15:12:13.861+0000] {processor.py:830} INFO - Processing file /home/airflow/.local/lib/python3.8/site-packages/airflow/example_dags/example_dynamic_task_mapping_with_no_taskflow_operators.py for tasks to queue
[2025-12-07T15:12:13.864+0000] {logging_mixin.py:188} INFO - [2025-12-07T15:12:13.864+0000] {dagbag.py:538} INFO - Filling up the DagBag from /home/airflow/.local/lib/python3.8/site-packages/airflow/example_dags/example_dynamic_task_mapping_with_no_taskflow_operators.py
[2025-12-07T15:12:13.873+0000] {processor.py:840} INFO - DAG(s) 'example_dynamic_task_mapping_with_no_taskflow_operators' retrieved from /home/airflow/.local/lib/python3.8/site-packages/airflow/example_dags/example_dynamic_task_mapping_with_no_taskflow_operators.py
[2025-12-07T15:12:13.907+0000] {logging_mixin.py:188} INFO - [2025-12-07T15:12:13.906+0000] {dag.py:3036} INFO - Sync 1 DAGs
[2025-12-07T15:12:13.962+0000] {logging_mixin.py:188} INFO - [2025-12-07T15:12:13.961+0000] {dag.py:3823} INFO - Setting next_dagrun for example_dynamic_task_mapping_with_no_taskflow_operators to 2025-12-06 00:00:00+00:00, run_after=2025-12-07 00:00:00+00:00
[2025-12-07T15:12:14.002+0000] {processor.py:183} INFO - Processing /home/airflow/.local/lib/python3.8/site-packages/airflow/example_dags/example_dynamic_task_mapping_with_no_taskflow_operators.py took 0.149 seconds
[2025-12-07T15:12:44.226+0000] {processor.py:161} INFO - Started process (PID=894) to work on /home/airflow/.local/lib/python3.8/site-packages/airflow/example_dags/example_dynamic_task_mapping_with_no_taskflow_operators.py
[2025-12-07T15:12:44.227+0000] {processor.py:830} INFO - Processing file /home/airflow/.local/lib/python3.8/site-packages/airflow/example_dags/example_dynamic_task_mapping_with_no_taskflow_operators.py for tasks to queue
[2025-12-07T15:12:44.230+0000] {logging_mixin.py:188} INFO - [2025-12-07T15:12:44.230+0000] {dagbag.py:538} INFO - Filling up the DagBag from /home/airflow/.local/lib/python3.8/site-packages/airflow/example_dags/example_dynamic_task_mapping_with_no_taskflow_operators.py
[2025-12-07T15:12:44.240+0000] {processor.py:840} INFO - DAG(s) 'example_dynamic_task_mapping_with_no_taskflow_operators' retrieved from /home/airflow/.local/lib/python3.8/site-packages/airflow/example_dags/example_dynamic_task_mapping_with_no_taskflow_operators.py
[2025-12-07T15:12:44.272+0000] {logging_mixin.py:188} INFO - [2025-12-07T15:12:44.271+0000] {dag.py:3036} INFO - Sync 1 DAGs
[2025-12-07T15:12:44.300+0000] {logging_mixin.py:188} INFO - [2025-12-07T15:12:44.300+0000] {dag.py:3823} INFO - Setting next_dagrun for example_dynamic_task_mapping_with_no_taskflow_operators to 2025-12-06 00:00:00+00:00, run_after=2025-12-07 00:00:00+00:00
[2025-12-07T15:12:44.331+0000] {processor.py:183} INFO - Processing /home/airflow/.local/lib/python3.8/site-packages/airflow/example_dags/example_dynamic_task_mapping_with_no_taskflow_operators.py took 0.111 seconds
[2025-12-07T15:13:14.582+0000] {processor.py:161} INFO - Started process (PID=953) to work on /home/airflow/.local/lib/python3.8/site-packages/airflow/example_dags/example_dynamic_task_mapping_with_no_taskflow_operators.py
[2025-12-07T15:13:14.586+0000] {processor.py:830} INFO - Processing file /home/airflow/.local/lib/python3.8/site-packages/airflow/example_dags/example_dynamic_task_mapping_with_no_taskflow_operators.py for tasks to queue
[2025-12-07T15:13:14.589+0000] {logging_mixin.py:188} INFO - [2025-12-07T15:13:14.589+0000] {dagbag.py:538} INFO - Filling up the DagBag from /home/airflow/.local/lib/python3.8/site-packages/airflow/example_dags/example_dynamic_task_mapping_with_no_taskflow_operators.py
[2025-12-07T15:13:14.598+0000] {processor.py:840} INFO - DAG(s) 'example_dynamic_task_mapping_with_no_taskflow_operators' retrieved from /home/airflow/.local/lib/python3.8/site-packages/airflow/example_dags/example_dynamic_task_mapping_with_no_taskflow_operators.py
[2025-12-07T15:13:14.625+0000] {logging_mixin.py:188} INFO - [2025-12-07T15:13:14.625+0000] {dag.py:3036} INFO - Sync 1 DAGs
[2025-12-07T15:13:14.652+0000] {logging_mixin.py:188} INFO - [2025-12-07T15:13:14.652+0000] {dag.py:3823} INFO - Setting next_dagrun for example_dynamic_task_mapping_with_no_taskflow_operators to 2025-12-06 00:00:00+00:00, run_after=2025-12-07 00:00:00+00:00
[2025-12-07T15:13:14.678+0000] {processor.py:183} INFO - Processing /home/airflow/.local/lib/python3.8/site-packages/airflow/example_dags/example_dynamic_task_mapping_with_no_taskflow_operators.py took 0.099 seconds
[2025-12-07T15:13:44.839+0000] {processor.py:161} INFO - Started process (PID=1012) to work on /home/airflow/.local/lib/python3.8/site-packages/airflow/example_dags/example_dynamic_task_mapping_with_no_taskflow_operators.py
[2025-12-07T15:13:44.840+0000] {processor.py:830} INFO - Processing file /home/airflow/.local/lib/python3.8/site-packages/airflow/example_dags/example_dynamic_task_mapping_with_no_taskflow_operators.py for tasks to queue
[2025-12-07T15:13:44.844+0000] {logging_mixin.py:188} INFO - [2025-12-07T15:13:44.843+0000] {dagbag.py:538} INFO - Filling up the DagBag from /home/airflow/.local/lib/python3.8/site-packages/airflow/example_dags/example_dynamic_task_mapping_with_no_taskflow_operators.py
[2025-12-07T15:13:44.852+0000] {processor.py:840} INFO - DAG(s) 'example_dynamic_task_mapping_with_no_taskflow_operators' retrieved from /home/airflow/.local/lib/python3.8/site-packages/airflow/example_dags/example_dynamic_task_mapping_with_no_taskflow_operators.py
[2025-12-07T15:13:44.883+0000] {logging_mixin.py:188} INFO - [2025-12-07T15:13:44.883+0000] {dag.py:3036} INFO - Sync 1 DAGs
[2025-12-07T15:13:44.920+0000] {logging_mixin.py:188} INFO - [2025-12-07T15:13:44.920+0000] {dag.py:3823} INFO - Setting next_dagrun for example_dynamic_task_mapping_with_no_taskflow_operators to 2025-12-06 00:00:00+00:00, run_after=2025-12-07 00:00:00+00:00
[2025-12-07T15:13:44.948+0000] {processor.py:183} INFO - Processing /home/airflow/.local/lib/python3.8/site-packages/airflow/example_dags/example_dynamic_task_mapping_with_no_taskflow_operators.py took 0.113 seconds
[2025-12-07T15:14:15.078+0000] {processor.py:161} INFO - Started process (PID=1071) to work on /home/airflow/.local/lib/python3.8/site-packages/airflow/example_dags/example_dynamic_task_mapping_with_no_taskflow_operators.py
[2025-12-07T15:14:15.079+0000] {processor.py:830} INFO - Processing file /home/airflow/.local/lib/python3.8/site-packages/airflow/example_dags/example_dynamic_task_mapping_with_no_taskflow_operators.py for tasks to queue
[2025-12-07T15:14:15.083+0000] {logging_mixin.py:188} INFO - [2025-12-07T15:14:15.083+0000] {dagbag.py:538} INFO - Filling up the DagBag from /home/airflow/.local/lib/python3.8/site-packages/airflow/example_dags/example_dynamic_task_mapping_with_no_taskflow_operators.py
[2025-12-07T15:14:15.092+0000] {processor.py:840} INFO - DAG(s) 'example_dynamic_task_mapping_with_no_taskflow_operators' retrieved from /home/airflow/.local/lib/python3.8/site-packages/airflow/example_dags/example_dynamic_task_mapping_with_no_taskflow_operators.py
[2025-12-07T15:14:15.119+0000] {logging_mixin.py:188} INFO - [2025-12-07T15:14:15.119+0000] {dag.py:3036} INFO - Sync 1 DAGs
[2025-12-07T15:14:15.146+0000] {logging_mixin.py:188} INFO - [2025-12-07T15:14:15.145+0000] {dag.py:3823} INFO - Setting next_dagrun for example_dynamic_task_mapping_with_no_taskflow_operators to 2025-12-06 00:00:00+00:00, run_after=2025-12-07 00:00:00+00:00
[2025-12-07T15:14:15.171+0000] {processor.py:183} INFO - Processing /home/airflow/.local/lib/python3.8/site-packages/airflow/example_dags/example_dynamic_task_mapping_with_no_taskflow_operators.py took 0.098 seconds
[2025-12-07T15:14:45.666+0000] {processor.py:161} INFO - Started process (PID=1130) to work on /home/airflow/.local/lib/python3.8/site-packages/airflow/example_dags/example_dynamic_task_mapping_with_no_taskflow_operators.py
[2025-12-07T15:14:45.668+0000] {processor.py:830} INFO - Processing file /home/airflow/.local/lib/python3.8/site-packages/airflow/example_dags/example_dynamic_task_mapping_with_no_taskflow_operators.py for tasks to queue
[2025-12-07T15:14:45.672+0000] {logging_mixin.py:188} INFO - [2025-12-07T15:14:45.672+0000] {dagbag.py:538} INFO - Filling up the DagBag from /home/airflow/.local/lib/python3.8/site-packages/airflow/example_dags/example_dynamic_task_mapping_with_no_taskflow_operators.py
[2025-12-07T15:14:45.684+0000] {processor.py:840} INFO - DAG(s) 'example_dynamic_task_mapping_with_no_taskflow_operators' retrieved from /home/airflow/.local/lib/python3.8/site-packages/airflow/example_dags/example_dynamic_task_mapping_with_no_taskflow_operators.py
[2025-12-07T15:14:45.715+0000] {logging_mixin.py:188} INFO - [2025-12-07T15:14:45.715+0000] {dag.py:3036} INFO - Sync 1 DAGs
[2025-12-07T15:14:45.745+0000] {logging_mixin.py:188} INFO - [2025-12-07T15:14:45.745+0000] {dag.py:3823} INFO - Setting next_dagrun for example_dynamic_task_mapping_with_no_taskflow_operators to 2025-12-06 00:00:00+00:00, run_after=2025-12-07 00:00:00+00:00
[2025-12-07T15:14:45.775+0000] {processor.py:183} INFO - Processing /home/airflow/.local/lib/python3.8/site-packages/airflow/example_dags/example_dynamic_task_mapping_with_no_taskflow_operators.py took 0.114 seconds
[2025-12-07T15:15:15.833+0000] {processor.py:161} INFO - Started process (PID=1189) to work on /home/airflow/.local/lib/python3.8/site-packages/airflow/example_dags/example_dynamic_task_mapping_with_no_taskflow_operators.py
[2025-12-07T15:15:15.835+0000] {processor.py:830} INFO - Processing file /home/airflow/.local/lib/python3.8/site-packages/airflow/example_dags/example_dynamic_task_mapping_with_no_taskflow_operators.py for tasks to queue
[2025-12-07T15:15:15.839+0000] {logging_mixin.py:188} INFO - [2025-12-07T15:15:15.838+0000] {dagbag.py:538} INFO - Filling up the DagBag from /home/airflow/.local/lib/python3.8/site-packages/airflow/example_dags/example_dynamic_task_mapping_with_no_taskflow_operators.py
[2025-12-07T15:15:15.848+0000] {processor.py:840} INFO - DAG(s) 'example_dynamic_task_mapping_with_no_taskflow_operators' retrieved from /home/airflow/.local/lib/python3.8/site-packages/airflow/example_dags/example_dynamic_task_mapping_with_no_taskflow_operators.py
[2025-12-07T15:15:15.882+0000] {logging_mixin.py:188} INFO - [2025-12-07T15:15:15.881+0000] {dag.py:3036} INFO - Sync 1 DAGs
[2025-12-07T15:15:15.913+0000] {logging_mixin.py:188} INFO - [2025-12-07T15:15:15.913+0000] {dag.py:3823} INFO - Setting next_dagrun for example_dynamic_task_mapping_with_no_taskflow_operators to 2025-12-06 00:00:00+00:00, run_after=2025-12-07 00:00:00+00:00
[2025-12-07T15:15:15.943+0000] {processor.py:183} INFO - Processing /home/airflow/.local/lib/python3.8/site-packages/airflow/example_dags/example_dynamic_task_mapping_with_no_taskflow_operators.py took 0.114 seconds
[2025-12-07T15:15:46.504+0000] {processor.py:161} INFO - Started process (PID=1248) to work on /home/airflow/.local/lib/python3.8/site-packages/airflow/example_dags/example_dynamic_task_mapping_with_no_taskflow_operators.py
[2025-12-07T15:15:46.506+0000] {processor.py:830} INFO - Processing file /home/airflow/.local/lib/python3.8/site-packages/airflow/example_dags/example_dynamic_task_mapping_with_no_taskflow_operators.py for tasks to queue
[2025-12-07T15:15:46.509+0000] {logging_mixin.py:188} INFO - [2025-12-07T15:15:46.508+0000] {dagbag.py:538} INFO - Filling up the DagBag from /home/airflow/.local/lib/python3.8/site-packages/airflow/example_dags/example_dynamic_task_mapping_with_no_taskflow_operators.py
[2025-12-07T15:15:46.517+0000] {processor.py:840} INFO - DAG(s) 'example_dynamic_task_mapping_with_no_taskflow_operators' retrieved from /home/airflow/.local/lib/python3.8/site-packages/airflow/example_dags/example_dynamic_task_mapping_with_no_taskflow_operators.py
[2025-12-07T15:15:46.548+0000] {logging_mixin.py:188} INFO - [2025-12-07T15:15:46.548+0000] {dag.py:3036} INFO - Sync 1 DAGs
[2025-12-07T15:15:46.578+0000] {logging_mixin.py:188} INFO - [2025-12-07T15:15:46.578+0000] {dag.py:3823} INFO - Setting next_dagrun for example_dynamic_task_mapping_with_no_taskflow_operators to 2025-12-06 00:00:00+00:00, run_after=2025-12-07 00:00:00+00:00
[2025-12-07T15:15:46.613+0000] {processor.py:183} INFO - Processing /home/airflow/.local/lib/python3.8/site-packages/airflow/example_dags/example_dynamic_task_mapping_with_no_taskflow_operators.py took 0.113 seconds
[2025-12-07T15:16:17.166+0000] {processor.py:161} INFO - Started process (PID=1307) to work on /home/airflow/.local/lib/python3.8/site-packages/airflow/example_dags/example_dynamic_task_mapping_with_no_taskflow_operators.py
[2025-12-07T15:16:17.167+0000] {processor.py:830} INFO - Processing file /home/airflow/.local/lib/python3.8/site-packages/airflow/example_dags/example_dynamic_task_mapping_with_no_taskflow_operators.py for tasks to queue
[2025-12-07T15:16:17.170+0000] {logging_mixin.py:188} INFO - [2025-12-07T15:16:17.170+0000] {dagbag.py:538} INFO - Filling up the DagBag from /home/airflow/.local/lib/python3.8/site-packages/airflow/example_dags/example_dynamic_task_mapping_with_no_taskflow_operators.py
[2025-12-07T15:16:17.180+0000] {processor.py:840} INFO - DAG(s) 'example_dynamic_task_mapping_with_no_taskflow_operators' retrieved from /home/airflow/.local/lib/python3.8/site-packages/airflow/example_dags/example_dynamic_task_mapping_with_no_taskflow_operators.py
[2025-12-07T15:16:17.212+0000] {logging_mixin.py:188} INFO - [2025-12-07T15:16:17.212+0000] {dag.py:3036} INFO - Sync 1 DAGs
[2025-12-07T15:16:17.249+0000] {logging_mixin.py:188} INFO - [2025-12-07T15:16:17.249+0000] {dag.py:3823} INFO - Setting next_dagrun for example_dynamic_task_mapping_with_no_taskflow_operators to 2025-12-06 00:00:00+00:00, run_after=2025-12-07 00:00:00+00:00
[2025-12-07T15:16:17.291+0000] {processor.py:183} INFO - Processing /home/airflow/.local/lib/python3.8/site-packages/airflow/example_dags/example_dynamic_task_mapping_with_no_taskflow_operators.py took 0.130 seconds
[2025-12-07T15:16:47.537+0000] {processor.py:161} INFO - Started process (PID=1366) to work on /home/airflow/.local/lib/python3.8/site-packages/airflow/example_dags/example_dynamic_task_mapping_with_no_taskflow_operators.py
[2025-12-07T15:16:47.539+0000] {processor.py:830} INFO - Processing file /home/airflow/.local/lib/python3.8/site-packages/airflow/example_dags/example_dynamic_task_mapping_with_no_taskflow_operators.py for tasks to queue
[2025-12-07T15:16:47.543+0000] {logging_mixin.py:188} INFO - [2025-12-07T15:16:47.542+0000] {dagbag.py:538} INFO - Filling up the DagBag from /home/airflow/.local/lib/python3.8/site-packages/airflow/example_dags/example_dynamic_task_mapping_with_no_taskflow_operators.py
[2025-12-07T15:16:47.562+0000] {processor.py:840} INFO - DAG(s) 'example_dynamic_task_mapping_with_no_taskflow_operators' retrieved from /home/airflow/.local/lib/python3.8/site-packages/airflow/example_dags/example_dynamic_task_mapping_with_no_taskflow_operators.py
[2025-12-07T15:16:47.605+0000] {logging_mixin.py:188} INFO - [2025-12-07T15:16:47.605+0000] {dag.py:3036} INFO - Sync 1 DAGs
[2025-12-07T15:16:47.646+0000] {logging_mixin.py:188} INFO - [2025-12-07T15:16:47.646+0000] {dag.py:3823} INFO - Setting next_dagrun for example_dynamic_task_mapping_with_no_taskflow_operators to 2025-12-06 00:00:00+00:00, run_after=2025-12-07 00:00:00+00:00
[2025-12-07T15:16:47.684+0000] {processor.py:183} INFO - Processing /home/airflow/.local/lib/python3.8/site-packages/airflow/example_dags/example_dynamic_task_mapping_with_no_taskflow_operators.py took 0.157 seconds
[2025-12-07T15:17:17.744+0000] {processor.py:161} INFO - Started process (PID=1425) to work on /home/airflow/.local/lib/python3.8/site-packages/airflow/example_dags/example_dynamic_task_mapping_with_no_taskflow_operators.py
[2025-12-07T15:17:17.746+0000] {processor.py:830} INFO - Processing file /home/airflow/.local/lib/python3.8/site-packages/airflow/example_dags/example_dynamic_task_mapping_with_no_taskflow_operators.py for tasks to queue
[2025-12-07T15:17:17.748+0000] {logging_mixin.py:188} INFO - [2025-12-07T15:17:17.748+0000] {dagbag.py:538} INFO - Filling up the DagBag from /home/airflow/.local/lib/python3.8/site-packages/airflow/example_dags/example_dynamic_task_mapping_with_no_taskflow_operators.py
[2025-12-07T15:17:17.756+0000] {processor.py:840} INFO - DAG(s) 'example_dynamic_task_mapping_with_no_taskflow_operators' retrieved from /home/airflow/.local/lib/python3.8/site-packages/airflow/example_dags/example_dynamic_task_mapping_with_no_taskflow_operators.py
[2025-12-07T15:17:17.784+0000] {logging_mixin.py:188} INFO - [2025-12-07T15:17:17.783+0000] {dag.py:3036} INFO - Sync 1 DAGs
[2025-12-07T15:17:17.809+0000] {logging_mixin.py:188} INFO - [2025-12-07T15:17:17.808+0000] {dag.py:3823} INFO - Setting next_dagrun for example_dynamic_task_mapping_with_no_taskflow_operators to 2025-12-06 00:00:00+00:00, run_after=2025-12-07 00:00:00+00:00
[2025-12-07T15:17:17.833+0000] {processor.py:183} INFO - Processing /home/airflow/.local/lib/python3.8/site-packages/airflow/example_dags/example_dynamic_task_mapping_with_no_taskflow_operators.py took 0.093 seconds
[2025-12-07T15:17:48.054+0000] {processor.py:161} INFO - Started process (PID=1484) to work on /home/airflow/.local/lib/python3.8/site-packages/airflow/example_dags/example_dynamic_task_mapping_with_no_taskflow_operators.py
[2025-12-07T15:17:48.056+0000] {processor.py:830} INFO - Processing file /home/airflow/.local/lib/python3.8/site-packages/airflow/example_dags/example_dynamic_task_mapping_with_no_taskflow_operators.py for tasks to queue
[2025-12-07T15:17:48.059+0000] {logging_mixin.py:188} INFO - [2025-12-07T15:17:48.058+0000] {dagbag.py:538} INFO - Filling up the DagBag from /home/airflow/.local/lib/python3.8/site-packages/airflow/example_dags/example_dynamic_task_mapping_with_no_taskflow_operators.py
[2025-12-07T15:17:48.067+0000] {processor.py:840} INFO - DAG(s) 'example_dynamic_task_mapping_with_no_taskflow_operators' retrieved from /home/airflow/.local/lib/python3.8/site-packages/airflow/example_dags/example_dynamic_task_mapping_with_no_taskflow_operators.py
[2025-12-07T15:17:48.100+0000] {logging_mixin.py:188} INFO - [2025-12-07T15:17:48.099+0000] {dag.py:3036} INFO - Sync 1 DAGs
[2025-12-07T15:17:48.131+0000] {logging_mixin.py:188} INFO - [2025-12-07T15:17:48.131+0000] {dag.py:3823} INFO - Setting next_dagrun for example_dynamic_task_mapping_with_no_taskflow_operators to 2025-12-06 00:00:00+00:00, run_after=2025-12-07 00:00:00+00:00
[2025-12-07T15:17:48.161+0000] {processor.py:183} INFO - Processing /home/airflow/.local/lib/python3.8/site-packages/airflow/example_dags/example_dynamic_task_mapping_with_no_taskflow_operators.py took 0.112 seconds
[2025-12-07T15:18:18.449+0000] {processor.py:161} INFO - Started process (PID=1541) to work on /home/airflow/.local/lib/python3.8/site-packages/airflow/example_dags/example_dynamic_task_mapping_with_no_taskflow_operators.py
[2025-12-07T15:18:18.451+0000] {processor.py:830} INFO - Processing file /home/airflow/.local/lib/python3.8/site-packages/airflow/example_dags/example_dynamic_task_mapping_with_no_taskflow_operators.py for tasks to queue
[2025-12-07T15:18:18.457+0000] {logging_mixin.py:188} INFO - [2025-12-07T15:18:18.456+0000] {dagbag.py:538} INFO - Filling up the DagBag from /home/airflow/.local/lib/python3.8/site-packages/airflow/example_dags/example_dynamic_task_mapping_with_no_taskflow_operators.py
[2025-12-07T15:18:18.470+0000] {processor.py:840} INFO - DAG(s) 'example_dynamic_task_mapping_with_no_taskflow_operators' retrieved from /home/airflow/.local/lib/python3.8/site-packages/airflow/example_dags/example_dynamic_task_mapping_with_no_taskflow_operators.py
[2025-12-07T15:18:18.505+0000] {logging_mixin.py:188} INFO - [2025-12-07T15:18:18.504+0000] {dag.py:3036} INFO - Sync 1 DAGs
[2025-12-07T15:18:18.536+0000] {logging_mixin.py:188} INFO - [2025-12-07T15:18:18.536+0000] {dag.py:3823} INFO - Setting next_dagrun for example_dynamic_task_mapping_with_no_taskflow_operators to 2025-12-06 00:00:00+00:00, run_after=2025-12-07 00:00:00+00:00
[2025-12-07T15:18:18.567+0000] {processor.py:183} INFO - Processing /home/airflow/.local/lib/python3.8/site-packages/airflow/example_dags/example_dynamic_task_mapping_with_no_taskflow_operators.py took 0.124 seconds
[2025-12-07T15:18:48.719+0000] {processor.py:161} INFO - Started process (PID=1600) to work on /home/airflow/.local/lib/python3.8/site-packages/airflow/example_dags/example_dynamic_task_mapping_with_no_taskflow_operators.py
[2025-12-07T15:18:48.720+0000] {processor.py:830} INFO - Processing file /home/airflow/.local/lib/python3.8/site-packages/airflow/example_dags/example_dynamic_task_mapping_with_no_taskflow_operators.py for tasks to queue
[2025-12-07T15:18:48.724+0000] {logging_mixin.py:188} INFO - [2025-12-07T15:18:48.723+0000] {dagbag.py:538} INFO - Filling up the DagBag from /home/airflow/.local/lib/python3.8/site-packages/airflow/example_dags/example_dynamic_task_mapping_with_no_taskflow_operators.py
[2025-12-07T15:18:48.732+0000] {processor.py:840} INFO - DAG(s) 'example_dynamic_task_mapping_with_no_taskflow_operators' retrieved from /home/airflow/.local/lib/python3.8/site-packages/airflow/example_dags/example_dynamic_task_mapping_with_no_taskflow_operators.py
[2025-12-07T15:18:48.776+0000] {logging_mixin.py:188} INFO - [2025-12-07T15:18:48.775+0000] {dag.py:3036} INFO - Sync 1 DAGs
[2025-12-07T15:18:48.810+0000] {logging_mixin.py:188} INFO - [2025-12-07T15:18:48.809+0000] {dag.py:3823} INFO - Setting next_dagrun for example_dynamic_task_mapping_with_no_taskflow_operators to 2025-12-06 00:00:00+00:00, run_after=2025-12-07 00:00:00+00:00
[2025-12-07T15:18:48.848+0000] {processor.py:183} INFO - Processing /home/airflow/.local/lib/python3.8/site-packages/airflow/example_dags/example_dynamic_task_mapping_with_no_taskflow_operators.py took 0.134 seconds
[2025-12-07T15:19:19.115+0000] {processor.py:161} INFO - Started process (PID=1659) to work on /home/airflow/.local/lib/python3.8/site-packages/airflow/example_dags/example_dynamic_task_mapping_with_no_taskflow_operators.py
[2025-12-07T15:19:19.117+0000] {processor.py:830} INFO - Processing file /home/airflow/.local/lib/python3.8/site-packages/airflow/example_dags/example_dynamic_task_mapping_with_no_taskflow_operators.py for tasks to queue
[2025-12-07T15:19:19.121+0000] {logging_mixin.py:188} INFO - [2025-12-07T15:19:19.120+0000] {dagbag.py:538} INFO - Filling up the DagBag from /home/airflow/.local/lib/python3.8/site-packages/airflow/example_dags/example_dynamic_task_mapping_with_no_taskflow_operators.py
[2025-12-07T15:19:19.129+0000] {processor.py:840} INFO - DAG(s) 'example_dynamic_task_mapping_with_no_taskflow_operators' retrieved from /home/airflow/.local/lib/python3.8/site-packages/airflow/example_dags/example_dynamic_task_mapping_with_no_taskflow_operators.py
[2025-12-07T15:19:19.158+0000] {logging_mixin.py:188} INFO - [2025-12-07T15:19:19.157+0000] {dag.py:3036} INFO - Sync 1 DAGs
[2025-12-07T15:19:19.185+0000] {logging_mixin.py:188} INFO - [2025-12-07T15:19:19.185+0000] {dag.py:3823} INFO - Setting next_dagrun for example_dynamic_task_mapping_with_no_taskflow_operators to 2025-12-06 00:00:00+00:00, run_after=2025-12-07 00:00:00+00:00
[2025-12-07T15:19:19.214+0000] {processor.py:183} INFO - Processing /home/airflow/.local/lib/python3.8/site-packages/airflow/example_dags/example_dynamic_task_mapping_with_no_taskflow_operators.py took 0.103 seconds
[2025-12-07T15:19:49.433+0000] {processor.py:161} INFO - Started process (PID=1718) to work on /home/airflow/.local/lib/python3.8/site-packages/airflow/example_dags/example_dynamic_task_mapping_with_no_taskflow_operators.py
[2025-12-07T15:19:49.435+0000] {processor.py:830} INFO - Processing file /home/airflow/.local/lib/python3.8/site-packages/airflow/example_dags/example_dynamic_task_mapping_with_no_taskflow_operators.py for tasks to queue
[2025-12-07T15:19:49.441+0000] {logging_mixin.py:188} INFO - [2025-12-07T15:19:49.440+0000] {dagbag.py:538} INFO - Filling up the DagBag from /home/airflow/.local/lib/python3.8/site-packages/airflow/example_dags/example_dynamic_task_mapping_with_no_taskflow_operators.py
[2025-12-07T15:19:49.454+0000] {processor.py:840} INFO - DAG(s) 'example_dynamic_task_mapping_with_no_taskflow_operators' retrieved from /home/airflow/.local/lib/python3.8/site-packages/airflow/example_dags/example_dynamic_task_mapping_with_no_taskflow_operators.py
[2025-12-07T15:19:49.488+0000] {logging_mixin.py:188} INFO - [2025-12-07T15:19:49.488+0000] {dag.py:3036} INFO - Sync 1 DAGs
[2025-12-07T15:19:49.517+0000] {logging_mixin.py:188} INFO - [2025-12-07T15:19:49.516+0000] {dag.py:3823} INFO - Setting next_dagrun for example_dynamic_task_mapping_with_no_taskflow_operators to 2025-12-06 00:00:00+00:00, run_after=2025-12-07 00:00:00+00:00
[2025-12-07T15:19:49.550+0000] {processor.py:183} INFO - Processing /home/airflow/.local/lib/python3.8/site-packages/airflow/example_dags/example_dynamic_task_mapping_with_no_taskflow_operators.py took 0.123 seconds
[2025-12-07T15:20:19.875+0000] {processor.py:161} INFO - Started process (PID=1777) to work on /home/airflow/.local/lib/python3.8/site-packages/airflow/example_dags/example_dynamic_task_mapping_with_no_taskflow_operators.py
[2025-12-07T15:20:19.877+0000] {processor.py:830} INFO - Processing file /home/airflow/.local/lib/python3.8/site-packages/airflow/example_dags/example_dynamic_task_mapping_with_no_taskflow_operators.py for tasks to queue
[2025-12-07T15:20:19.880+0000] {logging_mixin.py:188} INFO - [2025-12-07T15:20:19.880+0000] {dagbag.py:538} INFO - Filling up the DagBag from /home/airflow/.local/lib/python3.8/site-packages/airflow/example_dags/example_dynamic_task_mapping_with_no_taskflow_operators.py
[2025-12-07T15:20:19.890+0000] {processor.py:840} INFO - DAG(s) 'example_dynamic_task_mapping_with_no_taskflow_operators' retrieved from /home/airflow/.local/lib/python3.8/site-packages/airflow/example_dags/example_dynamic_task_mapping_with_no_taskflow_operators.py
[2025-12-07T15:20:19.922+0000] {logging_mixin.py:188} INFO - [2025-12-07T15:20:19.922+0000] {dag.py:3036} INFO - Sync 1 DAGs
[2025-12-07T15:20:19.965+0000] {logging_mixin.py:188} INFO - [2025-12-07T15:20:19.964+0000] {dag.py:3823} INFO - Setting next_dagrun for example_dynamic_task_mapping_with_no_taskflow_operators to 2025-12-06 00:00:00+00:00, run_after=2025-12-07 00:00:00+00:00
[2025-12-07T15:20:19.999+0000] {processor.py:183} INFO - Processing /home/airflow/.local/lib/python3.8/site-packages/airflow/example_dags/example_dynamic_task_mapping_with_no_taskflow_operators.py took 0.129 seconds
[2025-12-07T15:20:50.164+0000] {processor.py:161} INFO - Started process (PID=1836) to work on /home/airflow/.local/lib/python3.8/site-packages/airflow/example_dags/example_dynamic_task_mapping_with_no_taskflow_operators.py
[2025-12-07T15:20:50.166+0000] {processor.py:830} INFO - Processing file /home/airflow/.local/lib/python3.8/site-packages/airflow/example_dags/example_dynamic_task_mapping_with_no_taskflow_operators.py for tasks to queue
[2025-12-07T15:20:50.172+0000] {logging_mixin.py:188} INFO - [2025-12-07T15:20:50.171+0000] {dagbag.py:538} INFO - Filling up the DagBag from /home/airflow/.local/lib/python3.8/site-packages/airflow/example_dags/example_dynamic_task_mapping_with_no_taskflow_operators.py
[2025-12-07T15:20:50.190+0000] {processor.py:840} INFO - DAG(s) 'example_dynamic_task_mapping_with_no_taskflow_operators' retrieved from /home/airflow/.local/lib/python3.8/site-packages/airflow/example_dags/example_dynamic_task_mapping_with_no_taskflow_operators.py
[2025-12-07T15:20:50.251+0000] {logging_mixin.py:188} INFO - [2025-12-07T15:20:50.250+0000] {dag.py:3036} INFO - Sync 1 DAGs
[2025-12-07T15:20:50.315+0000] {logging_mixin.py:188} INFO - [2025-12-07T15:20:50.314+0000] {dag.py:3823} INFO - Setting next_dagrun for example_dynamic_task_mapping_with_no_taskflow_operators to 2025-12-06 00:00:00+00:00, run_after=2025-12-07 00:00:00+00:00
[2025-12-07T15:20:50.364+0000] {processor.py:183} INFO - Processing /home/airflow/.local/lib/python3.8/site-packages/airflow/example_dags/example_dynamic_task_mapping_with_no_taskflow_operators.py took 0.210 seconds
[2025-12-07T15:21:20.527+0000] {processor.py:161} INFO - Started process (PID=1895) to work on /home/airflow/.local/lib/python3.8/site-packages/airflow/example_dags/example_dynamic_task_mapping_with_no_taskflow_operators.py
[2025-12-07T15:21:20.529+0000] {processor.py:830} INFO - Processing file /home/airflow/.local/lib/python3.8/site-packages/airflow/example_dags/example_dynamic_task_mapping_with_no_taskflow_operators.py for tasks to queue
[2025-12-07T15:21:20.532+0000] {logging_mixin.py:188} INFO - [2025-12-07T15:21:20.531+0000] {dagbag.py:538} INFO - Filling up the DagBag from /home/airflow/.local/lib/python3.8/site-packages/airflow/example_dags/example_dynamic_task_mapping_with_no_taskflow_operators.py
[2025-12-07T15:21:20.539+0000] {processor.py:840} INFO - DAG(s) 'example_dynamic_task_mapping_with_no_taskflow_operators' retrieved from /home/airflow/.local/lib/python3.8/site-packages/airflow/example_dags/example_dynamic_task_mapping_with_no_taskflow_operators.py
[2025-12-07T15:21:20.568+0000] {logging_mixin.py:188} INFO - [2025-12-07T15:21:20.568+0000] {dag.py:3036} INFO - Sync 1 DAGs
[2025-12-07T15:21:20.596+0000] {logging_mixin.py:188} INFO - [2025-12-07T15:21:20.595+0000] {dag.py:3823} INFO - Setting next_dagrun for example_dynamic_task_mapping_with_no_taskflow_operators to 2025-12-06 00:00:00+00:00, run_after=2025-12-07 00:00:00+00:00
[2025-12-07T15:21:20.622+0000] {processor.py:183} INFO - Processing /home/airflow/.local/lib/python3.8/site-packages/airflow/example_dags/example_dynamic_task_mapping_with_no_taskflow_operators.py took 0.100 seconds
[2025-12-07T15:21:51.295+0000] {processor.py:161} INFO - Started process (PID=1954) to work on /home/airflow/.local/lib/python3.8/site-packages/airflow/example_dags/example_dynamic_task_mapping_with_no_taskflow_operators.py
[2025-12-07T15:21:51.296+0000] {processor.py:830} INFO - Processing file /home/airflow/.local/lib/python3.8/site-packages/airflow/example_dags/example_dynamic_task_mapping_with_no_taskflow_operators.py for tasks to queue
[2025-12-07T15:21:51.301+0000] {logging_mixin.py:188} INFO - [2025-12-07T15:21:51.300+0000] {dagbag.py:538} INFO - Filling up the DagBag from /home/airflow/.local/lib/python3.8/site-packages/airflow/example_dags/example_dynamic_task_mapping_with_no_taskflow_operators.py
[2025-12-07T15:21:51.309+0000] {processor.py:840} INFO - DAG(s) 'example_dynamic_task_mapping_with_no_taskflow_operators' retrieved from /home/airflow/.local/lib/python3.8/site-packages/airflow/example_dags/example_dynamic_task_mapping_with_no_taskflow_operators.py
[2025-12-07T15:21:51.338+0000] {logging_mixin.py:188} INFO - [2025-12-07T15:21:51.337+0000] {dag.py:3036} INFO - Sync 1 DAGs
[2025-12-07T15:21:51.368+0000] {logging_mixin.py:188} INFO - [2025-12-07T15:21:51.368+0000] {dag.py:3823} INFO - Setting next_dagrun for example_dynamic_task_mapping_with_no_taskflow_operators to 2025-12-06 00:00:00+00:00, run_after=2025-12-07 00:00:00+00:00
[2025-12-07T15:21:51.398+0000] {processor.py:183} INFO - Processing /home/airflow/.local/lib/python3.8/site-packages/airflow/example_dags/example_dynamic_task_mapping_with_no_taskflow_operators.py took 0.108 seconds
[2025-12-07T15:22:21.885+0000] {processor.py:161} INFO - Started process (PID=2013) to work on /home/airflow/.local/lib/python3.8/site-packages/airflow/example_dags/example_dynamic_task_mapping_with_no_taskflow_operators.py
[2025-12-07T15:22:21.886+0000] {processor.py:830} INFO - Processing file /home/airflow/.local/lib/python3.8/site-packages/airflow/example_dags/example_dynamic_task_mapping_with_no_taskflow_operators.py for tasks to queue
[2025-12-07T15:22:21.889+0000] {logging_mixin.py:188} INFO - [2025-12-07T15:22:21.889+0000] {dagbag.py:538} INFO - Filling up the DagBag from /home/airflow/.local/lib/python3.8/site-packages/airflow/example_dags/example_dynamic_task_mapping_with_no_taskflow_operators.py
[2025-12-07T15:22:21.898+0000] {processor.py:840} INFO - DAG(s) 'example_dynamic_task_mapping_with_no_taskflow_operators' retrieved from /home/airflow/.local/lib/python3.8/site-packages/airflow/example_dags/example_dynamic_task_mapping_with_no_taskflow_operators.py
[2025-12-07T15:22:21.926+0000] {logging_mixin.py:188} INFO - [2025-12-07T15:22:21.926+0000] {dag.py:3036} INFO - Sync 1 DAGs
[2025-12-07T15:22:21.953+0000] {logging_mixin.py:188} INFO - [2025-12-07T15:22:21.953+0000] {dag.py:3823} INFO - Setting next_dagrun for example_dynamic_task_mapping_with_no_taskflow_operators to 2025-12-06 00:00:00+00:00, run_after=2025-12-07 00:00:00+00:00
[2025-12-07T15:22:21.979+0000] {processor.py:183} INFO - Processing /home/airflow/.local/lib/python3.8/site-packages/airflow/example_dags/example_dynamic_task_mapping_with_no_taskflow_operators.py took 0.099 seconds
[2025-12-07T15:22:52.594+0000] {processor.py:161} INFO - Started process (PID=2072) to work on /home/airflow/.local/lib/python3.8/site-packages/airflow/example_dags/example_dynamic_task_mapping_with_no_taskflow_operators.py
[2025-12-07T15:22:52.596+0000] {processor.py:830} INFO - Processing file /home/airflow/.local/lib/python3.8/site-packages/airflow/example_dags/example_dynamic_task_mapping_with_no_taskflow_operators.py for tasks to queue
[2025-12-07T15:22:52.600+0000] {logging_mixin.py:188} INFO - [2025-12-07T15:22:52.599+0000] {dagbag.py:538} INFO - Filling up the DagBag from /home/airflow/.local/lib/python3.8/site-packages/airflow/example_dags/example_dynamic_task_mapping_with_no_taskflow_operators.py
[2025-12-07T15:22:52.608+0000] {processor.py:840} INFO - DAG(s) 'example_dynamic_task_mapping_with_no_taskflow_operators' retrieved from /home/airflow/.local/lib/python3.8/site-packages/airflow/example_dags/example_dynamic_task_mapping_with_no_taskflow_operators.py
[2025-12-07T15:22:52.634+0000] {logging_mixin.py:188} INFO - [2025-12-07T15:22:52.634+0000] {dag.py:3036} INFO - Sync 1 DAGs
[2025-12-07T15:22:52.665+0000] {logging_mixin.py:188} INFO - [2025-12-07T15:22:52.664+0000] {dag.py:3823} INFO - Setting next_dagrun for example_dynamic_task_mapping_with_no_taskflow_operators to 2025-12-06 00:00:00+00:00, run_after=2025-12-07 00:00:00+00:00
[2025-12-07T15:22:52.692+0000] {processor.py:183} INFO - Processing /home/airflow/.local/lib/python3.8/site-packages/airflow/example_dags/example_dynamic_task_mapping_with_no_taskflow_operators.py took 0.102 seconds
[2025-12-07T15:23:22.873+0000] {processor.py:161} INFO - Started process (PID=2131) to work on /home/airflow/.local/lib/python3.8/site-packages/airflow/example_dags/example_dynamic_task_mapping_with_no_taskflow_operators.py
[2025-12-07T15:23:22.875+0000] {processor.py:830} INFO - Processing file /home/airflow/.local/lib/python3.8/site-packages/airflow/example_dags/example_dynamic_task_mapping_with_no_taskflow_operators.py for tasks to queue
[2025-12-07T15:23:22.878+0000] {logging_mixin.py:188} INFO - [2025-12-07T15:23:22.878+0000] {dagbag.py:538} INFO - Filling up the DagBag from /home/airflow/.local/lib/python3.8/site-packages/airflow/example_dags/example_dynamic_task_mapping_with_no_taskflow_operators.py
[2025-12-07T15:23:22.887+0000] {processor.py:840} INFO - DAG(s) 'example_dynamic_task_mapping_with_no_taskflow_operators' retrieved from /home/airflow/.local/lib/python3.8/site-packages/airflow/example_dags/example_dynamic_task_mapping_with_no_taskflow_operators.py
[2025-12-07T15:23:22.915+0000] {logging_mixin.py:188} INFO - [2025-12-07T15:23:22.914+0000] {dag.py:3036} INFO - Sync 1 DAGs
[2025-12-07T15:23:22.946+0000] {logging_mixin.py:188} INFO - [2025-12-07T15:23:22.945+0000] {dag.py:3823} INFO - Setting next_dagrun for example_dynamic_task_mapping_with_no_taskflow_operators to 2025-12-06 00:00:00+00:00, run_after=2025-12-07 00:00:00+00:00
[2025-12-07T15:23:22.973+0000] {processor.py:183} INFO - Processing /home/airflow/.local/lib/python3.8/site-packages/airflow/example_dags/example_dynamic_task_mapping_with_no_taskflow_operators.py took 0.106 seconds
[2025-12-07T15:23:53.508+0000] {processor.py:161} INFO - Started process (PID=2190) to work on /home/airflow/.local/lib/python3.8/site-packages/airflow/example_dags/example_dynamic_task_mapping_with_no_taskflow_operators.py
[2025-12-07T15:23:53.510+0000] {processor.py:830} INFO - Processing file /home/airflow/.local/lib/python3.8/site-packages/airflow/example_dags/example_dynamic_task_mapping_with_no_taskflow_operators.py for tasks to queue
[2025-12-07T15:23:53.514+0000] {logging_mixin.py:188} INFO - [2025-12-07T15:23:53.514+0000] {dagbag.py:538} INFO - Filling up the DagBag from /home/airflow/.local/lib/python3.8/site-packages/airflow/example_dags/example_dynamic_task_mapping_with_no_taskflow_operators.py
[2025-12-07T15:23:53.524+0000] {processor.py:840} INFO - DAG(s) 'example_dynamic_task_mapping_with_no_taskflow_operators' retrieved from /home/airflow/.local/lib/python3.8/site-packages/airflow/example_dags/example_dynamic_task_mapping_with_no_taskflow_operators.py
[2025-12-07T15:23:53.553+0000] {logging_mixin.py:188} INFO - [2025-12-07T15:23:53.553+0000] {dag.py:3036} INFO - Sync 1 DAGs
[2025-12-07T15:23:53.580+0000] {logging_mixin.py:188} INFO - [2025-12-07T15:23:53.580+0000] {dag.py:3823} INFO - Setting next_dagrun for example_dynamic_task_mapping_with_no_taskflow_operators to 2025-12-06 00:00:00+00:00, run_after=2025-12-07 00:00:00+00:00
[2025-12-07T15:23:53.615+0000] {processor.py:183} INFO - Processing /home/airflow/.local/lib/python3.8/site-packages/airflow/example_dags/example_dynamic_task_mapping_with_no_taskflow_operators.py took 0.111 seconds
[2025-12-07T15:24:23.662+0000] {processor.py:161} INFO - Started process (PID=2249) to work on /home/airflow/.local/lib/python3.8/site-packages/airflow/example_dags/example_dynamic_task_mapping_with_no_taskflow_operators.py
[2025-12-07T15:24:23.664+0000] {processor.py:830} INFO - Processing file /home/airflow/.local/lib/python3.8/site-packages/airflow/example_dags/example_dynamic_task_mapping_with_no_taskflow_operators.py for tasks to queue
[2025-12-07T15:24:23.671+0000] {logging_mixin.py:188} INFO - [2025-12-07T15:24:23.670+0000] {dagbag.py:538} INFO - Filling up the DagBag from /home/airflow/.local/lib/python3.8/site-packages/airflow/example_dags/example_dynamic_task_mapping_with_no_taskflow_operators.py
[2025-12-07T15:24:23.682+0000] {processor.py:840} INFO - DAG(s) 'example_dynamic_task_mapping_with_no_taskflow_operators' retrieved from /home/airflow/.local/lib/python3.8/site-packages/airflow/example_dags/example_dynamic_task_mapping_with_no_taskflow_operators.py
[2025-12-07T15:24:23.716+0000] {logging_mixin.py:188} INFO - [2025-12-07T15:24:23.716+0000] {dag.py:3036} INFO - Sync 1 DAGs
[2025-12-07T15:24:23.753+0000] {logging_mixin.py:188} INFO - [2025-12-07T15:24:23.753+0000] {dag.py:3823} INFO - Setting next_dagrun for example_dynamic_task_mapping_with_no_taskflow_operators to 2025-12-06 00:00:00+00:00, run_after=2025-12-07 00:00:00+00:00
[2025-12-07T15:24:23.779+0000] {processor.py:183} INFO - Processing /home/airflow/.local/lib/python3.8/site-packages/airflow/example_dags/example_dynamic_task_mapping_with_no_taskflow_operators.py took 0.121 seconds
[2025-12-07T15:24:54.230+0000] {processor.py:161} INFO - Started process (PID=2308) to work on /home/airflow/.local/lib/python3.8/site-packages/airflow/example_dags/example_dynamic_task_mapping_with_no_taskflow_operators.py
[2025-12-07T15:24:54.232+0000] {processor.py:830} INFO - Processing file /home/airflow/.local/lib/python3.8/site-packages/airflow/example_dags/example_dynamic_task_mapping_with_no_taskflow_operators.py for tasks to queue
[2025-12-07T15:24:54.237+0000] {logging_mixin.py:188} INFO - [2025-12-07T15:24:54.237+0000] {dagbag.py:538} INFO - Filling up the DagBag from /home/airflow/.local/lib/python3.8/site-packages/airflow/example_dags/example_dynamic_task_mapping_with_no_taskflow_operators.py
[2025-12-07T15:24:54.250+0000] {processor.py:840} INFO - DAG(s) 'example_dynamic_task_mapping_with_no_taskflow_operators' retrieved from /home/airflow/.local/lib/python3.8/site-packages/airflow/example_dags/example_dynamic_task_mapping_with_no_taskflow_operators.py
[2025-12-07T15:24:54.298+0000] {logging_mixin.py:188} INFO - [2025-12-07T15:24:54.298+0000] {dag.py:3036} INFO - Sync 1 DAGs
[2025-12-07T15:24:54.348+0000] {logging_mixin.py:188} INFO - [2025-12-07T15:24:54.347+0000] {dag.py:3823} INFO - Setting next_dagrun for example_dynamic_task_mapping_with_no_taskflow_operators to 2025-12-06 00:00:00+00:00, run_after=2025-12-07 00:00:00+00:00
[2025-12-07T15:24:54.381+0000] {processor.py:183} INFO - Processing /home/airflow/.local/lib/python3.8/site-packages/airflow/example_dags/example_dynamic_task_mapping_with_no_taskflow_operators.py took 0.157 seconds
[2025-12-07T15:25:24.700+0000] {processor.py:161} INFO - Started process (PID=2367) to work on /home/airflow/.local/lib/python3.8/site-packages/airflow/example_dags/example_dynamic_task_mapping_with_no_taskflow_operators.py
[2025-12-07T15:25:24.702+0000] {processor.py:830} INFO - Processing file /home/airflow/.local/lib/python3.8/site-packages/airflow/example_dags/example_dynamic_task_mapping_with_no_taskflow_operators.py for tasks to queue
[2025-12-07T15:25:24.709+0000] {logging_mixin.py:188} INFO - [2025-12-07T15:25:24.708+0000] {dagbag.py:538} INFO - Filling up the DagBag from /home/airflow/.local/lib/python3.8/site-packages/airflow/example_dags/example_dynamic_task_mapping_with_no_taskflow_operators.py
[2025-12-07T15:25:24.719+0000] {processor.py:840} INFO - DAG(s) 'example_dynamic_task_mapping_with_no_taskflow_operators' retrieved from /home/airflow/.local/lib/python3.8/site-packages/airflow/example_dags/example_dynamic_task_mapping_with_no_taskflow_operators.py
[2025-12-07T15:25:24.760+0000] {logging_mixin.py:188} INFO - [2025-12-07T15:25:24.760+0000] {dag.py:3036} INFO - Sync 1 DAGs
[2025-12-07T15:25:24.807+0000] {logging_mixin.py:188} INFO - [2025-12-07T15:25:24.807+0000] {dag.py:3823} INFO - Setting next_dagrun for example_dynamic_task_mapping_with_no_taskflow_operators to 2025-12-06 00:00:00+00:00, run_after=2025-12-07 00:00:00+00:00
[2025-12-07T15:25:24.842+0000] {processor.py:183} INFO - Processing /home/airflow/.local/lib/python3.8/site-packages/airflow/example_dags/example_dynamic_task_mapping_with_no_taskflow_operators.py took 0.149 seconds
[2025-12-07T15:25:55.195+0000] {processor.py:161} INFO - Started process (PID=2426) to work on /home/airflow/.local/lib/python3.8/site-packages/airflow/example_dags/example_dynamic_task_mapping_with_no_taskflow_operators.py
[2025-12-07T15:25:55.197+0000] {processor.py:830} INFO - Processing file /home/airflow/.local/lib/python3.8/site-packages/airflow/example_dags/example_dynamic_task_mapping_with_no_taskflow_operators.py for tasks to queue
[2025-12-07T15:25:55.199+0000] {logging_mixin.py:188} INFO - [2025-12-07T15:25:55.199+0000] {dagbag.py:538} INFO - Filling up the DagBag from /home/airflow/.local/lib/python3.8/site-packages/airflow/example_dags/example_dynamic_task_mapping_with_no_taskflow_operators.py
[2025-12-07T15:25:55.208+0000] {processor.py:840} INFO - DAG(s) 'example_dynamic_task_mapping_with_no_taskflow_operators' retrieved from /home/airflow/.local/lib/python3.8/site-packages/airflow/example_dags/example_dynamic_task_mapping_with_no_taskflow_operators.py
[2025-12-07T15:25:55.237+0000] {logging_mixin.py:188} INFO - [2025-12-07T15:25:55.237+0000] {dag.py:3036} INFO - Sync 1 DAGs
[2025-12-07T15:25:55.269+0000] {logging_mixin.py:188} INFO - [2025-12-07T15:25:55.269+0000] {dag.py:3823} INFO - Setting next_dagrun for example_dynamic_task_mapping_with_no_taskflow_operators to 2025-12-06 00:00:00+00:00, run_after=2025-12-07 00:00:00+00:00
[2025-12-07T15:25:55.302+0000] {processor.py:183} INFO - Processing /home/airflow/.local/lib/python3.8/site-packages/airflow/example_dags/example_dynamic_task_mapping_with_no_taskflow_operators.py took 0.111 seconds
[2025-12-07T15:26:26.064+0000] {processor.py:161} INFO - Started process (PID=2485) to work on /home/airflow/.local/lib/python3.8/site-packages/airflow/example_dags/example_dynamic_task_mapping_with_no_taskflow_operators.py
[2025-12-07T15:26:26.066+0000] {processor.py:830} INFO - Processing file /home/airflow/.local/lib/python3.8/site-packages/airflow/example_dags/example_dynamic_task_mapping_with_no_taskflow_operators.py for tasks to queue
[2025-12-07T15:26:26.070+0000] {logging_mixin.py:188} INFO - [2025-12-07T15:26:26.070+0000] {dagbag.py:538} INFO - Filling up the DagBag from /home/airflow/.local/lib/python3.8/site-packages/airflow/example_dags/example_dynamic_task_mapping_with_no_taskflow_operators.py
[2025-12-07T15:26:26.079+0000] {processor.py:840} INFO - DAG(s) 'example_dynamic_task_mapping_with_no_taskflow_operators' retrieved from /home/airflow/.local/lib/python3.8/site-packages/airflow/example_dags/example_dynamic_task_mapping_with_no_taskflow_operators.py
[2025-12-07T15:26:26.112+0000] {logging_mixin.py:188} INFO - [2025-12-07T15:26:26.112+0000] {dag.py:3036} INFO - Sync 1 DAGs
[2025-12-07T15:26:26.144+0000] {logging_mixin.py:188} INFO - [2025-12-07T15:26:26.144+0000] {dag.py:3823} INFO - Setting next_dagrun for example_dynamic_task_mapping_with_no_taskflow_operators to 2025-12-06 00:00:00+00:00, run_after=2025-12-07 00:00:00+00:00
[2025-12-07T15:26:26.176+0000] {processor.py:183} INFO - Processing /home/airflow/.local/lib/python3.8/site-packages/airflow/example_dags/example_dynamic_task_mapping_with_no_taskflow_operators.py took 0.117 seconds
[2025-12-07T15:26:56.365+0000] {processor.py:161} INFO - Started process (PID=2544) to work on /home/airflow/.local/lib/python3.8/site-packages/airflow/example_dags/example_dynamic_task_mapping_with_no_taskflow_operators.py
[2025-12-07T15:26:56.367+0000] {processor.py:830} INFO - Processing file /home/airflow/.local/lib/python3.8/site-packages/airflow/example_dags/example_dynamic_task_mapping_with_no_taskflow_operators.py for tasks to queue
[2025-12-07T15:26:56.370+0000] {logging_mixin.py:188} INFO - [2025-12-07T15:26:56.370+0000] {dagbag.py:538} INFO - Filling up the DagBag from /home/airflow/.local/lib/python3.8/site-packages/airflow/example_dags/example_dynamic_task_mapping_with_no_taskflow_operators.py
[2025-12-07T15:26:56.379+0000] {processor.py:840} INFO - DAG(s) 'example_dynamic_task_mapping_with_no_taskflow_operators' retrieved from /home/airflow/.local/lib/python3.8/site-packages/airflow/example_dags/example_dynamic_task_mapping_with_no_taskflow_operators.py
[2025-12-07T15:26:56.413+0000] {logging_mixin.py:188} INFO - [2025-12-07T15:26:56.413+0000] {dag.py:3036} INFO - Sync 1 DAGs
[2025-12-07T15:26:56.442+0000] {logging_mixin.py:188} INFO - [2025-12-07T15:26:56.442+0000] {dag.py:3823} INFO - Setting next_dagrun for example_dynamic_task_mapping_with_no_taskflow_operators to 2025-12-06 00:00:00+00:00, run_after=2025-12-07 00:00:00+00:00
[2025-12-07T15:26:56.475+0000] {processor.py:183} INFO - Processing /home/airflow/.local/lib/python3.8/site-packages/airflow/example_dags/example_dynamic_task_mapping_with_no_taskflow_operators.py took 0.113 seconds
[2025-12-07T15:27:26.571+0000] {processor.py:161} INFO - Started process (PID=2603) to work on /home/airflow/.local/lib/python3.8/site-packages/airflow/example_dags/example_dynamic_task_mapping_with_no_taskflow_operators.py
[2025-12-07T15:27:26.573+0000] {processor.py:830} INFO - Processing file /home/airflow/.local/lib/python3.8/site-packages/airflow/example_dags/example_dynamic_task_mapping_with_no_taskflow_operators.py for tasks to queue
[2025-12-07T15:27:26.577+0000] {logging_mixin.py:188} INFO - [2025-12-07T15:27:26.576+0000] {dagbag.py:538} INFO - Filling up the DagBag from /home/airflow/.local/lib/python3.8/site-packages/airflow/example_dags/example_dynamic_task_mapping_with_no_taskflow_operators.py
[2025-12-07T15:27:26.587+0000] {processor.py:840} INFO - DAG(s) 'example_dynamic_task_mapping_with_no_taskflow_operators' retrieved from /home/airflow/.local/lib/python3.8/site-packages/airflow/example_dags/example_dynamic_task_mapping_with_no_taskflow_operators.py
[2025-12-07T15:27:26.618+0000] {logging_mixin.py:188} INFO - [2025-12-07T15:27:26.618+0000] {dag.py:3036} INFO - Sync 1 DAGs
[2025-12-07T15:27:26.653+0000] {logging_mixin.py:188} INFO - [2025-12-07T15:27:26.653+0000] {dag.py:3823} INFO - Setting next_dagrun for example_dynamic_task_mapping_with_no_taskflow_operators to 2025-12-06 00:00:00+00:00, run_after=2025-12-07 00:00:00+00:00
[2025-12-07T15:27:26.688+0000] {processor.py:183} INFO - Processing /home/airflow/.local/lib/python3.8/site-packages/airflow/example_dags/example_dynamic_task_mapping_with_no_taskflow_operators.py took 0.122 seconds
[2025-12-07T15:27:56.967+0000] {processor.py:161} INFO - Started process (PID=2662) to work on /home/airflow/.local/lib/python3.8/site-packages/airflow/example_dags/example_dynamic_task_mapping_with_no_taskflow_operators.py
[2025-12-07T15:27:56.969+0000] {processor.py:830} INFO - Processing file /home/airflow/.local/lib/python3.8/site-packages/airflow/example_dags/example_dynamic_task_mapping_with_no_taskflow_operators.py for tasks to queue
[2025-12-07T15:27:56.974+0000] {logging_mixin.py:188} INFO - [2025-12-07T15:27:56.973+0000] {dagbag.py:538} INFO - Filling up the DagBag from /home/airflow/.local/lib/python3.8/site-packages/airflow/example_dags/example_dynamic_task_mapping_with_no_taskflow_operators.py
[2025-12-07T15:27:56.984+0000] {processor.py:840} INFO - DAG(s) 'example_dynamic_task_mapping_with_no_taskflow_operators' retrieved from /home/airflow/.local/lib/python3.8/site-packages/airflow/example_dags/example_dynamic_task_mapping_with_no_taskflow_operators.py
[2025-12-07T15:27:57.014+0000] {logging_mixin.py:188} INFO - [2025-12-07T15:27:57.014+0000] {dag.py:3036} INFO - Sync 1 DAGs
[2025-12-07T15:27:57.043+0000] {logging_mixin.py:188} INFO - [2025-12-07T15:27:57.043+0000] {dag.py:3823} INFO - Setting next_dagrun for example_dynamic_task_mapping_with_no_taskflow_operators to 2025-12-06 00:00:00+00:00, run_after=2025-12-07 00:00:00+00:00
[2025-12-07T15:27:57.071+0000] {processor.py:183} INFO - Processing /home/airflow/.local/lib/python3.8/site-packages/airflow/example_dags/example_dynamic_task_mapping_with_no_taskflow_operators.py took 0.109 seconds
[2025-12-07T15:28:27.528+0000] {processor.py:161} INFO - Started process (PID=2721) to work on /home/airflow/.local/lib/python3.8/site-packages/airflow/example_dags/example_dynamic_task_mapping_with_no_taskflow_operators.py
[2025-12-07T15:28:27.530+0000] {processor.py:830} INFO - Processing file /home/airflow/.local/lib/python3.8/site-packages/airflow/example_dags/example_dynamic_task_mapping_with_no_taskflow_operators.py for tasks to queue
[2025-12-07T15:28:27.533+0000] {logging_mixin.py:188} INFO - [2025-12-07T15:28:27.533+0000] {dagbag.py:538} INFO - Filling up the DagBag from /home/airflow/.local/lib/python3.8/site-packages/airflow/example_dags/example_dynamic_task_mapping_with_no_taskflow_operators.py
[2025-12-07T15:28:27.547+0000] {processor.py:840} INFO - DAG(s) 'example_dynamic_task_mapping_with_no_taskflow_operators' retrieved from /home/airflow/.local/lib/python3.8/site-packages/airflow/example_dags/example_dynamic_task_mapping_with_no_taskflow_operators.py
[2025-12-07T15:28:27.581+0000] {logging_mixin.py:188} INFO - [2025-12-07T15:28:27.580+0000] {dag.py:3036} INFO - Sync 1 DAGs
[2025-12-07T15:28:27.620+0000] {logging_mixin.py:188} INFO - [2025-12-07T15:28:27.619+0000] {dag.py:3823} INFO - Setting next_dagrun for example_dynamic_task_mapping_with_no_taskflow_operators to 2025-12-06 00:00:00+00:00, run_after=2025-12-07 00:00:00+00:00
[2025-12-07T15:28:27.653+0000] {processor.py:183} INFO - Processing /home/airflow/.local/lib/python3.8/site-packages/airflow/example_dags/example_dynamic_task_mapping_with_no_taskflow_operators.py took 0.130 seconds
[2025-12-07T15:28:57.821+0000] {processor.py:161} INFO - Started process (PID=2780) to work on /home/airflow/.local/lib/python3.8/site-packages/airflow/example_dags/example_dynamic_task_mapping_with_no_taskflow_operators.py
[2025-12-07T15:28:57.822+0000] {processor.py:830} INFO - Processing file /home/airflow/.local/lib/python3.8/site-packages/airflow/example_dags/example_dynamic_task_mapping_with_no_taskflow_operators.py for tasks to queue
[2025-12-07T15:28:57.825+0000] {logging_mixin.py:188} INFO - [2025-12-07T15:28:57.825+0000] {dagbag.py:538} INFO - Filling up the DagBag from /home/airflow/.local/lib/python3.8/site-packages/airflow/example_dags/example_dynamic_task_mapping_with_no_taskflow_operators.py
[2025-12-07T15:28:57.836+0000] {processor.py:840} INFO - DAG(s) 'example_dynamic_task_mapping_with_no_taskflow_operators' retrieved from /home/airflow/.local/lib/python3.8/site-packages/airflow/example_dags/example_dynamic_task_mapping_with_no_taskflow_operators.py
[2025-12-07T15:28:57.869+0000] {logging_mixin.py:188} INFO - [2025-12-07T15:28:57.869+0000] {dag.py:3036} INFO - Sync 1 DAGs
[2025-12-07T15:28:57.974+0000] {logging_mixin.py:188} INFO - [2025-12-07T15:28:57.974+0000] {dag.py:3823} INFO - Setting next_dagrun for example_dynamic_task_mapping_with_no_taskflow_operators to 2025-12-06 00:00:00+00:00, run_after=2025-12-07 00:00:00+00:00
[2025-12-07T15:28:58.005+0000] {processor.py:183} INFO - Processing /home/airflow/.local/lib/python3.8/site-packages/airflow/example_dags/example_dynamic_task_mapping_with_no_taskflow_operators.py took 0.189 seconds
[2025-12-07T15:29:28.656+0000] {processor.py:161} INFO - Started process (PID=2839) to work on /home/airflow/.local/lib/python3.8/site-packages/airflow/example_dags/example_dynamic_task_mapping_with_no_taskflow_operators.py
[2025-12-07T15:29:28.657+0000] {processor.py:830} INFO - Processing file /home/airflow/.local/lib/python3.8/site-packages/airflow/example_dags/example_dynamic_task_mapping_with_no_taskflow_operators.py for tasks to queue
[2025-12-07T15:29:28.660+0000] {logging_mixin.py:188} INFO - [2025-12-07T15:29:28.660+0000] {dagbag.py:538} INFO - Filling up the DagBag from /home/airflow/.local/lib/python3.8/site-packages/airflow/example_dags/example_dynamic_task_mapping_with_no_taskflow_operators.py
[2025-12-07T15:29:28.669+0000] {processor.py:840} INFO - DAG(s) 'example_dynamic_task_mapping_with_no_taskflow_operators' retrieved from /home/airflow/.local/lib/python3.8/site-packages/airflow/example_dags/example_dynamic_task_mapping_with_no_taskflow_operators.py
[2025-12-07T15:29:28.696+0000] {logging_mixin.py:188} INFO - [2025-12-07T15:29:28.696+0000] {dag.py:3036} INFO - Sync 1 DAGs
[2025-12-07T15:29:28.729+0000] {logging_mixin.py:188} INFO - [2025-12-07T15:29:28.728+0000] {dag.py:3823} INFO - Setting next_dagrun for example_dynamic_task_mapping_with_no_taskflow_operators to 2025-12-06 00:00:00+00:00, run_after=2025-12-07 00:00:00+00:00
[2025-12-07T15:29:28.757+0000] {processor.py:183} INFO - Processing /home/airflow/.local/lib/python3.8/site-packages/airflow/example_dags/example_dynamic_task_mapping_with_no_taskflow_operators.py took 0.106 seconds
[2025-12-07T15:29:59.393+0000] {processor.py:161} INFO - Started process (PID=2898) to work on /home/airflow/.local/lib/python3.8/site-packages/airflow/example_dags/example_dynamic_task_mapping_with_no_taskflow_operators.py
[2025-12-07T15:29:59.395+0000] {processor.py:830} INFO - Processing file /home/airflow/.local/lib/python3.8/site-packages/airflow/example_dags/example_dynamic_task_mapping_with_no_taskflow_operators.py for tasks to queue
[2025-12-07T15:29:59.398+0000] {logging_mixin.py:188} INFO - [2025-12-07T15:29:59.397+0000] {dagbag.py:538} INFO - Filling up the DagBag from /home/airflow/.local/lib/python3.8/site-packages/airflow/example_dags/example_dynamic_task_mapping_with_no_taskflow_operators.py
[2025-12-07T15:29:59.406+0000] {processor.py:840} INFO - DAG(s) 'example_dynamic_task_mapping_with_no_taskflow_operators' retrieved from /home/airflow/.local/lib/python3.8/site-packages/airflow/example_dags/example_dynamic_task_mapping_with_no_taskflow_operators.py
[2025-12-07T15:29:59.433+0000] {logging_mixin.py:188} INFO - [2025-12-07T15:29:59.432+0000] {dag.py:3036} INFO - Sync 1 DAGs
[2025-12-07T15:29:59.609+0000] {logging_mixin.py:188} INFO - [2025-12-07T15:29:59.609+0000] {dag.py:3823} INFO - Setting next_dagrun for example_dynamic_task_mapping_with_no_taskflow_operators to 2025-12-06 00:00:00+00:00, run_after=2025-12-07 00:00:00+00:00
[2025-12-07T15:29:59.638+0000] {processor.py:183} INFO - Processing /home/airflow/.local/lib/python3.8/site-packages/airflow/example_dags/example_dynamic_task_mapping_with_no_taskflow_operators.py took 0.249 seconds
[2025-12-07T15:30:29.800+0000] {processor.py:161} INFO - Started process (PID=2958) to work on /home/airflow/.local/lib/python3.8/site-packages/airflow/example_dags/example_dynamic_task_mapping_with_no_taskflow_operators.py
[2025-12-07T15:30:29.802+0000] {processor.py:830} INFO - Processing file /home/airflow/.local/lib/python3.8/site-packages/airflow/example_dags/example_dynamic_task_mapping_with_no_taskflow_operators.py for tasks to queue
[2025-12-07T15:30:29.805+0000] {logging_mixin.py:188} INFO - [2025-12-07T15:30:29.804+0000] {dagbag.py:538} INFO - Filling up the DagBag from /home/airflow/.local/lib/python3.8/site-packages/airflow/example_dags/example_dynamic_task_mapping_with_no_taskflow_operators.py
[2025-12-07T15:30:29.816+0000] {processor.py:840} INFO - DAG(s) 'example_dynamic_task_mapping_with_no_taskflow_operators' retrieved from /home/airflow/.local/lib/python3.8/site-packages/airflow/example_dags/example_dynamic_task_mapping_with_no_taskflow_operators.py
[2025-12-07T15:30:29.847+0000] {logging_mixin.py:188} INFO - [2025-12-07T15:30:29.846+0000] {dag.py:3036} INFO - Sync 1 DAGs
[2025-12-07T15:30:30.039+0000] {logging_mixin.py:188} INFO - [2025-12-07T15:30:30.039+0000] {dag.py:3823} INFO - Setting next_dagrun for example_dynamic_task_mapping_with_no_taskflow_operators to 2025-12-06 00:00:00+00:00, run_after=2025-12-07 00:00:00+00:00
[2025-12-07T15:30:30.070+0000] {processor.py:183} INFO - Processing /home/airflow/.local/lib/python3.8/site-packages/airflow/example_dags/example_dynamic_task_mapping_with_no_taskflow_operators.py took 0.276 seconds
[2025-12-07T15:31:00.226+0000] {processor.py:161} INFO - Started process (PID=3017) to work on /home/airflow/.local/lib/python3.8/site-packages/airflow/example_dags/example_dynamic_task_mapping_with_no_taskflow_operators.py
[2025-12-07T15:31:00.228+0000] {processor.py:830} INFO - Processing file /home/airflow/.local/lib/python3.8/site-packages/airflow/example_dags/example_dynamic_task_mapping_with_no_taskflow_operators.py for tasks to queue
[2025-12-07T15:31:00.230+0000] {logging_mixin.py:188} INFO - [2025-12-07T15:31:00.230+0000] {dagbag.py:538} INFO - Filling up the DagBag from /home/airflow/.local/lib/python3.8/site-packages/airflow/example_dags/example_dynamic_task_mapping_with_no_taskflow_operators.py
[2025-12-07T15:31:00.239+0000] {processor.py:840} INFO - DAG(s) 'example_dynamic_task_mapping_with_no_taskflow_operators' retrieved from /home/airflow/.local/lib/python3.8/site-packages/airflow/example_dags/example_dynamic_task_mapping_with_no_taskflow_operators.py
[2025-12-07T15:31:00.270+0000] {logging_mixin.py:188} INFO - [2025-12-07T15:31:00.269+0000] {dag.py:3036} INFO - Sync 1 DAGs
[2025-12-07T15:31:00.455+0000] {logging_mixin.py:188} INFO - [2025-12-07T15:31:00.455+0000] {dag.py:3823} INFO - Setting next_dagrun for example_dynamic_task_mapping_with_no_taskflow_operators to 2025-12-06 00:00:00+00:00, run_after=2025-12-07 00:00:00+00:00
[2025-12-07T15:31:00.485+0000] {processor.py:183} INFO - Processing /home/airflow/.local/lib/python3.8/site-packages/airflow/example_dags/example_dynamic_task_mapping_with_no_taskflow_operators.py took 0.263 seconds
[2025-12-07T15:31:31.263+0000] {processor.py:161} INFO - Started process (PID=3076) to work on /home/airflow/.local/lib/python3.8/site-packages/airflow/example_dags/example_dynamic_task_mapping_with_no_taskflow_operators.py
[2025-12-07T15:31:31.265+0000] {processor.py:830} INFO - Processing file /home/airflow/.local/lib/python3.8/site-packages/airflow/example_dags/example_dynamic_task_mapping_with_no_taskflow_operators.py for tasks to queue
[2025-12-07T15:31:31.268+0000] {logging_mixin.py:188} INFO - [2025-12-07T15:31:31.268+0000] {dagbag.py:538} INFO - Filling up the DagBag from /home/airflow/.local/lib/python3.8/site-packages/airflow/example_dags/example_dynamic_task_mapping_with_no_taskflow_operators.py
[2025-12-07T15:31:31.277+0000] {processor.py:840} INFO - DAG(s) 'example_dynamic_task_mapping_with_no_taskflow_operators' retrieved from /home/airflow/.local/lib/python3.8/site-packages/airflow/example_dags/example_dynamic_task_mapping_with_no_taskflow_operators.py
[2025-12-07T15:31:31.312+0000] {logging_mixin.py:188} INFO - [2025-12-07T15:31:31.311+0000] {dag.py:3036} INFO - Sync 1 DAGs
[2025-12-07T15:31:31.342+0000] {logging_mixin.py:188} INFO - [2025-12-07T15:31:31.341+0000] {dag.py:3823} INFO - Setting next_dagrun for example_dynamic_task_mapping_with_no_taskflow_operators to 2025-12-06 00:00:00+00:00, run_after=2025-12-07 00:00:00+00:00
[2025-12-07T15:31:31.375+0000] {processor.py:183} INFO - Processing /home/airflow/.local/lib/python3.8/site-packages/airflow/example_dags/example_dynamic_task_mapping_with_no_taskflow_operators.py took 0.117 seconds
[2025-12-07T15:32:01.532+0000] {processor.py:161} INFO - Started process (PID=3135) to work on /home/airflow/.local/lib/python3.8/site-packages/airflow/example_dags/example_dynamic_task_mapping_with_no_taskflow_operators.py
[2025-12-07T15:32:01.534+0000] {processor.py:830} INFO - Processing file /home/airflow/.local/lib/python3.8/site-packages/airflow/example_dags/example_dynamic_task_mapping_with_no_taskflow_operators.py for tasks to queue
[2025-12-07T15:32:01.537+0000] {logging_mixin.py:188} INFO - [2025-12-07T15:32:01.536+0000] {dagbag.py:538} INFO - Filling up the DagBag from /home/airflow/.local/lib/python3.8/site-packages/airflow/example_dags/example_dynamic_task_mapping_with_no_taskflow_operators.py
[2025-12-07T15:32:01.546+0000] {processor.py:840} INFO - DAG(s) 'example_dynamic_task_mapping_with_no_taskflow_operators' retrieved from /home/airflow/.local/lib/python3.8/site-packages/airflow/example_dags/example_dynamic_task_mapping_with_no_taskflow_operators.py
[2025-12-07T15:32:01.577+0000] {logging_mixin.py:188} INFO - [2025-12-07T15:32:01.576+0000] {dag.py:3036} INFO - Sync 1 DAGs
[2025-12-07T15:32:01.608+0000] {logging_mixin.py:188} INFO - [2025-12-07T15:32:01.607+0000] {dag.py:3823} INFO - Setting next_dagrun for example_dynamic_task_mapping_with_no_taskflow_operators to 2025-12-06 00:00:00+00:00, run_after=2025-12-07 00:00:00+00:00
[2025-12-07T15:32:01.642+0000] {processor.py:183} INFO - Processing /home/airflow/.local/lib/python3.8/site-packages/airflow/example_dags/example_dynamic_task_mapping_with_no_taskflow_operators.py took 0.117 seconds
[2025-12-07T15:32:31.887+0000] {processor.py:161} INFO - Started process (PID=3194) to work on /home/airflow/.local/lib/python3.8/site-packages/airflow/example_dags/example_dynamic_task_mapping_with_no_taskflow_operators.py
[2025-12-07T15:32:31.888+0000] {processor.py:830} INFO - Processing file /home/airflow/.local/lib/python3.8/site-packages/airflow/example_dags/example_dynamic_task_mapping_with_no_taskflow_operators.py for tasks to queue
[2025-12-07T15:32:31.891+0000] {logging_mixin.py:188} INFO - [2025-12-07T15:32:31.891+0000] {dagbag.py:538} INFO - Filling up the DagBag from /home/airflow/.local/lib/python3.8/site-packages/airflow/example_dags/example_dynamic_task_mapping_with_no_taskflow_operators.py
[2025-12-07T15:32:31.899+0000] {processor.py:840} INFO - DAG(s) 'example_dynamic_task_mapping_with_no_taskflow_operators' retrieved from /home/airflow/.local/lib/python3.8/site-packages/airflow/example_dags/example_dynamic_task_mapping_with_no_taskflow_operators.py
[2025-12-07T15:32:31.929+0000] {logging_mixin.py:188} INFO - [2025-12-07T15:32:31.929+0000] {dag.py:3036} INFO - Sync 1 DAGs
[2025-12-07T15:32:31.956+0000] {logging_mixin.py:188} INFO - [2025-12-07T15:32:31.956+0000] {dag.py:3823} INFO - Setting next_dagrun for example_dynamic_task_mapping_with_no_taskflow_operators to 2025-12-06 00:00:00+00:00, run_after=2025-12-07 00:00:00+00:00
[2025-12-07T15:32:31.989+0000] {processor.py:183} INFO - Processing /home/airflow/.local/lib/python3.8/site-packages/airflow/example_dags/example_dynamic_task_mapping_with_no_taskflow_operators.py took 0.106 seconds
[2025-12-07T15:33:02.242+0000] {processor.py:161} INFO - Started process (PID=3253) to work on /home/airflow/.local/lib/python3.8/site-packages/airflow/example_dags/example_dynamic_task_mapping_with_no_taskflow_operators.py
[2025-12-07T15:33:02.244+0000] {processor.py:830} INFO - Processing file /home/airflow/.local/lib/python3.8/site-packages/airflow/example_dags/example_dynamic_task_mapping_with_no_taskflow_operators.py for tasks to queue
[2025-12-07T15:33:02.247+0000] {logging_mixin.py:188} INFO - [2025-12-07T15:33:02.246+0000] {dagbag.py:538} INFO - Filling up the DagBag from /home/airflow/.local/lib/python3.8/site-packages/airflow/example_dags/example_dynamic_task_mapping_with_no_taskflow_operators.py
[2025-12-07T15:33:02.256+0000] {processor.py:840} INFO - DAG(s) 'example_dynamic_task_mapping_with_no_taskflow_operators' retrieved from /home/airflow/.local/lib/python3.8/site-packages/airflow/example_dags/example_dynamic_task_mapping_with_no_taskflow_operators.py
[2025-12-07T15:33:02.286+0000] {logging_mixin.py:188} INFO - [2025-12-07T15:33:02.286+0000] {dag.py:3036} INFO - Sync 1 DAGs
[2025-12-07T15:33:02.314+0000] {logging_mixin.py:188} INFO - [2025-12-07T15:33:02.314+0000] {dag.py:3823} INFO - Setting next_dagrun for example_dynamic_task_mapping_with_no_taskflow_operators to 2025-12-06 00:00:00+00:00, run_after=2025-12-07 00:00:00+00:00
[2025-12-07T15:33:02.379+0000] {processor.py:183} INFO - Processing /home/airflow/.local/lib/python3.8/site-packages/airflow/example_dags/example_dynamic_task_mapping_with_no_taskflow_operators.py took 0.142 seconds
[2025-12-07T15:33:32.827+0000] {processor.py:161} INFO - Started process (PID=3312) to work on /home/airflow/.local/lib/python3.8/site-packages/airflow/example_dags/example_dynamic_task_mapping_with_no_taskflow_operators.py
[2025-12-07T15:33:32.829+0000] {processor.py:830} INFO - Processing file /home/airflow/.local/lib/python3.8/site-packages/airflow/example_dags/example_dynamic_task_mapping_with_no_taskflow_operators.py for tasks to queue
[2025-12-07T15:33:32.833+0000] {logging_mixin.py:188} INFO - [2025-12-07T15:33:32.833+0000] {dagbag.py:538} INFO - Filling up the DagBag from /home/airflow/.local/lib/python3.8/site-packages/airflow/example_dags/example_dynamic_task_mapping_with_no_taskflow_operators.py
[2025-12-07T15:33:32.842+0000] {processor.py:840} INFO - DAG(s) 'example_dynamic_task_mapping_with_no_taskflow_operators' retrieved from /home/airflow/.local/lib/python3.8/site-packages/airflow/example_dags/example_dynamic_task_mapping_with_no_taskflow_operators.py
[2025-12-07T15:33:32.873+0000] {logging_mixin.py:188} INFO - [2025-12-07T15:33:32.873+0000] {dag.py:3036} INFO - Sync 1 DAGs
[2025-12-07T15:33:32.906+0000] {logging_mixin.py:188} INFO - [2025-12-07T15:33:32.906+0000] {dag.py:3823} INFO - Setting next_dagrun for example_dynamic_task_mapping_with_no_taskflow_operators to 2025-12-06 00:00:00+00:00, run_after=2025-12-07 00:00:00+00:00
[2025-12-07T15:33:32.937+0000] {processor.py:183} INFO - Processing /home/airflow/.local/lib/python3.8/site-packages/airflow/example_dags/example_dynamic_task_mapping_with_no_taskflow_operators.py took 0.116 seconds
[2025-12-07T15:34:03.599+0000] {processor.py:161} INFO - Started process (PID=3371) to work on /home/airflow/.local/lib/python3.8/site-packages/airflow/example_dags/example_dynamic_task_mapping_with_no_taskflow_operators.py
[2025-12-07T15:34:03.602+0000] {processor.py:830} INFO - Processing file /home/airflow/.local/lib/python3.8/site-packages/airflow/example_dags/example_dynamic_task_mapping_with_no_taskflow_operators.py for tasks to queue
[2025-12-07T15:34:03.608+0000] {logging_mixin.py:188} INFO - [2025-12-07T15:34:03.607+0000] {dagbag.py:538} INFO - Filling up the DagBag from /home/airflow/.local/lib/python3.8/site-packages/airflow/example_dags/example_dynamic_task_mapping_with_no_taskflow_operators.py
[2025-12-07T15:34:03.619+0000] {processor.py:840} INFO - DAG(s) 'example_dynamic_task_mapping_with_no_taskflow_operators' retrieved from /home/airflow/.local/lib/python3.8/site-packages/airflow/example_dags/example_dynamic_task_mapping_with_no_taskflow_operators.py
[2025-12-07T15:34:03.655+0000] {logging_mixin.py:188} INFO - [2025-12-07T15:34:03.654+0000] {dag.py:3036} INFO - Sync 1 DAGs
[2025-12-07T15:34:03.705+0000] {logging_mixin.py:188} INFO - [2025-12-07T15:34:03.704+0000] {dag.py:3823} INFO - Setting next_dagrun for example_dynamic_task_mapping_with_no_taskflow_operators to 2025-12-06 00:00:00+00:00, run_after=2025-12-07 00:00:00+00:00
[2025-12-07T15:34:03.749+0000] {processor.py:183} INFO - Processing /home/airflow/.local/lib/python3.8/site-packages/airflow/example_dags/example_dynamic_task_mapping_with_no_taskflow_operators.py took 0.156 seconds
[2025-12-07T15:34:34.281+0000] {processor.py:161} INFO - Started process (PID=3430) to work on /home/airflow/.local/lib/python3.8/site-packages/airflow/example_dags/example_dynamic_task_mapping_with_no_taskflow_operators.py
[2025-12-07T15:34:34.284+0000] {processor.py:830} INFO - Processing file /home/airflow/.local/lib/python3.8/site-packages/airflow/example_dags/example_dynamic_task_mapping_with_no_taskflow_operators.py for tasks to queue
[2025-12-07T15:34:34.288+0000] {logging_mixin.py:188} INFO - [2025-12-07T15:34:34.288+0000] {dagbag.py:538} INFO - Filling up the DagBag from /home/airflow/.local/lib/python3.8/site-packages/airflow/example_dags/example_dynamic_task_mapping_with_no_taskflow_operators.py
[2025-12-07T15:34:34.303+0000] {processor.py:840} INFO - DAG(s) 'example_dynamic_task_mapping_with_no_taskflow_operators' retrieved from /home/airflow/.local/lib/python3.8/site-packages/airflow/example_dags/example_dynamic_task_mapping_with_no_taskflow_operators.py
[2025-12-07T15:34:34.351+0000] {logging_mixin.py:188} INFO - [2025-12-07T15:34:34.351+0000] {dag.py:3036} INFO - Sync 1 DAGs
[2025-12-07T15:34:34.380+0000] {logging_mixin.py:188} INFO - [2025-12-07T15:34:34.379+0000] {dag.py:3823} INFO - Setting next_dagrun for example_dynamic_task_mapping_with_no_taskflow_operators to 2025-12-06 00:00:00+00:00, run_after=2025-12-07 00:00:00+00:00
[2025-12-07T15:34:34.411+0000] {processor.py:183} INFO - Processing /home/airflow/.local/lib/python3.8/site-packages/airflow/example_dags/example_dynamic_task_mapping_with_no_taskflow_operators.py took 0.136 seconds
[2025-12-07T15:35:04.634+0000] {processor.py:161} INFO - Started process (PID=3489) to work on /home/airflow/.local/lib/python3.8/site-packages/airflow/example_dags/example_dynamic_task_mapping_with_no_taskflow_operators.py
[2025-12-07T15:35:04.636+0000] {processor.py:830} INFO - Processing file /home/airflow/.local/lib/python3.8/site-packages/airflow/example_dags/example_dynamic_task_mapping_with_no_taskflow_operators.py for tasks to queue
[2025-12-07T15:35:04.644+0000] {logging_mixin.py:188} INFO - [2025-12-07T15:35:04.643+0000] {dagbag.py:538} INFO - Filling up the DagBag from /home/airflow/.local/lib/python3.8/site-packages/airflow/example_dags/example_dynamic_task_mapping_with_no_taskflow_operators.py
[2025-12-07T15:35:04.659+0000] {processor.py:840} INFO - DAG(s) 'example_dynamic_task_mapping_with_no_taskflow_operators' retrieved from /home/airflow/.local/lib/python3.8/site-packages/airflow/example_dags/example_dynamic_task_mapping_with_no_taskflow_operators.py
[2025-12-07T15:35:04.698+0000] {logging_mixin.py:188} INFO - [2025-12-07T15:35:04.698+0000] {dag.py:3036} INFO - Sync 1 DAGs
[2025-12-07T15:35:04.729+0000] {logging_mixin.py:188} INFO - [2025-12-07T15:35:04.729+0000] {dag.py:3823} INFO - Setting next_dagrun for example_dynamic_task_mapping_with_no_taskflow_operators to 2025-12-06 00:00:00+00:00, run_after=2025-12-07 00:00:00+00:00
[2025-12-07T15:35:04.760+0000] {processor.py:183} INFO - Processing /home/airflow/.local/lib/python3.8/site-packages/airflow/example_dags/example_dynamic_task_mapping_with_no_taskflow_operators.py took 0.132 seconds
[2025-12-07T15:35:35.275+0000] {processor.py:161} INFO - Started process (PID=3548) to work on /home/airflow/.local/lib/python3.8/site-packages/airflow/example_dags/example_dynamic_task_mapping_with_no_taskflow_operators.py
[2025-12-07T15:35:35.277+0000] {processor.py:830} INFO - Processing file /home/airflow/.local/lib/python3.8/site-packages/airflow/example_dags/example_dynamic_task_mapping_with_no_taskflow_operators.py for tasks to queue
[2025-12-07T15:35:35.280+0000] {logging_mixin.py:188} INFO - [2025-12-07T15:35:35.280+0000] {dagbag.py:538} INFO - Filling up the DagBag from /home/airflow/.local/lib/python3.8/site-packages/airflow/example_dags/example_dynamic_task_mapping_with_no_taskflow_operators.py
[2025-12-07T15:35:35.292+0000] {processor.py:840} INFO - DAG(s) 'example_dynamic_task_mapping_with_no_taskflow_operators' retrieved from /home/airflow/.local/lib/python3.8/site-packages/airflow/example_dags/example_dynamic_task_mapping_with_no_taskflow_operators.py
[2025-12-07T15:35:35.329+0000] {logging_mixin.py:188} INFO - [2025-12-07T15:35:35.329+0000] {dag.py:3036} INFO - Sync 1 DAGs
[2025-12-07T15:35:35.359+0000] {logging_mixin.py:188} INFO - [2025-12-07T15:35:35.359+0000] {dag.py:3823} INFO - Setting next_dagrun for example_dynamic_task_mapping_with_no_taskflow_operators to 2025-12-06 00:00:00+00:00, run_after=2025-12-07 00:00:00+00:00
[2025-12-07T15:35:35.391+0000] {processor.py:183} INFO - Processing /home/airflow/.local/lib/python3.8/site-packages/airflow/example_dags/example_dynamic_task_mapping_with_no_taskflow_operators.py took 0.120 seconds
[2025-12-07T15:36:05.574+0000] {processor.py:161} INFO - Started process (PID=3607) to work on /home/airflow/.local/lib/python3.8/site-packages/airflow/example_dags/example_dynamic_task_mapping_with_no_taskflow_operators.py
[2025-12-07T15:36:05.576+0000] {processor.py:830} INFO - Processing file /home/airflow/.local/lib/python3.8/site-packages/airflow/example_dags/example_dynamic_task_mapping_with_no_taskflow_operators.py for tasks to queue
[2025-12-07T15:36:05.578+0000] {logging_mixin.py:188} INFO - [2025-12-07T15:36:05.578+0000] {dagbag.py:538} INFO - Filling up the DagBag from /home/airflow/.local/lib/python3.8/site-packages/airflow/example_dags/example_dynamic_task_mapping_with_no_taskflow_operators.py
[2025-12-07T15:36:05.592+0000] {processor.py:840} INFO - DAG(s) 'example_dynamic_task_mapping_with_no_taskflow_operators' retrieved from /home/airflow/.local/lib/python3.8/site-packages/airflow/example_dags/example_dynamic_task_mapping_with_no_taskflow_operators.py
[2025-12-07T15:36:05.625+0000] {logging_mixin.py:188} INFO - [2025-12-07T15:36:05.624+0000] {dag.py:3036} INFO - Sync 1 DAGs
[2025-12-07T15:36:05.658+0000] {logging_mixin.py:188} INFO - [2025-12-07T15:36:05.658+0000] {dag.py:3823} INFO - Setting next_dagrun for example_dynamic_task_mapping_with_no_taskflow_operators to 2025-12-06 00:00:00+00:00, run_after=2025-12-07 00:00:00+00:00
[2025-12-07T15:36:05.695+0000] {processor.py:183} INFO - Processing /home/airflow/.local/lib/python3.8/site-packages/airflow/example_dags/example_dynamic_task_mapping_with_no_taskflow_operators.py took 0.127 seconds
[2025-12-07T15:36:35.979+0000] {processor.py:161} INFO - Started process (PID=3666) to work on /home/airflow/.local/lib/python3.8/site-packages/airflow/example_dags/example_dynamic_task_mapping_with_no_taskflow_operators.py
[2025-12-07T15:36:35.981+0000] {processor.py:830} INFO - Processing file /home/airflow/.local/lib/python3.8/site-packages/airflow/example_dags/example_dynamic_task_mapping_with_no_taskflow_operators.py for tasks to queue
[2025-12-07T15:36:35.985+0000] {logging_mixin.py:188} INFO - [2025-12-07T15:36:35.984+0000] {dagbag.py:538} INFO - Filling up the DagBag from /home/airflow/.local/lib/python3.8/site-packages/airflow/example_dags/example_dynamic_task_mapping_with_no_taskflow_operators.py
[2025-12-07T15:36:35.994+0000] {processor.py:840} INFO - DAG(s) 'example_dynamic_task_mapping_with_no_taskflow_operators' retrieved from /home/airflow/.local/lib/python3.8/site-packages/airflow/example_dags/example_dynamic_task_mapping_with_no_taskflow_operators.py
[2025-12-07T15:36:36.032+0000] {logging_mixin.py:188} INFO - [2025-12-07T15:36:36.032+0000] {dag.py:3036} INFO - Sync 1 DAGs
[2025-12-07T15:36:36.073+0000] {logging_mixin.py:188} INFO - [2025-12-07T15:36:36.072+0000] {dag.py:3823} INFO - Setting next_dagrun for example_dynamic_task_mapping_with_no_taskflow_operators to 2025-12-06 00:00:00+00:00, run_after=2025-12-07 00:00:00+00:00
[2025-12-07T15:36:36.118+0000] {processor.py:183} INFO - Processing /home/airflow/.local/lib/python3.8/site-packages/airflow/example_dags/example_dynamic_task_mapping_with_no_taskflow_operators.py took 0.146 seconds
[2025-12-07T15:37:06.325+0000] {processor.py:161} INFO - Started process (PID=3725) to work on /home/airflow/.local/lib/python3.8/site-packages/airflow/example_dags/example_dynamic_task_mapping_with_no_taskflow_operators.py
[2025-12-07T15:37:06.327+0000] {processor.py:830} INFO - Processing file /home/airflow/.local/lib/python3.8/site-packages/airflow/example_dags/example_dynamic_task_mapping_with_no_taskflow_operators.py for tasks to queue
[2025-12-07T15:37:06.332+0000] {logging_mixin.py:188} INFO - [2025-12-07T15:37:06.331+0000] {dagbag.py:538} INFO - Filling up the DagBag from /home/airflow/.local/lib/python3.8/site-packages/airflow/example_dags/example_dynamic_task_mapping_with_no_taskflow_operators.py
[2025-12-07T15:37:06.347+0000] {processor.py:840} INFO - DAG(s) 'example_dynamic_task_mapping_with_no_taskflow_operators' retrieved from /home/airflow/.local/lib/python3.8/site-packages/airflow/example_dags/example_dynamic_task_mapping_with_no_taskflow_operators.py
[2025-12-07T15:37:06.387+0000] {logging_mixin.py:188} INFO - [2025-12-07T15:37:06.386+0000] {dag.py:3036} INFO - Sync 1 DAGs
[2025-12-07T15:37:06.423+0000] {logging_mixin.py:188} INFO - [2025-12-07T15:37:06.423+0000] {dag.py:3823} INFO - Setting next_dagrun for example_dynamic_task_mapping_with_no_taskflow_operators to 2025-12-06 00:00:00+00:00, run_after=2025-12-07 00:00:00+00:00
[2025-12-07T15:37:06.455+0000] {processor.py:183} INFO - Processing /home/airflow/.local/lib/python3.8/site-packages/airflow/example_dags/example_dynamic_task_mapping_with_no_taskflow_operators.py took 0.142 seconds
[2025-12-07T15:37:36.899+0000] {processor.py:161} INFO - Started process (PID=3784) to work on /home/airflow/.local/lib/python3.8/site-packages/airflow/example_dags/example_dynamic_task_mapping_with_no_taskflow_operators.py
[2025-12-07T15:37:36.901+0000] {processor.py:830} INFO - Processing file /home/airflow/.local/lib/python3.8/site-packages/airflow/example_dags/example_dynamic_task_mapping_with_no_taskflow_operators.py for tasks to queue
[2025-12-07T15:37:36.905+0000] {logging_mixin.py:188} INFO - [2025-12-07T15:37:36.905+0000] {dagbag.py:538} INFO - Filling up the DagBag from /home/airflow/.local/lib/python3.8/site-packages/airflow/example_dags/example_dynamic_task_mapping_with_no_taskflow_operators.py
[2025-12-07T15:37:36.914+0000] {processor.py:840} INFO - DAG(s) 'example_dynamic_task_mapping_with_no_taskflow_operators' retrieved from /home/airflow/.local/lib/python3.8/site-packages/airflow/example_dags/example_dynamic_task_mapping_with_no_taskflow_operators.py
[2025-12-07T15:37:36.951+0000] {logging_mixin.py:188} INFO - [2025-12-07T15:37:36.951+0000] {dag.py:3036} INFO - Sync 1 DAGs
[2025-12-07T15:37:36.991+0000] {logging_mixin.py:188} INFO - [2025-12-07T15:37:36.990+0000] {dag.py:3823} INFO - Setting next_dagrun for example_dynamic_task_mapping_with_no_taskflow_operators to 2025-12-06 00:00:00+00:00, run_after=2025-12-07 00:00:00+00:00
[2025-12-07T15:37:37.027+0000] {processor.py:183} INFO - Processing /home/airflow/.local/lib/python3.8/site-packages/airflow/example_dags/example_dynamic_task_mapping_with_no_taskflow_operators.py took 0.134 seconds
[2025-12-07T15:38:07.066+0000] {processor.py:161} INFO - Started process (PID=3843) to work on /home/airflow/.local/lib/python3.8/site-packages/airflow/example_dags/example_dynamic_task_mapping_with_no_taskflow_operators.py
[2025-12-07T15:38:07.068+0000] {processor.py:830} INFO - Processing file /home/airflow/.local/lib/python3.8/site-packages/airflow/example_dags/example_dynamic_task_mapping_with_no_taskflow_operators.py for tasks to queue
[2025-12-07T15:38:07.071+0000] {logging_mixin.py:188} INFO - [2025-12-07T15:38:07.071+0000] {dagbag.py:538} INFO - Filling up the DagBag from /home/airflow/.local/lib/python3.8/site-packages/airflow/example_dags/example_dynamic_task_mapping_with_no_taskflow_operators.py
[2025-12-07T15:38:07.083+0000] {processor.py:840} INFO - DAG(s) 'example_dynamic_task_mapping_with_no_taskflow_operators' retrieved from /home/airflow/.local/lib/python3.8/site-packages/airflow/example_dags/example_dynamic_task_mapping_with_no_taskflow_operators.py
[2025-12-07T15:38:07.115+0000] {logging_mixin.py:188} INFO - [2025-12-07T15:38:07.115+0000] {dag.py:3036} INFO - Sync 1 DAGs
[2025-12-07T15:38:07.146+0000] {logging_mixin.py:188} INFO - [2025-12-07T15:38:07.146+0000] {dag.py:3823} INFO - Setting next_dagrun for example_dynamic_task_mapping_with_no_taskflow_operators to 2025-12-06 00:00:00+00:00, run_after=2025-12-07 00:00:00+00:00
[2025-12-07T15:38:07.174+0000] {processor.py:183} INFO - Processing /home/airflow/.local/lib/python3.8/site-packages/airflow/example_dags/example_dynamic_task_mapping_with_no_taskflow_operators.py took 0.112 seconds
[2025-12-07T15:38:37.368+0000] {processor.py:161} INFO - Started process (PID=3902) to work on /home/airflow/.local/lib/python3.8/site-packages/airflow/example_dags/example_dynamic_task_mapping_with_no_taskflow_operators.py
[2025-12-07T15:38:37.370+0000] {processor.py:830} INFO - Processing file /home/airflow/.local/lib/python3.8/site-packages/airflow/example_dags/example_dynamic_task_mapping_with_no_taskflow_operators.py for tasks to queue
[2025-12-07T15:38:37.372+0000] {logging_mixin.py:188} INFO - [2025-12-07T15:38:37.372+0000] {dagbag.py:538} INFO - Filling up the DagBag from /home/airflow/.local/lib/python3.8/site-packages/airflow/example_dags/example_dynamic_task_mapping_with_no_taskflow_operators.py
[2025-12-07T15:38:37.382+0000] {processor.py:840} INFO - DAG(s) 'example_dynamic_task_mapping_with_no_taskflow_operators' retrieved from /home/airflow/.local/lib/python3.8/site-packages/airflow/example_dags/example_dynamic_task_mapping_with_no_taskflow_operators.py
[2025-12-07T15:38:37.416+0000] {logging_mixin.py:188} INFO - [2025-12-07T15:38:37.415+0000] {dag.py:3036} INFO - Sync 1 DAGs
[2025-12-07T15:38:37.445+0000] {logging_mixin.py:188} INFO - [2025-12-07T15:38:37.445+0000] {dag.py:3823} INFO - Setting next_dagrun for example_dynamic_task_mapping_with_no_taskflow_operators to 2025-12-06 00:00:00+00:00, run_after=2025-12-07 00:00:00+00:00
[2025-12-07T15:38:37.476+0000] {processor.py:183} INFO - Processing /home/airflow/.local/lib/python3.8/site-packages/airflow/example_dags/example_dynamic_task_mapping_with_no_taskflow_operators.py took 0.112 seconds
[2025-12-07T15:39:07.558+0000] {processor.py:161} INFO - Started process (PID=3961) to work on /home/airflow/.local/lib/python3.8/site-packages/airflow/example_dags/example_dynamic_task_mapping_with_no_taskflow_operators.py
[2025-12-07T15:39:07.560+0000] {processor.py:830} INFO - Processing file /home/airflow/.local/lib/python3.8/site-packages/airflow/example_dags/example_dynamic_task_mapping_with_no_taskflow_operators.py for tasks to queue
[2025-12-07T15:39:07.564+0000] {logging_mixin.py:188} INFO - [2025-12-07T15:39:07.563+0000] {dagbag.py:538} INFO - Filling up the DagBag from /home/airflow/.local/lib/python3.8/site-packages/airflow/example_dags/example_dynamic_task_mapping_with_no_taskflow_operators.py
[2025-12-07T15:39:07.577+0000] {processor.py:840} INFO - DAG(s) 'example_dynamic_task_mapping_with_no_taskflow_operators' retrieved from /home/airflow/.local/lib/python3.8/site-packages/airflow/example_dags/example_dynamic_task_mapping_with_no_taskflow_operators.py
[2025-12-07T15:39:07.609+0000] {logging_mixin.py:188} INFO - [2025-12-07T15:39:07.609+0000] {dag.py:3036} INFO - Sync 1 DAGs
[2025-12-07T15:39:07.644+0000] {logging_mixin.py:188} INFO - [2025-12-07T15:39:07.643+0000] {dag.py:3823} INFO - Setting next_dagrun for example_dynamic_task_mapping_with_no_taskflow_operators to 2025-12-06 00:00:00+00:00, run_after=2025-12-07 00:00:00+00:00
[2025-12-07T15:39:07.685+0000] {processor.py:183} INFO - Processing /home/airflow/.local/lib/python3.8/site-packages/airflow/example_dags/example_dynamic_task_mapping_with_no_taskflow_operators.py took 0.132 seconds
[2025-12-07T15:39:37.878+0000] {processor.py:161} INFO - Started process (PID=4020) to work on /home/airflow/.local/lib/python3.8/site-packages/airflow/example_dags/example_dynamic_task_mapping_with_no_taskflow_operators.py
[2025-12-07T15:39:37.880+0000] {processor.py:830} INFO - Processing file /home/airflow/.local/lib/python3.8/site-packages/airflow/example_dags/example_dynamic_task_mapping_with_no_taskflow_operators.py for tasks to queue
[2025-12-07T15:39:37.884+0000] {logging_mixin.py:188} INFO - [2025-12-07T15:39:37.883+0000] {dagbag.py:538} INFO - Filling up the DagBag from /home/airflow/.local/lib/python3.8/site-packages/airflow/example_dags/example_dynamic_task_mapping_with_no_taskflow_operators.py
[2025-12-07T15:39:37.892+0000] {processor.py:840} INFO - DAG(s) 'example_dynamic_task_mapping_with_no_taskflow_operators' retrieved from /home/airflow/.local/lib/python3.8/site-packages/airflow/example_dags/example_dynamic_task_mapping_with_no_taskflow_operators.py
[2025-12-07T15:39:37.923+0000] {logging_mixin.py:188} INFO - [2025-12-07T15:39:37.922+0000] {dag.py:3036} INFO - Sync 1 DAGs
[2025-12-07T15:39:37.950+0000] {logging_mixin.py:188} INFO - [2025-12-07T15:39:37.950+0000] {dag.py:3823} INFO - Setting next_dagrun for example_dynamic_task_mapping_with_no_taskflow_operators to 2025-12-06 00:00:00+00:00, run_after=2025-12-07 00:00:00+00:00
[2025-12-07T15:39:37.984+0000] {processor.py:183} INFO - Processing /home/airflow/.local/lib/python3.8/site-packages/airflow/example_dags/example_dynamic_task_mapping_with_no_taskflow_operators.py took 0.110 seconds
[2025-12-07T15:40:08.117+0000] {processor.py:161} INFO - Started process (PID=4079) to work on /home/airflow/.local/lib/python3.8/site-packages/airflow/example_dags/example_dynamic_task_mapping_with_no_taskflow_operators.py
[2025-12-07T15:40:08.119+0000] {processor.py:830} INFO - Processing file /home/airflow/.local/lib/python3.8/site-packages/airflow/example_dags/example_dynamic_task_mapping_with_no_taskflow_operators.py for tasks to queue
[2025-12-07T15:40:08.124+0000] {logging_mixin.py:188} INFO - [2025-12-07T15:40:08.124+0000] {dagbag.py:538} INFO - Filling up the DagBag from /home/airflow/.local/lib/python3.8/site-packages/airflow/example_dags/example_dynamic_task_mapping_with_no_taskflow_operators.py
[2025-12-07T15:40:08.136+0000] {processor.py:840} INFO - DAG(s) 'example_dynamic_task_mapping_with_no_taskflow_operators' retrieved from /home/airflow/.local/lib/python3.8/site-packages/airflow/example_dags/example_dynamic_task_mapping_with_no_taskflow_operators.py
[2025-12-07T15:40:08.174+0000] {logging_mixin.py:188} INFO - [2025-12-07T15:40:08.173+0000] {dag.py:3036} INFO - Sync 1 DAGs
[2025-12-07T15:40:08.206+0000] {logging_mixin.py:188} INFO - [2025-12-07T15:40:08.206+0000] {dag.py:3823} INFO - Setting next_dagrun for example_dynamic_task_mapping_with_no_taskflow_operators to 2025-12-06 00:00:00+00:00, run_after=2025-12-07 00:00:00+00:00
[2025-12-07T15:40:08.240+0000] {processor.py:183} INFO - Processing /home/airflow/.local/lib/python3.8/site-packages/airflow/example_dags/example_dynamic_task_mapping_with_no_taskflow_operators.py took 0.128 seconds
[2025-12-07T15:40:38.529+0000] {processor.py:161} INFO - Started process (PID=4138) to work on /home/airflow/.local/lib/python3.8/site-packages/airflow/example_dags/example_dynamic_task_mapping_with_no_taskflow_operators.py
[2025-12-07T15:40:38.530+0000] {processor.py:830} INFO - Processing file /home/airflow/.local/lib/python3.8/site-packages/airflow/example_dags/example_dynamic_task_mapping_with_no_taskflow_operators.py for tasks to queue
[2025-12-07T15:40:38.535+0000] {logging_mixin.py:188} INFO - [2025-12-07T15:40:38.534+0000] {dagbag.py:538} INFO - Filling up the DagBag from /home/airflow/.local/lib/python3.8/site-packages/airflow/example_dags/example_dynamic_task_mapping_with_no_taskflow_operators.py
[2025-12-07T15:40:38.545+0000] {processor.py:840} INFO - DAG(s) 'example_dynamic_task_mapping_with_no_taskflow_operators' retrieved from /home/airflow/.local/lib/python3.8/site-packages/airflow/example_dags/example_dynamic_task_mapping_with_no_taskflow_operators.py
[2025-12-07T15:40:38.578+0000] {logging_mixin.py:188} INFO - [2025-12-07T15:40:38.577+0000] {dag.py:3036} INFO - Sync 1 DAGs
[2025-12-07T15:40:38.608+0000] {logging_mixin.py:188} INFO - [2025-12-07T15:40:38.607+0000] {dag.py:3823} INFO - Setting next_dagrun for example_dynamic_task_mapping_with_no_taskflow_operators to 2025-12-06 00:00:00+00:00, run_after=2025-12-07 00:00:00+00:00
[2025-12-07T15:40:38.639+0000] {processor.py:183} INFO - Processing /home/airflow/.local/lib/python3.8/site-packages/airflow/example_dags/example_dynamic_task_mapping_with_no_taskflow_operators.py took 0.117 seconds
[2025-12-07T15:41:08.883+0000] {processor.py:161} INFO - Started process (PID=4198) to work on /home/airflow/.local/lib/python3.8/site-packages/airflow/example_dags/example_dynamic_task_mapping_with_no_taskflow_operators.py
[2025-12-07T15:41:08.887+0000] {processor.py:830} INFO - Processing file /home/airflow/.local/lib/python3.8/site-packages/airflow/example_dags/example_dynamic_task_mapping_with_no_taskflow_operators.py for tasks to queue
[2025-12-07T15:41:08.891+0000] {logging_mixin.py:188} INFO - [2025-12-07T15:41:08.890+0000] {dagbag.py:538} INFO - Filling up the DagBag from /home/airflow/.local/lib/python3.8/site-packages/airflow/example_dags/example_dynamic_task_mapping_with_no_taskflow_operators.py
[2025-12-07T15:41:08.908+0000] {processor.py:840} INFO - DAG(s) 'example_dynamic_task_mapping_with_no_taskflow_operators' retrieved from /home/airflow/.local/lib/python3.8/site-packages/airflow/example_dags/example_dynamic_task_mapping_with_no_taskflow_operators.py
[2025-12-07T15:41:08.971+0000] {logging_mixin.py:188} INFO - [2025-12-07T15:41:08.971+0000] {dag.py:3036} INFO - Sync 1 DAGs
[2025-12-07T15:41:09.025+0000] {logging_mixin.py:188} INFO - [2025-12-07T15:41:09.025+0000] {dag.py:3823} INFO - Setting next_dagrun for example_dynamic_task_mapping_with_no_taskflow_operators to 2025-12-06 00:00:00+00:00, run_after=2025-12-07 00:00:00+00:00
[2025-12-07T15:41:09.057+0000] {processor.py:183} INFO - Processing /home/airflow/.local/lib/python3.8/site-packages/airflow/example_dags/example_dynamic_task_mapping_with_no_taskflow_operators.py took 0.180 seconds
[2025-12-07T15:41:39.539+0000] {processor.py:161} INFO - Started process (PID=4259) to work on /home/airflow/.local/lib/python3.8/site-packages/airflow/example_dags/example_dynamic_task_mapping_with_no_taskflow_operators.py
[2025-12-07T15:41:39.541+0000] {processor.py:830} INFO - Processing file /home/airflow/.local/lib/python3.8/site-packages/airflow/example_dags/example_dynamic_task_mapping_with_no_taskflow_operators.py for tasks to queue
[2025-12-07T15:41:39.545+0000] {logging_mixin.py:188} INFO - [2025-12-07T15:41:39.545+0000] {dagbag.py:538} INFO - Filling up the DagBag from /home/airflow/.local/lib/python3.8/site-packages/airflow/example_dags/example_dynamic_task_mapping_with_no_taskflow_operators.py
[2025-12-07T15:41:39.554+0000] {processor.py:840} INFO - DAG(s) 'example_dynamic_task_mapping_with_no_taskflow_operators' retrieved from /home/airflow/.local/lib/python3.8/site-packages/airflow/example_dags/example_dynamic_task_mapping_with_no_taskflow_operators.py
[2025-12-07T15:41:39.585+0000] {logging_mixin.py:188} INFO - [2025-12-07T15:41:39.585+0000] {dag.py:3036} INFO - Sync 1 DAGs
[2025-12-07T15:41:39.617+0000] {logging_mixin.py:188} INFO - [2025-12-07T15:41:39.617+0000] {dag.py:3823} INFO - Setting next_dagrun for example_dynamic_task_mapping_with_no_taskflow_operators to 2025-12-06 00:00:00+00:00, run_after=2025-12-07 00:00:00+00:00
[2025-12-07T15:41:39.658+0000] {processor.py:183} INFO - Processing /home/airflow/.local/lib/python3.8/site-packages/airflow/example_dags/example_dynamic_task_mapping_with_no_taskflow_operators.py took 0.125 seconds
[2025-12-07T15:42:10.253+0000] {processor.py:161} INFO - Started process (PID=4320) to work on /home/airflow/.local/lib/python3.8/site-packages/airflow/example_dags/example_dynamic_task_mapping_with_no_taskflow_operators.py
[2025-12-07T15:42:10.255+0000] {processor.py:830} INFO - Processing file /home/airflow/.local/lib/python3.8/site-packages/airflow/example_dags/example_dynamic_task_mapping_with_no_taskflow_operators.py for tasks to queue
[2025-12-07T15:42:10.259+0000] {logging_mixin.py:188} INFO - [2025-12-07T15:42:10.258+0000] {dagbag.py:538} INFO - Filling up the DagBag from /home/airflow/.local/lib/python3.8/site-packages/airflow/example_dags/example_dynamic_task_mapping_with_no_taskflow_operators.py
[2025-12-07T15:42:10.267+0000] {processor.py:840} INFO - DAG(s) 'example_dynamic_task_mapping_with_no_taskflow_operators' retrieved from /home/airflow/.local/lib/python3.8/site-packages/airflow/example_dags/example_dynamic_task_mapping_with_no_taskflow_operators.py
[2025-12-07T15:42:10.297+0000] {logging_mixin.py:188} INFO - [2025-12-07T15:42:10.297+0000] {dag.py:3036} INFO - Sync 1 DAGs
[2025-12-07T15:42:10.324+0000] {logging_mixin.py:188} INFO - [2025-12-07T15:42:10.324+0000] {dag.py:3823} INFO - Setting next_dagrun for example_dynamic_task_mapping_with_no_taskflow_operators to 2025-12-06 00:00:00+00:00, run_after=2025-12-07 00:00:00+00:00
[2025-12-07T15:42:10.355+0000] {processor.py:183} INFO - Processing /home/airflow/.local/lib/python3.8/site-packages/airflow/example_dags/example_dynamic_task_mapping_with_no_taskflow_operators.py took 0.107 seconds
[2025-12-07T15:42:40.399+0000] {processor.py:161} INFO - Started process (PID=4381) to work on /home/airflow/.local/lib/python3.8/site-packages/airflow/example_dags/example_dynamic_task_mapping_with_no_taskflow_operators.py
[2025-12-07T15:42:40.401+0000] {processor.py:830} INFO - Processing file /home/airflow/.local/lib/python3.8/site-packages/airflow/example_dags/example_dynamic_task_mapping_with_no_taskflow_operators.py for tasks to queue
[2025-12-07T15:42:40.406+0000] {logging_mixin.py:188} INFO - [2025-12-07T15:42:40.405+0000] {dagbag.py:538} INFO - Filling up the DagBag from /home/airflow/.local/lib/python3.8/site-packages/airflow/example_dags/example_dynamic_task_mapping_with_no_taskflow_operators.py
[2025-12-07T15:42:40.417+0000] {processor.py:840} INFO - DAG(s) 'example_dynamic_task_mapping_with_no_taskflow_operators' retrieved from /home/airflow/.local/lib/python3.8/site-packages/airflow/example_dags/example_dynamic_task_mapping_with_no_taskflow_operators.py
[2025-12-07T15:42:40.464+0000] {logging_mixin.py:188} INFO - [2025-12-07T15:42:40.463+0000] {dag.py:3036} INFO - Sync 1 DAGs
[2025-12-07T15:42:40.493+0000] {logging_mixin.py:188} INFO - [2025-12-07T15:42:40.493+0000] {dag.py:3823} INFO - Setting next_dagrun for example_dynamic_task_mapping_with_no_taskflow_operators to 2025-12-06 00:00:00+00:00, run_after=2025-12-07 00:00:00+00:00
[2025-12-07T15:42:40.526+0000] {processor.py:183} INFO - Processing /home/airflow/.local/lib/python3.8/site-packages/airflow/example_dags/example_dynamic_task_mapping_with_no_taskflow_operators.py took 0.131 seconds
[2025-12-07T15:43:11.066+0000] {processor.py:161} INFO - Started process (PID=4442) to work on /home/airflow/.local/lib/python3.8/site-packages/airflow/example_dags/example_dynamic_task_mapping_with_no_taskflow_operators.py
[2025-12-07T15:43:11.070+0000] {processor.py:830} INFO - Processing file /home/airflow/.local/lib/python3.8/site-packages/airflow/example_dags/example_dynamic_task_mapping_with_no_taskflow_operators.py for tasks to queue
[2025-12-07T15:43:11.073+0000] {logging_mixin.py:188} INFO - [2025-12-07T15:43:11.072+0000] {dagbag.py:538} INFO - Filling up the DagBag from /home/airflow/.local/lib/python3.8/site-packages/airflow/example_dags/example_dynamic_task_mapping_with_no_taskflow_operators.py
[2025-12-07T15:43:11.082+0000] {processor.py:840} INFO - DAG(s) 'example_dynamic_task_mapping_with_no_taskflow_operators' retrieved from /home/airflow/.local/lib/python3.8/site-packages/airflow/example_dags/example_dynamic_task_mapping_with_no_taskflow_operators.py
[2025-12-07T15:43:11.117+0000] {logging_mixin.py:188} INFO - [2025-12-07T15:43:11.117+0000] {dag.py:3036} INFO - Sync 1 DAGs
[2025-12-07T15:43:11.150+0000] {logging_mixin.py:188} INFO - [2025-12-07T15:43:11.150+0000] {dag.py:3823} INFO - Setting next_dagrun for example_dynamic_task_mapping_with_no_taskflow_operators to 2025-12-06 00:00:00+00:00, run_after=2025-12-07 00:00:00+00:00
[2025-12-07T15:43:11.182+0000] {processor.py:183} INFO - Processing /home/airflow/.local/lib/python3.8/site-packages/airflow/example_dags/example_dynamic_task_mapping_with_no_taskflow_operators.py took 0.122 seconds
[2025-12-07T15:43:41.396+0000] {processor.py:161} INFO - Started process (PID=4503) to work on /home/airflow/.local/lib/python3.8/site-packages/airflow/example_dags/example_dynamic_task_mapping_with_no_taskflow_operators.py
[2025-12-07T15:43:41.398+0000] {processor.py:830} INFO - Processing file /home/airflow/.local/lib/python3.8/site-packages/airflow/example_dags/example_dynamic_task_mapping_with_no_taskflow_operators.py for tasks to queue
[2025-12-07T15:43:41.402+0000] {logging_mixin.py:188} INFO - [2025-12-07T15:43:41.401+0000] {dagbag.py:538} INFO - Filling up the DagBag from /home/airflow/.local/lib/python3.8/site-packages/airflow/example_dags/example_dynamic_task_mapping_with_no_taskflow_operators.py
[2025-12-07T15:43:41.410+0000] {processor.py:840} INFO - DAG(s) 'example_dynamic_task_mapping_with_no_taskflow_operators' retrieved from /home/airflow/.local/lib/python3.8/site-packages/airflow/example_dags/example_dynamic_task_mapping_with_no_taskflow_operators.py
[2025-12-07T15:43:41.443+0000] {logging_mixin.py:188} INFO - [2025-12-07T15:43:41.443+0000] {dag.py:3036} INFO - Sync 1 DAGs
[2025-12-07T15:43:41.471+0000] {logging_mixin.py:188} INFO - [2025-12-07T15:43:41.471+0000] {dag.py:3823} INFO - Setting next_dagrun for example_dynamic_task_mapping_with_no_taskflow_operators to 2025-12-06 00:00:00+00:00, run_after=2025-12-07 00:00:00+00:00
[2025-12-07T15:43:41.506+0000] {processor.py:183} INFO - Processing /home/airflow/.local/lib/python3.8/site-packages/airflow/example_dags/example_dynamic_task_mapping_with_no_taskflow_operators.py took 0.116 seconds
[2025-12-07T15:44:11.815+0000] {processor.py:161} INFO - Started process (PID=4563) to work on /home/airflow/.local/lib/python3.8/site-packages/airflow/example_dags/example_dynamic_task_mapping_with_no_taskflow_operators.py
[2025-12-07T15:44:11.817+0000] {processor.py:830} INFO - Processing file /home/airflow/.local/lib/python3.8/site-packages/airflow/example_dags/example_dynamic_task_mapping_with_no_taskflow_operators.py for tasks to queue
[2025-12-07T15:44:11.820+0000] {logging_mixin.py:188} INFO - [2025-12-07T15:44:11.819+0000] {dagbag.py:538} INFO - Filling up the DagBag from /home/airflow/.local/lib/python3.8/site-packages/airflow/example_dags/example_dynamic_task_mapping_with_no_taskflow_operators.py
[2025-12-07T15:44:11.828+0000] {processor.py:840} INFO - DAG(s) 'example_dynamic_task_mapping_with_no_taskflow_operators' retrieved from /home/airflow/.local/lib/python3.8/site-packages/airflow/example_dags/example_dynamic_task_mapping_with_no_taskflow_operators.py
[2025-12-07T15:44:11.863+0000] {logging_mixin.py:188} INFO - [2025-12-07T15:44:11.862+0000] {dag.py:3036} INFO - Sync 1 DAGs
[2025-12-07T15:44:11.893+0000] {logging_mixin.py:188} INFO - [2025-12-07T15:44:11.892+0000] {dag.py:3823} INFO - Setting next_dagrun for example_dynamic_task_mapping_with_no_taskflow_operators to 2025-12-06 00:00:00+00:00, run_after=2025-12-07 00:00:00+00:00
[2025-12-07T15:44:11.927+0000] {processor.py:183} INFO - Processing /home/airflow/.local/lib/python3.8/site-packages/airflow/example_dags/example_dynamic_task_mapping_with_no_taskflow_operators.py took 0.119 seconds
[2025-12-07T15:44:42.749+0000] {processor.py:161} INFO - Started process (PID=4624) to work on /home/airflow/.local/lib/python3.8/site-packages/airflow/example_dags/example_dynamic_task_mapping_with_no_taskflow_operators.py
[2025-12-07T15:44:42.751+0000] {processor.py:830} INFO - Processing file /home/airflow/.local/lib/python3.8/site-packages/airflow/example_dags/example_dynamic_task_mapping_with_no_taskflow_operators.py for tasks to queue
[2025-12-07T15:44:42.756+0000] {logging_mixin.py:188} INFO - [2025-12-07T15:44:42.755+0000] {dagbag.py:538} INFO - Filling up the DagBag from /home/airflow/.local/lib/python3.8/site-packages/airflow/example_dags/example_dynamic_task_mapping_with_no_taskflow_operators.py
[2025-12-07T15:44:42.766+0000] {processor.py:840} INFO - DAG(s) 'example_dynamic_task_mapping_with_no_taskflow_operators' retrieved from /home/airflow/.local/lib/python3.8/site-packages/airflow/example_dags/example_dynamic_task_mapping_with_no_taskflow_operators.py
[2025-12-07T15:44:42.797+0000] {logging_mixin.py:188} INFO - [2025-12-07T15:44:42.796+0000] {dag.py:3036} INFO - Sync 1 DAGs
[2025-12-07T15:44:42.829+0000] {logging_mixin.py:188} INFO - [2025-12-07T15:44:42.829+0000] {dag.py:3823} INFO - Setting next_dagrun for example_dynamic_task_mapping_with_no_taskflow_operators to 2025-12-06 00:00:00+00:00, run_after=2025-12-07 00:00:00+00:00
[2025-12-07T15:44:42.861+0000] {processor.py:183} INFO - Processing /home/airflow/.local/lib/python3.8/site-packages/airflow/example_dags/example_dynamic_task_mapping_with_no_taskflow_operators.py took 0.117 seconds
[2025-12-07T15:45:13.011+0000] {processor.py:161} INFO - Started process (PID=4685) to work on /home/airflow/.local/lib/python3.8/site-packages/airflow/example_dags/example_dynamic_task_mapping_with_no_taskflow_operators.py
[2025-12-07T15:45:13.012+0000] {processor.py:830} INFO - Processing file /home/airflow/.local/lib/python3.8/site-packages/airflow/example_dags/example_dynamic_task_mapping_with_no_taskflow_operators.py for tasks to queue
[2025-12-07T15:45:13.015+0000] {logging_mixin.py:188} INFO - [2025-12-07T15:45:13.015+0000] {dagbag.py:538} INFO - Filling up the DagBag from /home/airflow/.local/lib/python3.8/site-packages/airflow/example_dags/example_dynamic_task_mapping_with_no_taskflow_operators.py
[2025-12-07T15:45:13.024+0000] {processor.py:840} INFO - DAG(s) 'example_dynamic_task_mapping_with_no_taskflow_operators' retrieved from /home/airflow/.local/lib/python3.8/site-packages/airflow/example_dags/example_dynamic_task_mapping_with_no_taskflow_operators.py
[2025-12-07T15:45:13.055+0000] {logging_mixin.py:188} INFO - [2025-12-07T15:45:13.055+0000] {dag.py:3036} INFO - Sync 1 DAGs
[2025-12-07T15:45:13.081+0000] {logging_mixin.py:188} INFO - [2025-12-07T15:45:13.081+0000] {dag.py:3823} INFO - Setting next_dagrun for example_dynamic_task_mapping_with_no_taskflow_operators to 2025-12-06 00:00:00+00:00, run_after=2025-12-07 00:00:00+00:00
[2025-12-07T15:45:13.107+0000] {processor.py:183} INFO - Processing /home/airflow/.local/lib/python3.8/site-packages/airflow/example_dags/example_dynamic_task_mapping_with_no_taskflow_operators.py took 0.103 seconds
[2025-12-07T15:45:43.614+0000] {processor.py:161} INFO - Started process (PID=4746) to work on /home/airflow/.local/lib/python3.8/site-packages/airflow/example_dags/example_dynamic_task_mapping_with_no_taskflow_operators.py
[2025-12-07T15:45:43.615+0000] {processor.py:830} INFO - Processing file /home/airflow/.local/lib/python3.8/site-packages/airflow/example_dags/example_dynamic_task_mapping_with_no_taskflow_operators.py for tasks to queue
[2025-12-07T15:45:43.618+0000] {logging_mixin.py:188} INFO - [2025-12-07T15:45:43.618+0000] {dagbag.py:538} INFO - Filling up the DagBag from /home/airflow/.local/lib/python3.8/site-packages/airflow/example_dags/example_dynamic_task_mapping_with_no_taskflow_operators.py
[2025-12-07T15:45:43.630+0000] {processor.py:840} INFO - DAG(s) 'example_dynamic_task_mapping_with_no_taskflow_operators' retrieved from /home/airflow/.local/lib/python3.8/site-packages/airflow/example_dags/example_dynamic_task_mapping_with_no_taskflow_operators.py
[2025-12-07T15:45:43.668+0000] {logging_mixin.py:188} INFO - [2025-12-07T15:45:43.667+0000] {dag.py:3036} INFO - Sync 1 DAGs
[2025-12-07T15:45:43.699+0000] {logging_mixin.py:188} INFO - [2025-12-07T15:45:43.699+0000] {dag.py:3823} INFO - Setting next_dagrun for example_dynamic_task_mapping_with_no_taskflow_operators to 2025-12-06 00:00:00+00:00, run_after=2025-12-07 00:00:00+00:00
[2025-12-07T15:45:43.733+0000] {processor.py:183} INFO - Processing /home/airflow/.local/lib/python3.8/site-packages/airflow/example_dags/example_dynamic_task_mapping_with_no_taskflow_operators.py took 0.126 seconds
[2025-12-07T15:46:14.339+0000] {processor.py:161} INFO - Started process (PID=4807) to work on /home/airflow/.local/lib/python3.8/site-packages/airflow/example_dags/example_dynamic_task_mapping_with_no_taskflow_operators.py
[2025-12-07T15:46:14.340+0000] {processor.py:830} INFO - Processing file /home/airflow/.local/lib/python3.8/site-packages/airflow/example_dags/example_dynamic_task_mapping_with_no_taskflow_operators.py for tasks to queue
[2025-12-07T15:46:14.344+0000] {logging_mixin.py:188} INFO - [2025-12-07T15:46:14.343+0000] {dagbag.py:538} INFO - Filling up the DagBag from /home/airflow/.local/lib/python3.8/site-packages/airflow/example_dags/example_dynamic_task_mapping_with_no_taskflow_operators.py
[2025-12-07T15:46:14.356+0000] {processor.py:840} INFO - DAG(s) 'example_dynamic_task_mapping_with_no_taskflow_operators' retrieved from /home/airflow/.local/lib/python3.8/site-packages/airflow/example_dags/example_dynamic_task_mapping_with_no_taskflow_operators.py
[2025-12-07T15:46:14.409+0000] {logging_mixin.py:188} INFO - [2025-12-07T15:46:14.408+0000] {dag.py:3036} INFO - Sync 1 DAGs
[2025-12-07T15:46:14.488+0000] {logging_mixin.py:188} INFO - [2025-12-07T15:46:14.487+0000] {dag.py:3823} INFO - Setting next_dagrun for example_dynamic_task_mapping_with_no_taskflow_operators to 2025-12-06 00:00:00+00:00, run_after=2025-12-07 00:00:00+00:00
[2025-12-07T15:46:14.578+0000] {processor.py:183} INFO - Processing /home/airflow/.local/lib/python3.8/site-packages/airflow/example_dags/example_dynamic_task_mapping_with_no_taskflow_operators.py took 0.244 seconds
[2025-12-07T15:46:44.937+0000] {processor.py:161} INFO - Started process (PID=4868) to work on /home/airflow/.local/lib/python3.8/site-packages/airflow/example_dags/example_dynamic_task_mapping_with_no_taskflow_operators.py
[2025-12-07T15:46:44.940+0000] {processor.py:830} INFO - Processing file /home/airflow/.local/lib/python3.8/site-packages/airflow/example_dags/example_dynamic_task_mapping_with_no_taskflow_operators.py for tasks to queue
[2025-12-07T15:46:44.943+0000] {logging_mixin.py:188} INFO - [2025-12-07T15:46:44.943+0000] {dagbag.py:538} INFO - Filling up the DagBag from /home/airflow/.local/lib/python3.8/site-packages/airflow/example_dags/example_dynamic_task_mapping_with_no_taskflow_operators.py
[2025-12-07T15:46:44.957+0000] {processor.py:840} INFO - DAG(s) 'example_dynamic_task_mapping_with_no_taskflow_operators' retrieved from /home/airflow/.local/lib/python3.8/site-packages/airflow/example_dags/example_dynamic_task_mapping_with_no_taskflow_operators.py
[2025-12-07T15:46:45.010+0000] {logging_mixin.py:188} INFO - [2025-12-07T15:46:45.010+0000] {dag.py:3036} INFO - Sync 1 DAGs
[2025-12-07T15:46:45.057+0000] {logging_mixin.py:188} INFO - [2025-12-07T15:46:45.057+0000] {dag.py:3823} INFO - Setting next_dagrun for example_dynamic_task_mapping_with_no_taskflow_operators to 2025-12-06 00:00:00+00:00, run_after=2025-12-07 00:00:00+00:00
[2025-12-07T15:46:45.106+0000] {processor.py:183} INFO - Processing /home/airflow/.local/lib/python3.8/site-packages/airflow/example_dags/example_dynamic_task_mapping_with_no_taskflow_operators.py took 0.175 seconds
[2025-12-07T15:47:15.311+0000] {processor.py:161} INFO - Started process (PID=4929) to work on /home/airflow/.local/lib/python3.8/site-packages/airflow/example_dags/example_dynamic_task_mapping_with_no_taskflow_operators.py
[2025-12-07T15:47:15.313+0000] {processor.py:830} INFO - Processing file /home/airflow/.local/lib/python3.8/site-packages/airflow/example_dags/example_dynamic_task_mapping_with_no_taskflow_operators.py for tasks to queue
[2025-12-07T15:47:15.315+0000] {logging_mixin.py:188} INFO - [2025-12-07T15:47:15.315+0000] {dagbag.py:538} INFO - Filling up the DagBag from /home/airflow/.local/lib/python3.8/site-packages/airflow/example_dags/example_dynamic_task_mapping_with_no_taskflow_operators.py
[2025-12-07T15:47:15.324+0000] {processor.py:840} INFO - DAG(s) 'example_dynamic_task_mapping_with_no_taskflow_operators' retrieved from /home/airflow/.local/lib/python3.8/site-packages/airflow/example_dags/example_dynamic_task_mapping_with_no_taskflow_operators.py
[2025-12-07T15:47:15.354+0000] {logging_mixin.py:188} INFO - [2025-12-07T15:47:15.353+0000] {dag.py:3036} INFO - Sync 1 DAGs
[2025-12-07T15:47:15.383+0000] {logging_mixin.py:188} INFO - [2025-12-07T15:47:15.382+0000] {dag.py:3823} INFO - Setting next_dagrun for example_dynamic_task_mapping_with_no_taskflow_operators to 2025-12-06 00:00:00+00:00, run_after=2025-12-07 00:00:00+00:00
[2025-12-07T15:47:15.415+0000] {processor.py:183} INFO - Processing /home/airflow/.local/lib/python3.8/site-packages/airflow/example_dags/example_dynamic_task_mapping_with_no_taskflow_operators.py took 0.108 seconds
[2025-12-07T15:47:45.642+0000] {processor.py:161} INFO - Started process (PID=4990) to work on /home/airflow/.local/lib/python3.8/site-packages/airflow/example_dags/example_dynamic_task_mapping_with_no_taskflow_operators.py
[2025-12-07T15:47:45.643+0000] {processor.py:830} INFO - Processing file /home/airflow/.local/lib/python3.8/site-packages/airflow/example_dags/example_dynamic_task_mapping_with_no_taskflow_operators.py for tasks to queue
[2025-12-07T15:47:45.646+0000] {logging_mixin.py:188} INFO - [2025-12-07T15:47:45.645+0000] {dagbag.py:538} INFO - Filling up the DagBag from /home/airflow/.local/lib/python3.8/site-packages/airflow/example_dags/example_dynamic_task_mapping_with_no_taskflow_operators.py
[2025-12-07T15:47:45.655+0000] {processor.py:840} INFO - DAG(s) 'example_dynamic_task_mapping_with_no_taskflow_operators' retrieved from /home/airflow/.local/lib/python3.8/site-packages/airflow/example_dags/example_dynamic_task_mapping_with_no_taskflow_operators.py
[2025-12-07T15:47:45.682+0000] {logging_mixin.py:188} INFO - [2025-12-07T15:47:45.682+0000] {dag.py:3036} INFO - Sync 1 DAGs
[2025-12-07T15:47:45.711+0000] {logging_mixin.py:188} INFO - [2025-12-07T15:47:45.711+0000] {dag.py:3823} INFO - Setting next_dagrun for example_dynamic_task_mapping_with_no_taskflow_operators to 2025-12-06 00:00:00+00:00, run_after=2025-12-07 00:00:00+00:00
[2025-12-07T15:47:45.737+0000] {processor.py:183} INFO - Processing /home/airflow/.local/lib/python3.8/site-packages/airflow/example_dags/example_dynamic_task_mapping_with_no_taskflow_operators.py took 0.099 seconds
[2025-12-07T15:48:16.275+0000] {processor.py:161} INFO - Started process (PID=5051) to work on /home/airflow/.local/lib/python3.8/site-packages/airflow/example_dags/example_dynamic_task_mapping_with_no_taskflow_operators.py
[2025-12-07T15:48:16.276+0000] {processor.py:830} INFO - Processing file /home/airflow/.local/lib/python3.8/site-packages/airflow/example_dags/example_dynamic_task_mapping_with_no_taskflow_operators.py for tasks to queue
[2025-12-07T15:48:16.278+0000] {logging_mixin.py:188} INFO - [2025-12-07T15:48:16.278+0000] {dagbag.py:538} INFO - Filling up the DagBag from /home/airflow/.local/lib/python3.8/site-packages/airflow/example_dags/example_dynamic_task_mapping_with_no_taskflow_operators.py
[2025-12-07T15:48:16.288+0000] {processor.py:840} INFO - DAG(s) 'example_dynamic_task_mapping_with_no_taskflow_operators' retrieved from /home/airflow/.local/lib/python3.8/site-packages/airflow/example_dags/example_dynamic_task_mapping_with_no_taskflow_operators.py
[2025-12-07T15:48:16.321+0000] {logging_mixin.py:188} INFO - [2025-12-07T15:48:16.320+0000] {dag.py:3036} INFO - Sync 1 DAGs
[2025-12-07T15:48:16.353+0000] {logging_mixin.py:188} INFO - [2025-12-07T15:48:16.352+0000] {dag.py:3823} INFO - Setting next_dagrun for example_dynamic_task_mapping_with_no_taskflow_operators to 2025-12-06 00:00:00+00:00, run_after=2025-12-07 00:00:00+00:00
[2025-12-07T15:48:16.383+0000] {processor.py:183} INFO - Processing /home/airflow/.local/lib/python3.8/site-packages/airflow/example_dags/example_dynamic_task_mapping_with_no_taskflow_operators.py took 0.113 seconds
[2025-12-07T15:48:46.963+0000] {processor.py:161} INFO - Started process (PID=5112) to work on /home/airflow/.local/lib/python3.8/site-packages/airflow/example_dags/example_dynamic_task_mapping_with_no_taskflow_operators.py
[2025-12-07T15:48:46.965+0000] {processor.py:830} INFO - Processing file /home/airflow/.local/lib/python3.8/site-packages/airflow/example_dags/example_dynamic_task_mapping_with_no_taskflow_operators.py for tasks to queue
[2025-12-07T15:48:46.968+0000] {logging_mixin.py:188} INFO - [2025-12-07T15:48:46.967+0000] {dagbag.py:538} INFO - Filling up the DagBag from /home/airflow/.local/lib/python3.8/site-packages/airflow/example_dags/example_dynamic_task_mapping_with_no_taskflow_operators.py
[2025-12-07T15:48:46.977+0000] {processor.py:840} INFO - DAG(s) 'example_dynamic_task_mapping_with_no_taskflow_operators' retrieved from /home/airflow/.local/lib/python3.8/site-packages/airflow/example_dags/example_dynamic_task_mapping_with_no_taskflow_operators.py
[2025-12-07T15:48:47.011+0000] {logging_mixin.py:188} INFO - [2025-12-07T15:48:47.011+0000] {dag.py:3036} INFO - Sync 1 DAGs
[2025-12-07T15:48:47.039+0000] {logging_mixin.py:188} INFO - [2025-12-07T15:48:47.039+0000] {dag.py:3823} INFO - Setting next_dagrun for example_dynamic_task_mapping_with_no_taskflow_operators to 2025-12-06 00:00:00+00:00, run_after=2025-12-07 00:00:00+00:00
[2025-12-07T15:48:47.072+0000] {processor.py:183} INFO - Processing /home/airflow/.local/lib/python3.8/site-packages/airflow/example_dags/example_dynamic_task_mapping_with_no_taskflow_operators.py took 0.115 seconds
[2025-12-07T15:49:17.412+0000] {processor.py:161} INFO - Started process (PID=5173) to work on /home/airflow/.local/lib/python3.8/site-packages/airflow/example_dags/example_dynamic_task_mapping_with_no_taskflow_operators.py
[2025-12-07T15:49:17.414+0000] {processor.py:830} INFO - Processing file /home/airflow/.local/lib/python3.8/site-packages/airflow/example_dags/example_dynamic_task_mapping_with_no_taskflow_operators.py for tasks to queue
[2025-12-07T15:49:17.417+0000] {logging_mixin.py:188} INFO - [2025-12-07T15:49:17.417+0000] {dagbag.py:538} INFO - Filling up the DagBag from /home/airflow/.local/lib/python3.8/site-packages/airflow/example_dags/example_dynamic_task_mapping_with_no_taskflow_operators.py
[2025-12-07T15:49:17.426+0000] {processor.py:840} INFO - DAG(s) 'example_dynamic_task_mapping_with_no_taskflow_operators' retrieved from /home/airflow/.local/lib/python3.8/site-packages/airflow/example_dags/example_dynamic_task_mapping_with_no_taskflow_operators.py
[2025-12-07T15:49:17.460+0000] {logging_mixin.py:188} INFO - [2025-12-07T15:49:17.459+0000] {dag.py:3036} INFO - Sync 1 DAGs
[2025-12-07T15:49:17.492+0000] {logging_mixin.py:188} INFO - [2025-12-07T15:49:17.492+0000] {dag.py:3823} INFO - Setting next_dagrun for example_dynamic_task_mapping_with_no_taskflow_operators to 2025-12-06 00:00:00+00:00, run_after=2025-12-07 00:00:00+00:00
[2025-12-07T15:49:17.528+0000] {processor.py:183} INFO - Processing /home/airflow/.local/lib/python3.8/site-packages/airflow/example_dags/example_dynamic_task_mapping_with_no_taskflow_operators.py took 0.122 seconds
[2025-12-07T15:49:47.809+0000] {processor.py:161} INFO - Started process (PID=5235) to work on /home/airflow/.local/lib/python3.8/site-packages/airflow/example_dags/example_dynamic_task_mapping_with_no_taskflow_operators.py
[2025-12-07T15:49:47.811+0000] {processor.py:830} INFO - Processing file /home/airflow/.local/lib/python3.8/site-packages/airflow/example_dags/example_dynamic_task_mapping_with_no_taskflow_operators.py for tasks to queue
[2025-12-07T15:49:47.815+0000] {logging_mixin.py:188} INFO - [2025-12-07T15:49:47.815+0000] {dagbag.py:538} INFO - Filling up the DagBag from /home/airflow/.local/lib/python3.8/site-packages/airflow/example_dags/example_dynamic_task_mapping_with_no_taskflow_operators.py
[2025-12-07T15:49:47.825+0000] {processor.py:840} INFO - DAG(s) 'example_dynamic_task_mapping_with_no_taskflow_operators' retrieved from /home/airflow/.local/lib/python3.8/site-packages/airflow/example_dags/example_dynamic_task_mapping_with_no_taskflow_operators.py
[2025-12-07T15:49:47.854+0000] {logging_mixin.py:188} INFO - [2025-12-07T15:49:47.853+0000] {dag.py:3036} INFO - Sync 1 DAGs
[2025-12-07T15:49:47.888+0000] {logging_mixin.py:188} INFO - [2025-12-07T15:49:47.887+0000] {dag.py:3823} INFO - Setting next_dagrun for example_dynamic_task_mapping_with_no_taskflow_operators to 2025-12-06 00:00:00+00:00, run_after=2025-12-07 00:00:00+00:00
[2025-12-07T15:49:47.923+0000] {processor.py:183} INFO - Processing /home/airflow/.local/lib/python3.8/site-packages/airflow/example_dags/example_dynamic_task_mapping_with_no_taskflow_operators.py took 0.119 seconds
[2025-12-07T15:50:18.307+0000] {processor.py:161} INFO - Started process (PID=5296) to work on /home/airflow/.local/lib/python3.8/site-packages/airflow/example_dags/example_dynamic_task_mapping_with_no_taskflow_operators.py
[2025-12-07T15:50:18.309+0000] {processor.py:830} INFO - Processing file /home/airflow/.local/lib/python3.8/site-packages/airflow/example_dags/example_dynamic_task_mapping_with_no_taskflow_operators.py for tasks to queue
[2025-12-07T15:50:18.312+0000] {logging_mixin.py:188} INFO - [2025-12-07T15:50:18.312+0000] {dagbag.py:538} INFO - Filling up the DagBag from /home/airflow/.local/lib/python3.8/site-packages/airflow/example_dags/example_dynamic_task_mapping_with_no_taskflow_operators.py
[2025-12-07T15:50:18.322+0000] {processor.py:840} INFO - DAG(s) 'example_dynamic_task_mapping_with_no_taskflow_operators' retrieved from /home/airflow/.local/lib/python3.8/site-packages/airflow/example_dags/example_dynamic_task_mapping_with_no_taskflow_operators.py
[2025-12-07T15:50:18.360+0000] {logging_mixin.py:188} INFO - [2025-12-07T15:50:18.359+0000] {dag.py:3036} INFO - Sync 1 DAGs
[2025-12-07T15:50:18.391+0000] {logging_mixin.py:188} INFO - [2025-12-07T15:50:18.391+0000] {dag.py:3823} INFO - Setting next_dagrun for example_dynamic_task_mapping_with_no_taskflow_operators to 2025-12-06 00:00:00+00:00, run_after=2025-12-07 00:00:00+00:00
[2025-12-07T15:50:18.424+0000] {processor.py:183} INFO - Processing /home/airflow/.local/lib/python3.8/site-packages/airflow/example_dags/example_dynamic_task_mapping_with_no_taskflow_operators.py took 0.125 seconds
[2025-12-07T15:50:48.910+0000] {processor.py:161} INFO - Started process (PID=5363) to work on /home/airflow/.local/lib/python3.8/site-packages/airflow/example_dags/example_dynamic_task_mapping_with_no_taskflow_operators.py
[2025-12-07T15:50:48.912+0000] {processor.py:830} INFO - Processing file /home/airflow/.local/lib/python3.8/site-packages/airflow/example_dags/example_dynamic_task_mapping_with_no_taskflow_operators.py for tasks to queue
[2025-12-07T15:50:48.916+0000] {logging_mixin.py:188} INFO - [2025-12-07T15:50:48.915+0000] {dagbag.py:538} INFO - Filling up the DagBag from /home/airflow/.local/lib/python3.8/site-packages/airflow/example_dags/example_dynamic_task_mapping_with_no_taskflow_operators.py
[2025-12-07T15:50:48.926+0000] {processor.py:840} INFO - DAG(s) 'example_dynamic_task_mapping_with_no_taskflow_operators' retrieved from /home/airflow/.local/lib/python3.8/site-packages/airflow/example_dags/example_dynamic_task_mapping_with_no_taskflow_operators.py
[2025-12-07T15:50:48.962+0000] {logging_mixin.py:188} INFO - [2025-12-07T15:50:48.961+0000] {dag.py:3036} INFO - Sync 1 DAGs
[2025-12-07T15:50:48.994+0000] {logging_mixin.py:188} INFO - [2025-12-07T15:50:48.993+0000] {dag.py:3823} INFO - Setting next_dagrun for example_dynamic_task_mapping_with_no_taskflow_operators to 2025-12-06 00:00:00+00:00, run_after=2025-12-07 00:00:00+00:00
[2025-12-07T15:50:49.029+0000] {processor.py:183} INFO - Processing /home/airflow/.local/lib/python3.8/site-packages/airflow/example_dags/example_dynamic_task_mapping_with_no_taskflow_operators.py took 0.124 seconds
[2025-12-07T15:51:19.712+0000] {processor.py:161} INFO - Started process (PID=5424) to work on /home/airflow/.local/lib/python3.8/site-packages/airflow/example_dags/example_dynamic_task_mapping_with_no_taskflow_operators.py
[2025-12-07T15:51:19.715+0000] {processor.py:830} INFO - Processing file /home/airflow/.local/lib/python3.8/site-packages/airflow/example_dags/example_dynamic_task_mapping_with_no_taskflow_operators.py for tasks to queue
[2025-12-07T15:51:19.726+0000] {logging_mixin.py:188} INFO - [2025-12-07T15:51:19.721+0000] {dagbag.py:538} INFO - Filling up the DagBag from /home/airflow/.local/lib/python3.8/site-packages/airflow/example_dags/example_dynamic_task_mapping_with_no_taskflow_operators.py
[2025-12-07T15:51:19.742+0000] {processor.py:840} INFO - DAG(s) 'example_dynamic_task_mapping_with_no_taskflow_operators' retrieved from /home/airflow/.local/lib/python3.8/site-packages/airflow/example_dags/example_dynamic_task_mapping_with_no_taskflow_operators.py
[2025-12-07T15:51:19.852+0000] {logging_mixin.py:188} INFO - [2025-12-07T15:51:19.851+0000] {dag.py:3036} INFO - Sync 1 DAGs
[2025-12-07T15:51:19.885+0000] {logging_mixin.py:188} INFO - [2025-12-07T15:51:19.884+0000] {dag.py:3823} INFO - Setting next_dagrun for example_dynamic_task_mapping_with_no_taskflow_operators to 2025-12-06 00:00:00+00:00, run_after=2025-12-07 00:00:00+00:00
[2025-12-07T15:51:20.020+0000] {processor.py:183} INFO - Processing /home/airflow/.local/lib/python3.8/site-packages/airflow/example_dags/example_dynamic_task_mapping_with_no_taskflow_operators.py took 0.319 seconds
[2025-12-07T15:51:50.591+0000] {processor.py:161} INFO - Started process (PID=5485) to work on /home/airflow/.local/lib/python3.8/site-packages/airflow/example_dags/example_dynamic_task_mapping_with_no_taskflow_operators.py
[2025-12-07T15:51:50.593+0000] {processor.py:830} INFO - Processing file /home/airflow/.local/lib/python3.8/site-packages/airflow/example_dags/example_dynamic_task_mapping_with_no_taskflow_operators.py for tasks to queue
[2025-12-07T15:51:50.597+0000] {logging_mixin.py:188} INFO - [2025-12-07T15:51:50.596+0000] {dagbag.py:538} INFO - Filling up the DagBag from /home/airflow/.local/lib/python3.8/site-packages/airflow/example_dags/example_dynamic_task_mapping_with_no_taskflow_operators.py
[2025-12-07T15:51:50.606+0000] {processor.py:840} INFO - DAG(s) 'example_dynamic_task_mapping_with_no_taskflow_operators' retrieved from /home/airflow/.local/lib/python3.8/site-packages/airflow/example_dags/example_dynamic_task_mapping_with_no_taskflow_operators.py
[2025-12-07T15:51:50.635+0000] {logging_mixin.py:188} INFO - [2025-12-07T15:51:50.634+0000] {dag.py:3036} INFO - Sync 1 DAGs
[2025-12-07T15:51:50.665+0000] {logging_mixin.py:188} INFO - [2025-12-07T15:51:50.664+0000] {dag.py:3823} INFO - Setting next_dagrun for example_dynamic_task_mapping_with_no_taskflow_operators to 2025-12-06 00:00:00+00:00, run_after=2025-12-07 00:00:00+00:00
[2025-12-07T15:51:50.697+0000] {processor.py:183} INFO - Processing /home/airflow/.local/lib/python3.8/site-packages/airflow/example_dags/example_dynamic_task_mapping_with_no_taskflow_operators.py took 0.111 seconds
[2025-12-07T15:52:21.140+0000] {processor.py:161} INFO - Started process (PID=5546) to work on /home/airflow/.local/lib/python3.8/site-packages/airflow/example_dags/example_dynamic_task_mapping_with_no_taskflow_operators.py
[2025-12-07T15:52:21.142+0000] {processor.py:830} INFO - Processing file /home/airflow/.local/lib/python3.8/site-packages/airflow/example_dags/example_dynamic_task_mapping_with_no_taskflow_operators.py for tasks to queue
[2025-12-07T15:52:21.145+0000] {logging_mixin.py:188} INFO - [2025-12-07T15:52:21.145+0000] {dagbag.py:538} INFO - Filling up the DagBag from /home/airflow/.local/lib/python3.8/site-packages/airflow/example_dags/example_dynamic_task_mapping_with_no_taskflow_operators.py
[2025-12-07T15:52:21.155+0000] {processor.py:840} INFO - DAG(s) 'example_dynamic_task_mapping_with_no_taskflow_operators' retrieved from /home/airflow/.local/lib/python3.8/site-packages/airflow/example_dags/example_dynamic_task_mapping_with_no_taskflow_operators.py
[2025-12-07T15:52:21.188+0000] {logging_mixin.py:188} INFO - [2025-12-07T15:52:21.188+0000] {dag.py:3036} INFO - Sync 1 DAGs
[2025-12-07T15:52:21.218+0000] {logging_mixin.py:188} INFO - [2025-12-07T15:52:21.218+0000] {dag.py:3823} INFO - Setting next_dagrun for example_dynamic_task_mapping_with_no_taskflow_operators to 2025-12-06 00:00:00+00:00, run_after=2025-12-07 00:00:00+00:00
[2025-12-07T15:52:21.251+0000] {processor.py:183} INFO - Processing /home/airflow/.local/lib/python3.8/site-packages/airflow/example_dags/example_dynamic_task_mapping_with_no_taskflow_operators.py took 0.117 seconds
[2025-12-07T15:52:51.295+0000] {processor.py:161} INFO - Started process (PID=5607) to work on /home/airflow/.local/lib/python3.8/site-packages/airflow/example_dags/example_dynamic_task_mapping_with_no_taskflow_operators.py
[2025-12-07T15:52:51.297+0000] {processor.py:830} INFO - Processing file /home/airflow/.local/lib/python3.8/site-packages/airflow/example_dags/example_dynamic_task_mapping_with_no_taskflow_operators.py for tasks to queue
[2025-12-07T15:52:51.301+0000] {logging_mixin.py:188} INFO - [2025-12-07T15:52:51.300+0000] {dagbag.py:538} INFO - Filling up the DagBag from /home/airflow/.local/lib/python3.8/site-packages/airflow/example_dags/example_dynamic_task_mapping_with_no_taskflow_operators.py
[2025-12-07T15:52:51.311+0000] {processor.py:840} INFO - DAG(s) 'example_dynamic_task_mapping_with_no_taskflow_operators' retrieved from /home/airflow/.local/lib/python3.8/site-packages/airflow/example_dags/example_dynamic_task_mapping_with_no_taskflow_operators.py
[2025-12-07T15:52:51.339+0000] {logging_mixin.py:188} INFO - [2025-12-07T15:52:51.338+0000] {dag.py:3036} INFO - Sync 1 DAGs
[2025-12-07T15:52:51.373+0000] {logging_mixin.py:188} INFO - [2025-12-07T15:52:51.373+0000] {dag.py:3823} INFO - Setting next_dagrun for example_dynamic_task_mapping_with_no_taskflow_operators to 2025-12-06 00:00:00+00:00, run_after=2025-12-07 00:00:00+00:00
[2025-12-07T15:52:51.406+0000] {processor.py:183} INFO - Processing /home/airflow/.local/lib/python3.8/site-packages/airflow/example_dags/example_dynamic_task_mapping_with_no_taskflow_operators.py took 0.117 seconds
[2025-12-07T15:53:22.314+0000] {processor.py:161} INFO - Started process (PID=5668) to work on /home/airflow/.local/lib/python3.8/site-packages/airflow/example_dags/example_dynamic_task_mapping_with_no_taskflow_operators.py
[2025-12-07T15:53:22.315+0000] {processor.py:830} INFO - Processing file /home/airflow/.local/lib/python3.8/site-packages/airflow/example_dags/example_dynamic_task_mapping_with_no_taskflow_operators.py for tasks to queue
[2025-12-07T15:53:22.317+0000] {logging_mixin.py:188} INFO - [2025-12-07T15:53:22.317+0000] {dagbag.py:538} INFO - Filling up the DagBag from /home/airflow/.local/lib/python3.8/site-packages/airflow/example_dags/example_dynamic_task_mapping_with_no_taskflow_operators.py
[2025-12-07T15:53:22.325+0000] {processor.py:840} INFO - DAG(s) 'example_dynamic_task_mapping_with_no_taskflow_operators' retrieved from /home/airflow/.local/lib/python3.8/site-packages/airflow/example_dags/example_dynamic_task_mapping_with_no_taskflow_operators.py
[2025-12-07T15:53:22.357+0000] {logging_mixin.py:188} INFO - [2025-12-07T15:53:22.356+0000] {dag.py:3036} INFO - Sync 1 DAGs
[2025-12-07T15:53:22.384+0000] {logging_mixin.py:188} INFO - [2025-12-07T15:53:22.383+0000] {dag.py:3823} INFO - Setting next_dagrun for example_dynamic_task_mapping_with_no_taskflow_operators to 2025-12-06 00:00:00+00:00, run_after=2025-12-07 00:00:00+00:00
[2025-12-07T15:53:22.418+0000] {processor.py:183} INFO - Processing /home/airflow/.local/lib/python3.8/site-packages/airflow/example_dags/example_dynamic_task_mapping_with_no_taskflow_operators.py took 0.109 seconds
[2025-12-07T15:53:52.630+0000] {processor.py:161} INFO - Started process (PID=5729) to work on /home/airflow/.local/lib/python3.8/site-packages/airflow/example_dags/example_dynamic_task_mapping_with_no_taskflow_operators.py
[2025-12-07T15:53:52.631+0000] {processor.py:830} INFO - Processing file /home/airflow/.local/lib/python3.8/site-packages/airflow/example_dags/example_dynamic_task_mapping_with_no_taskflow_operators.py for tasks to queue
[2025-12-07T15:53:52.634+0000] {logging_mixin.py:188} INFO - [2025-12-07T15:53:52.634+0000] {dagbag.py:538} INFO - Filling up the DagBag from /home/airflow/.local/lib/python3.8/site-packages/airflow/example_dags/example_dynamic_task_mapping_with_no_taskflow_operators.py
[2025-12-07T15:53:52.644+0000] {processor.py:840} INFO - DAG(s) 'example_dynamic_task_mapping_with_no_taskflow_operators' retrieved from /home/airflow/.local/lib/python3.8/site-packages/airflow/example_dags/example_dynamic_task_mapping_with_no_taskflow_operators.py
[2025-12-07T15:53:52.678+0000] {logging_mixin.py:188} INFO - [2025-12-07T15:53:52.677+0000] {dag.py:3036} INFO - Sync 1 DAGs
[2025-12-07T15:53:52.709+0000] {logging_mixin.py:188} INFO - [2025-12-07T15:53:52.709+0000] {dag.py:3823} INFO - Setting next_dagrun for example_dynamic_task_mapping_with_no_taskflow_operators to 2025-12-06 00:00:00+00:00, run_after=2025-12-07 00:00:00+00:00
[2025-12-07T15:53:52.739+0000] {processor.py:183} INFO - Processing /home/airflow/.local/lib/python3.8/site-packages/airflow/example_dags/example_dynamic_task_mapping_with_no_taskflow_operators.py took 0.115 seconds
[2025-12-07T15:54:23.030+0000] {processor.py:161} INFO - Started process (PID=5790) to work on /home/airflow/.local/lib/python3.8/site-packages/airflow/example_dags/example_dynamic_task_mapping_with_no_taskflow_operators.py
[2025-12-07T15:54:23.032+0000] {processor.py:830} INFO - Processing file /home/airflow/.local/lib/python3.8/site-packages/airflow/example_dags/example_dynamic_task_mapping_with_no_taskflow_operators.py for tasks to queue
[2025-12-07T15:54:23.034+0000] {logging_mixin.py:188} INFO - [2025-12-07T15:54:23.034+0000] {dagbag.py:538} INFO - Filling up the DagBag from /home/airflow/.local/lib/python3.8/site-packages/airflow/example_dags/example_dynamic_task_mapping_with_no_taskflow_operators.py
[2025-12-07T15:54:23.044+0000] {processor.py:840} INFO - DAG(s) 'example_dynamic_task_mapping_with_no_taskflow_operators' retrieved from /home/airflow/.local/lib/python3.8/site-packages/airflow/example_dags/example_dynamic_task_mapping_with_no_taskflow_operators.py
[2025-12-07T15:54:23.078+0000] {logging_mixin.py:188} INFO - [2025-12-07T15:54:23.078+0000] {dag.py:3036} INFO - Sync 1 DAGs
[2025-12-07T15:54:23.110+0000] {logging_mixin.py:188} INFO - [2025-12-07T15:54:23.109+0000] {dag.py:3823} INFO - Setting next_dagrun for example_dynamic_task_mapping_with_no_taskflow_operators to 2025-12-06 00:00:00+00:00, run_after=2025-12-07 00:00:00+00:00
[2025-12-07T15:54:23.145+0000] {processor.py:183} INFO - Processing /home/airflow/.local/lib/python3.8/site-packages/airflow/example_dags/example_dynamic_task_mapping_with_no_taskflow_operators.py took 0.122 seconds
[2025-12-07T15:54:53.439+0000] {processor.py:161} INFO - Started process (PID=5851) to work on /home/airflow/.local/lib/python3.8/site-packages/airflow/example_dags/example_dynamic_task_mapping_with_no_taskflow_operators.py
[2025-12-07T15:54:53.441+0000] {processor.py:830} INFO - Processing file /home/airflow/.local/lib/python3.8/site-packages/airflow/example_dags/example_dynamic_task_mapping_with_no_taskflow_operators.py for tasks to queue
[2025-12-07T15:54:53.444+0000] {logging_mixin.py:188} INFO - [2025-12-07T15:54:53.444+0000] {dagbag.py:538} INFO - Filling up the DagBag from /home/airflow/.local/lib/python3.8/site-packages/airflow/example_dags/example_dynamic_task_mapping_with_no_taskflow_operators.py
[2025-12-07T15:54:53.455+0000] {processor.py:840} INFO - DAG(s) 'example_dynamic_task_mapping_with_no_taskflow_operators' retrieved from /home/airflow/.local/lib/python3.8/site-packages/airflow/example_dags/example_dynamic_task_mapping_with_no_taskflow_operators.py
[2025-12-07T15:54:53.489+0000] {logging_mixin.py:188} INFO - [2025-12-07T15:54:53.488+0000] {dag.py:3036} INFO - Sync 1 DAGs
[2025-12-07T15:54:53.518+0000] {logging_mixin.py:188} INFO - [2025-12-07T15:54:53.518+0000] {dag.py:3823} INFO - Setting next_dagrun for example_dynamic_task_mapping_with_no_taskflow_operators to 2025-12-06 00:00:00+00:00, run_after=2025-12-07 00:00:00+00:00
[2025-12-07T15:54:53.551+0000] {processor.py:183} INFO - Processing /home/airflow/.local/lib/python3.8/site-packages/airflow/example_dags/example_dynamic_task_mapping_with_no_taskflow_operators.py took 0.118 seconds
[2025-12-07T15:56:10.064+0000] {processor.py:161} INFO - Started process (PID=66) to work on /home/airflow/.local/lib/python3.8/site-packages/airflow/example_dags/example_dynamic_task_mapping_with_no_taskflow_operators.py
[2025-12-07T15:56:10.066+0000] {processor.py:830} INFO - Processing file /home/airflow/.local/lib/python3.8/site-packages/airflow/example_dags/example_dynamic_task_mapping_with_no_taskflow_operators.py for tasks to queue
[2025-12-07T15:56:10.069+0000] {logging_mixin.py:188} INFO - [2025-12-07T15:56:10.068+0000] {dagbag.py:538} INFO - Filling up the DagBag from /home/airflow/.local/lib/python3.8/site-packages/airflow/example_dags/example_dynamic_task_mapping_with_no_taskflow_operators.py
[2025-12-07T15:56:10.084+0000] {processor.py:840} INFO - DAG(s) 'example_dynamic_task_mapping_with_no_taskflow_operators' retrieved from /home/airflow/.local/lib/python3.8/site-packages/airflow/example_dags/example_dynamic_task_mapping_with_no_taskflow_operators.py
[2025-12-07T15:56:10.266+0000] {logging_mixin.py:188} INFO - [2025-12-07T15:56:10.266+0000] {dag.py:3036} INFO - Sync 1 DAGs
[2025-12-07T15:56:10.302+0000] {logging_mixin.py:188} INFO - [2025-12-07T15:56:10.302+0000] {dag.py:3823} INFO - Setting next_dagrun for example_dynamic_task_mapping_with_no_taskflow_operators to 2025-12-06 00:00:00+00:00, run_after=2025-12-07 00:00:00+00:00
[2025-12-07T15:56:10.351+0000] {processor.py:183} INFO - Processing /home/airflow/.local/lib/python3.8/site-packages/airflow/example_dags/example_dynamic_task_mapping_with_no_taskflow_operators.py took 0.291 seconds
[2025-12-07T15:56:40.431+0000] {processor.py:161} INFO - Started process (PID=125) to work on /home/airflow/.local/lib/python3.8/site-packages/airflow/example_dags/example_dynamic_task_mapping_with_no_taskflow_operators.py
[2025-12-07T15:56:40.434+0000] {processor.py:830} INFO - Processing file /home/airflow/.local/lib/python3.8/site-packages/airflow/example_dags/example_dynamic_task_mapping_with_no_taskflow_operators.py for tasks to queue
[2025-12-07T15:56:40.437+0000] {logging_mixin.py:188} INFO - [2025-12-07T15:56:40.437+0000] {dagbag.py:538} INFO - Filling up the DagBag from /home/airflow/.local/lib/python3.8/site-packages/airflow/example_dags/example_dynamic_task_mapping_with_no_taskflow_operators.py
[2025-12-07T15:56:40.448+0000] {processor.py:840} INFO - DAG(s) 'example_dynamic_task_mapping_with_no_taskflow_operators' retrieved from /home/airflow/.local/lib/python3.8/site-packages/airflow/example_dags/example_dynamic_task_mapping_with_no_taskflow_operators.py
[2025-12-07T15:56:40.477+0000] {logging_mixin.py:188} INFO - [2025-12-07T15:56:40.477+0000] {dag.py:3036} INFO - Sync 1 DAGs
[2025-12-07T15:56:40.501+0000] {logging_mixin.py:188} INFO - [2025-12-07T15:56:40.501+0000] {dag.py:3823} INFO - Setting next_dagrun for example_dynamic_task_mapping_with_no_taskflow_operators to 2025-12-06 00:00:00+00:00, run_after=2025-12-07 00:00:00+00:00
[2025-12-07T15:56:40.528+0000] {processor.py:183} INFO - Processing /home/airflow/.local/lib/python3.8/site-packages/airflow/example_dags/example_dynamic_task_mapping_with_no_taskflow_operators.py took 0.101 seconds
[2025-12-07T15:57:10.626+0000] {processor.py:161} INFO - Started process (PID=186) to work on /home/airflow/.local/lib/python3.8/site-packages/airflow/example_dags/example_dynamic_task_mapping_with_no_taskflow_operators.py
[2025-12-07T15:57:10.628+0000] {processor.py:830} INFO - Processing file /home/airflow/.local/lib/python3.8/site-packages/airflow/example_dags/example_dynamic_task_mapping_with_no_taskflow_operators.py for tasks to queue
[2025-12-07T15:57:10.632+0000] {logging_mixin.py:188} INFO - [2025-12-07T15:57:10.631+0000] {dagbag.py:538} INFO - Filling up the DagBag from /home/airflow/.local/lib/python3.8/site-packages/airflow/example_dags/example_dynamic_task_mapping_with_no_taskflow_operators.py
[2025-12-07T15:57:10.642+0000] {processor.py:840} INFO - DAG(s) 'example_dynamic_task_mapping_with_no_taskflow_operators' retrieved from /home/airflow/.local/lib/python3.8/site-packages/airflow/example_dags/example_dynamic_task_mapping_with_no_taskflow_operators.py
[2025-12-07T15:57:10.677+0000] {logging_mixin.py:188} INFO - [2025-12-07T15:57:10.677+0000] {dag.py:3036} INFO - Sync 1 DAGs
[2025-12-07T15:57:10.718+0000] {logging_mixin.py:188} INFO - [2025-12-07T15:57:10.717+0000] {dag.py:3823} INFO - Setting next_dagrun for example_dynamic_task_mapping_with_no_taskflow_operators to 2025-12-06 00:00:00+00:00, run_after=2025-12-07 00:00:00+00:00
[2025-12-07T15:57:10.757+0000] {processor.py:183} INFO - Processing /home/airflow/.local/lib/python3.8/site-packages/airflow/example_dags/example_dynamic_task_mapping_with_no_taskflow_operators.py took 0.136 seconds
[2025-12-07T15:57:41.108+0000] {processor.py:161} INFO - Started process (PID=247) to work on /home/airflow/.local/lib/python3.8/site-packages/airflow/example_dags/example_dynamic_task_mapping_with_no_taskflow_operators.py
[2025-12-07T15:57:41.110+0000] {processor.py:830} INFO - Processing file /home/airflow/.local/lib/python3.8/site-packages/airflow/example_dags/example_dynamic_task_mapping_with_no_taskflow_operators.py for tasks to queue
[2025-12-07T15:57:41.113+0000] {logging_mixin.py:188} INFO - [2025-12-07T15:57:41.112+0000] {dagbag.py:538} INFO - Filling up the DagBag from /home/airflow/.local/lib/python3.8/site-packages/airflow/example_dags/example_dynamic_task_mapping_with_no_taskflow_operators.py
[2025-12-07T15:57:41.126+0000] {processor.py:840} INFO - DAG(s) 'example_dynamic_task_mapping_with_no_taskflow_operators' retrieved from /home/airflow/.local/lib/python3.8/site-packages/airflow/example_dags/example_dynamic_task_mapping_with_no_taskflow_operators.py
[2025-12-07T15:57:41.168+0000] {logging_mixin.py:188} INFO - [2025-12-07T15:57:41.167+0000] {dag.py:3036} INFO - Sync 1 DAGs
[2025-12-07T15:57:41.215+0000] {logging_mixin.py:188} INFO - [2025-12-07T15:57:41.214+0000] {dag.py:3823} INFO - Setting next_dagrun for example_dynamic_task_mapping_with_no_taskflow_operators to 2025-12-06 00:00:00+00:00, run_after=2025-12-07 00:00:00+00:00
[2025-12-07T15:57:41.254+0000] {processor.py:183} INFO - Processing /home/airflow/.local/lib/python3.8/site-packages/airflow/example_dags/example_dynamic_task_mapping_with_no_taskflow_operators.py took 0.152 seconds
[2025-12-07T15:58:11.549+0000] {processor.py:161} INFO - Started process (PID=314) to work on /home/airflow/.local/lib/python3.8/site-packages/airflow/example_dags/example_dynamic_task_mapping_with_no_taskflow_operators.py
[2025-12-07T15:58:11.551+0000] {processor.py:830} INFO - Processing file /home/airflow/.local/lib/python3.8/site-packages/airflow/example_dags/example_dynamic_task_mapping_with_no_taskflow_operators.py for tasks to queue
[2025-12-07T15:58:11.554+0000] {logging_mixin.py:188} INFO - [2025-12-07T15:58:11.553+0000] {dagbag.py:538} INFO - Filling up the DagBag from /home/airflow/.local/lib/python3.8/site-packages/airflow/example_dags/example_dynamic_task_mapping_with_no_taskflow_operators.py
[2025-12-07T15:58:11.564+0000] {processor.py:840} INFO - DAG(s) 'example_dynamic_task_mapping_with_no_taskflow_operators' retrieved from /home/airflow/.local/lib/python3.8/site-packages/airflow/example_dags/example_dynamic_task_mapping_with_no_taskflow_operators.py
[2025-12-07T15:58:11.595+0000] {logging_mixin.py:188} INFO - [2025-12-07T15:58:11.595+0000] {dag.py:3036} INFO - Sync 1 DAGs
[2025-12-07T15:58:11.623+0000] {logging_mixin.py:188} INFO - [2025-12-07T15:58:11.623+0000] {dag.py:3823} INFO - Setting next_dagrun for example_dynamic_task_mapping_with_no_taskflow_operators to 2025-12-06 00:00:00+00:00, run_after=2025-12-07 00:00:00+00:00
[2025-12-07T15:58:11.655+0000] {processor.py:183} INFO - Processing /home/airflow/.local/lib/python3.8/site-packages/airflow/example_dags/example_dynamic_task_mapping_with_no_taskflow_operators.py took 0.110 seconds
[2025-12-07T15:58:42.076+0000] {processor.py:161} INFO - Started process (PID=375) to work on /home/airflow/.local/lib/python3.8/site-packages/airflow/example_dags/example_dynamic_task_mapping_with_no_taskflow_operators.py
[2025-12-07T15:58:42.078+0000] {processor.py:830} INFO - Processing file /home/airflow/.local/lib/python3.8/site-packages/airflow/example_dags/example_dynamic_task_mapping_with_no_taskflow_operators.py for tasks to queue
[2025-12-07T15:58:42.081+0000] {logging_mixin.py:188} INFO - [2025-12-07T15:58:42.081+0000] {dagbag.py:538} INFO - Filling up the DagBag from /home/airflow/.local/lib/python3.8/site-packages/airflow/example_dags/example_dynamic_task_mapping_with_no_taskflow_operators.py
[2025-12-07T15:58:42.090+0000] {processor.py:840} INFO - DAG(s) 'example_dynamic_task_mapping_with_no_taskflow_operators' retrieved from /home/airflow/.local/lib/python3.8/site-packages/airflow/example_dags/example_dynamic_task_mapping_with_no_taskflow_operators.py
[2025-12-07T15:58:42.122+0000] {logging_mixin.py:188} INFO - [2025-12-07T15:58:42.118+0000] {dag.py:3036} INFO - Sync 1 DAGs
[2025-12-07T15:58:42.152+0000] {logging_mixin.py:188} INFO - [2025-12-07T15:58:42.151+0000] {dag.py:3823} INFO - Setting next_dagrun for example_dynamic_task_mapping_with_no_taskflow_operators to 2025-12-06 00:00:00+00:00, run_after=2025-12-07 00:00:00+00:00
[2025-12-07T15:58:42.180+0000] {processor.py:183} INFO - Processing /home/airflow/.local/lib/python3.8/site-packages/airflow/example_dags/example_dynamic_task_mapping_with_no_taskflow_operators.py took 0.108 seconds
[2025-12-07T15:59:12.341+0000] {processor.py:161} INFO - Started process (PID=436) to work on /home/airflow/.local/lib/python3.8/site-packages/airflow/example_dags/example_dynamic_task_mapping_with_no_taskflow_operators.py
[2025-12-07T15:59:12.342+0000] {processor.py:830} INFO - Processing file /home/airflow/.local/lib/python3.8/site-packages/airflow/example_dags/example_dynamic_task_mapping_with_no_taskflow_operators.py for tasks to queue
[2025-12-07T15:59:12.345+0000] {logging_mixin.py:188} INFO - [2025-12-07T15:59:12.344+0000] {dagbag.py:538} INFO - Filling up the DagBag from /home/airflow/.local/lib/python3.8/site-packages/airflow/example_dags/example_dynamic_task_mapping_with_no_taskflow_operators.py
[2025-12-07T15:59:12.355+0000] {processor.py:840} INFO - DAG(s) 'example_dynamic_task_mapping_with_no_taskflow_operators' retrieved from /home/airflow/.local/lib/python3.8/site-packages/airflow/example_dags/example_dynamic_task_mapping_with_no_taskflow_operators.py
[2025-12-07T15:59:12.383+0000] {logging_mixin.py:188} INFO - [2025-12-07T15:59:12.383+0000] {dag.py:3036} INFO - Sync 1 DAGs
[2025-12-07T15:59:12.413+0000] {logging_mixin.py:188} INFO - [2025-12-07T15:59:12.413+0000] {dag.py:3823} INFO - Setting next_dagrun for example_dynamic_task_mapping_with_no_taskflow_operators to 2025-12-06 00:00:00+00:00, run_after=2025-12-07 00:00:00+00:00
[2025-12-07T15:59:12.445+0000] {processor.py:183} INFO - Processing /home/airflow/.local/lib/python3.8/site-packages/airflow/example_dags/example_dynamic_task_mapping_with_no_taskflow_operators.py took 0.108 seconds
[2025-12-07T15:59:42.619+0000] {processor.py:161} INFO - Started process (PID=497) to work on /home/airflow/.local/lib/python3.8/site-packages/airflow/example_dags/example_dynamic_task_mapping_with_no_taskflow_operators.py
[2025-12-07T15:59:42.620+0000] {processor.py:830} INFO - Processing file /home/airflow/.local/lib/python3.8/site-packages/airflow/example_dags/example_dynamic_task_mapping_with_no_taskflow_operators.py for tasks to queue
[2025-12-07T15:59:42.623+0000] {logging_mixin.py:188} INFO - [2025-12-07T15:59:42.622+0000] {dagbag.py:538} INFO - Filling up the DagBag from /home/airflow/.local/lib/python3.8/site-packages/airflow/example_dags/example_dynamic_task_mapping_with_no_taskflow_operators.py
[2025-12-07T15:59:42.633+0000] {processor.py:840} INFO - DAG(s) 'example_dynamic_task_mapping_with_no_taskflow_operators' retrieved from /home/airflow/.local/lib/python3.8/site-packages/airflow/example_dags/example_dynamic_task_mapping_with_no_taskflow_operators.py
[2025-12-07T15:59:42.661+0000] {logging_mixin.py:188} INFO - [2025-12-07T15:59:42.660+0000] {dag.py:3036} INFO - Sync 1 DAGs
[2025-12-07T15:59:42.694+0000] {logging_mixin.py:188} INFO - [2025-12-07T15:59:42.694+0000] {dag.py:3823} INFO - Setting next_dagrun for example_dynamic_task_mapping_with_no_taskflow_operators to 2025-12-06 00:00:00+00:00, run_after=2025-12-07 00:00:00+00:00
[2025-12-07T15:59:42.726+0000] {processor.py:183} INFO - Processing /home/airflow/.local/lib/python3.8/site-packages/airflow/example_dags/example_dynamic_task_mapping_with_no_taskflow_operators.py took 0.111 seconds
[2025-12-07T16:00:13.330+0000] {processor.py:161} INFO - Started process (PID=558) to work on /home/airflow/.local/lib/python3.8/site-packages/airflow/example_dags/example_dynamic_task_mapping_with_no_taskflow_operators.py
[2025-12-07T16:00:13.332+0000] {processor.py:830} INFO - Processing file /home/airflow/.local/lib/python3.8/site-packages/airflow/example_dags/example_dynamic_task_mapping_with_no_taskflow_operators.py for tasks to queue
[2025-12-07T16:00:13.334+0000] {logging_mixin.py:188} INFO - [2025-12-07T16:00:13.334+0000] {dagbag.py:538} INFO - Filling up the DagBag from /home/airflow/.local/lib/python3.8/site-packages/airflow/example_dags/example_dynamic_task_mapping_with_no_taskflow_operators.py
[2025-12-07T16:00:13.343+0000] {processor.py:840} INFO - DAG(s) 'example_dynamic_task_mapping_with_no_taskflow_operators' retrieved from /home/airflow/.local/lib/python3.8/site-packages/airflow/example_dags/example_dynamic_task_mapping_with_no_taskflow_operators.py
[2025-12-07T16:00:13.373+0000] {logging_mixin.py:188} INFO - [2025-12-07T16:00:13.372+0000] {dag.py:3036} INFO - Sync 1 DAGs
[2025-12-07T16:00:13.402+0000] {logging_mixin.py:188} INFO - [2025-12-07T16:00:13.402+0000] {dag.py:3823} INFO - Setting next_dagrun for example_dynamic_task_mapping_with_no_taskflow_operators to 2025-12-06 00:00:00+00:00, run_after=2025-12-07 00:00:00+00:00
[2025-12-07T16:00:13.425+0000] {processor.py:183} INFO - Processing /home/airflow/.local/lib/python3.8/site-packages/airflow/example_dags/example_dynamic_task_mapping_with_no_taskflow_operators.py took 0.099 seconds
[2025-12-07T16:00:43.800+0000] {processor.py:161} INFO - Started process (PID=619) to work on /home/airflow/.local/lib/python3.8/site-packages/airflow/example_dags/example_dynamic_task_mapping_with_no_taskflow_operators.py
[2025-12-07T16:00:43.801+0000] {processor.py:830} INFO - Processing file /home/airflow/.local/lib/python3.8/site-packages/airflow/example_dags/example_dynamic_task_mapping_with_no_taskflow_operators.py for tasks to queue
[2025-12-07T16:00:43.804+0000] {logging_mixin.py:188} INFO - [2025-12-07T16:00:43.803+0000] {dagbag.py:538} INFO - Filling up the DagBag from /home/airflow/.local/lib/python3.8/site-packages/airflow/example_dags/example_dynamic_task_mapping_with_no_taskflow_operators.py
[2025-12-07T16:00:43.812+0000] {processor.py:840} INFO - DAG(s) 'example_dynamic_task_mapping_with_no_taskflow_operators' retrieved from /home/airflow/.local/lib/python3.8/site-packages/airflow/example_dags/example_dynamic_task_mapping_with_no_taskflow_operators.py
[2025-12-07T16:00:43.839+0000] {logging_mixin.py:188} INFO - [2025-12-07T16:00:43.839+0000] {dag.py:3036} INFO - Sync 1 DAGs
[2025-12-07T16:00:43.873+0000] {logging_mixin.py:188} INFO - [2025-12-07T16:00:43.872+0000] {dag.py:3823} INFO - Setting next_dagrun for example_dynamic_task_mapping_with_no_taskflow_operators to 2025-12-06 00:00:00+00:00, run_after=2025-12-07 00:00:00+00:00
[2025-12-07T16:00:43.901+0000] {processor.py:183} INFO - Processing /home/airflow/.local/lib/python3.8/site-packages/airflow/example_dags/example_dynamic_task_mapping_with_no_taskflow_operators.py took 0.106 seconds
[2025-12-07T16:01:14.221+0000] {processor.py:161} INFO - Started process (PID=680) to work on /home/airflow/.local/lib/python3.8/site-packages/airflow/example_dags/example_dynamic_task_mapping_with_no_taskflow_operators.py
[2025-12-07T16:01:14.223+0000] {processor.py:830} INFO - Processing file /home/airflow/.local/lib/python3.8/site-packages/airflow/example_dags/example_dynamic_task_mapping_with_no_taskflow_operators.py for tasks to queue
[2025-12-07T16:01:14.227+0000] {logging_mixin.py:188} INFO - [2025-12-07T16:01:14.227+0000] {dagbag.py:538} INFO - Filling up the DagBag from /home/airflow/.local/lib/python3.8/site-packages/airflow/example_dags/example_dynamic_task_mapping_with_no_taskflow_operators.py
[2025-12-07T16:01:14.241+0000] {processor.py:840} INFO - DAG(s) 'example_dynamic_task_mapping_with_no_taskflow_operators' retrieved from /home/airflow/.local/lib/python3.8/site-packages/airflow/example_dags/example_dynamic_task_mapping_with_no_taskflow_operators.py
[2025-12-07T16:01:14.285+0000] {logging_mixin.py:188} INFO - [2025-12-07T16:01:14.285+0000] {dag.py:3036} INFO - Sync 1 DAGs
[2025-12-07T16:01:14.323+0000] {logging_mixin.py:188} INFO - [2025-12-07T16:01:14.323+0000] {dag.py:3823} INFO - Setting next_dagrun for example_dynamic_task_mapping_with_no_taskflow_operators to 2025-12-06 00:00:00+00:00, run_after=2025-12-07 00:00:00+00:00
[2025-12-07T16:01:14.361+0000] {processor.py:183} INFO - Processing /home/airflow/.local/lib/python3.8/site-packages/airflow/example_dags/example_dynamic_task_mapping_with_no_taskflow_operators.py took 0.145 seconds
[2025-12-07T16:01:44.606+0000] {processor.py:161} INFO - Started process (PID=741) to work on /home/airflow/.local/lib/python3.8/site-packages/airflow/example_dags/example_dynamic_task_mapping_with_no_taskflow_operators.py
[2025-12-07T16:01:44.607+0000] {processor.py:830} INFO - Processing file /home/airflow/.local/lib/python3.8/site-packages/airflow/example_dags/example_dynamic_task_mapping_with_no_taskflow_operators.py for tasks to queue
[2025-12-07T16:01:44.610+0000] {logging_mixin.py:188} INFO - [2025-12-07T16:01:44.610+0000] {dagbag.py:538} INFO - Filling up the DagBag from /home/airflow/.local/lib/python3.8/site-packages/airflow/example_dags/example_dynamic_task_mapping_with_no_taskflow_operators.py
[2025-12-07T16:01:44.622+0000] {processor.py:840} INFO - DAG(s) 'example_dynamic_task_mapping_with_no_taskflow_operators' retrieved from /home/airflow/.local/lib/python3.8/site-packages/airflow/example_dags/example_dynamic_task_mapping_with_no_taskflow_operators.py
[2025-12-07T16:01:44.656+0000] {logging_mixin.py:188} INFO - [2025-12-07T16:01:44.656+0000] {dag.py:3036} INFO - Sync 1 DAGs
[2025-12-07T16:01:44.692+0000] {logging_mixin.py:188} INFO - [2025-12-07T16:01:44.691+0000] {dag.py:3823} INFO - Setting next_dagrun for example_dynamic_task_mapping_with_no_taskflow_operators to 2025-12-06 00:00:00+00:00, run_after=2025-12-07 00:00:00+00:00
[2025-12-07T16:01:44.718+0000] {processor.py:183} INFO - Processing /home/airflow/.local/lib/python3.8/site-packages/airflow/example_dags/example_dynamic_task_mapping_with_no_taskflow_operators.py took 0.117 seconds
[2025-12-07T16:02:15.308+0000] {processor.py:161} INFO - Started process (PID=802) to work on /home/airflow/.local/lib/python3.8/site-packages/airflow/example_dags/example_dynamic_task_mapping_with_no_taskflow_operators.py
[2025-12-07T16:02:15.312+0000] {processor.py:830} INFO - Processing file /home/airflow/.local/lib/python3.8/site-packages/airflow/example_dags/example_dynamic_task_mapping_with_no_taskflow_operators.py for tasks to queue
[2025-12-07T16:02:15.316+0000] {logging_mixin.py:188} INFO - [2025-12-07T16:02:15.315+0000] {dagbag.py:538} INFO - Filling up the DagBag from /home/airflow/.local/lib/python3.8/site-packages/airflow/example_dags/example_dynamic_task_mapping_with_no_taskflow_operators.py
[2025-12-07T16:02:15.326+0000] {processor.py:840} INFO - DAG(s) 'example_dynamic_task_mapping_with_no_taskflow_operators' retrieved from /home/airflow/.local/lib/python3.8/site-packages/airflow/example_dags/example_dynamic_task_mapping_with_no_taskflow_operators.py
[2025-12-07T16:02:15.365+0000] {logging_mixin.py:188} INFO - [2025-12-07T16:02:15.365+0000] {dag.py:3036} INFO - Sync 1 DAGs
[2025-12-07T16:02:15.423+0000] {logging_mixin.py:188} INFO - [2025-12-07T16:02:15.422+0000] {dag.py:3823} INFO - Setting next_dagrun for example_dynamic_task_mapping_with_no_taskflow_operators to 2025-12-06 00:00:00+00:00, run_after=2025-12-07 00:00:00+00:00
[2025-12-07T16:02:15.452+0000] {processor.py:183} INFO - Processing /home/airflow/.local/lib/python3.8/site-packages/airflow/example_dags/example_dynamic_task_mapping_with_no_taskflow_operators.py took 0.150 seconds
[2025-12-07T16:02:45.678+0000] {processor.py:161} INFO - Started process (PID=863) to work on /home/airflow/.local/lib/python3.8/site-packages/airflow/example_dags/example_dynamic_task_mapping_with_no_taskflow_operators.py
[2025-12-07T16:02:45.679+0000] {processor.py:830} INFO - Processing file /home/airflow/.local/lib/python3.8/site-packages/airflow/example_dags/example_dynamic_task_mapping_with_no_taskflow_operators.py for tasks to queue
[2025-12-07T16:02:45.682+0000] {logging_mixin.py:188} INFO - [2025-12-07T16:02:45.681+0000] {dagbag.py:538} INFO - Filling up the DagBag from /home/airflow/.local/lib/python3.8/site-packages/airflow/example_dags/example_dynamic_task_mapping_with_no_taskflow_operators.py
[2025-12-07T16:02:45.692+0000] {processor.py:840} INFO - DAG(s) 'example_dynamic_task_mapping_with_no_taskflow_operators' retrieved from /home/airflow/.local/lib/python3.8/site-packages/airflow/example_dags/example_dynamic_task_mapping_with_no_taskflow_operators.py
[2025-12-07T16:02:45.721+0000] {logging_mixin.py:188} INFO - [2025-12-07T16:02:45.720+0000] {dag.py:3036} INFO - Sync 1 DAGs
[2025-12-07T16:02:45.749+0000] {logging_mixin.py:188} INFO - [2025-12-07T16:02:45.748+0000] {dag.py:3823} INFO - Setting next_dagrun for example_dynamic_task_mapping_with_no_taskflow_operators to 2025-12-06 00:00:00+00:00, run_after=2025-12-07 00:00:00+00:00
[2025-12-07T16:02:45.773+0000] {processor.py:183} INFO - Processing /home/airflow/.local/lib/python3.8/site-packages/airflow/example_dags/example_dynamic_task_mapping_with_no_taskflow_operators.py took 0.099 seconds
[2025-12-07T16:03:15.900+0000] {processor.py:161} INFO - Started process (PID=924) to work on /home/airflow/.local/lib/python3.8/site-packages/airflow/example_dags/example_dynamic_task_mapping_with_no_taskflow_operators.py
[2025-12-07T16:03:15.902+0000] {processor.py:830} INFO - Processing file /home/airflow/.local/lib/python3.8/site-packages/airflow/example_dags/example_dynamic_task_mapping_with_no_taskflow_operators.py for tasks to queue
[2025-12-07T16:03:15.904+0000] {logging_mixin.py:188} INFO - [2025-12-07T16:03:15.904+0000] {dagbag.py:538} INFO - Filling up the DagBag from /home/airflow/.local/lib/python3.8/site-packages/airflow/example_dags/example_dynamic_task_mapping_with_no_taskflow_operators.py
[2025-12-07T16:03:15.912+0000] {processor.py:840} INFO - DAG(s) 'example_dynamic_task_mapping_with_no_taskflow_operators' retrieved from /home/airflow/.local/lib/python3.8/site-packages/airflow/example_dags/example_dynamic_task_mapping_with_no_taskflow_operators.py
[2025-12-07T16:03:15.941+0000] {logging_mixin.py:188} INFO - [2025-12-07T16:03:15.941+0000] {dag.py:3036} INFO - Sync 1 DAGs
[2025-12-07T16:03:15.973+0000] {logging_mixin.py:188} INFO - [2025-12-07T16:03:15.972+0000] {dag.py:3823} INFO - Setting next_dagrun for example_dynamic_task_mapping_with_no_taskflow_operators to 2025-12-06 00:00:00+00:00, run_after=2025-12-07 00:00:00+00:00
[2025-12-07T16:03:15.998+0000] {processor.py:183} INFO - Processing /home/airflow/.local/lib/python3.8/site-packages/airflow/example_dags/example_dynamic_task_mapping_with_no_taskflow_operators.py took 0.101 seconds
[2025-12-07T16:03:46.496+0000] {processor.py:161} INFO - Started process (PID=985) to work on /home/airflow/.local/lib/python3.8/site-packages/airflow/example_dags/example_dynamic_task_mapping_with_no_taskflow_operators.py
[2025-12-07T16:03:46.498+0000] {processor.py:830} INFO - Processing file /home/airflow/.local/lib/python3.8/site-packages/airflow/example_dags/example_dynamic_task_mapping_with_no_taskflow_operators.py for tasks to queue
[2025-12-07T16:03:46.501+0000] {logging_mixin.py:188} INFO - [2025-12-07T16:03:46.501+0000] {dagbag.py:538} INFO - Filling up the DagBag from /home/airflow/.local/lib/python3.8/site-packages/airflow/example_dags/example_dynamic_task_mapping_with_no_taskflow_operators.py
[2025-12-07T16:03:46.512+0000] {processor.py:840} INFO - DAG(s) 'example_dynamic_task_mapping_with_no_taskflow_operators' retrieved from /home/airflow/.local/lib/python3.8/site-packages/airflow/example_dags/example_dynamic_task_mapping_with_no_taskflow_operators.py
[2025-12-07T16:03:46.544+0000] {logging_mixin.py:188} INFO - [2025-12-07T16:03:46.543+0000] {dag.py:3036} INFO - Sync 1 DAGs
[2025-12-07T16:03:46.572+0000] {logging_mixin.py:188} INFO - [2025-12-07T16:03:46.572+0000] {dag.py:3823} INFO - Setting next_dagrun for example_dynamic_task_mapping_with_no_taskflow_operators to 2025-12-06 00:00:00+00:00, run_after=2025-12-07 00:00:00+00:00
[2025-12-07T16:03:46.599+0000] {processor.py:183} INFO - Processing /home/airflow/.local/lib/python3.8/site-packages/airflow/example_dags/example_dynamic_task_mapping_with_no_taskflow_operators.py took 0.108 seconds
[2025-12-07T16:04:16.767+0000] {processor.py:161} INFO - Started process (PID=1046) to work on /home/airflow/.local/lib/python3.8/site-packages/airflow/example_dags/example_dynamic_task_mapping_with_no_taskflow_operators.py
[2025-12-07T16:04:16.769+0000] {processor.py:830} INFO - Processing file /home/airflow/.local/lib/python3.8/site-packages/airflow/example_dags/example_dynamic_task_mapping_with_no_taskflow_operators.py for tasks to queue
[2025-12-07T16:04:16.772+0000] {logging_mixin.py:188} INFO - [2025-12-07T16:04:16.771+0000] {dagbag.py:538} INFO - Filling up the DagBag from /home/airflow/.local/lib/python3.8/site-packages/airflow/example_dags/example_dynamic_task_mapping_with_no_taskflow_operators.py
[2025-12-07T16:04:16.780+0000] {processor.py:840} INFO - DAG(s) 'example_dynamic_task_mapping_with_no_taskflow_operators' retrieved from /home/airflow/.local/lib/python3.8/site-packages/airflow/example_dags/example_dynamic_task_mapping_with_no_taskflow_operators.py
[2025-12-07T16:04:16.813+0000] {logging_mixin.py:188} INFO - [2025-12-07T16:04:16.813+0000] {dag.py:3036} INFO - Sync 1 DAGs
[2025-12-07T16:04:16.845+0000] {logging_mixin.py:188} INFO - [2025-12-07T16:04:16.845+0000] {dag.py:3823} INFO - Setting next_dagrun for example_dynamic_task_mapping_with_no_taskflow_operators to 2025-12-06 00:00:00+00:00, run_after=2025-12-07 00:00:00+00:00
[2025-12-07T16:04:16.869+0000] {processor.py:183} INFO - Processing /home/airflow/.local/lib/python3.8/site-packages/airflow/example_dags/example_dynamic_task_mapping_with_no_taskflow_operators.py took 0.106 seconds
[2025-12-07T16:04:47.156+0000] {processor.py:161} INFO - Started process (PID=1106) to work on /home/airflow/.local/lib/python3.8/site-packages/airflow/example_dags/example_dynamic_task_mapping_with_no_taskflow_operators.py
[2025-12-07T16:04:47.158+0000] {processor.py:830} INFO - Processing file /home/airflow/.local/lib/python3.8/site-packages/airflow/example_dags/example_dynamic_task_mapping_with_no_taskflow_operators.py for tasks to queue
[2025-12-07T16:04:47.162+0000] {logging_mixin.py:188} INFO - [2025-12-07T16:04:47.161+0000] {dagbag.py:538} INFO - Filling up the DagBag from /home/airflow/.local/lib/python3.8/site-packages/airflow/example_dags/example_dynamic_task_mapping_with_no_taskflow_operators.py
[2025-12-07T16:04:47.171+0000] {processor.py:840} INFO - DAG(s) 'example_dynamic_task_mapping_with_no_taskflow_operators' retrieved from /home/airflow/.local/lib/python3.8/site-packages/airflow/example_dags/example_dynamic_task_mapping_with_no_taskflow_operators.py
[2025-12-07T16:04:47.207+0000] {logging_mixin.py:188} INFO - [2025-12-07T16:04:47.207+0000] {dag.py:3036} INFO - Sync 1 DAGs
[2025-12-07T16:04:47.244+0000] {logging_mixin.py:188} INFO - [2025-12-07T16:04:47.244+0000] {dag.py:3823} INFO - Setting next_dagrun for example_dynamic_task_mapping_with_no_taskflow_operators to 2025-12-06 00:00:00+00:00, run_after=2025-12-07 00:00:00+00:00
[2025-12-07T16:04:47.271+0000] {processor.py:183} INFO - Processing /home/airflow/.local/lib/python3.8/site-packages/airflow/example_dags/example_dynamic_task_mapping_with_no_taskflow_operators.py took 0.122 seconds
[2025-12-07T16:05:17.871+0000] {processor.py:161} INFO - Started process (PID=1167) to work on /home/airflow/.local/lib/python3.8/site-packages/airflow/example_dags/example_dynamic_task_mapping_with_no_taskflow_operators.py
[2025-12-07T16:05:17.873+0000] {processor.py:830} INFO - Processing file /home/airflow/.local/lib/python3.8/site-packages/airflow/example_dags/example_dynamic_task_mapping_with_no_taskflow_operators.py for tasks to queue
[2025-12-07T16:05:17.876+0000] {logging_mixin.py:188} INFO - [2025-12-07T16:05:17.875+0000] {dagbag.py:538} INFO - Filling up the DagBag from /home/airflow/.local/lib/python3.8/site-packages/airflow/example_dags/example_dynamic_task_mapping_with_no_taskflow_operators.py
[2025-12-07T16:05:17.886+0000] {processor.py:840} INFO - DAG(s) 'example_dynamic_task_mapping_with_no_taskflow_operators' retrieved from /home/airflow/.local/lib/python3.8/site-packages/airflow/example_dags/example_dynamic_task_mapping_with_no_taskflow_operators.py
[2025-12-07T16:05:17.934+0000] {logging_mixin.py:188} INFO - [2025-12-07T16:05:17.934+0000] {dag.py:3036} INFO - Sync 1 DAGs
[2025-12-07T16:05:17.971+0000] {logging_mixin.py:188} INFO - [2025-12-07T16:05:17.971+0000] {dag.py:3823} INFO - Setting next_dagrun for example_dynamic_task_mapping_with_no_taskflow_operators to 2025-12-06 00:00:00+00:00, run_after=2025-12-07 00:00:00+00:00
[2025-12-07T16:05:18.001+0000] {processor.py:183} INFO - Processing /home/airflow/.local/lib/python3.8/site-packages/airflow/example_dags/example_dynamic_task_mapping_with_no_taskflow_operators.py took 0.135 seconds
[2025-12-07T16:05:48.261+0000] {processor.py:161} INFO - Started process (PID=1228) to work on /home/airflow/.local/lib/python3.8/site-packages/airflow/example_dags/example_dynamic_task_mapping_with_no_taskflow_operators.py
[2025-12-07T16:05:48.263+0000] {processor.py:830} INFO - Processing file /home/airflow/.local/lib/python3.8/site-packages/airflow/example_dags/example_dynamic_task_mapping_with_no_taskflow_operators.py for tasks to queue
[2025-12-07T16:05:48.266+0000] {logging_mixin.py:188} INFO - [2025-12-07T16:05:48.266+0000] {dagbag.py:538} INFO - Filling up the DagBag from /home/airflow/.local/lib/python3.8/site-packages/airflow/example_dags/example_dynamic_task_mapping_with_no_taskflow_operators.py
[2025-12-07T16:05:48.280+0000] {processor.py:840} INFO - DAG(s) 'example_dynamic_task_mapping_with_no_taskflow_operators' retrieved from /home/airflow/.local/lib/python3.8/site-packages/airflow/example_dags/example_dynamic_task_mapping_with_no_taskflow_operators.py
[2025-12-07T16:05:48.320+0000] {logging_mixin.py:188} INFO - [2025-12-07T16:05:48.319+0000] {dag.py:3036} INFO - Sync 1 DAGs
[2025-12-07T16:05:48.356+0000] {logging_mixin.py:188} INFO - [2025-12-07T16:05:48.356+0000] {dag.py:3823} INFO - Setting next_dagrun for example_dynamic_task_mapping_with_no_taskflow_operators to 2025-12-06 00:00:00+00:00, run_after=2025-12-07 00:00:00+00:00
[2025-12-07T16:05:48.385+0000] {processor.py:183} INFO - Processing /home/airflow/.local/lib/python3.8/site-packages/airflow/example_dags/example_dynamic_task_mapping_with_no_taskflow_operators.py took 0.131 seconds
[2025-12-07T16:06:18.445+0000] {processor.py:161} INFO - Started process (PID=1289) to work on /home/airflow/.local/lib/python3.8/site-packages/airflow/example_dags/example_dynamic_task_mapping_with_no_taskflow_operators.py
[2025-12-07T16:06:18.446+0000] {processor.py:830} INFO - Processing file /home/airflow/.local/lib/python3.8/site-packages/airflow/example_dags/example_dynamic_task_mapping_with_no_taskflow_operators.py for tasks to queue
[2025-12-07T16:06:18.449+0000] {logging_mixin.py:188} INFO - [2025-12-07T16:06:18.449+0000] {dagbag.py:538} INFO - Filling up the DagBag from /home/airflow/.local/lib/python3.8/site-packages/airflow/example_dags/example_dynamic_task_mapping_with_no_taskflow_operators.py
[2025-12-07T16:06:18.457+0000] {processor.py:840} INFO - DAG(s) 'example_dynamic_task_mapping_with_no_taskflow_operators' retrieved from /home/airflow/.local/lib/python3.8/site-packages/airflow/example_dags/example_dynamic_task_mapping_with_no_taskflow_operators.py
[2025-12-07T16:06:18.490+0000] {logging_mixin.py:188} INFO - [2025-12-07T16:06:18.489+0000] {dag.py:3036} INFO - Sync 1 DAGs
[2025-12-07T16:06:18.518+0000] {logging_mixin.py:188} INFO - [2025-12-07T16:06:18.518+0000] {dag.py:3823} INFO - Setting next_dagrun for example_dynamic_task_mapping_with_no_taskflow_operators to 2025-12-06 00:00:00+00:00, run_after=2025-12-07 00:00:00+00:00
[2025-12-07T16:06:18.551+0000] {processor.py:183} INFO - Processing /home/airflow/.local/lib/python3.8/site-packages/airflow/example_dags/example_dynamic_task_mapping_with_no_taskflow_operators.py took 0.110 seconds
[2025-12-07T16:06:49.081+0000] {processor.py:161} INFO - Started process (PID=1350) to work on /home/airflow/.local/lib/python3.8/site-packages/airflow/example_dags/example_dynamic_task_mapping_with_no_taskflow_operators.py
[2025-12-07T16:06:49.083+0000] {processor.py:830} INFO - Processing file /home/airflow/.local/lib/python3.8/site-packages/airflow/example_dags/example_dynamic_task_mapping_with_no_taskflow_operators.py for tasks to queue
[2025-12-07T16:06:49.086+0000] {logging_mixin.py:188} INFO - [2025-12-07T16:06:49.086+0000] {dagbag.py:538} INFO - Filling up the DagBag from /home/airflow/.local/lib/python3.8/site-packages/airflow/example_dags/example_dynamic_task_mapping_with_no_taskflow_operators.py
[2025-12-07T16:06:49.095+0000] {processor.py:840} INFO - DAG(s) 'example_dynamic_task_mapping_with_no_taskflow_operators' retrieved from /home/airflow/.local/lib/python3.8/site-packages/airflow/example_dags/example_dynamic_task_mapping_with_no_taskflow_operators.py
[2025-12-07T16:06:49.126+0000] {logging_mixin.py:188} INFO - [2025-12-07T16:06:49.126+0000] {dag.py:3036} INFO - Sync 1 DAGs
[2025-12-07T16:06:49.157+0000] {logging_mixin.py:188} INFO - [2025-12-07T16:06:49.157+0000] {dag.py:3823} INFO - Setting next_dagrun for example_dynamic_task_mapping_with_no_taskflow_operators to 2025-12-06 00:00:00+00:00, run_after=2025-12-07 00:00:00+00:00
[2025-12-07T16:06:49.190+0000] {processor.py:183} INFO - Processing /home/airflow/.local/lib/python3.8/site-packages/airflow/example_dags/example_dynamic_task_mapping_with_no_taskflow_operators.py took 0.114 seconds
[2025-12-07T16:07:19.570+0000] {processor.py:161} INFO - Started process (PID=1411) to work on /home/airflow/.local/lib/python3.8/site-packages/airflow/example_dags/example_dynamic_task_mapping_with_no_taskflow_operators.py
[2025-12-07T16:07:19.572+0000] {processor.py:830} INFO - Processing file /home/airflow/.local/lib/python3.8/site-packages/airflow/example_dags/example_dynamic_task_mapping_with_no_taskflow_operators.py for tasks to queue
[2025-12-07T16:07:19.574+0000] {logging_mixin.py:188} INFO - [2025-12-07T16:07:19.574+0000] {dagbag.py:538} INFO - Filling up the DagBag from /home/airflow/.local/lib/python3.8/site-packages/airflow/example_dags/example_dynamic_task_mapping_with_no_taskflow_operators.py
[2025-12-07T16:07:19.585+0000] {processor.py:840} INFO - DAG(s) 'example_dynamic_task_mapping_with_no_taskflow_operators' retrieved from /home/airflow/.local/lib/python3.8/site-packages/airflow/example_dags/example_dynamic_task_mapping_with_no_taskflow_operators.py
[2025-12-07T16:07:19.619+0000] {logging_mixin.py:188} INFO - [2025-12-07T16:07:19.619+0000] {dag.py:3036} INFO - Sync 1 DAGs
[2025-12-07T16:07:19.647+0000] {logging_mixin.py:188} INFO - [2025-12-07T16:07:19.647+0000] {dag.py:3823} INFO - Setting next_dagrun for example_dynamic_task_mapping_with_no_taskflow_operators to 2025-12-06 00:00:00+00:00, run_after=2025-12-07 00:00:00+00:00
[2025-12-07T16:07:19.679+0000] {processor.py:183} INFO - Processing /home/airflow/.local/lib/python3.8/site-packages/airflow/example_dags/example_dynamic_task_mapping_with_no_taskflow_operators.py took 0.113 seconds
[2025-12-07T16:07:49.892+0000] {processor.py:161} INFO - Started process (PID=1472) to work on /home/airflow/.local/lib/python3.8/site-packages/airflow/example_dags/example_dynamic_task_mapping_with_no_taskflow_operators.py
[2025-12-07T16:07:49.893+0000] {processor.py:830} INFO - Processing file /home/airflow/.local/lib/python3.8/site-packages/airflow/example_dags/example_dynamic_task_mapping_with_no_taskflow_operators.py for tasks to queue
[2025-12-07T16:07:49.896+0000] {logging_mixin.py:188} INFO - [2025-12-07T16:07:49.895+0000] {dagbag.py:538} INFO - Filling up the DagBag from /home/airflow/.local/lib/python3.8/site-packages/airflow/example_dags/example_dynamic_task_mapping_with_no_taskflow_operators.py
[2025-12-07T16:07:49.906+0000] {processor.py:840} INFO - DAG(s) 'example_dynamic_task_mapping_with_no_taskflow_operators' retrieved from /home/airflow/.local/lib/python3.8/site-packages/airflow/example_dags/example_dynamic_task_mapping_with_no_taskflow_operators.py
[2025-12-07T16:07:49.933+0000] {logging_mixin.py:188} INFO - [2025-12-07T16:07:49.933+0000] {dag.py:3036} INFO - Sync 1 DAGs
[2025-12-07T16:07:49.964+0000] {logging_mixin.py:188} INFO - [2025-12-07T16:07:49.963+0000] {dag.py:3823} INFO - Setting next_dagrun for example_dynamic_task_mapping_with_no_taskflow_operators to 2025-12-06 00:00:00+00:00, run_after=2025-12-07 00:00:00+00:00
[2025-12-07T16:07:49.999+0000] {processor.py:183} INFO - Processing /home/airflow/.local/lib/python3.8/site-packages/airflow/example_dags/example_dynamic_task_mapping_with_no_taskflow_operators.py took 0.112 seconds
[2025-12-07T16:08:20.856+0000] {processor.py:161} INFO - Started process (PID=1533) to work on /home/airflow/.local/lib/python3.8/site-packages/airflow/example_dags/example_dynamic_task_mapping_with_no_taskflow_operators.py
[2025-12-07T16:08:20.857+0000] {processor.py:830} INFO - Processing file /home/airflow/.local/lib/python3.8/site-packages/airflow/example_dags/example_dynamic_task_mapping_with_no_taskflow_operators.py for tasks to queue
[2025-12-07T16:08:20.860+0000] {logging_mixin.py:188} INFO - [2025-12-07T16:08:20.860+0000] {dagbag.py:538} INFO - Filling up the DagBag from /home/airflow/.local/lib/python3.8/site-packages/airflow/example_dags/example_dynamic_task_mapping_with_no_taskflow_operators.py
[2025-12-07T16:08:20.868+0000] {processor.py:840} INFO - DAG(s) 'example_dynamic_task_mapping_with_no_taskflow_operators' retrieved from /home/airflow/.local/lib/python3.8/site-packages/airflow/example_dags/example_dynamic_task_mapping_with_no_taskflow_operators.py
[2025-12-07T16:08:20.898+0000] {logging_mixin.py:188} INFO - [2025-12-07T16:08:20.897+0000] {dag.py:3036} INFO - Sync 1 DAGs
[2025-12-07T16:08:20.926+0000] {logging_mixin.py:188} INFO - [2025-12-07T16:08:20.926+0000] {dag.py:3823} INFO - Setting next_dagrun for example_dynamic_task_mapping_with_no_taskflow_operators to 2025-12-06 00:00:00+00:00, run_after=2025-12-07 00:00:00+00:00
[2025-12-07T16:08:20.952+0000] {processor.py:183} INFO - Processing /home/airflow/.local/lib/python3.8/site-packages/airflow/example_dags/example_dynamic_task_mapping_with_no_taskflow_operators.py took 0.100 seconds
[2025-12-07T16:08:51.889+0000] {processor.py:161} INFO - Started process (PID=1594) to work on /home/airflow/.local/lib/python3.8/site-packages/airflow/example_dags/example_dynamic_task_mapping_with_no_taskflow_operators.py
[2025-12-07T16:08:51.890+0000] {processor.py:830} INFO - Processing file /home/airflow/.local/lib/python3.8/site-packages/airflow/example_dags/example_dynamic_task_mapping_with_no_taskflow_operators.py for tasks to queue
[2025-12-07T16:08:51.893+0000] {logging_mixin.py:188} INFO - [2025-12-07T16:08:51.893+0000] {dagbag.py:538} INFO - Filling up the DagBag from /home/airflow/.local/lib/python3.8/site-packages/airflow/example_dags/example_dynamic_task_mapping_with_no_taskflow_operators.py
[2025-12-07T16:08:51.902+0000] {processor.py:840} INFO - DAG(s) 'example_dynamic_task_mapping_with_no_taskflow_operators' retrieved from /home/airflow/.local/lib/python3.8/site-packages/airflow/example_dags/example_dynamic_task_mapping_with_no_taskflow_operators.py
[2025-12-07T16:08:51.929+0000] {logging_mixin.py:188} INFO - [2025-12-07T16:08:51.929+0000] {dag.py:3036} INFO - Sync 1 DAGs
[2025-12-07T16:08:51.958+0000] {logging_mixin.py:188} INFO - [2025-12-07T16:08:51.957+0000] {dag.py:3823} INFO - Setting next_dagrun for example_dynamic_task_mapping_with_no_taskflow_operators to 2025-12-06 00:00:00+00:00, run_after=2025-12-07 00:00:00+00:00
[2025-12-07T16:08:51.993+0000] {processor.py:183} INFO - Processing /home/airflow/.local/lib/python3.8/site-packages/airflow/example_dags/example_dynamic_task_mapping_with_no_taskflow_operators.py took 0.109 seconds
[2025-12-07T16:09:22.413+0000] {processor.py:161} INFO - Started process (PID=1655) to work on /home/airflow/.local/lib/python3.8/site-packages/airflow/example_dags/example_dynamic_task_mapping_with_no_taskflow_operators.py
[2025-12-07T16:09:22.416+0000] {processor.py:830} INFO - Processing file /home/airflow/.local/lib/python3.8/site-packages/airflow/example_dags/example_dynamic_task_mapping_with_no_taskflow_operators.py for tasks to queue
[2025-12-07T16:09:22.419+0000] {logging_mixin.py:188} INFO - [2025-12-07T16:09:22.419+0000] {dagbag.py:538} INFO - Filling up the DagBag from /home/airflow/.local/lib/python3.8/site-packages/airflow/example_dags/example_dynamic_task_mapping_with_no_taskflow_operators.py
[2025-12-07T16:09:22.429+0000] {processor.py:840} INFO - DAG(s) 'example_dynamic_task_mapping_with_no_taskflow_operators' retrieved from /home/airflow/.local/lib/python3.8/site-packages/airflow/example_dags/example_dynamic_task_mapping_with_no_taskflow_operators.py
[2025-12-07T16:09:22.464+0000] {logging_mixin.py:188} INFO - [2025-12-07T16:09:22.464+0000] {dag.py:3036} INFO - Sync 1 DAGs
[2025-12-07T16:09:22.501+0000] {logging_mixin.py:188} INFO - [2025-12-07T16:09:22.501+0000] {dag.py:3823} INFO - Setting next_dagrun for example_dynamic_task_mapping_with_no_taskflow_operators to 2025-12-06 00:00:00+00:00, run_after=2025-12-07 00:00:00+00:00
[2025-12-07T16:09:22.536+0000] {processor.py:183} INFO - Processing /home/airflow/.local/lib/python3.8/site-packages/airflow/example_dags/example_dynamic_task_mapping_with_no_taskflow_operators.py took 0.126 seconds
[2025-12-07T16:09:52.697+0000] {processor.py:161} INFO - Started process (PID=1716) to work on /home/airflow/.local/lib/python3.8/site-packages/airflow/example_dags/example_dynamic_task_mapping_with_no_taskflow_operators.py
[2025-12-07T16:09:52.699+0000] {processor.py:830} INFO - Processing file /home/airflow/.local/lib/python3.8/site-packages/airflow/example_dags/example_dynamic_task_mapping_with_no_taskflow_operators.py for tasks to queue
[2025-12-07T16:09:52.702+0000] {logging_mixin.py:188} INFO - [2025-12-07T16:09:52.702+0000] {dagbag.py:538} INFO - Filling up the DagBag from /home/airflow/.local/lib/python3.8/site-packages/airflow/example_dags/example_dynamic_task_mapping_with_no_taskflow_operators.py
[2025-12-07T16:09:52.711+0000] {processor.py:840} INFO - DAG(s) 'example_dynamic_task_mapping_with_no_taskflow_operators' retrieved from /home/airflow/.local/lib/python3.8/site-packages/airflow/example_dags/example_dynamic_task_mapping_with_no_taskflow_operators.py
[2025-12-07T16:09:52.741+0000] {logging_mixin.py:188} INFO - [2025-12-07T16:09:52.740+0000] {dag.py:3036} INFO - Sync 1 DAGs
[2025-12-07T16:09:52.774+0000] {logging_mixin.py:188} INFO - [2025-12-07T16:09:52.774+0000] {dag.py:3823} INFO - Setting next_dagrun for example_dynamic_task_mapping_with_no_taskflow_operators to 2025-12-06 00:00:00+00:00, run_after=2025-12-07 00:00:00+00:00
[2025-12-07T16:09:52.802+0000] {processor.py:183} INFO - Processing /home/airflow/.local/lib/python3.8/site-packages/airflow/example_dags/example_dynamic_task_mapping_with_no_taskflow_operators.py took 0.109 seconds
[2025-12-07T16:10:22.980+0000] {processor.py:161} INFO - Started process (PID=1777) to work on /home/airflow/.local/lib/python3.8/site-packages/airflow/example_dags/example_dynamic_task_mapping_with_no_taskflow_operators.py
[2025-12-07T16:10:22.982+0000] {processor.py:830} INFO - Processing file /home/airflow/.local/lib/python3.8/site-packages/airflow/example_dags/example_dynamic_task_mapping_with_no_taskflow_operators.py for tasks to queue
[2025-12-07T16:10:22.985+0000] {logging_mixin.py:188} INFO - [2025-12-07T16:10:22.984+0000] {dagbag.py:538} INFO - Filling up the DagBag from /home/airflow/.local/lib/python3.8/site-packages/airflow/example_dags/example_dynamic_task_mapping_with_no_taskflow_operators.py
[2025-12-07T16:10:22.994+0000] {processor.py:840} INFO - DAG(s) 'example_dynamic_task_mapping_with_no_taskflow_operators' retrieved from /home/airflow/.local/lib/python3.8/site-packages/airflow/example_dags/example_dynamic_task_mapping_with_no_taskflow_operators.py
[2025-12-07T16:10:23.033+0000] {logging_mixin.py:188} INFO - [2025-12-07T16:10:23.032+0000] {dag.py:3036} INFO - Sync 1 DAGs
[2025-12-07T16:10:23.070+0000] {logging_mixin.py:188} INFO - [2025-12-07T16:10:23.070+0000] {dag.py:3823} INFO - Setting next_dagrun for example_dynamic_task_mapping_with_no_taskflow_operators to 2025-12-06 00:00:00+00:00, run_after=2025-12-07 00:00:00+00:00
[2025-12-07T16:10:23.101+0000] {processor.py:183} INFO - Processing /home/airflow/.local/lib/python3.8/site-packages/airflow/example_dags/example_dynamic_task_mapping_with_no_taskflow_operators.py took 0.125 seconds
[2025-12-07T16:10:53.651+0000] {processor.py:161} INFO - Started process (PID=1838) to work on /home/airflow/.local/lib/python3.8/site-packages/airflow/example_dags/example_dynamic_task_mapping_with_no_taskflow_operators.py
[2025-12-07T16:10:53.653+0000] {processor.py:830} INFO - Processing file /home/airflow/.local/lib/python3.8/site-packages/airflow/example_dags/example_dynamic_task_mapping_with_no_taskflow_operators.py for tasks to queue
[2025-12-07T16:10:53.656+0000] {logging_mixin.py:188} INFO - [2025-12-07T16:10:53.656+0000] {dagbag.py:538} INFO - Filling up the DagBag from /home/airflow/.local/lib/python3.8/site-packages/airflow/example_dags/example_dynamic_task_mapping_with_no_taskflow_operators.py
[2025-12-07T16:10:53.665+0000] {processor.py:840} INFO - DAG(s) 'example_dynamic_task_mapping_with_no_taskflow_operators' retrieved from /home/airflow/.local/lib/python3.8/site-packages/airflow/example_dags/example_dynamic_task_mapping_with_no_taskflow_operators.py
[2025-12-07T16:10:53.696+0000] {logging_mixin.py:188} INFO - [2025-12-07T16:10:53.696+0000] {dag.py:3036} INFO - Sync 1 DAGs
[2025-12-07T16:10:53.723+0000] {logging_mixin.py:188} INFO - [2025-12-07T16:10:53.722+0000] {dag.py:3823} INFO - Setting next_dagrun for example_dynamic_task_mapping_with_no_taskflow_operators to 2025-12-06 00:00:00+00:00, run_after=2025-12-07 00:00:00+00:00
[2025-12-07T16:10:53.746+0000] {processor.py:183} INFO - Processing /home/airflow/.local/lib/python3.8/site-packages/airflow/example_dags/example_dynamic_task_mapping_with_no_taskflow_operators.py took 0.100 seconds
[2025-12-07T16:11:23.998+0000] {processor.py:161} INFO - Started process (PID=1899) to work on /home/airflow/.local/lib/python3.8/site-packages/airflow/example_dags/example_dynamic_task_mapping_with_no_taskflow_operators.py
[2025-12-07T16:11:23.999+0000] {processor.py:830} INFO - Processing file /home/airflow/.local/lib/python3.8/site-packages/airflow/example_dags/example_dynamic_task_mapping_with_no_taskflow_operators.py for tasks to queue
[2025-12-07T16:11:24.002+0000] {logging_mixin.py:188} INFO - [2025-12-07T16:11:24.001+0000] {dagbag.py:538} INFO - Filling up the DagBag from /home/airflow/.local/lib/python3.8/site-packages/airflow/example_dags/example_dynamic_task_mapping_with_no_taskflow_operators.py
[2025-12-07T16:11:24.010+0000] {processor.py:840} INFO - DAG(s) 'example_dynamic_task_mapping_with_no_taskflow_operators' retrieved from /home/airflow/.local/lib/python3.8/site-packages/airflow/example_dags/example_dynamic_task_mapping_with_no_taskflow_operators.py
[2025-12-07T16:11:24.039+0000] {logging_mixin.py:188} INFO - [2025-12-07T16:11:24.039+0000] {dag.py:3036} INFO - Sync 1 DAGs
[2025-12-07T16:11:24.066+0000] {logging_mixin.py:188} INFO - [2025-12-07T16:11:24.065+0000] {dag.py:3823} INFO - Setting next_dagrun for example_dynamic_task_mapping_with_no_taskflow_operators to 2025-12-06 00:00:00+00:00, run_after=2025-12-07 00:00:00+00:00
[2025-12-07T16:11:24.094+0000] {processor.py:183} INFO - Processing /home/airflow/.local/lib/python3.8/site-packages/airflow/example_dags/example_dynamic_task_mapping_with_no_taskflow_operators.py took 0.102 seconds
[2025-12-07T16:11:54.370+0000] {processor.py:161} INFO - Started process (PID=1960) to work on /home/airflow/.local/lib/python3.8/site-packages/airflow/example_dags/example_dynamic_task_mapping_with_no_taskflow_operators.py
[2025-12-07T16:11:54.372+0000] {processor.py:830} INFO - Processing file /home/airflow/.local/lib/python3.8/site-packages/airflow/example_dags/example_dynamic_task_mapping_with_no_taskflow_operators.py for tasks to queue
[2025-12-07T16:11:54.375+0000] {logging_mixin.py:188} INFO - [2025-12-07T16:11:54.374+0000] {dagbag.py:538} INFO - Filling up the DagBag from /home/airflow/.local/lib/python3.8/site-packages/airflow/example_dags/example_dynamic_task_mapping_with_no_taskflow_operators.py
[2025-12-07T16:11:54.386+0000] {processor.py:840} INFO - DAG(s) 'example_dynamic_task_mapping_with_no_taskflow_operators' retrieved from /home/airflow/.local/lib/python3.8/site-packages/airflow/example_dags/example_dynamic_task_mapping_with_no_taskflow_operators.py
[2025-12-07T16:11:54.414+0000] {logging_mixin.py:188} INFO - [2025-12-07T16:11:54.413+0000] {dag.py:3036} INFO - Sync 1 DAGs
[2025-12-07T16:11:54.456+0000] {logging_mixin.py:188} INFO - [2025-12-07T16:11:54.456+0000] {dag.py:3823} INFO - Setting next_dagrun for example_dynamic_task_mapping_with_no_taskflow_operators to 2025-12-06 00:00:00+00:00, run_after=2025-12-07 00:00:00+00:00
[2025-12-07T16:11:54.489+0000] {processor.py:183} INFO - Processing /home/airflow/.local/lib/python3.8/site-packages/airflow/example_dags/example_dynamic_task_mapping_with_no_taskflow_operators.py took 0.124 seconds
[2025-12-07T16:12:25.263+0000] {processor.py:161} INFO - Started process (PID=2021) to work on /home/airflow/.local/lib/python3.8/site-packages/airflow/example_dags/example_dynamic_task_mapping_with_no_taskflow_operators.py
[2025-12-07T16:12:25.264+0000] {processor.py:830} INFO - Processing file /home/airflow/.local/lib/python3.8/site-packages/airflow/example_dags/example_dynamic_task_mapping_with_no_taskflow_operators.py for tasks to queue
[2025-12-07T16:12:25.266+0000] {logging_mixin.py:188} INFO - [2025-12-07T16:12:25.266+0000] {dagbag.py:538} INFO - Filling up the DagBag from /home/airflow/.local/lib/python3.8/site-packages/airflow/example_dags/example_dynamic_task_mapping_with_no_taskflow_operators.py
[2025-12-07T16:12:25.275+0000] {processor.py:840} INFO - DAG(s) 'example_dynamic_task_mapping_with_no_taskflow_operators' retrieved from /home/airflow/.local/lib/python3.8/site-packages/airflow/example_dags/example_dynamic_task_mapping_with_no_taskflow_operators.py
[2025-12-07T16:12:25.303+0000] {logging_mixin.py:188} INFO - [2025-12-07T16:12:25.302+0000] {dag.py:3036} INFO - Sync 1 DAGs
[2025-12-07T16:12:25.331+0000] {logging_mixin.py:188} INFO - [2025-12-07T16:12:25.331+0000] {dag.py:3823} INFO - Setting next_dagrun for example_dynamic_task_mapping_with_no_taskflow_operators to 2025-12-06 00:00:00+00:00, run_after=2025-12-07 00:00:00+00:00
[2025-12-07T16:12:25.361+0000] {processor.py:183} INFO - Processing /home/airflow/.local/lib/python3.8/site-packages/airflow/example_dags/example_dynamic_task_mapping_with_no_taskflow_operators.py took 0.102 seconds
[2025-12-07T16:12:56.039+0000] {processor.py:161} INFO - Started process (PID=2082) to work on /home/airflow/.local/lib/python3.8/site-packages/airflow/example_dags/example_dynamic_task_mapping_with_no_taskflow_operators.py
[2025-12-07T16:12:56.040+0000] {processor.py:830} INFO - Processing file /home/airflow/.local/lib/python3.8/site-packages/airflow/example_dags/example_dynamic_task_mapping_with_no_taskflow_operators.py for tasks to queue
[2025-12-07T16:12:56.043+0000] {logging_mixin.py:188} INFO - [2025-12-07T16:12:56.042+0000] {dagbag.py:538} INFO - Filling up the DagBag from /home/airflow/.local/lib/python3.8/site-packages/airflow/example_dags/example_dynamic_task_mapping_with_no_taskflow_operators.py
[2025-12-07T16:12:56.051+0000] {processor.py:840} INFO - DAG(s) 'example_dynamic_task_mapping_with_no_taskflow_operators' retrieved from /home/airflow/.local/lib/python3.8/site-packages/airflow/example_dags/example_dynamic_task_mapping_with_no_taskflow_operators.py
[2025-12-07T16:12:56.081+0000] {logging_mixin.py:188} INFO - [2025-12-07T16:12:56.080+0000] {dag.py:3036} INFO - Sync 1 DAGs
[2025-12-07T16:12:56.112+0000] {logging_mixin.py:188} INFO - [2025-12-07T16:12:56.111+0000] {dag.py:3823} INFO - Setting next_dagrun for example_dynamic_task_mapping_with_no_taskflow_operators to 2025-12-06 00:00:00+00:00, run_after=2025-12-07 00:00:00+00:00
[2025-12-07T16:12:56.138+0000] {processor.py:183} INFO - Processing /home/airflow/.local/lib/python3.8/site-packages/airflow/example_dags/example_dynamic_task_mapping_with_no_taskflow_operators.py took 0.104 seconds
[2025-12-07T16:13:26.681+0000] {processor.py:161} INFO - Started process (PID=2143) to work on /home/airflow/.local/lib/python3.8/site-packages/airflow/example_dags/example_dynamic_task_mapping_with_no_taskflow_operators.py
[2025-12-07T16:13:26.682+0000] {processor.py:830} INFO - Processing file /home/airflow/.local/lib/python3.8/site-packages/airflow/example_dags/example_dynamic_task_mapping_with_no_taskflow_operators.py for tasks to queue
[2025-12-07T16:13:26.686+0000] {logging_mixin.py:188} INFO - [2025-12-07T16:13:26.685+0000] {dagbag.py:538} INFO - Filling up the DagBag from /home/airflow/.local/lib/python3.8/site-packages/airflow/example_dags/example_dynamic_task_mapping_with_no_taskflow_operators.py
[2025-12-07T16:13:26.696+0000] {processor.py:840} INFO - DAG(s) 'example_dynamic_task_mapping_with_no_taskflow_operators' retrieved from /home/airflow/.local/lib/python3.8/site-packages/airflow/example_dags/example_dynamic_task_mapping_with_no_taskflow_operators.py
[2025-12-07T16:13:26.730+0000] {logging_mixin.py:188} INFO - [2025-12-07T16:13:26.729+0000] {dag.py:3036} INFO - Sync 1 DAGs
[2025-12-07T16:13:26.761+0000] {logging_mixin.py:188} INFO - [2025-12-07T16:13:26.761+0000] {dag.py:3823} INFO - Setting next_dagrun for example_dynamic_task_mapping_with_no_taskflow_operators to 2025-12-06 00:00:00+00:00, run_after=2025-12-07 00:00:00+00:00
[2025-12-07T16:13:26.792+0000] {processor.py:183} INFO - Processing /home/airflow/.local/lib/python3.8/site-packages/airflow/example_dags/example_dynamic_task_mapping_with_no_taskflow_operators.py took 0.117 seconds
[2025-12-07T16:13:57.318+0000] {processor.py:161} INFO - Started process (PID=2205) to work on /home/airflow/.local/lib/python3.8/site-packages/airflow/example_dags/example_dynamic_task_mapping_with_no_taskflow_operators.py
[2025-12-07T16:13:57.319+0000] {processor.py:830} INFO - Processing file /home/airflow/.local/lib/python3.8/site-packages/airflow/example_dags/example_dynamic_task_mapping_with_no_taskflow_operators.py for tasks to queue
[2025-12-07T16:13:57.323+0000] {logging_mixin.py:188} INFO - [2025-12-07T16:13:57.323+0000] {dagbag.py:538} INFO - Filling up the DagBag from /home/airflow/.local/lib/python3.8/site-packages/airflow/example_dags/example_dynamic_task_mapping_with_no_taskflow_operators.py
[2025-12-07T16:13:57.333+0000] {processor.py:840} INFO - DAG(s) 'example_dynamic_task_mapping_with_no_taskflow_operators' retrieved from /home/airflow/.local/lib/python3.8/site-packages/airflow/example_dags/example_dynamic_task_mapping_with_no_taskflow_operators.py
[2025-12-07T16:13:57.363+0000] {logging_mixin.py:188} INFO - [2025-12-07T16:13:57.363+0000] {dag.py:3036} INFO - Sync 1 DAGs
[2025-12-07T16:13:57.400+0000] {logging_mixin.py:188} INFO - [2025-12-07T16:13:57.400+0000] {dag.py:3823} INFO - Setting next_dagrun for example_dynamic_task_mapping_with_no_taskflow_operators to 2025-12-06 00:00:00+00:00, run_after=2025-12-07 00:00:00+00:00
[2025-12-07T16:13:57.432+0000] {processor.py:183} INFO - Processing /home/airflow/.local/lib/python3.8/site-packages/airflow/example_dags/example_dynamic_task_mapping_with_no_taskflow_operators.py took 0.120 seconds
[2025-12-07T16:14:27.794+0000] {processor.py:161} INFO - Started process (PID=2266) to work on /home/airflow/.local/lib/python3.8/site-packages/airflow/example_dags/example_dynamic_task_mapping_with_no_taskflow_operators.py
[2025-12-07T16:14:27.796+0000] {processor.py:830} INFO - Processing file /home/airflow/.local/lib/python3.8/site-packages/airflow/example_dags/example_dynamic_task_mapping_with_no_taskflow_operators.py for tasks to queue
[2025-12-07T16:14:27.800+0000] {logging_mixin.py:188} INFO - [2025-12-07T16:14:27.799+0000] {dagbag.py:538} INFO - Filling up the DagBag from /home/airflow/.local/lib/python3.8/site-packages/airflow/example_dags/example_dynamic_task_mapping_with_no_taskflow_operators.py
[2025-12-07T16:14:27.809+0000] {processor.py:840} INFO - DAG(s) 'example_dynamic_task_mapping_with_no_taskflow_operators' retrieved from /home/airflow/.local/lib/python3.8/site-packages/airflow/example_dags/example_dynamic_task_mapping_with_no_taskflow_operators.py
[2025-12-07T16:14:27.842+0000] {logging_mixin.py:188} INFO - [2025-12-07T16:14:27.842+0000] {dag.py:3036} INFO - Sync 1 DAGs
[2025-12-07T16:14:27.872+0000] {logging_mixin.py:188} INFO - [2025-12-07T16:14:27.871+0000] {dag.py:3823} INFO - Setting next_dagrun for example_dynamic_task_mapping_with_no_taskflow_operators to 2025-12-06 00:00:00+00:00, run_after=2025-12-07 00:00:00+00:00
[2025-12-07T16:14:27.896+0000] {processor.py:183} INFO - Processing /home/airflow/.local/lib/python3.8/site-packages/airflow/example_dags/example_dynamic_task_mapping_with_no_taskflow_operators.py took 0.106 seconds
[2025-12-07T16:14:58.540+0000] {processor.py:161} INFO - Started process (PID=2327) to work on /home/airflow/.local/lib/python3.8/site-packages/airflow/example_dags/example_dynamic_task_mapping_with_no_taskflow_operators.py
[2025-12-07T16:14:58.542+0000] {processor.py:830} INFO - Processing file /home/airflow/.local/lib/python3.8/site-packages/airflow/example_dags/example_dynamic_task_mapping_with_no_taskflow_operators.py for tasks to queue
[2025-12-07T16:14:58.545+0000] {logging_mixin.py:188} INFO - [2025-12-07T16:14:58.544+0000] {dagbag.py:538} INFO - Filling up the DagBag from /home/airflow/.local/lib/python3.8/site-packages/airflow/example_dags/example_dynamic_task_mapping_with_no_taskflow_operators.py
[2025-12-07T16:14:58.552+0000] {processor.py:840} INFO - DAG(s) 'example_dynamic_task_mapping_with_no_taskflow_operators' retrieved from /home/airflow/.local/lib/python3.8/site-packages/airflow/example_dags/example_dynamic_task_mapping_with_no_taskflow_operators.py
[2025-12-07T16:14:58.582+0000] {logging_mixin.py:188} INFO - [2025-12-07T16:14:58.581+0000] {dag.py:3036} INFO - Sync 1 DAGs
[2025-12-07T16:14:58.611+0000] {logging_mixin.py:188} INFO - [2025-12-07T16:14:58.611+0000] {dag.py:3823} INFO - Setting next_dagrun for example_dynamic_task_mapping_with_no_taskflow_operators to 2025-12-06 00:00:00+00:00, run_after=2025-12-07 00:00:00+00:00
[2025-12-07T16:14:58.644+0000] {processor.py:183} INFO - Processing /home/airflow/.local/lib/python3.8/site-packages/airflow/example_dags/example_dynamic_task_mapping_with_no_taskflow_operators.py took 0.108 seconds
[2025-12-07T16:15:28.874+0000] {processor.py:161} INFO - Started process (PID=2388) to work on /home/airflow/.local/lib/python3.8/site-packages/airflow/example_dags/example_dynamic_task_mapping_with_no_taskflow_operators.py
[2025-12-07T16:15:28.875+0000] {processor.py:830} INFO - Processing file /home/airflow/.local/lib/python3.8/site-packages/airflow/example_dags/example_dynamic_task_mapping_with_no_taskflow_operators.py for tasks to queue
[2025-12-07T16:15:28.878+0000] {logging_mixin.py:188} INFO - [2025-12-07T16:15:28.878+0000] {dagbag.py:538} INFO - Filling up the DagBag from /home/airflow/.local/lib/python3.8/site-packages/airflow/example_dags/example_dynamic_task_mapping_with_no_taskflow_operators.py
[2025-12-07T16:15:28.887+0000] {processor.py:840} INFO - DAG(s) 'example_dynamic_task_mapping_with_no_taskflow_operators' retrieved from /home/airflow/.local/lib/python3.8/site-packages/airflow/example_dags/example_dynamic_task_mapping_with_no_taskflow_operators.py
[2025-12-07T16:15:28.917+0000] {logging_mixin.py:188} INFO - [2025-12-07T16:15:28.917+0000] {dag.py:3036} INFO - Sync 1 DAGs
[2025-12-07T16:15:28.951+0000] {logging_mixin.py:188} INFO - [2025-12-07T16:15:28.950+0000] {dag.py:3823} INFO - Setting next_dagrun for example_dynamic_task_mapping_with_no_taskflow_operators to 2025-12-06 00:00:00+00:00, run_after=2025-12-07 00:00:00+00:00
[2025-12-07T16:15:28.977+0000] {processor.py:183} INFO - Processing /home/airflow/.local/lib/python3.8/site-packages/airflow/example_dags/example_dynamic_task_mapping_with_no_taskflow_operators.py took 0.108 seconds
[2025-12-07T16:15:59.751+0000] {processor.py:161} INFO - Started process (PID=2449) to work on /home/airflow/.local/lib/python3.8/site-packages/airflow/example_dags/example_dynamic_task_mapping_with_no_taskflow_operators.py
[2025-12-07T16:15:59.752+0000] {processor.py:830} INFO - Processing file /home/airflow/.local/lib/python3.8/site-packages/airflow/example_dags/example_dynamic_task_mapping_with_no_taskflow_operators.py for tasks to queue
[2025-12-07T16:15:59.757+0000] {logging_mixin.py:188} INFO - [2025-12-07T16:15:59.756+0000] {dagbag.py:538} INFO - Filling up the DagBag from /home/airflow/.local/lib/python3.8/site-packages/airflow/example_dags/example_dynamic_task_mapping_with_no_taskflow_operators.py
[2025-12-07T16:15:59.766+0000] {processor.py:840} INFO - DAG(s) 'example_dynamic_task_mapping_with_no_taskflow_operators' retrieved from /home/airflow/.local/lib/python3.8/site-packages/airflow/example_dags/example_dynamic_task_mapping_with_no_taskflow_operators.py
[2025-12-07T16:15:59.806+0000] {logging_mixin.py:188} INFO - [2025-12-07T16:15:59.806+0000] {dag.py:3036} INFO - Sync 1 DAGs
[2025-12-07T16:15:59.838+0000] {logging_mixin.py:188} INFO - [2025-12-07T16:15:59.838+0000] {dag.py:3823} INFO - Setting next_dagrun for example_dynamic_task_mapping_with_no_taskflow_operators to 2025-12-06 00:00:00+00:00, run_after=2025-12-07 00:00:00+00:00
[2025-12-07T16:15:59.870+0000] {processor.py:183} INFO - Processing /home/airflow/.local/lib/python3.8/site-packages/airflow/example_dags/example_dynamic_task_mapping_with_no_taskflow_operators.py took 0.125 seconds
[2025-12-07T16:16:30.147+0000] {processor.py:161} INFO - Started process (PID=2510) to work on /home/airflow/.local/lib/python3.8/site-packages/airflow/example_dags/example_dynamic_task_mapping_with_no_taskflow_operators.py
[2025-12-07T16:16:30.150+0000] {processor.py:830} INFO - Processing file /home/airflow/.local/lib/python3.8/site-packages/airflow/example_dags/example_dynamic_task_mapping_with_no_taskflow_operators.py for tasks to queue
[2025-12-07T16:16:30.154+0000] {logging_mixin.py:188} INFO - [2025-12-07T16:16:30.154+0000] {dagbag.py:538} INFO - Filling up the DagBag from /home/airflow/.local/lib/python3.8/site-packages/airflow/example_dags/example_dynamic_task_mapping_with_no_taskflow_operators.py
[2025-12-07T16:16:30.164+0000] {processor.py:840} INFO - DAG(s) 'example_dynamic_task_mapping_with_no_taskflow_operators' retrieved from /home/airflow/.local/lib/python3.8/site-packages/airflow/example_dags/example_dynamic_task_mapping_with_no_taskflow_operators.py
[2025-12-07T16:16:30.196+0000] {logging_mixin.py:188} INFO - [2025-12-07T16:16:30.195+0000] {dag.py:3036} INFO - Sync 1 DAGs
[2025-12-07T16:16:30.226+0000] {logging_mixin.py:188} INFO - [2025-12-07T16:16:30.226+0000] {dag.py:3823} INFO - Setting next_dagrun for example_dynamic_task_mapping_with_no_taskflow_operators to 2025-12-06 00:00:00+00:00, run_after=2025-12-07 00:00:00+00:00
[2025-12-07T16:16:30.261+0000] {processor.py:183} INFO - Processing /home/airflow/.local/lib/python3.8/site-packages/airflow/example_dags/example_dynamic_task_mapping_with_no_taskflow_operators.py took 0.125 seconds
[2025-12-07T16:17:00.598+0000] {processor.py:161} INFO - Started process (PID=2571) to work on /home/airflow/.local/lib/python3.8/site-packages/airflow/example_dags/example_dynamic_task_mapping_with_no_taskflow_operators.py
[2025-12-07T16:17:00.599+0000] {processor.py:830} INFO - Processing file /home/airflow/.local/lib/python3.8/site-packages/airflow/example_dags/example_dynamic_task_mapping_with_no_taskflow_operators.py for tasks to queue
[2025-12-07T16:17:00.602+0000] {logging_mixin.py:188} INFO - [2025-12-07T16:17:00.601+0000] {dagbag.py:538} INFO - Filling up the DagBag from /home/airflow/.local/lib/python3.8/site-packages/airflow/example_dags/example_dynamic_task_mapping_with_no_taskflow_operators.py
[2025-12-07T16:17:00.612+0000] {processor.py:840} INFO - DAG(s) 'example_dynamic_task_mapping_with_no_taskflow_operators' retrieved from /home/airflow/.local/lib/python3.8/site-packages/airflow/example_dags/example_dynamic_task_mapping_with_no_taskflow_operators.py
[2025-12-07T16:17:00.801+0000] {logging_mixin.py:188} INFO - [2025-12-07T16:17:00.801+0000] {dag.py:3036} INFO - Sync 1 DAGs
[2025-12-07T16:17:00.827+0000] {logging_mixin.py:188} INFO - [2025-12-07T16:17:00.827+0000] {dag.py:3823} INFO - Setting next_dagrun for example_dynamic_task_mapping_with_no_taskflow_operators to 2025-12-06 00:00:00+00:00, run_after=2025-12-07 00:00:00+00:00
[2025-12-07T16:17:00.861+0000] {processor.py:183} INFO - Processing /home/airflow/.local/lib/python3.8/site-packages/airflow/example_dags/example_dynamic_task_mapping_with_no_taskflow_operators.py took 0.269 seconds
[2025-12-07T16:17:30.991+0000] {processor.py:161} INFO - Started process (PID=2632) to work on /home/airflow/.local/lib/python3.8/site-packages/airflow/example_dags/example_dynamic_task_mapping_with_no_taskflow_operators.py
[2025-12-07T16:17:30.993+0000] {processor.py:830} INFO - Processing file /home/airflow/.local/lib/python3.8/site-packages/airflow/example_dags/example_dynamic_task_mapping_with_no_taskflow_operators.py for tasks to queue
[2025-12-07T16:17:30.996+0000] {logging_mixin.py:188} INFO - [2025-12-07T16:17:30.995+0000] {dagbag.py:538} INFO - Filling up the DagBag from /home/airflow/.local/lib/python3.8/site-packages/airflow/example_dags/example_dynamic_task_mapping_with_no_taskflow_operators.py
[2025-12-07T16:17:31.006+0000] {processor.py:840} INFO - DAG(s) 'example_dynamic_task_mapping_with_no_taskflow_operators' retrieved from /home/airflow/.local/lib/python3.8/site-packages/airflow/example_dags/example_dynamic_task_mapping_with_no_taskflow_operators.py
[2025-12-07T16:17:31.039+0000] {logging_mixin.py:188} INFO - [2025-12-07T16:17:31.039+0000] {dag.py:3036} INFO - Sync 1 DAGs
[2025-12-07T16:17:31.213+0000] {logging_mixin.py:188} INFO - [2025-12-07T16:17:31.213+0000] {dag.py:3823} INFO - Setting next_dagrun for example_dynamic_task_mapping_with_no_taskflow_operators to 2025-12-06 00:00:00+00:00, run_after=2025-12-07 00:00:00+00:00
[2025-12-07T16:17:31.242+0000] {processor.py:183} INFO - Processing /home/airflow/.local/lib/python3.8/site-packages/airflow/example_dags/example_dynamic_task_mapping_with_no_taskflow_operators.py took 0.257 seconds
[2025-12-07T16:18:02.169+0000] {processor.py:161} INFO - Started process (PID=2693) to work on /home/airflow/.local/lib/python3.8/site-packages/airflow/example_dags/example_dynamic_task_mapping_with_no_taskflow_operators.py
[2025-12-07T16:18:02.171+0000] {processor.py:830} INFO - Processing file /home/airflow/.local/lib/python3.8/site-packages/airflow/example_dags/example_dynamic_task_mapping_with_no_taskflow_operators.py for tasks to queue
[2025-12-07T16:18:02.176+0000] {logging_mixin.py:188} INFO - [2025-12-07T16:18:02.175+0000] {dagbag.py:538} INFO - Filling up the DagBag from /home/airflow/.local/lib/python3.8/site-packages/airflow/example_dags/example_dynamic_task_mapping_with_no_taskflow_operators.py
[2025-12-07T16:18:02.191+0000] {processor.py:840} INFO - DAG(s) 'example_dynamic_task_mapping_with_no_taskflow_operators' retrieved from /home/airflow/.local/lib/python3.8/site-packages/airflow/example_dags/example_dynamic_task_mapping_with_no_taskflow_operators.py
[2025-12-07T16:18:02.233+0000] {logging_mixin.py:188} INFO - [2025-12-07T16:18:02.232+0000] {dag.py:3036} INFO - Sync 1 DAGs
[2025-12-07T16:18:02.284+0000] {logging_mixin.py:188} INFO - [2025-12-07T16:18:02.283+0000] {dag.py:3823} INFO - Setting next_dagrun for example_dynamic_task_mapping_with_no_taskflow_operators to 2025-12-06 00:00:00+00:00, run_after=2025-12-07 00:00:00+00:00
[2025-12-07T16:18:02.325+0000] {processor.py:183} INFO - Processing /home/airflow/.local/lib/python3.8/site-packages/airflow/example_dags/example_dynamic_task_mapping_with_no_taskflow_operators.py took 0.163 seconds
[2025-12-07T16:18:32.617+0000] {processor.py:161} INFO - Started process (PID=2754) to work on /home/airflow/.local/lib/python3.8/site-packages/airflow/example_dags/example_dynamic_task_mapping_with_no_taskflow_operators.py
[2025-12-07T16:18:32.619+0000] {processor.py:830} INFO - Processing file /home/airflow/.local/lib/python3.8/site-packages/airflow/example_dags/example_dynamic_task_mapping_with_no_taskflow_operators.py for tasks to queue
[2025-12-07T16:18:32.621+0000] {logging_mixin.py:188} INFO - [2025-12-07T16:18:32.621+0000] {dagbag.py:538} INFO - Filling up the DagBag from /home/airflow/.local/lib/python3.8/site-packages/airflow/example_dags/example_dynamic_task_mapping_with_no_taskflow_operators.py
[2025-12-07T16:18:32.631+0000] {processor.py:840} INFO - DAG(s) 'example_dynamic_task_mapping_with_no_taskflow_operators' retrieved from /home/airflow/.local/lib/python3.8/site-packages/airflow/example_dags/example_dynamic_task_mapping_with_no_taskflow_operators.py
[2025-12-07T16:18:32.663+0000] {logging_mixin.py:188} INFO - [2025-12-07T16:18:32.662+0000] {dag.py:3036} INFO - Sync 1 DAGs
[2025-12-07T16:18:32.699+0000] {logging_mixin.py:188} INFO - [2025-12-07T16:18:32.698+0000] {dag.py:3823} INFO - Setting next_dagrun for example_dynamic_task_mapping_with_no_taskflow_operators to 2025-12-06 00:00:00+00:00, run_after=2025-12-07 00:00:00+00:00
[2025-12-07T16:18:32.729+0000] {processor.py:183} INFO - Processing /home/airflow/.local/lib/python3.8/site-packages/airflow/example_dags/example_dynamic_task_mapping_with_no_taskflow_operators.py took 0.118 seconds
[2025-12-07T16:19:02.928+0000] {processor.py:161} INFO - Started process (PID=2815) to work on /home/airflow/.local/lib/python3.8/site-packages/airflow/example_dags/example_dynamic_task_mapping_with_no_taskflow_operators.py
[2025-12-07T16:19:02.930+0000] {processor.py:830} INFO - Processing file /home/airflow/.local/lib/python3.8/site-packages/airflow/example_dags/example_dynamic_task_mapping_with_no_taskflow_operators.py for tasks to queue
[2025-12-07T16:19:02.933+0000] {logging_mixin.py:188} INFO - [2025-12-07T16:19:02.932+0000] {dagbag.py:538} INFO - Filling up the DagBag from /home/airflow/.local/lib/python3.8/site-packages/airflow/example_dags/example_dynamic_task_mapping_with_no_taskflow_operators.py
[2025-12-07T16:19:02.941+0000] {processor.py:840} INFO - DAG(s) 'example_dynamic_task_mapping_with_no_taskflow_operators' retrieved from /home/airflow/.local/lib/python3.8/site-packages/airflow/example_dags/example_dynamic_task_mapping_with_no_taskflow_operators.py
[2025-12-07T16:19:02.970+0000] {logging_mixin.py:188} INFO - [2025-12-07T16:19:02.969+0000] {dag.py:3036} INFO - Sync 1 DAGs
[2025-12-07T16:19:03.000+0000] {logging_mixin.py:188} INFO - [2025-12-07T16:19:03.000+0000] {dag.py:3823} INFO - Setting next_dagrun for example_dynamic_task_mapping_with_no_taskflow_operators to 2025-12-06 00:00:00+00:00, run_after=2025-12-07 00:00:00+00:00
[2025-12-07T16:19:03.031+0000] {processor.py:183} INFO - Processing /home/airflow/.local/lib/python3.8/site-packages/airflow/example_dags/example_dynamic_task_mapping_with_no_taskflow_operators.py took 0.106 seconds
[2025-12-07T16:19:33.344+0000] {processor.py:161} INFO - Started process (PID=2876) to work on /home/airflow/.local/lib/python3.8/site-packages/airflow/example_dags/example_dynamic_task_mapping_with_no_taskflow_operators.py
[2025-12-07T16:19:33.346+0000] {processor.py:830} INFO - Processing file /home/airflow/.local/lib/python3.8/site-packages/airflow/example_dags/example_dynamic_task_mapping_with_no_taskflow_operators.py for tasks to queue
[2025-12-07T16:19:33.349+0000] {logging_mixin.py:188} INFO - [2025-12-07T16:19:33.348+0000] {dagbag.py:538} INFO - Filling up the DagBag from /home/airflow/.local/lib/python3.8/site-packages/airflow/example_dags/example_dynamic_task_mapping_with_no_taskflow_operators.py
[2025-12-07T16:19:33.363+0000] {processor.py:840} INFO - DAG(s) 'example_dynamic_task_mapping_with_no_taskflow_operators' retrieved from /home/airflow/.local/lib/python3.8/site-packages/airflow/example_dags/example_dynamic_task_mapping_with_no_taskflow_operators.py
[2025-12-07T16:19:33.400+0000] {logging_mixin.py:188} INFO - [2025-12-07T16:19:33.400+0000] {dag.py:3036} INFO - Sync 1 DAGs
[2025-12-07T16:19:33.441+0000] {logging_mixin.py:188} INFO - [2025-12-07T16:19:33.441+0000] {dag.py:3823} INFO - Setting next_dagrun for example_dynamic_task_mapping_with_no_taskflow_operators to 2025-12-06 00:00:00+00:00, run_after=2025-12-07 00:00:00+00:00
[2025-12-07T16:19:33.485+0000] {processor.py:183} INFO - Processing /home/airflow/.local/lib/python3.8/site-packages/airflow/example_dags/example_dynamic_task_mapping_with_no_taskflow_operators.py took 0.145 seconds
[2025-12-07T16:20:03.901+0000] {processor.py:161} INFO - Started process (PID=2937) to work on /home/airflow/.local/lib/python3.8/site-packages/airflow/example_dags/example_dynamic_task_mapping_with_no_taskflow_operators.py
[2025-12-07T16:20:03.903+0000] {processor.py:830} INFO - Processing file /home/airflow/.local/lib/python3.8/site-packages/airflow/example_dags/example_dynamic_task_mapping_with_no_taskflow_operators.py for tasks to queue
[2025-12-07T16:20:03.906+0000] {logging_mixin.py:188} INFO - [2025-12-07T16:20:03.905+0000] {dagbag.py:538} INFO - Filling up the DagBag from /home/airflow/.local/lib/python3.8/site-packages/airflow/example_dags/example_dynamic_task_mapping_with_no_taskflow_operators.py
[2025-12-07T16:20:03.916+0000] {processor.py:840} INFO - DAG(s) 'example_dynamic_task_mapping_with_no_taskflow_operators' retrieved from /home/airflow/.local/lib/python3.8/site-packages/airflow/example_dags/example_dynamic_task_mapping_with_no_taskflow_operators.py
[2025-12-07T16:20:03.962+0000] {logging_mixin.py:188} INFO - [2025-12-07T16:20:03.962+0000] {dag.py:3036} INFO - Sync 1 DAGs
[2025-12-07T16:20:03.997+0000] {logging_mixin.py:188} INFO - [2025-12-07T16:20:03.997+0000] {dag.py:3823} INFO - Setting next_dagrun for example_dynamic_task_mapping_with_no_taskflow_operators to 2025-12-06 00:00:00+00:00, run_after=2025-12-07 00:00:00+00:00
[2025-12-07T16:20:04.032+0000] {processor.py:183} INFO - Processing /home/airflow/.local/lib/python3.8/site-packages/airflow/example_dags/example_dynamic_task_mapping_with_no_taskflow_operators.py took 0.137 seconds
[2025-12-07T16:20:34.471+0000] {processor.py:161} INFO - Started process (PID=2998) to work on /home/airflow/.local/lib/python3.8/site-packages/airflow/example_dags/example_dynamic_task_mapping_with_no_taskflow_operators.py
[2025-12-07T16:20:34.472+0000] {processor.py:830} INFO - Processing file /home/airflow/.local/lib/python3.8/site-packages/airflow/example_dags/example_dynamic_task_mapping_with_no_taskflow_operators.py for tasks to queue
[2025-12-07T16:20:34.475+0000] {logging_mixin.py:188} INFO - [2025-12-07T16:20:34.474+0000] {dagbag.py:538} INFO - Filling up the DagBag from /home/airflow/.local/lib/python3.8/site-packages/airflow/example_dags/example_dynamic_task_mapping_with_no_taskflow_operators.py
[2025-12-07T16:20:34.488+0000] {processor.py:840} INFO - DAG(s) 'example_dynamic_task_mapping_with_no_taskflow_operators' retrieved from /home/airflow/.local/lib/python3.8/site-packages/airflow/example_dags/example_dynamic_task_mapping_with_no_taskflow_operators.py
[2025-12-07T16:20:34.534+0000] {logging_mixin.py:188} INFO - [2025-12-07T16:20:34.534+0000] {dag.py:3036} INFO - Sync 1 DAGs
[2025-12-07T16:20:34.573+0000] {logging_mixin.py:188} INFO - [2025-12-07T16:20:34.572+0000] {dag.py:3823} INFO - Setting next_dagrun for example_dynamic_task_mapping_with_no_taskflow_operators to 2025-12-06 00:00:00+00:00, run_after=2025-12-07 00:00:00+00:00
[2025-12-07T16:20:34.605+0000] {processor.py:183} INFO - Processing /home/airflow/.local/lib/python3.8/site-packages/airflow/example_dags/example_dynamic_task_mapping_with_no_taskflow_operators.py took 0.141 seconds
[2025-12-07T16:21:05.160+0000] {processor.py:161} INFO - Started process (PID=3059) to work on /home/airflow/.local/lib/python3.8/site-packages/airflow/example_dags/example_dynamic_task_mapping_with_no_taskflow_operators.py
[2025-12-07T16:21:05.161+0000] {processor.py:830} INFO - Processing file /home/airflow/.local/lib/python3.8/site-packages/airflow/example_dags/example_dynamic_task_mapping_with_no_taskflow_operators.py for tasks to queue
[2025-12-07T16:21:05.164+0000] {logging_mixin.py:188} INFO - [2025-12-07T16:21:05.163+0000] {dagbag.py:538} INFO - Filling up the DagBag from /home/airflow/.local/lib/python3.8/site-packages/airflow/example_dags/example_dynamic_task_mapping_with_no_taskflow_operators.py
[2025-12-07T16:21:05.174+0000] {processor.py:840} INFO - DAG(s) 'example_dynamic_task_mapping_with_no_taskflow_operators' retrieved from /home/airflow/.local/lib/python3.8/site-packages/airflow/example_dags/example_dynamic_task_mapping_with_no_taskflow_operators.py
[2025-12-07T16:21:05.206+0000] {logging_mixin.py:188} INFO - [2025-12-07T16:21:05.206+0000] {dag.py:3036} INFO - Sync 1 DAGs
[2025-12-07T16:21:05.236+0000] {logging_mixin.py:188} INFO - [2025-12-07T16:21:05.235+0000] {dag.py:3823} INFO - Setting next_dagrun for example_dynamic_task_mapping_with_no_taskflow_operators to 2025-12-06 00:00:00+00:00, run_after=2025-12-07 00:00:00+00:00
[2025-12-07T16:21:05.266+0000] {processor.py:183} INFO - Processing /home/airflow/.local/lib/python3.8/site-packages/airflow/example_dags/example_dynamic_task_mapping_with_no_taskflow_operators.py took 0.111 seconds
[2025-12-07T16:21:35.591+0000] {processor.py:161} INFO - Started process (PID=3120) to work on /home/airflow/.local/lib/python3.8/site-packages/airflow/example_dags/example_dynamic_task_mapping_with_no_taskflow_operators.py
[2025-12-07T16:21:35.592+0000] {processor.py:830} INFO - Processing file /home/airflow/.local/lib/python3.8/site-packages/airflow/example_dags/example_dynamic_task_mapping_with_no_taskflow_operators.py for tasks to queue
[2025-12-07T16:21:35.596+0000] {logging_mixin.py:188} INFO - [2025-12-07T16:21:35.595+0000] {dagbag.py:538} INFO - Filling up the DagBag from /home/airflow/.local/lib/python3.8/site-packages/airflow/example_dags/example_dynamic_task_mapping_with_no_taskflow_operators.py
[2025-12-07T16:21:35.612+0000] {processor.py:840} INFO - DAG(s) 'example_dynamic_task_mapping_with_no_taskflow_operators' retrieved from /home/airflow/.local/lib/python3.8/site-packages/airflow/example_dags/example_dynamic_task_mapping_with_no_taskflow_operators.py
[2025-12-07T16:21:35.660+0000] {logging_mixin.py:188} INFO - [2025-12-07T16:21:35.659+0000] {dag.py:3036} INFO - Sync 1 DAGs
[2025-12-07T16:21:35.708+0000] {logging_mixin.py:188} INFO - [2025-12-07T16:21:35.707+0000] {dag.py:3823} INFO - Setting next_dagrun for example_dynamic_task_mapping_with_no_taskflow_operators to 2025-12-06 00:00:00+00:00, run_after=2025-12-07 00:00:00+00:00
[2025-12-07T16:21:35.752+0000] {processor.py:183} INFO - Processing /home/airflow/.local/lib/python3.8/site-packages/airflow/example_dags/example_dynamic_task_mapping_with_no_taskflow_operators.py took 0.171 seconds
[2025-12-07T16:22:06.181+0000] {processor.py:161} INFO - Started process (PID=3181) to work on /home/airflow/.local/lib/python3.8/site-packages/airflow/example_dags/example_dynamic_task_mapping_with_no_taskflow_operators.py
[2025-12-07T16:22:06.182+0000] {processor.py:830} INFO - Processing file /home/airflow/.local/lib/python3.8/site-packages/airflow/example_dags/example_dynamic_task_mapping_with_no_taskflow_operators.py for tasks to queue
[2025-12-07T16:22:06.186+0000] {logging_mixin.py:188} INFO - [2025-12-07T16:22:06.186+0000] {dagbag.py:538} INFO - Filling up the DagBag from /home/airflow/.local/lib/python3.8/site-packages/airflow/example_dags/example_dynamic_task_mapping_with_no_taskflow_operators.py
[2025-12-07T16:22:06.198+0000] {processor.py:840} INFO - DAG(s) 'example_dynamic_task_mapping_with_no_taskflow_operators' retrieved from /home/airflow/.local/lib/python3.8/site-packages/airflow/example_dags/example_dynamic_task_mapping_with_no_taskflow_operators.py
[2025-12-07T16:22:06.226+0000] {logging_mixin.py:188} INFO - [2025-12-07T16:22:06.225+0000] {dag.py:3036} INFO - Sync 1 DAGs
[2025-12-07T16:22:06.258+0000] {logging_mixin.py:188} INFO - [2025-12-07T16:22:06.257+0000] {dag.py:3823} INFO - Setting next_dagrun for example_dynamic_task_mapping_with_no_taskflow_operators to 2025-12-06 00:00:00+00:00, run_after=2025-12-07 00:00:00+00:00
[2025-12-07T16:22:06.289+0000] {processor.py:183} INFO - Processing /home/airflow/.local/lib/python3.8/site-packages/airflow/example_dags/example_dynamic_task_mapping_with_no_taskflow_operators.py took 0.113 seconds
[2025-12-07T16:22:36.668+0000] {processor.py:161} INFO - Started process (PID=3242) to work on /home/airflow/.local/lib/python3.8/site-packages/airflow/example_dags/example_dynamic_task_mapping_with_no_taskflow_operators.py
[2025-12-07T16:22:36.669+0000] {processor.py:830} INFO - Processing file /home/airflow/.local/lib/python3.8/site-packages/airflow/example_dags/example_dynamic_task_mapping_with_no_taskflow_operators.py for tasks to queue
[2025-12-07T16:22:36.672+0000] {logging_mixin.py:188} INFO - [2025-12-07T16:22:36.671+0000] {dagbag.py:538} INFO - Filling up the DagBag from /home/airflow/.local/lib/python3.8/site-packages/airflow/example_dags/example_dynamic_task_mapping_with_no_taskflow_operators.py
[2025-12-07T16:22:36.681+0000] {processor.py:840} INFO - DAG(s) 'example_dynamic_task_mapping_with_no_taskflow_operators' retrieved from /home/airflow/.local/lib/python3.8/site-packages/airflow/example_dags/example_dynamic_task_mapping_with_no_taskflow_operators.py
[2025-12-07T16:22:36.711+0000] {logging_mixin.py:188} INFO - [2025-12-07T16:22:36.711+0000] {dag.py:3036} INFO - Sync 1 DAGs
[2025-12-07T16:22:36.742+0000] {logging_mixin.py:188} INFO - [2025-12-07T16:22:36.741+0000] {dag.py:3823} INFO - Setting next_dagrun for example_dynamic_task_mapping_with_no_taskflow_operators to 2025-12-06 00:00:00+00:00, run_after=2025-12-07 00:00:00+00:00
[2025-12-07T16:22:36.771+0000] {processor.py:183} INFO - Processing /home/airflow/.local/lib/python3.8/site-packages/airflow/example_dags/example_dynamic_task_mapping_with_no_taskflow_operators.py took 0.109 seconds
[2025-12-07T16:23:07.422+0000] {processor.py:161} INFO - Started process (PID=3303) to work on /home/airflow/.local/lib/python3.8/site-packages/airflow/example_dags/example_dynamic_task_mapping_with_no_taskflow_operators.py
[2025-12-07T16:23:07.424+0000] {processor.py:830} INFO - Processing file /home/airflow/.local/lib/python3.8/site-packages/airflow/example_dags/example_dynamic_task_mapping_with_no_taskflow_operators.py for tasks to queue
[2025-12-07T16:23:07.426+0000] {logging_mixin.py:188} INFO - [2025-12-07T16:23:07.426+0000] {dagbag.py:538} INFO - Filling up the DagBag from /home/airflow/.local/lib/python3.8/site-packages/airflow/example_dags/example_dynamic_task_mapping_with_no_taskflow_operators.py
[2025-12-07T16:23:07.434+0000] {processor.py:840} INFO - DAG(s) 'example_dynamic_task_mapping_with_no_taskflow_operators' retrieved from /home/airflow/.local/lib/python3.8/site-packages/airflow/example_dags/example_dynamic_task_mapping_with_no_taskflow_operators.py
[2025-12-07T16:23:07.465+0000] {logging_mixin.py:188} INFO - [2025-12-07T16:23:07.464+0000] {dag.py:3036} INFO - Sync 1 DAGs
[2025-12-07T16:23:07.492+0000] {logging_mixin.py:188} INFO - [2025-12-07T16:23:07.492+0000] {dag.py:3823} INFO - Setting next_dagrun for example_dynamic_task_mapping_with_no_taskflow_operators to 2025-12-06 00:00:00+00:00, run_after=2025-12-07 00:00:00+00:00
[2025-12-07T16:23:07.523+0000] {processor.py:183} INFO - Processing /home/airflow/.local/lib/python3.8/site-packages/airflow/example_dags/example_dynamic_task_mapping_with_no_taskflow_operators.py took 0.106 seconds
[2025-12-07T16:23:37.790+0000] {processor.py:161} INFO - Started process (PID=3364) to work on /home/airflow/.local/lib/python3.8/site-packages/airflow/example_dags/example_dynamic_task_mapping_with_no_taskflow_operators.py
[2025-12-07T16:23:37.791+0000] {processor.py:830} INFO - Processing file /home/airflow/.local/lib/python3.8/site-packages/airflow/example_dags/example_dynamic_task_mapping_with_no_taskflow_operators.py for tasks to queue
[2025-12-07T16:23:37.794+0000] {logging_mixin.py:188} INFO - [2025-12-07T16:23:37.793+0000] {dagbag.py:538} INFO - Filling up the DagBag from /home/airflow/.local/lib/python3.8/site-packages/airflow/example_dags/example_dynamic_task_mapping_with_no_taskflow_operators.py
[2025-12-07T16:23:37.804+0000] {processor.py:840} INFO - DAG(s) 'example_dynamic_task_mapping_with_no_taskflow_operators' retrieved from /home/airflow/.local/lib/python3.8/site-packages/airflow/example_dags/example_dynamic_task_mapping_with_no_taskflow_operators.py
[2025-12-07T16:23:37.832+0000] {logging_mixin.py:188} INFO - [2025-12-07T16:23:37.832+0000] {dag.py:3036} INFO - Sync 1 DAGs
[2025-12-07T16:23:37.864+0000] {logging_mixin.py:188} INFO - [2025-12-07T16:23:37.864+0000] {dag.py:3823} INFO - Setting next_dagrun for example_dynamic_task_mapping_with_no_taskflow_operators to 2025-12-06 00:00:00+00:00, run_after=2025-12-07 00:00:00+00:00
[2025-12-07T16:23:37.903+0000] {processor.py:183} INFO - Processing /home/airflow/.local/lib/python3.8/site-packages/airflow/example_dags/example_dynamic_task_mapping_with_no_taskflow_operators.py took 0.119 seconds
[2025-12-07T16:24:07.984+0000] {processor.py:161} INFO - Started process (PID=3425) to work on /home/airflow/.local/lib/python3.8/site-packages/airflow/example_dags/example_dynamic_task_mapping_with_no_taskflow_operators.py
[2025-12-07T16:24:07.985+0000] {processor.py:830} INFO - Processing file /home/airflow/.local/lib/python3.8/site-packages/airflow/example_dags/example_dynamic_task_mapping_with_no_taskflow_operators.py for tasks to queue
[2025-12-07T16:24:07.988+0000] {logging_mixin.py:188} INFO - [2025-12-07T16:24:07.987+0000] {dagbag.py:538} INFO - Filling up the DagBag from /home/airflow/.local/lib/python3.8/site-packages/airflow/example_dags/example_dynamic_task_mapping_with_no_taskflow_operators.py
[2025-12-07T16:24:07.998+0000] {processor.py:840} INFO - DAG(s) 'example_dynamic_task_mapping_with_no_taskflow_operators' retrieved from /home/airflow/.local/lib/python3.8/site-packages/airflow/example_dags/example_dynamic_task_mapping_with_no_taskflow_operators.py
[2025-12-07T16:24:08.028+0000] {logging_mixin.py:188} INFO - [2025-12-07T16:24:08.028+0000] {dag.py:3036} INFO - Sync 1 DAGs
[2025-12-07T16:24:08.060+0000] {logging_mixin.py:188} INFO - [2025-12-07T16:24:08.059+0000] {dag.py:3823} INFO - Setting next_dagrun for example_dynamic_task_mapping_with_no_taskflow_operators to 2025-12-06 00:00:00+00:00, run_after=2025-12-07 00:00:00+00:00
[2025-12-07T16:24:08.098+0000] {processor.py:183} INFO - Processing /home/airflow/.local/lib/python3.8/site-packages/airflow/example_dags/example_dynamic_task_mapping_with_no_taskflow_operators.py took 0.119 seconds
[2025-12-07T16:24:38.634+0000] {processor.py:161} INFO - Started process (PID=3486) to work on /home/airflow/.local/lib/python3.8/site-packages/airflow/example_dags/example_dynamic_task_mapping_with_no_taskflow_operators.py
[2025-12-07T16:24:38.636+0000] {processor.py:830} INFO - Processing file /home/airflow/.local/lib/python3.8/site-packages/airflow/example_dags/example_dynamic_task_mapping_with_no_taskflow_operators.py for tasks to queue
[2025-12-07T16:24:38.638+0000] {logging_mixin.py:188} INFO - [2025-12-07T16:24:38.638+0000] {dagbag.py:538} INFO - Filling up the DagBag from /home/airflow/.local/lib/python3.8/site-packages/airflow/example_dags/example_dynamic_task_mapping_with_no_taskflow_operators.py
[2025-12-07T16:24:38.649+0000] {processor.py:840} INFO - DAG(s) 'example_dynamic_task_mapping_with_no_taskflow_operators' retrieved from /home/airflow/.local/lib/python3.8/site-packages/airflow/example_dags/example_dynamic_task_mapping_with_no_taskflow_operators.py
[2025-12-07T16:24:38.685+0000] {logging_mixin.py:188} INFO - [2025-12-07T16:24:38.684+0000] {dag.py:3036} INFO - Sync 1 DAGs
[2025-12-07T16:24:38.715+0000] {logging_mixin.py:188} INFO - [2025-12-07T16:24:38.714+0000] {dag.py:3823} INFO - Setting next_dagrun for example_dynamic_task_mapping_with_no_taskflow_operators to 2025-12-06 00:00:00+00:00, run_after=2025-12-07 00:00:00+00:00
[2025-12-07T16:24:38.747+0000] {processor.py:183} INFO - Processing /home/airflow/.local/lib/python3.8/site-packages/airflow/example_dags/example_dynamic_task_mapping_with_no_taskflow_operators.py took 0.118 seconds
[2025-12-07T16:25:09.414+0000] {processor.py:161} INFO - Started process (PID=3548) to work on /home/airflow/.local/lib/python3.8/site-packages/airflow/example_dags/example_dynamic_task_mapping_with_no_taskflow_operators.py
[2025-12-07T16:25:09.417+0000] {processor.py:830} INFO - Processing file /home/airflow/.local/lib/python3.8/site-packages/airflow/example_dags/example_dynamic_task_mapping_with_no_taskflow_operators.py for tasks to queue
[2025-12-07T16:25:09.420+0000] {logging_mixin.py:188} INFO - [2025-12-07T16:25:09.419+0000] {dagbag.py:538} INFO - Filling up the DagBag from /home/airflow/.local/lib/python3.8/site-packages/airflow/example_dags/example_dynamic_task_mapping_with_no_taskflow_operators.py
[2025-12-07T16:25:09.434+0000] {processor.py:840} INFO - DAG(s) 'example_dynamic_task_mapping_with_no_taskflow_operators' retrieved from /home/airflow/.local/lib/python3.8/site-packages/airflow/example_dags/example_dynamic_task_mapping_with_no_taskflow_operators.py
[2025-12-07T16:25:09.467+0000] {logging_mixin.py:188} INFO - [2025-12-07T16:25:09.466+0000] {dag.py:3036} INFO - Sync 1 DAGs
[2025-12-07T16:25:09.507+0000] {logging_mixin.py:188} INFO - [2025-12-07T16:25:09.507+0000] {dag.py:3823} INFO - Setting next_dagrun for example_dynamic_task_mapping_with_no_taskflow_operators to 2025-12-06 00:00:00+00:00, run_after=2025-12-07 00:00:00+00:00
[2025-12-07T16:25:09.542+0000] {processor.py:183} INFO - Processing /home/airflow/.local/lib/python3.8/site-packages/airflow/example_dags/example_dynamic_task_mapping_with_no_taskflow_operators.py took 0.132 seconds
[2025-12-07T16:25:39.842+0000] {processor.py:161} INFO - Started process (PID=3609) to work on /home/airflow/.local/lib/python3.8/site-packages/airflow/example_dags/example_dynamic_task_mapping_with_no_taskflow_operators.py
[2025-12-07T16:25:39.843+0000] {processor.py:830} INFO - Processing file /home/airflow/.local/lib/python3.8/site-packages/airflow/example_dags/example_dynamic_task_mapping_with_no_taskflow_operators.py for tasks to queue
[2025-12-07T16:25:39.846+0000] {logging_mixin.py:188} INFO - [2025-12-07T16:25:39.846+0000] {dagbag.py:538} INFO - Filling up the DagBag from /home/airflow/.local/lib/python3.8/site-packages/airflow/example_dags/example_dynamic_task_mapping_with_no_taskflow_operators.py
[2025-12-07T16:25:39.856+0000] {processor.py:840} INFO - DAG(s) 'example_dynamic_task_mapping_with_no_taskflow_operators' retrieved from /home/airflow/.local/lib/python3.8/site-packages/airflow/example_dags/example_dynamic_task_mapping_with_no_taskflow_operators.py
[2025-12-07T16:25:39.887+0000] {logging_mixin.py:188} INFO - [2025-12-07T16:25:39.887+0000] {dag.py:3036} INFO - Sync 1 DAGs
[2025-12-07T16:25:39.922+0000] {logging_mixin.py:188} INFO - [2025-12-07T16:25:39.921+0000] {dag.py:3823} INFO - Setting next_dagrun for example_dynamic_task_mapping_with_no_taskflow_operators to 2025-12-06 00:00:00+00:00, run_after=2025-12-07 00:00:00+00:00
[2025-12-07T16:25:39.952+0000] {processor.py:183} INFO - Processing /home/airflow/.local/lib/python3.8/site-packages/airflow/example_dags/example_dynamic_task_mapping_with_no_taskflow_operators.py took 0.115 seconds
[2025-12-07T16:26:10.434+0000] {processor.py:161} INFO - Started process (PID=3670) to work on /home/airflow/.local/lib/python3.8/site-packages/airflow/example_dags/example_dynamic_task_mapping_with_no_taskflow_operators.py
[2025-12-07T16:26:10.436+0000] {processor.py:830} INFO - Processing file /home/airflow/.local/lib/python3.8/site-packages/airflow/example_dags/example_dynamic_task_mapping_with_no_taskflow_operators.py for tasks to queue
[2025-12-07T16:26:10.442+0000] {logging_mixin.py:188} INFO - [2025-12-07T16:26:10.441+0000] {dagbag.py:538} INFO - Filling up the DagBag from /home/airflow/.local/lib/python3.8/site-packages/airflow/example_dags/example_dynamic_task_mapping_with_no_taskflow_operators.py
[2025-12-07T16:26:10.453+0000] {processor.py:840} INFO - DAG(s) 'example_dynamic_task_mapping_with_no_taskflow_operators' retrieved from /home/airflow/.local/lib/python3.8/site-packages/airflow/example_dags/example_dynamic_task_mapping_with_no_taskflow_operators.py
[2025-12-07T16:26:10.482+0000] {logging_mixin.py:188} INFO - [2025-12-07T16:26:10.481+0000] {dag.py:3036} INFO - Sync 1 DAGs
[2025-12-07T16:26:10.522+0000] {logging_mixin.py:188} INFO - [2025-12-07T16:26:10.522+0000] {dag.py:3823} INFO - Setting next_dagrun for example_dynamic_task_mapping_with_no_taskflow_operators to 2025-12-06 00:00:00+00:00, run_after=2025-12-07 00:00:00+00:00
[2025-12-07T16:26:10.556+0000] {processor.py:183} INFO - Processing /home/airflow/.local/lib/python3.8/site-packages/airflow/example_dags/example_dynamic_task_mapping_with_no_taskflow_operators.py took 0.127 seconds
[2025-12-07T16:26:40.978+0000] {processor.py:161} INFO - Started process (PID=3731) to work on /home/airflow/.local/lib/python3.8/site-packages/airflow/example_dags/example_dynamic_task_mapping_with_no_taskflow_operators.py
[2025-12-07T16:26:40.980+0000] {processor.py:830} INFO - Processing file /home/airflow/.local/lib/python3.8/site-packages/airflow/example_dags/example_dynamic_task_mapping_with_no_taskflow_operators.py for tasks to queue
[2025-12-07T16:26:40.982+0000] {logging_mixin.py:188} INFO - [2025-12-07T16:26:40.982+0000] {dagbag.py:538} INFO - Filling up the DagBag from /home/airflow/.local/lib/python3.8/site-packages/airflow/example_dags/example_dynamic_task_mapping_with_no_taskflow_operators.py
[2025-12-07T16:26:40.991+0000] {processor.py:840} INFO - DAG(s) 'example_dynamic_task_mapping_with_no_taskflow_operators' retrieved from /home/airflow/.local/lib/python3.8/site-packages/airflow/example_dags/example_dynamic_task_mapping_with_no_taskflow_operators.py
[2025-12-07T16:26:41.018+0000] {logging_mixin.py:188} INFO - [2025-12-07T16:26:41.018+0000] {dag.py:3036} INFO - Sync 1 DAGs
[2025-12-07T16:26:41.046+0000] {logging_mixin.py:188} INFO - [2025-12-07T16:26:41.046+0000] {dag.py:3823} INFO - Setting next_dagrun for example_dynamic_task_mapping_with_no_taskflow_operators to 2025-12-06 00:00:00+00:00, run_after=2025-12-07 00:00:00+00:00
[2025-12-07T16:26:41.080+0000] {processor.py:183} INFO - Processing /home/airflow/.local/lib/python3.8/site-packages/airflow/example_dags/example_dynamic_task_mapping_with_no_taskflow_operators.py took 0.107 seconds
[2025-12-07T16:27:11.156+0000] {processor.py:161} INFO - Started process (PID=3792) to work on /home/airflow/.local/lib/python3.8/site-packages/airflow/example_dags/example_dynamic_task_mapping_with_no_taskflow_operators.py
[2025-12-07T16:27:11.157+0000] {processor.py:830} INFO - Processing file /home/airflow/.local/lib/python3.8/site-packages/airflow/example_dags/example_dynamic_task_mapping_with_no_taskflow_operators.py for tasks to queue
[2025-12-07T16:27:11.164+0000] {logging_mixin.py:188} INFO - [2025-12-07T16:27:11.163+0000] {dagbag.py:538} INFO - Filling up the DagBag from /home/airflow/.local/lib/python3.8/site-packages/airflow/example_dags/example_dynamic_task_mapping_with_no_taskflow_operators.py
[2025-12-07T16:27:11.176+0000] {processor.py:840} INFO - DAG(s) 'example_dynamic_task_mapping_with_no_taskflow_operators' retrieved from /home/airflow/.local/lib/python3.8/site-packages/airflow/example_dags/example_dynamic_task_mapping_with_no_taskflow_operators.py
[2025-12-07T16:27:11.208+0000] {logging_mixin.py:188} INFO - [2025-12-07T16:27:11.208+0000] {dag.py:3036} INFO - Sync 1 DAGs
[2025-12-07T16:27:11.238+0000] {logging_mixin.py:188} INFO - [2025-12-07T16:27:11.238+0000] {dag.py:3823} INFO - Setting next_dagrun for example_dynamic_task_mapping_with_no_taskflow_operators to 2025-12-06 00:00:00+00:00, run_after=2025-12-07 00:00:00+00:00
[2025-12-07T16:27:11.274+0000] {processor.py:183} INFO - Processing /home/airflow/.local/lib/python3.8/site-packages/airflow/example_dags/example_dynamic_task_mapping_with_no_taskflow_operators.py took 0.124 seconds
[2025-12-07T16:27:41.427+0000] {processor.py:161} INFO - Started process (PID=3853) to work on /home/airflow/.local/lib/python3.8/site-packages/airflow/example_dags/example_dynamic_task_mapping_with_no_taskflow_operators.py
[2025-12-07T16:27:41.428+0000] {processor.py:830} INFO - Processing file /home/airflow/.local/lib/python3.8/site-packages/airflow/example_dags/example_dynamic_task_mapping_with_no_taskflow_operators.py for tasks to queue
[2025-12-07T16:27:41.431+0000] {logging_mixin.py:188} INFO - [2025-12-07T16:27:41.431+0000] {dagbag.py:538} INFO - Filling up the DagBag from /home/airflow/.local/lib/python3.8/site-packages/airflow/example_dags/example_dynamic_task_mapping_with_no_taskflow_operators.py
[2025-12-07T16:27:41.441+0000] {processor.py:840} INFO - DAG(s) 'example_dynamic_task_mapping_with_no_taskflow_operators' retrieved from /home/airflow/.local/lib/python3.8/site-packages/airflow/example_dags/example_dynamic_task_mapping_with_no_taskflow_operators.py
[2025-12-07T16:27:41.473+0000] {logging_mixin.py:188} INFO - [2025-12-07T16:27:41.473+0000] {dag.py:3036} INFO - Sync 1 DAGs
[2025-12-07T16:27:41.505+0000] {logging_mixin.py:188} INFO - [2025-12-07T16:27:41.505+0000] {dag.py:3823} INFO - Setting next_dagrun for example_dynamic_task_mapping_with_no_taskflow_operators to 2025-12-06 00:00:00+00:00, run_after=2025-12-07 00:00:00+00:00
[2025-12-07T16:27:41.538+0000] {processor.py:183} INFO - Processing /home/airflow/.local/lib/python3.8/site-packages/airflow/example_dags/example_dynamic_task_mapping_with_no_taskflow_operators.py took 0.115 seconds
[2025-12-07T16:28:11.947+0000] {processor.py:161} INFO - Started process (PID=3914) to work on /home/airflow/.local/lib/python3.8/site-packages/airflow/example_dags/example_dynamic_task_mapping_with_no_taskflow_operators.py
[2025-12-07T16:28:11.948+0000] {processor.py:830} INFO - Processing file /home/airflow/.local/lib/python3.8/site-packages/airflow/example_dags/example_dynamic_task_mapping_with_no_taskflow_operators.py for tasks to queue
[2025-12-07T16:28:11.952+0000] {logging_mixin.py:188} INFO - [2025-12-07T16:28:11.951+0000] {dagbag.py:538} INFO - Filling up the DagBag from /home/airflow/.local/lib/python3.8/site-packages/airflow/example_dags/example_dynamic_task_mapping_with_no_taskflow_operators.py
[2025-12-07T16:28:11.962+0000] {processor.py:840} INFO - DAG(s) 'example_dynamic_task_mapping_with_no_taskflow_operators' retrieved from /home/airflow/.local/lib/python3.8/site-packages/airflow/example_dags/example_dynamic_task_mapping_with_no_taskflow_operators.py
[2025-12-07T16:28:11.996+0000] {logging_mixin.py:188} INFO - [2025-12-07T16:28:11.996+0000] {dag.py:3036} INFO - Sync 1 DAGs
[2025-12-07T16:28:12.031+0000] {logging_mixin.py:188} INFO - [2025-12-07T16:28:12.031+0000] {dag.py:3823} INFO - Setting next_dagrun for example_dynamic_task_mapping_with_no_taskflow_operators to 2025-12-06 00:00:00+00:00, run_after=2025-12-07 00:00:00+00:00
[2025-12-07T16:28:12.063+0000] {processor.py:183} INFO - Processing /home/airflow/.local/lib/python3.8/site-packages/airflow/example_dags/example_dynamic_task_mapping_with_no_taskflow_operators.py took 0.121 seconds
[2025-12-07T16:28:42.653+0000] {processor.py:161} INFO - Started process (PID=3975) to work on /home/airflow/.local/lib/python3.8/site-packages/airflow/example_dags/example_dynamic_task_mapping_with_no_taskflow_operators.py
[2025-12-07T16:28:42.662+0000] {processor.py:830} INFO - Processing file /home/airflow/.local/lib/python3.8/site-packages/airflow/example_dags/example_dynamic_task_mapping_with_no_taskflow_operators.py for tasks to queue
[2025-12-07T16:28:42.669+0000] {logging_mixin.py:188} INFO - [2025-12-07T16:28:42.668+0000] {dagbag.py:538} INFO - Filling up the DagBag from /home/airflow/.local/lib/python3.8/site-packages/airflow/example_dags/example_dynamic_task_mapping_with_no_taskflow_operators.py
[2025-12-07T16:28:42.680+0000] {processor.py:840} INFO - DAG(s) 'example_dynamic_task_mapping_with_no_taskflow_operators' retrieved from /home/airflow/.local/lib/python3.8/site-packages/airflow/example_dags/example_dynamic_task_mapping_with_no_taskflow_operators.py
[2025-12-07T16:28:42.723+0000] {logging_mixin.py:188} INFO - [2025-12-07T16:28:42.722+0000] {dag.py:3036} INFO - Sync 1 DAGs
[2025-12-07T16:28:42.762+0000] {logging_mixin.py:188} INFO - [2025-12-07T16:28:42.761+0000] {dag.py:3823} INFO - Setting next_dagrun for example_dynamic_task_mapping_with_no_taskflow_operators to 2025-12-06 00:00:00+00:00, run_after=2025-12-07 00:00:00+00:00
[2025-12-07T16:28:42.811+0000] {processor.py:183} INFO - Processing /home/airflow/.local/lib/python3.8/site-packages/airflow/example_dags/example_dynamic_task_mapping_with_no_taskflow_operators.py took 0.170 seconds
[2025-12-07T16:29:13.167+0000] {processor.py:161} INFO - Started process (PID=4036) to work on /home/airflow/.local/lib/python3.8/site-packages/airflow/example_dags/example_dynamic_task_mapping_with_no_taskflow_operators.py
[2025-12-07T16:29:13.168+0000] {processor.py:830} INFO - Processing file /home/airflow/.local/lib/python3.8/site-packages/airflow/example_dags/example_dynamic_task_mapping_with_no_taskflow_operators.py for tasks to queue
[2025-12-07T16:29:13.171+0000] {logging_mixin.py:188} INFO - [2025-12-07T16:29:13.171+0000] {dagbag.py:538} INFO - Filling up the DagBag from /home/airflow/.local/lib/python3.8/site-packages/airflow/example_dags/example_dynamic_task_mapping_with_no_taskflow_operators.py
[2025-12-07T16:29:13.181+0000] {processor.py:840} INFO - DAG(s) 'example_dynamic_task_mapping_with_no_taskflow_operators' retrieved from /home/airflow/.local/lib/python3.8/site-packages/airflow/example_dags/example_dynamic_task_mapping_with_no_taskflow_operators.py
[2025-12-07T16:29:13.211+0000] {logging_mixin.py:188} INFO - [2025-12-07T16:29:13.210+0000] {dag.py:3036} INFO - Sync 1 DAGs
[2025-12-07T16:29:13.241+0000] {logging_mixin.py:188} INFO - [2025-12-07T16:29:13.241+0000] {dag.py:3823} INFO - Setting next_dagrun for example_dynamic_task_mapping_with_no_taskflow_operators to 2025-12-06 00:00:00+00:00, run_after=2025-12-07 00:00:00+00:00
[2025-12-07T16:29:13.273+0000] {processor.py:183} INFO - Processing /home/airflow/.local/lib/python3.8/site-packages/airflow/example_dags/example_dynamic_task_mapping_with_no_taskflow_operators.py took 0.111 seconds
[2025-12-07T16:29:43.680+0000] {processor.py:161} INFO - Started process (PID=4097) to work on /home/airflow/.local/lib/python3.8/site-packages/airflow/example_dags/example_dynamic_task_mapping_with_no_taskflow_operators.py
[2025-12-07T16:29:43.682+0000] {processor.py:830} INFO - Processing file /home/airflow/.local/lib/python3.8/site-packages/airflow/example_dags/example_dynamic_task_mapping_with_no_taskflow_operators.py for tasks to queue
[2025-12-07T16:29:43.684+0000] {logging_mixin.py:188} INFO - [2025-12-07T16:29:43.684+0000] {dagbag.py:538} INFO - Filling up the DagBag from /home/airflow/.local/lib/python3.8/site-packages/airflow/example_dags/example_dynamic_task_mapping_with_no_taskflow_operators.py
[2025-12-07T16:29:43.693+0000] {processor.py:840} INFO - DAG(s) 'example_dynamic_task_mapping_with_no_taskflow_operators' retrieved from /home/airflow/.local/lib/python3.8/site-packages/airflow/example_dags/example_dynamic_task_mapping_with_no_taskflow_operators.py
[2025-12-07T16:29:43.722+0000] {logging_mixin.py:188} INFO - [2025-12-07T16:29:43.722+0000] {dag.py:3036} INFO - Sync 1 DAGs
[2025-12-07T16:29:43.750+0000] {logging_mixin.py:188} INFO - [2025-12-07T16:29:43.750+0000] {dag.py:3823} INFO - Setting next_dagrun for example_dynamic_task_mapping_with_no_taskflow_operators to 2025-12-06 00:00:00+00:00, run_after=2025-12-07 00:00:00+00:00
[2025-12-07T16:29:43.785+0000] {processor.py:183} INFO - Processing /home/airflow/.local/lib/python3.8/site-packages/airflow/example_dags/example_dynamic_task_mapping_with_no_taskflow_operators.py took 0.109 seconds
[2025-12-07T16:30:14.120+0000] {processor.py:161} INFO - Started process (PID=4158) to work on /home/airflow/.local/lib/python3.8/site-packages/airflow/example_dags/example_dynamic_task_mapping_with_no_taskflow_operators.py
[2025-12-07T16:30:14.122+0000] {processor.py:830} INFO - Processing file /home/airflow/.local/lib/python3.8/site-packages/airflow/example_dags/example_dynamic_task_mapping_with_no_taskflow_operators.py for tasks to queue
[2025-12-07T16:30:14.124+0000] {logging_mixin.py:188} INFO - [2025-12-07T16:30:14.124+0000] {dagbag.py:538} INFO - Filling up the DagBag from /home/airflow/.local/lib/python3.8/site-packages/airflow/example_dags/example_dynamic_task_mapping_with_no_taskflow_operators.py
[2025-12-07T16:30:14.136+0000] {processor.py:840} INFO - DAG(s) 'example_dynamic_task_mapping_with_no_taskflow_operators' retrieved from /home/airflow/.local/lib/python3.8/site-packages/airflow/example_dags/example_dynamic_task_mapping_with_no_taskflow_operators.py
[2025-12-07T16:30:14.166+0000] {logging_mixin.py:188} INFO - [2025-12-07T16:30:14.166+0000] {dag.py:3036} INFO - Sync 1 DAGs
[2025-12-07T16:30:14.197+0000] {logging_mixin.py:188} INFO - [2025-12-07T16:30:14.197+0000] {dag.py:3823} INFO - Setting next_dagrun for example_dynamic_task_mapping_with_no_taskflow_operators to 2025-12-06 00:00:00+00:00, run_after=2025-12-07 00:00:00+00:00
[2025-12-07T16:30:14.229+0000] {processor.py:183} INFO - Processing /home/airflow/.local/lib/python3.8/site-packages/airflow/example_dags/example_dynamic_task_mapping_with_no_taskflow_operators.py took 0.113 seconds
[2025-12-07T16:30:44.587+0000] {processor.py:161} INFO - Started process (PID=4219) to work on /home/airflow/.local/lib/python3.8/site-packages/airflow/example_dags/example_dynamic_task_mapping_with_no_taskflow_operators.py
[2025-12-07T16:30:44.588+0000] {processor.py:830} INFO - Processing file /home/airflow/.local/lib/python3.8/site-packages/airflow/example_dags/example_dynamic_task_mapping_with_no_taskflow_operators.py for tasks to queue
[2025-12-07T16:30:44.591+0000] {logging_mixin.py:188} INFO - [2025-12-07T16:30:44.591+0000] {dagbag.py:538} INFO - Filling up the DagBag from /home/airflow/.local/lib/python3.8/site-packages/airflow/example_dags/example_dynamic_task_mapping_with_no_taskflow_operators.py
[2025-12-07T16:30:44.602+0000] {processor.py:840} INFO - DAG(s) 'example_dynamic_task_mapping_with_no_taskflow_operators' retrieved from /home/airflow/.local/lib/python3.8/site-packages/airflow/example_dags/example_dynamic_task_mapping_with_no_taskflow_operators.py
[2025-12-07T16:30:44.636+0000] {logging_mixin.py:188} INFO - [2025-12-07T16:30:44.636+0000] {dag.py:3036} INFO - Sync 1 DAGs
[2025-12-07T16:30:44.666+0000] {logging_mixin.py:188} INFO - [2025-12-07T16:30:44.666+0000] {dag.py:3823} INFO - Setting next_dagrun for example_dynamic_task_mapping_with_no_taskflow_operators to 2025-12-06 00:00:00+00:00, run_after=2025-12-07 00:00:00+00:00
[2025-12-07T16:30:44.706+0000] {processor.py:183} INFO - Processing /home/airflow/.local/lib/python3.8/site-packages/airflow/example_dags/example_dynamic_task_mapping_with_no_taskflow_operators.py took 0.124 seconds
[2025-12-07T16:31:15.221+0000] {processor.py:161} INFO - Started process (PID=4280) to work on /home/airflow/.local/lib/python3.8/site-packages/airflow/example_dags/example_dynamic_task_mapping_with_no_taskflow_operators.py
[2025-12-07T16:31:15.223+0000] {processor.py:830} INFO - Processing file /home/airflow/.local/lib/python3.8/site-packages/airflow/example_dags/example_dynamic_task_mapping_with_no_taskflow_operators.py for tasks to queue
[2025-12-07T16:31:15.228+0000] {logging_mixin.py:188} INFO - [2025-12-07T16:31:15.227+0000] {dagbag.py:538} INFO - Filling up the DagBag from /home/airflow/.local/lib/python3.8/site-packages/airflow/example_dags/example_dynamic_task_mapping_with_no_taskflow_operators.py
[2025-12-07T16:31:15.257+0000] {processor.py:840} INFO - DAG(s) 'example_dynamic_task_mapping_with_no_taskflow_operators' retrieved from /home/airflow/.local/lib/python3.8/site-packages/airflow/example_dags/example_dynamic_task_mapping_with_no_taskflow_operators.py
[2025-12-07T16:31:15.301+0000] {logging_mixin.py:188} INFO - [2025-12-07T16:31:15.300+0000] {dag.py:3036} INFO - Sync 1 DAGs
[2025-12-07T16:31:15.362+0000] {logging_mixin.py:188} INFO - [2025-12-07T16:31:15.360+0000] {dag.py:3823} INFO - Setting next_dagrun for example_dynamic_task_mapping_with_no_taskflow_operators to 2025-12-06 00:00:00+00:00, run_after=2025-12-07 00:00:00+00:00
[2025-12-07T16:31:15.424+0000] {processor.py:183} INFO - Processing /home/airflow/.local/lib/python3.8/site-packages/airflow/example_dags/example_dynamic_task_mapping_with_no_taskflow_operators.py took 0.206 seconds
[2025-12-07T16:31:45.504+0000] {processor.py:161} INFO - Started process (PID=4341) to work on /home/airflow/.local/lib/python3.8/site-packages/airflow/example_dags/example_dynamic_task_mapping_with_no_taskflow_operators.py
[2025-12-07T16:31:45.506+0000] {processor.py:830} INFO - Processing file /home/airflow/.local/lib/python3.8/site-packages/airflow/example_dags/example_dynamic_task_mapping_with_no_taskflow_operators.py for tasks to queue
[2025-12-07T16:31:45.510+0000] {logging_mixin.py:188} INFO - [2025-12-07T16:31:45.510+0000] {dagbag.py:538} INFO - Filling up the DagBag from /home/airflow/.local/lib/python3.8/site-packages/airflow/example_dags/example_dynamic_task_mapping_with_no_taskflow_operators.py
[2025-12-07T16:31:45.522+0000] {processor.py:840} INFO - DAG(s) 'example_dynamic_task_mapping_with_no_taskflow_operators' retrieved from /home/airflow/.local/lib/python3.8/site-packages/airflow/example_dags/example_dynamic_task_mapping_with_no_taskflow_operators.py
[2025-12-07T16:31:45.558+0000] {logging_mixin.py:188} INFO - [2025-12-07T16:31:45.558+0000] {dag.py:3036} INFO - Sync 1 DAGs
[2025-12-07T16:31:45.593+0000] {logging_mixin.py:188} INFO - [2025-12-07T16:31:45.593+0000] {dag.py:3823} INFO - Setting next_dagrun for example_dynamic_task_mapping_with_no_taskflow_operators to 2025-12-06 00:00:00+00:00, run_after=2025-12-07 00:00:00+00:00
[2025-12-07T16:31:45.630+0000] {processor.py:183} INFO - Processing /home/airflow/.local/lib/python3.8/site-packages/airflow/example_dags/example_dynamic_task_mapping_with_no_taskflow_operators.py took 0.131 seconds
[2025-12-07T16:32:15.693+0000] {processor.py:161} INFO - Started process (PID=4402) to work on /home/airflow/.local/lib/python3.8/site-packages/airflow/example_dags/example_dynamic_task_mapping_with_no_taskflow_operators.py
[2025-12-07T16:32:15.694+0000] {processor.py:830} INFO - Processing file /home/airflow/.local/lib/python3.8/site-packages/airflow/example_dags/example_dynamic_task_mapping_with_no_taskflow_operators.py for tasks to queue
[2025-12-07T16:32:15.699+0000] {logging_mixin.py:188} INFO - [2025-12-07T16:32:15.698+0000] {dagbag.py:538} INFO - Filling up the DagBag from /home/airflow/.local/lib/python3.8/site-packages/airflow/example_dags/example_dynamic_task_mapping_with_no_taskflow_operators.py
[2025-12-07T16:32:15.711+0000] {processor.py:840} INFO - DAG(s) 'example_dynamic_task_mapping_with_no_taskflow_operators' retrieved from /home/airflow/.local/lib/python3.8/site-packages/airflow/example_dags/example_dynamic_task_mapping_with_no_taskflow_operators.py
[2025-12-07T16:32:15.745+0000] {logging_mixin.py:188} INFO - [2025-12-07T16:32:15.745+0000] {dag.py:3036} INFO - Sync 1 DAGs
[2025-12-07T16:32:15.774+0000] {logging_mixin.py:188} INFO - [2025-12-07T16:32:15.773+0000] {dag.py:3823} INFO - Setting next_dagrun for example_dynamic_task_mapping_with_no_taskflow_operators to 2025-12-06 00:00:00+00:00, run_after=2025-12-07 00:00:00+00:00
[2025-12-07T16:32:15.804+0000] {processor.py:183} INFO - Processing /home/airflow/.local/lib/python3.8/site-packages/airflow/example_dags/example_dynamic_task_mapping_with_no_taskflow_operators.py took 0.119 seconds
[2025-12-07T16:32:46.255+0000] {processor.py:161} INFO - Started process (PID=4463) to work on /home/airflow/.local/lib/python3.8/site-packages/airflow/example_dags/example_dynamic_task_mapping_with_no_taskflow_operators.py
[2025-12-07T16:32:46.258+0000] {processor.py:830} INFO - Processing file /home/airflow/.local/lib/python3.8/site-packages/airflow/example_dags/example_dynamic_task_mapping_with_no_taskflow_operators.py for tasks to queue
[2025-12-07T16:32:46.263+0000] {logging_mixin.py:188} INFO - [2025-12-07T16:32:46.263+0000] {dagbag.py:538} INFO - Filling up the DagBag from /home/airflow/.local/lib/python3.8/site-packages/airflow/example_dags/example_dynamic_task_mapping_with_no_taskflow_operators.py
[2025-12-07T16:32:46.272+0000] {processor.py:840} INFO - DAG(s) 'example_dynamic_task_mapping_with_no_taskflow_operators' retrieved from /home/airflow/.local/lib/python3.8/site-packages/airflow/example_dags/example_dynamic_task_mapping_with_no_taskflow_operators.py
[2025-12-07T16:32:46.300+0000] {logging_mixin.py:188} INFO - [2025-12-07T16:32:46.299+0000] {dag.py:3036} INFO - Sync 1 DAGs
[2025-12-07T16:32:46.329+0000] {logging_mixin.py:188} INFO - [2025-12-07T16:32:46.329+0000] {dag.py:3823} INFO - Setting next_dagrun for example_dynamic_task_mapping_with_no_taskflow_operators to 2025-12-06 00:00:00+00:00, run_after=2025-12-07 00:00:00+00:00
[2025-12-07T16:32:46.359+0000] {processor.py:183} INFO - Processing /home/airflow/.local/lib/python3.8/site-packages/airflow/example_dags/example_dynamic_task_mapping_with_no_taskflow_operators.py took 0.109 seconds
[2025-12-07T16:33:16.655+0000] {processor.py:161} INFO - Started process (PID=4524) to work on /home/airflow/.local/lib/python3.8/site-packages/airflow/example_dags/example_dynamic_task_mapping_with_no_taskflow_operators.py
[2025-12-07T16:33:16.658+0000] {processor.py:830} INFO - Processing file /home/airflow/.local/lib/python3.8/site-packages/airflow/example_dags/example_dynamic_task_mapping_with_no_taskflow_operators.py for tasks to queue
[2025-12-07T16:33:16.660+0000] {logging_mixin.py:188} INFO - [2025-12-07T16:33:16.660+0000] {dagbag.py:538} INFO - Filling up the DagBag from /home/airflow/.local/lib/python3.8/site-packages/airflow/example_dags/example_dynamic_task_mapping_with_no_taskflow_operators.py
[2025-12-07T16:33:16.669+0000] {processor.py:840} INFO - DAG(s) 'example_dynamic_task_mapping_with_no_taskflow_operators' retrieved from /home/airflow/.local/lib/python3.8/site-packages/airflow/example_dags/example_dynamic_task_mapping_with_no_taskflow_operators.py
[2025-12-07T16:33:16.699+0000] {logging_mixin.py:188} INFO - [2025-12-07T16:33:16.698+0000] {dag.py:3036} INFO - Sync 1 DAGs
[2025-12-07T16:33:16.728+0000] {logging_mixin.py:188} INFO - [2025-12-07T16:33:16.727+0000] {dag.py:3823} INFO - Setting next_dagrun for example_dynamic_task_mapping_with_no_taskflow_operators to 2025-12-06 00:00:00+00:00, run_after=2025-12-07 00:00:00+00:00
[2025-12-07T16:33:16.766+0000] {processor.py:183} INFO - Processing /home/airflow/.local/lib/python3.8/site-packages/airflow/example_dags/example_dynamic_task_mapping_with_no_taskflow_operators.py took 0.115 seconds
[2025-12-07T16:33:47.387+0000] {processor.py:161} INFO - Started process (PID=4585) to work on /home/airflow/.local/lib/python3.8/site-packages/airflow/example_dags/example_dynamic_task_mapping_with_no_taskflow_operators.py
[2025-12-07T16:33:47.389+0000] {processor.py:830} INFO - Processing file /home/airflow/.local/lib/python3.8/site-packages/airflow/example_dags/example_dynamic_task_mapping_with_no_taskflow_operators.py for tasks to queue
[2025-12-07T16:33:47.392+0000] {logging_mixin.py:188} INFO - [2025-12-07T16:33:47.392+0000] {dagbag.py:538} INFO - Filling up the DagBag from /home/airflow/.local/lib/python3.8/site-packages/airflow/example_dags/example_dynamic_task_mapping_with_no_taskflow_operators.py
[2025-12-07T16:33:47.402+0000] {processor.py:840} INFO - DAG(s) 'example_dynamic_task_mapping_with_no_taskflow_operators' retrieved from /home/airflow/.local/lib/python3.8/site-packages/airflow/example_dags/example_dynamic_task_mapping_with_no_taskflow_operators.py
[2025-12-07T16:33:47.432+0000] {logging_mixin.py:188} INFO - [2025-12-07T16:33:47.432+0000] {dag.py:3036} INFO - Sync 1 DAGs
[2025-12-07T16:33:47.470+0000] {logging_mixin.py:188} INFO - [2025-12-07T16:33:47.469+0000] {dag.py:3823} INFO - Setting next_dagrun for example_dynamic_task_mapping_with_no_taskflow_operators to 2025-12-06 00:00:00+00:00, run_after=2025-12-07 00:00:00+00:00
[2025-12-07T16:33:47.507+0000] {processor.py:183} INFO - Processing /home/airflow/.local/lib/python3.8/site-packages/airflow/example_dags/example_dynamic_task_mapping_with_no_taskflow_operators.py took 0.125 seconds
[2025-12-07T16:34:18.163+0000] {processor.py:161} INFO - Started process (PID=4646) to work on /home/airflow/.local/lib/python3.8/site-packages/airflow/example_dags/example_dynamic_task_mapping_with_no_taskflow_operators.py
[2025-12-07T16:34:18.167+0000] {processor.py:830} INFO - Processing file /home/airflow/.local/lib/python3.8/site-packages/airflow/example_dags/example_dynamic_task_mapping_with_no_taskflow_operators.py for tasks to queue
[2025-12-07T16:34:18.170+0000] {logging_mixin.py:188} INFO - [2025-12-07T16:34:18.169+0000] {dagbag.py:538} INFO - Filling up the DagBag from /home/airflow/.local/lib/python3.8/site-packages/airflow/example_dags/example_dynamic_task_mapping_with_no_taskflow_operators.py
[2025-12-07T16:34:18.180+0000] {processor.py:840} INFO - DAG(s) 'example_dynamic_task_mapping_with_no_taskflow_operators' retrieved from /home/airflow/.local/lib/python3.8/site-packages/airflow/example_dags/example_dynamic_task_mapping_with_no_taskflow_operators.py
[2025-12-07T16:34:18.221+0000] {logging_mixin.py:188} INFO - [2025-12-07T16:34:18.220+0000] {dag.py:3036} INFO - Sync 1 DAGs
[2025-12-07T16:34:18.251+0000] {logging_mixin.py:188} INFO - [2025-12-07T16:34:18.251+0000] {dag.py:3823} INFO - Setting next_dagrun for example_dynamic_task_mapping_with_no_taskflow_operators to 2025-12-06 00:00:00+00:00, run_after=2025-12-07 00:00:00+00:00
[2025-12-07T16:34:18.290+0000] {processor.py:183} INFO - Processing /home/airflow/.local/lib/python3.8/site-packages/airflow/example_dags/example_dynamic_task_mapping_with_no_taskflow_operators.py took 0.132 seconds
[2025-12-07T16:34:49.071+0000] {processor.py:161} INFO - Started process (PID=4713) to work on /home/airflow/.local/lib/python3.8/site-packages/airflow/example_dags/example_dynamic_task_mapping_with_no_taskflow_operators.py
[2025-12-07T16:34:49.074+0000] {processor.py:830} INFO - Processing file /home/airflow/.local/lib/python3.8/site-packages/airflow/example_dags/example_dynamic_task_mapping_with_no_taskflow_operators.py for tasks to queue
[2025-12-07T16:34:49.078+0000] {logging_mixin.py:188} INFO - [2025-12-07T16:34:49.078+0000] {dagbag.py:538} INFO - Filling up the DagBag from /home/airflow/.local/lib/python3.8/site-packages/airflow/example_dags/example_dynamic_task_mapping_with_no_taskflow_operators.py
[2025-12-07T16:34:49.108+0000] {processor.py:840} INFO - DAG(s) 'example_dynamic_task_mapping_with_no_taskflow_operators' retrieved from /home/airflow/.local/lib/python3.8/site-packages/airflow/example_dags/example_dynamic_task_mapping_with_no_taskflow_operators.py
[2025-12-07T16:34:49.174+0000] {logging_mixin.py:188} INFO - [2025-12-07T16:34:49.174+0000] {dag.py:3036} INFO - Sync 1 DAGs
[2025-12-07T16:34:49.248+0000] {logging_mixin.py:188} INFO - [2025-12-07T16:34:49.246+0000] {dag.py:3823} INFO - Setting next_dagrun for example_dynamic_task_mapping_with_no_taskflow_operators to 2025-12-06 00:00:00+00:00, run_after=2025-12-07 00:00:00+00:00
[2025-12-07T16:34:49.314+0000] {processor.py:183} INFO - Processing /home/airflow/.local/lib/python3.8/site-packages/airflow/example_dags/example_dynamic_task_mapping_with_no_taskflow_operators.py took 0.261 seconds
[2025-12-07T16:35:19.558+0000] {processor.py:161} INFO - Started process (PID=4774) to work on /home/airflow/.local/lib/python3.8/site-packages/airflow/example_dags/example_dynamic_task_mapping_with_no_taskflow_operators.py
[2025-12-07T16:35:19.561+0000] {processor.py:830} INFO - Processing file /home/airflow/.local/lib/python3.8/site-packages/airflow/example_dags/example_dynamic_task_mapping_with_no_taskflow_operators.py for tasks to queue
[2025-12-07T16:35:19.565+0000] {logging_mixin.py:188} INFO - [2025-12-07T16:35:19.564+0000] {dagbag.py:538} INFO - Filling up the DagBag from /home/airflow/.local/lib/python3.8/site-packages/airflow/example_dags/example_dynamic_task_mapping_with_no_taskflow_operators.py
[2025-12-07T16:35:19.574+0000] {processor.py:840} INFO - DAG(s) 'example_dynamic_task_mapping_with_no_taskflow_operators' retrieved from /home/airflow/.local/lib/python3.8/site-packages/airflow/example_dags/example_dynamic_task_mapping_with_no_taskflow_operators.py
[2025-12-07T16:35:19.609+0000] {logging_mixin.py:188} INFO - [2025-12-07T16:35:19.608+0000] {dag.py:3036} INFO - Sync 1 DAGs
[2025-12-07T16:35:19.643+0000] {logging_mixin.py:188} INFO - [2025-12-07T16:35:19.643+0000] {dag.py:3823} INFO - Setting next_dagrun for example_dynamic_task_mapping_with_no_taskflow_operators to 2025-12-06 00:00:00+00:00, run_after=2025-12-07 00:00:00+00:00
[2025-12-07T16:35:19.676+0000] {processor.py:183} INFO - Processing /home/airflow/.local/lib/python3.8/site-packages/airflow/example_dags/example_dynamic_task_mapping_with_no_taskflow_operators.py took 0.123 seconds
[2025-12-07T16:35:49.821+0000] {processor.py:161} INFO - Started process (PID=4835) to work on /home/airflow/.local/lib/python3.8/site-packages/airflow/example_dags/example_dynamic_task_mapping_with_no_taskflow_operators.py
[2025-12-07T16:35:49.823+0000] {processor.py:830} INFO - Processing file /home/airflow/.local/lib/python3.8/site-packages/airflow/example_dags/example_dynamic_task_mapping_with_no_taskflow_operators.py for tasks to queue
[2025-12-07T16:35:49.825+0000] {logging_mixin.py:188} INFO - [2025-12-07T16:35:49.825+0000] {dagbag.py:538} INFO - Filling up the DagBag from /home/airflow/.local/lib/python3.8/site-packages/airflow/example_dags/example_dynamic_task_mapping_with_no_taskflow_operators.py
[2025-12-07T16:35:49.838+0000] {processor.py:840} INFO - DAG(s) 'example_dynamic_task_mapping_with_no_taskflow_operators' retrieved from /home/airflow/.local/lib/python3.8/site-packages/airflow/example_dags/example_dynamic_task_mapping_with_no_taskflow_operators.py
[2025-12-07T16:35:49.869+0000] {logging_mixin.py:188} INFO - [2025-12-07T16:35:49.869+0000] {dag.py:3036} INFO - Sync 1 DAGs
[2025-12-07T16:35:49.898+0000] {logging_mixin.py:188} INFO - [2025-12-07T16:35:49.898+0000] {dag.py:3823} INFO - Setting next_dagrun for example_dynamic_task_mapping_with_no_taskflow_operators to 2025-12-06 00:00:00+00:00, run_after=2025-12-07 00:00:00+00:00
[2025-12-07T16:35:49.928+0000] {processor.py:183} INFO - Processing /home/airflow/.local/lib/python3.8/site-packages/airflow/example_dags/example_dynamic_task_mapping_with_no_taskflow_operators.py took 0.112 seconds
[2025-12-07T16:36:20.122+0000] {processor.py:161} INFO - Started process (PID=4896) to work on /home/airflow/.local/lib/python3.8/site-packages/airflow/example_dags/example_dynamic_task_mapping_with_no_taskflow_operators.py
[2025-12-07T16:36:20.123+0000] {processor.py:830} INFO - Processing file /home/airflow/.local/lib/python3.8/site-packages/airflow/example_dags/example_dynamic_task_mapping_with_no_taskflow_operators.py for tasks to queue
[2025-12-07T16:36:20.126+0000] {logging_mixin.py:188} INFO - [2025-12-07T16:36:20.125+0000] {dagbag.py:538} INFO - Filling up the DagBag from /home/airflow/.local/lib/python3.8/site-packages/airflow/example_dags/example_dynamic_task_mapping_with_no_taskflow_operators.py
[2025-12-07T16:36:20.134+0000] {processor.py:840} INFO - DAG(s) 'example_dynamic_task_mapping_with_no_taskflow_operators' retrieved from /home/airflow/.local/lib/python3.8/site-packages/airflow/example_dags/example_dynamic_task_mapping_with_no_taskflow_operators.py
[2025-12-07T16:36:20.162+0000] {logging_mixin.py:188} INFO - [2025-12-07T16:36:20.162+0000] {dag.py:3036} INFO - Sync 1 DAGs
[2025-12-07T16:36:20.196+0000] {logging_mixin.py:188} INFO - [2025-12-07T16:36:20.195+0000] {dag.py:3823} INFO - Setting next_dagrun for example_dynamic_task_mapping_with_no_taskflow_operators to 2025-12-06 00:00:00+00:00, run_after=2025-12-07 00:00:00+00:00
[2025-12-07T16:36:20.232+0000] {processor.py:183} INFO - Processing /home/airflow/.local/lib/python3.8/site-packages/airflow/example_dags/example_dynamic_task_mapping_with_no_taskflow_operators.py took 0.115 seconds
[2025-12-07T16:36:50.388+0000] {processor.py:161} INFO - Started process (PID=4957) to work on /home/airflow/.local/lib/python3.8/site-packages/airflow/example_dags/example_dynamic_task_mapping_with_no_taskflow_operators.py
[2025-12-07T16:36:50.390+0000] {processor.py:830} INFO - Processing file /home/airflow/.local/lib/python3.8/site-packages/airflow/example_dags/example_dynamic_task_mapping_with_no_taskflow_operators.py for tasks to queue
[2025-12-07T16:36:50.392+0000] {logging_mixin.py:188} INFO - [2025-12-07T16:36:50.392+0000] {dagbag.py:538} INFO - Filling up the DagBag from /home/airflow/.local/lib/python3.8/site-packages/airflow/example_dags/example_dynamic_task_mapping_with_no_taskflow_operators.py
[2025-12-07T16:36:50.403+0000] {processor.py:840} INFO - DAG(s) 'example_dynamic_task_mapping_with_no_taskflow_operators' retrieved from /home/airflow/.local/lib/python3.8/site-packages/airflow/example_dags/example_dynamic_task_mapping_with_no_taskflow_operators.py
[2025-12-07T16:36:50.440+0000] {logging_mixin.py:188} INFO - [2025-12-07T16:36:50.440+0000] {dag.py:3036} INFO - Sync 1 DAGs
[2025-12-07T16:36:50.472+0000] {logging_mixin.py:188} INFO - [2025-12-07T16:36:50.472+0000] {dag.py:3823} INFO - Setting next_dagrun for example_dynamic_task_mapping_with_no_taskflow_operators to 2025-12-06 00:00:00+00:00, run_after=2025-12-07 00:00:00+00:00
[2025-12-07T16:36:50.508+0000] {processor.py:183} INFO - Processing /home/airflow/.local/lib/python3.8/site-packages/airflow/example_dags/example_dynamic_task_mapping_with_no_taskflow_operators.py took 0.125 seconds
[2025-12-07T16:37:21.041+0000] {processor.py:161} INFO - Started process (PID=5018) to work on /home/airflow/.local/lib/python3.8/site-packages/airflow/example_dags/example_dynamic_task_mapping_with_no_taskflow_operators.py
[2025-12-07T16:37:21.044+0000] {processor.py:830} INFO - Processing file /home/airflow/.local/lib/python3.8/site-packages/airflow/example_dags/example_dynamic_task_mapping_with_no_taskflow_operators.py for tasks to queue
[2025-12-07T16:37:21.049+0000] {logging_mixin.py:188} INFO - [2025-12-07T16:37:21.048+0000] {dagbag.py:538} INFO - Filling up the DagBag from /home/airflow/.local/lib/python3.8/site-packages/airflow/example_dags/example_dynamic_task_mapping_with_no_taskflow_operators.py
[2025-12-07T16:37:21.059+0000] {processor.py:840} INFO - DAG(s) 'example_dynamic_task_mapping_with_no_taskflow_operators' retrieved from /home/airflow/.local/lib/python3.8/site-packages/airflow/example_dags/example_dynamic_task_mapping_with_no_taskflow_operators.py
[2025-12-07T16:37:21.096+0000] {logging_mixin.py:188} INFO - [2025-12-07T16:37:21.096+0000] {dag.py:3036} INFO - Sync 1 DAGs
[2025-12-07T16:37:21.128+0000] {logging_mixin.py:188} INFO - [2025-12-07T16:37:21.128+0000] {dag.py:3823} INFO - Setting next_dagrun for example_dynamic_task_mapping_with_no_taskflow_operators to 2025-12-06 00:00:00+00:00, run_after=2025-12-07 00:00:00+00:00
[2025-12-07T16:37:21.160+0000] {processor.py:183} INFO - Processing /home/airflow/.local/lib/python3.8/site-packages/airflow/example_dags/example_dynamic_task_mapping_with_no_taskflow_operators.py took 0.125 seconds
[2025-12-07T16:37:51.331+0000] {processor.py:161} INFO - Started process (PID=5079) to work on /home/airflow/.local/lib/python3.8/site-packages/airflow/example_dags/example_dynamic_task_mapping_with_no_taskflow_operators.py
[2025-12-07T16:37:51.332+0000] {processor.py:830} INFO - Processing file /home/airflow/.local/lib/python3.8/site-packages/airflow/example_dags/example_dynamic_task_mapping_with_no_taskflow_operators.py for tasks to queue
[2025-12-07T16:37:51.335+0000] {logging_mixin.py:188} INFO - [2025-12-07T16:37:51.335+0000] {dagbag.py:538} INFO - Filling up the DagBag from /home/airflow/.local/lib/python3.8/site-packages/airflow/example_dags/example_dynamic_task_mapping_with_no_taskflow_operators.py
[2025-12-07T16:37:51.345+0000] {processor.py:840} INFO - DAG(s) 'example_dynamic_task_mapping_with_no_taskflow_operators' retrieved from /home/airflow/.local/lib/python3.8/site-packages/airflow/example_dags/example_dynamic_task_mapping_with_no_taskflow_operators.py
[2025-12-07T16:37:51.374+0000] {logging_mixin.py:188} INFO - [2025-12-07T16:37:51.373+0000] {dag.py:3036} INFO - Sync 1 DAGs
[2025-12-07T16:37:51.403+0000] {logging_mixin.py:188} INFO - [2025-12-07T16:37:51.403+0000] {dag.py:3823} INFO - Setting next_dagrun for example_dynamic_task_mapping_with_no_taskflow_operators to 2025-12-06 00:00:00+00:00, run_after=2025-12-07 00:00:00+00:00
[2025-12-07T16:37:51.434+0000] {processor.py:183} INFO - Processing /home/airflow/.local/lib/python3.8/site-packages/airflow/example_dags/example_dynamic_task_mapping_with_no_taskflow_operators.py took 0.107 seconds
[2025-12-07T16:38:21.489+0000] {processor.py:161} INFO - Started process (PID=5138) to work on /home/airflow/.local/lib/python3.8/site-packages/airflow/example_dags/example_dynamic_task_mapping_with_no_taskflow_operators.py
[2025-12-07T16:38:21.490+0000] {processor.py:830} INFO - Processing file /home/airflow/.local/lib/python3.8/site-packages/airflow/example_dags/example_dynamic_task_mapping_with_no_taskflow_operators.py for tasks to queue
[2025-12-07T16:38:21.493+0000] {logging_mixin.py:188} INFO - [2025-12-07T16:38:21.493+0000] {dagbag.py:538} INFO - Filling up the DagBag from /home/airflow/.local/lib/python3.8/site-packages/airflow/example_dags/example_dynamic_task_mapping_with_no_taskflow_operators.py
[2025-12-07T16:38:21.503+0000] {processor.py:840} INFO - DAG(s) 'example_dynamic_task_mapping_with_no_taskflow_operators' retrieved from /home/airflow/.local/lib/python3.8/site-packages/airflow/example_dags/example_dynamic_task_mapping_with_no_taskflow_operators.py
[2025-12-07T16:38:21.532+0000] {logging_mixin.py:188} INFO - [2025-12-07T16:38:21.531+0000] {dag.py:3036} INFO - Sync 1 DAGs
[2025-12-07T16:38:21.560+0000] {logging_mixin.py:188} INFO - [2025-12-07T16:38:21.560+0000] {dag.py:3823} INFO - Setting next_dagrun for example_dynamic_task_mapping_with_no_taskflow_operators to 2025-12-06 00:00:00+00:00, run_after=2025-12-07 00:00:00+00:00
[2025-12-07T16:38:21.590+0000] {processor.py:183} INFO - Processing /home/airflow/.local/lib/python3.8/site-packages/airflow/example_dags/example_dynamic_task_mapping_with_no_taskflow_operators.py took 0.106 seconds
[2025-12-07T16:38:51.917+0000] {processor.py:161} INFO - Started process (PID=5199) to work on /home/airflow/.local/lib/python3.8/site-packages/airflow/example_dags/example_dynamic_task_mapping_with_no_taskflow_operators.py
[2025-12-07T16:38:51.920+0000] {processor.py:830} INFO - Processing file /home/airflow/.local/lib/python3.8/site-packages/airflow/example_dags/example_dynamic_task_mapping_with_no_taskflow_operators.py for tasks to queue
[2025-12-07T16:38:51.924+0000] {logging_mixin.py:188} INFO - [2025-12-07T16:38:51.923+0000] {dagbag.py:538} INFO - Filling up the DagBag from /home/airflow/.local/lib/python3.8/site-packages/airflow/example_dags/example_dynamic_task_mapping_with_no_taskflow_operators.py
[2025-12-07T16:38:51.936+0000] {processor.py:840} INFO - DAG(s) 'example_dynamic_task_mapping_with_no_taskflow_operators' retrieved from /home/airflow/.local/lib/python3.8/site-packages/airflow/example_dags/example_dynamic_task_mapping_with_no_taskflow_operators.py
[2025-12-07T16:38:51.965+0000] {logging_mixin.py:188} INFO - [2025-12-07T16:38:51.965+0000] {dag.py:3036} INFO - Sync 1 DAGs
[2025-12-07T16:38:51.996+0000] {logging_mixin.py:188} INFO - [2025-12-07T16:38:51.996+0000] {dag.py:3823} INFO - Setting next_dagrun for example_dynamic_task_mapping_with_no_taskflow_operators to 2025-12-06 00:00:00+00:00, run_after=2025-12-07 00:00:00+00:00
[2025-12-07T16:38:52.026+0000] {processor.py:183} INFO - Processing /home/airflow/.local/lib/python3.8/site-packages/airflow/example_dags/example_dynamic_task_mapping_with_no_taskflow_operators.py took 0.116 seconds
[2025-12-07T16:39:22.423+0000] {processor.py:161} INFO - Started process (PID=5260) to work on /home/airflow/.local/lib/python3.8/site-packages/airflow/example_dags/example_dynamic_task_mapping_with_no_taskflow_operators.py
[2025-12-07T16:39:22.425+0000] {processor.py:830} INFO - Processing file /home/airflow/.local/lib/python3.8/site-packages/airflow/example_dags/example_dynamic_task_mapping_with_no_taskflow_operators.py for tasks to queue
[2025-12-07T16:39:22.427+0000] {logging_mixin.py:188} INFO - [2025-12-07T16:39:22.427+0000] {dagbag.py:538} INFO - Filling up the DagBag from /home/airflow/.local/lib/python3.8/site-packages/airflow/example_dags/example_dynamic_task_mapping_with_no_taskflow_operators.py
[2025-12-07T16:39:22.439+0000] {processor.py:840} INFO - DAG(s) 'example_dynamic_task_mapping_with_no_taskflow_operators' retrieved from /home/airflow/.local/lib/python3.8/site-packages/airflow/example_dags/example_dynamic_task_mapping_with_no_taskflow_operators.py
[2025-12-07T16:39:22.475+0000] {logging_mixin.py:188} INFO - [2025-12-07T16:39:22.474+0000] {dag.py:3036} INFO - Sync 1 DAGs
[2025-12-07T16:39:22.518+0000] {logging_mixin.py:188} INFO - [2025-12-07T16:39:22.518+0000] {dag.py:3823} INFO - Setting next_dagrun for example_dynamic_task_mapping_with_no_taskflow_operators to 2025-12-06 00:00:00+00:00, run_after=2025-12-07 00:00:00+00:00
[2025-12-07T16:39:22.552+0000] {processor.py:183} INFO - Processing /home/airflow/.local/lib/python3.8/site-packages/airflow/example_dags/example_dynamic_task_mapping_with_no_taskflow_operators.py took 0.134 seconds
[2025-12-07T16:39:53.096+0000] {processor.py:161} INFO - Started process (PID=5321) to work on /home/airflow/.local/lib/python3.8/site-packages/airflow/example_dags/example_dynamic_task_mapping_with_no_taskflow_operators.py
[2025-12-07T16:39:53.097+0000] {processor.py:830} INFO - Processing file /home/airflow/.local/lib/python3.8/site-packages/airflow/example_dags/example_dynamic_task_mapping_with_no_taskflow_operators.py for tasks to queue
[2025-12-07T16:39:53.100+0000] {logging_mixin.py:188} INFO - [2025-12-07T16:39:53.100+0000] {dagbag.py:538} INFO - Filling up the DagBag from /home/airflow/.local/lib/python3.8/site-packages/airflow/example_dags/example_dynamic_task_mapping_with_no_taskflow_operators.py
[2025-12-07T16:39:53.109+0000] {processor.py:840} INFO - DAG(s) 'example_dynamic_task_mapping_with_no_taskflow_operators' retrieved from /home/airflow/.local/lib/python3.8/site-packages/airflow/example_dags/example_dynamic_task_mapping_with_no_taskflow_operators.py
[2025-12-07T16:39:53.138+0000] {logging_mixin.py:188} INFO - [2025-12-07T16:39:53.137+0000] {dag.py:3036} INFO - Sync 1 DAGs
[2025-12-07T16:39:53.168+0000] {logging_mixin.py:188} INFO - [2025-12-07T16:39:53.168+0000] {dag.py:3823} INFO - Setting next_dagrun for example_dynamic_task_mapping_with_no_taskflow_operators to 2025-12-06 00:00:00+00:00, run_after=2025-12-07 00:00:00+00:00
[2025-12-07T16:39:53.197+0000] {processor.py:183} INFO - Processing /home/airflow/.local/lib/python3.8/site-packages/airflow/example_dags/example_dynamic_task_mapping_with_no_taskflow_operators.py took 0.106 seconds
[2025-12-07T16:40:24.039+0000] {processor.py:161} INFO - Started process (PID=5382) to work on /home/airflow/.local/lib/python3.8/site-packages/airflow/example_dags/example_dynamic_task_mapping_with_no_taskflow_operators.py
[2025-12-07T16:40:24.040+0000] {processor.py:830} INFO - Processing file /home/airflow/.local/lib/python3.8/site-packages/airflow/example_dags/example_dynamic_task_mapping_with_no_taskflow_operators.py for tasks to queue
[2025-12-07T16:40:24.043+0000] {logging_mixin.py:188} INFO - [2025-12-07T16:40:24.043+0000] {dagbag.py:538} INFO - Filling up the DagBag from /home/airflow/.local/lib/python3.8/site-packages/airflow/example_dags/example_dynamic_task_mapping_with_no_taskflow_operators.py
[2025-12-07T16:40:24.052+0000] {processor.py:840} INFO - DAG(s) 'example_dynamic_task_mapping_with_no_taskflow_operators' retrieved from /home/airflow/.local/lib/python3.8/site-packages/airflow/example_dags/example_dynamic_task_mapping_with_no_taskflow_operators.py
[2025-12-07T16:40:24.081+0000] {logging_mixin.py:188} INFO - [2025-12-07T16:40:24.081+0000] {dag.py:3036} INFO - Sync 1 DAGs
[2025-12-07T16:40:24.112+0000] {logging_mixin.py:188} INFO - [2025-12-07T16:40:24.112+0000] {dag.py:3823} INFO - Setting next_dagrun for example_dynamic_task_mapping_with_no_taskflow_operators to 2025-12-06 00:00:00+00:00, run_after=2025-12-07 00:00:00+00:00
[2025-12-07T16:40:24.144+0000] {processor.py:183} INFO - Processing /home/airflow/.local/lib/python3.8/site-packages/airflow/example_dags/example_dynamic_task_mapping_with_no_taskflow_operators.py took 0.109 seconds
[2025-12-07T16:40:54.267+0000] {processor.py:161} INFO - Started process (PID=5443) to work on /home/airflow/.local/lib/python3.8/site-packages/airflow/example_dags/example_dynamic_task_mapping_with_no_taskflow_operators.py
[2025-12-07T16:40:54.268+0000] {processor.py:830} INFO - Processing file /home/airflow/.local/lib/python3.8/site-packages/airflow/example_dags/example_dynamic_task_mapping_with_no_taskflow_operators.py for tasks to queue
[2025-12-07T16:40:54.271+0000] {logging_mixin.py:188} INFO - [2025-12-07T16:40:54.270+0000] {dagbag.py:538} INFO - Filling up the DagBag from /home/airflow/.local/lib/python3.8/site-packages/airflow/example_dags/example_dynamic_task_mapping_with_no_taskflow_operators.py
[2025-12-07T16:40:54.279+0000] {processor.py:840} INFO - DAG(s) 'example_dynamic_task_mapping_with_no_taskflow_operators' retrieved from /home/airflow/.local/lib/python3.8/site-packages/airflow/example_dags/example_dynamic_task_mapping_with_no_taskflow_operators.py
[2025-12-07T16:40:54.304+0000] {logging_mixin.py:188} INFO - [2025-12-07T16:40:54.304+0000] {dag.py:3036} INFO - Sync 1 DAGs
[2025-12-07T16:40:54.334+0000] {logging_mixin.py:188} INFO - [2025-12-07T16:40:54.333+0000] {dag.py:3823} INFO - Setting next_dagrun for example_dynamic_task_mapping_with_no_taskflow_operators to 2025-12-06 00:00:00+00:00, run_after=2025-12-07 00:00:00+00:00
[2025-12-07T16:40:54.362+0000] {processor.py:183} INFO - Processing /home/airflow/.local/lib/python3.8/site-packages/airflow/example_dags/example_dynamic_task_mapping_with_no_taskflow_operators.py took 0.098 seconds
[2025-12-07T16:41:24.636+0000] {processor.py:161} INFO - Started process (PID=5504) to work on /home/airflow/.local/lib/python3.8/site-packages/airflow/example_dags/example_dynamic_task_mapping_with_no_taskflow_operators.py
[2025-12-07T16:41:24.638+0000] {processor.py:830} INFO - Processing file /home/airflow/.local/lib/python3.8/site-packages/airflow/example_dags/example_dynamic_task_mapping_with_no_taskflow_operators.py for tasks to queue
[2025-12-07T16:41:24.640+0000] {logging_mixin.py:188} INFO - [2025-12-07T16:41:24.640+0000] {dagbag.py:538} INFO - Filling up the DagBag from /home/airflow/.local/lib/python3.8/site-packages/airflow/example_dags/example_dynamic_task_mapping_with_no_taskflow_operators.py
[2025-12-07T16:41:24.650+0000] {processor.py:840} INFO - DAG(s) 'example_dynamic_task_mapping_with_no_taskflow_operators' retrieved from /home/airflow/.local/lib/python3.8/site-packages/airflow/example_dags/example_dynamic_task_mapping_with_no_taskflow_operators.py
[2025-12-07T16:41:24.681+0000] {logging_mixin.py:188} INFO - [2025-12-07T16:41:24.680+0000] {dag.py:3036} INFO - Sync 1 DAGs
[2025-12-07T16:41:24.714+0000] {logging_mixin.py:188} INFO - [2025-12-07T16:41:24.714+0000] {dag.py:3823} INFO - Setting next_dagrun for example_dynamic_task_mapping_with_no_taskflow_operators to 2025-12-06 00:00:00+00:00, run_after=2025-12-07 00:00:00+00:00
[2025-12-07T16:41:24.743+0000] {processor.py:183} INFO - Processing /home/airflow/.local/lib/python3.8/site-packages/airflow/example_dags/example_dynamic_task_mapping_with_no_taskflow_operators.py took 0.111 seconds
[2025-12-07T16:41:55.245+0000] {processor.py:161} INFO - Started process (PID=5565) to work on /home/airflow/.local/lib/python3.8/site-packages/airflow/example_dags/example_dynamic_task_mapping_with_no_taskflow_operators.py
[2025-12-07T16:41:55.246+0000] {processor.py:830} INFO - Processing file /home/airflow/.local/lib/python3.8/site-packages/airflow/example_dags/example_dynamic_task_mapping_with_no_taskflow_operators.py for tasks to queue
[2025-12-07T16:41:55.249+0000] {logging_mixin.py:188} INFO - [2025-12-07T16:41:55.249+0000] {dagbag.py:538} INFO - Filling up the DagBag from /home/airflow/.local/lib/python3.8/site-packages/airflow/example_dags/example_dynamic_task_mapping_with_no_taskflow_operators.py
[2025-12-07T16:41:55.258+0000] {processor.py:840} INFO - DAG(s) 'example_dynamic_task_mapping_with_no_taskflow_operators' retrieved from /home/airflow/.local/lib/python3.8/site-packages/airflow/example_dags/example_dynamic_task_mapping_with_no_taskflow_operators.py
[2025-12-07T16:41:55.287+0000] {logging_mixin.py:188} INFO - [2025-12-07T16:41:55.287+0000] {dag.py:3036} INFO - Sync 1 DAGs
[2025-12-07T16:41:55.321+0000] {logging_mixin.py:188} INFO - [2025-12-07T16:41:55.320+0000] {dag.py:3823} INFO - Setting next_dagrun for example_dynamic_task_mapping_with_no_taskflow_operators to 2025-12-06 00:00:00+00:00, run_after=2025-12-07 00:00:00+00:00
[2025-12-07T16:41:55.345+0000] {processor.py:183} INFO - Processing /home/airflow/.local/lib/python3.8/site-packages/airflow/example_dags/example_dynamic_task_mapping_with_no_taskflow_operators.py took 0.104 seconds
[2025-12-07T16:42:25.781+0000] {processor.py:161} INFO - Started process (PID=5626) to work on /home/airflow/.local/lib/python3.8/site-packages/airflow/example_dags/example_dynamic_task_mapping_with_no_taskflow_operators.py
[2025-12-07T16:42:25.783+0000] {processor.py:830} INFO - Processing file /home/airflow/.local/lib/python3.8/site-packages/airflow/example_dags/example_dynamic_task_mapping_with_no_taskflow_operators.py for tasks to queue
[2025-12-07T16:42:25.785+0000] {logging_mixin.py:188} INFO - [2025-12-07T16:42:25.785+0000] {dagbag.py:538} INFO - Filling up the DagBag from /home/airflow/.local/lib/python3.8/site-packages/airflow/example_dags/example_dynamic_task_mapping_with_no_taskflow_operators.py
[2025-12-07T16:42:25.795+0000] {processor.py:840} INFO - DAG(s) 'example_dynamic_task_mapping_with_no_taskflow_operators' retrieved from /home/airflow/.local/lib/python3.8/site-packages/airflow/example_dags/example_dynamic_task_mapping_with_no_taskflow_operators.py
[2025-12-07T16:42:25.826+0000] {logging_mixin.py:188} INFO - [2025-12-07T16:42:25.826+0000] {dag.py:3036} INFO - Sync 1 DAGs
[2025-12-07T16:42:25.856+0000] {logging_mixin.py:188} INFO - [2025-12-07T16:42:25.856+0000] {dag.py:3823} INFO - Setting next_dagrun for example_dynamic_task_mapping_with_no_taskflow_operators to 2025-12-06 00:00:00+00:00, run_after=2025-12-07 00:00:00+00:00
[2025-12-07T16:42:25.883+0000] {processor.py:183} INFO - Processing /home/airflow/.local/lib/python3.8/site-packages/airflow/example_dags/example_dynamic_task_mapping_with_no_taskflow_operators.py took 0.107 seconds
[2025-12-07T16:42:56.162+0000] {processor.py:161} INFO - Started process (PID=5687) to work on /home/airflow/.local/lib/python3.8/site-packages/airflow/example_dags/example_dynamic_task_mapping_with_no_taskflow_operators.py
[2025-12-07T16:42:56.164+0000] {processor.py:830} INFO - Processing file /home/airflow/.local/lib/python3.8/site-packages/airflow/example_dags/example_dynamic_task_mapping_with_no_taskflow_operators.py for tasks to queue
[2025-12-07T16:42:56.166+0000] {logging_mixin.py:188} INFO - [2025-12-07T16:42:56.166+0000] {dagbag.py:538} INFO - Filling up the DagBag from /home/airflow/.local/lib/python3.8/site-packages/airflow/example_dags/example_dynamic_task_mapping_with_no_taskflow_operators.py
[2025-12-07T16:42:56.175+0000] {processor.py:840} INFO - DAG(s) 'example_dynamic_task_mapping_with_no_taskflow_operators' retrieved from /home/airflow/.local/lib/python3.8/site-packages/airflow/example_dags/example_dynamic_task_mapping_with_no_taskflow_operators.py
[2025-12-07T16:42:56.205+0000] {logging_mixin.py:188} INFO - [2025-12-07T16:42:56.204+0000] {dag.py:3036} INFO - Sync 1 DAGs
[2025-12-07T16:42:56.238+0000] {logging_mixin.py:188} INFO - [2025-12-07T16:42:56.237+0000] {dag.py:3823} INFO - Setting next_dagrun for example_dynamic_task_mapping_with_no_taskflow_operators to 2025-12-06 00:00:00+00:00, run_after=2025-12-07 00:00:00+00:00
[2025-12-07T16:42:56.266+0000] {processor.py:183} INFO - Processing /home/airflow/.local/lib/python3.8/site-packages/airflow/example_dags/example_dynamic_task_mapping_with_no_taskflow_operators.py took 0.109 seconds
[2025-12-07T16:43:26.708+0000] {processor.py:161} INFO - Started process (PID=5748) to work on /home/airflow/.local/lib/python3.8/site-packages/airflow/example_dags/example_dynamic_task_mapping_with_no_taskflow_operators.py
[2025-12-07T16:43:26.709+0000] {processor.py:830} INFO - Processing file /home/airflow/.local/lib/python3.8/site-packages/airflow/example_dags/example_dynamic_task_mapping_with_no_taskflow_operators.py for tasks to queue
[2025-12-07T16:43:26.715+0000] {logging_mixin.py:188} INFO - [2025-12-07T16:43:26.715+0000] {dagbag.py:538} INFO - Filling up the DagBag from /home/airflow/.local/lib/python3.8/site-packages/airflow/example_dags/example_dynamic_task_mapping_with_no_taskflow_operators.py
[2025-12-07T16:43:26.725+0000] {processor.py:840} INFO - DAG(s) 'example_dynamic_task_mapping_with_no_taskflow_operators' retrieved from /home/airflow/.local/lib/python3.8/site-packages/airflow/example_dags/example_dynamic_task_mapping_with_no_taskflow_operators.py
[2025-12-07T16:43:26.755+0000] {logging_mixin.py:188} INFO - [2025-12-07T16:43:26.754+0000] {dag.py:3036} INFO - Sync 1 DAGs
[2025-12-07T16:43:26.790+0000] {logging_mixin.py:188} INFO - [2025-12-07T16:43:26.790+0000] {dag.py:3823} INFO - Setting next_dagrun for example_dynamic_task_mapping_with_no_taskflow_operators to 2025-12-06 00:00:00+00:00, run_after=2025-12-07 00:00:00+00:00
[2025-12-07T16:43:26.821+0000] {processor.py:183} INFO - Processing /home/airflow/.local/lib/python3.8/site-packages/airflow/example_dags/example_dynamic_task_mapping_with_no_taskflow_operators.py took 0.119 seconds
[2025-12-07T16:43:57.391+0000] {processor.py:161} INFO - Started process (PID=5809) to work on /home/airflow/.local/lib/python3.8/site-packages/airflow/example_dags/example_dynamic_task_mapping_with_no_taskflow_operators.py
[2025-12-07T16:43:57.393+0000] {processor.py:830} INFO - Processing file /home/airflow/.local/lib/python3.8/site-packages/airflow/example_dags/example_dynamic_task_mapping_with_no_taskflow_operators.py for tasks to queue
[2025-12-07T16:43:57.399+0000] {logging_mixin.py:188} INFO - [2025-12-07T16:43:57.398+0000] {dagbag.py:538} INFO - Filling up the DagBag from /home/airflow/.local/lib/python3.8/site-packages/airflow/example_dags/example_dynamic_task_mapping_with_no_taskflow_operators.py
[2025-12-07T16:43:57.408+0000] {processor.py:840} INFO - DAG(s) 'example_dynamic_task_mapping_with_no_taskflow_operators' retrieved from /home/airflow/.local/lib/python3.8/site-packages/airflow/example_dags/example_dynamic_task_mapping_with_no_taskflow_operators.py
[2025-12-07T16:43:57.440+0000] {logging_mixin.py:188} INFO - [2025-12-07T16:43:57.440+0000] {dag.py:3036} INFO - Sync 1 DAGs
[2025-12-07T16:43:57.473+0000] {logging_mixin.py:188} INFO - [2025-12-07T16:43:57.473+0000] {dag.py:3823} INFO - Setting next_dagrun for example_dynamic_task_mapping_with_no_taskflow_operators to 2025-12-06 00:00:00+00:00, run_after=2025-12-07 00:00:00+00:00
[2025-12-07T16:43:57.500+0000] {processor.py:183} INFO - Processing /home/airflow/.local/lib/python3.8/site-packages/airflow/example_dags/example_dynamic_task_mapping_with_no_taskflow_operators.py took 0.114 seconds
[2025-12-07T16:44:27.704+0000] {processor.py:161} INFO - Started process (PID=5870) to work on /home/airflow/.local/lib/python3.8/site-packages/airflow/example_dags/example_dynamic_task_mapping_with_no_taskflow_operators.py
[2025-12-07T16:44:27.705+0000] {processor.py:830} INFO - Processing file /home/airflow/.local/lib/python3.8/site-packages/airflow/example_dags/example_dynamic_task_mapping_with_no_taskflow_operators.py for tasks to queue
[2025-12-07T16:44:27.708+0000] {logging_mixin.py:188} INFO - [2025-12-07T16:44:27.708+0000] {dagbag.py:538} INFO - Filling up the DagBag from /home/airflow/.local/lib/python3.8/site-packages/airflow/example_dags/example_dynamic_task_mapping_with_no_taskflow_operators.py
[2025-12-07T16:44:27.716+0000] {processor.py:840} INFO - DAG(s) 'example_dynamic_task_mapping_with_no_taskflow_operators' retrieved from /home/airflow/.local/lib/python3.8/site-packages/airflow/example_dags/example_dynamic_task_mapping_with_no_taskflow_operators.py
[2025-12-07T16:44:27.748+0000] {logging_mixin.py:188} INFO - [2025-12-07T16:44:27.748+0000] {dag.py:3036} INFO - Sync 1 DAGs
[2025-12-07T16:44:27.777+0000] {logging_mixin.py:188} INFO - [2025-12-07T16:44:27.777+0000] {dag.py:3823} INFO - Setting next_dagrun for example_dynamic_task_mapping_with_no_taskflow_operators to 2025-12-06 00:00:00+00:00, run_after=2025-12-07 00:00:00+00:00
[2025-12-07T16:44:27.802+0000] {processor.py:183} INFO - Processing /home/airflow/.local/lib/python3.8/site-packages/airflow/example_dags/example_dynamic_task_mapping_with_no_taskflow_operators.py took 0.103 seconds
[2025-12-07T16:44:58.075+0000] {processor.py:161} INFO - Started process (PID=5931) to work on /home/airflow/.local/lib/python3.8/site-packages/airflow/example_dags/example_dynamic_task_mapping_with_no_taskflow_operators.py
[2025-12-07T16:44:58.077+0000] {processor.py:830} INFO - Processing file /home/airflow/.local/lib/python3.8/site-packages/airflow/example_dags/example_dynamic_task_mapping_with_no_taskflow_operators.py for tasks to queue
[2025-12-07T16:44:58.079+0000] {logging_mixin.py:188} INFO - [2025-12-07T16:44:58.079+0000] {dagbag.py:538} INFO - Filling up the DagBag from /home/airflow/.local/lib/python3.8/site-packages/airflow/example_dags/example_dynamic_task_mapping_with_no_taskflow_operators.py
[2025-12-07T16:44:58.088+0000] {processor.py:840} INFO - DAG(s) 'example_dynamic_task_mapping_with_no_taskflow_operators' retrieved from /home/airflow/.local/lib/python3.8/site-packages/airflow/example_dags/example_dynamic_task_mapping_with_no_taskflow_operators.py
[2025-12-07T16:44:58.115+0000] {logging_mixin.py:188} INFO - [2025-12-07T16:44:58.115+0000] {dag.py:3036} INFO - Sync 1 DAGs
[2025-12-07T16:44:58.143+0000] {logging_mixin.py:188} INFO - [2025-12-07T16:44:58.143+0000] {dag.py:3823} INFO - Setting next_dagrun for example_dynamic_task_mapping_with_no_taskflow_operators to 2025-12-06 00:00:00+00:00, run_after=2025-12-07 00:00:00+00:00
[2025-12-07T16:44:58.171+0000] {processor.py:183} INFO - Processing /home/airflow/.local/lib/python3.8/site-packages/airflow/example_dags/example_dynamic_task_mapping_with_no_taskflow_operators.py took 0.100 seconds
[2025-12-07T16:45:28.284+0000] {processor.py:161} INFO - Started process (PID=5992) to work on /home/airflow/.local/lib/python3.8/site-packages/airflow/example_dags/example_dynamic_task_mapping_with_no_taskflow_operators.py
[2025-12-07T16:45:28.286+0000] {processor.py:830} INFO - Processing file /home/airflow/.local/lib/python3.8/site-packages/airflow/example_dags/example_dynamic_task_mapping_with_no_taskflow_operators.py for tasks to queue
[2025-12-07T16:45:28.288+0000] {logging_mixin.py:188} INFO - [2025-12-07T16:45:28.288+0000] {dagbag.py:538} INFO - Filling up the DagBag from /home/airflow/.local/lib/python3.8/site-packages/airflow/example_dags/example_dynamic_task_mapping_with_no_taskflow_operators.py
[2025-12-07T16:45:28.297+0000] {processor.py:840} INFO - DAG(s) 'example_dynamic_task_mapping_with_no_taskflow_operators' retrieved from /home/airflow/.local/lib/python3.8/site-packages/airflow/example_dags/example_dynamic_task_mapping_with_no_taskflow_operators.py
[2025-12-07T16:45:28.326+0000] {logging_mixin.py:188} INFO - [2025-12-07T16:45:28.326+0000] {dag.py:3036} INFO - Sync 1 DAGs
[2025-12-07T16:45:28.355+0000] {logging_mixin.py:188} INFO - [2025-12-07T16:45:28.355+0000] {dag.py:3823} INFO - Setting next_dagrun for example_dynamic_task_mapping_with_no_taskflow_operators to 2025-12-06 00:00:00+00:00, run_after=2025-12-07 00:00:00+00:00
[2025-12-07T16:45:28.386+0000] {processor.py:183} INFO - Processing /home/airflow/.local/lib/python3.8/site-packages/airflow/example_dags/example_dynamic_task_mapping_with_no_taskflow_operators.py took 0.106 seconds
[2025-12-07T16:45:58.553+0000] {processor.py:161} INFO - Started process (PID=6053) to work on /home/airflow/.local/lib/python3.8/site-packages/airflow/example_dags/example_dynamic_task_mapping_with_no_taskflow_operators.py
[2025-12-07T16:45:58.554+0000] {processor.py:830} INFO - Processing file /home/airflow/.local/lib/python3.8/site-packages/airflow/example_dags/example_dynamic_task_mapping_with_no_taskflow_operators.py for tasks to queue
[2025-12-07T16:45:58.557+0000] {logging_mixin.py:188} INFO - [2025-12-07T16:45:58.557+0000] {dagbag.py:538} INFO - Filling up the DagBag from /home/airflow/.local/lib/python3.8/site-packages/airflow/example_dags/example_dynamic_task_mapping_with_no_taskflow_operators.py
[2025-12-07T16:45:58.565+0000] {processor.py:840} INFO - DAG(s) 'example_dynamic_task_mapping_with_no_taskflow_operators' retrieved from /home/airflow/.local/lib/python3.8/site-packages/airflow/example_dags/example_dynamic_task_mapping_with_no_taskflow_operators.py
[2025-12-07T16:45:58.597+0000] {logging_mixin.py:188} INFO - [2025-12-07T16:45:58.596+0000] {dag.py:3036} INFO - Sync 1 DAGs
[2025-12-07T16:45:58.649+0000] {logging_mixin.py:188} INFO - [2025-12-07T16:45:58.649+0000] {dag.py:3823} INFO - Setting next_dagrun for example_dynamic_task_mapping_with_no_taskflow_operators to 2025-12-06 00:00:00+00:00, run_after=2025-12-07 00:00:00+00:00
[2025-12-07T16:45:58.680+0000] {processor.py:183} INFO - Processing /home/airflow/.local/lib/python3.8/site-packages/airflow/example_dags/example_dynamic_task_mapping_with_no_taskflow_operators.py took 0.131 seconds
[2025-12-07T16:46:29.155+0000] {processor.py:161} INFO - Started process (PID=6114) to work on /home/airflow/.local/lib/python3.8/site-packages/airflow/example_dags/example_dynamic_task_mapping_with_no_taskflow_operators.py
[2025-12-07T16:46:29.156+0000] {processor.py:830} INFO - Processing file /home/airflow/.local/lib/python3.8/site-packages/airflow/example_dags/example_dynamic_task_mapping_with_no_taskflow_operators.py for tasks to queue
[2025-12-07T16:46:29.159+0000] {logging_mixin.py:188} INFO - [2025-12-07T16:46:29.158+0000] {dagbag.py:538} INFO - Filling up the DagBag from /home/airflow/.local/lib/python3.8/site-packages/airflow/example_dags/example_dynamic_task_mapping_with_no_taskflow_operators.py
[2025-12-07T16:46:29.167+0000] {processor.py:840} INFO - DAG(s) 'example_dynamic_task_mapping_with_no_taskflow_operators' retrieved from /home/airflow/.local/lib/python3.8/site-packages/airflow/example_dags/example_dynamic_task_mapping_with_no_taskflow_operators.py
[2025-12-07T16:46:29.198+0000] {logging_mixin.py:188} INFO - [2025-12-07T16:46:29.198+0000] {dag.py:3036} INFO - Sync 1 DAGs
[2025-12-07T16:46:29.229+0000] {logging_mixin.py:188} INFO - [2025-12-07T16:46:29.229+0000] {dag.py:3823} INFO - Setting next_dagrun for example_dynamic_task_mapping_with_no_taskflow_operators to 2025-12-06 00:00:00+00:00, run_after=2025-12-07 00:00:00+00:00
[2025-12-07T16:46:29.255+0000] {processor.py:183} INFO - Processing /home/airflow/.local/lib/python3.8/site-packages/airflow/example_dags/example_dynamic_task_mapping_with_no_taskflow_operators.py took 0.105 seconds
[2025-12-07T16:46:59.472+0000] {processor.py:161} INFO - Started process (PID=6175) to work on /home/airflow/.local/lib/python3.8/site-packages/airflow/example_dags/example_dynamic_task_mapping_with_no_taskflow_operators.py
[2025-12-07T16:46:59.474+0000] {processor.py:830} INFO - Processing file /home/airflow/.local/lib/python3.8/site-packages/airflow/example_dags/example_dynamic_task_mapping_with_no_taskflow_operators.py for tasks to queue
[2025-12-07T16:46:59.477+0000] {logging_mixin.py:188} INFO - [2025-12-07T16:46:59.476+0000] {dagbag.py:538} INFO - Filling up the DagBag from /home/airflow/.local/lib/python3.8/site-packages/airflow/example_dags/example_dynamic_task_mapping_with_no_taskflow_operators.py
[2025-12-07T16:46:59.486+0000] {processor.py:840} INFO - DAG(s) 'example_dynamic_task_mapping_with_no_taskflow_operators' retrieved from /home/airflow/.local/lib/python3.8/site-packages/airflow/example_dags/example_dynamic_task_mapping_with_no_taskflow_operators.py
[2025-12-07T16:46:59.514+0000] {logging_mixin.py:188} INFO - [2025-12-07T16:46:59.514+0000] {dag.py:3036} INFO - Sync 1 DAGs
[2025-12-07T16:46:59.545+0000] {logging_mixin.py:188} INFO - [2025-12-07T16:46:59.545+0000] {dag.py:3823} INFO - Setting next_dagrun for example_dynamic_task_mapping_with_no_taskflow_operators to 2025-12-06 00:00:00+00:00, run_after=2025-12-07 00:00:00+00:00
[2025-12-07T16:46:59.574+0000] {processor.py:183} INFO - Processing /home/airflow/.local/lib/python3.8/site-packages/airflow/example_dags/example_dynamic_task_mapping_with_no_taskflow_operators.py took 0.107 seconds
[2025-12-07T16:47:29.885+0000] {processor.py:161} INFO - Started process (PID=6236) to work on /home/airflow/.local/lib/python3.8/site-packages/airflow/example_dags/example_dynamic_task_mapping_with_no_taskflow_operators.py
[2025-12-07T16:47:29.886+0000] {processor.py:830} INFO - Processing file /home/airflow/.local/lib/python3.8/site-packages/airflow/example_dags/example_dynamic_task_mapping_with_no_taskflow_operators.py for tasks to queue
[2025-12-07T16:47:29.889+0000] {logging_mixin.py:188} INFO - [2025-12-07T16:47:29.888+0000] {dagbag.py:538} INFO - Filling up the DagBag from /home/airflow/.local/lib/python3.8/site-packages/airflow/example_dags/example_dynamic_task_mapping_with_no_taskflow_operators.py
[2025-12-07T16:47:29.900+0000] {processor.py:840} INFO - DAG(s) 'example_dynamic_task_mapping_with_no_taskflow_operators' retrieved from /home/airflow/.local/lib/python3.8/site-packages/airflow/example_dags/example_dynamic_task_mapping_with_no_taskflow_operators.py
[2025-12-07T16:47:29.933+0000] {logging_mixin.py:188} INFO - [2025-12-07T16:47:29.933+0000] {dag.py:3036} INFO - Sync 1 DAGs
[2025-12-07T16:47:30.043+0000] {logging_mixin.py:188} INFO - [2025-12-07T16:47:30.042+0000] {dag.py:3823} INFO - Setting next_dagrun for example_dynamic_task_mapping_with_no_taskflow_operators to 2025-12-06 00:00:00+00:00, run_after=2025-12-07 00:00:00+00:00
[2025-12-07T16:47:30.073+0000] {processor.py:183} INFO - Processing /home/airflow/.local/lib/python3.8/site-packages/airflow/example_dags/example_dynamic_task_mapping_with_no_taskflow_operators.py took 0.192 seconds
[2025-12-07T16:48:00.146+0000] {processor.py:161} INFO - Started process (PID=6297) to work on /home/airflow/.local/lib/python3.8/site-packages/airflow/example_dags/example_dynamic_task_mapping_with_no_taskflow_operators.py
[2025-12-07T16:48:00.147+0000] {processor.py:830} INFO - Processing file /home/airflow/.local/lib/python3.8/site-packages/airflow/example_dags/example_dynamic_task_mapping_with_no_taskflow_operators.py for tasks to queue
[2025-12-07T16:48:00.150+0000] {logging_mixin.py:188} INFO - [2025-12-07T16:48:00.149+0000] {dagbag.py:538} INFO - Filling up the DagBag from /home/airflow/.local/lib/python3.8/site-packages/airflow/example_dags/example_dynamic_task_mapping_with_no_taskflow_operators.py
[2025-12-07T16:48:00.161+0000] {processor.py:840} INFO - DAG(s) 'example_dynamic_task_mapping_with_no_taskflow_operators' retrieved from /home/airflow/.local/lib/python3.8/site-packages/airflow/example_dags/example_dynamic_task_mapping_with_no_taskflow_operators.py
[2025-12-07T16:48:00.198+0000] {logging_mixin.py:188} INFO - [2025-12-07T16:48:00.197+0000] {dag.py:3036} INFO - Sync 1 DAGs
[2025-12-07T16:48:00.235+0000] {logging_mixin.py:188} INFO - [2025-12-07T16:48:00.234+0000] {dag.py:3823} INFO - Setting next_dagrun for example_dynamic_task_mapping_with_no_taskflow_operators to 2025-12-06 00:00:00+00:00, run_after=2025-12-07 00:00:00+00:00
[2025-12-07T16:48:00.265+0000] {processor.py:183} INFO - Processing /home/airflow/.local/lib/python3.8/site-packages/airflow/example_dags/example_dynamic_task_mapping_with_no_taskflow_operators.py took 0.124 seconds
[2025-12-07T16:48:30.797+0000] {processor.py:161} INFO - Started process (PID=6358) to work on /home/airflow/.local/lib/python3.8/site-packages/airflow/example_dags/example_dynamic_task_mapping_with_no_taskflow_operators.py
[2025-12-07T16:48:30.799+0000] {processor.py:830} INFO - Processing file /home/airflow/.local/lib/python3.8/site-packages/airflow/example_dags/example_dynamic_task_mapping_with_no_taskflow_operators.py for tasks to queue
[2025-12-07T16:48:30.801+0000] {logging_mixin.py:188} INFO - [2025-12-07T16:48:30.801+0000] {dagbag.py:538} INFO - Filling up the DagBag from /home/airflow/.local/lib/python3.8/site-packages/airflow/example_dags/example_dynamic_task_mapping_with_no_taskflow_operators.py
[2025-12-07T16:48:30.810+0000] {processor.py:840} INFO - DAG(s) 'example_dynamic_task_mapping_with_no_taskflow_operators' retrieved from /home/airflow/.local/lib/python3.8/site-packages/airflow/example_dags/example_dynamic_task_mapping_with_no_taskflow_operators.py
[2025-12-07T16:48:30.843+0000] {logging_mixin.py:188} INFO - [2025-12-07T16:48:30.842+0000] {dag.py:3036} INFO - Sync 1 DAGs
[2025-12-07T16:48:30.878+0000] {logging_mixin.py:188} INFO - [2025-12-07T16:48:30.877+0000] {dag.py:3823} INFO - Setting next_dagrun for example_dynamic_task_mapping_with_no_taskflow_operators to 2025-12-06 00:00:00+00:00, run_after=2025-12-07 00:00:00+00:00
[2025-12-07T16:48:30.905+0000] {processor.py:183} INFO - Processing /home/airflow/.local/lib/python3.8/site-packages/airflow/example_dags/example_dynamic_task_mapping_with_no_taskflow_operators.py took 0.112 seconds
[2025-12-07T16:49:00.966+0000] {processor.py:161} INFO - Started process (PID=6417) to work on /home/airflow/.local/lib/python3.8/site-packages/airflow/example_dags/example_dynamic_task_mapping_with_no_taskflow_operators.py
[2025-12-07T16:49:00.968+0000] {processor.py:830} INFO - Processing file /home/airflow/.local/lib/python3.8/site-packages/airflow/example_dags/example_dynamic_task_mapping_with_no_taskflow_operators.py for tasks to queue
[2025-12-07T16:49:00.971+0000] {logging_mixin.py:188} INFO - [2025-12-07T16:49:00.970+0000] {dagbag.py:538} INFO - Filling up the DagBag from /home/airflow/.local/lib/python3.8/site-packages/airflow/example_dags/example_dynamic_task_mapping_with_no_taskflow_operators.py
[2025-12-07T16:49:00.979+0000] {processor.py:840} INFO - DAG(s) 'example_dynamic_task_mapping_with_no_taskflow_operators' retrieved from /home/airflow/.local/lib/python3.8/site-packages/airflow/example_dags/example_dynamic_task_mapping_with_no_taskflow_operators.py
[2025-12-07T16:49:01.006+0000] {logging_mixin.py:188} INFO - [2025-12-07T16:49:01.006+0000] {dag.py:3036} INFO - Sync 1 DAGs
[2025-12-07T16:49:01.035+0000] {logging_mixin.py:188} INFO - [2025-12-07T16:49:01.034+0000] {dag.py:3823} INFO - Setting next_dagrun for example_dynamic_task_mapping_with_no_taskflow_operators to 2025-12-06 00:00:00+00:00, run_after=2025-12-07 00:00:00+00:00
[2025-12-07T16:49:01.061+0000] {processor.py:183} INFO - Processing /home/airflow/.local/lib/python3.8/site-packages/airflow/example_dags/example_dynamic_task_mapping_with_no_taskflow_operators.py took 0.099 seconds
[2025-12-07T16:49:31.347+0000] {processor.py:161} INFO - Started process (PID=6478) to work on /home/airflow/.local/lib/python3.8/site-packages/airflow/example_dags/example_dynamic_task_mapping_with_no_taskflow_operators.py
[2025-12-07T16:49:31.348+0000] {processor.py:830} INFO - Processing file /home/airflow/.local/lib/python3.8/site-packages/airflow/example_dags/example_dynamic_task_mapping_with_no_taskflow_operators.py for tasks to queue
[2025-12-07T16:49:31.351+0000] {logging_mixin.py:188} INFO - [2025-12-07T16:49:31.351+0000] {dagbag.py:538} INFO - Filling up the DagBag from /home/airflow/.local/lib/python3.8/site-packages/airflow/example_dags/example_dynamic_task_mapping_with_no_taskflow_operators.py
[2025-12-07T16:49:31.362+0000] {processor.py:840} INFO - DAG(s) 'example_dynamic_task_mapping_with_no_taskflow_operators' retrieved from /home/airflow/.local/lib/python3.8/site-packages/airflow/example_dags/example_dynamic_task_mapping_with_no_taskflow_operators.py
[2025-12-07T16:49:31.395+0000] {logging_mixin.py:188} INFO - [2025-12-07T16:49:31.394+0000] {dag.py:3036} INFO - Sync 1 DAGs
[2025-12-07T16:49:31.428+0000] {logging_mixin.py:188} INFO - [2025-12-07T16:49:31.428+0000] {dag.py:3823} INFO - Setting next_dagrun for example_dynamic_task_mapping_with_no_taskflow_operators to 2025-12-06 00:00:00+00:00, run_after=2025-12-07 00:00:00+00:00
[2025-12-07T16:49:31.459+0000] {processor.py:183} INFO - Processing /home/airflow/.local/lib/python3.8/site-packages/airflow/example_dags/example_dynamic_task_mapping_with_no_taskflow_operators.py took 0.116 seconds
[2025-12-07T16:50:01.642+0000] {processor.py:161} INFO - Started process (PID=6539) to work on /home/airflow/.local/lib/python3.8/site-packages/airflow/example_dags/example_dynamic_task_mapping_with_no_taskflow_operators.py
[2025-12-07T16:50:01.644+0000] {processor.py:830} INFO - Processing file /home/airflow/.local/lib/python3.8/site-packages/airflow/example_dags/example_dynamic_task_mapping_with_no_taskflow_operators.py for tasks to queue
[2025-12-07T16:50:01.647+0000] {logging_mixin.py:188} INFO - [2025-12-07T16:50:01.647+0000] {dagbag.py:538} INFO - Filling up the DagBag from /home/airflow/.local/lib/python3.8/site-packages/airflow/example_dags/example_dynamic_task_mapping_with_no_taskflow_operators.py
[2025-12-07T16:50:01.656+0000] {processor.py:840} INFO - DAG(s) 'example_dynamic_task_mapping_with_no_taskflow_operators' retrieved from /home/airflow/.local/lib/python3.8/site-packages/airflow/example_dags/example_dynamic_task_mapping_with_no_taskflow_operators.py
[2025-12-07T16:50:01.687+0000] {logging_mixin.py:188} INFO - [2025-12-07T16:50:01.687+0000] {dag.py:3036} INFO - Sync 1 DAGs
[2025-12-07T16:50:01.718+0000] {logging_mixin.py:188} INFO - [2025-12-07T16:50:01.718+0000] {dag.py:3823} INFO - Setting next_dagrun for example_dynamic_task_mapping_with_no_taskflow_operators to 2025-12-06 00:00:00+00:00, run_after=2025-12-07 00:00:00+00:00
[2025-12-07T16:50:01.745+0000] {processor.py:183} INFO - Processing /home/airflow/.local/lib/python3.8/site-packages/airflow/example_dags/example_dynamic_task_mapping_with_no_taskflow_operators.py took 0.108 seconds
[2025-12-07T16:50:31.937+0000] {processor.py:161} INFO - Started process (PID=6600) to work on /home/airflow/.local/lib/python3.8/site-packages/airflow/example_dags/example_dynamic_task_mapping_with_no_taskflow_operators.py
[2025-12-07T16:50:31.939+0000] {processor.py:830} INFO - Processing file /home/airflow/.local/lib/python3.8/site-packages/airflow/example_dags/example_dynamic_task_mapping_with_no_taskflow_operators.py for tasks to queue
[2025-12-07T16:50:31.942+0000] {logging_mixin.py:188} INFO - [2025-12-07T16:50:31.941+0000] {dagbag.py:538} INFO - Filling up the DagBag from /home/airflow/.local/lib/python3.8/site-packages/airflow/example_dags/example_dynamic_task_mapping_with_no_taskflow_operators.py
[2025-12-07T16:50:31.951+0000] {processor.py:840} INFO - DAG(s) 'example_dynamic_task_mapping_with_no_taskflow_operators' retrieved from /home/airflow/.local/lib/python3.8/site-packages/airflow/example_dags/example_dynamic_task_mapping_with_no_taskflow_operators.py
[2025-12-07T16:50:31.980+0000] {logging_mixin.py:188} INFO - [2025-12-07T16:50:31.980+0000] {dag.py:3036} INFO - Sync 1 DAGs
[2025-12-07T16:50:32.011+0000] {logging_mixin.py:188} INFO - [2025-12-07T16:50:32.011+0000] {dag.py:3823} INFO - Setting next_dagrun for example_dynamic_task_mapping_with_no_taskflow_operators to 2025-12-06 00:00:00+00:00, run_after=2025-12-07 00:00:00+00:00
[2025-12-07T16:50:32.042+0000] {processor.py:183} INFO - Processing /home/airflow/.local/lib/python3.8/site-packages/airflow/example_dags/example_dynamic_task_mapping_with_no_taskflow_operators.py took 0.110 seconds
[2025-12-07T16:51:02.735+0000] {processor.py:161} INFO - Started process (PID=6661) to work on /home/airflow/.local/lib/python3.8/site-packages/airflow/example_dags/example_dynamic_task_mapping_with_no_taskflow_operators.py
[2025-12-07T16:51:02.737+0000] {processor.py:830} INFO - Processing file /home/airflow/.local/lib/python3.8/site-packages/airflow/example_dags/example_dynamic_task_mapping_with_no_taskflow_operators.py for tasks to queue
[2025-12-07T16:51:02.742+0000] {logging_mixin.py:188} INFO - [2025-12-07T16:51:02.741+0000] {dagbag.py:538} INFO - Filling up the DagBag from /home/airflow/.local/lib/python3.8/site-packages/airflow/example_dags/example_dynamic_task_mapping_with_no_taskflow_operators.py
[2025-12-07T16:51:02.756+0000] {processor.py:840} INFO - DAG(s) 'example_dynamic_task_mapping_with_no_taskflow_operators' retrieved from /home/airflow/.local/lib/python3.8/site-packages/airflow/example_dags/example_dynamic_task_mapping_with_no_taskflow_operators.py
[2025-12-07T16:51:02.804+0000] {logging_mixin.py:188} INFO - [2025-12-07T16:51:02.803+0000] {dag.py:3036} INFO - Sync 1 DAGs
[2025-12-07T16:51:02.854+0000] {logging_mixin.py:188} INFO - [2025-12-07T16:51:02.853+0000] {dag.py:3823} INFO - Setting next_dagrun for example_dynamic_task_mapping_with_no_taskflow_operators to 2025-12-06 00:00:00+00:00, run_after=2025-12-07 00:00:00+00:00
[2025-12-07T16:51:02.936+0000] {processor.py:183} INFO - Processing /home/airflow/.local/lib/python3.8/site-packages/airflow/example_dags/example_dynamic_task_mapping_with_no_taskflow_operators.py took 0.207 seconds
[2025-12-07T16:51:33.051+0000] {processor.py:161} INFO - Started process (PID=6722) to work on /home/airflow/.local/lib/python3.8/site-packages/airflow/example_dags/example_dynamic_task_mapping_with_no_taskflow_operators.py
[2025-12-07T16:51:33.053+0000] {processor.py:830} INFO - Processing file /home/airflow/.local/lib/python3.8/site-packages/airflow/example_dags/example_dynamic_task_mapping_with_no_taskflow_operators.py for tasks to queue
[2025-12-07T16:51:33.056+0000] {logging_mixin.py:188} INFO - [2025-12-07T16:51:33.055+0000] {dagbag.py:538} INFO - Filling up the DagBag from /home/airflow/.local/lib/python3.8/site-packages/airflow/example_dags/example_dynamic_task_mapping_with_no_taskflow_operators.py
[2025-12-07T16:51:33.065+0000] {processor.py:840} INFO - DAG(s) 'example_dynamic_task_mapping_with_no_taskflow_operators' retrieved from /home/airflow/.local/lib/python3.8/site-packages/airflow/example_dags/example_dynamic_task_mapping_with_no_taskflow_operators.py
[2025-12-07T16:51:33.095+0000] {logging_mixin.py:188} INFO - [2025-12-07T16:51:33.095+0000] {dag.py:3036} INFO - Sync 1 DAGs
[2025-12-07T16:51:33.125+0000] {logging_mixin.py:188} INFO - [2025-12-07T16:51:33.125+0000] {dag.py:3823} INFO - Setting next_dagrun for example_dynamic_task_mapping_with_no_taskflow_operators to 2025-12-06 00:00:00+00:00, run_after=2025-12-07 00:00:00+00:00
[2025-12-07T16:51:33.152+0000] {processor.py:183} INFO - Processing /home/airflow/.local/lib/python3.8/site-packages/airflow/example_dags/example_dynamic_task_mapping_with_no_taskflow_operators.py took 0.105 seconds
[2025-12-07T16:52:03.408+0000] {processor.py:161} INFO - Started process (PID=6783) to work on /home/airflow/.local/lib/python3.8/site-packages/airflow/example_dags/example_dynamic_task_mapping_with_no_taskflow_operators.py
[2025-12-07T16:52:03.409+0000] {processor.py:830} INFO - Processing file /home/airflow/.local/lib/python3.8/site-packages/airflow/example_dags/example_dynamic_task_mapping_with_no_taskflow_operators.py for tasks to queue
[2025-12-07T16:52:03.412+0000] {logging_mixin.py:188} INFO - [2025-12-07T16:52:03.412+0000] {dagbag.py:538} INFO - Filling up the DagBag from /home/airflow/.local/lib/python3.8/site-packages/airflow/example_dags/example_dynamic_task_mapping_with_no_taskflow_operators.py
[2025-12-07T16:52:03.421+0000] {processor.py:840} INFO - DAG(s) 'example_dynamic_task_mapping_with_no_taskflow_operators' retrieved from /home/airflow/.local/lib/python3.8/site-packages/airflow/example_dags/example_dynamic_task_mapping_with_no_taskflow_operators.py
[2025-12-07T16:52:03.450+0000] {logging_mixin.py:188} INFO - [2025-12-07T16:52:03.450+0000] {dag.py:3036} INFO - Sync 1 DAGs
[2025-12-07T16:52:03.478+0000] {logging_mixin.py:188} INFO - [2025-12-07T16:52:03.478+0000] {dag.py:3823} INFO - Setting next_dagrun for example_dynamic_task_mapping_with_no_taskflow_operators to 2025-12-06 00:00:00+00:00, run_after=2025-12-07 00:00:00+00:00
[2025-12-07T16:52:03.504+0000] {processor.py:183} INFO - Processing /home/airflow/.local/lib/python3.8/site-packages/airflow/example_dags/example_dynamic_task_mapping_with_no_taskflow_operators.py took 0.101 seconds
[2025-12-07T16:52:34.027+0000] {processor.py:161} INFO - Started process (PID=6844) to work on /home/airflow/.local/lib/python3.8/site-packages/airflow/example_dags/example_dynamic_task_mapping_with_no_taskflow_operators.py
[2025-12-07T16:52:34.028+0000] {processor.py:830} INFO - Processing file /home/airflow/.local/lib/python3.8/site-packages/airflow/example_dags/example_dynamic_task_mapping_with_no_taskflow_operators.py for tasks to queue
[2025-12-07T16:52:34.030+0000] {logging_mixin.py:188} INFO - [2025-12-07T16:52:34.030+0000] {dagbag.py:538} INFO - Filling up the DagBag from /home/airflow/.local/lib/python3.8/site-packages/airflow/example_dags/example_dynamic_task_mapping_with_no_taskflow_operators.py
[2025-12-07T16:52:34.039+0000] {processor.py:840} INFO - DAG(s) 'example_dynamic_task_mapping_with_no_taskflow_operators' retrieved from /home/airflow/.local/lib/python3.8/site-packages/airflow/example_dags/example_dynamic_task_mapping_with_no_taskflow_operators.py
[2025-12-07T16:52:34.068+0000] {logging_mixin.py:188} INFO - [2025-12-07T16:52:34.068+0000] {dag.py:3036} INFO - Sync 1 DAGs
[2025-12-07T16:52:34.099+0000] {logging_mixin.py:188} INFO - [2025-12-07T16:52:34.099+0000] {dag.py:3823} INFO - Setting next_dagrun for example_dynamic_task_mapping_with_no_taskflow_operators to 2025-12-06 00:00:00+00:00, run_after=2025-12-07 00:00:00+00:00
[2025-12-07T16:52:34.128+0000] {processor.py:183} INFO - Processing /home/airflow/.local/lib/python3.8/site-packages/airflow/example_dags/example_dynamic_task_mapping_with_no_taskflow_operators.py took 0.106 seconds
[2025-12-07T16:53:04.294+0000] {processor.py:161} INFO - Started process (PID=6905) to work on /home/airflow/.local/lib/python3.8/site-packages/airflow/example_dags/example_dynamic_task_mapping_with_no_taskflow_operators.py
[2025-12-07T16:53:04.296+0000] {processor.py:830} INFO - Processing file /home/airflow/.local/lib/python3.8/site-packages/airflow/example_dags/example_dynamic_task_mapping_with_no_taskflow_operators.py for tasks to queue
[2025-12-07T16:53:04.299+0000] {logging_mixin.py:188} INFO - [2025-12-07T16:53:04.299+0000] {dagbag.py:538} INFO - Filling up the DagBag from /home/airflow/.local/lib/python3.8/site-packages/airflow/example_dags/example_dynamic_task_mapping_with_no_taskflow_operators.py
[2025-12-07T16:53:04.315+0000] {processor.py:840} INFO - DAG(s) 'example_dynamic_task_mapping_with_no_taskflow_operators' retrieved from /home/airflow/.local/lib/python3.8/site-packages/airflow/example_dags/example_dynamic_task_mapping_with_no_taskflow_operators.py
[2025-12-07T16:53:04.347+0000] {logging_mixin.py:188} INFO - [2025-12-07T16:53:04.347+0000] {dag.py:3036} INFO - Sync 1 DAGs
[2025-12-07T16:53:04.382+0000] {logging_mixin.py:188} INFO - [2025-12-07T16:53:04.382+0000] {dag.py:3823} INFO - Setting next_dagrun for example_dynamic_task_mapping_with_no_taskflow_operators to 2025-12-06 00:00:00+00:00, run_after=2025-12-07 00:00:00+00:00
[2025-12-07T16:53:04.411+0000] {processor.py:183} INFO - Processing /home/airflow/.local/lib/python3.8/site-packages/airflow/example_dags/example_dynamic_task_mapping_with_no_taskflow_operators.py took 0.124 seconds
[2025-12-07T16:53:34.889+0000] {processor.py:161} INFO - Started process (PID=6966) to work on /home/airflow/.local/lib/python3.8/site-packages/airflow/example_dags/example_dynamic_task_mapping_with_no_taskflow_operators.py
[2025-12-07T16:53:34.890+0000] {processor.py:830} INFO - Processing file /home/airflow/.local/lib/python3.8/site-packages/airflow/example_dags/example_dynamic_task_mapping_with_no_taskflow_operators.py for tasks to queue
[2025-12-07T16:53:34.895+0000] {logging_mixin.py:188} INFO - [2025-12-07T16:53:34.895+0000] {dagbag.py:538} INFO - Filling up the DagBag from /home/airflow/.local/lib/python3.8/site-packages/airflow/example_dags/example_dynamic_task_mapping_with_no_taskflow_operators.py
[2025-12-07T16:53:34.904+0000] {processor.py:840} INFO - DAG(s) 'example_dynamic_task_mapping_with_no_taskflow_operators' retrieved from /home/airflow/.local/lib/python3.8/site-packages/airflow/example_dags/example_dynamic_task_mapping_with_no_taskflow_operators.py
[2025-12-07T16:53:34.935+0000] {logging_mixin.py:188} INFO - [2025-12-07T16:53:34.935+0000] {dag.py:3036} INFO - Sync 1 DAGs
[2025-12-07T16:53:34.965+0000] {logging_mixin.py:188} INFO - [2025-12-07T16:53:34.965+0000] {dag.py:3823} INFO - Setting next_dagrun for example_dynamic_task_mapping_with_no_taskflow_operators to 2025-12-06 00:00:00+00:00, run_after=2025-12-07 00:00:00+00:00
[2025-12-07T16:53:34.990+0000] {processor.py:183} INFO - Processing /home/airflow/.local/lib/python3.8/site-packages/airflow/example_dags/example_dynamic_task_mapping_with_no_taskflow_operators.py took 0.105 seconds
[2025-12-07T16:54:05.546+0000] {processor.py:161} INFO - Started process (PID=7027) to work on /home/airflow/.local/lib/python3.8/site-packages/airflow/example_dags/example_dynamic_task_mapping_with_no_taskflow_operators.py
[2025-12-07T16:54:05.547+0000] {processor.py:830} INFO - Processing file /home/airflow/.local/lib/python3.8/site-packages/airflow/example_dags/example_dynamic_task_mapping_with_no_taskflow_operators.py for tasks to queue
[2025-12-07T16:54:05.553+0000] {logging_mixin.py:188} INFO - [2025-12-07T16:54:05.552+0000] {dagbag.py:538} INFO - Filling up the DagBag from /home/airflow/.local/lib/python3.8/site-packages/airflow/example_dags/example_dynamic_task_mapping_with_no_taskflow_operators.py
[2025-12-07T16:54:05.561+0000] {processor.py:840} INFO - DAG(s) 'example_dynamic_task_mapping_with_no_taskflow_operators' retrieved from /home/airflow/.local/lib/python3.8/site-packages/airflow/example_dags/example_dynamic_task_mapping_with_no_taskflow_operators.py
[2025-12-07T16:54:05.592+0000] {logging_mixin.py:188} INFO - [2025-12-07T16:54:05.591+0000] {dag.py:3036} INFO - Sync 1 DAGs
[2025-12-07T16:54:05.624+0000] {logging_mixin.py:188} INFO - [2025-12-07T16:54:05.623+0000] {dag.py:3823} INFO - Setting next_dagrun for example_dynamic_task_mapping_with_no_taskflow_operators to 2025-12-06 00:00:00+00:00, run_after=2025-12-07 00:00:00+00:00
[2025-12-07T16:54:05.651+0000] {processor.py:183} INFO - Processing /home/airflow/.local/lib/python3.8/site-packages/airflow/example_dags/example_dynamic_task_mapping_with_no_taskflow_operators.py took 0.109 seconds
[2025-12-07T16:54:35.976+0000] {processor.py:161} INFO - Started process (PID=7088) to work on /home/airflow/.local/lib/python3.8/site-packages/airflow/example_dags/example_dynamic_task_mapping_with_no_taskflow_operators.py
[2025-12-07T16:54:35.977+0000] {processor.py:830} INFO - Processing file /home/airflow/.local/lib/python3.8/site-packages/airflow/example_dags/example_dynamic_task_mapping_with_no_taskflow_operators.py for tasks to queue
[2025-12-07T16:54:35.983+0000] {logging_mixin.py:188} INFO - [2025-12-07T16:54:35.982+0000] {dagbag.py:538} INFO - Filling up the DagBag from /home/airflow/.local/lib/python3.8/site-packages/airflow/example_dags/example_dynamic_task_mapping_with_no_taskflow_operators.py
[2025-12-07T16:54:35.993+0000] {processor.py:840} INFO - DAG(s) 'example_dynamic_task_mapping_with_no_taskflow_operators' retrieved from /home/airflow/.local/lib/python3.8/site-packages/airflow/example_dags/example_dynamic_task_mapping_with_no_taskflow_operators.py
[2025-12-07T16:54:36.023+0000] {logging_mixin.py:188} INFO - [2025-12-07T16:54:36.022+0000] {dag.py:3036} INFO - Sync 1 DAGs
[2025-12-07T16:54:36.053+0000] {logging_mixin.py:188} INFO - [2025-12-07T16:54:36.053+0000] {dag.py:3823} INFO - Setting next_dagrun for example_dynamic_task_mapping_with_no_taskflow_operators to 2025-12-06 00:00:00+00:00, run_after=2025-12-07 00:00:00+00:00
[2025-12-07T16:54:36.081+0000] {processor.py:183} INFO - Processing /home/airflow/.local/lib/python3.8/site-packages/airflow/example_dags/example_dynamic_task_mapping_with_no_taskflow_operators.py took 0.110 seconds
[2025-12-07T16:55:06.448+0000] {processor.py:161} INFO - Started process (PID=7149) to work on /home/airflow/.local/lib/python3.8/site-packages/airflow/example_dags/example_dynamic_task_mapping_with_no_taskflow_operators.py
[2025-12-07T16:55:06.450+0000] {processor.py:830} INFO - Processing file /home/airflow/.local/lib/python3.8/site-packages/airflow/example_dags/example_dynamic_task_mapping_with_no_taskflow_operators.py for tasks to queue
[2025-12-07T16:55:06.454+0000] {logging_mixin.py:188} INFO - [2025-12-07T16:55:06.453+0000] {dagbag.py:538} INFO - Filling up the DagBag from /home/airflow/.local/lib/python3.8/site-packages/airflow/example_dags/example_dynamic_task_mapping_with_no_taskflow_operators.py
[2025-12-07T16:55:06.464+0000] {processor.py:840} INFO - DAG(s) 'example_dynamic_task_mapping_with_no_taskflow_operators' retrieved from /home/airflow/.local/lib/python3.8/site-packages/airflow/example_dags/example_dynamic_task_mapping_with_no_taskflow_operators.py
[2025-12-07T16:55:06.499+0000] {logging_mixin.py:188} INFO - [2025-12-07T16:55:06.499+0000] {dag.py:3036} INFO - Sync 1 DAGs
[2025-12-07T16:55:06.538+0000] {logging_mixin.py:188} INFO - [2025-12-07T16:55:06.537+0000] {dag.py:3823} INFO - Setting next_dagrun for example_dynamic_task_mapping_with_no_taskflow_operators to 2025-12-06 00:00:00+00:00, run_after=2025-12-07 00:00:00+00:00
[2025-12-07T16:55:06.574+0000] {processor.py:183} INFO - Processing /home/airflow/.local/lib/python3.8/site-packages/airflow/example_dags/example_dynamic_task_mapping_with_no_taskflow_operators.py took 0.131 seconds
[2025-12-07T16:55:37.073+0000] {processor.py:161} INFO - Started process (PID=7210) to work on /home/airflow/.local/lib/python3.8/site-packages/airflow/example_dags/example_dynamic_task_mapping_with_no_taskflow_operators.py
[2025-12-07T16:55:37.078+0000] {processor.py:830} INFO - Processing file /home/airflow/.local/lib/python3.8/site-packages/airflow/example_dags/example_dynamic_task_mapping_with_no_taskflow_operators.py for tasks to queue
[2025-12-07T16:55:37.081+0000] {logging_mixin.py:188} INFO - [2025-12-07T16:55:37.080+0000] {dagbag.py:538} INFO - Filling up the DagBag from /home/airflow/.local/lib/python3.8/site-packages/airflow/example_dags/example_dynamic_task_mapping_with_no_taskflow_operators.py
[2025-12-07T16:55:37.095+0000] {processor.py:840} INFO - DAG(s) 'example_dynamic_task_mapping_with_no_taskflow_operators' retrieved from /home/airflow/.local/lib/python3.8/site-packages/airflow/example_dags/example_dynamic_task_mapping_with_no_taskflow_operators.py
[2025-12-07T16:55:37.137+0000] {logging_mixin.py:188} INFO - [2025-12-07T16:55:37.137+0000] {dag.py:3036} INFO - Sync 1 DAGs
[2025-12-07T16:55:37.187+0000] {logging_mixin.py:188} INFO - [2025-12-07T16:55:37.187+0000] {dag.py:3823} INFO - Setting next_dagrun for example_dynamic_task_mapping_with_no_taskflow_operators to 2025-12-06 00:00:00+00:00, run_after=2025-12-07 00:00:00+00:00
[2025-12-07T16:55:37.224+0000] {processor.py:183} INFO - Processing /home/airflow/.local/lib/python3.8/site-packages/airflow/example_dags/example_dynamic_task_mapping_with_no_taskflow_operators.py took 0.158 seconds
[2025-12-07T16:56:07.899+0000] {processor.py:161} INFO - Started process (PID=7271) to work on /home/airflow/.local/lib/python3.8/site-packages/airflow/example_dags/example_dynamic_task_mapping_with_no_taskflow_operators.py
[2025-12-07T16:56:07.903+0000] {processor.py:830} INFO - Processing file /home/airflow/.local/lib/python3.8/site-packages/airflow/example_dags/example_dynamic_task_mapping_with_no_taskflow_operators.py for tasks to queue
[2025-12-07T16:56:07.909+0000] {logging_mixin.py:188} INFO - [2025-12-07T16:56:07.907+0000] {dagbag.py:538} INFO - Filling up the DagBag from /home/airflow/.local/lib/python3.8/site-packages/airflow/example_dags/example_dynamic_task_mapping_with_no_taskflow_operators.py
[2025-12-07T16:56:07.924+0000] {processor.py:840} INFO - DAG(s) 'example_dynamic_task_mapping_with_no_taskflow_operators' retrieved from /home/airflow/.local/lib/python3.8/site-packages/airflow/example_dags/example_dynamic_task_mapping_with_no_taskflow_operators.py
[2025-12-07T16:56:07.977+0000] {logging_mixin.py:188} INFO - [2025-12-07T16:56:07.977+0000] {dag.py:3036} INFO - Sync 1 DAGs
[2025-12-07T16:56:08.035+0000] {logging_mixin.py:188} INFO - [2025-12-07T16:56:08.034+0000] {dag.py:3823} INFO - Setting next_dagrun for example_dynamic_task_mapping_with_no_taskflow_operators to 2025-12-06 00:00:00+00:00, run_after=2025-12-07 00:00:00+00:00
[2025-12-07T16:56:08.068+0000] {processor.py:183} INFO - Processing /home/airflow/.local/lib/python3.8/site-packages/airflow/example_dags/example_dynamic_task_mapping_with_no_taskflow_operators.py took 0.176 seconds
[2025-12-07T16:56:38.416+0000] {processor.py:161} INFO - Started process (PID=7332) to work on /home/airflow/.local/lib/python3.8/site-packages/airflow/example_dags/example_dynamic_task_mapping_with_no_taskflow_operators.py
[2025-12-07T16:56:38.418+0000] {processor.py:830} INFO - Processing file /home/airflow/.local/lib/python3.8/site-packages/airflow/example_dags/example_dynamic_task_mapping_with_no_taskflow_operators.py for tasks to queue
[2025-12-07T16:56:38.421+0000] {logging_mixin.py:188} INFO - [2025-12-07T16:56:38.420+0000] {dagbag.py:538} INFO - Filling up the DagBag from /home/airflow/.local/lib/python3.8/site-packages/airflow/example_dags/example_dynamic_task_mapping_with_no_taskflow_operators.py
[2025-12-07T16:56:38.433+0000] {processor.py:840} INFO - DAG(s) 'example_dynamic_task_mapping_with_no_taskflow_operators' retrieved from /home/airflow/.local/lib/python3.8/site-packages/airflow/example_dags/example_dynamic_task_mapping_with_no_taskflow_operators.py
[2025-12-07T16:56:38.465+0000] {logging_mixin.py:188} INFO - [2025-12-07T16:56:38.465+0000] {dag.py:3036} INFO - Sync 1 DAGs
[2025-12-07T16:56:38.500+0000] {logging_mixin.py:188} INFO - [2025-12-07T16:56:38.499+0000] {dag.py:3823} INFO - Setting next_dagrun for example_dynamic_task_mapping_with_no_taskflow_operators to 2025-12-06 00:00:00+00:00, run_after=2025-12-07 00:00:00+00:00
[2025-12-07T16:56:38.530+0000] {processor.py:183} INFO - Processing /home/airflow/.local/lib/python3.8/site-packages/airflow/example_dags/example_dynamic_task_mapping_with_no_taskflow_operators.py took 0.120 seconds
[2025-12-07T16:57:09.030+0000] {processor.py:161} INFO - Started process (PID=7393) to work on /home/airflow/.local/lib/python3.8/site-packages/airflow/example_dags/example_dynamic_task_mapping_with_no_taskflow_operators.py
[2025-12-07T16:57:09.031+0000] {processor.py:830} INFO - Processing file /home/airflow/.local/lib/python3.8/site-packages/airflow/example_dags/example_dynamic_task_mapping_with_no_taskflow_operators.py for tasks to queue
[2025-12-07T16:57:09.033+0000] {logging_mixin.py:188} INFO - [2025-12-07T16:57:09.033+0000] {dagbag.py:538} INFO - Filling up the DagBag from /home/airflow/.local/lib/python3.8/site-packages/airflow/example_dags/example_dynamic_task_mapping_with_no_taskflow_operators.py
[2025-12-07T16:57:09.042+0000] {processor.py:840} INFO - DAG(s) 'example_dynamic_task_mapping_with_no_taskflow_operators' retrieved from /home/airflow/.local/lib/python3.8/site-packages/airflow/example_dags/example_dynamic_task_mapping_with_no_taskflow_operators.py
[2025-12-07T16:57:09.072+0000] {logging_mixin.py:188} INFO - [2025-12-07T16:57:09.072+0000] {dag.py:3036} INFO - Sync 1 DAGs
[2025-12-07T16:57:09.107+0000] {logging_mixin.py:188} INFO - [2025-12-07T16:57:09.107+0000] {dag.py:3823} INFO - Setting next_dagrun for example_dynamic_task_mapping_with_no_taskflow_operators to 2025-12-06 00:00:00+00:00, run_after=2025-12-07 00:00:00+00:00
[2025-12-07T16:57:09.134+0000] {processor.py:183} INFO - Processing /home/airflow/.local/lib/python3.8/site-packages/airflow/example_dags/example_dynamic_task_mapping_with_no_taskflow_operators.py took 0.109 seconds
[2025-12-07T16:57:39.375+0000] {processor.py:161} INFO - Started process (PID=7454) to work on /home/airflow/.local/lib/python3.8/site-packages/airflow/example_dags/example_dynamic_task_mapping_with_no_taskflow_operators.py
[2025-12-07T16:57:39.378+0000] {processor.py:830} INFO - Processing file /home/airflow/.local/lib/python3.8/site-packages/airflow/example_dags/example_dynamic_task_mapping_with_no_taskflow_operators.py for tasks to queue
[2025-12-07T16:57:39.384+0000] {logging_mixin.py:188} INFO - [2025-12-07T16:57:39.381+0000] {dagbag.py:538} INFO - Filling up the DagBag from /home/airflow/.local/lib/python3.8/site-packages/airflow/example_dags/example_dynamic_task_mapping_with_no_taskflow_operators.py
[2025-12-07T16:57:39.397+0000] {processor.py:840} INFO - DAG(s) 'example_dynamic_task_mapping_with_no_taskflow_operators' retrieved from /home/airflow/.local/lib/python3.8/site-packages/airflow/example_dags/example_dynamic_task_mapping_with_no_taskflow_operators.py
[2025-12-07T16:57:39.425+0000] {logging_mixin.py:188} INFO - [2025-12-07T16:57:39.425+0000] {dag.py:3036} INFO - Sync 1 DAGs
[2025-12-07T16:57:39.462+0000] {logging_mixin.py:188} INFO - [2025-12-07T16:57:39.462+0000] {dag.py:3823} INFO - Setting next_dagrun for example_dynamic_task_mapping_with_no_taskflow_operators to 2025-12-06 00:00:00+00:00, run_after=2025-12-07 00:00:00+00:00
[2025-12-07T16:57:39.493+0000] {processor.py:183} INFO - Processing /home/airflow/.local/lib/python3.8/site-packages/airflow/example_dags/example_dynamic_task_mapping_with_no_taskflow_operators.py took 0.122 seconds
[2025-12-07T16:58:09.562+0000] {processor.py:161} INFO - Started process (PID=7515) to work on /home/airflow/.local/lib/python3.8/site-packages/airflow/example_dags/example_dynamic_task_mapping_with_no_taskflow_operators.py
[2025-12-07T16:58:09.564+0000] {processor.py:830} INFO - Processing file /home/airflow/.local/lib/python3.8/site-packages/airflow/example_dags/example_dynamic_task_mapping_with_no_taskflow_operators.py for tasks to queue
[2025-12-07T16:58:09.567+0000] {logging_mixin.py:188} INFO - [2025-12-07T16:58:09.566+0000] {dagbag.py:538} INFO - Filling up the DagBag from /home/airflow/.local/lib/python3.8/site-packages/airflow/example_dags/example_dynamic_task_mapping_with_no_taskflow_operators.py
[2025-12-07T16:58:09.576+0000] {processor.py:840} INFO - DAG(s) 'example_dynamic_task_mapping_with_no_taskflow_operators' retrieved from /home/airflow/.local/lib/python3.8/site-packages/airflow/example_dags/example_dynamic_task_mapping_with_no_taskflow_operators.py
[2025-12-07T16:58:09.607+0000] {logging_mixin.py:188} INFO - [2025-12-07T16:58:09.607+0000] {dag.py:3036} INFO - Sync 1 DAGs
[2025-12-07T16:58:09.640+0000] {logging_mixin.py:188} INFO - [2025-12-07T16:58:09.639+0000] {dag.py:3823} INFO - Setting next_dagrun for example_dynamic_task_mapping_with_no_taskflow_operators to 2025-12-06 00:00:00+00:00, run_after=2025-12-07 00:00:00+00:00
[2025-12-07T16:58:09.667+0000] {processor.py:183} INFO - Processing /home/airflow/.local/lib/python3.8/site-packages/airflow/example_dags/example_dynamic_task_mapping_with_no_taskflow_operators.py took 0.109 seconds
[2025-12-07T16:58:40.534+0000] {processor.py:161} INFO - Started process (PID=7576) to work on /home/airflow/.local/lib/python3.8/site-packages/airflow/example_dags/example_dynamic_task_mapping_with_no_taskflow_operators.py
[2025-12-07T16:58:40.536+0000] {processor.py:830} INFO - Processing file /home/airflow/.local/lib/python3.8/site-packages/airflow/example_dags/example_dynamic_task_mapping_with_no_taskflow_operators.py for tasks to queue
[2025-12-07T16:58:40.539+0000] {logging_mixin.py:188} INFO - [2025-12-07T16:58:40.539+0000] {dagbag.py:538} INFO - Filling up the DagBag from /home/airflow/.local/lib/python3.8/site-packages/airflow/example_dags/example_dynamic_task_mapping_with_no_taskflow_operators.py
[2025-12-07T16:58:40.548+0000] {processor.py:840} INFO - DAG(s) 'example_dynamic_task_mapping_with_no_taskflow_operators' retrieved from /home/airflow/.local/lib/python3.8/site-packages/airflow/example_dags/example_dynamic_task_mapping_with_no_taskflow_operators.py
[2025-12-07T16:58:40.579+0000] {logging_mixin.py:188} INFO - [2025-12-07T16:58:40.578+0000] {dag.py:3036} INFO - Sync 1 DAGs
[2025-12-07T16:58:40.613+0000] {logging_mixin.py:188} INFO - [2025-12-07T16:58:40.613+0000] {dag.py:3823} INFO - Setting next_dagrun for example_dynamic_task_mapping_with_no_taskflow_operators to 2025-12-06 00:00:00+00:00, run_after=2025-12-07 00:00:00+00:00
[2025-12-07T16:58:40.645+0000] {processor.py:183} INFO - Processing /home/airflow/.local/lib/python3.8/site-packages/airflow/example_dags/example_dynamic_task_mapping_with_no_taskflow_operators.py took 0.115 seconds
[2025-12-07T16:59:11.112+0000] {processor.py:161} INFO - Started process (PID=7637) to work on /home/airflow/.local/lib/python3.8/site-packages/airflow/example_dags/example_dynamic_task_mapping_with_no_taskflow_operators.py
[2025-12-07T16:59:11.114+0000] {processor.py:830} INFO - Processing file /home/airflow/.local/lib/python3.8/site-packages/airflow/example_dags/example_dynamic_task_mapping_with_no_taskflow_operators.py for tasks to queue
[2025-12-07T16:59:11.116+0000] {logging_mixin.py:188} INFO - [2025-12-07T16:59:11.116+0000] {dagbag.py:538} INFO - Filling up the DagBag from /home/airflow/.local/lib/python3.8/site-packages/airflow/example_dags/example_dynamic_task_mapping_with_no_taskflow_operators.py
[2025-12-07T16:59:11.126+0000] {processor.py:840} INFO - DAG(s) 'example_dynamic_task_mapping_with_no_taskflow_operators' retrieved from /home/airflow/.local/lib/python3.8/site-packages/airflow/example_dags/example_dynamic_task_mapping_with_no_taskflow_operators.py
[2025-12-07T16:59:11.152+0000] {logging_mixin.py:188} INFO - [2025-12-07T16:59:11.152+0000] {dag.py:3036} INFO - Sync 1 DAGs
[2025-12-07T16:59:11.188+0000] {logging_mixin.py:188} INFO - [2025-12-07T16:59:11.187+0000] {dag.py:3823} INFO - Setting next_dagrun for example_dynamic_task_mapping_with_no_taskflow_operators to 2025-12-06 00:00:00+00:00, run_after=2025-12-07 00:00:00+00:00
[2025-12-07T16:59:11.220+0000] {processor.py:183} INFO - Processing /home/airflow/.local/lib/python3.8/site-packages/airflow/example_dags/example_dynamic_task_mapping_with_no_taskflow_operators.py took 0.113 seconds
[2025-12-07T16:59:41.836+0000] {processor.py:161} INFO - Started process (PID=7698) to work on /home/airflow/.local/lib/python3.8/site-packages/airflow/example_dags/example_dynamic_task_mapping_with_no_taskflow_operators.py
[2025-12-07T16:59:41.838+0000] {processor.py:830} INFO - Processing file /home/airflow/.local/lib/python3.8/site-packages/airflow/example_dags/example_dynamic_task_mapping_with_no_taskflow_operators.py for tasks to queue
[2025-12-07T16:59:41.841+0000] {logging_mixin.py:188} INFO - [2025-12-07T16:59:41.840+0000] {dagbag.py:538} INFO - Filling up the DagBag from /home/airflow/.local/lib/python3.8/site-packages/airflow/example_dags/example_dynamic_task_mapping_with_no_taskflow_operators.py
[2025-12-07T16:59:41.850+0000] {processor.py:840} INFO - DAG(s) 'example_dynamic_task_mapping_with_no_taskflow_operators' retrieved from /home/airflow/.local/lib/python3.8/site-packages/airflow/example_dags/example_dynamic_task_mapping_with_no_taskflow_operators.py
[2025-12-07T16:59:41.881+0000] {logging_mixin.py:188} INFO - [2025-12-07T16:59:41.880+0000] {dag.py:3036} INFO - Sync 1 DAGs
[2025-12-07T16:59:41.912+0000] {logging_mixin.py:188} INFO - [2025-12-07T16:59:41.911+0000] {dag.py:3823} INFO - Setting next_dagrun for example_dynamic_task_mapping_with_no_taskflow_operators to 2025-12-06 00:00:00+00:00, run_after=2025-12-07 00:00:00+00:00
[2025-12-07T16:59:41.943+0000] {processor.py:183} INFO - Processing /home/airflow/.local/lib/python3.8/site-packages/airflow/example_dags/example_dynamic_task_mapping_with_no_taskflow_operators.py took 0.113 seconds
[2025-12-07T17:00:12.526+0000] {processor.py:161} INFO - Started process (PID=7759) to work on /home/airflow/.local/lib/python3.8/site-packages/airflow/example_dags/example_dynamic_task_mapping_with_no_taskflow_operators.py
[2025-12-07T17:00:12.528+0000] {processor.py:830} INFO - Processing file /home/airflow/.local/lib/python3.8/site-packages/airflow/example_dags/example_dynamic_task_mapping_with_no_taskflow_operators.py for tasks to queue
[2025-12-07T17:00:12.530+0000] {logging_mixin.py:188} INFO - [2025-12-07T17:00:12.530+0000] {dagbag.py:538} INFO - Filling up the DagBag from /home/airflow/.local/lib/python3.8/site-packages/airflow/example_dags/example_dynamic_task_mapping_with_no_taskflow_operators.py
[2025-12-07T17:00:12.541+0000] {processor.py:840} INFO - DAG(s) 'example_dynamic_task_mapping_with_no_taskflow_operators' retrieved from /home/airflow/.local/lib/python3.8/site-packages/airflow/example_dags/example_dynamic_task_mapping_with_no_taskflow_operators.py
[2025-12-07T17:00:12.574+0000] {logging_mixin.py:188} INFO - [2025-12-07T17:00:12.574+0000] {dag.py:3036} INFO - Sync 1 DAGs
[2025-12-07T17:00:12.609+0000] {logging_mixin.py:188} INFO - [2025-12-07T17:00:12.609+0000] {dag.py:3823} INFO - Setting next_dagrun for example_dynamic_task_mapping_with_no_taskflow_operators to 2025-12-06 00:00:00+00:00, run_after=2025-12-07 00:00:00+00:00
[2025-12-07T17:00:12.641+0000] {processor.py:183} INFO - Processing /home/airflow/.local/lib/python3.8/site-packages/airflow/example_dags/example_dynamic_task_mapping_with_no_taskflow_operators.py took 0.120 seconds
[2025-12-07T17:00:42.729+0000] {processor.py:161} INFO - Started process (PID=7820) to work on /home/airflow/.local/lib/python3.8/site-packages/airflow/example_dags/example_dynamic_task_mapping_with_no_taskflow_operators.py
[2025-12-07T17:00:42.731+0000] {processor.py:830} INFO - Processing file /home/airflow/.local/lib/python3.8/site-packages/airflow/example_dags/example_dynamic_task_mapping_with_no_taskflow_operators.py for tasks to queue
[2025-12-07T17:00:42.734+0000] {logging_mixin.py:188} INFO - [2025-12-07T17:00:42.734+0000] {dagbag.py:538} INFO - Filling up the DagBag from /home/airflow/.local/lib/python3.8/site-packages/airflow/example_dags/example_dynamic_task_mapping_with_no_taskflow_operators.py
[2025-12-07T17:00:42.744+0000] {processor.py:840} INFO - DAG(s) 'example_dynamic_task_mapping_with_no_taskflow_operators' retrieved from /home/airflow/.local/lib/python3.8/site-packages/airflow/example_dags/example_dynamic_task_mapping_with_no_taskflow_operators.py
[2025-12-07T17:00:42.781+0000] {logging_mixin.py:188} INFO - [2025-12-07T17:00:42.780+0000] {dag.py:3036} INFO - Sync 1 DAGs
[2025-12-07T17:00:42.813+0000] {logging_mixin.py:188} INFO - [2025-12-07T17:00:42.813+0000] {dag.py:3823} INFO - Setting next_dagrun for example_dynamic_task_mapping_with_no_taskflow_operators to 2025-12-06 00:00:00+00:00, run_after=2025-12-07 00:00:00+00:00
[2025-12-07T17:00:42.839+0000] {processor.py:183} INFO - Processing /home/airflow/.local/lib/python3.8/site-packages/airflow/example_dags/example_dynamic_task_mapping_with_no_taskflow_operators.py took 0.114 seconds
[2025-12-07T17:01:13.530+0000] {processor.py:161} INFO - Started process (PID=7881) to work on /home/airflow/.local/lib/python3.8/site-packages/airflow/example_dags/example_dynamic_task_mapping_with_no_taskflow_operators.py
[2025-12-07T17:01:13.531+0000] {processor.py:830} INFO - Processing file /home/airflow/.local/lib/python3.8/site-packages/airflow/example_dags/example_dynamic_task_mapping_with_no_taskflow_operators.py for tasks to queue
[2025-12-07T17:01:13.535+0000] {logging_mixin.py:188} INFO - [2025-12-07T17:01:13.535+0000] {dagbag.py:538} INFO - Filling up the DagBag from /home/airflow/.local/lib/python3.8/site-packages/airflow/example_dags/example_dynamic_task_mapping_with_no_taskflow_operators.py
[2025-12-07T17:01:13.542+0000] {processor.py:840} INFO - DAG(s) 'example_dynamic_task_mapping_with_no_taskflow_operators' retrieved from /home/airflow/.local/lib/python3.8/site-packages/airflow/example_dags/example_dynamic_task_mapping_with_no_taskflow_operators.py
[2025-12-07T17:01:13.573+0000] {logging_mixin.py:188} INFO - [2025-12-07T17:01:13.573+0000] {dag.py:3036} INFO - Sync 1 DAGs
[2025-12-07T17:01:13.607+0000] {logging_mixin.py:188} INFO - [2025-12-07T17:01:13.606+0000] {dag.py:3823} INFO - Setting next_dagrun for example_dynamic_task_mapping_with_no_taskflow_operators to 2025-12-06 00:00:00+00:00, run_after=2025-12-07 00:00:00+00:00
[2025-12-07T17:01:13.634+0000] {processor.py:183} INFO - Processing /home/airflow/.local/lib/python3.8/site-packages/airflow/example_dags/example_dynamic_task_mapping_with_no_taskflow_operators.py took 0.108 seconds
[2025-12-07T17:01:43.809+0000] {processor.py:161} INFO - Started process (PID=7942) to work on /home/airflow/.local/lib/python3.8/site-packages/airflow/example_dags/example_dynamic_task_mapping_with_no_taskflow_operators.py
[2025-12-07T17:01:43.810+0000] {processor.py:830} INFO - Processing file /home/airflow/.local/lib/python3.8/site-packages/airflow/example_dags/example_dynamic_task_mapping_with_no_taskflow_operators.py for tasks to queue
[2025-12-07T17:01:43.813+0000] {logging_mixin.py:188} INFO - [2025-12-07T17:01:43.813+0000] {dagbag.py:538} INFO - Filling up the DagBag from /home/airflow/.local/lib/python3.8/site-packages/airflow/example_dags/example_dynamic_task_mapping_with_no_taskflow_operators.py
[2025-12-07T17:01:43.821+0000] {processor.py:840} INFO - DAG(s) 'example_dynamic_task_mapping_with_no_taskflow_operators' retrieved from /home/airflow/.local/lib/python3.8/site-packages/airflow/example_dags/example_dynamic_task_mapping_with_no_taskflow_operators.py
[2025-12-07T17:01:43.853+0000] {logging_mixin.py:188} INFO - [2025-12-07T17:01:43.853+0000] {dag.py:3036} INFO - Sync 1 DAGs
[2025-12-07T17:01:43.884+0000] {logging_mixin.py:188} INFO - [2025-12-07T17:01:43.884+0000] {dag.py:3823} INFO - Setting next_dagrun for example_dynamic_task_mapping_with_no_taskflow_operators to 2025-12-06 00:00:00+00:00, run_after=2025-12-07 00:00:00+00:00
[2025-12-07T17:01:43.910+0000] {processor.py:183} INFO - Processing /home/airflow/.local/lib/python3.8/site-packages/airflow/example_dags/example_dynamic_task_mapping_with_no_taskflow_operators.py took 0.106 seconds
[2025-12-07T17:02:13.976+0000] {processor.py:161} INFO - Started process (PID=8003) to work on /home/airflow/.local/lib/python3.8/site-packages/airflow/example_dags/example_dynamic_task_mapping_with_no_taskflow_operators.py
[2025-12-07T17:02:13.977+0000] {processor.py:830} INFO - Processing file /home/airflow/.local/lib/python3.8/site-packages/airflow/example_dags/example_dynamic_task_mapping_with_no_taskflow_operators.py for tasks to queue
[2025-12-07T17:02:13.980+0000] {logging_mixin.py:188} INFO - [2025-12-07T17:02:13.979+0000] {dagbag.py:538} INFO - Filling up the DagBag from /home/airflow/.local/lib/python3.8/site-packages/airflow/example_dags/example_dynamic_task_mapping_with_no_taskflow_operators.py
[2025-12-07T17:02:13.989+0000] {processor.py:840} INFO - DAG(s) 'example_dynamic_task_mapping_with_no_taskflow_operators' retrieved from /home/airflow/.local/lib/python3.8/site-packages/airflow/example_dags/example_dynamic_task_mapping_with_no_taskflow_operators.py
[2025-12-07T17:02:14.026+0000] {logging_mixin.py:188} INFO - [2025-12-07T17:02:14.025+0000] {dag.py:3036} INFO - Sync 1 DAGs
[2025-12-07T17:02:14.061+0000] {logging_mixin.py:188} INFO - [2025-12-07T17:02:14.061+0000] {dag.py:3823} INFO - Setting next_dagrun for example_dynamic_task_mapping_with_no_taskflow_operators to 2025-12-06 00:00:00+00:00, run_after=2025-12-07 00:00:00+00:00
[2025-12-07T17:02:14.098+0000] {processor.py:183} INFO - Processing /home/airflow/.local/lib/python3.8/site-packages/airflow/example_dags/example_dynamic_task_mapping_with_no_taskflow_operators.py took 0.127 seconds
[2025-12-07T17:02:44.773+0000] {processor.py:161} INFO - Started process (PID=8063) to work on /home/airflow/.local/lib/python3.8/site-packages/airflow/example_dags/example_dynamic_task_mapping_with_no_taskflow_operators.py
[2025-12-07T17:02:44.775+0000] {processor.py:830} INFO - Processing file /home/airflow/.local/lib/python3.8/site-packages/airflow/example_dags/example_dynamic_task_mapping_with_no_taskflow_operators.py for tasks to queue
[2025-12-07T17:02:44.780+0000] {logging_mixin.py:188} INFO - [2025-12-07T17:02:44.778+0000] {dagbag.py:538} INFO - Filling up the DagBag from /home/airflow/.local/lib/python3.8/site-packages/airflow/example_dags/example_dynamic_task_mapping_with_no_taskflow_operators.py
[2025-12-07T17:02:44.793+0000] {processor.py:840} INFO - DAG(s) 'example_dynamic_task_mapping_with_no_taskflow_operators' retrieved from /home/airflow/.local/lib/python3.8/site-packages/airflow/example_dags/example_dynamic_task_mapping_with_no_taskflow_operators.py
[2025-12-07T17:02:44.832+0000] {logging_mixin.py:188} INFO - [2025-12-07T17:02:44.832+0000] {dag.py:3036} INFO - Sync 1 DAGs
[2025-12-07T17:02:44.880+0000] {logging_mixin.py:188} INFO - [2025-12-07T17:02:44.879+0000] {dag.py:3823} INFO - Setting next_dagrun for example_dynamic_task_mapping_with_no_taskflow_operators to 2025-12-06 00:00:00+00:00, run_after=2025-12-07 00:00:00+00:00
[2025-12-07T17:02:44.914+0000] {processor.py:183} INFO - Processing /home/airflow/.local/lib/python3.8/site-packages/airflow/example_dags/example_dynamic_task_mapping_with_no_taskflow_operators.py took 0.148 seconds
[2025-12-07T17:03:15.365+0000] {processor.py:161} INFO - Started process (PID=8124) to work on /home/airflow/.local/lib/python3.8/site-packages/airflow/example_dags/example_dynamic_task_mapping_with_no_taskflow_operators.py
[2025-12-07T17:03:15.366+0000] {processor.py:830} INFO - Processing file /home/airflow/.local/lib/python3.8/site-packages/airflow/example_dags/example_dynamic_task_mapping_with_no_taskflow_operators.py for tasks to queue
[2025-12-07T17:03:15.369+0000] {logging_mixin.py:188} INFO - [2025-12-07T17:03:15.369+0000] {dagbag.py:538} INFO - Filling up the DagBag from /home/airflow/.local/lib/python3.8/site-packages/airflow/example_dags/example_dynamic_task_mapping_with_no_taskflow_operators.py
[2025-12-07T17:03:15.378+0000] {processor.py:840} INFO - DAG(s) 'example_dynamic_task_mapping_with_no_taskflow_operators' retrieved from /home/airflow/.local/lib/python3.8/site-packages/airflow/example_dags/example_dynamic_task_mapping_with_no_taskflow_operators.py
[2025-12-07T17:03:15.411+0000] {logging_mixin.py:188} INFO - [2025-12-07T17:03:15.410+0000] {dag.py:3036} INFO - Sync 1 DAGs
[2025-12-07T17:03:15.444+0000] {logging_mixin.py:188} INFO - [2025-12-07T17:03:15.444+0000] {dag.py:3823} INFO - Setting next_dagrun for example_dynamic_task_mapping_with_no_taskflow_operators to 2025-12-06 00:00:00+00:00, run_after=2025-12-07 00:00:00+00:00
[2025-12-07T17:03:15.478+0000] {processor.py:183} INFO - Processing /home/airflow/.local/lib/python3.8/site-packages/airflow/example_dags/example_dynamic_task_mapping_with_no_taskflow_operators.py took 0.117 seconds
[2025-12-07T17:03:45.874+0000] {processor.py:161} INFO - Started process (PID=8185) to work on /home/airflow/.local/lib/python3.8/site-packages/airflow/example_dags/example_dynamic_task_mapping_with_no_taskflow_operators.py
[2025-12-07T17:03:45.875+0000] {processor.py:830} INFO - Processing file /home/airflow/.local/lib/python3.8/site-packages/airflow/example_dags/example_dynamic_task_mapping_with_no_taskflow_operators.py for tasks to queue
[2025-12-07T17:03:45.882+0000] {logging_mixin.py:188} INFO - [2025-12-07T17:03:45.881+0000] {dagbag.py:538} INFO - Filling up the DagBag from /home/airflow/.local/lib/python3.8/site-packages/airflow/example_dags/example_dynamic_task_mapping_with_no_taskflow_operators.py
[2025-12-07T17:03:45.890+0000] {processor.py:840} INFO - DAG(s) 'example_dynamic_task_mapping_with_no_taskflow_operators' retrieved from /home/airflow/.local/lib/python3.8/site-packages/airflow/example_dags/example_dynamic_task_mapping_with_no_taskflow_operators.py
[2025-12-07T17:03:45.924+0000] {logging_mixin.py:188} INFO - [2025-12-07T17:03:45.923+0000] {dag.py:3036} INFO - Sync 1 DAGs
[2025-12-07T17:03:45.958+0000] {logging_mixin.py:188} INFO - [2025-12-07T17:03:45.957+0000] {dag.py:3823} INFO - Setting next_dagrun for example_dynamic_task_mapping_with_no_taskflow_operators to 2025-12-06 00:00:00+00:00, run_after=2025-12-07 00:00:00+00:00
[2025-12-07T17:03:45.987+0000] {processor.py:183} INFO - Processing /home/airflow/.local/lib/python3.8/site-packages/airflow/example_dags/example_dynamic_task_mapping_with_no_taskflow_operators.py took 0.118 seconds
[2025-12-07T17:04:16.306+0000] {processor.py:161} INFO - Started process (PID=8246) to work on /home/airflow/.local/lib/python3.8/site-packages/airflow/example_dags/example_dynamic_task_mapping_with_no_taskflow_operators.py
[2025-12-07T17:04:16.308+0000] {processor.py:830} INFO - Processing file /home/airflow/.local/lib/python3.8/site-packages/airflow/example_dags/example_dynamic_task_mapping_with_no_taskflow_operators.py for tasks to queue
[2025-12-07T17:04:16.310+0000] {logging_mixin.py:188} INFO - [2025-12-07T17:04:16.310+0000] {dagbag.py:538} INFO - Filling up the DagBag from /home/airflow/.local/lib/python3.8/site-packages/airflow/example_dags/example_dynamic_task_mapping_with_no_taskflow_operators.py
[2025-12-07T17:04:16.319+0000] {processor.py:840} INFO - DAG(s) 'example_dynamic_task_mapping_with_no_taskflow_operators' retrieved from /home/airflow/.local/lib/python3.8/site-packages/airflow/example_dags/example_dynamic_task_mapping_with_no_taskflow_operators.py
[2025-12-07T17:04:16.346+0000] {logging_mixin.py:188} INFO - [2025-12-07T17:04:16.346+0000] {dag.py:3036} INFO - Sync 1 DAGs
[2025-12-07T17:04:16.375+0000] {logging_mixin.py:188} INFO - [2025-12-07T17:04:16.375+0000] {dag.py:3823} INFO - Setting next_dagrun for example_dynamic_task_mapping_with_no_taskflow_operators to 2025-12-06 00:00:00+00:00, run_after=2025-12-07 00:00:00+00:00
[2025-12-07T17:04:16.404+0000] {processor.py:183} INFO - Processing /home/airflow/.local/lib/python3.8/site-packages/airflow/example_dags/example_dynamic_task_mapping_with_no_taskflow_operators.py took 0.102 seconds
[2025-12-07T17:04:46.606+0000] {processor.py:161} INFO - Started process (PID=8307) to work on /home/airflow/.local/lib/python3.8/site-packages/airflow/example_dags/example_dynamic_task_mapping_with_no_taskflow_operators.py
[2025-12-07T17:04:46.608+0000] {processor.py:830} INFO - Processing file /home/airflow/.local/lib/python3.8/site-packages/airflow/example_dags/example_dynamic_task_mapping_with_no_taskflow_operators.py for tasks to queue
[2025-12-07T17:04:46.610+0000] {logging_mixin.py:188} INFO - [2025-12-07T17:04:46.610+0000] {dagbag.py:538} INFO - Filling up the DagBag from /home/airflow/.local/lib/python3.8/site-packages/airflow/example_dags/example_dynamic_task_mapping_with_no_taskflow_operators.py
[2025-12-07T17:04:46.621+0000] {processor.py:840} INFO - DAG(s) 'example_dynamic_task_mapping_with_no_taskflow_operators' retrieved from /home/airflow/.local/lib/python3.8/site-packages/airflow/example_dags/example_dynamic_task_mapping_with_no_taskflow_operators.py
[2025-12-07T17:04:46.653+0000] {logging_mixin.py:188} INFO - [2025-12-07T17:04:46.653+0000] {dag.py:3036} INFO - Sync 1 DAGs
[2025-12-07T17:04:46.684+0000] {logging_mixin.py:188} INFO - [2025-12-07T17:04:46.684+0000] {dag.py:3823} INFO - Setting next_dagrun for example_dynamic_task_mapping_with_no_taskflow_operators to 2025-12-06 00:00:00+00:00, run_after=2025-12-07 00:00:00+00:00
[2025-12-07T17:04:46.712+0000] {processor.py:183} INFO - Processing /home/airflow/.local/lib/python3.8/site-packages/airflow/example_dags/example_dynamic_task_mapping_with_no_taskflow_operators.py took 0.111 seconds
