[2025-12-07T15:05:44.714+0000] {processor.py:161} INFO - Started process (PID=92) to work on /home/airflow/.local/lib/python3.8/site-packages/airflow/example_dags/example_short_circuit_decorator.py
[2025-12-07T15:05:44.718+0000] {processor.py:830} INFO - Processing file /home/airflow/.local/lib/python3.8/site-packages/airflow/example_dags/example_short_circuit_decorator.py for tasks to queue
[2025-12-07T15:05:44.722+0000] {logging_mixin.py:188} INFO - [2025-12-07T15:05:44.721+0000] {dagbag.py:538} INFO - Filling up the DagBag from /home/airflow/.local/lib/python3.8/site-packages/airflow/example_dags/example_short_circuit_decorator.py
[2025-12-07T15:05:44.739+0000] {processor.py:840} INFO - DAG(s) 'example_short_circuit_decorator' retrieved from /home/airflow/.local/lib/python3.8/site-packages/airflow/example_dags/example_short_circuit_decorator.py
[2025-12-07T15:05:44.887+0000] {logging_mixin.py:188} INFO - [2025-12-07T15:05:44.887+0000] {dag.py:3036} INFO - Sync 1 DAGs
[2025-12-07T15:05:44.912+0000] {logging_mixin.py:188} INFO - [2025-12-07T15:05:44.912+0000] {dag.py:3823} INFO - Setting next_dagrun for example_short_circuit_decorator to 2025-12-06 00:00:00+00:00, run_after=2025-12-07 00:00:00+00:00
[2025-12-07T15:05:44.942+0000] {processor.py:183} INFO - Processing /home/airflow/.local/lib/python3.8/site-packages/airflow/example_dags/example_short_circuit_decorator.py took 0.240 seconds
[2025-12-07T15:06:15.838+0000] {processor.py:161} INFO - Started process (PID=151) to work on /home/airflow/.local/lib/python3.8/site-packages/airflow/example_dags/example_short_circuit_decorator.py
[2025-12-07T15:06:15.840+0000] {processor.py:830} INFO - Processing file /home/airflow/.local/lib/python3.8/site-packages/airflow/example_dags/example_short_circuit_decorator.py for tasks to queue
[2025-12-07T15:06:15.842+0000] {logging_mixin.py:188} INFO - [2025-12-07T15:06:15.842+0000] {dagbag.py:538} INFO - Filling up the DagBag from /home/airflow/.local/lib/python3.8/site-packages/airflow/example_dags/example_short_circuit_decorator.py
[2025-12-07T15:06:15.856+0000] {processor.py:840} INFO - DAG(s) 'example_short_circuit_decorator' retrieved from /home/airflow/.local/lib/python3.8/site-packages/airflow/example_dags/example_short_circuit_decorator.py
[2025-12-07T15:06:15.913+0000] {logging_mixin.py:188} INFO - [2025-12-07T15:06:15.913+0000] {dag.py:3036} INFO - Sync 1 DAGs
[2025-12-07T15:06:15.972+0000] {logging_mixin.py:188} INFO - [2025-12-07T15:06:15.972+0000] {dag.py:3823} INFO - Setting next_dagrun for example_short_circuit_decorator to 2025-12-06 00:00:00+00:00, run_after=2025-12-07 00:00:00+00:00
[2025-12-07T15:06:16.014+0000] {processor.py:183} INFO - Processing /home/airflow/.local/lib/python3.8/site-packages/airflow/example_dags/example_short_circuit_decorator.py took 0.180 seconds
[2025-12-07T15:06:46.106+0000] {processor.py:161} INFO - Started process (PID=210) to work on /home/airflow/.local/lib/python3.8/site-packages/airflow/example_dags/example_short_circuit_decorator.py
[2025-12-07T15:06:46.107+0000] {processor.py:830} INFO - Processing file /home/airflow/.local/lib/python3.8/site-packages/airflow/example_dags/example_short_circuit_decorator.py for tasks to queue
[2025-12-07T15:06:46.110+0000] {logging_mixin.py:188} INFO - [2025-12-07T15:06:46.110+0000] {dagbag.py:538} INFO - Filling up the DagBag from /home/airflow/.local/lib/python3.8/site-packages/airflow/example_dags/example_short_circuit_decorator.py
[2025-12-07T15:06:46.122+0000] {processor.py:840} INFO - DAG(s) 'example_short_circuit_decorator' retrieved from /home/airflow/.local/lib/python3.8/site-packages/airflow/example_dags/example_short_circuit_decorator.py
[2025-12-07T15:06:46.155+0000] {logging_mixin.py:188} INFO - [2025-12-07T15:06:46.155+0000] {dag.py:3036} INFO - Sync 1 DAGs
[2025-12-07T15:06:46.184+0000] {logging_mixin.py:188} INFO - [2025-12-07T15:06:46.184+0000] {dag.py:3823} INFO - Setting next_dagrun for example_short_circuit_decorator to 2025-12-06 00:00:00+00:00, run_after=2025-12-07 00:00:00+00:00
[2025-12-07T15:06:46.220+0000] {processor.py:183} INFO - Processing /home/airflow/.local/lib/python3.8/site-packages/airflow/example_dags/example_short_circuit_decorator.py took 0.119 seconds
[2025-12-07T15:07:16.424+0000] {processor.py:161} INFO - Started process (PID=269) to work on /home/airflow/.local/lib/python3.8/site-packages/airflow/example_dags/example_short_circuit_decorator.py
[2025-12-07T15:07:16.425+0000] {processor.py:830} INFO - Processing file /home/airflow/.local/lib/python3.8/site-packages/airflow/example_dags/example_short_circuit_decorator.py for tasks to queue
[2025-12-07T15:07:16.429+0000] {logging_mixin.py:188} INFO - [2025-12-07T15:07:16.428+0000] {dagbag.py:538} INFO - Filling up the DagBag from /home/airflow/.local/lib/python3.8/site-packages/airflow/example_dags/example_short_circuit_decorator.py
[2025-12-07T15:07:16.442+0000] {processor.py:840} INFO - DAG(s) 'example_short_circuit_decorator' retrieved from /home/airflow/.local/lib/python3.8/site-packages/airflow/example_dags/example_short_circuit_decorator.py
[2025-12-07T15:07:16.484+0000] {logging_mixin.py:188} INFO - [2025-12-07T15:07:16.483+0000] {dag.py:3036} INFO - Sync 1 DAGs
[2025-12-07T15:07:16.525+0000] {logging_mixin.py:188} INFO - [2025-12-07T15:07:16.524+0000] {dag.py:3823} INFO - Setting next_dagrun for example_short_circuit_decorator to 2025-12-06 00:00:00+00:00, run_after=2025-12-07 00:00:00+00:00
[2025-12-07T15:07:16.566+0000] {processor.py:183} INFO - Processing /home/airflow/.local/lib/python3.8/site-packages/airflow/example_dags/example_short_circuit_decorator.py took 0.149 seconds
[2025-12-07T15:07:47.498+0000] {processor.py:161} INFO - Started process (PID=328) to work on /home/airflow/.local/lib/python3.8/site-packages/airflow/example_dags/example_short_circuit_decorator.py
[2025-12-07T15:07:47.500+0000] {processor.py:830} INFO - Processing file /home/airflow/.local/lib/python3.8/site-packages/airflow/example_dags/example_short_circuit_decorator.py for tasks to queue
[2025-12-07T15:07:47.503+0000] {logging_mixin.py:188} INFO - [2025-12-07T15:07:47.502+0000] {dagbag.py:538} INFO - Filling up the DagBag from /home/airflow/.local/lib/python3.8/site-packages/airflow/example_dags/example_short_circuit_decorator.py
[2025-12-07T15:07:47.518+0000] {processor.py:840} INFO - DAG(s) 'example_short_circuit_decorator' retrieved from /home/airflow/.local/lib/python3.8/site-packages/airflow/example_dags/example_short_circuit_decorator.py
[2025-12-07T15:07:47.555+0000] {logging_mixin.py:188} INFO - [2025-12-07T15:07:47.555+0000] {dag.py:3036} INFO - Sync 1 DAGs
[2025-12-07T15:07:47.602+0000] {logging_mixin.py:188} INFO - [2025-12-07T15:07:47.602+0000] {dag.py:3823} INFO - Setting next_dagrun for example_short_circuit_decorator to 2025-12-06 00:00:00+00:00, run_after=2025-12-07 00:00:00+00:00
[2025-12-07T15:07:47.656+0000] {processor.py:183} INFO - Processing /home/airflow/.local/lib/python3.8/site-packages/airflow/example_dags/example_short_circuit_decorator.py took 0.163 seconds
[2025-12-07T15:08:17.727+0000] {processor.py:161} INFO - Started process (PID=387) to work on /home/airflow/.local/lib/python3.8/site-packages/airflow/example_dags/example_short_circuit_decorator.py
[2025-12-07T15:08:17.728+0000] {processor.py:830} INFO - Processing file /home/airflow/.local/lib/python3.8/site-packages/airflow/example_dags/example_short_circuit_decorator.py for tasks to queue
[2025-12-07T15:08:17.731+0000] {logging_mixin.py:188} INFO - [2025-12-07T15:08:17.731+0000] {dagbag.py:538} INFO - Filling up the DagBag from /home/airflow/.local/lib/python3.8/site-packages/airflow/example_dags/example_short_circuit_decorator.py
[2025-12-07T15:08:17.743+0000] {processor.py:840} INFO - DAG(s) 'example_short_circuit_decorator' retrieved from /home/airflow/.local/lib/python3.8/site-packages/airflow/example_dags/example_short_circuit_decorator.py
[2025-12-07T15:08:17.781+0000] {logging_mixin.py:188} INFO - [2025-12-07T15:08:17.780+0000] {dag.py:3036} INFO - Sync 1 DAGs
[2025-12-07T15:08:17.810+0000] {logging_mixin.py:188} INFO - [2025-12-07T15:08:17.809+0000] {dag.py:3823} INFO - Setting next_dagrun for example_short_circuit_decorator to 2025-12-06 00:00:00+00:00, run_after=2025-12-07 00:00:00+00:00
[2025-12-07T15:08:17.842+0000] {processor.py:183} INFO - Processing /home/airflow/.local/lib/python3.8/site-packages/airflow/example_dags/example_short_circuit_decorator.py took 0.120 seconds
[2025-12-07T15:08:48.543+0000] {processor.py:161} INFO - Started process (PID=446) to work on /home/airflow/.local/lib/python3.8/site-packages/airflow/example_dags/example_short_circuit_decorator.py
[2025-12-07T15:08:48.545+0000] {processor.py:830} INFO - Processing file /home/airflow/.local/lib/python3.8/site-packages/airflow/example_dags/example_short_circuit_decorator.py for tasks to queue
[2025-12-07T15:08:48.548+0000] {logging_mixin.py:188} INFO - [2025-12-07T15:08:48.548+0000] {dagbag.py:538} INFO - Filling up the DagBag from /home/airflow/.local/lib/python3.8/site-packages/airflow/example_dags/example_short_circuit_decorator.py
[2025-12-07T15:08:48.560+0000] {processor.py:840} INFO - DAG(s) 'example_short_circuit_decorator' retrieved from /home/airflow/.local/lib/python3.8/site-packages/airflow/example_dags/example_short_circuit_decorator.py
[2025-12-07T15:08:48.598+0000] {logging_mixin.py:188} INFO - [2025-12-07T15:08:48.598+0000] {dag.py:3036} INFO - Sync 1 DAGs
[2025-12-07T15:08:48.629+0000] {logging_mixin.py:188} INFO - [2025-12-07T15:08:48.628+0000] {dag.py:3823} INFO - Setting next_dagrun for example_short_circuit_decorator to 2025-12-06 00:00:00+00:00, run_after=2025-12-07 00:00:00+00:00
[2025-12-07T15:08:48.660+0000] {processor.py:183} INFO - Processing /home/airflow/.local/lib/python3.8/site-packages/airflow/example_dags/example_short_circuit_decorator.py took 0.122 seconds
[2025-12-07T15:09:19.151+0000] {processor.py:161} INFO - Started process (PID=505) to work on /home/airflow/.local/lib/python3.8/site-packages/airflow/example_dags/example_short_circuit_decorator.py
[2025-12-07T15:09:19.152+0000] {processor.py:830} INFO - Processing file /home/airflow/.local/lib/python3.8/site-packages/airflow/example_dags/example_short_circuit_decorator.py for tasks to queue
[2025-12-07T15:09:19.159+0000] {logging_mixin.py:188} INFO - [2025-12-07T15:09:19.158+0000] {dagbag.py:538} INFO - Filling up the DagBag from /home/airflow/.local/lib/python3.8/site-packages/airflow/example_dags/example_short_circuit_decorator.py
[2025-12-07T15:09:19.172+0000] {processor.py:840} INFO - DAG(s) 'example_short_circuit_decorator' retrieved from /home/airflow/.local/lib/python3.8/site-packages/airflow/example_dags/example_short_circuit_decorator.py
[2025-12-07T15:09:19.205+0000] {logging_mixin.py:188} INFO - [2025-12-07T15:09:19.205+0000] {dag.py:3036} INFO - Sync 1 DAGs
[2025-12-07T15:09:19.236+0000] {logging_mixin.py:188} INFO - [2025-12-07T15:09:19.236+0000] {dag.py:3823} INFO - Setting next_dagrun for example_short_circuit_decorator to 2025-12-06 00:00:00+00:00, run_after=2025-12-07 00:00:00+00:00
[2025-12-07T15:09:19.268+0000] {processor.py:183} INFO - Processing /home/airflow/.local/lib/python3.8/site-packages/airflow/example_dags/example_short_circuit_decorator.py took 0.123 seconds
[2025-12-07T15:09:49.872+0000] {processor.py:161} INFO - Started process (PID=564) to work on /home/airflow/.local/lib/python3.8/site-packages/airflow/example_dags/example_short_circuit_decorator.py
[2025-12-07T15:09:49.873+0000] {processor.py:830} INFO - Processing file /home/airflow/.local/lib/python3.8/site-packages/airflow/example_dags/example_short_circuit_decorator.py for tasks to queue
[2025-12-07T15:09:49.879+0000] {logging_mixin.py:188} INFO - [2025-12-07T15:09:49.878+0000] {dagbag.py:538} INFO - Filling up the DagBag from /home/airflow/.local/lib/python3.8/site-packages/airflow/example_dags/example_short_circuit_decorator.py
[2025-12-07T15:09:49.891+0000] {processor.py:840} INFO - DAG(s) 'example_short_circuit_decorator' retrieved from /home/airflow/.local/lib/python3.8/site-packages/airflow/example_dags/example_short_circuit_decorator.py
[2025-12-07T15:09:49.927+0000] {logging_mixin.py:188} INFO - [2025-12-07T15:09:49.926+0000] {dag.py:3036} INFO - Sync 1 DAGs
[2025-12-07T15:09:49.958+0000] {logging_mixin.py:188} INFO - [2025-12-07T15:09:49.958+0000] {dag.py:3823} INFO - Setting next_dagrun for example_short_circuit_decorator to 2025-12-06 00:00:00+00:00, run_after=2025-12-07 00:00:00+00:00
[2025-12-07T15:09:49.988+0000] {processor.py:183} INFO - Processing /home/airflow/.local/lib/python3.8/site-packages/airflow/example_dags/example_short_circuit_decorator.py took 0.120 seconds
[2025-12-07T15:10:20.323+0000] {processor.py:161} INFO - Started process (PID=623) to work on /home/airflow/.local/lib/python3.8/site-packages/airflow/example_dags/example_short_circuit_decorator.py
[2025-12-07T15:10:20.325+0000] {processor.py:830} INFO - Processing file /home/airflow/.local/lib/python3.8/site-packages/airflow/example_dags/example_short_circuit_decorator.py for tasks to queue
[2025-12-07T15:10:20.329+0000] {logging_mixin.py:188} INFO - [2025-12-07T15:10:20.328+0000] {dagbag.py:538} INFO - Filling up the DagBag from /home/airflow/.local/lib/python3.8/site-packages/airflow/example_dags/example_short_circuit_decorator.py
[2025-12-07T15:10:20.343+0000] {processor.py:840} INFO - DAG(s) 'example_short_circuit_decorator' retrieved from /home/airflow/.local/lib/python3.8/site-packages/airflow/example_dags/example_short_circuit_decorator.py
[2025-12-07T15:10:20.378+0000] {logging_mixin.py:188} INFO - [2025-12-07T15:10:20.377+0000] {dag.py:3036} INFO - Sync 1 DAGs
[2025-12-07T15:10:20.408+0000] {logging_mixin.py:188} INFO - [2025-12-07T15:10:20.407+0000] {dag.py:3823} INFO - Setting next_dagrun for example_short_circuit_decorator to 2025-12-06 00:00:00+00:00, run_after=2025-12-07 00:00:00+00:00
[2025-12-07T15:10:20.438+0000] {processor.py:183} INFO - Processing /home/airflow/.local/lib/python3.8/site-packages/airflow/example_dags/example_short_circuit_decorator.py took 0.122 seconds
[2025-12-07T15:10:50.554+0000] {processor.py:161} INFO - Started process (PID=682) to work on /home/airflow/.local/lib/python3.8/site-packages/airflow/example_dags/example_short_circuit_decorator.py
[2025-12-07T15:10:50.556+0000] {processor.py:830} INFO - Processing file /home/airflow/.local/lib/python3.8/site-packages/airflow/example_dags/example_short_circuit_decorator.py for tasks to queue
[2025-12-07T15:10:50.559+0000] {logging_mixin.py:188} INFO - [2025-12-07T15:10:50.558+0000] {dagbag.py:538} INFO - Filling up the DagBag from /home/airflow/.local/lib/python3.8/site-packages/airflow/example_dags/example_short_circuit_decorator.py
[2025-12-07T15:10:50.572+0000] {processor.py:840} INFO - DAG(s) 'example_short_circuit_decorator' retrieved from /home/airflow/.local/lib/python3.8/site-packages/airflow/example_dags/example_short_circuit_decorator.py
[2025-12-07T15:10:50.608+0000] {logging_mixin.py:188} INFO - [2025-12-07T15:10:50.608+0000] {dag.py:3036} INFO - Sync 1 DAGs
[2025-12-07T15:10:50.640+0000] {logging_mixin.py:188} INFO - [2025-12-07T15:10:50.640+0000] {dag.py:3823} INFO - Setting next_dagrun for example_short_circuit_decorator to 2025-12-06 00:00:00+00:00, run_after=2025-12-07 00:00:00+00:00
[2025-12-07T15:10:50.671+0000] {processor.py:183} INFO - Processing /home/airflow/.local/lib/python3.8/site-packages/airflow/example_dags/example_short_circuit_decorator.py took 0.124 seconds
[2025-12-07T15:11:20.975+0000] {processor.py:161} INFO - Started process (PID=741) to work on /home/airflow/.local/lib/python3.8/site-packages/airflow/example_dags/example_short_circuit_decorator.py
[2025-12-07T15:11:20.977+0000] {processor.py:830} INFO - Processing file /home/airflow/.local/lib/python3.8/site-packages/airflow/example_dags/example_short_circuit_decorator.py for tasks to queue
[2025-12-07T15:11:20.979+0000] {logging_mixin.py:188} INFO - [2025-12-07T15:11:20.979+0000] {dagbag.py:538} INFO - Filling up the DagBag from /home/airflow/.local/lib/python3.8/site-packages/airflow/example_dags/example_short_circuit_decorator.py
[2025-12-07T15:11:20.991+0000] {processor.py:840} INFO - DAG(s) 'example_short_circuit_decorator' retrieved from /home/airflow/.local/lib/python3.8/site-packages/airflow/example_dags/example_short_circuit_decorator.py
[2025-12-07T15:11:21.028+0000] {logging_mixin.py:188} INFO - [2025-12-07T15:11:21.028+0000] {dag.py:3036} INFO - Sync 1 DAGs
[2025-12-07T15:11:21.057+0000] {logging_mixin.py:188} INFO - [2025-12-07T15:11:21.056+0000] {dag.py:3823} INFO - Setting next_dagrun for example_short_circuit_decorator to 2025-12-06 00:00:00+00:00, run_after=2025-12-07 00:00:00+00:00
[2025-12-07T15:11:21.087+0000] {processor.py:183} INFO - Processing /home/airflow/.local/lib/python3.8/site-packages/airflow/example_dags/example_short_circuit_decorator.py took 0.118 seconds
[2025-12-07T15:11:51.229+0000] {processor.py:161} INFO - Started process (PID=800) to work on /home/airflow/.local/lib/python3.8/site-packages/airflow/example_dags/example_short_circuit_decorator.py
[2025-12-07T15:11:51.230+0000] {processor.py:830} INFO - Processing file /home/airflow/.local/lib/python3.8/site-packages/airflow/example_dags/example_short_circuit_decorator.py for tasks to queue
[2025-12-07T15:11:51.234+0000] {logging_mixin.py:188} INFO - [2025-12-07T15:11:51.234+0000] {dagbag.py:538} INFO - Filling up the DagBag from /home/airflow/.local/lib/python3.8/site-packages/airflow/example_dags/example_short_circuit_decorator.py
[2025-12-07T15:11:51.246+0000] {processor.py:840} INFO - DAG(s) 'example_short_circuit_decorator' retrieved from /home/airflow/.local/lib/python3.8/site-packages/airflow/example_dags/example_short_circuit_decorator.py
[2025-12-07T15:11:51.281+0000] {logging_mixin.py:188} INFO - [2025-12-07T15:11:51.281+0000] {dag.py:3036} INFO - Sync 1 DAGs
[2025-12-07T15:11:51.312+0000] {logging_mixin.py:188} INFO - [2025-12-07T15:11:51.312+0000] {dag.py:3823} INFO - Setting next_dagrun for example_short_circuit_decorator to 2025-12-06 00:00:00+00:00, run_after=2025-12-07 00:00:00+00:00
[2025-12-07T15:11:51.343+0000] {processor.py:183} INFO - Processing /home/airflow/.local/lib/python3.8/site-packages/airflow/example_dags/example_short_circuit_decorator.py took 0.120 seconds
[2025-12-07T15:12:21.533+0000] {processor.py:161} INFO - Started process (PID=859) to work on /home/airflow/.local/lib/python3.8/site-packages/airflow/example_dags/example_short_circuit_decorator.py
[2025-12-07T15:12:21.535+0000] {processor.py:830} INFO - Processing file /home/airflow/.local/lib/python3.8/site-packages/airflow/example_dags/example_short_circuit_decorator.py for tasks to queue
[2025-12-07T15:12:21.538+0000] {logging_mixin.py:188} INFO - [2025-12-07T15:12:21.537+0000] {dagbag.py:538} INFO - Filling up the DagBag from /home/airflow/.local/lib/python3.8/site-packages/airflow/example_dags/example_short_circuit_decorator.py
[2025-12-07T15:12:21.549+0000] {processor.py:840} INFO - DAG(s) 'example_short_circuit_decorator' retrieved from /home/airflow/.local/lib/python3.8/site-packages/airflow/example_dags/example_short_circuit_decorator.py
[2025-12-07T15:12:21.580+0000] {logging_mixin.py:188} INFO - [2025-12-07T15:12:21.580+0000] {dag.py:3036} INFO - Sync 1 DAGs
[2025-12-07T15:12:21.610+0000] {logging_mixin.py:188} INFO - [2025-12-07T15:12:21.609+0000] {dag.py:3823} INFO - Setting next_dagrun for example_short_circuit_decorator to 2025-12-06 00:00:00+00:00, run_after=2025-12-07 00:00:00+00:00
[2025-12-07T15:12:21.645+0000] {processor.py:183} INFO - Processing /home/airflow/.local/lib/python3.8/site-packages/airflow/example_dags/example_short_circuit_decorator.py took 0.117 seconds
[2025-12-07T15:12:51.749+0000] {processor.py:161} INFO - Started process (PID=918) to work on /home/airflow/.local/lib/python3.8/site-packages/airflow/example_dags/example_short_circuit_decorator.py
[2025-12-07T15:12:51.750+0000] {processor.py:830} INFO - Processing file /home/airflow/.local/lib/python3.8/site-packages/airflow/example_dags/example_short_circuit_decorator.py for tasks to queue
[2025-12-07T15:12:51.753+0000] {logging_mixin.py:188} INFO - [2025-12-07T15:12:51.753+0000] {dagbag.py:538} INFO - Filling up the DagBag from /home/airflow/.local/lib/python3.8/site-packages/airflow/example_dags/example_short_circuit_decorator.py
[2025-12-07T15:12:51.765+0000] {processor.py:840} INFO - DAG(s) 'example_short_circuit_decorator' retrieved from /home/airflow/.local/lib/python3.8/site-packages/airflow/example_dags/example_short_circuit_decorator.py
[2025-12-07T15:12:51.801+0000] {logging_mixin.py:188} INFO - [2025-12-07T15:12:51.801+0000] {dag.py:3036} INFO - Sync 1 DAGs
[2025-12-07T15:12:51.847+0000] {logging_mixin.py:188} INFO - [2025-12-07T15:12:51.846+0000] {dag.py:3823} INFO - Setting next_dagrun for example_short_circuit_decorator to 2025-12-06 00:00:00+00:00, run_after=2025-12-07 00:00:00+00:00
[2025-12-07T15:12:51.883+0000] {processor.py:183} INFO - Processing /home/airflow/.local/lib/python3.8/site-packages/airflow/example_dags/example_short_circuit_decorator.py took 0.139 seconds
[2025-12-07T15:13:22.113+0000] {processor.py:161} INFO - Started process (PID=977) to work on /home/airflow/.local/lib/python3.8/site-packages/airflow/example_dags/example_short_circuit_decorator.py
[2025-12-07T15:13:22.114+0000] {processor.py:830} INFO - Processing file /home/airflow/.local/lib/python3.8/site-packages/airflow/example_dags/example_short_circuit_decorator.py for tasks to queue
[2025-12-07T15:13:22.117+0000] {logging_mixin.py:188} INFO - [2025-12-07T15:13:22.116+0000] {dagbag.py:538} INFO - Filling up the DagBag from /home/airflow/.local/lib/python3.8/site-packages/airflow/example_dags/example_short_circuit_decorator.py
[2025-12-07T15:13:22.128+0000] {processor.py:840} INFO - DAG(s) 'example_short_circuit_decorator' retrieved from /home/airflow/.local/lib/python3.8/site-packages/airflow/example_dags/example_short_circuit_decorator.py
[2025-12-07T15:13:22.161+0000] {logging_mixin.py:188} INFO - [2025-12-07T15:13:22.161+0000] {dag.py:3036} INFO - Sync 1 DAGs
[2025-12-07T15:13:22.188+0000] {logging_mixin.py:188} INFO - [2025-12-07T15:13:22.188+0000] {dag.py:3823} INFO - Setting next_dagrun for example_short_circuit_decorator to 2025-12-06 00:00:00+00:00, run_after=2025-12-07 00:00:00+00:00
[2025-12-07T15:13:22.219+0000] {processor.py:183} INFO - Processing /home/airflow/.local/lib/python3.8/site-packages/airflow/example_dags/example_short_circuit_decorator.py took 0.110 seconds
[2025-12-07T15:13:52.578+0000] {processor.py:161} INFO - Started process (PID=1036) to work on /home/airflow/.local/lib/python3.8/site-packages/airflow/example_dags/example_short_circuit_decorator.py
[2025-12-07T15:13:52.580+0000] {processor.py:830} INFO - Processing file /home/airflow/.local/lib/python3.8/site-packages/airflow/example_dags/example_short_circuit_decorator.py for tasks to queue
[2025-12-07T15:13:52.583+0000] {logging_mixin.py:188} INFO - [2025-12-07T15:13:52.583+0000] {dagbag.py:538} INFO - Filling up the DagBag from /home/airflow/.local/lib/python3.8/site-packages/airflow/example_dags/example_short_circuit_decorator.py
[2025-12-07T15:13:52.595+0000] {processor.py:840} INFO - DAG(s) 'example_short_circuit_decorator' retrieved from /home/airflow/.local/lib/python3.8/site-packages/airflow/example_dags/example_short_circuit_decorator.py
[2025-12-07T15:13:52.628+0000] {logging_mixin.py:188} INFO - [2025-12-07T15:13:52.628+0000] {dag.py:3036} INFO - Sync 1 DAGs
[2025-12-07T15:13:52.662+0000] {logging_mixin.py:188} INFO - [2025-12-07T15:13:52.662+0000] {dag.py:3823} INFO - Setting next_dagrun for example_short_circuit_decorator to 2025-12-06 00:00:00+00:00, run_after=2025-12-07 00:00:00+00:00
[2025-12-07T15:13:52.698+0000] {processor.py:183} INFO - Processing /home/airflow/.local/lib/python3.8/site-packages/airflow/example_dags/example_short_circuit_decorator.py took 0.126 seconds
[2025-12-07T15:14:22.772+0000] {processor.py:161} INFO - Started process (PID=1095) to work on /home/airflow/.local/lib/python3.8/site-packages/airflow/example_dags/example_short_circuit_decorator.py
[2025-12-07T15:14:22.773+0000] {processor.py:830} INFO - Processing file /home/airflow/.local/lib/python3.8/site-packages/airflow/example_dags/example_short_circuit_decorator.py for tasks to queue
[2025-12-07T15:14:22.776+0000] {logging_mixin.py:188} INFO - [2025-12-07T15:14:22.775+0000] {dagbag.py:538} INFO - Filling up the DagBag from /home/airflow/.local/lib/python3.8/site-packages/airflow/example_dags/example_short_circuit_decorator.py
[2025-12-07T15:14:22.788+0000] {processor.py:840} INFO - DAG(s) 'example_short_circuit_decorator' retrieved from /home/airflow/.local/lib/python3.8/site-packages/airflow/example_dags/example_short_circuit_decorator.py
[2025-12-07T15:14:22.815+0000] {logging_mixin.py:188} INFO - [2025-12-07T15:14:22.815+0000] {dag.py:3036} INFO - Sync 1 DAGs
[2025-12-07T15:14:22.843+0000] {logging_mixin.py:188} INFO - [2025-12-07T15:14:22.842+0000] {dag.py:3823} INFO - Setting next_dagrun for example_short_circuit_decorator to 2025-12-06 00:00:00+00:00, run_after=2025-12-07 00:00:00+00:00
[2025-12-07T15:14:22.870+0000] {processor.py:183} INFO - Processing /home/airflow/.local/lib/python3.8/site-packages/airflow/example_dags/example_short_circuit_decorator.py took 0.104 seconds
[2025-12-07T15:14:53.374+0000] {processor.py:161} INFO - Started process (PID=1154) to work on /home/airflow/.local/lib/python3.8/site-packages/airflow/example_dags/example_short_circuit_decorator.py
[2025-12-07T15:14:53.375+0000] {processor.py:830} INFO - Processing file /home/airflow/.local/lib/python3.8/site-packages/airflow/example_dags/example_short_circuit_decorator.py for tasks to queue
[2025-12-07T15:14:53.381+0000] {logging_mixin.py:188} INFO - [2025-12-07T15:14:53.381+0000] {dagbag.py:538} INFO - Filling up the DagBag from /home/airflow/.local/lib/python3.8/site-packages/airflow/example_dags/example_short_circuit_decorator.py
[2025-12-07T15:14:53.394+0000] {processor.py:840} INFO - DAG(s) 'example_short_circuit_decorator' retrieved from /home/airflow/.local/lib/python3.8/site-packages/airflow/example_dags/example_short_circuit_decorator.py
[2025-12-07T15:14:53.434+0000] {logging_mixin.py:188} INFO - [2025-12-07T15:14:53.433+0000] {dag.py:3036} INFO - Sync 1 DAGs
[2025-12-07T15:14:53.466+0000] {logging_mixin.py:188} INFO - [2025-12-07T15:14:53.465+0000] {dag.py:3823} INFO - Setting next_dagrun for example_short_circuit_decorator to 2025-12-06 00:00:00+00:00, run_after=2025-12-07 00:00:00+00:00
[2025-12-07T15:14:53.497+0000] {processor.py:183} INFO - Processing /home/airflow/.local/lib/python3.8/site-packages/airflow/example_dags/example_short_circuit_decorator.py took 0.128 seconds
[2025-12-07T15:15:23.792+0000] {processor.py:161} INFO - Started process (PID=1213) to work on /home/airflow/.local/lib/python3.8/site-packages/airflow/example_dags/example_short_circuit_decorator.py
[2025-12-07T15:15:23.794+0000] {processor.py:830} INFO - Processing file /home/airflow/.local/lib/python3.8/site-packages/airflow/example_dags/example_short_circuit_decorator.py for tasks to queue
[2025-12-07T15:15:23.796+0000] {logging_mixin.py:188} INFO - [2025-12-07T15:15:23.796+0000] {dagbag.py:538} INFO - Filling up the DagBag from /home/airflow/.local/lib/python3.8/site-packages/airflow/example_dags/example_short_circuit_decorator.py
[2025-12-07T15:15:23.809+0000] {processor.py:840} INFO - DAG(s) 'example_short_circuit_decorator' retrieved from /home/airflow/.local/lib/python3.8/site-packages/airflow/example_dags/example_short_circuit_decorator.py
[2025-12-07T15:15:23.849+0000] {logging_mixin.py:188} INFO - [2025-12-07T15:15:23.848+0000] {dag.py:3036} INFO - Sync 1 DAGs
[2025-12-07T15:15:23.886+0000] {logging_mixin.py:188} INFO - [2025-12-07T15:15:23.886+0000] {dag.py:3823} INFO - Setting next_dagrun for example_short_circuit_decorator to 2025-12-06 00:00:00+00:00, run_after=2025-12-07 00:00:00+00:00
[2025-12-07T15:15:23.921+0000] {processor.py:183} INFO - Processing /home/airflow/.local/lib/python3.8/site-packages/airflow/example_dags/example_short_circuit_decorator.py took 0.134 seconds
[2025-12-07T15:15:54.189+0000] {processor.py:161} INFO - Started process (PID=1272) to work on /home/airflow/.local/lib/python3.8/site-packages/airflow/example_dags/example_short_circuit_decorator.py
[2025-12-07T15:15:54.191+0000] {processor.py:830} INFO - Processing file /home/airflow/.local/lib/python3.8/site-packages/airflow/example_dags/example_short_circuit_decorator.py for tasks to queue
[2025-12-07T15:15:54.194+0000] {logging_mixin.py:188} INFO - [2025-12-07T15:15:54.193+0000] {dagbag.py:538} INFO - Filling up the DagBag from /home/airflow/.local/lib/python3.8/site-packages/airflow/example_dags/example_short_circuit_decorator.py
[2025-12-07T15:15:54.212+0000] {processor.py:840} INFO - DAG(s) 'example_short_circuit_decorator' retrieved from /home/airflow/.local/lib/python3.8/site-packages/airflow/example_dags/example_short_circuit_decorator.py
[2025-12-07T15:15:54.250+0000] {logging_mixin.py:188} INFO - [2025-12-07T15:15:54.250+0000] {dag.py:3036} INFO - Sync 1 DAGs
[2025-12-07T15:15:54.293+0000] {logging_mixin.py:188} INFO - [2025-12-07T15:15:54.292+0000] {dag.py:3823} INFO - Setting next_dagrun for example_short_circuit_decorator to 2025-12-06 00:00:00+00:00, run_after=2025-12-07 00:00:00+00:00
[2025-12-07T15:15:54.333+0000] {processor.py:183} INFO - Processing /home/airflow/.local/lib/python3.8/site-packages/airflow/example_dags/example_short_circuit_decorator.py took 0.148 seconds
[2025-12-07T15:16:24.880+0000] {processor.py:161} INFO - Started process (PID=1331) to work on /home/airflow/.local/lib/python3.8/site-packages/airflow/example_dags/example_short_circuit_decorator.py
[2025-12-07T15:16:24.882+0000] {processor.py:830} INFO - Processing file /home/airflow/.local/lib/python3.8/site-packages/airflow/example_dags/example_short_circuit_decorator.py for tasks to queue
[2025-12-07T15:16:24.884+0000] {logging_mixin.py:188} INFO - [2025-12-07T15:16:24.884+0000] {dagbag.py:538} INFO - Filling up the DagBag from /home/airflow/.local/lib/python3.8/site-packages/airflow/example_dags/example_short_circuit_decorator.py
[2025-12-07T15:16:24.896+0000] {processor.py:840} INFO - DAG(s) 'example_short_circuit_decorator' retrieved from /home/airflow/.local/lib/python3.8/site-packages/airflow/example_dags/example_short_circuit_decorator.py
[2025-12-07T15:16:24.942+0000] {logging_mixin.py:188} INFO - [2025-12-07T15:16:24.940+0000] {dag.py:3036} INFO - Sync 1 DAGs
[2025-12-07T15:16:24.989+0000] {logging_mixin.py:188} INFO - [2025-12-07T15:16:24.989+0000] {dag.py:3823} INFO - Setting next_dagrun for example_short_circuit_decorator to 2025-12-06 00:00:00+00:00, run_after=2025-12-07 00:00:00+00:00
[2025-12-07T15:16:25.040+0000] {processor.py:183} INFO - Processing /home/airflow/.local/lib/python3.8/site-packages/airflow/example_dags/example_short_circuit_decorator.py took 0.166 seconds
[2025-12-07T15:16:55.363+0000] {processor.py:161} INFO - Started process (PID=1390) to work on /home/airflow/.local/lib/python3.8/site-packages/airflow/example_dags/example_short_circuit_decorator.py
[2025-12-07T15:16:55.365+0000] {processor.py:830} INFO - Processing file /home/airflow/.local/lib/python3.8/site-packages/airflow/example_dags/example_short_circuit_decorator.py for tasks to queue
[2025-12-07T15:16:55.368+0000] {logging_mixin.py:188} INFO - [2025-12-07T15:16:55.367+0000] {dagbag.py:538} INFO - Filling up the DagBag from /home/airflow/.local/lib/python3.8/site-packages/airflow/example_dags/example_short_circuit_decorator.py
[2025-12-07T15:16:55.380+0000] {processor.py:840} INFO - DAG(s) 'example_short_circuit_decorator' retrieved from /home/airflow/.local/lib/python3.8/site-packages/airflow/example_dags/example_short_circuit_decorator.py
[2025-12-07T15:16:55.416+0000] {logging_mixin.py:188} INFO - [2025-12-07T15:16:55.416+0000] {dag.py:3036} INFO - Sync 1 DAGs
[2025-12-07T15:16:55.448+0000] {logging_mixin.py:188} INFO - [2025-12-07T15:16:55.448+0000] {dag.py:3823} INFO - Setting next_dagrun for example_short_circuit_decorator to 2025-12-06 00:00:00+00:00, run_after=2025-12-07 00:00:00+00:00
[2025-12-07T15:16:55.479+0000] {processor.py:183} INFO - Processing /home/airflow/.local/lib/python3.8/site-packages/airflow/example_dags/example_short_circuit_decorator.py took 0.122 seconds
[2025-12-07T15:17:25.587+0000] {processor.py:161} INFO - Started process (PID=1449) to work on /home/airflow/.local/lib/python3.8/site-packages/airflow/example_dags/example_short_circuit_decorator.py
[2025-12-07T15:17:25.588+0000] {processor.py:830} INFO - Processing file /home/airflow/.local/lib/python3.8/site-packages/airflow/example_dags/example_short_circuit_decorator.py for tasks to queue
[2025-12-07T15:17:25.590+0000] {logging_mixin.py:188} INFO - [2025-12-07T15:17:25.590+0000] {dagbag.py:538} INFO - Filling up the DagBag from /home/airflow/.local/lib/python3.8/site-packages/airflow/example_dags/example_short_circuit_decorator.py
[2025-12-07T15:17:25.601+0000] {processor.py:840} INFO - DAG(s) 'example_short_circuit_decorator' retrieved from /home/airflow/.local/lib/python3.8/site-packages/airflow/example_dags/example_short_circuit_decorator.py
[2025-12-07T15:17:25.636+0000] {logging_mixin.py:188} INFO - [2025-12-07T15:17:25.636+0000] {dag.py:3036} INFO - Sync 1 DAGs
[2025-12-07T15:17:25.665+0000] {logging_mixin.py:188} INFO - [2025-12-07T15:17:25.664+0000] {dag.py:3823} INFO - Setting next_dagrun for example_short_circuit_decorator to 2025-12-06 00:00:00+00:00, run_after=2025-12-07 00:00:00+00:00
[2025-12-07T15:17:25.697+0000] {processor.py:183} INFO - Processing /home/airflow/.local/lib/python3.8/site-packages/airflow/example_dags/example_short_circuit_decorator.py took 0.114 seconds
[2025-12-07T15:17:55.861+0000] {processor.py:161} INFO - Started process (PID=1508) to work on /home/airflow/.local/lib/python3.8/site-packages/airflow/example_dags/example_short_circuit_decorator.py
[2025-12-07T15:17:55.863+0000] {processor.py:830} INFO - Processing file /home/airflow/.local/lib/python3.8/site-packages/airflow/example_dags/example_short_circuit_decorator.py for tasks to queue
[2025-12-07T15:17:55.866+0000] {logging_mixin.py:188} INFO - [2025-12-07T15:17:55.865+0000] {dagbag.py:538} INFO - Filling up the DagBag from /home/airflow/.local/lib/python3.8/site-packages/airflow/example_dags/example_short_circuit_decorator.py
[2025-12-07T15:17:55.881+0000] {processor.py:840} INFO - DAG(s) 'example_short_circuit_decorator' retrieved from /home/airflow/.local/lib/python3.8/site-packages/airflow/example_dags/example_short_circuit_decorator.py
[2025-12-07T15:17:55.917+0000] {logging_mixin.py:188} INFO - [2025-12-07T15:17:55.917+0000] {dag.py:3036} INFO - Sync 1 DAGs
[2025-12-07T15:17:55.949+0000] {logging_mixin.py:188} INFO - [2025-12-07T15:17:55.949+0000] {dag.py:3823} INFO - Setting next_dagrun for example_short_circuit_decorator to 2025-12-06 00:00:00+00:00, run_after=2025-12-07 00:00:00+00:00
[2025-12-07T15:17:55.986+0000] {processor.py:183} INFO - Processing /home/airflow/.local/lib/python3.8/site-packages/airflow/example_dags/example_short_circuit_decorator.py took 0.131 seconds
[2025-12-07T15:18:26.334+0000] {processor.py:161} INFO - Started process (PID=1567) to work on /home/airflow/.local/lib/python3.8/site-packages/airflow/example_dags/example_short_circuit_decorator.py
[2025-12-07T15:18:26.336+0000] {processor.py:830} INFO - Processing file /home/airflow/.local/lib/python3.8/site-packages/airflow/example_dags/example_short_circuit_decorator.py for tasks to queue
[2025-12-07T15:18:26.338+0000] {logging_mixin.py:188} INFO - [2025-12-07T15:18:26.338+0000] {dagbag.py:538} INFO - Filling up the DagBag from /home/airflow/.local/lib/python3.8/site-packages/airflow/example_dags/example_short_circuit_decorator.py
[2025-12-07T15:18:26.350+0000] {processor.py:840} INFO - DAG(s) 'example_short_circuit_decorator' retrieved from /home/airflow/.local/lib/python3.8/site-packages/airflow/example_dags/example_short_circuit_decorator.py
[2025-12-07T15:18:26.385+0000] {logging_mixin.py:188} INFO - [2025-12-07T15:18:26.385+0000] {dag.py:3036} INFO - Sync 1 DAGs
[2025-12-07T15:18:26.415+0000] {logging_mixin.py:188} INFO - [2025-12-07T15:18:26.414+0000] {dag.py:3823} INFO - Setting next_dagrun for example_short_circuit_decorator to 2025-12-06 00:00:00+00:00, run_after=2025-12-07 00:00:00+00:00
[2025-12-07T15:18:26.447+0000] {processor.py:183} INFO - Processing /home/airflow/.local/lib/python3.8/site-packages/airflow/example_dags/example_short_circuit_decorator.py took 0.118 seconds
[2025-12-07T15:18:56.652+0000] {processor.py:161} INFO - Started process (PID=1626) to work on /home/airflow/.local/lib/python3.8/site-packages/airflow/example_dags/example_short_circuit_decorator.py
[2025-12-07T15:18:56.655+0000] {processor.py:830} INFO - Processing file /home/airflow/.local/lib/python3.8/site-packages/airflow/example_dags/example_short_circuit_decorator.py for tasks to queue
[2025-12-07T15:18:56.658+0000] {logging_mixin.py:188} INFO - [2025-12-07T15:18:56.657+0000] {dagbag.py:538} INFO - Filling up the DagBag from /home/airflow/.local/lib/python3.8/site-packages/airflow/example_dags/example_short_circuit_decorator.py
[2025-12-07T15:18:56.672+0000] {processor.py:840} INFO - DAG(s) 'example_short_circuit_decorator' retrieved from /home/airflow/.local/lib/python3.8/site-packages/airflow/example_dags/example_short_circuit_decorator.py
[2025-12-07T15:18:56.712+0000] {logging_mixin.py:188} INFO - [2025-12-07T15:18:56.712+0000] {dag.py:3036} INFO - Sync 1 DAGs
[2025-12-07T15:18:56.755+0000] {logging_mixin.py:188} INFO - [2025-12-07T15:18:56.755+0000] {dag.py:3823} INFO - Setting next_dagrun for example_short_circuit_decorator to 2025-12-06 00:00:00+00:00, run_after=2025-12-07 00:00:00+00:00
[2025-12-07T15:18:56.796+0000] {processor.py:183} INFO - Processing /home/airflow/.local/lib/python3.8/site-packages/airflow/example_dags/example_short_circuit_decorator.py took 0.154 seconds
[2025-12-07T15:19:26.865+0000] {processor.py:161} INFO - Started process (PID=1685) to work on /home/airflow/.local/lib/python3.8/site-packages/airflow/example_dags/example_short_circuit_decorator.py
[2025-12-07T15:19:26.866+0000] {processor.py:830} INFO - Processing file /home/airflow/.local/lib/python3.8/site-packages/airflow/example_dags/example_short_circuit_decorator.py for tasks to queue
[2025-12-07T15:19:26.869+0000] {logging_mixin.py:188} INFO - [2025-12-07T15:19:26.869+0000] {dagbag.py:538} INFO - Filling up the DagBag from /home/airflow/.local/lib/python3.8/site-packages/airflow/example_dags/example_short_circuit_decorator.py
[2025-12-07T15:19:26.883+0000] {processor.py:840} INFO - DAG(s) 'example_short_circuit_decorator' retrieved from /home/airflow/.local/lib/python3.8/site-packages/airflow/example_dags/example_short_circuit_decorator.py
[2025-12-07T15:19:26.922+0000] {logging_mixin.py:188} INFO - [2025-12-07T15:19:26.922+0000] {dag.py:3036} INFO - Sync 1 DAGs
[2025-12-07T15:19:26.954+0000] {logging_mixin.py:188} INFO - [2025-12-07T15:19:26.954+0000] {dag.py:3823} INFO - Setting next_dagrun for example_short_circuit_decorator to 2025-12-06 00:00:00+00:00, run_after=2025-12-07 00:00:00+00:00
[2025-12-07T15:19:26.987+0000] {processor.py:183} INFO - Processing /home/airflow/.local/lib/python3.8/site-packages/airflow/example_dags/example_short_circuit_decorator.py took 0.127 seconds
[2025-12-07T15:19:57.355+0000] {processor.py:161} INFO - Started process (PID=1744) to work on /home/airflow/.local/lib/python3.8/site-packages/airflow/example_dags/example_short_circuit_decorator.py
[2025-12-07T15:19:57.357+0000] {processor.py:830} INFO - Processing file /home/airflow/.local/lib/python3.8/site-packages/airflow/example_dags/example_short_circuit_decorator.py for tasks to queue
[2025-12-07T15:19:57.360+0000] {logging_mixin.py:188} INFO - [2025-12-07T15:19:57.359+0000] {dagbag.py:538} INFO - Filling up the DagBag from /home/airflow/.local/lib/python3.8/site-packages/airflow/example_dags/example_short_circuit_decorator.py
[2025-12-07T15:19:57.374+0000] {processor.py:840} INFO - DAG(s) 'example_short_circuit_decorator' retrieved from /home/airflow/.local/lib/python3.8/site-packages/airflow/example_dags/example_short_circuit_decorator.py
[2025-12-07T15:19:57.408+0000] {logging_mixin.py:188} INFO - [2025-12-07T15:19:57.407+0000] {dag.py:3036} INFO - Sync 1 DAGs
[2025-12-07T15:19:57.442+0000] {logging_mixin.py:188} INFO - [2025-12-07T15:19:57.442+0000] {dag.py:3823} INFO - Setting next_dagrun for example_short_circuit_decorator to 2025-12-06 00:00:00+00:00, run_after=2025-12-07 00:00:00+00:00
[2025-12-07T15:19:57.475+0000] {processor.py:183} INFO - Processing /home/airflow/.local/lib/python3.8/site-packages/airflow/example_dags/example_short_circuit_decorator.py took 0.125 seconds
[2025-12-07T15:20:27.628+0000] {processor.py:161} INFO - Started process (PID=1803) to work on /home/airflow/.local/lib/python3.8/site-packages/airflow/example_dags/example_short_circuit_decorator.py
[2025-12-07T15:20:27.629+0000] {processor.py:830} INFO - Processing file /home/airflow/.local/lib/python3.8/site-packages/airflow/example_dags/example_short_circuit_decorator.py for tasks to queue
[2025-12-07T15:20:27.632+0000] {logging_mixin.py:188} INFO - [2025-12-07T15:20:27.631+0000] {dagbag.py:538} INFO - Filling up the DagBag from /home/airflow/.local/lib/python3.8/site-packages/airflow/example_dags/example_short_circuit_decorator.py
[2025-12-07T15:20:27.643+0000] {processor.py:840} INFO - DAG(s) 'example_short_circuit_decorator' retrieved from /home/airflow/.local/lib/python3.8/site-packages/airflow/example_dags/example_short_circuit_decorator.py
[2025-12-07T15:20:27.673+0000] {logging_mixin.py:188} INFO - [2025-12-07T15:20:27.673+0000] {dag.py:3036} INFO - Sync 1 DAGs
[2025-12-07T15:20:27.704+0000] {logging_mixin.py:188} INFO - [2025-12-07T15:20:27.703+0000] {dag.py:3823} INFO - Setting next_dagrun for example_short_circuit_decorator to 2025-12-06 00:00:00+00:00, run_after=2025-12-07 00:00:00+00:00
[2025-12-07T15:20:27.735+0000] {processor.py:183} INFO - Processing /home/airflow/.local/lib/python3.8/site-packages/airflow/example_dags/example_short_circuit_decorator.py took 0.111 seconds
[2025-12-07T15:20:58.097+0000] {processor.py:161} INFO - Started process (PID=1862) to work on /home/airflow/.local/lib/python3.8/site-packages/airflow/example_dags/example_short_circuit_decorator.py
[2025-12-07T15:20:58.100+0000] {processor.py:830} INFO - Processing file /home/airflow/.local/lib/python3.8/site-packages/airflow/example_dags/example_short_circuit_decorator.py for tasks to queue
[2025-12-07T15:20:58.103+0000] {logging_mixin.py:188} INFO - [2025-12-07T15:20:58.102+0000] {dagbag.py:538} INFO - Filling up the DagBag from /home/airflow/.local/lib/python3.8/site-packages/airflow/example_dags/example_short_circuit_decorator.py
[2025-12-07T15:20:58.120+0000] {processor.py:840} INFO - DAG(s) 'example_short_circuit_decorator' retrieved from /home/airflow/.local/lib/python3.8/site-packages/airflow/example_dags/example_short_circuit_decorator.py
[2025-12-07T15:20:58.163+0000] {logging_mixin.py:188} INFO - [2025-12-07T15:20:58.163+0000] {dag.py:3036} INFO - Sync 1 DAGs
[2025-12-07T15:20:58.202+0000] {logging_mixin.py:188} INFO - [2025-12-07T15:20:58.202+0000] {dag.py:3823} INFO - Setting next_dagrun for example_short_circuit_decorator to 2025-12-06 00:00:00+00:00, run_after=2025-12-07 00:00:00+00:00
[2025-12-07T15:20:58.235+0000] {processor.py:183} INFO - Processing /home/airflow/.local/lib/python3.8/site-packages/airflow/example_dags/example_short_circuit_decorator.py took 0.148 seconds
[2025-12-07T15:21:28.367+0000] {processor.py:161} INFO - Started process (PID=1921) to work on /home/airflow/.local/lib/python3.8/site-packages/airflow/example_dags/example_short_circuit_decorator.py
[2025-12-07T15:21:28.369+0000] {processor.py:830} INFO - Processing file /home/airflow/.local/lib/python3.8/site-packages/airflow/example_dags/example_short_circuit_decorator.py for tasks to queue
[2025-12-07T15:21:28.372+0000] {logging_mixin.py:188} INFO - [2025-12-07T15:21:28.371+0000] {dagbag.py:538} INFO - Filling up the DagBag from /home/airflow/.local/lib/python3.8/site-packages/airflow/example_dags/example_short_circuit_decorator.py
[2025-12-07T15:21:28.386+0000] {processor.py:840} INFO - DAG(s) 'example_short_circuit_decorator' retrieved from /home/airflow/.local/lib/python3.8/site-packages/airflow/example_dags/example_short_circuit_decorator.py
[2025-12-07T15:21:28.419+0000] {logging_mixin.py:188} INFO - [2025-12-07T15:21:28.419+0000] {dag.py:3036} INFO - Sync 1 DAGs
[2025-12-07T15:21:28.448+0000] {logging_mixin.py:188} INFO - [2025-12-07T15:21:28.448+0000] {dag.py:3823} INFO - Setting next_dagrun for example_short_circuit_decorator to 2025-12-06 00:00:00+00:00, run_after=2025-12-07 00:00:00+00:00
[2025-12-07T15:21:28.483+0000] {processor.py:183} INFO - Processing /home/airflow/.local/lib/python3.8/site-packages/airflow/example_dags/example_short_circuit_decorator.py took 0.121 seconds
[2025-12-07T15:21:58.852+0000] {processor.py:161} INFO - Started process (PID=1980) to work on /home/airflow/.local/lib/python3.8/site-packages/airflow/example_dags/example_short_circuit_decorator.py
[2025-12-07T15:21:58.854+0000] {processor.py:830} INFO - Processing file /home/airflow/.local/lib/python3.8/site-packages/airflow/example_dags/example_short_circuit_decorator.py for tasks to queue
[2025-12-07T15:21:58.857+0000] {logging_mixin.py:188} INFO - [2025-12-07T15:21:58.857+0000] {dagbag.py:538} INFO - Filling up the DagBag from /home/airflow/.local/lib/python3.8/site-packages/airflow/example_dags/example_short_circuit_decorator.py
[2025-12-07T15:21:58.870+0000] {processor.py:840} INFO - DAG(s) 'example_short_circuit_decorator' retrieved from /home/airflow/.local/lib/python3.8/site-packages/airflow/example_dags/example_short_circuit_decorator.py
[2025-12-07T15:21:58.902+0000] {logging_mixin.py:188} INFO - [2025-12-07T15:21:58.902+0000] {dag.py:3036} INFO - Sync 1 DAGs
[2025-12-07T15:21:58.936+0000] {logging_mixin.py:188} INFO - [2025-12-07T15:21:58.935+0000] {dag.py:3823} INFO - Setting next_dagrun for example_short_circuit_decorator to 2025-12-06 00:00:00+00:00, run_after=2025-12-07 00:00:00+00:00
[2025-12-07T15:21:58.971+0000] {processor.py:183} INFO - Processing /home/airflow/.local/lib/python3.8/site-packages/airflow/example_dags/example_short_circuit_decorator.py took 0.125 seconds
[2025-12-07T15:22:29.489+0000] {processor.py:161} INFO - Started process (PID=2039) to work on /home/airflow/.local/lib/python3.8/site-packages/airflow/example_dags/example_short_circuit_decorator.py
[2025-12-07T15:22:29.491+0000] {processor.py:830} INFO - Processing file /home/airflow/.local/lib/python3.8/site-packages/airflow/example_dags/example_short_circuit_decorator.py for tasks to queue
[2025-12-07T15:22:29.495+0000] {logging_mixin.py:188} INFO - [2025-12-07T15:22:29.494+0000] {dagbag.py:538} INFO - Filling up the DagBag from /home/airflow/.local/lib/python3.8/site-packages/airflow/example_dags/example_short_circuit_decorator.py
[2025-12-07T15:22:29.512+0000] {processor.py:840} INFO - DAG(s) 'example_short_circuit_decorator' retrieved from /home/airflow/.local/lib/python3.8/site-packages/airflow/example_dags/example_short_circuit_decorator.py
[2025-12-07T15:22:29.551+0000] {logging_mixin.py:188} INFO - [2025-12-07T15:22:29.551+0000] {dag.py:3036} INFO - Sync 1 DAGs
[2025-12-07T15:22:29.587+0000] {logging_mixin.py:188} INFO - [2025-12-07T15:22:29.587+0000] {dag.py:3823} INFO - Setting next_dagrun for example_short_circuit_decorator to 2025-12-06 00:00:00+00:00, run_after=2025-12-07 00:00:00+00:00
[2025-12-07T15:22:29.618+0000] {processor.py:183} INFO - Processing /home/airflow/.local/lib/python3.8/site-packages/airflow/example_dags/example_short_circuit_decorator.py took 0.138 seconds
[2025-12-07T15:22:59.834+0000] {processor.py:161} INFO - Started process (PID=2098) to work on /home/airflow/.local/lib/python3.8/site-packages/airflow/example_dags/example_short_circuit_decorator.py
[2025-12-07T15:22:59.836+0000] {processor.py:830} INFO - Processing file /home/airflow/.local/lib/python3.8/site-packages/airflow/example_dags/example_short_circuit_decorator.py for tasks to queue
[2025-12-07T15:22:59.839+0000] {logging_mixin.py:188} INFO - [2025-12-07T15:22:59.838+0000] {dagbag.py:538} INFO - Filling up the DagBag from /home/airflow/.local/lib/python3.8/site-packages/airflow/example_dags/example_short_circuit_decorator.py
[2025-12-07T15:22:59.852+0000] {processor.py:840} INFO - DAG(s) 'example_short_circuit_decorator' retrieved from /home/airflow/.local/lib/python3.8/site-packages/airflow/example_dags/example_short_circuit_decorator.py
[2025-12-07T15:22:59.889+0000] {logging_mixin.py:188} INFO - [2025-12-07T15:22:59.889+0000] {dag.py:3036} INFO - Sync 1 DAGs
[2025-12-07T15:22:59.920+0000] {logging_mixin.py:188} INFO - [2025-12-07T15:22:59.920+0000] {dag.py:3823} INFO - Setting next_dagrun for example_short_circuit_decorator to 2025-12-06 00:00:00+00:00, run_after=2025-12-07 00:00:00+00:00
[2025-12-07T15:22:59.953+0000] {processor.py:183} INFO - Processing /home/airflow/.local/lib/python3.8/site-packages/airflow/example_dags/example_short_circuit_decorator.py took 0.125 seconds
[2025-12-07T15:23:30.365+0000] {processor.py:161} INFO - Started process (PID=2157) to work on /home/airflow/.local/lib/python3.8/site-packages/airflow/example_dags/example_short_circuit_decorator.py
[2025-12-07T15:23:30.366+0000] {processor.py:830} INFO - Processing file /home/airflow/.local/lib/python3.8/site-packages/airflow/example_dags/example_short_circuit_decorator.py for tasks to queue
[2025-12-07T15:23:30.370+0000] {logging_mixin.py:188} INFO - [2025-12-07T15:23:30.369+0000] {dagbag.py:538} INFO - Filling up the DagBag from /home/airflow/.local/lib/python3.8/site-packages/airflow/example_dags/example_short_circuit_decorator.py
[2025-12-07T15:23:30.384+0000] {processor.py:840} INFO - DAG(s) 'example_short_circuit_decorator' retrieved from /home/airflow/.local/lib/python3.8/site-packages/airflow/example_dags/example_short_circuit_decorator.py
[2025-12-07T15:23:30.424+0000] {logging_mixin.py:188} INFO - [2025-12-07T15:23:30.424+0000] {dag.py:3036} INFO - Sync 1 DAGs
[2025-12-07T15:23:30.458+0000] {logging_mixin.py:188} INFO - [2025-12-07T15:23:30.458+0000] {dag.py:3823} INFO - Setting next_dagrun for example_short_circuit_decorator to 2025-12-06 00:00:00+00:00, run_after=2025-12-07 00:00:00+00:00
[2025-12-07T15:23:30.497+0000] {processor.py:183} INFO - Processing /home/airflow/.local/lib/python3.8/site-packages/airflow/example_dags/example_short_circuit_decorator.py took 0.136 seconds
[2025-12-07T15:24:00.670+0000] {processor.py:161} INFO - Started process (PID=2216) to work on /home/airflow/.local/lib/python3.8/site-packages/airflow/example_dags/example_short_circuit_decorator.py
[2025-12-07T15:24:00.672+0000] {processor.py:830} INFO - Processing file /home/airflow/.local/lib/python3.8/site-packages/airflow/example_dags/example_short_circuit_decorator.py for tasks to queue
[2025-12-07T15:24:00.674+0000] {logging_mixin.py:188} INFO - [2025-12-07T15:24:00.674+0000] {dagbag.py:538} INFO - Filling up the DagBag from /home/airflow/.local/lib/python3.8/site-packages/airflow/example_dags/example_short_circuit_decorator.py
[2025-12-07T15:24:00.687+0000] {processor.py:840} INFO - DAG(s) 'example_short_circuit_decorator' retrieved from /home/airflow/.local/lib/python3.8/site-packages/airflow/example_dags/example_short_circuit_decorator.py
[2025-12-07T15:24:00.729+0000] {logging_mixin.py:188} INFO - [2025-12-07T15:24:00.729+0000] {dag.py:3036} INFO - Sync 1 DAGs
[2025-12-07T15:24:00.764+0000] {logging_mixin.py:188} INFO - [2025-12-07T15:24:00.764+0000] {dag.py:3823} INFO - Setting next_dagrun for example_short_circuit_decorator to 2025-12-06 00:00:00+00:00, run_after=2025-12-07 00:00:00+00:00
[2025-12-07T15:24:00.798+0000] {processor.py:183} INFO - Processing /home/airflow/.local/lib/python3.8/site-packages/airflow/example_dags/example_short_circuit_decorator.py took 0.134 seconds
[2025-12-07T15:24:31.482+0000] {processor.py:161} INFO - Started process (PID=2273) to work on /home/airflow/.local/lib/python3.8/site-packages/airflow/example_dags/example_short_circuit_decorator.py
[2025-12-07T15:24:31.484+0000] {processor.py:830} INFO - Processing file /home/airflow/.local/lib/python3.8/site-packages/airflow/example_dags/example_short_circuit_decorator.py for tasks to queue
[2025-12-07T15:24:31.486+0000] {logging_mixin.py:188} INFO - [2025-12-07T15:24:31.486+0000] {dagbag.py:538} INFO - Filling up the DagBag from /home/airflow/.local/lib/python3.8/site-packages/airflow/example_dags/example_short_circuit_decorator.py
[2025-12-07T15:24:31.498+0000] {processor.py:840} INFO - DAG(s) 'example_short_circuit_decorator' retrieved from /home/airflow/.local/lib/python3.8/site-packages/airflow/example_dags/example_short_circuit_decorator.py
[2025-12-07T15:24:31.529+0000] {logging_mixin.py:188} INFO - [2025-12-07T15:24:31.529+0000] {dag.py:3036} INFO - Sync 1 DAGs
[2025-12-07T15:24:31.557+0000] {logging_mixin.py:188} INFO - [2025-12-07T15:24:31.557+0000] {dag.py:3823} INFO - Setting next_dagrun for example_short_circuit_decorator to 2025-12-06 00:00:00+00:00, run_after=2025-12-07 00:00:00+00:00
[2025-12-07T15:24:31.593+0000] {processor.py:183} INFO - Processing /home/airflow/.local/lib/python3.8/site-packages/airflow/example_dags/example_short_circuit_decorator.py took 0.116 seconds
[2025-12-07T15:25:02.224+0000] {processor.py:161} INFO - Started process (PID=2332) to work on /home/airflow/.local/lib/python3.8/site-packages/airflow/example_dags/example_short_circuit_decorator.py
[2025-12-07T15:25:02.225+0000] {processor.py:830} INFO - Processing file /home/airflow/.local/lib/python3.8/site-packages/airflow/example_dags/example_short_circuit_decorator.py for tasks to queue
[2025-12-07T15:25:02.232+0000] {logging_mixin.py:188} INFO - [2025-12-07T15:25:02.231+0000] {dagbag.py:538} INFO - Filling up the DagBag from /home/airflow/.local/lib/python3.8/site-packages/airflow/example_dags/example_short_circuit_decorator.py
[2025-12-07T15:25:02.257+0000] {processor.py:840} INFO - DAG(s) 'example_short_circuit_decorator' retrieved from /home/airflow/.local/lib/python3.8/site-packages/airflow/example_dags/example_short_circuit_decorator.py
[2025-12-07T15:25:02.315+0000] {logging_mixin.py:188} INFO - [2025-12-07T15:25:02.315+0000] {dag.py:3036} INFO - Sync 1 DAGs
[2025-12-07T15:25:02.360+0000] {logging_mixin.py:188} INFO - [2025-12-07T15:25:02.359+0000] {dag.py:3823} INFO - Setting next_dagrun for example_short_circuit_decorator to 2025-12-06 00:00:00+00:00, run_after=2025-12-07 00:00:00+00:00
[2025-12-07T15:25:02.411+0000] {processor.py:183} INFO - Processing /home/airflow/.local/lib/python3.8/site-packages/airflow/example_dags/example_short_circuit_decorator.py took 0.192 seconds
[2025-12-07T15:25:32.655+0000] {processor.py:161} INFO - Started process (PID=2391) to work on /home/airflow/.local/lib/python3.8/site-packages/airflow/example_dags/example_short_circuit_decorator.py
[2025-12-07T15:25:32.657+0000] {processor.py:830} INFO - Processing file /home/airflow/.local/lib/python3.8/site-packages/airflow/example_dags/example_short_circuit_decorator.py for tasks to queue
[2025-12-07T15:25:32.660+0000] {logging_mixin.py:188} INFO - [2025-12-07T15:25:32.660+0000] {dagbag.py:538} INFO - Filling up the DagBag from /home/airflow/.local/lib/python3.8/site-packages/airflow/example_dags/example_short_circuit_decorator.py
[2025-12-07T15:25:32.672+0000] {processor.py:840} INFO - DAG(s) 'example_short_circuit_decorator' retrieved from /home/airflow/.local/lib/python3.8/site-packages/airflow/example_dags/example_short_circuit_decorator.py
[2025-12-07T15:25:32.709+0000] {logging_mixin.py:188} INFO - [2025-12-07T15:25:32.709+0000] {dag.py:3036} INFO - Sync 1 DAGs
[2025-12-07T15:25:32.738+0000] {logging_mixin.py:188} INFO - [2025-12-07T15:25:32.738+0000] {dag.py:3823} INFO - Setting next_dagrun for example_short_circuit_decorator to 2025-12-06 00:00:00+00:00, run_after=2025-12-07 00:00:00+00:00
[2025-12-07T15:25:32.771+0000] {processor.py:183} INFO - Processing /home/airflow/.local/lib/python3.8/site-packages/airflow/example_dags/example_short_circuit_decorator.py took 0.121 seconds
[2025-12-07T15:26:02.993+0000] {processor.py:161} INFO - Started process (PID=2450) to work on /home/airflow/.local/lib/python3.8/site-packages/airflow/example_dags/example_short_circuit_decorator.py
[2025-12-07T15:26:02.995+0000] {processor.py:830} INFO - Processing file /home/airflow/.local/lib/python3.8/site-packages/airflow/example_dags/example_short_circuit_decorator.py for tasks to queue
[2025-12-07T15:26:02.998+0000] {logging_mixin.py:188} INFO - [2025-12-07T15:26:02.997+0000] {dagbag.py:538} INFO - Filling up the DagBag from /home/airflow/.local/lib/python3.8/site-packages/airflow/example_dags/example_short_circuit_decorator.py
[2025-12-07T15:26:03.010+0000] {processor.py:840} INFO - DAG(s) 'example_short_circuit_decorator' retrieved from /home/airflow/.local/lib/python3.8/site-packages/airflow/example_dags/example_short_circuit_decorator.py
[2025-12-07T15:26:03.051+0000] {logging_mixin.py:188} INFO - [2025-12-07T15:26:03.050+0000] {dag.py:3036} INFO - Sync 1 DAGs
[2025-12-07T15:26:03.081+0000] {logging_mixin.py:188} INFO - [2025-12-07T15:26:03.081+0000] {dag.py:3823} INFO - Setting next_dagrun for example_short_circuit_decorator to 2025-12-06 00:00:00+00:00, run_after=2025-12-07 00:00:00+00:00
[2025-12-07T15:26:03.115+0000] {processor.py:183} INFO - Processing /home/airflow/.local/lib/python3.8/site-packages/airflow/example_dags/example_short_circuit_decorator.py took 0.129 seconds
[2025-12-07T15:26:33.722+0000] {processor.py:161} INFO - Started process (PID=2509) to work on /home/airflow/.local/lib/python3.8/site-packages/airflow/example_dags/example_short_circuit_decorator.py
[2025-12-07T15:26:33.724+0000] {processor.py:830} INFO - Processing file /home/airflow/.local/lib/python3.8/site-packages/airflow/example_dags/example_short_circuit_decorator.py for tasks to queue
[2025-12-07T15:26:33.729+0000] {logging_mixin.py:188} INFO - [2025-12-07T15:26:33.729+0000] {dagbag.py:538} INFO - Filling up the DagBag from /home/airflow/.local/lib/python3.8/site-packages/airflow/example_dags/example_short_circuit_decorator.py
[2025-12-07T15:26:33.742+0000] {processor.py:840} INFO - DAG(s) 'example_short_circuit_decorator' retrieved from /home/airflow/.local/lib/python3.8/site-packages/airflow/example_dags/example_short_circuit_decorator.py
[2025-12-07T15:26:33.778+0000] {logging_mixin.py:188} INFO - [2025-12-07T15:26:33.777+0000] {dag.py:3036} INFO - Sync 1 DAGs
[2025-12-07T15:26:33.810+0000] {logging_mixin.py:188} INFO - [2025-12-07T15:26:33.809+0000] {dag.py:3823} INFO - Setting next_dagrun for example_short_circuit_decorator to 2025-12-06 00:00:00+00:00, run_after=2025-12-07 00:00:00+00:00
[2025-12-07T15:26:33.843+0000] {processor.py:183} INFO - Processing /home/airflow/.local/lib/python3.8/site-packages/airflow/example_dags/example_short_circuit_decorator.py took 0.126 seconds
[2025-12-07T15:27:03.984+0000] {processor.py:161} INFO - Started process (PID=2568) to work on /home/airflow/.local/lib/python3.8/site-packages/airflow/example_dags/example_short_circuit_decorator.py
[2025-12-07T15:27:03.986+0000] {processor.py:830} INFO - Processing file /home/airflow/.local/lib/python3.8/site-packages/airflow/example_dags/example_short_circuit_decorator.py for tasks to queue
[2025-12-07T15:27:03.989+0000] {logging_mixin.py:188} INFO - [2025-12-07T15:27:03.988+0000] {dagbag.py:538} INFO - Filling up the DagBag from /home/airflow/.local/lib/python3.8/site-packages/airflow/example_dags/example_short_circuit_decorator.py
[2025-12-07T15:27:04.001+0000] {processor.py:840} INFO - DAG(s) 'example_short_circuit_decorator' retrieved from /home/airflow/.local/lib/python3.8/site-packages/airflow/example_dags/example_short_circuit_decorator.py
[2025-12-07T15:27:04.036+0000] {logging_mixin.py:188} INFO - [2025-12-07T15:27:04.035+0000] {dag.py:3036} INFO - Sync 1 DAGs
[2025-12-07T15:27:04.068+0000] {logging_mixin.py:188} INFO - [2025-12-07T15:27:04.068+0000] {dag.py:3823} INFO - Setting next_dagrun for example_short_circuit_decorator to 2025-12-06 00:00:00+00:00, run_after=2025-12-07 00:00:00+00:00
[2025-12-07T15:27:04.102+0000] {processor.py:183} INFO - Processing /home/airflow/.local/lib/python3.8/site-packages/airflow/example_dags/example_short_circuit_decorator.py took 0.124 seconds
[2025-12-07T15:27:34.518+0000] {processor.py:161} INFO - Started process (PID=2627) to work on /home/airflow/.local/lib/python3.8/site-packages/airflow/example_dags/example_short_circuit_decorator.py
[2025-12-07T15:27:34.519+0000] {processor.py:830} INFO - Processing file /home/airflow/.local/lib/python3.8/site-packages/airflow/example_dags/example_short_circuit_decorator.py for tasks to queue
[2025-12-07T15:27:34.522+0000] {logging_mixin.py:188} INFO - [2025-12-07T15:27:34.521+0000] {dagbag.py:538} INFO - Filling up the DagBag from /home/airflow/.local/lib/python3.8/site-packages/airflow/example_dags/example_short_circuit_decorator.py
[2025-12-07T15:27:34.533+0000] {processor.py:840} INFO - DAG(s) 'example_short_circuit_decorator' retrieved from /home/airflow/.local/lib/python3.8/site-packages/airflow/example_dags/example_short_circuit_decorator.py
[2025-12-07T15:27:34.565+0000] {logging_mixin.py:188} INFO - [2025-12-07T15:27:34.565+0000] {dag.py:3036} INFO - Sync 1 DAGs
[2025-12-07T15:27:34.598+0000] {logging_mixin.py:188} INFO - [2025-12-07T15:27:34.597+0000] {dag.py:3823} INFO - Setting next_dagrun for example_short_circuit_decorator to 2025-12-06 00:00:00+00:00, run_after=2025-12-07 00:00:00+00:00
[2025-12-07T15:27:34.787+0000] {processor.py:183} INFO - Processing /home/airflow/.local/lib/python3.8/site-packages/airflow/example_dags/example_short_circuit_decorator.py took 0.273 seconds
[2025-12-07T15:28:04.869+0000] {processor.py:161} INFO - Started process (PID=2687) to work on /home/airflow/.local/lib/python3.8/site-packages/airflow/example_dags/example_short_circuit_decorator.py
[2025-12-07T15:28:04.871+0000] {processor.py:830} INFO - Processing file /home/airflow/.local/lib/python3.8/site-packages/airflow/example_dags/example_short_circuit_decorator.py for tasks to queue
[2025-12-07T15:28:04.873+0000] {logging_mixin.py:188} INFO - [2025-12-07T15:28:04.873+0000] {dagbag.py:538} INFO - Filling up the DagBag from /home/airflow/.local/lib/python3.8/site-packages/airflow/example_dags/example_short_circuit_decorator.py
[2025-12-07T15:28:04.894+0000] {processor.py:840} INFO - DAG(s) 'example_short_circuit_decorator' retrieved from /home/airflow/.local/lib/python3.8/site-packages/airflow/example_dags/example_short_circuit_decorator.py
[2025-12-07T15:28:04.936+0000] {logging_mixin.py:188} INFO - [2025-12-07T15:28:04.936+0000] {dag.py:3036} INFO - Sync 1 DAGs
[2025-12-07T15:28:04.988+0000] {logging_mixin.py:188} INFO - [2025-12-07T15:28:04.988+0000] {dag.py:3823} INFO - Setting next_dagrun for example_short_circuit_decorator to 2025-12-06 00:00:00+00:00, run_after=2025-12-07 00:00:00+00:00
[2025-12-07T15:28:05.200+0000] {processor.py:183} INFO - Processing /home/airflow/.local/lib/python3.8/site-packages/airflow/example_dags/example_short_circuit_decorator.py took 0.336 seconds
[2025-12-07T15:28:35.250+0000] {processor.py:161} INFO - Started process (PID=2745) to work on /home/airflow/.local/lib/python3.8/site-packages/airflow/example_dags/example_short_circuit_decorator.py
[2025-12-07T15:28:35.252+0000] {processor.py:830} INFO - Processing file /home/airflow/.local/lib/python3.8/site-packages/airflow/example_dags/example_short_circuit_decorator.py for tasks to queue
[2025-12-07T15:28:35.256+0000] {logging_mixin.py:188} INFO - [2025-12-07T15:28:35.255+0000] {dagbag.py:538} INFO - Filling up the DagBag from /home/airflow/.local/lib/python3.8/site-packages/airflow/example_dags/example_short_circuit_decorator.py
[2025-12-07T15:28:35.267+0000] {processor.py:840} INFO - DAG(s) 'example_short_circuit_decorator' retrieved from /home/airflow/.local/lib/python3.8/site-packages/airflow/example_dags/example_short_circuit_decorator.py
[2025-12-07T15:28:35.306+0000] {logging_mixin.py:188} INFO - [2025-12-07T15:28:35.305+0000] {dag.py:3036} INFO - Sync 1 DAGs
[2025-12-07T15:28:35.338+0000] {logging_mixin.py:188} INFO - [2025-12-07T15:28:35.338+0000] {dag.py:3823} INFO - Setting next_dagrun for example_short_circuit_decorator to 2025-12-06 00:00:00+00:00, run_after=2025-12-07 00:00:00+00:00
[2025-12-07T15:28:35.369+0000] {processor.py:183} INFO - Processing /home/airflow/.local/lib/python3.8/site-packages/airflow/example_dags/example_short_circuit_decorator.py took 0.123 seconds
[2025-12-07T15:29:05.788+0000] {processor.py:161} INFO - Started process (PID=2804) to work on /home/airflow/.local/lib/python3.8/site-packages/airflow/example_dags/example_short_circuit_decorator.py
[2025-12-07T15:29:05.790+0000] {processor.py:830} INFO - Processing file /home/airflow/.local/lib/python3.8/site-packages/airflow/example_dags/example_short_circuit_decorator.py for tasks to queue
[2025-12-07T15:29:05.793+0000] {logging_mixin.py:188} INFO - [2025-12-07T15:29:05.792+0000] {dagbag.py:538} INFO - Filling up the DagBag from /home/airflow/.local/lib/python3.8/site-packages/airflow/example_dags/example_short_circuit_decorator.py
[2025-12-07T15:29:05.805+0000] {processor.py:840} INFO - DAG(s) 'example_short_circuit_decorator' retrieved from /home/airflow/.local/lib/python3.8/site-packages/airflow/example_dags/example_short_circuit_decorator.py
[2025-12-07T15:29:05.838+0000] {logging_mixin.py:188} INFO - [2025-12-07T15:29:05.837+0000] {dag.py:3036} INFO - Sync 1 DAGs
[2025-12-07T15:29:05.865+0000] {logging_mixin.py:188} INFO - [2025-12-07T15:29:05.865+0000] {dag.py:3823} INFO - Setting next_dagrun for example_short_circuit_decorator to 2025-12-06 00:00:00+00:00, run_after=2025-12-07 00:00:00+00:00
[2025-12-07T15:29:05.894+0000] {processor.py:183} INFO - Processing /home/airflow/.local/lib/python3.8/site-packages/airflow/example_dags/example_short_circuit_decorator.py took 0.113 seconds
[2025-12-07T15:29:36.268+0000] {processor.py:161} INFO - Started process (PID=2863) to work on /home/airflow/.local/lib/python3.8/site-packages/airflow/example_dags/example_short_circuit_decorator.py
[2025-12-07T15:29:36.270+0000] {processor.py:830} INFO - Processing file /home/airflow/.local/lib/python3.8/site-packages/airflow/example_dags/example_short_circuit_decorator.py for tasks to queue
[2025-12-07T15:29:36.273+0000] {logging_mixin.py:188} INFO - [2025-12-07T15:29:36.272+0000] {dagbag.py:538} INFO - Filling up the DagBag from /home/airflow/.local/lib/python3.8/site-packages/airflow/example_dags/example_short_circuit_decorator.py
[2025-12-07T15:29:36.286+0000] {processor.py:840} INFO - DAG(s) 'example_short_circuit_decorator' retrieved from /home/airflow/.local/lib/python3.8/site-packages/airflow/example_dags/example_short_circuit_decorator.py
[2025-12-07T15:29:36.326+0000] {logging_mixin.py:188} INFO - [2025-12-07T15:29:36.325+0000] {dag.py:3036} INFO - Sync 1 DAGs
[2025-12-07T15:29:36.361+0000] {logging_mixin.py:188} INFO - [2025-12-07T15:29:36.361+0000] {dag.py:3823} INFO - Setting next_dagrun for example_short_circuit_decorator to 2025-12-06 00:00:00+00:00, run_after=2025-12-07 00:00:00+00:00
[2025-12-07T15:29:36.392+0000] {processor.py:183} INFO - Processing /home/airflow/.local/lib/python3.8/site-packages/airflow/example_dags/example_short_circuit_decorator.py took 0.129 seconds
[2025-12-07T15:30:06.767+0000] {processor.py:161} INFO - Started process (PID=2922) to work on /home/airflow/.local/lib/python3.8/site-packages/airflow/example_dags/example_short_circuit_decorator.py
[2025-12-07T15:30:06.769+0000] {processor.py:830} INFO - Processing file /home/airflow/.local/lib/python3.8/site-packages/airflow/example_dags/example_short_circuit_decorator.py for tasks to queue
[2025-12-07T15:30:06.773+0000] {logging_mixin.py:188} INFO - [2025-12-07T15:30:06.772+0000] {dagbag.py:538} INFO - Filling up the DagBag from /home/airflow/.local/lib/python3.8/site-packages/airflow/example_dags/example_short_circuit_decorator.py
[2025-12-07T15:30:06.784+0000] {processor.py:840} INFO - DAG(s) 'example_short_circuit_decorator' retrieved from /home/airflow/.local/lib/python3.8/site-packages/airflow/example_dags/example_short_circuit_decorator.py
[2025-12-07T15:30:06.821+0000] {logging_mixin.py:188} INFO - [2025-12-07T15:30:06.821+0000] {dag.py:3036} INFO - Sync 1 DAGs
[2025-12-07T15:30:06.857+0000] {logging_mixin.py:188} INFO - [2025-12-07T15:30:06.856+0000] {dag.py:3823} INFO - Setting next_dagrun for example_short_circuit_decorator to 2025-12-06 00:00:00+00:00, run_after=2025-12-07 00:00:00+00:00
[2025-12-07T15:30:06.886+0000] {processor.py:183} INFO - Processing /home/airflow/.local/lib/python3.8/site-packages/airflow/example_dags/example_short_circuit_decorator.py took 0.124 seconds
[2025-12-07T15:30:37.479+0000] {processor.py:161} INFO - Started process (PID=2982) to work on /home/airflow/.local/lib/python3.8/site-packages/airflow/example_dags/example_short_circuit_decorator.py
[2025-12-07T15:30:37.481+0000] {processor.py:830} INFO - Processing file /home/airflow/.local/lib/python3.8/site-packages/airflow/example_dags/example_short_circuit_decorator.py for tasks to queue
[2025-12-07T15:30:37.484+0000] {logging_mixin.py:188} INFO - [2025-12-07T15:30:37.483+0000] {dagbag.py:538} INFO - Filling up the DagBag from /home/airflow/.local/lib/python3.8/site-packages/airflow/example_dags/example_short_circuit_decorator.py
[2025-12-07T15:30:37.494+0000] {processor.py:840} INFO - DAG(s) 'example_short_circuit_decorator' retrieved from /home/airflow/.local/lib/python3.8/site-packages/airflow/example_dags/example_short_circuit_decorator.py
[2025-12-07T15:30:37.527+0000] {logging_mixin.py:188} INFO - [2025-12-07T15:30:37.527+0000] {dag.py:3036} INFO - Sync 1 DAGs
[2025-12-07T15:30:37.560+0000] {logging_mixin.py:188} INFO - [2025-12-07T15:30:37.560+0000] {dag.py:3823} INFO - Setting next_dagrun for example_short_circuit_decorator to 2025-12-06 00:00:00+00:00, run_after=2025-12-07 00:00:00+00:00
[2025-12-07T15:30:37.596+0000] {processor.py:183} INFO - Processing /home/airflow/.local/lib/python3.8/site-packages/airflow/example_dags/example_short_circuit_decorator.py took 0.121 seconds
[2025-12-07T15:31:07.849+0000] {processor.py:161} INFO - Started process (PID=3041) to work on /home/airflow/.local/lib/python3.8/site-packages/airflow/example_dags/example_short_circuit_decorator.py
[2025-12-07T15:31:07.850+0000] {processor.py:830} INFO - Processing file /home/airflow/.local/lib/python3.8/site-packages/airflow/example_dags/example_short_circuit_decorator.py for tasks to queue
[2025-12-07T15:31:07.852+0000] {logging_mixin.py:188} INFO - [2025-12-07T15:31:07.852+0000] {dagbag.py:538} INFO - Filling up the DagBag from /home/airflow/.local/lib/python3.8/site-packages/airflow/example_dags/example_short_circuit_decorator.py
[2025-12-07T15:31:07.862+0000] {processor.py:840} INFO - DAG(s) 'example_short_circuit_decorator' retrieved from /home/airflow/.local/lib/python3.8/site-packages/airflow/example_dags/example_short_circuit_decorator.py
[2025-12-07T15:31:07.894+0000] {logging_mixin.py:188} INFO - [2025-12-07T15:31:07.894+0000] {dag.py:3036} INFO - Sync 1 DAGs
[2025-12-07T15:31:08.075+0000] {logging_mixin.py:188} INFO - [2025-12-07T15:31:08.074+0000] {dag.py:3823} INFO - Setting next_dagrun for example_short_circuit_decorator to 2025-12-06 00:00:00+00:00, run_after=2025-12-07 00:00:00+00:00
[2025-12-07T15:31:08.104+0000] {processor.py:183} INFO - Processing /home/airflow/.local/lib/python3.8/site-packages/airflow/example_dags/example_short_circuit_decorator.py took 0.259 seconds
[2025-12-07T15:31:38.231+0000] {processor.py:161} INFO - Started process (PID=3100) to work on /home/airflow/.local/lib/python3.8/site-packages/airflow/example_dags/example_short_circuit_decorator.py
[2025-12-07T15:31:38.232+0000] {processor.py:830} INFO - Processing file /home/airflow/.local/lib/python3.8/site-packages/airflow/example_dags/example_short_circuit_decorator.py for tasks to queue
[2025-12-07T15:31:38.236+0000] {logging_mixin.py:188} INFO - [2025-12-07T15:31:38.235+0000] {dagbag.py:538} INFO - Filling up the DagBag from /home/airflow/.local/lib/python3.8/site-packages/airflow/example_dags/example_short_circuit_decorator.py
[2025-12-07T15:31:38.249+0000] {processor.py:840} INFO - DAG(s) 'example_short_circuit_decorator' retrieved from /home/airflow/.local/lib/python3.8/site-packages/airflow/example_dags/example_short_circuit_decorator.py
[2025-12-07T15:31:38.282+0000] {logging_mixin.py:188} INFO - [2025-12-07T15:31:38.282+0000] {dag.py:3036} INFO - Sync 1 DAGs
[2025-12-07T15:31:38.314+0000] {logging_mixin.py:188} INFO - [2025-12-07T15:31:38.314+0000] {dag.py:3823} INFO - Setting next_dagrun for example_short_circuit_decorator to 2025-12-06 00:00:00+00:00, run_after=2025-12-07 00:00:00+00:00
[2025-12-07T15:31:38.343+0000] {processor.py:183} INFO - Processing /home/airflow/.local/lib/python3.8/site-packages/airflow/example_dags/example_short_circuit_decorator.py took 0.118 seconds
[2025-12-07T15:32:08.484+0000] {processor.py:161} INFO - Started process (PID=3159) to work on /home/airflow/.local/lib/python3.8/site-packages/airflow/example_dags/example_short_circuit_decorator.py
[2025-12-07T15:32:08.485+0000] {processor.py:830} INFO - Processing file /home/airflow/.local/lib/python3.8/site-packages/airflow/example_dags/example_short_circuit_decorator.py for tasks to queue
[2025-12-07T15:32:08.489+0000] {logging_mixin.py:188} INFO - [2025-12-07T15:32:08.488+0000] {dagbag.py:538} INFO - Filling up the DagBag from /home/airflow/.local/lib/python3.8/site-packages/airflow/example_dags/example_short_circuit_decorator.py
[2025-12-07T15:32:08.504+0000] {processor.py:840} INFO - DAG(s) 'example_short_circuit_decorator' retrieved from /home/airflow/.local/lib/python3.8/site-packages/airflow/example_dags/example_short_circuit_decorator.py
[2025-12-07T15:32:08.540+0000] {logging_mixin.py:188} INFO - [2025-12-07T15:32:08.539+0000] {dag.py:3036} INFO - Sync 1 DAGs
[2025-12-07T15:32:08.571+0000] {logging_mixin.py:188} INFO - [2025-12-07T15:32:08.570+0000] {dag.py:3823} INFO - Setting next_dagrun for example_short_circuit_decorator to 2025-12-06 00:00:00+00:00, run_after=2025-12-07 00:00:00+00:00
[2025-12-07T15:32:08.601+0000] {processor.py:183} INFO - Processing /home/airflow/.local/lib/python3.8/site-packages/airflow/example_dags/example_short_circuit_decorator.py took 0.123 seconds
[2025-12-07T15:32:38.795+0000] {processor.py:161} INFO - Started process (PID=3218) to work on /home/airflow/.local/lib/python3.8/site-packages/airflow/example_dags/example_short_circuit_decorator.py
[2025-12-07T15:32:38.797+0000] {processor.py:830} INFO - Processing file /home/airflow/.local/lib/python3.8/site-packages/airflow/example_dags/example_short_circuit_decorator.py for tasks to queue
[2025-12-07T15:32:38.799+0000] {logging_mixin.py:188} INFO - [2025-12-07T15:32:38.799+0000] {dagbag.py:538} INFO - Filling up the DagBag from /home/airflow/.local/lib/python3.8/site-packages/airflow/example_dags/example_short_circuit_decorator.py
[2025-12-07T15:32:38.811+0000] {processor.py:840} INFO - DAG(s) 'example_short_circuit_decorator' retrieved from /home/airflow/.local/lib/python3.8/site-packages/airflow/example_dags/example_short_circuit_decorator.py
[2025-12-07T15:32:38.846+0000] {logging_mixin.py:188} INFO - [2025-12-07T15:32:38.846+0000] {dag.py:3036} INFO - Sync 1 DAGs
[2025-12-07T15:32:38.874+0000] {logging_mixin.py:188} INFO - [2025-12-07T15:32:38.873+0000] {dag.py:3823} INFO - Setting next_dagrun for example_short_circuit_decorator to 2025-12-06 00:00:00+00:00, run_after=2025-12-07 00:00:00+00:00
[2025-12-07T15:32:38.902+0000] {processor.py:183} INFO - Processing /home/airflow/.local/lib/python3.8/site-packages/airflow/example_dags/example_short_circuit_decorator.py took 0.113 seconds
[2025-12-07T15:33:09.793+0000] {processor.py:161} INFO - Started process (PID=3277) to work on /home/airflow/.local/lib/python3.8/site-packages/airflow/example_dags/example_short_circuit_decorator.py
[2025-12-07T15:33:09.794+0000] {processor.py:830} INFO - Processing file /home/airflow/.local/lib/python3.8/site-packages/airflow/example_dags/example_short_circuit_decorator.py for tasks to queue
[2025-12-07T15:33:09.797+0000] {logging_mixin.py:188} INFO - [2025-12-07T15:33:09.797+0000] {dagbag.py:538} INFO - Filling up the DagBag from /home/airflow/.local/lib/python3.8/site-packages/airflow/example_dags/example_short_circuit_decorator.py
[2025-12-07T15:33:09.809+0000] {processor.py:840} INFO - DAG(s) 'example_short_circuit_decorator' retrieved from /home/airflow/.local/lib/python3.8/site-packages/airflow/example_dags/example_short_circuit_decorator.py
[2025-12-07T15:33:09.845+0000] {logging_mixin.py:188} INFO - [2025-12-07T15:33:09.844+0000] {dag.py:3036} INFO - Sync 1 DAGs
[2025-12-07T15:33:09.876+0000] {logging_mixin.py:188} INFO - [2025-12-07T15:33:09.875+0000] {dag.py:3823} INFO - Setting next_dagrun for example_short_circuit_decorator to 2025-12-06 00:00:00+00:00, run_after=2025-12-07 00:00:00+00:00
[2025-12-07T15:33:09.903+0000] {processor.py:183} INFO - Processing /home/airflow/.local/lib/python3.8/site-packages/airflow/example_dags/example_short_circuit_decorator.py took 0.114 seconds
[2025-12-07T15:33:40.517+0000] {processor.py:161} INFO - Started process (PID=3336) to work on /home/airflow/.local/lib/python3.8/site-packages/airflow/example_dags/example_short_circuit_decorator.py
[2025-12-07T15:33:40.520+0000] {processor.py:830} INFO - Processing file /home/airflow/.local/lib/python3.8/site-packages/airflow/example_dags/example_short_circuit_decorator.py for tasks to queue
[2025-12-07T15:33:40.526+0000] {logging_mixin.py:188} INFO - [2025-12-07T15:33:40.525+0000] {dagbag.py:538} INFO - Filling up the DagBag from /home/airflow/.local/lib/python3.8/site-packages/airflow/example_dags/example_short_circuit_decorator.py
[2025-12-07T15:33:40.539+0000] {processor.py:840} INFO - DAG(s) 'example_short_circuit_decorator' retrieved from /home/airflow/.local/lib/python3.8/site-packages/airflow/example_dags/example_short_circuit_decorator.py
[2025-12-07T15:33:40.571+0000] {logging_mixin.py:188} INFO - [2025-12-07T15:33:40.571+0000] {dag.py:3036} INFO - Sync 1 DAGs
[2025-12-07T15:33:40.603+0000] {logging_mixin.py:188} INFO - [2025-12-07T15:33:40.603+0000] {dag.py:3823} INFO - Setting next_dagrun for example_short_circuit_decorator to 2025-12-06 00:00:00+00:00, run_after=2025-12-07 00:00:00+00:00
[2025-12-07T15:33:40.634+0000] {processor.py:183} INFO - Processing /home/airflow/.local/lib/python3.8/site-packages/airflow/example_dags/example_short_circuit_decorator.py took 0.122 seconds
[2025-12-07T15:34:10.732+0000] {processor.py:161} INFO - Started process (PID=3395) to work on /home/airflow/.local/lib/python3.8/site-packages/airflow/example_dags/example_short_circuit_decorator.py
[2025-12-07T15:34:10.733+0000] {processor.py:830} INFO - Processing file /home/airflow/.local/lib/python3.8/site-packages/airflow/example_dags/example_short_circuit_decorator.py for tasks to queue
[2025-12-07T15:34:10.736+0000] {logging_mixin.py:188} INFO - [2025-12-07T15:34:10.736+0000] {dagbag.py:538} INFO - Filling up the DagBag from /home/airflow/.local/lib/python3.8/site-packages/airflow/example_dags/example_short_circuit_decorator.py
[2025-12-07T15:34:10.750+0000] {processor.py:840} INFO - DAG(s) 'example_short_circuit_decorator' retrieved from /home/airflow/.local/lib/python3.8/site-packages/airflow/example_dags/example_short_circuit_decorator.py
[2025-12-07T15:34:10.783+0000] {logging_mixin.py:188} INFO - [2025-12-07T15:34:10.782+0000] {dag.py:3036} INFO - Sync 1 DAGs
[2025-12-07T15:34:10.818+0000] {logging_mixin.py:188} INFO - [2025-12-07T15:34:10.818+0000] {dag.py:3823} INFO - Setting next_dagrun for example_short_circuit_decorator to 2025-12-06 00:00:00+00:00, run_after=2025-12-07 00:00:00+00:00
[2025-12-07T15:34:10.856+0000] {processor.py:183} INFO - Processing /home/airflow/.local/lib/python3.8/site-packages/airflow/example_dags/example_short_circuit_decorator.py took 0.130 seconds
[2025-12-07T15:34:41.295+0000] {processor.py:161} INFO - Started process (PID=3454) to work on /home/airflow/.local/lib/python3.8/site-packages/airflow/example_dags/example_short_circuit_decorator.py
[2025-12-07T15:34:41.297+0000] {processor.py:830} INFO - Processing file /home/airflow/.local/lib/python3.8/site-packages/airflow/example_dags/example_short_circuit_decorator.py for tasks to queue
[2025-12-07T15:34:41.300+0000] {logging_mixin.py:188} INFO - [2025-12-07T15:34:41.300+0000] {dagbag.py:538} INFO - Filling up the DagBag from /home/airflow/.local/lib/python3.8/site-packages/airflow/example_dags/example_short_circuit_decorator.py
[2025-12-07T15:34:41.312+0000] {processor.py:840} INFO - DAG(s) 'example_short_circuit_decorator' retrieved from /home/airflow/.local/lib/python3.8/site-packages/airflow/example_dags/example_short_circuit_decorator.py
[2025-12-07T15:34:41.343+0000] {logging_mixin.py:188} INFO - [2025-12-07T15:34:41.342+0000] {dag.py:3036} INFO - Sync 1 DAGs
[2025-12-07T15:34:41.372+0000] {logging_mixin.py:188} INFO - [2025-12-07T15:34:41.371+0000] {dag.py:3823} INFO - Setting next_dagrun for example_short_circuit_decorator to 2025-12-06 00:00:00+00:00, run_after=2025-12-07 00:00:00+00:00
[2025-12-07T15:34:41.407+0000] {processor.py:183} INFO - Processing /home/airflow/.local/lib/python3.8/site-packages/airflow/example_dags/example_short_circuit_decorator.py took 0.118 seconds
[2025-12-07T15:35:11.474+0000] {processor.py:161} INFO - Started process (PID=3513) to work on /home/airflow/.local/lib/python3.8/site-packages/airflow/example_dags/example_short_circuit_decorator.py
[2025-12-07T15:35:11.475+0000] {processor.py:830} INFO - Processing file /home/airflow/.local/lib/python3.8/site-packages/airflow/example_dags/example_short_circuit_decorator.py for tasks to queue
[2025-12-07T15:35:11.478+0000] {logging_mixin.py:188} INFO - [2025-12-07T15:35:11.477+0000] {dagbag.py:538} INFO - Filling up the DagBag from /home/airflow/.local/lib/python3.8/site-packages/airflow/example_dags/example_short_circuit_decorator.py
[2025-12-07T15:35:11.495+0000] {processor.py:840} INFO - DAG(s) 'example_short_circuit_decorator' retrieved from /home/airflow/.local/lib/python3.8/site-packages/airflow/example_dags/example_short_circuit_decorator.py
[2025-12-07T15:35:11.525+0000] {logging_mixin.py:188} INFO - [2025-12-07T15:35:11.525+0000] {dag.py:3036} INFO - Sync 1 DAGs
[2025-12-07T15:35:11.558+0000] {logging_mixin.py:188} INFO - [2025-12-07T15:35:11.558+0000] {dag.py:3823} INFO - Setting next_dagrun for example_short_circuit_decorator to 2025-12-06 00:00:00+00:00, run_after=2025-12-07 00:00:00+00:00
[2025-12-07T15:35:11.600+0000] {processor.py:183} INFO - Processing /home/airflow/.local/lib/python3.8/site-packages/airflow/example_dags/example_short_circuit_decorator.py took 0.131 seconds
[2025-12-07T15:35:42.087+0000] {processor.py:161} INFO - Started process (PID=3572) to work on /home/airflow/.local/lib/python3.8/site-packages/airflow/example_dags/example_short_circuit_decorator.py
[2025-12-07T15:35:42.089+0000] {processor.py:830} INFO - Processing file /home/airflow/.local/lib/python3.8/site-packages/airflow/example_dags/example_short_circuit_decorator.py for tasks to queue
[2025-12-07T15:35:42.092+0000] {logging_mixin.py:188} INFO - [2025-12-07T15:35:42.092+0000] {dagbag.py:538} INFO - Filling up the DagBag from /home/airflow/.local/lib/python3.8/site-packages/airflow/example_dags/example_short_circuit_decorator.py
[2025-12-07T15:35:42.105+0000] {processor.py:840} INFO - DAG(s) 'example_short_circuit_decorator' retrieved from /home/airflow/.local/lib/python3.8/site-packages/airflow/example_dags/example_short_circuit_decorator.py
[2025-12-07T15:35:42.145+0000] {logging_mixin.py:188} INFO - [2025-12-07T15:35:42.145+0000] {dag.py:3036} INFO - Sync 1 DAGs
[2025-12-07T15:35:42.179+0000] {logging_mixin.py:188} INFO - [2025-12-07T15:35:42.179+0000] {dag.py:3823} INFO - Setting next_dagrun for example_short_circuit_decorator to 2025-12-06 00:00:00+00:00, run_after=2025-12-07 00:00:00+00:00
[2025-12-07T15:35:42.216+0000] {processor.py:183} INFO - Processing /home/airflow/.local/lib/python3.8/site-packages/airflow/example_dags/example_short_circuit_decorator.py took 0.135 seconds
[2025-12-07T15:36:12.478+0000] {processor.py:161} INFO - Started process (PID=3631) to work on /home/airflow/.local/lib/python3.8/site-packages/airflow/example_dags/example_short_circuit_decorator.py
[2025-12-07T15:36:12.481+0000] {processor.py:830} INFO - Processing file /home/airflow/.local/lib/python3.8/site-packages/airflow/example_dags/example_short_circuit_decorator.py for tasks to queue
[2025-12-07T15:36:12.485+0000] {logging_mixin.py:188} INFO - [2025-12-07T15:36:12.484+0000] {dagbag.py:538} INFO - Filling up the DagBag from /home/airflow/.local/lib/python3.8/site-packages/airflow/example_dags/example_short_circuit_decorator.py
[2025-12-07T15:36:12.499+0000] {processor.py:840} INFO - DAG(s) 'example_short_circuit_decorator' retrieved from /home/airflow/.local/lib/python3.8/site-packages/airflow/example_dags/example_short_circuit_decorator.py
[2025-12-07T15:36:12.534+0000] {logging_mixin.py:188} INFO - [2025-12-07T15:36:12.534+0000] {dag.py:3036} INFO - Sync 1 DAGs
[2025-12-07T15:36:12.571+0000] {logging_mixin.py:188} INFO - [2025-12-07T15:36:12.571+0000] {dag.py:3823} INFO - Setting next_dagrun for example_short_circuit_decorator to 2025-12-06 00:00:00+00:00, run_after=2025-12-07 00:00:00+00:00
[2025-12-07T15:36:12.605+0000] {processor.py:183} INFO - Processing /home/airflow/.local/lib/python3.8/site-packages/airflow/example_dags/example_short_circuit_decorator.py took 0.132 seconds
[2025-12-07T15:36:42.847+0000] {processor.py:161} INFO - Started process (PID=3690) to work on /home/airflow/.local/lib/python3.8/site-packages/airflow/example_dags/example_short_circuit_decorator.py
[2025-12-07T15:36:42.849+0000] {processor.py:830} INFO - Processing file /home/airflow/.local/lib/python3.8/site-packages/airflow/example_dags/example_short_circuit_decorator.py for tasks to queue
[2025-12-07T15:36:42.852+0000] {logging_mixin.py:188} INFO - [2025-12-07T15:36:42.852+0000] {dagbag.py:538} INFO - Filling up the DagBag from /home/airflow/.local/lib/python3.8/site-packages/airflow/example_dags/example_short_circuit_decorator.py
[2025-12-07T15:36:42.864+0000] {processor.py:840} INFO - DAG(s) 'example_short_circuit_decorator' retrieved from /home/airflow/.local/lib/python3.8/site-packages/airflow/example_dags/example_short_circuit_decorator.py
[2025-12-07T15:36:42.907+0000] {logging_mixin.py:188} INFO - [2025-12-07T15:36:42.907+0000] {dag.py:3036} INFO - Sync 1 DAGs
[2025-12-07T15:36:42.955+0000] {logging_mixin.py:188} INFO - [2025-12-07T15:36:42.955+0000] {dag.py:3823} INFO - Setting next_dagrun for example_short_circuit_decorator to 2025-12-06 00:00:00+00:00, run_after=2025-12-07 00:00:00+00:00
[2025-12-07T15:36:42.992+0000] {processor.py:183} INFO - Processing /home/airflow/.local/lib/python3.8/site-packages/airflow/example_dags/example_short_circuit_decorator.py took 0.151 seconds
[2025-12-07T15:37:13.080+0000] {processor.py:161} INFO - Started process (PID=3749) to work on /home/airflow/.local/lib/python3.8/site-packages/airflow/example_dags/example_short_circuit_decorator.py
[2025-12-07T15:37:13.081+0000] {processor.py:830} INFO - Processing file /home/airflow/.local/lib/python3.8/site-packages/airflow/example_dags/example_short_circuit_decorator.py for tasks to queue
[2025-12-07T15:37:13.085+0000] {logging_mixin.py:188} INFO - [2025-12-07T15:37:13.084+0000] {dagbag.py:538} INFO - Filling up the DagBag from /home/airflow/.local/lib/python3.8/site-packages/airflow/example_dags/example_short_circuit_decorator.py
[2025-12-07T15:37:13.096+0000] {processor.py:840} INFO - DAG(s) 'example_short_circuit_decorator' retrieved from /home/airflow/.local/lib/python3.8/site-packages/airflow/example_dags/example_short_circuit_decorator.py
[2025-12-07T15:37:13.128+0000] {logging_mixin.py:188} INFO - [2025-12-07T15:37:13.128+0000] {dag.py:3036} INFO - Sync 1 DAGs
[2025-12-07T15:37:13.157+0000] {logging_mixin.py:188} INFO - [2025-12-07T15:37:13.156+0000] {dag.py:3823} INFO - Setting next_dagrun for example_short_circuit_decorator to 2025-12-06 00:00:00+00:00, run_after=2025-12-07 00:00:00+00:00
[2025-12-07T15:37:13.187+0000] {processor.py:183} INFO - Processing /home/airflow/.local/lib/python3.8/site-packages/airflow/example_dags/example_short_circuit_decorator.py took 0.113 seconds
[2025-12-07T15:37:43.590+0000] {processor.py:161} INFO - Started process (PID=3808) to work on /home/airflow/.local/lib/python3.8/site-packages/airflow/example_dags/example_short_circuit_decorator.py
[2025-12-07T15:37:43.592+0000] {processor.py:830} INFO - Processing file /home/airflow/.local/lib/python3.8/site-packages/airflow/example_dags/example_short_circuit_decorator.py for tasks to queue
[2025-12-07T15:37:43.596+0000] {logging_mixin.py:188} INFO - [2025-12-07T15:37:43.595+0000] {dagbag.py:538} INFO - Filling up the DagBag from /home/airflow/.local/lib/python3.8/site-packages/airflow/example_dags/example_short_circuit_decorator.py
[2025-12-07T15:37:43.608+0000] {processor.py:840} INFO - DAG(s) 'example_short_circuit_decorator' retrieved from /home/airflow/.local/lib/python3.8/site-packages/airflow/example_dags/example_short_circuit_decorator.py
[2025-12-07T15:37:43.652+0000] {logging_mixin.py:188} INFO - [2025-12-07T15:37:43.651+0000] {dag.py:3036} INFO - Sync 1 DAGs
[2025-12-07T15:37:43.690+0000] {logging_mixin.py:188} INFO - [2025-12-07T15:37:43.690+0000] {dag.py:3823} INFO - Setting next_dagrun for example_short_circuit_decorator to 2025-12-06 00:00:00+00:00, run_after=2025-12-07 00:00:00+00:00
[2025-12-07T15:37:43.724+0000] {processor.py:183} INFO - Processing /home/airflow/.local/lib/python3.8/site-packages/airflow/example_dags/example_short_circuit_decorator.py took 0.141 seconds
[2025-12-07T15:38:13.807+0000] {processor.py:161} INFO - Started process (PID=3867) to work on /home/airflow/.local/lib/python3.8/site-packages/airflow/example_dags/example_short_circuit_decorator.py
[2025-12-07T15:38:13.808+0000] {processor.py:830} INFO - Processing file /home/airflow/.local/lib/python3.8/site-packages/airflow/example_dags/example_short_circuit_decorator.py for tasks to queue
[2025-12-07T15:38:13.812+0000] {logging_mixin.py:188} INFO - [2025-12-07T15:38:13.812+0000] {dagbag.py:538} INFO - Filling up the DagBag from /home/airflow/.local/lib/python3.8/site-packages/airflow/example_dags/example_short_circuit_decorator.py
[2025-12-07T15:38:13.826+0000] {processor.py:840} INFO - DAG(s) 'example_short_circuit_decorator' retrieved from /home/airflow/.local/lib/python3.8/site-packages/airflow/example_dags/example_short_circuit_decorator.py
[2025-12-07T15:38:13.865+0000] {logging_mixin.py:188} INFO - [2025-12-07T15:38:13.865+0000] {dag.py:3036} INFO - Sync 1 DAGs
[2025-12-07T15:38:13.904+0000] {logging_mixin.py:188} INFO - [2025-12-07T15:38:13.904+0000] {dag.py:3823} INFO - Setting next_dagrun for example_short_circuit_decorator to 2025-12-06 00:00:00+00:00, run_after=2025-12-07 00:00:00+00:00
[2025-12-07T15:38:13.939+0000] {processor.py:183} INFO - Processing /home/airflow/.local/lib/python3.8/site-packages/airflow/example_dags/example_short_circuit_decorator.py took 0.137 seconds
[2025-12-07T15:38:44.460+0000] {processor.py:161} INFO - Started process (PID=3926) to work on /home/airflow/.local/lib/python3.8/site-packages/airflow/example_dags/example_short_circuit_decorator.py
[2025-12-07T15:38:44.462+0000] {processor.py:830} INFO - Processing file /home/airflow/.local/lib/python3.8/site-packages/airflow/example_dags/example_short_circuit_decorator.py for tasks to queue
[2025-12-07T15:38:44.465+0000] {logging_mixin.py:188} INFO - [2025-12-07T15:38:44.464+0000] {dagbag.py:538} INFO - Filling up the DagBag from /home/airflow/.local/lib/python3.8/site-packages/airflow/example_dags/example_short_circuit_decorator.py
[2025-12-07T15:38:44.477+0000] {processor.py:840} INFO - DAG(s) 'example_short_circuit_decorator' retrieved from /home/airflow/.local/lib/python3.8/site-packages/airflow/example_dags/example_short_circuit_decorator.py
[2025-12-07T15:38:44.514+0000] {logging_mixin.py:188} INFO - [2025-12-07T15:38:44.513+0000] {dag.py:3036} INFO - Sync 1 DAGs
[2025-12-07T15:38:44.547+0000] {logging_mixin.py:188} INFO - [2025-12-07T15:38:44.547+0000] {dag.py:3823} INFO - Setting next_dagrun for example_short_circuit_decorator to 2025-12-06 00:00:00+00:00, run_after=2025-12-07 00:00:00+00:00
[2025-12-07T15:38:44.578+0000] {processor.py:183} INFO - Processing /home/airflow/.local/lib/python3.8/site-packages/airflow/example_dags/example_short_circuit_decorator.py took 0.124 seconds
[2025-12-07T15:39:15.503+0000] {processor.py:161} INFO - Started process (PID=3985) to work on /home/airflow/.local/lib/python3.8/site-packages/airflow/example_dags/example_short_circuit_decorator.py
[2025-12-07T15:39:15.505+0000] {processor.py:830} INFO - Processing file /home/airflow/.local/lib/python3.8/site-packages/airflow/example_dags/example_short_circuit_decorator.py for tasks to queue
[2025-12-07T15:39:15.508+0000] {logging_mixin.py:188} INFO - [2025-12-07T15:39:15.507+0000] {dagbag.py:538} INFO - Filling up the DagBag from /home/airflow/.local/lib/python3.8/site-packages/airflow/example_dags/example_short_circuit_decorator.py
[2025-12-07T15:39:15.521+0000] {processor.py:840} INFO - DAG(s) 'example_short_circuit_decorator' retrieved from /home/airflow/.local/lib/python3.8/site-packages/airflow/example_dags/example_short_circuit_decorator.py
[2025-12-07T15:39:15.555+0000] {logging_mixin.py:188} INFO - [2025-12-07T15:39:15.555+0000] {dag.py:3036} INFO - Sync 1 DAGs
[2025-12-07T15:39:15.589+0000] {logging_mixin.py:188} INFO - [2025-12-07T15:39:15.589+0000] {dag.py:3823} INFO - Setting next_dagrun for example_short_circuit_decorator to 2025-12-06 00:00:00+00:00, run_after=2025-12-07 00:00:00+00:00
[2025-12-07T15:39:15.622+0000] {processor.py:183} INFO - Processing /home/airflow/.local/lib/python3.8/site-packages/airflow/example_dags/example_short_circuit_decorator.py took 0.124 seconds
[2025-12-07T15:39:45.712+0000] {processor.py:161} INFO - Started process (PID=4044) to work on /home/airflow/.local/lib/python3.8/site-packages/airflow/example_dags/example_short_circuit_decorator.py
[2025-12-07T15:39:45.714+0000] {processor.py:830} INFO - Processing file /home/airflow/.local/lib/python3.8/site-packages/airflow/example_dags/example_short_circuit_decorator.py for tasks to queue
[2025-12-07T15:39:45.716+0000] {logging_mixin.py:188} INFO - [2025-12-07T15:39:45.716+0000] {dagbag.py:538} INFO - Filling up the DagBag from /home/airflow/.local/lib/python3.8/site-packages/airflow/example_dags/example_short_circuit_decorator.py
[2025-12-07T15:39:45.730+0000] {processor.py:840} INFO - DAG(s) 'example_short_circuit_decorator' retrieved from /home/airflow/.local/lib/python3.8/site-packages/airflow/example_dags/example_short_circuit_decorator.py
[2025-12-07T15:39:45.768+0000] {logging_mixin.py:188} INFO - [2025-12-07T15:39:45.767+0000] {dag.py:3036} INFO - Sync 1 DAGs
[2025-12-07T15:39:45.797+0000] {logging_mixin.py:188} INFO - [2025-12-07T15:39:45.797+0000] {dag.py:3823} INFO - Setting next_dagrun for example_short_circuit_decorator to 2025-12-06 00:00:00+00:00, run_after=2025-12-07 00:00:00+00:00
[2025-12-07T15:39:45.829+0000] {processor.py:183} INFO - Processing /home/airflow/.local/lib/python3.8/site-packages/airflow/example_dags/example_short_circuit_decorator.py took 0.122 seconds
[2025-12-07T15:40:16.014+0000] {processor.py:161} INFO - Started process (PID=4103) to work on /home/airflow/.local/lib/python3.8/site-packages/airflow/example_dags/example_short_circuit_decorator.py
[2025-12-07T15:40:16.016+0000] {processor.py:830} INFO - Processing file /home/airflow/.local/lib/python3.8/site-packages/airflow/example_dags/example_short_circuit_decorator.py for tasks to queue
[2025-12-07T15:40:16.019+0000] {logging_mixin.py:188} INFO - [2025-12-07T15:40:16.018+0000] {dagbag.py:538} INFO - Filling up the DagBag from /home/airflow/.local/lib/python3.8/site-packages/airflow/example_dags/example_short_circuit_decorator.py
[2025-12-07T15:40:16.031+0000] {processor.py:840} INFO - DAG(s) 'example_short_circuit_decorator' retrieved from /home/airflow/.local/lib/python3.8/site-packages/airflow/example_dags/example_short_circuit_decorator.py
[2025-12-07T15:40:16.070+0000] {logging_mixin.py:188} INFO - [2025-12-07T15:40:16.070+0000] {dag.py:3036} INFO - Sync 1 DAGs
[2025-12-07T15:40:16.102+0000] {logging_mixin.py:188} INFO - [2025-12-07T15:40:16.101+0000] {dag.py:3823} INFO - Setting next_dagrun for example_short_circuit_decorator to 2025-12-06 00:00:00+00:00, run_after=2025-12-07 00:00:00+00:00
[2025-12-07T15:40:16.136+0000] {processor.py:183} INFO - Processing /home/airflow/.local/lib/python3.8/site-packages/airflow/example_dags/example_short_circuit_decorator.py took 0.129 seconds
[2025-12-07T15:40:46.722+0000] {processor.py:161} INFO - Started process (PID=4169) to work on /home/airflow/.local/lib/python3.8/site-packages/airflow/example_dags/example_short_circuit_decorator.py
[2025-12-07T15:40:46.723+0000] {processor.py:830} INFO - Processing file /home/airflow/.local/lib/python3.8/site-packages/airflow/example_dags/example_short_circuit_decorator.py for tasks to queue
[2025-12-07T15:40:46.726+0000] {logging_mixin.py:188} INFO - [2025-12-07T15:40:46.725+0000] {dagbag.py:538} INFO - Filling up the DagBag from /home/airflow/.local/lib/python3.8/site-packages/airflow/example_dags/example_short_circuit_decorator.py
[2025-12-07T15:40:46.739+0000] {processor.py:840} INFO - DAG(s) 'example_short_circuit_decorator' retrieved from /home/airflow/.local/lib/python3.8/site-packages/airflow/example_dags/example_short_circuit_decorator.py
[2025-12-07T15:40:46.772+0000] {logging_mixin.py:188} INFO - [2025-12-07T15:40:46.772+0000] {dag.py:3036} INFO - Sync 1 DAGs
[2025-12-07T15:40:46.802+0000] {logging_mixin.py:188} INFO - [2025-12-07T15:40:46.802+0000] {dag.py:3823} INFO - Setting next_dagrun for example_short_circuit_decorator to 2025-12-06 00:00:00+00:00, run_after=2025-12-07 00:00:00+00:00
[2025-12-07T15:40:46.831+0000] {processor.py:183} INFO - Processing /home/airflow/.local/lib/python3.8/site-packages/airflow/example_dags/example_short_circuit_decorator.py took 0.117 seconds
[2025-12-07T15:41:17.052+0000] {processor.py:161} INFO - Started process (PID=4230) to work on /home/airflow/.local/lib/python3.8/site-packages/airflow/example_dags/example_short_circuit_decorator.py
[2025-12-07T15:41:17.055+0000] {processor.py:830} INFO - Processing file /home/airflow/.local/lib/python3.8/site-packages/airflow/example_dags/example_short_circuit_decorator.py for tasks to queue
[2025-12-07T15:41:17.058+0000] {logging_mixin.py:188} INFO - [2025-12-07T15:41:17.057+0000] {dagbag.py:538} INFO - Filling up the DagBag from /home/airflow/.local/lib/python3.8/site-packages/airflow/example_dags/example_short_circuit_decorator.py
[2025-12-07T15:41:17.072+0000] {processor.py:840} INFO - DAG(s) 'example_short_circuit_decorator' retrieved from /home/airflow/.local/lib/python3.8/site-packages/airflow/example_dags/example_short_circuit_decorator.py
[2025-12-07T15:41:17.105+0000] {logging_mixin.py:188} INFO - [2025-12-07T15:41:17.105+0000] {dag.py:3036} INFO - Sync 1 DAGs
[2025-12-07T15:41:17.135+0000] {logging_mixin.py:188} INFO - [2025-12-07T15:41:17.135+0000] {dag.py:3823} INFO - Setting next_dagrun for example_short_circuit_decorator to 2025-12-06 00:00:00+00:00, run_after=2025-12-07 00:00:00+00:00
[2025-12-07T15:41:17.172+0000] {processor.py:183} INFO - Processing /home/airflow/.local/lib/python3.8/site-packages/airflow/example_dags/example_short_circuit_decorator.py took 0.126 seconds
[2025-12-07T15:41:47.741+0000] {processor.py:161} INFO - Started process (PID=4291) to work on /home/airflow/.local/lib/python3.8/site-packages/airflow/example_dags/example_short_circuit_decorator.py
[2025-12-07T15:41:47.743+0000] {processor.py:830} INFO - Processing file /home/airflow/.local/lib/python3.8/site-packages/airflow/example_dags/example_short_circuit_decorator.py for tasks to queue
[2025-12-07T15:41:47.747+0000] {logging_mixin.py:188} INFO - [2025-12-07T15:41:47.746+0000] {dagbag.py:538} INFO - Filling up the DagBag from /home/airflow/.local/lib/python3.8/site-packages/airflow/example_dags/example_short_circuit_decorator.py
[2025-12-07T15:41:47.760+0000] {processor.py:840} INFO - DAG(s) 'example_short_circuit_decorator' retrieved from /home/airflow/.local/lib/python3.8/site-packages/airflow/example_dags/example_short_circuit_decorator.py
[2025-12-07T15:41:47.797+0000] {logging_mixin.py:188} INFO - [2025-12-07T15:41:47.797+0000] {dag.py:3036} INFO - Sync 1 DAGs
[2025-12-07T15:41:47.829+0000] {logging_mixin.py:188} INFO - [2025-12-07T15:41:47.828+0000] {dag.py:3823} INFO - Setting next_dagrun for example_short_circuit_decorator to 2025-12-06 00:00:00+00:00, run_after=2025-12-07 00:00:00+00:00
[2025-12-07T15:41:47.859+0000] {processor.py:183} INFO - Processing /home/airflow/.local/lib/python3.8/site-packages/airflow/example_dags/example_short_circuit_decorator.py took 0.124 seconds
[2025-12-07T15:42:18.091+0000] {processor.py:161} INFO - Started process (PID=4352) to work on /home/airflow/.local/lib/python3.8/site-packages/airflow/example_dags/example_short_circuit_decorator.py
[2025-12-07T15:42:18.093+0000] {processor.py:830} INFO - Processing file /home/airflow/.local/lib/python3.8/site-packages/airflow/example_dags/example_short_circuit_decorator.py for tasks to queue
[2025-12-07T15:42:18.095+0000] {logging_mixin.py:188} INFO - [2025-12-07T15:42:18.095+0000] {dagbag.py:538} INFO - Filling up the DagBag from /home/airflow/.local/lib/python3.8/site-packages/airflow/example_dags/example_short_circuit_decorator.py
[2025-12-07T15:42:18.110+0000] {processor.py:840} INFO - DAG(s) 'example_short_circuit_decorator' retrieved from /home/airflow/.local/lib/python3.8/site-packages/airflow/example_dags/example_short_circuit_decorator.py
[2025-12-07T15:42:18.145+0000] {logging_mixin.py:188} INFO - [2025-12-07T15:42:18.145+0000] {dag.py:3036} INFO - Sync 1 DAGs
[2025-12-07T15:42:18.182+0000] {logging_mixin.py:188} INFO - [2025-12-07T15:42:18.182+0000] {dag.py:3823} INFO - Setting next_dagrun for example_short_circuit_decorator to 2025-12-06 00:00:00+00:00, run_after=2025-12-07 00:00:00+00:00
[2025-12-07T15:42:18.221+0000] {processor.py:183} INFO - Processing /home/airflow/.local/lib/python3.8/site-packages/airflow/example_dags/example_short_circuit_decorator.py took 0.135 seconds
[2025-12-07T15:42:48.597+0000] {processor.py:161} INFO - Started process (PID=4413) to work on /home/airflow/.local/lib/python3.8/site-packages/airflow/example_dags/example_short_circuit_decorator.py
[2025-12-07T15:42:48.598+0000] {processor.py:830} INFO - Processing file /home/airflow/.local/lib/python3.8/site-packages/airflow/example_dags/example_short_circuit_decorator.py for tasks to queue
[2025-12-07T15:42:48.602+0000] {logging_mixin.py:188} INFO - [2025-12-07T15:42:48.601+0000] {dagbag.py:538} INFO - Filling up the DagBag from /home/airflow/.local/lib/python3.8/site-packages/airflow/example_dags/example_short_circuit_decorator.py
[2025-12-07T15:42:48.616+0000] {processor.py:840} INFO - DAG(s) 'example_short_circuit_decorator' retrieved from /home/airflow/.local/lib/python3.8/site-packages/airflow/example_dags/example_short_circuit_decorator.py
[2025-12-07T15:42:48.648+0000] {logging_mixin.py:188} INFO - [2025-12-07T15:42:48.648+0000] {dag.py:3036} INFO - Sync 1 DAGs
[2025-12-07T15:42:48.681+0000] {logging_mixin.py:188} INFO - [2025-12-07T15:42:48.681+0000] {dag.py:3823} INFO - Setting next_dagrun for example_short_circuit_decorator to 2025-12-06 00:00:00+00:00, run_after=2025-12-07 00:00:00+00:00
[2025-12-07T15:42:48.713+0000] {processor.py:183} INFO - Processing /home/airflow/.local/lib/python3.8/site-packages/airflow/example_dags/example_short_circuit_decorator.py took 0.120 seconds
[2025-12-07T15:43:19.064+0000] {processor.py:161} INFO - Started process (PID=4474) to work on /home/airflow/.local/lib/python3.8/site-packages/airflow/example_dags/example_short_circuit_decorator.py
[2025-12-07T15:43:19.066+0000] {processor.py:830} INFO - Processing file /home/airflow/.local/lib/python3.8/site-packages/airflow/example_dags/example_short_circuit_decorator.py for tasks to queue
[2025-12-07T15:43:19.074+0000] {logging_mixin.py:188} INFO - [2025-12-07T15:43:19.073+0000] {dagbag.py:538} INFO - Filling up the DagBag from /home/airflow/.local/lib/python3.8/site-packages/airflow/example_dags/example_short_circuit_decorator.py
[2025-12-07T15:43:19.089+0000] {processor.py:840} INFO - DAG(s) 'example_short_circuit_decorator' retrieved from /home/airflow/.local/lib/python3.8/site-packages/airflow/example_dags/example_short_circuit_decorator.py
[2025-12-07T15:43:19.124+0000] {logging_mixin.py:188} INFO - [2025-12-07T15:43:19.124+0000] {dag.py:3036} INFO - Sync 1 DAGs
[2025-12-07T15:43:19.157+0000] {logging_mixin.py:188} INFO - [2025-12-07T15:43:19.156+0000] {dag.py:3823} INFO - Setting next_dagrun for example_short_circuit_decorator to 2025-12-06 00:00:00+00:00, run_after=2025-12-07 00:00:00+00:00
[2025-12-07T15:43:19.188+0000] {processor.py:183} INFO - Processing /home/airflow/.local/lib/python3.8/site-packages/airflow/example_dags/example_short_circuit_decorator.py took 0.130 seconds
[2025-12-07T15:43:49.640+0000] {processor.py:161} INFO - Started process (PID=4534) to work on /home/airflow/.local/lib/python3.8/site-packages/airflow/example_dags/example_short_circuit_decorator.py
[2025-12-07T15:43:49.642+0000] {processor.py:830} INFO - Processing file /home/airflow/.local/lib/python3.8/site-packages/airflow/example_dags/example_short_circuit_decorator.py for tasks to queue
[2025-12-07T15:43:49.646+0000] {logging_mixin.py:188} INFO - [2025-12-07T15:43:49.645+0000] {dagbag.py:538} INFO - Filling up the DagBag from /home/airflow/.local/lib/python3.8/site-packages/airflow/example_dags/example_short_circuit_decorator.py
[2025-12-07T15:43:49.660+0000] {processor.py:840} INFO - DAG(s) 'example_short_circuit_decorator' retrieved from /home/airflow/.local/lib/python3.8/site-packages/airflow/example_dags/example_short_circuit_decorator.py
[2025-12-07T15:43:49.695+0000] {logging_mixin.py:188} INFO - [2025-12-07T15:43:49.694+0000] {dag.py:3036} INFO - Sync 1 DAGs
[2025-12-07T15:43:49.729+0000] {logging_mixin.py:188} INFO - [2025-12-07T15:43:49.729+0000] {dag.py:3823} INFO - Setting next_dagrun for example_short_circuit_decorator to 2025-12-06 00:00:00+00:00, run_after=2025-12-07 00:00:00+00:00
[2025-12-07T15:43:49.763+0000] {processor.py:183} INFO - Processing /home/airflow/.local/lib/python3.8/site-packages/airflow/example_dags/example_short_circuit_decorator.py took 0.128 seconds
[2025-12-07T15:44:20.441+0000] {processor.py:161} INFO - Started process (PID=4595) to work on /home/airflow/.local/lib/python3.8/site-packages/airflow/example_dags/example_short_circuit_decorator.py
[2025-12-07T15:44:20.442+0000] {processor.py:830} INFO - Processing file /home/airflow/.local/lib/python3.8/site-packages/airflow/example_dags/example_short_circuit_decorator.py for tasks to queue
[2025-12-07T15:44:20.445+0000] {logging_mixin.py:188} INFO - [2025-12-07T15:44:20.445+0000] {dagbag.py:538} INFO - Filling up the DagBag from /home/airflow/.local/lib/python3.8/site-packages/airflow/example_dags/example_short_circuit_decorator.py
[2025-12-07T15:44:20.459+0000] {processor.py:840} INFO - DAG(s) 'example_short_circuit_decorator' retrieved from /home/airflow/.local/lib/python3.8/site-packages/airflow/example_dags/example_short_circuit_decorator.py
[2025-12-07T15:44:20.492+0000] {logging_mixin.py:188} INFO - [2025-12-07T15:44:20.491+0000] {dag.py:3036} INFO - Sync 1 DAGs
[2025-12-07T15:44:20.526+0000] {logging_mixin.py:188} INFO - [2025-12-07T15:44:20.526+0000] {dag.py:3823} INFO - Setting next_dagrun for example_short_circuit_decorator to 2025-12-06 00:00:00+00:00, run_after=2025-12-07 00:00:00+00:00
[2025-12-07T15:44:20.559+0000] {processor.py:183} INFO - Processing /home/airflow/.local/lib/python3.8/site-packages/airflow/example_dags/example_short_circuit_decorator.py took 0.123 seconds
[2025-12-07T15:44:50.818+0000] {processor.py:161} INFO - Started process (PID=4656) to work on /home/airflow/.local/lib/python3.8/site-packages/airflow/example_dags/example_short_circuit_decorator.py
[2025-12-07T15:44:50.820+0000] {processor.py:830} INFO - Processing file /home/airflow/.local/lib/python3.8/site-packages/airflow/example_dags/example_short_circuit_decorator.py for tasks to queue
[2025-12-07T15:44:50.822+0000] {logging_mixin.py:188} INFO - [2025-12-07T15:44:50.822+0000] {dagbag.py:538} INFO - Filling up the DagBag from /home/airflow/.local/lib/python3.8/site-packages/airflow/example_dags/example_short_circuit_decorator.py
[2025-12-07T15:44:50.834+0000] {processor.py:840} INFO - DAG(s) 'example_short_circuit_decorator' retrieved from /home/airflow/.local/lib/python3.8/site-packages/airflow/example_dags/example_short_circuit_decorator.py
[2025-12-07T15:44:50.867+0000] {logging_mixin.py:188} INFO - [2025-12-07T15:44:50.866+0000] {dag.py:3036} INFO - Sync 1 DAGs
[2025-12-07T15:44:50.897+0000] {logging_mixin.py:188} INFO - [2025-12-07T15:44:50.897+0000] {dag.py:3823} INFO - Setting next_dagrun for example_short_circuit_decorator to 2025-12-06 00:00:00+00:00, run_after=2025-12-07 00:00:00+00:00
[2025-12-07T15:44:50.926+0000] {processor.py:183} INFO - Processing /home/airflow/.local/lib/python3.8/site-packages/airflow/example_dags/example_short_circuit_decorator.py took 0.115 seconds
[2025-12-07T15:45:21.283+0000] {processor.py:161} INFO - Started process (PID=4717) to work on /home/airflow/.local/lib/python3.8/site-packages/airflow/example_dags/example_short_circuit_decorator.py
[2025-12-07T15:45:21.285+0000] {processor.py:830} INFO - Processing file /home/airflow/.local/lib/python3.8/site-packages/airflow/example_dags/example_short_circuit_decorator.py for tasks to queue
[2025-12-07T15:45:21.288+0000] {logging_mixin.py:188} INFO - [2025-12-07T15:45:21.288+0000] {dagbag.py:538} INFO - Filling up the DagBag from /home/airflow/.local/lib/python3.8/site-packages/airflow/example_dags/example_short_circuit_decorator.py
[2025-12-07T15:45:21.301+0000] {processor.py:840} INFO - DAG(s) 'example_short_circuit_decorator' retrieved from /home/airflow/.local/lib/python3.8/site-packages/airflow/example_dags/example_short_circuit_decorator.py
[2025-12-07T15:45:21.335+0000] {logging_mixin.py:188} INFO - [2025-12-07T15:45:21.334+0000] {dag.py:3036} INFO - Sync 1 DAGs
[2025-12-07T15:45:21.367+0000] {logging_mixin.py:188} INFO - [2025-12-07T15:45:21.367+0000] {dag.py:3823} INFO - Setting next_dagrun for example_short_circuit_decorator to 2025-12-06 00:00:00+00:00, run_after=2025-12-07 00:00:00+00:00
[2025-12-07T15:45:21.400+0000] {processor.py:183} INFO - Processing /home/airflow/.local/lib/python3.8/site-packages/airflow/example_dags/example_short_circuit_decorator.py took 0.122 seconds
[2025-12-07T15:45:51.950+0000] {processor.py:161} INFO - Started process (PID=4778) to work on /home/airflow/.local/lib/python3.8/site-packages/airflow/example_dags/example_short_circuit_decorator.py
[2025-12-07T15:45:51.952+0000] {processor.py:830} INFO - Processing file /home/airflow/.local/lib/python3.8/site-packages/airflow/example_dags/example_short_circuit_decorator.py for tasks to queue
[2025-12-07T15:45:51.956+0000] {logging_mixin.py:188} INFO - [2025-12-07T15:45:51.956+0000] {dagbag.py:538} INFO - Filling up the DagBag from /home/airflow/.local/lib/python3.8/site-packages/airflow/example_dags/example_short_circuit_decorator.py
[2025-12-07T15:45:51.979+0000] {processor.py:840} INFO - DAG(s) 'example_short_circuit_decorator' retrieved from /home/airflow/.local/lib/python3.8/site-packages/airflow/example_dags/example_short_circuit_decorator.py
[2025-12-07T15:45:52.023+0000] {logging_mixin.py:188} INFO - [2025-12-07T15:45:52.023+0000] {dag.py:3036} INFO - Sync 1 DAGs
[2025-12-07T15:45:52.060+0000] {logging_mixin.py:188} INFO - [2025-12-07T15:45:52.060+0000] {dag.py:3823} INFO - Setting next_dagrun for example_short_circuit_decorator to 2025-12-06 00:00:00+00:00, run_after=2025-12-07 00:00:00+00:00
[2025-12-07T15:45:52.095+0000] {processor.py:183} INFO - Processing /home/airflow/.local/lib/python3.8/site-packages/airflow/example_dags/example_short_circuit_decorator.py took 0.153 seconds
[2025-12-07T15:46:22.534+0000] {processor.py:161} INFO - Started process (PID=4839) to work on /home/airflow/.local/lib/python3.8/site-packages/airflow/example_dags/example_short_circuit_decorator.py
[2025-12-07T15:46:22.536+0000] {processor.py:830} INFO - Processing file /home/airflow/.local/lib/python3.8/site-packages/airflow/example_dags/example_short_circuit_decorator.py for tasks to queue
[2025-12-07T15:46:22.539+0000] {logging_mixin.py:188} INFO - [2025-12-07T15:46:22.539+0000] {dagbag.py:538} INFO - Filling up the DagBag from /home/airflow/.local/lib/python3.8/site-packages/airflow/example_dags/example_short_circuit_decorator.py
[2025-12-07T15:46:22.559+0000] {processor.py:840} INFO - DAG(s) 'example_short_circuit_decorator' retrieved from /home/airflow/.local/lib/python3.8/site-packages/airflow/example_dags/example_short_circuit_decorator.py
[2025-12-07T15:46:22.599+0000] {logging_mixin.py:188} INFO - [2025-12-07T15:46:22.599+0000] {dag.py:3036} INFO - Sync 1 DAGs
[2025-12-07T15:46:22.642+0000] {logging_mixin.py:188} INFO - [2025-12-07T15:46:22.642+0000] {dag.py:3823} INFO - Setting next_dagrun for example_short_circuit_decorator to 2025-12-06 00:00:00+00:00, run_after=2025-12-07 00:00:00+00:00
[2025-12-07T15:46:22.689+0000] {processor.py:183} INFO - Processing /home/airflow/.local/lib/python3.8/site-packages/airflow/example_dags/example_short_circuit_decorator.py took 0.159 seconds
[2025-12-07T15:46:53.020+0000] {processor.py:161} INFO - Started process (PID=4900) to work on /home/airflow/.local/lib/python3.8/site-packages/airflow/example_dags/example_short_circuit_decorator.py
[2025-12-07T15:46:53.022+0000] {processor.py:830} INFO - Processing file /home/airflow/.local/lib/python3.8/site-packages/airflow/example_dags/example_short_circuit_decorator.py for tasks to queue
[2025-12-07T15:46:53.025+0000] {logging_mixin.py:188} INFO - [2025-12-07T15:46:53.025+0000] {dagbag.py:538} INFO - Filling up the DagBag from /home/airflow/.local/lib/python3.8/site-packages/airflow/example_dags/example_short_circuit_decorator.py
[2025-12-07T15:46:53.038+0000] {processor.py:840} INFO - DAG(s) 'example_short_circuit_decorator' retrieved from /home/airflow/.local/lib/python3.8/site-packages/airflow/example_dags/example_short_circuit_decorator.py
[2025-12-07T15:46:53.071+0000] {logging_mixin.py:188} INFO - [2025-12-07T15:46:53.070+0000] {dag.py:3036} INFO - Sync 1 DAGs
[2025-12-07T15:46:53.103+0000] {logging_mixin.py:188} INFO - [2025-12-07T15:46:53.102+0000] {dag.py:3823} INFO - Setting next_dagrun for example_short_circuit_decorator to 2025-12-06 00:00:00+00:00, run_after=2025-12-07 00:00:00+00:00
[2025-12-07T15:46:53.132+0000] {processor.py:183} INFO - Processing /home/airflow/.local/lib/python3.8/site-packages/airflow/example_dags/example_short_circuit_decorator.py took 0.118 seconds
[2025-12-07T15:47:23.355+0000] {processor.py:161} INFO - Started process (PID=4961) to work on /home/airflow/.local/lib/python3.8/site-packages/airflow/example_dags/example_short_circuit_decorator.py
[2025-12-07T15:47:23.356+0000] {processor.py:830} INFO - Processing file /home/airflow/.local/lib/python3.8/site-packages/airflow/example_dags/example_short_circuit_decorator.py for tasks to queue
[2025-12-07T15:47:23.359+0000] {logging_mixin.py:188} INFO - [2025-12-07T15:47:23.359+0000] {dagbag.py:538} INFO - Filling up the DagBag from /home/airflow/.local/lib/python3.8/site-packages/airflow/example_dags/example_short_circuit_decorator.py
[2025-12-07T15:47:23.374+0000] {processor.py:840} INFO - DAG(s) 'example_short_circuit_decorator' retrieved from /home/airflow/.local/lib/python3.8/site-packages/airflow/example_dags/example_short_circuit_decorator.py
[2025-12-07T15:47:23.423+0000] {logging_mixin.py:188} INFO - [2025-12-07T15:47:23.422+0000] {dag.py:3036} INFO - Sync 1 DAGs
[2025-12-07T15:47:23.465+0000] {logging_mixin.py:188} INFO - [2025-12-07T15:47:23.465+0000] {dag.py:3823} INFO - Setting next_dagrun for example_short_circuit_decorator to 2025-12-06 00:00:00+00:00, run_after=2025-12-07 00:00:00+00:00
[2025-12-07T15:47:23.505+0000] {processor.py:183} INFO - Processing /home/airflow/.local/lib/python3.8/site-packages/airflow/example_dags/example_short_circuit_decorator.py took 0.157 seconds
[2025-12-07T15:47:53.856+0000] {processor.py:161} INFO - Started process (PID=5022) to work on /home/airflow/.local/lib/python3.8/site-packages/airflow/example_dags/example_short_circuit_decorator.py
[2025-12-07T15:47:53.858+0000] {processor.py:830} INFO - Processing file /home/airflow/.local/lib/python3.8/site-packages/airflow/example_dags/example_short_circuit_decorator.py for tasks to queue
[2025-12-07T15:47:53.861+0000] {logging_mixin.py:188} INFO - [2025-12-07T15:47:53.861+0000] {dagbag.py:538} INFO - Filling up the DagBag from /home/airflow/.local/lib/python3.8/site-packages/airflow/example_dags/example_short_circuit_decorator.py
[2025-12-07T15:47:53.873+0000] {processor.py:840} INFO - DAG(s) 'example_short_circuit_decorator' retrieved from /home/airflow/.local/lib/python3.8/site-packages/airflow/example_dags/example_short_circuit_decorator.py
[2025-12-07T15:47:53.904+0000] {logging_mixin.py:188} INFO - [2025-12-07T15:47:53.904+0000] {dag.py:3036} INFO - Sync 1 DAGs
[2025-12-07T15:47:53.933+0000] {logging_mixin.py:188} INFO - [2025-12-07T15:47:53.933+0000] {dag.py:3823} INFO - Setting next_dagrun for example_short_circuit_decorator to 2025-12-06 00:00:00+00:00, run_after=2025-12-07 00:00:00+00:00
[2025-12-07T15:47:53.966+0000] {processor.py:183} INFO - Processing /home/airflow/.local/lib/python3.8/site-packages/airflow/example_dags/example_short_circuit_decorator.py took 0.116 seconds
[2025-12-07T15:48:24.626+0000] {processor.py:161} INFO - Started process (PID=5083) to work on /home/airflow/.local/lib/python3.8/site-packages/airflow/example_dags/example_short_circuit_decorator.py
[2025-12-07T15:48:24.628+0000] {processor.py:830} INFO - Processing file /home/airflow/.local/lib/python3.8/site-packages/airflow/example_dags/example_short_circuit_decorator.py for tasks to queue
[2025-12-07T15:48:24.632+0000] {logging_mixin.py:188} INFO - [2025-12-07T15:48:24.631+0000] {dagbag.py:538} INFO - Filling up the DagBag from /home/airflow/.local/lib/python3.8/site-packages/airflow/example_dags/example_short_circuit_decorator.py
[2025-12-07T15:48:24.646+0000] {processor.py:840} INFO - DAG(s) 'example_short_circuit_decorator' retrieved from /home/airflow/.local/lib/python3.8/site-packages/airflow/example_dags/example_short_circuit_decorator.py
[2025-12-07T15:48:24.685+0000] {logging_mixin.py:188} INFO - [2025-12-07T15:48:24.684+0000] {dag.py:3036} INFO - Sync 1 DAGs
[2025-12-07T15:48:24.722+0000] {logging_mixin.py:188} INFO - [2025-12-07T15:48:24.721+0000] {dag.py:3823} INFO - Setting next_dagrun for example_short_circuit_decorator to 2025-12-06 00:00:00+00:00, run_after=2025-12-07 00:00:00+00:00
[2025-12-07T15:48:24.754+0000] {processor.py:183} INFO - Processing /home/airflow/.local/lib/python3.8/site-packages/airflow/example_dags/example_short_circuit_decorator.py took 0.133 seconds
[2025-12-07T15:48:55.212+0000] {processor.py:161} INFO - Started process (PID=5144) to work on /home/airflow/.local/lib/python3.8/site-packages/airflow/example_dags/example_short_circuit_decorator.py
[2025-12-07T15:48:55.214+0000] {processor.py:830} INFO - Processing file /home/airflow/.local/lib/python3.8/site-packages/airflow/example_dags/example_short_circuit_decorator.py for tasks to queue
[2025-12-07T15:48:55.217+0000] {logging_mixin.py:188} INFO - [2025-12-07T15:48:55.216+0000] {dagbag.py:538} INFO - Filling up the DagBag from /home/airflow/.local/lib/python3.8/site-packages/airflow/example_dags/example_short_circuit_decorator.py
[2025-12-07T15:48:55.233+0000] {processor.py:840} INFO - DAG(s) 'example_short_circuit_decorator' retrieved from /home/airflow/.local/lib/python3.8/site-packages/airflow/example_dags/example_short_circuit_decorator.py
[2025-12-07T15:48:55.279+0000] {logging_mixin.py:188} INFO - [2025-12-07T15:48:55.279+0000] {dag.py:3036} INFO - Sync 1 DAGs
[2025-12-07T15:48:55.310+0000] {logging_mixin.py:188} INFO - [2025-12-07T15:48:55.310+0000] {dag.py:3823} INFO - Setting next_dagrun for example_short_circuit_decorator to 2025-12-06 00:00:00+00:00, run_after=2025-12-07 00:00:00+00:00
[2025-12-07T15:48:55.343+0000] {processor.py:183} INFO - Processing /home/airflow/.local/lib/python3.8/site-packages/airflow/example_dags/example_short_circuit_decorator.py took 0.137 seconds
[2025-12-07T15:49:25.461+0000] {processor.py:161} INFO - Started process (PID=5206) to work on /home/airflow/.local/lib/python3.8/site-packages/airflow/example_dags/example_short_circuit_decorator.py
[2025-12-07T15:49:25.463+0000] {processor.py:830} INFO - Processing file /home/airflow/.local/lib/python3.8/site-packages/airflow/example_dags/example_short_circuit_decorator.py for tasks to queue
[2025-12-07T15:49:25.466+0000] {logging_mixin.py:188} INFO - [2025-12-07T15:49:25.466+0000] {dagbag.py:538} INFO - Filling up the DagBag from /home/airflow/.local/lib/python3.8/site-packages/airflow/example_dags/example_short_circuit_decorator.py
[2025-12-07T15:49:25.480+0000] {processor.py:840} INFO - DAG(s) 'example_short_circuit_decorator' retrieved from /home/airflow/.local/lib/python3.8/site-packages/airflow/example_dags/example_short_circuit_decorator.py
[2025-12-07T15:49:25.513+0000] {logging_mixin.py:188} INFO - [2025-12-07T15:49:25.512+0000] {dag.py:3036} INFO - Sync 1 DAGs
[2025-12-07T15:49:25.548+0000] {logging_mixin.py:188} INFO - [2025-12-07T15:49:25.547+0000] {dag.py:3823} INFO - Setting next_dagrun for example_short_circuit_decorator to 2025-12-06 00:00:00+00:00, run_after=2025-12-07 00:00:00+00:00
[2025-12-07T15:49:25.583+0000] {processor.py:183} INFO - Processing /home/airflow/.local/lib/python3.8/site-packages/airflow/example_dags/example_short_circuit_decorator.py took 0.127 seconds
[2025-12-07T15:49:55.976+0000] {processor.py:161} INFO - Started process (PID=5267) to work on /home/airflow/.local/lib/python3.8/site-packages/airflow/example_dags/example_short_circuit_decorator.py
[2025-12-07T15:49:55.978+0000] {processor.py:830} INFO - Processing file /home/airflow/.local/lib/python3.8/site-packages/airflow/example_dags/example_short_circuit_decorator.py for tasks to queue
[2025-12-07T15:49:55.985+0000] {logging_mixin.py:188} INFO - [2025-12-07T15:49:55.984+0000] {dagbag.py:538} INFO - Filling up the DagBag from /home/airflow/.local/lib/python3.8/site-packages/airflow/example_dags/example_short_circuit_decorator.py
[2025-12-07T15:49:55.999+0000] {processor.py:840} INFO - DAG(s) 'example_short_circuit_decorator' retrieved from /home/airflow/.local/lib/python3.8/site-packages/airflow/example_dags/example_short_circuit_decorator.py
[2025-12-07T15:49:56.032+0000] {logging_mixin.py:188} INFO - [2025-12-07T15:49:56.031+0000] {dag.py:3036} INFO - Sync 1 DAGs
[2025-12-07T15:49:56.063+0000] {logging_mixin.py:188} INFO - [2025-12-07T15:49:56.063+0000] {dag.py:3823} INFO - Setting next_dagrun for example_short_circuit_decorator to 2025-12-06 00:00:00+00:00, run_after=2025-12-07 00:00:00+00:00
[2025-12-07T15:49:56.092+0000] {processor.py:183} INFO - Processing /home/airflow/.local/lib/python3.8/site-packages/airflow/example_dags/example_short_circuit_decorator.py took 0.122 seconds
[2025-12-07T15:50:26.312+0000] {processor.py:161} INFO - Started process (PID=5328) to work on /home/airflow/.local/lib/python3.8/site-packages/airflow/example_dags/example_short_circuit_decorator.py
[2025-12-07T15:50:26.314+0000] {processor.py:830} INFO - Processing file /home/airflow/.local/lib/python3.8/site-packages/airflow/example_dags/example_short_circuit_decorator.py for tasks to queue
[2025-12-07T15:50:26.317+0000] {logging_mixin.py:188} INFO - [2025-12-07T15:50:26.317+0000] {dagbag.py:538} INFO - Filling up the DagBag from /home/airflow/.local/lib/python3.8/site-packages/airflow/example_dags/example_short_circuit_decorator.py
[2025-12-07T15:50:26.331+0000] {processor.py:840} INFO - DAG(s) 'example_short_circuit_decorator' retrieved from /home/airflow/.local/lib/python3.8/site-packages/airflow/example_dags/example_short_circuit_decorator.py
[2025-12-07T15:50:26.389+0000] {logging_mixin.py:188} INFO - [2025-12-07T15:50:26.388+0000] {dag.py:3036} INFO - Sync 1 DAGs
[2025-12-07T15:50:26.455+0000] {logging_mixin.py:188} INFO - [2025-12-07T15:50:26.455+0000] {dag.py:3823} INFO - Setting next_dagrun for example_short_circuit_decorator to 2025-12-06 00:00:00+00:00, run_after=2025-12-07 00:00:00+00:00
[2025-12-07T15:50:26.502+0000] {processor.py:183} INFO - Processing /home/airflow/.local/lib/python3.8/site-packages/airflow/example_dags/example_short_circuit_decorator.py took 0.195 seconds
[2025-12-07T15:50:56.930+0000] {processor.py:161} INFO - Started process (PID=5389) to work on /home/airflow/.local/lib/python3.8/site-packages/airflow/example_dags/example_short_circuit_decorator.py
[2025-12-07T15:50:56.931+0000] {processor.py:830} INFO - Processing file /home/airflow/.local/lib/python3.8/site-packages/airflow/example_dags/example_short_circuit_decorator.py for tasks to queue
[2025-12-07T15:50:56.935+0000] {logging_mixin.py:188} INFO - [2025-12-07T15:50:56.934+0000] {dagbag.py:538} INFO - Filling up the DagBag from /home/airflow/.local/lib/python3.8/site-packages/airflow/example_dags/example_short_circuit_decorator.py
[2025-12-07T15:50:56.947+0000] {processor.py:840} INFO - DAG(s) 'example_short_circuit_decorator' retrieved from /home/airflow/.local/lib/python3.8/site-packages/airflow/example_dags/example_short_circuit_decorator.py
[2025-12-07T15:50:56.980+0000] {logging_mixin.py:188} INFO - [2025-12-07T15:50:56.980+0000] {dag.py:3036} INFO - Sync 1 DAGs
[2025-12-07T15:50:57.012+0000] {logging_mixin.py:188} INFO - [2025-12-07T15:50:57.012+0000] {dag.py:3823} INFO - Setting next_dagrun for example_short_circuit_decorator to 2025-12-06 00:00:00+00:00, run_after=2025-12-07 00:00:00+00:00
[2025-12-07T15:50:57.043+0000] {processor.py:183} INFO - Processing /home/airflow/.local/lib/python3.8/site-packages/airflow/example_dags/example_short_circuit_decorator.py took 0.119 seconds
[2025-12-07T15:51:27.277+0000] {processor.py:161} INFO - Started process (PID=5450) to work on /home/airflow/.local/lib/python3.8/site-packages/airflow/example_dags/example_short_circuit_decorator.py
[2025-12-07T15:51:27.279+0000] {processor.py:830} INFO - Processing file /home/airflow/.local/lib/python3.8/site-packages/airflow/example_dags/example_short_circuit_decorator.py for tasks to queue
[2025-12-07T15:51:27.282+0000] {logging_mixin.py:188} INFO - [2025-12-07T15:51:27.281+0000] {dagbag.py:538} INFO - Filling up the DagBag from /home/airflow/.local/lib/python3.8/site-packages/airflow/example_dags/example_short_circuit_decorator.py
[2025-12-07T15:51:27.296+0000] {processor.py:840} INFO - DAG(s) 'example_short_circuit_decorator' retrieved from /home/airflow/.local/lib/python3.8/site-packages/airflow/example_dags/example_short_circuit_decorator.py
[2025-12-07T15:51:27.330+0000] {logging_mixin.py:188} INFO - [2025-12-07T15:51:27.329+0000] {dag.py:3036} INFO - Sync 1 DAGs
[2025-12-07T15:51:27.365+0000] {logging_mixin.py:188} INFO - [2025-12-07T15:51:27.365+0000] {dag.py:3823} INFO - Setting next_dagrun for example_short_circuit_decorator to 2025-12-06 00:00:00+00:00, run_after=2025-12-07 00:00:00+00:00
[2025-12-07T15:51:27.395+0000] {processor.py:183} INFO - Processing /home/airflow/.local/lib/python3.8/site-packages/airflow/example_dags/example_short_circuit_decorator.py took 0.123 seconds
[2025-12-07T15:51:57.780+0000] {processor.py:161} INFO - Started process (PID=5511) to work on /home/airflow/.local/lib/python3.8/site-packages/airflow/example_dags/example_short_circuit_decorator.py
[2025-12-07T15:51:57.781+0000] {processor.py:830} INFO - Processing file /home/airflow/.local/lib/python3.8/site-packages/airflow/example_dags/example_short_circuit_decorator.py for tasks to queue
[2025-12-07T15:51:57.784+0000] {logging_mixin.py:188} INFO - [2025-12-07T15:51:57.784+0000] {dagbag.py:538} INFO - Filling up the DagBag from /home/airflow/.local/lib/python3.8/site-packages/airflow/example_dags/example_short_circuit_decorator.py
[2025-12-07T15:51:57.799+0000] {processor.py:840} INFO - DAG(s) 'example_short_circuit_decorator' retrieved from /home/airflow/.local/lib/python3.8/site-packages/airflow/example_dags/example_short_circuit_decorator.py
[2025-12-07T15:51:57.833+0000] {logging_mixin.py:188} INFO - [2025-12-07T15:51:57.832+0000] {dag.py:3036} INFO - Sync 1 DAGs
[2025-12-07T15:51:57.868+0000] {logging_mixin.py:188} INFO - [2025-12-07T15:51:57.868+0000] {dag.py:3823} INFO - Setting next_dagrun for example_short_circuit_decorator to 2025-12-06 00:00:00+00:00, run_after=2025-12-07 00:00:00+00:00
[2025-12-07T15:51:57.902+0000] {processor.py:183} INFO - Processing /home/airflow/.local/lib/python3.8/site-packages/airflow/example_dags/example_short_circuit_decorator.py took 0.127 seconds
[2025-12-07T15:52:28.408+0000] {processor.py:161} INFO - Started process (PID=5572) to work on /home/airflow/.local/lib/python3.8/site-packages/airflow/example_dags/example_short_circuit_decorator.py
[2025-12-07T15:52:28.409+0000] {processor.py:830} INFO - Processing file /home/airflow/.local/lib/python3.8/site-packages/airflow/example_dags/example_short_circuit_decorator.py for tasks to queue
[2025-12-07T15:52:28.413+0000] {logging_mixin.py:188} INFO - [2025-12-07T15:52:28.413+0000] {dagbag.py:538} INFO - Filling up the DagBag from /home/airflow/.local/lib/python3.8/site-packages/airflow/example_dags/example_short_circuit_decorator.py
[2025-12-07T15:52:28.425+0000] {processor.py:840} INFO - DAG(s) 'example_short_circuit_decorator' retrieved from /home/airflow/.local/lib/python3.8/site-packages/airflow/example_dags/example_short_circuit_decorator.py
[2025-12-07T15:52:28.465+0000] {logging_mixin.py:188} INFO - [2025-12-07T15:52:28.465+0000] {dag.py:3036} INFO - Sync 1 DAGs
[2025-12-07T15:52:28.496+0000] {logging_mixin.py:188} INFO - [2025-12-07T15:52:28.495+0000] {dag.py:3823} INFO - Setting next_dagrun for example_short_circuit_decorator to 2025-12-06 00:00:00+00:00, run_after=2025-12-07 00:00:00+00:00
[2025-12-07T15:52:28.531+0000] {processor.py:183} INFO - Processing /home/airflow/.local/lib/python3.8/site-packages/airflow/example_dags/example_short_circuit_decorator.py took 0.132 seconds
[2025-12-07T15:52:58.570+0000] {processor.py:161} INFO - Started process (PID=5633) to work on /home/airflow/.local/lib/python3.8/site-packages/airflow/example_dags/example_short_circuit_decorator.py
[2025-12-07T15:52:58.571+0000] {processor.py:830} INFO - Processing file /home/airflow/.local/lib/python3.8/site-packages/airflow/example_dags/example_short_circuit_decorator.py for tasks to queue
[2025-12-07T15:52:58.574+0000] {logging_mixin.py:188} INFO - [2025-12-07T15:52:58.574+0000] {dagbag.py:538} INFO - Filling up the DagBag from /home/airflow/.local/lib/python3.8/site-packages/airflow/example_dags/example_short_circuit_decorator.py
[2025-12-07T15:52:58.585+0000] {processor.py:840} INFO - DAG(s) 'example_short_circuit_decorator' retrieved from /home/airflow/.local/lib/python3.8/site-packages/airflow/example_dags/example_short_circuit_decorator.py
[2025-12-07T15:52:58.617+0000] {logging_mixin.py:188} INFO - [2025-12-07T15:52:58.617+0000] {dag.py:3036} INFO - Sync 1 DAGs
[2025-12-07T15:52:58.647+0000] {logging_mixin.py:188} INFO - [2025-12-07T15:52:58.646+0000] {dag.py:3823} INFO - Setting next_dagrun for example_short_circuit_decorator to 2025-12-06 00:00:00+00:00, run_after=2025-12-07 00:00:00+00:00
[2025-12-07T15:52:58.673+0000] {processor.py:183} INFO - Processing /home/airflow/.local/lib/python3.8/site-packages/airflow/example_dags/example_short_circuit_decorator.py took 0.107 seconds
[2025-12-07T15:53:29.280+0000] {processor.py:161} INFO - Started process (PID=5694) to work on /home/airflow/.local/lib/python3.8/site-packages/airflow/example_dags/example_short_circuit_decorator.py
[2025-12-07T15:53:29.281+0000] {processor.py:830} INFO - Processing file /home/airflow/.local/lib/python3.8/site-packages/airflow/example_dags/example_short_circuit_decorator.py for tasks to queue
[2025-12-07T15:53:29.284+0000] {logging_mixin.py:188} INFO - [2025-12-07T15:53:29.283+0000] {dagbag.py:538} INFO - Filling up the DagBag from /home/airflow/.local/lib/python3.8/site-packages/airflow/example_dags/example_short_circuit_decorator.py
[2025-12-07T15:53:29.296+0000] {processor.py:840} INFO - DAG(s) 'example_short_circuit_decorator' retrieved from /home/airflow/.local/lib/python3.8/site-packages/airflow/example_dags/example_short_circuit_decorator.py
[2025-12-07T15:53:29.325+0000] {logging_mixin.py:188} INFO - [2025-12-07T15:53:29.324+0000] {dag.py:3036} INFO - Sync 1 DAGs
[2025-12-07T15:53:29.351+0000] {logging_mixin.py:188} INFO - [2025-12-07T15:53:29.350+0000] {dag.py:3823} INFO - Setting next_dagrun for example_short_circuit_decorator to 2025-12-06 00:00:00+00:00, run_after=2025-12-07 00:00:00+00:00
[2025-12-07T15:53:29.378+0000] {processor.py:183} INFO - Processing /home/airflow/.local/lib/python3.8/site-packages/airflow/example_dags/example_short_circuit_decorator.py took 0.102 seconds
[2025-12-07T15:53:59.666+0000] {processor.py:161} INFO - Started process (PID=5755) to work on /home/airflow/.local/lib/python3.8/site-packages/airflow/example_dags/example_short_circuit_decorator.py
[2025-12-07T15:53:59.668+0000] {processor.py:830} INFO - Processing file /home/airflow/.local/lib/python3.8/site-packages/airflow/example_dags/example_short_circuit_decorator.py for tasks to queue
[2025-12-07T15:53:59.671+0000] {logging_mixin.py:188} INFO - [2025-12-07T15:53:59.670+0000] {dagbag.py:538} INFO - Filling up the DagBag from /home/airflow/.local/lib/python3.8/site-packages/airflow/example_dags/example_short_circuit_decorator.py
[2025-12-07T15:53:59.686+0000] {processor.py:840} INFO - DAG(s) 'example_short_circuit_decorator' retrieved from /home/airflow/.local/lib/python3.8/site-packages/airflow/example_dags/example_short_circuit_decorator.py
[2025-12-07T15:53:59.725+0000] {logging_mixin.py:188} INFO - [2025-12-07T15:53:59.724+0000] {dag.py:3036} INFO - Sync 1 DAGs
[2025-12-07T15:53:59.757+0000] {logging_mixin.py:188} INFO - [2025-12-07T15:53:59.757+0000] {dag.py:3823} INFO - Setting next_dagrun for example_short_circuit_decorator to 2025-12-06 00:00:00+00:00, run_after=2025-12-07 00:00:00+00:00
[2025-12-07T15:53:59.790+0000] {processor.py:183} INFO - Processing /home/airflow/.local/lib/python3.8/site-packages/airflow/example_dags/example_short_circuit_decorator.py took 0.129 seconds
[2025-12-07T15:54:30.091+0000] {processor.py:161} INFO - Started process (PID=5815) to work on /home/airflow/.local/lib/python3.8/site-packages/airflow/example_dags/example_short_circuit_decorator.py
[2025-12-07T15:54:30.093+0000] {processor.py:830} INFO - Processing file /home/airflow/.local/lib/python3.8/site-packages/airflow/example_dags/example_short_circuit_decorator.py for tasks to queue
[2025-12-07T15:54:30.095+0000] {logging_mixin.py:188} INFO - [2025-12-07T15:54:30.095+0000] {dagbag.py:538} INFO - Filling up the DagBag from /home/airflow/.local/lib/python3.8/site-packages/airflow/example_dags/example_short_circuit_decorator.py
[2025-12-07T15:54:30.108+0000] {processor.py:840} INFO - DAG(s) 'example_short_circuit_decorator' retrieved from /home/airflow/.local/lib/python3.8/site-packages/airflow/example_dags/example_short_circuit_decorator.py
[2025-12-07T15:54:30.145+0000] {logging_mixin.py:188} INFO - [2025-12-07T15:54:30.145+0000] {dag.py:3036} INFO - Sync 1 DAGs
[2025-12-07T15:54:30.181+0000] {logging_mixin.py:188} INFO - [2025-12-07T15:54:30.181+0000] {dag.py:3823} INFO - Setting next_dagrun for example_short_circuit_decorator to 2025-12-06 00:00:00+00:00, run_after=2025-12-07 00:00:00+00:00
[2025-12-07T15:54:30.215+0000] {processor.py:183} INFO - Processing /home/airflow/.local/lib/python3.8/site-packages/airflow/example_dags/example_short_circuit_decorator.py took 0.129 seconds
[2025-12-07T15:55:00.268+0000] {processor.py:161} INFO - Started process (PID=5875) to work on /home/airflow/.local/lib/python3.8/site-packages/airflow/example_dags/example_short_circuit_decorator.py
[2025-12-07T15:55:00.270+0000] {processor.py:830} INFO - Processing file /home/airflow/.local/lib/python3.8/site-packages/airflow/example_dags/example_short_circuit_decorator.py for tasks to queue
[2025-12-07T15:55:00.272+0000] {logging_mixin.py:188} INFO - [2025-12-07T15:55:00.272+0000] {dagbag.py:538} INFO - Filling up the DagBag from /home/airflow/.local/lib/python3.8/site-packages/airflow/example_dags/example_short_circuit_decorator.py
[2025-12-07T15:55:00.284+0000] {processor.py:840} INFO - DAG(s) 'example_short_circuit_decorator' retrieved from /home/airflow/.local/lib/python3.8/site-packages/airflow/example_dags/example_short_circuit_decorator.py
[2025-12-07T15:55:00.314+0000] {logging_mixin.py:188} INFO - [2025-12-07T15:55:00.313+0000] {dag.py:3036} INFO - Sync 1 DAGs
[2025-12-07T15:55:00.339+0000] {logging_mixin.py:188} INFO - [2025-12-07T15:55:00.339+0000] {dag.py:3823} INFO - Setting next_dagrun for example_short_circuit_decorator to 2025-12-06 00:00:00+00:00, run_after=2025-12-07 00:00:00+00:00
[2025-12-07T15:55:00.365+0000] {processor.py:183} INFO - Processing /home/airflow/.local/lib/python3.8/site-packages/airflow/example_dags/example_short_circuit_decorator.py took 0.100 seconds
[2025-12-07T15:56:14.481+0000] {processor.py:161} INFO - Started process (PID=96) to work on /home/airflow/.local/lib/python3.8/site-packages/airflow/example_dags/example_short_circuit_decorator.py
[2025-12-07T15:56:14.482+0000] {processor.py:830} INFO - Processing file /home/airflow/.local/lib/python3.8/site-packages/airflow/example_dags/example_short_circuit_decorator.py for tasks to queue
[2025-12-07T15:56:14.486+0000] {logging_mixin.py:188} INFO - [2025-12-07T15:56:14.486+0000] {dagbag.py:538} INFO - Filling up the DagBag from /home/airflow/.local/lib/python3.8/site-packages/airflow/example_dags/example_short_circuit_decorator.py
[2025-12-07T15:56:14.505+0000] {processor.py:840} INFO - DAG(s) 'example_short_circuit_decorator' retrieved from /home/airflow/.local/lib/python3.8/site-packages/airflow/example_dags/example_short_circuit_decorator.py
[2025-12-07T15:56:14.691+0000] {logging_mixin.py:188} INFO - [2025-12-07T15:56:14.691+0000] {dag.py:3036} INFO - Sync 1 DAGs
[2025-12-07T15:56:14.719+0000] {logging_mixin.py:188} INFO - [2025-12-07T15:56:14.719+0000] {dag.py:3823} INFO - Setting next_dagrun for example_short_circuit_decorator to 2025-12-06 00:00:00+00:00, run_after=2025-12-07 00:00:00+00:00
[2025-12-07T15:56:14.755+0000] {processor.py:183} INFO - Processing /home/airflow/.local/lib/python3.8/site-packages/airflow/example_dags/example_short_circuit_decorator.py took 0.280 seconds
[2025-12-07T15:56:45.055+0000] {processor.py:161} INFO - Started process (PID=157) to work on /home/airflow/.local/lib/python3.8/site-packages/airflow/example_dags/example_short_circuit_decorator.py
[2025-12-07T15:56:45.058+0000] {processor.py:830} INFO - Processing file /home/airflow/.local/lib/python3.8/site-packages/airflow/example_dags/example_short_circuit_decorator.py for tasks to queue
[2025-12-07T15:56:45.060+0000] {logging_mixin.py:188} INFO - [2025-12-07T15:56:45.060+0000] {dagbag.py:538} INFO - Filling up the DagBag from /home/airflow/.local/lib/python3.8/site-packages/airflow/example_dags/example_short_circuit_decorator.py
[2025-12-07T15:56:45.076+0000] {processor.py:840} INFO - DAG(s) 'example_short_circuit_decorator' retrieved from /home/airflow/.local/lib/python3.8/site-packages/airflow/example_dags/example_short_circuit_decorator.py
[2025-12-07T15:56:45.120+0000] {logging_mixin.py:188} INFO - [2025-12-07T15:56:45.119+0000] {dag.py:3036} INFO - Sync 1 DAGs
[2025-12-07T15:56:45.164+0000] {logging_mixin.py:188} INFO - [2025-12-07T15:56:45.164+0000] {dag.py:3823} INFO - Setting next_dagrun for example_short_circuit_decorator to 2025-12-06 00:00:00+00:00, run_after=2025-12-07 00:00:00+00:00
[2025-12-07T15:56:45.197+0000] {processor.py:183} INFO - Processing /home/airflow/.local/lib/python3.8/site-packages/airflow/example_dags/example_short_circuit_decorator.py took 0.147 seconds
[2025-12-07T15:57:15.633+0000] {processor.py:161} INFO - Started process (PID=218) to work on /home/airflow/.local/lib/python3.8/site-packages/airflow/example_dags/example_short_circuit_decorator.py
[2025-12-07T15:57:15.635+0000] {processor.py:830} INFO - Processing file /home/airflow/.local/lib/python3.8/site-packages/airflow/example_dags/example_short_circuit_decorator.py for tasks to queue
[2025-12-07T15:57:15.639+0000] {logging_mixin.py:188} INFO - [2025-12-07T15:57:15.638+0000] {dagbag.py:538} INFO - Filling up the DagBag from /home/airflow/.local/lib/python3.8/site-packages/airflow/example_dags/example_short_circuit_decorator.py
[2025-12-07T15:57:15.652+0000] {processor.py:840} INFO - DAG(s) 'example_short_circuit_decorator' retrieved from /home/airflow/.local/lib/python3.8/site-packages/airflow/example_dags/example_short_circuit_decorator.py
[2025-12-07T15:57:15.695+0000] {logging_mixin.py:188} INFO - [2025-12-07T15:57:15.694+0000] {dag.py:3036} INFO - Sync 1 DAGs
[2025-12-07T15:57:15.728+0000] {logging_mixin.py:188} INFO - [2025-12-07T15:57:15.727+0000] {dag.py:3823} INFO - Setting next_dagrun for example_short_circuit_decorator to 2025-12-06 00:00:00+00:00, run_after=2025-12-07 00:00:00+00:00
[2025-12-07T15:57:15.761+0000] {processor.py:183} INFO - Processing /home/airflow/.local/lib/python3.8/site-packages/airflow/example_dags/example_short_circuit_decorator.py took 0.133 seconds
[2025-12-07T15:57:46.266+0000] {processor.py:161} INFO - Started process (PID=279) to work on /home/airflow/.local/lib/python3.8/site-packages/airflow/example_dags/example_short_circuit_decorator.py
[2025-12-07T15:57:46.267+0000] {processor.py:830} INFO - Processing file /home/airflow/.local/lib/python3.8/site-packages/airflow/example_dags/example_short_circuit_decorator.py for tasks to queue
[2025-12-07T15:57:46.270+0000] {logging_mixin.py:188} INFO - [2025-12-07T15:57:46.269+0000] {dagbag.py:538} INFO - Filling up the DagBag from /home/airflow/.local/lib/python3.8/site-packages/airflow/example_dags/example_short_circuit_decorator.py
[2025-12-07T15:57:46.284+0000] {processor.py:840} INFO - DAG(s) 'example_short_circuit_decorator' retrieved from /home/airflow/.local/lib/python3.8/site-packages/airflow/example_dags/example_short_circuit_decorator.py
[2025-12-07T15:57:46.320+0000] {logging_mixin.py:188} INFO - [2025-12-07T15:57:46.319+0000] {dag.py:3036} INFO - Sync 1 DAGs
[2025-12-07T15:57:46.351+0000] {logging_mixin.py:188} INFO - [2025-12-07T15:57:46.351+0000] {dag.py:3823} INFO - Setting next_dagrun for example_short_circuit_decorator to 2025-12-06 00:00:00+00:00, run_after=2025-12-07 00:00:00+00:00
[2025-12-07T15:57:46.381+0000] {processor.py:183} INFO - Processing /home/airflow/.local/lib/python3.8/site-packages/airflow/example_dags/example_short_circuit_decorator.py took 0.120 seconds
[2025-12-07T15:58:17.349+0000] {processor.py:161} INFO - Started process (PID=340) to work on /home/airflow/.local/lib/python3.8/site-packages/airflow/example_dags/example_short_circuit_decorator.py
[2025-12-07T15:58:17.351+0000] {processor.py:830} INFO - Processing file /home/airflow/.local/lib/python3.8/site-packages/airflow/example_dags/example_short_circuit_decorator.py for tasks to queue
[2025-12-07T15:58:17.354+0000] {logging_mixin.py:188} INFO - [2025-12-07T15:58:17.353+0000] {dagbag.py:538} INFO - Filling up the DagBag from /home/airflow/.local/lib/python3.8/site-packages/airflow/example_dags/example_short_circuit_decorator.py
[2025-12-07T15:58:17.374+0000] {processor.py:840} INFO - DAG(s) 'example_short_circuit_decorator' retrieved from /home/airflow/.local/lib/python3.8/site-packages/airflow/example_dags/example_short_circuit_decorator.py
[2025-12-07T15:58:17.415+0000] {logging_mixin.py:188} INFO - [2025-12-07T15:58:17.415+0000] {dag.py:3036} INFO - Sync 1 DAGs
[2025-12-07T15:58:17.453+0000] {logging_mixin.py:188} INFO - [2025-12-07T15:58:17.453+0000] {dag.py:3823} INFO - Setting next_dagrun for example_short_circuit_decorator to 2025-12-06 00:00:00+00:00, run_after=2025-12-07 00:00:00+00:00
[2025-12-07T15:58:17.494+0000] {processor.py:183} INFO - Processing /home/airflow/.local/lib/python3.8/site-packages/airflow/example_dags/example_short_circuit_decorator.py took 0.153 seconds
[2025-12-07T15:58:48.299+0000] {processor.py:161} INFO - Started process (PID=401) to work on /home/airflow/.local/lib/python3.8/site-packages/airflow/example_dags/example_short_circuit_decorator.py
[2025-12-07T15:58:48.300+0000] {processor.py:830} INFO - Processing file /home/airflow/.local/lib/python3.8/site-packages/airflow/example_dags/example_short_circuit_decorator.py for tasks to queue
[2025-12-07T15:58:48.302+0000] {logging_mixin.py:188} INFO - [2025-12-07T15:58:48.302+0000] {dagbag.py:538} INFO - Filling up the DagBag from /home/airflow/.local/lib/python3.8/site-packages/airflow/example_dags/example_short_circuit_decorator.py
[2025-12-07T15:58:48.316+0000] {processor.py:840} INFO - DAG(s) 'example_short_circuit_decorator' retrieved from /home/airflow/.local/lib/python3.8/site-packages/airflow/example_dags/example_short_circuit_decorator.py
[2025-12-07T15:58:48.353+0000] {logging_mixin.py:188} INFO - [2025-12-07T15:58:48.353+0000] {dag.py:3036} INFO - Sync 1 DAGs
[2025-12-07T15:58:48.391+0000] {logging_mixin.py:188} INFO - [2025-12-07T15:58:48.390+0000] {dag.py:3823} INFO - Setting next_dagrun for example_short_circuit_decorator to 2025-12-06 00:00:00+00:00, run_after=2025-12-07 00:00:00+00:00
[2025-12-07T15:58:48.427+0000] {processor.py:183} INFO - Processing /home/airflow/.local/lib/python3.8/site-packages/airflow/example_dags/example_short_circuit_decorator.py took 0.133 seconds
[2025-12-07T15:59:18.648+0000] {processor.py:161} INFO - Started process (PID=462) to work on /home/airflow/.local/lib/python3.8/site-packages/airflow/example_dags/example_short_circuit_decorator.py
[2025-12-07T15:59:18.649+0000] {processor.py:830} INFO - Processing file /home/airflow/.local/lib/python3.8/site-packages/airflow/example_dags/example_short_circuit_decorator.py for tasks to queue
[2025-12-07T15:59:18.652+0000] {logging_mixin.py:188} INFO - [2025-12-07T15:59:18.651+0000] {dagbag.py:538} INFO - Filling up the DagBag from /home/airflow/.local/lib/python3.8/site-packages/airflow/example_dags/example_short_circuit_decorator.py
[2025-12-07T15:59:18.666+0000] {processor.py:840} INFO - DAG(s) 'example_short_circuit_decorator' retrieved from /home/airflow/.local/lib/python3.8/site-packages/airflow/example_dags/example_short_circuit_decorator.py
[2025-12-07T15:59:18.699+0000] {logging_mixin.py:188} INFO - [2025-12-07T15:59:18.699+0000] {dag.py:3036} INFO - Sync 1 DAGs
[2025-12-07T15:59:18.728+0000] {logging_mixin.py:188} INFO - [2025-12-07T15:59:18.727+0000] {dag.py:3823} INFO - Setting next_dagrun for example_short_circuit_decorator to 2025-12-06 00:00:00+00:00, run_after=2025-12-07 00:00:00+00:00
[2025-12-07T15:59:18.760+0000] {processor.py:183} INFO - Processing /home/airflow/.local/lib/python3.8/site-packages/airflow/example_dags/example_short_circuit_decorator.py took 0.116 seconds
[2025-12-07T15:59:49.168+0000] {processor.py:161} INFO - Started process (PID=523) to work on /home/airflow/.local/lib/python3.8/site-packages/airflow/example_dags/example_short_circuit_decorator.py
[2025-12-07T15:59:49.170+0000] {processor.py:830} INFO - Processing file /home/airflow/.local/lib/python3.8/site-packages/airflow/example_dags/example_short_circuit_decorator.py for tasks to queue
[2025-12-07T15:59:49.173+0000] {logging_mixin.py:188} INFO - [2025-12-07T15:59:49.173+0000] {dagbag.py:538} INFO - Filling up the DagBag from /home/airflow/.local/lib/python3.8/site-packages/airflow/example_dags/example_short_circuit_decorator.py
[2025-12-07T15:59:49.189+0000] {processor.py:840} INFO - DAG(s) 'example_short_circuit_decorator' retrieved from /home/airflow/.local/lib/python3.8/site-packages/airflow/example_dags/example_short_circuit_decorator.py
[2025-12-07T15:59:49.229+0000] {logging_mixin.py:188} INFO - [2025-12-07T15:59:49.228+0000] {dag.py:3036} INFO - Sync 1 DAGs
[2025-12-07T15:59:49.266+0000] {logging_mixin.py:188} INFO - [2025-12-07T15:59:49.266+0000] {dag.py:3823} INFO - Setting next_dagrun for example_short_circuit_decorator to 2025-12-06 00:00:00+00:00, run_after=2025-12-07 00:00:00+00:00
[2025-12-07T15:59:49.301+0000] {processor.py:183} INFO - Processing /home/airflow/.local/lib/python3.8/site-packages/airflow/example_dags/example_short_circuit_decorator.py took 0.140 seconds
[2025-12-07T16:00:19.803+0000] {processor.py:161} INFO - Started process (PID=584) to work on /home/airflow/.local/lib/python3.8/site-packages/airflow/example_dags/example_short_circuit_decorator.py
[2025-12-07T16:00:19.805+0000] {processor.py:830} INFO - Processing file /home/airflow/.local/lib/python3.8/site-packages/airflow/example_dags/example_short_circuit_decorator.py for tasks to queue
[2025-12-07T16:00:19.809+0000] {logging_mixin.py:188} INFO - [2025-12-07T16:00:19.809+0000] {dagbag.py:538} INFO - Filling up the DagBag from /home/airflow/.local/lib/python3.8/site-packages/airflow/example_dags/example_short_circuit_decorator.py
[2025-12-07T16:00:19.829+0000] {processor.py:840} INFO - DAG(s) 'example_short_circuit_decorator' retrieved from /home/airflow/.local/lib/python3.8/site-packages/airflow/example_dags/example_short_circuit_decorator.py
[2025-12-07T16:00:19.860+0000] {logging_mixin.py:188} INFO - [2025-12-07T16:00:19.859+0000] {dag.py:3036} INFO - Sync 1 DAGs
[2025-12-07T16:00:19.890+0000] {logging_mixin.py:188} INFO - [2025-12-07T16:00:19.890+0000] {dag.py:3823} INFO - Setting next_dagrun for example_short_circuit_decorator to 2025-12-06 00:00:00+00:00, run_after=2025-12-07 00:00:00+00:00
[2025-12-07T16:00:19.920+0000] {processor.py:183} INFO - Processing /home/airflow/.local/lib/python3.8/site-packages/airflow/example_dags/example_short_circuit_decorator.py took 0.123 seconds
[2025-12-07T16:00:50.826+0000] {processor.py:161} INFO - Started process (PID=645) to work on /home/airflow/.local/lib/python3.8/site-packages/airflow/example_dags/example_short_circuit_decorator.py
[2025-12-07T16:00:50.827+0000] {processor.py:830} INFO - Processing file /home/airflow/.local/lib/python3.8/site-packages/airflow/example_dags/example_short_circuit_decorator.py for tasks to queue
[2025-12-07T16:00:50.830+0000] {logging_mixin.py:188} INFO - [2025-12-07T16:00:50.829+0000] {dagbag.py:538} INFO - Filling up the DagBag from /home/airflow/.local/lib/python3.8/site-packages/airflow/example_dags/example_short_circuit_decorator.py
[2025-12-07T16:00:50.842+0000] {processor.py:840} INFO - DAG(s) 'example_short_circuit_decorator' retrieved from /home/airflow/.local/lib/python3.8/site-packages/airflow/example_dags/example_short_circuit_decorator.py
[2025-12-07T16:00:50.876+0000] {logging_mixin.py:188} INFO - [2025-12-07T16:00:50.876+0000] {dag.py:3036} INFO - Sync 1 DAGs
[2025-12-07T16:00:50.906+0000] {logging_mixin.py:188} INFO - [2025-12-07T16:00:50.906+0000] {dag.py:3823} INFO - Setting next_dagrun for example_short_circuit_decorator to 2025-12-06 00:00:00+00:00, run_after=2025-12-07 00:00:00+00:00
[2025-12-07T16:00:50.939+0000] {processor.py:183} INFO - Processing /home/airflow/.local/lib/python3.8/site-packages/airflow/example_dags/example_short_circuit_decorator.py took 0.117 seconds
[2025-12-07T16:01:21.432+0000] {processor.py:161} INFO - Started process (PID=706) to work on /home/airflow/.local/lib/python3.8/site-packages/airflow/example_dags/example_short_circuit_decorator.py
[2025-12-07T16:01:21.434+0000] {processor.py:830} INFO - Processing file /home/airflow/.local/lib/python3.8/site-packages/airflow/example_dags/example_short_circuit_decorator.py for tasks to queue
[2025-12-07T16:01:21.436+0000] {logging_mixin.py:188} INFO - [2025-12-07T16:01:21.436+0000] {dagbag.py:538} INFO - Filling up the DagBag from /home/airflow/.local/lib/python3.8/site-packages/airflow/example_dags/example_short_circuit_decorator.py
[2025-12-07T16:01:21.451+0000] {processor.py:840} INFO - DAG(s) 'example_short_circuit_decorator' retrieved from /home/airflow/.local/lib/python3.8/site-packages/airflow/example_dags/example_short_circuit_decorator.py
[2025-12-07T16:01:21.489+0000] {logging_mixin.py:188} INFO - [2025-12-07T16:01:21.489+0000] {dag.py:3036} INFO - Sync 1 DAGs
[2025-12-07T16:01:21.524+0000] {logging_mixin.py:188} INFO - [2025-12-07T16:01:21.523+0000] {dag.py:3823} INFO - Setting next_dagrun for example_short_circuit_decorator to 2025-12-06 00:00:00+00:00, run_after=2025-12-07 00:00:00+00:00
[2025-12-07T16:01:21.554+0000] {processor.py:183} INFO - Processing /home/airflow/.local/lib/python3.8/site-packages/airflow/example_dags/example_short_circuit_decorator.py took 0.128 seconds
[2025-12-07T16:01:52.123+0000] {processor.py:161} INFO - Started process (PID=767) to work on /home/airflow/.local/lib/python3.8/site-packages/airflow/example_dags/example_short_circuit_decorator.py
[2025-12-07T16:01:52.125+0000] {processor.py:830} INFO - Processing file /home/airflow/.local/lib/python3.8/site-packages/airflow/example_dags/example_short_circuit_decorator.py for tasks to queue
[2025-12-07T16:01:52.128+0000] {logging_mixin.py:188} INFO - [2025-12-07T16:01:52.127+0000] {dagbag.py:538} INFO - Filling up the DagBag from /home/airflow/.local/lib/python3.8/site-packages/airflow/example_dags/example_short_circuit_decorator.py
[2025-12-07T16:01:52.141+0000] {processor.py:840} INFO - DAG(s) 'example_short_circuit_decorator' retrieved from /home/airflow/.local/lib/python3.8/site-packages/airflow/example_dags/example_short_circuit_decorator.py
[2025-12-07T16:01:52.178+0000] {logging_mixin.py:188} INFO - [2025-12-07T16:01:52.178+0000] {dag.py:3036} INFO - Sync 1 DAGs
[2025-12-07T16:01:52.210+0000] {logging_mixin.py:188} INFO - [2025-12-07T16:01:52.209+0000] {dag.py:3823} INFO - Setting next_dagrun for example_short_circuit_decorator to 2025-12-06 00:00:00+00:00, run_after=2025-12-07 00:00:00+00:00
[2025-12-07T16:01:52.242+0000] {processor.py:183} INFO - Processing /home/airflow/.local/lib/python3.8/site-packages/airflow/example_dags/example_short_circuit_decorator.py took 0.125 seconds
[2025-12-07T16:02:22.673+0000] {processor.py:161} INFO - Started process (PID=828) to work on /home/airflow/.local/lib/python3.8/site-packages/airflow/example_dags/example_short_circuit_decorator.py
[2025-12-07T16:02:22.675+0000] {processor.py:830} INFO - Processing file /home/airflow/.local/lib/python3.8/site-packages/airflow/example_dags/example_short_circuit_decorator.py for tasks to queue
[2025-12-07T16:02:22.678+0000] {logging_mixin.py:188} INFO - [2025-12-07T16:02:22.677+0000] {dagbag.py:538} INFO - Filling up the DagBag from /home/airflow/.local/lib/python3.8/site-packages/airflow/example_dags/example_short_circuit_decorator.py
[2025-12-07T16:02:22.690+0000] {processor.py:840} INFO - DAG(s) 'example_short_circuit_decorator' retrieved from /home/airflow/.local/lib/python3.8/site-packages/airflow/example_dags/example_short_circuit_decorator.py
[2025-12-07T16:02:22.727+0000] {logging_mixin.py:188} INFO - [2025-12-07T16:02:22.726+0000] {dag.py:3036} INFO - Sync 1 DAGs
[2025-12-07T16:02:22.754+0000] {logging_mixin.py:188} INFO - [2025-12-07T16:02:22.754+0000] {dag.py:3823} INFO - Setting next_dagrun for example_short_circuit_decorator to 2025-12-06 00:00:00+00:00, run_after=2025-12-07 00:00:00+00:00
[2025-12-07T16:02:22.785+0000] {processor.py:183} INFO - Processing /home/airflow/.local/lib/python3.8/site-packages/airflow/example_dags/example_short_circuit_decorator.py took 0.118 seconds
[2025-12-07T16:02:53.554+0000] {processor.py:161} INFO - Started process (PID=888) to work on /home/airflow/.local/lib/python3.8/site-packages/airflow/example_dags/example_short_circuit_decorator.py
[2025-12-07T16:02:53.555+0000] {processor.py:830} INFO - Processing file /home/airflow/.local/lib/python3.8/site-packages/airflow/example_dags/example_short_circuit_decorator.py for tasks to queue
[2025-12-07T16:02:53.558+0000] {logging_mixin.py:188} INFO - [2025-12-07T16:02:53.557+0000] {dagbag.py:538} INFO - Filling up the DagBag from /home/airflow/.local/lib/python3.8/site-packages/airflow/example_dags/example_short_circuit_decorator.py
[2025-12-07T16:02:53.569+0000] {processor.py:840} INFO - DAG(s) 'example_short_circuit_decorator' retrieved from /home/airflow/.local/lib/python3.8/site-packages/airflow/example_dags/example_short_circuit_decorator.py
[2025-12-07T16:02:53.605+0000] {logging_mixin.py:188} INFO - [2025-12-07T16:02:53.605+0000] {dag.py:3036} INFO - Sync 1 DAGs
[2025-12-07T16:02:53.636+0000] {logging_mixin.py:188} INFO - [2025-12-07T16:02:53.636+0000] {dag.py:3823} INFO - Setting next_dagrun for example_short_circuit_decorator to 2025-12-06 00:00:00+00:00, run_after=2025-12-07 00:00:00+00:00
[2025-12-07T16:02:53.670+0000] {processor.py:183} INFO - Processing /home/airflow/.local/lib/python3.8/site-packages/airflow/example_dags/example_short_circuit_decorator.py took 0.120 seconds
[2025-12-07T16:03:23.761+0000] {processor.py:161} INFO - Started process (PID=948) to work on /home/airflow/.local/lib/python3.8/site-packages/airflow/example_dags/example_short_circuit_decorator.py
[2025-12-07T16:03:23.762+0000] {processor.py:830} INFO - Processing file /home/airflow/.local/lib/python3.8/site-packages/airflow/example_dags/example_short_circuit_decorator.py for tasks to queue
[2025-12-07T16:03:23.766+0000] {logging_mixin.py:188} INFO - [2025-12-07T16:03:23.765+0000] {dagbag.py:538} INFO - Filling up the DagBag from /home/airflow/.local/lib/python3.8/site-packages/airflow/example_dags/example_short_circuit_decorator.py
[2025-12-07T16:03:23.776+0000] {processor.py:840} INFO - DAG(s) 'example_short_circuit_decorator' retrieved from /home/airflow/.local/lib/python3.8/site-packages/airflow/example_dags/example_short_circuit_decorator.py
[2025-12-07T16:03:23.803+0000] {logging_mixin.py:188} INFO - [2025-12-07T16:03:23.803+0000] {dag.py:3036} INFO - Sync 1 DAGs
[2025-12-07T16:03:23.827+0000] {logging_mixin.py:188} INFO - [2025-12-07T16:03:23.826+0000] {dag.py:3823} INFO - Setting next_dagrun for example_short_circuit_decorator to 2025-12-06 00:00:00+00:00, run_after=2025-12-07 00:00:00+00:00
[2025-12-07T16:03:23.851+0000] {processor.py:183} INFO - Processing /home/airflow/.local/lib/python3.8/site-packages/airflow/example_dags/example_short_circuit_decorator.py took 0.096 seconds
[2025-12-07T16:03:54.328+0000] {processor.py:161} INFO - Started process (PID=1009) to work on /home/airflow/.local/lib/python3.8/site-packages/airflow/example_dags/example_short_circuit_decorator.py
[2025-12-07T16:03:54.330+0000] {processor.py:830} INFO - Processing file /home/airflow/.local/lib/python3.8/site-packages/airflow/example_dags/example_short_circuit_decorator.py for tasks to queue
[2025-12-07T16:03:54.333+0000] {logging_mixin.py:188} INFO - [2025-12-07T16:03:54.332+0000] {dagbag.py:538} INFO - Filling up the DagBag from /home/airflow/.local/lib/python3.8/site-packages/airflow/example_dags/example_short_circuit_decorator.py
[2025-12-07T16:03:54.346+0000] {processor.py:840} INFO - DAG(s) 'example_short_circuit_decorator' retrieved from /home/airflow/.local/lib/python3.8/site-packages/airflow/example_dags/example_short_circuit_decorator.py
[2025-12-07T16:03:54.381+0000] {logging_mixin.py:188} INFO - [2025-12-07T16:03:54.380+0000] {dag.py:3036} INFO - Sync 1 DAGs
[2025-12-07T16:03:54.410+0000] {logging_mixin.py:188} INFO - [2025-12-07T16:03:54.409+0000] {dag.py:3823} INFO - Setting next_dagrun for example_short_circuit_decorator to 2025-12-06 00:00:00+00:00, run_after=2025-12-07 00:00:00+00:00
[2025-12-07T16:03:54.442+0000] {processor.py:183} INFO - Processing /home/airflow/.local/lib/python3.8/site-packages/airflow/example_dags/example_short_circuit_decorator.py took 0.120 seconds
[2025-12-07T16:04:24.746+0000] {processor.py:161} INFO - Started process (PID=1070) to work on /home/airflow/.local/lib/python3.8/site-packages/airflow/example_dags/example_short_circuit_decorator.py
[2025-12-07T16:04:24.747+0000] {processor.py:830} INFO - Processing file /home/airflow/.local/lib/python3.8/site-packages/airflow/example_dags/example_short_circuit_decorator.py for tasks to queue
[2025-12-07T16:04:24.750+0000] {logging_mixin.py:188} INFO - [2025-12-07T16:04:24.749+0000] {dagbag.py:538} INFO - Filling up the DagBag from /home/airflow/.local/lib/python3.8/site-packages/airflow/example_dags/example_short_circuit_decorator.py
[2025-12-07T16:04:24.764+0000] {processor.py:840} INFO - DAG(s) 'example_short_circuit_decorator' retrieved from /home/airflow/.local/lib/python3.8/site-packages/airflow/example_dags/example_short_circuit_decorator.py
[2025-12-07T16:04:24.796+0000] {logging_mixin.py:188} INFO - [2025-12-07T16:04:24.796+0000] {dag.py:3036} INFO - Sync 1 DAGs
[2025-12-07T16:04:24.826+0000] {logging_mixin.py:188} INFO - [2025-12-07T16:04:24.826+0000] {dag.py:3823} INFO - Setting next_dagrun for example_short_circuit_decorator to 2025-12-06 00:00:00+00:00, run_after=2025-12-07 00:00:00+00:00
[2025-12-07T16:04:24.858+0000] {processor.py:183} INFO - Processing /home/airflow/.local/lib/python3.8/site-packages/airflow/example_dags/example_short_circuit_decorator.py took 0.119 seconds
[2025-12-07T16:04:55.048+0000] {processor.py:161} INFO - Started process (PID=1130) to work on /home/airflow/.local/lib/python3.8/site-packages/airflow/example_dags/example_short_circuit_decorator.py
[2025-12-07T16:04:55.050+0000] {processor.py:830} INFO - Processing file /home/airflow/.local/lib/python3.8/site-packages/airflow/example_dags/example_short_circuit_decorator.py for tasks to queue
[2025-12-07T16:04:55.053+0000] {logging_mixin.py:188} INFO - [2025-12-07T16:04:55.053+0000] {dagbag.py:538} INFO - Filling up the DagBag from /home/airflow/.local/lib/python3.8/site-packages/airflow/example_dags/example_short_circuit_decorator.py
[2025-12-07T16:04:55.070+0000] {processor.py:840} INFO - DAG(s) 'example_short_circuit_decorator' retrieved from /home/airflow/.local/lib/python3.8/site-packages/airflow/example_dags/example_short_circuit_decorator.py
[2025-12-07T16:04:55.100+0000] {logging_mixin.py:188} INFO - [2025-12-07T16:04:55.100+0000] {dag.py:3036} INFO - Sync 1 DAGs
[2025-12-07T16:04:55.127+0000] {logging_mixin.py:188} INFO - [2025-12-07T16:04:55.127+0000] {dag.py:3823} INFO - Setting next_dagrun for example_short_circuit_decorator to 2025-12-06 00:00:00+00:00, run_after=2025-12-07 00:00:00+00:00
[2025-12-07T16:04:55.156+0000] {processor.py:183} INFO - Processing /home/airflow/.local/lib/python3.8/site-packages/airflow/example_dags/example_short_circuit_decorator.py took 0.112 seconds
[2025-12-07T16:05:25.633+0000] {processor.py:161} INFO - Started process (PID=1191) to work on /home/airflow/.local/lib/python3.8/site-packages/airflow/example_dags/example_short_circuit_decorator.py
[2025-12-07T16:05:25.635+0000] {processor.py:830} INFO - Processing file /home/airflow/.local/lib/python3.8/site-packages/airflow/example_dags/example_short_circuit_decorator.py for tasks to queue
[2025-12-07T16:05:25.637+0000] {logging_mixin.py:188} INFO - [2025-12-07T16:05:25.637+0000] {dagbag.py:538} INFO - Filling up the DagBag from /home/airflow/.local/lib/python3.8/site-packages/airflow/example_dags/example_short_circuit_decorator.py
[2025-12-07T16:05:25.648+0000] {processor.py:840} INFO - DAG(s) 'example_short_circuit_decorator' retrieved from /home/airflow/.local/lib/python3.8/site-packages/airflow/example_dags/example_short_circuit_decorator.py
[2025-12-07T16:05:25.677+0000] {logging_mixin.py:188} INFO - [2025-12-07T16:05:25.677+0000] {dag.py:3036} INFO - Sync 1 DAGs
[2025-12-07T16:05:25.705+0000] {logging_mixin.py:188} INFO - [2025-12-07T16:05:25.705+0000] {dag.py:3823} INFO - Setting next_dagrun for example_short_circuit_decorator to 2025-12-06 00:00:00+00:00, run_after=2025-12-07 00:00:00+00:00
[2025-12-07T16:05:25.733+0000] {processor.py:183} INFO - Processing /home/airflow/.local/lib/python3.8/site-packages/airflow/example_dags/example_short_circuit_decorator.py took 0.104 seconds
[2025-12-07T16:05:56.096+0000] {processor.py:161} INFO - Started process (PID=1252) to work on /home/airflow/.local/lib/python3.8/site-packages/airflow/example_dags/example_short_circuit_decorator.py
[2025-12-07T16:05:56.098+0000] {processor.py:830} INFO - Processing file /home/airflow/.local/lib/python3.8/site-packages/airflow/example_dags/example_short_circuit_decorator.py for tasks to queue
[2025-12-07T16:05:56.101+0000] {logging_mixin.py:188} INFO - [2025-12-07T16:05:56.100+0000] {dagbag.py:538} INFO - Filling up the DagBag from /home/airflow/.local/lib/python3.8/site-packages/airflow/example_dags/example_short_circuit_decorator.py
[2025-12-07T16:05:56.112+0000] {processor.py:840} INFO - DAG(s) 'example_short_circuit_decorator' retrieved from /home/airflow/.local/lib/python3.8/site-packages/airflow/example_dags/example_short_circuit_decorator.py
[2025-12-07T16:05:56.140+0000] {logging_mixin.py:188} INFO - [2025-12-07T16:05:56.140+0000] {dag.py:3036} INFO - Sync 1 DAGs
[2025-12-07T16:05:56.175+0000] {logging_mixin.py:188} INFO - [2025-12-07T16:05:56.174+0000] {dag.py:3823} INFO - Setting next_dagrun for example_short_circuit_decorator to 2025-12-06 00:00:00+00:00, run_after=2025-12-07 00:00:00+00:00
[2025-12-07T16:05:56.201+0000] {processor.py:183} INFO - Processing /home/airflow/.local/lib/python3.8/site-packages/airflow/example_dags/example_short_circuit_decorator.py took 0.109 seconds
[2025-12-07T16:06:26.414+0000] {processor.py:161} INFO - Started process (PID=1313) to work on /home/airflow/.local/lib/python3.8/site-packages/airflow/example_dags/example_short_circuit_decorator.py
[2025-12-07T16:06:26.416+0000] {processor.py:830} INFO - Processing file /home/airflow/.local/lib/python3.8/site-packages/airflow/example_dags/example_short_circuit_decorator.py for tasks to queue
[2025-12-07T16:06:26.418+0000] {logging_mixin.py:188} INFO - [2025-12-07T16:06:26.418+0000] {dagbag.py:538} INFO - Filling up the DagBag from /home/airflow/.local/lib/python3.8/site-packages/airflow/example_dags/example_short_circuit_decorator.py
[2025-12-07T16:06:26.434+0000] {processor.py:840} INFO - DAG(s) 'example_short_circuit_decorator' retrieved from /home/airflow/.local/lib/python3.8/site-packages/airflow/example_dags/example_short_circuit_decorator.py
[2025-12-07T16:06:26.476+0000] {logging_mixin.py:188} INFO - [2025-12-07T16:06:26.475+0000] {dag.py:3036} INFO - Sync 1 DAGs
[2025-12-07T16:06:26.517+0000] {logging_mixin.py:188} INFO - [2025-12-07T16:06:26.517+0000] {dag.py:3823} INFO - Setting next_dagrun for example_short_circuit_decorator to 2025-12-06 00:00:00+00:00, run_after=2025-12-07 00:00:00+00:00
[2025-12-07T16:06:26.548+0000] {processor.py:183} INFO - Processing /home/airflow/.local/lib/python3.8/site-packages/airflow/example_dags/example_short_circuit_decorator.py took 0.141 seconds
[2025-12-07T16:06:56.899+0000] {processor.py:161} INFO - Started process (PID=1374) to work on /home/airflow/.local/lib/python3.8/site-packages/airflow/example_dags/example_short_circuit_decorator.py
[2025-12-07T16:06:56.901+0000] {processor.py:830} INFO - Processing file /home/airflow/.local/lib/python3.8/site-packages/airflow/example_dags/example_short_circuit_decorator.py for tasks to queue
[2025-12-07T16:06:56.906+0000] {logging_mixin.py:188} INFO - [2025-12-07T16:06:56.905+0000] {dagbag.py:538} INFO - Filling up the DagBag from /home/airflow/.local/lib/python3.8/site-packages/airflow/example_dags/example_short_circuit_decorator.py
[2025-12-07T16:06:56.922+0000] {processor.py:840} INFO - DAG(s) 'example_short_circuit_decorator' retrieved from /home/airflow/.local/lib/python3.8/site-packages/airflow/example_dags/example_short_circuit_decorator.py
[2025-12-07T16:06:56.959+0000] {logging_mixin.py:188} INFO - [2025-12-07T16:06:56.959+0000] {dag.py:3036} INFO - Sync 1 DAGs
[2025-12-07T16:06:56.994+0000] {logging_mixin.py:188} INFO - [2025-12-07T16:06:56.993+0000] {dag.py:3823} INFO - Setting next_dagrun for example_short_circuit_decorator to 2025-12-06 00:00:00+00:00, run_after=2025-12-07 00:00:00+00:00
[2025-12-07T16:06:57.029+0000] {processor.py:183} INFO - Processing /home/airflow/.local/lib/python3.8/site-packages/airflow/example_dags/example_short_circuit_decorator.py took 0.138 seconds
[2025-12-07T16:07:27.406+0000] {processor.py:161} INFO - Started process (PID=1435) to work on /home/airflow/.local/lib/python3.8/site-packages/airflow/example_dags/example_short_circuit_decorator.py
[2025-12-07T16:07:27.408+0000] {processor.py:830} INFO - Processing file /home/airflow/.local/lib/python3.8/site-packages/airflow/example_dags/example_short_circuit_decorator.py for tasks to queue
[2025-12-07T16:07:27.411+0000] {logging_mixin.py:188} INFO - [2025-12-07T16:07:27.411+0000] {dagbag.py:538} INFO - Filling up the DagBag from /home/airflow/.local/lib/python3.8/site-packages/airflow/example_dags/example_short_circuit_decorator.py
[2025-12-07T16:07:27.423+0000] {processor.py:840} INFO - DAG(s) 'example_short_circuit_decorator' retrieved from /home/airflow/.local/lib/python3.8/site-packages/airflow/example_dags/example_short_circuit_decorator.py
[2025-12-07T16:07:27.456+0000] {logging_mixin.py:188} INFO - [2025-12-07T16:07:27.455+0000] {dag.py:3036} INFO - Sync 1 DAGs
[2025-12-07T16:07:27.483+0000] {logging_mixin.py:188} INFO - [2025-12-07T16:07:27.482+0000] {dag.py:3823} INFO - Setting next_dagrun for example_short_circuit_decorator to 2025-12-06 00:00:00+00:00, run_after=2025-12-07 00:00:00+00:00
[2025-12-07T16:07:27.515+0000] {processor.py:183} INFO - Processing /home/airflow/.local/lib/python3.8/site-packages/airflow/example_dags/example_short_circuit_decorator.py took 0.115 seconds
[2025-12-07T16:07:57.706+0000] {processor.py:161} INFO - Started process (PID=1496) to work on /home/airflow/.local/lib/python3.8/site-packages/airflow/example_dags/example_short_circuit_decorator.py
[2025-12-07T16:07:57.707+0000] {processor.py:830} INFO - Processing file /home/airflow/.local/lib/python3.8/site-packages/airflow/example_dags/example_short_circuit_decorator.py for tasks to queue
[2025-12-07T16:07:57.710+0000] {logging_mixin.py:188} INFO - [2025-12-07T16:07:57.710+0000] {dagbag.py:538} INFO - Filling up the DagBag from /home/airflow/.local/lib/python3.8/site-packages/airflow/example_dags/example_short_circuit_decorator.py
[2025-12-07T16:07:57.730+0000] {processor.py:840} INFO - DAG(s) 'example_short_circuit_decorator' retrieved from /home/airflow/.local/lib/python3.8/site-packages/airflow/example_dags/example_short_circuit_decorator.py
[2025-12-07T16:07:57.778+0000] {logging_mixin.py:188} INFO - [2025-12-07T16:07:57.777+0000] {dag.py:3036} INFO - Sync 1 DAGs
[2025-12-07T16:07:57.824+0000] {logging_mixin.py:188} INFO - [2025-12-07T16:07:57.824+0000] {dag.py:3823} INFO - Setting next_dagrun for example_short_circuit_decorator to 2025-12-06 00:00:00+00:00, run_after=2025-12-07 00:00:00+00:00
[2025-12-07T16:07:57.866+0000] {processor.py:183} INFO - Processing /home/airflow/.local/lib/python3.8/site-packages/airflow/example_dags/example_short_circuit_decorator.py took 0.166 seconds
[2025-12-07T16:08:28.610+0000] {processor.py:161} INFO - Started process (PID=1557) to work on /home/airflow/.local/lib/python3.8/site-packages/airflow/example_dags/example_short_circuit_decorator.py
[2025-12-07T16:08:28.611+0000] {processor.py:830} INFO - Processing file /home/airflow/.local/lib/python3.8/site-packages/airflow/example_dags/example_short_circuit_decorator.py for tasks to queue
[2025-12-07T16:08:28.614+0000] {logging_mixin.py:188} INFO - [2025-12-07T16:08:28.614+0000] {dagbag.py:538} INFO - Filling up the DagBag from /home/airflow/.local/lib/python3.8/site-packages/airflow/example_dags/example_short_circuit_decorator.py
[2025-12-07T16:08:28.626+0000] {processor.py:840} INFO - DAG(s) 'example_short_circuit_decorator' retrieved from /home/airflow/.local/lib/python3.8/site-packages/airflow/example_dags/example_short_circuit_decorator.py
[2025-12-07T16:08:28.659+0000] {logging_mixin.py:188} INFO - [2025-12-07T16:08:28.658+0000] {dag.py:3036} INFO - Sync 1 DAGs
[2025-12-07T16:08:28.689+0000] {logging_mixin.py:188} INFO - [2025-12-07T16:08:28.689+0000] {dag.py:3823} INFO - Setting next_dagrun for example_short_circuit_decorator to 2025-12-06 00:00:00+00:00, run_after=2025-12-07 00:00:00+00:00
[2025-12-07T16:08:28.721+0000] {processor.py:183} INFO - Processing /home/airflow/.local/lib/python3.8/site-packages/airflow/example_dags/example_short_circuit_decorator.py took 0.117 seconds
[2025-12-07T16:08:58.958+0000] {processor.py:161} INFO - Started process (PID=1618) to work on /home/airflow/.local/lib/python3.8/site-packages/airflow/example_dags/example_short_circuit_decorator.py
[2025-12-07T16:08:58.960+0000] {processor.py:830} INFO - Processing file /home/airflow/.local/lib/python3.8/site-packages/airflow/example_dags/example_short_circuit_decorator.py for tasks to queue
[2025-12-07T16:08:58.964+0000] {logging_mixin.py:188} INFO - [2025-12-07T16:08:58.963+0000] {dagbag.py:538} INFO - Filling up the DagBag from /home/airflow/.local/lib/python3.8/site-packages/airflow/example_dags/example_short_circuit_decorator.py
[2025-12-07T16:08:58.981+0000] {processor.py:840} INFO - DAG(s) 'example_short_circuit_decorator' retrieved from /home/airflow/.local/lib/python3.8/site-packages/airflow/example_dags/example_short_circuit_decorator.py
[2025-12-07T16:08:59.029+0000] {logging_mixin.py:188} INFO - [2025-12-07T16:08:59.028+0000] {dag.py:3036} INFO - Sync 1 DAGs
[2025-12-07T16:08:59.065+0000] {logging_mixin.py:188} INFO - [2025-12-07T16:08:59.065+0000] {dag.py:3823} INFO - Setting next_dagrun for example_short_circuit_decorator to 2025-12-06 00:00:00+00:00, run_after=2025-12-07 00:00:00+00:00
[2025-12-07T16:08:59.098+0000] {processor.py:183} INFO - Processing /home/airflow/.local/lib/python3.8/site-packages/airflow/example_dags/example_short_circuit_decorator.py took 0.147 seconds
[2025-12-07T16:09:29.299+0000] {processor.py:161} INFO - Started process (PID=1679) to work on /home/airflow/.local/lib/python3.8/site-packages/airflow/example_dags/example_short_circuit_decorator.py
[2025-12-07T16:09:29.300+0000] {processor.py:830} INFO - Processing file /home/airflow/.local/lib/python3.8/site-packages/airflow/example_dags/example_short_circuit_decorator.py for tasks to queue
[2025-12-07T16:09:29.304+0000] {logging_mixin.py:188} INFO - [2025-12-07T16:09:29.303+0000] {dagbag.py:538} INFO - Filling up the DagBag from /home/airflow/.local/lib/python3.8/site-packages/airflow/example_dags/example_short_circuit_decorator.py
[2025-12-07T16:09:29.318+0000] {processor.py:840} INFO - DAG(s) 'example_short_circuit_decorator' retrieved from /home/airflow/.local/lib/python3.8/site-packages/airflow/example_dags/example_short_circuit_decorator.py
[2025-12-07T16:09:29.353+0000] {logging_mixin.py:188} INFO - [2025-12-07T16:09:29.352+0000] {dag.py:3036} INFO - Sync 1 DAGs
[2025-12-07T16:09:29.381+0000] {logging_mixin.py:188} INFO - [2025-12-07T16:09:29.381+0000] {dag.py:3823} INFO - Setting next_dagrun for example_short_circuit_decorator to 2025-12-06 00:00:00+00:00, run_after=2025-12-07 00:00:00+00:00
[2025-12-07T16:09:29.418+0000] {processor.py:183} INFO - Processing /home/airflow/.local/lib/python3.8/site-packages/airflow/example_dags/example_short_circuit_decorator.py took 0.126 seconds
[2025-12-07T16:09:59.721+0000] {processor.py:161} INFO - Started process (PID=1740) to work on /home/airflow/.local/lib/python3.8/site-packages/airflow/example_dags/example_short_circuit_decorator.py
[2025-12-07T16:09:59.723+0000] {processor.py:830} INFO - Processing file /home/airflow/.local/lib/python3.8/site-packages/airflow/example_dags/example_short_circuit_decorator.py for tasks to queue
[2025-12-07T16:09:59.725+0000] {logging_mixin.py:188} INFO - [2025-12-07T16:09:59.725+0000] {dagbag.py:538} INFO - Filling up the DagBag from /home/airflow/.local/lib/python3.8/site-packages/airflow/example_dags/example_short_circuit_decorator.py
[2025-12-07T16:09:59.738+0000] {processor.py:840} INFO - DAG(s) 'example_short_circuit_decorator' retrieved from /home/airflow/.local/lib/python3.8/site-packages/airflow/example_dags/example_short_circuit_decorator.py
[2025-12-07T16:09:59.776+0000] {logging_mixin.py:188} INFO - [2025-12-07T16:09:59.776+0000] {dag.py:3036} INFO - Sync 1 DAGs
[2025-12-07T16:09:59.810+0000] {logging_mixin.py:188} INFO - [2025-12-07T16:09:59.810+0000] {dag.py:3823} INFO - Setting next_dagrun for example_short_circuit_decorator to 2025-12-06 00:00:00+00:00, run_after=2025-12-07 00:00:00+00:00
[2025-12-07T16:09:59.840+0000] {processor.py:183} INFO - Processing /home/airflow/.local/lib/python3.8/site-packages/airflow/example_dags/example_short_circuit_decorator.py took 0.126 seconds
[2025-12-07T16:10:29.899+0000] {processor.py:161} INFO - Started process (PID=1801) to work on /home/airflow/.local/lib/python3.8/site-packages/airflow/example_dags/example_short_circuit_decorator.py
[2025-12-07T16:10:29.901+0000] {processor.py:830} INFO - Processing file /home/airflow/.local/lib/python3.8/site-packages/airflow/example_dags/example_short_circuit_decorator.py for tasks to queue
[2025-12-07T16:10:29.904+0000] {logging_mixin.py:188} INFO - [2025-12-07T16:10:29.903+0000] {dagbag.py:538} INFO - Filling up the DagBag from /home/airflow/.local/lib/python3.8/site-packages/airflow/example_dags/example_short_circuit_decorator.py
[2025-12-07T16:10:29.915+0000] {processor.py:840} INFO - DAG(s) 'example_short_circuit_decorator' retrieved from /home/airflow/.local/lib/python3.8/site-packages/airflow/example_dags/example_short_circuit_decorator.py
[2025-12-07T16:10:29.945+0000] {logging_mixin.py:188} INFO - [2025-12-07T16:10:29.945+0000] {dag.py:3036} INFO - Sync 1 DAGs
[2025-12-07T16:10:29.969+0000] {logging_mixin.py:188} INFO - [2025-12-07T16:10:29.969+0000] {dag.py:3823} INFO - Setting next_dagrun for example_short_circuit_decorator to 2025-12-06 00:00:00+00:00, run_after=2025-12-07 00:00:00+00:00
[2025-12-07T16:10:29.997+0000] {processor.py:183} INFO - Processing /home/airflow/.local/lib/python3.8/site-packages/airflow/example_dags/example_short_circuit_decorator.py took 0.103 seconds
[2025-12-07T16:11:00.328+0000] {processor.py:161} INFO - Started process (PID=1862) to work on /home/airflow/.local/lib/python3.8/site-packages/airflow/example_dags/example_short_circuit_decorator.py
[2025-12-07T16:11:00.330+0000] {processor.py:830} INFO - Processing file /home/airflow/.local/lib/python3.8/site-packages/airflow/example_dags/example_short_circuit_decorator.py for tasks to queue
[2025-12-07T16:11:00.333+0000] {logging_mixin.py:188} INFO - [2025-12-07T16:11:00.332+0000] {dagbag.py:538} INFO - Filling up the DagBag from /home/airflow/.local/lib/python3.8/site-packages/airflow/example_dags/example_short_circuit_decorator.py
[2025-12-07T16:11:00.346+0000] {processor.py:840} INFO - DAG(s) 'example_short_circuit_decorator' retrieved from /home/airflow/.local/lib/python3.8/site-packages/airflow/example_dags/example_short_circuit_decorator.py
[2025-12-07T16:11:00.379+0000] {logging_mixin.py:188} INFO - [2025-12-07T16:11:00.378+0000] {dag.py:3036} INFO - Sync 1 DAGs
[2025-12-07T16:11:00.410+0000] {logging_mixin.py:188} INFO - [2025-12-07T16:11:00.410+0000] {dag.py:3823} INFO - Setting next_dagrun for example_short_circuit_decorator to 2025-12-06 00:00:00+00:00, run_after=2025-12-07 00:00:00+00:00
[2025-12-07T16:11:00.440+0000] {processor.py:183} INFO - Processing /home/airflow/.local/lib/python3.8/site-packages/airflow/example_dags/example_short_circuit_decorator.py took 0.117 seconds
[2025-12-07T16:11:30.818+0000] {processor.py:161} INFO - Started process (PID=1923) to work on /home/airflow/.local/lib/python3.8/site-packages/airflow/example_dags/example_short_circuit_decorator.py
[2025-12-07T16:11:30.819+0000] {processor.py:830} INFO - Processing file /home/airflow/.local/lib/python3.8/site-packages/airflow/example_dags/example_short_circuit_decorator.py for tasks to queue
[2025-12-07T16:11:30.822+0000] {logging_mixin.py:188} INFO - [2025-12-07T16:11:30.822+0000] {dagbag.py:538} INFO - Filling up the DagBag from /home/airflow/.local/lib/python3.8/site-packages/airflow/example_dags/example_short_circuit_decorator.py
[2025-12-07T16:11:30.834+0000] {processor.py:840} INFO - DAG(s) 'example_short_circuit_decorator' retrieved from /home/airflow/.local/lib/python3.8/site-packages/airflow/example_dags/example_short_circuit_decorator.py
[2025-12-07T16:11:30.876+0000] {logging_mixin.py:188} INFO - [2025-12-07T16:11:30.876+0000] {dag.py:3036} INFO - Sync 1 DAGs
[2025-12-07T16:11:30.912+0000] {logging_mixin.py:188} INFO - [2025-12-07T16:11:30.911+0000] {dag.py:3823} INFO - Setting next_dagrun for example_short_circuit_decorator to 2025-12-06 00:00:00+00:00, run_after=2025-12-07 00:00:00+00:00
[2025-12-07T16:11:30.945+0000] {processor.py:183} INFO - Processing /home/airflow/.local/lib/python3.8/site-packages/airflow/example_dags/example_short_circuit_decorator.py took 0.133 seconds
[2025-12-07T16:12:01.424+0000] {processor.py:161} INFO - Started process (PID=1984) to work on /home/airflow/.local/lib/python3.8/site-packages/airflow/example_dags/example_short_circuit_decorator.py
[2025-12-07T16:12:01.426+0000] {processor.py:830} INFO - Processing file /home/airflow/.local/lib/python3.8/site-packages/airflow/example_dags/example_short_circuit_decorator.py for tasks to queue
[2025-12-07T16:12:01.428+0000] {logging_mixin.py:188} INFO - [2025-12-07T16:12:01.428+0000] {dagbag.py:538} INFO - Filling up the DagBag from /home/airflow/.local/lib/python3.8/site-packages/airflow/example_dags/example_short_circuit_decorator.py
[2025-12-07T16:12:01.439+0000] {processor.py:840} INFO - DAG(s) 'example_short_circuit_decorator' retrieved from /home/airflow/.local/lib/python3.8/site-packages/airflow/example_dags/example_short_circuit_decorator.py
[2025-12-07T16:12:01.473+0000] {logging_mixin.py:188} INFO - [2025-12-07T16:12:01.472+0000] {dag.py:3036} INFO - Sync 1 DAGs
[2025-12-07T16:12:01.510+0000] {logging_mixin.py:188} INFO - [2025-12-07T16:12:01.510+0000] {dag.py:3823} INFO - Setting next_dagrun for example_short_circuit_decorator to 2025-12-06 00:00:00+00:00, run_after=2025-12-07 00:00:00+00:00
[2025-12-07T16:12:01.542+0000] {processor.py:183} INFO - Processing /home/airflow/.local/lib/python3.8/site-packages/airflow/example_dags/example_short_circuit_decorator.py took 0.123 seconds
[2025-12-07T16:12:32.177+0000] {processor.py:161} INFO - Started process (PID=2045) to work on /home/airflow/.local/lib/python3.8/site-packages/airflow/example_dags/example_short_circuit_decorator.py
[2025-12-07T16:12:32.178+0000] {processor.py:830} INFO - Processing file /home/airflow/.local/lib/python3.8/site-packages/airflow/example_dags/example_short_circuit_decorator.py for tasks to queue
[2025-12-07T16:12:32.181+0000] {logging_mixin.py:188} INFO - [2025-12-07T16:12:32.180+0000] {dagbag.py:538} INFO - Filling up the DagBag from /home/airflow/.local/lib/python3.8/site-packages/airflow/example_dags/example_short_circuit_decorator.py
[2025-12-07T16:12:32.194+0000] {processor.py:840} INFO - DAG(s) 'example_short_circuit_decorator' retrieved from /home/airflow/.local/lib/python3.8/site-packages/airflow/example_dags/example_short_circuit_decorator.py
[2025-12-07T16:12:32.227+0000] {logging_mixin.py:188} INFO - [2025-12-07T16:12:32.227+0000] {dag.py:3036} INFO - Sync 1 DAGs
[2025-12-07T16:12:32.258+0000] {logging_mixin.py:188} INFO - [2025-12-07T16:12:32.258+0000] {dag.py:3823} INFO - Setting next_dagrun for example_short_circuit_decorator to 2025-12-06 00:00:00+00:00, run_after=2025-12-07 00:00:00+00:00
[2025-12-07T16:12:32.286+0000] {processor.py:183} INFO - Processing /home/airflow/.local/lib/python3.8/site-packages/airflow/example_dags/example_short_circuit_decorator.py took 0.114 seconds
[2025-12-07T16:13:02.797+0000] {processor.py:161} INFO - Started process (PID=2106) to work on /home/airflow/.local/lib/python3.8/site-packages/airflow/example_dags/example_short_circuit_decorator.py
[2025-12-07T16:13:02.801+0000] {processor.py:830} INFO - Processing file /home/airflow/.local/lib/python3.8/site-packages/airflow/example_dags/example_short_circuit_decorator.py for tasks to queue
[2025-12-07T16:13:02.804+0000] {logging_mixin.py:188} INFO - [2025-12-07T16:13:02.803+0000] {dagbag.py:538} INFO - Filling up the DagBag from /home/airflow/.local/lib/python3.8/site-packages/airflow/example_dags/example_short_circuit_decorator.py
[2025-12-07T16:13:02.815+0000] {processor.py:840} INFO - DAG(s) 'example_short_circuit_decorator' retrieved from /home/airflow/.local/lib/python3.8/site-packages/airflow/example_dags/example_short_circuit_decorator.py
[2025-12-07T16:13:02.850+0000] {logging_mixin.py:188} INFO - [2025-12-07T16:13:02.850+0000] {dag.py:3036} INFO - Sync 1 DAGs
[2025-12-07T16:13:02.879+0000] {logging_mixin.py:188} INFO - [2025-12-07T16:13:02.878+0000] {dag.py:3823} INFO - Setting next_dagrun for example_short_circuit_decorator to 2025-12-06 00:00:00+00:00, run_after=2025-12-07 00:00:00+00:00
[2025-12-07T16:13:02.909+0000] {processor.py:183} INFO - Processing /home/airflow/.local/lib/python3.8/site-packages/airflow/example_dags/example_short_circuit_decorator.py took 0.118 seconds
[2025-12-07T16:13:33.682+0000] {processor.py:161} INFO - Started process (PID=2167) to work on /home/airflow/.local/lib/python3.8/site-packages/airflow/example_dags/example_short_circuit_decorator.py
[2025-12-07T16:13:33.684+0000] {processor.py:830} INFO - Processing file /home/airflow/.local/lib/python3.8/site-packages/airflow/example_dags/example_short_circuit_decorator.py for tasks to queue
[2025-12-07T16:13:33.686+0000] {logging_mixin.py:188} INFO - [2025-12-07T16:13:33.686+0000] {dagbag.py:538} INFO - Filling up the DagBag from /home/airflow/.local/lib/python3.8/site-packages/airflow/example_dags/example_short_circuit_decorator.py
[2025-12-07T16:13:33.701+0000] {processor.py:840} INFO - DAG(s) 'example_short_circuit_decorator' retrieved from /home/airflow/.local/lib/python3.8/site-packages/airflow/example_dags/example_short_circuit_decorator.py
[2025-12-07T16:13:33.733+0000] {logging_mixin.py:188} INFO - [2025-12-07T16:13:33.733+0000] {dag.py:3036} INFO - Sync 1 DAGs
[2025-12-07T16:13:33.769+0000] {logging_mixin.py:188} INFO - [2025-12-07T16:13:33.769+0000] {dag.py:3823} INFO - Setting next_dagrun for example_short_circuit_decorator to 2025-12-06 00:00:00+00:00, run_after=2025-12-07 00:00:00+00:00
[2025-12-07T16:13:33.801+0000] {processor.py:183} INFO - Processing /home/airflow/.local/lib/python3.8/site-packages/airflow/example_dags/example_short_circuit_decorator.py took 0.125 seconds
[2025-12-07T16:14:04.695+0000] {processor.py:161} INFO - Started process (PID=2229) to work on /home/airflow/.local/lib/python3.8/site-packages/airflow/example_dags/example_short_circuit_decorator.py
[2025-12-07T16:14:04.696+0000] {processor.py:830} INFO - Processing file /home/airflow/.local/lib/python3.8/site-packages/airflow/example_dags/example_short_circuit_decorator.py for tasks to queue
[2025-12-07T16:14:04.700+0000] {logging_mixin.py:188} INFO - [2025-12-07T16:14:04.699+0000] {dagbag.py:538} INFO - Filling up the DagBag from /home/airflow/.local/lib/python3.8/site-packages/airflow/example_dags/example_short_circuit_decorator.py
[2025-12-07T16:14:04.713+0000] {processor.py:840} INFO - DAG(s) 'example_short_circuit_decorator' retrieved from /home/airflow/.local/lib/python3.8/site-packages/airflow/example_dags/example_short_circuit_decorator.py
[2025-12-07T16:14:04.754+0000] {logging_mixin.py:188} INFO - [2025-12-07T16:14:04.754+0000] {dag.py:3036} INFO - Sync 1 DAGs
[2025-12-07T16:14:04.791+0000] {logging_mixin.py:188} INFO - [2025-12-07T16:14:04.791+0000] {dag.py:3823} INFO - Setting next_dagrun for example_short_circuit_decorator to 2025-12-06 00:00:00+00:00, run_after=2025-12-07 00:00:00+00:00
[2025-12-07T16:14:04.825+0000] {processor.py:183} INFO - Processing /home/airflow/.local/lib/python3.8/site-packages/airflow/example_dags/example_short_circuit_decorator.py took 0.137 seconds
[2025-12-07T16:14:35.005+0000] {processor.py:161} INFO - Started process (PID=2290) to work on /home/airflow/.local/lib/python3.8/site-packages/airflow/example_dags/example_short_circuit_decorator.py
[2025-12-07T16:14:35.007+0000] {processor.py:830} INFO - Processing file /home/airflow/.local/lib/python3.8/site-packages/airflow/example_dags/example_short_circuit_decorator.py for tasks to queue
[2025-12-07T16:14:35.012+0000] {logging_mixin.py:188} INFO - [2025-12-07T16:14:35.011+0000] {dagbag.py:538} INFO - Filling up the DagBag from /home/airflow/.local/lib/python3.8/site-packages/airflow/example_dags/example_short_circuit_decorator.py
[2025-12-07T16:14:35.034+0000] {processor.py:840} INFO - DAG(s) 'example_short_circuit_decorator' retrieved from /home/airflow/.local/lib/python3.8/site-packages/airflow/example_dags/example_short_circuit_decorator.py
[2025-12-07T16:14:35.077+0000] {logging_mixin.py:188} INFO - [2025-12-07T16:14:35.077+0000] {dag.py:3036} INFO - Sync 1 DAGs
[2025-12-07T16:14:35.113+0000] {logging_mixin.py:188} INFO - [2025-12-07T16:14:35.112+0000] {dag.py:3823} INFO - Setting next_dagrun for example_short_circuit_decorator to 2025-12-06 00:00:00+00:00, run_after=2025-12-07 00:00:00+00:00
[2025-12-07T16:14:35.298+0000] {processor.py:183} INFO - Processing /home/airflow/.local/lib/python3.8/site-packages/airflow/example_dags/example_short_circuit_decorator.py took 0.300 seconds
[2025-12-07T16:15:05.477+0000] {processor.py:161} INFO - Started process (PID=2351) to work on /home/airflow/.local/lib/python3.8/site-packages/airflow/example_dags/example_short_circuit_decorator.py
[2025-12-07T16:15:05.479+0000] {processor.py:830} INFO - Processing file /home/airflow/.local/lib/python3.8/site-packages/airflow/example_dags/example_short_circuit_decorator.py for tasks to queue
[2025-12-07T16:15:05.482+0000] {logging_mixin.py:188} INFO - [2025-12-07T16:15:05.481+0000] {dagbag.py:538} INFO - Filling up the DagBag from /home/airflow/.local/lib/python3.8/site-packages/airflow/example_dags/example_short_circuit_decorator.py
[2025-12-07T16:15:05.494+0000] {processor.py:840} INFO - DAG(s) 'example_short_circuit_decorator' retrieved from /home/airflow/.local/lib/python3.8/site-packages/airflow/example_dags/example_short_circuit_decorator.py
[2025-12-07T16:15:05.526+0000] {logging_mixin.py:188} INFO - [2025-12-07T16:15:05.526+0000] {dag.py:3036} INFO - Sync 1 DAGs
[2025-12-07T16:15:05.553+0000] {logging_mixin.py:188} INFO - [2025-12-07T16:15:05.552+0000] {dag.py:3823} INFO - Setting next_dagrun for example_short_circuit_decorator to 2025-12-06 00:00:00+00:00, run_after=2025-12-07 00:00:00+00:00
[2025-12-07T16:15:05.729+0000] {processor.py:183} INFO - Processing /home/airflow/.local/lib/python3.8/site-packages/airflow/example_dags/example_short_circuit_decorator.py took 0.256 seconds
[2025-12-07T16:15:35.795+0000] {processor.py:161} INFO - Started process (PID=2412) to work on /home/airflow/.local/lib/python3.8/site-packages/airflow/example_dags/example_short_circuit_decorator.py
[2025-12-07T16:15:35.797+0000] {processor.py:830} INFO - Processing file /home/airflow/.local/lib/python3.8/site-packages/airflow/example_dags/example_short_circuit_decorator.py for tasks to queue
[2025-12-07T16:15:35.800+0000] {logging_mixin.py:188} INFO - [2025-12-07T16:15:35.800+0000] {dagbag.py:538} INFO - Filling up the DagBag from /home/airflow/.local/lib/python3.8/site-packages/airflow/example_dags/example_short_circuit_decorator.py
[2025-12-07T16:15:35.814+0000] {processor.py:840} INFO - DAG(s) 'example_short_circuit_decorator' retrieved from /home/airflow/.local/lib/python3.8/site-packages/airflow/example_dags/example_short_circuit_decorator.py
[2025-12-07T16:15:35.850+0000] {logging_mixin.py:188} INFO - [2025-12-07T16:15:35.849+0000] {dag.py:3036} INFO - Sync 1 DAGs
[2025-12-07T16:15:35.885+0000] {logging_mixin.py:188} INFO - [2025-12-07T16:15:35.884+0000] {dag.py:3823} INFO - Setting next_dagrun for example_short_circuit_decorator to 2025-12-06 00:00:00+00:00, run_after=2025-12-07 00:00:00+00:00
[2025-12-07T16:15:35.922+0000] {processor.py:183} INFO - Processing /home/airflow/.local/lib/python3.8/site-packages/airflow/example_dags/example_short_circuit_decorator.py took 0.132 seconds
[2025-12-07T16:16:06.667+0000] {processor.py:161} INFO - Started process (PID=2473) to work on /home/airflow/.local/lib/python3.8/site-packages/airflow/example_dags/example_short_circuit_decorator.py
[2025-12-07T16:16:06.669+0000] {processor.py:830} INFO - Processing file /home/airflow/.local/lib/python3.8/site-packages/airflow/example_dags/example_short_circuit_decorator.py for tasks to queue
[2025-12-07T16:16:06.672+0000] {logging_mixin.py:188} INFO - [2025-12-07T16:16:06.671+0000] {dagbag.py:538} INFO - Filling up the DagBag from /home/airflow/.local/lib/python3.8/site-packages/airflow/example_dags/example_short_circuit_decorator.py
[2025-12-07T16:16:06.687+0000] {processor.py:840} INFO - DAG(s) 'example_short_circuit_decorator' retrieved from /home/airflow/.local/lib/python3.8/site-packages/airflow/example_dags/example_short_circuit_decorator.py
[2025-12-07T16:16:06.728+0000] {logging_mixin.py:188} INFO - [2025-12-07T16:16:06.727+0000] {dag.py:3036} INFO - Sync 1 DAGs
[2025-12-07T16:16:06.762+0000] {logging_mixin.py:188} INFO - [2025-12-07T16:16:06.762+0000] {dag.py:3823} INFO - Setting next_dagrun for example_short_circuit_decorator to 2025-12-06 00:00:00+00:00, run_after=2025-12-07 00:00:00+00:00
[2025-12-07T16:16:06.799+0000] {processor.py:183} INFO - Processing /home/airflow/.local/lib/python3.8/site-packages/airflow/example_dags/example_short_circuit_decorator.py took 0.138 seconds
[2025-12-07T16:16:37.057+0000] {processor.py:161} INFO - Started process (PID=2534) to work on /home/airflow/.local/lib/python3.8/site-packages/airflow/example_dags/example_short_circuit_decorator.py
[2025-12-07T16:16:37.060+0000] {processor.py:830} INFO - Processing file /home/airflow/.local/lib/python3.8/site-packages/airflow/example_dags/example_short_circuit_decorator.py for tasks to queue
[2025-12-07T16:16:37.066+0000] {logging_mixin.py:188} INFO - [2025-12-07T16:16:37.066+0000] {dagbag.py:538} INFO - Filling up the DagBag from /home/airflow/.local/lib/python3.8/site-packages/airflow/example_dags/example_short_circuit_decorator.py
[2025-12-07T16:16:37.080+0000] {processor.py:840} INFO - DAG(s) 'example_short_circuit_decorator' retrieved from /home/airflow/.local/lib/python3.8/site-packages/airflow/example_dags/example_short_circuit_decorator.py
[2025-12-07T16:16:37.118+0000] {logging_mixin.py:188} INFO - [2025-12-07T16:16:37.117+0000] {dag.py:3036} INFO - Sync 1 DAGs
[2025-12-07T16:16:37.148+0000] {logging_mixin.py:188} INFO - [2025-12-07T16:16:37.148+0000] {dag.py:3823} INFO - Setting next_dagrun for example_short_circuit_decorator to 2025-12-06 00:00:00+00:00, run_after=2025-12-07 00:00:00+00:00
[2025-12-07T16:16:37.179+0000] {processor.py:183} INFO - Processing /home/airflow/.local/lib/python3.8/site-packages/airflow/example_dags/example_short_circuit_decorator.py took 0.127 seconds
[2025-12-07T16:17:07.918+0000] {processor.py:161} INFO - Started process (PID=2595) to work on /home/airflow/.local/lib/python3.8/site-packages/airflow/example_dags/example_short_circuit_decorator.py
[2025-12-07T16:17:07.921+0000] {processor.py:830} INFO - Processing file /home/airflow/.local/lib/python3.8/site-packages/airflow/example_dags/example_short_circuit_decorator.py for tasks to queue
[2025-12-07T16:17:07.924+0000] {logging_mixin.py:188} INFO - [2025-12-07T16:17:07.923+0000] {dagbag.py:538} INFO - Filling up the DagBag from /home/airflow/.local/lib/python3.8/site-packages/airflow/example_dags/example_short_circuit_decorator.py
[2025-12-07T16:17:07.937+0000] {processor.py:840} INFO - DAG(s) 'example_short_circuit_decorator' retrieved from /home/airflow/.local/lib/python3.8/site-packages/airflow/example_dags/example_short_circuit_decorator.py
[2025-12-07T16:17:07.975+0000] {logging_mixin.py:188} INFO - [2025-12-07T16:17:07.975+0000] {dag.py:3036} INFO - Sync 1 DAGs
[2025-12-07T16:17:08.007+0000] {logging_mixin.py:188} INFO - [2025-12-07T16:17:08.006+0000] {dag.py:3823} INFO - Setting next_dagrun for example_short_circuit_decorator to 2025-12-06 00:00:00+00:00, run_after=2025-12-07 00:00:00+00:00
[2025-12-07T16:17:08.038+0000] {processor.py:183} INFO - Processing /home/airflow/.local/lib/python3.8/site-packages/airflow/example_dags/example_short_circuit_decorator.py took 0.125 seconds
[2025-12-07T16:17:38.972+0000] {processor.py:161} INFO - Started process (PID=2656) to work on /home/airflow/.local/lib/python3.8/site-packages/airflow/example_dags/example_short_circuit_decorator.py
[2025-12-07T16:17:38.973+0000] {processor.py:830} INFO - Processing file /home/airflow/.local/lib/python3.8/site-packages/airflow/example_dags/example_short_circuit_decorator.py for tasks to queue
[2025-12-07T16:17:38.977+0000] {logging_mixin.py:188} INFO - [2025-12-07T16:17:38.976+0000] {dagbag.py:538} INFO - Filling up the DagBag from /home/airflow/.local/lib/python3.8/site-packages/airflow/example_dags/example_short_circuit_decorator.py
[2025-12-07T16:17:39.146+0000] {processor.py:840} INFO - DAG(s) 'example_short_circuit_decorator' retrieved from /home/airflow/.local/lib/python3.8/site-packages/airflow/example_dags/example_short_circuit_decorator.py
[2025-12-07T16:17:39.176+0000] {logging_mixin.py:188} INFO - [2025-12-07T16:17:39.175+0000] {dag.py:3036} INFO - Sync 1 DAGs
[2025-12-07T16:17:39.212+0000] {logging_mixin.py:188} INFO - [2025-12-07T16:17:39.211+0000] {dag.py:3823} INFO - Setting next_dagrun for example_short_circuit_decorator to 2025-12-06 00:00:00+00:00, run_after=2025-12-07 00:00:00+00:00
[2025-12-07T16:17:39.241+0000] {processor.py:183} INFO - Processing /home/airflow/.local/lib/python3.8/site-packages/airflow/example_dags/example_short_circuit_decorator.py took 0.274 seconds
[2025-12-07T16:18:10.061+0000] {processor.py:161} INFO - Started process (PID=2717) to work on /home/airflow/.local/lib/python3.8/site-packages/airflow/example_dags/example_short_circuit_decorator.py
[2025-12-07T16:18:10.062+0000] {processor.py:830} INFO - Processing file /home/airflow/.local/lib/python3.8/site-packages/airflow/example_dags/example_short_circuit_decorator.py for tasks to queue
[2025-12-07T16:18:10.065+0000] {logging_mixin.py:188} INFO - [2025-12-07T16:18:10.064+0000] {dagbag.py:538} INFO - Filling up the DagBag from /home/airflow/.local/lib/python3.8/site-packages/airflow/example_dags/example_short_circuit_decorator.py
[2025-12-07T16:18:10.077+0000] {processor.py:840} INFO - DAG(s) 'example_short_circuit_decorator' retrieved from /home/airflow/.local/lib/python3.8/site-packages/airflow/example_dags/example_short_circuit_decorator.py
[2025-12-07T16:18:10.110+0000] {logging_mixin.py:188} INFO - [2025-12-07T16:18:10.110+0000] {dag.py:3036} INFO - Sync 1 DAGs
[2025-12-07T16:18:10.143+0000] {logging_mixin.py:188} INFO - [2025-12-07T16:18:10.142+0000] {dag.py:3823} INFO - Setting next_dagrun for example_short_circuit_decorator to 2025-12-06 00:00:00+00:00, run_after=2025-12-07 00:00:00+00:00
[2025-12-07T16:18:10.183+0000] {processor.py:183} INFO - Processing /home/airflow/.local/lib/python3.8/site-packages/airflow/example_dags/example_short_circuit_decorator.py took 0.126 seconds
[2025-12-07T16:18:40.387+0000] {processor.py:161} INFO - Started process (PID=2778) to work on /home/airflow/.local/lib/python3.8/site-packages/airflow/example_dags/example_short_circuit_decorator.py
[2025-12-07T16:18:40.388+0000] {processor.py:830} INFO - Processing file /home/airflow/.local/lib/python3.8/site-packages/airflow/example_dags/example_short_circuit_decorator.py for tasks to queue
[2025-12-07T16:18:40.391+0000] {logging_mixin.py:188} INFO - [2025-12-07T16:18:40.391+0000] {dagbag.py:538} INFO - Filling up the DagBag from /home/airflow/.local/lib/python3.8/site-packages/airflow/example_dags/example_short_circuit_decorator.py
[2025-12-07T16:18:40.404+0000] {processor.py:840} INFO - DAG(s) 'example_short_circuit_decorator' retrieved from /home/airflow/.local/lib/python3.8/site-packages/airflow/example_dags/example_short_circuit_decorator.py
[2025-12-07T16:18:40.436+0000] {logging_mixin.py:188} INFO - [2025-12-07T16:18:40.435+0000] {dag.py:3036} INFO - Sync 1 DAGs
[2025-12-07T16:18:40.462+0000] {logging_mixin.py:188} INFO - [2025-12-07T16:18:40.462+0000] {dag.py:3823} INFO - Setting next_dagrun for example_short_circuit_decorator to 2025-12-06 00:00:00+00:00, run_after=2025-12-07 00:00:00+00:00
[2025-12-07T16:18:40.492+0000] {processor.py:183} INFO - Processing /home/airflow/.local/lib/python3.8/site-packages/airflow/example_dags/example_short_circuit_decorator.py took 0.109 seconds
[2025-12-07T16:19:10.602+0000] {processor.py:161} INFO - Started process (PID=2839) to work on /home/airflow/.local/lib/python3.8/site-packages/airflow/example_dags/example_short_circuit_decorator.py
[2025-12-07T16:19:10.604+0000] {processor.py:830} INFO - Processing file /home/airflow/.local/lib/python3.8/site-packages/airflow/example_dags/example_short_circuit_decorator.py for tasks to queue
[2025-12-07T16:19:10.606+0000] {logging_mixin.py:188} INFO - [2025-12-07T16:19:10.606+0000] {dagbag.py:538} INFO - Filling up the DagBag from /home/airflow/.local/lib/python3.8/site-packages/airflow/example_dags/example_short_circuit_decorator.py
[2025-12-07T16:19:10.618+0000] {processor.py:840} INFO - DAG(s) 'example_short_circuit_decorator' retrieved from /home/airflow/.local/lib/python3.8/site-packages/airflow/example_dags/example_short_circuit_decorator.py
[2025-12-07T16:19:10.648+0000] {logging_mixin.py:188} INFO - [2025-12-07T16:19:10.648+0000] {dag.py:3036} INFO - Sync 1 DAGs
[2025-12-07T16:19:10.680+0000] {logging_mixin.py:188} INFO - [2025-12-07T16:19:10.679+0000] {dag.py:3823} INFO - Setting next_dagrun for example_short_circuit_decorator to 2025-12-06 00:00:00+00:00, run_after=2025-12-07 00:00:00+00:00
[2025-12-07T16:19:10.715+0000] {processor.py:183} INFO - Processing /home/airflow/.local/lib/python3.8/site-packages/airflow/example_dags/example_short_circuit_decorator.py took 0.118 seconds
[2025-12-07T16:19:41.287+0000] {processor.py:161} INFO - Started process (PID=2900) to work on /home/airflow/.local/lib/python3.8/site-packages/airflow/example_dags/example_short_circuit_decorator.py
[2025-12-07T16:19:41.289+0000] {processor.py:830} INFO - Processing file /home/airflow/.local/lib/python3.8/site-packages/airflow/example_dags/example_short_circuit_decorator.py for tasks to queue
[2025-12-07T16:19:41.292+0000] {logging_mixin.py:188} INFO - [2025-12-07T16:19:41.292+0000] {dagbag.py:538} INFO - Filling up the DagBag from /home/airflow/.local/lib/python3.8/site-packages/airflow/example_dags/example_short_circuit_decorator.py
[2025-12-07T16:19:41.307+0000] {processor.py:840} INFO - DAG(s) 'example_short_circuit_decorator' retrieved from /home/airflow/.local/lib/python3.8/site-packages/airflow/example_dags/example_short_circuit_decorator.py
[2025-12-07T16:19:41.343+0000] {logging_mixin.py:188} INFO - [2025-12-07T16:19:41.343+0000] {dag.py:3036} INFO - Sync 1 DAGs
[2025-12-07T16:19:41.373+0000] {logging_mixin.py:188} INFO - [2025-12-07T16:19:41.373+0000] {dag.py:3823} INFO - Setting next_dagrun for example_short_circuit_decorator to 2025-12-06 00:00:00+00:00, run_after=2025-12-07 00:00:00+00:00
[2025-12-07T16:19:41.409+0000] {processor.py:183} INFO - Processing /home/airflow/.local/lib/python3.8/site-packages/airflow/example_dags/example_short_circuit_decorator.py took 0.127 seconds
[2025-12-07T16:20:11.823+0000] {processor.py:161} INFO - Started process (PID=2961) to work on /home/airflow/.local/lib/python3.8/site-packages/airflow/example_dags/example_short_circuit_decorator.py
[2025-12-07T16:20:11.824+0000] {processor.py:830} INFO - Processing file /home/airflow/.local/lib/python3.8/site-packages/airflow/example_dags/example_short_circuit_decorator.py for tasks to queue
[2025-12-07T16:20:11.829+0000] {logging_mixin.py:188} INFO - [2025-12-07T16:20:11.827+0000] {dagbag.py:538} INFO - Filling up the DagBag from /home/airflow/.local/lib/python3.8/site-packages/airflow/example_dags/example_short_circuit_decorator.py
[2025-12-07T16:20:11.841+0000] {processor.py:840} INFO - DAG(s) 'example_short_circuit_decorator' retrieved from /home/airflow/.local/lib/python3.8/site-packages/airflow/example_dags/example_short_circuit_decorator.py
[2025-12-07T16:20:11.876+0000] {logging_mixin.py:188} INFO - [2025-12-07T16:20:11.875+0000] {dag.py:3036} INFO - Sync 1 DAGs
[2025-12-07T16:20:11.914+0000] {logging_mixin.py:188} INFO - [2025-12-07T16:20:11.914+0000] {dag.py:3823} INFO - Setting next_dagrun for example_short_circuit_decorator to 2025-12-06 00:00:00+00:00, run_after=2025-12-07 00:00:00+00:00
[2025-12-07T16:20:11.950+0000] {processor.py:183} INFO - Processing /home/airflow/.local/lib/python3.8/site-packages/airflow/example_dags/example_short_circuit_decorator.py took 0.131 seconds
[2025-12-07T16:20:42.480+0000] {processor.py:161} INFO - Started process (PID=3022) to work on /home/airflow/.local/lib/python3.8/site-packages/airflow/example_dags/example_short_circuit_decorator.py
[2025-12-07T16:20:42.483+0000] {processor.py:830} INFO - Processing file /home/airflow/.local/lib/python3.8/site-packages/airflow/example_dags/example_short_circuit_decorator.py for tasks to queue
[2025-12-07T16:20:42.486+0000] {logging_mixin.py:188} INFO - [2025-12-07T16:20:42.486+0000] {dagbag.py:538} INFO - Filling up the DagBag from /home/airflow/.local/lib/python3.8/site-packages/airflow/example_dags/example_short_circuit_decorator.py
[2025-12-07T16:20:42.501+0000] {processor.py:840} INFO - DAG(s) 'example_short_circuit_decorator' retrieved from /home/airflow/.local/lib/python3.8/site-packages/airflow/example_dags/example_short_circuit_decorator.py
[2025-12-07T16:20:42.540+0000] {logging_mixin.py:188} INFO - [2025-12-07T16:20:42.540+0000] {dag.py:3036} INFO - Sync 1 DAGs
[2025-12-07T16:20:42.572+0000] {logging_mixin.py:188} INFO - [2025-12-07T16:20:42.572+0000] {dag.py:3823} INFO - Setting next_dagrun for example_short_circuit_decorator to 2025-12-06 00:00:00+00:00, run_after=2025-12-07 00:00:00+00:00
[2025-12-07T16:20:42.606+0000] {processor.py:183} INFO - Processing /home/airflow/.local/lib/python3.8/site-packages/airflow/example_dags/example_short_circuit_decorator.py took 0.131 seconds
[2025-12-07T16:21:12.920+0000] {processor.py:161} INFO - Started process (PID=3083) to work on /home/airflow/.local/lib/python3.8/site-packages/airflow/example_dags/example_short_circuit_decorator.py
[2025-12-07T16:21:12.922+0000] {processor.py:830} INFO - Processing file /home/airflow/.local/lib/python3.8/site-packages/airflow/example_dags/example_short_circuit_decorator.py for tasks to queue
[2025-12-07T16:21:12.924+0000] {logging_mixin.py:188} INFO - [2025-12-07T16:21:12.924+0000] {dagbag.py:538} INFO - Filling up the DagBag from /home/airflow/.local/lib/python3.8/site-packages/airflow/example_dags/example_short_circuit_decorator.py
[2025-12-07T16:21:12.936+0000] {processor.py:840} INFO - DAG(s) 'example_short_circuit_decorator' retrieved from /home/airflow/.local/lib/python3.8/site-packages/airflow/example_dags/example_short_circuit_decorator.py
[2025-12-07T16:21:12.967+0000] {logging_mixin.py:188} INFO - [2025-12-07T16:21:12.967+0000] {dag.py:3036} INFO - Sync 1 DAGs
[2025-12-07T16:21:12.993+0000] {logging_mixin.py:188} INFO - [2025-12-07T16:21:12.993+0000] {dag.py:3823} INFO - Setting next_dagrun for example_short_circuit_decorator to 2025-12-06 00:00:00+00:00, run_after=2025-12-07 00:00:00+00:00
[2025-12-07T16:21:13.019+0000] {processor.py:183} INFO - Processing /home/airflow/.local/lib/python3.8/site-packages/airflow/example_dags/example_short_circuit_decorator.py took 0.103 seconds
[2025-12-07T16:21:43.593+0000] {processor.py:161} INFO - Started process (PID=3144) to work on /home/airflow/.local/lib/python3.8/site-packages/airflow/example_dags/example_short_circuit_decorator.py
[2025-12-07T16:21:43.595+0000] {processor.py:830} INFO - Processing file /home/airflow/.local/lib/python3.8/site-packages/airflow/example_dags/example_short_circuit_decorator.py for tasks to queue
[2025-12-07T16:21:43.599+0000] {logging_mixin.py:188} INFO - [2025-12-07T16:21:43.598+0000] {dagbag.py:538} INFO - Filling up the DagBag from /home/airflow/.local/lib/python3.8/site-packages/airflow/example_dags/example_short_circuit_decorator.py
[2025-12-07T16:21:43.616+0000] {processor.py:840} INFO - DAG(s) 'example_short_circuit_decorator' retrieved from /home/airflow/.local/lib/python3.8/site-packages/airflow/example_dags/example_short_circuit_decorator.py
[2025-12-07T16:21:43.651+0000] {logging_mixin.py:188} INFO - [2025-12-07T16:21:43.651+0000] {dag.py:3036} INFO - Sync 1 DAGs
[2025-12-07T16:21:43.693+0000] {logging_mixin.py:188} INFO - [2025-12-07T16:21:43.692+0000] {dag.py:3823} INFO - Setting next_dagrun for example_short_circuit_decorator to 2025-12-06 00:00:00+00:00, run_after=2025-12-07 00:00:00+00:00
[2025-12-07T16:21:43.732+0000] {processor.py:183} INFO - Processing /home/airflow/.local/lib/python3.8/site-packages/airflow/example_dags/example_short_circuit_decorator.py took 0.143 seconds
[2025-12-07T16:22:14.025+0000] {processor.py:161} INFO - Started process (PID=3205) to work on /home/airflow/.local/lib/python3.8/site-packages/airflow/example_dags/example_short_circuit_decorator.py
[2025-12-07T16:22:14.026+0000] {processor.py:830} INFO - Processing file /home/airflow/.local/lib/python3.8/site-packages/airflow/example_dags/example_short_circuit_decorator.py for tasks to queue
[2025-12-07T16:22:14.028+0000] {logging_mixin.py:188} INFO - [2025-12-07T16:22:14.028+0000] {dagbag.py:538} INFO - Filling up the DagBag from /home/airflow/.local/lib/python3.8/site-packages/airflow/example_dags/example_short_circuit_decorator.py
[2025-12-07T16:22:14.039+0000] {processor.py:840} INFO - DAG(s) 'example_short_circuit_decorator' retrieved from /home/airflow/.local/lib/python3.8/site-packages/airflow/example_dags/example_short_circuit_decorator.py
[2025-12-07T16:22:14.068+0000] {logging_mixin.py:188} INFO - [2025-12-07T16:22:14.068+0000] {dag.py:3036} INFO - Sync 1 DAGs
[2025-12-07T16:22:14.095+0000] {logging_mixin.py:188} INFO - [2025-12-07T16:22:14.095+0000] {dag.py:3823} INFO - Setting next_dagrun for example_short_circuit_decorator to 2025-12-06 00:00:00+00:00, run_after=2025-12-07 00:00:00+00:00
[2025-12-07T16:22:14.122+0000] {processor.py:183} INFO - Processing /home/airflow/.local/lib/python3.8/site-packages/airflow/example_dags/example_short_circuit_decorator.py took 0.102 seconds
[2025-12-07T16:22:44.529+0000] {processor.py:161} INFO - Started process (PID=3266) to work on /home/airflow/.local/lib/python3.8/site-packages/airflow/example_dags/example_short_circuit_decorator.py
[2025-12-07T16:22:44.531+0000] {processor.py:830} INFO - Processing file /home/airflow/.local/lib/python3.8/site-packages/airflow/example_dags/example_short_circuit_decorator.py for tasks to queue
[2025-12-07T16:22:44.534+0000] {logging_mixin.py:188} INFO - [2025-12-07T16:22:44.533+0000] {dagbag.py:538} INFO - Filling up the DagBag from /home/airflow/.local/lib/python3.8/site-packages/airflow/example_dags/example_short_circuit_decorator.py
[2025-12-07T16:22:44.547+0000] {processor.py:840} INFO - DAG(s) 'example_short_circuit_decorator' retrieved from /home/airflow/.local/lib/python3.8/site-packages/airflow/example_dags/example_short_circuit_decorator.py
[2025-12-07T16:22:44.584+0000] {logging_mixin.py:188} INFO - [2025-12-07T16:22:44.583+0000] {dag.py:3036} INFO - Sync 1 DAGs
[2025-12-07T16:22:44.622+0000] {logging_mixin.py:188} INFO - [2025-12-07T16:22:44.622+0000] {dag.py:3823} INFO - Setting next_dagrun for example_short_circuit_decorator to 2025-12-06 00:00:00+00:00, run_after=2025-12-07 00:00:00+00:00
[2025-12-07T16:22:44.658+0000] {processor.py:183} INFO - Processing /home/airflow/.local/lib/python3.8/site-packages/airflow/example_dags/example_short_circuit_decorator.py took 0.134 seconds
[2025-12-07T16:23:14.923+0000] {processor.py:161} INFO - Started process (PID=3327) to work on /home/airflow/.local/lib/python3.8/site-packages/airflow/example_dags/example_short_circuit_decorator.py
[2025-12-07T16:23:14.924+0000] {processor.py:830} INFO - Processing file /home/airflow/.local/lib/python3.8/site-packages/airflow/example_dags/example_short_circuit_decorator.py for tasks to queue
[2025-12-07T16:23:14.927+0000] {logging_mixin.py:188} INFO - [2025-12-07T16:23:14.926+0000] {dagbag.py:538} INFO - Filling up the DagBag from /home/airflow/.local/lib/python3.8/site-packages/airflow/example_dags/example_short_circuit_decorator.py
[2025-12-07T16:23:14.942+0000] {processor.py:840} INFO - DAG(s) 'example_short_circuit_decorator' retrieved from /home/airflow/.local/lib/python3.8/site-packages/airflow/example_dags/example_short_circuit_decorator.py
[2025-12-07T16:23:14.979+0000] {logging_mixin.py:188} INFO - [2025-12-07T16:23:14.978+0000] {dag.py:3036} INFO - Sync 1 DAGs
[2025-12-07T16:23:15.009+0000] {logging_mixin.py:188} INFO - [2025-12-07T16:23:15.009+0000] {dag.py:3823} INFO - Setting next_dagrun for example_short_circuit_decorator to 2025-12-06 00:00:00+00:00, run_after=2025-12-07 00:00:00+00:00
[2025-12-07T16:23:15.040+0000] {processor.py:183} INFO - Processing /home/airflow/.local/lib/python3.8/site-packages/airflow/example_dags/example_short_circuit_decorator.py took 0.122 seconds
[2025-12-07T16:23:45.533+0000] {processor.py:161} INFO - Started process (PID=3388) to work on /home/airflow/.local/lib/python3.8/site-packages/airflow/example_dags/example_short_circuit_decorator.py
[2025-12-07T16:23:45.535+0000] {processor.py:830} INFO - Processing file /home/airflow/.local/lib/python3.8/site-packages/airflow/example_dags/example_short_circuit_decorator.py for tasks to queue
[2025-12-07T16:23:45.538+0000] {logging_mixin.py:188} INFO - [2025-12-07T16:23:45.538+0000] {dagbag.py:538} INFO - Filling up the DagBag from /home/airflow/.local/lib/python3.8/site-packages/airflow/example_dags/example_short_circuit_decorator.py
[2025-12-07T16:23:45.552+0000] {processor.py:840} INFO - DAG(s) 'example_short_circuit_decorator' retrieved from /home/airflow/.local/lib/python3.8/site-packages/airflow/example_dags/example_short_circuit_decorator.py
[2025-12-07T16:23:45.587+0000] {logging_mixin.py:188} INFO - [2025-12-07T16:23:45.586+0000] {dag.py:3036} INFO - Sync 1 DAGs
[2025-12-07T16:23:45.620+0000] {logging_mixin.py:188} INFO - [2025-12-07T16:23:45.620+0000] {dag.py:3823} INFO - Setting next_dagrun for example_short_circuit_decorator to 2025-12-06 00:00:00+00:00, run_after=2025-12-07 00:00:00+00:00
[2025-12-07T16:23:45.655+0000] {processor.py:183} INFO - Processing /home/airflow/.local/lib/python3.8/site-packages/airflow/example_dags/example_short_circuit_decorator.py took 0.127 seconds
[2025-12-07T16:24:16.013+0000] {processor.py:161} INFO - Started process (PID=3449) to work on /home/airflow/.local/lib/python3.8/site-packages/airflow/example_dags/example_short_circuit_decorator.py
[2025-12-07T16:24:16.015+0000] {processor.py:830} INFO - Processing file /home/airflow/.local/lib/python3.8/site-packages/airflow/example_dags/example_short_circuit_decorator.py for tasks to queue
[2025-12-07T16:24:16.017+0000] {logging_mixin.py:188} INFO - [2025-12-07T16:24:16.017+0000] {dagbag.py:538} INFO - Filling up the DagBag from /home/airflow/.local/lib/python3.8/site-packages/airflow/example_dags/example_short_circuit_decorator.py
[2025-12-07T16:24:16.028+0000] {processor.py:840} INFO - DAG(s) 'example_short_circuit_decorator' retrieved from /home/airflow/.local/lib/python3.8/site-packages/airflow/example_dags/example_short_circuit_decorator.py
[2025-12-07T16:24:16.059+0000] {logging_mixin.py:188} INFO - [2025-12-07T16:24:16.059+0000] {dag.py:3036} INFO - Sync 1 DAGs
[2025-12-07T16:24:16.088+0000] {logging_mixin.py:188} INFO - [2025-12-07T16:24:16.088+0000] {dag.py:3823} INFO - Setting next_dagrun for example_short_circuit_decorator to 2025-12-06 00:00:00+00:00, run_after=2025-12-07 00:00:00+00:00
[2025-12-07T16:24:16.118+0000] {processor.py:183} INFO - Processing /home/airflow/.local/lib/python3.8/site-packages/airflow/example_dags/example_short_circuit_decorator.py took 0.109 seconds
[2025-12-07T16:24:46.478+0000] {processor.py:161} INFO - Started process (PID=3510) to work on /home/airflow/.local/lib/python3.8/site-packages/airflow/example_dags/example_short_circuit_decorator.py
[2025-12-07T16:24:46.480+0000] {processor.py:830} INFO - Processing file /home/airflow/.local/lib/python3.8/site-packages/airflow/example_dags/example_short_circuit_decorator.py for tasks to queue
[2025-12-07T16:24:46.482+0000] {logging_mixin.py:188} INFO - [2025-12-07T16:24:46.482+0000] {dagbag.py:538} INFO - Filling up the DagBag from /home/airflow/.local/lib/python3.8/site-packages/airflow/example_dags/example_short_circuit_decorator.py
[2025-12-07T16:24:46.495+0000] {processor.py:840} INFO - DAG(s) 'example_short_circuit_decorator' retrieved from /home/airflow/.local/lib/python3.8/site-packages/airflow/example_dags/example_short_circuit_decorator.py
[2025-12-07T16:24:46.532+0000] {logging_mixin.py:188} INFO - [2025-12-07T16:24:46.531+0000] {dag.py:3036} INFO - Sync 1 DAGs
[2025-12-07T16:24:46.597+0000] {logging_mixin.py:188} INFO - [2025-12-07T16:24:46.597+0000] {dag.py:3823} INFO - Setting next_dagrun for example_short_circuit_decorator to 2025-12-06 00:00:00+00:00, run_after=2025-12-07 00:00:00+00:00
[2025-12-07T16:24:46.635+0000] {processor.py:183} INFO - Processing /home/airflow/.local/lib/python3.8/site-packages/airflow/example_dags/example_short_circuit_decorator.py took 0.162 seconds
[2025-12-07T16:25:17.126+0000] {processor.py:161} INFO - Started process (PID=3578) to work on /home/airflow/.local/lib/python3.8/site-packages/airflow/example_dags/example_short_circuit_decorator.py
[2025-12-07T16:25:17.128+0000] {processor.py:830} INFO - Processing file /home/airflow/.local/lib/python3.8/site-packages/airflow/example_dags/example_short_circuit_decorator.py for tasks to queue
[2025-12-07T16:25:17.131+0000] {logging_mixin.py:188} INFO - [2025-12-07T16:25:17.130+0000] {dagbag.py:538} INFO - Filling up the DagBag from /home/airflow/.local/lib/python3.8/site-packages/airflow/example_dags/example_short_circuit_decorator.py
[2025-12-07T16:25:17.145+0000] {processor.py:840} INFO - DAG(s) 'example_short_circuit_decorator' retrieved from /home/airflow/.local/lib/python3.8/site-packages/airflow/example_dags/example_short_circuit_decorator.py
[2025-12-07T16:25:17.177+0000] {logging_mixin.py:188} INFO - [2025-12-07T16:25:17.176+0000] {dag.py:3036} INFO - Sync 1 DAGs
[2025-12-07T16:25:17.210+0000] {logging_mixin.py:188} INFO - [2025-12-07T16:25:17.209+0000] {dag.py:3823} INFO - Setting next_dagrun for example_short_circuit_decorator to 2025-12-06 00:00:00+00:00, run_after=2025-12-07 00:00:00+00:00
[2025-12-07T16:25:17.236+0000] {processor.py:183} INFO - Processing /home/airflow/.local/lib/python3.8/site-packages/airflow/example_dags/example_short_circuit_decorator.py took 0.115 seconds
[2025-12-07T16:25:47.643+0000] {processor.py:161} INFO - Started process (PID=3639) to work on /home/airflow/.local/lib/python3.8/site-packages/airflow/example_dags/example_short_circuit_decorator.py
[2025-12-07T16:25:47.645+0000] {processor.py:830} INFO - Processing file /home/airflow/.local/lib/python3.8/site-packages/airflow/example_dags/example_short_circuit_decorator.py for tasks to queue
[2025-12-07T16:25:47.647+0000] {logging_mixin.py:188} INFO - [2025-12-07T16:25:47.647+0000] {dagbag.py:538} INFO - Filling up the DagBag from /home/airflow/.local/lib/python3.8/site-packages/airflow/example_dags/example_short_circuit_decorator.py
[2025-12-07T16:25:47.658+0000] {processor.py:840} INFO - DAG(s) 'example_short_circuit_decorator' retrieved from /home/airflow/.local/lib/python3.8/site-packages/airflow/example_dags/example_short_circuit_decorator.py
[2025-12-07T16:25:47.687+0000] {logging_mixin.py:188} INFO - [2025-12-07T16:25:47.686+0000] {dag.py:3036} INFO - Sync 1 DAGs
[2025-12-07T16:25:47.712+0000] {logging_mixin.py:188} INFO - [2025-12-07T16:25:47.711+0000] {dag.py:3823} INFO - Setting next_dagrun for example_short_circuit_decorator to 2025-12-06 00:00:00+00:00, run_after=2025-12-07 00:00:00+00:00
[2025-12-07T16:25:47.743+0000] {processor.py:183} INFO - Processing /home/airflow/.local/lib/python3.8/site-packages/airflow/example_dags/example_short_circuit_decorator.py took 0.104 seconds
[2025-12-07T16:26:18.218+0000] {processor.py:161} INFO - Started process (PID=3700) to work on /home/airflow/.local/lib/python3.8/site-packages/airflow/example_dags/example_short_circuit_decorator.py
[2025-12-07T16:26:18.220+0000] {processor.py:830} INFO - Processing file /home/airflow/.local/lib/python3.8/site-packages/airflow/example_dags/example_short_circuit_decorator.py for tasks to queue
[2025-12-07T16:26:18.224+0000] {logging_mixin.py:188} INFO - [2025-12-07T16:26:18.223+0000] {dagbag.py:538} INFO - Filling up the DagBag from /home/airflow/.local/lib/python3.8/site-packages/airflow/example_dags/example_short_circuit_decorator.py
[2025-12-07T16:26:18.242+0000] {processor.py:840} INFO - DAG(s) 'example_short_circuit_decorator' retrieved from /home/airflow/.local/lib/python3.8/site-packages/airflow/example_dags/example_short_circuit_decorator.py
[2025-12-07T16:26:18.299+0000] {logging_mixin.py:188} INFO - [2025-12-07T16:26:18.298+0000] {dag.py:3036} INFO - Sync 1 DAGs
[2025-12-07T16:26:18.331+0000] {logging_mixin.py:188} INFO - [2025-12-07T16:26:18.331+0000] {dag.py:3823} INFO - Setting next_dagrun for example_short_circuit_decorator to 2025-12-06 00:00:00+00:00, run_after=2025-12-07 00:00:00+00:00
[2025-12-07T16:26:18.363+0000] {processor.py:183} INFO - Processing /home/airflow/.local/lib/python3.8/site-packages/airflow/example_dags/example_short_circuit_decorator.py took 0.151 seconds
[2025-12-07T16:26:48.679+0000] {processor.py:161} INFO - Started process (PID=3761) to work on /home/airflow/.local/lib/python3.8/site-packages/airflow/example_dags/example_short_circuit_decorator.py
[2025-12-07T16:26:48.681+0000] {processor.py:830} INFO - Processing file /home/airflow/.local/lib/python3.8/site-packages/airflow/example_dags/example_short_circuit_decorator.py for tasks to queue
[2025-12-07T16:26:48.684+0000] {logging_mixin.py:188} INFO - [2025-12-07T16:26:48.683+0000] {dagbag.py:538} INFO - Filling up the DagBag from /home/airflow/.local/lib/python3.8/site-packages/airflow/example_dags/example_short_circuit_decorator.py
[2025-12-07T16:26:48.696+0000] {processor.py:840} INFO - DAG(s) 'example_short_circuit_decorator' retrieved from /home/airflow/.local/lib/python3.8/site-packages/airflow/example_dags/example_short_circuit_decorator.py
[2025-12-07T16:26:48.729+0000] {logging_mixin.py:188} INFO - [2025-12-07T16:26:48.729+0000] {dag.py:3036} INFO - Sync 1 DAGs
[2025-12-07T16:26:48.758+0000] {logging_mixin.py:188} INFO - [2025-12-07T16:26:48.758+0000] {dag.py:3823} INFO - Setting next_dagrun for example_short_circuit_decorator to 2025-12-06 00:00:00+00:00, run_after=2025-12-07 00:00:00+00:00
[2025-12-07T16:26:48.787+0000] {processor.py:183} INFO - Processing /home/airflow/.local/lib/python3.8/site-packages/airflow/example_dags/example_short_circuit_decorator.py took 0.112 seconds
[2025-12-07T16:27:19.123+0000] {processor.py:161} INFO - Started process (PID=3822) to work on /home/airflow/.local/lib/python3.8/site-packages/airflow/example_dags/example_short_circuit_decorator.py
[2025-12-07T16:27:19.125+0000] {processor.py:830} INFO - Processing file /home/airflow/.local/lib/python3.8/site-packages/airflow/example_dags/example_short_circuit_decorator.py for tasks to queue
[2025-12-07T16:27:19.127+0000] {logging_mixin.py:188} INFO - [2025-12-07T16:27:19.127+0000] {dagbag.py:538} INFO - Filling up the DagBag from /home/airflow/.local/lib/python3.8/site-packages/airflow/example_dags/example_short_circuit_decorator.py
[2025-12-07T16:27:19.138+0000] {processor.py:840} INFO - DAG(s) 'example_short_circuit_decorator' retrieved from /home/airflow/.local/lib/python3.8/site-packages/airflow/example_dags/example_short_circuit_decorator.py
[2025-12-07T16:27:19.170+0000] {logging_mixin.py:188} INFO - [2025-12-07T16:27:19.170+0000] {dag.py:3036} INFO - Sync 1 DAGs
[2025-12-07T16:27:19.196+0000] {logging_mixin.py:188} INFO - [2025-12-07T16:27:19.196+0000] {dag.py:3823} INFO - Setting next_dagrun for example_short_circuit_decorator to 2025-12-06 00:00:00+00:00, run_after=2025-12-07 00:00:00+00:00
[2025-12-07T16:27:19.223+0000] {processor.py:183} INFO - Processing /home/airflow/.local/lib/python3.8/site-packages/airflow/example_dags/example_short_circuit_decorator.py took 0.104 seconds
[2025-12-07T16:27:49.334+0000] {processor.py:161} INFO - Started process (PID=3883) to work on /home/airflow/.local/lib/python3.8/site-packages/airflow/example_dags/example_short_circuit_decorator.py
[2025-12-07T16:27:49.336+0000] {processor.py:830} INFO - Processing file /home/airflow/.local/lib/python3.8/site-packages/airflow/example_dags/example_short_circuit_decorator.py for tasks to queue
[2025-12-07T16:27:49.340+0000] {logging_mixin.py:188} INFO - [2025-12-07T16:27:49.339+0000] {dagbag.py:538} INFO - Filling up the DagBag from /home/airflow/.local/lib/python3.8/site-packages/airflow/example_dags/example_short_circuit_decorator.py
[2025-12-07T16:27:49.358+0000] {processor.py:840} INFO - DAG(s) 'example_short_circuit_decorator' retrieved from /home/airflow/.local/lib/python3.8/site-packages/airflow/example_dags/example_short_circuit_decorator.py
[2025-12-07T16:27:49.393+0000] {logging_mixin.py:188} INFO - [2025-12-07T16:27:49.393+0000] {dag.py:3036} INFO - Sync 1 DAGs
[2025-12-07T16:27:49.430+0000] {logging_mixin.py:188} INFO - [2025-12-07T16:27:49.430+0000] {dag.py:3823} INFO - Setting next_dagrun for example_short_circuit_decorator to 2025-12-06 00:00:00+00:00, run_after=2025-12-07 00:00:00+00:00
[2025-12-07T16:27:49.459+0000] {processor.py:183} INFO - Processing /home/airflow/.local/lib/python3.8/site-packages/airflow/example_dags/example_short_circuit_decorator.py took 0.130 seconds
[2025-12-07T16:28:19.838+0000] {processor.py:161} INFO - Started process (PID=3944) to work on /home/airflow/.local/lib/python3.8/site-packages/airflow/example_dags/example_short_circuit_decorator.py
[2025-12-07T16:28:19.840+0000] {processor.py:830} INFO - Processing file /home/airflow/.local/lib/python3.8/site-packages/airflow/example_dags/example_short_circuit_decorator.py for tasks to queue
[2025-12-07T16:28:19.842+0000] {logging_mixin.py:188} INFO - [2025-12-07T16:28:19.842+0000] {dagbag.py:538} INFO - Filling up the DagBag from /home/airflow/.local/lib/python3.8/site-packages/airflow/example_dags/example_short_circuit_decorator.py
[2025-12-07T16:28:19.854+0000] {processor.py:840} INFO - DAG(s) 'example_short_circuit_decorator' retrieved from /home/airflow/.local/lib/python3.8/site-packages/airflow/example_dags/example_short_circuit_decorator.py
[2025-12-07T16:28:19.884+0000] {logging_mixin.py:188} INFO - [2025-12-07T16:28:19.884+0000] {dag.py:3036} INFO - Sync 1 DAGs
[2025-12-07T16:28:19.910+0000] {logging_mixin.py:188} INFO - [2025-12-07T16:28:19.909+0000] {dag.py:3823} INFO - Setting next_dagrun for example_short_circuit_decorator to 2025-12-06 00:00:00+00:00, run_after=2025-12-07 00:00:00+00:00
[2025-12-07T16:28:19.937+0000] {processor.py:183} INFO - Processing /home/airflow/.local/lib/python3.8/site-packages/airflow/example_dags/example_short_circuit_decorator.py took 0.103 seconds
[2025-12-07T16:28:50.771+0000] {processor.py:161} INFO - Started process (PID=4005) to work on /home/airflow/.local/lib/python3.8/site-packages/airflow/example_dags/example_short_circuit_decorator.py
[2025-12-07T16:28:50.773+0000] {processor.py:830} INFO - Processing file /home/airflow/.local/lib/python3.8/site-packages/airflow/example_dags/example_short_circuit_decorator.py for tasks to queue
[2025-12-07T16:28:50.775+0000] {logging_mixin.py:188} INFO - [2025-12-07T16:28:50.775+0000] {dagbag.py:538} INFO - Filling up the DagBag from /home/airflow/.local/lib/python3.8/site-packages/airflow/example_dags/example_short_circuit_decorator.py
[2025-12-07T16:28:50.786+0000] {processor.py:840} INFO - DAG(s) 'example_short_circuit_decorator' retrieved from /home/airflow/.local/lib/python3.8/site-packages/airflow/example_dags/example_short_circuit_decorator.py
[2025-12-07T16:28:50.820+0000] {logging_mixin.py:188} INFO - [2025-12-07T16:28:50.820+0000] {dag.py:3036} INFO - Sync 1 DAGs
[2025-12-07T16:28:50.856+0000] {logging_mixin.py:188} INFO - [2025-12-07T16:28:50.855+0000] {dag.py:3823} INFO - Setting next_dagrun for example_short_circuit_decorator to 2025-12-06 00:00:00+00:00, run_after=2025-12-07 00:00:00+00:00
[2025-12-07T16:28:50.893+0000] {processor.py:183} INFO - Processing /home/airflow/.local/lib/python3.8/site-packages/airflow/example_dags/example_short_circuit_decorator.py took 0.126 seconds
[2025-12-07T16:29:21.724+0000] {processor.py:161} INFO - Started process (PID=4066) to work on /home/airflow/.local/lib/python3.8/site-packages/airflow/example_dags/example_short_circuit_decorator.py
[2025-12-07T16:29:21.726+0000] {processor.py:830} INFO - Processing file /home/airflow/.local/lib/python3.8/site-packages/airflow/example_dags/example_short_circuit_decorator.py for tasks to queue
[2025-12-07T16:29:21.729+0000] {logging_mixin.py:188} INFO - [2025-12-07T16:29:21.729+0000] {dagbag.py:538} INFO - Filling up the DagBag from /home/airflow/.local/lib/python3.8/site-packages/airflow/example_dags/example_short_circuit_decorator.py
[2025-12-07T16:29:21.743+0000] {processor.py:840} INFO - DAG(s) 'example_short_circuit_decorator' retrieved from /home/airflow/.local/lib/python3.8/site-packages/airflow/example_dags/example_short_circuit_decorator.py
[2025-12-07T16:29:21.779+0000] {logging_mixin.py:188} INFO - [2025-12-07T16:29:21.778+0000] {dag.py:3036} INFO - Sync 1 DAGs
[2025-12-07T16:29:21.806+0000] {logging_mixin.py:188} INFO - [2025-12-07T16:29:21.806+0000] {dag.py:3823} INFO - Setting next_dagrun for example_short_circuit_decorator to 2025-12-06 00:00:00+00:00, run_after=2025-12-07 00:00:00+00:00
[2025-12-07T16:29:21.838+0000] {processor.py:183} INFO - Processing /home/airflow/.local/lib/python3.8/site-packages/airflow/example_dags/example_short_circuit_decorator.py took 0.119 seconds
[2025-12-07T16:29:52.611+0000] {processor.py:161} INFO - Started process (PID=4127) to work on /home/airflow/.local/lib/python3.8/site-packages/airflow/example_dags/example_short_circuit_decorator.py
[2025-12-07T16:29:52.613+0000] {processor.py:830} INFO - Processing file /home/airflow/.local/lib/python3.8/site-packages/airflow/example_dags/example_short_circuit_decorator.py for tasks to queue
[2025-12-07T16:29:52.615+0000] {logging_mixin.py:188} INFO - [2025-12-07T16:29:52.615+0000] {dagbag.py:538} INFO - Filling up the DagBag from /home/airflow/.local/lib/python3.8/site-packages/airflow/example_dags/example_short_circuit_decorator.py
[2025-12-07T16:29:52.628+0000] {processor.py:840} INFO - DAG(s) 'example_short_circuit_decorator' retrieved from /home/airflow/.local/lib/python3.8/site-packages/airflow/example_dags/example_short_circuit_decorator.py
[2025-12-07T16:29:52.671+0000] {logging_mixin.py:188} INFO - [2025-12-07T16:29:52.671+0000] {dag.py:3036} INFO - Sync 1 DAGs
[2025-12-07T16:29:52.702+0000] {logging_mixin.py:188} INFO - [2025-12-07T16:29:52.702+0000] {dag.py:3823} INFO - Setting next_dagrun for example_short_circuit_decorator to 2025-12-06 00:00:00+00:00, run_after=2025-12-07 00:00:00+00:00
[2025-12-07T16:29:52.733+0000] {processor.py:183} INFO - Processing /home/airflow/.local/lib/python3.8/site-packages/airflow/example_dags/example_short_circuit_decorator.py took 0.126 seconds
[2025-12-07T16:30:23.116+0000] {processor.py:161} INFO - Started process (PID=4188) to work on /home/airflow/.local/lib/python3.8/site-packages/airflow/example_dags/example_short_circuit_decorator.py
[2025-12-07T16:30:23.118+0000] {processor.py:830} INFO - Processing file /home/airflow/.local/lib/python3.8/site-packages/airflow/example_dags/example_short_circuit_decorator.py for tasks to queue
[2025-12-07T16:30:23.122+0000] {logging_mixin.py:188} INFO - [2025-12-07T16:30:23.121+0000] {dagbag.py:538} INFO - Filling up the DagBag from /home/airflow/.local/lib/python3.8/site-packages/airflow/example_dags/example_short_circuit_decorator.py
[2025-12-07T16:30:23.134+0000] {processor.py:840} INFO - DAG(s) 'example_short_circuit_decorator' retrieved from /home/airflow/.local/lib/python3.8/site-packages/airflow/example_dags/example_short_circuit_decorator.py
[2025-12-07T16:30:23.170+0000] {logging_mixin.py:188} INFO - [2025-12-07T16:30:23.170+0000] {dag.py:3036} INFO - Sync 1 DAGs
[2025-12-07T16:30:23.205+0000] {logging_mixin.py:188} INFO - [2025-12-07T16:30:23.204+0000] {dag.py:3823} INFO - Setting next_dagrun for example_short_circuit_decorator to 2025-12-06 00:00:00+00:00, run_after=2025-12-07 00:00:00+00:00
[2025-12-07T16:30:23.237+0000] {processor.py:183} INFO - Processing /home/airflow/.local/lib/python3.8/site-packages/airflow/example_dags/example_short_circuit_decorator.py took 0.125 seconds
[2025-12-07T16:30:53.465+0000] {processor.py:161} INFO - Started process (PID=4249) to work on /home/airflow/.local/lib/python3.8/site-packages/airflow/example_dags/example_short_circuit_decorator.py
[2025-12-07T16:30:53.466+0000] {processor.py:830} INFO - Processing file /home/airflow/.local/lib/python3.8/site-packages/airflow/example_dags/example_short_circuit_decorator.py for tasks to queue
[2025-12-07T16:30:53.469+0000] {logging_mixin.py:188} INFO - [2025-12-07T16:30:53.469+0000] {dagbag.py:538} INFO - Filling up the DagBag from /home/airflow/.local/lib/python3.8/site-packages/airflow/example_dags/example_short_circuit_decorator.py
[2025-12-07T16:30:53.483+0000] {processor.py:840} INFO - DAG(s) 'example_short_circuit_decorator' retrieved from /home/airflow/.local/lib/python3.8/site-packages/airflow/example_dags/example_short_circuit_decorator.py
[2025-12-07T16:30:53.517+0000] {logging_mixin.py:188} INFO - [2025-12-07T16:30:53.516+0000] {dag.py:3036} INFO - Sync 1 DAGs
[2025-12-07T16:30:53.546+0000] {logging_mixin.py:188} INFO - [2025-12-07T16:30:53.545+0000] {dag.py:3823} INFO - Setting next_dagrun for example_short_circuit_decorator to 2025-12-06 00:00:00+00:00, run_after=2025-12-07 00:00:00+00:00
[2025-12-07T16:30:53.575+0000] {processor.py:183} INFO - Processing /home/airflow/.local/lib/python3.8/site-packages/airflow/example_dags/example_short_circuit_decorator.py took 0.115 seconds
[2025-12-07T16:31:24.509+0000] {processor.py:161} INFO - Started process (PID=4310) to work on /home/airflow/.local/lib/python3.8/site-packages/airflow/example_dags/example_short_circuit_decorator.py
[2025-12-07T16:31:24.511+0000] {processor.py:830} INFO - Processing file /home/airflow/.local/lib/python3.8/site-packages/airflow/example_dags/example_short_circuit_decorator.py for tasks to queue
[2025-12-07T16:31:24.513+0000] {logging_mixin.py:188} INFO - [2025-12-07T16:31:24.513+0000] {dagbag.py:538} INFO - Filling up the DagBag from /home/airflow/.local/lib/python3.8/site-packages/airflow/example_dags/example_short_circuit_decorator.py
[2025-12-07T16:31:24.526+0000] {processor.py:840} INFO - DAG(s) 'example_short_circuit_decorator' retrieved from /home/airflow/.local/lib/python3.8/site-packages/airflow/example_dags/example_short_circuit_decorator.py
[2025-12-07T16:31:24.559+0000] {logging_mixin.py:188} INFO - [2025-12-07T16:31:24.559+0000] {dag.py:3036} INFO - Sync 1 DAGs
[2025-12-07T16:31:24.589+0000] {logging_mixin.py:188} INFO - [2025-12-07T16:31:24.588+0000] {dag.py:3823} INFO - Setting next_dagrun for example_short_circuit_decorator to 2025-12-06 00:00:00+00:00, run_after=2025-12-07 00:00:00+00:00
[2025-12-07T16:31:24.630+0000] {processor.py:183} INFO - Processing /home/airflow/.local/lib/python3.8/site-packages/airflow/example_dags/example_short_circuit_decorator.py took 0.127 seconds
[2025-12-07T16:31:54.693+0000] {processor.py:161} INFO - Started process (PID=4371) to work on /home/airflow/.local/lib/python3.8/site-packages/airflow/example_dags/example_short_circuit_decorator.py
[2025-12-07T16:31:54.694+0000] {processor.py:830} INFO - Processing file /home/airflow/.local/lib/python3.8/site-packages/airflow/example_dags/example_short_circuit_decorator.py for tasks to queue
[2025-12-07T16:31:54.697+0000] {logging_mixin.py:188} INFO - [2025-12-07T16:31:54.697+0000] {dagbag.py:538} INFO - Filling up the DagBag from /home/airflow/.local/lib/python3.8/site-packages/airflow/example_dags/example_short_circuit_decorator.py
[2025-12-07T16:31:54.709+0000] {processor.py:840} INFO - DAG(s) 'example_short_circuit_decorator' retrieved from /home/airflow/.local/lib/python3.8/site-packages/airflow/example_dags/example_short_circuit_decorator.py
[2025-12-07T16:31:54.745+0000] {logging_mixin.py:188} INFO - [2025-12-07T16:31:54.744+0000] {dag.py:3036} INFO - Sync 1 DAGs
[2025-12-07T16:31:54.772+0000] {logging_mixin.py:188} INFO - [2025-12-07T16:31:54.771+0000] {dag.py:3823} INFO - Setting next_dagrun for example_short_circuit_decorator to 2025-12-06 00:00:00+00:00, run_after=2025-12-07 00:00:00+00:00
[2025-12-07T16:31:54.803+0000] {processor.py:183} INFO - Processing /home/airflow/.local/lib/python3.8/site-packages/airflow/example_dags/example_short_circuit_decorator.py took 0.114 seconds
[2025-12-07T16:32:24.877+0000] {processor.py:161} INFO - Started process (PID=4432) to work on /home/airflow/.local/lib/python3.8/site-packages/airflow/example_dags/example_short_circuit_decorator.py
[2025-12-07T16:32:24.878+0000] {processor.py:830} INFO - Processing file /home/airflow/.local/lib/python3.8/site-packages/airflow/example_dags/example_short_circuit_decorator.py for tasks to queue
[2025-12-07T16:32:24.880+0000] {logging_mixin.py:188} INFO - [2025-12-07T16:32:24.880+0000] {dagbag.py:538} INFO - Filling up the DagBag from /home/airflow/.local/lib/python3.8/site-packages/airflow/example_dags/example_short_circuit_decorator.py
[2025-12-07T16:32:24.891+0000] {processor.py:840} INFO - DAG(s) 'example_short_circuit_decorator' retrieved from /home/airflow/.local/lib/python3.8/site-packages/airflow/example_dags/example_short_circuit_decorator.py
[2025-12-07T16:32:24.920+0000] {logging_mixin.py:188} INFO - [2025-12-07T16:32:24.920+0000] {dag.py:3036} INFO - Sync 1 DAGs
[2025-12-07T16:32:24.945+0000] {logging_mixin.py:188} INFO - [2025-12-07T16:32:24.944+0000] {dag.py:3823} INFO - Setting next_dagrun for example_short_circuit_decorator to 2025-12-06 00:00:00+00:00, run_after=2025-12-07 00:00:00+00:00
[2025-12-07T16:32:24.968+0000] {processor.py:183} INFO - Processing /home/airflow/.local/lib/python3.8/site-packages/airflow/example_dags/example_short_circuit_decorator.py took 0.096 seconds
[2025-12-07T16:32:55.081+0000] {processor.py:161} INFO - Started process (PID=4493) to work on /home/airflow/.local/lib/python3.8/site-packages/airflow/example_dags/example_short_circuit_decorator.py
[2025-12-07T16:32:55.082+0000] {processor.py:830} INFO - Processing file /home/airflow/.local/lib/python3.8/site-packages/airflow/example_dags/example_short_circuit_decorator.py for tasks to queue
[2025-12-07T16:32:55.085+0000] {logging_mixin.py:188} INFO - [2025-12-07T16:32:55.084+0000] {dagbag.py:538} INFO - Filling up the DagBag from /home/airflow/.local/lib/python3.8/site-packages/airflow/example_dags/example_short_circuit_decorator.py
[2025-12-07T16:32:55.099+0000] {processor.py:840} INFO - DAG(s) 'example_short_circuit_decorator' retrieved from /home/airflow/.local/lib/python3.8/site-packages/airflow/example_dags/example_short_circuit_decorator.py
[2025-12-07T16:32:55.132+0000] {logging_mixin.py:188} INFO - [2025-12-07T16:32:55.132+0000] {dag.py:3036} INFO - Sync 1 DAGs
[2025-12-07T16:32:55.166+0000] {logging_mixin.py:188} INFO - [2025-12-07T16:32:55.166+0000] {dag.py:3823} INFO - Setting next_dagrun for example_short_circuit_decorator to 2025-12-06 00:00:00+00:00, run_after=2025-12-07 00:00:00+00:00
[2025-12-07T16:32:55.198+0000] {processor.py:183} INFO - Processing /home/airflow/.local/lib/python3.8/site-packages/airflow/example_dags/example_short_circuit_decorator.py took 0.123 seconds
[2025-12-07T16:33:25.417+0000] {processor.py:161} INFO - Started process (PID=4554) to work on /home/airflow/.local/lib/python3.8/site-packages/airflow/example_dags/example_short_circuit_decorator.py
[2025-12-07T16:33:25.419+0000] {processor.py:830} INFO - Processing file /home/airflow/.local/lib/python3.8/site-packages/airflow/example_dags/example_short_circuit_decorator.py for tasks to queue
[2025-12-07T16:33:25.422+0000] {logging_mixin.py:188} INFO - [2025-12-07T16:33:25.421+0000] {dagbag.py:538} INFO - Filling up the DagBag from /home/airflow/.local/lib/python3.8/site-packages/airflow/example_dags/example_short_circuit_decorator.py
[2025-12-07T16:33:25.435+0000] {processor.py:840} INFO - DAG(s) 'example_short_circuit_decorator' retrieved from /home/airflow/.local/lib/python3.8/site-packages/airflow/example_dags/example_short_circuit_decorator.py
[2025-12-07T16:33:25.466+0000] {logging_mixin.py:188} INFO - [2025-12-07T16:33:25.465+0000] {dag.py:3036} INFO - Sync 1 DAGs
[2025-12-07T16:33:25.495+0000] {logging_mixin.py:188} INFO - [2025-12-07T16:33:25.495+0000] {dag.py:3823} INFO - Setting next_dagrun for example_short_circuit_decorator to 2025-12-06 00:00:00+00:00, run_after=2025-12-07 00:00:00+00:00
[2025-12-07T16:33:25.520+0000] {processor.py:183} INFO - Processing /home/airflow/.local/lib/python3.8/site-packages/airflow/example_dags/example_short_circuit_decorator.py took 0.107 seconds
[2025-12-07T16:33:56.439+0000] {processor.py:161} INFO - Started process (PID=4615) to work on /home/airflow/.local/lib/python3.8/site-packages/airflow/example_dags/example_short_circuit_decorator.py
[2025-12-07T16:33:56.441+0000] {processor.py:830} INFO - Processing file /home/airflow/.local/lib/python3.8/site-packages/airflow/example_dags/example_short_circuit_decorator.py for tasks to queue
[2025-12-07T16:33:56.444+0000] {logging_mixin.py:188} INFO - [2025-12-07T16:33:56.444+0000] {dagbag.py:538} INFO - Filling up the DagBag from /home/airflow/.local/lib/python3.8/site-packages/airflow/example_dags/example_short_circuit_decorator.py
[2025-12-07T16:33:56.456+0000] {processor.py:840} INFO - DAG(s) 'example_short_circuit_decorator' retrieved from /home/airflow/.local/lib/python3.8/site-packages/airflow/example_dags/example_short_circuit_decorator.py
[2025-12-07T16:33:56.487+0000] {logging_mixin.py:188} INFO - [2025-12-07T16:33:56.487+0000] {dag.py:3036} INFO - Sync 1 DAGs
[2025-12-07T16:33:56.515+0000] {logging_mixin.py:188} INFO - [2025-12-07T16:33:56.515+0000] {dag.py:3823} INFO - Setting next_dagrun for example_short_circuit_decorator to 2025-12-06 00:00:00+00:00, run_after=2025-12-07 00:00:00+00:00
[2025-12-07T16:33:56.542+0000] {processor.py:183} INFO - Processing /home/airflow/.local/lib/python3.8/site-packages/airflow/example_dags/example_short_circuit_decorator.py took 0.108 seconds
[2025-12-07T16:34:27.177+0000] {processor.py:161} INFO - Started process (PID=4676) to work on /home/airflow/.local/lib/python3.8/site-packages/airflow/example_dags/example_short_circuit_decorator.py
[2025-12-07T16:34:27.179+0000] {processor.py:830} INFO - Processing file /home/airflow/.local/lib/python3.8/site-packages/airflow/example_dags/example_short_circuit_decorator.py for tasks to queue
[2025-12-07T16:34:27.182+0000] {logging_mixin.py:188} INFO - [2025-12-07T16:34:27.182+0000] {dagbag.py:538} INFO - Filling up the DagBag from /home/airflow/.local/lib/python3.8/site-packages/airflow/example_dags/example_short_circuit_decorator.py
[2025-12-07T16:34:27.194+0000] {processor.py:840} INFO - DAG(s) 'example_short_circuit_decorator' retrieved from /home/airflow/.local/lib/python3.8/site-packages/airflow/example_dags/example_short_circuit_decorator.py
[2025-12-07T16:34:27.233+0000] {logging_mixin.py:188} INFO - [2025-12-07T16:34:27.233+0000] {dag.py:3036} INFO - Sync 1 DAGs
[2025-12-07T16:34:27.271+0000] {logging_mixin.py:188} INFO - [2025-12-07T16:34:27.270+0000] {dag.py:3823} INFO - Setting next_dagrun for example_short_circuit_decorator to 2025-12-06 00:00:00+00:00, run_after=2025-12-07 00:00:00+00:00
[2025-12-07T16:34:27.305+0000] {processor.py:183} INFO - Processing /home/airflow/.local/lib/python3.8/site-packages/airflow/example_dags/example_short_circuit_decorator.py took 0.133 seconds
[2025-12-07T16:34:57.418+0000] {processor.py:161} INFO - Started process (PID=4737) to work on /home/airflow/.local/lib/python3.8/site-packages/airflow/example_dags/example_short_circuit_decorator.py
[2025-12-07T16:34:57.420+0000] {processor.py:830} INFO - Processing file /home/airflow/.local/lib/python3.8/site-packages/airflow/example_dags/example_short_circuit_decorator.py for tasks to queue
[2025-12-07T16:34:57.423+0000] {logging_mixin.py:188} INFO - [2025-12-07T16:34:57.422+0000] {dagbag.py:538} INFO - Filling up the DagBag from /home/airflow/.local/lib/python3.8/site-packages/airflow/example_dags/example_short_circuit_decorator.py
[2025-12-07T16:34:57.435+0000] {processor.py:840} INFO - DAG(s) 'example_short_circuit_decorator' retrieved from /home/airflow/.local/lib/python3.8/site-packages/airflow/example_dags/example_short_circuit_decorator.py
[2025-12-07T16:34:57.470+0000] {logging_mixin.py:188} INFO - [2025-12-07T16:34:57.470+0000] {dag.py:3036} INFO - Sync 1 DAGs
[2025-12-07T16:34:57.500+0000] {logging_mixin.py:188} INFO - [2025-12-07T16:34:57.500+0000] {dag.py:3823} INFO - Setting next_dagrun for example_short_circuit_decorator to 2025-12-06 00:00:00+00:00, run_after=2025-12-07 00:00:00+00:00
[2025-12-07T16:34:57.530+0000] {processor.py:183} INFO - Processing /home/airflow/.local/lib/python3.8/site-packages/airflow/example_dags/example_short_circuit_decorator.py took 0.118 seconds
[2025-12-07T16:35:27.644+0000] {processor.py:161} INFO - Started process (PID=4798) to work on /home/airflow/.local/lib/python3.8/site-packages/airflow/example_dags/example_short_circuit_decorator.py
[2025-12-07T16:35:27.645+0000] {processor.py:830} INFO - Processing file /home/airflow/.local/lib/python3.8/site-packages/airflow/example_dags/example_short_circuit_decorator.py for tasks to queue
[2025-12-07T16:35:27.648+0000] {logging_mixin.py:188} INFO - [2025-12-07T16:35:27.648+0000] {dagbag.py:538} INFO - Filling up the DagBag from /home/airflow/.local/lib/python3.8/site-packages/airflow/example_dags/example_short_circuit_decorator.py
[2025-12-07T16:35:27.661+0000] {processor.py:840} INFO - DAG(s) 'example_short_circuit_decorator' retrieved from /home/airflow/.local/lib/python3.8/site-packages/airflow/example_dags/example_short_circuit_decorator.py
[2025-12-07T16:35:27.695+0000] {logging_mixin.py:188} INFO - [2025-12-07T16:35:27.694+0000] {dag.py:3036} INFO - Sync 1 DAGs
[2025-12-07T16:35:27.726+0000] {logging_mixin.py:188} INFO - [2025-12-07T16:35:27.726+0000] {dag.py:3823} INFO - Setting next_dagrun for example_short_circuit_decorator to 2025-12-06 00:00:00+00:00, run_after=2025-12-07 00:00:00+00:00
[2025-12-07T16:35:27.759+0000] {processor.py:183} INFO - Processing /home/airflow/.local/lib/python3.8/site-packages/airflow/example_dags/example_short_circuit_decorator.py took 0.121 seconds
[2025-12-07T16:35:57.821+0000] {processor.py:161} INFO - Started process (PID=4859) to work on /home/airflow/.local/lib/python3.8/site-packages/airflow/example_dags/example_short_circuit_decorator.py
[2025-12-07T16:35:57.823+0000] {processor.py:830} INFO - Processing file /home/airflow/.local/lib/python3.8/site-packages/airflow/example_dags/example_short_circuit_decorator.py for tasks to queue
[2025-12-07T16:35:57.826+0000] {logging_mixin.py:188} INFO - [2025-12-07T16:35:57.826+0000] {dagbag.py:538} INFO - Filling up the DagBag from /home/airflow/.local/lib/python3.8/site-packages/airflow/example_dags/example_short_circuit_decorator.py
[2025-12-07T16:35:57.837+0000] {processor.py:840} INFO - DAG(s) 'example_short_circuit_decorator' retrieved from /home/airflow/.local/lib/python3.8/site-packages/airflow/example_dags/example_short_circuit_decorator.py
[2025-12-07T16:35:57.870+0000] {logging_mixin.py:188} INFO - [2025-12-07T16:35:57.869+0000] {dag.py:3036} INFO - Sync 1 DAGs
[2025-12-07T16:35:57.900+0000] {logging_mixin.py:188} INFO - [2025-12-07T16:35:57.900+0000] {dag.py:3823} INFO - Setting next_dagrun for example_short_circuit_decorator to 2025-12-06 00:00:00+00:00, run_after=2025-12-07 00:00:00+00:00
[2025-12-07T16:35:57.932+0000] {processor.py:183} INFO - Processing /home/airflow/.local/lib/python3.8/site-packages/airflow/example_dags/example_short_circuit_decorator.py took 0.116 seconds
[2025-12-07T16:36:27.998+0000] {processor.py:161} INFO - Started process (PID=4920) to work on /home/airflow/.local/lib/python3.8/site-packages/airflow/example_dags/example_short_circuit_decorator.py
[2025-12-07T16:36:28.000+0000] {processor.py:830} INFO - Processing file /home/airflow/.local/lib/python3.8/site-packages/airflow/example_dags/example_short_circuit_decorator.py for tasks to queue
[2025-12-07T16:36:28.003+0000] {logging_mixin.py:188} INFO - [2025-12-07T16:36:28.002+0000] {dagbag.py:538} INFO - Filling up the DagBag from /home/airflow/.local/lib/python3.8/site-packages/airflow/example_dags/example_short_circuit_decorator.py
[2025-12-07T16:36:28.016+0000] {processor.py:840} INFO - DAG(s) 'example_short_circuit_decorator' retrieved from /home/airflow/.local/lib/python3.8/site-packages/airflow/example_dags/example_short_circuit_decorator.py
[2025-12-07T16:36:28.045+0000] {logging_mixin.py:188} INFO - [2025-12-07T16:36:28.045+0000] {dag.py:3036} INFO - Sync 1 DAGs
[2025-12-07T16:36:28.069+0000] {logging_mixin.py:188} INFO - [2025-12-07T16:36:28.069+0000] {dag.py:3823} INFO - Setting next_dagrun for example_short_circuit_decorator to 2025-12-06 00:00:00+00:00, run_after=2025-12-07 00:00:00+00:00
[2025-12-07T16:36:28.097+0000] {processor.py:183} INFO - Processing /home/airflow/.local/lib/python3.8/site-packages/airflow/example_dags/example_short_circuit_decorator.py took 0.105 seconds
[2025-12-07T16:36:58.452+0000] {processor.py:161} INFO - Started process (PID=4981) to work on /home/airflow/.local/lib/python3.8/site-packages/airflow/example_dags/example_short_circuit_decorator.py
[2025-12-07T16:36:58.454+0000] {processor.py:830} INFO - Processing file /home/airflow/.local/lib/python3.8/site-packages/airflow/example_dags/example_short_circuit_decorator.py for tasks to queue
[2025-12-07T16:36:58.458+0000] {logging_mixin.py:188} INFO - [2025-12-07T16:36:58.457+0000] {dagbag.py:538} INFO - Filling up the DagBag from /home/airflow/.local/lib/python3.8/site-packages/airflow/example_dags/example_short_circuit_decorator.py
[2025-12-07T16:36:58.476+0000] {processor.py:840} INFO - DAG(s) 'example_short_circuit_decorator' retrieved from /home/airflow/.local/lib/python3.8/site-packages/airflow/example_dags/example_short_circuit_decorator.py
[2025-12-07T16:36:58.524+0000] {logging_mixin.py:188} INFO - [2025-12-07T16:36:58.524+0000] {dag.py:3036} INFO - Sync 1 DAGs
[2025-12-07T16:36:58.550+0000] {logging_mixin.py:188} INFO - [2025-12-07T16:36:58.550+0000] {dag.py:3823} INFO - Setting next_dagrun for example_short_circuit_decorator to 2025-12-06 00:00:00+00:00, run_after=2025-12-07 00:00:00+00:00
[2025-12-07T16:36:58.578+0000] {processor.py:183} INFO - Processing /home/airflow/.local/lib/python3.8/site-packages/airflow/example_dags/example_short_circuit_decorator.py took 0.133 seconds
[2025-12-07T16:37:28.831+0000] {processor.py:161} INFO - Started process (PID=5042) to work on /home/airflow/.local/lib/python3.8/site-packages/airflow/example_dags/example_short_circuit_decorator.py
[2025-12-07T16:37:28.833+0000] {processor.py:830} INFO - Processing file /home/airflow/.local/lib/python3.8/site-packages/airflow/example_dags/example_short_circuit_decorator.py for tasks to queue
[2025-12-07T16:37:28.837+0000] {logging_mixin.py:188} INFO - [2025-12-07T16:37:28.836+0000] {dagbag.py:538} INFO - Filling up the DagBag from /home/airflow/.local/lib/python3.8/site-packages/airflow/example_dags/example_short_circuit_decorator.py
[2025-12-07T16:37:28.851+0000] {processor.py:840} INFO - DAG(s) 'example_short_circuit_decorator' retrieved from /home/airflow/.local/lib/python3.8/site-packages/airflow/example_dags/example_short_circuit_decorator.py
[2025-12-07T16:37:28.880+0000] {logging_mixin.py:188} INFO - [2025-12-07T16:37:28.880+0000] {dag.py:3036} INFO - Sync 1 DAGs
[2025-12-07T16:37:28.907+0000] {logging_mixin.py:188} INFO - [2025-12-07T16:37:28.907+0000] {dag.py:3823} INFO - Setting next_dagrun for example_short_circuit_decorator to 2025-12-06 00:00:00+00:00, run_after=2025-12-07 00:00:00+00:00
[2025-12-07T16:37:28.933+0000] {processor.py:183} INFO - Processing /home/airflow/.local/lib/python3.8/site-packages/airflow/example_dags/example_short_circuit_decorator.py took 0.107 seconds
[2025-12-07T16:37:59.212+0000] {processor.py:161} INFO - Started process (PID=5103) to work on /home/airflow/.local/lib/python3.8/site-packages/airflow/example_dags/example_short_circuit_decorator.py
[2025-12-07T16:37:59.213+0000] {processor.py:830} INFO - Processing file /home/airflow/.local/lib/python3.8/site-packages/airflow/example_dags/example_short_circuit_decorator.py for tasks to queue
[2025-12-07T16:37:59.217+0000] {logging_mixin.py:188} INFO - [2025-12-07T16:37:59.216+0000] {dagbag.py:538} INFO - Filling up the DagBag from /home/airflow/.local/lib/python3.8/site-packages/airflow/example_dags/example_short_circuit_decorator.py
[2025-12-07T16:37:59.230+0000] {processor.py:840} INFO - DAG(s) 'example_short_circuit_decorator' retrieved from /home/airflow/.local/lib/python3.8/site-packages/airflow/example_dags/example_short_circuit_decorator.py
[2025-12-07T16:37:59.263+0000] {logging_mixin.py:188} INFO - [2025-12-07T16:37:59.263+0000] {dag.py:3036} INFO - Sync 1 DAGs
[2025-12-07T16:37:59.293+0000] {logging_mixin.py:188} INFO - [2025-12-07T16:37:59.293+0000] {dag.py:3823} INFO - Setting next_dagrun for example_short_circuit_decorator to 2025-12-06 00:00:00+00:00, run_after=2025-12-07 00:00:00+00:00
[2025-12-07T16:37:59.327+0000] {processor.py:183} INFO - Processing /home/airflow/.local/lib/python3.8/site-packages/airflow/example_dags/example_short_circuit_decorator.py took 0.120 seconds
[2025-12-07T16:38:29.675+0000] {processor.py:161} INFO - Started process (PID=5164) to work on /home/airflow/.local/lib/python3.8/site-packages/airflow/example_dags/example_short_circuit_decorator.py
[2025-12-07T16:38:29.676+0000] {processor.py:830} INFO - Processing file /home/airflow/.local/lib/python3.8/site-packages/airflow/example_dags/example_short_circuit_decorator.py for tasks to queue
[2025-12-07T16:38:29.679+0000] {logging_mixin.py:188} INFO - [2025-12-07T16:38:29.679+0000] {dagbag.py:538} INFO - Filling up the DagBag from /home/airflow/.local/lib/python3.8/site-packages/airflow/example_dags/example_short_circuit_decorator.py
[2025-12-07T16:38:29.695+0000] {processor.py:840} INFO - DAG(s) 'example_short_circuit_decorator' retrieved from /home/airflow/.local/lib/python3.8/site-packages/airflow/example_dags/example_short_circuit_decorator.py
[2025-12-07T16:38:29.737+0000] {logging_mixin.py:188} INFO - [2025-12-07T16:38:29.736+0000] {dag.py:3036} INFO - Sync 1 DAGs
[2025-12-07T16:38:29.776+0000] {logging_mixin.py:188} INFO - [2025-12-07T16:38:29.776+0000] {dag.py:3823} INFO - Setting next_dagrun for example_short_circuit_decorator to 2025-12-06 00:00:00+00:00, run_after=2025-12-07 00:00:00+00:00
[2025-12-07T16:38:29.814+0000] {processor.py:183} INFO - Processing /home/airflow/.local/lib/python3.8/site-packages/airflow/example_dags/example_short_circuit_decorator.py took 0.144 seconds
[2025-12-07T16:39:00.148+0000] {processor.py:161} INFO - Started process (PID=5225) to work on /home/airflow/.local/lib/python3.8/site-packages/airflow/example_dags/example_short_circuit_decorator.py
[2025-12-07T16:39:00.150+0000] {processor.py:830} INFO - Processing file /home/airflow/.local/lib/python3.8/site-packages/airflow/example_dags/example_short_circuit_decorator.py for tasks to queue
[2025-12-07T16:39:00.153+0000] {logging_mixin.py:188} INFO - [2025-12-07T16:39:00.153+0000] {dagbag.py:538} INFO - Filling up the DagBag from /home/airflow/.local/lib/python3.8/site-packages/airflow/example_dags/example_short_circuit_decorator.py
[2025-12-07T16:39:00.165+0000] {processor.py:840} INFO - DAG(s) 'example_short_circuit_decorator' retrieved from /home/airflow/.local/lib/python3.8/site-packages/airflow/example_dags/example_short_circuit_decorator.py
[2025-12-07T16:39:00.197+0000] {logging_mixin.py:188} INFO - [2025-12-07T16:39:00.197+0000] {dag.py:3036} INFO - Sync 1 DAGs
[2025-12-07T16:39:00.227+0000] {logging_mixin.py:188} INFO - [2025-12-07T16:39:00.227+0000] {dag.py:3823} INFO - Setting next_dagrun for example_short_circuit_decorator to 2025-12-06 00:00:00+00:00, run_after=2025-12-07 00:00:00+00:00
[2025-12-07T16:39:00.257+0000] {processor.py:183} INFO - Processing /home/airflow/.local/lib/python3.8/site-packages/airflow/example_dags/example_short_circuit_decorator.py took 0.114 seconds
[2025-12-07T16:39:30.962+0000] {processor.py:161} INFO - Started process (PID=5286) to work on /home/airflow/.local/lib/python3.8/site-packages/airflow/example_dags/example_short_circuit_decorator.py
[2025-12-07T16:39:30.963+0000] {processor.py:830} INFO - Processing file /home/airflow/.local/lib/python3.8/site-packages/airflow/example_dags/example_short_circuit_decorator.py for tasks to queue
[2025-12-07T16:39:30.966+0000] {logging_mixin.py:188} INFO - [2025-12-07T16:39:30.966+0000] {dagbag.py:538} INFO - Filling up the DagBag from /home/airflow/.local/lib/python3.8/site-packages/airflow/example_dags/example_short_circuit_decorator.py
[2025-12-07T16:39:30.980+0000] {processor.py:840} INFO - DAG(s) 'example_short_circuit_decorator' retrieved from /home/airflow/.local/lib/python3.8/site-packages/airflow/example_dags/example_short_circuit_decorator.py
[2025-12-07T16:39:31.012+0000] {logging_mixin.py:188} INFO - [2025-12-07T16:39:31.012+0000] {dag.py:3036} INFO - Sync 1 DAGs
[2025-12-07T16:39:31.042+0000] {logging_mixin.py:188} INFO - [2025-12-07T16:39:31.042+0000] {dag.py:3823} INFO - Setting next_dagrun for example_short_circuit_decorator to 2025-12-06 00:00:00+00:00, run_after=2025-12-07 00:00:00+00:00
[2025-12-07T16:39:31.073+0000] {processor.py:183} INFO - Processing /home/airflow/.local/lib/python3.8/site-packages/airflow/example_dags/example_short_circuit_decorator.py took 0.115 seconds
[2025-12-07T16:40:01.848+0000] {processor.py:161} INFO - Started process (PID=5347) to work on /home/airflow/.local/lib/python3.8/site-packages/airflow/example_dags/example_short_circuit_decorator.py
[2025-12-07T16:40:01.850+0000] {processor.py:830} INFO - Processing file /home/airflow/.local/lib/python3.8/site-packages/airflow/example_dags/example_short_circuit_decorator.py for tasks to queue
[2025-12-07T16:40:01.853+0000] {logging_mixin.py:188} INFO - [2025-12-07T16:40:01.853+0000] {dagbag.py:538} INFO - Filling up the DagBag from /home/airflow/.local/lib/python3.8/site-packages/airflow/example_dags/example_short_circuit_decorator.py
[2025-12-07T16:40:01.865+0000] {processor.py:840} INFO - DAG(s) 'example_short_circuit_decorator' retrieved from /home/airflow/.local/lib/python3.8/site-packages/airflow/example_dags/example_short_circuit_decorator.py
[2025-12-07T16:40:01.896+0000] {logging_mixin.py:188} INFO - [2025-12-07T16:40:01.896+0000] {dag.py:3036} INFO - Sync 1 DAGs
[2025-12-07T16:40:01.927+0000] {logging_mixin.py:188} INFO - [2025-12-07T16:40:01.926+0000] {dag.py:3823} INFO - Setting next_dagrun for example_short_circuit_decorator to 2025-12-06 00:00:00+00:00, run_after=2025-12-07 00:00:00+00:00
[2025-12-07T16:40:01.958+0000] {processor.py:183} INFO - Processing /home/airflow/.local/lib/python3.8/site-packages/airflow/example_dags/example_short_circuit_decorator.py took 0.115 seconds
[2025-12-07T16:40:32.050+0000] {processor.py:161} INFO - Started process (PID=5408) to work on /home/airflow/.local/lib/python3.8/site-packages/airflow/example_dags/example_short_circuit_decorator.py
[2025-12-07T16:40:32.052+0000] {processor.py:830} INFO - Processing file /home/airflow/.local/lib/python3.8/site-packages/airflow/example_dags/example_short_circuit_decorator.py for tasks to queue
[2025-12-07T16:40:32.054+0000] {logging_mixin.py:188} INFO - [2025-12-07T16:40:32.054+0000] {dagbag.py:538} INFO - Filling up the DagBag from /home/airflow/.local/lib/python3.8/site-packages/airflow/example_dags/example_short_circuit_decorator.py
[2025-12-07T16:40:32.066+0000] {processor.py:840} INFO - DAG(s) 'example_short_circuit_decorator' retrieved from /home/airflow/.local/lib/python3.8/site-packages/airflow/example_dags/example_short_circuit_decorator.py
[2025-12-07T16:40:32.097+0000] {logging_mixin.py:188} INFO - [2025-12-07T16:40:32.097+0000] {dag.py:3036} INFO - Sync 1 DAGs
[2025-12-07T16:40:32.126+0000] {logging_mixin.py:188} INFO - [2025-12-07T16:40:32.125+0000] {dag.py:3823} INFO - Setting next_dagrun for example_short_circuit_decorator to 2025-12-06 00:00:00+00:00, run_after=2025-12-07 00:00:00+00:00
[2025-12-07T16:40:32.155+0000] {processor.py:183} INFO - Processing /home/airflow/.local/lib/python3.8/site-packages/airflow/example_dags/example_short_circuit_decorator.py took 0.109 seconds
[2025-12-07T16:41:02.310+0000] {processor.py:161} INFO - Started process (PID=5469) to work on /home/airflow/.local/lib/python3.8/site-packages/airflow/example_dags/example_short_circuit_decorator.py
[2025-12-07T16:41:02.312+0000] {processor.py:830} INFO - Processing file /home/airflow/.local/lib/python3.8/site-packages/airflow/example_dags/example_short_circuit_decorator.py for tasks to queue
[2025-12-07T16:41:02.315+0000] {logging_mixin.py:188} INFO - [2025-12-07T16:41:02.314+0000] {dagbag.py:538} INFO - Filling up the DagBag from /home/airflow/.local/lib/python3.8/site-packages/airflow/example_dags/example_short_circuit_decorator.py
[2025-12-07T16:41:02.328+0000] {processor.py:840} INFO - DAG(s) 'example_short_circuit_decorator' retrieved from /home/airflow/.local/lib/python3.8/site-packages/airflow/example_dags/example_short_circuit_decorator.py
[2025-12-07T16:41:02.357+0000] {logging_mixin.py:188} INFO - [2025-12-07T16:41:02.357+0000] {dag.py:3036} INFO - Sync 1 DAGs
[2025-12-07T16:41:02.381+0000] {logging_mixin.py:188} INFO - [2025-12-07T16:41:02.381+0000] {dag.py:3823} INFO - Setting next_dagrun for example_short_circuit_decorator to 2025-12-06 00:00:00+00:00, run_after=2025-12-07 00:00:00+00:00
[2025-12-07T16:41:02.408+0000] {processor.py:183} INFO - Processing /home/airflow/.local/lib/python3.8/site-packages/airflow/example_dags/example_short_circuit_decorator.py took 0.103 seconds
[2025-12-07T16:41:32.846+0000] {processor.py:161} INFO - Started process (PID=5530) to work on /home/airflow/.local/lib/python3.8/site-packages/airflow/example_dags/example_short_circuit_decorator.py
[2025-12-07T16:41:32.848+0000] {processor.py:830} INFO - Processing file /home/airflow/.local/lib/python3.8/site-packages/airflow/example_dags/example_short_circuit_decorator.py for tasks to queue
[2025-12-07T16:41:32.851+0000] {logging_mixin.py:188} INFO - [2025-12-07T16:41:32.851+0000] {dagbag.py:538} INFO - Filling up the DagBag from /home/airflow/.local/lib/python3.8/site-packages/airflow/example_dags/example_short_circuit_decorator.py
[2025-12-07T16:41:32.864+0000] {processor.py:840} INFO - DAG(s) 'example_short_circuit_decorator' retrieved from /home/airflow/.local/lib/python3.8/site-packages/airflow/example_dags/example_short_circuit_decorator.py
[2025-12-07T16:41:32.900+0000] {logging_mixin.py:188} INFO - [2025-12-07T16:41:32.899+0000] {dag.py:3036} INFO - Sync 1 DAGs
[2025-12-07T16:41:32.928+0000] {logging_mixin.py:188} INFO - [2025-12-07T16:41:32.928+0000] {dag.py:3823} INFO - Setting next_dagrun for example_short_circuit_decorator to 2025-12-06 00:00:00+00:00, run_after=2025-12-07 00:00:00+00:00
[2025-12-07T16:41:32.957+0000] {processor.py:183} INFO - Processing /home/airflow/.local/lib/python3.8/site-packages/airflow/example_dags/example_short_circuit_decorator.py took 0.118 seconds
[2025-12-07T16:42:03.342+0000] {processor.py:161} INFO - Started process (PID=5591) to work on /home/airflow/.local/lib/python3.8/site-packages/airflow/example_dags/example_short_circuit_decorator.py
[2025-12-07T16:42:03.343+0000] {processor.py:830} INFO - Processing file /home/airflow/.local/lib/python3.8/site-packages/airflow/example_dags/example_short_circuit_decorator.py for tasks to queue
[2025-12-07T16:42:03.346+0000] {logging_mixin.py:188} INFO - [2025-12-07T16:42:03.345+0000] {dagbag.py:538} INFO - Filling up the DagBag from /home/airflow/.local/lib/python3.8/site-packages/airflow/example_dags/example_short_circuit_decorator.py
[2025-12-07T16:42:03.358+0000] {processor.py:840} INFO - DAG(s) 'example_short_circuit_decorator' retrieved from /home/airflow/.local/lib/python3.8/site-packages/airflow/example_dags/example_short_circuit_decorator.py
[2025-12-07T16:42:03.399+0000] {logging_mixin.py:188} INFO - [2025-12-07T16:42:03.399+0000] {dag.py:3036} INFO - Sync 1 DAGs
[2025-12-07T16:42:03.432+0000] {logging_mixin.py:188} INFO - [2025-12-07T16:42:03.432+0000] {dag.py:3823} INFO - Setting next_dagrun for example_short_circuit_decorator to 2025-12-06 00:00:00+00:00, run_after=2025-12-07 00:00:00+00:00
[2025-12-07T16:42:03.460+0000] {processor.py:183} INFO - Processing /home/airflow/.local/lib/python3.8/site-packages/airflow/example_dags/example_short_circuit_decorator.py took 0.123 seconds
[2025-12-07T16:42:33.778+0000] {processor.py:161} INFO - Started process (PID=5652) to work on /home/airflow/.local/lib/python3.8/site-packages/airflow/example_dags/example_short_circuit_decorator.py
[2025-12-07T16:42:33.779+0000] {processor.py:830} INFO - Processing file /home/airflow/.local/lib/python3.8/site-packages/airflow/example_dags/example_short_circuit_decorator.py for tasks to queue
[2025-12-07T16:42:33.782+0000] {logging_mixin.py:188} INFO - [2025-12-07T16:42:33.781+0000] {dagbag.py:538} INFO - Filling up the DagBag from /home/airflow/.local/lib/python3.8/site-packages/airflow/example_dags/example_short_circuit_decorator.py
[2025-12-07T16:42:33.794+0000] {processor.py:840} INFO - DAG(s) 'example_short_circuit_decorator' retrieved from /home/airflow/.local/lib/python3.8/site-packages/airflow/example_dags/example_short_circuit_decorator.py
[2025-12-07T16:42:33.828+0000] {logging_mixin.py:188} INFO - [2025-12-07T16:42:33.828+0000] {dag.py:3036} INFO - Sync 1 DAGs
[2025-12-07T16:42:33.860+0000] {logging_mixin.py:188} INFO - [2025-12-07T16:42:33.860+0000] {dag.py:3823} INFO - Setting next_dagrun for example_short_circuit_decorator to 2025-12-06 00:00:00+00:00, run_after=2025-12-07 00:00:00+00:00
[2025-12-07T16:42:33.893+0000] {processor.py:183} INFO - Processing /home/airflow/.local/lib/python3.8/site-packages/airflow/example_dags/example_short_circuit_decorator.py took 0.120 seconds
[2025-12-07T16:43:04.264+0000] {processor.py:161} INFO - Started process (PID=5713) to work on /home/airflow/.local/lib/python3.8/site-packages/airflow/example_dags/example_short_circuit_decorator.py
[2025-12-07T16:43:04.266+0000] {processor.py:830} INFO - Processing file /home/airflow/.local/lib/python3.8/site-packages/airflow/example_dags/example_short_circuit_decorator.py for tasks to queue
[2025-12-07T16:43:04.269+0000] {logging_mixin.py:188} INFO - [2025-12-07T16:43:04.269+0000] {dagbag.py:538} INFO - Filling up the DagBag from /home/airflow/.local/lib/python3.8/site-packages/airflow/example_dags/example_short_circuit_decorator.py
[2025-12-07T16:43:04.283+0000] {processor.py:840} INFO - DAG(s) 'example_short_circuit_decorator' retrieved from /home/airflow/.local/lib/python3.8/site-packages/airflow/example_dags/example_short_circuit_decorator.py
[2025-12-07T16:43:04.320+0000] {logging_mixin.py:188} INFO - [2025-12-07T16:43:04.320+0000] {dag.py:3036} INFO - Sync 1 DAGs
[2025-12-07T16:43:04.350+0000] {logging_mixin.py:188} INFO - [2025-12-07T16:43:04.350+0000] {dag.py:3823} INFO - Setting next_dagrun for example_short_circuit_decorator to 2025-12-06 00:00:00+00:00, run_after=2025-12-07 00:00:00+00:00
[2025-12-07T16:43:04.380+0000] {processor.py:183} INFO - Processing /home/airflow/.local/lib/python3.8/site-packages/airflow/example_dags/example_short_circuit_decorator.py took 0.120 seconds
[2025-12-07T16:43:34.956+0000] {processor.py:161} INFO - Started process (PID=5774) to work on /home/airflow/.local/lib/python3.8/site-packages/airflow/example_dags/example_short_circuit_decorator.py
[2025-12-07T16:43:34.957+0000] {processor.py:830} INFO - Processing file /home/airflow/.local/lib/python3.8/site-packages/airflow/example_dags/example_short_circuit_decorator.py for tasks to queue
[2025-12-07T16:43:34.959+0000] {logging_mixin.py:188} INFO - [2025-12-07T16:43:34.959+0000] {dagbag.py:538} INFO - Filling up the DagBag from /home/airflow/.local/lib/python3.8/site-packages/airflow/example_dags/example_short_circuit_decorator.py
[2025-12-07T16:43:34.971+0000] {processor.py:840} INFO - DAG(s) 'example_short_circuit_decorator' retrieved from /home/airflow/.local/lib/python3.8/site-packages/airflow/example_dags/example_short_circuit_decorator.py
[2025-12-07T16:43:35.005+0000] {logging_mixin.py:188} INFO - [2025-12-07T16:43:35.004+0000] {dag.py:3036} INFO - Sync 1 DAGs
[2025-12-07T16:43:35.037+0000] {logging_mixin.py:188} INFO - [2025-12-07T16:43:35.037+0000] {dag.py:3823} INFO - Setting next_dagrun for example_short_circuit_decorator to 2025-12-06 00:00:00+00:00, run_after=2025-12-07 00:00:00+00:00
[2025-12-07T16:43:35.073+0000] {processor.py:183} INFO - Processing /home/airflow/.local/lib/python3.8/site-packages/airflow/example_dags/example_short_circuit_decorator.py took 0.122 seconds
[2025-12-07T16:44:05.555+0000] {processor.py:161} INFO - Started process (PID=5835) to work on /home/airflow/.local/lib/python3.8/site-packages/airflow/example_dags/example_short_circuit_decorator.py
[2025-12-07T16:44:05.557+0000] {processor.py:830} INFO - Processing file /home/airflow/.local/lib/python3.8/site-packages/airflow/example_dags/example_short_circuit_decorator.py for tasks to queue
[2025-12-07T16:44:05.560+0000] {logging_mixin.py:188} INFO - [2025-12-07T16:44:05.559+0000] {dagbag.py:538} INFO - Filling up the DagBag from /home/airflow/.local/lib/python3.8/site-packages/airflow/example_dags/example_short_circuit_decorator.py
[2025-12-07T16:44:05.573+0000] {processor.py:840} INFO - DAG(s) 'example_short_circuit_decorator' retrieved from /home/airflow/.local/lib/python3.8/site-packages/airflow/example_dags/example_short_circuit_decorator.py
[2025-12-07T16:44:05.602+0000] {logging_mixin.py:188} INFO - [2025-12-07T16:44:05.602+0000] {dag.py:3036} INFO - Sync 1 DAGs
[2025-12-07T16:44:05.628+0000] {logging_mixin.py:188} INFO - [2025-12-07T16:44:05.627+0000] {dag.py:3823} INFO - Setting next_dagrun for example_short_circuit_decorator to 2025-12-06 00:00:00+00:00, run_after=2025-12-07 00:00:00+00:00
[2025-12-07T16:44:05.654+0000] {processor.py:183} INFO - Processing /home/airflow/.local/lib/python3.8/site-packages/airflow/example_dags/example_short_circuit_decorator.py took 0.105 seconds
[2025-12-07T16:44:35.742+0000] {processor.py:161} INFO - Started process (PID=5896) to work on /home/airflow/.local/lib/python3.8/site-packages/airflow/example_dags/example_short_circuit_decorator.py
[2025-12-07T16:44:35.744+0000] {processor.py:830} INFO - Processing file /home/airflow/.local/lib/python3.8/site-packages/airflow/example_dags/example_short_circuit_decorator.py for tasks to queue
[2025-12-07T16:44:35.747+0000] {logging_mixin.py:188} INFO - [2025-12-07T16:44:35.746+0000] {dagbag.py:538} INFO - Filling up the DagBag from /home/airflow/.local/lib/python3.8/site-packages/airflow/example_dags/example_short_circuit_decorator.py
[2025-12-07T16:44:35.758+0000] {processor.py:840} INFO - DAG(s) 'example_short_circuit_decorator' retrieved from /home/airflow/.local/lib/python3.8/site-packages/airflow/example_dags/example_short_circuit_decorator.py
[2025-12-07T16:44:35.789+0000] {logging_mixin.py:188} INFO - [2025-12-07T16:44:35.789+0000] {dag.py:3036} INFO - Sync 1 DAGs
[2025-12-07T16:44:35.813+0000] {logging_mixin.py:188} INFO - [2025-12-07T16:44:35.813+0000] {dag.py:3823} INFO - Setting next_dagrun for example_short_circuit_decorator to 2025-12-06 00:00:00+00:00, run_after=2025-12-07 00:00:00+00:00
[2025-12-07T16:44:35.840+0000] {processor.py:183} INFO - Processing /home/airflow/.local/lib/python3.8/site-packages/airflow/example_dags/example_short_circuit_decorator.py took 0.103 seconds
[2025-12-07T16:45:05.957+0000] {processor.py:161} INFO - Started process (PID=5957) to work on /home/airflow/.local/lib/python3.8/site-packages/airflow/example_dags/example_short_circuit_decorator.py
[2025-12-07T16:45:05.959+0000] {processor.py:830} INFO - Processing file /home/airflow/.local/lib/python3.8/site-packages/airflow/example_dags/example_short_circuit_decorator.py for tasks to queue
[2025-12-07T16:45:05.961+0000] {logging_mixin.py:188} INFO - [2025-12-07T16:45:05.961+0000] {dagbag.py:538} INFO - Filling up the DagBag from /home/airflow/.local/lib/python3.8/site-packages/airflow/example_dags/example_short_circuit_decorator.py
[2025-12-07T16:45:05.974+0000] {processor.py:840} INFO - DAG(s) 'example_short_circuit_decorator' retrieved from /home/airflow/.local/lib/python3.8/site-packages/airflow/example_dags/example_short_circuit_decorator.py
[2025-12-07T16:45:06.005+0000] {logging_mixin.py:188} INFO - [2025-12-07T16:45:06.004+0000] {dag.py:3036} INFO - Sync 1 DAGs
[2025-12-07T16:45:06.032+0000] {logging_mixin.py:188} INFO - [2025-12-07T16:45:06.032+0000] {dag.py:3823} INFO - Setting next_dagrun for example_short_circuit_decorator to 2025-12-06 00:00:00+00:00, run_after=2025-12-07 00:00:00+00:00
[2025-12-07T16:45:06.058+0000] {processor.py:183} INFO - Processing /home/airflow/.local/lib/python3.8/site-packages/airflow/example_dags/example_short_circuit_decorator.py took 0.107 seconds
[2025-12-07T16:45:36.336+0000] {processor.py:161} INFO - Started process (PID=6018) to work on /home/airflow/.local/lib/python3.8/site-packages/airflow/example_dags/example_short_circuit_decorator.py
[2025-12-07T16:45:36.338+0000] {processor.py:830} INFO - Processing file /home/airflow/.local/lib/python3.8/site-packages/airflow/example_dags/example_short_circuit_decorator.py for tasks to queue
[2025-12-07T16:45:36.341+0000] {logging_mixin.py:188} INFO - [2025-12-07T16:45:36.341+0000] {dagbag.py:538} INFO - Filling up the DagBag from /home/airflow/.local/lib/python3.8/site-packages/airflow/example_dags/example_short_circuit_decorator.py
[2025-12-07T16:45:36.355+0000] {processor.py:840} INFO - DAG(s) 'example_short_circuit_decorator' retrieved from /home/airflow/.local/lib/python3.8/site-packages/airflow/example_dags/example_short_circuit_decorator.py
[2025-12-07T16:45:36.385+0000] {logging_mixin.py:188} INFO - [2025-12-07T16:45:36.384+0000] {dag.py:3036} INFO - Sync 1 DAGs
[2025-12-07T16:45:36.414+0000] {logging_mixin.py:188} INFO - [2025-12-07T16:45:36.413+0000] {dag.py:3823} INFO - Setting next_dagrun for example_short_circuit_decorator to 2025-12-06 00:00:00+00:00, run_after=2025-12-07 00:00:00+00:00
[2025-12-07T16:45:36.439+0000] {processor.py:183} INFO - Processing /home/airflow/.local/lib/python3.8/site-packages/airflow/example_dags/example_short_circuit_decorator.py took 0.109 seconds
[2025-12-07T16:46:06.730+0000] {processor.py:161} INFO - Started process (PID=6079) to work on /home/airflow/.local/lib/python3.8/site-packages/airflow/example_dags/example_short_circuit_decorator.py
[2025-12-07T16:46:06.732+0000] {processor.py:830} INFO - Processing file /home/airflow/.local/lib/python3.8/site-packages/airflow/example_dags/example_short_circuit_decorator.py for tasks to queue
[2025-12-07T16:46:06.735+0000] {logging_mixin.py:188} INFO - [2025-12-07T16:46:06.734+0000] {dagbag.py:538} INFO - Filling up the DagBag from /home/airflow/.local/lib/python3.8/site-packages/airflow/example_dags/example_short_circuit_decorator.py
[2025-12-07T16:46:06.747+0000] {processor.py:840} INFO - DAG(s) 'example_short_circuit_decorator' retrieved from /home/airflow/.local/lib/python3.8/site-packages/airflow/example_dags/example_short_circuit_decorator.py
[2025-12-07T16:46:06.780+0000] {logging_mixin.py:188} INFO - [2025-12-07T16:46:06.780+0000] {dag.py:3036} INFO - Sync 1 DAGs
[2025-12-07T16:46:06.807+0000] {logging_mixin.py:188} INFO - [2025-12-07T16:46:06.807+0000] {dag.py:3823} INFO - Setting next_dagrun for example_short_circuit_decorator to 2025-12-06 00:00:00+00:00, run_after=2025-12-07 00:00:00+00:00
[2025-12-07T16:46:06.830+0000] {processor.py:183} INFO - Processing /home/airflow/.local/lib/python3.8/site-packages/airflow/example_dags/example_short_circuit_decorator.py took 0.105 seconds
[2025-12-07T16:46:37.067+0000] {processor.py:161} INFO - Started process (PID=6140) to work on /home/airflow/.local/lib/python3.8/site-packages/airflow/example_dags/example_short_circuit_decorator.py
[2025-12-07T16:46:37.069+0000] {processor.py:830} INFO - Processing file /home/airflow/.local/lib/python3.8/site-packages/airflow/example_dags/example_short_circuit_decorator.py for tasks to queue
[2025-12-07T16:46:37.072+0000] {logging_mixin.py:188} INFO - [2025-12-07T16:46:37.071+0000] {dagbag.py:538} INFO - Filling up the DagBag from /home/airflow/.local/lib/python3.8/site-packages/airflow/example_dags/example_short_circuit_decorator.py
[2025-12-07T16:46:37.084+0000] {processor.py:840} INFO - DAG(s) 'example_short_circuit_decorator' retrieved from /home/airflow/.local/lib/python3.8/site-packages/airflow/example_dags/example_short_circuit_decorator.py
[2025-12-07T16:46:37.120+0000] {logging_mixin.py:188} INFO - [2025-12-07T16:46:37.119+0000] {dag.py:3036} INFO - Sync 1 DAGs
[2025-12-07T16:46:37.152+0000] {logging_mixin.py:188} INFO - [2025-12-07T16:46:37.152+0000] {dag.py:3823} INFO - Setting next_dagrun for example_short_circuit_decorator to 2025-12-06 00:00:00+00:00, run_after=2025-12-07 00:00:00+00:00
[2025-12-07T16:46:37.184+0000] {processor.py:183} INFO - Processing /home/airflow/.local/lib/python3.8/site-packages/airflow/example_dags/example_short_circuit_decorator.py took 0.122 seconds
[2025-12-07T16:47:07.527+0000] {processor.py:161} INFO - Started process (PID=6201) to work on /home/airflow/.local/lib/python3.8/site-packages/airflow/example_dags/example_short_circuit_decorator.py
[2025-12-07T16:47:07.529+0000] {processor.py:830} INFO - Processing file /home/airflow/.local/lib/python3.8/site-packages/airflow/example_dags/example_short_circuit_decorator.py for tasks to queue
[2025-12-07T16:47:07.532+0000] {logging_mixin.py:188} INFO - [2025-12-07T16:47:07.531+0000] {dagbag.py:538} INFO - Filling up the DagBag from /home/airflow/.local/lib/python3.8/site-packages/airflow/example_dags/example_short_circuit_decorator.py
[2025-12-07T16:47:07.544+0000] {processor.py:840} INFO - DAG(s) 'example_short_circuit_decorator' retrieved from /home/airflow/.local/lib/python3.8/site-packages/airflow/example_dags/example_short_circuit_decorator.py
[2025-12-07T16:47:07.577+0000] {logging_mixin.py:188} INFO - [2025-12-07T16:47:07.576+0000] {dag.py:3036} INFO - Sync 1 DAGs
[2025-12-07T16:47:07.601+0000] {logging_mixin.py:188} INFO - [2025-12-07T16:47:07.601+0000] {dag.py:3823} INFO - Setting next_dagrun for example_short_circuit_decorator to 2025-12-06 00:00:00+00:00, run_after=2025-12-07 00:00:00+00:00
[2025-12-07T16:47:07.624+0000] {processor.py:183} INFO - Processing /home/airflow/.local/lib/python3.8/site-packages/airflow/example_dags/example_short_circuit_decorator.py took 0.103 seconds
[2025-12-07T16:47:37.859+0000] {processor.py:161} INFO - Started process (PID=6262) to work on /home/airflow/.local/lib/python3.8/site-packages/airflow/example_dags/example_short_circuit_decorator.py
[2025-12-07T16:47:37.861+0000] {processor.py:830} INFO - Processing file /home/airflow/.local/lib/python3.8/site-packages/airflow/example_dags/example_short_circuit_decorator.py for tasks to queue
[2025-12-07T16:47:37.864+0000] {logging_mixin.py:188} INFO - [2025-12-07T16:47:37.863+0000] {dagbag.py:538} INFO - Filling up the DagBag from /home/airflow/.local/lib/python3.8/site-packages/airflow/example_dags/example_short_circuit_decorator.py
[2025-12-07T16:47:37.876+0000] {processor.py:840} INFO - DAG(s) 'example_short_circuit_decorator' retrieved from /home/airflow/.local/lib/python3.8/site-packages/airflow/example_dags/example_short_circuit_decorator.py
[2025-12-07T16:47:37.909+0000] {logging_mixin.py:188} INFO - [2025-12-07T16:47:37.908+0000] {dag.py:3036} INFO - Sync 1 DAGs
[2025-12-07T16:47:37.933+0000] {logging_mixin.py:188} INFO - [2025-12-07T16:47:37.933+0000] {dag.py:3823} INFO - Setting next_dagrun for example_short_circuit_decorator to 2025-12-06 00:00:00+00:00, run_after=2025-12-07 00:00:00+00:00
[2025-12-07T16:47:37.961+0000] {processor.py:183} INFO - Processing /home/airflow/.local/lib/python3.8/site-packages/airflow/example_dags/example_short_circuit_decorator.py took 0.107 seconds
[2025-12-07T16:48:08.301+0000] {processor.py:161} INFO - Started process (PID=6323) to work on /home/airflow/.local/lib/python3.8/site-packages/airflow/example_dags/example_short_circuit_decorator.py
[2025-12-07T16:48:08.302+0000] {processor.py:830} INFO - Processing file /home/airflow/.local/lib/python3.8/site-packages/airflow/example_dags/example_short_circuit_decorator.py for tasks to queue
[2025-12-07T16:48:08.306+0000] {logging_mixin.py:188} INFO - [2025-12-07T16:48:08.305+0000] {dagbag.py:538} INFO - Filling up the DagBag from /home/airflow/.local/lib/python3.8/site-packages/airflow/example_dags/example_short_circuit_decorator.py
[2025-12-07T16:48:08.318+0000] {processor.py:840} INFO - DAG(s) 'example_short_circuit_decorator' retrieved from /home/airflow/.local/lib/python3.8/site-packages/airflow/example_dags/example_short_circuit_decorator.py
[2025-12-07T16:48:08.352+0000] {logging_mixin.py:188} INFO - [2025-12-07T16:48:08.351+0000] {dag.py:3036} INFO - Sync 1 DAGs
[2025-12-07T16:48:08.382+0000] {logging_mixin.py:188} INFO - [2025-12-07T16:48:08.382+0000] {dag.py:3823} INFO - Setting next_dagrun for example_short_circuit_decorator to 2025-12-06 00:00:00+00:00, run_after=2025-12-07 00:00:00+00:00
[2025-12-07T16:48:08.420+0000] {processor.py:183} INFO - Processing /home/airflow/.local/lib/python3.8/site-packages/airflow/example_dags/example_short_circuit_decorator.py took 0.123 seconds
[2025-12-07T16:48:38.768+0000] {processor.py:161} INFO - Started process (PID=6384) to work on /home/airflow/.local/lib/python3.8/site-packages/airflow/example_dags/example_short_circuit_decorator.py
[2025-12-07T16:48:38.770+0000] {processor.py:830} INFO - Processing file /home/airflow/.local/lib/python3.8/site-packages/airflow/example_dags/example_short_circuit_decorator.py for tasks to queue
[2025-12-07T16:48:38.772+0000] {logging_mixin.py:188} INFO - [2025-12-07T16:48:38.772+0000] {dagbag.py:538} INFO - Filling up the DagBag from /home/airflow/.local/lib/python3.8/site-packages/airflow/example_dags/example_short_circuit_decorator.py
[2025-12-07T16:48:38.784+0000] {processor.py:840} INFO - DAG(s) 'example_short_circuit_decorator' retrieved from /home/airflow/.local/lib/python3.8/site-packages/airflow/example_dags/example_short_circuit_decorator.py
[2025-12-07T16:48:38.821+0000] {logging_mixin.py:188} INFO - [2025-12-07T16:48:38.820+0000] {dag.py:3036} INFO - Sync 1 DAGs
[2025-12-07T16:48:38.850+0000] {logging_mixin.py:188} INFO - [2025-12-07T16:48:38.850+0000] {dag.py:3823} INFO - Setting next_dagrun for example_short_circuit_decorator to 2025-12-06 00:00:00+00:00, run_after=2025-12-07 00:00:00+00:00
[2025-12-07T16:48:38.884+0000] {processor.py:183} INFO - Processing /home/airflow/.local/lib/python3.8/site-packages/airflow/example_dags/example_short_circuit_decorator.py took 0.120 seconds
[2025-12-07T16:49:09.157+0000] {processor.py:161} INFO - Started process (PID=6445) to work on /home/airflow/.local/lib/python3.8/site-packages/airflow/example_dags/example_short_circuit_decorator.py
[2025-12-07T16:49:09.159+0000] {processor.py:830} INFO - Processing file /home/airflow/.local/lib/python3.8/site-packages/airflow/example_dags/example_short_circuit_decorator.py for tasks to queue
[2025-12-07T16:49:09.162+0000] {logging_mixin.py:188} INFO - [2025-12-07T16:49:09.161+0000] {dagbag.py:538} INFO - Filling up the DagBag from /home/airflow/.local/lib/python3.8/site-packages/airflow/example_dags/example_short_circuit_decorator.py
[2025-12-07T16:49:09.182+0000] {processor.py:840} INFO - DAG(s) 'example_short_circuit_decorator' retrieved from /home/airflow/.local/lib/python3.8/site-packages/airflow/example_dags/example_short_circuit_decorator.py
[2025-12-07T16:49:09.216+0000] {logging_mixin.py:188} INFO - [2025-12-07T16:49:09.216+0000] {dag.py:3036} INFO - Sync 1 DAGs
[2025-12-07T16:49:09.246+0000] {logging_mixin.py:188} INFO - [2025-12-07T16:49:09.246+0000] {dag.py:3823} INFO - Setting next_dagrun for example_short_circuit_decorator to 2025-12-06 00:00:00+00:00, run_after=2025-12-07 00:00:00+00:00
[2025-12-07T16:49:09.281+0000] {processor.py:183} INFO - Processing /home/airflow/.local/lib/python3.8/site-packages/airflow/example_dags/example_short_circuit_decorator.py took 0.130 seconds
[2025-12-07T16:49:39.556+0000] {processor.py:161} INFO - Started process (PID=6506) to work on /home/airflow/.local/lib/python3.8/site-packages/airflow/example_dags/example_short_circuit_decorator.py
[2025-12-07T16:49:39.558+0000] {processor.py:830} INFO - Processing file /home/airflow/.local/lib/python3.8/site-packages/airflow/example_dags/example_short_circuit_decorator.py for tasks to queue
[2025-12-07T16:49:39.561+0000] {logging_mixin.py:188} INFO - [2025-12-07T16:49:39.560+0000] {dagbag.py:538} INFO - Filling up the DagBag from /home/airflow/.local/lib/python3.8/site-packages/airflow/example_dags/example_short_circuit_decorator.py
[2025-12-07T16:49:39.576+0000] {processor.py:840} INFO - DAG(s) 'example_short_circuit_decorator' retrieved from /home/airflow/.local/lib/python3.8/site-packages/airflow/example_dags/example_short_circuit_decorator.py
[2025-12-07T16:49:39.609+0000] {logging_mixin.py:188} INFO - [2025-12-07T16:49:39.609+0000] {dag.py:3036} INFO - Sync 1 DAGs
[2025-12-07T16:49:39.636+0000] {logging_mixin.py:188} INFO - [2025-12-07T16:49:39.636+0000] {dag.py:3823} INFO - Setting next_dagrun for example_short_circuit_decorator to 2025-12-06 00:00:00+00:00, run_after=2025-12-07 00:00:00+00:00
[2025-12-07T16:49:39.662+0000] {processor.py:183} INFO - Processing /home/airflow/.local/lib/python3.8/site-packages/airflow/example_dags/example_short_circuit_decorator.py took 0.111 seconds
[2025-12-07T16:50:10.004+0000] {processor.py:161} INFO - Started process (PID=6567) to work on /home/airflow/.local/lib/python3.8/site-packages/airflow/example_dags/example_short_circuit_decorator.py
[2025-12-07T16:50:10.005+0000] {processor.py:830} INFO - Processing file /home/airflow/.local/lib/python3.8/site-packages/airflow/example_dags/example_short_circuit_decorator.py for tasks to queue
[2025-12-07T16:50:10.008+0000] {logging_mixin.py:188} INFO - [2025-12-07T16:50:10.007+0000] {dagbag.py:538} INFO - Filling up the DagBag from /home/airflow/.local/lib/python3.8/site-packages/airflow/example_dags/example_short_circuit_decorator.py
[2025-12-07T16:50:10.020+0000] {processor.py:840} INFO - DAG(s) 'example_short_circuit_decorator' retrieved from /home/airflow/.local/lib/python3.8/site-packages/airflow/example_dags/example_short_circuit_decorator.py
[2025-12-07T16:50:10.055+0000] {logging_mixin.py:188} INFO - [2025-12-07T16:50:10.054+0000] {dag.py:3036} INFO - Sync 1 DAGs
[2025-12-07T16:50:10.086+0000] {logging_mixin.py:188} INFO - [2025-12-07T16:50:10.086+0000] {dag.py:3823} INFO - Setting next_dagrun for example_short_circuit_decorator to 2025-12-06 00:00:00+00:00, run_after=2025-12-07 00:00:00+00:00
[2025-12-07T16:50:10.118+0000] {processor.py:183} INFO - Processing /home/airflow/.local/lib/python3.8/site-packages/airflow/example_dags/example_short_circuit_decorator.py took 0.118 seconds
[2025-12-07T16:50:40.444+0000] {processor.py:161} INFO - Started process (PID=6628) to work on /home/airflow/.local/lib/python3.8/site-packages/airflow/example_dags/example_short_circuit_decorator.py
[2025-12-07T16:50:40.445+0000] {processor.py:830} INFO - Processing file /home/airflow/.local/lib/python3.8/site-packages/airflow/example_dags/example_short_circuit_decorator.py for tasks to queue
[2025-12-07T16:50:40.448+0000] {logging_mixin.py:188} INFO - [2025-12-07T16:50:40.447+0000] {dagbag.py:538} INFO - Filling up the DagBag from /home/airflow/.local/lib/python3.8/site-packages/airflow/example_dags/example_short_circuit_decorator.py
[2025-12-07T16:50:40.458+0000] {processor.py:840} INFO - DAG(s) 'example_short_circuit_decorator' retrieved from /home/airflow/.local/lib/python3.8/site-packages/airflow/example_dags/example_short_circuit_decorator.py
[2025-12-07T16:50:40.487+0000] {logging_mixin.py:188} INFO - [2025-12-07T16:50:40.487+0000] {dag.py:3036} INFO - Sync 1 DAGs
[2025-12-07T16:50:40.512+0000] {logging_mixin.py:188} INFO - [2025-12-07T16:50:40.512+0000] {dag.py:3823} INFO - Setting next_dagrun for example_short_circuit_decorator to 2025-12-06 00:00:00+00:00, run_after=2025-12-07 00:00:00+00:00
[2025-12-07T16:50:40.538+0000] {processor.py:183} INFO - Processing /home/airflow/.local/lib/python3.8/site-packages/airflow/example_dags/example_short_circuit_decorator.py took 0.099 seconds
[2025-12-07T16:51:11.118+0000] {processor.py:161} INFO - Started process (PID=6689) to work on /home/airflow/.local/lib/python3.8/site-packages/airflow/example_dags/example_short_circuit_decorator.py
[2025-12-07T16:51:11.120+0000] {processor.py:830} INFO - Processing file /home/airflow/.local/lib/python3.8/site-packages/airflow/example_dags/example_short_circuit_decorator.py for tasks to queue
[2025-12-07T16:51:11.123+0000] {logging_mixin.py:188} INFO - [2025-12-07T16:51:11.123+0000] {dagbag.py:538} INFO - Filling up the DagBag from /home/airflow/.local/lib/python3.8/site-packages/airflow/example_dags/example_short_circuit_decorator.py
[2025-12-07T16:51:11.136+0000] {processor.py:840} INFO - DAG(s) 'example_short_circuit_decorator' retrieved from /home/airflow/.local/lib/python3.8/site-packages/airflow/example_dags/example_short_circuit_decorator.py
[2025-12-07T16:51:11.166+0000] {logging_mixin.py:188} INFO - [2025-12-07T16:51:11.166+0000] {dag.py:3036} INFO - Sync 1 DAGs
[2025-12-07T16:51:11.195+0000] {logging_mixin.py:188} INFO - [2025-12-07T16:51:11.195+0000] {dag.py:3823} INFO - Setting next_dagrun for example_short_circuit_decorator to 2025-12-06 00:00:00+00:00, run_after=2025-12-07 00:00:00+00:00
[2025-12-07T16:51:11.226+0000] {processor.py:183} INFO - Processing /home/airflow/.local/lib/python3.8/site-packages/airflow/example_dags/example_short_circuit_decorator.py took 0.113 seconds
[2025-12-07T16:51:41.612+0000] {processor.py:161} INFO - Started process (PID=6750) to work on /home/airflow/.local/lib/python3.8/site-packages/airflow/example_dags/example_short_circuit_decorator.py
[2025-12-07T16:51:41.614+0000] {processor.py:830} INFO - Processing file /home/airflow/.local/lib/python3.8/site-packages/airflow/example_dags/example_short_circuit_decorator.py for tasks to queue
[2025-12-07T16:51:41.617+0000] {logging_mixin.py:188} INFO - [2025-12-07T16:51:41.617+0000] {dagbag.py:538} INFO - Filling up the DagBag from /home/airflow/.local/lib/python3.8/site-packages/airflow/example_dags/example_short_circuit_decorator.py
[2025-12-07T16:51:41.629+0000] {processor.py:840} INFO - DAG(s) 'example_short_circuit_decorator' retrieved from /home/airflow/.local/lib/python3.8/site-packages/airflow/example_dags/example_short_circuit_decorator.py
[2025-12-07T16:51:41.659+0000] {logging_mixin.py:188} INFO - [2025-12-07T16:51:41.659+0000] {dag.py:3036} INFO - Sync 1 DAGs
[2025-12-07T16:51:41.689+0000] {logging_mixin.py:188} INFO - [2025-12-07T16:51:41.689+0000] {dag.py:3823} INFO - Setting next_dagrun for example_short_circuit_decorator to 2025-12-06 00:00:00+00:00, run_after=2025-12-07 00:00:00+00:00
[2025-12-07T16:51:41.717+0000] {processor.py:183} INFO - Processing /home/airflow/.local/lib/python3.8/site-packages/airflow/example_dags/example_short_circuit_decorator.py took 0.109 seconds
[2025-12-07T16:52:12.051+0000] {processor.py:161} INFO - Started process (PID=6809) to work on /home/airflow/.local/lib/python3.8/site-packages/airflow/example_dags/example_short_circuit_decorator.py
[2025-12-07T16:52:12.052+0000] {processor.py:830} INFO - Processing file /home/airflow/.local/lib/python3.8/site-packages/airflow/example_dags/example_short_circuit_decorator.py for tasks to queue
[2025-12-07T16:52:12.056+0000] {logging_mixin.py:188} INFO - [2025-12-07T16:52:12.055+0000] {dagbag.py:538} INFO - Filling up the DagBag from /home/airflow/.local/lib/python3.8/site-packages/airflow/example_dags/example_short_circuit_decorator.py
[2025-12-07T16:52:12.068+0000] {processor.py:840} INFO - DAG(s) 'example_short_circuit_decorator' retrieved from /home/airflow/.local/lib/python3.8/site-packages/airflow/example_dags/example_short_circuit_decorator.py
[2025-12-07T16:52:12.106+0000] {logging_mixin.py:188} INFO - [2025-12-07T16:52:12.105+0000] {dag.py:3036} INFO - Sync 1 DAGs
[2025-12-07T16:52:12.139+0000] {logging_mixin.py:188} INFO - [2025-12-07T16:52:12.139+0000] {dag.py:3823} INFO - Setting next_dagrun for example_short_circuit_decorator to 2025-12-06 00:00:00+00:00, run_after=2025-12-07 00:00:00+00:00
[2025-12-07T16:52:12.172+0000] {processor.py:183} INFO - Processing /home/airflow/.local/lib/python3.8/site-packages/airflow/example_dags/example_short_circuit_decorator.py took 0.125 seconds
[2025-12-07T16:52:42.240+0000] {processor.py:161} INFO - Started process (PID=6870) to work on /home/airflow/.local/lib/python3.8/site-packages/airflow/example_dags/example_short_circuit_decorator.py
[2025-12-07T16:52:42.241+0000] {processor.py:830} INFO - Processing file /home/airflow/.local/lib/python3.8/site-packages/airflow/example_dags/example_short_circuit_decorator.py for tasks to queue
[2025-12-07T16:52:42.244+0000] {logging_mixin.py:188} INFO - [2025-12-07T16:52:42.244+0000] {dagbag.py:538} INFO - Filling up the DagBag from /home/airflow/.local/lib/python3.8/site-packages/airflow/example_dags/example_short_circuit_decorator.py
[2025-12-07T16:52:42.256+0000] {processor.py:840} INFO - DAG(s) 'example_short_circuit_decorator' retrieved from /home/airflow/.local/lib/python3.8/site-packages/airflow/example_dags/example_short_circuit_decorator.py
[2025-12-07T16:52:42.290+0000] {logging_mixin.py:188} INFO - [2025-12-07T16:52:42.289+0000] {dag.py:3036} INFO - Sync 1 DAGs
[2025-12-07T16:52:42.323+0000] {logging_mixin.py:188} INFO - [2025-12-07T16:52:42.322+0000] {dag.py:3823} INFO - Setting next_dagrun for example_short_circuit_decorator to 2025-12-06 00:00:00+00:00, run_after=2025-12-07 00:00:00+00:00
[2025-12-07T16:52:42.351+0000] {processor.py:183} INFO - Processing /home/airflow/.local/lib/python3.8/site-packages/airflow/example_dags/example_short_circuit_decorator.py took 0.115 seconds
[2025-12-07T16:53:12.846+0000] {processor.py:161} INFO - Started process (PID=6931) to work on /home/airflow/.local/lib/python3.8/site-packages/airflow/example_dags/example_short_circuit_decorator.py
[2025-12-07T16:53:12.847+0000] {processor.py:830} INFO - Processing file /home/airflow/.local/lib/python3.8/site-packages/airflow/example_dags/example_short_circuit_decorator.py for tasks to queue
[2025-12-07T16:53:12.850+0000] {logging_mixin.py:188} INFO - [2025-12-07T16:53:12.849+0000] {dagbag.py:538} INFO - Filling up the DagBag from /home/airflow/.local/lib/python3.8/site-packages/airflow/example_dags/example_short_circuit_decorator.py
[2025-12-07T16:53:12.861+0000] {processor.py:840} INFO - DAG(s) 'example_short_circuit_decorator' retrieved from /home/airflow/.local/lib/python3.8/site-packages/airflow/example_dags/example_short_circuit_decorator.py
[2025-12-07T16:53:12.895+0000] {logging_mixin.py:188} INFO - [2025-12-07T16:53:12.895+0000] {dag.py:3036} INFO - Sync 1 DAGs
[2025-12-07T16:53:12.925+0000] {logging_mixin.py:188} INFO - [2025-12-07T16:53:12.924+0000] {dag.py:3823} INFO - Setting next_dagrun for example_short_circuit_decorator to 2025-12-06 00:00:00+00:00, run_after=2025-12-07 00:00:00+00:00
[2025-12-07T16:53:12.951+0000] {processor.py:183} INFO - Processing /home/airflow/.local/lib/python3.8/site-packages/airflow/example_dags/example_short_circuit_decorator.py took 0.109 seconds
[2025-12-07T16:53:43.445+0000] {processor.py:161} INFO - Started process (PID=6992) to work on /home/airflow/.local/lib/python3.8/site-packages/airflow/example_dags/example_short_circuit_decorator.py
[2025-12-07T16:53:43.446+0000] {processor.py:830} INFO - Processing file /home/airflow/.local/lib/python3.8/site-packages/airflow/example_dags/example_short_circuit_decorator.py for tasks to queue
[2025-12-07T16:53:43.450+0000] {logging_mixin.py:188} INFO - [2025-12-07T16:53:43.450+0000] {dagbag.py:538} INFO - Filling up the DagBag from /home/airflow/.local/lib/python3.8/site-packages/airflow/example_dags/example_short_circuit_decorator.py
[2025-12-07T16:53:43.469+0000] {processor.py:840} INFO - DAG(s) 'example_short_circuit_decorator' retrieved from /home/airflow/.local/lib/python3.8/site-packages/airflow/example_dags/example_short_circuit_decorator.py
[2025-12-07T16:53:43.535+0000] {logging_mixin.py:188} INFO - [2025-12-07T16:53:43.535+0000] {dag.py:3036} INFO - Sync 1 DAGs
[2025-12-07T16:53:43.574+0000] {logging_mixin.py:188} INFO - [2025-12-07T16:53:43.574+0000] {dag.py:3823} INFO - Setting next_dagrun for example_short_circuit_decorator to 2025-12-06 00:00:00+00:00, run_after=2025-12-07 00:00:00+00:00
[2025-12-07T16:53:43.691+0000] {processor.py:183} INFO - Processing /home/airflow/.local/lib/python3.8/site-packages/airflow/example_dags/example_short_circuit_decorator.py took 0.253 seconds
[2025-12-07T16:54:13.866+0000] {processor.py:161} INFO - Started process (PID=7053) to work on /home/airflow/.local/lib/python3.8/site-packages/airflow/example_dags/example_short_circuit_decorator.py
[2025-12-07T16:54:13.868+0000] {processor.py:830} INFO - Processing file /home/airflow/.local/lib/python3.8/site-packages/airflow/example_dags/example_short_circuit_decorator.py for tasks to queue
[2025-12-07T16:54:13.872+0000] {logging_mixin.py:188} INFO - [2025-12-07T16:54:13.871+0000] {dagbag.py:538} INFO - Filling up the DagBag from /home/airflow/.local/lib/python3.8/site-packages/airflow/example_dags/example_short_circuit_decorator.py
[2025-12-07T16:54:13.885+0000] {processor.py:840} INFO - DAG(s) 'example_short_circuit_decorator' retrieved from /home/airflow/.local/lib/python3.8/site-packages/airflow/example_dags/example_short_circuit_decorator.py
[2025-12-07T16:54:13.922+0000] {logging_mixin.py:188} INFO - [2025-12-07T16:54:13.922+0000] {dag.py:3036} INFO - Sync 1 DAGs
[2025-12-07T16:54:13.961+0000] {logging_mixin.py:188} INFO - [2025-12-07T16:54:13.960+0000] {dag.py:3823} INFO - Setting next_dagrun for example_short_circuit_decorator to 2025-12-06 00:00:00+00:00, run_after=2025-12-07 00:00:00+00:00
[2025-12-07T16:54:13.992+0000] {processor.py:183} INFO - Processing /home/airflow/.local/lib/python3.8/site-packages/airflow/example_dags/example_short_circuit_decorator.py took 0.131 seconds
[2025-12-07T16:54:44.526+0000] {processor.py:161} INFO - Started process (PID=7114) to work on /home/airflow/.local/lib/python3.8/site-packages/airflow/example_dags/example_short_circuit_decorator.py
[2025-12-07T16:54:44.529+0000] {processor.py:830} INFO - Processing file /home/airflow/.local/lib/python3.8/site-packages/airflow/example_dags/example_short_circuit_decorator.py for tasks to queue
[2025-12-07T16:54:44.532+0000] {logging_mixin.py:188} INFO - [2025-12-07T16:54:44.532+0000] {dagbag.py:538} INFO - Filling up the DagBag from /home/airflow/.local/lib/python3.8/site-packages/airflow/example_dags/example_short_circuit_decorator.py
[2025-12-07T16:54:44.544+0000] {processor.py:840} INFO - DAG(s) 'example_short_circuit_decorator' retrieved from /home/airflow/.local/lib/python3.8/site-packages/airflow/example_dags/example_short_circuit_decorator.py
[2025-12-07T16:54:44.588+0000] {logging_mixin.py:188} INFO - [2025-12-07T16:54:44.588+0000] {dag.py:3036} INFO - Sync 1 DAGs
[2025-12-07T16:54:44.626+0000] {logging_mixin.py:188} INFO - [2025-12-07T16:54:44.625+0000] {dag.py:3823} INFO - Setting next_dagrun for example_short_circuit_decorator to 2025-12-06 00:00:00+00:00, run_after=2025-12-07 00:00:00+00:00
[2025-12-07T16:54:44.654+0000] {processor.py:183} INFO - Processing /home/airflow/.local/lib/python3.8/site-packages/airflow/example_dags/example_short_circuit_decorator.py took 0.133 seconds
[2025-12-07T16:55:14.775+0000] {processor.py:161} INFO - Started process (PID=7175) to work on /home/airflow/.local/lib/python3.8/site-packages/airflow/example_dags/example_short_circuit_decorator.py
[2025-12-07T16:55:14.776+0000] {processor.py:830} INFO - Processing file /home/airflow/.local/lib/python3.8/site-packages/airflow/example_dags/example_short_circuit_decorator.py for tasks to queue
[2025-12-07T16:55:14.778+0000] {logging_mixin.py:188} INFO - [2025-12-07T16:55:14.778+0000] {dagbag.py:538} INFO - Filling up the DagBag from /home/airflow/.local/lib/python3.8/site-packages/airflow/example_dags/example_short_circuit_decorator.py
[2025-12-07T16:55:14.789+0000] {processor.py:840} INFO - DAG(s) 'example_short_circuit_decorator' retrieved from /home/airflow/.local/lib/python3.8/site-packages/airflow/example_dags/example_short_circuit_decorator.py
[2025-12-07T16:55:14.823+0000] {logging_mixin.py:188} INFO - [2025-12-07T16:55:14.823+0000] {dag.py:3036} INFO - Sync 1 DAGs
[2025-12-07T16:55:14.847+0000] {logging_mixin.py:188} INFO - [2025-12-07T16:55:14.846+0000] {dag.py:3823} INFO - Setting next_dagrun for example_short_circuit_decorator to 2025-12-06 00:00:00+00:00, run_after=2025-12-07 00:00:00+00:00
[2025-12-07T16:55:14.872+0000] {processor.py:183} INFO - Processing /home/airflow/.local/lib/python3.8/site-packages/airflow/example_dags/example_short_circuit_decorator.py took 0.104 seconds
[2025-12-07T16:55:45.248+0000] {processor.py:161} INFO - Started process (PID=7236) to work on /home/airflow/.local/lib/python3.8/site-packages/airflow/example_dags/example_short_circuit_decorator.py
[2025-12-07T16:55:45.250+0000] {processor.py:830} INFO - Processing file /home/airflow/.local/lib/python3.8/site-packages/airflow/example_dags/example_short_circuit_decorator.py for tasks to queue
[2025-12-07T16:55:45.253+0000] {logging_mixin.py:188} INFO - [2025-12-07T16:55:45.252+0000] {dagbag.py:538} INFO - Filling up the DagBag from /home/airflow/.local/lib/python3.8/site-packages/airflow/example_dags/example_short_circuit_decorator.py
[2025-12-07T16:55:45.265+0000] {processor.py:840} INFO - DAG(s) 'example_short_circuit_decorator' retrieved from /home/airflow/.local/lib/python3.8/site-packages/airflow/example_dags/example_short_circuit_decorator.py
[2025-12-07T16:55:45.304+0000] {logging_mixin.py:188} INFO - [2025-12-07T16:55:45.304+0000] {dag.py:3036} INFO - Sync 1 DAGs
[2025-12-07T16:55:45.335+0000] {logging_mixin.py:188} INFO - [2025-12-07T16:55:45.335+0000] {dag.py:3823} INFO - Setting next_dagrun for example_short_circuit_decorator to 2025-12-06 00:00:00+00:00, run_after=2025-12-07 00:00:00+00:00
[2025-12-07T16:55:45.376+0000] {processor.py:183} INFO - Processing /home/airflow/.local/lib/python3.8/site-packages/airflow/example_dags/example_short_circuit_decorator.py took 0.133 seconds
[2025-12-07T16:56:16.244+0000] {processor.py:161} INFO - Started process (PID=7297) to work on /home/airflow/.local/lib/python3.8/site-packages/airflow/example_dags/example_short_circuit_decorator.py
[2025-12-07T16:56:16.246+0000] {processor.py:830} INFO - Processing file /home/airflow/.local/lib/python3.8/site-packages/airflow/example_dags/example_short_circuit_decorator.py for tasks to queue
[2025-12-07T16:56:16.248+0000] {logging_mixin.py:188} INFO - [2025-12-07T16:56:16.248+0000] {dagbag.py:538} INFO - Filling up the DagBag from /home/airflow/.local/lib/python3.8/site-packages/airflow/example_dags/example_short_circuit_decorator.py
[2025-12-07T16:56:16.260+0000] {processor.py:840} INFO - DAG(s) 'example_short_circuit_decorator' retrieved from /home/airflow/.local/lib/python3.8/site-packages/airflow/example_dags/example_short_circuit_decorator.py
[2025-12-07T16:56:16.298+0000] {logging_mixin.py:188} INFO - [2025-12-07T16:56:16.298+0000] {dag.py:3036} INFO - Sync 1 DAGs
[2025-12-07T16:56:16.327+0000] {logging_mixin.py:188} INFO - [2025-12-07T16:56:16.327+0000] {dag.py:3823} INFO - Setting next_dagrun for example_short_circuit_decorator to 2025-12-06 00:00:00+00:00, run_after=2025-12-07 00:00:00+00:00
[2025-12-07T16:56:16.361+0000] {processor.py:183} INFO - Processing /home/airflow/.local/lib/python3.8/site-packages/airflow/example_dags/example_short_circuit_decorator.py took 0.120 seconds
[2025-12-07T16:56:47.311+0000] {processor.py:161} INFO - Started process (PID=7358) to work on /home/airflow/.local/lib/python3.8/site-packages/airflow/example_dags/example_short_circuit_decorator.py
[2025-12-07T16:56:47.313+0000] {processor.py:830} INFO - Processing file /home/airflow/.local/lib/python3.8/site-packages/airflow/example_dags/example_short_circuit_decorator.py for tasks to queue
[2025-12-07T16:56:47.315+0000] {logging_mixin.py:188} INFO - [2025-12-07T16:56:47.315+0000] {dagbag.py:538} INFO - Filling up the DagBag from /home/airflow/.local/lib/python3.8/site-packages/airflow/example_dags/example_short_circuit_decorator.py
[2025-12-07T16:56:47.327+0000] {processor.py:840} INFO - DAG(s) 'example_short_circuit_decorator' retrieved from /home/airflow/.local/lib/python3.8/site-packages/airflow/example_dags/example_short_circuit_decorator.py
[2025-12-07T16:56:47.361+0000] {logging_mixin.py:188} INFO - [2025-12-07T16:56:47.360+0000] {dag.py:3036} INFO - Sync 1 DAGs
[2025-12-07T16:56:47.390+0000] {logging_mixin.py:188} INFO - [2025-12-07T16:56:47.389+0000] {dag.py:3823} INFO - Setting next_dagrun for example_short_circuit_decorator to 2025-12-06 00:00:00+00:00, run_after=2025-12-07 00:00:00+00:00
[2025-12-07T16:56:47.417+0000] {processor.py:183} INFO - Processing /home/airflow/.local/lib/python3.8/site-packages/airflow/example_dags/example_short_circuit_decorator.py took 0.109 seconds
[2025-12-07T16:57:17.981+0000] {processor.py:161} INFO - Started process (PID=7419) to work on /home/airflow/.local/lib/python3.8/site-packages/airflow/example_dags/example_short_circuit_decorator.py
[2025-12-07T16:57:17.982+0000] {processor.py:830} INFO - Processing file /home/airflow/.local/lib/python3.8/site-packages/airflow/example_dags/example_short_circuit_decorator.py for tasks to queue
[2025-12-07T16:57:17.985+0000] {logging_mixin.py:188} INFO - [2025-12-07T16:57:17.984+0000] {dagbag.py:538} INFO - Filling up the DagBag from /home/airflow/.local/lib/python3.8/site-packages/airflow/example_dags/example_short_circuit_decorator.py
[2025-12-07T16:57:17.996+0000] {processor.py:840} INFO - DAG(s) 'example_short_circuit_decorator' retrieved from /home/airflow/.local/lib/python3.8/site-packages/airflow/example_dags/example_short_circuit_decorator.py
[2025-12-07T16:57:18.029+0000] {logging_mixin.py:188} INFO - [2025-12-07T16:57:18.029+0000] {dag.py:3036} INFO - Sync 1 DAGs
[2025-12-07T16:57:18.058+0000] {logging_mixin.py:188} INFO - [2025-12-07T16:57:18.058+0000] {dag.py:3823} INFO - Setting next_dagrun for example_short_circuit_decorator to 2025-12-06 00:00:00+00:00, run_after=2025-12-07 00:00:00+00:00
[2025-12-07T16:57:18.088+0000] {processor.py:183} INFO - Processing /home/airflow/.local/lib/python3.8/site-packages/airflow/example_dags/example_short_circuit_decorator.py took 0.111 seconds
[2025-12-07T16:57:48.407+0000] {processor.py:161} INFO - Started process (PID=7478) to work on /home/airflow/.local/lib/python3.8/site-packages/airflow/example_dags/example_short_circuit_decorator.py
[2025-12-07T16:57:48.408+0000] {processor.py:830} INFO - Processing file /home/airflow/.local/lib/python3.8/site-packages/airflow/example_dags/example_short_circuit_decorator.py for tasks to queue
[2025-12-07T16:57:48.412+0000] {logging_mixin.py:188} INFO - [2025-12-07T16:57:48.411+0000] {dagbag.py:538} INFO - Filling up the DagBag from /home/airflow/.local/lib/python3.8/site-packages/airflow/example_dags/example_short_circuit_decorator.py
[2025-12-07T16:57:48.424+0000] {processor.py:840} INFO - DAG(s) 'example_short_circuit_decorator' retrieved from /home/airflow/.local/lib/python3.8/site-packages/airflow/example_dags/example_short_circuit_decorator.py
[2025-12-07T16:57:48.460+0000] {logging_mixin.py:188} INFO - [2025-12-07T16:57:48.459+0000] {dag.py:3036} INFO - Sync 1 DAGs
[2025-12-07T16:57:48.490+0000] {logging_mixin.py:188} INFO - [2025-12-07T16:57:48.490+0000] {dag.py:3823} INFO - Setting next_dagrun for example_short_circuit_decorator to 2025-12-06 00:00:00+00:00, run_after=2025-12-07 00:00:00+00:00
[2025-12-07T16:57:48.523+0000] {processor.py:183} INFO - Processing /home/airflow/.local/lib/python3.8/site-packages/airflow/example_dags/example_short_circuit_decorator.py took 0.120 seconds
[2025-12-07T16:58:19.478+0000] {processor.py:161} INFO - Started process (PID=7541) to work on /home/airflow/.local/lib/python3.8/site-packages/airflow/example_dags/example_short_circuit_decorator.py
[2025-12-07T16:58:19.480+0000] {processor.py:830} INFO - Processing file /home/airflow/.local/lib/python3.8/site-packages/airflow/example_dags/example_short_circuit_decorator.py for tasks to queue
[2025-12-07T16:58:19.483+0000] {logging_mixin.py:188} INFO - [2025-12-07T16:58:19.483+0000] {dagbag.py:538} INFO - Filling up the DagBag from /home/airflow/.local/lib/python3.8/site-packages/airflow/example_dags/example_short_circuit_decorator.py
[2025-12-07T16:58:19.499+0000] {processor.py:840} INFO - DAG(s) 'example_short_circuit_decorator' retrieved from /home/airflow/.local/lib/python3.8/site-packages/airflow/example_dags/example_short_circuit_decorator.py
[2025-12-07T16:58:19.536+0000] {logging_mixin.py:188} INFO - [2025-12-07T16:58:19.536+0000] {dag.py:3036} INFO - Sync 1 DAGs
[2025-12-07T16:58:19.574+0000] {logging_mixin.py:188} INFO - [2025-12-07T16:58:19.574+0000] {dag.py:3823} INFO - Setting next_dagrun for example_short_circuit_decorator to 2025-12-06 00:00:00+00:00, run_after=2025-12-07 00:00:00+00:00
[2025-12-07T16:58:19.604+0000] {processor.py:183} INFO - Processing /home/airflow/.local/lib/python3.8/site-packages/airflow/example_dags/example_short_circuit_decorator.py took 0.131 seconds
[2025-12-07T16:58:50.531+0000] {processor.py:161} INFO - Started process (PID=7602) to work on /home/airflow/.local/lib/python3.8/site-packages/airflow/example_dags/example_short_circuit_decorator.py
[2025-12-07T16:58:50.533+0000] {processor.py:830} INFO - Processing file /home/airflow/.local/lib/python3.8/site-packages/airflow/example_dags/example_short_circuit_decorator.py for tasks to queue
[2025-12-07T16:58:50.535+0000] {logging_mixin.py:188} INFO - [2025-12-07T16:58:50.535+0000] {dagbag.py:538} INFO - Filling up the DagBag from /home/airflow/.local/lib/python3.8/site-packages/airflow/example_dags/example_short_circuit_decorator.py
[2025-12-07T16:58:50.548+0000] {processor.py:840} INFO - DAG(s) 'example_short_circuit_decorator' retrieved from /home/airflow/.local/lib/python3.8/site-packages/airflow/example_dags/example_short_circuit_decorator.py
[2025-12-07T16:58:50.584+0000] {logging_mixin.py:188} INFO - [2025-12-07T16:58:50.584+0000] {dag.py:3036} INFO - Sync 1 DAGs
[2025-12-07T16:58:50.612+0000] {logging_mixin.py:188} INFO - [2025-12-07T16:58:50.612+0000] {dag.py:3823} INFO - Setting next_dagrun for example_short_circuit_decorator to 2025-12-06 00:00:00+00:00, run_after=2025-12-07 00:00:00+00:00
[2025-12-07T16:58:50.643+0000] {processor.py:183} INFO - Processing /home/airflow/.local/lib/python3.8/site-packages/airflow/example_dags/example_short_circuit_decorator.py took 0.115 seconds
[2025-12-07T16:59:20.809+0000] {processor.py:161} INFO - Started process (PID=7661) to work on /home/airflow/.local/lib/python3.8/site-packages/airflow/example_dags/example_short_circuit_decorator.py
[2025-12-07T16:59:20.811+0000] {processor.py:830} INFO - Processing file /home/airflow/.local/lib/python3.8/site-packages/airflow/example_dags/example_short_circuit_decorator.py for tasks to queue
[2025-12-07T16:59:20.813+0000] {logging_mixin.py:188} INFO - [2025-12-07T16:59:20.813+0000] {dagbag.py:538} INFO - Filling up the DagBag from /home/airflow/.local/lib/python3.8/site-packages/airflow/example_dags/example_short_circuit_decorator.py
[2025-12-07T16:59:20.825+0000] {processor.py:840} INFO - DAG(s) 'example_short_circuit_decorator' retrieved from /home/airflow/.local/lib/python3.8/site-packages/airflow/example_dags/example_short_circuit_decorator.py
[2025-12-07T16:59:20.858+0000] {logging_mixin.py:188} INFO - [2025-12-07T16:59:20.857+0000] {dag.py:3036} INFO - Sync 1 DAGs
[2025-12-07T16:59:20.899+0000] {logging_mixin.py:188} INFO - [2025-12-07T16:59:20.899+0000] {dag.py:3823} INFO - Setting next_dagrun for example_short_circuit_decorator to 2025-12-06 00:00:00+00:00, run_after=2025-12-07 00:00:00+00:00
[2025-12-07T16:59:20.930+0000] {processor.py:183} INFO - Processing /home/airflow/.local/lib/python3.8/site-packages/airflow/example_dags/example_short_circuit_decorator.py took 0.125 seconds
[2025-12-07T16:59:51.685+0000] {processor.py:161} INFO - Started process (PID=7722) to work on /home/airflow/.local/lib/python3.8/site-packages/airflow/example_dags/example_short_circuit_decorator.py
[2025-12-07T16:59:51.687+0000] {processor.py:830} INFO - Processing file /home/airflow/.local/lib/python3.8/site-packages/airflow/example_dags/example_short_circuit_decorator.py for tasks to queue
[2025-12-07T16:59:51.692+0000] {logging_mixin.py:188} INFO - [2025-12-07T16:59:51.691+0000] {dagbag.py:538} INFO - Filling up the DagBag from /home/airflow/.local/lib/python3.8/site-packages/airflow/example_dags/example_short_circuit_decorator.py
[2025-12-07T16:59:51.705+0000] {processor.py:840} INFO - DAG(s) 'example_short_circuit_decorator' retrieved from /home/airflow/.local/lib/python3.8/site-packages/airflow/example_dags/example_short_circuit_decorator.py
[2025-12-07T16:59:51.738+0000] {logging_mixin.py:188} INFO - [2025-12-07T16:59:51.738+0000] {dag.py:3036} INFO - Sync 1 DAGs
[2025-12-07T16:59:51.773+0000] {logging_mixin.py:188} INFO - [2025-12-07T16:59:51.773+0000] {dag.py:3823} INFO - Setting next_dagrun for example_short_circuit_decorator to 2025-12-06 00:00:00+00:00, run_after=2025-12-07 00:00:00+00:00
[2025-12-07T16:59:51.805+0000] {processor.py:183} INFO - Processing /home/airflow/.local/lib/python3.8/site-packages/airflow/example_dags/example_short_circuit_decorator.py took 0.125 seconds
[2025-12-07T17:00:22.385+0000] {processor.py:161} INFO - Started process (PID=7783) to work on /home/airflow/.local/lib/python3.8/site-packages/airflow/example_dags/example_short_circuit_decorator.py
[2025-12-07T17:00:22.386+0000] {processor.py:830} INFO - Processing file /home/airflow/.local/lib/python3.8/site-packages/airflow/example_dags/example_short_circuit_decorator.py for tasks to queue
[2025-12-07T17:00:22.389+0000] {logging_mixin.py:188} INFO - [2025-12-07T17:00:22.389+0000] {dagbag.py:538} INFO - Filling up the DagBag from /home/airflow/.local/lib/python3.8/site-packages/airflow/example_dags/example_short_circuit_decorator.py
[2025-12-07T17:00:22.403+0000] {processor.py:840} INFO - DAG(s) 'example_short_circuit_decorator' retrieved from /home/airflow/.local/lib/python3.8/site-packages/airflow/example_dags/example_short_circuit_decorator.py
[2025-12-07T17:00:22.449+0000] {logging_mixin.py:188} INFO - [2025-12-07T17:00:22.448+0000] {dag.py:3036} INFO - Sync 1 DAGs
[2025-12-07T17:00:22.479+0000] {logging_mixin.py:188} INFO - [2025-12-07T17:00:22.478+0000] {dag.py:3823} INFO - Setting next_dagrun for example_short_circuit_decorator to 2025-12-06 00:00:00+00:00, run_after=2025-12-07 00:00:00+00:00
[2025-12-07T17:00:22.519+0000] {processor.py:183} INFO - Processing /home/airflow/.local/lib/python3.8/site-packages/airflow/example_dags/example_short_circuit_decorator.py took 0.138 seconds
[2025-12-07T17:00:52.623+0000] {processor.py:161} INFO - Started process (PID=7844) to work on /home/airflow/.local/lib/python3.8/site-packages/airflow/example_dags/example_short_circuit_decorator.py
[2025-12-07T17:00:52.624+0000] {processor.py:830} INFO - Processing file /home/airflow/.local/lib/python3.8/site-packages/airflow/example_dags/example_short_circuit_decorator.py for tasks to queue
[2025-12-07T17:00:52.627+0000] {logging_mixin.py:188} INFO - [2025-12-07T17:00:52.627+0000] {dagbag.py:538} INFO - Filling up the DagBag from /home/airflow/.local/lib/python3.8/site-packages/airflow/example_dags/example_short_circuit_decorator.py
[2025-12-07T17:00:52.639+0000] {processor.py:840} INFO - DAG(s) 'example_short_circuit_decorator' retrieved from /home/airflow/.local/lib/python3.8/site-packages/airflow/example_dags/example_short_circuit_decorator.py
[2025-12-07T17:00:52.682+0000] {logging_mixin.py:188} INFO - [2025-12-07T17:00:52.682+0000] {dag.py:3036} INFO - Sync 1 DAGs
[2025-12-07T17:00:52.710+0000] {logging_mixin.py:188} INFO - [2025-12-07T17:00:52.710+0000] {dag.py:3823} INFO - Setting next_dagrun for example_short_circuit_decorator to 2025-12-06 00:00:00+00:00, run_after=2025-12-07 00:00:00+00:00
[2025-12-07T17:00:52.742+0000] {processor.py:183} INFO - Processing /home/airflow/.local/lib/python3.8/site-packages/airflow/example_dags/example_short_circuit_decorator.py took 0.123 seconds
[2025-12-07T17:01:23.190+0000] {processor.py:161} INFO - Started process (PID=7905) to work on /home/airflow/.local/lib/python3.8/site-packages/airflow/example_dags/example_short_circuit_decorator.py
[2025-12-07T17:01:23.191+0000] {processor.py:830} INFO - Processing file /home/airflow/.local/lib/python3.8/site-packages/airflow/example_dags/example_short_circuit_decorator.py for tasks to queue
[2025-12-07T17:01:23.194+0000] {logging_mixin.py:188} INFO - [2025-12-07T17:01:23.193+0000] {dagbag.py:538} INFO - Filling up the DagBag from /home/airflow/.local/lib/python3.8/site-packages/airflow/example_dags/example_short_circuit_decorator.py
[2025-12-07T17:01:23.206+0000] {processor.py:840} INFO - DAG(s) 'example_short_circuit_decorator' retrieved from /home/airflow/.local/lib/python3.8/site-packages/airflow/example_dags/example_short_circuit_decorator.py
[2025-12-07T17:01:23.236+0000] {logging_mixin.py:188} INFO - [2025-12-07T17:01:23.236+0000] {dag.py:3036} INFO - Sync 1 DAGs
[2025-12-07T17:01:23.264+0000] {logging_mixin.py:188} INFO - [2025-12-07T17:01:23.263+0000] {dag.py:3823} INFO - Setting next_dagrun for example_short_circuit_decorator to 2025-12-06 00:00:00+00:00, run_after=2025-12-07 00:00:00+00:00
[2025-12-07T17:01:23.290+0000] {processor.py:183} INFO - Processing /home/airflow/.local/lib/python3.8/site-packages/airflow/example_dags/example_short_circuit_decorator.py took 0.105 seconds
[2025-12-07T17:01:53.506+0000] {processor.py:161} INFO - Started process (PID=7966) to work on /home/airflow/.local/lib/python3.8/site-packages/airflow/example_dags/example_short_circuit_decorator.py
[2025-12-07T17:01:53.507+0000] {processor.py:830} INFO - Processing file /home/airflow/.local/lib/python3.8/site-packages/airflow/example_dags/example_short_circuit_decorator.py for tasks to queue
[2025-12-07T17:01:53.510+0000] {logging_mixin.py:188} INFO - [2025-12-07T17:01:53.509+0000] {dagbag.py:538} INFO - Filling up the DagBag from /home/airflow/.local/lib/python3.8/site-packages/airflow/example_dags/example_short_circuit_decorator.py
[2025-12-07T17:01:53.523+0000] {processor.py:840} INFO - DAG(s) 'example_short_circuit_decorator' retrieved from /home/airflow/.local/lib/python3.8/site-packages/airflow/example_dags/example_short_circuit_decorator.py
[2025-12-07T17:01:53.563+0000] {logging_mixin.py:188} INFO - [2025-12-07T17:01:53.563+0000] {dag.py:3036} INFO - Sync 1 DAGs
[2025-12-07T17:01:53.598+0000] {logging_mixin.py:188} INFO - [2025-12-07T17:01:53.597+0000] {dag.py:3823} INFO - Setting next_dagrun for example_short_circuit_decorator to 2025-12-06 00:00:00+00:00, run_after=2025-12-07 00:00:00+00:00
[2025-12-07T17:01:53.629+0000] {processor.py:183} INFO - Processing /home/airflow/.local/lib/python3.8/site-packages/airflow/example_dags/example_short_circuit_decorator.py took 0.128 seconds
[2025-12-07T17:02:23.855+0000] {processor.py:161} INFO - Started process (PID=8027) to work on /home/airflow/.local/lib/python3.8/site-packages/airflow/example_dags/example_short_circuit_decorator.py
[2025-12-07T17:02:23.856+0000] {processor.py:830} INFO - Processing file /home/airflow/.local/lib/python3.8/site-packages/airflow/example_dags/example_short_circuit_decorator.py for tasks to queue
[2025-12-07T17:02:23.859+0000] {logging_mixin.py:188} INFO - [2025-12-07T17:02:23.859+0000] {dagbag.py:538} INFO - Filling up the DagBag from /home/airflow/.local/lib/python3.8/site-packages/airflow/example_dags/example_short_circuit_decorator.py
[2025-12-07T17:02:23.871+0000] {processor.py:840} INFO - DAG(s) 'example_short_circuit_decorator' retrieved from /home/airflow/.local/lib/python3.8/site-packages/airflow/example_dags/example_short_circuit_decorator.py
[2025-12-07T17:02:23.907+0000] {logging_mixin.py:188} INFO - [2025-12-07T17:02:23.907+0000] {dag.py:3036} INFO - Sync 1 DAGs
[2025-12-07T17:02:23.938+0000] {logging_mixin.py:188} INFO - [2025-12-07T17:02:23.938+0000] {dag.py:3823} INFO - Setting next_dagrun for example_short_circuit_decorator to 2025-12-06 00:00:00+00:00, run_after=2025-12-07 00:00:00+00:00
[2025-12-07T17:02:23.966+0000] {processor.py:183} INFO - Processing /home/airflow/.local/lib/python3.8/site-packages/airflow/example_dags/example_short_circuit_decorator.py took 0.117 seconds
[2025-12-07T17:02:54.103+0000] {processor.py:161} INFO - Started process (PID=8088) to work on /home/airflow/.local/lib/python3.8/site-packages/airflow/example_dags/example_short_circuit_decorator.py
[2025-12-07T17:02:54.104+0000] {processor.py:830} INFO - Processing file /home/airflow/.local/lib/python3.8/site-packages/airflow/example_dags/example_short_circuit_decorator.py for tasks to queue
[2025-12-07T17:02:54.107+0000] {logging_mixin.py:188} INFO - [2025-12-07T17:02:54.107+0000] {dagbag.py:538} INFO - Filling up the DagBag from /home/airflow/.local/lib/python3.8/site-packages/airflow/example_dags/example_short_circuit_decorator.py
[2025-12-07T17:02:54.119+0000] {processor.py:840} INFO - DAG(s) 'example_short_circuit_decorator' retrieved from /home/airflow/.local/lib/python3.8/site-packages/airflow/example_dags/example_short_circuit_decorator.py
[2025-12-07T17:02:54.154+0000] {logging_mixin.py:188} INFO - [2025-12-07T17:02:54.153+0000] {dag.py:3036} INFO - Sync 1 DAGs
[2025-12-07T17:02:54.182+0000] {logging_mixin.py:188} INFO - [2025-12-07T17:02:54.182+0000] {dag.py:3823} INFO - Setting next_dagrun for example_short_circuit_decorator to 2025-12-06 00:00:00+00:00, run_after=2025-12-07 00:00:00+00:00
[2025-12-07T17:02:54.209+0000] {processor.py:183} INFO - Processing /home/airflow/.local/lib/python3.8/site-packages/airflow/example_dags/example_short_circuit_decorator.py took 0.110 seconds
[2025-12-07T17:03:24.379+0000] {processor.py:161} INFO - Started process (PID=8149) to work on /home/airflow/.local/lib/python3.8/site-packages/airflow/example_dags/example_short_circuit_decorator.py
[2025-12-07T17:03:24.380+0000] {processor.py:830} INFO - Processing file /home/airflow/.local/lib/python3.8/site-packages/airflow/example_dags/example_short_circuit_decorator.py for tasks to queue
[2025-12-07T17:03:24.383+0000] {logging_mixin.py:188} INFO - [2025-12-07T17:03:24.383+0000] {dagbag.py:538} INFO - Filling up the DagBag from /home/airflow/.local/lib/python3.8/site-packages/airflow/example_dags/example_short_circuit_decorator.py
[2025-12-07T17:03:24.395+0000] {processor.py:840} INFO - DAG(s) 'example_short_circuit_decorator' retrieved from /home/airflow/.local/lib/python3.8/site-packages/airflow/example_dags/example_short_circuit_decorator.py
[2025-12-07T17:03:24.431+0000] {logging_mixin.py:188} INFO - [2025-12-07T17:03:24.431+0000] {dag.py:3036} INFO - Sync 1 DAGs
[2025-12-07T17:03:24.457+0000] {logging_mixin.py:188} INFO - [2025-12-07T17:03:24.457+0000] {dag.py:3823} INFO - Setting next_dagrun for example_short_circuit_decorator to 2025-12-06 00:00:00+00:00, run_after=2025-12-07 00:00:00+00:00
[2025-12-07T17:03:24.485+0000] {processor.py:183} INFO - Processing /home/airflow/.local/lib/python3.8/site-packages/airflow/example_dags/example_short_circuit_decorator.py took 0.111 seconds
[2025-12-07T17:03:54.788+0000] {processor.py:161} INFO - Started process (PID=8210) to work on /home/airflow/.local/lib/python3.8/site-packages/airflow/example_dags/example_short_circuit_decorator.py
[2025-12-07T17:03:54.790+0000] {processor.py:830} INFO - Processing file /home/airflow/.local/lib/python3.8/site-packages/airflow/example_dags/example_short_circuit_decorator.py for tasks to queue
[2025-12-07T17:03:54.794+0000] {logging_mixin.py:188} INFO - [2025-12-07T17:03:54.793+0000] {dagbag.py:538} INFO - Filling up the DagBag from /home/airflow/.local/lib/python3.8/site-packages/airflow/example_dags/example_short_circuit_decorator.py
[2025-12-07T17:03:54.806+0000] {processor.py:840} INFO - DAG(s) 'example_short_circuit_decorator' retrieved from /home/airflow/.local/lib/python3.8/site-packages/airflow/example_dags/example_short_circuit_decorator.py
[2025-12-07T17:03:54.841+0000] {logging_mixin.py:188} INFO - [2025-12-07T17:03:54.840+0000] {dag.py:3036} INFO - Sync 1 DAGs
[2025-12-07T17:03:54.871+0000] {logging_mixin.py:188} INFO - [2025-12-07T17:03:54.870+0000] {dag.py:3823} INFO - Setting next_dagrun for example_short_circuit_decorator to 2025-12-06 00:00:00+00:00, run_after=2025-12-07 00:00:00+00:00
[2025-12-07T17:03:54.907+0000] {processor.py:183} INFO - Processing /home/airflow/.local/lib/python3.8/site-packages/airflow/example_dags/example_short_circuit_decorator.py took 0.124 seconds
[2025-12-07T17:04:25.083+0000] {processor.py:161} INFO - Started process (PID=8271) to work on /home/airflow/.local/lib/python3.8/site-packages/airflow/example_dags/example_short_circuit_decorator.py
[2025-12-07T17:04:25.084+0000] {processor.py:830} INFO - Processing file /home/airflow/.local/lib/python3.8/site-packages/airflow/example_dags/example_short_circuit_decorator.py for tasks to queue
[2025-12-07T17:04:25.087+0000] {logging_mixin.py:188} INFO - [2025-12-07T17:04:25.087+0000] {dagbag.py:538} INFO - Filling up the DagBag from /home/airflow/.local/lib/python3.8/site-packages/airflow/example_dags/example_short_circuit_decorator.py
[2025-12-07T17:04:25.101+0000] {processor.py:840} INFO - DAG(s) 'example_short_circuit_decorator' retrieved from /home/airflow/.local/lib/python3.8/site-packages/airflow/example_dags/example_short_circuit_decorator.py
[2025-12-07T17:04:25.134+0000] {logging_mixin.py:188} INFO - [2025-12-07T17:04:25.133+0000] {dag.py:3036} INFO - Sync 1 DAGs
[2025-12-07T17:04:25.164+0000] {logging_mixin.py:188} INFO - [2025-12-07T17:04:25.164+0000] {dag.py:3823} INFO - Setting next_dagrun for example_short_circuit_decorator to 2025-12-06 00:00:00+00:00, run_after=2025-12-07 00:00:00+00:00
[2025-12-07T17:04:25.192+0000] {processor.py:183} INFO - Processing /home/airflow/.local/lib/python3.8/site-packages/airflow/example_dags/example_short_circuit_decorator.py took 0.114 seconds
[2025-12-07T17:04:55.759+0000] {processor.py:161} INFO - Started process (PID=8339) to work on /home/airflow/.local/lib/python3.8/site-packages/airflow/example_dags/example_short_circuit_decorator.py
[2025-12-07T17:04:55.761+0000] {processor.py:830} INFO - Processing file /home/airflow/.local/lib/python3.8/site-packages/airflow/example_dags/example_short_circuit_decorator.py for tasks to queue
[2025-12-07T17:04:55.764+0000] {logging_mixin.py:188} INFO - [2025-12-07T17:04:55.764+0000] {dagbag.py:538} INFO - Filling up the DagBag from /home/airflow/.local/lib/python3.8/site-packages/airflow/example_dags/example_short_circuit_decorator.py
[2025-12-07T17:04:55.780+0000] {processor.py:840} INFO - DAG(s) 'example_short_circuit_decorator' retrieved from /home/airflow/.local/lib/python3.8/site-packages/airflow/example_dags/example_short_circuit_decorator.py
[2025-12-07T17:04:55.821+0000] {logging_mixin.py:188} INFO - [2025-12-07T17:04:55.820+0000] {dag.py:3036} INFO - Sync 1 DAGs
[2025-12-07T17:04:55.854+0000] {logging_mixin.py:188} INFO - [2025-12-07T17:04:55.854+0000] {dag.py:3823} INFO - Setting next_dagrun for example_short_circuit_decorator to 2025-12-06 00:00:00+00:00, run_after=2025-12-07 00:00:00+00:00
[2025-12-07T17:04:55.882+0000] {processor.py:183} INFO - Processing /home/airflow/.local/lib/python3.8/site-packages/airflow/example_dags/example_short_circuit_decorator.py took 0.129 seconds
