[2025-12-07T15:05:43.033+0000] {processor.py:161} INFO - Started process (PID=83) to work on /home/airflow/.local/lib/python3.8/site-packages/airflow/example_dags/example_trigger_target_dag.py
[2025-12-07T15:05:43.035+0000] {processor.py:830} INFO - Processing file /home/airflow/.local/lib/python3.8/site-packages/airflow/example_dags/example_trigger_target_dag.py for tasks to queue
[2025-12-07T15:05:43.040+0000] {logging_mixin.py:188} INFO - [2025-12-07T15:05:43.039+0000] {dagbag.py:538} INFO - Filling up the DagBag from /home/airflow/.local/lib/python3.8/site-packages/airflow/example_dags/example_trigger_target_dag.py
[2025-12-07T15:05:43.053+0000] {processor.py:840} INFO - DAG(s) 'example_trigger_target_dag' retrieved from /home/airflow/.local/lib/python3.8/site-packages/airflow/example_dags/example_trigger_target_dag.py
[2025-12-07T15:05:43.206+0000] {logging_mixin.py:188} INFO - [2025-12-07T15:05:43.206+0000] {dag.py:3036} INFO - Sync 1 DAGs
[2025-12-07T15:05:43.228+0000] {logging_mixin.py:188} INFO - [2025-12-07T15:05:43.228+0000] {dag.py:3823} INFO - Setting next_dagrun for example_trigger_target_dag to None, run_after=None
[2025-12-07T15:05:43.264+0000] {processor.py:183} INFO - Processing /home/airflow/.local/lib/python3.8/site-packages/airflow/example_dags/example_trigger_target_dag.py took 0.242 seconds
[2025-12-07T15:06:14.035+0000] {processor.py:161} INFO - Started process (PID=142) to work on /home/airflow/.local/lib/python3.8/site-packages/airflow/example_dags/example_trigger_target_dag.py
[2025-12-07T15:06:14.037+0000] {processor.py:830} INFO - Processing file /home/airflow/.local/lib/python3.8/site-packages/airflow/example_dags/example_trigger_target_dag.py for tasks to queue
[2025-12-07T15:06:14.041+0000] {logging_mixin.py:188} INFO - [2025-12-07T15:06:14.040+0000] {dagbag.py:538} INFO - Filling up the DagBag from /home/airflow/.local/lib/python3.8/site-packages/airflow/example_dags/example_trigger_target_dag.py
[2025-12-07T15:06:14.050+0000] {processor.py:840} INFO - DAG(s) 'example_trigger_target_dag' retrieved from /home/airflow/.local/lib/python3.8/site-packages/airflow/example_dags/example_trigger_target_dag.py
[2025-12-07T15:06:14.081+0000] {logging_mixin.py:188} INFO - [2025-12-07T15:06:14.080+0000] {dag.py:3036} INFO - Sync 1 DAGs
[2025-12-07T15:06:14.100+0000] {logging_mixin.py:188} INFO - [2025-12-07T15:06:14.099+0000] {dag.py:3823} INFO - Setting next_dagrun for example_trigger_target_dag to None, run_after=None
[2025-12-07T15:06:14.133+0000] {processor.py:183} INFO - Processing /home/airflow/.local/lib/python3.8/site-packages/airflow/example_dags/example_trigger_target_dag.py took 0.103 seconds
[2025-12-07T15:06:44.237+0000] {processor.py:161} INFO - Started process (PID=201) to work on /home/airflow/.local/lib/python3.8/site-packages/airflow/example_dags/example_trigger_target_dag.py
[2025-12-07T15:06:44.238+0000] {processor.py:830} INFO - Processing file /home/airflow/.local/lib/python3.8/site-packages/airflow/example_dags/example_trigger_target_dag.py for tasks to queue
[2025-12-07T15:06:44.241+0000] {logging_mixin.py:188} INFO - [2025-12-07T15:06:44.240+0000] {dagbag.py:538} INFO - Filling up the DagBag from /home/airflow/.local/lib/python3.8/site-packages/airflow/example_dags/example_trigger_target_dag.py
[2025-12-07T15:06:44.249+0000] {processor.py:840} INFO - DAG(s) 'example_trigger_target_dag' retrieved from /home/airflow/.local/lib/python3.8/site-packages/airflow/example_dags/example_trigger_target_dag.py
[2025-12-07T15:06:44.279+0000] {logging_mixin.py:188} INFO - [2025-12-07T15:06:44.279+0000] {dag.py:3036} INFO - Sync 1 DAGs
[2025-12-07T15:06:44.298+0000] {logging_mixin.py:188} INFO - [2025-12-07T15:06:44.297+0000] {dag.py:3823} INFO - Setting next_dagrun for example_trigger_target_dag to None, run_after=None
[2025-12-07T15:06:44.328+0000] {processor.py:183} INFO - Processing /home/airflow/.local/lib/python3.8/site-packages/airflow/example_dags/example_trigger_target_dag.py took 0.096 seconds
[2025-12-07T15:07:14.445+0000] {processor.py:161} INFO - Started process (PID=260) to work on /home/airflow/.local/lib/python3.8/site-packages/airflow/example_dags/example_trigger_target_dag.py
[2025-12-07T15:07:14.446+0000] {processor.py:830} INFO - Processing file /home/airflow/.local/lib/python3.8/site-packages/airflow/example_dags/example_trigger_target_dag.py for tasks to queue
[2025-12-07T15:07:14.449+0000] {logging_mixin.py:188} INFO - [2025-12-07T15:07:14.449+0000] {dagbag.py:538} INFO - Filling up the DagBag from /home/airflow/.local/lib/python3.8/site-packages/airflow/example_dags/example_trigger_target_dag.py
[2025-12-07T15:07:14.456+0000] {processor.py:840} INFO - DAG(s) 'example_trigger_target_dag' retrieved from /home/airflow/.local/lib/python3.8/site-packages/airflow/example_dags/example_trigger_target_dag.py
[2025-12-07T15:07:14.484+0000] {logging_mixin.py:188} INFO - [2025-12-07T15:07:14.483+0000] {dag.py:3036} INFO - Sync 1 DAGs
[2025-12-07T15:07:14.500+0000] {logging_mixin.py:188} INFO - [2025-12-07T15:07:14.500+0000] {dag.py:3823} INFO - Setting next_dagrun for example_trigger_target_dag to None, run_after=None
[2025-12-07T15:07:14.533+0000] {processor.py:183} INFO - Processing /home/airflow/.local/lib/python3.8/site-packages/airflow/example_dags/example_trigger_target_dag.py took 0.093 seconds
[2025-12-07T15:07:45.236+0000] {processor.py:161} INFO - Started process (PID=319) to work on /home/airflow/.local/lib/python3.8/site-packages/airflow/example_dags/example_trigger_target_dag.py
[2025-12-07T15:07:45.237+0000] {processor.py:830} INFO - Processing file /home/airflow/.local/lib/python3.8/site-packages/airflow/example_dags/example_trigger_target_dag.py for tasks to queue
[2025-12-07T15:07:45.242+0000] {logging_mixin.py:188} INFO - [2025-12-07T15:07:45.242+0000] {dagbag.py:538} INFO - Filling up the DagBag from /home/airflow/.local/lib/python3.8/site-packages/airflow/example_dags/example_trigger_target_dag.py
[2025-12-07T15:07:45.254+0000] {processor.py:840} INFO - DAG(s) 'example_trigger_target_dag' retrieved from /home/airflow/.local/lib/python3.8/site-packages/airflow/example_dags/example_trigger_target_dag.py
[2025-12-07T15:07:45.305+0000] {logging_mixin.py:188} INFO - [2025-12-07T15:07:45.304+0000] {dag.py:3036} INFO - Sync 1 DAGs
[2025-12-07T15:07:45.332+0000] {logging_mixin.py:188} INFO - [2025-12-07T15:07:45.331+0000] {dag.py:3823} INFO - Setting next_dagrun for example_trigger_target_dag to None, run_after=None
[2025-12-07T15:07:45.379+0000] {processor.py:183} INFO - Processing /home/airflow/.local/lib/python3.8/site-packages/airflow/example_dags/example_trigger_target_dag.py took 0.153 seconds
[2025-12-07T15:08:15.457+0000] {processor.py:161} INFO - Started process (PID=378) to work on /home/airflow/.local/lib/python3.8/site-packages/airflow/example_dags/example_trigger_target_dag.py
[2025-12-07T15:08:15.459+0000] {processor.py:830} INFO - Processing file /home/airflow/.local/lib/python3.8/site-packages/airflow/example_dags/example_trigger_target_dag.py for tasks to queue
[2025-12-07T15:08:15.461+0000] {logging_mixin.py:188} INFO - [2025-12-07T15:08:15.461+0000] {dagbag.py:538} INFO - Filling up the DagBag from /home/airflow/.local/lib/python3.8/site-packages/airflow/example_dags/example_trigger_target_dag.py
[2025-12-07T15:08:15.471+0000] {processor.py:840} INFO - DAG(s) 'example_trigger_target_dag' retrieved from /home/airflow/.local/lib/python3.8/site-packages/airflow/example_dags/example_trigger_target_dag.py
[2025-12-07T15:08:15.524+0000] {logging_mixin.py:188} INFO - [2025-12-07T15:08:15.523+0000] {dag.py:3036} INFO - Sync 1 DAGs
[2025-12-07T15:08:15.552+0000] {logging_mixin.py:188} INFO - [2025-12-07T15:08:15.552+0000] {dag.py:3823} INFO - Setting next_dagrun for example_trigger_target_dag to None, run_after=None
[2025-12-07T15:08:15.602+0000] {processor.py:183} INFO - Processing /home/airflow/.local/lib/python3.8/site-packages/airflow/example_dags/example_trigger_target_dag.py took 0.152 seconds
[2025-12-07T15:08:45.845+0000] {processor.py:161} INFO - Started process (PID=437) to work on /home/airflow/.local/lib/python3.8/site-packages/airflow/example_dags/example_trigger_target_dag.py
[2025-12-07T15:08:45.846+0000] {processor.py:830} INFO - Processing file /home/airflow/.local/lib/python3.8/site-packages/airflow/example_dags/example_trigger_target_dag.py for tasks to queue
[2025-12-07T15:08:45.849+0000] {logging_mixin.py:188} INFO - [2025-12-07T15:08:45.848+0000] {dagbag.py:538} INFO - Filling up the DagBag from /home/airflow/.local/lib/python3.8/site-packages/airflow/example_dags/example_trigger_target_dag.py
[2025-12-07T15:08:45.857+0000] {processor.py:840} INFO - DAG(s) 'example_trigger_target_dag' retrieved from /home/airflow/.local/lib/python3.8/site-packages/airflow/example_dags/example_trigger_target_dag.py
[2025-12-07T15:08:45.886+0000] {logging_mixin.py:188} INFO - [2025-12-07T15:08:45.886+0000] {dag.py:3036} INFO - Sync 1 DAGs
[2025-12-07T15:08:45.905+0000] {logging_mixin.py:188} INFO - [2025-12-07T15:08:45.905+0000] {dag.py:3823} INFO - Setting next_dagrun for example_trigger_target_dag to None, run_after=None
[2025-12-07T15:08:45.942+0000] {processor.py:183} INFO - Processing /home/airflow/.local/lib/python3.8/site-packages/airflow/example_dags/example_trigger_target_dag.py took 0.103 seconds
[2025-12-07T15:09:16.195+0000] {processor.py:161} INFO - Started process (PID=496) to work on /home/airflow/.local/lib/python3.8/site-packages/airflow/example_dags/example_trigger_target_dag.py
[2025-12-07T15:09:16.197+0000] {processor.py:830} INFO - Processing file /home/airflow/.local/lib/python3.8/site-packages/airflow/example_dags/example_trigger_target_dag.py for tasks to queue
[2025-12-07T15:09:16.200+0000] {logging_mixin.py:188} INFO - [2025-12-07T15:09:16.200+0000] {dagbag.py:538} INFO - Filling up the DagBag from /home/airflow/.local/lib/python3.8/site-packages/airflow/example_dags/example_trigger_target_dag.py
[2025-12-07T15:09:16.208+0000] {processor.py:840} INFO - DAG(s) 'example_trigger_target_dag' retrieved from /home/airflow/.local/lib/python3.8/site-packages/airflow/example_dags/example_trigger_target_dag.py
[2025-12-07T15:09:16.241+0000] {logging_mixin.py:188} INFO - [2025-12-07T15:09:16.241+0000] {dag.py:3036} INFO - Sync 1 DAGs
[2025-12-07T15:09:16.259+0000] {logging_mixin.py:188} INFO - [2025-12-07T15:09:16.258+0000] {dag.py:3823} INFO - Setting next_dagrun for example_trigger_target_dag to None, run_after=None
[2025-12-07T15:09:16.297+0000] {processor.py:183} INFO - Processing /home/airflow/.local/lib/python3.8/site-packages/airflow/example_dags/example_trigger_target_dag.py took 0.105 seconds
[2025-12-07T15:09:46.364+0000] {processor.py:161} INFO - Started process (PID=555) to work on /home/airflow/.local/lib/python3.8/site-packages/airflow/example_dags/example_trigger_target_dag.py
[2025-12-07T15:09:46.366+0000] {processor.py:830} INFO - Processing file /home/airflow/.local/lib/python3.8/site-packages/airflow/example_dags/example_trigger_target_dag.py for tasks to queue
[2025-12-07T15:09:46.368+0000] {logging_mixin.py:188} INFO - [2025-12-07T15:09:46.368+0000] {dagbag.py:538} INFO - Filling up the DagBag from /home/airflow/.local/lib/python3.8/site-packages/airflow/example_dags/example_trigger_target_dag.py
[2025-12-07T15:09:46.375+0000] {processor.py:840} INFO - DAG(s) 'example_trigger_target_dag' retrieved from /home/airflow/.local/lib/python3.8/site-packages/airflow/example_dags/example_trigger_target_dag.py
[2025-12-07T15:09:46.404+0000] {logging_mixin.py:188} INFO - [2025-12-07T15:09:46.403+0000] {dag.py:3036} INFO - Sync 1 DAGs
[2025-12-07T15:09:46.419+0000] {logging_mixin.py:188} INFO - [2025-12-07T15:09:46.419+0000] {dag.py:3823} INFO - Setting next_dagrun for example_trigger_target_dag to None, run_after=None
[2025-12-07T15:09:46.450+0000] {processor.py:183} INFO - Processing /home/airflow/.local/lib/python3.8/site-packages/airflow/example_dags/example_trigger_target_dag.py took 0.091 seconds
[2025-12-07T15:10:16.599+0000] {processor.py:161} INFO - Started process (PID=614) to work on /home/airflow/.local/lib/python3.8/site-packages/airflow/example_dags/example_trigger_target_dag.py
[2025-12-07T15:10:16.601+0000] {processor.py:830} INFO - Processing file /home/airflow/.local/lib/python3.8/site-packages/airflow/example_dags/example_trigger_target_dag.py for tasks to queue
[2025-12-07T15:10:16.604+0000] {logging_mixin.py:188} INFO - [2025-12-07T15:10:16.603+0000] {dagbag.py:538} INFO - Filling up the DagBag from /home/airflow/.local/lib/python3.8/site-packages/airflow/example_dags/example_trigger_target_dag.py
[2025-12-07T15:10:16.612+0000] {processor.py:840} INFO - DAG(s) 'example_trigger_target_dag' retrieved from /home/airflow/.local/lib/python3.8/site-packages/airflow/example_dags/example_trigger_target_dag.py
[2025-12-07T15:10:16.642+0000] {logging_mixin.py:188} INFO - [2025-12-07T15:10:16.642+0000] {dag.py:3036} INFO - Sync 1 DAGs
[2025-12-07T15:10:16.665+0000] {logging_mixin.py:188} INFO - [2025-12-07T15:10:16.664+0000] {dag.py:3823} INFO - Setting next_dagrun for example_trigger_target_dag to None, run_after=None
[2025-12-07T15:10:16.704+0000] {processor.py:183} INFO - Processing /home/airflow/.local/lib/python3.8/site-packages/airflow/example_dags/example_trigger_target_dag.py took 0.109 seconds
[2025-12-07T15:10:46.910+0000] {processor.py:161} INFO - Started process (PID=673) to work on /home/airflow/.local/lib/python3.8/site-packages/airflow/example_dags/example_trigger_target_dag.py
[2025-12-07T15:10:46.911+0000] {processor.py:830} INFO - Processing file /home/airflow/.local/lib/python3.8/site-packages/airflow/example_dags/example_trigger_target_dag.py for tasks to queue
[2025-12-07T15:10:46.913+0000] {logging_mixin.py:188} INFO - [2025-12-07T15:10:46.913+0000] {dagbag.py:538} INFO - Filling up the DagBag from /home/airflow/.local/lib/python3.8/site-packages/airflow/example_dags/example_trigger_target_dag.py
[2025-12-07T15:10:46.920+0000] {processor.py:840} INFO - DAG(s) 'example_trigger_target_dag' retrieved from /home/airflow/.local/lib/python3.8/site-packages/airflow/example_dags/example_trigger_target_dag.py
[2025-12-07T15:10:46.951+0000] {logging_mixin.py:188} INFO - [2025-12-07T15:10:46.951+0000] {dag.py:3036} INFO - Sync 1 DAGs
[2025-12-07T15:10:46.971+0000] {logging_mixin.py:188} INFO - [2025-12-07T15:10:46.971+0000] {dag.py:3823} INFO - Setting next_dagrun for example_trigger_target_dag to None, run_after=None
[2025-12-07T15:10:47.010+0000] {processor.py:183} INFO - Processing /home/airflow/.local/lib/python3.8/site-packages/airflow/example_dags/example_trigger_target_dag.py took 0.105 seconds
[2025-12-07T15:11:17.326+0000] {processor.py:161} INFO - Started process (PID=732) to work on /home/airflow/.local/lib/python3.8/site-packages/airflow/example_dags/example_trigger_target_dag.py
[2025-12-07T15:11:17.327+0000] {processor.py:830} INFO - Processing file /home/airflow/.local/lib/python3.8/site-packages/airflow/example_dags/example_trigger_target_dag.py for tasks to queue
[2025-12-07T15:11:17.331+0000] {logging_mixin.py:188} INFO - [2025-12-07T15:11:17.331+0000] {dagbag.py:538} INFO - Filling up the DagBag from /home/airflow/.local/lib/python3.8/site-packages/airflow/example_dags/example_trigger_target_dag.py
[2025-12-07T15:11:17.342+0000] {processor.py:840} INFO - DAG(s) 'example_trigger_target_dag' retrieved from /home/airflow/.local/lib/python3.8/site-packages/airflow/example_dags/example_trigger_target_dag.py
[2025-12-07T15:11:17.382+0000] {logging_mixin.py:188} INFO - [2025-12-07T15:11:17.382+0000] {dag.py:3036} INFO - Sync 1 DAGs
[2025-12-07T15:11:17.399+0000] {logging_mixin.py:188} INFO - [2025-12-07T15:11:17.398+0000] {dag.py:3823} INFO - Setting next_dagrun for example_trigger_target_dag to None, run_after=None
[2025-12-07T15:11:17.427+0000] {processor.py:183} INFO - Processing /home/airflow/.local/lib/python3.8/site-packages/airflow/example_dags/example_trigger_target_dag.py took 0.107 seconds
[2025-12-07T15:11:47.565+0000] {processor.py:161} INFO - Started process (PID=791) to work on /home/airflow/.local/lib/python3.8/site-packages/airflow/example_dags/example_trigger_target_dag.py
[2025-12-07T15:11:47.567+0000] {processor.py:830} INFO - Processing file /home/airflow/.local/lib/python3.8/site-packages/airflow/example_dags/example_trigger_target_dag.py for tasks to queue
[2025-12-07T15:11:47.571+0000] {logging_mixin.py:188} INFO - [2025-12-07T15:11:47.570+0000] {dagbag.py:538} INFO - Filling up the DagBag from /home/airflow/.local/lib/python3.8/site-packages/airflow/example_dags/example_trigger_target_dag.py
[2025-12-07T15:11:47.578+0000] {processor.py:840} INFO - DAG(s) 'example_trigger_target_dag' retrieved from /home/airflow/.local/lib/python3.8/site-packages/airflow/example_dags/example_trigger_target_dag.py
[2025-12-07T15:11:47.608+0000] {logging_mixin.py:188} INFO - [2025-12-07T15:11:47.608+0000] {dag.py:3036} INFO - Sync 1 DAGs
[2025-12-07T15:11:47.623+0000] {logging_mixin.py:188} INFO - [2025-12-07T15:11:47.623+0000] {dag.py:3823} INFO - Setting next_dagrun for example_trigger_target_dag to None, run_after=None
[2025-12-07T15:11:47.656+0000] {processor.py:183} INFO - Processing /home/airflow/.local/lib/python3.8/site-packages/airflow/example_dags/example_trigger_target_dag.py took 0.096 seconds
[2025-12-07T15:12:17.921+0000] {processor.py:161} INFO - Started process (PID=850) to work on /home/airflow/.local/lib/python3.8/site-packages/airflow/example_dags/example_trigger_target_dag.py
[2025-12-07T15:12:17.923+0000] {processor.py:830} INFO - Processing file /home/airflow/.local/lib/python3.8/site-packages/airflow/example_dags/example_trigger_target_dag.py for tasks to queue
[2025-12-07T15:12:17.926+0000] {logging_mixin.py:188} INFO - [2025-12-07T15:12:17.925+0000] {dagbag.py:538} INFO - Filling up the DagBag from /home/airflow/.local/lib/python3.8/site-packages/airflow/example_dags/example_trigger_target_dag.py
[2025-12-07T15:12:17.937+0000] {processor.py:840} INFO - DAG(s) 'example_trigger_target_dag' retrieved from /home/airflow/.local/lib/python3.8/site-packages/airflow/example_dags/example_trigger_target_dag.py
[2025-12-07T15:12:17.969+0000] {logging_mixin.py:188} INFO - [2025-12-07T15:12:17.969+0000] {dag.py:3036} INFO - Sync 1 DAGs
[2025-12-07T15:12:17.986+0000] {logging_mixin.py:188} INFO - [2025-12-07T15:12:17.985+0000] {dag.py:3823} INFO - Setting next_dagrun for example_trigger_target_dag to None, run_after=None
[2025-12-07T15:12:18.013+0000] {processor.py:183} INFO - Processing /home/airflow/.local/lib/python3.8/site-packages/airflow/example_dags/example_trigger_target_dag.py took 0.097 seconds
[2025-12-07T15:12:48.163+0000] {processor.py:161} INFO - Started process (PID=909) to work on /home/airflow/.local/lib/python3.8/site-packages/airflow/example_dags/example_trigger_target_dag.py
[2025-12-07T15:12:48.164+0000] {processor.py:830} INFO - Processing file /home/airflow/.local/lib/python3.8/site-packages/airflow/example_dags/example_trigger_target_dag.py for tasks to queue
[2025-12-07T15:12:48.167+0000] {logging_mixin.py:188} INFO - [2025-12-07T15:12:48.166+0000] {dagbag.py:538} INFO - Filling up the DagBag from /home/airflow/.local/lib/python3.8/site-packages/airflow/example_dags/example_trigger_target_dag.py
[2025-12-07T15:12:48.174+0000] {processor.py:840} INFO - DAG(s) 'example_trigger_target_dag' retrieved from /home/airflow/.local/lib/python3.8/site-packages/airflow/example_dags/example_trigger_target_dag.py
[2025-12-07T15:12:48.201+0000] {logging_mixin.py:188} INFO - [2025-12-07T15:12:48.201+0000] {dag.py:3036} INFO - Sync 1 DAGs
[2025-12-07T15:12:48.216+0000] {logging_mixin.py:188} INFO - [2025-12-07T15:12:48.216+0000] {dag.py:3823} INFO - Setting next_dagrun for example_trigger_target_dag to None, run_after=None
[2025-12-07T15:12:48.247+0000] {processor.py:183} INFO - Processing /home/airflow/.local/lib/python3.8/site-packages/airflow/example_dags/example_trigger_target_dag.py took 0.089 seconds
[2025-12-07T15:13:18.509+0000] {processor.py:161} INFO - Started process (PID=968) to work on /home/airflow/.local/lib/python3.8/site-packages/airflow/example_dags/example_trigger_target_dag.py
[2025-12-07T15:13:18.511+0000] {processor.py:830} INFO - Processing file /home/airflow/.local/lib/python3.8/site-packages/airflow/example_dags/example_trigger_target_dag.py for tasks to queue
[2025-12-07T15:13:18.515+0000] {logging_mixin.py:188} INFO - [2025-12-07T15:13:18.515+0000] {dagbag.py:538} INFO - Filling up the DagBag from /home/airflow/.local/lib/python3.8/site-packages/airflow/example_dags/example_trigger_target_dag.py
[2025-12-07T15:13:18.525+0000] {processor.py:840} INFO - DAG(s) 'example_trigger_target_dag' retrieved from /home/airflow/.local/lib/python3.8/site-packages/airflow/example_dags/example_trigger_target_dag.py
[2025-12-07T15:13:18.553+0000] {logging_mixin.py:188} INFO - [2025-12-07T15:13:18.553+0000] {dag.py:3036} INFO - Sync 1 DAGs
[2025-12-07T15:13:18.568+0000] {logging_mixin.py:188} INFO - [2025-12-07T15:13:18.568+0000] {dag.py:3823} INFO - Setting next_dagrun for example_trigger_target_dag to None, run_after=None
[2025-12-07T15:13:18.601+0000] {processor.py:183} INFO - Processing /home/airflow/.local/lib/python3.8/site-packages/airflow/example_dags/example_trigger_target_dag.py took 0.098 seconds
[2025-12-07T15:13:48.908+0000] {processor.py:161} INFO - Started process (PID=1027) to work on /home/airflow/.local/lib/python3.8/site-packages/airflow/example_dags/example_trigger_target_dag.py
[2025-12-07T15:13:48.910+0000] {processor.py:830} INFO - Processing file /home/airflow/.local/lib/python3.8/site-packages/airflow/example_dags/example_trigger_target_dag.py for tasks to queue
[2025-12-07T15:13:48.912+0000] {logging_mixin.py:188} INFO - [2025-12-07T15:13:48.912+0000] {dagbag.py:538} INFO - Filling up the DagBag from /home/airflow/.local/lib/python3.8/site-packages/airflow/example_dags/example_trigger_target_dag.py
[2025-12-07T15:13:48.920+0000] {processor.py:840} INFO - DAG(s) 'example_trigger_target_dag' retrieved from /home/airflow/.local/lib/python3.8/site-packages/airflow/example_dags/example_trigger_target_dag.py
[2025-12-07T15:13:48.950+0000] {logging_mixin.py:188} INFO - [2025-12-07T15:13:48.950+0000] {dag.py:3036} INFO - Sync 1 DAGs
[2025-12-07T15:13:48.965+0000] {logging_mixin.py:188} INFO - [2025-12-07T15:13:48.965+0000] {dag.py:3823} INFO - Setting next_dagrun for example_trigger_target_dag to None, run_after=None
[2025-12-07T15:13:48.993+0000] {processor.py:183} INFO - Processing /home/airflow/.local/lib/python3.8/site-packages/airflow/example_dags/example_trigger_target_dag.py took 0.089 seconds
[2025-12-07T15:14:19.064+0000] {processor.py:161} INFO - Started process (PID=1086) to work on /home/airflow/.local/lib/python3.8/site-packages/airflow/example_dags/example_trigger_target_dag.py
[2025-12-07T15:14:19.066+0000] {processor.py:830} INFO - Processing file /home/airflow/.local/lib/python3.8/site-packages/airflow/example_dags/example_trigger_target_dag.py for tasks to queue
[2025-12-07T15:14:19.072+0000] {logging_mixin.py:188} INFO - [2025-12-07T15:14:19.072+0000] {dagbag.py:538} INFO - Filling up the DagBag from /home/airflow/.local/lib/python3.8/site-packages/airflow/example_dags/example_trigger_target_dag.py
[2025-12-07T15:14:19.080+0000] {processor.py:840} INFO - DAG(s) 'example_trigger_target_dag' retrieved from /home/airflow/.local/lib/python3.8/site-packages/airflow/example_dags/example_trigger_target_dag.py
[2025-12-07T15:14:19.111+0000] {logging_mixin.py:188} INFO - [2025-12-07T15:14:19.110+0000] {dag.py:3036} INFO - Sync 1 DAGs
[2025-12-07T15:14:19.126+0000] {logging_mixin.py:188} INFO - [2025-12-07T15:14:19.126+0000] {dag.py:3823} INFO - Setting next_dagrun for example_trigger_target_dag to None, run_after=None
[2025-12-07T15:14:19.158+0000] {processor.py:183} INFO - Processing /home/airflow/.local/lib/python3.8/site-packages/airflow/example_dags/example_trigger_target_dag.py took 0.098 seconds
[2025-12-07T15:14:49.695+0000] {processor.py:161} INFO - Started process (PID=1145) to work on /home/airflow/.local/lib/python3.8/site-packages/airflow/example_dags/example_trigger_target_dag.py
[2025-12-07T15:14:49.697+0000] {processor.py:830} INFO - Processing file /home/airflow/.local/lib/python3.8/site-packages/airflow/example_dags/example_trigger_target_dag.py for tasks to queue
[2025-12-07T15:14:49.700+0000] {logging_mixin.py:188} INFO - [2025-12-07T15:14:49.699+0000] {dagbag.py:538} INFO - Filling up the DagBag from /home/airflow/.local/lib/python3.8/site-packages/airflow/example_dags/example_trigger_target_dag.py
[2025-12-07T15:14:49.707+0000] {processor.py:840} INFO - DAG(s) 'example_trigger_target_dag' retrieved from /home/airflow/.local/lib/python3.8/site-packages/airflow/example_dags/example_trigger_target_dag.py
[2025-12-07T15:14:49.742+0000] {logging_mixin.py:188} INFO - [2025-12-07T15:14:49.741+0000] {dag.py:3036} INFO - Sync 1 DAGs
[2025-12-07T15:14:49.761+0000] {logging_mixin.py:188} INFO - [2025-12-07T15:14:49.760+0000] {dag.py:3823} INFO - Setting next_dagrun for example_trigger_target_dag to None, run_after=None
[2025-12-07T15:14:49.793+0000] {processor.py:183} INFO - Processing /home/airflow/.local/lib/python3.8/site-packages/airflow/example_dags/example_trigger_target_dag.py took 0.104 seconds
[2025-12-07T15:15:20.141+0000] {processor.py:161} INFO - Started process (PID=1204) to work on /home/airflow/.local/lib/python3.8/site-packages/airflow/example_dags/example_trigger_target_dag.py
[2025-12-07T15:15:20.144+0000] {processor.py:830} INFO - Processing file /home/airflow/.local/lib/python3.8/site-packages/airflow/example_dags/example_trigger_target_dag.py for tasks to queue
[2025-12-07T15:15:20.147+0000] {logging_mixin.py:188} INFO - [2025-12-07T15:15:20.146+0000] {dagbag.py:538} INFO - Filling up the DagBag from /home/airflow/.local/lib/python3.8/site-packages/airflow/example_dags/example_trigger_target_dag.py
[2025-12-07T15:15:20.155+0000] {processor.py:840} INFO - DAG(s) 'example_trigger_target_dag' retrieved from /home/airflow/.local/lib/python3.8/site-packages/airflow/example_dags/example_trigger_target_dag.py
[2025-12-07T15:15:20.183+0000] {logging_mixin.py:188} INFO - [2025-12-07T15:15:20.183+0000] {dag.py:3036} INFO - Sync 1 DAGs
[2025-12-07T15:15:20.201+0000] {logging_mixin.py:188} INFO - [2025-12-07T15:15:20.201+0000] {dag.py:3823} INFO - Setting next_dagrun for example_trigger_target_dag to None, run_after=None
[2025-12-07T15:15:20.234+0000] {processor.py:183} INFO - Processing /home/airflow/.local/lib/python3.8/site-packages/airflow/example_dags/example_trigger_target_dag.py took 0.098 seconds
[2025-12-07T15:15:50.518+0000] {processor.py:161} INFO - Started process (PID=1263) to work on /home/airflow/.local/lib/python3.8/site-packages/airflow/example_dags/example_trigger_target_dag.py
[2025-12-07T15:15:50.519+0000] {processor.py:830} INFO - Processing file /home/airflow/.local/lib/python3.8/site-packages/airflow/example_dags/example_trigger_target_dag.py for tasks to queue
[2025-12-07T15:15:50.522+0000] {logging_mixin.py:188} INFO - [2025-12-07T15:15:50.522+0000] {dagbag.py:538} INFO - Filling up the DagBag from /home/airflow/.local/lib/python3.8/site-packages/airflow/example_dags/example_trigger_target_dag.py
[2025-12-07T15:15:50.530+0000] {processor.py:840} INFO - DAG(s) 'example_trigger_target_dag' retrieved from /home/airflow/.local/lib/python3.8/site-packages/airflow/example_dags/example_trigger_target_dag.py
[2025-12-07T15:15:50.559+0000] {logging_mixin.py:188} INFO - [2025-12-07T15:15:50.559+0000] {dag.py:3036} INFO - Sync 1 DAGs
[2025-12-07T15:15:50.574+0000] {logging_mixin.py:188} INFO - [2025-12-07T15:15:50.574+0000] {dag.py:3823} INFO - Setting next_dagrun for example_trigger_target_dag to None, run_after=None
[2025-12-07T15:15:50.615+0000] {processor.py:183} INFO - Processing /home/airflow/.local/lib/python3.8/site-packages/airflow/example_dags/example_trigger_target_dag.py took 0.101 seconds
[2025-12-07T15:16:21.170+0000] {processor.py:161} INFO - Started process (PID=1322) to work on /home/airflow/.local/lib/python3.8/site-packages/airflow/example_dags/example_trigger_target_dag.py
[2025-12-07T15:16:21.172+0000] {processor.py:830} INFO - Processing file /home/airflow/.local/lib/python3.8/site-packages/airflow/example_dags/example_trigger_target_dag.py for tasks to queue
[2025-12-07T15:16:21.174+0000] {logging_mixin.py:188} INFO - [2025-12-07T15:16:21.174+0000] {dagbag.py:538} INFO - Filling up the DagBag from /home/airflow/.local/lib/python3.8/site-packages/airflow/example_dags/example_trigger_target_dag.py
[2025-12-07T15:16:21.184+0000] {processor.py:840} INFO - DAG(s) 'example_trigger_target_dag' retrieved from /home/airflow/.local/lib/python3.8/site-packages/airflow/example_dags/example_trigger_target_dag.py
[2025-12-07T15:16:21.215+0000] {logging_mixin.py:188} INFO - [2025-12-07T15:16:21.215+0000] {dag.py:3036} INFO - Sync 1 DAGs
[2025-12-07T15:16:21.232+0000] {logging_mixin.py:188} INFO - [2025-12-07T15:16:21.232+0000] {dag.py:3823} INFO - Setting next_dagrun for example_trigger_target_dag to None, run_after=None
[2025-12-07T15:16:21.272+0000] {processor.py:183} INFO - Processing /home/airflow/.local/lib/python3.8/site-packages/airflow/example_dags/example_trigger_target_dag.py took 0.107 seconds
[2025-12-07T15:16:51.665+0000] {processor.py:161} INFO - Started process (PID=1381) to work on /home/airflow/.local/lib/python3.8/site-packages/airflow/example_dags/example_trigger_target_dag.py
[2025-12-07T15:16:51.667+0000] {processor.py:830} INFO - Processing file /home/airflow/.local/lib/python3.8/site-packages/airflow/example_dags/example_trigger_target_dag.py for tasks to queue
[2025-12-07T15:16:51.669+0000] {logging_mixin.py:188} INFO - [2025-12-07T15:16:51.669+0000] {dagbag.py:538} INFO - Filling up the DagBag from /home/airflow/.local/lib/python3.8/site-packages/airflow/example_dags/example_trigger_target_dag.py
[2025-12-07T15:16:51.678+0000] {processor.py:840} INFO - DAG(s) 'example_trigger_target_dag' retrieved from /home/airflow/.local/lib/python3.8/site-packages/airflow/example_dags/example_trigger_target_dag.py
[2025-12-07T15:16:51.715+0000] {logging_mixin.py:188} INFO - [2025-12-07T15:16:51.715+0000] {dag.py:3036} INFO - Sync 1 DAGs
[2025-12-07T15:16:51.733+0000] {logging_mixin.py:188} INFO - [2025-12-07T15:16:51.733+0000] {dag.py:3823} INFO - Setting next_dagrun for example_trigger_target_dag to None, run_after=None
[2025-12-07T15:16:51.766+0000] {processor.py:183} INFO - Processing /home/airflow/.local/lib/python3.8/site-packages/airflow/example_dags/example_trigger_target_dag.py took 0.106 seconds
[2025-12-07T15:17:21.826+0000] {processor.py:161} INFO - Started process (PID=1440) to work on /home/airflow/.local/lib/python3.8/site-packages/airflow/example_dags/example_trigger_target_dag.py
[2025-12-07T15:17:21.828+0000] {processor.py:830} INFO - Processing file /home/airflow/.local/lib/python3.8/site-packages/airflow/example_dags/example_trigger_target_dag.py for tasks to queue
[2025-12-07T15:17:21.831+0000] {logging_mixin.py:188} INFO - [2025-12-07T15:17:21.831+0000] {dagbag.py:538} INFO - Filling up the DagBag from /home/airflow/.local/lib/python3.8/site-packages/airflow/example_dags/example_trigger_target_dag.py
[2025-12-07T15:17:21.838+0000] {processor.py:840} INFO - DAG(s) 'example_trigger_target_dag' retrieved from /home/airflow/.local/lib/python3.8/site-packages/airflow/example_dags/example_trigger_target_dag.py
[2025-12-07T15:17:21.869+0000] {logging_mixin.py:188} INFO - [2025-12-07T15:17:21.869+0000] {dag.py:3036} INFO - Sync 1 DAGs
[2025-12-07T15:17:21.888+0000] {logging_mixin.py:188} INFO - [2025-12-07T15:17:21.888+0000] {dag.py:3823} INFO - Setting next_dagrun for example_trigger_target_dag to None, run_after=None
[2025-12-07T15:17:21.922+0000] {processor.py:183} INFO - Processing /home/airflow/.local/lib/python3.8/site-packages/airflow/example_dags/example_trigger_target_dag.py took 0.103 seconds
[2025-12-07T15:17:52.060+0000] {processor.py:161} INFO - Started process (PID=1499) to work on /home/airflow/.local/lib/python3.8/site-packages/airflow/example_dags/example_trigger_target_dag.py
[2025-12-07T15:17:52.062+0000] {processor.py:830} INFO - Processing file /home/airflow/.local/lib/python3.8/site-packages/airflow/example_dags/example_trigger_target_dag.py for tasks to queue
[2025-12-07T15:17:52.065+0000] {logging_mixin.py:188} INFO - [2025-12-07T15:17:52.064+0000] {dagbag.py:538} INFO - Filling up the DagBag from /home/airflow/.local/lib/python3.8/site-packages/airflow/example_dags/example_trigger_target_dag.py
[2025-12-07T15:17:52.073+0000] {processor.py:840} INFO - DAG(s) 'example_trigger_target_dag' retrieved from /home/airflow/.local/lib/python3.8/site-packages/airflow/example_dags/example_trigger_target_dag.py
[2025-12-07T15:17:52.103+0000] {logging_mixin.py:188} INFO - [2025-12-07T15:17:52.103+0000] {dag.py:3036} INFO - Sync 1 DAGs
[2025-12-07T15:17:52.119+0000] {logging_mixin.py:188} INFO - [2025-12-07T15:17:52.118+0000] {dag.py:3823} INFO - Setting next_dagrun for example_trigger_target_dag to None, run_after=None
[2025-12-07T15:17:52.156+0000] {processor.py:183} INFO - Processing /home/airflow/.local/lib/python3.8/site-packages/airflow/example_dags/example_trigger_target_dag.py took 0.101 seconds
[2025-12-07T15:18:22.671+0000] {processor.py:161} INFO - Started process (PID=1558) to work on /home/airflow/.local/lib/python3.8/site-packages/airflow/example_dags/example_trigger_target_dag.py
[2025-12-07T15:18:22.673+0000] {processor.py:830} INFO - Processing file /home/airflow/.local/lib/python3.8/site-packages/airflow/example_dags/example_trigger_target_dag.py for tasks to queue
[2025-12-07T15:18:22.676+0000] {logging_mixin.py:188} INFO - [2025-12-07T15:18:22.676+0000] {dagbag.py:538} INFO - Filling up the DagBag from /home/airflow/.local/lib/python3.8/site-packages/airflow/example_dags/example_trigger_target_dag.py
[2025-12-07T15:18:22.686+0000] {processor.py:840} INFO - DAG(s) 'example_trigger_target_dag' retrieved from /home/airflow/.local/lib/python3.8/site-packages/airflow/example_dags/example_trigger_target_dag.py
[2025-12-07T15:18:22.719+0000] {logging_mixin.py:188} INFO - [2025-12-07T15:18:22.719+0000] {dag.py:3036} INFO - Sync 1 DAGs
[2025-12-07T15:18:22.735+0000] {logging_mixin.py:188} INFO - [2025-12-07T15:18:22.735+0000] {dag.py:3823} INFO - Setting next_dagrun for example_trigger_target_dag to None, run_after=None
[2025-12-07T15:18:22.769+0000] {processor.py:183} INFO - Processing /home/airflow/.local/lib/python3.8/site-packages/airflow/example_dags/example_trigger_target_dag.py took 0.102 seconds
[2025-12-07T15:18:52.970+0000] {processor.py:161} INFO - Started process (PID=1617) to work on /home/airflow/.local/lib/python3.8/site-packages/airflow/example_dags/example_trigger_target_dag.py
[2025-12-07T15:18:52.973+0000] {processor.py:830} INFO - Processing file /home/airflow/.local/lib/python3.8/site-packages/airflow/example_dags/example_trigger_target_dag.py for tasks to queue
[2025-12-07T15:18:52.976+0000] {logging_mixin.py:188} INFO - [2025-12-07T15:18:52.975+0000] {dagbag.py:538} INFO - Filling up the DagBag from /home/airflow/.local/lib/python3.8/site-packages/airflow/example_dags/example_trigger_target_dag.py
[2025-12-07T15:18:52.984+0000] {processor.py:840} INFO - DAG(s) 'example_trigger_target_dag' retrieved from /home/airflow/.local/lib/python3.8/site-packages/airflow/example_dags/example_trigger_target_dag.py
[2025-12-07T15:18:53.018+0000] {logging_mixin.py:188} INFO - [2025-12-07T15:18:53.017+0000] {dag.py:3036} INFO - Sync 1 DAGs
[2025-12-07T15:18:53.034+0000] {logging_mixin.py:188} INFO - [2025-12-07T15:18:53.034+0000] {dag.py:3823} INFO - Setting next_dagrun for example_trigger_target_dag to None, run_after=None
[2025-12-07T15:18:53.068+0000] {processor.py:183} INFO - Processing /home/airflow/.local/lib/python3.8/site-packages/airflow/example_dags/example_trigger_target_dag.py took 0.102 seconds
[2025-12-07T15:19:23.205+0000] {processor.py:161} INFO - Started process (PID=1676) to work on /home/airflow/.local/lib/python3.8/site-packages/airflow/example_dags/example_trigger_target_dag.py
[2025-12-07T15:19:23.207+0000] {processor.py:830} INFO - Processing file /home/airflow/.local/lib/python3.8/site-packages/airflow/example_dags/example_trigger_target_dag.py for tasks to queue
[2025-12-07T15:19:23.209+0000] {logging_mixin.py:188} INFO - [2025-12-07T15:19:23.209+0000] {dagbag.py:538} INFO - Filling up the DagBag from /home/airflow/.local/lib/python3.8/site-packages/airflow/example_dags/example_trigger_target_dag.py
[2025-12-07T15:19:23.217+0000] {processor.py:840} INFO - DAG(s) 'example_trigger_target_dag' retrieved from /home/airflow/.local/lib/python3.8/site-packages/airflow/example_dags/example_trigger_target_dag.py
[2025-12-07T15:19:23.246+0000] {logging_mixin.py:188} INFO - [2025-12-07T15:19:23.245+0000] {dag.py:3036} INFO - Sync 1 DAGs
[2025-12-07T15:19:23.262+0000] {logging_mixin.py:188} INFO - [2025-12-07T15:19:23.261+0000] {dag.py:3823} INFO - Setting next_dagrun for example_trigger_target_dag to None, run_after=None
[2025-12-07T15:19:23.291+0000] {processor.py:183} INFO - Processing /home/airflow/.local/lib/python3.8/site-packages/airflow/example_dags/example_trigger_target_dag.py took 0.090 seconds
[2025-12-07T15:19:53.698+0000] {processor.py:161} INFO - Started process (PID=1735) to work on /home/airflow/.local/lib/python3.8/site-packages/airflow/example_dags/example_trigger_target_dag.py
[2025-12-07T15:19:53.699+0000] {processor.py:830} INFO - Processing file /home/airflow/.local/lib/python3.8/site-packages/airflow/example_dags/example_trigger_target_dag.py for tasks to queue
[2025-12-07T15:19:53.702+0000] {logging_mixin.py:188} INFO - [2025-12-07T15:19:53.702+0000] {dagbag.py:538} INFO - Filling up the DagBag from /home/airflow/.local/lib/python3.8/site-packages/airflow/example_dags/example_trigger_target_dag.py
[2025-12-07T15:19:53.711+0000] {processor.py:840} INFO - DAG(s) 'example_trigger_target_dag' retrieved from /home/airflow/.local/lib/python3.8/site-packages/airflow/example_dags/example_trigger_target_dag.py
[2025-12-07T15:19:53.742+0000] {logging_mixin.py:188} INFO - [2025-12-07T15:19:53.742+0000] {dag.py:3036} INFO - Sync 1 DAGs
[2025-12-07T15:19:53.767+0000] {logging_mixin.py:188} INFO - [2025-12-07T15:19:53.766+0000] {dag.py:3823} INFO - Setting next_dagrun for example_trigger_target_dag to None, run_after=None
[2025-12-07T15:19:53.805+0000] {processor.py:183} INFO - Processing /home/airflow/.local/lib/python3.8/site-packages/airflow/example_dags/example_trigger_target_dag.py took 0.111 seconds
[2025-12-07T15:20:24.121+0000] {processor.py:161} INFO - Started process (PID=1794) to work on /home/airflow/.local/lib/python3.8/site-packages/airflow/example_dags/example_trigger_target_dag.py
[2025-12-07T15:20:24.122+0000] {processor.py:830} INFO - Processing file /home/airflow/.local/lib/python3.8/site-packages/airflow/example_dags/example_trigger_target_dag.py for tasks to queue
[2025-12-07T15:20:24.127+0000] {logging_mixin.py:188} INFO - [2025-12-07T15:20:24.127+0000] {dagbag.py:538} INFO - Filling up the DagBag from /home/airflow/.local/lib/python3.8/site-packages/airflow/example_dags/example_trigger_target_dag.py
[2025-12-07T15:20:24.134+0000] {processor.py:840} INFO - DAG(s) 'example_trigger_target_dag' retrieved from /home/airflow/.local/lib/python3.8/site-packages/airflow/example_dags/example_trigger_target_dag.py
[2025-12-07T15:20:24.164+0000] {logging_mixin.py:188} INFO - [2025-12-07T15:20:24.163+0000] {dag.py:3036} INFO - Sync 1 DAGs
[2025-12-07T15:20:24.178+0000] {logging_mixin.py:188} INFO - [2025-12-07T15:20:24.178+0000] {dag.py:3823} INFO - Setting next_dagrun for example_trigger_target_dag to None, run_after=None
[2025-12-07T15:20:24.207+0000] {processor.py:183} INFO - Processing /home/airflow/.local/lib/python3.8/site-packages/airflow/example_dags/example_trigger_target_dag.py took 0.091 seconds
[2025-12-07T15:20:54.456+0000] {processor.py:161} INFO - Started process (PID=1853) to work on /home/airflow/.local/lib/python3.8/site-packages/airflow/example_dags/example_trigger_target_dag.py
[2025-12-07T15:20:54.458+0000] {processor.py:830} INFO - Processing file /home/airflow/.local/lib/python3.8/site-packages/airflow/example_dags/example_trigger_target_dag.py for tasks to queue
[2025-12-07T15:20:54.461+0000] {logging_mixin.py:188} INFO - [2025-12-07T15:20:54.461+0000] {dagbag.py:538} INFO - Filling up the DagBag from /home/airflow/.local/lib/python3.8/site-packages/airflow/example_dags/example_trigger_target_dag.py
[2025-12-07T15:20:54.469+0000] {processor.py:840} INFO - DAG(s) 'example_trigger_target_dag' retrieved from /home/airflow/.local/lib/python3.8/site-packages/airflow/example_dags/example_trigger_target_dag.py
[2025-12-07T15:20:54.499+0000] {logging_mixin.py:188} INFO - [2025-12-07T15:20:54.498+0000] {dag.py:3036} INFO - Sync 1 DAGs
[2025-12-07T15:20:54.517+0000] {logging_mixin.py:188} INFO - [2025-12-07T15:20:54.516+0000] {dag.py:3823} INFO - Setting next_dagrun for example_trigger_target_dag to None, run_after=None
[2025-12-07T15:20:54.549+0000] {processor.py:183} INFO - Processing /home/airflow/.local/lib/python3.8/site-packages/airflow/example_dags/example_trigger_target_dag.py took 0.098 seconds
[2025-12-07T15:21:24.750+0000] {processor.py:161} INFO - Started process (PID=1912) to work on /home/airflow/.local/lib/python3.8/site-packages/airflow/example_dags/example_trigger_target_dag.py
[2025-12-07T15:21:24.752+0000] {processor.py:830} INFO - Processing file /home/airflow/.local/lib/python3.8/site-packages/airflow/example_dags/example_trigger_target_dag.py for tasks to queue
[2025-12-07T15:21:24.755+0000] {logging_mixin.py:188} INFO - [2025-12-07T15:21:24.754+0000] {dagbag.py:538} INFO - Filling up the DagBag from /home/airflow/.local/lib/python3.8/site-packages/airflow/example_dags/example_trigger_target_dag.py
[2025-12-07T15:21:24.763+0000] {processor.py:840} INFO - DAG(s) 'example_trigger_target_dag' retrieved from /home/airflow/.local/lib/python3.8/site-packages/airflow/example_dags/example_trigger_target_dag.py
[2025-12-07T15:21:24.794+0000] {logging_mixin.py:188} INFO - [2025-12-07T15:21:24.794+0000] {dag.py:3036} INFO - Sync 1 DAGs
[2025-12-07T15:21:24.809+0000] {logging_mixin.py:188} INFO - [2025-12-07T15:21:24.809+0000] {dag.py:3823} INFO - Setting next_dagrun for example_trigger_target_dag to None, run_after=None
[2025-12-07T15:21:24.838+0000] {processor.py:183} INFO - Processing /home/airflow/.local/lib/python3.8/site-packages/airflow/example_dags/example_trigger_target_dag.py took 0.093 seconds
[2025-12-07T15:21:55.226+0000] {processor.py:161} INFO - Started process (PID=1969) to work on /home/airflow/.local/lib/python3.8/site-packages/airflow/example_dags/example_trigger_target_dag.py
[2025-12-07T15:21:55.228+0000] {processor.py:830} INFO - Processing file /home/airflow/.local/lib/python3.8/site-packages/airflow/example_dags/example_trigger_target_dag.py for tasks to queue
[2025-12-07T15:21:55.233+0000] {logging_mixin.py:188} INFO - [2025-12-07T15:21:55.233+0000] {dagbag.py:538} INFO - Filling up the DagBag from /home/airflow/.local/lib/python3.8/site-packages/airflow/example_dags/example_trigger_target_dag.py
[2025-12-07T15:21:55.241+0000] {processor.py:840} INFO - DAG(s) 'example_trigger_target_dag' retrieved from /home/airflow/.local/lib/python3.8/site-packages/airflow/example_dags/example_trigger_target_dag.py
[2025-12-07T15:21:55.270+0000] {logging_mixin.py:188} INFO - [2025-12-07T15:21:55.270+0000] {dag.py:3036} INFO - Sync 1 DAGs
[2025-12-07T15:21:55.285+0000] {logging_mixin.py:188} INFO - [2025-12-07T15:21:55.285+0000] {dag.py:3823} INFO - Setting next_dagrun for example_trigger_target_dag to None, run_after=None
[2025-12-07T15:21:55.316+0000] {processor.py:183} INFO - Processing /home/airflow/.local/lib/python3.8/site-packages/airflow/example_dags/example_trigger_target_dag.py took 0.095 seconds
[2025-12-07T15:22:25.875+0000] {processor.py:161} INFO - Started process (PID=2028) to work on /home/airflow/.local/lib/python3.8/site-packages/airflow/example_dags/example_trigger_target_dag.py
[2025-12-07T15:22:25.876+0000] {processor.py:830} INFO - Processing file /home/airflow/.local/lib/python3.8/site-packages/airflow/example_dags/example_trigger_target_dag.py for tasks to queue
[2025-12-07T15:22:25.879+0000] {logging_mixin.py:188} INFO - [2025-12-07T15:22:25.878+0000] {dagbag.py:538} INFO - Filling up the DagBag from /home/airflow/.local/lib/python3.8/site-packages/airflow/example_dags/example_trigger_target_dag.py
[2025-12-07T15:22:25.886+0000] {processor.py:840} INFO - DAG(s) 'example_trigger_target_dag' retrieved from /home/airflow/.local/lib/python3.8/site-packages/airflow/example_dags/example_trigger_target_dag.py
[2025-12-07T15:22:25.916+0000] {logging_mixin.py:188} INFO - [2025-12-07T15:22:25.915+0000] {dag.py:3036} INFO - Sync 1 DAGs
[2025-12-07T15:22:25.931+0000] {logging_mixin.py:188} INFO - [2025-12-07T15:22:25.931+0000] {dag.py:3823} INFO - Setting next_dagrun for example_trigger_target_dag to None, run_after=None
[2025-12-07T15:22:25.962+0000] {processor.py:183} INFO - Processing /home/airflow/.local/lib/python3.8/site-packages/airflow/example_dags/example_trigger_target_dag.py took 0.092 seconds
[2025-12-07T15:22:56.669+0000] {processor.py:161} INFO - Started process (PID=2087) to work on /home/airflow/.local/lib/python3.8/site-packages/airflow/example_dags/example_trigger_target_dag.py
[2025-12-07T15:22:56.672+0000] {processor.py:830} INFO - Processing file /home/airflow/.local/lib/python3.8/site-packages/airflow/example_dags/example_trigger_target_dag.py for tasks to queue
[2025-12-07T15:22:56.678+0000] {logging_mixin.py:188} INFO - [2025-12-07T15:22:56.677+0000] {dagbag.py:538} INFO - Filling up the DagBag from /home/airflow/.local/lib/python3.8/site-packages/airflow/example_dags/example_trigger_target_dag.py
[2025-12-07T15:22:56.686+0000] {processor.py:840} INFO - DAG(s) 'example_trigger_target_dag' retrieved from /home/airflow/.local/lib/python3.8/site-packages/airflow/example_dags/example_trigger_target_dag.py
[2025-12-07T15:22:56.725+0000] {logging_mixin.py:188} INFO - [2025-12-07T15:22:56.724+0000] {dag.py:3036} INFO - Sync 1 DAGs
[2025-12-07T15:22:56.742+0000] {logging_mixin.py:188} INFO - [2025-12-07T15:22:56.742+0000] {dag.py:3823} INFO - Setting next_dagrun for example_trigger_target_dag to None, run_after=None
[2025-12-07T15:22:56.780+0000] {processor.py:183} INFO - Processing /home/airflow/.local/lib/python3.8/site-packages/airflow/example_dags/example_trigger_target_dag.py took 0.120 seconds
[2025-12-07T15:23:26.996+0000] {processor.py:161} INFO - Started process (PID=2146) to work on /home/airflow/.local/lib/python3.8/site-packages/airflow/example_dags/example_trigger_target_dag.py
[2025-12-07T15:23:26.998+0000] {processor.py:830} INFO - Processing file /home/airflow/.local/lib/python3.8/site-packages/airflow/example_dags/example_trigger_target_dag.py for tasks to queue
[2025-12-07T15:23:27.001+0000] {logging_mixin.py:188} INFO - [2025-12-07T15:23:27.000+0000] {dagbag.py:538} INFO - Filling up the DagBag from /home/airflow/.local/lib/python3.8/site-packages/airflow/example_dags/example_trigger_target_dag.py
[2025-12-07T15:23:27.010+0000] {processor.py:840} INFO - DAG(s) 'example_trigger_target_dag' retrieved from /home/airflow/.local/lib/python3.8/site-packages/airflow/example_dags/example_trigger_target_dag.py
[2025-12-07T15:23:27.042+0000] {logging_mixin.py:188} INFO - [2025-12-07T15:23:27.042+0000] {dag.py:3036} INFO - Sync 1 DAGs
[2025-12-07T15:23:27.060+0000] {logging_mixin.py:188} INFO - [2025-12-07T15:23:27.059+0000] {dag.py:3823} INFO - Setting next_dagrun for example_trigger_target_dag to None, run_after=None
[2025-12-07T15:23:27.093+0000] {processor.py:183} INFO - Processing /home/airflow/.local/lib/python3.8/site-packages/airflow/example_dags/example_trigger_target_dag.py took 0.106 seconds
[2025-12-07T15:23:57.511+0000] {processor.py:161} INFO - Started process (PID=2205) to work on /home/airflow/.local/lib/python3.8/site-packages/airflow/example_dags/example_trigger_target_dag.py
[2025-12-07T15:23:57.515+0000] {processor.py:830} INFO - Processing file /home/airflow/.local/lib/python3.8/site-packages/airflow/example_dags/example_trigger_target_dag.py for tasks to queue
[2025-12-07T15:23:57.519+0000] {logging_mixin.py:188} INFO - [2025-12-07T15:23:57.518+0000] {dagbag.py:538} INFO - Filling up the DagBag from /home/airflow/.local/lib/python3.8/site-packages/airflow/example_dags/example_trigger_target_dag.py
[2025-12-07T15:23:57.527+0000] {processor.py:840} INFO - DAG(s) 'example_trigger_target_dag' retrieved from /home/airflow/.local/lib/python3.8/site-packages/airflow/example_dags/example_trigger_target_dag.py
[2025-12-07T15:23:57.560+0000] {logging_mixin.py:188} INFO - [2025-12-07T15:23:57.559+0000] {dag.py:3036} INFO - Sync 1 DAGs
[2025-12-07T15:23:57.576+0000] {logging_mixin.py:188} INFO - [2025-12-07T15:23:57.575+0000] {dag.py:3823} INFO - Setting next_dagrun for example_trigger_target_dag to None, run_after=None
[2025-12-07T15:23:57.611+0000] {processor.py:183} INFO - Processing /home/airflow/.local/lib/python3.8/site-packages/airflow/example_dags/example_trigger_target_dag.py took 0.104 seconds
[2025-12-07T15:24:27.855+0000] {processor.py:161} INFO - Started process (PID=2264) to work on /home/airflow/.local/lib/python3.8/site-packages/airflow/example_dags/example_trigger_target_dag.py
[2025-12-07T15:24:27.858+0000] {processor.py:830} INFO - Processing file /home/airflow/.local/lib/python3.8/site-packages/airflow/example_dags/example_trigger_target_dag.py for tasks to queue
[2025-12-07T15:24:27.861+0000] {logging_mixin.py:188} INFO - [2025-12-07T15:24:27.860+0000] {dagbag.py:538} INFO - Filling up the DagBag from /home/airflow/.local/lib/python3.8/site-packages/airflow/example_dags/example_trigger_target_dag.py
[2025-12-07T15:24:27.868+0000] {processor.py:840} INFO - DAG(s) 'example_trigger_target_dag' retrieved from /home/airflow/.local/lib/python3.8/site-packages/airflow/example_dags/example_trigger_target_dag.py
[2025-12-07T15:24:27.900+0000] {logging_mixin.py:188} INFO - [2025-12-07T15:24:27.900+0000] {dag.py:3036} INFO - Sync 1 DAGs
[2025-12-07T15:24:27.918+0000] {logging_mixin.py:188} INFO - [2025-12-07T15:24:27.918+0000] {dag.py:3823} INFO - Setting next_dagrun for example_trigger_target_dag to None, run_after=None
[2025-12-07T15:24:27.952+0000] {processor.py:183} INFO - Processing /home/airflow/.local/lib/python3.8/site-packages/airflow/example_dags/example_trigger_target_dag.py took 0.102 seconds
[2025-12-07T15:24:58.403+0000] {processor.py:161} INFO - Started process (PID=2323) to work on /home/airflow/.local/lib/python3.8/site-packages/airflow/example_dags/example_trigger_target_dag.py
[2025-12-07T15:24:58.404+0000] {processor.py:830} INFO - Processing file /home/airflow/.local/lib/python3.8/site-packages/airflow/example_dags/example_trigger_target_dag.py for tasks to queue
[2025-12-07T15:24:58.407+0000] {logging_mixin.py:188} INFO - [2025-12-07T15:24:58.407+0000] {dagbag.py:538} INFO - Filling up the DagBag from /home/airflow/.local/lib/python3.8/site-packages/airflow/example_dags/example_trigger_target_dag.py
[2025-12-07T15:24:58.415+0000] {processor.py:840} INFO - DAG(s) 'example_trigger_target_dag' retrieved from /home/airflow/.local/lib/python3.8/site-packages/airflow/example_dags/example_trigger_target_dag.py
[2025-12-07T15:24:58.449+0000] {logging_mixin.py:188} INFO - [2025-12-07T15:24:58.449+0000] {dag.py:3036} INFO - Sync 1 DAGs
[2025-12-07T15:24:58.466+0000] {logging_mixin.py:188} INFO - [2025-12-07T15:24:58.466+0000] {dag.py:3823} INFO - Setting next_dagrun for example_trigger_target_dag to None, run_after=None
[2025-12-07T15:24:58.498+0000] {processor.py:183} INFO - Processing /home/airflow/.local/lib/python3.8/site-packages/airflow/example_dags/example_trigger_target_dag.py took 0.100 seconds
[2025-12-07T15:25:28.949+0000] {processor.py:161} INFO - Started process (PID=2382) to work on /home/airflow/.local/lib/python3.8/site-packages/airflow/example_dags/example_trigger_target_dag.py
[2025-12-07T15:25:28.950+0000] {processor.py:830} INFO - Processing file /home/airflow/.local/lib/python3.8/site-packages/airflow/example_dags/example_trigger_target_dag.py for tasks to queue
[2025-12-07T15:25:28.952+0000] {logging_mixin.py:188} INFO - [2025-12-07T15:25:28.952+0000] {dagbag.py:538} INFO - Filling up the DagBag from /home/airflow/.local/lib/python3.8/site-packages/airflow/example_dags/example_trigger_target_dag.py
[2025-12-07T15:25:28.960+0000] {processor.py:840} INFO - DAG(s) 'example_trigger_target_dag' retrieved from /home/airflow/.local/lib/python3.8/site-packages/airflow/example_dags/example_trigger_target_dag.py
[2025-12-07T15:25:28.995+0000] {logging_mixin.py:188} INFO - [2025-12-07T15:25:28.994+0000] {dag.py:3036} INFO - Sync 1 DAGs
[2025-12-07T15:25:29.014+0000] {logging_mixin.py:188} INFO - [2025-12-07T15:25:29.014+0000] {dag.py:3823} INFO - Setting next_dagrun for example_trigger_target_dag to None, run_after=None
[2025-12-07T15:25:29.052+0000] {processor.py:183} INFO - Processing /home/airflow/.local/lib/python3.8/site-packages/airflow/example_dags/example_trigger_target_dag.py took 0.109 seconds
[2025-12-07T15:25:59.315+0000] {processor.py:161} INFO - Started process (PID=2441) to work on /home/airflow/.local/lib/python3.8/site-packages/airflow/example_dags/example_trigger_target_dag.py
[2025-12-07T15:25:59.318+0000] {processor.py:830} INFO - Processing file /home/airflow/.local/lib/python3.8/site-packages/airflow/example_dags/example_trigger_target_dag.py for tasks to queue
[2025-12-07T15:25:59.321+0000] {logging_mixin.py:188} INFO - [2025-12-07T15:25:59.320+0000] {dagbag.py:538} INFO - Filling up the DagBag from /home/airflow/.local/lib/python3.8/site-packages/airflow/example_dags/example_trigger_target_dag.py
[2025-12-07T15:25:59.329+0000] {processor.py:840} INFO - DAG(s) 'example_trigger_target_dag' retrieved from /home/airflow/.local/lib/python3.8/site-packages/airflow/example_dags/example_trigger_target_dag.py
[2025-12-07T15:25:59.363+0000] {logging_mixin.py:188} INFO - [2025-12-07T15:25:59.362+0000] {dag.py:3036} INFO - Sync 1 DAGs
[2025-12-07T15:25:59.380+0000] {logging_mixin.py:188} INFO - [2025-12-07T15:25:59.380+0000] {dag.py:3823} INFO - Setting next_dagrun for example_trigger_target_dag to None, run_after=None
[2025-12-07T15:25:59.415+0000] {processor.py:183} INFO - Processing /home/airflow/.local/lib/python3.8/site-packages/airflow/example_dags/example_trigger_target_dag.py took 0.105 seconds
[2025-12-07T15:26:30.087+0000] {processor.py:161} INFO - Started process (PID=2500) to work on /home/airflow/.local/lib/python3.8/site-packages/airflow/example_dags/example_trigger_target_dag.py
[2025-12-07T15:26:30.089+0000] {processor.py:830} INFO - Processing file /home/airflow/.local/lib/python3.8/site-packages/airflow/example_dags/example_trigger_target_dag.py for tasks to queue
[2025-12-07T15:26:30.092+0000] {logging_mixin.py:188} INFO - [2025-12-07T15:26:30.091+0000] {dagbag.py:538} INFO - Filling up the DagBag from /home/airflow/.local/lib/python3.8/site-packages/airflow/example_dags/example_trigger_target_dag.py
[2025-12-07T15:26:30.100+0000] {processor.py:840} INFO - DAG(s) 'example_trigger_target_dag' retrieved from /home/airflow/.local/lib/python3.8/site-packages/airflow/example_dags/example_trigger_target_dag.py
[2025-12-07T15:26:30.135+0000] {logging_mixin.py:188} INFO - [2025-12-07T15:26:30.134+0000] {dag.py:3036} INFO - Sync 1 DAGs
[2025-12-07T15:26:30.153+0000] {logging_mixin.py:188} INFO - [2025-12-07T15:26:30.152+0000] {dag.py:3823} INFO - Setting next_dagrun for example_trigger_target_dag to None, run_after=None
[2025-12-07T15:26:30.186+0000] {processor.py:183} INFO - Processing /home/airflow/.local/lib/python3.8/site-packages/airflow/example_dags/example_trigger_target_dag.py took 0.105 seconds
[2025-12-07T15:27:00.354+0000] {processor.py:161} INFO - Started process (PID=2559) to work on /home/airflow/.local/lib/python3.8/site-packages/airflow/example_dags/example_trigger_target_dag.py
[2025-12-07T15:27:00.355+0000] {processor.py:830} INFO - Processing file /home/airflow/.local/lib/python3.8/site-packages/airflow/example_dags/example_trigger_target_dag.py for tasks to queue
[2025-12-07T15:27:00.361+0000] {logging_mixin.py:188} INFO - [2025-12-07T15:27:00.361+0000] {dagbag.py:538} INFO - Filling up the DagBag from /home/airflow/.local/lib/python3.8/site-packages/airflow/example_dags/example_trigger_target_dag.py
[2025-12-07T15:27:00.370+0000] {processor.py:840} INFO - DAG(s) 'example_trigger_target_dag' retrieved from /home/airflow/.local/lib/python3.8/site-packages/airflow/example_dags/example_trigger_target_dag.py
[2025-12-07T15:27:00.409+0000] {logging_mixin.py:188} INFO - [2025-12-07T15:27:00.408+0000] {dag.py:3036} INFO - Sync 1 DAGs
[2025-12-07T15:27:00.428+0000] {logging_mixin.py:188} INFO - [2025-12-07T15:27:00.428+0000] {dag.py:3823} INFO - Setting next_dagrun for example_trigger_target_dag to None, run_after=None
[2025-12-07T15:27:00.470+0000] {processor.py:183} INFO - Processing /home/airflow/.local/lib/python3.8/site-packages/airflow/example_dags/example_trigger_target_dag.py took 0.121 seconds
[2025-12-07T15:27:30.655+0000] {processor.py:161} INFO - Started process (PID=2618) to work on /home/airflow/.local/lib/python3.8/site-packages/airflow/example_dags/example_trigger_target_dag.py
[2025-12-07T15:27:30.657+0000] {processor.py:830} INFO - Processing file /home/airflow/.local/lib/python3.8/site-packages/airflow/example_dags/example_trigger_target_dag.py for tasks to queue
[2025-12-07T15:27:30.660+0000] {logging_mixin.py:188} INFO - [2025-12-07T15:27:30.659+0000] {dagbag.py:538} INFO - Filling up the DagBag from /home/airflow/.local/lib/python3.8/site-packages/airflow/example_dags/example_trigger_target_dag.py
[2025-12-07T15:27:30.667+0000] {processor.py:840} INFO - DAG(s) 'example_trigger_target_dag' retrieved from /home/airflow/.local/lib/python3.8/site-packages/airflow/example_dags/example_trigger_target_dag.py
[2025-12-07T15:27:30.697+0000] {logging_mixin.py:188} INFO - [2025-12-07T15:27:30.697+0000] {dag.py:3036} INFO - Sync 1 DAGs
[2025-12-07T15:27:30.712+0000] {logging_mixin.py:188} INFO - [2025-12-07T15:27:30.711+0000] {dag.py:3823} INFO - Setting next_dagrun for example_trigger_target_dag to None, run_after=None
[2025-12-07T15:27:30.745+0000] {processor.py:183} INFO - Processing /home/airflow/.local/lib/python3.8/site-packages/airflow/example_dags/example_trigger_target_dag.py took 0.094 seconds
[2025-12-07T15:28:01.080+0000] {processor.py:161} INFO - Started process (PID=2677) to work on /home/airflow/.local/lib/python3.8/site-packages/airflow/example_dags/example_trigger_target_dag.py
[2025-12-07T15:28:01.082+0000] {processor.py:830} INFO - Processing file /home/airflow/.local/lib/python3.8/site-packages/airflow/example_dags/example_trigger_target_dag.py for tasks to queue
[2025-12-07T15:28:01.085+0000] {logging_mixin.py:188} INFO - [2025-12-07T15:28:01.085+0000] {dagbag.py:538} INFO - Filling up the DagBag from /home/airflow/.local/lib/python3.8/site-packages/airflow/example_dags/example_trigger_target_dag.py
[2025-12-07T15:28:01.101+0000] {processor.py:840} INFO - DAG(s) 'example_trigger_target_dag' retrieved from /home/airflow/.local/lib/python3.8/site-packages/airflow/example_dags/example_trigger_target_dag.py
[2025-12-07T15:28:01.142+0000] {logging_mixin.py:188} INFO - [2025-12-07T15:28:01.142+0000] {dag.py:3036} INFO - Sync 1 DAGs
[2025-12-07T15:28:01.166+0000] {logging_mixin.py:188} INFO - [2025-12-07T15:28:01.165+0000] {dag.py:3823} INFO - Setting next_dagrun for example_trigger_target_dag to None, run_after=None
[2025-12-07T15:28:01.202+0000] {processor.py:183} INFO - Processing /home/airflow/.local/lib/python3.8/site-packages/airflow/example_dags/example_trigger_target_dag.py took 0.132 seconds
[2025-12-07T15:28:31.527+0000] {processor.py:161} INFO - Started process (PID=2736) to work on /home/airflow/.local/lib/python3.8/site-packages/airflow/example_dags/example_trigger_target_dag.py
[2025-12-07T15:28:31.528+0000] {processor.py:830} INFO - Processing file /home/airflow/.local/lib/python3.8/site-packages/airflow/example_dags/example_trigger_target_dag.py for tasks to queue
[2025-12-07T15:28:31.531+0000] {logging_mixin.py:188} INFO - [2025-12-07T15:28:31.530+0000] {dagbag.py:538} INFO - Filling up the DagBag from /home/airflow/.local/lib/python3.8/site-packages/airflow/example_dags/example_trigger_target_dag.py
[2025-12-07T15:28:31.538+0000] {processor.py:840} INFO - DAG(s) 'example_trigger_target_dag' retrieved from /home/airflow/.local/lib/python3.8/site-packages/airflow/example_dags/example_trigger_target_dag.py
[2025-12-07T15:28:31.570+0000] {logging_mixin.py:188} INFO - [2025-12-07T15:28:31.569+0000] {dag.py:3036} INFO - Sync 1 DAGs
[2025-12-07T15:28:31.586+0000] {logging_mixin.py:188} INFO - [2025-12-07T15:28:31.586+0000] {dag.py:3823} INFO - Setting next_dagrun for example_trigger_target_dag to None, run_after=None
[2025-12-07T15:28:31.619+0000] {processor.py:183} INFO - Processing /home/airflow/.local/lib/python3.8/site-packages/airflow/example_dags/example_trigger_target_dag.py took 0.097 seconds
[2025-12-07T15:29:02.151+0000] {processor.py:161} INFO - Started process (PID=2795) to work on /home/airflow/.local/lib/python3.8/site-packages/airflow/example_dags/example_trigger_target_dag.py
[2025-12-07T15:29:02.153+0000] {processor.py:830} INFO - Processing file /home/airflow/.local/lib/python3.8/site-packages/airflow/example_dags/example_trigger_target_dag.py for tasks to queue
[2025-12-07T15:29:02.156+0000] {logging_mixin.py:188} INFO - [2025-12-07T15:29:02.155+0000] {dagbag.py:538} INFO - Filling up the DagBag from /home/airflow/.local/lib/python3.8/site-packages/airflow/example_dags/example_trigger_target_dag.py
[2025-12-07T15:29:02.163+0000] {processor.py:840} INFO - DAG(s) 'example_trigger_target_dag' retrieved from /home/airflow/.local/lib/python3.8/site-packages/airflow/example_dags/example_trigger_target_dag.py
[2025-12-07T15:29:02.194+0000] {logging_mixin.py:188} INFO - [2025-12-07T15:29:02.193+0000] {dag.py:3036} INFO - Sync 1 DAGs
[2025-12-07T15:29:02.211+0000] {logging_mixin.py:188} INFO - [2025-12-07T15:29:02.210+0000] {dag.py:3823} INFO - Setting next_dagrun for example_trigger_target_dag to None, run_after=None
[2025-12-07T15:29:02.242+0000] {processor.py:183} INFO - Processing /home/airflow/.local/lib/python3.8/site-packages/airflow/example_dags/example_trigger_target_dag.py took 0.097 seconds
[2025-12-07T15:29:32.618+0000] {processor.py:161} INFO - Started process (PID=2854) to work on /home/airflow/.local/lib/python3.8/site-packages/airflow/example_dags/example_trigger_target_dag.py
[2025-12-07T15:29:32.620+0000] {processor.py:830} INFO - Processing file /home/airflow/.local/lib/python3.8/site-packages/airflow/example_dags/example_trigger_target_dag.py for tasks to queue
[2025-12-07T15:29:32.623+0000] {logging_mixin.py:188} INFO - [2025-12-07T15:29:32.622+0000] {dagbag.py:538} INFO - Filling up the DagBag from /home/airflow/.local/lib/python3.8/site-packages/airflow/example_dags/example_trigger_target_dag.py
[2025-12-07T15:29:32.631+0000] {processor.py:840} INFO - DAG(s) 'example_trigger_target_dag' retrieved from /home/airflow/.local/lib/python3.8/site-packages/airflow/example_dags/example_trigger_target_dag.py
[2025-12-07T15:29:32.661+0000] {logging_mixin.py:188} INFO - [2025-12-07T15:29:32.661+0000] {dag.py:3036} INFO - Sync 1 DAGs
[2025-12-07T15:29:32.677+0000] {logging_mixin.py:188} INFO - [2025-12-07T15:29:32.676+0000] {dag.py:3823} INFO - Setting next_dagrun for example_trigger_target_dag to None, run_after=None
[2025-12-07T15:29:32.713+0000] {processor.py:183} INFO - Processing /home/airflow/.local/lib/python3.8/site-packages/airflow/example_dags/example_trigger_target_dag.py took 0.099 seconds
[2025-12-07T15:30:03.058+0000] {processor.py:161} INFO - Started process (PID=2913) to work on /home/airflow/.local/lib/python3.8/site-packages/airflow/example_dags/example_trigger_target_dag.py
[2025-12-07T15:30:03.059+0000] {processor.py:830} INFO - Processing file /home/airflow/.local/lib/python3.8/site-packages/airflow/example_dags/example_trigger_target_dag.py for tasks to queue
[2025-12-07T15:30:03.062+0000] {logging_mixin.py:188} INFO - [2025-12-07T15:30:03.062+0000] {dagbag.py:538} INFO - Filling up the DagBag from /home/airflow/.local/lib/python3.8/site-packages/airflow/example_dags/example_trigger_target_dag.py
[2025-12-07T15:30:03.070+0000] {processor.py:840} INFO - DAG(s) 'example_trigger_target_dag' retrieved from /home/airflow/.local/lib/python3.8/site-packages/airflow/example_dags/example_trigger_target_dag.py
[2025-12-07T15:30:03.098+0000] {logging_mixin.py:188} INFO - [2025-12-07T15:30:03.098+0000] {dag.py:3036} INFO - Sync 1 DAGs
[2025-12-07T15:30:03.114+0000] {logging_mixin.py:188} INFO - [2025-12-07T15:30:03.114+0000] {dag.py:3823} INFO - Setting next_dagrun for example_trigger_target_dag to None, run_after=None
[2025-12-07T15:30:03.144+0000] {processor.py:183} INFO - Processing /home/airflow/.local/lib/python3.8/site-packages/airflow/example_dags/example_trigger_target_dag.py took 0.091 seconds
[2025-12-07T15:30:33.354+0000] {processor.py:161} INFO - Started process (PID=2973) to work on /home/airflow/.local/lib/python3.8/site-packages/airflow/example_dags/example_trigger_target_dag.py
[2025-12-07T15:30:33.356+0000] {processor.py:830} INFO - Processing file /home/airflow/.local/lib/python3.8/site-packages/airflow/example_dags/example_trigger_target_dag.py for tasks to queue
[2025-12-07T15:30:33.359+0000] {logging_mixin.py:188} INFO - [2025-12-07T15:30:33.358+0000] {dagbag.py:538} INFO - Filling up the DagBag from /home/airflow/.local/lib/python3.8/site-packages/airflow/example_dags/example_trigger_target_dag.py
[2025-12-07T15:30:33.366+0000] {processor.py:840} INFO - DAG(s) 'example_trigger_target_dag' retrieved from /home/airflow/.local/lib/python3.8/site-packages/airflow/example_dags/example_trigger_target_dag.py
[2025-12-07T15:30:33.393+0000] {logging_mixin.py:188} INFO - [2025-12-07T15:30:33.393+0000] {dag.py:3036} INFO - Sync 1 DAGs
[2025-12-07T15:30:33.570+0000] {logging_mixin.py:188} INFO - [2025-12-07T15:30:33.570+0000] {dag.py:3823} INFO - Setting next_dagrun for example_trigger_target_dag to None, run_after=None
[2025-12-07T15:30:33.598+0000] {processor.py:183} INFO - Processing /home/airflow/.local/lib/python3.8/site-packages/airflow/example_dags/example_trigger_target_dag.py took 0.248 seconds
[2025-12-07T15:31:03.860+0000] {processor.py:161} INFO - Started process (PID=3032) to work on /home/airflow/.local/lib/python3.8/site-packages/airflow/example_dags/example_trigger_target_dag.py
[2025-12-07T15:31:03.864+0000] {processor.py:830} INFO - Processing file /home/airflow/.local/lib/python3.8/site-packages/airflow/example_dags/example_trigger_target_dag.py for tasks to queue
[2025-12-07T15:31:03.867+0000] {logging_mixin.py:188} INFO - [2025-12-07T15:31:03.867+0000] {dagbag.py:538} INFO - Filling up the DagBag from /home/airflow/.local/lib/python3.8/site-packages/airflow/example_dags/example_trigger_target_dag.py
[2025-12-07T15:31:03.876+0000] {processor.py:840} INFO - DAG(s) 'example_trigger_target_dag' retrieved from /home/airflow/.local/lib/python3.8/site-packages/airflow/example_dags/example_trigger_target_dag.py
[2025-12-07T15:31:03.907+0000] {logging_mixin.py:188} INFO - [2025-12-07T15:31:03.906+0000] {dag.py:3036} INFO - Sync 1 DAGs
[2025-12-07T15:31:04.071+0000] {logging_mixin.py:188} INFO - [2025-12-07T15:31:04.070+0000] {dag.py:3823} INFO - Setting next_dagrun for example_trigger_target_dag to None, run_after=None
[2025-12-07T15:31:04.097+0000] {processor.py:183} INFO - Processing /home/airflow/.local/lib/python3.8/site-packages/airflow/example_dags/example_trigger_target_dag.py took 0.242 seconds
[2025-12-07T15:31:34.669+0000] {processor.py:161} INFO - Started process (PID=3091) to work on /home/airflow/.local/lib/python3.8/site-packages/airflow/example_dags/example_trigger_target_dag.py
[2025-12-07T15:31:34.670+0000] {processor.py:830} INFO - Processing file /home/airflow/.local/lib/python3.8/site-packages/airflow/example_dags/example_trigger_target_dag.py for tasks to queue
[2025-12-07T15:31:34.674+0000] {logging_mixin.py:188} INFO - [2025-12-07T15:31:34.673+0000] {dagbag.py:538} INFO - Filling up the DagBag from /home/airflow/.local/lib/python3.8/site-packages/airflow/example_dags/example_trigger_target_dag.py
[2025-12-07T15:31:34.682+0000] {processor.py:840} INFO - DAG(s) 'example_trigger_target_dag' retrieved from /home/airflow/.local/lib/python3.8/site-packages/airflow/example_dags/example_trigger_target_dag.py
[2025-12-07T15:31:34.710+0000] {logging_mixin.py:188} INFO - [2025-12-07T15:31:34.709+0000] {dag.py:3036} INFO - Sync 1 DAGs
[2025-12-07T15:31:34.724+0000] {logging_mixin.py:188} INFO - [2025-12-07T15:31:34.723+0000] {dag.py:3823} INFO - Setting next_dagrun for example_trigger_target_dag to None, run_after=None
[2025-12-07T15:31:34.753+0000] {processor.py:183} INFO - Processing /home/airflow/.local/lib/python3.8/site-packages/airflow/example_dags/example_trigger_target_dag.py took 0.089 seconds
[2025-12-07T15:32:04.869+0000] {processor.py:161} INFO - Started process (PID=3150) to work on /home/airflow/.local/lib/python3.8/site-packages/airflow/example_dags/example_trigger_target_dag.py
[2025-12-07T15:32:04.871+0000] {processor.py:830} INFO - Processing file /home/airflow/.local/lib/python3.8/site-packages/airflow/example_dags/example_trigger_target_dag.py for tasks to queue
[2025-12-07T15:32:04.873+0000] {logging_mixin.py:188} INFO - [2025-12-07T15:32:04.873+0000] {dagbag.py:538} INFO - Filling up the DagBag from /home/airflow/.local/lib/python3.8/site-packages/airflow/example_dags/example_trigger_target_dag.py
[2025-12-07T15:32:04.880+0000] {processor.py:840} INFO - DAG(s) 'example_trigger_target_dag' retrieved from /home/airflow/.local/lib/python3.8/site-packages/airflow/example_dags/example_trigger_target_dag.py
[2025-12-07T15:32:04.905+0000] {logging_mixin.py:188} INFO - [2025-12-07T15:32:04.905+0000] {dag.py:3036} INFO - Sync 1 DAGs
[2025-12-07T15:32:04.919+0000] {logging_mixin.py:188} INFO - [2025-12-07T15:32:04.919+0000] {dag.py:3823} INFO - Setting next_dagrun for example_trigger_target_dag to None, run_after=None
[2025-12-07T15:32:04.946+0000] {processor.py:183} INFO - Processing /home/airflow/.local/lib/python3.8/site-packages/airflow/example_dags/example_trigger_target_dag.py took 0.082 seconds
[2025-12-07T15:32:35.229+0000] {processor.py:161} INFO - Started process (PID=3209) to work on /home/airflow/.local/lib/python3.8/site-packages/airflow/example_dags/example_trigger_target_dag.py
[2025-12-07T15:32:35.230+0000] {processor.py:830} INFO - Processing file /home/airflow/.local/lib/python3.8/site-packages/airflow/example_dags/example_trigger_target_dag.py for tasks to queue
[2025-12-07T15:32:35.233+0000] {logging_mixin.py:188} INFO - [2025-12-07T15:32:35.233+0000] {dagbag.py:538} INFO - Filling up the DagBag from /home/airflow/.local/lib/python3.8/site-packages/airflow/example_dags/example_trigger_target_dag.py
[2025-12-07T15:32:35.240+0000] {processor.py:840} INFO - DAG(s) 'example_trigger_target_dag' retrieved from /home/airflow/.local/lib/python3.8/site-packages/airflow/example_dags/example_trigger_target_dag.py
[2025-12-07T15:32:35.268+0000] {logging_mixin.py:188} INFO - [2025-12-07T15:32:35.267+0000] {dag.py:3036} INFO - Sync 1 DAGs
[2025-12-07T15:32:35.282+0000] {logging_mixin.py:188} INFO - [2025-12-07T15:32:35.282+0000] {dag.py:3823} INFO - Setting next_dagrun for example_trigger_target_dag to None, run_after=None
[2025-12-07T15:32:35.321+0000] {processor.py:183} INFO - Processing /home/airflow/.local/lib/python3.8/site-packages/airflow/example_dags/example_trigger_target_dag.py took 0.097 seconds
[2025-12-07T15:33:06.130+0000] {processor.py:161} INFO - Started process (PID=3268) to work on /home/airflow/.local/lib/python3.8/site-packages/airflow/example_dags/example_trigger_target_dag.py
[2025-12-07T15:33:06.132+0000] {processor.py:830} INFO - Processing file /home/airflow/.local/lib/python3.8/site-packages/airflow/example_dags/example_trigger_target_dag.py for tasks to queue
[2025-12-07T15:33:06.136+0000] {logging_mixin.py:188} INFO - [2025-12-07T15:33:06.135+0000] {dagbag.py:538} INFO - Filling up the DagBag from /home/airflow/.local/lib/python3.8/site-packages/airflow/example_dags/example_trigger_target_dag.py
[2025-12-07T15:33:06.144+0000] {processor.py:840} INFO - DAG(s) 'example_trigger_target_dag' retrieved from /home/airflow/.local/lib/python3.8/site-packages/airflow/example_dags/example_trigger_target_dag.py
[2025-12-07T15:33:06.176+0000] {logging_mixin.py:188} INFO - [2025-12-07T15:33:06.176+0000] {dag.py:3036} INFO - Sync 1 DAGs
[2025-12-07T15:33:06.193+0000] {logging_mixin.py:188} INFO - [2025-12-07T15:33:06.192+0000] {dag.py:3823} INFO - Setting next_dagrun for example_trigger_target_dag to None, run_after=None
[2025-12-07T15:33:06.226+0000] {processor.py:183} INFO - Processing /home/airflow/.local/lib/python3.8/site-packages/airflow/example_dags/example_trigger_target_dag.py took 0.102 seconds
[2025-12-07T15:33:36.952+0000] {processor.py:161} INFO - Started process (PID=3327) to work on /home/airflow/.local/lib/python3.8/site-packages/airflow/example_dags/example_trigger_target_dag.py
[2025-12-07T15:33:36.954+0000] {processor.py:830} INFO - Processing file /home/airflow/.local/lib/python3.8/site-packages/airflow/example_dags/example_trigger_target_dag.py for tasks to queue
[2025-12-07T15:33:36.957+0000] {logging_mixin.py:188} INFO - [2025-12-07T15:33:36.956+0000] {dagbag.py:538} INFO - Filling up the DagBag from /home/airflow/.local/lib/python3.8/site-packages/airflow/example_dags/example_trigger_target_dag.py
[2025-12-07T15:33:36.968+0000] {processor.py:840} INFO - DAG(s) 'example_trigger_target_dag' retrieved from /home/airflow/.local/lib/python3.8/site-packages/airflow/example_dags/example_trigger_target_dag.py
[2025-12-07T15:33:37.010+0000] {logging_mixin.py:188} INFO - [2025-12-07T15:33:37.010+0000] {dag.py:3036} INFO - Sync 1 DAGs
[2025-12-07T15:33:37.032+0000] {logging_mixin.py:188} INFO - [2025-12-07T15:33:37.031+0000] {dag.py:3823} INFO - Setting next_dagrun for example_trigger_target_dag to None, run_after=None
[2025-12-07T15:33:37.072+0000] {processor.py:183} INFO - Processing /home/airflow/.local/lib/python3.8/site-packages/airflow/example_dags/example_trigger_target_dag.py took 0.125 seconds
[2025-12-07T15:34:07.862+0000] {processor.py:161} INFO - Started process (PID=3386) to work on /home/airflow/.local/lib/python3.8/site-packages/airflow/example_dags/example_trigger_target_dag.py
[2025-12-07T15:34:07.864+0000] {processor.py:830} INFO - Processing file /home/airflow/.local/lib/python3.8/site-packages/airflow/example_dags/example_trigger_target_dag.py for tasks to queue
[2025-12-07T15:34:07.867+0000] {logging_mixin.py:188} INFO - [2025-12-07T15:34:07.866+0000] {dagbag.py:538} INFO - Filling up the DagBag from /home/airflow/.local/lib/python3.8/site-packages/airflow/example_dags/example_trigger_target_dag.py
[2025-12-07T15:34:07.877+0000] {processor.py:840} INFO - DAG(s) 'example_trigger_target_dag' retrieved from /home/airflow/.local/lib/python3.8/site-packages/airflow/example_dags/example_trigger_target_dag.py
[2025-12-07T15:34:07.913+0000] {logging_mixin.py:188} INFO - [2025-12-07T15:34:07.913+0000] {dag.py:3036} INFO - Sync 1 DAGs
[2025-12-07T15:34:07.932+0000] {logging_mixin.py:188} INFO - [2025-12-07T15:34:07.931+0000] {dag.py:3823} INFO - Setting next_dagrun for example_trigger_target_dag to None, run_after=None
[2025-12-07T15:34:07.973+0000] {processor.py:183} INFO - Processing /home/airflow/.local/lib/python3.8/site-packages/airflow/example_dags/example_trigger_target_dag.py took 0.115 seconds
[2025-12-07T15:34:38.520+0000] {processor.py:161} INFO - Started process (PID=3445) to work on /home/airflow/.local/lib/python3.8/site-packages/airflow/example_dags/example_trigger_target_dag.py
[2025-12-07T15:34:38.522+0000] {processor.py:830} INFO - Processing file /home/airflow/.local/lib/python3.8/site-packages/airflow/example_dags/example_trigger_target_dag.py for tasks to queue
[2025-12-07T15:34:38.525+0000] {logging_mixin.py:188} INFO - [2025-12-07T15:34:38.524+0000] {dagbag.py:538} INFO - Filling up the DagBag from /home/airflow/.local/lib/python3.8/site-packages/airflow/example_dags/example_trigger_target_dag.py
[2025-12-07T15:34:38.534+0000] {processor.py:840} INFO - DAG(s) 'example_trigger_target_dag' retrieved from /home/airflow/.local/lib/python3.8/site-packages/airflow/example_dags/example_trigger_target_dag.py
[2025-12-07T15:34:38.567+0000] {logging_mixin.py:188} INFO - [2025-12-07T15:34:38.567+0000] {dag.py:3036} INFO - Sync 1 DAGs
[2025-12-07T15:34:38.585+0000] {logging_mixin.py:188} INFO - [2025-12-07T15:34:38.585+0000] {dag.py:3823} INFO - Setting next_dagrun for example_trigger_target_dag to None, run_after=None
[2025-12-07T15:34:38.624+0000] {processor.py:183} INFO - Processing /home/airflow/.local/lib/python3.8/site-packages/airflow/example_dags/example_trigger_target_dag.py took 0.109 seconds
[2025-12-07T15:35:08.726+0000] {processor.py:161} INFO - Started process (PID=3504) to work on /home/airflow/.local/lib/python3.8/site-packages/airflow/example_dags/example_trigger_target_dag.py
[2025-12-07T15:35:08.727+0000] {processor.py:830} INFO - Processing file /home/airflow/.local/lib/python3.8/site-packages/airflow/example_dags/example_trigger_target_dag.py for tasks to queue
[2025-12-07T15:35:08.731+0000] {logging_mixin.py:188} INFO - [2025-12-07T15:35:08.730+0000] {dagbag.py:538} INFO - Filling up the DagBag from /home/airflow/.local/lib/python3.8/site-packages/airflow/example_dags/example_trigger_target_dag.py
[2025-12-07T15:35:08.741+0000] {processor.py:840} INFO - DAG(s) 'example_trigger_target_dag' retrieved from /home/airflow/.local/lib/python3.8/site-packages/airflow/example_dags/example_trigger_target_dag.py
[2025-12-07T15:35:08.779+0000] {logging_mixin.py:188} INFO - [2025-12-07T15:35:08.778+0000] {dag.py:3036} INFO - Sync 1 DAGs
[2025-12-07T15:35:08.797+0000] {logging_mixin.py:188} INFO - [2025-12-07T15:35:08.797+0000] {dag.py:3823} INFO - Setting next_dagrun for example_trigger_target_dag to None, run_after=None
[2025-12-07T15:35:08.831+0000] {processor.py:183} INFO - Processing /home/airflow/.local/lib/python3.8/site-packages/airflow/example_dags/example_trigger_target_dag.py took 0.110 seconds
[2025-12-07T15:35:39.445+0000] {processor.py:161} INFO - Started process (PID=3563) to work on /home/airflow/.local/lib/python3.8/site-packages/airflow/example_dags/example_trigger_target_dag.py
[2025-12-07T15:35:39.447+0000] {processor.py:830} INFO - Processing file /home/airflow/.local/lib/python3.8/site-packages/airflow/example_dags/example_trigger_target_dag.py for tasks to queue
[2025-12-07T15:35:39.449+0000] {logging_mixin.py:188} INFO - [2025-12-07T15:35:39.449+0000] {dagbag.py:538} INFO - Filling up the DagBag from /home/airflow/.local/lib/python3.8/site-packages/airflow/example_dags/example_trigger_target_dag.py
[2025-12-07T15:35:39.458+0000] {processor.py:840} INFO - DAG(s) 'example_trigger_target_dag' retrieved from /home/airflow/.local/lib/python3.8/site-packages/airflow/example_dags/example_trigger_target_dag.py
[2025-12-07T15:35:39.483+0000] {logging_mixin.py:188} INFO - [2025-12-07T15:35:39.482+0000] {dag.py:3036} INFO - Sync 1 DAGs
[2025-12-07T15:35:39.496+0000] {logging_mixin.py:188} INFO - [2025-12-07T15:35:39.496+0000] {dag.py:3823} INFO - Setting next_dagrun for example_trigger_target_dag to None, run_after=None
[2025-12-07T15:35:39.521+0000] {processor.py:183} INFO - Processing /home/airflow/.local/lib/python3.8/site-packages/airflow/example_dags/example_trigger_target_dag.py took 0.081 seconds
[2025-12-07T15:36:09.754+0000] {processor.py:161} INFO - Started process (PID=3622) to work on /home/airflow/.local/lib/python3.8/site-packages/airflow/example_dags/example_trigger_target_dag.py
[2025-12-07T15:36:09.756+0000] {processor.py:830} INFO - Processing file /home/airflow/.local/lib/python3.8/site-packages/airflow/example_dags/example_trigger_target_dag.py for tasks to queue
[2025-12-07T15:36:09.762+0000] {logging_mixin.py:188} INFO - [2025-12-07T15:36:09.761+0000] {dagbag.py:538} INFO - Filling up the DagBag from /home/airflow/.local/lib/python3.8/site-packages/airflow/example_dags/example_trigger_target_dag.py
[2025-12-07T15:36:09.770+0000] {processor.py:840} INFO - DAG(s) 'example_trigger_target_dag' retrieved from /home/airflow/.local/lib/python3.8/site-packages/airflow/example_dags/example_trigger_target_dag.py
[2025-12-07T15:36:09.803+0000] {logging_mixin.py:188} INFO - [2025-12-07T15:36:09.802+0000] {dag.py:3036} INFO - Sync 1 DAGs
[2025-12-07T15:36:09.821+0000] {logging_mixin.py:188} INFO - [2025-12-07T15:36:09.820+0000] {dag.py:3823} INFO - Setting next_dagrun for example_trigger_target_dag to None, run_after=None
[2025-12-07T15:36:09.857+0000] {processor.py:183} INFO - Processing /home/airflow/.local/lib/python3.8/site-packages/airflow/example_dags/example_trigger_target_dag.py took 0.108 seconds
[2025-12-07T15:36:40.226+0000] {processor.py:161} INFO - Started process (PID=3681) to work on /home/airflow/.local/lib/python3.8/site-packages/airflow/example_dags/example_trigger_target_dag.py
[2025-12-07T15:36:40.227+0000] {processor.py:830} INFO - Processing file /home/airflow/.local/lib/python3.8/site-packages/airflow/example_dags/example_trigger_target_dag.py for tasks to queue
[2025-12-07T15:36:40.230+0000] {logging_mixin.py:188} INFO - [2025-12-07T15:36:40.230+0000] {dagbag.py:538} INFO - Filling up the DagBag from /home/airflow/.local/lib/python3.8/site-packages/airflow/example_dags/example_trigger_target_dag.py
[2025-12-07T15:36:40.238+0000] {processor.py:840} INFO - DAG(s) 'example_trigger_target_dag' retrieved from /home/airflow/.local/lib/python3.8/site-packages/airflow/example_dags/example_trigger_target_dag.py
[2025-12-07T15:36:40.273+0000] {logging_mixin.py:188} INFO - [2025-12-07T15:36:40.272+0000] {dag.py:3036} INFO - Sync 1 DAGs
[2025-12-07T15:36:40.299+0000] {logging_mixin.py:188} INFO - [2025-12-07T15:36:40.298+0000] {dag.py:3823} INFO - Setting next_dagrun for example_trigger_target_dag to None, run_after=None
[2025-12-07T15:36:40.332+0000] {processor.py:183} INFO - Processing /home/airflow/.local/lib/python3.8/site-packages/airflow/example_dags/example_trigger_target_dag.py took 0.111 seconds
[2025-12-07T15:37:10.489+0000] {processor.py:161} INFO - Started process (PID=3740) to work on /home/airflow/.local/lib/python3.8/site-packages/airflow/example_dags/example_trigger_target_dag.py
[2025-12-07T15:37:10.491+0000] {processor.py:830} INFO - Processing file /home/airflow/.local/lib/python3.8/site-packages/airflow/example_dags/example_trigger_target_dag.py for tasks to queue
[2025-12-07T15:37:10.497+0000] {logging_mixin.py:188} INFO - [2025-12-07T15:37:10.497+0000] {dagbag.py:538} INFO - Filling up the DagBag from /home/airflow/.local/lib/python3.8/site-packages/airflow/example_dags/example_trigger_target_dag.py
[2025-12-07T15:37:10.506+0000] {processor.py:840} INFO - DAG(s) 'example_trigger_target_dag' retrieved from /home/airflow/.local/lib/python3.8/site-packages/airflow/example_dags/example_trigger_target_dag.py
[2025-12-07T15:37:10.540+0000] {logging_mixin.py:188} INFO - [2025-12-07T15:37:10.540+0000] {dag.py:3036} INFO - Sync 1 DAGs
[2025-12-07T15:37:10.557+0000] {logging_mixin.py:188} INFO - [2025-12-07T15:37:10.557+0000] {dag.py:3823} INFO - Setting next_dagrun for example_trigger_target_dag to None, run_after=None
[2025-12-07T15:37:10.587+0000] {processor.py:183} INFO - Processing /home/airflow/.local/lib/python3.8/site-packages/airflow/example_dags/example_trigger_target_dag.py took 0.102 seconds
[2025-12-07T15:37:40.840+0000] {processor.py:161} INFO - Started process (PID=3799) to work on /home/airflow/.local/lib/python3.8/site-packages/airflow/example_dags/example_trigger_target_dag.py
[2025-12-07T15:37:40.842+0000] {processor.py:830} INFO - Processing file /home/airflow/.local/lib/python3.8/site-packages/airflow/example_dags/example_trigger_target_dag.py for tasks to queue
[2025-12-07T15:37:40.846+0000] {logging_mixin.py:188} INFO - [2025-12-07T15:37:40.845+0000] {dagbag.py:538} INFO - Filling up the DagBag from /home/airflow/.local/lib/python3.8/site-packages/airflow/example_dags/example_trigger_target_dag.py
[2025-12-07T15:37:40.853+0000] {processor.py:840} INFO - DAG(s) 'example_trigger_target_dag' retrieved from /home/airflow/.local/lib/python3.8/site-packages/airflow/example_dags/example_trigger_target_dag.py
[2025-12-07T15:37:40.883+0000] {logging_mixin.py:188} INFO - [2025-12-07T15:37:40.882+0000] {dag.py:3036} INFO - Sync 1 DAGs
[2025-12-07T15:37:40.897+0000] {logging_mixin.py:188} INFO - [2025-12-07T15:37:40.897+0000] {dag.py:3823} INFO - Setting next_dagrun for example_trigger_target_dag to None, run_after=None
[2025-12-07T15:37:40.926+0000] {processor.py:183} INFO - Processing /home/airflow/.local/lib/python3.8/site-packages/airflow/example_dags/example_trigger_target_dag.py took 0.090 seconds
[2025-12-07T15:38:11.095+0000] {processor.py:161} INFO - Started process (PID=3858) to work on /home/airflow/.local/lib/python3.8/site-packages/airflow/example_dags/example_trigger_target_dag.py
[2025-12-07T15:38:11.097+0000] {processor.py:830} INFO - Processing file /home/airflow/.local/lib/python3.8/site-packages/airflow/example_dags/example_trigger_target_dag.py for tasks to queue
[2025-12-07T15:38:11.099+0000] {logging_mixin.py:188} INFO - [2025-12-07T15:38:11.099+0000] {dagbag.py:538} INFO - Filling up the DagBag from /home/airflow/.local/lib/python3.8/site-packages/airflow/example_dags/example_trigger_target_dag.py
[2025-12-07T15:38:11.106+0000] {processor.py:840} INFO - DAG(s) 'example_trigger_target_dag' retrieved from /home/airflow/.local/lib/python3.8/site-packages/airflow/example_dags/example_trigger_target_dag.py
[2025-12-07T15:38:11.133+0000] {logging_mixin.py:188} INFO - [2025-12-07T15:38:11.133+0000] {dag.py:3036} INFO - Sync 1 DAGs
[2025-12-07T15:38:11.150+0000] {logging_mixin.py:188} INFO - [2025-12-07T15:38:11.150+0000] {dag.py:3823} INFO - Setting next_dagrun for example_trigger_target_dag to None, run_after=None
[2025-12-07T15:38:11.179+0000] {processor.py:183} INFO - Processing /home/airflow/.local/lib/python3.8/site-packages/airflow/example_dags/example_trigger_target_dag.py took 0.088 seconds
[2025-12-07T15:38:41.577+0000] {processor.py:161} INFO - Started process (PID=3917) to work on /home/airflow/.local/lib/python3.8/site-packages/airflow/example_dags/example_trigger_target_dag.py
[2025-12-07T15:38:41.580+0000] {processor.py:830} INFO - Processing file /home/airflow/.local/lib/python3.8/site-packages/airflow/example_dags/example_trigger_target_dag.py for tasks to queue
[2025-12-07T15:38:41.583+0000] {logging_mixin.py:188} INFO - [2025-12-07T15:38:41.583+0000] {dagbag.py:538} INFO - Filling up the DagBag from /home/airflow/.local/lib/python3.8/site-packages/airflow/example_dags/example_trigger_target_dag.py
[2025-12-07T15:38:41.592+0000] {processor.py:840} INFO - DAG(s) 'example_trigger_target_dag' retrieved from /home/airflow/.local/lib/python3.8/site-packages/airflow/example_dags/example_trigger_target_dag.py
[2025-12-07T15:38:41.628+0000] {logging_mixin.py:188} INFO - [2025-12-07T15:38:41.628+0000] {dag.py:3036} INFO - Sync 1 DAGs
[2025-12-07T15:38:41.647+0000] {logging_mixin.py:188} INFO - [2025-12-07T15:38:41.647+0000] {dag.py:3823} INFO - Setting next_dagrun for example_trigger_target_dag to None, run_after=None
[2025-12-07T15:38:41.680+0000] {processor.py:183} INFO - Processing /home/airflow/.local/lib/python3.8/site-packages/airflow/example_dags/example_trigger_target_dag.py took 0.108 seconds
[2025-12-07T15:39:11.782+0000] {processor.py:161} INFO - Started process (PID=3976) to work on /home/airflow/.local/lib/python3.8/site-packages/airflow/example_dags/example_trigger_target_dag.py
[2025-12-07T15:39:11.784+0000] {processor.py:830} INFO - Processing file /home/airflow/.local/lib/python3.8/site-packages/airflow/example_dags/example_trigger_target_dag.py for tasks to queue
[2025-12-07T15:39:11.787+0000] {logging_mixin.py:188} INFO - [2025-12-07T15:39:11.786+0000] {dagbag.py:538} INFO - Filling up the DagBag from /home/airflow/.local/lib/python3.8/site-packages/airflow/example_dags/example_trigger_target_dag.py
[2025-12-07T15:39:11.798+0000] {processor.py:840} INFO - DAG(s) 'example_trigger_target_dag' retrieved from /home/airflow/.local/lib/python3.8/site-packages/airflow/example_dags/example_trigger_target_dag.py
[2025-12-07T15:39:11.832+0000] {logging_mixin.py:188} INFO - [2025-12-07T15:39:11.831+0000] {dag.py:3036} INFO - Sync 1 DAGs
[2025-12-07T15:39:11.851+0000] {logging_mixin.py:188} INFO - [2025-12-07T15:39:11.850+0000] {dag.py:3823} INFO - Setting next_dagrun for example_trigger_target_dag to None, run_after=None
[2025-12-07T15:39:11.890+0000] {processor.py:183} INFO - Processing /home/airflow/.local/lib/python3.8/site-packages/airflow/example_dags/example_trigger_target_dag.py took 0.112 seconds
[2025-12-07T15:39:42.000+0000] {processor.py:161} INFO - Started process (PID=4035) to work on /home/airflow/.local/lib/python3.8/site-packages/airflow/example_dags/example_trigger_target_dag.py
[2025-12-07T15:39:42.002+0000] {processor.py:830} INFO - Processing file /home/airflow/.local/lib/python3.8/site-packages/airflow/example_dags/example_trigger_target_dag.py for tasks to queue
[2025-12-07T15:39:42.005+0000] {logging_mixin.py:188} INFO - [2025-12-07T15:39:42.004+0000] {dagbag.py:538} INFO - Filling up the DagBag from /home/airflow/.local/lib/python3.8/site-packages/airflow/example_dags/example_trigger_target_dag.py
[2025-12-07T15:39:42.014+0000] {processor.py:840} INFO - DAG(s) 'example_trigger_target_dag' retrieved from /home/airflow/.local/lib/python3.8/site-packages/airflow/example_dags/example_trigger_target_dag.py
[2025-12-07T15:39:42.047+0000] {logging_mixin.py:188} INFO - [2025-12-07T15:39:42.046+0000] {dag.py:3036} INFO - Sync 1 DAGs
[2025-12-07T15:39:42.069+0000] {logging_mixin.py:188} INFO - [2025-12-07T15:39:42.069+0000] {dag.py:3823} INFO - Setting next_dagrun for example_trigger_target_dag to None, run_after=None
[2025-12-07T15:39:42.104+0000] {processor.py:183} INFO - Processing /home/airflow/.local/lib/python3.8/site-packages/airflow/example_dags/example_trigger_target_dag.py took 0.108 seconds
[2025-12-07T15:40:12.370+0000] {processor.py:161} INFO - Started process (PID=4094) to work on /home/airflow/.local/lib/python3.8/site-packages/airflow/example_dags/example_trigger_target_dag.py
[2025-12-07T15:40:12.372+0000] {processor.py:830} INFO - Processing file /home/airflow/.local/lib/python3.8/site-packages/airflow/example_dags/example_trigger_target_dag.py for tasks to queue
[2025-12-07T15:40:12.374+0000] {logging_mixin.py:188} INFO - [2025-12-07T15:40:12.374+0000] {dagbag.py:538} INFO - Filling up the DagBag from /home/airflow/.local/lib/python3.8/site-packages/airflow/example_dags/example_trigger_target_dag.py
[2025-12-07T15:40:12.382+0000] {processor.py:840} INFO - DAG(s) 'example_trigger_target_dag' retrieved from /home/airflow/.local/lib/python3.8/site-packages/airflow/example_dags/example_trigger_target_dag.py
[2025-12-07T15:40:12.412+0000] {logging_mixin.py:188} INFO - [2025-12-07T15:40:12.411+0000] {dag.py:3036} INFO - Sync 1 DAGs
[2025-12-07T15:40:12.431+0000] {logging_mixin.py:188} INFO - [2025-12-07T15:40:12.431+0000] {dag.py:3823} INFO - Setting next_dagrun for example_trigger_target_dag to None, run_after=None
[2025-12-07T15:40:12.464+0000] {processor.py:183} INFO - Processing /home/airflow/.local/lib/python3.8/site-packages/airflow/example_dags/example_trigger_target_dag.py took 0.099 seconds
[2025-12-07T15:40:42.993+0000] {processor.py:161} INFO - Started process (PID=4155) to work on /home/airflow/.local/lib/python3.8/site-packages/airflow/example_dags/example_trigger_target_dag.py
[2025-12-07T15:40:42.995+0000] {processor.py:830} INFO - Processing file /home/airflow/.local/lib/python3.8/site-packages/airflow/example_dags/example_trigger_target_dag.py for tasks to queue
[2025-12-07T15:40:42.998+0000] {logging_mixin.py:188} INFO - [2025-12-07T15:40:42.997+0000] {dagbag.py:538} INFO - Filling up the DagBag from /home/airflow/.local/lib/python3.8/site-packages/airflow/example_dags/example_trigger_target_dag.py
[2025-12-07T15:40:43.007+0000] {processor.py:840} INFO - DAG(s) 'example_trigger_target_dag' retrieved from /home/airflow/.local/lib/python3.8/site-packages/airflow/example_dags/example_trigger_target_dag.py
[2025-12-07T15:40:43.037+0000] {logging_mixin.py:188} INFO - [2025-12-07T15:40:43.037+0000] {dag.py:3036} INFO - Sync 1 DAGs
[2025-12-07T15:40:43.057+0000] {logging_mixin.py:188} INFO - [2025-12-07T15:40:43.056+0000] {dag.py:3823} INFO - Setting next_dagrun for example_trigger_target_dag to None, run_after=None
[2025-12-07T15:40:43.090+0000] {processor.py:183} INFO - Processing /home/airflow/.local/lib/python3.8/site-packages/airflow/example_dags/example_trigger_target_dag.py took 0.102 seconds
[2025-12-07T15:41:13.481+0000] {processor.py:161} INFO - Started process (PID=4215) to work on /home/airflow/.local/lib/python3.8/site-packages/airflow/example_dags/example_trigger_target_dag.py
[2025-12-07T15:41:13.482+0000] {processor.py:830} INFO - Processing file /home/airflow/.local/lib/python3.8/site-packages/airflow/example_dags/example_trigger_target_dag.py for tasks to queue
[2025-12-07T15:41:13.485+0000] {logging_mixin.py:188} INFO - [2025-12-07T15:41:13.484+0000] {dagbag.py:538} INFO - Filling up the DagBag from /home/airflow/.local/lib/python3.8/site-packages/airflow/example_dags/example_trigger_target_dag.py
[2025-12-07T15:41:13.493+0000] {processor.py:840} INFO - DAG(s) 'example_trigger_target_dag' retrieved from /home/airflow/.local/lib/python3.8/site-packages/airflow/example_dags/example_trigger_target_dag.py
[2025-12-07T15:41:13.524+0000] {logging_mixin.py:188} INFO - [2025-12-07T15:41:13.524+0000] {dag.py:3036} INFO - Sync 1 DAGs
[2025-12-07T15:41:13.541+0000] {logging_mixin.py:188} INFO - [2025-12-07T15:41:13.540+0000] {dag.py:3823} INFO - Setting next_dagrun for example_trigger_target_dag to None, run_after=None
[2025-12-07T15:41:13.573+0000] {processor.py:183} INFO - Processing /home/airflow/.local/lib/python3.8/site-packages/airflow/example_dags/example_trigger_target_dag.py took 0.097 seconds
[2025-12-07T15:41:43.886+0000] {processor.py:161} INFO - Started process (PID=4276) to work on /home/airflow/.local/lib/python3.8/site-packages/airflow/example_dags/example_trigger_target_dag.py
[2025-12-07T15:41:43.887+0000] {processor.py:830} INFO - Processing file /home/airflow/.local/lib/python3.8/site-packages/airflow/example_dags/example_trigger_target_dag.py for tasks to queue
[2025-12-07T15:41:43.889+0000] {logging_mixin.py:188} INFO - [2025-12-07T15:41:43.889+0000] {dagbag.py:538} INFO - Filling up the DagBag from /home/airflow/.local/lib/python3.8/site-packages/airflow/example_dags/example_trigger_target_dag.py
[2025-12-07T15:41:43.896+0000] {processor.py:840} INFO - DAG(s) 'example_trigger_target_dag' retrieved from /home/airflow/.local/lib/python3.8/site-packages/airflow/example_dags/example_trigger_target_dag.py
[2025-12-07T15:41:43.926+0000] {logging_mixin.py:188} INFO - [2025-12-07T15:41:43.925+0000] {dag.py:3036} INFO - Sync 1 DAGs
[2025-12-07T15:41:43.942+0000] {logging_mixin.py:188} INFO - [2025-12-07T15:41:43.942+0000] {dag.py:3823} INFO - Setting next_dagrun for example_trigger_target_dag to None, run_after=None
[2025-12-07T15:41:43.974+0000] {processor.py:183} INFO - Processing /home/airflow/.local/lib/python3.8/site-packages/airflow/example_dags/example_trigger_target_dag.py took 0.092 seconds
[2025-12-07T15:42:14.505+0000] {processor.py:161} INFO - Started process (PID=4337) to work on /home/airflow/.local/lib/python3.8/site-packages/airflow/example_dags/example_trigger_target_dag.py
[2025-12-07T15:42:14.506+0000] {processor.py:830} INFO - Processing file /home/airflow/.local/lib/python3.8/site-packages/airflow/example_dags/example_trigger_target_dag.py for tasks to queue
[2025-12-07T15:42:14.509+0000] {logging_mixin.py:188} INFO - [2025-12-07T15:42:14.508+0000] {dagbag.py:538} INFO - Filling up the DagBag from /home/airflow/.local/lib/python3.8/site-packages/airflow/example_dags/example_trigger_target_dag.py
[2025-12-07T15:42:14.517+0000] {processor.py:840} INFO - DAG(s) 'example_trigger_target_dag' retrieved from /home/airflow/.local/lib/python3.8/site-packages/airflow/example_dags/example_trigger_target_dag.py
[2025-12-07T15:42:14.545+0000] {logging_mixin.py:188} INFO - [2025-12-07T15:42:14.544+0000] {dag.py:3036} INFO - Sync 1 DAGs
[2025-12-07T15:42:14.560+0000] {logging_mixin.py:188} INFO - [2025-12-07T15:42:14.560+0000] {dag.py:3823} INFO - Setting next_dagrun for example_trigger_target_dag to None, run_after=None
[2025-12-07T15:42:14.594+0000] {processor.py:183} INFO - Processing /home/airflow/.local/lib/python3.8/site-packages/airflow/example_dags/example_trigger_target_dag.py took 0.094 seconds
[2025-12-07T15:42:45.005+0000] {processor.py:161} INFO - Started process (PID=4398) to work on /home/airflow/.local/lib/python3.8/site-packages/airflow/example_dags/example_trigger_target_dag.py
[2025-12-07T15:42:45.009+0000] {processor.py:830} INFO - Processing file /home/airflow/.local/lib/python3.8/site-packages/airflow/example_dags/example_trigger_target_dag.py for tasks to queue
[2025-12-07T15:42:45.013+0000] {logging_mixin.py:188} INFO - [2025-12-07T15:42:45.013+0000] {dagbag.py:538} INFO - Filling up the DagBag from /home/airflow/.local/lib/python3.8/site-packages/airflow/example_dags/example_trigger_target_dag.py
[2025-12-07T15:42:45.022+0000] {processor.py:840} INFO - DAG(s) 'example_trigger_target_dag' retrieved from /home/airflow/.local/lib/python3.8/site-packages/airflow/example_dags/example_trigger_target_dag.py
[2025-12-07T15:42:45.055+0000] {logging_mixin.py:188} INFO - [2025-12-07T15:42:45.055+0000] {dag.py:3036} INFO - Sync 1 DAGs
[2025-12-07T15:42:45.074+0000] {logging_mixin.py:188} INFO - [2025-12-07T15:42:45.074+0000] {dag.py:3823} INFO - Setting next_dagrun for example_trigger_target_dag to None, run_after=None
[2025-12-07T15:42:45.112+0000] {processor.py:183} INFO - Processing /home/airflow/.local/lib/python3.8/site-packages/airflow/example_dags/example_trigger_target_dag.py took 0.112 seconds
[2025-12-07T15:43:15.497+0000] {processor.py:161} INFO - Started process (PID=4459) to work on /home/airflow/.local/lib/python3.8/site-packages/airflow/example_dags/example_trigger_target_dag.py
[2025-12-07T15:43:15.498+0000] {processor.py:830} INFO - Processing file /home/airflow/.local/lib/python3.8/site-packages/airflow/example_dags/example_trigger_target_dag.py for tasks to queue
[2025-12-07T15:43:15.501+0000] {logging_mixin.py:188} INFO - [2025-12-07T15:43:15.501+0000] {dagbag.py:538} INFO - Filling up the DagBag from /home/airflow/.local/lib/python3.8/site-packages/airflow/example_dags/example_trigger_target_dag.py
[2025-12-07T15:43:15.510+0000] {processor.py:840} INFO - DAG(s) 'example_trigger_target_dag' retrieved from /home/airflow/.local/lib/python3.8/site-packages/airflow/example_dags/example_trigger_target_dag.py
[2025-12-07T15:43:15.543+0000] {logging_mixin.py:188} INFO - [2025-12-07T15:43:15.543+0000] {dag.py:3036} INFO - Sync 1 DAGs
[2025-12-07T15:43:15.560+0000] {logging_mixin.py:188} INFO - [2025-12-07T15:43:15.560+0000] {dag.py:3823} INFO - Setting next_dagrun for example_trigger_target_dag to None, run_after=None
[2025-12-07T15:43:15.598+0000] {processor.py:183} INFO - Processing /home/airflow/.local/lib/python3.8/site-packages/airflow/example_dags/example_trigger_target_dag.py took 0.105 seconds
[2025-12-07T15:43:45.966+0000] {processor.py:161} INFO - Started process (PID=4520) to work on /home/airflow/.local/lib/python3.8/site-packages/airflow/example_dags/example_trigger_target_dag.py
[2025-12-07T15:43:45.968+0000] {processor.py:830} INFO - Processing file /home/airflow/.local/lib/python3.8/site-packages/airflow/example_dags/example_trigger_target_dag.py for tasks to queue
[2025-12-07T15:43:45.972+0000] {logging_mixin.py:188} INFO - [2025-12-07T15:43:45.971+0000] {dagbag.py:538} INFO - Filling up the DagBag from /home/airflow/.local/lib/python3.8/site-packages/airflow/example_dags/example_trigger_target_dag.py
[2025-12-07T15:43:45.985+0000] {processor.py:840} INFO - DAG(s) 'example_trigger_target_dag' retrieved from /home/airflow/.local/lib/python3.8/site-packages/airflow/example_dags/example_trigger_target_dag.py
[2025-12-07T15:43:46.030+0000] {logging_mixin.py:188} INFO - [2025-12-07T15:43:46.029+0000] {dag.py:3036} INFO - Sync 1 DAGs
[2025-12-07T15:43:46.057+0000] {logging_mixin.py:188} INFO - [2025-12-07T15:43:46.057+0000] {dag.py:3823} INFO - Setting next_dagrun for example_trigger_target_dag to None, run_after=None
[2025-12-07T15:43:46.093+0000] {processor.py:183} INFO - Processing /home/airflow/.local/lib/python3.8/site-packages/airflow/example_dags/example_trigger_target_dag.py took 0.133 seconds
[2025-12-07T15:44:16.866+0000] {processor.py:161} INFO - Started process (PID=4580) to work on /home/airflow/.local/lib/python3.8/site-packages/airflow/example_dags/example_trigger_target_dag.py
[2025-12-07T15:44:16.868+0000] {processor.py:830} INFO - Processing file /home/airflow/.local/lib/python3.8/site-packages/airflow/example_dags/example_trigger_target_dag.py for tasks to queue
[2025-12-07T15:44:16.870+0000] {logging_mixin.py:188} INFO - [2025-12-07T15:44:16.870+0000] {dagbag.py:538} INFO - Filling up the DagBag from /home/airflow/.local/lib/python3.8/site-packages/airflow/example_dags/example_trigger_target_dag.py
[2025-12-07T15:44:16.878+0000] {processor.py:840} INFO - DAG(s) 'example_trigger_target_dag' retrieved from /home/airflow/.local/lib/python3.8/site-packages/airflow/example_dags/example_trigger_target_dag.py
[2025-12-07T15:44:16.904+0000] {logging_mixin.py:188} INFO - [2025-12-07T15:44:16.904+0000] {dag.py:3036} INFO - Sync 1 DAGs
[2025-12-07T15:44:16.922+0000] {logging_mixin.py:188} INFO - [2025-12-07T15:44:16.921+0000] {dag.py:3823} INFO - Setting next_dagrun for example_trigger_target_dag to None, run_after=None
[2025-12-07T15:44:16.949+0000] {processor.py:183} INFO - Processing /home/airflow/.local/lib/python3.8/site-packages/airflow/example_dags/example_trigger_target_dag.py took 0.088 seconds
[2025-12-07T15:44:47.283+0000] {processor.py:161} INFO - Started process (PID=4647) to work on /home/airflow/.local/lib/python3.8/site-packages/airflow/example_dags/example_trigger_target_dag.py
[2025-12-07T15:44:47.285+0000] {processor.py:830} INFO - Processing file /home/airflow/.local/lib/python3.8/site-packages/airflow/example_dags/example_trigger_target_dag.py for tasks to queue
[2025-12-07T15:44:47.289+0000] {logging_mixin.py:188} INFO - [2025-12-07T15:44:47.288+0000] {dagbag.py:538} INFO - Filling up the DagBag from /home/airflow/.local/lib/python3.8/site-packages/airflow/example_dags/example_trigger_target_dag.py
[2025-12-07T15:44:47.296+0000] {processor.py:840} INFO - DAG(s) 'example_trigger_target_dag' retrieved from /home/airflow/.local/lib/python3.8/site-packages/airflow/example_dags/example_trigger_target_dag.py
[2025-12-07T15:44:47.329+0000] {logging_mixin.py:188} INFO - [2025-12-07T15:44:47.329+0000] {dag.py:3036} INFO - Sync 1 DAGs
[2025-12-07T15:44:47.346+0000] {logging_mixin.py:188} INFO - [2025-12-07T15:44:47.346+0000] {dag.py:3823} INFO - Setting next_dagrun for example_trigger_target_dag to None, run_after=None
[2025-12-07T15:44:47.384+0000] {processor.py:183} INFO - Processing /home/airflow/.local/lib/python3.8/site-packages/airflow/example_dags/example_trigger_target_dag.py took 0.105 seconds
[2025-12-07T15:45:17.737+0000] {processor.py:161} INFO - Started process (PID=4708) to work on /home/airflow/.local/lib/python3.8/site-packages/airflow/example_dags/example_trigger_target_dag.py
[2025-12-07T15:45:17.739+0000] {processor.py:830} INFO - Processing file /home/airflow/.local/lib/python3.8/site-packages/airflow/example_dags/example_trigger_target_dag.py for tasks to queue
[2025-12-07T15:45:17.741+0000] {logging_mixin.py:188} INFO - [2025-12-07T15:45:17.741+0000] {dagbag.py:538} INFO - Filling up the DagBag from /home/airflow/.local/lib/python3.8/site-packages/airflow/example_dags/example_trigger_target_dag.py
[2025-12-07T15:45:17.748+0000] {processor.py:840} INFO - DAG(s) 'example_trigger_target_dag' retrieved from /home/airflow/.local/lib/python3.8/site-packages/airflow/example_dags/example_trigger_target_dag.py
[2025-12-07T15:45:17.780+0000] {logging_mixin.py:188} INFO - [2025-12-07T15:45:17.780+0000] {dag.py:3036} INFO - Sync 1 DAGs
[2025-12-07T15:45:17.796+0000] {logging_mixin.py:188} INFO - [2025-12-07T15:45:17.795+0000] {dag.py:3823} INFO - Setting next_dagrun for example_trigger_target_dag to None, run_after=None
[2025-12-07T15:45:17.829+0000] {processor.py:183} INFO - Processing /home/airflow/.local/lib/python3.8/site-packages/airflow/example_dags/example_trigger_target_dag.py took 0.095 seconds
[2025-12-07T15:45:48.414+0000] {processor.py:161} INFO - Started process (PID=4769) to work on /home/airflow/.local/lib/python3.8/site-packages/airflow/example_dags/example_trigger_target_dag.py
[2025-12-07T15:45:48.415+0000] {processor.py:830} INFO - Processing file /home/airflow/.local/lib/python3.8/site-packages/airflow/example_dags/example_trigger_target_dag.py for tasks to queue
[2025-12-07T15:45:48.417+0000] {logging_mixin.py:188} INFO - [2025-12-07T15:45:48.417+0000] {dagbag.py:538} INFO - Filling up the DagBag from /home/airflow/.local/lib/python3.8/site-packages/airflow/example_dags/example_trigger_target_dag.py
[2025-12-07T15:45:48.425+0000] {processor.py:840} INFO - DAG(s) 'example_trigger_target_dag' retrieved from /home/airflow/.local/lib/python3.8/site-packages/airflow/example_dags/example_trigger_target_dag.py
[2025-12-07T15:45:48.452+0000] {logging_mixin.py:188} INFO - [2025-12-07T15:45:48.452+0000] {dag.py:3036} INFO - Sync 1 DAGs
[2025-12-07T15:45:48.467+0000] {logging_mixin.py:188} INFO - [2025-12-07T15:45:48.467+0000] {dag.py:3823} INFO - Setting next_dagrun for example_trigger_target_dag to None, run_after=None
[2025-12-07T15:45:48.496+0000] {processor.py:183} INFO - Processing /home/airflow/.local/lib/python3.8/site-packages/airflow/example_dags/example_trigger_target_dag.py took 0.087 seconds
[2025-12-07T15:46:18.881+0000] {processor.py:161} INFO - Started process (PID=4830) to work on /home/airflow/.local/lib/python3.8/site-packages/airflow/example_dags/example_trigger_target_dag.py
[2025-12-07T15:46:18.882+0000] {processor.py:830} INFO - Processing file /home/airflow/.local/lib/python3.8/site-packages/airflow/example_dags/example_trigger_target_dag.py for tasks to queue
[2025-12-07T15:46:18.885+0000] {logging_mixin.py:188} INFO - [2025-12-07T15:46:18.885+0000] {dagbag.py:538} INFO - Filling up the DagBag from /home/airflow/.local/lib/python3.8/site-packages/airflow/example_dags/example_trigger_target_dag.py
[2025-12-07T15:46:18.894+0000] {processor.py:840} INFO - DAG(s) 'example_trigger_target_dag' retrieved from /home/airflow/.local/lib/python3.8/site-packages/airflow/example_dags/example_trigger_target_dag.py
[2025-12-07T15:46:18.929+0000] {logging_mixin.py:188} INFO - [2025-12-07T15:46:18.929+0000] {dag.py:3036} INFO - Sync 1 DAGs
[2025-12-07T15:46:18.947+0000] {logging_mixin.py:188} INFO - [2025-12-07T15:46:18.947+0000] {dag.py:3823} INFO - Setting next_dagrun for example_trigger_target_dag to None, run_after=None
[2025-12-07T15:46:18.978+0000] {processor.py:183} INFO - Processing /home/airflow/.local/lib/python3.8/site-packages/airflow/example_dags/example_trigger_target_dag.py took 0.102 seconds
[2025-12-07T15:46:49.431+0000] {processor.py:161} INFO - Started process (PID=4891) to work on /home/airflow/.local/lib/python3.8/site-packages/airflow/example_dags/example_trigger_target_dag.py
[2025-12-07T15:46:49.433+0000] {processor.py:830} INFO - Processing file /home/airflow/.local/lib/python3.8/site-packages/airflow/example_dags/example_trigger_target_dag.py for tasks to queue
[2025-12-07T15:46:49.435+0000] {logging_mixin.py:188} INFO - [2025-12-07T15:46:49.435+0000] {dagbag.py:538} INFO - Filling up the DagBag from /home/airflow/.local/lib/python3.8/site-packages/airflow/example_dags/example_trigger_target_dag.py
[2025-12-07T15:46:49.443+0000] {processor.py:840} INFO - DAG(s) 'example_trigger_target_dag' retrieved from /home/airflow/.local/lib/python3.8/site-packages/airflow/example_dags/example_trigger_target_dag.py
[2025-12-07T15:46:49.473+0000] {logging_mixin.py:188} INFO - [2025-12-07T15:46:49.473+0000] {dag.py:3036} INFO - Sync 1 DAGs
[2025-12-07T15:46:49.490+0000] {logging_mixin.py:188} INFO - [2025-12-07T15:46:49.490+0000] {dag.py:3823} INFO - Setting next_dagrun for example_trigger_target_dag to None, run_after=None
[2025-12-07T15:46:49.523+0000] {processor.py:183} INFO - Processing /home/airflow/.local/lib/python3.8/site-packages/airflow/example_dags/example_trigger_target_dag.py took 0.096 seconds
[2025-12-07T15:47:19.727+0000] {processor.py:161} INFO - Started process (PID=4952) to work on /home/airflow/.local/lib/python3.8/site-packages/airflow/example_dags/example_trigger_target_dag.py
[2025-12-07T15:47:19.729+0000] {processor.py:830} INFO - Processing file /home/airflow/.local/lib/python3.8/site-packages/airflow/example_dags/example_trigger_target_dag.py for tasks to queue
[2025-12-07T15:47:19.731+0000] {logging_mixin.py:188} INFO - [2025-12-07T15:47:19.731+0000] {dagbag.py:538} INFO - Filling up the DagBag from /home/airflow/.local/lib/python3.8/site-packages/airflow/example_dags/example_trigger_target_dag.py
[2025-12-07T15:47:19.740+0000] {processor.py:840} INFO - DAG(s) 'example_trigger_target_dag' retrieved from /home/airflow/.local/lib/python3.8/site-packages/airflow/example_dags/example_trigger_target_dag.py
[2025-12-07T15:47:19.771+0000] {logging_mixin.py:188} INFO - [2025-12-07T15:47:19.771+0000] {dag.py:3036} INFO - Sync 1 DAGs
[2025-12-07T15:47:19.789+0000] {logging_mixin.py:188} INFO - [2025-12-07T15:47:19.789+0000] {dag.py:3823} INFO - Setting next_dagrun for example_trigger_target_dag to None, run_after=None
[2025-12-07T15:47:19.824+0000] {processor.py:183} INFO - Processing /home/airflow/.local/lib/python3.8/site-packages/airflow/example_dags/example_trigger_target_dag.py took 0.102 seconds
[2025-12-07T15:47:49.857+0000] {processor.py:161} INFO - Started process (PID=5011) to work on /home/airflow/.local/lib/python3.8/site-packages/airflow/example_dags/example_trigger_target_dag.py
[2025-12-07T15:47:49.859+0000] {processor.py:830} INFO - Processing file /home/airflow/.local/lib/python3.8/site-packages/airflow/example_dags/example_trigger_target_dag.py for tasks to queue
[2025-12-07T15:47:49.861+0000] {logging_mixin.py:188} INFO - [2025-12-07T15:47:49.861+0000] {dagbag.py:538} INFO - Filling up the DagBag from /home/airflow/.local/lib/python3.8/site-packages/airflow/example_dags/example_trigger_target_dag.py
[2025-12-07T15:47:49.868+0000] {processor.py:840} INFO - DAG(s) 'example_trigger_target_dag' retrieved from /home/airflow/.local/lib/python3.8/site-packages/airflow/example_dags/example_trigger_target_dag.py
[2025-12-07T15:47:49.893+0000] {logging_mixin.py:188} INFO - [2025-12-07T15:47:49.892+0000] {dag.py:3036} INFO - Sync 1 DAGs
[2025-12-07T15:47:49.908+0000] {logging_mixin.py:188} INFO - [2025-12-07T15:47:49.907+0000] {dag.py:3823} INFO - Setting next_dagrun for example_trigger_target_dag to None, run_after=None
[2025-12-07T15:47:49.932+0000] {processor.py:183} INFO - Processing /home/airflow/.local/lib/python3.8/site-packages/airflow/example_dags/example_trigger_target_dag.py took 0.080 seconds
[2025-12-07T15:48:20.964+0000] {processor.py:161} INFO - Started process (PID=5074) to work on /home/airflow/.local/lib/python3.8/site-packages/airflow/example_dags/example_trigger_target_dag.py
[2025-12-07T15:48:20.966+0000] {processor.py:830} INFO - Processing file /home/airflow/.local/lib/python3.8/site-packages/airflow/example_dags/example_trigger_target_dag.py for tasks to queue
[2025-12-07T15:48:20.970+0000] {logging_mixin.py:188} INFO - [2025-12-07T15:48:20.969+0000] {dagbag.py:538} INFO - Filling up the DagBag from /home/airflow/.local/lib/python3.8/site-packages/airflow/example_dags/example_trigger_target_dag.py
[2025-12-07T15:48:20.979+0000] {processor.py:840} INFO - DAG(s) 'example_trigger_target_dag' retrieved from /home/airflow/.local/lib/python3.8/site-packages/airflow/example_dags/example_trigger_target_dag.py
[2025-12-07T15:48:21.020+0000] {logging_mixin.py:188} INFO - [2025-12-07T15:48:21.020+0000] {dag.py:3036} INFO - Sync 1 DAGs
[2025-12-07T15:48:21.045+0000] {logging_mixin.py:188} INFO - [2025-12-07T15:48:21.045+0000] {dag.py:3823} INFO - Setting next_dagrun for example_trigger_target_dag to None, run_after=None
[2025-12-07T15:48:21.084+0000] {processor.py:183} INFO - Processing /home/airflow/.local/lib/python3.8/site-packages/airflow/example_dags/example_trigger_target_dag.py took 0.125 seconds
[2025-12-07T15:48:51.422+0000] {processor.py:161} INFO - Started process (PID=5135) to work on /home/airflow/.local/lib/python3.8/site-packages/airflow/example_dags/example_trigger_target_dag.py
[2025-12-07T15:48:51.423+0000] {processor.py:830} INFO - Processing file /home/airflow/.local/lib/python3.8/site-packages/airflow/example_dags/example_trigger_target_dag.py for tasks to queue
[2025-12-07T15:48:51.425+0000] {logging_mixin.py:188} INFO - [2025-12-07T15:48:51.425+0000] {dagbag.py:538} INFO - Filling up the DagBag from /home/airflow/.local/lib/python3.8/site-packages/airflow/example_dags/example_trigger_target_dag.py
[2025-12-07T15:48:51.434+0000] {processor.py:840} INFO - DAG(s) 'example_trigger_target_dag' retrieved from /home/airflow/.local/lib/python3.8/site-packages/airflow/example_dags/example_trigger_target_dag.py
[2025-12-07T15:48:51.466+0000] {logging_mixin.py:188} INFO - [2025-12-07T15:48:51.465+0000] {dag.py:3036} INFO - Sync 1 DAGs
[2025-12-07T15:48:51.484+0000] {logging_mixin.py:188} INFO - [2025-12-07T15:48:51.484+0000] {dag.py:3823} INFO - Setting next_dagrun for example_trigger_target_dag to None, run_after=None
[2025-12-07T15:48:51.514+0000] {processor.py:183} INFO - Processing /home/airflow/.local/lib/python3.8/site-packages/airflow/example_dags/example_trigger_target_dag.py took 0.096 seconds
[2025-12-07T15:49:21.739+0000] {processor.py:161} INFO - Started process (PID=5196) to work on /home/airflow/.local/lib/python3.8/site-packages/airflow/example_dags/example_trigger_target_dag.py
[2025-12-07T15:49:21.741+0000] {processor.py:830} INFO - Processing file /home/airflow/.local/lib/python3.8/site-packages/airflow/example_dags/example_trigger_target_dag.py for tasks to queue
[2025-12-07T15:49:21.744+0000] {logging_mixin.py:188} INFO - [2025-12-07T15:49:21.743+0000] {dagbag.py:538} INFO - Filling up the DagBag from /home/airflow/.local/lib/python3.8/site-packages/airflow/example_dags/example_trigger_target_dag.py
[2025-12-07T15:49:21.754+0000] {processor.py:840} INFO - DAG(s) 'example_trigger_target_dag' retrieved from /home/airflow/.local/lib/python3.8/site-packages/airflow/example_dags/example_trigger_target_dag.py
[2025-12-07T15:49:21.788+0000] {logging_mixin.py:188} INFO - [2025-12-07T15:49:21.788+0000] {dag.py:3036} INFO - Sync 1 DAGs
[2025-12-07T15:49:21.807+0000] {logging_mixin.py:188} INFO - [2025-12-07T15:49:21.807+0000] {dag.py:3823} INFO - Setting next_dagrun for example_trigger_target_dag to None, run_after=None
[2025-12-07T15:49:21.835+0000] {processor.py:183} INFO - Processing /home/airflow/.local/lib/python3.8/site-packages/airflow/example_dags/example_trigger_target_dag.py took 0.101 seconds
[2025-12-07T15:49:52.209+0000] {processor.py:161} INFO - Started process (PID=5257) to work on /home/airflow/.local/lib/python3.8/site-packages/airflow/example_dags/example_trigger_target_dag.py
[2025-12-07T15:49:52.211+0000] {processor.py:830} INFO - Processing file /home/airflow/.local/lib/python3.8/site-packages/airflow/example_dags/example_trigger_target_dag.py for tasks to queue
[2025-12-07T15:49:52.214+0000] {logging_mixin.py:188} INFO - [2025-12-07T15:49:52.213+0000] {dagbag.py:538} INFO - Filling up the DagBag from /home/airflow/.local/lib/python3.8/site-packages/airflow/example_dags/example_trigger_target_dag.py
[2025-12-07T15:49:52.222+0000] {processor.py:840} INFO - DAG(s) 'example_trigger_target_dag' retrieved from /home/airflow/.local/lib/python3.8/site-packages/airflow/example_dags/example_trigger_target_dag.py
[2025-12-07T15:49:52.251+0000] {logging_mixin.py:188} INFO - [2025-12-07T15:49:52.251+0000] {dag.py:3036} INFO - Sync 1 DAGs
[2025-12-07T15:49:52.269+0000] {logging_mixin.py:188} INFO - [2025-12-07T15:49:52.269+0000] {dag.py:3823} INFO - Setting next_dagrun for example_trigger_target_dag to None, run_after=None
[2025-12-07T15:49:52.299+0000] {processor.py:183} INFO - Processing /home/airflow/.local/lib/python3.8/site-packages/airflow/example_dags/example_trigger_target_dag.py took 0.096 seconds
[2025-12-07T15:50:22.456+0000] {processor.py:161} INFO - Started process (PID=5317) to work on /home/airflow/.local/lib/python3.8/site-packages/airflow/example_dags/example_trigger_target_dag.py
[2025-12-07T15:50:22.458+0000] {processor.py:830} INFO - Processing file /home/airflow/.local/lib/python3.8/site-packages/airflow/example_dags/example_trigger_target_dag.py for tasks to queue
[2025-12-07T15:50:22.461+0000] {logging_mixin.py:188} INFO - [2025-12-07T15:50:22.460+0000] {dagbag.py:538} INFO - Filling up the DagBag from /home/airflow/.local/lib/python3.8/site-packages/airflow/example_dags/example_trigger_target_dag.py
[2025-12-07T15:50:22.469+0000] {processor.py:840} INFO - DAG(s) 'example_trigger_target_dag' retrieved from /home/airflow/.local/lib/python3.8/site-packages/airflow/example_dags/example_trigger_target_dag.py
[2025-12-07T15:50:22.501+0000] {logging_mixin.py:188} INFO - [2025-12-07T15:50:22.501+0000] {dag.py:3036} INFO - Sync 1 DAGs
[2025-12-07T15:50:22.517+0000] {logging_mixin.py:188} INFO - [2025-12-07T15:50:22.517+0000] {dag.py:3823} INFO - Setting next_dagrun for example_trigger_target_dag to None, run_after=None
[2025-12-07T15:50:22.541+0000] {processor.py:183} INFO - Processing /home/airflow/.local/lib/python3.8/site-packages/airflow/example_dags/example_trigger_target_dag.py took 0.089 seconds
[2025-12-07T15:50:52.970+0000] {processor.py:161} INFO - Started process (PID=5378) to work on /home/airflow/.local/lib/python3.8/site-packages/airflow/example_dags/example_trigger_target_dag.py
[2025-12-07T15:50:52.972+0000] {processor.py:830} INFO - Processing file /home/airflow/.local/lib/python3.8/site-packages/airflow/example_dags/example_trigger_target_dag.py for tasks to queue
[2025-12-07T15:50:52.975+0000] {logging_mixin.py:188} INFO - [2025-12-07T15:50:52.975+0000] {dagbag.py:538} INFO - Filling up the DagBag from /home/airflow/.local/lib/python3.8/site-packages/airflow/example_dags/example_trigger_target_dag.py
[2025-12-07T15:50:52.984+0000] {processor.py:840} INFO - DAG(s) 'example_trigger_target_dag' retrieved from /home/airflow/.local/lib/python3.8/site-packages/airflow/example_dags/example_trigger_target_dag.py
[2025-12-07T15:50:53.013+0000] {logging_mixin.py:188} INFO - [2025-12-07T15:50:53.012+0000] {dag.py:3036} INFO - Sync 1 DAGs
[2025-12-07T15:50:53.031+0000] {logging_mixin.py:188} INFO - [2025-12-07T15:50:53.030+0000] {dag.py:3823} INFO - Setting next_dagrun for example_trigger_target_dag to None, run_after=None
[2025-12-07T15:50:53.059+0000] {processor.py:183} INFO - Processing /home/airflow/.local/lib/python3.8/site-packages/airflow/example_dags/example_trigger_target_dag.py took 0.093 seconds
[2025-12-07T15:51:23.459+0000] {processor.py:161} INFO - Started process (PID=5439) to work on /home/airflow/.local/lib/python3.8/site-packages/airflow/example_dags/example_trigger_target_dag.py
[2025-12-07T15:51:23.461+0000] {processor.py:830} INFO - Processing file /home/airflow/.local/lib/python3.8/site-packages/airflow/example_dags/example_trigger_target_dag.py for tasks to queue
[2025-12-07T15:51:23.465+0000] {logging_mixin.py:188} INFO - [2025-12-07T15:51:23.465+0000] {dagbag.py:538} INFO - Filling up the DagBag from /home/airflow/.local/lib/python3.8/site-packages/airflow/example_dags/example_trigger_target_dag.py
[2025-12-07T15:51:23.478+0000] {processor.py:840} INFO - DAG(s) 'example_trigger_target_dag' retrieved from /home/airflow/.local/lib/python3.8/site-packages/airflow/example_dags/example_trigger_target_dag.py
[2025-12-07T15:51:23.579+0000] {logging_mixin.py:188} INFO - [2025-12-07T15:51:23.579+0000] {dag.py:3036} INFO - Sync 1 DAGs
[2025-12-07T15:51:23.601+0000] {logging_mixin.py:188} INFO - [2025-12-07T15:51:23.601+0000] {dag.py:3823} INFO - Setting next_dagrun for example_trigger_target_dag to None, run_after=None
[2025-12-07T15:51:23.633+0000] {processor.py:183} INFO - Processing /home/airflow/.local/lib/python3.8/site-packages/airflow/example_dags/example_trigger_target_dag.py took 0.179 seconds
[2025-12-07T15:51:53.806+0000] {processor.py:161} INFO - Started process (PID=5500) to work on /home/airflow/.local/lib/python3.8/site-packages/airflow/example_dags/example_trigger_target_dag.py
[2025-12-07T15:51:53.807+0000] {processor.py:830} INFO - Processing file /home/airflow/.local/lib/python3.8/site-packages/airflow/example_dags/example_trigger_target_dag.py for tasks to queue
[2025-12-07T15:51:53.810+0000] {logging_mixin.py:188} INFO - [2025-12-07T15:51:53.810+0000] {dagbag.py:538} INFO - Filling up the DagBag from /home/airflow/.local/lib/python3.8/site-packages/airflow/example_dags/example_trigger_target_dag.py
[2025-12-07T15:51:53.821+0000] {processor.py:840} INFO - DAG(s) 'example_trigger_target_dag' retrieved from /home/airflow/.local/lib/python3.8/site-packages/airflow/example_dags/example_trigger_target_dag.py
[2025-12-07T15:51:53.848+0000] {logging_mixin.py:188} INFO - [2025-12-07T15:51:53.848+0000] {dag.py:3036} INFO - Sync 1 DAGs
[2025-12-07T15:51:53.865+0000] {logging_mixin.py:188} INFO - [2025-12-07T15:51:53.865+0000] {dag.py:3823} INFO - Setting next_dagrun for example_trigger_target_dag to None, run_after=None
[2025-12-07T15:51:53.900+0000] {processor.py:183} INFO - Processing /home/airflow/.local/lib/python3.8/site-packages/airflow/example_dags/example_trigger_target_dag.py took 0.100 seconds
[2025-12-07T15:52:24.298+0000] {processor.py:161} INFO - Started process (PID=5561) to work on /home/airflow/.local/lib/python3.8/site-packages/airflow/example_dags/example_trigger_target_dag.py
[2025-12-07T15:52:24.300+0000] {processor.py:830} INFO - Processing file /home/airflow/.local/lib/python3.8/site-packages/airflow/example_dags/example_trigger_target_dag.py for tasks to queue
[2025-12-07T15:52:24.302+0000] {logging_mixin.py:188} INFO - [2025-12-07T15:52:24.302+0000] {dagbag.py:538} INFO - Filling up the DagBag from /home/airflow/.local/lib/python3.8/site-packages/airflow/example_dags/example_trigger_target_dag.py
[2025-12-07T15:52:24.310+0000] {processor.py:840} INFO - DAG(s) 'example_trigger_target_dag' retrieved from /home/airflow/.local/lib/python3.8/site-packages/airflow/example_dags/example_trigger_target_dag.py
[2025-12-07T15:52:24.343+0000] {logging_mixin.py:188} INFO - [2025-12-07T15:52:24.343+0000] {dag.py:3036} INFO - Sync 1 DAGs
[2025-12-07T15:52:24.361+0000] {logging_mixin.py:188} INFO - [2025-12-07T15:52:24.360+0000] {dag.py:3823} INFO - Setting next_dagrun for example_trigger_target_dag to None, run_after=None
[2025-12-07T15:52:24.391+0000] {processor.py:183} INFO - Processing /home/airflow/.local/lib/python3.8/site-packages/airflow/example_dags/example_trigger_target_dag.py took 0.097 seconds
[2025-12-07T15:52:54.663+0000] {processor.py:161} INFO - Started process (PID=5622) to work on /home/airflow/.local/lib/python3.8/site-packages/airflow/example_dags/example_trigger_target_dag.py
[2025-12-07T15:52:54.665+0000] {processor.py:830} INFO - Processing file /home/airflow/.local/lib/python3.8/site-packages/airflow/example_dags/example_trigger_target_dag.py for tasks to queue
[2025-12-07T15:52:54.668+0000] {logging_mixin.py:188} INFO - [2025-12-07T15:52:54.667+0000] {dagbag.py:538} INFO - Filling up the DagBag from /home/airflow/.local/lib/python3.8/site-packages/airflow/example_dags/example_trigger_target_dag.py
[2025-12-07T15:52:54.677+0000] {processor.py:840} INFO - DAG(s) 'example_trigger_target_dag' retrieved from /home/airflow/.local/lib/python3.8/site-packages/airflow/example_dags/example_trigger_target_dag.py
[2025-12-07T15:52:54.713+0000] {logging_mixin.py:188} INFO - [2025-12-07T15:52:54.713+0000] {dag.py:3036} INFO - Sync 1 DAGs
[2025-12-07T15:52:54.733+0000] {logging_mixin.py:188} INFO - [2025-12-07T15:52:54.732+0000] {dag.py:3823} INFO - Setting next_dagrun for example_trigger_target_dag to None, run_after=None
[2025-12-07T15:52:54.767+0000] {processor.py:183} INFO - Processing /home/airflow/.local/lib/python3.8/site-packages/airflow/example_dags/example_trigger_target_dag.py took 0.109 seconds
[2025-12-07T15:53:25.449+0000] {processor.py:161} INFO - Started process (PID=5683) to work on /home/airflow/.local/lib/python3.8/site-packages/airflow/example_dags/example_trigger_target_dag.py
[2025-12-07T15:53:25.450+0000] {processor.py:830} INFO - Processing file /home/airflow/.local/lib/python3.8/site-packages/airflow/example_dags/example_trigger_target_dag.py for tasks to queue
[2025-12-07T15:53:25.457+0000] {logging_mixin.py:188} INFO - [2025-12-07T15:53:25.456+0000] {dagbag.py:538} INFO - Filling up the DagBag from /home/airflow/.local/lib/python3.8/site-packages/airflow/example_dags/example_trigger_target_dag.py
[2025-12-07T15:53:25.466+0000] {processor.py:840} INFO - DAG(s) 'example_trigger_target_dag' retrieved from /home/airflow/.local/lib/python3.8/site-packages/airflow/example_dags/example_trigger_target_dag.py
[2025-12-07T15:53:25.501+0000] {logging_mixin.py:188} INFO - [2025-12-07T15:53:25.501+0000] {dag.py:3036} INFO - Sync 1 DAGs
[2025-12-07T15:53:25.519+0000] {logging_mixin.py:188} INFO - [2025-12-07T15:53:25.519+0000] {dag.py:3823} INFO - Setting next_dagrun for example_trigger_target_dag to None, run_after=None
[2025-12-07T15:53:25.556+0000] {processor.py:183} INFO - Processing /home/airflow/.local/lib/python3.8/site-packages/airflow/example_dags/example_trigger_target_dag.py took 0.111 seconds
[2025-12-07T15:53:55.712+0000] {processor.py:161} INFO - Started process (PID=5744) to work on /home/airflow/.local/lib/python3.8/site-packages/airflow/example_dags/example_trigger_target_dag.py
[2025-12-07T15:53:55.714+0000] {processor.py:830} INFO - Processing file /home/airflow/.local/lib/python3.8/site-packages/airflow/example_dags/example_trigger_target_dag.py for tasks to queue
[2025-12-07T15:53:55.717+0000] {logging_mixin.py:188} INFO - [2025-12-07T15:53:55.717+0000] {dagbag.py:538} INFO - Filling up the DagBag from /home/airflow/.local/lib/python3.8/site-packages/airflow/example_dags/example_trigger_target_dag.py
[2025-12-07T15:53:55.727+0000] {processor.py:840} INFO - DAG(s) 'example_trigger_target_dag' retrieved from /home/airflow/.local/lib/python3.8/site-packages/airflow/example_dags/example_trigger_target_dag.py
[2025-12-07T15:53:55.759+0000] {logging_mixin.py:188} INFO - [2025-12-07T15:53:55.759+0000] {dag.py:3036} INFO - Sync 1 DAGs
[2025-12-07T15:53:55.775+0000] {logging_mixin.py:188} INFO - [2025-12-07T15:53:55.775+0000] {dag.py:3823} INFO - Setting next_dagrun for example_trigger_target_dag to None, run_after=None
[2025-12-07T15:53:55.810+0000] {processor.py:183} INFO - Processing /home/airflow/.local/lib/python3.8/site-packages/airflow/example_dags/example_trigger_target_dag.py took 0.104 seconds
[2025-12-07T15:54:26.198+0000] {processor.py:161} INFO - Started process (PID=5805) to work on /home/airflow/.local/lib/python3.8/site-packages/airflow/example_dags/example_trigger_target_dag.py
[2025-12-07T15:54:26.200+0000] {processor.py:830} INFO - Processing file /home/airflow/.local/lib/python3.8/site-packages/airflow/example_dags/example_trigger_target_dag.py for tasks to queue
[2025-12-07T15:54:26.204+0000] {logging_mixin.py:188} INFO - [2025-12-07T15:54:26.203+0000] {dagbag.py:538} INFO - Filling up the DagBag from /home/airflow/.local/lib/python3.8/site-packages/airflow/example_dags/example_trigger_target_dag.py
[2025-12-07T15:54:26.215+0000] {processor.py:840} INFO - DAG(s) 'example_trigger_target_dag' retrieved from /home/airflow/.local/lib/python3.8/site-packages/airflow/example_dags/example_trigger_target_dag.py
[2025-12-07T15:54:26.247+0000] {logging_mixin.py:188} INFO - [2025-12-07T15:54:26.247+0000] {dag.py:3036} INFO - Sync 1 DAGs
[2025-12-07T15:54:26.263+0000] {logging_mixin.py:188} INFO - [2025-12-07T15:54:26.263+0000] {dag.py:3823} INFO - Setting next_dagrun for example_trigger_target_dag to None, run_after=None
[2025-12-07T15:54:26.297+0000] {processor.py:183} INFO - Processing /home/airflow/.local/lib/python3.8/site-packages/airflow/example_dags/example_trigger_target_dag.py took 0.106 seconds
[2025-12-07T15:54:56.489+0000] {processor.py:161} INFO - Started process (PID=5866) to work on /home/airflow/.local/lib/python3.8/site-packages/airflow/example_dags/example_trigger_target_dag.py
[2025-12-07T15:54:56.491+0000] {processor.py:830} INFO - Processing file /home/airflow/.local/lib/python3.8/site-packages/airflow/example_dags/example_trigger_target_dag.py for tasks to queue
[2025-12-07T15:54:56.493+0000] {logging_mixin.py:188} INFO - [2025-12-07T15:54:56.493+0000] {dagbag.py:538} INFO - Filling up the DagBag from /home/airflow/.local/lib/python3.8/site-packages/airflow/example_dags/example_trigger_target_dag.py
[2025-12-07T15:54:56.501+0000] {processor.py:840} INFO - DAG(s) 'example_trigger_target_dag' retrieved from /home/airflow/.local/lib/python3.8/site-packages/airflow/example_dags/example_trigger_target_dag.py
[2025-12-07T15:54:56.532+0000] {logging_mixin.py:188} INFO - [2025-12-07T15:54:56.532+0000] {dag.py:3036} INFO - Sync 1 DAGs
[2025-12-07T15:54:56.548+0000] {logging_mixin.py:188} INFO - [2025-12-07T15:54:56.548+0000] {dag.py:3823} INFO - Setting next_dagrun for example_trigger_target_dag to None, run_after=None
[2025-12-07T15:54:56.579+0000] {processor.py:183} INFO - Processing /home/airflow/.local/lib/python3.8/site-packages/airflow/example_dags/example_trigger_target_dag.py took 0.095 seconds
[2025-12-07T15:56:12.863+0000] {processor.py:161} INFO - Started process (PID=87) to work on /home/airflow/.local/lib/python3.8/site-packages/airflow/example_dags/example_trigger_target_dag.py
[2025-12-07T15:56:12.867+0000] {processor.py:830} INFO - Processing file /home/airflow/.local/lib/python3.8/site-packages/airflow/example_dags/example_trigger_target_dag.py for tasks to queue
[2025-12-07T15:56:12.870+0000] {logging_mixin.py:188} INFO - [2025-12-07T15:56:12.869+0000] {dagbag.py:538} INFO - Filling up the DagBag from /home/airflow/.local/lib/python3.8/site-packages/airflow/example_dags/example_trigger_target_dag.py
[2025-12-07T15:56:12.883+0000] {processor.py:840} INFO - DAG(s) 'example_trigger_target_dag' retrieved from /home/airflow/.local/lib/python3.8/site-packages/airflow/example_dags/example_trigger_target_dag.py
[2025-12-07T15:56:13.052+0000] {logging_mixin.py:188} INFO - [2025-12-07T15:56:13.051+0000] {dag.py:3036} INFO - Sync 1 DAGs
[2025-12-07T15:56:13.068+0000] {logging_mixin.py:188} INFO - [2025-12-07T15:56:13.068+0000] {dag.py:3823} INFO - Setting next_dagrun for example_trigger_target_dag to None, run_after=None
[2025-12-07T15:56:13.106+0000] {processor.py:183} INFO - Processing /home/airflow/.local/lib/python3.8/site-packages/airflow/example_dags/example_trigger_target_dag.py took 0.250 seconds
[2025-12-07T15:56:43.286+0000] {processor.py:161} INFO - Started process (PID=148) to work on /home/airflow/.local/lib/python3.8/site-packages/airflow/example_dags/example_trigger_target_dag.py
[2025-12-07T15:56:43.288+0000] {processor.py:830} INFO - Processing file /home/airflow/.local/lib/python3.8/site-packages/airflow/example_dags/example_trigger_target_dag.py for tasks to queue
[2025-12-07T15:56:43.291+0000] {logging_mixin.py:188} INFO - [2025-12-07T15:56:43.291+0000] {dagbag.py:538} INFO - Filling up the DagBag from /home/airflow/.local/lib/python3.8/site-packages/airflow/example_dags/example_trigger_target_dag.py
[2025-12-07T15:56:43.302+0000] {processor.py:840} INFO - DAG(s) 'example_trigger_target_dag' retrieved from /home/airflow/.local/lib/python3.8/site-packages/airflow/example_dags/example_trigger_target_dag.py
[2025-12-07T15:56:43.346+0000] {logging_mixin.py:188} INFO - [2025-12-07T15:56:43.346+0000] {dag.py:3036} INFO - Sync 1 DAGs
[2025-12-07T15:56:43.386+0000] {logging_mixin.py:188} INFO - [2025-12-07T15:56:43.386+0000] {dag.py:3823} INFO - Setting next_dagrun for example_trigger_target_dag to None, run_after=None
[2025-12-07T15:56:43.436+0000] {processor.py:183} INFO - Processing /home/airflow/.local/lib/python3.8/site-packages/airflow/example_dags/example_trigger_target_dag.py took 0.156 seconds
[2025-12-07T15:57:13.800+0000] {processor.py:161} INFO - Started process (PID=209) to work on /home/airflow/.local/lib/python3.8/site-packages/airflow/example_dags/example_trigger_target_dag.py
[2025-12-07T15:57:13.801+0000] {processor.py:830} INFO - Processing file /home/airflow/.local/lib/python3.8/site-packages/airflow/example_dags/example_trigger_target_dag.py for tasks to queue
[2025-12-07T15:57:13.807+0000] {logging_mixin.py:188} INFO - [2025-12-07T15:57:13.805+0000] {dagbag.py:538} INFO - Filling up the DagBag from /home/airflow/.local/lib/python3.8/site-packages/airflow/example_dags/example_trigger_target_dag.py
[2025-12-07T15:57:13.833+0000] {processor.py:840} INFO - DAG(s) 'example_trigger_target_dag' retrieved from /home/airflow/.local/lib/python3.8/site-packages/airflow/example_dags/example_trigger_target_dag.py
[2025-12-07T15:57:13.898+0000] {logging_mixin.py:188} INFO - [2025-12-07T15:57:13.896+0000] {dag.py:3036} INFO - Sync 1 DAGs
[2025-12-07T15:57:13.924+0000] {logging_mixin.py:188} INFO - [2025-12-07T15:57:13.923+0000] {dag.py:3823} INFO - Setting next_dagrun for example_trigger_target_dag to None, run_after=None
[2025-12-07T15:57:13.966+0000] {processor.py:183} INFO - Processing /home/airflow/.local/lib/python3.8/site-packages/airflow/example_dags/example_trigger_target_dag.py took 0.171 seconds
[2025-12-07T15:57:44.644+0000] {processor.py:161} INFO - Started process (PID=270) to work on /home/airflow/.local/lib/python3.8/site-packages/airflow/example_dags/example_trigger_target_dag.py
[2025-12-07T15:57:44.645+0000] {processor.py:830} INFO - Processing file /home/airflow/.local/lib/python3.8/site-packages/airflow/example_dags/example_trigger_target_dag.py for tasks to queue
[2025-12-07T15:57:44.649+0000] {logging_mixin.py:188} INFO - [2025-12-07T15:57:44.648+0000] {dagbag.py:538} INFO - Filling up the DagBag from /home/airflow/.local/lib/python3.8/site-packages/airflow/example_dags/example_trigger_target_dag.py
[2025-12-07T15:57:44.659+0000] {processor.py:840} INFO - DAG(s) 'example_trigger_target_dag' retrieved from /home/airflow/.local/lib/python3.8/site-packages/airflow/example_dags/example_trigger_target_dag.py
[2025-12-07T15:57:44.693+0000] {logging_mixin.py:188} INFO - [2025-12-07T15:57:44.693+0000] {dag.py:3036} INFO - Sync 1 DAGs
[2025-12-07T15:57:44.711+0000] {logging_mixin.py:188} INFO - [2025-12-07T15:57:44.710+0000] {dag.py:3823} INFO - Setting next_dagrun for example_trigger_target_dag to None, run_after=None
[2025-12-07T15:57:44.745+0000] {processor.py:183} INFO - Processing /home/airflow/.local/lib/python3.8/site-packages/airflow/example_dags/example_trigger_target_dag.py took 0.106 seconds
[2025-12-07T15:58:15.544+0000] {processor.py:161} INFO - Started process (PID=331) to work on /home/airflow/.local/lib/python3.8/site-packages/airflow/example_dags/example_trigger_target_dag.py
[2025-12-07T15:58:15.546+0000] {processor.py:830} INFO - Processing file /home/airflow/.local/lib/python3.8/site-packages/airflow/example_dags/example_trigger_target_dag.py for tasks to queue
[2025-12-07T15:58:15.549+0000] {logging_mixin.py:188} INFO - [2025-12-07T15:58:15.549+0000] {dagbag.py:538} INFO - Filling up the DagBag from /home/airflow/.local/lib/python3.8/site-packages/airflow/example_dags/example_trigger_target_dag.py
[2025-12-07T15:58:15.564+0000] {processor.py:840} INFO - DAG(s) 'example_trigger_target_dag' retrieved from /home/airflow/.local/lib/python3.8/site-packages/airflow/example_dags/example_trigger_target_dag.py
[2025-12-07T15:58:15.610+0000] {logging_mixin.py:188} INFO - [2025-12-07T15:58:15.610+0000] {dag.py:3036} INFO - Sync 1 DAGs
[2025-12-07T15:58:15.637+0000] {logging_mixin.py:188} INFO - [2025-12-07T15:58:15.636+0000] {dag.py:3823} INFO - Setting next_dagrun for example_trigger_target_dag to None, run_after=None
[2025-12-07T15:58:15.678+0000] {processor.py:183} INFO - Processing /home/airflow/.local/lib/python3.8/site-packages/airflow/example_dags/example_trigger_target_dag.py took 0.141 seconds
[2025-12-07T15:58:46.586+0000] {processor.py:161} INFO - Started process (PID=392) to work on /home/airflow/.local/lib/python3.8/site-packages/airflow/example_dags/example_trigger_target_dag.py
[2025-12-07T15:58:46.587+0000] {processor.py:830} INFO - Processing file /home/airflow/.local/lib/python3.8/site-packages/airflow/example_dags/example_trigger_target_dag.py for tasks to queue
[2025-12-07T15:58:46.590+0000] {logging_mixin.py:188} INFO - [2025-12-07T15:58:46.590+0000] {dagbag.py:538} INFO - Filling up the DagBag from /home/airflow/.local/lib/python3.8/site-packages/airflow/example_dags/example_trigger_target_dag.py
[2025-12-07T15:58:46.598+0000] {processor.py:840} INFO - DAG(s) 'example_trigger_target_dag' retrieved from /home/airflow/.local/lib/python3.8/site-packages/airflow/example_dags/example_trigger_target_dag.py
[2025-12-07T15:58:46.628+0000] {logging_mixin.py:188} INFO - [2025-12-07T15:58:46.628+0000] {dag.py:3036} INFO - Sync 1 DAGs
[2025-12-07T15:58:46.647+0000] {logging_mixin.py:188} INFO - [2025-12-07T15:58:46.646+0000] {dag.py:3823} INFO - Setting next_dagrun for example_trigger_target_dag to None, run_after=None
[2025-12-07T15:58:46.677+0000] {processor.py:183} INFO - Processing /home/airflow/.local/lib/python3.8/site-packages/airflow/example_dags/example_trigger_target_dag.py took 0.095 seconds
[2025-12-07T15:59:17.900+0000] {processor.py:161} INFO - Started process (PID=453) to work on /home/airflow/.local/lib/python3.8/site-packages/airflow/example_dags/example_trigger_target_dag.py
[2025-12-07T15:59:17.902+0000] {processor.py:830} INFO - Processing file /home/airflow/.local/lib/python3.8/site-packages/airflow/example_dags/example_trigger_target_dag.py for tasks to queue
[2025-12-07T15:59:17.905+0000] {logging_mixin.py:188} INFO - [2025-12-07T15:59:17.904+0000] {dagbag.py:538} INFO - Filling up the DagBag from /home/airflow/.local/lib/python3.8/site-packages/airflow/example_dags/example_trigger_target_dag.py
[2025-12-07T15:59:17.913+0000] {processor.py:840} INFO - DAG(s) 'example_trigger_target_dag' retrieved from /home/airflow/.local/lib/python3.8/site-packages/airflow/example_dags/example_trigger_target_dag.py
[2025-12-07T15:59:17.945+0000] {logging_mixin.py:188} INFO - [2025-12-07T15:59:17.945+0000] {dag.py:3036} INFO - Sync 1 DAGs
[2025-12-07T15:59:17.962+0000] {logging_mixin.py:188} INFO - [2025-12-07T15:59:17.962+0000] {dag.py:3823} INFO - Setting next_dagrun for example_trigger_target_dag to None, run_after=None
[2025-12-07T15:59:18.061+0000] {processor.py:183} INFO - Processing /home/airflow/.local/lib/python3.8/site-packages/airflow/example_dags/example_trigger_target_dag.py took 0.165 seconds
[2025-12-07T15:59:48.210+0000] {processor.py:161} INFO - Started process (PID=514) to work on /home/airflow/.local/lib/python3.8/site-packages/airflow/example_dags/example_trigger_target_dag.py
[2025-12-07T15:59:48.211+0000] {processor.py:830} INFO - Processing file /home/airflow/.local/lib/python3.8/site-packages/airflow/example_dags/example_trigger_target_dag.py for tasks to queue
[2025-12-07T15:59:48.214+0000] {logging_mixin.py:188} INFO - [2025-12-07T15:59:48.213+0000] {dagbag.py:538} INFO - Filling up the DagBag from /home/airflow/.local/lib/python3.8/site-packages/airflow/example_dags/example_trigger_target_dag.py
[2025-12-07T15:59:48.227+0000] {processor.py:840} INFO - DAG(s) 'example_trigger_target_dag' retrieved from /home/airflow/.local/lib/python3.8/site-packages/airflow/example_dags/example_trigger_target_dag.py
[2025-12-07T15:59:48.262+0000] {logging_mixin.py:188} INFO - [2025-12-07T15:59:48.262+0000] {dag.py:3036} INFO - Sync 1 DAGs
[2025-12-07T15:59:48.279+0000] {logging_mixin.py:188} INFO - [2025-12-07T15:59:48.279+0000] {dag.py:3823} INFO - Setting next_dagrun for example_trigger_target_dag to None, run_after=None
[2025-12-07T15:59:48.312+0000] {processor.py:183} INFO - Processing /home/airflow/.local/lib/python3.8/site-packages/airflow/example_dags/example_trigger_target_dag.py took 0.107 seconds
[2025-12-07T16:00:18.430+0000] {processor.py:161} INFO - Started process (PID=573) to work on /home/airflow/.local/lib/python3.8/site-packages/airflow/example_dags/example_trigger_target_dag.py
[2025-12-07T16:00:18.432+0000] {processor.py:830} INFO - Processing file /home/airflow/.local/lib/python3.8/site-packages/airflow/example_dags/example_trigger_target_dag.py for tasks to queue
[2025-12-07T16:00:18.435+0000] {logging_mixin.py:188} INFO - [2025-12-07T16:00:18.434+0000] {dagbag.py:538} INFO - Filling up the DagBag from /home/airflow/.local/lib/python3.8/site-packages/airflow/example_dags/example_trigger_target_dag.py
[2025-12-07T16:00:18.442+0000] {processor.py:840} INFO - DAG(s) 'example_trigger_target_dag' retrieved from /home/airflow/.local/lib/python3.8/site-packages/airflow/example_dags/example_trigger_target_dag.py
[2025-12-07T16:00:18.468+0000] {logging_mixin.py:188} INFO - [2025-12-07T16:00:18.468+0000] {dag.py:3036} INFO - Sync 1 DAGs
[2025-12-07T16:00:18.483+0000] {logging_mixin.py:188} INFO - [2025-12-07T16:00:18.483+0000] {dag.py:3823} INFO - Setting next_dagrun for example_trigger_target_dag to None, run_after=None
[2025-12-07T16:00:18.508+0000] {processor.py:183} INFO - Processing /home/airflow/.local/lib/python3.8/site-packages/airflow/example_dags/example_trigger_target_dag.py took 0.082 seconds
[2025-12-07T16:00:48.893+0000] {processor.py:161} INFO - Started process (PID=634) to work on /home/airflow/.local/lib/python3.8/site-packages/airflow/example_dags/example_trigger_target_dag.py
[2025-12-07T16:00:48.895+0000] {processor.py:830} INFO - Processing file /home/airflow/.local/lib/python3.8/site-packages/airflow/example_dags/example_trigger_target_dag.py for tasks to queue
[2025-12-07T16:00:48.898+0000] {logging_mixin.py:188} INFO - [2025-12-07T16:00:48.898+0000] {dagbag.py:538} INFO - Filling up the DagBag from /home/airflow/.local/lib/python3.8/site-packages/airflow/example_dags/example_trigger_target_dag.py
[2025-12-07T16:00:48.906+0000] {processor.py:840} INFO - DAG(s) 'example_trigger_target_dag' retrieved from /home/airflow/.local/lib/python3.8/site-packages/airflow/example_dags/example_trigger_target_dag.py
[2025-12-07T16:00:48.935+0000] {logging_mixin.py:188} INFO - [2025-12-07T16:00:48.935+0000] {dag.py:3036} INFO - Sync 1 DAGs
[2025-12-07T16:00:48.951+0000] {logging_mixin.py:188} INFO - [2025-12-07T16:00:48.951+0000] {dag.py:3823} INFO - Setting next_dagrun for example_trigger_target_dag to None, run_after=None
[2025-12-07T16:00:48.983+0000] {processor.py:183} INFO - Processing /home/airflow/.local/lib/python3.8/site-packages/airflow/example_dags/example_trigger_target_dag.py took 0.094 seconds
[2025-12-07T16:01:19.378+0000] {processor.py:161} INFO - Started process (PID=695) to work on /home/airflow/.local/lib/python3.8/site-packages/airflow/example_dags/example_trigger_target_dag.py
[2025-12-07T16:01:19.380+0000] {processor.py:830} INFO - Processing file /home/airflow/.local/lib/python3.8/site-packages/airflow/example_dags/example_trigger_target_dag.py for tasks to queue
[2025-12-07T16:01:19.383+0000] {logging_mixin.py:188} INFO - [2025-12-07T16:01:19.383+0000] {dagbag.py:538} INFO - Filling up the DagBag from /home/airflow/.local/lib/python3.8/site-packages/airflow/example_dags/example_trigger_target_dag.py
[2025-12-07T16:01:19.392+0000] {processor.py:840} INFO - DAG(s) 'example_trigger_target_dag' retrieved from /home/airflow/.local/lib/python3.8/site-packages/airflow/example_dags/example_trigger_target_dag.py
[2025-12-07T16:01:19.424+0000] {logging_mixin.py:188} INFO - [2025-12-07T16:01:19.423+0000] {dag.py:3036} INFO - Sync 1 DAGs
[2025-12-07T16:01:19.443+0000] {logging_mixin.py:188} INFO - [2025-12-07T16:01:19.443+0000] {dag.py:3823} INFO - Setting next_dagrun for example_trigger_target_dag to None, run_after=None
[2025-12-07T16:01:19.476+0000] {processor.py:183} INFO - Processing /home/airflow/.local/lib/python3.8/site-packages/airflow/example_dags/example_trigger_target_dag.py took 0.106 seconds
[2025-12-07T16:01:49.679+0000] {processor.py:161} INFO - Started process (PID=756) to work on /home/airflow/.local/lib/python3.8/site-packages/airflow/example_dags/example_trigger_target_dag.py
[2025-12-07T16:01:49.680+0000] {processor.py:830} INFO - Processing file /home/airflow/.local/lib/python3.8/site-packages/airflow/example_dags/example_trigger_target_dag.py for tasks to queue
[2025-12-07T16:01:49.683+0000] {logging_mixin.py:188} INFO - [2025-12-07T16:01:49.682+0000] {dagbag.py:538} INFO - Filling up the DagBag from /home/airflow/.local/lib/python3.8/site-packages/airflow/example_dags/example_trigger_target_dag.py
[2025-12-07T16:01:49.691+0000] {processor.py:840} INFO - DAG(s) 'example_trigger_target_dag' retrieved from /home/airflow/.local/lib/python3.8/site-packages/airflow/example_dags/example_trigger_target_dag.py
[2025-12-07T16:01:49.724+0000] {logging_mixin.py:188} INFO - [2025-12-07T16:01:49.723+0000] {dag.py:3036} INFO - Sync 1 DAGs
[2025-12-07T16:01:49.740+0000] {logging_mixin.py:188} INFO - [2025-12-07T16:01:49.740+0000] {dag.py:3823} INFO - Setting next_dagrun for example_trigger_target_dag to None, run_after=None
[2025-12-07T16:01:49.771+0000] {processor.py:183} INFO - Processing /home/airflow/.local/lib/python3.8/site-packages/airflow/example_dags/example_trigger_target_dag.py took 0.098 seconds
[2025-12-07T16:02:20.421+0000] {processor.py:161} INFO - Started process (PID=817) to work on /home/airflow/.local/lib/python3.8/site-packages/airflow/example_dags/example_trigger_target_dag.py
[2025-12-07T16:02:20.422+0000] {processor.py:830} INFO - Processing file /home/airflow/.local/lib/python3.8/site-packages/airflow/example_dags/example_trigger_target_dag.py for tasks to queue
[2025-12-07T16:02:20.425+0000] {logging_mixin.py:188} INFO - [2025-12-07T16:02:20.425+0000] {dagbag.py:538} INFO - Filling up the DagBag from /home/airflow/.local/lib/python3.8/site-packages/airflow/example_dags/example_trigger_target_dag.py
[2025-12-07T16:02:20.436+0000] {processor.py:840} INFO - DAG(s) 'example_trigger_target_dag' retrieved from /home/airflow/.local/lib/python3.8/site-packages/airflow/example_dags/example_trigger_target_dag.py
[2025-12-07T16:02:20.474+0000] {logging_mixin.py:188} INFO - [2025-12-07T16:02:20.474+0000] {dag.py:3036} INFO - Sync 1 DAGs
[2025-12-07T16:02:20.493+0000] {logging_mixin.py:188} INFO - [2025-12-07T16:02:20.492+0000] {dag.py:3823} INFO - Setting next_dagrun for example_trigger_target_dag to None, run_after=None
[2025-12-07T16:02:20.522+0000] {processor.py:183} INFO - Processing /home/airflow/.local/lib/python3.8/site-packages/airflow/example_dags/example_trigger_target_dag.py took 0.105 seconds
[2025-12-07T16:02:50.691+0000] {processor.py:161} INFO - Started process (PID=878) to work on /home/airflow/.local/lib/python3.8/site-packages/airflow/example_dags/example_trigger_target_dag.py
[2025-12-07T16:02:50.694+0000] {processor.py:830} INFO - Processing file /home/airflow/.local/lib/python3.8/site-packages/airflow/example_dags/example_trigger_target_dag.py for tasks to queue
[2025-12-07T16:02:50.697+0000] {logging_mixin.py:188} INFO - [2025-12-07T16:02:50.696+0000] {dagbag.py:538} INFO - Filling up the DagBag from /home/airflow/.local/lib/python3.8/site-packages/airflow/example_dags/example_trigger_target_dag.py
[2025-12-07T16:02:50.705+0000] {processor.py:840} INFO - DAG(s) 'example_trigger_target_dag' retrieved from /home/airflow/.local/lib/python3.8/site-packages/airflow/example_dags/example_trigger_target_dag.py
[2025-12-07T16:02:50.736+0000] {logging_mixin.py:188} INFO - [2025-12-07T16:02:50.736+0000] {dag.py:3036} INFO - Sync 1 DAGs
[2025-12-07T16:02:50.752+0000] {logging_mixin.py:188} INFO - [2025-12-07T16:02:50.752+0000] {dag.py:3823} INFO - Setting next_dagrun for example_trigger_target_dag to None, run_after=None
[2025-12-07T16:02:50.783+0000] {processor.py:183} INFO - Processing /home/airflow/.local/lib/python3.8/site-packages/airflow/example_dags/example_trigger_target_dag.py took 0.096 seconds
[2025-12-07T16:03:20.850+0000] {processor.py:161} INFO - Started process (PID=939) to work on /home/airflow/.local/lib/python3.8/site-packages/airflow/example_dags/example_trigger_target_dag.py
[2025-12-07T16:03:20.851+0000] {processor.py:830} INFO - Processing file /home/airflow/.local/lib/python3.8/site-packages/airflow/example_dags/example_trigger_target_dag.py for tasks to queue
[2025-12-07T16:03:20.854+0000] {logging_mixin.py:188} INFO - [2025-12-07T16:03:20.853+0000] {dagbag.py:538} INFO - Filling up the DagBag from /home/airflow/.local/lib/python3.8/site-packages/airflow/example_dags/example_trigger_target_dag.py
[2025-12-07T16:03:20.861+0000] {processor.py:840} INFO - DAG(s) 'example_trigger_target_dag' retrieved from /home/airflow/.local/lib/python3.8/site-packages/airflow/example_dags/example_trigger_target_dag.py
[2025-12-07T16:03:20.891+0000] {logging_mixin.py:188} INFO - [2025-12-07T16:03:20.891+0000] {dag.py:3036} INFO - Sync 1 DAGs
[2025-12-07T16:03:20.909+0000] {logging_mixin.py:188} INFO - [2025-12-07T16:03:20.909+0000] {dag.py:3823} INFO - Setting next_dagrun for example_trigger_target_dag to None, run_after=None
[2025-12-07T16:03:20.943+0000] {processor.py:183} INFO - Processing /home/airflow/.local/lib/python3.8/site-packages/airflow/example_dags/example_trigger_target_dag.py took 0.098 seconds
[2025-12-07T16:03:51.627+0000] {processor.py:161} INFO - Started process (PID=1000) to work on /home/airflow/.local/lib/python3.8/site-packages/airflow/example_dags/example_trigger_target_dag.py
[2025-12-07T16:03:51.629+0000] {processor.py:830} INFO - Processing file /home/airflow/.local/lib/python3.8/site-packages/airflow/example_dags/example_trigger_target_dag.py for tasks to queue
[2025-12-07T16:03:51.631+0000] {logging_mixin.py:188} INFO - [2025-12-07T16:03:51.631+0000] {dagbag.py:538} INFO - Filling up the DagBag from /home/airflow/.local/lib/python3.8/site-packages/airflow/example_dags/example_trigger_target_dag.py
[2025-12-07T16:03:51.639+0000] {processor.py:840} INFO - DAG(s) 'example_trigger_target_dag' retrieved from /home/airflow/.local/lib/python3.8/site-packages/airflow/example_dags/example_trigger_target_dag.py
[2025-12-07T16:03:51.670+0000] {logging_mixin.py:188} INFO - [2025-12-07T16:03:51.669+0000] {dag.py:3036} INFO - Sync 1 DAGs
[2025-12-07T16:03:51.687+0000] {logging_mixin.py:188} INFO - [2025-12-07T16:03:51.686+0000] {dag.py:3823} INFO - Setting next_dagrun for example_trigger_target_dag to None, run_after=None
[2025-12-07T16:03:51.720+0000] {processor.py:183} INFO - Processing /home/airflow/.local/lib/python3.8/site-packages/airflow/example_dags/example_trigger_target_dag.py took 0.098 seconds
[2025-12-07T16:04:21.980+0000] {processor.py:161} INFO - Started process (PID=1061) to work on /home/airflow/.local/lib/python3.8/site-packages/airflow/example_dags/example_trigger_target_dag.py
[2025-12-07T16:04:21.981+0000] {processor.py:830} INFO - Processing file /home/airflow/.local/lib/python3.8/site-packages/airflow/example_dags/example_trigger_target_dag.py for tasks to queue
[2025-12-07T16:04:21.984+0000] {logging_mixin.py:188} INFO - [2025-12-07T16:04:21.984+0000] {dagbag.py:538} INFO - Filling up the DagBag from /home/airflow/.local/lib/python3.8/site-packages/airflow/example_dags/example_trigger_target_dag.py
[2025-12-07T16:04:21.993+0000] {processor.py:840} INFO - DAG(s) 'example_trigger_target_dag' retrieved from /home/airflow/.local/lib/python3.8/site-packages/airflow/example_dags/example_trigger_target_dag.py
[2025-12-07T16:04:22.024+0000] {logging_mixin.py:188} INFO - [2025-12-07T16:04:22.024+0000] {dag.py:3036} INFO - Sync 1 DAGs
[2025-12-07T16:04:22.040+0000] {logging_mixin.py:188} INFO - [2025-12-07T16:04:22.040+0000] {dag.py:3823} INFO - Setting next_dagrun for example_trigger_target_dag to None, run_after=None
[2025-12-07T16:04:22.073+0000] {processor.py:183} INFO - Processing /home/airflow/.local/lib/python3.8/site-packages/airflow/example_dags/example_trigger_target_dag.py took 0.098 seconds
[2025-12-07T16:04:52.268+0000] {processor.py:161} INFO - Started process (PID=1121) to work on /home/airflow/.local/lib/python3.8/site-packages/airflow/example_dags/example_trigger_target_dag.py
[2025-12-07T16:04:52.269+0000] {processor.py:830} INFO - Processing file /home/airflow/.local/lib/python3.8/site-packages/airflow/example_dags/example_trigger_target_dag.py for tasks to queue
[2025-12-07T16:04:52.272+0000] {logging_mixin.py:188} INFO - [2025-12-07T16:04:52.271+0000] {dagbag.py:538} INFO - Filling up the DagBag from /home/airflow/.local/lib/python3.8/site-packages/airflow/example_dags/example_trigger_target_dag.py
[2025-12-07T16:04:52.280+0000] {processor.py:840} INFO - DAG(s) 'example_trigger_target_dag' retrieved from /home/airflow/.local/lib/python3.8/site-packages/airflow/example_dags/example_trigger_target_dag.py
[2025-12-07T16:04:52.307+0000] {logging_mixin.py:188} INFO - [2025-12-07T16:04:52.307+0000] {dag.py:3036} INFO - Sync 1 DAGs
[2025-12-07T16:04:52.322+0000] {logging_mixin.py:188} INFO - [2025-12-07T16:04:52.321+0000] {dag.py:3823} INFO - Setting next_dagrun for example_trigger_target_dag to None, run_after=None
[2025-12-07T16:04:52.350+0000] {processor.py:183} INFO - Processing /home/airflow/.local/lib/python3.8/site-packages/airflow/example_dags/example_trigger_target_dag.py took 0.086 seconds
[2025-12-07T16:05:22.946+0000] {processor.py:161} INFO - Started process (PID=1182) to work on /home/airflow/.local/lib/python3.8/site-packages/airflow/example_dags/example_trigger_target_dag.py
[2025-12-07T16:05:22.947+0000] {processor.py:830} INFO - Processing file /home/airflow/.local/lib/python3.8/site-packages/airflow/example_dags/example_trigger_target_dag.py for tasks to queue
[2025-12-07T16:05:22.950+0000] {logging_mixin.py:188} INFO - [2025-12-07T16:05:22.949+0000] {dagbag.py:538} INFO - Filling up the DagBag from /home/airflow/.local/lib/python3.8/site-packages/airflow/example_dags/example_trigger_target_dag.py
[2025-12-07T16:05:22.959+0000] {processor.py:840} INFO - DAG(s) 'example_trigger_target_dag' retrieved from /home/airflow/.local/lib/python3.8/site-packages/airflow/example_dags/example_trigger_target_dag.py
[2025-12-07T16:05:22.988+0000] {logging_mixin.py:188} INFO - [2025-12-07T16:05:22.988+0000] {dag.py:3036} INFO - Sync 1 DAGs
[2025-12-07T16:05:23.004+0000] {logging_mixin.py:188} INFO - [2025-12-07T16:05:23.004+0000] {dag.py:3823} INFO - Setting next_dagrun for example_trigger_target_dag to None, run_after=None
[2025-12-07T16:05:23.038+0000] {processor.py:183} INFO - Processing /home/airflow/.local/lib/python3.8/site-packages/airflow/example_dags/example_trigger_target_dag.py took 0.097 seconds
[2025-12-07T16:05:53.369+0000] {processor.py:161} INFO - Started process (PID=1243) to work on /home/airflow/.local/lib/python3.8/site-packages/airflow/example_dags/example_trigger_target_dag.py
[2025-12-07T16:05:53.371+0000] {processor.py:830} INFO - Processing file /home/airflow/.local/lib/python3.8/site-packages/airflow/example_dags/example_trigger_target_dag.py for tasks to queue
[2025-12-07T16:05:53.374+0000] {logging_mixin.py:188} INFO - [2025-12-07T16:05:53.374+0000] {dagbag.py:538} INFO - Filling up the DagBag from /home/airflow/.local/lib/python3.8/site-packages/airflow/example_dags/example_trigger_target_dag.py
[2025-12-07T16:05:53.385+0000] {processor.py:840} INFO - DAG(s) 'example_trigger_target_dag' retrieved from /home/airflow/.local/lib/python3.8/site-packages/airflow/example_dags/example_trigger_target_dag.py
[2025-12-07T16:05:53.416+0000] {logging_mixin.py:188} INFO - [2025-12-07T16:05:53.416+0000] {dag.py:3036} INFO - Sync 1 DAGs
[2025-12-07T16:05:53.436+0000] {logging_mixin.py:188} INFO - [2025-12-07T16:05:53.436+0000] {dag.py:3823} INFO - Setting next_dagrun for example_trigger_target_dag to None, run_after=None
[2025-12-07T16:05:53.472+0000] {processor.py:183} INFO - Processing /home/airflow/.local/lib/python3.8/site-packages/airflow/example_dags/example_trigger_target_dag.py took 0.107 seconds
[2025-12-07T16:06:23.548+0000] {processor.py:161} INFO - Started process (PID=1304) to work on /home/airflow/.local/lib/python3.8/site-packages/airflow/example_dags/example_trigger_target_dag.py
[2025-12-07T16:06:23.549+0000] {processor.py:830} INFO - Processing file /home/airflow/.local/lib/python3.8/site-packages/airflow/example_dags/example_trigger_target_dag.py for tasks to queue
[2025-12-07T16:06:23.552+0000] {logging_mixin.py:188} INFO - [2025-12-07T16:06:23.552+0000] {dagbag.py:538} INFO - Filling up the DagBag from /home/airflow/.local/lib/python3.8/site-packages/airflow/example_dags/example_trigger_target_dag.py
[2025-12-07T16:06:23.560+0000] {processor.py:840} INFO - DAG(s) 'example_trigger_target_dag' retrieved from /home/airflow/.local/lib/python3.8/site-packages/airflow/example_dags/example_trigger_target_dag.py
[2025-12-07T16:06:23.590+0000] {logging_mixin.py:188} INFO - [2025-12-07T16:06:23.589+0000] {dag.py:3036} INFO - Sync 1 DAGs
[2025-12-07T16:06:23.605+0000] {logging_mixin.py:188} INFO - [2025-12-07T16:06:23.605+0000] {dag.py:3823} INFO - Setting next_dagrun for example_trigger_target_dag to None, run_after=None
[2025-12-07T16:06:23.634+0000] {processor.py:183} INFO - Processing /home/airflow/.local/lib/python3.8/site-packages/airflow/example_dags/example_trigger_target_dag.py took 0.090 seconds
[2025-12-07T16:06:54.161+0000] {processor.py:161} INFO - Started process (PID=1365) to work on /home/airflow/.local/lib/python3.8/site-packages/airflow/example_dags/example_trigger_target_dag.py
[2025-12-07T16:06:54.163+0000] {processor.py:830} INFO - Processing file /home/airflow/.local/lib/python3.8/site-packages/airflow/example_dags/example_trigger_target_dag.py for tasks to queue
[2025-12-07T16:06:54.165+0000] {logging_mixin.py:188} INFO - [2025-12-07T16:06:54.165+0000] {dagbag.py:538} INFO - Filling up the DagBag from /home/airflow/.local/lib/python3.8/site-packages/airflow/example_dags/example_trigger_target_dag.py
[2025-12-07T16:06:54.173+0000] {processor.py:840} INFO - DAG(s) 'example_trigger_target_dag' retrieved from /home/airflow/.local/lib/python3.8/site-packages/airflow/example_dags/example_trigger_target_dag.py
[2025-12-07T16:06:54.204+0000] {logging_mixin.py:188} INFO - [2025-12-07T16:06:54.203+0000] {dag.py:3036} INFO - Sync 1 DAGs
[2025-12-07T16:06:54.223+0000] {logging_mixin.py:188} INFO - [2025-12-07T16:06:54.223+0000] {dag.py:3823} INFO - Setting next_dagrun for example_trigger_target_dag to None, run_after=None
[2025-12-07T16:06:54.254+0000] {processor.py:183} INFO - Processing /home/airflow/.local/lib/python3.8/site-packages/airflow/example_dags/example_trigger_target_dag.py took 0.097 seconds
[2025-12-07T16:07:24.663+0000] {processor.py:161} INFO - Started process (PID=1426) to work on /home/airflow/.local/lib/python3.8/site-packages/airflow/example_dags/example_trigger_target_dag.py
[2025-12-07T16:07:24.664+0000] {processor.py:830} INFO - Processing file /home/airflow/.local/lib/python3.8/site-packages/airflow/example_dags/example_trigger_target_dag.py for tasks to queue
[2025-12-07T16:07:24.667+0000] {logging_mixin.py:188} INFO - [2025-12-07T16:07:24.666+0000] {dagbag.py:538} INFO - Filling up the DagBag from /home/airflow/.local/lib/python3.8/site-packages/airflow/example_dags/example_trigger_target_dag.py
[2025-12-07T16:07:24.674+0000] {processor.py:840} INFO - DAG(s) 'example_trigger_target_dag' retrieved from /home/airflow/.local/lib/python3.8/site-packages/airflow/example_dags/example_trigger_target_dag.py
[2025-12-07T16:07:24.705+0000] {logging_mixin.py:188} INFO - [2025-12-07T16:07:24.705+0000] {dag.py:3036} INFO - Sync 1 DAGs
[2025-12-07T16:07:24.723+0000] {logging_mixin.py:188} INFO - [2025-12-07T16:07:24.723+0000] {dag.py:3823} INFO - Setting next_dagrun for example_trigger_target_dag to None, run_after=None
[2025-12-07T16:07:24.756+0000] {processor.py:183} INFO - Processing /home/airflow/.local/lib/python3.8/site-packages/airflow/example_dags/example_trigger_target_dag.py took 0.098 seconds
[2025-12-07T16:07:54.905+0000] {processor.py:161} INFO - Started process (PID=1487) to work on /home/airflow/.local/lib/python3.8/site-packages/airflow/example_dags/example_trigger_target_dag.py
[2025-12-07T16:07:54.907+0000] {processor.py:830} INFO - Processing file /home/airflow/.local/lib/python3.8/site-packages/airflow/example_dags/example_trigger_target_dag.py for tasks to queue
[2025-12-07T16:07:54.910+0000] {logging_mixin.py:188} INFO - [2025-12-07T16:07:54.909+0000] {dagbag.py:538} INFO - Filling up the DagBag from /home/airflow/.local/lib/python3.8/site-packages/airflow/example_dags/example_trigger_target_dag.py
[2025-12-07T16:07:54.918+0000] {processor.py:840} INFO - DAG(s) 'example_trigger_target_dag' retrieved from /home/airflow/.local/lib/python3.8/site-packages/airflow/example_dags/example_trigger_target_dag.py
[2025-12-07T16:07:54.951+0000] {logging_mixin.py:188} INFO - [2025-12-07T16:07:54.950+0000] {dag.py:3036} INFO - Sync 1 DAGs
[2025-12-07T16:07:54.969+0000] {logging_mixin.py:188} INFO - [2025-12-07T16:07:54.968+0000] {dag.py:3823} INFO - Setting next_dagrun for example_trigger_target_dag to None, run_after=None
[2025-12-07T16:07:55.002+0000] {processor.py:183} INFO - Processing /home/airflow/.local/lib/python3.8/site-packages/airflow/example_dags/example_trigger_target_dag.py took 0.104 seconds
[2025-12-07T16:08:25.929+0000] {processor.py:161} INFO - Started process (PID=1548) to work on /home/airflow/.local/lib/python3.8/site-packages/airflow/example_dags/example_trigger_target_dag.py
[2025-12-07T16:08:25.930+0000] {processor.py:830} INFO - Processing file /home/airflow/.local/lib/python3.8/site-packages/airflow/example_dags/example_trigger_target_dag.py for tasks to queue
[2025-12-07T16:08:25.934+0000] {logging_mixin.py:188} INFO - [2025-12-07T16:08:25.933+0000] {dagbag.py:538} INFO - Filling up the DagBag from /home/airflow/.local/lib/python3.8/site-packages/airflow/example_dags/example_trigger_target_dag.py
[2025-12-07T16:08:25.942+0000] {processor.py:840} INFO - DAG(s) 'example_trigger_target_dag' retrieved from /home/airflow/.local/lib/python3.8/site-packages/airflow/example_dags/example_trigger_target_dag.py
[2025-12-07T16:08:25.970+0000] {logging_mixin.py:188} INFO - [2025-12-07T16:08:25.970+0000] {dag.py:3036} INFO - Sync 1 DAGs
[2025-12-07T16:08:25.990+0000] {logging_mixin.py:188} INFO - [2025-12-07T16:08:25.989+0000] {dag.py:3823} INFO - Setting next_dagrun for example_trigger_target_dag to None, run_after=None
[2025-12-07T16:08:26.021+0000] {processor.py:183} INFO - Processing /home/airflow/.local/lib/python3.8/site-packages/airflow/example_dags/example_trigger_target_dag.py took 0.097 seconds
[2025-12-07T16:08:56.321+0000] {processor.py:161} INFO - Started process (PID=1609) to work on /home/airflow/.local/lib/python3.8/site-packages/airflow/example_dags/example_trigger_target_dag.py
[2025-12-07T16:08:56.323+0000] {processor.py:830} INFO - Processing file /home/airflow/.local/lib/python3.8/site-packages/airflow/example_dags/example_trigger_target_dag.py for tasks to queue
[2025-12-07T16:08:56.326+0000] {logging_mixin.py:188} INFO - [2025-12-07T16:08:56.325+0000] {dagbag.py:538} INFO - Filling up the DagBag from /home/airflow/.local/lib/python3.8/site-packages/airflow/example_dags/example_trigger_target_dag.py
[2025-12-07T16:08:56.333+0000] {processor.py:840} INFO - DAG(s) 'example_trigger_target_dag' retrieved from /home/airflow/.local/lib/python3.8/site-packages/airflow/example_dags/example_trigger_target_dag.py
[2025-12-07T16:08:56.369+0000] {logging_mixin.py:188} INFO - [2025-12-07T16:08:56.368+0000] {dag.py:3036} INFO - Sync 1 DAGs
[2025-12-07T16:08:56.391+0000] {logging_mixin.py:188} INFO - [2025-12-07T16:08:56.391+0000] {dag.py:3823} INFO - Setting next_dagrun for example_trigger_target_dag to None, run_after=None
[2025-12-07T16:08:56.421+0000] {processor.py:183} INFO - Processing /home/airflow/.local/lib/python3.8/site-packages/airflow/example_dags/example_trigger_target_dag.py took 0.105 seconds
[2025-12-07T16:09:26.521+0000] {processor.py:161} INFO - Started process (PID=1670) to work on /home/airflow/.local/lib/python3.8/site-packages/airflow/example_dags/example_trigger_target_dag.py
[2025-12-07T16:09:26.523+0000] {processor.py:830} INFO - Processing file /home/airflow/.local/lib/python3.8/site-packages/airflow/example_dags/example_trigger_target_dag.py for tasks to queue
[2025-12-07T16:09:26.526+0000] {logging_mixin.py:188} INFO - [2025-12-07T16:09:26.525+0000] {dagbag.py:538} INFO - Filling up the DagBag from /home/airflow/.local/lib/python3.8/site-packages/airflow/example_dags/example_trigger_target_dag.py
[2025-12-07T16:09:26.534+0000] {processor.py:840} INFO - DAG(s) 'example_trigger_target_dag' retrieved from /home/airflow/.local/lib/python3.8/site-packages/airflow/example_dags/example_trigger_target_dag.py
[2025-12-07T16:09:26.570+0000] {logging_mixin.py:188} INFO - [2025-12-07T16:09:26.570+0000] {dag.py:3036} INFO - Sync 1 DAGs
[2025-12-07T16:09:26.588+0000] {logging_mixin.py:188} INFO - [2025-12-07T16:09:26.588+0000] {dag.py:3823} INFO - Setting next_dagrun for example_trigger_target_dag to None, run_after=None
[2025-12-07T16:09:26.623+0000] {processor.py:183} INFO - Processing /home/airflow/.local/lib/python3.8/site-packages/airflow/example_dags/example_trigger_target_dag.py took 0.107 seconds
[2025-12-07T16:09:56.813+0000] {processor.py:161} INFO - Started process (PID=1731) to work on /home/airflow/.local/lib/python3.8/site-packages/airflow/example_dags/example_trigger_target_dag.py
[2025-12-07T16:09:56.815+0000] {processor.py:830} INFO - Processing file /home/airflow/.local/lib/python3.8/site-packages/airflow/example_dags/example_trigger_target_dag.py for tasks to queue
[2025-12-07T16:09:56.817+0000] {logging_mixin.py:188} INFO - [2025-12-07T16:09:56.817+0000] {dagbag.py:538} INFO - Filling up the DagBag from /home/airflow/.local/lib/python3.8/site-packages/airflow/example_dags/example_trigger_target_dag.py
[2025-12-07T16:09:56.825+0000] {processor.py:840} INFO - DAG(s) 'example_trigger_target_dag' retrieved from /home/airflow/.local/lib/python3.8/site-packages/airflow/example_dags/example_trigger_target_dag.py
[2025-12-07T16:09:56.856+0000] {logging_mixin.py:188} INFO - [2025-12-07T16:09:56.855+0000] {dag.py:3036} INFO - Sync 1 DAGs
[2025-12-07T16:09:56.874+0000] {logging_mixin.py:188} INFO - [2025-12-07T16:09:56.873+0000] {dag.py:3823} INFO - Setting next_dagrun for example_trigger_target_dag to None, run_after=None
[2025-12-07T16:09:56.906+0000] {processor.py:183} INFO - Processing /home/airflow/.local/lib/python3.8/site-packages/airflow/example_dags/example_trigger_target_dag.py took 0.097 seconds
[2025-12-07T16:10:27.172+0000] {processor.py:161} INFO - Started process (PID=1792) to work on /home/airflow/.local/lib/python3.8/site-packages/airflow/example_dags/example_trigger_target_dag.py
[2025-12-07T16:10:27.173+0000] {processor.py:830} INFO - Processing file /home/airflow/.local/lib/python3.8/site-packages/airflow/example_dags/example_trigger_target_dag.py for tasks to queue
[2025-12-07T16:10:27.175+0000] {logging_mixin.py:188} INFO - [2025-12-07T16:10:27.175+0000] {dagbag.py:538} INFO - Filling up the DagBag from /home/airflow/.local/lib/python3.8/site-packages/airflow/example_dags/example_trigger_target_dag.py
[2025-12-07T16:10:27.184+0000] {processor.py:840} INFO - DAG(s) 'example_trigger_target_dag' retrieved from /home/airflow/.local/lib/python3.8/site-packages/airflow/example_dags/example_trigger_target_dag.py
[2025-12-07T16:10:27.218+0000] {logging_mixin.py:188} INFO - [2025-12-07T16:10:27.217+0000] {dag.py:3036} INFO - Sync 1 DAGs
[2025-12-07T16:10:27.236+0000] {logging_mixin.py:188} INFO - [2025-12-07T16:10:27.235+0000] {dag.py:3823} INFO - Setting next_dagrun for example_trigger_target_dag to None, run_after=None
[2025-12-07T16:10:27.271+0000] {processor.py:183} INFO - Processing /home/airflow/.local/lib/python3.8/site-packages/airflow/example_dags/example_trigger_target_dag.py took 0.104 seconds
[2025-12-07T16:10:57.623+0000] {processor.py:161} INFO - Started process (PID=1853) to work on /home/airflow/.local/lib/python3.8/site-packages/airflow/example_dags/example_trigger_target_dag.py
[2025-12-07T16:10:57.624+0000] {processor.py:830} INFO - Processing file /home/airflow/.local/lib/python3.8/site-packages/airflow/example_dags/example_trigger_target_dag.py for tasks to queue
[2025-12-07T16:10:57.627+0000] {logging_mixin.py:188} INFO - [2025-12-07T16:10:57.626+0000] {dagbag.py:538} INFO - Filling up the DagBag from /home/airflow/.local/lib/python3.8/site-packages/airflow/example_dags/example_trigger_target_dag.py
[2025-12-07T16:10:57.634+0000] {processor.py:840} INFO - DAG(s) 'example_trigger_target_dag' retrieved from /home/airflow/.local/lib/python3.8/site-packages/airflow/example_dags/example_trigger_target_dag.py
[2025-12-07T16:10:57.662+0000] {logging_mixin.py:188} INFO - [2025-12-07T16:10:57.661+0000] {dag.py:3036} INFO - Sync 1 DAGs
[2025-12-07T16:10:57.677+0000] {logging_mixin.py:188} INFO - [2025-12-07T16:10:57.677+0000] {dag.py:3823} INFO - Setting next_dagrun for example_trigger_target_dag to None, run_after=None
[2025-12-07T16:10:57.706+0000] {processor.py:183} INFO - Processing /home/airflow/.local/lib/python3.8/site-packages/airflow/example_dags/example_trigger_target_dag.py took 0.088 seconds
[2025-12-07T16:11:28.075+0000] {processor.py:161} INFO - Started process (PID=1914) to work on /home/airflow/.local/lib/python3.8/site-packages/airflow/example_dags/example_trigger_target_dag.py
[2025-12-07T16:11:28.076+0000] {processor.py:830} INFO - Processing file /home/airflow/.local/lib/python3.8/site-packages/airflow/example_dags/example_trigger_target_dag.py for tasks to queue
[2025-12-07T16:11:28.078+0000] {logging_mixin.py:188} INFO - [2025-12-07T16:11:28.078+0000] {dagbag.py:538} INFO - Filling up the DagBag from /home/airflow/.local/lib/python3.8/site-packages/airflow/example_dags/example_trigger_target_dag.py
[2025-12-07T16:11:28.085+0000] {processor.py:840} INFO - DAG(s) 'example_trigger_target_dag' retrieved from /home/airflow/.local/lib/python3.8/site-packages/airflow/example_dags/example_trigger_target_dag.py
[2025-12-07T16:11:28.113+0000] {logging_mixin.py:188} INFO - [2025-12-07T16:11:28.113+0000] {dag.py:3036} INFO - Sync 1 DAGs
[2025-12-07T16:11:28.129+0000] {logging_mixin.py:188} INFO - [2025-12-07T16:11:28.129+0000] {dag.py:3823} INFO - Setting next_dagrun for example_trigger_target_dag to None, run_after=None
[2025-12-07T16:11:28.158+0000] {processor.py:183} INFO - Processing /home/airflow/.local/lib/python3.8/site-packages/airflow/example_dags/example_trigger_target_dag.py took 0.088 seconds
[2025-12-07T16:11:58.596+0000] {processor.py:161} INFO - Started process (PID=1975) to work on /home/airflow/.local/lib/python3.8/site-packages/airflow/example_dags/example_trigger_target_dag.py
[2025-12-07T16:11:58.598+0000] {processor.py:830} INFO - Processing file /home/airflow/.local/lib/python3.8/site-packages/airflow/example_dags/example_trigger_target_dag.py for tasks to queue
[2025-12-07T16:11:58.600+0000] {logging_mixin.py:188} INFO - [2025-12-07T16:11:58.600+0000] {dagbag.py:538} INFO - Filling up the DagBag from /home/airflow/.local/lib/python3.8/site-packages/airflow/example_dags/example_trigger_target_dag.py
[2025-12-07T16:11:58.608+0000] {processor.py:840} INFO - DAG(s) 'example_trigger_target_dag' retrieved from /home/airflow/.local/lib/python3.8/site-packages/airflow/example_dags/example_trigger_target_dag.py
[2025-12-07T16:11:58.642+0000] {logging_mixin.py:188} INFO - [2025-12-07T16:11:58.641+0000] {dag.py:3036} INFO - Sync 1 DAGs
[2025-12-07T16:11:58.659+0000] {logging_mixin.py:188} INFO - [2025-12-07T16:11:58.659+0000] {dag.py:3823} INFO - Setting next_dagrun for example_trigger_target_dag to None, run_after=None
[2025-12-07T16:11:58.691+0000] {processor.py:183} INFO - Processing /home/airflow/.local/lib/python3.8/site-packages/airflow/example_dags/example_trigger_target_dag.py took 0.100 seconds
[2025-12-07T16:12:29.383+0000] {processor.py:161} INFO - Started process (PID=2036) to work on /home/airflow/.local/lib/python3.8/site-packages/airflow/example_dags/example_trigger_target_dag.py
[2025-12-07T16:12:29.385+0000] {processor.py:830} INFO - Processing file /home/airflow/.local/lib/python3.8/site-packages/airflow/example_dags/example_trigger_target_dag.py for tasks to queue
[2025-12-07T16:12:29.388+0000] {logging_mixin.py:188} INFO - [2025-12-07T16:12:29.387+0000] {dagbag.py:538} INFO - Filling up the DagBag from /home/airflow/.local/lib/python3.8/site-packages/airflow/example_dags/example_trigger_target_dag.py
[2025-12-07T16:12:29.396+0000] {processor.py:840} INFO - DAG(s) 'example_trigger_target_dag' retrieved from /home/airflow/.local/lib/python3.8/site-packages/airflow/example_dags/example_trigger_target_dag.py
[2025-12-07T16:12:29.425+0000] {logging_mixin.py:188} INFO - [2025-12-07T16:12:29.425+0000] {dag.py:3036} INFO - Sync 1 DAGs
[2025-12-07T16:12:29.444+0000] {logging_mixin.py:188} INFO - [2025-12-07T16:12:29.443+0000] {dag.py:3823} INFO - Setting next_dagrun for example_trigger_target_dag to None, run_after=None
[2025-12-07T16:12:29.478+0000] {processor.py:183} INFO - Processing /home/airflow/.local/lib/python3.8/site-packages/airflow/example_dags/example_trigger_target_dag.py took 0.099 seconds
[2025-12-07T16:13:00.062+0000] {processor.py:161} INFO - Started process (PID=2097) to work on /home/airflow/.local/lib/python3.8/site-packages/airflow/example_dags/example_trigger_target_dag.py
[2025-12-07T16:13:00.064+0000] {processor.py:830} INFO - Processing file /home/airflow/.local/lib/python3.8/site-packages/airflow/example_dags/example_trigger_target_dag.py for tasks to queue
[2025-12-07T16:13:00.067+0000] {logging_mixin.py:188} INFO - [2025-12-07T16:13:00.066+0000] {dagbag.py:538} INFO - Filling up the DagBag from /home/airflow/.local/lib/python3.8/site-packages/airflow/example_dags/example_trigger_target_dag.py
[2025-12-07T16:13:00.074+0000] {processor.py:840} INFO - DAG(s) 'example_trigger_target_dag' retrieved from /home/airflow/.local/lib/python3.8/site-packages/airflow/example_dags/example_trigger_target_dag.py
[2025-12-07T16:13:00.114+0000] {logging_mixin.py:188} INFO - [2025-12-07T16:13:00.113+0000] {dag.py:3036} INFO - Sync 1 DAGs
[2025-12-07T16:13:00.131+0000] {logging_mixin.py:188} INFO - [2025-12-07T16:13:00.130+0000] {dag.py:3823} INFO - Setting next_dagrun for example_trigger_target_dag to None, run_after=None
[2025-12-07T16:13:00.166+0000] {processor.py:183} INFO - Processing /home/airflow/.local/lib/python3.8/site-packages/airflow/example_dags/example_trigger_target_dag.py took 0.109 seconds
[2025-12-07T16:13:30.870+0000] {processor.py:161} INFO - Started process (PID=2158) to work on /home/airflow/.local/lib/python3.8/site-packages/airflow/example_dags/example_trigger_target_dag.py
[2025-12-07T16:13:30.871+0000] {processor.py:830} INFO - Processing file /home/airflow/.local/lib/python3.8/site-packages/airflow/example_dags/example_trigger_target_dag.py for tasks to queue
[2025-12-07T16:13:30.875+0000] {logging_mixin.py:188} INFO - [2025-12-07T16:13:30.874+0000] {dagbag.py:538} INFO - Filling up the DagBag from /home/airflow/.local/lib/python3.8/site-packages/airflow/example_dags/example_trigger_target_dag.py
[2025-12-07T16:13:30.887+0000] {processor.py:840} INFO - DAG(s) 'example_trigger_target_dag' retrieved from /home/airflow/.local/lib/python3.8/site-packages/airflow/example_dags/example_trigger_target_dag.py
[2025-12-07T16:13:30.920+0000] {logging_mixin.py:188} INFO - [2025-12-07T16:13:30.920+0000] {dag.py:3036} INFO - Sync 1 DAGs
[2025-12-07T16:13:30.944+0000] {logging_mixin.py:188} INFO - [2025-12-07T16:13:30.943+0000] {dag.py:3823} INFO - Setting next_dagrun for example_trigger_target_dag to None, run_after=None
[2025-12-07T16:13:30.988+0000] {processor.py:183} INFO - Processing /home/airflow/.local/lib/python3.8/site-packages/airflow/example_dags/example_trigger_target_dag.py took 0.124 seconds
[2025-12-07T16:14:01.806+0000] {processor.py:161} INFO - Started process (PID=2220) to work on /home/airflow/.local/lib/python3.8/site-packages/airflow/example_dags/example_trigger_target_dag.py
[2025-12-07T16:14:01.807+0000] {processor.py:830} INFO - Processing file /home/airflow/.local/lib/python3.8/site-packages/airflow/example_dags/example_trigger_target_dag.py for tasks to queue
[2025-12-07T16:14:01.810+0000] {logging_mixin.py:188} INFO - [2025-12-07T16:14:01.809+0000] {dagbag.py:538} INFO - Filling up the DagBag from /home/airflow/.local/lib/python3.8/site-packages/airflow/example_dags/example_trigger_target_dag.py
[2025-12-07T16:14:01.818+0000] {processor.py:840} INFO - DAG(s) 'example_trigger_target_dag' retrieved from /home/airflow/.local/lib/python3.8/site-packages/airflow/example_dags/example_trigger_target_dag.py
[2025-12-07T16:14:01.848+0000] {logging_mixin.py:188} INFO - [2025-12-07T16:14:01.848+0000] {dag.py:3036} INFO - Sync 1 DAGs
[2025-12-07T16:14:01.866+0000] {logging_mixin.py:188} INFO - [2025-12-07T16:14:01.866+0000] {dag.py:3823} INFO - Setting next_dagrun for example_trigger_target_dag to None, run_after=None
[2025-12-07T16:14:01.898+0000] {processor.py:183} INFO - Processing /home/airflow/.local/lib/python3.8/site-packages/airflow/example_dags/example_trigger_target_dag.py took 0.098 seconds
[2025-12-07T16:14:32.069+0000] {processor.py:161} INFO - Started process (PID=2281) to work on /home/airflow/.local/lib/python3.8/site-packages/airflow/example_dags/example_trigger_target_dag.py
[2025-12-07T16:14:32.071+0000] {processor.py:830} INFO - Processing file /home/airflow/.local/lib/python3.8/site-packages/airflow/example_dags/example_trigger_target_dag.py for tasks to queue
[2025-12-07T16:14:32.074+0000] {logging_mixin.py:188} INFO - [2025-12-07T16:14:32.074+0000] {dagbag.py:538} INFO - Filling up the DagBag from /home/airflow/.local/lib/python3.8/site-packages/airflow/example_dags/example_trigger_target_dag.py
[2025-12-07T16:14:32.082+0000] {processor.py:840} INFO - DAG(s) 'example_trigger_target_dag' retrieved from /home/airflow/.local/lib/python3.8/site-packages/airflow/example_dags/example_trigger_target_dag.py
[2025-12-07T16:14:32.116+0000] {logging_mixin.py:188} INFO - [2025-12-07T16:14:32.116+0000] {dag.py:3036} INFO - Sync 1 DAGs
[2025-12-07T16:14:32.137+0000] {logging_mixin.py:188} INFO - [2025-12-07T16:14:32.137+0000] {dag.py:3823} INFO - Setting next_dagrun for example_trigger_target_dag to None, run_after=None
[2025-12-07T16:14:32.179+0000] {processor.py:183} INFO - Processing /home/airflow/.local/lib/python3.8/site-packages/airflow/example_dags/example_trigger_target_dag.py took 0.114 seconds
[2025-12-07T16:15:02.661+0000] {processor.py:161} INFO - Started process (PID=2342) to work on /home/airflow/.local/lib/python3.8/site-packages/airflow/example_dags/example_trigger_target_dag.py
[2025-12-07T16:15:02.662+0000] {processor.py:830} INFO - Processing file /home/airflow/.local/lib/python3.8/site-packages/airflow/example_dags/example_trigger_target_dag.py for tasks to queue
[2025-12-07T16:15:02.665+0000] {logging_mixin.py:188} INFO - [2025-12-07T16:15:02.664+0000] {dagbag.py:538} INFO - Filling up the DagBag from /home/airflow/.local/lib/python3.8/site-packages/airflow/example_dags/example_trigger_target_dag.py
[2025-12-07T16:15:02.672+0000] {processor.py:840} INFO - DAG(s) 'example_trigger_target_dag' retrieved from /home/airflow/.local/lib/python3.8/site-packages/airflow/example_dags/example_trigger_target_dag.py
[2025-12-07T16:15:02.702+0000] {logging_mixin.py:188} INFO - [2025-12-07T16:15:02.701+0000] {dag.py:3036} INFO - Sync 1 DAGs
[2025-12-07T16:15:02.717+0000] {logging_mixin.py:188} INFO - [2025-12-07T16:15:02.717+0000] {dag.py:3823} INFO - Setting next_dagrun for example_trigger_target_dag to None, run_after=None
[2025-12-07T16:15:02.751+0000] {processor.py:183} INFO - Processing /home/airflow/.local/lib/python3.8/site-packages/airflow/example_dags/example_trigger_target_dag.py took 0.095 seconds
[2025-12-07T16:15:33.053+0000] {processor.py:161} INFO - Started process (PID=2403) to work on /home/airflow/.local/lib/python3.8/site-packages/airflow/example_dags/example_trigger_target_dag.py
[2025-12-07T16:15:33.054+0000] {processor.py:830} INFO - Processing file /home/airflow/.local/lib/python3.8/site-packages/airflow/example_dags/example_trigger_target_dag.py for tasks to queue
[2025-12-07T16:15:33.058+0000] {logging_mixin.py:188} INFO - [2025-12-07T16:15:33.057+0000] {dagbag.py:538} INFO - Filling up the DagBag from /home/airflow/.local/lib/python3.8/site-packages/airflow/example_dags/example_trigger_target_dag.py
[2025-12-07T16:15:33.066+0000] {processor.py:840} INFO - DAG(s) 'example_trigger_target_dag' retrieved from /home/airflow/.local/lib/python3.8/site-packages/airflow/example_dags/example_trigger_target_dag.py
[2025-12-07T16:15:33.097+0000] {logging_mixin.py:188} INFO - [2025-12-07T16:15:33.097+0000] {dag.py:3036} INFO - Sync 1 DAGs
[2025-12-07T16:15:33.116+0000] {logging_mixin.py:188} INFO - [2025-12-07T16:15:33.116+0000] {dag.py:3823} INFO - Setting next_dagrun for example_trigger_target_dag to None, run_after=None
[2025-12-07T16:15:33.149+0000] {processor.py:183} INFO - Processing /home/airflow/.local/lib/python3.8/site-packages/airflow/example_dags/example_trigger_target_dag.py took 0.101 seconds
[2025-12-07T16:16:03.881+0000] {processor.py:161} INFO - Started process (PID=2464) to work on /home/airflow/.local/lib/python3.8/site-packages/airflow/example_dags/example_trigger_target_dag.py
[2025-12-07T16:16:03.885+0000] {processor.py:830} INFO - Processing file /home/airflow/.local/lib/python3.8/site-packages/airflow/example_dags/example_trigger_target_dag.py for tasks to queue
[2025-12-07T16:16:03.889+0000] {logging_mixin.py:188} INFO - [2025-12-07T16:16:03.888+0000] {dagbag.py:538} INFO - Filling up the DagBag from /home/airflow/.local/lib/python3.8/site-packages/airflow/example_dags/example_trigger_target_dag.py
[2025-12-07T16:16:03.898+0000] {processor.py:840} INFO - DAG(s) 'example_trigger_target_dag' retrieved from /home/airflow/.local/lib/python3.8/site-packages/airflow/example_dags/example_trigger_target_dag.py
[2025-12-07T16:16:03.929+0000] {logging_mixin.py:188} INFO - [2025-12-07T16:16:03.928+0000] {dag.py:3036} INFO - Sync 1 DAGs
[2025-12-07T16:16:03.948+0000] {logging_mixin.py:188} INFO - [2025-12-07T16:16:03.948+0000] {dag.py:3823} INFO - Setting next_dagrun for example_trigger_target_dag to None, run_after=None
[2025-12-07T16:16:03.986+0000] {processor.py:183} INFO - Processing /home/airflow/.local/lib/python3.8/site-packages/airflow/example_dags/example_trigger_target_dag.py took 0.114 seconds
[2025-12-07T16:16:34.276+0000] {processor.py:161} INFO - Started process (PID=2525) to work on /home/airflow/.local/lib/python3.8/site-packages/airflow/example_dags/example_trigger_target_dag.py
[2025-12-07T16:16:34.278+0000] {processor.py:830} INFO - Processing file /home/airflow/.local/lib/python3.8/site-packages/airflow/example_dags/example_trigger_target_dag.py for tasks to queue
[2025-12-07T16:16:34.281+0000] {logging_mixin.py:188} INFO - [2025-12-07T16:16:34.280+0000] {dagbag.py:538} INFO - Filling up the DagBag from /home/airflow/.local/lib/python3.8/site-packages/airflow/example_dags/example_trigger_target_dag.py
[2025-12-07T16:16:34.291+0000] {processor.py:840} INFO - DAG(s) 'example_trigger_target_dag' retrieved from /home/airflow/.local/lib/python3.8/site-packages/airflow/example_dags/example_trigger_target_dag.py
[2025-12-07T16:16:34.328+0000] {logging_mixin.py:188} INFO - [2025-12-07T16:16:34.328+0000] {dag.py:3036} INFO - Sync 1 DAGs
[2025-12-07T16:16:34.350+0000] {logging_mixin.py:188} INFO - [2025-12-07T16:16:34.350+0000] {dag.py:3823} INFO - Setting next_dagrun for example_trigger_target_dag to None, run_after=None
[2025-12-07T16:16:34.387+0000] {processor.py:183} INFO - Processing /home/airflow/.local/lib/python3.8/site-packages/airflow/example_dags/example_trigger_target_dag.py took 0.116 seconds
[2025-12-07T16:17:05.191+0000] {processor.py:161} INFO - Started process (PID=2586) to work on /home/airflow/.local/lib/python3.8/site-packages/airflow/example_dags/example_trigger_target_dag.py
[2025-12-07T16:17:05.193+0000] {processor.py:830} INFO - Processing file /home/airflow/.local/lib/python3.8/site-packages/airflow/example_dags/example_trigger_target_dag.py for tasks to queue
[2025-12-07T16:17:05.196+0000] {logging_mixin.py:188} INFO - [2025-12-07T16:17:05.196+0000] {dagbag.py:538} INFO - Filling up the DagBag from /home/airflow/.local/lib/python3.8/site-packages/airflow/example_dags/example_trigger_target_dag.py
[2025-12-07T16:17:05.205+0000] {processor.py:840} INFO - DAG(s) 'example_trigger_target_dag' retrieved from /home/airflow/.local/lib/python3.8/site-packages/airflow/example_dags/example_trigger_target_dag.py
[2025-12-07T16:17:05.238+0000] {logging_mixin.py:188} INFO - [2025-12-07T16:17:05.237+0000] {dag.py:3036} INFO - Sync 1 DAGs
[2025-12-07T16:17:05.255+0000] {logging_mixin.py:188} INFO - [2025-12-07T16:17:05.255+0000] {dag.py:3823} INFO - Setting next_dagrun for example_trigger_target_dag to None, run_after=None
[2025-12-07T16:17:05.291+0000] {processor.py:183} INFO - Processing /home/airflow/.local/lib/python3.8/site-packages/airflow/example_dags/example_trigger_target_dag.py took 0.105 seconds
[2025-12-07T16:17:36.449+0000] {processor.py:161} INFO - Started process (PID=2647) to work on /home/airflow/.local/lib/python3.8/site-packages/airflow/example_dags/example_trigger_target_dag.py
[2025-12-07T16:17:36.450+0000] {processor.py:830} INFO - Processing file /home/airflow/.local/lib/python3.8/site-packages/airflow/example_dags/example_trigger_target_dag.py for tasks to queue
[2025-12-07T16:17:36.453+0000] {logging_mixin.py:188} INFO - [2025-12-07T16:17:36.452+0000] {dagbag.py:538} INFO - Filling up the DagBag from /home/airflow/.local/lib/python3.8/site-packages/airflow/example_dags/example_trigger_target_dag.py
[2025-12-07T16:17:36.461+0000] {processor.py:840} INFO - DAG(s) 'example_trigger_target_dag' retrieved from /home/airflow/.local/lib/python3.8/site-packages/airflow/example_dags/example_trigger_target_dag.py
[2025-12-07T16:17:36.651+0000] {logging_mixin.py:188} INFO - [2025-12-07T16:17:36.651+0000] {dag.py:3036} INFO - Sync 1 DAGs
[2025-12-07T16:17:36.666+0000] {logging_mixin.py:188} INFO - [2025-12-07T16:17:36.665+0000] {dag.py:3823} INFO - Setting next_dagrun for example_trigger_target_dag to None, run_after=None
[2025-12-07T16:17:36.696+0000] {processor.py:183} INFO - Processing /home/airflow/.local/lib/python3.8/site-packages/airflow/example_dags/example_trigger_target_dag.py took 0.252 seconds
[2025-12-07T16:18:07.425+0000] {processor.py:161} INFO - Started process (PID=2708) to work on /home/airflow/.local/lib/python3.8/site-packages/airflow/example_dags/example_trigger_target_dag.py
[2025-12-07T16:18:07.426+0000] {processor.py:830} INFO - Processing file /home/airflow/.local/lib/python3.8/site-packages/airflow/example_dags/example_trigger_target_dag.py for tasks to queue
[2025-12-07T16:18:07.429+0000] {logging_mixin.py:188} INFO - [2025-12-07T16:18:07.429+0000] {dagbag.py:538} INFO - Filling up the DagBag from /home/airflow/.local/lib/python3.8/site-packages/airflow/example_dags/example_trigger_target_dag.py
[2025-12-07T16:18:07.438+0000] {processor.py:840} INFO - DAG(s) 'example_trigger_target_dag' retrieved from /home/airflow/.local/lib/python3.8/site-packages/airflow/example_dags/example_trigger_target_dag.py
[2025-12-07T16:18:07.470+0000] {logging_mixin.py:188} INFO - [2025-12-07T16:18:07.469+0000] {dag.py:3036} INFO - Sync 1 DAGs
[2025-12-07T16:18:07.489+0000] {logging_mixin.py:188} INFO - [2025-12-07T16:18:07.488+0000] {dag.py:3823} INFO - Setting next_dagrun for example_trigger_target_dag to None, run_after=None
[2025-12-07T16:18:07.520+0000] {processor.py:183} INFO - Processing /home/airflow/.local/lib/python3.8/site-packages/airflow/example_dags/example_trigger_target_dag.py took 0.100 seconds
[2025-12-07T16:18:37.716+0000] {processor.py:161} INFO - Started process (PID=2769) to work on /home/airflow/.local/lib/python3.8/site-packages/airflow/example_dags/example_trigger_target_dag.py
[2025-12-07T16:18:37.717+0000] {processor.py:830} INFO - Processing file /home/airflow/.local/lib/python3.8/site-packages/airflow/example_dags/example_trigger_target_dag.py for tasks to queue
[2025-12-07T16:18:37.720+0000] {logging_mixin.py:188} INFO - [2025-12-07T16:18:37.720+0000] {dagbag.py:538} INFO - Filling up the DagBag from /home/airflow/.local/lib/python3.8/site-packages/airflow/example_dags/example_trigger_target_dag.py
[2025-12-07T16:18:37.728+0000] {processor.py:840} INFO - DAG(s) 'example_trigger_target_dag' retrieved from /home/airflow/.local/lib/python3.8/site-packages/airflow/example_dags/example_trigger_target_dag.py
[2025-12-07T16:18:37.759+0000] {logging_mixin.py:188} INFO - [2025-12-07T16:18:37.759+0000] {dag.py:3036} INFO - Sync 1 DAGs
[2025-12-07T16:18:37.774+0000] {logging_mixin.py:188} INFO - [2025-12-07T16:18:37.773+0000] {dag.py:3823} INFO - Setting next_dagrun for example_trigger_target_dag to None, run_after=None
[2025-12-07T16:18:37.803+0000] {processor.py:183} INFO - Processing /home/airflow/.local/lib/python3.8/site-packages/airflow/example_dags/example_trigger_target_dag.py took 0.092 seconds
[2025-12-07T16:19:08.026+0000] {processor.py:161} INFO - Started process (PID=2830) to work on /home/airflow/.local/lib/python3.8/site-packages/airflow/example_dags/example_trigger_target_dag.py
[2025-12-07T16:19:08.027+0000] {processor.py:830} INFO - Processing file /home/airflow/.local/lib/python3.8/site-packages/airflow/example_dags/example_trigger_target_dag.py for tasks to queue
[2025-12-07T16:19:08.030+0000] {logging_mixin.py:188} INFO - [2025-12-07T16:19:08.029+0000] {dagbag.py:538} INFO - Filling up the DagBag from /home/airflow/.local/lib/python3.8/site-packages/airflow/example_dags/example_trigger_target_dag.py
[2025-12-07T16:19:08.038+0000] {processor.py:840} INFO - DAG(s) 'example_trigger_target_dag' retrieved from /home/airflow/.local/lib/python3.8/site-packages/airflow/example_dags/example_trigger_target_dag.py
[2025-12-07T16:19:08.066+0000] {logging_mixin.py:188} INFO - [2025-12-07T16:19:08.065+0000] {dag.py:3036} INFO - Sync 1 DAGs
[2025-12-07T16:19:08.091+0000] {logging_mixin.py:188} INFO - [2025-12-07T16:19:08.090+0000] {dag.py:3823} INFO - Setting next_dagrun for example_trigger_target_dag to None, run_after=None
[2025-12-07T16:19:08.146+0000] {processor.py:183} INFO - Processing /home/airflow/.local/lib/python3.8/site-packages/airflow/example_dags/example_trigger_target_dag.py took 0.125 seconds
[2025-12-07T16:19:38.605+0000] {processor.py:161} INFO - Started process (PID=2891) to work on /home/airflow/.local/lib/python3.8/site-packages/airflow/example_dags/example_trigger_target_dag.py
[2025-12-07T16:19:38.607+0000] {processor.py:830} INFO - Processing file /home/airflow/.local/lib/python3.8/site-packages/airflow/example_dags/example_trigger_target_dag.py for tasks to queue
[2025-12-07T16:19:38.609+0000] {logging_mixin.py:188} INFO - [2025-12-07T16:19:38.609+0000] {dagbag.py:538} INFO - Filling up the DagBag from /home/airflow/.local/lib/python3.8/site-packages/airflow/example_dags/example_trigger_target_dag.py
[2025-12-07T16:19:38.616+0000] {processor.py:840} INFO - DAG(s) 'example_trigger_target_dag' retrieved from /home/airflow/.local/lib/python3.8/site-packages/airflow/example_dags/example_trigger_target_dag.py
[2025-12-07T16:19:38.650+0000] {logging_mixin.py:188} INFO - [2025-12-07T16:19:38.650+0000] {dag.py:3036} INFO - Sync 1 DAGs
[2025-12-07T16:19:38.669+0000] {logging_mixin.py:188} INFO - [2025-12-07T16:19:38.669+0000] {dag.py:3823} INFO - Setting next_dagrun for example_trigger_target_dag to None, run_after=None
[2025-12-07T16:19:38.709+0000] {processor.py:183} INFO - Processing /home/airflow/.local/lib/python3.8/site-packages/airflow/example_dags/example_trigger_target_dag.py took 0.108 seconds
[2025-12-07T16:20:09.046+0000] {processor.py:161} INFO - Started process (PID=2952) to work on /home/airflow/.local/lib/python3.8/site-packages/airflow/example_dags/example_trigger_target_dag.py
[2025-12-07T16:20:09.047+0000] {processor.py:830} INFO - Processing file /home/airflow/.local/lib/python3.8/site-packages/airflow/example_dags/example_trigger_target_dag.py for tasks to queue
[2025-12-07T16:20:09.050+0000] {logging_mixin.py:188} INFO - [2025-12-07T16:20:09.049+0000] {dagbag.py:538} INFO - Filling up the DagBag from /home/airflow/.local/lib/python3.8/site-packages/airflow/example_dags/example_trigger_target_dag.py
[2025-12-07T16:20:09.058+0000] {processor.py:840} INFO - DAG(s) 'example_trigger_target_dag' retrieved from /home/airflow/.local/lib/python3.8/site-packages/airflow/example_dags/example_trigger_target_dag.py
[2025-12-07T16:20:09.091+0000] {logging_mixin.py:188} INFO - [2025-12-07T16:20:09.091+0000] {dag.py:3036} INFO - Sync 1 DAGs
[2025-12-07T16:20:09.109+0000] {logging_mixin.py:188} INFO - [2025-12-07T16:20:09.108+0000] {dag.py:3823} INFO - Setting next_dagrun for example_trigger_target_dag to None, run_after=None
[2025-12-07T16:20:09.138+0000] {processor.py:183} INFO - Processing /home/airflow/.local/lib/python3.8/site-packages/airflow/example_dags/example_trigger_target_dag.py took 0.097 seconds
[2025-12-07T16:20:39.657+0000] {processor.py:161} INFO - Started process (PID=3013) to work on /home/airflow/.local/lib/python3.8/site-packages/airflow/example_dags/example_trigger_target_dag.py
[2025-12-07T16:20:39.658+0000] {processor.py:830} INFO - Processing file /home/airflow/.local/lib/python3.8/site-packages/airflow/example_dags/example_trigger_target_dag.py for tasks to queue
[2025-12-07T16:20:39.661+0000] {logging_mixin.py:188} INFO - [2025-12-07T16:20:39.661+0000] {dagbag.py:538} INFO - Filling up the DagBag from /home/airflow/.local/lib/python3.8/site-packages/airflow/example_dags/example_trigger_target_dag.py
[2025-12-07T16:20:39.670+0000] {processor.py:840} INFO - DAG(s) 'example_trigger_target_dag' retrieved from /home/airflow/.local/lib/python3.8/site-packages/airflow/example_dags/example_trigger_target_dag.py
[2025-12-07T16:20:39.709+0000] {logging_mixin.py:188} INFO - [2025-12-07T16:20:39.709+0000] {dag.py:3036} INFO - Sync 1 DAGs
[2025-12-07T16:20:39.730+0000] {logging_mixin.py:188} INFO - [2025-12-07T16:20:39.729+0000] {dag.py:3823} INFO - Setting next_dagrun for example_trigger_target_dag to None, run_after=None
[2025-12-07T16:20:39.764+0000] {processor.py:183} INFO - Processing /home/airflow/.local/lib/python3.8/site-packages/airflow/example_dags/example_trigger_target_dag.py took 0.112 seconds
[2025-12-07T16:21:10.205+0000] {processor.py:161} INFO - Started process (PID=3074) to work on /home/airflow/.local/lib/python3.8/site-packages/airflow/example_dags/example_trigger_target_dag.py
[2025-12-07T16:21:10.208+0000] {processor.py:830} INFO - Processing file /home/airflow/.local/lib/python3.8/site-packages/airflow/example_dags/example_trigger_target_dag.py for tasks to queue
[2025-12-07T16:21:10.211+0000] {logging_mixin.py:188} INFO - [2025-12-07T16:21:10.210+0000] {dagbag.py:538} INFO - Filling up the DagBag from /home/airflow/.local/lib/python3.8/site-packages/airflow/example_dags/example_trigger_target_dag.py
[2025-12-07T16:21:10.220+0000] {processor.py:840} INFO - DAG(s) 'example_trigger_target_dag' retrieved from /home/airflow/.local/lib/python3.8/site-packages/airflow/example_dags/example_trigger_target_dag.py
[2025-12-07T16:21:10.256+0000] {logging_mixin.py:188} INFO - [2025-12-07T16:21:10.256+0000] {dag.py:3036} INFO - Sync 1 DAGs
[2025-12-07T16:21:10.278+0000] {logging_mixin.py:188} INFO - [2025-12-07T16:21:10.278+0000] {dag.py:3823} INFO - Setting next_dagrun for example_trigger_target_dag to None, run_after=None
[2025-12-07T16:21:10.314+0000] {processor.py:183} INFO - Processing /home/airflow/.local/lib/python3.8/site-packages/airflow/example_dags/example_trigger_target_dag.py took 0.115 seconds
[2025-12-07T16:21:40.725+0000] {processor.py:161} INFO - Started process (PID=3135) to work on /home/airflow/.local/lib/python3.8/site-packages/airflow/example_dags/example_trigger_target_dag.py
[2025-12-07T16:21:40.727+0000] {processor.py:830} INFO - Processing file /home/airflow/.local/lib/python3.8/site-packages/airflow/example_dags/example_trigger_target_dag.py for tasks to queue
[2025-12-07T16:21:40.731+0000] {logging_mixin.py:188} INFO - [2025-12-07T16:21:40.730+0000] {dagbag.py:538} INFO - Filling up the DagBag from /home/airflow/.local/lib/python3.8/site-packages/airflow/example_dags/example_trigger_target_dag.py
[2025-12-07T16:21:40.752+0000] {processor.py:840} INFO - DAG(s) 'example_trigger_target_dag' retrieved from /home/airflow/.local/lib/python3.8/site-packages/airflow/example_dags/example_trigger_target_dag.py
[2025-12-07T16:21:40.793+0000] {logging_mixin.py:188} INFO - [2025-12-07T16:21:40.792+0000] {dag.py:3036} INFO - Sync 1 DAGs
[2025-12-07T16:21:40.818+0000] {logging_mixin.py:188} INFO - [2025-12-07T16:21:40.818+0000] {dag.py:3823} INFO - Setting next_dagrun for example_trigger_target_dag to None, run_after=None
[2025-12-07T16:21:40.859+0000] {processor.py:183} INFO - Processing /home/airflow/.local/lib/python3.8/site-packages/airflow/example_dags/example_trigger_target_dag.py took 0.140 seconds
[2025-12-07T16:22:11.268+0000] {processor.py:161} INFO - Started process (PID=3196) to work on /home/airflow/.local/lib/python3.8/site-packages/airflow/example_dags/example_trigger_target_dag.py
[2025-12-07T16:22:11.269+0000] {processor.py:830} INFO - Processing file /home/airflow/.local/lib/python3.8/site-packages/airflow/example_dags/example_trigger_target_dag.py for tasks to queue
[2025-12-07T16:22:11.272+0000] {logging_mixin.py:188} INFO - [2025-12-07T16:22:11.272+0000] {dagbag.py:538} INFO - Filling up the DagBag from /home/airflow/.local/lib/python3.8/site-packages/airflow/example_dags/example_trigger_target_dag.py
[2025-12-07T16:22:11.282+0000] {processor.py:840} INFO - DAG(s) 'example_trigger_target_dag' retrieved from /home/airflow/.local/lib/python3.8/site-packages/airflow/example_dags/example_trigger_target_dag.py
[2025-12-07T16:22:11.317+0000] {logging_mixin.py:188} INFO - [2025-12-07T16:22:11.316+0000] {dag.py:3036} INFO - Sync 1 DAGs
[2025-12-07T16:22:11.334+0000] {logging_mixin.py:188} INFO - [2025-12-07T16:22:11.334+0000] {dag.py:3823} INFO - Setting next_dagrun for example_trigger_target_dag to None, run_after=None
[2025-12-07T16:22:11.417+0000] {processor.py:183} INFO - Processing /home/airflow/.local/lib/python3.8/site-packages/airflow/example_dags/example_trigger_target_dag.py took 0.152 seconds
[2025-12-07T16:22:41.893+0000] {processor.py:161} INFO - Started process (PID=3257) to work on /home/airflow/.local/lib/python3.8/site-packages/airflow/example_dags/example_trigger_target_dag.py
[2025-12-07T16:22:41.895+0000] {processor.py:830} INFO - Processing file /home/airflow/.local/lib/python3.8/site-packages/airflow/example_dags/example_trigger_target_dag.py for tasks to queue
[2025-12-07T16:22:41.898+0000] {logging_mixin.py:188} INFO - [2025-12-07T16:22:41.897+0000] {dagbag.py:538} INFO - Filling up the DagBag from /home/airflow/.local/lib/python3.8/site-packages/airflow/example_dags/example_trigger_target_dag.py
[2025-12-07T16:22:41.909+0000] {processor.py:840} INFO - DAG(s) 'example_trigger_target_dag' retrieved from /home/airflow/.local/lib/python3.8/site-packages/airflow/example_dags/example_trigger_target_dag.py
[2025-12-07T16:22:41.939+0000] {logging_mixin.py:188} INFO - [2025-12-07T16:22:41.939+0000] {dag.py:3036} INFO - Sync 1 DAGs
[2025-12-07T16:22:41.956+0000] {logging_mixin.py:188} INFO - [2025-12-07T16:22:41.956+0000] {dag.py:3823} INFO - Setting next_dagrun for example_trigger_target_dag to None, run_after=None
[2025-12-07T16:22:41.987+0000] {processor.py:183} INFO - Processing /home/airflow/.local/lib/python3.8/site-packages/airflow/example_dags/example_trigger_target_dag.py took 0.099 seconds
[2025-12-07T16:23:12.375+0000] {processor.py:161} INFO - Started process (PID=3318) to work on /home/airflow/.local/lib/python3.8/site-packages/airflow/example_dags/example_trigger_target_dag.py
[2025-12-07T16:23:12.376+0000] {processor.py:830} INFO - Processing file /home/airflow/.local/lib/python3.8/site-packages/airflow/example_dags/example_trigger_target_dag.py for tasks to queue
[2025-12-07T16:23:12.379+0000] {logging_mixin.py:188} INFO - [2025-12-07T16:23:12.379+0000] {dagbag.py:538} INFO - Filling up the DagBag from /home/airflow/.local/lib/python3.8/site-packages/airflow/example_dags/example_trigger_target_dag.py
[2025-12-07T16:23:12.387+0000] {processor.py:840} INFO - DAG(s) 'example_trigger_target_dag' retrieved from /home/airflow/.local/lib/python3.8/site-packages/airflow/example_dags/example_trigger_target_dag.py
[2025-12-07T16:23:12.418+0000] {logging_mixin.py:188} INFO - [2025-12-07T16:23:12.418+0000] {dag.py:3036} INFO - Sync 1 DAGs
[2025-12-07T16:23:12.433+0000] {logging_mixin.py:188} INFO - [2025-12-07T16:23:12.433+0000] {dag.py:3823} INFO - Setting next_dagrun for example_trigger_target_dag to None, run_after=None
[2025-12-07T16:23:12.461+0000] {processor.py:183} INFO - Processing /home/airflow/.local/lib/python3.8/site-packages/airflow/example_dags/example_trigger_target_dag.py took 0.091 seconds
[2025-12-07T16:23:42.783+0000] {processor.py:161} INFO - Started process (PID=3379) to work on /home/airflow/.local/lib/python3.8/site-packages/airflow/example_dags/example_trigger_target_dag.py
[2025-12-07T16:23:42.785+0000] {processor.py:830} INFO - Processing file /home/airflow/.local/lib/python3.8/site-packages/airflow/example_dags/example_trigger_target_dag.py for tasks to queue
[2025-12-07T16:23:42.789+0000] {logging_mixin.py:188} INFO - [2025-12-07T16:23:42.788+0000] {dagbag.py:538} INFO - Filling up the DagBag from /home/airflow/.local/lib/python3.8/site-packages/airflow/example_dags/example_trigger_target_dag.py
[2025-12-07T16:23:42.798+0000] {processor.py:840} INFO - DAG(s) 'example_trigger_target_dag' retrieved from /home/airflow/.local/lib/python3.8/site-packages/airflow/example_dags/example_trigger_target_dag.py
[2025-12-07T16:23:42.837+0000] {logging_mixin.py:188} INFO - [2025-12-07T16:23:42.836+0000] {dag.py:3036} INFO - Sync 1 DAGs
[2025-12-07T16:23:42.858+0000] {logging_mixin.py:188} INFO - [2025-12-07T16:23:42.857+0000] {dag.py:3823} INFO - Setting next_dagrun for example_trigger_target_dag to None, run_after=None
[2025-12-07T16:23:42.890+0000] {processor.py:183} INFO - Processing /home/airflow/.local/lib/python3.8/site-packages/airflow/example_dags/example_trigger_target_dag.py took 0.112 seconds
[2025-12-07T16:24:13.192+0000] {processor.py:161} INFO - Started process (PID=3440) to work on /home/airflow/.local/lib/python3.8/site-packages/airflow/example_dags/example_trigger_target_dag.py
[2025-12-07T16:24:13.194+0000] {processor.py:830} INFO - Processing file /home/airflow/.local/lib/python3.8/site-packages/airflow/example_dags/example_trigger_target_dag.py for tasks to queue
[2025-12-07T16:24:13.196+0000] {logging_mixin.py:188} INFO - [2025-12-07T16:24:13.196+0000] {dagbag.py:538} INFO - Filling up the DagBag from /home/airflow/.local/lib/python3.8/site-packages/airflow/example_dags/example_trigger_target_dag.py
[2025-12-07T16:24:13.205+0000] {processor.py:840} INFO - DAG(s) 'example_trigger_target_dag' retrieved from /home/airflow/.local/lib/python3.8/site-packages/airflow/example_dags/example_trigger_target_dag.py
[2025-12-07T16:24:13.234+0000] {logging_mixin.py:188} INFO - [2025-12-07T16:24:13.234+0000] {dag.py:3036} INFO - Sync 1 DAGs
[2025-12-07T16:24:13.249+0000] {logging_mixin.py:188} INFO - [2025-12-07T16:24:13.248+0000] {dag.py:3823} INFO - Setting next_dagrun for example_trigger_target_dag to None, run_after=None
[2025-12-07T16:24:13.276+0000] {processor.py:183} INFO - Processing /home/airflow/.local/lib/python3.8/site-packages/airflow/example_dags/example_trigger_target_dag.py took 0.089 seconds
[2025-12-07T16:24:43.734+0000] {processor.py:161} INFO - Started process (PID=3501) to work on /home/airflow/.local/lib/python3.8/site-packages/airflow/example_dags/example_trigger_target_dag.py
[2025-12-07T16:24:43.735+0000] {processor.py:830} INFO - Processing file /home/airflow/.local/lib/python3.8/site-packages/airflow/example_dags/example_trigger_target_dag.py for tasks to queue
[2025-12-07T16:24:43.737+0000] {logging_mixin.py:188} INFO - [2025-12-07T16:24:43.737+0000] {dagbag.py:538} INFO - Filling up the DagBag from /home/airflow/.local/lib/python3.8/site-packages/airflow/example_dags/example_trigger_target_dag.py
[2025-12-07T16:24:43.745+0000] {processor.py:840} INFO - DAG(s) 'example_trigger_target_dag' retrieved from /home/airflow/.local/lib/python3.8/site-packages/airflow/example_dags/example_trigger_target_dag.py
[2025-12-07T16:24:43.776+0000] {logging_mixin.py:188} INFO - [2025-12-07T16:24:43.776+0000] {dag.py:3036} INFO - Sync 1 DAGs
[2025-12-07T16:24:43.794+0000] {logging_mixin.py:188} INFO - [2025-12-07T16:24:43.794+0000] {dag.py:3823} INFO - Setting next_dagrun for example_trigger_target_dag to None, run_after=None
[2025-12-07T16:24:43.823+0000] {processor.py:183} INFO - Processing /home/airflow/.local/lib/python3.8/site-packages/airflow/example_dags/example_trigger_target_dag.py took 0.094 seconds
[2025-12-07T16:25:14.379+0000] {processor.py:161} INFO - Started process (PID=3563) to work on /home/airflow/.local/lib/python3.8/site-packages/airflow/example_dags/example_trigger_target_dag.py
[2025-12-07T16:25:14.380+0000] {processor.py:830} INFO - Processing file /home/airflow/.local/lib/python3.8/site-packages/airflow/example_dags/example_trigger_target_dag.py for tasks to queue
[2025-12-07T16:25:14.383+0000] {logging_mixin.py:188} INFO - [2025-12-07T16:25:14.383+0000] {dagbag.py:538} INFO - Filling up the DagBag from /home/airflow/.local/lib/python3.8/site-packages/airflow/example_dags/example_trigger_target_dag.py
[2025-12-07T16:25:14.392+0000] {processor.py:840} INFO - DAG(s) 'example_trigger_target_dag' retrieved from /home/airflow/.local/lib/python3.8/site-packages/airflow/example_dags/example_trigger_target_dag.py
[2025-12-07T16:25:14.423+0000] {logging_mixin.py:188} INFO - [2025-12-07T16:25:14.422+0000] {dag.py:3036} INFO - Sync 1 DAGs
[2025-12-07T16:25:14.440+0000] {logging_mixin.py:188} INFO - [2025-12-07T16:25:14.440+0000] {dag.py:3823} INFO - Setting next_dagrun for example_trigger_target_dag to None, run_after=None
[2025-12-07T16:25:14.473+0000] {processor.py:183} INFO - Processing /home/airflow/.local/lib/python3.8/site-packages/airflow/example_dags/example_trigger_target_dag.py took 0.099 seconds
[2025-12-07T16:25:44.930+0000] {processor.py:161} INFO - Started process (PID=3624) to work on /home/airflow/.local/lib/python3.8/site-packages/airflow/example_dags/example_trigger_target_dag.py
[2025-12-07T16:25:44.931+0000] {processor.py:830} INFO - Processing file /home/airflow/.local/lib/python3.8/site-packages/airflow/example_dags/example_trigger_target_dag.py for tasks to queue
[2025-12-07T16:25:44.934+0000] {logging_mixin.py:188} INFO - [2025-12-07T16:25:44.934+0000] {dagbag.py:538} INFO - Filling up the DagBag from /home/airflow/.local/lib/python3.8/site-packages/airflow/example_dags/example_trigger_target_dag.py
[2025-12-07T16:25:44.943+0000] {processor.py:840} INFO - DAG(s) 'example_trigger_target_dag' retrieved from /home/airflow/.local/lib/python3.8/site-packages/airflow/example_dags/example_trigger_target_dag.py
[2025-12-07T16:25:44.985+0000] {logging_mixin.py:188} INFO - [2025-12-07T16:25:44.984+0000] {dag.py:3036} INFO - Sync 1 DAGs
[2025-12-07T16:25:45.009+0000] {logging_mixin.py:188} INFO - [2025-12-07T16:25:45.009+0000] {dag.py:3823} INFO - Setting next_dagrun for example_trigger_target_dag to None, run_after=None
[2025-12-07T16:25:45.042+0000] {processor.py:183} INFO - Processing /home/airflow/.local/lib/python3.8/site-packages/airflow/example_dags/example_trigger_target_dag.py took 0.117 seconds
[2025-12-07T16:26:15.506+0000] {processor.py:161} INFO - Started process (PID=3685) to work on /home/airflow/.local/lib/python3.8/site-packages/airflow/example_dags/example_trigger_target_dag.py
[2025-12-07T16:26:15.507+0000] {processor.py:830} INFO - Processing file /home/airflow/.local/lib/python3.8/site-packages/airflow/example_dags/example_trigger_target_dag.py for tasks to queue
[2025-12-07T16:26:15.510+0000] {logging_mixin.py:188} INFO - [2025-12-07T16:26:15.510+0000] {dagbag.py:538} INFO - Filling up the DagBag from /home/airflow/.local/lib/python3.8/site-packages/airflow/example_dags/example_trigger_target_dag.py
[2025-12-07T16:26:15.518+0000] {processor.py:840} INFO - DAG(s) 'example_trigger_target_dag' retrieved from /home/airflow/.local/lib/python3.8/site-packages/airflow/example_dags/example_trigger_target_dag.py
[2025-12-07T16:26:15.547+0000] {logging_mixin.py:188} INFO - [2025-12-07T16:26:15.547+0000] {dag.py:3036} INFO - Sync 1 DAGs
[2025-12-07T16:26:15.562+0000] {logging_mixin.py:188} INFO - [2025-12-07T16:26:15.562+0000] {dag.py:3823} INFO - Setting next_dagrun for example_trigger_target_dag to None, run_after=None
[2025-12-07T16:26:15.592+0000] {processor.py:183} INFO - Processing /home/airflow/.local/lib/python3.8/site-packages/airflow/example_dags/example_trigger_target_dag.py took 0.090 seconds
[2025-12-07T16:26:45.956+0000] {processor.py:161} INFO - Started process (PID=3746) to work on /home/airflow/.local/lib/python3.8/site-packages/airflow/example_dags/example_trigger_target_dag.py
[2025-12-07T16:26:45.958+0000] {processor.py:830} INFO - Processing file /home/airflow/.local/lib/python3.8/site-packages/airflow/example_dags/example_trigger_target_dag.py for tasks to queue
[2025-12-07T16:26:45.962+0000] {logging_mixin.py:188} INFO - [2025-12-07T16:26:45.962+0000] {dagbag.py:538} INFO - Filling up the DagBag from /home/airflow/.local/lib/python3.8/site-packages/airflow/example_dags/example_trigger_target_dag.py
[2025-12-07T16:26:45.971+0000] {processor.py:840} INFO - DAG(s) 'example_trigger_target_dag' retrieved from /home/airflow/.local/lib/python3.8/site-packages/airflow/example_dags/example_trigger_target_dag.py
[2025-12-07T16:26:46.010+0000] {logging_mixin.py:188} INFO - [2025-12-07T16:26:46.009+0000] {dag.py:3036} INFO - Sync 1 DAGs
[2025-12-07T16:26:46.027+0000] {logging_mixin.py:188} INFO - [2025-12-07T16:26:46.026+0000] {dag.py:3823} INFO - Setting next_dagrun for example_trigger_target_dag to None, run_after=None
[2025-12-07T16:26:46.058+0000] {processor.py:183} INFO - Processing /home/airflow/.local/lib/python3.8/site-packages/airflow/example_dags/example_trigger_target_dag.py took 0.108 seconds
[2025-12-07T16:27:16.305+0000] {processor.py:161} INFO - Started process (PID=3807) to work on /home/airflow/.local/lib/python3.8/site-packages/airflow/example_dags/example_trigger_target_dag.py
[2025-12-07T16:27:16.307+0000] {processor.py:830} INFO - Processing file /home/airflow/.local/lib/python3.8/site-packages/airflow/example_dags/example_trigger_target_dag.py for tasks to queue
[2025-12-07T16:27:16.309+0000] {logging_mixin.py:188} INFO - [2025-12-07T16:27:16.309+0000] {dagbag.py:538} INFO - Filling up the DagBag from /home/airflow/.local/lib/python3.8/site-packages/airflow/example_dags/example_trigger_target_dag.py
[2025-12-07T16:27:16.317+0000] {processor.py:840} INFO - DAG(s) 'example_trigger_target_dag' retrieved from /home/airflow/.local/lib/python3.8/site-packages/airflow/example_dags/example_trigger_target_dag.py
[2025-12-07T16:27:16.346+0000] {logging_mixin.py:188} INFO - [2025-12-07T16:27:16.346+0000] {dag.py:3036} INFO - Sync 1 DAGs
[2025-12-07T16:27:16.362+0000] {logging_mixin.py:188} INFO - [2025-12-07T16:27:16.362+0000] {dag.py:3823} INFO - Setting next_dagrun for example_trigger_target_dag to None, run_after=None
[2025-12-07T16:27:16.394+0000] {processor.py:183} INFO - Processing /home/airflow/.local/lib/python3.8/site-packages/airflow/example_dags/example_trigger_target_dag.py took 0.093 seconds
[2025-12-07T16:27:46.527+0000] {processor.py:161} INFO - Started process (PID=3868) to work on /home/airflow/.local/lib/python3.8/site-packages/airflow/example_dags/example_trigger_target_dag.py
[2025-12-07T16:27:46.529+0000] {processor.py:830} INFO - Processing file /home/airflow/.local/lib/python3.8/site-packages/airflow/example_dags/example_trigger_target_dag.py for tasks to queue
[2025-12-07T16:27:46.531+0000] {logging_mixin.py:188} INFO - [2025-12-07T16:27:46.531+0000] {dagbag.py:538} INFO - Filling up the DagBag from /home/airflow/.local/lib/python3.8/site-packages/airflow/example_dags/example_trigger_target_dag.py
[2025-12-07T16:27:46.540+0000] {processor.py:840} INFO - DAG(s) 'example_trigger_target_dag' retrieved from /home/airflow/.local/lib/python3.8/site-packages/airflow/example_dags/example_trigger_target_dag.py
[2025-12-07T16:27:46.566+0000] {logging_mixin.py:188} INFO - [2025-12-07T16:27:46.566+0000] {dag.py:3036} INFO - Sync 1 DAGs
[2025-12-07T16:27:46.582+0000] {logging_mixin.py:188} INFO - [2025-12-07T16:27:46.582+0000] {dag.py:3823} INFO - Setting next_dagrun for example_trigger_target_dag to None, run_after=None
[2025-12-07T16:27:46.615+0000] {processor.py:183} INFO - Processing /home/airflow/.local/lib/python3.8/site-packages/airflow/example_dags/example_trigger_target_dag.py took 0.093 seconds
[2025-12-07T16:28:16.937+0000] {processor.py:161} INFO - Started process (PID=3929) to work on /home/airflow/.local/lib/python3.8/site-packages/airflow/example_dags/example_trigger_target_dag.py
[2025-12-07T16:28:16.940+0000] {processor.py:830} INFO - Processing file /home/airflow/.local/lib/python3.8/site-packages/airflow/example_dags/example_trigger_target_dag.py for tasks to queue
[2025-12-07T16:28:16.944+0000] {logging_mixin.py:188} INFO - [2025-12-07T16:28:16.944+0000] {dagbag.py:538} INFO - Filling up the DagBag from /home/airflow/.local/lib/python3.8/site-packages/airflow/example_dags/example_trigger_target_dag.py
[2025-12-07T16:28:16.956+0000] {processor.py:840} INFO - DAG(s) 'example_trigger_target_dag' retrieved from /home/airflow/.local/lib/python3.8/site-packages/airflow/example_dags/example_trigger_target_dag.py
[2025-12-07T16:28:16.994+0000] {logging_mixin.py:188} INFO - [2025-12-07T16:28:16.994+0000] {dag.py:3036} INFO - Sync 1 DAGs
[2025-12-07T16:28:17.023+0000] {logging_mixin.py:188} INFO - [2025-12-07T16:28:17.022+0000] {dag.py:3823} INFO - Setting next_dagrun for example_trigger_target_dag to None, run_after=None
[2025-12-07T16:28:17.063+0000] {processor.py:183} INFO - Processing /home/airflow/.local/lib/python3.8/site-packages/airflow/example_dags/example_trigger_target_dag.py took 0.132 seconds
[2025-12-07T16:28:47.996+0000] {processor.py:161} INFO - Started process (PID=3996) to work on /home/airflow/.local/lib/python3.8/site-packages/airflow/example_dags/example_trigger_target_dag.py
[2025-12-07T16:28:47.998+0000] {processor.py:830} INFO - Processing file /home/airflow/.local/lib/python3.8/site-packages/airflow/example_dags/example_trigger_target_dag.py for tasks to queue
[2025-12-07T16:28:48.005+0000] {logging_mixin.py:188} INFO - [2025-12-07T16:28:48.005+0000] {dagbag.py:538} INFO - Filling up the DagBag from /home/airflow/.local/lib/python3.8/site-packages/airflow/example_dags/example_trigger_target_dag.py
[2025-12-07T16:28:48.018+0000] {processor.py:840} INFO - DAG(s) 'example_trigger_target_dag' retrieved from /home/airflow/.local/lib/python3.8/site-packages/airflow/example_dags/example_trigger_target_dag.py
[2025-12-07T16:28:48.060+0000] {logging_mixin.py:188} INFO - [2025-12-07T16:28:48.059+0000] {dag.py:3036} INFO - Sync 1 DAGs
[2025-12-07T16:28:48.093+0000] {logging_mixin.py:188} INFO - [2025-12-07T16:28:48.093+0000] {dag.py:3823} INFO - Setting next_dagrun for example_trigger_target_dag to None, run_after=None
[2025-12-07T16:28:48.138+0000] {processor.py:183} INFO - Processing /home/airflow/.local/lib/python3.8/site-packages/airflow/example_dags/example_trigger_target_dag.py took 0.149 seconds
[2025-12-07T16:29:19.165+0000] {processor.py:161} INFO - Started process (PID=4057) to work on /home/airflow/.local/lib/python3.8/site-packages/airflow/example_dags/example_trigger_target_dag.py
[2025-12-07T16:29:19.166+0000] {processor.py:830} INFO - Processing file /home/airflow/.local/lib/python3.8/site-packages/airflow/example_dags/example_trigger_target_dag.py for tasks to queue
[2025-12-07T16:29:19.169+0000] {logging_mixin.py:188} INFO - [2025-12-07T16:29:19.169+0000] {dagbag.py:538} INFO - Filling up the DagBag from /home/airflow/.local/lib/python3.8/site-packages/airflow/example_dags/example_trigger_target_dag.py
[2025-12-07T16:29:19.180+0000] {processor.py:840} INFO - DAG(s) 'example_trigger_target_dag' retrieved from /home/airflow/.local/lib/python3.8/site-packages/airflow/example_dags/example_trigger_target_dag.py
[2025-12-07T16:29:19.211+0000] {logging_mixin.py:188} INFO - [2025-12-07T16:29:19.210+0000] {dag.py:3036} INFO - Sync 1 DAGs
[2025-12-07T16:29:19.227+0000] {logging_mixin.py:188} INFO - [2025-12-07T16:29:19.227+0000] {dag.py:3823} INFO - Setting next_dagrun for example_trigger_target_dag to None, run_after=None
[2025-12-07T16:29:19.255+0000] {processor.py:183} INFO - Processing /home/airflow/.local/lib/python3.8/site-packages/airflow/example_dags/example_trigger_target_dag.py took 0.096 seconds
[2025-12-07T16:29:49.910+0000] {processor.py:161} INFO - Started process (PID=4118) to work on /home/airflow/.local/lib/python3.8/site-packages/airflow/example_dags/example_trigger_target_dag.py
[2025-12-07T16:29:49.912+0000] {processor.py:830} INFO - Processing file /home/airflow/.local/lib/python3.8/site-packages/airflow/example_dags/example_trigger_target_dag.py for tasks to queue
[2025-12-07T16:29:49.915+0000] {logging_mixin.py:188} INFO - [2025-12-07T16:29:49.915+0000] {dagbag.py:538} INFO - Filling up the DagBag from /home/airflow/.local/lib/python3.8/site-packages/airflow/example_dags/example_trigger_target_dag.py
[2025-12-07T16:29:49.924+0000] {processor.py:840} INFO - DAG(s) 'example_trigger_target_dag' retrieved from /home/airflow/.local/lib/python3.8/site-packages/airflow/example_dags/example_trigger_target_dag.py
[2025-12-07T16:29:49.954+0000] {logging_mixin.py:188} INFO - [2025-12-07T16:29:49.954+0000] {dag.py:3036} INFO - Sync 1 DAGs
[2025-12-07T16:29:49.970+0000] {logging_mixin.py:188} INFO - [2025-12-07T16:29:49.969+0000] {dag.py:3823} INFO - Setting next_dagrun for example_trigger_target_dag to None, run_after=None
[2025-12-07T16:29:50.000+0000] {processor.py:183} INFO - Processing /home/airflow/.local/lib/python3.8/site-packages/airflow/example_dags/example_trigger_target_dag.py took 0.096 seconds
[2025-12-07T16:30:20.349+0000] {processor.py:161} INFO - Started process (PID=4179) to work on /home/airflow/.local/lib/python3.8/site-packages/airflow/example_dags/example_trigger_target_dag.py
[2025-12-07T16:30:20.351+0000] {processor.py:830} INFO - Processing file /home/airflow/.local/lib/python3.8/site-packages/airflow/example_dags/example_trigger_target_dag.py for tasks to queue
[2025-12-07T16:30:20.354+0000] {logging_mixin.py:188} INFO - [2025-12-07T16:30:20.353+0000] {dagbag.py:538} INFO - Filling up the DagBag from /home/airflow/.local/lib/python3.8/site-packages/airflow/example_dags/example_trigger_target_dag.py
[2025-12-07T16:30:20.363+0000] {processor.py:840} INFO - DAG(s) 'example_trigger_target_dag' retrieved from /home/airflow/.local/lib/python3.8/site-packages/airflow/example_dags/example_trigger_target_dag.py
[2025-12-07T16:30:20.394+0000] {logging_mixin.py:188} INFO - [2025-12-07T16:30:20.394+0000] {dag.py:3036} INFO - Sync 1 DAGs
[2025-12-07T16:30:20.419+0000] {logging_mixin.py:188} INFO - [2025-12-07T16:30:20.419+0000] {dag.py:3823} INFO - Setting next_dagrun for example_trigger_target_dag to None, run_after=None
[2025-12-07T16:30:20.453+0000] {processor.py:183} INFO - Processing /home/airflow/.local/lib/python3.8/site-packages/airflow/example_dags/example_trigger_target_dag.py took 0.109 seconds
[2025-12-07T16:30:50.746+0000] {processor.py:161} INFO - Started process (PID=4240) to work on /home/airflow/.local/lib/python3.8/site-packages/airflow/example_dags/example_trigger_target_dag.py
[2025-12-07T16:30:50.747+0000] {processor.py:830} INFO - Processing file /home/airflow/.local/lib/python3.8/site-packages/airflow/example_dags/example_trigger_target_dag.py for tasks to queue
[2025-12-07T16:30:50.751+0000] {logging_mixin.py:188} INFO - [2025-12-07T16:30:50.750+0000] {dagbag.py:538} INFO - Filling up the DagBag from /home/airflow/.local/lib/python3.8/site-packages/airflow/example_dags/example_trigger_target_dag.py
[2025-12-07T16:30:50.762+0000] {processor.py:840} INFO - DAG(s) 'example_trigger_target_dag' retrieved from /home/airflow/.local/lib/python3.8/site-packages/airflow/example_dags/example_trigger_target_dag.py
[2025-12-07T16:30:50.798+0000] {logging_mixin.py:188} INFO - [2025-12-07T16:30:50.798+0000] {dag.py:3036} INFO - Sync 1 DAGs
[2025-12-07T16:30:50.815+0000] {logging_mixin.py:188} INFO - [2025-12-07T16:30:50.815+0000] {dag.py:3823} INFO - Setting next_dagrun for example_trigger_target_dag to None, run_after=None
[2025-12-07T16:30:50.855+0000] {processor.py:183} INFO - Processing /home/airflow/.local/lib/python3.8/site-packages/airflow/example_dags/example_trigger_target_dag.py took 0.114 seconds
[2025-12-07T16:31:21.500+0000] {processor.py:161} INFO - Started process (PID=4301) to work on /home/airflow/.local/lib/python3.8/site-packages/airflow/example_dags/example_trigger_target_dag.py
[2025-12-07T16:31:21.502+0000] {processor.py:830} INFO - Processing file /home/airflow/.local/lib/python3.8/site-packages/airflow/example_dags/example_trigger_target_dag.py for tasks to queue
[2025-12-07T16:31:21.505+0000] {logging_mixin.py:188} INFO - [2025-12-07T16:31:21.505+0000] {dagbag.py:538} INFO - Filling up the DagBag from /home/airflow/.local/lib/python3.8/site-packages/airflow/example_dags/example_trigger_target_dag.py
[2025-12-07T16:31:21.516+0000] {processor.py:840} INFO - DAG(s) 'example_trigger_target_dag' retrieved from /home/airflow/.local/lib/python3.8/site-packages/airflow/example_dags/example_trigger_target_dag.py
[2025-12-07T16:31:21.551+0000] {logging_mixin.py:188} INFO - [2025-12-07T16:31:21.551+0000] {dag.py:3036} INFO - Sync 1 DAGs
[2025-12-07T16:31:21.568+0000] {logging_mixin.py:188} INFO - [2025-12-07T16:31:21.568+0000] {dag.py:3823} INFO - Setting next_dagrun for example_trigger_target_dag to None, run_after=None
[2025-12-07T16:31:21.599+0000] {processor.py:183} INFO - Processing /home/airflow/.local/lib/python3.8/site-packages/airflow/example_dags/example_trigger_target_dag.py took 0.106 seconds
[2025-12-07T16:31:51.912+0000] {processor.py:161} INFO - Started process (PID=4362) to work on /home/airflow/.local/lib/python3.8/site-packages/airflow/example_dags/example_trigger_target_dag.py
[2025-12-07T16:31:51.914+0000] {processor.py:830} INFO - Processing file /home/airflow/.local/lib/python3.8/site-packages/airflow/example_dags/example_trigger_target_dag.py for tasks to queue
[2025-12-07T16:31:51.917+0000] {logging_mixin.py:188} INFO - [2025-12-07T16:31:51.917+0000] {dagbag.py:538} INFO - Filling up the DagBag from /home/airflow/.local/lib/python3.8/site-packages/airflow/example_dags/example_trigger_target_dag.py
[2025-12-07T16:31:51.926+0000] {processor.py:840} INFO - DAG(s) 'example_trigger_target_dag' retrieved from /home/airflow/.local/lib/python3.8/site-packages/airflow/example_dags/example_trigger_target_dag.py
[2025-12-07T16:31:51.959+0000] {logging_mixin.py:188} INFO - [2025-12-07T16:31:51.958+0000] {dag.py:3036} INFO - Sync 1 DAGs
[2025-12-07T16:31:51.977+0000] {logging_mixin.py:188} INFO - [2025-12-07T16:31:51.977+0000] {dag.py:3823} INFO - Setting next_dagrun for example_trigger_target_dag to None, run_after=None
[2025-12-07T16:31:52.012+0000] {processor.py:183} INFO - Processing /home/airflow/.local/lib/python3.8/site-packages/airflow/example_dags/example_trigger_target_dag.py took 0.105 seconds
[2025-12-07T16:32:22.046+0000] {processor.py:161} INFO - Started process (PID=4423) to work on /home/airflow/.local/lib/python3.8/site-packages/airflow/example_dags/example_trigger_target_dag.py
[2025-12-07T16:32:22.047+0000] {processor.py:830} INFO - Processing file /home/airflow/.local/lib/python3.8/site-packages/airflow/example_dags/example_trigger_target_dag.py for tasks to queue
[2025-12-07T16:32:22.050+0000] {logging_mixin.py:188} INFO - [2025-12-07T16:32:22.049+0000] {dagbag.py:538} INFO - Filling up the DagBag from /home/airflow/.local/lib/python3.8/site-packages/airflow/example_dags/example_trigger_target_dag.py
[2025-12-07T16:32:22.057+0000] {processor.py:840} INFO - DAG(s) 'example_trigger_target_dag' retrieved from /home/airflow/.local/lib/python3.8/site-packages/airflow/example_dags/example_trigger_target_dag.py
[2025-12-07T16:32:22.085+0000] {logging_mixin.py:188} INFO - [2025-12-07T16:32:22.085+0000] {dag.py:3036} INFO - Sync 1 DAGs
[2025-12-07T16:32:22.102+0000] {logging_mixin.py:188} INFO - [2025-12-07T16:32:22.101+0000] {dag.py:3823} INFO - Setting next_dagrun for example_trigger_target_dag to None, run_after=None
[2025-12-07T16:32:22.131+0000] {processor.py:183} INFO - Processing /home/airflow/.local/lib/python3.8/site-packages/airflow/example_dags/example_trigger_target_dag.py took 0.089 seconds
[2025-12-07T16:32:52.423+0000] {processor.py:161} INFO - Started process (PID=4484) to work on /home/airflow/.local/lib/python3.8/site-packages/airflow/example_dags/example_trigger_target_dag.py
[2025-12-07T16:32:52.425+0000] {processor.py:830} INFO - Processing file /home/airflow/.local/lib/python3.8/site-packages/airflow/example_dags/example_trigger_target_dag.py for tasks to queue
[2025-12-07T16:32:52.428+0000] {logging_mixin.py:188} INFO - [2025-12-07T16:32:52.428+0000] {dagbag.py:538} INFO - Filling up the DagBag from /home/airflow/.local/lib/python3.8/site-packages/airflow/example_dags/example_trigger_target_dag.py
[2025-12-07T16:32:52.440+0000] {processor.py:840} INFO - DAG(s) 'example_trigger_target_dag' retrieved from /home/airflow/.local/lib/python3.8/site-packages/airflow/example_dags/example_trigger_target_dag.py
[2025-12-07T16:32:52.473+0000] {logging_mixin.py:188} INFO - [2025-12-07T16:32:52.473+0000] {dag.py:3036} INFO - Sync 1 DAGs
[2025-12-07T16:32:52.493+0000] {logging_mixin.py:188} INFO - [2025-12-07T16:32:52.493+0000] {dag.py:3823} INFO - Setting next_dagrun for example_trigger_target_dag to None, run_after=None
[2025-12-07T16:32:52.524+0000] {processor.py:183} INFO - Processing /home/airflow/.local/lib/python3.8/site-packages/airflow/example_dags/example_trigger_target_dag.py took 0.108 seconds
[2025-12-07T16:33:22.654+0000] {processor.py:161} INFO - Started process (PID=4545) to work on /home/airflow/.local/lib/python3.8/site-packages/airflow/example_dags/example_trigger_target_dag.py
[2025-12-07T16:33:22.655+0000] {processor.py:830} INFO - Processing file /home/airflow/.local/lib/python3.8/site-packages/airflow/example_dags/example_trigger_target_dag.py for tasks to queue
[2025-12-07T16:33:22.658+0000] {logging_mixin.py:188} INFO - [2025-12-07T16:33:22.658+0000] {dagbag.py:538} INFO - Filling up the DagBag from /home/airflow/.local/lib/python3.8/site-packages/airflow/example_dags/example_trigger_target_dag.py
[2025-12-07T16:33:22.667+0000] {processor.py:840} INFO - DAG(s) 'example_trigger_target_dag' retrieved from /home/airflow/.local/lib/python3.8/site-packages/airflow/example_dags/example_trigger_target_dag.py
[2025-12-07T16:33:22.703+0000] {logging_mixin.py:188} INFO - [2025-12-07T16:33:22.702+0000] {dag.py:3036} INFO - Sync 1 DAGs
[2025-12-07T16:33:22.720+0000] {logging_mixin.py:188} INFO - [2025-12-07T16:33:22.720+0000] {dag.py:3823} INFO - Setting next_dagrun for example_trigger_target_dag to None, run_after=None
[2025-12-07T16:33:22.755+0000] {processor.py:183} INFO - Processing /home/airflow/.local/lib/python3.8/site-packages/airflow/example_dags/example_trigger_target_dag.py took 0.106 seconds
[2025-12-07T16:33:53.721+0000] {processor.py:161} INFO - Started process (PID=4606) to work on /home/airflow/.local/lib/python3.8/site-packages/airflow/example_dags/example_trigger_target_dag.py
[2025-12-07T16:33:53.722+0000] {processor.py:830} INFO - Processing file /home/airflow/.local/lib/python3.8/site-packages/airflow/example_dags/example_trigger_target_dag.py for tasks to queue
[2025-12-07T16:33:53.725+0000] {logging_mixin.py:188} INFO - [2025-12-07T16:33:53.724+0000] {dagbag.py:538} INFO - Filling up the DagBag from /home/airflow/.local/lib/python3.8/site-packages/airflow/example_dags/example_trigger_target_dag.py
[2025-12-07T16:33:53.733+0000] {processor.py:840} INFO - DAG(s) 'example_trigger_target_dag' retrieved from /home/airflow/.local/lib/python3.8/site-packages/airflow/example_dags/example_trigger_target_dag.py
[2025-12-07T16:33:53.771+0000] {logging_mixin.py:188} INFO - [2025-12-07T16:33:53.770+0000] {dag.py:3036} INFO - Sync 1 DAGs
[2025-12-07T16:33:53.788+0000] {logging_mixin.py:188} INFO - [2025-12-07T16:33:53.787+0000] {dag.py:3823} INFO - Setting next_dagrun for example_trigger_target_dag to None, run_after=None
[2025-12-07T16:33:53.824+0000] {processor.py:183} INFO - Processing /home/airflow/.local/lib/python3.8/site-packages/airflow/example_dags/example_trigger_target_dag.py took 0.108 seconds
[2025-12-07T16:34:24.506+0000] {processor.py:161} INFO - Started process (PID=4667) to work on /home/airflow/.local/lib/python3.8/site-packages/airflow/example_dags/example_trigger_target_dag.py
[2025-12-07T16:34:24.507+0000] {processor.py:830} INFO - Processing file /home/airflow/.local/lib/python3.8/site-packages/airflow/example_dags/example_trigger_target_dag.py for tasks to queue
[2025-12-07T16:34:24.510+0000] {logging_mixin.py:188} INFO - [2025-12-07T16:34:24.510+0000] {dagbag.py:538} INFO - Filling up the DagBag from /home/airflow/.local/lib/python3.8/site-packages/airflow/example_dags/example_trigger_target_dag.py
[2025-12-07T16:34:24.521+0000] {processor.py:840} INFO - DAG(s) 'example_trigger_target_dag' retrieved from /home/airflow/.local/lib/python3.8/site-packages/airflow/example_dags/example_trigger_target_dag.py
[2025-12-07T16:34:24.563+0000] {logging_mixin.py:188} INFO - [2025-12-07T16:34:24.562+0000] {dag.py:3036} INFO - Sync 1 DAGs
[2025-12-07T16:34:24.582+0000] {logging_mixin.py:188} INFO - [2025-12-07T16:34:24.582+0000] {dag.py:3823} INFO - Setting next_dagrun for example_trigger_target_dag to None, run_after=None
[2025-12-07T16:34:24.618+0000] {processor.py:183} INFO - Processing /home/airflow/.local/lib/python3.8/site-packages/airflow/example_dags/example_trigger_target_dag.py took 0.119 seconds
[2025-12-07T16:34:54.778+0000] {processor.py:161} INFO - Started process (PID=4728) to work on /home/airflow/.local/lib/python3.8/site-packages/airflow/example_dags/example_trigger_target_dag.py
[2025-12-07T16:34:54.779+0000] {processor.py:830} INFO - Processing file /home/airflow/.local/lib/python3.8/site-packages/airflow/example_dags/example_trigger_target_dag.py for tasks to queue
[2025-12-07T16:34:54.782+0000] {logging_mixin.py:188} INFO - [2025-12-07T16:34:54.781+0000] {dagbag.py:538} INFO - Filling up the DagBag from /home/airflow/.local/lib/python3.8/site-packages/airflow/example_dags/example_trigger_target_dag.py
[2025-12-07T16:34:54.791+0000] {processor.py:840} INFO - DAG(s) 'example_trigger_target_dag' retrieved from /home/airflow/.local/lib/python3.8/site-packages/airflow/example_dags/example_trigger_target_dag.py
[2025-12-07T16:34:54.826+0000] {logging_mixin.py:188} INFO - [2025-12-07T16:34:54.826+0000] {dag.py:3036} INFO - Sync 1 DAGs
[2025-12-07T16:34:54.844+0000] {logging_mixin.py:188} INFO - [2025-12-07T16:34:54.844+0000] {dag.py:3823} INFO - Setting next_dagrun for example_trigger_target_dag to None, run_after=None
[2025-12-07T16:34:54.878+0000] {processor.py:183} INFO - Processing /home/airflow/.local/lib/python3.8/site-packages/airflow/example_dags/example_trigger_target_dag.py took 0.106 seconds
[2025-12-07T16:35:24.988+0000] {processor.py:161} INFO - Started process (PID=4789) to work on /home/airflow/.local/lib/python3.8/site-packages/airflow/example_dags/example_trigger_target_dag.py
[2025-12-07T16:35:24.992+0000] {processor.py:830} INFO - Processing file /home/airflow/.local/lib/python3.8/site-packages/airflow/example_dags/example_trigger_target_dag.py for tasks to queue
[2025-12-07T16:35:24.995+0000] {logging_mixin.py:188} INFO - [2025-12-07T16:35:24.994+0000] {dagbag.py:538} INFO - Filling up the DagBag from /home/airflow/.local/lib/python3.8/site-packages/airflow/example_dags/example_trigger_target_dag.py
[2025-12-07T16:35:25.005+0000] {processor.py:840} INFO - DAG(s) 'example_trigger_target_dag' retrieved from /home/airflow/.local/lib/python3.8/site-packages/airflow/example_dags/example_trigger_target_dag.py
[2025-12-07T16:35:25.051+0000] {logging_mixin.py:188} INFO - [2025-12-07T16:35:25.051+0000] {dag.py:3036} INFO - Sync 1 DAGs
[2025-12-07T16:35:25.068+0000] {logging_mixin.py:188} INFO - [2025-12-07T16:35:25.068+0000] {dag.py:3823} INFO - Setting next_dagrun for example_trigger_target_dag to None, run_after=None
[2025-12-07T16:35:25.104+0000] {processor.py:183} INFO - Processing /home/airflow/.local/lib/python3.8/site-packages/airflow/example_dags/example_trigger_target_dag.py took 0.122 seconds
[2025-12-07T16:35:55.165+0000] {processor.py:161} INFO - Started process (PID=4850) to work on /home/airflow/.local/lib/python3.8/site-packages/airflow/example_dags/example_trigger_target_dag.py
[2025-12-07T16:35:55.167+0000] {processor.py:830} INFO - Processing file /home/airflow/.local/lib/python3.8/site-packages/airflow/example_dags/example_trigger_target_dag.py for tasks to queue
[2025-12-07T16:35:55.170+0000] {logging_mixin.py:188} INFO - [2025-12-07T16:35:55.169+0000] {dagbag.py:538} INFO - Filling up the DagBag from /home/airflow/.local/lib/python3.8/site-packages/airflow/example_dags/example_trigger_target_dag.py
[2025-12-07T16:35:55.178+0000] {processor.py:840} INFO - DAG(s) 'example_trigger_target_dag' retrieved from /home/airflow/.local/lib/python3.8/site-packages/airflow/example_dags/example_trigger_target_dag.py
[2025-12-07T16:35:55.216+0000] {logging_mixin.py:188} INFO - [2025-12-07T16:35:55.216+0000] {dag.py:3036} INFO - Sync 1 DAGs
[2025-12-07T16:35:55.235+0000] {logging_mixin.py:188} INFO - [2025-12-07T16:35:55.234+0000] {dag.py:3823} INFO - Setting next_dagrun for example_trigger_target_dag to None, run_after=None
[2025-12-07T16:35:55.273+0000] {processor.py:183} INFO - Processing /home/airflow/.local/lib/python3.8/site-packages/airflow/example_dags/example_trigger_target_dag.py took 0.114 seconds
[2025-12-07T16:36:25.382+0000] {processor.py:161} INFO - Started process (PID=4911) to work on /home/airflow/.local/lib/python3.8/site-packages/airflow/example_dags/example_trigger_target_dag.py
[2025-12-07T16:36:25.384+0000] {processor.py:830} INFO - Processing file /home/airflow/.local/lib/python3.8/site-packages/airflow/example_dags/example_trigger_target_dag.py for tasks to queue
[2025-12-07T16:36:25.386+0000] {logging_mixin.py:188} INFO - [2025-12-07T16:36:25.386+0000] {dagbag.py:538} INFO - Filling up the DagBag from /home/airflow/.local/lib/python3.8/site-packages/airflow/example_dags/example_trigger_target_dag.py
[2025-12-07T16:36:25.401+0000] {processor.py:840} INFO - DAG(s) 'example_trigger_target_dag' retrieved from /home/airflow/.local/lib/python3.8/site-packages/airflow/example_dags/example_trigger_target_dag.py
[2025-12-07T16:36:25.434+0000] {logging_mixin.py:188} INFO - [2025-12-07T16:36:25.434+0000] {dag.py:3036} INFO - Sync 1 DAGs
[2025-12-07T16:36:25.451+0000] {logging_mixin.py:188} INFO - [2025-12-07T16:36:25.451+0000] {dag.py:3823} INFO - Setting next_dagrun for example_trigger_target_dag to None, run_after=None
[2025-12-07T16:36:25.485+0000] {processor.py:183} INFO - Processing /home/airflow/.local/lib/python3.8/site-packages/airflow/example_dags/example_trigger_target_dag.py took 0.110 seconds
[2025-12-07T16:36:55.825+0000] {processor.py:161} INFO - Started process (PID=4972) to work on /home/airflow/.local/lib/python3.8/site-packages/airflow/example_dags/example_trigger_target_dag.py
[2025-12-07T16:36:55.826+0000] {processor.py:830} INFO - Processing file /home/airflow/.local/lib/python3.8/site-packages/airflow/example_dags/example_trigger_target_dag.py for tasks to queue
[2025-12-07T16:36:55.829+0000] {logging_mixin.py:188} INFO - [2025-12-07T16:36:55.828+0000] {dagbag.py:538} INFO - Filling up the DagBag from /home/airflow/.local/lib/python3.8/site-packages/airflow/example_dags/example_trigger_target_dag.py
[2025-12-07T16:36:55.840+0000] {processor.py:840} INFO - DAG(s) 'example_trigger_target_dag' retrieved from /home/airflow/.local/lib/python3.8/site-packages/airflow/example_dags/example_trigger_target_dag.py
[2025-12-07T16:36:55.874+0000] {logging_mixin.py:188} INFO - [2025-12-07T16:36:55.873+0000] {dag.py:3036} INFO - Sync 1 DAGs
[2025-12-07T16:36:55.894+0000] {logging_mixin.py:188} INFO - [2025-12-07T16:36:55.893+0000] {dag.py:3823} INFO - Setting next_dagrun for example_trigger_target_dag to None, run_after=None
[2025-12-07T16:36:55.933+0000] {processor.py:183} INFO - Processing /home/airflow/.local/lib/python3.8/site-packages/airflow/example_dags/example_trigger_target_dag.py took 0.115 seconds
[2025-12-07T16:37:26.240+0000] {processor.py:161} INFO - Started process (PID=5033) to work on /home/airflow/.local/lib/python3.8/site-packages/airflow/example_dags/example_trigger_target_dag.py
[2025-12-07T16:37:26.242+0000] {processor.py:830} INFO - Processing file /home/airflow/.local/lib/python3.8/site-packages/airflow/example_dags/example_trigger_target_dag.py for tasks to queue
[2025-12-07T16:37:26.246+0000] {logging_mixin.py:188} INFO - [2025-12-07T16:37:26.245+0000] {dagbag.py:538} INFO - Filling up the DagBag from /home/airflow/.local/lib/python3.8/site-packages/airflow/example_dags/example_trigger_target_dag.py
[2025-12-07T16:37:26.255+0000] {processor.py:840} INFO - DAG(s) 'example_trigger_target_dag' retrieved from /home/airflow/.local/lib/python3.8/site-packages/airflow/example_dags/example_trigger_target_dag.py
[2025-12-07T16:37:26.287+0000] {logging_mixin.py:188} INFO - [2025-12-07T16:37:26.287+0000] {dag.py:3036} INFO - Sync 1 DAGs
[2025-12-07T16:37:26.302+0000] {logging_mixin.py:188} INFO - [2025-12-07T16:37:26.302+0000] {dag.py:3823} INFO - Setting next_dagrun for example_trigger_target_dag to None, run_after=None
[2025-12-07T16:37:26.333+0000] {processor.py:183} INFO - Processing /home/airflow/.local/lib/python3.8/site-packages/airflow/example_dags/example_trigger_target_dag.py took 0.099 seconds
[2025-12-07T16:37:56.571+0000] {processor.py:161} INFO - Started process (PID=5094) to work on /home/airflow/.local/lib/python3.8/site-packages/airflow/example_dags/example_trigger_target_dag.py
[2025-12-07T16:37:56.574+0000] {processor.py:830} INFO - Processing file /home/airflow/.local/lib/python3.8/site-packages/airflow/example_dags/example_trigger_target_dag.py for tasks to queue
[2025-12-07T16:37:56.579+0000] {logging_mixin.py:188} INFO - [2025-12-07T16:37:56.578+0000] {dagbag.py:538} INFO - Filling up the DagBag from /home/airflow/.local/lib/python3.8/site-packages/airflow/example_dags/example_trigger_target_dag.py
[2025-12-07T16:37:56.588+0000] {processor.py:840} INFO - DAG(s) 'example_trigger_target_dag' retrieved from /home/airflow/.local/lib/python3.8/site-packages/airflow/example_dags/example_trigger_target_dag.py
[2025-12-07T16:37:56.621+0000] {logging_mixin.py:188} INFO - [2025-12-07T16:37:56.620+0000] {dag.py:3036} INFO - Sync 1 DAGs
[2025-12-07T16:37:56.639+0000] {logging_mixin.py:188} INFO - [2025-12-07T16:37:56.639+0000] {dag.py:3823} INFO - Setting next_dagrun for example_trigger_target_dag to None, run_after=None
[2025-12-07T16:37:56.674+0000] {processor.py:183} INFO - Processing /home/airflow/.local/lib/python3.8/site-packages/airflow/example_dags/example_trigger_target_dag.py took 0.110 seconds
[2025-12-07T16:38:26.990+0000] {processor.py:161} INFO - Started process (PID=5155) to work on /home/airflow/.local/lib/python3.8/site-packages/airflow/example_dags/example_trigger_target_dag.py
[2025-12-07T16:38:26.992+0000] {processor.py:830} INFO - Processing file /home/airflow/.local/lib/python3.8/site-packages/airflow/example_dags/example_trigger_target_dag.py for tasks to queue
[2025-12-07T16:38:26.996+0000] {logging_mixin.py:188} INFO - [2025-12-07T16:38:26.995+0000] {dagbag.py:538} INFO - Filling up the DagBag from /home/airflow/.local/lib/python3.8/site-packages/airflow/example_dags/example_trigger_target_dag.py
[2025-12-07T16:38:27.004+0000] {processor.py:840} INFO - DAG(s) 'example_trigger_target_dag' retrieved from /home/airflow/.local/lib/python3.8/site-packages/airflow/example_dags/example_trigger_target_dag.py
[2025-12-07T16:38:27.036+0000] {logging_mixin.py:188} INFO - [2025-12-07T16:38:27.036+0000] {dag.py:3036} INFO - Sync 1 DAGs
[2025-12-07T16:38:27.052+0000] {logging_mixin.py:188} INFO - [2025-12-07T16:38:27.052+0000] {dag.py:3823} INFO - Setting next_dagrun for example_trigger_target_dag to None, run_after=None
[2025-12-07T16:38:27.083+0000] {processor.py:183} INFO - Processing /home/airflow/.local/lib/python3.8/site-packages/airflow/example_dags/example_trigger_target_dag.py took 0.099 seconds
[2025-12-07T16:38:57.591+0000] {processor.py:161} INFO - Started process (PID=5216) to work on /home/airflow/.local/lib/python3.8/site-packages/airflow/example_dags/example_trigger_target_dag.py
[2025-12-07T16:38:57.592+0000] {processor.py:830} INFO - Processing file /home/airflow/.local/lib/python3.8/site-packages/airflow/example_dags/example_trigger_target_dag.py for tasks to queue
[2025-12-07T16:38:57.595+0000] {logging_mixin.py:188} INFO - [2025-12-07T16:38:57.595+0000] {dagbag.py:538} INFO - Filling up the DagBag from /home/airflow/.local/lib/python3.8/site-packages/airflow/example_dags/example_trigger_target_dag.py
[2025-12-07T16:38:57.603+0000] {processor.py:840} INFO - DAG(s) 'example_trigger_target_dag' retrieved from /home/airflow/.local/lib/python3.8/site-packages/airflow/example_dags/example_trigger_target_dag.py
[2025-12-07T16:38:57.633+0000] {logging_mixin.py:188} INFO - [2025-12-07T16:38:57.632+0000] {dag.py:3036} INFO - Sync 1 DAGs
[2025-12-07T16:38:57.647+0000] {logging_mixin.py:188} INFO - [2025-12-07T16:38:57.647+0000] {dag.py:3823} INFO - Setting next_dagrun for example_trigger_target_dag to None, run_after=None
[2025-12-07T16:38:57.677+0000] {processor.py:183} INFO - Processing /home/airflow/.local/lib/python3.8/site-packages/airflow/example_dags/example_trigger_target_dag.py took 0.091 seconds
[2025-12-07T16:39:28.366+0000] {processor.py:161} INFO - Started process (PID=5277) to work on /home/airflow/.local/lib/python3.8/site-packages/airflow/example_dags/example_trigger_target_dag.py
[2025-12-07T16:39:28.368+0000] {processor.py:830} INFO - Processing file /home/airflow/.local/lib/python3.8/site-packages/airflow/example_dags/example_trigger_target_dag.py for tasks to queue
[2025-12-07T16:39:28.370+0000] {logging_mixin.py:188} INFO - [2025-12-07T16:39:28.370+0000] {dagbag.py:538} INFO - Filling up the DagBag from /home/airflow/.local/lib/python3.8/site-packages/airflow/example_dags/example_trigger_target_dag.py
[2025-12-07T16:39:28.383+0000] {processor.py:840} INFO - DAG(s) 'example_trigger_target_dag' retrieved from /home/airflow/.local/lib/python3.8/site-packages/airflow/example_dags/example_trigger_target_dag.py
[2025-12-07T16:39:28.411+0000] {logging_mixin.py:188} INFO - [2025-12-07T16:39:28.410+0000] {dag.py:3036} INFO - Sync 1 DAGs
[2025-12-07T16:39:28.428+0000] {logging_mixin.py:188} INFO - [2025-12-07T16:39:28.428+0000] {dag.py:3823} INFO - Setting next_dagrun for example_trigger_target_dag to None, run_after=None
[2025-12-07T16:39:28.462+0000] {processor.py:183} INFO - Processing /home/airflow/.local/lib/python3.8/site-packages/airflow/example_dags/example_trigger_target_dag.py took 0.102 seconds
[2025-12-07T16:39:59.282+0000] {processor.py:161} INFO - Started process (PID=5338) to work on /home/airflow/.local/lib/python3.8/site-packages/airflow/example_dags/example_trigger_target_dag.py
[2025-12-07T16:39:59.284+0000] {processor.py:830} INFO - Processing file /home/airflow/.local/lib/python3.8/site-packages/airflow/example_dags/example_trigger_target_dag.py for tasks to queue
[2025-12-07T16:39:59.287+0000] {logging_mixin.py:188} INFO - [2025-12-07T16:39:59.286+0000] {dagbag.py:538} INFO - Filling up the DagBag from /home/airflow/.local/lib/python3.8/site-packages/airflow/example_dags/example_trigger_target_dag.py
[2025-12-07T16:39:59.295+0000] {processor.py:840} INFO - DAG(s) 'example_trigger_target_dag' retrieved from /home/airflow/.local/lib/python3.8/site-packages/airflow/example_dags/example_trigger_target_dag.py
[2025-12-07T16:39:59.323+0000] {logging_mixin.py:188} INFO - [2025-12-07T16:39:59.323+0000] {dag.py:3036} INFO - Sync 1 DAGs
[2025-12-07T16:39:59.338+0000] {logging_mixin.py:188} INFO - [2025-12-07T16:39:59.338+0000] {dag.py:3823} INFO - Setting next_dagrun for example_trigger_target_dag to None, run_after=None
[2025-12-07T16:39:59.369+0000] {processor.py:183} INFO - Processing /home/airflow/.local/lib/python3.8/site-packages/airflow/example_dags/example_trigger_target_dag.py took 0.092 seconds
[2025-12-07T16:40:29.479+0000] {processor.py:161} INFO - Started process (PID=5399) to work on /home/airflow/.local/lib/python3.8/site-packages/airflow/example_dags/example_trigger_target_dag.py
[2025-12-07T16:40:29.480+0000] {processor.py:830} INFO - Processing file /home/airflow/.local/lib/python3.8/site-packages/airflow/example_dags/example_trigger_target_dag.py for tasks to queue
[2025-12-07T16:40:29.482+0000] {logging_mixin.py:188} INFO - [2025-12-07T16:40:29.482+0000] {dagbag.py:538} INFO - Filling up the DagBag from /home/airflow/.local/lib/python3.8/site-packages/airflow/example_dags/example_trigger_target_dag.py
[2025-12-07T16:40:29.493+0000] {processor.py:840} INFO - DAG(s) 'example_trigger_target_dag' retrieved from /home/airflow/.local/lib/python3.8/site-packages/airflow/example_dags/example_trigger_target_dag.py
[2025-12-07T16:40:29.526+0000] {logging_mixin.py:188} INFO - [2025-12-07T16:40:29.526+0000] {dag.py:3036} INFO - Sync 1 DAGs
[2025-12-07T16:40:29.542+0000] {logging_mixin.py:188} INFO - [2025-12-07T16:40:29.542+0000] {dag.py:3823} INFO - Setting next_dagrun for example_trigger_target_dag to None, run_after=None
[2025-12-07T16:40:29.574+0000] {processor.py:183} INFO - Processing /home/airflow/.local/lib/python3.8/site-packages/airflow/example_dags/example_trigger_target_dag.py took 0.099 seconds
[2025-12-07T16:40:59.719+0000] {processor.py:161} INFO - Started process (PID=5460) to work on /home/airflow/.local/lib/python3.8/site-packages/airflow/example_dags/example_trigger_target_dag.py
[2025-12-07T16:40:59.720+0000] {processor.py:830} INFO - Processing file /home/airflow/.local/lib/python3.8/site-packages/airflow/example_dags/example_trigger_target_dag.py for tasks to queue
[2025-12-07T16:40:59.723+0000] {logging_mixin.py:188} INFO - [2025-12-07T16:40:59.722+0000] {dagbag.py:538} INFO - Filling up the DagBag from /home/airflow/.local/lib/python3.8/site-packages/airflow/example_dags/example_trigger_target_dag.py
[2025-12-07T16:40:59.731+0000] {processor.py:840} INFO - DAG(s) 'example_trigger_target_dag' retrieved from /home/airflow/.local/lib/python3.8/site-packages/airflow/example_dags/example_trigger_target_dag.py
[2025-12-07T16:40:59.761+0000] {logging_mixin.py:188} INFO - [2025-12-07T16:40:59.761+0000] {dag.py:3036} INFO - Sync 1 DAGs
[2025-12-07T16:40:59.777+0000] {logging_mixin.py:188} INFO - [2025-12-07T16:40:59.777+0000] {dag.py:3823} INFO - Setting next_dagrun for example_trigger_target_dag to None, run_after=None
[2025-12-07T16:40:59.805+0000] {processor.py:183} INFO - Processing /home/airflow/.local/lib/python3.8/site-packages/airflow/example_dags/example_trigger_target_dag.py took 0.091 seconds
[2025-12-07T16:41:30.169+0000] {processor.py:161} INFO - Started process (PID=5521) to work on /home/airflow/.local/lib/python3.8/site-packages/airflow/example_dags/example_trigger_target_dag.py
[2025-12-07T16:41:30.170+0000] {processor.py:830} INFO - Processing file /home/airflow/.local/lib/python3.8/site-packages/airflow/example_dags/example_trigger_target_dag.py for tasks to queue
[2025-12-07T16:41:30.173+0000] {logging_mixin.py:188} INFO - [2025-12-07T16:41:30.173+0000] {dagbag.py:538} INFO - Filling up the DagBag from /home/airflow/.local/lib/python3.8/site-packages/airflow/example_dags/example_trigger_target_dag.py
[2025-12-07T16:41:30.182+0000] {processor.py:840} INFO - DAG(s) 'example_trigger_target_dag' retrieved from /home/airflow/.local/lib/python3.8/site-packages/airflow/example_dags/example_trigger_target_dag.py
[2025-12-07T16:41:30.221+0000] {logging_mixin.py:188} INFO - [2025-12-07T16:41:30.220+0000] {dag.py:3036} INFO - Sync 1 DAGs
[2025-12-07T16:41:30.246+0000] {logging_mixin.py:188} INFO - [2025-12-07T16:41:30.246+0000] {dag.py:3823} INFO - Setting next_dagrun for example_trigger_target_dag to None, run_after=None
[2025-12-07T16:41:30.272+0000] {processor.py:183} INFO - Processing /home/airflow/.local/lib/python3.8/site-packages/airflow/example_dags/example_trigger_target_dag.py took 0.109 seconds
[2025-12-07T16:42:00.733+0000] {processor.py:161} INFO - Started process (PID=5582) to work on /home/airflow/.local/lib/python3.8/site-packages/airflow/example_dags/example_trigger_target_dag.py
[2025-12-07T16:42:00.734+0000] {processor.py:830} INFO - Processing file /home/airflow/.local/lib/python3.8/site-packages/airflow/example_dags/example_trigger_target_dag.py for tasks to queue
[2025-12-07T16:42:00.737+0000] {logging_mixin.py:188} INFO - [2025-12-07T16:42:00.736+0000] {dagbag.py:538} INFO - Filling up the DagBag from /home/airflow/.local/lib/python3.8/site-packages/airflow/example_dags/example_trigger_target_dag.py
[2025-12-07T16:42:00.745+0000] {processor.py:840} INFO - DAG(s) 'example_trigger_target_dag' retrieved from /home/airflow/.local/lib/python3.8/site-packages/airflow/example_dags/example_trigger_target_dag.py
[2025-12-07T16:42:00.779+0000] {logging_mixin.py:188} INFO - [2025-12-07T16:42:00.778+0000] {dag.py:3036} INFO - Sync 1 DAGs
[2025-12-07T16:42:00.797+0000] {logging_mixin.py:188} INFO - [2025-12-07T16:42:00.797+0000] {dag.py:3823} INFO - Setting next_dagrun for example_trigger_target_dag to None, run_after=None
[2025-12-07T16:42:00.828+0000] {processor.py:183} INFO - Processing /home/airflow/.local/lib/python3.8/site-packages/airflow/example_dags/example_trigger_target_dag.py took 0.100 seconds
[2025-12-07T16:42:31.195+0000] {processor.py:161} INFO - Started process (PID=5643) to work on /home/airflow/.local/lib/python3.8/site-packages/airflow/example_dags/example_trigger_target_dag.py
[2025-12-07T16:42:31.196+0000] {processor.py:830} INFO - Processing file /home/airflow/.local/lib/python3.8/site-packages/airflow/example_dags/example_trigger_target_dag.py for tasks to queue
[2025-12-07T16:42:31.199+0000] {logging_mixin.py:188} INFO - [2025-12-07T16:42:31.198+0000] {dagbag.py:538} INFO - Filling up the DagBag from /home/airflow/.local/lib/python3.8/site-packages/airflow/example_dags/example_trigger_target_dag.py
[2025-12-07T16:42:31.207+0000] {processor.py:840} INFO - DAG(s) 'example_trigger_target_dag' retrieved from /home/airflow/.local/lib/python3.8/site-packages/airflow/example_dags/example_trigger_target_dag.py
[2025-12-07T16:42:31.242+0000] {logging_mixin.py:188} INFO - [2025-12-07T16:42:31.241+0000] {dag.py:3036} INFO - Sync 1 DAGs
[2025-12-07T16:42:31.258+0000] {logging_mixin.py:188} INFO - [2025-12-07T16:42:31.258+0000] {dag.py:3823} INFO - Setting next_dagrun for example_trigger_target_dag to None, run_after=None
[2025-12-07T16:42:31.289+0000] {processor.py:183} INFO - Processing /home/airflow/.local/lib/python3.8/site-packages/airflow/example_dags/example_trigger_target_dag.py took 0.099 seconds
[2025-12-07T16:43:01.642+0000] {processor.py:161} INFO - Started process (PID=5704) to work on /home/airflow/.local/lib/python3.8/site-packages/airflow/example_dags/example_trigger_target_dag.py
[2025-12-07T16:43:01.643+0000] {processor.py:830} INFO - Processing file /home/airflow/.local/lib/python3.8/site-packages/airflow/example_dags/example_trigger_target_dag.py for tasks to queue
[2025-12-07T16:43:01.646+0000] {logging_mixin.py:188} INFO - [2025-12-07T16:43:01.646+0000] {dagbag.py:538} INFO - Filling up the DagBag from /home/airflow/.local/lib/python3.8/site-packages/airflow/example_dags/example_trigger_target_dag.py
[2025-12-07T16:43:01.656+0000] {processor.py:840} INFO - DAG(s) 'example_trigger_target_dag' retrieved from /home/airflow/.local/lib/python3.8/site-packages/airflow/example_dags/example_trigger_target_dag.py
[2025-12-07T16:43:01.694+0000] {logging_mixin.py:188} INFO - [2025-12-07T16:43:01.694+0000] {dag.py:3036} INFO - Sync 1 DAGs
[2025-12-07T16:43:01.712+0000] {logging_mixin.py:188} INFO - [2025-12-07T16:43:01.711+0000] {dag.py:3823} INFO - Setting next_dagrun for example_trigger_target_dag to None, run_after=None
[2025-12-07T16:43:01.746+0000] {processor.py:183} INFO - Processing /home/airflow/.local/lib/python3.8/site-packages/airflow/example_dags/example_trigger_target_dag.py took 0.109 seconds
[2025-12-07T16:43:32.354+0000] {processor.py:161} INFO - Started process (PID=5765) to work on /home/airflow/.local/lib/python3.8/site-packages/airflow/example_dags/example_trigger_target_dag.py
[2025-12-07T16:43:32.356+0000] {processor.py:830} INFO - Processing file /home/airflow/.local/lib/python3.8/site-packages/airflow/example_dags/example_trigger_target_dag.py for tasks to queue
[2025-12-07T16:43:32.358+0000] {logging_mixin.py:188} INFO - [2025-12-07T16:43:32.358+0000] {dagbag.py:538} INFO - Filling up the DagBag from /home/airflow/.local/lib/python3.8/site-packages/airflow/example_dags/example_trigger_target_dag.py
[2025-12-07T16:43:32.366+0000] {processor.py:840} INFO - DAG(s) 'example_trigger_target_dag' retrieved from /home/airflow/.local/lib/python3.8/site-packages/airflow/example_dags/example_trigger_target_dag.py
[2025-12-07T16:43:32.400+0000] {logging_mixin.py:188} INFO - [2025-12-07T16:43:32.400+0000] {dag.py:3036} INFO - Sync 1 DAGs
[2025-12-07T16:43:32.417+0000] {logging_mixin.py:188} INFO - [2025-12-07T16:43:32.417+0000] {dag.py:3823} INFO - Setting next_dagrun for example_trigger_target_dag to None, run_after=None
[2025-12-07T16:43:32.451+0000] {processor.py:183} INFO - Processing /home/airflow/.local/lib/python3.8/site-packages/airflow/example_dags/example_trigger_target_dag.py took 0.102 seconds
[2025-12-07T16:44:02.938+0000] {processor.py:161} INFO - Started process (PID=5826) to work on /home/airflow/.local/lib/python3.8/site-packages/airflow/example_dags/example_trigger_target_dag.py
[2025-12-07T16:44:02.940+0000] {processor.py:830} INFO - Processing file /home/airflow/.local/lib/python3.8/site-packages/airflow/example_dags/example_trigger_target_dag.py for tasks to queue
[2025-12-07T16:44:02.943+0000] {logging_mixin.py:188} INFO - [2025-12-07T16:44:02.942+0000] {dagbag.py:538} INFO - Filling up the DagBag from /home/airflow/.local/lib/python3.8/site-packages/airflow/example_dags/example_trigger_target_dag.py
[2025-12-07T16:44:02.952+0000] {processor.py:840} INFO - DAG(s) 'example_trigger_target_dag' retrieved from /home/airflow/.local/lib/python3.8/site-packages/airflow/example_dags/example_trigger_target_dag.py
[2025-12-07T16:44:02.986+0000] {logging_mixin.py:188} INFO - [2025-12-07T16:44:02.986+0000] {dag.py:3036} INFO - Sync 1 DAGs
[2025-12-07T16:44:03.004+0000] {logging_mixin.py:188} INFO - [2025-12-07T16:44:03.003+0000] {dag.py:3823} INFO - Setting next_dagrun for example_trigger_target_dag to None, run_after=None
[2025-12-07T16:44:03.039+0000] {processor.py:183} INFO - Processing /home/airflow/.local/lib/python3.8/site-packages/airflow/example_dags/example_trigger_target_dag.py took 0.107 seconds
[2025-12-07T16:44:33.119+0000] {processor.py:161} INFO - Started process (PID=5887) to work on /home/airflow/.local/lib/python3.8/site-packages/airflow/example_dags/example_trigger_target_dag.py
[2025-12-07T16:44:33.120+0000] {processor.py:830} INFO - Processing file /home/airflow/.local/lib/python3.8/site-packages/airflow/example_dags/example_trigger_target_dag.py for tasks to queue
[2025-12-07T16:44:33.124+0000] {logging_mixin.py:188} INFO - [2025-12-07T16:44:33.124+0000] {dagbag.py:538} INFO - Filling up the DagBag from /home/airflow/.local/lib/python3.8/site-packages/airflow/example_dags/example_trigger_target_dag.py
[2025-12-07T16:44:33.134+0000] {processor.py:840} INFO - DAG(s) 'example_trigger_target_dag' retrieved from /home/airflow/.local/lib/python3.8/site-packages/airflow/example_dags/example_trigger_target_dag.py
[2025-12-07T16:44:33.164+0000] {logging_mixin.py:188} INFO - [2025-12-07T16:44:33.164+0000] {dag.py:3036} INFO - Sync 1 DAGs
[2025-12-07T16:44:33.181+0000] {logging_mixin.py:188} INFO - [2025-12-07T16:44:33.180+0000] {dag.py:3823} INFO - Setting next_dagrun for example_trigger_target_dag to None, run_after=None
[2025-12-07T16:44:33.210+0000] {processor.py:183} INFO - Processing /home/airflow/.local/lib/python3.8/site-packages/airflow/example_dags/example_trigger_target_dag.py took 0.098 seconds
[2025-12-07T16:45:03.383+0000] {processor.py:161} INFO - Started process (PID=5948) to work on /home/airflow/.local/lib/python3.8/site-packages/airflow/example_dags/example_trigger_target_dag.py
[2025-12-07T16:45:03.385+0000] {processor.py:830} INFO - Processing file /home/airflow/.local/lib/python3.8/site-packages/airflow/example_dags/example_trigger_target_dag.py for tasks to queue
[2025-12-07T16:45:03.388+0000] {logging_mixin.py:188} INFO - [2025-12-07T16:45:03.387+0000] {dagbag.py:538} INFO - Filling up the DagBag from /home/airflow/.local/lib/python3.8/site-packages/airflow/example_dags/example_trigger_target_dag.py
[2025-12-07T16:45:03.396+0000] {processor.py:840} INFO - DAG(s) 'example_trigger_target_dag' retrieved from /home/airflow/.local/lib/python3.8/site-packages/airflow/example_dags/example_trigger_target_dag.py
[2025-12-07T16:45:03.428+0000] {logging_mixin.py:188} INFO - [2025-12-07T16:45:03.428+0000] {dag.py:3036} INFO - Sync 1 DAGs
[2025-12-07T16:45:03.444+0000] {logging_mixin.py:188} INFO - [2025-12-07T16:45:03.444+0000] {dag.py:3823} INFO - Setting next_dagrun for example_trigger_target_dag to None, run_after=None
[2025-12-07T16:45:03.475+0000] {processor.py:183} INFO - Processing /home/airflow/.local/lib/python3.8/site-packages/airflow/example_dags/example_trigger_target_dag.py took 0.098 seconds
[2025-12-07T16:45:33.753+0000] {processor.py:161} INFO - Started process (PID=6009) to work on /home/airflow/.local/lib/python3.8/site-packages/airflow/example_dags/example_trigger_target_dag.py
[2025-12-07T16:45:33.754+0000] {processor.py:830} INFO - Processing file /home/airflow/.local/lib/python3.8/site-packages/airflow/example_dags/example_trigger_target_dag.py for tasks to queue
[2025-12-07T16:45:33.758+0000] {logging_mixin.py:188} INFO - [2025-12-07T16:45:33.757+0000] {dagbag.py:538} INFO - Filling up the DagBag from /home/airflow/.local/lib/python3.8/site-packages/airflow/example_dags/example_trigger_target_dag.py
[2025-12-07T16:45:33.766+0000] {processor.py:840} INFO - DAG(s) 'example_trigger_target_dag' retrieved from /home/airflow/.local/lib/python3.8/site-packages/airflow/example_dags/example_trigger_target_dag.py
[2025-12-07T16:45:33.798+0000] {logging_mixin.py:188} INFO - [2025-12-07T16:45:33.798+0000] {dag.py:3036} INFO - Sync 1 DAGs
[2025-12-07T16:45:33.816+0000] {logging_mixin.py:188} INFO - [2025-12-07T16:45:33.816+0000] {dag.py:3823} INFO - Setting next_dagrun for example_trigger_target_dag to None, run_after=None
[2025-12-07T16:45:33.847+0000] {processor.py:183} INFO - Processing /home/airflow/.local/lib/python3.8/site-packages/airflow/example_dags/example_trigger_target_dag.py took 0.100 seconds
[2025-12-07T16:46:04.032+0000] {processor.py:161} INFO - Started process (PID=6070) to work on /home/airflow/.local/lib/python3.8/site-packages/airflow/example_dags/example_trigger_target_dag.py
[2025-12-07T16:46:04.035+0000] {processor.py:830} INFO - Processing file /home/airflow/.local/lib/python3.8/site-packages/airflow/example_dags/example_trigger_target_dag.py for tasks to queue
[2025-12-07T16:46:04.038+0000] {logging_mixin.py:188} INFO - [2025-12-07T16:46:04.037+0000] {dagbag.py:538} INFO - Filling up the DagBag from /home/airflow/.local/lib/python3.8/site-packages/airflow/example_dags/example_trigger_target_dag.py
[2025-12-07T16:46:04.048+0000] {processor.py:840} INFO - DAG(s) 'example_trigger_target_dag' retrieved from /home/airflow/.local/lib/python3.8/site-packages/airflow/example_dags/example_trigger_target_dag.py
[2025-12-07T16:46:04.079+0000] {logging_mixin.py:188} INFO - [2025-12-07T16:46:04.078+0000] {dag.py:3036} INFO - Sync 1 DAGs
[2025-12-07T16:46:04.101+0000] {logging_mixin.py:188} INFO - [2025-12-07T16:46:04.101+0000] {dag.py:3823} INFO - Setting next_dagrun for example_trigger_target_dag to None, run_after=None
[2025-12-07T16:46:04.142+0000] {processor.py:183} INFO - Processing /home/airflow/.local/lib/python3.8/site-packages/airflow/example_dags/example_trigger_target_dag.py took 0.114 seconds
[2025-12-07T16:46:34.491+0000] {processor.py:161} INFO - Started process (PID=6131) to work on /home/airflow/.local/lib/python3.8/site-packages/airflow/example_dags/example_trigger_target_dag.py
[2025-12-07T16:46:34.492+0000] {processor.py:830} INFO - Processing file /home/airflow/.local/lib/python3.8/site-packages/airflow/example_dags/example_trigger_target_dag.py for tasks to queue
[2025-12-07T16:46:34.495+0000] {logging_mixin.py:188} INFO - [2025-12-07T16:46:34.495+0000] {dagbag.py:538} INFO - Filling up the DagBag from /home/airflow/.local/lib/python3.8/site-packages/airflow/example_dags/example_trigger_target_dag.py
[2025-12-07T16:46:34.504+0000] {processor.py:840} INFO - DAG(s) 'example_trigger_target_dag' retrieved from /home/airflow/.local/lib/python3.8/site-packages/airflow/example_dags/example_trigger_target_dag.py
[2025-12-07T16:46:34.535+0000] {logging_mixin.py:188} INFO - [2025-12-07T16:46:34.535+0000] {dag.py:3036} INFO - Sync 1 DAGs
[2025-12-07T16:46:34.551+0000] {logging_mixin.py:188} INFO - [2025-12-07T16:46:34.550+0000] {dag.py:3823} INFO - Setting next_dagrun for example_trigger_target_dag to None, run_after=None
[2025-12-07T16:46:34.585+0000] {processor.py:183} INFO - Processing /home/airflow/.local/lib/python3.8/site-packages/airflow/example_dags/example_trigger_target_dag.py took 0.100 seconds
[2025-12-07T16:47:04.923+0000] {processor.py:161} INFO - Started process (PID=6192) to work on /home/airflow/.local/lib/python3.8/site-packages/airflow/example_dags/example_trigger_target_dag.py
[2025-12-07T16:47:04.926+0000] {processor.py:830} INFO - Processing file /home/airflow/.local/lib/python3.8/site-packages/airflow/example_dags/example_trigger_target_dag.py for tasks to queue
[2025-12-07T16:47:04.930+0000] {logging_mixin.py:188} INFO - [2025-12-07T16:47:04.929+0000] {dagbag.py:538} INFO - Filling up the DagBag from /home/airflow/.local/lib/python3.8/site-packages/airflow/example_dags/example_trigger_target_dag.py
[2025-12-07T16:47:04.940+0000] {processor.py:840} INFO - DAG(s) 'example_trigger_target_dag' retrieved from /home/airflow/.local/lib/python3.8/site-packages/airflow/example_dags/example_trigger_target_dag.py
[2025-12-07T16:47:04.973+0000] {logging_mixin.py:188} INFO - [2025-12-07T16:47:04.972+0000] {dag.py:3036} INFO - Sync 1 DAGs
[2025-12-07T16:47:04.993+0000] {logging_mixin.py:188} INFO - [2025-12-07T16:47:04.992+0000] {dag.py:3823} INFO - Setting next_dagrun for example_trigger_target_dag to None, run_after=None
[2025-12-07T16:47:05.027+0000] {processor.py:183} INFO - Processing /home/airflow/.local/lib/python3.8/site-packages/airflow/example_dags/example_trigger_target_dag.py took 0.112 seconds
[2025-12-07T16:47:35.292+0000] {processor.py:161} INFO - Started process (PID=6253) to work on /home/airflow/.local/lib/python3.8/site-packages/airflow/example_dags/example_trigger_target_dag.py
[2025-12-07T16:47:35.294+0000] {processor.py:830} INFO - Processing file /home/airflow/.local/lib/python3.8/site-packages/airflow/example_dags/example_trigger_target_dag.py for tasks to queue
[2025-12-07T16:47:35.297+0000] {logging_mixin.py:188} INFO - [2025-12-07T16:47:35.297+0000] {dagbag.py:538} INFO - Filling up the DagBag from /home/airflow/.local/lib/python3.8/site-packages/airflow/example_dags/example_trigger_target_dag.py
[2025-12-07T16:47:35.306+0000] {processor.py:840} INFO - DAG(s) 'example_trigger_target_dag' retrieved from /home/airflow/.local/lib/python3.8/site-packages/airflow/example_dags/example_trigger_target_dag.py
[2025-12-07T16:47:35.338+0000] {logging_mixin.py:188} INFO - [2025-12-07T16:47:35.338+0000] {dag.py:3036} INFO - Sync 1 DAGs
[2025-12-07T16:47:35.354+0000] {logging_mixin.py:188} INFO - [2025-12-07T16:47:35.354+0000] {dag.py:3823} INFO - Setting next_dagrun for example_trigger_target_dag to None, run_after=None
[2025-12-07T16:47:35.383+0000] {processor.py:183} INFO - Processing /home/airflow/.local/lib/python3.8/site-packages/airflow/example_dags/example_trigger_target_dag.py took 0.096 seconds
[2025-12-07T16:48:05.682+0000] {processor.py:161} INFO - Started process (PID=6314) to work on /home/airflow/.local/lib/python3.8/site-packages/airflow/example_dags/example_trigger_target_dag.py
[2025-12-07T16:48:05.683+0000] {processor.py:830} INFO - Processing file /home/airflow/.local/lib/python3.8/site-packages/airflow/example_dags/example_trigger_target_dag.py for tasks to queue
[2025-12-07T16:48:05.686+0000] {logging_mixin.py:188} INFO - [2025-12-07T16:48:05.686+0000] {dagbag.py:538} INFO - Filling up the DagBag from /home/airflow/.local/lib/python3.8/site-packages/airflow/example_dags/example_trigger_target_dag.py
[2025-12-07T16:48:05.696+0000] {processor.py:840} INFO - DAG(s) 'example_trigger_target_dag' retrieved from /home/airflow/.local/lib/python3.8/site-packages/airflow/example_dags/example_trigger_target_dag.py
[2025-12-07T16:48:05.729+0000] {logging_mixin.py:188} INFO - [2025-12-07T16:48:05.729+0000] {dag.py:3036} INFO - Sync 1 DAGs
[2025-12-07T16:48:05.748+0000] {logging_mixin.py:188} INFO - [2025-12-07T16:48:05.748+0000] {dag.py:3823} INFO - Setting next_dagrun for example_trigger_target_dag to None, run_after=None
[2025-12-07T16:48:05.784+0000] {processor.py:183} INFO - Processing /home/airflow/.local/lib/python3.8/site-packages/airflow/example_dags/example_trigger_target_dag.py took 0.108 seconds
[2025-12-07T16:48:36.154+0000] {processor.py:161} INFO - Started process (PID=6375) to work on /home/airflow/.local/lib/python3.8/site-packages/airflow/example_dags/example_trigger_target_dag.py
[2025-12-07T16:48:36.156+0000] {processor.py:830} INFO - Processing file /home/airflow/.local/lib/python3.8/site-packages/airflow/example_dags/example_trigger_target_dag.py for tasks to queue
[2025-12-07T16:48:36.158+0000] {logging_mixin.py:188} INFO - [2025-12-07T16:48:36.158+0000] {dagbag.py:538} INFO - Filling up the DagBag from /home/airflow/.local/lib/python3.8/site-packages/airflow/example_dags/example_trigger_target_dag.py
[2025-12-07T16:48:36.167+0000] {processor.py:840} INFO - DAG(s) 'example_trigger_target_dag' retrieved from /home/airflow/.local/lib/python3.8/site-packages/airflow/example_dags/example_trigger_target_dag.py
[2025-12-07T16:48:36.200+0000] {logging_mixin.py:188} INFO - [2025-12-07T16:48:36.200+0000] {dag.py:3036} INFO - Sync 1 DAGs
[2025-12-07T16:48:36.217+0000] {logging_mixin.py:188} INFO - [2025-12-07T16:48:36.217+0000] {dag.py:3823} INFO - Setting next_dagrun for example_trigger_target_dag to None, run_after=None
[2025-12-07T16:48:36.255+0000] {processor.py:183} INFO - Processing /home/airflow/.local/lib/python3.8/site-packages/airflow/example_dags/example_trigger_target_dag.py took 0.107 seconds
[2025-12-07T16:49:06.364+0000] {processor.py:161} INFO - Started process (PID=6434) to work on /home/airflow/.local/lib/python3.8/site-packages/airflow/example_dags/example_trigger_target_dag.py
[2025-12-07T16:49:06.366+0000] {processor.py:830} INFO - Processing file /home/airflow/.local/lib/python3.8/site-packages/airflow/example_dags/example_trigger_target_dag.py for tasks to queue
[2025-12-07T16:49:06.371+0000] {logging_mixin.py:188} INFO - [2025-12-07T16:49:06.370+0000] {dagbag.py:538} INFO - Filling up the DagBag from /home/airflow/.local/lib/python3.8/site-packages/airflow/example_dags/example_trigger_target_dag.py
[2025-12-07T16:49:06.380+0000] {processor.py:840} INFO - DAG(s) 'example_trigger_target_dag' retrieved from /home/airflow/.local/lib/python3.8/site-packages/airflow/example_dags/example_trigger_target_dag.py
[2025-12-07T16:49:06.409+0000] {logging_mixin.py:188} INFO - [2025-12-07T16:49:06.408+0000] {dag.py:3036} INFO - Sync 1 DAGs
[2025-12-07T16:49:06.429+0000] {logging_mixin.py:188} INFO - [2025-12-07T16:49:06.428+0000] {dag.py:3823} INFO - Setting next_dagrun for example_trigger_target_dag to None, run_after=None
[2025-12-07T16:49:06.460+0000] {processor.py:183} INFO - Processing /home/airflow/.local/lib/python3.8/site-packages/airflow/example_dags/example_trigger_target_dag.py took 0.102 seconds
[2025-12-07T16:49:36.886+0000] {processor.py:161} INFO - Started process (PID=6495) to work on /home/airflow/.local/lib/python3.8/site-packages/airflow/example_dags/example_trigger_target_dag.py
[2025-12-07T16:49:36.887+0000] {processor.py:830} INFO - Processing file /home/airflow/.local/lib/python3.8/site-packages/airflow/example_dags/example_trigger_target_dag.py for tasks to queue
[2025-12-07T16:49:36.889+0000] {logging_mixin.py:188} INFO - [2025-12-07T16:49:36.889+0000] {dagbag.py:538} INFO - Filling up the DagBag from /home/airflow/.local/lib/python3.8/site-packages/airflow/example_dags/example_trigger_target_dag.py
[2025-12-07T16:49:36.898+0000] {processor.py:840} INFO - DAG(s) 'example_trigger_target_dag' retrieved from /home/airflow/.local/lib/python3.8/site-packages/airflow/example_dags/example_trigger_target_dag.py
[2025-12-07T16:49:36.934+0000] {logging_mixin.py:188} INFO - [2025-12-07T16:49:36.934+0000] {dag.py:3036} INFO - Sync 1 DAGs
[2025-12-07T16:49:36.952+0000] {logging_mixin.py:188} INFO - [2025-12-07T16:49:36.952+0000] {dag.py:3823} INFO - Setting next_dagrun for example_trigger_target_dag to None, run_after=None
[2025-12-07T16:49:36.988+0000] {processor.py:183} INFO - Processing /home/airflow/.local/lib/python3.8/site-packages/airflow/example_dags/example_trigger_target_dag.py took 0.106 seconds
[2025-12-07T16:50:07.408+0000] {processor.py:161} INFO - Started process (PID=6556) to work on /home/airflow/.local/lib/python3.8/site-packages/airflow/example_dags/example_trigger_target_dag.py
[2025-12-07T16:50:07.410+0000] {processor.py:830} INFO - Processing file /home/airflow/.local/lib/python3.8/site-packages/airflow/example_dags/example_trigger_target_dag.py for tasks to queue
[2025-12-07T16:50:07.413+0000] {logging_mixin.py:188} INFO - [2025-12-07T16:50:07.413+0000] {dagbag.py:538} INFO - Filling up the DagBag from /home/airflow/.local/lib/python3.8/site-packages/airflow/example_dags/example_trigger_target_dag.py
[2025-12-07T16:50:07.423+0000] {processor.py:840} INFO - DAG(s) 'example_trigger_target_dag' retrieved from /home/airflow/.local/lib/python3.8/site-packages/airflow/example_dags/example_trigger_target_dag.py
[2025-12-07T16:50:07.452+0000] {logging_mixin.py:188} INFO - [2025-12-07T16:50:07.452+0000] {dag.py:3036} INFO - Sync 1 DAGs
[2025-12-07T16:50:07.470+0000] {logging_mixin.py:188} INFO - [2025-12-07T16:50:07.469+0000] {dag.py:3823} INFO - Setting next_dagrun for example_trigger_target_dag to None, run_after=None
[2025-12-07T16:50:07.498+0000] {processor.py:183} INFO - Processing /home/airflow/.local/lib/python3.8/site-packages/airflow/example_dags/example_trigger_target_dag.py took 0.095 seconds
[2025-12-07T16:50:37.827+0000] {processor.py:161} INFO - Started process (PID=6617) to work on /home/airflow/.local/lib/python3.8/site-packages/airflow/example_dags/example_trigger_target_dag.py
[2025-12-07T16:50:37.829+0000] {processor.py:830} INFO - Processing file /home/airflow/.local/lib/python3.8/site-packages/airflow/example_dags/example_trigger_target_dag.py for tasks to queue
[2025-12-07T16:50:37.832+0000] {logging_mixin.py:188} INFO - [2025-12-07T16:50:37.832+0000] {dagbag.py:538} INFO - Filling up the DagBag from /home/airflow/.local/lib/python3.8/site-packages/airflow/example_dags/example_trigger_target_dag.py
[2025-12-07T16:50:37.840+0000] {processor.py:840} INFO - DAG(s) 'example_trigger_target_dag' retrieved from /home/airflow/.local/lib/python3.8/site-packages/airflow/example_dags/example_trigger_target_dag.py
[2025-12-07T16:50:37.871+0000] {logging_mixin.py:188} INFO - [2025-12-07T16:50:37.871+0000] {dag.py:3036} INFO - Sync 1 DAGs
[2025-12-07T16:50:37.887+0000] {logging_mixin.py:188} INFO - [2025-12-07T16:50:37.886+0000] {dag.py:3823} INFO - Setting next_dagrun for example_trigger_target_dag to None, run_after=None
[2025-12-07T16:50:37.917+0000] {processor.py:183} INFO - Processing /home/airflow/.local/lib/python3.8/site-packages/airflow/example_dags/example_trigger_target_dag.py took 0.097 seconds
[2025-12-07T16:51:08.855+0000] {processor.py:161} INFO - Started process (PID=6678) to work on /home/airflow/.local/lib/python3.8/site-packages/airflow/example_dags/example_trigger_target_dag.py
[2025-12-07T16:51:08.857+0000] {processor.py:830} INFO - Processing file /home/airflow/.local/lib/python3.8/site-packages/airflow/example_dags/example_trigger_target_dag.py for tasks to queue
[2025-12-07T16:51:08.861+0000] {logging_mixin.py:188} INFO - [2025-12-07T16:51:08.860+0000] {dagbag.py:538} INFO - Filling up the DagBag from /home/airflow/.local/lib/python3.8/site-packages/airflow/example_dags/example_trigger_target_dag.py
[2025-12-07T16:51:08.871+0000] {processor.py:840} INFO - DAG(s) 'example_trigger_target_dag' retrieved from /home/airflow/.local/lib/python3.8/site-packages/airflow/example_dags/example_trigger_target_dag.py
[2025-12-07T16:51:08.908+0000] {logging_mixin.py:188} INFO - [2025-12-07T16:51:08.908+0000] {dag.py:3036} INFO - Sync 1 DAGs
[2025-12-07T16:51:08.930+0000] {logging_mixin.py:188} INFO - [2025-12-07T16:51:08.930+0000] {dag.py:3823} INFO - Setting next_dagrun for example_trigger_target_dag to None, run_after=None
[2025-12-07T16:51:08.966+0000] {processor.py:183} INFO - Processing /home/airflow/.local/lib/python3.8/site-packages/airflow/example_dags/example_trigger_target_dag.py took 0.116 seconds
[2025-12-07T16:51:39.385+0000] {processor.py:161} INFO - Started process (PID=6739) to work on /home/airflow/.local/lib/python3.8/site-packages/airflow/example_dags/example_trigger_target_dag.py
[2025-12-07T16:51:39.386+0000] {processor.py:830} INFO - Processing file /home/airflow/.local/lib/python3.8/site-packages/airflow/example_dags/example_trigger_target_dag.py for tasks to queue
[2025-12-07T16:51:39.389+0000] {logging_mixin.py:188} INFO - [2025-12-07T16:51:39.389+0000] {dagbag.py:538} INFO - Filling up the DagBag from /home/airflow/.local/lib/python3.8/site-packages/airflow/example_dags/example_trigger_target_dag.py
[2025-12-07T16:51:39.398+0000] {processor.py:840} INFO - DAG(s) 'example_trigger_target_dag' retrieved from /home/airflow/.local/lib/python3.8/site-packages/airflow/example_dags/example_trigger_target_dag.py
[2025-12-07T16:51:39.431+0000] {logging_mixin.py:188} INFO - [2025-12-07T16:51:39.431+0000] {dag.py:3036} INFO - Sync 1 DAGs
[2025-12-07T16:51:39.447+0000] {logging_mixin.py:188} INFO - [2025-12-07T16:51:39.446+0000] {dag.py:3823} INFO - Setting next_dagrun for example_trigger_target_dag to None, run_after=None
[2025-12-07T16:51:39.478+0000] {processor.py:183} INFO - Processing /home/airflow/.local/lib/python3.8/site-packages/airflow/example_dags/example_trigger_target_dag.py took 0.099 seconds
[2025-12-07T16:52:10.359+0000] {processor.py:161} INFO - Started process (PID=6800) to work on /home/airflow/.local/lib/python3.8/site-packages/airflow/example_dags/example_trigger_target_dag.py
[2025-12-07T16:52:10.360+0000] {processor.py:830} INFO - Processing file /home/airflow/.local/lib/python3.8/site-packages/airflow/example_dags/example_trigger_target_dag.py for tasks to queue
[2025-12-07T16:52:10.365+0000] {logging_mixin.py:188} INFO - [2025-12-07T16:52:10.364+0000] {dagbag.py:538} INFO - Filling up the DagBag from /home/airflow/.local/lib/python3.8/site-packages/airflow/example_dags/example_trigger_target_dag.py
[2025-12-07T16:52:10.374+0000] {processor.py:840} INFO - DAG(s) 'example_trigger_target_dag' retrieved from /home/airflow/.local/lib/python3.8/site-packages/airflow/example_dags/example_trigger_target_dag.py
[2025-12-07T16:52:10.404+0000] {logging_mixin.py:188} INFO - [2025-12-07T16:52:10.403+0000] {dag.py:3036} INFO - Sync 1 DAGs
[2025-12-07T16:52:10.421+0000] {logging_mixin.py:188} INFO - [2025-12-07T16:52:10.420+0000] {dag.py:3823} INFO - Setting next_dagrun for example_trigger_target_dag to None, run_after=None
[2025-12-07T16:52:10.452+0000] {processor.py:183} INFO - Processing /home/airflow/.local/lib/python3.8/site-packages/airflow/example_dags/example_trigger_target_dag.py took 0.100 seconds
[2025-12-07T16:52:40.542+0000] {processor.py:161} INFO - Started process (PID=6861) to work on /home/airflow/.local/lib/python3.8/site-packages/airflow/example_dags/example_trigger_target_dag.py
[2025-12-07T16:52:40.543+0000] {processor.py:830} INFO - Processing file /home/airflow/.local/lib/python3.8/site-packages/airflow/example_dags/example_trigger_target_dag.py for tasks to queue
[2025-12-07T16:52:40.545+0000] {logging_mixin.py:188} INFO - [2025-12-07T16:52:40.545+0000] {dagbag.py:538} INFO - Filling up the DagBag from /home/airflow/.local/lib/python3.8/site-packages/airflow/example_dags/example_trigger_target_dag.py
[2025-12-07T16:52:40.553+0000] {processor.py:840} INFO - DAG(s) 'example_trigger_target_dag' retrieved from /home/airflow/.local/lib/python3.8/site-packages/airflow/example_dags/example_trigger_target_dag.py
[2025-12-07T16:52:40.582+0000] {logging_mixin.py:188} INFO - [2025-12-07T16:52:40.582+0000] {dag.py:3036} INFO - Sync 1 DAGs
[2025-12-07T16:52:40.598+0000] {logging_mixin.py:188} INFO - [2025-12-07T16:52:40.598+0000] {dag.py:3823} INFO - Setting next_dagrun for example_trigger_target_dag to None, run_after=None
[2025-12-07T16:52:40.629+0000] {processor.py:183} INFO - Processing /home/airflow/.local/lib/python3.8/site-packages/airflow/example_dags/example_trigger_target_dag.py took 0.091 seconds
[2025-12-07T16:53:11.172+0000] {processor.py:161} INFO - Started process (PID=6922) to work on /home/airflow/.local/lib/python3.8/site-packages/airflow/example_dags/example_trigger_target_dag.py
[2025-12-07T16:53:11.174+0000] {processor.py:830} INFO - Processing file /home/airflow/.local/lib/python3.8/site-packages/airflow/example_dags/example_trigger_target_dag.py for tasks to queue
[2025-12-07T16:53:11.178+0000] {logging_mixin.py:188} INFO - [2025-12-07T16:53:11.177+0000] {dagbag.py:538} INFO - Filling up the DagBag from /home/airflow/.local/lib/python3.8/site-packages/airflow/example_dags/example_trigger_target_dag.py
[2025-12-07T16:53:11.186+0000] {processor.py:840} INFO - DAG(s) 'example_trigger_target_dag' retrieved from /home/airflow/.local/lib/python3.8/site-packages/airflow/example_dags/example_trigger_target_dag.py
[2025-12-07T16:53:11.218+0000] {logging_mixin.py:188} INFO - [2025-12-07T16:53:11.217+0000] {dag.py:3036} INFO - Sync 1 DAGs
[2025-12-07T16:53:11.233+0000] {logging_mixin.py:188} INFO - [2025-12-07T16:53:11.232+0000] {dag.py:3823} INFO - Setting next_dagrun for example_trigger_target_dag to None, run_after=None
[2025-12-07T16:53:11.265+0000] {processor.py:183} INFO - Processing /home/airflow/.local/lib/python3.8/site-packages/airflow/example_dags/example_trigger_target_dag.py took 0.099 seconds
[2025-12-07T16:53:41.447+0000] {processor.py:161} INFO - Started process (PID=6983) to work on /home/airflow/.local/lib/python3.8/site-packages/airflow/example_dags/example_trigger_target_dag.py
[2025-12-07T16:53:41.449+0000] {processor.py:830} INFO - Processing file /home/airflow/.local/lib/python3.8/site-packages/airflow/example_dags/example_trigger_target_dag.py for tasks to queue
[2025-12-07T16:53:41.455+0000] {logging_mixin.py:188} INFO - [2025-12-07T16:53:41.454+0000] {dagbag.py:538} INFO - Filling up the DagBag from /home/airflow/.local/lib/python3.8/site-packages/airflow/example_dags/example_trigger_target_dag.py
[2025-12-07T16:53:41.473+0000] {processor.py:840} INFO - DAG(s) 'example_trigger_target_dag' retrieved from /home/airflow/.local/lib/python3.8/site-packages/airflow/example_dags/example_trigger_target_dag.py
[2025-12-07T16:53:41.517+0000] {logging_mixin.py:188} INFO - [2025-12-07T16:53:41.517+0000] {dag.py:3036} INFO - Sync 1 DAGs
[2025-12-07T16:53:41.542+0000] {logging_mixin.py:188} INFO - [2025-12-07T16:53:41.542+0000] {dag.py:3823} INFO - Setting next_dagrun for example_trigger_target_dag to None, run_after=None
[2025-12-07T16:53:41.601+0000] {processor.py:183} INFO - Processing /home/airflow/.local/lib/python3.8/site-packages/airflow/example_dags/example_trigger_target_dag.py took 0.158 seconds
[2025-12-07T16:54:11.935+0000] {processor.py:161} INFO - Started process (PID=7044) to work on /home/airflow/.local/lib/python3.8/site-packages/airflow/example_dags/example_trigger_target_dag.py
[2025-12-07T16:54:11.936+0000] {processor.py:830} INFO - Processing file /home/airflow/.local/lib/python3.8/site-packages/airflow/example_dags/example_trigger_target_dag.py for tasks to queue
[2025-12-07T16:54:11.939+0000] {logging_mixin.py:188} INFO - [2025-12-07T16:54:11.939+0000] {dagbag.py:538} INFO - Filling up the DagBag from /home/airflow/.local/lib/python3.8/site-packages/airflow/example_dags/example_trigger_target_dag.py
[2025-12-07T16:54:11.948+0000] {processor.py:840} INFO - DAG(s) 'example_trigger_target_dag' retrieved from /home/airflow/.local/lib/python3.8/site-packages/airflow/example_dags/example_trigger_target_dag.py
[2025-12-07T16:54:11.977+0000] {logging_mixin.py:188} INFO - [2025-12-07T16:54:11.977+0000] {dag.py:3036} INFO - Sync 1 DAGs
[2025-12-07T16:54:11.994+0000] {logging_mixin.py:188} INFO - [2025-12-07T16:54:11.994+0000] {dag.py:3823} INFO - Setting next_dagrun for example_trigger_target_dag to None, run_after=None
[2025-12-07T16:54:12.031+0000] {processor.py:183} INFO - Processing /home/airflow/.local/lib/python3.8/site-packages/airflow/example_dags/example_trigger_target_dag.py took 0.102 seconds
[2025-12-07T16:54:42.385+0000] {processor.py:161} INFO - Started process (PID=7103) to work on /home/airflow/.local/lib/python3.8/site-packages/airflow/example_dags/example_trigger_target_dag.py
[2025-12-07T16:54:42.387+0000] {processor.py:830} INFO - Processing file /home/airflow/.local/lib/python3.8/site-packages/airflow/example_dags/example_trigger_target_dag.py for tasks to queue
[2025-12-07T16:54:42.390+0000] {logging_mixin.py:188} INFO - [2025-12-07T16:54:42.389+0000] {dagbag.py:538} INFO - Filling up the DagBag from /home/airflow/.local/lib/python3.8/site-packages/airflow/example_dags/example_trigger_target_dag.py
[2025-12-07T16:54:42.399+0000] {processor.py:840} INFO - DAG(s) 'example_trigger_target_dag' retrieved from /home/airflow/.local/lib/python3.8/site-packages/airflow/example_dags/example_trigger_target_dag.py
[2025-12-07T16:54:42.430+0000] {logging_mixin.py:188} INFO - [2025-12-07T16:54:42.430+0000] {dag.py:3036} INFO - Sync 1 DAGs
[2025-12-07T16:54:42.447+0000] {logging_mixin.py:188} INFO - [2025-12-07T16:54:42.447+0000] {dag.py:3823} INFO - Setting next_dagrun for example_trigger_target_dag to None, run_after=None
[2025-12-07T16:54:42.481+0000] {processor.py:183} INFO - Processing /home/airflow/.local/lib/python3.8/site-packages/airflow/example_dags/example_trigger_target_dag.py took 0.100 seconds
[2025-12-07T16:55:12.612+0000] {processor.py:161} INFO - Started process (PID=7164) to work on /home/airflow/.local/lib/python3.8/site-packages/airflow/example_dags/example_trigger_target_dag.py
[2025-12-07T16:55:12.613+0000] {processor.py:830} INFO - Processing file /home/airflow/.local/lib/python3.8/site-packages/airflow/example_dags/example_trigger_target_dag.py for tasks to queue
[2025-12-07T16:55:12.616+0000] {logging_mixin.py:188} INFO - [2025-12-07T16:55:12.616+0000] {dagbag.py:538} INFO - Filling up the DagBag from /home/airflow/.local/lib/python3.8/site-packages/airflow/example_dags/example_trigger_target_dag.py
[2025-12-07T16:55:12.624+0000] {processor.py:840} INFO - DAG(s) 'example_trigger_target_dag' retrieved from /home/airflow/.local/lib/python3.8/site-packages/airflow/example_dags/example_trigger_target_dag.py
[2025-12-07T16:55:12.651+0000] {logging_mixin.py:188} INFO - [2025-12-07T16:55:12.650+0000] {dag.py:3036} INFO - Sync 1 DAGs
[2025-12-07T16:55:12.666+0000] {logging_mixin.py:188} INFO - [2025-12-07T16:55:12.665+0000] {dag.py:3823} INFO - Setting next_dagrun for example_trigger_target_dag to None, run_after=None
[2025-12-07T16:55:12.693+0000] {processor.py:183} INFO - Processing /home/airflow/.local/lib/python3.8/site-packages/airflow/example_dags/example_trigger_target_dag.py took 0.086 seconds
[2025-12-07T16:55:43.238+0000] {processor.py:161} INFO - Started process (PID=7225) to work on /home/airflow/.local/lib/python3.8/site-packages/airflow/example_dags/example_trigger_target_dag.py
[2025-12-07T16:55:43.240+0000] {processor.py:830} INFO - Processing file /home/airflow/.local/lib/python3.8/site-packages/airflow/example_dags/example_trigger_target_dag.py for tasks to queue
[2025-12-07T16:55:43.245+0000] {logging_mixin.py:188} INFO - [2025-12-07T16:55:43.245+0000] {dagbag.py:538} INFO - Filling up the DagBag from /home/airflow/.local/lib/python3.8/site-packages/airflow/example_dags/example_trigger_target_dag.py
[2025-12-07T16:55:43.255+0000] {processor.py:840} INFO - DAG(s) 'example_trigger_target_dag' retrieved from /home/airflow/.local/lib/python3.8/site-packages/airflow/example_dags/example_trigger_target_dag.py
[2025-12-07T16:55:43.284+0000] {logging_mixin.py:188} INFO - [2025-12-07T16:55:43.283+0000] {dag.py:3036} INFO - Sync 1 DAGs
[2025-12-07T16:55:43.304+0000] {logging_mixin.py:188} INFO - [2025-12-07T16:55:43.304+0000] {dag.py:3823} INFO - Setting next_dagrun for example_trigger_target_dag to None, run_after=None
[2025-12-07T16:55:43.336+0000] {processor.py:183} INFO - Processing /home/airflow/.local/lib/python3.8/site-packages/airflow/example_dags/example_trigger_target_dag.py took 0.103 seconds
[2025-12-07T16:56:14.288+0000] {processor.py:161} INFO - Started process (PID=7286) to work on /home/airflow/.local/lib/python3.8/site-packages/airflow/example_dags/example_trigger_target_dag.py
[2025-12-07T16:56:14.290+0000] {processor.py:830} INFO - Processing file /home/airflow/.local/lib/python3.8/site-packages/airflow/example_dags/example_trigger_target_dag.py for tasks to queue
[2025-12-07T16:56:14.292+0000] {logging_mixin.py:188} INFO - [2025-12-07T16:56:14.292+0000] {dagbag.py:538} INFO - Filling up the DagBag from /home/airflow/.local/lib/python3.8/site-packages/airflow/example_dags/example_trigger_target_dag.py
[2025-12-07T16:56:14.302+0000] {processor.py:840} INFO - DAG(s) 'example_trigger_target_dag' retrieved from /home/airflow/.local/lib/python3.8/site-packages/airflow/example_dags/example_trigger_target_dag.py
[2025-12-07T16:56:14.338+0000] {logging_mixin.py:188} INFO - [2025-12-07T16:56:14.337+0000] {dag.py:3036} INFO - Sync 1 DAGs
[2025-12-07T16:56:14.354+0000] {logging_mixin.py:188} INFO - [2025-12-07T16:56:14.353+0000] {dag.py:3823} INFO - Setting next_dagrun for example_trigger_target_dag to None, run_after=None
[2025-12-07T16:56:14.384+0000] {processor.py:183} INFO - Processing /home/airflow/.local/lib/python3.8/site-packages/airflow/example_dags/example_trigger_target_dag.py took 0.101 seconds
[2025-12-07T16:56:44.521+0000] {processor.py:161} INFO - Started process (PID=7347) to work on /home/airflow/.local/lib/python3.8/site-packages/airflow/example_dags/example_trigger_target_dag.py
[2025-12-07T16:56:44.523+0000] {processor.py:830} INFO - Processing file /home/airflow/.local/lib/python3.8/site-packages/airflow/example_dags/example_trigger_target_dag.py for tasks to queue
[2025-12-07T16:56:44.526+0000] {logging_mixin.py:188} INFO - [2025-12-07T16:56:44.526+0000] {dagbag.py:538} INFO - Filling up the DagBag from /home/airflow/.local/lib/python3.8/site-packages/airflow/example_dags/example_trigger_target_dag.py
[2025-12-07T16:56:44.534+0000] {processor.py:840} INFO - DAG(s) 'example_trigger_target_dag' retrieved from /home/airflow/.local/lib/python3.8/site-packages/airflow/example_dags/example_trigger_target_dag.py
[2025-12-07T16:56:44.562+0000] {logging_mixin.py:188} INFO - [2025-12-07T16:56:44.562+0000] {dag.py:3036} INFO - Sync 1 DAGs
[2025-12-07T16:56:44.579+0000] {logging_mixin.py:188} INFO - [2025-12-07T16:56:44.579+0000] {dag.py:3823} INFO - Setting next_dagrun for example_trigger_target_dag to None, run_after=None
[2025-12-07T16:56:44.610+0000] {processor.py:183} INFO - Processing /home/airflow/.local/lib/python3.8/site-packages/airflow/example_dags/example_trigger_target_dag.py took 0.094 seconds
[2025-12-07T16:57:15.141+0000] {processor.py:161} INFO - Started process (PID=7408) to work on /home/airflow/.local/lib/python3.8/site-packages/airflow/example_dags/example_trigger_target_dag.py
[2025-12-07T16:57:15.142+0000] {processor.py:830} INFO - Processing file /home/airflow/.local/lib/python3.8/site-packages/airflow/example_dags/example_trigger_target_dag.py for tasks to queue
[2025-12-07T16:57:15.145+0000] {logging_mixin.py:188} INFO - [2025-12-07T16:57:15.145+0000] {dagbag.py:538} INFO - Filling up the DagBag from /home/airflow/.local/lib/python3.8/site-packages/airflow/example_dags/example_trigger_target_dag.py
[2025-12-07T16:57:15.154+0000] {processor.py:840} INFO - DAG(s) 'example_trigger_target_dag' retrieved from /home/airflow/.local/lib/python3.8/site-packages/airflow/example_dags/example_trigger_target_dag.py
[2025-12-07T16:57:15.185+0000] {logging_mixin.py:188} INFO - [2025-12-07T16:57:15.185+0000] {dag.py:3036} INFO - Sync 1 DAGs
[2025-12-07T16:57:15.204+0000] {logging_mixin.py:188} INFO - [2025-12-07T16:57:15.204+0000] {dag.py:3823} INFO - Setting next_dagrun for example_trigger_target_dag to None, run_after=None
[2025-12-07T16:57:15.231+0000] {processor.py:183} INFO - Processing /home/airflow/.local/lib/python3.8/site-packages/airflow/example_dags/example_trigger_target_dag.py took 0.096 seconds
[2025-12-07T16:57:45.740+0000] {processor.py:161} INFO - Started process (PID=7469) to work on /home/airflow/.local/lib/python3.8/site-packages/airflow/example_dags/example_trigger_target_dag.py
[2025-12-07T16:57:45.741+0000] {processor.py:830} INFO - Processing file /home/airflow/.local/lib/python3.8/site-packages/airflow/example_dags/example_trigger_target_dag.py for tasks to queue
[2025-12-07T16:57:45.743+0000] {logging_mixin.py:188} INFO - [2025-12-07T16:57:45.743+0000] {dagbag.py:538} INFO - Filling up the DagBag from /home/airflow/.local/lib/python3.8/site-packages/airflow/example_dags/example_trigger_target_dag.py
[2025-12-07T16:57:45.752+0000] {processor.py:840} INFO - DAG(s) 'example_trigger_target_dag' retrieved from /home/airflow/.local/lib/python3.8/site-packages/airflow/example_dags/example_trigger_target_dag.py
[2025-12-07T16:57:45.781+0000] {logging_mixin.py:188} INFO - [2025-12-07T16:57:45.780+0000] {dag.py:3036} INFO - Sync 1 DAGs
[2025-12-07T16:57:45.802+0000] {logging_mixin.py:188} INFO - [2025-12-07T16:57:45.802+0000] {dag.py:3823} INFO - Setting next_dagrun for example_trigger_target_dag to None, run_after=None
[2025-12-07T16:57:45.831+0000] {processor.py:183} INFO - Processing /home/airflow/.local/lib/python3.8/site-packages/airflow/example_dags/example_trigger_target_dag.py took 0.096 seconds
[2025-12-07T16:58:16.683+0000] {processor.py:161} INFO - Started process (PID=7530) to work on /home/airflow/.local/lib/python3.8/site-packages/airflow/example_dags/example_trigger_target_dag.py
[2025-12-07T16:58:16.685+0000] {processor.py:830} INFO - Processing file /home/airflow/.local/lib/python3.8/site-packages/airflow/example_dags/example_trigger_target_dag.py for tasks to queue
[2025-12-07T16:58:16.688+0000] {logging_mixin.py:188} INFO - [2025-12-07T16:58:16.687+0000] {dagbag.py:538} INFO - Filling up the DagBag from /home/airflow/.local/lib/python3.8/site-packages/airflow/example_dags/example_trigger_target_dag.py
[2025-12-07T16:58:16.696+0000] {processor.py:840} INFO - DAG(s) 'example_trigger_target_dag' retrieved from /home/airflow/.local/lib/python3.8/site-packages/airflow/example_dags/example_trigger_target_dag.py
[2025-12-07T16:58:16.726+0000] {logging_mixin.py:188} INFO - [2025-12-07T16:58:16.726+0000] {dag.py:3036} INFO - Sync 1 DAGs
[2025-12-07T16:58:16.745+0000] {logging_mixin.py:188} INFO - [2025-12-07T16:58:16.745+0000] {dag.py:3823} INFO - Setting next_dagrun for example_trigger_target_dag to None, run_after=None
[2025-12-07T16:58:16.775+0000] {processor.py:183} INFO - Processing /home/airflow/.local/lib/python3.8/site-packages/airflow/example_dags/example_trigger_target_dag.py took 0.097 seconds
[2025-12-07T16:58:47.689+0000] {processor.py:161} INFO - Started process (PID=7591) to work on /home/airflow/.local/lib/python3.8/site-packages/airflow/example_dags/example_trigger_target_dag.py
[2025-12-07T16:58:47.691+0000] {processor.py:830} INFO - Processing file /home/airflow/.local/lib/python3.8/site-packages/airflow/example_dags/example_trigger_target_dag.py for tasks to queue
[2025-12-07T16:58:47.694+0000] {logging_mixin.py:188} INFO - [2025-12-07T16:58:47.694+0000] {dagbag.py:538} INFO - Filling up the DagBag from /home/airflow/.local/lib/python3.8/site-packages/airflow/example_dags/example_trigger_target_dag.py
[2025-12-07T16:58:47.703+0000] {processor.py:840} INFO - DAG(s) 'example_trigger_target_dag' retrieved from /home/airflow/.local/lib/python3.8/site-packages/airflow/example_dags/example_trigger_target_dag.py
[2025-12-07T16:58:47.747+0000] {logging_mixin.py:188} INFO - [2025-12-07T16:58:47.746+0000] {dag.py:3036} INFO - Sync 1 DAGs
[2025-12-07T16:58:47.766+0000] {logging_mixin.py:188} INFO - [2025-12-07T16:58:47.765+0000] {dag.py:3823} INFO - Setting next_dagrun for example_trigger_target_dag to None, run_after=None
[2025-12-07T16:58:47.807+0000] {processor.py:183} INFO - Processing /home/airflow/.local/lib/python3.8/site-packages/airflow/example_dags/example_trigger_target_dag.py took 0.123 seconds
[2025-12-07T16:59:18.178+0000] {processor.py:161} INFO - Started process (PID=7652) to work on /home/airflow/.local/lib/python3.8/site-packages/airflow/example_dags/example_trigger_target_dag.py
[2025-12-07T16:59:18.179+0000] {processor.py:830} INFO - Processing file /home/airflow/.local/lib/python3.8/site-packages/airflow/example_dags/example_trigger_target_dag.py for tasks to queue
[2025-12-07T16:59:18.184+0000] {logging_mixin.py:188} INFO - [2025-12-07T16:59:18.183+0000] {dagbag.py:538} INFO - Filling up the DagBag from /home/airflow/.local/lib/python3.8/site-packages/airflow/example_dags/example_trigger_target_dag.py
[2025-12-07T16:59:18.195+0000] {processor.py:840} INFO - DAG(s) 'example_trigger_target_dag' retrieved from /home/airflow/.local/lib/python3.8/site-packages/airflow/example_dags/example_trigger_target_dag.py
[2025-12-07T16:59:18.223+0000] {logging_mixin.py:188} INFO - [2025-12-07T16:59:18.223+0000] {dag.py:3036} INFO - Sync 1 DAGs
[2025-12-07T16:59:18.241+0000] {logging_mixin.py:188} INFO - [2025-12-07T16:59:18.241+0000] {dag.py:3823} INFO - Setting next_dagrun for example_trigger_target_dag to None, run_after=None
[2025-12-07T16:59:18.270+0000] {processor.py:183} INFO - Processing /home/airflow/.local/lib/python3.8/site-packages/airflow/example_dags/example_trigger_target_dag.py took 0.096 seconds
[2025-12-07T16:59:49.037+0000] {processor.py:161} INFO - Started process (PID=7713) to work on /home/airflow/.local/lib/python3.8/site-packages/airflow/example_dags/example_trigger_target_dag.py
[2025-12-07T16:59:49.038+0000] {processor.py:830} INFO - Processing file /home/airflow/.local/lib/python3.8/site-packages/airflow/example_dags/example_trigger_target_dag.py for tasks to queue
[2025-12-07T16:59:49.042+0000] {logging_mixin.py:188} INFO - [2025-12-07T16:59:49.041+0000] {dagbag.py:538} INFO - Filling up the DagBag from /home/airflow/.local/lib/python3.8/site-packages/airflow/example_dags/example_trigger_target_dag.py
[2025-12-07T16:59:49.051+0000] {processor.py:840} INFO - DAG(s) 'example_trigger_target_dag' retrieved from /home/airflow/.local/lib/python3.8/site-packages/airflow/example_dags/example_trigger_target_dag.py
[2025-12-07T16:59:49.078+0000] {logging_mixin.py:188} INFO - [2025-12-07T16:59:49.078+0000] {dag.py:3036} INFO - Sync 1 DAGs
[2025-12-07T16:59:49.094+0000] {logging_mixin.py:188} INFO - [2025-12-07T16:59:49.094+0000] {dag.py:3823} INFO - Setting next_dagrun for example_trigger_target_dag to None, run_after=None
[2025-12-07T16:59:49.126+0000] {processor.py:183} INFO - Processing /home/airflow/.local/lib/python3.8/site-packages/airflow/example_dags/example_trigger_target_dag.py took 0.093 seconds
[2025-12-07T17:00:19.683+0000] {processor.py:161} INFO - Started process (PID=7774) to work on /home/airflow/.local/lib/python3.8/site-packages/airflow/example_dags/example_trigger_target_dag.py
[2025-12-07T17:00:19.685+0000] {processor.py:830} INFO - Processing file /home/airflow/.local/lib/python3.8/site-packages/airflow/example_dags/example_trigger_target_dag.py for tasks to queue
[2025-12-07T17:00:19.687+0000] {logging_mixin.py:188} INFO - [2025-12-07T17:00:19.687+0000] {dagbag.py:538} INFO - Filling up the DagBag from /home/airflow/.local/lib/python3.8/site-packages/airflow/example_dags/example_trigger_target_dag.py
[2025-12-07T17:00:19.696+0000] {processor.py:840} INFO - DAG(s) 'example_trigger_target_dag' retrieved from /home/airflow/.local/lib/python3.8/site-packages/airflow/example_dags/example_trigger_target_dag.py
[2025-12-07T17:00:19.724+0000] {logging_mixin.py:188} INFO - [2025-12-07T17:00:19.724+0000] {dag.py:3036} INFO - Sync 1 DAGs
[2025-12-07T17:00:19.746+0000] {logging_mixin.py:188} INFO - [2025-12-07T17:00:19.746+0000] {dag.py:3823} INFO - Setting next_dagrun for example_trigger_target_dag to None, run_after=None
[2025-12-07T17:00:19.781+0000] {processor.py:183} INFO - Processing /home/airflow/.local/lib/python3.8/site-packages/airflow/example_dags/example_trigger_target_dag.py took 0.103 seconds
[2025-12-07T17:00:49.907+0000] {processor.py:161} INFO - Started process (PID=7835) to work on /home/airflow/.local/lib/python3.8/site-packages/airflow/example_dags/example_trigger_target_dag.py
[2025-12-07T17:00:49.909+0000] {processor.py:830} INFO - Processing file /home/airflow/.local/lib/python3.8/site-packages/airflow/example_dags/example_trigger_target_dag.py for tasks to queue
[2025-12-07T17:00:49.912+0000] {logging_mixin.py:188} INFO - [2025-12-07T17:00:49.911+0000] {dagbag.py:538} INFO - Filling up the DagBag from /home/airflow/.local/lib/python3.8/site-packages/airflow/example_dags/example_trigger_target_dag.py
[2025-12-07T17:00:49.920+0000] {processor.py:840} INFO - DAG(s) 'example_trigger_target_dag' retrieved from /home/airflow/.local/lib/python3.8/site-packages/airflow/example_dags/example_trigger_target_dag.py
[2025-12-07T17:00:49.946+0000] {logging_mixin.py:188} INFO - [2025-12-07T17:00:49.946+0000] {dag.py:3036} INFO - Sync 1 DAGs
[2025-12-07T17:00:49.960+0000] {logging_mixin.py:188} INFO - [2025-12-07T17:00:49.960+0000] {dag.py:3823} INFO - Setting next_dagrun for example_trigger_target_dag to None, run_after=None
[2025-12-07T17:00:49.984+0000] {processor.py:183} INFO - Processing /home/airflow/.local/lib/python3.8/site-packages/airflow/example_dags/example_trigger_target_dag.py took 0.081 seconds
[2025-12-07T17:01:20.529+0000] {processor.py:161} INFO - Started process (PID=7896) to work on /home/airflow/.local/lib/python3.8/site-packages/airflow/example_dags/example_trigger_target_dag.py
[2025-12-07T17:01:20.530+0000] {processor.py:830} INFO - Processing file /home/airflow/.local/lib/python3.8/site-packages/airflow/example_dags/example_trigger_target_dag.py for tasks to queue
[2025-12-07T17:01:20.533+0000] {logging_mixin.py:188} INFO - [2025-12-07T17:01:20.533+0000] {dagbag.py:538} INFO - Filling up the DagBag from /home/airflow/.local/lib/python3.8/site-packages/airflow/example_dags/example_trigger_target_dag.py
[2025-12-07T17:01:20.543+0000] {processor.py:840} INFO - DAG(s) 'example_trigger_target_dag' retrieved from /home/airflow/.local/lib/python3.8/site-packages/airflow/example_dags/example_trigger_target_dag.py
[2025-12-07T17:01:20.572+0000] {logging_mixin.py:188} INFO - [2025-12-07T17:01:20.572+0000] {dag.py:3036} INFO - Sync 1 DAGs
[2025-12-07T17:01:20.591+0000] {logging_mixin.py:188} INFO - [2025-12-07T17:01:20.590+0000] {dag.py:3823} INFO - Setting next_dagrun for example_trigger_target_dag to None, run_after=None
[2025-12-07T17:01:20.629+0000] {processor.py:183} INFO - Processing /home/airflow/.local/lib/python3.8/site-packages/airflow/example_dags/example_trigger_target_dag.py took 0.104 seconds
[2025-12-07T17:01:50.776+0000] {processor.py:161} INFO - Started process (PID=7957) to work on /home/airflow/.local/lib/python3.8/site-packages/airflow/example_dags/example_trigger_target_dag.py
[2025-12-07T17:01:50.778+0000] {processor.py:830} INFO - Processing file /home/airflow/.local/lib/python3.8/site-packages/airflow/example_dags/example_trigger_target_dag.py for tasks to queue
[2025-12-07T17:01:50.780+0000] {logging_mixin.py:188} INFO - [2025-12-07T17:01:50.780+0000] {dagbag.py:538} INFO - Filling up the DagBag from /home/airflow/.local/lib/python3.8/site-packages/airflow/example_dags/example_trigger_target_dag.py
[2025-12-07T17:01:50.787+0000] {processor.py:840} INFO - DAG(s) 'example_trigger_target_dag' retrieved from /home/airflow/.local/lib/python3.8/site-packages/airflow/example_dags/example_trigger_target_dag.py
[2025-12-07T17:01:50.815+0000] {logging_mixin.py:188} INFO - [2025-12-07T17:01:50.815+0000] {dag.py:3036} INFO - Sync 1 DAGs
[2025-12-07T17:01:50.834+0000] {logging_mixin.py:188} INFO - [2025-12-07T17:01:50.833+0000] {dag.py:3823} INFO - Setting next_dagrun for example_trigger_target_dag to None, run_after=None
[2025-12-07T17:01:50.860+0000] {processor.py:183} INFO - Processing /home/airflow/.local/lib/python3.8/site-packages/airflow/example_dags/example_trigger_target_dag.py took 0.088 seconds
[2025-12-07T17:02:21.191+0000] {processor.py:161} INFO - Started process (PID=8018) to work on /home/airflow/.local/lib/python3.8/site-packages/airflow/example_dags/example_trigger_target_dag.py
[2025-12-07T17:02:21.193+0000] {processor.py:830} INFO - Processing file /home/airflow/.local/lib/python3.8/site-packages/airflow/example_dags/example_trigger_target_dag.py for tasks to queue
[2025-12-07T17:02:21.195+0000] {logging_mixin.py:188} INFO - [2025-12-07T17:02:21.195+0000] {dagbag.py:538} INFO - Filling up the DagBag from /home/airflow/.local/lib/python3.8/site-packages/airflow/example_dags/example_trigger_target_dag.py
[2025-12-07T17:02:21.203+0000] {processor.py:840} INFO - DAG(s) 'example_trigger_target_dag' retrieved from /home/airflow/.local/lib/python3.8/site-packages/airflow/example_dags/example_trigger_target_dag.py
[2025-12-07T17:02:21.233+0000] {logging_mixin.py:188} INFO - [2025-12-07T17:02:21.232+0000] {dag.py:3036} INFO - Sync 1 DAGs
[2025-12-07T17:02:21.249+0000] {logging_mixin.py:188} INFO - [2025-12-07T17:02:21.249+0000] {dag.py:3823} INFO - Setting next_dagrun for example_trigger_target_dag to None, run_after=None
[2025-12-07T17:02:21.274+0000] {processor.py:183} INFO - Processing /home/airflow/.local/lib/python3.8/site-packages/airflow/example_dags/example_trigger_target_dag.py took 0.087 seconds
[2025-12-07T17:02:51.407+0000] {processor.py:161} INFO - Started process (PID=8079) to work on /home/airflow/.local/lib/python3.8/site-packages/airflow/example_dags/example_trigger_target_dag.py
[2025-12-07T17:02:51.408+0000] {processor.py:830} INFO - Processing file /home/airflow/.local/lib/python3.8/site-packages/airflow/example_dags/example_trigger_target_dag.py for tasks to queue
[2025-12-07T17:02:51.410+0000] {logging_mixin.py:188} INFO - [2025-12-07T17:02:51.410+0000] {dagbag.py:538} INFO - Filling up the DagBag from /home/airflow/.local/lib/python3.8/site-packages/airflow/example_dags/example_trigger_target_dag.py
[2025-12-07T17:02:51.418+0000] {processor.py:840} INFO - DAG(s) 'example_trigger_target_dag' retrieved from /home/airflow/.local/lib/python3.8/site-packages/airflow/example_dags/example_trigger_target_dag.py
[2025-12-07T17:02:51.446+0000] {logging_mixin.py:188} INFO - [2025-12-07T17:02:51.445+0000] {dag.py:3036} INFO - Sync 1 DAGs
[2025-12-07T17:02:51.465+0000] {logging_mixin.py:188} INFO - [2025-12-07T17:02:51.465+0000] {dag.py:3823} INFO - Setting next_dagrun for example_trigger_target_dag to None, run_after=None
[2025-12-07T17:02:51.496+0000] {processor.py:183} INFO - Processing /home/airflow/.local/lib/python3.8/site-packages/airflow/example_dags/example_trigger_target_dag.py took 0.094 seconds
[2025-12-07T17:03:21.612+0000] {processor.py:161} INFO - Started process (PID=8140) to work on /home/airflow/.local/lib/python3.8/site-packages/airflow/example_dags/example_trigger_target_dag.py
[2025-12-07T17:03:21.614+0000] {processor.py:830} INFO - Processing file /home/airflow/.local/lib/python3.8/site-packages/airflow/example_dags/example_trigger_target_dag.py for tasks to queue
[2025-12-07T17:03:21.617+0000] {logging_mixin.py:188} INFO - [2025-12-07T17:03:21.616+0000] {dagbag.py:538} INFO - Filling up the DagBag from /home/airflow/.local/lib/python3.8/site-packages/airflow/example_dags/example_trigger_target_dag.py
[2025-12-07T17:03:21.625+0000] {processor.py:840} INFO - DAG(s) 'example_trigger_target_dag' retrieved from /home/airflow/.local/lib/python3.8/site-packages/airflow/example_dags/example_trigger_target_dag.py
[2025-12-07T17:03:21.656+0000] {logging_mixin.py:188} INFO - [2025-12-07T17:03:21.656+0000] {dag.py:3036} INFO - Sync 1 DAGs
[2025-12-07T17:03:21.671+0000] {logging_mixin.py:188} INFO - [2025-12-07T17:03:21.670+0000] {dag.py:3823} INFO - Setting next_dagrun for example_trigger_target_dag to None, run_after=None
[2025-12-07T17:03:21.703+0000] {processor.py:183} INFO - Processing /home/airflow/.local/lib/python3.8/site-packages/airflow/example_dags/example_trigger_target_dag.py took 0.094 seconds
[2025-12-07T17:03:52.095+0000] {processor.py:161} INFO - Started process (PID=8201) to work on /home/airflow/.local/lib/python3.8/site-packages/airflow/example_dags/example_trigger_target_dag.py
[2025-12-07T17:03:52.097+0000] {processor.py:830} INFO - Processing file /home/airflow/.local/lib/python3.8/site-packages/airflow/example_dags/example_trigger_target_dag.py for tasks to queue
[2025-12-07T17:03:52.100+0000] {logging_mixin.py:188} INFO - [2025-12-07T17:03:52.099+0000] {dagbag.py:538} INFO - Filling up the DagBag from /home/airflow/.local/lib/python3.8/site-packages/airflow/example_dags/example_trigger_target_dag.py
[2025-12-07T17:03:52.109+0000] {processor.py:840} INFO - DAG(s) 'example_trigger_target_dag' retrieved from /home/airflow/.local/lib/python3.8/site-packages/airflow/example_dags/example_trigger_target_dag.py
[2025-12-07T17:03:52.143+0000] {logging_mixin.py:188} INFO - [2025-12-07T17:03:52.143+0000] {dag.py:3036} INFO - Sync 1 DAGs
[2025-12-07T17:03:52.163+0000] {logging_mixin.py:188} INFO - [2025-12-07T17:03:52.163+0000] {dag.py:3823} INFO - Setting next_dagrun for example_trigger_target_dag to None, run_after=None
[2025-12-07T17:03:52.196+0000] {processor.py:183} INFO - Processing /home/airflow/.local/lib/python3.8/site-packages/airflow/example_dags/example_trigger_target_dag.py took 0.107 seconds
[2025-12-07T17:04:22.444+0000] {processor.py:161} INFO - Started process (PID=8262) to work on /home/airflow/.local/lib/python3.8/site-packages/airflow/example_dags/example_trigger_target_dag.py
[2025-12-07T17:04:22.446+0000] {processor.py:830} INFO - Processing file /home/airflow/.local/lib/python3.8/site-packages/airflow/example_dags/example_trigger_target_dag.py for tasks to queue
[2025-12-07T17:04:22.448+0000] {logging_mixin.py:188} INFO - [2025-12-07T17:04:22.448+0000] {dagbag.py:538} INFO - Filling up the DagBag from /home/airflow/.local/lib/python3.8/site-packages/airflow/example_dags/example_trigger_target_dag.py
[2025-12-07T17:04:22.458+0000] {processor.py:840} INFO - DAG(s) 'example_trigger_target_dag' retrieved from /home/airflow/.local/lib/python3.8/site-packages/airflow/example_dags/example_trigger_target_dag.py
[2025-12-07T17:04:22.487+0000] {logging_mixin.py:188} INFO - [2025-12-07T17:04:22.487+0000] {dag.py:3036} INFO - Sync 1 DAGs
[2025-12-07T17:04:22.507+0000] {logging_mixin.py:188} INFO - [2025-12-07T17:04:22.506+0000] {dag.py:3823} INFO - Setting next_dagrun for example_trigger_target_dag to None, run_after=None
[2025-12-07T17:04:22.539+0000] {processor.py:183} INFO - Processing /home/airflow/.local/lib/python3.8/site-packages/airflow/example_dags/example_trigger_target_dag.py took 0.100 seconds
[2025-12-07T17:04:53.039+0000] {processor.py:161} INFO - Started process (PID=8323) to work on /home/airflow/.local/lib/python3.8/site-packages/airflow/example_dags/example_trigger_target_dag.py
[2025-12-07T17:04:53.041+0000] {processor.py:830} INFO - Processing file /home/airflow/.local/lib/python3.8/site-packages/airflow/example_dags/example_trigger_target_dag.py for tasks to queue
[2025-12-07T17:04:53.044+0000] {logging_mixin.py:188} INFO - [2025-12-07T17:04:53.043+0000] {dagbag.py:538} INFO - Filling up the DagBag from /home/airflow/.local/lib/python3.8/site-packages/airflow/example_dags/example_trigger_target_dag.py
[2025-12-07T17:04:53.052+0000] {processor.py:840} INFO - DAG(s) 'example_trigger_target_dag' retrieved from /home/airflow/.local/lib/python3.8/site-packages/airflow/example_dags/example_trigger_target_dag.py
[2025-12-07T17:04:53.082+0000] {logging_mixin.py:188} INFO - [2025-12-07T17:04:53.082+0000] {dag.py:3036} INFO - Sync 1 DAGs
[2025-12-07T17:04:53.098+0000] {logging_mixin.py:188} INFO - [2025-12-07T17:04:53.098+0000] {dag.py:3823} INFO - Setting next_dagrun for example_trigger_target_dag to None, run_after=None
[2025-12-07T17:04:53.128+0000] {processor.py:183} INFO - Processing /home/airflow/.local/lib/python3.8/site-packages/airflow/example_dags/example_trigger_target_dag.py took 0.094 seconds
