[2025-12-07T15:05:42.170+0000] {processor.py:161} INFO - Started process (PID=79) to work on /home/airflow/.local/lib/python3.8/site-packages/airflow/example_dags/example_local_kubernetes_executor.py
[2025-12-07T15:05:42.174+0000] {processor.py:830} INFO - Processing file /home/airflow/.local/lib/python3.8/site-packages/airflow/example_dags/example_local_kubernetes_executor.py for tasks to queue
[2025-12-07T15:05:42.181+0000] {logging_mixin.py:188} INFO - [2025-12-07T15:05:42.180+0000] {dagbag.py:538} INFO - Filling up the DagBag from /home/airflow/.local/lib/python3.8/site-packages/airflow/example_dags/example_local_kubernetes_executor.py
[2025-12-07T15:05:42.211+0000] {processor.py:840} INFO - DAG(s) 'example_local_kubernetes_executor' retrieved from /home/airflow/.local/lib/python3.8/site-packages/airflow/example_dags/example_local_kubernetes_executor.py
[2025-12-07T15:05:42.513+0000] {logging_mixin.py:188} INFO - [2025-12-07T15:05:42.512+0000] {dag.py:3036} INFO - Sync 1 DAGs
[2025-12-07T15:05:42.542+0000] {logging_mixin.py:188} INFO - [2025-12-07T15:05:42.541+0000] {dag.py:3823} INFO - Setting next_dagrun for example_local_kubernetes_executor to None, run_after=None
[2025-12-07T15:05:42.581+0000] {processor.py:183} INFO - Processing /home/airflow/.local/lib/python3.8/site-packages/airflow/example_dags/example_local_kubernetes_executor.py took 0.427 seconds
[2025-12-07T15:06:12.755+0000] {processor.py:161} INFO - Started process (PID=138) to work on /home/airflow/.local/lib/python3.8/site-packages/airflow/example_dags/example_local_kubernetes_executor.py
[2025-12-07T15:06:12.756+0000] {processor.py:830} INFO - Processing file /home/airflow/.local/lib/python3.8/site-packages/airflow/example_dags/example_local_kubernetes_executor.py for tasks to queue
[2025-12-07T15:06:12.759+0000] {logging_mixin.py:188} INFO - [2025-12-07T15:06:12.758+0000] {dagbag.py:538} INFO - Filling up the DagBag from /home/airflow/.local/lib/python3.8/site-packages/airflow/example_dags/example_local_kubernetes_executor.py
[2025-12-07T15:06:12.768+0000] {processor.py:840} INFO - DAG(s) 'example_local_kubernetes_executor' retrieved from /home/airflow/.local/lib/python3.8/site-packages/airflow/example_dags/example_local_kubernetes_executor.py
[2025-12-07T15:06:12.815+0000] {logging_mixin.py:188} INFO - [2025-12-07T15:06:12.815+0000] {dag.py:3036} INFO - Sync 1 DAGs
[2025-12-07T15:06:12.831+0000] {logging_mixin.py:188} INFO - [2025-12-07T15:06:12.831+0000] {dag.py:3823} INFO - Setting next_dagrun for example_local_kubernetes_executor to None, run_after=None
[2025-12-07T15:06:12.862+0000] {processor.py:183} INFO - Processing /home/airflow/.local/lib/python3.8/site-packages/airflow/example_dags/example_local_kubernetes_executor.py took 0.112 seconds
[2025-12-07T15:06:42.922+0000] {processor.py:161} INFO - Started process (PID=197) to work on /home/airflow/.local/lib/python3.8/site-packages/airflow/example_dags/example_local_kubernetes_executor.py
[2025-12-07T15:06:42.924+0000] {processor.py:830} INFO - Processing file /home/airflow/.local/lib/python3.8/site-packages/airflow/example_dags/example_local_kubernetes_executor.py for tasks to queue
[2025-12-07T15:06:42.926+0000] {logging_mixin.py:188} INFO - [2025-12-07T15:06:42.926+0000] {dagbag.py:538} INFO - Filling up the DagBag from /home/airflow/.local/lib/python3.8/site-packages/airflow/example_dags/example_local_kubernetes_executor.py
[2025-12-07T15:06:42.939+0000] {processor.py:840} INFO - DAG(s) 'example_local_kubernetes_executor' retrieved from /home/airflow/.local/lib/python3.8/site-packages/airflow/example_dags/example_local_kubernetes_executor.py
[2025-12-07T15:06:42.994+0000] {logging_mixin.py:188} INFO - [2025-12-07T15:06:42.994+0000] {dag.py:3036} INFO - Sync 1 DAGs
[2025-12-07T15:06:43.018+0000] {logging_mixin.py:188} INFO - [2025-12-07T15:06:43.017+0000] {dag.py:3823} INFO - Setting next_dagrun for example_local_kubernetes_executor to None, run_after=None
[2025-12-07T15:06:43.049+0000] {processor.py:183} INFO - Processing /home/airflow/.local/lib/python3.8/site-packages/airflow/example_dags/example_local_kubernetes_executor.py took 0.131 seconds
[2025-12-07T15:07:13.184+0000] {processor.py:161} INFO - Started process (PID=256) to work on /home/airflow/.local/lib/python3.8/site-packages/airflow/example_dags/example_local_kubernetes_executor.py
[2025-12-07T15:07:13.186+0000] {processor.py:830} INFO - Processing file /home/airflow/.local/lib/python3.8/site-packages/airflow/example_dags/example_local_kubernetes_executor.py for tasks to queue
[2025-12-07T15:07:13.189+0000] {logging_mixin.py:188} INFO - [2025-12-07T15:07:13.188+0000] {dagbag.py:538} INFO - Filling up the DagBag from /home/airflow/.local/lib/python3.8/site-packages/airflow/example_dags/example_local_kubernetes_executor.py
[2025-12-07T15:07:13.201+0000] {processor.py:840} INFO - DAG(s) 'example_local_kubernetes_executor' retrieved from /home/airflow/.local/lib/python3.8/site-packages/airflow/example_dags/example_local_kubernetes_executor.py
[2025-12-07T15:07:13.249+0000] {logging_mixin.py:188} INFO - [2025-12-07T15:07:13.249+0000] {dag.py:3036} INFO - Sync 1 DAGs
[2025-12-07T15:07:13.269+0000] {logging_mixin.py:188} INFO - [2025-12-07T15:07:13.269+0000] {dag.py:3823} INFO - Setting next_dagrun for example_local_kubernetes_executor to None, run_after=None
[2025-12-07T15:07:13.301+0000] {processor.py:183} INFO - Processing /home/airflow/.local/lib/python3.8/site-packages/airflow/example_dags/example_local_kubernetes_executor.py took 0.121 seconds
[2025-12-07T15:07:43.627+0000] {processor.py:161} INFO - Started process (PID=315) to work on /home/airflow/.local/lib/python3.8/site-packages/airflow/example_dags/example_local_kubernetes_executor.py
[2025-12-07T15:07:43.634+0000] {processor.py:830} INFO - Processing file /home/airflow/.local/lib/python3.8/site-packages/airflow/example_dags/example_local_kubernetes_executor.py for tasks to queue
[2025-12-07T15:07:43.639+0000] {logging_mixin.py:188} INFO - [2025-12-07T15:07:43.639+0000] {dagbag.py:538} INFO - Filling up the DagBag from /home/airflow/.local/lib/python3.8/site-packages/airflow/example_dags/example_local_kubernetes_executor.py
[2025-12-07T15:07:43.655+0000] {processor.py:840} INFO - DAG(s) 'example_local_kubernetes_executor' retrieved from /home/airflow/.local/lib/python3.8/site-packages/airflow/example_dags/example_local_kubernetes_executor.py
[2025-12-07T15:07:43.763+0000] {logging_mixin.py:188} INFO - [2025-12-07T15:07:43.762+0000] {dag.py:3036} INFO - Sync 1 DAGs
[2025-12-07T15:07:43.797+0000] {logging_mixin.py:188} INFO - [2025-12-07T15:07:43.796+0000] {dag.py:3823} INFO - Setting next_dagrun for example_local_kubernetes_executor to None, run_after=None
[2025-12-07T15:07:43.837+0000] {processor.py:183} INFO - Processing /home/airflow/.local/lib/python3.8/site-packages/airflow/example_dags/example_local_kubernetes_executor.py took 0.218 seconds
[2025-12-07T15:08:13.900+0000] {processor.py:161} INFO - Started process (PID=373) to work on /home/airflow/.local/lib/python3.8/site-packages/airflow/example_dags/example_local_kubernetes_executor.py
[2025-12-07T15:08:13.905+0000] {processor.py:830} INFO - Processing file /home/airflow/.local/lib/python3.8/site-packages/airflow/example_dags/example_local_kubernetes_executor.py for tasks to queue
[2025-12-07T15:08:13.914+0000] {logging_mixin.py:188} INFO - [2025-12-07T15:08:13.913+0000] {dagbag.py:538} INFO - Filling up the DagBag from /home/airflow/.local/lib/python3.8/site-packages/airflow/example_dags/example_local_kubernetes_executor.py
[2025-12-07T15:08:13.943+0000] {processor.py:840} INFO - DAG(s) 'example_local_kubernetes_executor' retrieved from /home/airflow/.local/lib/python3.8/site-packages/airflow/example_dags/example_local_kubernetes_executor.py
[2025-12-07T15:08:14.058+0000] {logging_mixin.py:188} INFO - [2025-12-07T15:08:14.058+0000] {dag.py:3036} INFO - Sync 1 DAGs
[2025-12-07T15:08:14.078+0000] {logging_mixin.py:188} INFO - [2025-12-07T15:08:14.077+0000] {dag.py:3823} INFO - Setting next_dagrun for example_local_kubernetes_executor to None, run_after=None
[2025-12-07T15:08:14.117+0000] {processor.py:183} INFO - Processing /home/airflow/.local/lib/python3.8/site-packages/airflow/example_dags/example_local_kubernetes_executor.py took 0.226 seconds
[2025-12-07T15:08:44.517+0000] {processor.py:161} INFO - Started process (PID=432) to work on /home/airflow/.local/lib/python3.8/site-packages/airflow/example_dags/example_local_kubernetes_executor.py
[2025-12-07T15:08:44.519+0000] {processor.py:830} INFO - Processing file /home/airflow/.local/lib/python3.8/site-packages/airflow/example_dags/example_local_kubernetes_executor.py for tasks to queue
[2025-12-07T15:08:44.522+0000] {logging_mixin.py:188} INFO - [2025-12-07T15:08:44.521+0000] {dagbag.py:538} INFO - Filling up the DagBag from /home/airflow/.local/lib/python3.8/site-packages/airflow/example_dags/example_local_kubernetes_executor.py
[2025-12-07T15:08:44.535+0000] {processor.py:840} INFO - DAG(s) 'example_local_kubernetes_executor' retrieved from /home/airflow/.local/lib/python3.8/site-packages/airflow/example_dags/example_local_kubernetes_executor.py
[2025-12-07T15:08:44.588+0000] {logging_mixin.py:188} INFO - [2025-12-07T15:08:44.588+0000] {dag.py:3036} INFO - Sync 1 DAGs
[2025-12-07T15:08:44.606+0000] {logging_mixin.py:188} INFO - [2025-12-07T15:08:44.606+0000] {dag.py:3823} INFO - Setting next_dagrun for example_local_kubernetes_executor to None, run_after=None
[2025-12-07T15:08:44.643+0000] {processor.py:183} INFO - Processing /home/airflow/.local/lib/python3.8/site-packages/airflow/example_dags/example_local_kubernetes_executor.py took 0.131 seconds
[2025-12-07T15:09:14.821+0000] {processor.py:161} INFO - Started process (PID=491) to work on /home/airflow/.local/lib/python3.8/site-packages/airflow/example_dags/example_local_kubernetes_executor.py
[2025-12-07T15:09:14.823+0000] {processor.py:830} INFO - Processing file /home/airflow/.local/lib/python3.8/site-packages/airflow/example_dags/example_local_kubernetes_executor.py for tasks to queue
[2025-12-07T15:09:14.826+0000] {logging_mixin.py:188} INFO - [2025-12-07T15:09:14.825+0000] {dagbag.py:538} INFO - Filling up the DagBag from /home/airflow/.local/lib/python3.8/site-packages/airflow/example_dags/example_local_kubernetes_executor.py
[2025-12-07T15:09:14.836+0000] {processor.py:840} INFO - DAG(s) 'example_local_kubernetes_executor' retrieved from /home/airflow/.local/lib/python3.8/site-packages/airflow/example_dags/example_local_kubernetes_executor.py
[2025-12-07T15:09:14.886+0000] {logging_mixin.py:188} INFO - [2025-12-07T15:09:14.886+0000] {dag.py:3036} INFO - Sync 1 DAGs
[2025-12-07T15:09:14.904+0000] {logging_mixin.py:188} INFO - [2025-12-07T15:09:14.904+0000] {dag.py:3823} INFO - Setting next_dagrun for example_local_kubernetes_executor to None, run_after=None
[2025-12-07T15:09:14.939+0000] {processor.py:183} INFO - Processing /home/airflow/.local/lib/python3.8/site-packages/airflow/example_dags/example_local_kubernetes_executor.py took 0.122 seconds
[2025-12-07T15:09:45.035+0000] {processor.py:161} INFO - Started process (PID=550) to work on /home/airflow/.local/lib/python3.8/site-packages/airflow/example_dags/example_local_kubernetes_executor.py
[2025-12-07T15:09:45.036+0000] {processor.py:830} INFO - Processing file /home/airflow/.local/lib/python3.8/site-packages/airflow/example_dags/example_local_kubernetes_executor.py for tasks to queue
[2025-12-07T15:09:45.038+0000] {logging_mixin.py:188} INFO - [2025-12-07T15:09:45.038+0000] {dagbag.py:538} INFO - Filling up the DagBag from /home/airflow/.local/lib/python3.8/site-packages/airflow/example_dags/example_local_kubernetes_executor.py
[2025-12-07T15:09:45.048+0000] {processor.py:840} INFO - DAG(s) 'example_local_kubernetes_executor' retrieved from /home/airflow/.local/lib/python3.8/site-packages/airflow/example_dags/example_local_kubernetes_executor.py
[2025-12-07T15:09:45.089+0000] {logging_mixin.py:188} INFO - [2025-12-07T15:09:45.089+0000] {dag.py:3036} INFO - Sync 1 DAGs
[2025-12-07T15:09:45.105+0000] {logging_mixin.py:188} INFO - [2025-12-07T15:09:45.105+0000] {dag.py:3823} INFO - Setting next_dagrun for example_local_kubernetes_executor to None, run_after=None
[2025-12-07T15:09:45.135+0000] {processor.py:183} INFO - Processing /home/airflow/.local/lib/python3.8/site-packages/airflow/example_dags/example_local_kubernetes_executor.py took 0.105 seconds
[2025-12-07T15:10:15.272+0000] {processor.py:161} INFO - Started process (PID=609) to work on /home/airflow/.local/lib/python3.8/site-packages/airflow/example_dags/example_local_kubernetes_executor.py
[2025-12-07T15:10:15.274+0000] {processor.py:830} INFO - Processing file /home/airflow/.local/lib/python3.8/site-packages/airflow/example_dags/example_local_kubernetes_executor.py for tasks to queue
[2025-12-07T15:10:15.277+0000] {logging_mixin.py:188} INFO - [2025-12-07T15:10:15.276+0000] {dagbag.py:538} INFO - Filling up the DagBag from /home/airflow/.local/lib/python3.8/site-packages/airflow/example_dags/example_local_kubernetes_executor.py
[2025-12-07T15:10:15.288+0000] {processor.py:840} INFO - DAG(s) 'example_local_kubernetes_executor' retrieved from /home/airflow/.local/lib/python3.8/site-packages/airflow/example_dags/example_local_kubernetes_executor.py
[2025-12-07T15:10:15.336+0000] {logging_mixin.py:188} INFO - [2025-12-07T15:10:15.336+0000] {dag.py:3036} INFO - Sync 1 DAGs
[2025-12-07T15:10:15.354+0000] {logging_mixin.py:188} INFO - [2025-12-07T15:10:15.353+0000] {dag.py:3823} INFO - Setting next_dagrun for example_local_kubernetes_executor to None, run_after=None
[2025-12-07T15:10:15.391+0000] {processor.py:183} INFO - Processing /home/airflow/.local/lib/python3.8/site-packages/airflow/example_dags/example_local_kubernetes_executor.py took 0.123 seconds
[2025-12-07T15:10:45.591+0000] {processor.py:161} INFO - Started process (PID=668) to work on /home/airflow/.local/lib/python3.8/site-packages/airflow/example_dags/example_local_kubernetes_executor.py
[2025-12-07T15:10:45.594+0000] {processor.py:830} INFO - Processing file /home/airflow/.local/lib/python3.8/site-packages/airflow/example_dags/example_local_kubernetes_executor.py for tasks to queue
[2025-12-07T15:10:45.596+0000] {logging_mixin.py:188} INFO - [2025-12-07T15:10:45.596+0000] {dagbag.py:538} INFO - Filling up the DagBag from /home/airflow/.local/lib/python3.8/site-packages/airflow/example_dags/example_local_kubernetes_executor.py
[2025-12-07T15:10:45.607+0000] {processor.py:840} INFO - DAG(s) 'example_local_kubernetes_executor' retrieved from /home/airflow/.local/lib/python3.8/site-packages/airflow/example_dags/example_local_kubernetes_executor.py
[2025-12-07T15:10:45.657+0000] {logging_mixin.py:188} INFO - [2025-12-07T15:10:45.657+0000] {dag.py:3036} INFO - Sync 1 DAGs
[2025-12-07T15:10:45.674+0000] {logging_mixin.py:188} INFO - [2025-12-07T15:10:45.673+0000] {dag.py:3823} INFO - Setting next_dagrun for example_local_kubernetes_executor to None, run_after=None
[2025-12-07T15:10:45.700+0000] {processor.py:183} INFO - Processing /home/airflow/.local/lib/python3.8/site-packages/airflow/example_dags/example_local_kubernetes_executor.py took 0.113 seconds
[2025-12-07T15:11:15.946+0000] {processor.py:161} INFO - Started process (PID=727) to work on /home/airflow/.local/lib/python3.8/site-packages/airflow/example_dags/example_local_kubernetes_executor.py
[2025-12-07T15:11:15.948+0000] {processor.py:830} INFO - Processing file /home/airflow/.local/lib/python3.8/site-packages/airflow/example_dags/example_local_kubernetes_executor.py for tasks to queue
[2025-12-07T15:11:15.951+0000] {logging_mixin.py:188} INFO - [2025-12-07T15:11:15.950+0000] {dagbag.py:538} INFO - Filling up the DagBag from /home/airflow/.local/lib/python3.8/site-packages/airflow/example_dags/example_local_kubernetes_executor.py
[2025-12-07T15:11:15.963+0000] {processor.py:840} INFO - DAG(s) 'example_local_kubernetes_executor' retrieved from /home/airflow/.local/lib/python3.8/site-packages/airflow/example_dags/example_local_kubernetes_executor.py
[2025-12-07T15:11:16.041+0000] {logging_mixin.py:188} INFO - [2025-12-07T15:11:16.041+0000] {dag.py:3036} INFO - Sync 1 DAGs
[2025-12-07T15:11:16.064+0000] {logging_mixin.py:188} INFO - [2025-12-07T15:11:16.064+0000] {dag.py:3823} INFO - Setting next_dagrun for example_local_kubernetes_executor to None, run_after=None
[2025-12-07T15:11:16.099+0000] {processor.py:183} INFO - Processing /home/airflow/.local/lib/python3.8/site-packages/airflow/example_dags/example_local_kubernetes_executor.py took 0.157 seconds
[2025-12-07T15:11:46.343+0000] {processor.py:161} INFO - Started process (PID=787) to work on /home/airflow/.local/lib/python3.8/site-packages/airflow/example_dags/example_local_kubernetes_executor.py
[2025-12-07T15:11:46.345+0000] {processor.py:830} INFO - Processing file /home/airflow/.local/lib/python3.8/site-packages/airflow/example_dags/example_local_kubernetes_executor.py for tasks to queue
[2025-12-07T15:11:46.347+0000] {logging_mixin.py:188} INFO - [2025-12-07T15:11:46.347+0000] {dagbag.py:538} INFO - Filling up the DagBag from /home/airflow/.local/lib/python3.8/site-packages/airflow/example_dags/example_local_kubernetes_executor.py
[2025-12-07T15:11:46.360+0000] {processor.py:840} INFO - DAG(s) 'example_local_kubernetes_executor' retrieved from /home/airflow/.local/lib/python3.8/site-packages/airflow/example_dags/example_local_kubernetes_executor.py
[2025-12-07T15:11:46.411+0000] {logging_mixin.py:188} INFO - [2025-12-07T15:11:46.411+0000] {dag.py:3036} INFO - Sync 1 DAGs
[2025-12-07T15:11:46.432+0000] {logging_mixin.py:188} INFO - [2025-12-07T15:11:46.431+0000] {dag.py:3823} INFO - Setting next_dagrun for example_local_kubernetes_executor to None, run_after=None
[2025-12-07T15:11:46.465+0000] {processor.py:183} INFO - Processing /home/airflow/.local/lib/python3.8/site-packages/airflow/example_dags/example_local_kubernetes_executor.py took 0.129 seconds
[2025-12-07T15:12:16.631+0000] {processor.py:161} INFO - Started process (PID=846) to work on /home/airflow/.local/lib/python3.8/site-packages/airflow/example_dags/example_local_kubernetes_executor.py
[2025-12-07T15:12:16.633+0000] {processor.py:830} INFO - Processing file /home/airflow/.local/lib/python3.8/site-packages/airflow/example_dags/example_local_kubernetes_executor.py for tasks to queue
[2025-12-07T15:12:16.636+0000] {logging_mixin.py:188} INFO - [2025-12-07T15:12:16.635+0000] {dagbag.py:538} INFO - Filling up the DagBag from /home/airflow/.local/lib/python3.8/site-packages/airflow/example_dags/example_local_kubernetes_executor.py
[2025-12-07T15:12:16.646+0000] {processor.py:840} INFO - DAG(s) 'example_local_kubernetes_executor' retrieved from /home/airflow/.local/lib/python3.8/site-packages/airflow/example_dags/example_local_kubernetes_executor.py
[2025-12-07T15:12:16.693+0000] {logging_mixin.py:188} INFO - [2025-12-07T15:12:16.692+0000] {dag.py:3036} INFO - Sync 1 DAGs
[2025-12-07T15:12:16.711+0000] {logging_mixin.py:188} INFO - [2025-12-07T15:12:16.711+0000] {dag.py:3823} INFO - Setting next_dagrun for example_local_kubernetes_executor to None, run_after=None
[2025-12-07T15:12:16.742+0000] {processor.py:183} INFO - Processing /home/airflow/.local/lib/python3.8/site-packages/airflow/example_dags/example_local_kubernetes_executor.py took 0.115 seconds
[2025-12-07T15:12:46.957+0000] {processor.py:161} INFO - Started process (PID=905) to work on /home/airflow/.local/lib/python3.8/site-packages/airflow/example_dags/example_local_kubernetes_executor.py
[2025-12-07T15:12:46.958+0000] {processor.py:830} INFO - Processing file /home/airflow/.local/lib/python3.8/site-packages/airflow/example_dags/example_local_kubernetes_executor.py for tasks to queue
[2025-12-07T15:12:46.961+0000] {logging_mixin.py:188} INFO - [2025-12-07T15:12:46.960+0000] {dagbag.py:538} INFO - Filling up the DagBag from /home/airflow/.local/lib/python3.8/site-packages/airflow/example_dags/example_local_kubernetes_executor.py
[2025-12-07T15:12:46.971+0000] {processor.py:840} INFO - DAG(s) 'example_local_kubernetes_executor' retrieved from /home/airflow/.local/lib/python3.8/site-packages/airflow/example_dags/example_local_kubernetes_executor.py
[2025-12-07T15:12:47.016+0000] {logging_mixin.py:188} INFO - [2025-12-07T15:12:47.016+0000] {dag.py:3036} INFO - Sync 1 DAGs
[2025-12-07T15:12:47.030+0000] {logging_mixin.py:188} INFO - [2025-12-07T15:12:47.030+0000] {dag.py:3823} INFO - Setting next_dagrun for example_local_kubernetes_executor to None, run_after=None
[2025-12-07T15:12:47.063+0000] {processor.py:183} INFO - Processing /home/airflow/.local/lib/python3.8/site-packages/airflow/example_dags/example_local_kubernetes_executor.py took 0.110 seconds
[2025-12-07T15:13:17.313+0000] {processor.py:161} INFO - Started process (PID=964) to work on /home/airflow/.local/lib/python3.8/site-packages/airflow/example_dags/example_local_kubernetes_executor.py
[2025-12-07T15:13:17.314+0000] {processor.py:830} INFO - Processing file /home/airflow/.local/lib/python3.8/site-packages/airflow/example_dags/example_local_kubernetes_executor.py for tasks to queue
[2025-12-07T15:13:17.317+0000] {logging_mixin.py:188} INFO - [2025-12-07T15:13:17.317+0000] {dagbag.py:538} INFO - Filling up the DagBag from /home/airflow/.local/lib/python3.8/site-packages/airflow/example_dags/example_local_kubernetes_executor.py
[2025-12-07T15:13:17.328+0000] {processor.py:840} INFO - DAG(s) 'example_local_kubernetes_executor' retrieved from /home/airflow/.local/lib/python3.8/site-packages/airflow/example_dags/example_local_kubernetes_executor.py
[2025-12-07T15:13:17.369+0000] {logging_mixin.py:188} INFO - [2025-12-07T15:13:17.368+0000] {dag.py:3036} INFO - Sync 1 DAGs
[2025-12-07T15:13:17.382+0000] {logging_mixin.py:188} INFO - [2025-12-07T15:13:17.382+0000] {dag.py:3823} INFO - Setting next_dagrun for example_local_kubernetes_executor to None, run_after=None
[2025-12-07T15:13:17.409+0000] {processor.py:183} INFO - Processing /home/airflow/.local/lib/python3.8/site-packages/airflow/example_dags/example_local_kubernetes_executor.py took 0.101 seconds
[2025-12-07T15:13:47.625+0000] {processor.py:161} INFO - Started process (PID=1023) to work on /home/airflow/.local/lib/python3.8/site-packages/airflow/example_dags/example_local_kubernetes_executor.py
[2025-12-07T15:13:47.627+0000] {processor.py:830} INFO - Processing file /home/airflow/.local/lib/python3.8/site-packages/airflow/example_dags/example_local_kubernetes_executor.py for tasks to queue
[2025-12-07T15:13:47.630+0000] {logging_mixin.py:188} INFO - [2025-12-07T15:13:47.629+0000] {dagbag.py:538} INFO - Filling up the DagBag from /home/airflow/.local/lib/python3.8/site-packages/airflow/example_dags/example_local_kubernetes_executor.py
[2025-12-07T15:13:47.645+0000] {processor.py:840} INFO - DAG(s) 'example_local_kubernetes_executor' retrieved from /home/airflow/.local/lib/python3.8/site-packages/airflow/example_dags/example_local_kubernetes_executor.py
[2025-12-07T15:13:47.688+0000] {logging_mixin.py:188} INFO - [2025-12-07T15:13:47.687+0000] {dag.py:3036} INFO - Sync 1 DAGs
[2025-12-07T15:13:47.706+0000] {logging_mixin.py:188} INFO - [2025-12-07T15:13:47.706+0000] {dag.py:3823} INFO - Setting next_dagrun for example_local_kubernetes_executor to None, run_after=None
[2025-12-07T15:13:47.736+0000] {processor.py:183} INFO - Processing /home/airflow/.local/lib/python3.8/site-packages/airflow/example_dags/example_local_kubernetes_executor.py took 0.120 seconds
[2025-12-07T15:14:17.808+0000] {processor.py:161} INFO - Started process (PID=1082) to work on /home/airflow/.local/lib/python3.8/site-packages/airflow/example_dags/example_local_kubernetes_executor.py
[2025-12-07T15:14:17.809+0000] {processor.py:830} INFO - Processing file /home/airflow/.local/lib/python3.8/site-packages/airflow/example_dags/example_local_kubernetes_executor.py for tasks to queue
[2025-12-07T15:14:17.811+0000] {logging_mixin.py:188} INFO - [2025-12-07T15:14:17.811+0000] {dagbag.py:538} INFO - Filling up the DagBag from /home/airflow/.local/lib/python3.8/site-packages/airflow/example_dags/example_local_kubernetes_executor.py
[2025-12-07T15:14:17.822+0000] {processor.py:840} INFO - DAG(s) 'example_local_kubernetes_executor' retrieved from /home/airflow/.local/lib/python3.8/site-packages/airflow/example_dags/example_local_kubernetes_executor.py
[2025-12-07T15:14:17.864+0000] {logging_mixin.py:188} INFO - [2025-12-07T15:14:17.863+0000] {dag.py:3036} INFO - Sync 1 DAGs
[2025-12-07T15:14:17.880+0000] {logging_mixin.py:188} INFO - [2025-12-07T15:14:17.880+0000] {dag.py:3823} INFO - Setting next_dagrun for example_local_kubernetes_executor to None, run_after=None
[2025-12-07T15:14:17.911+0000] {processor.py:183} INFO - Processing /home/airflow/.local/lib/python3.8/site-packages/airflow/example_dags/example_local_kubernetes_executor.py took 0.107 seconds
[2025-12-07T15:14:48.493+0000] {processor.py:161} INFO - Started process (PID=1141) to work on /home/airflow/.local/lib/python3.8/site-packages/airflow/example_dags/example_local_kubernetes_executor.py
[2025-12-07T15:14:48.495+0000] {processor.py:830} INFO - Processing file /home/airflow/.local/lib/python3.8/site-packages/airflow/example_dags/example_local_kubernetes_executor.py for tasks to queue
[2025-12-07T15:14:48.499+0000] {logging_mixin.py:188} INFO - [2025-12-07T15:14:48.498+0000] {dagbag.py:538} INFO - Filling up the DagBag from /home/airflow/.local/lib/python3.8/site-packages/airflow/example_dags/example_local_kubernetes_executor.py
[2025-12-07T15:14:48.511+0000] {processor.py:840} INFO - DAG(s) 'example_local_kubernetes_executor' retrieved from /home/airflow/.local/lib/python3.8/site-packages/airflow/example_dags/example_local_kubernetes_executor.py
[2025-12-07T15:14:48.564+0000] {logging_mixin.py:188} INFO - [2025-12-07T15:14:48.563+0000] {dag.py:3036} INFO - Sync 1 DAGs
[2025-12-07T15:14:48.581+0000] {logging_mixin.py:188} INFO - [2025-12-07T15:14:48.581+0000] {dag.py:3823} INFO - Setting next_dagrun for example_local_kubernetes_executor to None, run_after=None
[2025-12-07T15:14:48.612+0000] {processor.py:183} INFO - Processing /home/airflow/.local/lib/python3.8/site-packages/airflow/example_dags/example_local_kubernetes_executor.py took 0.126 seconds
[2025-12-07T15:15:18.853+0000] {processor.py:161} INFO - Started process (PID=1200) to work on /home/airflow/.local/lib/python3.8/site-packages/airflow/example_dags/example_local_kubernetes_executor.py
[2025-12-07T15:15:18.858+0000] {processor.py:830} INFO - Processing file /home/airflow/.local/lib/python3.8/site-packages/airflow/example_dags/example_local_kubernetes_executor.py for tasks to queue
[2025-12-07T15:15:18.863+0000] {logging_mixin.py:188} INFO - [2025-12-07T15:15:18.862+0000] {dagbag.py:538} INFO - Filling up the DagBag from /home/airflow/.local/lib/python3.8/site-packages/airflow/example_dags/example_local_kubernetes_executor.py
[2025-12-07T15:15:18.884+0000] {processor.py:840} INFO - DAG(s) 'example_local_kubernetes_executor' retrieved from /home/airflow/.local/lib/python3.8/site-packages/airflow/example_dags/example_local_kubernetes_executor.py
[2025-12-07T15:15:18.946+0000] {logging_mixin.py:188} INFO - [2025-12-07T15:15:18.945+0000] {dag.py:3036} INFO - Sync 1 DAGs
[2025-12-07T15:15:18.966+0000] {logging_mixin.py:188} INFO - [2025-12-07T15:15:18.965+0000] {dag.py:3823} INFO - Setting next_dagrun for example_local_kubernetes_executor to None, run_after=None
[2025-12-07T15:15:19.000+0000] {processor.py:183} INFO - Processing /home/airflow/.local/lib/python3.8/site-packages/airflow/example_dags/example_local_kubernetes_executor.py took 0.155 seconds
[2025-12-07T15:15:49.294+0000] {processor.py:161} INFO - Started process (PID=1259) to work on /home/airflow/.local/lib/python3.8/site-packages/airflow/example_dags/example_local_kubernetes_executor.py
[2025-12-07T15:15:49.295+0000] {processor.py:830} INFO - Processing file /home/airflow/.local/lib/python3.8/site-packages/airflow/example_dags/example_local_kubernetes_executor.py for tasks to queue
[2025-12-07T15:15:49.298+0000] {logging_mixin.py:188} INFO - [2025-12-07T15:15:49.298+0000] {dagbag.py:538} INFO - Filling up the DagBag from /home/airflow/.local/lib/python3.8/site-packages/airflow/example_dags/example_local_kubernetes_executor.py
[2025-12-07T15:15:49.312+0000] {processor.py:840} INFO - DAG(s) 'example_local_kubernetes_executor' retrieved from /home/airflow/.local/lib/python3.8/site-packages/airflow/example_dags/example_local_kubernetes_executor.py
[2025-12-07T15:15:49.358+0000] {logging_mixin.py:188} INFO - [2025-12-07T15:15:49.358+0000] {dag.py:3036} INFO - Sync 1 DAGs
[2025-12-07T15:15:49.382+0000] {logging_mixin.py:188} INFO - [2025-12-07T15:15:49.382+0000] {dag.py:3823} INFO - Setting next_dagrun for example_local_kubernetes_executor to None, run_after=None
[2025-12-07T15:15:49.438+0000] {processor.py:183} INFO - Processing /home/airflow/.local/lib/python3.8/site-packages/airflow/example_dags/example_local_kubernetes_executor.py took 0.149 seconds
[2025-12-07T15:16:19.966+0000] {processor.py:161} INFO - Started process (PID=1318) to work on /home/airflow/.local/lib/python3.8/site-packages/airflow/example_dags/example_local_kubernetes_executor.py
[2025-12-07T15:16:19.969+0000] {processor.py:830} INFO - Processing file /home/airflow/.local/lib/python3.8/site-packages/airflow/example_dags/example_local_kubernetes_executor.py for tasks to queue
[2025-12-07T15:16:19.972+0000] {logging_mixin.py:188} INFO - [2025-12-07T15:16:19.972+0000] {dagbag.py:538} INFO - Filling up the DagBag from /home/airflow/.local/lib/python3.8/site-packages/airflow/example_dags/example_local_kubernetes_executor.py
[2025-12-07T15:16:19.985+0000] {processor.py:840} INFO - DAG(s) 'example_local_kubernetes_executor' retrieved from /home/airflow/.local/lib/python3.8/site-packages/airflow/example_dags/example_local_kubernetes_executor.py
[2025-12-07T15:16:20.036+0000] {logging_mixin.py:188} INFO - [2025-12-07T15:16:20.036+0000] {dag.py:3036} INFO - Sync 1 DAGs
[2025-12-07T15:16:20.051+0000] {logging_mixin.py:188} INFO - [2025-12-07T15:16:20.051+0000] {dag.py:3823} INFO - Setting next_dagrun for example_local_kubernetes_executor to None, run_after=None
[2025-12-07T15:16:20.083+0000] {processor.py:183} INFO - Processing /home/airflow/.local/lib/python3.8/site-packages/airflow/example_dags/example_local_kubernetes_executor.py took 0.122 seconds
[2025-12-07T15:16:50.376+0000] {processor.py:161} INFO - Started process (PID=1377) to work on /home/airflow/.local/lib/python3.8/site-packages/airflow/example_dags/example_local_kubernetes_executor.py
[2025-12-07T15:16:50.378+0000] {processor.py:830} INFO - Processing file /home/airflow/.local/lib/python3.8/site-packages/airflow/example_dags/example_local_kubernetes_executor.py for tasks to queue
[2025-12-07T15:16:50.381+0000] {logging_mixin.py:188} INFO - [2025-12-07T15:16:50.380+0000] {dagbag.py:538} INFO - Filling up the DagBag from /home/airflow/.local/lib/python3.8/site-packages/airflow/example_dags/example_local_kubernetes_executor.py
[2025-12-07T15:16:50.392+0000] {processor.py:840} INFO - DAG(s) 'example_local_kubernetes_executor' retrieved from /home/airflow/.local/lib/python3.8/site-packages/airflow/example_dags/example_local_kubernetes_executor.py
[2025-12-07T15:16:50.444+0000] {logging_mixin.py:188} INFO - [2025-12-07T15:16:50.444+0000] {dag.py:3036} INFO - Sync 1 DAGs
[2025-12-07T15:16:50.464+0000] {logging_mixin.py:188} INFO - [2025-12-07T15:16:50.464+0000] {dag.py:3823} INFO - Setting next_dagrun for example_local_kubernetes_executor to None, run_after=None
[2025-12-07T15:16:50.496+0000] {processor.py:183} INFO - Processing /home/airflow/.local/lib/python3.8/site-packages/airflow/example_dags/example_local_kubernetes_executor.py took 0.126 seconds
[2025-12-07T15:17:20.616+0000] {processor.py:161} INFO - Started process (PID=1436) to work on /home/airflow/.local/lib/python3.8/site-packages/airflow/example_dags/example_local_kubernetes_executor.py
[2025-12-07T15:17:20.618+0000] {processor.py:830} INFO - Processing file /home/airflow/.local/lib/python3.8/site-packages/airflow/example_dags/example_local_kubernetes_executor.py for tasks to queue
[2025-12-07T15:17:20.620+0000] {logging_mixin.py:188} INFO - [2025-12-07T15:17:20.620+0000] {dagbag.py:538} INFO - Filling up the DagBag from /home/airflow/.local/lib/python3.8/site-packages/airflow/example_dags/example_local_kubernetes_executor.py
[2025-12-07T15:17:20.632+0000] {processor.py:840} INFO - DAG(s) 'example_local_kubernetes_executor' retrieved from /home/airflow/.local/lib/python3.8/site-packages/airflow/example_dags/example_local_kubernetes_executor.py
[2025-12-07T15:17:20.675+0000] {logging_mixin.py:188} INFO - [2025-12-07T15:17:20.674+0000] {dag.py:3036} INFO - Sync 1 DAGs
[2025-12-07T15:17:20.692+0000] {logging_mixin.py:188} INFO - [2025-12-07T15:17:20.692+0000] {dag.py:3823} INFO - Setting next_dagrun for example_local_kubernetes_executor to None, run_after=None
[2025-12-07T15:17:20.721+0000] {processor.py:183} INFO - Processing /home/airflow/.local/lib/python3.8/site-packages/airflow/example_dags/example_local_kubernetes_executor.py took 0.109 seconds
[2025-12-07T15:17:50.850+0000] {processor.py:161} INFO - Started process (PID=1495) to work on /home/airflow/.local/lib/python3.8/site-packages/airflow/example_dags/example_local_kubernetes_executor.py
[2025-12-07T15:17:50.852+0000] {processor.py:830} INFO - Processing file /home/airflow/.local/lib/python3.8/site-packages/airflow/example_dags/example_local_kubernetes_executor.py for tasks to queue
[2025-12-07T15:17:50.855+0000] {logging_mixin.py:188} INFO - [2025-12-07T15:17:50.854+0000] {dagbag.py:538} INFO - Filling up the DagBag from /home/airflow/.local/lib/python3.8/site-packages/airflow/example_dags/example_local_kubernetes_executor.py
[2025-12-07T15:17:50.866+0000] {processor.py:840} INFO - DAG(s) 'example_local_kubernetes_executor' retrieved from /home/airflow/.local/lib/python3.8/site-packages/airflow/example_dags/example_local_kubernetes_executor.py
[2025-12-07T15:17:50.917+0000] {logging_mixin.py:188} INFO - [2025-12-07T15:17:50.916+0000] {dag.py:3036} INFO - Sync 1 DAGs
[2025-12-07T15:17:50.936+0000] {logging_mixin.py:188} INFO - [2025-12-07T15:17:50.935+0000] {dag.py:3823} INFO - Setting next_dagrun for example_local_kubernetes_executor to None, run_after=None
[2025-12-07T15:17:50.967+0000] {processor.py:183} INFO - Processing /home/airflow/.local/lib/python3.8/site-packages/airflow/example_dags/example_local_kubernetes_executor.py took 0.121 seconds
[2025-12-07T15:18:21.383+0000] {processor.py:161} INFO - Started process (PID=1554) to work on /home/airflow/.local/lib/python3.8/site-packages/airflow/example_dags/example_local_kubernetes_executor.py
[2025-12-07T15:18:21.385+0000] {processor.py:830} INFO - Processing file /home/airflow/.local/lib/python3.8/site-packages/airflow/example_dags/example_local_kubernetes_executor.py for tasks to queue
[2025-12-07T15:18:21.388+0000] {logging_mixin.py:188} INFO - [2025-12-07T15:18:21.387+0000] {dagbag.py:538} INFO - Filling up the DagBag from /home/airflow/.local/lib/python3.8/site-packages/airflow/example_dags/example_local_kubernetes_executor.py
[2025-12-07T15:18:21.397+0000] {processor.py:840} INFO - DAG(s) 'example_local_kubernetes_executor' retrieved from /home/airflow/.local/lib/python3.8/site-packages/airflow/example_dags/example_local_kubernetes_executor.py
[2025-12-07T15:18:21.437+0000] {logging_mixin.py:188} INFO - [2025-12-07T15:18:21.437+0000] {dag.py:3036} INFO - Sync 1 DAGs
[2025-12-07T15:18:21.453+0000] {logging_mixin.py:188} INFO - [2025-12-07T15:18:21.453+0000] {dag.py:3823} INFO - Setting next_dagrun for example_local_kubernetes_executor to None, run_after=None
[2025-12-07T15:18:21.485+0000] {processor.py:183} INFO - Processing /home/airflow/.local/lib/python3.8/site-packages/airflow/example_dags/example_local_kubernetes_executor.py took 0.107 seconds
[2025-12-07T15:18:51.775+0000] {processor.py:161} INFO - Started process (PID=1613) to work on /home/airflow/.local/lib/python3.8/site-packages/airflow/example_dags/example_local_kubernetes_executor.py
[2025-12-07T15:18:51.777+0000] {processor.py:830} INFO - Processing file /home/airflow/.local/lib/python3.8/site-packages/airflow/example_dags/example_local_kubernetes_executor.py for tasks to queue
[2025-12-07T15:18:51.780+0000] {logging_mixin.py:188} INFO - [2025-12-07T15:18:51.779+0000] {dagbag.py:538} INFO - Filling up the DagBag from /home/airflow/.local/lib/python3.8/site-packages/airflow/example_dags/example_local_kubernetes_executor.py
[2025-12-07T15:18:51.791+0000] {processor.py:840} INFO - DAG(s) 'example_local_kubernetes_executor' retrieved from /home/airflow/.local/lib/python3.8/site-packages/airflow/example_dags/example_local_kubernetes_executor.py
[2025-12-07T15:18:51.841+0000] {logging_mixin.py:188} INFO - [2025-12-07T15:18:51.841+0000] {dag.py:3036} INFO - Sync 1 DAGs
[2025-12-07T15:18:51.860+0000] {logging_mixin.py:188} INFO - [2025-12-07T15:18:51.859+0000] {dag.py:3823} INFO - Setting next_dagrun for example_local_kubernetes_executor to None, run_after=None
[2025-12-07T15:18:51.890+0000] {processor.py:183} INFO - Processing /home/airflow/.local/lib/python3.8/site-packages/airflow/example_dags/example_local_kubernetes_executor.py took 0.121 seconds
[2025-12-07T15:19:22.007+0000] {processor.py:161} INFO - Started process (PID=1672) to work on /home/airflow/.local/lib/python3.8/site-packages/airflow/example_dags/example_local_kubernetes_executor.py
[2025-12-07T15:19:22.010+0000] {processor.py:830} INFO - Processing file /home/airflow/.local/lib/python3.8/site-packages/airflow/example_dags/example_local_kubernetes_executor.py for tasks to queue
[2025-12-07T15:19:22.014+0000] {logging_mixin.py:188} INFO - [2025-12-07T15:19:22.013+0000] {dagbag.py:538} INFO - Filling up the DagBag from /home/airflow/.local/lib/python3.8/site-packages/airflow/example_dags/example_local_kubernetes_executor.py
[2025-12-07T15:19:22.027+0000] {processor.py:840} INFO - DAG(s) 'example_local_kubernetes_executor' retrieved from /home/airflow/.local/lib/python3.8/site-packages/airflow/example_dags/example_local_kubernetes_executor.py
[2025-12-07T15:19:22.080+0000] {logging_mixin.py:188} INFO - [2025-12-07T15:19:22.080+0000] {dag.py:3036} INFO - Sync 1 DAGs
[2025-12-07T15:19:22.101+0000] {logging_mixin.py:188} INFO - [2025-12-07T15:19:22.101+0000] {dag.py:3823} INFO - Setting next_dagrun for example_local_kubernetes_executor to None, run_after=None
[2025-12-07T15:19:22.135+0000] {processor.py:183} INFO - Processing /home/airflow/.local/lib/python3.8/site-packages/airflow/example_dags/example_local_kubernetes_executor.py took 0.134 seconds
[2025-12-07T15:19:52.393+0000] {processor.py:161} INFO - Started process (PID=1731) to work on /home/airflow/.local/lib/python3.8/site-packages/airflow/example_dags/example_local_kubernetes_executor.py
[2025-12-07T15:19:52.394+0000] {processor.py:830} INFO - Processing file /home/airflow/.local/lib/python3.8/site-packages/airflow/example_dags/example_local_kubernetes_executor.py for tasks to queue
[2025-12-07T15:19:52.398+0000] {logging_mixin.py:188} INFO - [2025-12-07T15:19:52.398+0000] {dagbag.py:538} INFO - Filling up the DagBag from /home/airflow/.local/lib/python3.8/site-packages/airflow/example_dags/example_local_kubernetes_executor.py
[2025-12-07T15:19:52.410+0000] {processor.py:840} INFO - DAG(s) 'example_local_kubernetes_executor' retrieved from /home/airflow/.local/lib/python3.8/site-packages/airflow/example_dags/example_local_kubernetes_executor.py
[2025-12-07T15:19:52.456+0000] {logging_mixin.py:188} INFO - [2025-12-07T15:19:52.456+0000] {dag.py:3036} INFO - Sync 1 DAGs
[2025-12-07T15:19:52.471+0000] {logging_mixin.py:188} INFO - [2025-12-07T15:19:52.471+0000] {dag.py:3823} INFO - Setting next_dagrun for example_local_kubernetes_executor to None, run_after=None
[2025-12-07T15:19:52.501+0000] {processor.py:183} INFO - Processing /home/airflow/.local/lib/python3.8/site-packages/airflow/example_dags/example_local_kubernetes_executor.py took 0.114 seconds
[2025-12-07T15:20:22.767+0000] {processor.py:161} INFO - Started process (PID=1790) to work on /home/airflow/.local/lib/python3.8/site-packages/airflow/example_dags/example_local_kubernetes_executor.py
[2025-12-07T15:20:22.769+0000] {processor.py:830} INFO - Processing file /home/airflow/.local/lib/python3.8/site-packages/airflow/example_dags/example_local_kubernetes_executor.py for tasks to queue
[2025-12-07T15:20:22.771+0000] {logging_mixin.py:188} INFO - [2025-12-07T15:20:22.771+0000] {dagbag.py:538} INFO - Filling up the DagBag from /home/airflow/.local/lib/python3.8/site-packages/airflow/example_dags/example_local_kubernetes_executor.py
[2025-12-07T15:20:22.782+0000] {processor.py:840} INFO - DAG(s) 'example_local_kubernetes_executor' retrieved from /home/airflow/.local/lib/python3.8/site-packages/airflow/example_dags/example_local_kubernetes_executor.py
[2025-12-07T15:20:22.825+0000] {logging_mixin.py:188} INFO - [2025-12-07T15:20:22.825+0000] {dag.py:3036} INFO - Sync 1 DAGs
[2025-12-07T15:20:22.840+0000] {logging_mixin.py:188} INFO - [2025-12-07T15:20:22.840+0000] {dag.py:3823} INFO - Setting next_dagrun for example_local_kubernetes_executor to None, run_after=None
[2025-12-07T15:20:22.866+0000] {processor.py:183} INFO - Processing /home/airflow/.local/lib/python3.8/site-packages/airflow/example_dags/example_local_kubernetes_executor.py took 0.104 seconds
[2025-12-07T15:20:53.060+0000] {processor.py:161} INFO - Started process (PID=1847) to work on /home/airflow/.local/lib/python3.8/site-packages/airflow/example_dags/example_local_kubernetes_executor.py
[2025-12-07T15:20:53.061+0000] {processor.py:830} INFO - Processing file /home/airflow/.local/lib/python3.8/site-packages/airflow/example_dags/example_local_kubernetes_executor.py for tasks to queue
[2025-12-07T15:20:53.065+0000] {logging_mixin.py:188} INFO - [2025-12-07T15:20:53.064+0000] {dagbag.py:538} INFO - Filling up the DagBag from /home/airflow/.local/lib/python3.8/site-packages/airflow/example_dags/example_local_kubernetes_executor.py
[2025-12-07T15:20:53.077+0000] {processor.py:840} INFO - DAG(s) 'example_local_kubernetes_executor' retrieved from /home/airflow/.local/lib/python3.8/site-packages/airflow/example_dags/example_local_kubernetes_executor.py
[2025-12-07T15:20:53.136+0000] {logging_mixin.py:188} INFO - [2025-12-07T15:20:53.135+0000] {dag.py:3036} INFO - Sync 1 DAGs
[2025-12-07T15:20:53.158+0000] {logging_mixin.py:188} INFO - [2025-12-07T15:20:53.158+0000] {dag.py:3823} INFO - Setting next_dagrun for example_local_kubernetes_executor to None, run_after=None
[2025-12-07T15:20:53.271+0000] {processor.py:183} INFO - Processing /home/airflow/.local/lib/python3.8/site-packages/airflow/example_dags/example_local_kubernetes_executor.py took 0.215 seconds
[2025-12-07T15:21:23.341+0000] {processor.py:161} INFO - Started process (PID=1906) to work on /home/airflow/.local/lib/python3.8/site-packages/airflow/example_dags/example_local_kubernetes_executor.py
[2025-12-07T15:21:23.342+0000] {processor.py:830} INFO - Processing file /home/airflow/.local/lib/python3.8/site-packages/airflow/example_dags/example_local_kubernetes_executor.py for tasks to queue
[2025-12-07T15:21:23.345+0000] {logging_mixin.py:188} INFO - [2025-12-07T15:21:23.345+0000] {dagbag.py:538} INFO - Filling up the DagBag from /home/airflow/.local/lib/python3.8/site-packages/airflow/example_dags/example_local_kubernetes_executor.py
[2025-12-07T15:21:23.356+0000] {processor.py:840} INFO - DAG(s) 'example_local_kubernetes_executor' retrieved from /home/airflow/.local/lib/python3.8/site-packages/airflow/example_dags/example_local_kubernetes_executor.py
[2025-12-07T15:21:23.407+0000] {logging_mixin.py:188} INFO - [2025-12-07T15:21:23.407+0000] {dag.py:3036} INFO - Sync 1 DAGs
[2025-12-07T15:21:23.425+0000] {logging_mixin.py:188} INFO - [2025-12-07T15:21:23.424+0000] {dag.py:3823} INFO - Setting next_dagrun for example_local_kubernetes_executor to None, run_after=None
[2025-12-07T15:21:23.457+0000] {processor.py:183} INFO - Processing /home/airflow/.local/lib/python3.8/site-packages/airflow/example_dags/example_local_kubernetes_executor.py took 0.121 seconds
[2025-12-07T15:21:54.011+0000] {processor.py:161} INFO - Started process (PID=1965) to work on /home/airflow/.local/lib/python3.8/site-packages/airflow/example_dags/example_local_kubernetes_executor.py
[2025-12-07T15:21:54.013+0000] {processor.py:830} INFO - Processing file /home/airflow/.local/lib/python3.8/site-packages/airflow/example_dags/example_local_kubernetes_executor.py for tasks to queue
[2025-12-07T15:21:54.015+0000] {logging_mixin.py:188} INFO - [2025-12-07T15:21:54.015+0000] {dagbag.py:538} INFO - Filling up the DagBag from /home/airflow/.local/lib/python3.8/site-packages/airflow/example_dags/example_local_kubernetes_executor.py
[2025-12-07T15:21:54.026+0000] {processor.py:840} INFO - DAG(s) 'example_local_kubernetes_executor' retrieved from /home/airflow/.local/lib/python3.8/site-packages/airflow/example_dags/example_local_kubernetes_executor.py
[2025-12-07T15:21:54.074+0000] {logging_mixin.py:188} INFO - [2025-12-07T15:21:54.073+0000] {dag.py:3036} INFO - Sync 1 DAGs
[2025-12-07T15:21:54.094+0000] {logging_mixin.py:188} INFO - [2025-12-07T15:21:54.093+0000] {dag.py:3823} INFO - Setting next_dagrun for example_local_kubernetes_executor to None, run_after=None
[2025-12-07T15:21:54.136+0000] {processor.py:183} INFO - Processing /home/airflow/.local/lib/python3.8/site-packages/airflow/example_dags/example_local_kubernetes_executor.py took 0.130 seconds
[2025-12-07T15:22:24.679+0000] {processor.py:161} INFO - Started process (PID=2024) to work on /home/airflow/.local/lib/python3.8/site-packages/airflow/example_dags/example_local_kubernetes_executor.py
[2025-12-07T15:22:24.680+0000] {processor.py:830} INFO - Processing file /home/airflow/.local/lib/python3.8/site-packages/airflow/example_dags/example_local_kubernetes_executor.py for tasks to queue
[2025-12-07T15:22:24.684+0000] {logging_mixin.py:188} INFO - [2025-12-07T15:22:24.683+0000] {dagbag.py:538} INFO - Filling up the DagBag from /home/airflow/.local/lib/python3.8/site-packages/airflow/example_dags/example_local_kubernetes_executor.py
[2025-12-07T15:22:24.694+0000] {processor.py:840} INFO - DAG(s) 'example_local_kubernetes_executor' retrieved from /home/airflow/.local/lib/python3.8/site-packages/airflow/example_dags/example_local_kubernetes_executor.py
[2025-12-07T15:22:24.742+0000] {logging_mixin.py:188} INFO - [2025-12-07T15:22:24.741+0000] {dag.py:3036} INFO - Sync 1 DAGs
[2025-12-07T15:22:24.757+0000] {logging_mixin.py:188} INFO - [2025-12-07T15:22:24.757+0000] {dag.py:3823} INFO - Setting next_dagrun for example_local_kubernetes_executor to None, run_after=None
[2025-12-07T15:22:24.786+0000] {processor.py:183} INFO - Processing /home/airflow/.local/lib/python3.8/site-packages/airflow/example_dags/example_local_kubernetes_executor.py took 0.112 seconds
[2025-12-07T15:22:55.328+0000] {processor.py:161} INFO - Started process (PID=2083) to work on /home/airflow/.local/lib/python3.8/site-packages/airflow/example_dags/example_local_kubernetes_executor.py
[2025-12-07T15:22:55.330+0000] {processor.py:830} INFO - Processing file /home/airflow/.local/lib/python3.8/site-packages/airflow/example_dags/example_local_kubernetes_executor.py for tasks to queue
[2025-12-07T15:22:55.333+0000] {logging_mixin.py:188} INFO - [2025-12-07T15:22:55.332+0000] {dagbag.py:538} INFO - Filling up the DagBag from /home/airflow/.local/lib/python3.8/site-packages/airflow/example_dags/example_local_kubernetes_executor.py
[2025-12-07T15:22:55.345+0000] {processor.py:840} INFO - DAG(s) 'example_local_kubernetes_executor' retrieved from /home/airflow/.local/lib/python3.8/site-packages/airflow/example_dags/example_local_kubernetes_executor.py
[2025-12-07T15:22:55.393+0000] {logging_mixin.py:188} INFO - [2025-12-07T15:22:55.392+0000] {dag.py:3036} INFO - Sync 1 DAGs
[2025-12-07T15:22:55.412+0000] {logging_mixin.py:188} INFO - [2025-12-07T15:22:55.412+0000] {dag.py:3823} INFO - Setting next_dagrun for example_local_kubernetes_executor to None, run_after=None
[2025-12-07T15:22:55.445+0000] {processor.py:183} INFO - Processing /home/airflow/.local/lib/python3.8/site-packages/airflow/example_dags/example_local_kubernetes_executor.py took 0.121 seconds
[2025-12-07T15:23:25.773+0000] {processor.py:161} INFO - Started process (PID=2142) to work on /home/airflow/.local/lib/python3.8/site-packages/airflow/example_dags/example_local_kubernetes_executor.py
[2025-12-07T15:23:25.775+0000] {processor.py:830} INFO - Processing file /home/airflow/.local/lib/python3.8/site-packages/airflow/example_dags/example_local_kubernetes_executor.py for tasks to queue
[2025-12-07T15:23:25.778+0000] {logging_mixin.py:188} INFO - [2025-12-07T15:23:25.778+0000] {dagbag.py:538} INFO - Filling up the DagBag from /home/airflow/.local/lib/python3.8/site-packages/airflow/example_dags/example_local_kubernetes_executor.py
[2025-12-07T15:23:25.789+0000] {processor.py:840} INFO - DAG(s) 'example_local_kubernetes_executor' retrieved from /home/airflow/.local/lib/python3.8/site-packages/airflow/example_dags/example_local_kubernetes_executor.py
[2025-12-07T15:23:25.842+0000] {logging_mixin.py:188} INFO - [2025-12-07T15:23:25.842+0000] {dag.py:3036} INFO - Sync 1 DAGs
[2025-12-07T15:23:25.860+0000] {logging_mixin.py:188} INFO - [2025-12-07T15:23:25.860+0000] {dag.py:3823} INFO - Setting next_dagrun for example_local_kubernetes_executor to None, run_after=None
[2025-12-07T15:23:25.891+0000] {processor.py:183} INFO - Processing /home/airflow/.local/lib/python3.8/site-packages/airflow/example_dags/example_local_kubernetes_executor.py took 0.122 seconds
[2025-12-07T15:23:56.320+0000] {processor.py:161} INFO - Started process (PID=2201) to work on /home/airflow/.local/lib/python3.8/site-packages/airflow/example_dags/example_local_kubernetes_executor.py
[2025-12-07T15:23:56.321+0000] {processor.py:830} INFO - Processing file /home/airflow/.local/lib/python3.8/site-packages/airflow/example_dags/example_local_kubernetes_executor.py for tasks to queue
[2025-12-07T15:23:56.325+0000] {logging_mixin.py:188} INFO - [2025-12-07T15:23:56.324+0000] {dagbag.py:538} INFO - Filling up the DagBag from /home/airflow/.local/lib/python3.8/site-packages/airflow/example_dags/example_local_kubernetes_executor.py
[2025-12-07T15:23:56.336+0000] {processor.py:840} INFO - DAG(s) 'example_local_kubernetes_executor' retrieved from /home/airflow/.local/lib/python3.8/site-packages/airflow/example_dags/example_local_kubernetes_executor.py
[2025-12-07T15:23:56.381+0000] {logging_mixin.py:188} INFO - [2025-12-07T15:23:56.381+0000] {dag.py:3036} INFO - Sync 1 DAGs
[2025-12-07T15:23:56.397+0000] {logging_mixin.py:188} INFO - [2025-12-07T15:23:56.397+0000] {dag.py:3823} INFO - Setting next_dagrun for example_local_kubernetes_executor to None, run_after=None
[2025-12-07T15:23:56.425+0000] {processor.py:183} INFO - Processing /home/airflow/.local/lib/python3.8/site-packages/airflow/example_dags/example_local_kubernetes_executor.py took 0.110 seconds
[2025-12-07T15:24:26.606+0000] {processor.py:161} INFO - Started process (PID=2260) to work on /home/airflow/.local/lib/python3.8/site-packages/airflow/example_dags/example_local_kubernetes_executor.py
[2025-12-07T15:24:26.608+0000] {processor.py:830} INFO - Processing file /home/airflow/.local/lib/python3.8/site-packages/airflow/example_dags/example_local_kubernetes_executor.py for tasks to queue
[2025-12-07T15:24:26.611+0000] {logging_mixin.py:188} INFO - [2025-12-07T15:24:26.611+0000] {dagbag.py:538} INFO - Filling up the DagBag from /home/airflow/.local/lib/python3.8/site-packages/airflow/example_dags/example_local_kubernetes_executor.py
[2025-12-07T15:24:26.622+0000] {processor.py:840} INFO - DAG(s) 'example_local_kubernetes_executor' retrieved from /home/airflow/.local/lib/python3.8/site-packages/airflow/example_dags/example_local_kubernetes_executor.py
[2025-12-07T15:24:26.669+0000] {logging_mixin.py:188} INFO - [2025-12-07T15:24:26.669+0000] {dag.py:3036} INFO - Sync 1 DAGs
[2025-12-07T15:24:26.686+0000] {logging_mixin.py:188} INFO - [2025-12-07T15:24:26.685+0000] {dag.py:3823} INFO - Setting next_dagrun for example_local_kubernetes_executor to None, run_after=None
[2025-12-07T15:24:26.723+0000] {processor.py:183} INFO - Processing /home/airflow/.local/lib/python3.8/site-packages/airflow/example_dags/example_local_kubernetes_executor.py took 0.123 seconds
[2025-12-07T15:24:57.126+0000] {processor.py:161} INFO - Started process (PID=2319) to work on /home/airflow/.local/lib/python3.8/site-packages/airflow/example_dags/example_local_kubernetes_executor.py
[2025-12-07T15:24:57.127+0000] {processor.py:830} INFO - Processing file /home/airflow/.local/lib/python3.8/site-packages/airflow/example_dags/example_local_kubernetes_executor.py for tasks to queue
[2025-12-07T15:24:57.134+0000] {logging_mixin.py:188} INFO - [2025-12-07T15:24:57.134+0000] {dagbag.py:538} INFO - Filling up the DagBag from /home/airflow/.local/lib/python3.8/site-packages/airflow/example_dags/example_local_kubernetes_executor.py
[2025-12-07T15:24:57.150+0000] {processor.py:840} INFO - DAG(s) 'example_local_kubernetes_executor' retrieved from /home/airflow/.local/lib/python3.8/site-packages/airflow/example_dags/example_local_kubernetes_executor.py
[2025-12-07T15:24:57.207+0000] {logging_mixin.py:188} INFO - [2025-12-07T15:24:57.206+0000] {dag.py:3036} INFO - Sync 1 DAGs
[2025-12-07T15:24:57.226+0000] {logging_mixin.py:188} INFO - [2025-12-07T15:24:57.225+0000] {dag.py:3823} INFO - Setting next_dagrun for example_local_kubernetes_executor to None, run_after=None
[2025-12-07T15:24:57.265+0000] {processor.py:183} INFO - Processing /home/airflow/.local/lib/python3.8/site-packages/airflow/example_dags/example_local_kubernetes_executor.py took 0.144 seconds
[2025-12-07T15:25:27.725+0000] {processor.py:161} INFO - Started process (PID=2378) to work on /home/airflow/.local/lib/python3.8/site-packages/airflow/example_dags/example_local_kubernetes_executor.py
[2025-12-07T15:25:27.727+0000] {processor.py:830} INFO - Processing file /home/airflow/.local/lib/python3.8/site-packages/airflow/example_dags/example_local_kubernetes_executor.py for tasks to queue
[2025-12-07T15:25:27.731+0000] {logging_mixin.py:188} INFO - [2025-12-07T15:25:27.731+0000] {dagbag.py:538} INFO - Filling up the DagBag from /home/airflow/.local/lib/python3.8/site-packages/airflow/example_dags/example_local_kubernetes_executor.py
[2025-12-07T15:25:27.745+0000] {processor.py:840} INFO - DAG(s) 'example_local_kubernetes_executor' retrieved from /home/airflow/.local/lib/python3.8/site-packages/airflow/example_dags/example_local_kubernetes_executor.py
[2025-12-07T15:25:27.812+0000] {logging_mixin.py:188} INFO - [2025-12-07T15:25:27.812+0000] {dag.py:3036} INFO - Sync 1 DAGs
[2025-12-07T15:25:27.833+0000] {logging_mixin.py:188} INFO - [2025-12-07T15:25:27.832+0000] {dag.py:3823} INFO - Setting next_dagrun for example_local_kubernetes_executor to None, run_after=None
[2025-12-07T15:25:27.866+0000] {processor.py:183} INFO - Processing /home/airflow/.local/lib/python3.8/site-packages/airflow/example_dags/example_local_kubernetes_executor.py took 0.145 seconds
[2025-12-07T15:25:57.976+0000] {processor.py:161} INFO - Started process (PID=2437) to work on /home/airflow/.local/lib/python3.8/site-packages/airflow/example_dags/example_local_kubernetes_executor.py
[2025-12-07T15:25:57.978+0000] {processor.py:830} INFO - Processing file /home/airflow/.local/lib/python3.8/site-packages/airflow/example_dags/example_local_kubernetes_executor.py for tasks to queue
[2025-12-07T15:25:57.981+0000] {logging_mixin.py:188} INFO - [2025-12-07T15:25:57.981+0000] {dagbag.py:538} INFO - Filling up the DagBag from /home/airflow/.local/lib/python3.8/site-packages/airflow/example_dags/example_local_kubernetes_executor.py
[2025-12-07T15:25:57.994+0000] {processor.py:840} INFO - DAG(s) 'example_local_kubernetes_executor' retrieved from /home/airflow/.local/lib/python3.8/site-packages/airflow/example_dags/example_local_kubernetes_executor.py
[2025-12-07T15:25:58.043+0000] {logging_mixin.py:188} INFO - [2025-12-07T15:25:58.042+0000] {dag.py:3036} INFO - Sync 1 DAGs
[2025-12-07T15:25:58.061+0000] {logging_mixin.py:188} INFO - [2025-12-07T15:25:58.060+0000] {dag.py:3823} INFO - Setting next_dagrun for example_local_kubernetes_executor to None, run_after=None
[2025-12-07T15:25:58.094+0000] {processor.py:183} INFO - Processing /home/airflow/.local/lib/python3.8/site-packages/airflow/example_dags/example_local_kubernetes_executor.py took 0.123 seconds
[2025-12-07T15:26:28.872+0000] {processor.py:161} INFO - Started process (PID=2496) to work on /home/airflow/.local/lib/python3.8/site-packages/airflow/example_dags/example_local_kubernetes_executor.py
[2025-12-07T15:26:28.873+0000] {processor.py:830} INFO - Processing file /home/airflow/.local/lib/python3.8/site-packages/airflow/example_dags/example_local_kubernetes_executor.py for tasks to queue
[2025-12-07T15:26:28.877+0000] {logging_mixin.py:188} INFO - [2025-12-07T15:26:28.876+0000] {dagbag.py:538} INFO - Filling up the DagBag from /home/airflow/.local/lib/python3.8/site-packages/airflow/example_dags/example_local_kubernetes_executor.py
[2025-12-07T15:26:28.891+0000] {processor.py:840} INFO - DAG(s) 'example_local_kubernetes_executor' retrieved from /home/airflow/.local/lib/python3.8/site-packages/airflow/example_dags/example_local_kubernetes_executor.py
[2025-12-07T15:26:28.942+0000] {logging_mixin.py:188} INFO - [2025-12-07T15:26:28.942+0000] {dag.py:3036} INFO - Sync 1 DAGs
[2025-12-07T15:26:28.962+0000] {logging_mixin.py:188} INFO - [2025-12-07T15:26:28.962+0000] {dag.py:3823} INFO - Setting next_dagrun for example_local_kubernetes_executor to None, run_after=None
[2025-12-07T15:26:28.994+0000] {processor.py:183} INFO - Processing /home/airflow/.local/lib/python3.8/site-packages/airflow/example_dags/example_local_kubernetes_executor.py took 0.127 seconds
[2025-12-07T15:26:59.153+0000] {processor.py:161} INFO - Started process (PID=2555) to work on /home/airflow/.local/lib/python3.8/site-packages/airflow/example_dags/example_local_kubernetes_executor.py
[2025-12-07T15:26:59.155+0000] {processor.py:830} INFO - Processing file /home/airflow/.local/lib/python3.8/site-packages/airflow/example_dags/example_local_kubernetes_executor.py for tasks to queue
[2025-12-07T15:26:59.159+0000] {logging_mixin.py:188} INFO - [2025-12-07T15:26:59.158+0000] {dagbag.py:538} INFO - Filling up the DagBag from /home/airflow/.local/lib/python3.8/site-packages/airflow/example_dags/example_local_kubernetes_executor.py
[2025-12-07T15:26:59.172+0000] {processor.py:840} INFO - DAG(s) 'example_local_kubernetes_executor' retrieved from /home/airflow/.local/lib/python3.8/site-packages/airflow/example_dags/example_local_kubernetes_executor.py
[2025-12-07T15:26:59.222+0000] {logging_mixin.py:188} INFO - [2025-12-07T15:26:59.221+0000] {dag.py:3036} INFO - Sync 1 DAGs
[2025-12-07T15:26:59.242+0000] {logging_mixin.py:188} INFO - [2025-12-07T15:26:59.242+0000] {dag.py:3823} INFO - Setting next_dagrun for example_local_kubernetes_executor to None, run_after=None
[2025-12-07T15:26:59.273+0000] {processor.py:183} INFO - Processing /home/airflow/.local/lib/python3.8/site-packages/airflow/example_dags/example_local_kubernetes_executor.py took 0.125 seconds
[2025-12-07T15:27:29.344+0000] {processor.py:161} INFO - Started process (PID=2614) to work on /home/airflow/.local/lib/python3.8/site-packages/airflow/example_dags/example_local_kubernetes_executor.py
[2025-12-07T15:27:29.346+0000] {processor.py:830} INFO - Processing file /home/airflow/.local/lib/python3.8/site-packages/airflow/example_dags/example_local_kubernetes_executor.py for tasks to queue
[2025-12-07T15:27:29.349+0000] {logging_mixin.py:188} INFO - [2025-12-07T15:27:29.348+0000] {dagbag.py:538} INFO - Filling up the DagBag from /home/airflow/.local/lib/python3.8/site-packages/airflow/example_dags/example_local_kubernetes_executor.py
[2025-12-07T15:27:29.358+0000] {processor.py:840} INFO - DAG(s) 'example_local_kubernetes_executor' retrieved from /home/airflow/.local/lib/python3.8/site-packages/airflow/example_dags/example_local_kubernetes_executor.py
[2025-12-07T15:27:29.400+0000] {logging_mixin.py:188} INFO - [2025-12-07T15:27:29.400+0000] {dag.py:3036} INFO - Sync 1 DAGs
[2025-12-07T15:27:29.415+0000] {logging_mixin.py:188} INFO - [2025-12-07T15:27:29.414+0000] {dag.py:3823} INFO - Setting next_dagrun for example_local_kubernetes_executor to None, run_after=None
[2025-12-07T15:27:29.445+0000] {processor.py:183} INFO - Processing /home/airflow/.local/lib/python3.8/site-packages/airflow/example_dags/example_local_kubernetes_executor.py took 0.104 seconds
[2025-12-07T15:27:59.834+0000] {processor.py:161} INFO - Started process (PID=2673) to work on /home/airflow/.local/lib/python3.8/site-packages/airflow/example_dags/example_local_kubernetes_executor.py
[2025-12-07T15:27:59.836+0000] {processor.py:830} INFO - Processing file /home/airflow/.local/lib/python3.8/site-packages/airflow/example_dags/example_local_kubernetes_executor.py for tasks to queue
[2025-12-07T15:27:59.838+0000] {logging_mixin.py:188} INFO - [2025-12-07T15:27:59.838+0000] {dagbag.py:538} INFO - Filling up the DagBag from /home/airflow/.local/lib/python3.8/site-packages/airflow/example_dags/example_local_kubernetes_executor.py
[2025-12-07T15:27:59.850+0000] {processor.py:840} INFO - DAG(s) 'example_local_kubernetes_executor' retrieved from /home/airflow/.local/lib/python3.8/site-packages/airflow/example_dags/example_local_kubernetes_executor.py
[2025-12-07T15:27:59.903+0000] {logging_mixin.py:188} INFO - [2025-12-07T15:27:59.902+0000] {dag.py:3036} INFO - Sync 1 DAGs
[2025-12-07T15:27:59.923+0000] {logging_mixin.py:188} INFO - [2025-12-07T15:27:59.923+0000] {dag.py:3823} INFO - Setting next_dagrun for example_local_kubernetes_executor to None, run_after=None
[2025-12-07T15:27:59.956+0000] {processor.py:183} INFO - Processing /home/airflow/.local/lib/python3.8/site-packages/airflow/example_dags/example_local_kubernetes_executor.py took 0.127 seconds
[2025-12-07T15:28:30.309+0000] {processor.py:161} INFO - Started process (PID=2732) to work on /home/airflow/.local/lib/python3.8/site-packages/airflow/example_dags/example_local_kubernetes_executor.py
[2025-12-07T15:28:30.310+0000] {processor.py:830} INFO - Processing file /home/airflow/.local/lib/python3.8/site-packages/airflow/example_dags/example_local_kubernetes_executor.py for tasks to queue
[2025-12-07T15:28:30.313+0000] {logging_mixin.py:188} INFO - [2025-12-07T15:28:30.313+0000] {dagbag.py:538} INFO - Filling up the DagBag from /home/airflow/.local/lib/python3.8/site-packages/airflow/example_dags/example_local_kubernetes_executor.py
[2025-12-07T15:28:30.326+0000] {processor.py:840} INFO - DAG(s) 'example_local_kubernetes_executor' retrieved from /home/airflow/.local/lib/python3.8/site-packages/airflow/example_dags/example_local_kubernetes_executor.py
[2025-12-07T15:28:30.378+0000] {logging_mixin.py:188} INFO - [2025-12-07T15:28:30.377+0000] {dag.py:3036} INFO - Sync 1 DAGs
[2025-12-07T15:28:30.396+0000] {logging_mixin.py:188} INFO - [2025-12-07T15:28:30.396+0000] {dag.py:3823} INFO - Setting next_dagrun for example_local_kubernetes_executor to None, run_after=None
[2025-12-07T15:28:30.428+0000] {processor.py:183} INFO - Processing /home/airflow/.local/lib/python3.8/site-packages/airflow/example_dags/example_local_kubernetes_executor.py took 0.124 seconds
[2025-12-07T15:29:00.670+0000] {processor.py:161} INFO - Started process (PID=2791) to work on /home/airflow/.local/lib/python3.8/site-packages/airflow/example_dags/example_local_kubernetes_executor.py
[2025-12-07T15:29:00.671+0000] {processor.py:830} INFO - Processing file /home/airflow/.local/lib/python3.8/site-packages/airflow/example_dags/example_local_kubernetes_executor.py for tasks to queue
[2025-12-07T15:29:00.674+0000] {logging_mixin.py:188} INFO - [2025-12-07T15:29:00.673+0000] {dagbag.py:538} INFO - Filling up the DagBag from /home/airflow/.local/lib/python3.8/site-packages/airflow/example_dags/example_local_kubernetes_executor.py
[2025-12-07T15:29:00.690+0000] {processor.py:840} INFO - DAG(s) 'example_local_kubernetes_executor' retrieved from /home/airflow/.local/lib/python3.8/site-packages/airflow/example_dags/example_local_kubernetes_executor.py
[2025-12-07T15:29:00.744+0000] {logging_mixin.py:188} INFO - [2025-12-07T15:29:00.744+0000] {dag.py:3036} INFO - Sync 1 DAGs
[2025-12-07T15:29:00.764+0000] {logging_mixin.py:188} INFO - [2025-12-07T15:29:00.763+0000] {dag.py:3823} INFO - Setting next_dagrun for example_local_kubernetes_executor to None, run_after=None
[2025-12-07T15:29:00.798+0000] {processor.py:183} INFO - Processing /home/airflow/.local/lib/python3.8/site-packages/airflow/example_dags/example_local_kubernetes_executor.py took 0.134 seconds
[2025-12-07T15:29:31.305+0000] {processor.py:161} INFO - Started process (PID=2849) to work on /home/airflow/.local/lib/python3.8/site-packages/airflow/example_dags/example_local_kubernetes_executor.py
[2025-12-07T15:29:31.308+0000] {processor.py:830} INFO - Processing file /home/airflow/.local/lib/python3.8/site-packages/airflow/example_dags/example_local_kubernetes_executor.py for tasks to queue
[2025-12-07T15:29:31.311+0000] {logging_mixin.py:188} INFO - [2025-12-07T15:29:31.311+0000] {dagbag.py:538} INFO - Filling up the DagBag from /home/airflow/.local/lib/python3.8/site-packages/airflow/example_dags/example_local_kubernetes_executor.py
[2025-12-07T15:29:31.324+0000] {processor.py:840} INFO - DAG(s) 'example_local_kubernetes_executor' retrieved from /home/airflow/.local/lib/python3.8/site-packages/airflow/example_dags/example_local_kubernetes_executor.py
[2025-12-07T15:29:31.377+0000] {logging_mixin.py:188} INFO - [2025-12-07T15:29:31.377+0000] {dag.py:3036} INFO - Sync 1 DAGs
[2025-12-07T15:29:31.395+0000] {logging_mixin.py:188} INFO - [2025-12-07T15:29:31.394+0000] {dag.py:3823} INFO - Setting next_dagrun for example_local_kubernetes_executor to None, run_after=None
[2025-12-07T15:29:31.427+0000] {processor.py:183} INFO - Processing /home/airflow/.local/lib/python3.8/site-packages/airflow/example_dags/example_local_kubernetes_executor.py took 0.127 seconds
[2025-12-07T15:30:01.836+0000] {processor.py:161} INFO - Started process (PID=2909) to work on /home/airflow/.local/lib/python3.8/site-packages/airflow/example_dags/example_local_kubernetes_executor.py
[2025-12-07T15:30:01.837+0000] {processor.py:830} INFO - Processing file /home/airflow/.local/lib/python3.8/site-packages/airflow/example_dags/example_local_kubernetes_executor.py for tasks to queue
[2025-12-07T15:30:01.840+0000] {logging_mixin.py:188} INFO - [2025-12-07T15:30:01.840+0000] {dagbag.py:538} INFO - Filling up the DagBag from /home/airflow/.local/lib/python3.8/site-packages/airflow/example_dags/example_local_kubernetes_executor.py
[2025-12-07T15:30:01.852+0000] {processor.py:840} INFO - DAG(s) 'example_local_kubernetes_executor' retrieved from /home/airflow/.local/lib/python3.8/site-packages/airflow/example_dags/example_local_kubernetes_executor.py
[2025-12-07T15:30:01.903+0000] {logging_mixin.py:188} INFO - [2025-12-07T15:30:01.903+0000] {dag.py:3036} INFO - Sync 1 DAGs
[2025-12-07T15:30:01.921+0000] {logging_mixin.py:188} INFO - [2025-12-07T15:30:01.920+0000] {dag.py:3823} INFO - Setting next_dagrun for example_local_kubernetes_executor to None, run_after=None
[2025-12-07T15:30:01.952+0000] {processor.py:183} INFO - Processing /home/airflow/.local/lib/python3.8/site-packages/airflow/example_dags/example_local_kubernetes_executor.py took 0.122 seconds
[2025-12-07T15:30:32.689+0000] {processor.py:161} INFO - Started process (PID=2969) to work on /home/airflow/.local/lib/python3.8/site-packages/airflow/example_dags/example_local_kubernetes_executor.py
[2025-12-07T15:30:32.691+0000] {processor.py:830} INFO - Processing file /home/airflow/.local/lib/python3.8/site-packages/airflow/example_dags/example_local_kubernetes_executor.py for tasks to queue
[2025-12-07T15:30:32.695+0000] {logging_mixin.py:188} INFO - [2025-12-07T15:30:32.694+0000] {dagbag.py:538} INFO - Filling up the DagBag from /home/airflow/.local/lib/python3.8/site-packages/airflow/example_dags/example_local_kubernetes_executor.py
[2025-12-07T15:30:32.707+0000] {processor.py:840} INFO - DAG(s) 'example_local_kubernetes_executor' retrieved from /home/airflow/.local/lib/python3.8/site-packages/airflow/example_dags/example_local_kubernetes_executor.py
[2025-12-07T15:30:32.758+0000] {logging_mixin.py:188} INFO - [2025-12-07T15:30:32.758+0000] {dag.py:3036} INFO - Sync 1 DAGs
[2025-12-07T15:30:32.931+0000] {logging_mixin.py:188} INFO - [2025-12-07T15:30:32.930+0000] {dag.py:3823} INFO - Setting next_dagrun for example_local_kubernetes_executor to None, run_after=None
[2025-12-07T15:30:32.961+0000] {processor.py:183} INFO - Processing /home/airflow/.local/lib/python3.8/site-packages/airflow/example_dags/example_local_kubernetes_executor.py took 0.276 seconds
[2025-12-07T15:31:03.007+0000] {processor.py:161} INFO - Started process (PID=3027) to work on /home/airflow/.local/lib/python3.8/site-packages/airflow/example_dags/example_local_kubernetes_executor.py
[2025-12-07T15:31:03.009+0000] {processor.py:830} INFO - Processing file /home/airflow/.local/lib/python3.8/site-packages/airflow/example_dags/example_local_kubernetes_executor.py for tasks to queue
[2025-12-07T15:31:03.012+0000] {logging_mixin.py:188} INFO - [2025-12-07T15:31:03.011+0000] {dagbag.py:538} INFO - Filling up the DagBag from /home/airflow/.local/lib/python3.8/site-packages/airflow/example_dags/example_local_kubernetes_executor.py
[2025-12-07T15:31:03.022+0000] {processor.py:840} INFO - DAG(s) 'example_local_kubernetes_executor' retrieved from /home/airflow/.local/lib/python3.8/site-packages/airflow/example_dags/example_local_kubernetes_executor.py
[2025-12-07T15:31:03.063+0000] {logging_mixin.py:188} INFO - [2025-12-07T15:31:03.063+0000] {dag.py:3036} INFO - Sync 1 DAGs
[2025-12-07T15:31:03.248+0000] {logging_mixin.py:188} INFO - [2025-12-07T15:31:03.248+0000] {dag.py:3823} INFO - Setting next_dagrun for example_local_kubernetes_executor to None, run_after=None
[2025-12-07T15:31:03.277+0000] {processor.py:183} INFO - Processing /home/airflow/.local/lib/python3.8/site-packages/airflow/example_dags/example_local_kubernetes_executor.py took 0.275 seconds
[2025-12-07T15:31:34.285+0000] {processor.py:161} INFO - Started process (PID=3087) to work on /home/airflow/.local/lib/python3.8/site-packages/airflow/example_dags/example_local_kubernetes_executor.py
[2025-12-07T15:31:34.287+0000] {processor.py:830} INFO - Processing file /home/airflow/.local/lib/python3.8/site-packages/airflow/example_dags/example_local_kubernetes_executor.py for tasks to queue
[2025-12-07T15:31:34.290+0000] {logging_mixin.py:188} INFO - [2025-12-07T15:31:34.289+0000] {dagbag.py:538} INFO - Filling up the DagBag from /home/airflow/.local/lib/python3.8/site-packages/airflow/example_dags/example_local_kubernetes_executor.py
[2025-12-07T15:31:34.300+0000] {processor.py:840} INFO - DAG(s) 'example_local_kubernetes_executor' retrieved from /home/airflow/.local/lib/python3.8/site-packages/airflow/example_dags/example_local_kubernetes_executor.py
[2025-12-07T15:31:34.346+0000] {logging_mixin.py:188} INFO - [2025-12-07T15:31:34.346+0000] {dag.py:3036} INFO - Sync 1 DAGs
[2025-12-07T15:31:34.364+0000] {logging_mixin.py:188} INFO - [2025-12-07T15:31:34.363+0000] {dag.py:3823} INFO - Setting next_dagrun for example_local_kubernetes_executor to None, run_after=None
[2025-12-07T15:31:34.398+0000] {processor.py:183} INFO - Processing /home/airflow/.local/lib/python3.8/site-packages/airflow/example_dags/example_local_kubernetes_executor.py took 0.118 seconds
[2025-12-07T15:32:04.434+0000] {processor.py:161} INFO - Started process (PID=3146) to work on /home/airflow/.local/lib/python3.8/site-packages/airflow/example_dags/example_local_kubernetes_executor.py
[2025-12-07T15:32:04.436+0000] {processor.py:830} INFO - Processing file /home/airflow/.local/lib/python3.8/site-packages/airflow/example_dags/example_local_kubernetes_executor.py for tasks to queue
[2025-12-07T15:32:04.439+0000] {logging_mixin.py:188} INFO - [2025-12-07T15:32:04.438+0000] {dagbag.py:538} INFO - Filling up the DagBag from /home/airflow/.local/lib/python3.8/site-packages/airflow/example_dags/example_local_kubernetes_executor.py
[2025-12-07T15:32:04.449+0000] {processor.py:840} INFO - DAG(s) 'example_local_kubernetes_executor' retrieved from /home/airflow/.local/lib/python3.8/site-packages/airflow/example_dags/example_local_kubernetes_executor.py
[2025-12-07T15:32:04.495+0000] {logging_mixin.py:188} INFO - [2025-12-07T15:32:04.495+0000] {dag.py:3036} INFO - Sync 1 DAGs
[2025-12-07T15:32:04.512+0000] {logging_mixin.py:188} INFO - [2025-12-07T15:32:04.512+0000] {dag.py:3823} INFO - Setting next_dagrun for example_local_kubernetes_executor to None, run_after=None
[2025-12-07T15:32:04.544+0000] {processor.py:183} INFO - Processing /home/airflow/.local/lib/python3.8/site-packages/airflow/example_dags/example_local_kubernetes_executor.py took 0.113 seconds
[2025-12-07T15:32:34.825+0000] {processor.py:161} INFO - Started process (PID=3205) to work on /home/airflow/.local/lib/python3.8/site-packages/airflow/example_dags/example_local_kubernetes_executor.py
[2025-12-07T15:32:34.827+0000] {processor.py:830} INFO - Processing file /home/airflow/.local/lib/python3.8/site-packages/airflow/example_dags/example_local_kubernetes_executor.py for tasks to queue
[2025-12-07T15:32:34.830+0000] {logging_mixin.py:188} INFO - [2025-12-07T15:32:34.829+0000] {dagbag.py:538} INFO - Filling up the DagBag from /home/airflow/.local/lib/python3.8/site-packages/airflow/example_dags/example_local_kubernetes_executor.py
[2025-12-07T15:32:34.840+0000] {processor.py:840} INFO - DAG(s) 'example_local_kubernetes_executor' retrieved from /home/airflow/.local/lib/python3.8/site-packages/airflow/example_dags/example_local_kubernetes_executor.py
[2025-12-07T15:32:34.909+0000] {logging_mixin.py:188} INFO - [2025-12-07T15:32:34.909+0000] {dag.py:3036} INFO - Sync 1 DAGs
[2025-12-07T15:32:34.924+0000] {logging_mixin.py:188} INFO - [2025-12-07T15:32:34.924+0000] {dag.py:3823} INFO - Setting next_dagrun for example_local_kubernetes_executor to None, run_after=None
[2025-12-07T15:32:34.952+0000] {processor.py:183} INFO - Processing /home/airflow/.local/lib/python3.8/site-packages/airflow/example_dags/example_local_kubernetes_executor.py took 0.132 seconds
[2025-12-07T15:33:05.866+0000] {processor.py:161} INFO - Started process (PID=3264) to work on /home/airflow/.local/lib/python3.8/site-packages/airflow/example_dags/example_local_kubernetes_executor.py
[2025-12-07T15:33:05.867+0000] {processor.py:830} INFO - Processing file /home/airflow/.local/lib/python3.8/site-packages/airflow/example_dags/example_local_kubernetes_executor.py for tasks to queue
[2025-12-07T15:33:05.870+0000] {logging_mixin.py:188} INFO - [2025-12-07T15:33:05.870+0000] {dagbag.py:538} INFO - Filling up the DagBag from /home/airflow/.local/lib/python3.8/site-packages/airflow/example_dags/example_local_kubernetes_executor.py
[2025-12-07T15:33:05.881+0000] {processor.py:840} INFO - DAG(s) 'example_local_kubernetes_executor' retrieved from /home/airflow/.local/lib/python3.8/site-packages/airflow/example_dags/example_local_kubernetes_executor.py
[2025-12-07T15:33:05.927+0000] {logging_mixin.py:188} INFO - [2025-12-07T15:33:05.926+0000] {dag.py:3036} INFO - Sync 1 DAGs
[2025-12-07T15:33:05.945+0000] {logging_mixin.py:188} INFO - [2025-12-07T15:33:05.945+0000] {dag.py:3823} INFO - Setting next_dagrun for example_local_kubernetes_executor to None, run_after=None
[2025-12-07T15:33:05.975+0000] {processor.py:183} INFO - Processing /home/airflow/.local/lib/python3.8/site-packages/airflow/example_dags/example_local_kubernetes_executor.py took 0.114 seconds
[2025-12-07T15:33:36.621+0000] {processor.py:161} INFO - Started process (PID=3323) to work on /home/airflow/.local/lib/python3.8/site-packages/airflow/example_dags/example_local_kubernetes_executor.py
[2025-12-07T15:33:36.622+0000] {processor.py:830} INFO - Processing file /home/airflow/.local/lib/python3.8/site-packages/airflow/example_dags/example_local_kubernetes_executor.py for tasks to queue
[2025-12-07T15:33:36.625+0000] {logging_mixin.py:188} INFO - [2025-12-07T15:33:36.625+0000] {dagbag.py:538} INFO - Filling up the DagBag from /home/airflow/.local/lib/python3.8/site-packages/airflow/example_dags/example_local_kubernetes_executor.py
[2025-12-07T15:33:36.634+0000] {processor.py:840} INFO - DAG(s) 'example_local_kubernetes_executor' retrieved from /home/airflow/.local/lib/python3.8/site-packages/airflow/example_dags/example_local_kubernetes_executor.py
[2025-12-07T15:33:36.676+0000] {logging_mixin.py:188} INFO - [2025-12-07T15:33:36.676+0000] {dag.py:3036} INFO - Sync 1 DAGs
[2025-12-07T15:33:36.695+0000] {logging_mixin.py:188} INFO - [2025-12-07T15:33:36.695+0000] {dag.py:3823} INFO - Setting next_dagrun for example_local_kubernetes_executor to None, run_after=None
[2025-12-07T15:33:36.732+0000] {processor.py:183} INFO - Processing /home/airflow/.local/lib/python3.8/site-packages/airflow/example_dags/example_local_kubernetes_executor.py took 0.115 seconds
[2025-12-07T15:34:07.573+0000] {processor.py:161} INFO - Started process (PID=3382) to work on /home/airflow/.local/lib/python3.8/site-packages/airflow/example_dags/example_local_kubernetes_executor.py
[2025-12-07T15:34:07.574+0000] {processor.py:830} INFO - Processing file /home/airflow/.local/lib/python3.8/site-packages/airflow/example_dags/example_local_kubernetes_executor.py for tasks to queue
[2025-12-07T15:34:07.578+0000] {logging_mixin.py:188} INFO - [2025-12-07T15:34:07.577+0000] {dagbag.py:538} INFO - Filling up the DagBag from /home/airflow/.local/lib/python3.8/site-packages/airflow/example_dags/example_local_kubernetes_executor.py
[2025-12-07T15:34:07.590+0000] {processor.py:840} INFO - DAG(s) 'example_local_kubernetes_executor' retrieved from /home/airflow/.local/lib/python3.8/site-packages/airflow/example_dags/example_local_kubernetes_executor.py
[2025-12-07T15:34:07.643+0000] {logging_mixin.py:188} INFO - [2025-12-07T15:34:07.642+0000] {dag.py:3036} INFO - Sync 1 DAGs
[2025-12-07T15:34:07.662+0000] {logging_mixin.py:188} INFO - [2025-12-07T15:34:07.662+0000] {dag.py:3823} INFO - Setting next_dagrun for example_local_kubernetes_executor to None, run_after=None
[2025-12-07T15:34:07.702+0000] {processor.py:183} INFO - Processing /home/airflow/.local/lib/python3.8/site-packages/airflow/example_dags/example_local_kubernetes_executor.py took 0.136 seconds
[2025-12-07T15:34:38.207+0000] {processor.py:161} INFO - Started process (PID=3441) to work on /home/airflow/.local/lib/python3.8/site-packages/airflow/example_dags/example_local_kubernetes_executor.py
[2025-12-07T15:34:38.208+0000] {processor.py:830} INFO - Processing file /home/airflow/.local/lib/python3.8/site-packages/airflow/example_dags/example_local_kubernetes_executor.py for tasks to queue
[2025-12-07T15:34:38.211+0000] {logging_mixin.py:188} INFO - [2025-12-07T15:34:38.211+0000] {dagbag.py:538} INFO - Filling up the DagBag from /home/airflow/.local/lib/python3.8/site-packages/airflow/example_dags/example_local_kubernetes_executor.py
[2025-12-07T15:34:38.222+0000] {processor.py:840} INFO - DAG(s) 'example_local_kubernetes_executor' retrieved from /home/airflow/.local/lib/python3.8/site-packages/airflow/example_dags/example_local_kubernetes_executor.py
[2025-12-07T15:34:38.273+0000] {logging_mixin.py:188} INFO - [2025-12-07T15:34:38.272+0000] {dag.py:3036} INFO - Sync 1 DAGs
[2025-12-07T15:34:38.308+0000] {logging_mixin.py:188} INFO - [2025-12-07T15:34:38.307+0000] {dag.py:3823} INFO - Setting next_dagrun for example_local_kubernetes_executor to None, run_after=None
[2025-12-07T15:34:38.355+0000] {processor.py:183} INFO - Processing /home/airflow/.local/lib/python3.8/site-packages/airflow/example_dags/example_local_kubernetes_executor.py took 0.153 seconds
[2025-12-07T15:35:08.442+0000] {processor.py:161} INFO - Started process (PID=3500) to work on /home/airflow/.local/lib/python3.8/site-packages/airflow/example_dags/example_local_kubernetes_executor.py
[2025-12-07T15:35:08.443+0000] {processor.py:830} INFO - Processing file /home/airflow/.local/lib/python3.8/site-packages/airflow/example_dags/example_local_kubernetes_executor.py for tasks to queue
[2025-12-07T15:35:08.446+0000] {logging_mixin.py:188} INFO - [2025-12-07T15:35:08.445+0000] {dagbag.py:538} INFO - Filling up the DagBag from /home/airflow/.local/lib/python3.8/site-packages/airflow/example_dags/example_local_kubernetes_executor.py
[2025-12-07T15:35:08.462+0000] {processor.py:840} INFO - DAG(s) 'example_local_kubernetes_executor' retrieved from /home/airflow/.local/lib/python3.8/site-packages/airflow/example_dags/example_local_kubernetes_executor.py
[2025-12-07T15:35:08.513+0000] {logging_mixin.py:188} INFO - [2025-12-07T15:35:08.513+0000] {dag.py:3036} INFO - Sync 1 DAGs
[2025-12-07T15:35:08.530+0000] {logging_mixin.py:188} INFO - [2025-12-07T15:35:08.529+0000] {dag.py:3823} INFO - Setting next_dagrun for example_local_kubernetes_executor to None, run_after=None
[2025-12-07T15:35:08.570+0000] {processor.py:183} INFO - Processing /home/airflow/.local/lib/python3.8/site-packages/airflow/example_dags/example_local_kubernetes_executor.py took 0.133 seconds
[2025-12-07T15:35:39.157+0000] {processor.py:161} INFO - Started process (PID=3559) to work on /home/airflow/.local/lib/python3.8/site-packages/airflow/example_dags/example_local_kubernetes_executor.py
[2025-12-07T15:35:39.159+0000] {processor.py:830} INFO - Processing file /home/airflow/.local/lib/python3.8/site-packages/airflow/example_dags/example_local_kubernetes_executor.py for tasks to queue
[2025-12-07T15:35:39.162+0000] {logging_mixin.py:188} INFO - [2025-12-07T15:35:39.161+0000] {dagbag.py:538} INFO - Filling up the DagBag from /home/airflow/.local/lib/python3.8/site-packages/airflow/example_dags/example_local_kubernetes_executor.py
[2025-12-07T15:35:39.175+0000] {processor.py:840} INFO - DAG(s) 'example_local_kubernetes_executor' retrieved from /home/airflow/.local/lib/python3.8/site-packages/airflow/example_dags/example_local_kubernetes_executor.py
[2025-12-07T15:35:39.224+0000] {logging_mixin.py:188} INFO - [2025-12-07T15:35:39.223+0000] {dag.py:3036} INFO - Sync 1 DAGs
[2025-12-07T15:35:39.241+0000] {logging_mixin.py:188} INFO - [2025-12-07T15:35:39.241+0000] {dag.py:3823} INFO - Setting next_dagrun for example_local_kubernetes_executor to None, run_after=None
[2025-12-07T15:35:39.273+0000] {processor.py:183} INFO - Processing /home/airflow/.local/lib/python3.8/site-packages/airflow/example_dags/example_local_kubernetes_executor.py took 0.121 seconds
[2025-12-07T15:36:09.444+0000] {processor.py:161} INFO - Started process (PID=3618) to work on /home/airflow/.local/lib/python3.8/site-packages/airflow/example_dags/example_local_kubernetes_executor.py
[2025-12-07T15:36:09.446+0000] {processor.py:830} INFO - Processing file /home/airflow/.local/lib/python3.8/site-packages/airflow/example_dags/example_local_kubernetes_executor.py for tasks to queue
[2025-12-07T15:36:09.449+0000] {logging_mixin.py:188} INFO - [2025-12-07T15:36:09.448+0000] {dagbag.py:538} INFO - Filling up the DagBag from /home/airflow/.local/lib/python3.8/site-packages/airflow/example_dags/example_local_kubernetes_executor.py
[2025-12-07T15:36:09.465+0000] {processor.py:840} INFO - DAG(s) 'example_local_kubernetes_executor' retrieved from /home/airflow/.local/lib/python3.8/site-packages/airflow/example_dags/example_local_kubernetes_executor.py
[2025-12-07T15:36:09.511+0000] {logging_mixin.py:188} INFO - [2025-12-07T15:36:09.510+0000] {dag.py:3036} INFO - Sync 1 DAGs
[2025-12-07T15:36:09.527+0000] {logging_mixin.py:188} INFO - [2025-12-07T15:36:09.526+0000] {dag.py:3823} INFO - Setting next_dagrun for example_local_kubernetes_executor to None, run_after=None
[2025-12-07T15:36:09.560+0000] {processor.py:183} INFO - Processing /home/airflow/.local/lib/python3.8/site-packages/airflow/example_dags/example_local_kubernetes_executor.py took 0.121 seconds
[2025-12-07T15:36:39.852+0000] {processor.py:161} INFO - Started process (PID=3677) to work on /home/airflow/.local/lib/python3.8/site-packages/airflow/example_dags/example_local_kubernetes_executor.py
[2025-12-07T15:36:39.853+0000] {processor.py:830} INFO - Processing file /home/airflow/.local/lib/python3.8/site-packages/airflow/example_dags/example_local_kubernetes_executor.py for tasks to queue
[2025-12-07T15:36:39.858+0000] {logging_mixin.py:188} INFO - [2025-12-07T15:36:39.858+0000] {dagbag.py:538} INFO - Filling up the DagBag from /home/airflow/.local/lib/python3.8/site-packages/airflow/example_dags/example_local_kubernetes_executor.py
[2025-12-07T15:36:39.872+0000] {processor.py:840} INFO - DAG(s) 'example_local_kubernetes_executor' retrieved from /home/airflow/.local/lib/python3.8/site-packages/airflow/example_dags/example_local_kubernetes_executor.py
[2025-12-07T15:36:39.918+0000] {logging_mixin.py:188} INFO - [2025-12-07T15:36:39.918+0000] {dag.py:3036} INFO - Sync 1 DAGs
[2025-12-07T15:36:39.934+0000] {logging_mixin.py:188} INFO - [2025-12-07T15:36:39.934+0000] {dag.py:3823} INFO - Setting next_dagrun for example_local_kubernetes_executor to None, run_after=None
[2025-12-07T15:36:39.970+0000] {processor.py:183} INFO - Processing /home/airflow/.local/lib/python3.8/site-packages/airflow/example_dags/example_local_kubernetes_executor.py took 0.124 seconds
[2025-12-07T15:37:10.207+0000] {processor.py:161} INFO - Started process (PID=3736) to work on /home/airflow/.local/lib/python3.8/site-packages/airflow/example_dags/example_local_kubernetes_executor.py
[2025-12-07T15:37:10.209+0000] {processor.py:830} INFO - Processing file /home/airflow/.local/lib/python3.8/site-packages/airflow/example_dags/example_local_kubernetes_executor.py for tasks to queue
[2025-12-07T15:37:10.212+0000] {logging_mixin.py:188} INFO - [2025-12-07T15:37:10.212+0000] {dagbag.py:538} INFO - Filling up the DagBag from /home/airflow/.local/lib/python3.8/site-packages/airflow/example_dags/example_local_kubernetes_executor.py
[2025-12-07T15:37:10.223+0000] {processor.py:840} INFO - DAG(s) 'example_local_kubernetes_executor' retrieved from /home/airflow/.local/lib/python3.8/site-packages/airflow/example_dags/example_local_kubernetes_executor.py
[2025-12-07T15:37:10.269+0000] {logging_mixin.py:188} INFO - [2025-12-07T15:37:10.269+0000] {dag.py:3036} INFO - Sync 1 DAGs
[2025-12-07T15:37:10.285+0000] {logging_mixin.py:188} INFO - [2025-12-07T15:37:10.285+0000] {dag.py:3823} INFO - Setting next_dagrun for example_local_kubernetes_executor to None, run_after=None
[2025-12-07T15:37:10.316+0000] {processor.py:183} INFO - Processing /home/airflow/.local/lib/python3.8/site-packages/airflow/example_dags/example_local_kubernetes_executor.py took 0.113 seconds
[2025-12-07T15:37:40.581+0000] {processor.py:161} INFO - Started process (PID=3795) to work on /home/airflow/.local/lib/python3.8/site-packages/airflow/example_dags/example_local_kubernetes_executor.py
[2025-12-07T15:37:40.583+0000] {processor.py:830} INFO - Processing file /home/airflow/.local/lib/python3.8/site-packages/airflow/example_dags/example_local_kubernetes_executor.py for tasks to queue
[2025-12-07T15:37:40.586+0000] {logging_mixin.py:188} INFO - [2025-12-07T15:37:40.585+0000] {dagbag.py:538} INFO - Filling up the DagBag from /home/airflow/.local/lib/python3.8/site-packages/airflow/example_dags/example_local_kubernetes_executor.py
[2025-12-07T15:37:40.597+0000] {processor.py:840} INFO - DAG(s) 'example_local_kubernetes_executor' retrieved from /home/airflow/.local/lib/python3.8/site-packages/airflow/example_dags/example_local_kubernetes_executor.py
[2025-12-07T15:37:40.645+0000] {logging_mixin.py:188} INFO - [2025-12-07T15:37:40.645+0000] {dag.py:3036} INFO - Sync 1 DAGs
[2025-12-07T15:37:40.660+0000] {logging_mixin.py:188} INFO - [2025-12-07T15:37:40.660+0000] {dag.py:3823} INFO - Setting next_dagrun for example_local_kubernetes_executor to None, run_after=None
[2025-12-07T15:37:40.691+0000] {processor.py:183} INFO - Processing /home/airflow/.local/lib/python3.8/site-packages/airflow/example_dags/example_local_kubernetes_executor.py took 0.115 seconds
[2025-12-07T15:38:10.830+0000] {processor.py:161} INFO - Started process (PID=3854) to work on /home/airflow/.local/lib/python3.8/site-packages/airflow/example_dags/example_local_kubernetes_executor.py
[2025-12-07T15:38:10.831+0000] {processor.py:830} INFO - Processing file /home/airflow/.local/lib/python3.8/site-packages/airflow/example_dags/example_local_kubernetes_executor.py for tasks to queue
[2025-12-07T15:38:10.835+0000] {logging_mixin.py:188} INFO - [2025-12-07T15:38:10.834+0000] {dagbag.py:538} INFO - Filling up the DagBag from /home/airflow/.local/lib/python3.8/site-packages/airflow/example_dags/example_local_kubernetes_executor.py
[2025-12-07T15:38:10.846+0000] {processor.py:840} INFO - DAG(s) 'example_local_kubernetes_executor' retrieved from /home/airflow/.local/lib/python3.8/site-packages/airflow/example_dags/example_local_kubernetes_executor.py
[2025-12-07T15:38:10.889+0000] {logging_mixin.py:188} INFO - [2025-12-07T15:38:10.889+0000] {dag.py:3036} INFO - Sync 1 DAGs
[2025-12-07T15:38:10.907+0000] {logging_mixin.py:188} INFO - [2025-12-07T15:38:10.906+0000] {dag.py:3823} INFO - Setting next_dagrun for example_local_kubernetes_executor to None, run_after=None
[2025-12-07T15:38:10.940+0000] {processor.py:183} INFO - Processing /home/airflow/.local/lib/python3.8/site-packages/airflow/example_dags/example_local_kubernetes_executor.py took 0.117 seconds
[2025-12-07T15:38:41.267+0000] {processor.py:161} INFO - Started process (PID=3913) to work on /home/airflow/.local/lib/python3.8/site-packages/airflow/example_dags/example_local_kubernetes_executor.py
[2025-12-07T15:38:41.269+0000] {processor.py:830} INFO - Processing file /home/airflow/.local/lib/python3.8/site-packages/airflow/example_dags/example_local_kubernetes_executor.py for tasks to queue
[2025-12-07T15:38:41.272+0000] {logging_mixin.py:188} INFO - [2025-12-07T15:38:41.271+0000] {dagbag.py:538} INFO - Filling up the DagBag from /home/airflow/.local/lib/python3.8/site-packages/airflow/example_dags/example_local_kubernetes_executor.py
[2025-12-07T15:38:41.287+0000] {processor.py:840} INFO - DAG(s) 'example_local_kubernetes_executor' retrieved from /home/airflow/.local/lib/python3.8/site-packages/airflow/example_dags/example_local_kubernetes_executor.py
[2025-12-07T15:38:41.351+0000] {logging_mixin.py:188} INFO - [2025-12-07T15:38:41.350+0000] {dag.py:3036} INFO - Sync 1 DAGs
[2025-12-07T15:38:41.368+0000] {logging_mixin.py:188} INFO - [2025-12-07T15:38:41.368+0000] {dag.py:3823} INFO - Setting next_dagrun for example_local_kubernetes_executor to None, run_after=None
[2025-12-07T15:38:41.406+0000] {processor.py:183} INFO - Processing /home/airflow/.local/lib/python3.8/site-packages/airflow/example_dags/example_local_kubernetes_executor.py took 0.144 seconds
[2025-12-07T15:39:11.507+0000] {processor.py:161} INFO - Started process (PID=3972) to work on /home/airflow/.local/lib/python3.8/site-packages/airflow/example_dags/example_local_kubernetes_executor.py
[2025-12-07T15:39:11.512+0000] {processor.py:830} INFO - Processing file /home/airflow/.local/lib/python3.8/site-packages/airflow/example_dags/example_local_kubernetes_executor.py for tasks to queue
[2025-12-07T15:39:11.515+0000] {logging_mixin.py:188} INFO - [2025-12-07T15:39:11.514+0000] {dagbag.py:538} INFO - Filling up the DagBag from /home/airflow/.local/lib/python3.8/site-packages/airflow/example_dags/example_local_kubernetes_executor.py
[2025-12-07T15:39:11.529+0000] {processor.py:840} INFO - DAG(s) 'example_local_kubernetes_executor' retrieved from /home/airflow/.local/lib/python3.8/site-packages/airflow/example_dags/example_local_kubernetes_executor.py
[2025-12-07T15:39:11.577+0000] {logging_mixin.py:188} INFO - [2025-12-07T15:39:11.576+0000] {dag.py:3036} INFO - Sync 1 DAGs
[2025-12-07T15:39:11.592+0000] {logging_mixin.py:188} INFO - [2025-12-07T15:39:11.591+0000] {dag.py:3823} INFO - Setting next_dagrun for example_local_kubernetes_executor to None, run_after=None
[2025-12-07T15:39:11.625+0000] {processor.py:183} INFO - Processing /home/airflow/.local/lib/python3.8/site-packages/airflow/example_dags/example_local_kubernetes_executor.py took 0.124 seconds
[2025-12-07T15:39:41.711+0000] {processor.py:161} INFO - Started process (PID=4031) to work on /home/airflow/.local/lib/python3.8/site-packages/airflow/example_dags/example_local_kubernetes_executor.py
[2025-12-07T15:39:41.713+0000] {processor.py:830} INFO - Processing file /home/airflow/.local/lib/python3.8/site-packages/airflow/example_dags/example_local_kubernetes_executor.py for tasks to queue
[2025-12-07T15:39:41.716+0000] {logging_mixin.py:188} INFO - [2025-12-07T15:39:41.716+0000] {dagbag.py:538} INFO - Filling up the DagBag from /home/airflow/.local/lib/python3.8/site-packages/airflow/example_dags/example_local_kubernetes_executor.py
[2025-12-07T15:39:41.727+0000] {processor.py:840} INFO - DAG(s) 'example_local_kubernetes_executor' retrieved from /home/airflow/.local/lib/python3.8/site-packages/airflow/example_dags/example_local_kubernetes_executor.py
[2025-12-07T15:39:41.777+0000] {logging_mixin.py:188} INFO - [2025-12-07T15:39:41.776+0000] {dag.py:3036} INFO - Sync 1 DAGs
[2025-12-07T15:39:41.796+0000] {logging_mixin.py:188} INFO - [2025-12-07T15:39:41.795+0000] {dag.py:3823} INFO - Setting next_dagrun for example_local_kubernetes_executor to None, run_after=None
[2025-12-07T15:39:41.831+0000] {processor.py:183} INFO - Processing /home/airflow/.local/lib/python3.8/site-packages/airflow/example_dags/example_local_kubernetes_executor.py took 0.125 seconds
[2025-12-07T15:40:12.111+0000] {processor.py:161} INFO - Started process (PID=4090) to work on /home/airflow/.local/lib/python3.8/site-packages/airflow/example_dags/example_local_kubernetes_executor.py
[2025-12-07T15:40:12.113+0000] {processor.py:830} INFO - Processing file /home/airflow/.local/lib/python3.8/site-packages/airflow/example_dags/example_local_kubernetes_executor.py for tasks to queue
[2025-12-07T15:40:12.115+0000] {logging_mixin.py:188} INFO - [2025-12-07T15:40:12.115+0000] {dagbag.py:538} INFO - Filling up the DagBag from /home/airflow/.local/lib/python3.8/site-packages/airflow/example_dags/example_local_kubernetes_executor.py
[2025-12-07T15:40:12.125+0000] {processor.py:840} INFO - DAG(s) 'example_local_kubernetes_executor' retrieved from /home/airflow/.local/lib/python3.8/site-packages/airflow/example_dags/example_local_kubernetes_executor.py
[2025-12-07T15:40:12.169+0000] {logging_mixin.py:188} INFO - [2025-12-07T15:40:12.169+0000] {dag.py:3036} INFO - Sync 1 DAGs
[2025-12-07T15:40:12.191+0000] {logging_mixin.py:188} INFO - [2025-12-07T15:40:12.191+0000] {dag.py:3823} INFO - Setting next_dagrun for example_local_kubernetes_executor to None, run_after=None
[2025-12-07T15:40:12.222+0000] {processor.py:183} INFO - Processing /home/airflow/.local/lib/python3.8/site-packages/airflow/example_dags/example_local_kubernetes_executor.py took 0.116 seconds
[2025-12-07T15:40:42.710+0000] {processor.py:161} INFO - Started process (PID=4151) to work on /home/airflow/.local/lib/python3.8/site-packages/airflow/example_dags/example_local_kubernetes_executor.py
[2025-12-07T15:40:42.712+0000] {processor.py:830} INFO - Processing file /home/airflow/.local/lib/python3.8/site-packages/airflow/example_dags/example_local_kubernetes_executor.py for tasks to queue
[2025-12-07T15:40:42.715+0000] {logging_mixin.py:188} INFO - [2025-12-07T15:40:42.714+0000] {dagbag.py:538} INFO - Filling up the DagBag from /home/airflow/.local/lib/python3.8/site-packages/airflow/example_dags/example_local_kubernetes_executor.py
[2025-12-07T15:40:42.726+0000] {processor.py:840} INFO - DAG(s) 'example_local_kubernetes_executor' retrieved from /home/airflow/.local/lib/python3.8/site-packages/airflow/example_dags/example_local_kubernetes_executor.py
[2025-12-07T15:40:42.776+0000] {logging_mixin.py:188} INFO - [2025-12-07T15:40:42.775+0000] {dag.py:3036} INFO - Sync 1 DAGs
[2025-12-07T15:40:42.792+0000] {logging_mixin.py:188} INFO - [2025-12-07T15:40:42.792+0000] {dag.py:3823} INFO - Setting next_dagrun for example_local_kubernetes_executor to None, run_after=None
[2025-12-07T15:40:42.825+0000] {processor.py:183} INFO - Processing /home/airflow/.local/lib/python3.8/site-packages/airflow/example_dags/example_local_kubernetes_executor.py took 0.119 seconds
[2025-12-07T15:41:13.214+0000] {processor.py:161} INFO - Started process (PID=4211) to work on /home/airflow/.local/lib/python3.8/site-packages/airflow/example_dags/example_local_kubernetes_executor.py
[2025-12-07T15:41:13.216+0000] {processor.py:830} INFO - Processing file /home/airflow/.local/lib/python3.8/site-packages/airflow/example_dags/example_local_kubernetes_executor.py for tasks to queue
[2025-12-07T15:41:13.219+0000] {logging_mixin.py:188} INFO - [2025-12-07T15:41:13.218+0000] {dagbag.py:538} INFO - Filling up the DagBag from /home/airflow/.local/lib/python3.8/site-packages/airflow/example_dags/example_local_kubernetes_executor.py
[2025-12-07T15:41:13.230+0000] {processor.py:840} INFO - DAG(s) 'example_local_kubernetes_executor' retrieved from /home/airflow/.local/lib/python3.8/site-packages/airflow/example_dags/example_local_kubernetes_executor.py
[2025-12-07T15:41:13.280+0000] {logging_mixin.py:188} INFO - [2025-12-07T15:41:13.280+0000] {dag.py:3036} INFO - Sync 1 DAGs
[2025-12-07T15:41:13.295+0000] {logging_mixin.py:188} INFO - [2025-12-07T15:41:13.295+0000] {dag.py:3823} INFO - Setting next_dagrun for example_local_kubernetes_executor to None, run_after=None
[2025-12-07T15:41:13.330+0000] {processor.py:183} INFO - Processing /home/airflow/.local/lib/python3.8/site-packages/airflow/example_dags/example_local_kubernetes_executor.py took 0.120 seconds
[2025-12-07T15:41:43.626+0000] {processor.py:161} INFO - Started process (PID=4272) to work on /home/airflow/.local/lib/python3.8/site-packages/airflow/example_dags/example_local_kubernetes_executor.py
[2025-12-07T15:41:43.627+0000] {processor.py:830} INFO - Processing file /home/airflow/.local/lib/python3.8/site-packages/airflow/example_dags/example_local_kubernetes_executor.py for tasks to queue
[2025-12-07T15:41:43.629+0000] {logging_mixin.py:188} INFO - [2025-12-07T15:41:43.629+0000] {dagbag.py:538} INFO - Filling up the DagBag from /home/airflow/.local/lib/python3.8/site-packages/airflow/example_dags/example_local_kubernetes_executor.py
[2025-12-07T15:41:43.638+0000] {processor.py:840} INFO - DAG(s) 'example_local_kubernetes_executor' retrieved from /home/airflow/.local/lib/python3.8/site-packages/airflow/example_dags/example_local_kubernetes_executor.py
[2025-12-07T15:41:43.680+0000] {logging_mixin.py:188} INFO - [2025-12-07T15:41:43.680+0000] {dag.py:3036} INFO - Sync 1 DAGs
[2025-12-07T15:41:43.693+0000] {logging_mixin.py:188} INFO - [2025-12-07T15:41:43.693+0000] {dag.py:3823} INFO - Setting next_dagrun for example_local_kubernetes_executor to None, run_after=None
[2025-12-07T15:41:43.725+0000] {processor.py:183} INFO - Processing /home/airflow/.local/lib/python3.8/site-packages/airflow/example_dags/example_local_kubernetes_executor.py took 0.103 seconds
[2025-12-07T15:42:14.208+0000] {processor.py:161} INFO - Started process (PID=4333) to work on /home/airflow/.local/lib/python3.8/site-packages/airflow/example_dags/example_local_kubernetes_executor.py
[2025-12-07T15:42:14.210+0000] {processor.py:830} INFO - Processing file /home/airflow/.local/lib/python3.8/site-packages/airflow/example_dags/example_local_kubernetes_executor.py for tasks to queue
[2025-12-07T15:42:14.213+0000] {logging_mixin.py:188} INFO - [2025-12-07T15:42:14.213+0000] {dagbag.py:538} INFO - Filling up the DagBag from /home/airflow/.local/lib/python3.8/site-packages/airflow/example_dags/example_local_kubernetes_executor.py
[2025-12-07T15:42:14.224+0000] {processor.py:840} INFO - DAG(s) 'example_local_kubernetes_executor' retrieved from /home/airflow/.local/lib/python3.8/site-packages/airflow/example_dags/example_local_kubernetes_executor.py
[2025-12-07T15:42:14.270+0000] {logging_mixin.py:188} INFO - [2025-12-07T15:42:14.269+0000] {dag.py:3036} INFO - Sync 1 DAGs
[2025-12-07T15:42:14.286+0000] {logging_mixin.py:188} INFO - [2025-12-07T15:42:14.286+0000] {dag.py:3823} INFO - Setting next_dagrun for example_local_kubernetes_executor to None, run_after=None
[2025-12-07T15:42:14.320+0000] {processor.py:183} INFO - Processing /home/airflow/.local/lib/python3.8/site-packages/airflow/example_dags/example_local_kubernetes_executor.py took 0.117 seconds
[2025-12-07T15:42:44.676+0000] {processor.py:161} INFO - Started process (PID=4394) to work on /home/airflow/.local/lib/python3.8/site-packages/airflow/example_dags/example_local_kubernetes_executor.py
[2025-12-07T15:42:44.678+0000] {processor.py:830} INFO - Processing file /home/airflow/.local/lib/python3.8/site-packages/airflow/example_dags/example_local_kubernetes_executor.py for tasks to queue
[2025-12-07T15:42:44.681+0000] {logging_mixin.py:188} INFO - [2025-12-07T15:42:44.680+0000] {dagbag.py:538} INFO - Filling up the DagBag from /home/airflow/.local/lib/python3.8/site-packages/airflow/example_dags/example_local_kubernetes_executor.py
[2025-12-07T15:42:44.694+0000] {processor.py:840} INFO - DAG(s) 'example_local_kubernetes_executor' retrieved from /home/airflow/.local/lib/python3.8/site-packages/airflow/example_dags/example_local_kubernetes_executor.py
[2025-12-07T15:42:44.744+0000] {logging_mixin.py:188} INFO - [2025-12-07T15:42:44.744+0000] {dag.py:3036} INFO - Sync 1 DAGs
[2025-12-07T15:42:44.768+0000] {logging_mixin.py:188} INFO - [2025-12-07T15:42:44.767+0000] {dag.py:3823} INFO - Setting next_dagrun for example_local_kubernetes_executor to None, run_after=None
[2025-12-07T15:42:44.801+0000] {processor.py:183} INFO - Processing /home/airflow/.local/lib/python3.8/site-packages/airflow/example_dags/example_local_kubernetes_executor.py took 0.130 seconds
[2025-12-07T15:43:15.208+0000] {processor.py:161} INFO - Started process (PID=4455) to work on /home/airflow/.local/lib/python3.8/site-packages/airflow/example_dags/example_local_kubernetes_executor.py
[2025-12-07T15:43:15.210+0000] {processor.py:830} INFO - Processing file /home/airflow/.local/lib/python3.8/site-packages/airflow/example_dags/example_local_kubernetes_executor.py for tasks to queue
[2025-12-07T15:43:15.213+0000] {logging_mixin.py:188} INFO - [2025-12-07T15:43:15.213+0000] {dagbag.py:538} INFO - Filling up the DagBag from /home/airflow/.local/lib/python3.8/site-packages/airflow/example_dags/example_local_kubernetes_executor.py
[2025-12-07T15:43:15.225+0000] {processor.py:840} INFO - DAG(s) 'example_local_kubernetes_executor' retrieved from /home/airflow/.local/lib/python3.8/site-packages/airflow/example_dags/example_local_kubernetes_executor.py
[2025-12-07T15:43:15.273+0000] {logging_mixin.py:188} INFO - [2025-12-07T15:43:15.273+0000] {dag.py:3036} INFO - Sync 1 DAGs
[2025-12-07T15:43:15.291+0000] {logging_mixin.py:188} INFO - [2025-12-07T15:43:15.291+0000] {dag.py:3823} INFO - Setting next_dagrun for example_local_kubernetes_executor to None, run_after=None
[2025-12-07T15:43:15.326+0000] {processor.py:183} INFO - Processing /home/airflow/.local/lib/python3.8/site-packages/airflow/example_dags/example_local_kubernetes_executor.py took 0.124 seconds
[2025-12-07T15:43:45.356+0000] {processor.py:161} INFO - Started process (PID=4516) to work on /home/airflow/.local/lib/python3.8/site-packages/airflow/example_dags/example_local_kubernetes_executor.py
[2025-12-07T15:43:45.358+0000] {processor.py:830} INFO - Processing file /home/airflow/.local/lib/python3.8/site-packages/airflow/example_dags/example_local_kubernetes_executor.py for tasks to queue
[2025-12-07T15:43:45.361+0000] {logging_mixin.py:188} INFO - [2025-12-07T15:43:45.360+0000] {dagbag.py:538} INFO - Filling up the DagBag from /home/airflow/.local/lib/python3.8/site-packages/airflow/example_dags/example_local_kubernetes_executor.py
[2025-12-07T15:43:45.373+0000] {processor.py:840} INFO - DAG(s) 'example_local_kubernetes_executor' retrieved from /home/airflow/.local/lib/python3.8/site-packages/airflow/example_dags/example_local_kubernetes_executor.py
[2025-12-07T15:43:45.423+0000] {logging_mixin.py:188} INFO - [2025-12-07T15:43:45.423+0000] {dag.py:3036} INFO - Sync 1 DAGs
[2025-12-07T15:43:45.455+0000] {logging_mixin.py:188} INFO - [2025-12-07T15:43:45.454+0000] {dag.py:3823} INFO - Setting next_dagrun for example_local_kubernetes_executor to None, run_after=None
[2025-12-07T15:43:45.508+0000] {processor.py:183} INFO - Processing /home/airflow/.local/lib/python3.8/site-packages/airflow/example_dags/example_local_kubernetes_executor.py took 0.156 seconds
[2025-12-07T15:44:15.560+0000] {processor.py:161} INFO - Started process (PID=4576) to work on /home/airflow/.local/lib/python3.8/site-packages/airflow/example_dags/example_local_kubernetes_executor.py
[2025-12-07T15:44:15.562+0000] {processor.py:830} INFO - Processing file /home/airflow/.local/lib/python3.8/site-packages/airflow/example_dags/example_local_kubernetes_executor.py for tasks to queue
[2025-12-07T15:44:15.566+0000] {logging_mixin.py:188} INFO - [2025-12-07T15:44:15.566+0000] {dagbag.py:538} INFO - Filling up the DagBag from /home/airflow/.local/lib/python3.8/site-packages/airflow/example_dags/example_local_kubernetes_executor.py
[2025-12-07T15:44:15.577+0000] {processor.py:840} INFO - DAG(s) 'example_local_kubernetes_executor' retrieved from /home/airflow/.local/lib/python3.8/site-packages/airflow/example_dags/example_local_kubernetes_executor.py
[2025-12-07T15:44:15.627+0000] {logging_mixin.py:188} INFO - [2025-12-07T15:44:15.627+0000] {dag.py:3036} INFO - Sync 1 DAGs
[2025-12-07T15:44:15.644+0000] {logging_mixin.py:188} INFO - [2025-12-07T15:44:15.644+0000] {dag.py:3823} INFO - Setting next_dagrun for example_local_kubernetes_executor to None, run_after=None
[2025-12-07T15:44:15.678+0000] {processor.py:183} INFO - Processing /home/airflow/.local/lib/python3.8/site-packages/airflow/example_dags/example_local_kubernetes_executor.py took 0.124 seconds
[2025-12-07T15:44:46.111+0000] {processor.py:161} INFO - Started process (PID=4637) to work on /home/airflow/.local/lib/python3.8/site-packages/airflow/example_dags/example_local_kubernetes_executor.py
[2025-12-07T15:44:46.113+0000] {processor.py:830} INFO - Processing file /home/airflow/.local/lib/python3.8/site-packages/airflow/example_dags/example_local_kubernetes_executor.py for tasks to queue
[2025-12-07T15:44:46.115+0000] {logging_mixin.py:188} INFO - [2025-12-07T15:44:46.115+0000] {dagbag.py:538} INFO - Filling up the DagBag from /home/airflow/.local/lib/python3.8/site-packages/airflow/example_dags/example_local_kubernetes_executor.py
[2025-12-07T15:44:46.125+0000] {processor.py:840} INFO - DAG(s) 'example_local_kubernetes_executor' retrieved from /home/airflow/.local/lib/python3.8/site-packages/airflow/example_dags/example_local_kubernetes_executor.py
[2025-12-07T15:44:46.167+0000] {logging_mixin.py:188} INFO - [2025-12-07T15:44:46.167+0000] {dag.py:3036} INFO - Sync 1 DAGs
[2025-12-07T15:44:46.182+0000] {logging_mixin.py:188} INFO - [2025-12-07T15:44:46.182+0000] {dag.py:3823} INFO - Setting next_dagrun for example_local_kubernetes_executor to None, run_after=None
[2025-12-07T15:44:46.208+0000] {processor.py:183} INFO - Processing /home/airflow/.local/lib/python3.8/site-packages/airflow/example_dags/example_local_kubernetes_executor.py took 0.102 seconds
[2025-12-07T15:45:16.957+0000] {processor.py:161} INFO - Started process (PID=4697) to work on /home/airflow/.local/lib/python3.8/site-packages/airflow/example_dags/example_local_kubernetes_executor.py
[2025-12-07T15:45:16.958+0000] {processor.py:830} INFO - Processing file /home/airflow/.local/lib/python3.8/site-packages/airflow/example_dags/example_local_kubernetes_executor.py for tasks to queue
[2025-12-07T15:45:16.961+0000] {logging_mixin.py:188} INFO - [2025-12-07T15:45:16.961+0000] {dagbag.py:538} INFO - Filling up the DagBag from /home/airflow/.local/lib/python3.8/site-packages/airflow/example_dags/example_local_kubernetes_executor.py
[2025-12-07T15:45:16.973+0000] {processor.py:840} INFO - DAG(s) 'example_local_kubernetes_executor' retrieved from /home/airflow/.local/lib/python3.8/site-packages/airflow/example_dags/example_local_kubernetes_executor.py
[2025-12-07T15:45:17.029+0000] {logging_mixin.py:188} INFO - [2025-12-07T15:45:17.029+0000] {dag.py:3036} INFO - Sync 1 DAGs
[2025-12-07T15:45:17.047+0000] {logging_mixin.py:188} INFO - [2025-12-07T15:45:17.047+0000] {dag.py:3823} INFO - Setting next_dagrun for example_local_kubernetes_executor to None, run_after=None
[2025-12-07T15:45:17.078+0000] {processor.py:183} INFO - Processing /home/airflow/.local/lib/python3.8/site-packages/airflow/example_dags/example_local_kubernetes_executor.py took 0.126 seconds
[2025-12-07T15:45:47.417+0000] {processor.py:161} INFO - Started process (PID=4757) to work on /home/airflow/.local/lib/python3.8/site-packages/airflow/example_dags/example_local_kubernetes_executor.py
[2025-12-07T15:45:47.418+0000] {processor.py:830} INFO - Processing file /home/airflow/.local/lib/python3.8/site-packages/airflow/example_dags/example_local_kubernetes_executor.py for tasks to queue
[2025-12-07T15:45:47.421+0000] {logging_mixin.py:188} INFO - [2025-12-07T15:45:47.421+0000] {dagbag.py:538} INFO - Filling up the DagBag from /home/airflow/.local/lib/python3.8/site-packages/airflow/example_dags/example_local_kubernetes_executor.py
[2025-12-07T15:45:47.434+0000] {processor.py:840} INFO - DAG(s) 'example_local_kubernetes_executor' retrieved from /home/airflow/.local/lib/python3.8/site-packages/airflow/example_dags/example_local_kubernetes_executor.py
[2025-12-07T15:45:47.479+0000] {logging_mixin.py:188} INFO - [2025-12-07T15:45:47.479+0000] {dag.py:3036} INFO - Sync 1 DAGs
[2025-12-07T15:45:47.506+0000] {logging_mixin.py:188} INFO - [2025-12-07T15:45:47.505+0000] {dag.py:3823} INFO - Setting next_dagrun for example_local_kubernetes_executor to None, run_after=None
[2025-12-07T15:45:47.544+0000] {processor.py:183} INFO - Processing /home/airflow/.local/lib/python3.8/site-packages/airflow/example_dags/example_local_kubernetes_executor.py took 0.134 seconds
[2025-12-07T15:46:18.389+0000] {processor.py:161} INFO - Started process (PID=4825) to work on /home/airflow/.local/lib/python3.8/site-packages/airflow/example_dags/example_local_kubernetes_executor.py
[2025-12-07T15:46:18.391+0000] {processor.py:830} INFO - Processing file /home/airflow/.local/lib/python3.8/site-packages/airflow/example_dags/example_local_kubernetes_executor.py for tasks to queue
[2025-12-07T15:46:18.394+0000] {logging_mixin.py:188} INFO - [2025-12-07T15:46:18.393+0000] {dagbag.py:538} INFO - Filling up the DagBag from /home/airflow/.local/lib/python3.8/site-packages/airflow/example_dags/example_local_kubernetes_executor.py
[2025-12-07T15:46:18.409+0000] {processor.py:840} INFO - DAG(s) 'example_local_kubernetes_executor' retrieved from /home/airflow/.local/lib/python3.8/site-packages/airflow/example_dags/example_local_kubernetes_executor.py
[2025-12-07T15:46:18.457+0000] {logging_mixin.py:188} INFO - [2025-12-07T15:46:18.456+0000] {dag.py:3036} INFO - Sync 1 DAGs
[2025-12-07T15:46:18.475+0000] {logging_mixin.py:188} INFO - [2025-12-07T15:46:18.475+0000] {dag.py:3823} INFO - Setting next_dagrun for example_local_kubernetes_executor to None, run_after=None
[2025-12-07T15:46:18.506+0000] {processor.py:183} INFO - Processing /home/airflow/.local/lib/python3.8/site-packages/airflow/example_dags/example_local_kubernetes_executor.py took 0.123 seconds
[2025-12-07T15:46:48.975+0000] {processor.py:161} INFO - Started process (PID=4886) to work on /home/airflow/.local/lib/python3.8/site-packages/airflow/example_dags/example_local_kubernetes_executor.py
[2025-12-07T15:46:48.976+0000] {processor.py:830} INFO - Processing file /home/airflow/.local/lib/python3.8/site-packages/airflow/example_dags/example_local_kubernetes_executor.py for tasks to queue
[2025-12-07T15:46:48.979+0000] {logging_mixin.py:188} INFO - [2025-12-07T15:46:48.979+0000] {dagbag.py:538} INFO - Filling up the DagBag from /home/airflow/.local/lib/python3.8/site-packages/airflow/example_dags/example_local_kubernetes_executor.py
[2025-12-07T15:46:48.989+0000] {processor.py:840} INFO - DAG(s) 'example_local_kubernetes_executor' retrieved from /home/airflow/.local/lib/python3.8/site-packages/airflow/example_dags/example_local_kubernetes_executor.py
[2025-12-07T15:46:49.036+0000] {logging_mixin.py:188} INFO - [2025-12-07T15:46:49.035+0000] {dag.py:3036} INFO - Sync 1 DAGs
[2025-12-07T15:46:49.054+0000] {logging_mixin.py:188} INFO - [2025-12-07T15:46:49.053+0000] {dag.py:3823} INFO - Setting next_dagrun for example_local_kubernetes_executor to None, run_after=None
[2025-12-07T15:46:49.083+0000] {processor.py:183} INFO - Processing /home/airflow/.local/lib/python3.8/site-packages/airflow/example_dags/example_local_kubernetes_executor.py took 0.113 seconds
[2025-12-07T15:47:19.208+0000] {processor.py:161} INFO - Started process (PID=4946) to work on /home/airflow/.local/lib/python3.8/site-packages/airflow/example_dags/example_local_kubernetes_executor.py
[2025-12-07T15:47:19.210+0000] {processor.py:830} INFO - Processing file /home/airflow/.local/lib/python3.8/site-packages/airflow/example_dags/example_local_kubernetes_executor.py for tasks to queue
[2025-12-07T15:47:19.212+0000] {logging_mixin.py:188} INFO - [2025-12-07T15:47:19.212+0000] {dagbag.py:538} INFO - Filling up the DagBag from /home/airflow/.local/lib/python3.8/site-packages/airflow/example_dags/example_local_kubernetes_executor.py
[2025-12-07T15:47:19.223+0000] {processor.py:840} INFO - DAG(s) 'example_local_kubernetes_executor' retrieved from /home/airflow/.local/lib/python3.8/site-packages/airflow/example_dags/example_local_kubernetes_executor.py
[2025-12-07T15:47:19.266+0000] {logging_mixin.py:188} INFO - [2025-12-07T15:47:19.265+0000] {dag.py:3036} INFO - Sync 1 DAGs
[2025-12-07T15:47:19.282+0000] {logging_mixin.py:188} INFO - [2025-12-07T15:47:19.282+0000] {dag.py:3823} INFO - Setting next_dagrun for example_local_kubernetes_executor to None, run_after=None
[2025-12-07T15:47:19.310+0000] {processor.py:183} INFO - Processing /home/airflow/.local/lib/python3.8/site-packages/airflow/example_dags/example_local_kubernetes_executor.py took 0.107 seconds
[2025-12-07T15:47:49.383+0000] {processor.py:161} INFO - Started process (PID=5007) to work on /home/airflow/.local/lib/python3.8/site-packages/airflow/example_dags/example_local_kubernetes_executor.py
[2025-12-07T15:47:49.385+0000] {processor.py:830} INFO - Processing file /home/airflow/.local/lib/python3.8/site-packages/airflow/example_dags/example_local_kubernetes_executor.py for tasks to queue
[2025-12-07T15:47:49.388+0000] {logging_mixin.py:188} INFO - [2025-12-07T15:47:49.387+0000] {dagbag.py:538} INFO - Filling up the DagBag from /home/airflow/.local/lib/python3.8/site-packages/airflow/example_dags/example_local_kubernetes_executor.py
[2025-12-07T15:47:49.401+0000] {processor.py:840} INFO - DAG(s) 'example_local_kubernetes_executor' retrieved from /home/airflow/.local/lib/python3.8/site-packages/airflow/example_dags/example_local_kubernetes_executor.py
[2025-12-07T15:47:49.440+0000] {logging_mixin.py:188} INFO - [2025-12-07T15:47:49.440+0000] {dag.py:3036} INFO - Sync 1 DAGs
[2025-12-07T15:47:49.454+0000] {logging_mixin.py:188} INFO - [2025-12-07T15:47:49.453+0000] {dag.py:3823} INFO - Setting next_dagrun for example_local_kubernetes_executor to None, run_after=None
[2025-12-07T15:47:49.480+0000] {processor.py:183} INFO - Processing /home/airflow/.local/lib/python3.8/site-packages/airflow/example_dags/example_local_kubernetes_executor.py took 0.102 seconds
[2025-12-07T15:48:20.504+0000] {processor.py:161} INFO - Started process (PID=5070) to work on /home/airflow/.local/lib/python3.8/site-packages/airflow/example_dags/example_local_kubernetes_executor.py
[2025-12-07T15:48:20.505+0000] {processor.py:830} INFO - Processing file /home/airflow/.local/lib/python3.8/site-packages/airflow/example_dags/example_local_kubernetes_executor.py for tasks to queue
[2025-12-07T15:48:20.509+0000] {logging_mixin.py:188} INFO - [2025-12-07T15:48:20.508+0000] {dagbag.py:538} INFO - Filling up the DagBag from /home/airflow/.local/lib/python3.8/site-packages/airflow/example_dags/example_local_kubernetes_executor.py
[2025-12-07T15:48:20.521+0000] {processor.py:840} INFO - DAG(s) 'example_local_kubernetes_executor' retrieved from /home/airflow/.local/lib/python3.8/site-packages/airflow/example_dags/example_local_kubernetes_executor.py
[2025-12-07T15:48:20.570+0000] {logging_mixin.py:188} INFO - [2025-12-07T15:48:20.570+0000] {dag.py:3036} INFO - Sync 1 DAGs
[2025-12-07T15:48:20.587+0000] {logging_mixin.py:188} INFO - [2025-12-07T15:48:20.587+0000] {dag.py:3823} INFO - Setting next_dagrun for example_local_kubernetes_executor to None, run_after=None
[2025-12-07T15:48:20.623+0000] {processor.py:183} INFO - Processing /home/airflow/.local/lib/python3.8/site-packages/airflow/example_dags/example_local_kubernetes_executor.py took 0.124 seconds
[2025-12-07T15:48:50.875+0000] {processor.py:161} INFO - Started process (PID=5129) to work on /home/airflow/.local/lib/python3.8/site-packages/airflow/example_dags/example_local_kubernetes_executor.py
[2025-12-07T15:48:50.876+0000] {processor.py:830} INFO - Processing file /home/airflow/.local/lib/python3.8/site-packages/airflow/example_dags/example_local_kubernetes_executor.py for tasks to queue
[2025-12-07T15:48:50.879+0000] {logging_mixin.py:188} INFO - [2025-12-07T15:48:50.878+0000] {dagbag.py:538} INFO - Filling up the DagBag from /home/airflow/.local/lib/python3.8/site-packages/airflow/example_dags/example_local_kubernetes_executor.py
[2025-12-07T15:48:50.890+0000] {processor.py:840} INFO - DAG(s) 'example_local_kubernetes_executor' retrieved from /home/airflow/.local/lib/python3.8/site-packages/airflow/example_dags/example_local_kubernetes_executor.py
[2025-12-07T15:48:50.936+0000] {logging_mixin.py:188} INFO - [2025-12-07T15:48:50.936+0000] {dag.py:3036} INFO - Sync 1 DAGs
[2025-12-07T15:48:50.956+0000] {logging_mixin.py:188} INFO - [2025-12-07T15:48:50.955+0000] {dag.py:3823} INFO - Setting next_dagrun for example_local_kubernetes_executor to None, run_after=None
[2025-12-07T15:48:50.987+0000] {processor.py:183} INFO - Processing /home/airflow/.local/lib/python3.8/site-packages/airflow/example_dags/example_local_kubernetes_executor.py took 0.116 seconds
[2025-12-07T15:49:21.219+0000] {processor.py:161} INFO - Started process (PID=5191) to work on /home/airflow/.local/lib/python3.8/site-packages/airflow/example_dags/example_local_kubernetes_executor.py
[2025-12-07T15:49:21.235+0000] {processor.py:830} INFO - Processing file /home/airflow/.local/lib/python3.8/site-packages/airflow/example_dags/example_local_kubernetes_executor.py for tasks to queue
[2025-12-07T15:49:21.244+0000] {logging_mixin.py:188} INFO - [2025-12-07T15:49:21.243+0000] {dagbag.py:538} INFO - Filling up the DagBag from /home/airflow/.local/lib/python3.8/site-packages/airflow/example_dags/example_local_kubernetes_executor.py
[2025-12-07T15:49:21.270+0000] {processor.py:840} INFO - DAG(s) 'example_local_kubernetes_executor' retrieved from /home/airflow/.local/lib/python3.8/site-packages/airflow/example_dags/example_local_kubernetes_executor.py
[2025-12-07T15:49:21.356+0000] {logging_mixin.py:188} INFO - [2025-12-07T15:49:21.355+0000] {dag.py:3036} INFO - Sync 1 DAGs
[2025-12-07T15:49:21.391+0000] {logging_mixin.py:188} INFO - [2025-12-07T15:49:21.390+0000] {dag.py:3823} INFO - Setting next_dagrun for example_local_kubernetes_executor to None, run_after=None
[2025-12-07T15:49:21.467+0000] {processor.py:183} INFO - Processing /home/airflow/.local/lib/python3.8/site-packages/airflow/example_dags/example_local_kubernetes_executor.py took 0.332 seconds
[2025-12-07T15:49:51.803+0000] {processor.py:161} INFO - Started process (PID=5252) to work on /home/airflow/.local/lib/python3.8/site-packages/airflow/example_dags/example_local_kubernetes_executor.py
[2025-12-07T15:49:51.805+0000] {processor.py:830} INFO - Processing file /home/airflow/.local/lib/python3.8/site-packages/airflow/example_dags/example_local_kubernetes_executor.py for tasks to queue
[2025-12-07T15:49:51.808+0000] {logging_mixin.py:188} INFO - [2025-12-07T15:49:51.808+0000] {dagbag.py:538} INFO - Filling up the DagBag from /home/airflow/.local/lib/python3.8/site-packages/airflow/example_dags/example_local_kubernetes_executor.py
[2025-12-07T15:49:51.820+0000] {processor.py:840} INFO - DAG(s) 'example_local_kubernetes_executor' retrieved from /home/airflow/.local/lib/python3.8/site-packages/airflow/example_dags/example_local_kubernetes_executor.py
[2025-12-07T15:49:51.868+0000] {logging_mixin.py:188} INFO - [2025-12-07T15:49:51.868+0000] {dag.py:3036} INFO - Sync 1 DAGs
[2025-12-07T15:49:51.887+0000] {logging_mixin.py:188} INFO - [2025-12-07T15:49:51.887+0000] {dag.py:3823} INFO - Setting next_dagrun for example_local_kubernetes_executor to None, run_after=None
[2025-12-07T15:49:51.933+0000] {processor.py:183} INFO - Processing /home/airflow/.local/lib/python3.8/site-packages/airflow/example_dags/example_local_kubernetes_executor.py took 0.137 seconds
[2025-12-07T15:50:22.066+0000] {processor.py:161} INFO - Started process (PID=5313) to work on /home/airflow/.local/lib/python3.8/site-packages/airflow/example_dags/example_local_kubernetes_executor.py
[2025-12-07T15:50:22.067+0000] {processor.py:830} INFO - Processing file /home/airflow/.local/lib/python3.8/site-packages/airflow/example_dags/example_local_kubernetes_executor.py for tasks to queue
[2025-12-07T15:50:22.070+0000] {logging_mixin.py:188} INFO - [2025-12-07T15:50:22.069+0000] {dagbag.py:538} INFO - Filling up the DagBag from /home/airflow/.local/lib/python3.8/site-packages/airflow/example_dags/example_local_kubernetes_executor.py
[2025-12-07T15:50:22.084+0000] {processor.py:840} INFO - DAG(s) 'example_local_kubernetes_executor' retrieved from /home/airflow/.local/lib/python3.8/site-packages/airflow/example_dags/example_local_kubernetes_executor.py
[2025-12-07T15:50:22.137+0000] {logging_mixin.py:188} INFO - [2025-12-07T15:50:22.137+0000] {dag.py:3036} INFO - Sync 1 DAGs
[2025-12-07T15:50:22.162+0000] {logging_mixin.py:188} INFO - [2025-12-07T15:50:22.161+0000] {dag.py:3823} INFO - Setting next_dagrun for example_local_kubernetes_executor to None, run_after=None
[2025-12-07T15:50:22.197+0000] {processor.py:183} INFO - Processing /home/airflow/.local/lib/python3.8/site-packages/airflow/example_dags/example_local_kubernetes_executor.py took 0.139 seconds
[2025-12-07T15:50:52.692+0000] {processor.py:161} INFO - Started process (PID=5374) to work on /home/airflow/.local/lib/python3.8/site-packages/airflow/example_dags/example_local_kubernetes_executor.py
[2025-12-07T15:50:52.693+0000] {processor.py:830} INFO - Processing file /home/airflow/.local/lib/python3.8/site-packages/airflow/example_dags/example_local_kubernetes_executor.py for tasks to queue
[2025-12-07T15:50:52.697+0000] {logging_mixin.py:188} INFO - [2025-12-07T15:50:52.696+0000] {dagbag.py:538} INFO - Filling up the DagBag from /home/airflow/.local/lib/python3.8/site-packages/airflow/example_dags/example_local_kubernetes_executor.py
[2025-12-07T15:50:52.708+0000] {processor.py:840} INFO - DAG(s) 'example_local_kubernetes_executor' retrieved from /home/airflow/.local/lib/python3.8/site-packages/airflow/example_dags/example_local_kubernetes_executor.py
[2025-12-07T15:50:52.754+0000] {logging_mixin.py:188} INFO - [2025-12-07T15:50:52.754+0000] {dag.py:3036} INFO - Sync 1 DAGs
[2025-12-07T15:50:52.771+0000] {logging_mixin.py:188} INFO - [2025-12-07T15:50:52.770+0000] {dag.py:3823} INFO - Setting next_dagrun for example_local_kubernetes_executor to None, run_after=None
[2025-12-07T15:50:52.806+0000] {processor.py:183} INFO - Processing /home/airflow/.local/lib/python3.8/site-packages/airflow/example_dags/example_local_kubernetes_executor.py took 0.119 seconds
[2025-12-07T15:51:23.042+0000] {processor.py:161} INFO - Started process (PID=5435) to work on /home/airflow/.local/lib/python3.8/site-packages/airflow/example_dags/example_local_kubernetes_executor.py
[2025-12-07T15:51:23.044+0000] {processor.py:830} INFO - Processing file /home/airflow/.local/lib/python3.8/site-packages/airflow/example_dags/example_local_kubernetes_executor.py for tasks to queue
[2025-12-07T15:51:23.048+0000] {logging_mixin.py:188} INFO - [2025-12-07T15:51:23.048+0000] {dagbag.py:538} INFO - Filling up the DagBag from /home/airflow/.local/lib/python3.8/site-packages/airflow/example_dags/example_local_kubernetes_executor.py
[2025-12-07T15:51:23.064+0000] {processor.py:840} INFO - DAG(s) 'example_local_kubernetes_executor' retrieved from /home/airflow/.local/lib/python3.8/site-packages/airflow/example_dags/example_local_kubernetes_executor.py
[2025-12-07T15:51:23.132+0000] {logging_mixin.py:188} INFO - [2025-12-07T15:51:23.131+0000] {dag.py:3036} INFO - Sync 1 DAGs
[2025-12-07T15:51:23.166+0000] {logging_mixin.py:188} INFO - [2025-12-07T15:51:23.166+0000] {dag.py:3823} INFO - Setting next_dagrun for example_local_kubernetes_executor to None, run_after=None
[2025-12-07T15:51:23.202+0000] {processor.py:183} INFO - Processing /home/airflow/.local/lib/python3.8/site-packages/airflow/example_dags/example_local_kubernetes_executor.py took 0.166 seconds
[2025-12-07T15:51:53.378+0000] {processor.py:161} INFO - Started process (PID=5496) to work on /home/airflow/.local/lib/python3.8/site-packages/airflow/example_dags/example_local_kubernetes_executor.py
[2025-12-07T15:51:53.379+0000] {processor.py:830} INFO - Processing file /home/airflow/.local/lib/python3.8/site-packages/airflow/example_dags/example_local_kubernetes_executor.py for tasks to queue
[2025-12-07T15:51:53.382+0000] {logging_mixin.py:188} INFO - [2025-12-07T15:51:53.382+0000] {dagbag.py:538} INFO - Filling up the DagBag from /home/airflow/.local/lib/python3.8/site-packages/airflow/example_dags/example_local_kubernetes_executor.py
[2025-12-07T15:51:53.395+0000] {processor.py:840} INFO - DAG(s) 'example_local_kubernetes_executor' retrieved from /home/airflow/.local/lib/python3.8/site-packages/airflow/example_dags/example_local_kubernetes_executor.py
[2025-12-07T15:51:53.440+0000] {logging_mixin.py:188} INFO - [2025-12-07T15:51:53.439+0000] {dag.py:3036} INFO - Sync 1 DAGs
[2025-12-07T15:51:53.461+0000] {logging_mixin.py:188} INFO - [2025-12-07T15:51:53.460+0000] {dag.py:3823} INFO - Setting next_dagrun for example_local_kubernetes_executor to None, run_after=None
[2025-12-07T15:51:53.493+0000] {processor.py:183} INFO - Processing /home/airflow/.local/lib/python3.8/site-packages/airflow/example_dags/example_local_kubernetes_executor.py took 0.120 seconds
[2025-12-07T15:52:23.959+0000] {processor.py:161} INFO - Started process (PID=5557) to work on /home/airflow/.local/lib/python3.8/site-packages/airflow/example_dags/example_local_kubernetes_executor.py
[2025-12-07T15:52:23.960+0000] {processor.py:830} INFO - Processing file /home/airflow/.local/lib/python3.8/site-packages/airflow/example_dags/example_local_kubernetes_executor.py for tasks to queue
[2025-12-07T15:52:23.963+0000] {logging_mixin.py:188} INFO - [2025-12-07T15:52:23.963+0000] {dagbag.py:538} INFO - Filling up the DagBag from /home/airflow/.local/lib/python3.8/site-packages/airflow/example_dags/example_local_kubernetes_executor.py
[2025-12-07T15:52:23.978+0000] {processor.py:840} INFO - DAG(s) 'example_local_kubernetes_executor' retrieved from /home/airflow/.local/lib/python3.8/site-packages/airflow/example_dags/example_local_kubernetes_executor.py
[2025-12-07T15:52:24.030+0000] {logging_mixin.py:188} INFO - [2025-12-07T15:52:24.029+0000] {dag.py:3036} INFO - Sync 1 DAGs
[2025-12-07T15:52:24.053+0000] {logging_mixin.py:188} INFO - [2025-12-07T15:52:24.052+0000] {dag.py:3823} INFO - Setting next_dagrun for example_local_kubernetes_executor to None, run_after=None
[2025-12-07T15:52:24.084+0000] {processor.py:183} INFO - Processing /home/airflow/.local/lib/python3.8/site-packages/airflow/example_dags/example_local_kubernetes_executor.py took 0.130 seconds
[2025-12-07T15:52:54.191+0000] {processor.py:161} INFO - Started process (PID=5618) to work on /home/airflow/.local/lib/python3.8/site-packages/airflow/example_dags/example_local_kubernetes_executor.py
[2025-12-07T15:52:54.193+0000] {processor.py:830} INFO - Processing file /home/airflow/.local/lib/python3.8/site-packages/airflow/example_dags/example_local_kubernetes_executor.py for tasks to queue
[2025-12-07T15:52:54.195+0000] {logging_mixin.py:188} INFO - [2025-12-07T15:52:54.195+0000] {dagbag.py:538} INFO - Filling up the DagBag from /home/airflow/.local/lib/python3.8/site-packages/airflow/example_dags/example_local_kubernetes_executor.py
[2025-12-07T15:52:54.208+0000] {processor.py:840} INFO - DAG(s) 'example_local_kubernetes_executor' retrieved from /home/airflow/.local/lib/python3.8/site-packages/airflow/example_dags/example_local_kubernetes_executor.py
[2025-12-07T15:52:54.284+0000] {logging_mixin.py:188} INFO - [2025-12-07T15:52:54.284+0000] {dag.py:3036} INFO - Sync 1 DAGs
[2025-12-07T15:52:54.301+0000] {logging_mixin.py:188} INFO - [2025-12-07T15:52:54.300+0000] {dag.py:3823} INFO - Setting next_dagrun for example_local_kubernetes_executor to None, run_after=None
[2025-12-07T15:52:54.325+0000] {processor.py:183} INFO - Processing /home/airflow/.local/lib/python3.8/site-packages/airflow/example_dags/example_local_kubernetes_executor.py took 0.139 seconds
[2025-12-07T15:53:25.150+0000] {processor.py:161} INFO - Started process (PID=5679) to work on /home/airflow/.local/lib/python3.8/site-packages/airflow/example_dags/example_local_kubernetes_executor.py
[2025-12-07T15:53:25.151+0000] {processor.py:830} INFO - Processing file /home/airflow/.local/lib/python3.8/site-packages/airflow/example_dags/example_local_kubernetes_executor.py for tasks to queue
[2025-12-07T15:53:25.154+0000] {logging_mixin.py:188} INFO - [2025-12-07T15:53:25.154+0000] {dagbag.py:538} INFO - Filling up the DagBag from /home/airflow/.local/lib/python3.8/site-packages/airflow/example_dags/example_local_kubernetes_executor.py
[2025-12-07T15:53:25.165+0000] {processor.py:840} INFO - DAG(s) 'example_local_kubernetes_executor' retrieved from /home/airflow/.local/lib/python3.8/site-packages/airflow/example_dags/example_local_kubernetes_executor.py
[2025-12-07T15:53:25.218+0000] {logging_mixin.py:188} INFO - [2025-12-07T15:53:25.218+0000] {dag.py:3036} INFO - Sync 1 DAGs
[2025-12-07T15:53:25.237+0000] {logging_mixin.py:188} INFO - [2025-12-07T15:53:25.237+0000] {dag.py:3823} INFO - Setting next_dagrun for example_local_kubernetes_executor to None, run_after=None
[2025-12-07T15:53:25.270+0000] {processor.py:183} INFO - Processing /home/airflow/.local/lib/python3.8/site-packages/airflow/example_dags/example_local_kubernetes_executor.py took 0.127 seconds
[2025-12-07T15:53:55.418+0000] {processor.py:161} INFO - Started process (PID=5740) to work on /home/airflow/.local/lib/python3.8/site-packages/airflow/example_dags/example_local_kubernetes_executor.py
[2025-12-07T15:53:55.420+0000] {processor.py:830} INFO - Processing file /home/airflow/.local/lib/python3.8/site-packages/airflow/example_dags/example_local_kubernetes_executor.py for tasks to queue
[2025-12-07T15:53:55.423+0000] {logging_mixin.py:188} INFO - [2025-12-07T15:53:55.422+0000] {dagbag.py:538} INFO - Filling up the DagBag from /home/airflow/.local/lib/python3.8/site-packages/airflow/example_dags/example_local_kubernetes_executor.py
[2025-12-07T15:53:55.436+0000] {processor.py:840} INFO - DAG(s) 'example_local_kubernetes_executor' retrieved from /home/airflow/.local/lib/python3.8/site-packages/airflow/example_dags/example_local_kubernetes_executor.py
[2025-12-07T15:53:55.489+0000] {logging_mixin.py:188} INFO - [2025-12-07T15:53:55.489+0000] {dag.py:3036} INFO - Sync 1 DAGs
[2025-12-07T15:53:55.506+0000] {logging_mixin.py:188} INFO - [2025-12-07T15:53:55.505+0000] {dag.py:3823} INFO - Setting next_dagrun for example_local_kubernetes_executor to None, run_after=None
[2025-12-07T15:53:55.539+0000] {processor.py:183} INFO - Processing /home/airflow/.local/lib/python3.8/site-packages/airflow/example_dags/example_local_kubernetes_executor.py took 0.126 seconds
[2025-12-07T15:54:25.850+0000] {processor.py:161} INFO - Started process (PID=5801) to work on /home/airflow/.local/lib/python3.8/site-packages/airflow/example_dags/example_local_kubernetes_executor.py
[2025-12-07T15:54:25.852+0000] {processor.py:830} INFO - Processing file /home/airflow/.local/lib/python3.8/site-packages/airflow/example_dags/example_local_kubernetes_executor.py for tasks to queue
[2025-12-07T15:54:25.856+0000] {logging_mixin.py:188} INFO - [2025-12-07T15:54:25.856+0000] {dagbag.py:538} INFO - Filling up the DagBag from /home/airflow/.local/lib/python3.8/site-packages/airflow/example_dags/example_local_kubernetes_executor.py
[2025-12-07T15:54:25.869+0000] {processor.py:840} INFO - DAG(s) 'example_local_kubernetes_executor' retrieved from /home/airflow/.local/lib/python3.8/site-packages/airflow/example_dags/example_local_kubernetes_executor.py
[2025-12-07T15:54:25.919+0000] {logging_mixin.py:188} INFO - [2025-12-07T15:54:25.919+0000] {dag.py:3036} INFO - Sync 1 DAGs
[2025-12-07T15:54:25.938+0000] {logging_mixin.py:188} INFO - [2025-12-07T15:54:25.938+0000] {dag.py:3823} INFO - Setting next_dagrun for example_local_kubernetes_executor to None, run_after=None
[2025-12-07T15:54:25.974+0000] {processor.py:183} INFO - Processing /home/airflow/.local/lib/python3.8/site-packages/airflow/example_dags/example_local_kubernetes_executor.py took 0.130 seconds
[2025-12-07T15:54:56.211+0000] {processor.py:161} INFO - Started process (PID=5862) to work on /home/airflow/.local/lib/python3.8/site-packages/airflow/example_dags/example_local_kubernetes_executor.py
[2025-12-07T15:54:56.213+0000] {processor.py:830} INFO - Processing file /home/airflow/.local/lib/python3.8/site-packages/airflow/example_dags/example_local_kubernetes_executor.py for tasks to queue
[2025-12-07T15:54:56.216+0000] {logging_mixin.py:188} INFO - [2025-12-07T15:54:56.215+0000] {dagbag.py:538} INFO - Filling up the DagBag from /home/airflow/.local/lib/python3.8/site-packages/airflow/example_dags/example_local_kubernetes_executor.py
[2025-12-07T15:54:56.227+0000] {processor.py:840} INFO - DAG(s) 'example_local_kubernetes_executor' retrieved from /home/airflow/.local/lib/python3.8/site-packages/airflow/example_dags/example_local_kubernetes_executor.py
[2025-12-07T15:54:56.276+0000] {logging_mixin.py:188} INFO - [2025-12-07T15:54:56.276+0000] {dag.py:3036} INFO - Sync 1 DAGs
[2025-12-07T15:54:56.296+0000] {logging_mixin.py:188} INFO - [2025-12-07T15:54:56.296+0000] {dag.py:3823} INFO - Setting next_dagrun for example_local_kubernetes_executor to None, run_after=None
[2025-12-07T15:54:56.327+0000] {processor.py:183} INFO - Processing /home/airflow/.local/lib/python3.8/site-packages/airflow/example_dags/example_local_kubernetes_executor.py took 0.120 seconds
[2025-12-07T15:56:12.052+0000] {processor.py:161} INFO - Started process (PID=83) to work on /home/airflow/.local/lib/python3.8/site-packages/airflow/example_dags/example_local_kubernetes_executor.py
[2025-12-07T15:56:12.056+0000] {processor.py:830} INFO - Processing file /home/airflow/.local/lib/python3.8/site-packages/airflow/example_dags/example_local_kubernetes_executor.py for tasks to queue
[2025-12-07T15:56:12.060+0000] {logging_mixin.py:188} INFO - [2025-12-07T15:56:12.059+0000] {dagbag.py:538} INFO - Filling up the DagBag from /home/airflow/.local/lib/python3.8/site-packages/airflow/example_dags/example_local_kubernetes_executor.py
[2025-12-07T15:56:12.082+0000] {processor.py:840} INFO - DAG(s) 'example_local_kubernetes_executor' retrieved from /home/airflow/.local/lib/python3.8/site-packages/airflow/example_dags/example_local_kubernetes_executor.py
[2025-12-07T15:56:12.449+0000] {logging_mixin.py:188} INFO - [2025-12-07T15:56:12.449+0000] {dag.py:3036} INFO - Sync 1 DAGs
[2025-12-07T15:56:12.468+0000] {logging_mixin.py:188} INFO - [2025-12-07T15:56:12.467+0000] {dag.py:3823} INFO - Setting next_dagrun for example_local_kubernetes_executor to None, run_after=None
[2025-12-07T15:56:12.510+0000] {processor.py:183} INFO - Processing /home/airflow/.local/lib/python3.8/site-packages/airflow/example_dags/example_local_kubernetes_executor.py took 0.466 seconds
[2025-12-07T15:56:42.754+0000] {processor.py:161} INFO - Started process (PID=144) to work on /home/airflow/.local/lib/python3.8/site-packages/airflow/example_dags/example_local_kubernetes_executor.py
[2025-12-07T15:56:42.756+0000] {processor.py:830} INFO - Processing file /home/airflow/.local/lib/python3.8/site-packages/airflow/example_dags/example_local_kubernetes_executor.py for tasks to queue
[2025-12-07T15:56:42.760+0000] {logging_mixin.py:188} INFO - [2025-12-07T15:56:42.759+0000] {dagbag.py:538} INFO - Filling up the DagBag from /home/airflow/.local/lib/python3.8/site-packages/airflow/example_dags/example_local_kubernetes_executor.py
[2025-12-07T15:56:42.777+0000] {processor.py:840} INFO - DAG(s) 'example_local_kubernetes_executor' retrieved from /home/airflow/.local/lib/python3.8/site-packages/airflow/example_dags/example_local_kubernetes_executor.py
[2025-12-07T15:56:42.847+0000] {logging_mixin.py:188} INFO - [2025-12-07T15:56:42.847+0000] {dag.py:3036} INFO - Sync 1 DAGs
[2025-12-07T15:56:42.865+0000] {logging_mixin.py:188} INFO - [2025-12-07T15:56:42.865+0000] {dag.py:3823} INFO - Setting next_dagrun for example_local_kubernetes_executor to None, run_after=None
[2025-12-07T15:56:42.910+0000] {processor.py:183} INFO - Processing /home/airflow/.local/lib/python3.8/site-packages/airflow/example_dags/example_local_kubernetes_executor.py took 0.165 seconds
[2025-12-07T15:57:13.319+0000] {processor.py:161} INFO - Started process (PID=205) to work on /home/airflow/.local/lib/python3.8/site-packages/airflow/example_dags/example_local_kubernetes_executor.py
[2025-12-07T15:57:13.321+0000] {processor.py:830} INFO - Processing file /home/airflow/.local/lib/python3.8/site-packages/airflow/example_dags/example_local_kubernetes_executor.py for tasks to queue
[2025-12-07T15:57:13.326+0000] {logging_mixin.py:188} INFO - [2025-12-07T15:57:13.325+0000] {dagbag.py:538} INFO - Filling up the DagBag from /home/airflow/.local/lib/python3.8/site-packages/airflow/example_dags/example_local_kubernetes_executor.py
[2025-12-07T15:57:13.345+0000] {processor.py:840} INFO - DAG(s) 'example_local_kubernetes_executor' retrieved from /home/airflow/.local/lib/python3.8/site-packages/airflow/example_dags/example_local_kubernetes_executor.py
[2025-12-07T15:57:13.438+0000] {logging_mixin.py:188} INFO - [2025-12-07T15:57:13.438+0000] {dag.py:3036} INFO - Sync 1 DAGs
[2025-12-07T15:57:13.469+0000] {logging_mixin.py:188} INFO - [2025-12-07T15:57:13.469+0000] {dag.py:3823} INFO - Setting next_dagrun for example_local_kubernetes_executor to None, run_after=None
[2025-12-07T15:57:13.522+0000] {processor.py:183} INFO - Processing /home/airflow/.local/lib/python3.8/site-packages/airflow/example_dags/example_local_kubernetes_executor.py took 0.209 seconds
[2025-12-07T15:57:44.337+0000] {processor.py:161} INFO - Started process (PID=266) to work on /home/airflow/.local/lib/python3.8/site-packages/airflow/example_dags/example_local_kubernetes_executor.py
[2025-12-07T15:57:44.339+0000] {processor.py:830} INFO - Processing file /home/airflow/.local/lib/python3.8/site-packages/airflow/example_dags/example_local_kubernetes_executor.py for tasks to queue
[2025-12-07T15:57:44.342+0000] {logging_mixin.py:188} INFO - [2025-12-07T15:57:44.341+0000] {dagbag.py:538} INFO - Filling up the DagBag from /home/airflow/.local/lib/python3.8/site-packages/airflow/example_dags/example_local_kubernetes_executor.py
[2025-12-07T15:57:44.355+0000] {processor.py:840} INFO - DAG(s) 'example_local_kubernetes_executor' retrieved from /home/airflow/.local/lib/python3.8/site-packages/airflow/example_dags/example_local_kubernetes_executor.py
[2025-12-07T15:57:44.406+0000] {logging_mixin.py:188} INFO - [2025-12-07T15:57:44.406+0000] {dag.py:3036} INFO - Sync 1 DAGs
[2025-12-07T15:57:44.426+0000] {logging_mixin.py:188} INFO - [2025-12-07T15:57:44.425+0000] {dag.py:3823} INFO - Setting next_dagrun for example_local_kubernetes_executor to None, run_after=None
[2025-12-07T15:57:44.461+0000] {processor.py:183} INFO - Processing /home/airflow/.local/lib/python3.8/site-packages/airflow/example_dags/example_local_kubernetes_executor.py took 0.129 seconds
[2025-12-07T15:58:15.166+0000] {processor.py:161} INFO - Started process (PID=327) to work on /home/airflow/.local/lib/python3.8/site-packages/airflow/example_dags/example_local_kubernetes_executor.py
[2025-12-07T15:58:15.168+0000] {processor.py:830} INFO - Processing file /home/airflow/.local/lib/python3.8/site-packages/airflow/example_dags/example_local_kubernetes_executor.py for tasks to queue
[2025-12-07T15:58:15.172+0000] {logging_mixin.py:188} INFO - [2025-12-07T15:58:15.171+0000] {dagbag.py:538} INFO - Filling up the DagBag from /home/airflow/.local/lib/python3.8/site-packages/airflow/example_dags/example_local_kubernetes_executor.py
[2025-12-07T15:58:15.189+0000] {processor.py:840} INFO - DAG(s) 'example_local_kubernetes_executor' retrieved from /home/airflow/.local/lib/python3.8/site-packages/airflow/example_dags/example_local_kubernetes_executor.py
[2025-12-07T15:58:15.249+0000] {logging_mixin.py:188} INFO - [2025-12-07T15:58:15.249+0000] {dag.py:3036} INFO - Sync 1 DAGs
[2025-12-07T15:58:15.272+0000] {logging_mixin.py:188} INFO - [2025-12-07T15:58:15.272+0000] {dag.py:3823} INFO - Setting next_dagrun for example_local_kubernetes_executor to None, run_after=None
[2025-12-07T15:58:15.312+0000] {processor.py:183} INFO - Processing /home/airflow/.local/lib/python3.8/site-packages/airflow/example_dags/example_local_kubernetes_executor.py took 0.152 seconds
[2025-12-07T15:58:46.183+0000] {processor.py:161} INFO - Started process (PID=388) to work on /home/airflow/.local/lib/python3.8/site-packages/airflow/example_dags/example_local_kubernetes_executor.py
[2025-12-07T15:58:46.185+0000] {processor.py:830} INFO - Processing file /home/airflow/.local/lib/python3.8/site-packages/airflow/example_dags/example_local_kubernetes_executor.py for tasks to queue
[2025-12-07T15:58:46.188+0000] {logging_mixin.py:188} INFO - [2025-12-07T15:58:46.187+0000] {dagbag.py:538} INFO - Filling up the DagBag from /home/airflow/.local/lib/python3.8/site-packages/airflow/example_dags/example_local_kubernetes_executor.py
[2025-12-07T15:58:46.198+0000] {processor.py:840} INFO - DAG(s) 'example_local_kubernetes_executor' retrieved from /home/airflow/.local/lib/python3.8/site-packages/airflow/example_dags/example_local_kubernetes_executor.py
[2025-12-07T15:58:46.246+0000] {logging_mixin.py:188} INFO - [2025-12-07T15:58:46.246+0000] {dag.py:3036} INFO - Sync 1 DAGs
[2025-12-07T15:58:46.262+0000] {logging_mixin.py:188} INFO - [2025-12-07T15:58:46.262+0000] {dag.py:3823} INFO - Setting next_dagrun for example_local_kubernetes_executor to None, run_after=None
[2025-12-07T15:58:46.292+0000] {processor.py:183} INFO - Processing /home/airflow/.local/lib/python3.8/site-packages/airflow/example_dags/example_local_kubernetes_executor.py took 0.112 seconds
[2025-12-07T15:59:17.313+0000] {processor.py:161} INFO - Started process (PID=448) to work on /home/airflow/.local/lib/python3.8/site-packages/airflow/example_dags/example_local_kubernetes_executor.py
[2025-12-07T15:59:17.314+0000] {processor.py:830} INFO - Processing file /home/airflow/.local/lib/python3.8/site-packages/airflow/example_dags/example_local_kubernetes_executor.py for tasks to queue
[2025-12-07T15:59:17.317+0000] {logging_mixin.py:188} INFO - [2025-12-07T15:59:17.317+0000] {dagbag.py:538} INFO - Filling up the DagBag from /home/airflow/.local/lib/python3.8/site-packages/airflow/example_dags/example_local_kubernetes_executor.py
[2025-12-07T15:59:17.332+0000] {processor.py:840} INFO - DAG(s) 'example_local_kubernetes_executor' retrieved from /home/airflow/.local/lib/python3.8/site-packages/airflow/example_dags/example_local_kubernetes_executor.py
[2025-12-07T15:59:17.382+0000] {logging_mixin.py:188} INFO - [2025-12-07T15:59:17.382+0000] {dag.py:3036} INFO - Sync 1 DAGs
[2025-12-07T15:59:17.401+0000] {logging_mixin.py:188} INFO - [2025-12-07T15:59:17.401+0000] {dag.py:3823} INFO - Setting next_dagrun for example_local_kubernetes_executor to None, run_after=None
[2025-12-07T15:59:17.439+0000] {processor.py:183} INFO - Processing /home/airflow/.local/lib/python3.8/site-packages/airflow/example_dags/example_local_kubernetes_executor.py took 0.131 seconds
[2025-12-07T15:59:47.674+0000] {processor.py:161} INFO - Started process (PID=508) to work on /home/airflow/.local/lib/python3.8/site-packages/airflow/example_dags/example_local_kubernetes_executor.py
[2025-12-07T15:59:47.676+0000] {processor.py:830} INFO - Processing file /home/airflow/.local/lib/python3.8/site-packages/airflow/example_dags/example_local_kubernetes_executor.py for tasks to queue
[2025-12-07T15:59:47.680+0000] {logging_mixin.py:188} INFO - [2025-12-07T15:59:47.679+0000] {dagbag.py:538} INFO - Filling up the DagBag from /home/airflow/.local/lib/python3.8/site-packages/airflow/example_dags/example_local_kubernetes_executor.py
[2025-12-07T15:59:47.690+0000] {processor.py:840} INFO - DAG(s) 'example_local_kubernetes_executor' retrieved from /home/airflow/.local/lib/python3.8/site-packages/airflow/example_dags/example_local_kubernetes_executor.py
[2025-12-07T15:59:47.738+0000] {logging_mixin.py:188} INFO - [2025-12-07T15:59:47.738+0000] {dag.py:3036} INFO - Sync 1 DAGs
[2025-12-07T15:59:47.774+0000] {logging_mixin.py:188} INFO - [2025-12-07T15:59:47.773+0000] {dag.py:3823} INFO - Setting next_dagrun for example_local_kubernetes_executor to None, run_after=None
[2025-12-07T15:59:47.844+0000] {processor.py:183} INFO - Processing /home/airflow/.local/lib/python3.8/site-packages/airflow/example_dags/example_local_kubernetes_executor.py took 0.175 seconds
[2025-12-07T16:00:18.058+0000] {processor.py:161} INFO - Started process (PID=569) to work on /home/airflow/.local/lib/python3.8/site-packages/airflow/example_dags/example_local_kubernetes_executor.py
[2025-12-07T16:00:18.059+0000] {processor.py:830} INFO - Processing file /home/airflow/.local/lib/python3.8/site-packages/airflow/example_dags/example_local_kubernetes_executor.py for tasks to queue
[2025-12-07T16:00:18.062+0000] {logging_mixin.py:188} INFO - [2025-12-07T16:00:18.062+0000] {dagbag.py:538} INFO - Filling up the DagBag from /home/airflow/.local/lib/python3.8/site-packages/airflow/example_dags/example_local_kubernetes_executor.py
[2025-12-07T16:00:18.073+0000] {processor.py:840} INFO - DAG(s) 'example_local_kubernetes_executor' retrieved from /home/airflow/.local/lib/python3.8/site-packages/airflow/example_dags/example_local_kubernetes_executor.py
[2025-12-07T16:00:18.116+0000] {logging_mixin.py:188} INFO - [2025-12-07T16:00:18.115+0000] {dag.py:3036} INFO - Sync 1 DAGs
[2025-12-07T16:00:18.131+0000] {logging_mixin.py:188} INFO - [2025-12-07T16:00:18.131+0000] {dag.py:3823} INFO - Setting next_dagrun for example_local_kubernetes_executor to None, run_after=None
[2025-12-07T16:00:18.161+0000] {processor.py:183} INFO - Processing /home/airflow/.local/lib/python3.8/site-packages/airflow/example_dags/example_local_kubernetes_executor.py took 0.109 seconds
[2025-12-07T16:00:48.523+0000] {processor.py:161} INFO - Started process (PID=630) to work on /home/airflow/.local/lib/python3.8/site-packages/airflow/example_dags/example_local_kubernetes_executor.py
[2025-12-07T16:00:48.525+0000] {processor.py:830} INFO - Processing file /home/airflow/.local/lib/python3.8/site-packages/airflow/example_dags/example_local_kubernetes_executor.py for tasks to queue
[2025-12-07T16:00:48.529+0000] {logging_mixin.py:188} INFO - [2025-12-07T16:00:48.528+0000] {dagbag.py:538} INFO - Filling up the DagBag from /home/airflow/.local/lib/python3.8/site-packages/airflow/example_dags/example_local_kubernetes_executor.py
[2025-12-07T16:00:48.540+0000] {processor.py:840} INFO - DAG(s) 'example_local_kubernetes_executor' retrieved from /home/airflow/.local/lib/python3.8/site-packages/airflow/example_dags/example_local_kubernetes_executor.py
[2025-12-07T16:00:48.587+0000] {logging_mixin.py:188} INFO - [2025-12-07T16:00:48.587+0000] {dag.py:3036} INFO - Sync 1 DAGs
[2025-12-07T16:00:48.602+0000] {logging_mixin.py:188} INFO - [2025-12-07T16:00:48.602+0000] {dag.py:3823} INFO - Setting next_dagrun for example_local_kubernetes_executor to None, run_after=None
[2025-12-07T16:00:48.634+0000] {processor.py:183} INFO - Processing /home/airflow/.local/lib/python3.8/site-packages/airflow/example_dags/example_local_kubernetes_executor.py took 0.118 seconds
[2025-12-07T16:01:19.092+0000] {processor.py:161} INFO - Started process (PID=691) to work on /home/airflow/.local/lib/python3.8/site-packages/airflow/example_dags/example_local_kubernetes_executor.py
[2025-12-07T16:01:19.093+0000] {processor.py:830} INFO - Processing file /home/airflow/.local/lib/python3.8/site-packages/airflow/example_dags/example_local_kubernetes_executor.py for tasks to queue
[2025-12-07T16:01:19.096+0000] {logging_mixin.py:188} INFO - [2025-12-07T16:01:19.096+0000] {dagbag.py:538} INFO - Filling up the DagBag from /home/airflow/.local/lib/python3.8/site-packages/airflow/example_dags/example_local_kubernetes_executor.py
[2025-12-07T16:01:19.108+0000] {processor.py:840} INFO - DAG(s) 'example_local_kubernetes_executor' retrieved from /home/airflow/.local/lib/python3.8/site-packages/airflow/example_dags/example_local_kubernetes_executor.py
[2025-12-07T16:01:19.156+0000] {logging_mixin.py:188} INFO - [2025-12-07T16:01:19.155+0000] {dag.py:3036} INFO - Sync 1 DAGs
[2025-12-07T16:01:19.171+0000] {logging_mixin.py:188} INFO - [2025-12-07T16:01:19.171+0000] {dag.py:3823} INFO - Setting next_dagrun for example_local_kubernetes_executor to None, run_after=None
[2025-12-07T16:01:19.203+0000] {processor.py:183} INFO - Processing /home/airflow/.local/lib/python3.8/site-packages/airflow/example_dags/example_local_kubernetes_executor.py took 0.118 seconds
[2025-12-07T16:01:49.383+0000] {processor.py:161} INFO - Started process (PID=752) to work on /home/airflow/.local/lib/python3.8/site-packages/airflow/example_dags/example_local_kubernetes_executor.py
[2025-12-07T16:01:49.385+0000] {processor.py:830} INFO - Processing file /home/airflow/.local/lib/python3.8/site-packages/airflow/example_dags/example_local_kubernetes_executor.py for tasks to queue
[2025-12-07T16:01:49.388+0000] {logging_mixin.py:188} INFO - [2025-12-07T16:01:49.388+0000] {dagbag.py:538} INFO - Filling up the DagBag from /home/airflow/.local/lib/python3.8/site-packages/airflow/example_dags/example_local_kubernetes_executor.py
[2025-12-07T16:01:49.399+0000] {processor.py:840} INFO - DAG(s) 'example_local_kubernetes_executor' retrieved from /home/airflow/.local/lib/python3.8/site-packages/airflow/example_dags/example_local_kubernetes_executor.py
[2025-12-07T16:01:49.449+0000] {logging_mixin.py:188} INFO - [2025-12-07T16:01:49.449+0000] {dag.py:3036} INFO - Sync 1 DAGs
[2025-12-07T16:01:49.467+0000] {logging_mixin.py:188} INFO - [2025-12-07T16:01:49.466+0000] {dag.py:3823} INFO - Setting next_dagrun for example_local_kubernetes_executor to None, run_after=None
[2025-12-07T16:01:49.498+0000] {processor.py:183} INFO - Processing /home/airflow/.local/lib/python3.8/site-packages/airflow/example_dags/example_local_kubernetes_executor.py took 0.119 seconds
[2025-12-07T16:02:20.163+0000] {processor.py:161} INFO - Started process (PID=813) to work on /home/airflow/.local/lib/python3.8/site-packages/airflow/example_dags/example_local_kubernetes_executor.py
[2025-12-07T16:02:20.164+0000] {processor.py:830} INFO - Processing file /home/airflow/.local/lib/python3.8/site-packages/airflow/example_dags/example_local_kubernetes_executor.py for tasks to queue
[2025-12-07T16:02:20.167+0000] {logging_mixin.py:188} INFO - [2025-12-07T16:02:20.167+0000] {dagbag.py:538} INFO - Filling up the DagBag from /home/airflow/.local/lib/python3.8/site-packages/airflow/example_dags/example_local_kubernetes_executor.py
[2025-12-07T16:02:20.179+0000] {processor.py:840} INFO - DAG(s) 'example_local_kubernetes_executor' retrieved from /home/airflow/.local/lib/python3.8/site-packages/airflow/example_dags/example_local_kubernetes_executor.py
[2025-12-07T16:02:20.229+0000] {logging_mixin.py:188} INFO - [2025-12-07T16:02:20.229+0000] {dag.py:3036} INFO - Sync 1 DAGs
[2025-12-07T16:02:20.245+0000] {logging_mixin.py:188} INFO - [2025-12-07T16:02:20.244+0000] {dag.py:3823} INFO - Setting next_dagrun for example_local_kubernetes_executor to None, run_after=None
[2025-12-07T16:02:20.273+0000] {processor.py:183} INFO - Processing /home/airflow/.local/lib/python3.8/site-packages/airflow/example_dags/example_local_kubernetes_executor.py took 0.117 seconds
[2025-12-07T16:02:50.385+0000] {processor.py:161} INFO - Started process (PID=874) to work on /home/airflow/.local/lib/python3.8/site-packages/airflow/example_dags/example_local_kubernetes_executor.py
[2025-12-07T16:02:50.387+0000] {processor.py:830} INFO - Processing file /home/airflow/.local/lib/python3.8/site-packages/airflow/example_dags/example_local_kubernetes_executor.py for tasks to queue
[2025-12-07T16:02:50.390+0000] {logging_mixin.py:188} INFO - [2025-12-07T16:02:50.389+0000] {dagbag.py:538} INFO - Filling up the DagBag from /home/airflow/.local/lib/python3.8/site-packages/airflow/example_dags/example_local_kubernetes_executor.py
[2025-12-07T16:02:50.403+0000] {processor.py:840} INFO - DAG(s) 'example_local_kubernetes_executor' retrieved from /home/airflow/.local/lib/python3.8/site-packages/airflow/example_dags/example_local_kubernetes_executor.py
[2025-12-07T16:02:50.461+0000] {logging_mixin.py:188} INFO - [2025-12-07T16:02:50.460+0000] {dag.py:3036} INFO - Sync 1 DAGs
[2025-12-07T16:02:50.479+0000] {logging_mixin.py:188} INFO - [2025-12-07T16:02:50.478+0000] {dag.py:3823} INFO - Setting next_dagrun for example_local_kubernetes_executor to None, run_after=None
[2025-12-07T16:02:50.515+0000] {processor.py:183} INFO - Processing /home/airflow/.local/lib/python3.8/site-packages/airflow/example_dags/example_local_kubernetes_executor.py took 0.137 seconds
[2025-12-07T16:03:20.575+0000] {processor.py:161} INFO - Started process (PID=935) to work on /home/airflow/.local/lib/python3.8/site-packages/airflow/example_dags/example_local_kubernetes_executor.py
[2025-12-07T16:03:20.577+0000] {processor.py:830} INFO - Processing file /home/airflow/.local/lib/python3.8/site-packages/airflow/example_dags/example_local_kubernetes_executor.py for tasks to queue
[2025-12-07T16:03:20.580+0000] {logging_mixin.py:188} INFO - [2025-12-07T16:03:20.580+0000] {dagbag.py:538} INFO - Filling up the DagBag from /home/airflow/.local/lib/python3.8/site-packages/airflow/example_dags/example_local_kubernetes_executor.py
[2025-12-07T16:03:20.592+0000] {processor.py:840} INFO - DAG(s) 'example_local_kubernetes_executor' retrieved from /home/airflow/.local/lib/python3.8/site-packages/airflow/example_dags/example_local_kubernetes_executor.py
[2025-12-07T16:03:20.640+0000] {logging_mixin.py:188} INFO - [2025-12-07T16:03:20.639+0000] {dag.py:3036} INFO - Sync 1 DAGs
[2025-12-07T16:03:20.654+0000] {logging_mixin.py:188} INFO - [2025-12-07T16:03:20.654+0000] {dag.py:3823} INFO - Setting next_dagrun for example_local_kubernetes_executor to None, run_after=None
[2025-12-07T16:03:20.690+0000] {processor.py:183} INFO - Processing /home/airflow/.local/lib/python3.8/site-packages/airflow/example_dags/example_local_kubernetes_executor.py took 0.121 seconds
[2025-12-07T16:03:51.269+0000] {processor.py:161} INFO - Started process (PID=996) to work on /home/airflow/.local/lib/python3.8/site-packages/airflow/example_dags/example_local_kubernetes_executor.py
[2025-12-07T16:03:51.271+0000] {processor.py:830} INFO - Processing file /home/airflow/.local/lib/python3.8/site-packages/airflow/example_dags/example_local_kubernetes_executor.py for tasks to queue
[2025-12-07T16:03:51.274+0000] {logging_mixin.py:188} INFO - [2025-12-07T16:03:51.274+0000] {dagbag.py:538} INFO - Filling up the DagBag from /home/airflow/.local/lib/python3.8/site-packages/airflow/example_dags/example_local_kubernetes_executor.py
[2025-12-07T16:03:51.291+0000] {processor.py:840} INFO - DAG(s) 'example_local_kubernetes_executor' retrieved from /home/airflow/.local/lib/python3.8/site-packages/airflow/example_dags/example_local_kubernetes_executor.py
[2025-12-07T16:03:51.386+0000] {logging_mixin.py:188} INFO - [2025-12-07T16:03:51.385+0000] {dag.py:3036} INFO - Sync 1 DAGs
[2025-12-07T16:03:51.412+0000] {logging_mixin.py:188} INFO - [2025-12-07T16:03:51.412+0000] {dag.py:3823} INFO - Setting next_dagrun for example_local_kubernetes_executor to None, run_after=None
[2025-12-07T16:03:51.453+0000] {processor.py:183} INFO - Processing /home/airflow/.local/lib/python3.8/site-packages/airflow/example_dags/example_local_kubernetes_executor.py took 0.191 seconds
[2025-12-07T16:04:21.687+0000] {processor.py:161} INFO - Started process (PID=1057) to work on /home/airflow/.local/lib/python3.8/site-packages/airflow/example_dags/example_local_kubernetes_executor.py
[2025-12-07T16:04:21.688+0000] {processor.py:830} INFO - Processing file /home/airflow/.local/lib/python3.8/site-packages/airflow/example_dags/example_local_kubernetes_executor.py for tasks to queue
[2025-12-07T16:04:21.691+0000] {logging_mixin.py:188} INFO - [2025-12-07T16:04:21.691+0000] {dagbag.py:538} INFO - Filling up the DagBag from /home/airflow/.local/lib/python3.8/site-packages/airflow/example_dags/example_local_kubernetes_executor.py
[2025-12-07T16:04:21.705+0000] {processor.py:840} INFO - DAG(s) 'example_local_kubernetes_executor' retrieved from /home/airflow/.local/lib/python3.8/site-packages/airflow/example_dags/example_local_kubernetes_executor.py
[2025-12-07T16:04:21.759+0000] {logging_mixin.py:188} INFO - [2025-12-07T16:04:21.759+0000] {dag.py:3036} INFO - Sync 1 DAGs
[2025-12-07T16:04:21.776+0000] {logging_mixin.py:188} INFO - [2025-12-07T16:04:21.775+0000] {dag.py:3823} INFO - Setting next_dagrun for example_local_kubernetes_executor to None, run_after=None
[2025-12-07T16:04:21.810+0000] {processor.py:183} INFO - Processing /home/airflow/.local/lib/python3.8/site-packages/airflow/example_dags/example_local_kubernetes_executor.py took 0.127 seconds
[2025-12-07T16:04:51.990+0000] {processor.py:161} INFO - Started process (PID=1117) to work on /home/airflow/.local/lib/python3.8/site-packages/airflow/example_dags/example_local_kubernetes_executor.py
[2025-12-07T16:04:51.992+0000] {processor.py:830} INFO - Processing file /home/airflow/.local/lib/python3.8/site-packages/airflow/example_dags/example_local_kubernetes_executor.py for tasks to queue
[2025-12-07T16:04:51.998+0000] {logging_mixin.py:188} INFO - [2025-12-07T16:04:51.997+0000] {dagbag.py:538} INFO - Filling up the DagBag from /home/airflow/.local/lib/python3.8/site-packages/airflow/example_dags/example_local_kubernetes_executor.py
[2025-12-07T16:04:52.009+0000] {processor.py:840} INFO - DAG(s) 'example_local_kubernetes_executor' retrieved from /home/airflow/.local/lib/python3.8/site-packages/airflow/example_dags/example_local_kubernetes_executor.py
[2025-12-07T16:04:52.055+0000] {logging_mixin.py:188} INFO - [2025-12-07T16:04:52.055+0000] {dag.py:3036} INFO - Sync 1 DAGs
[2025-12-07T16:04:52.073+0000] {logging_mixin.py:188} INFO - [2025-12-07T16:04:52.072+0000] {dag.py:3823} INFO - Setting next_dagrun for example_local_kubernetes_executor to None, run_after=None
[2025-12-07T16:04:52.108+0000] {processor.py:183} INFO - Processing /home/airflow/.local/lib/python3.8/site-packages/airflow/example_dags/example_local_kubernetes_executor.py took 0.124 seconds
[2025-12-07T16:05:22.676+0000] {processor.py:161} INFO - Started process (PID=1178) to work on /home/airflow/.local/lib/python3.8/site-packages/airflow/example_dags/example_local_kubernetes_executor.py
[2025-12-07T16:05:22.677+0000] {processor.py:830} INFO - Processing file /home/airflow/.local/lib/python3.8/site-packages/airflow/example_dags/example_local_kubernetes_executor.py for tasks to queue
[2025-12-07T16:05:22.680+0000] {logging_mixin.py:188} INFO - [2025-12-07T16:05:22.680+0000] {dagbag.py:538} INFO - Filling up the DagBag from /home/airflow/.local/lib/python3.8/site-packages/airflow/example_dags/example_local_kubernetes_executor.py
[2025-12-07T16:05:22.691+0000] {processor.py:840} INFO - DAG(s) 'example_local_kubernetes_executor' retrieved from /home/airflow/.local/lib/python3.8/site-packages/airflow/example_dags/example_local_kubernetes_executor.py
[2025-12-07T16:05:22.739+0000] {logging_mixin.py:188} INFO - [2025-12-07T16:05:22.738+0000] {dag.py:3036} INFO - Sync 1 DAGs
[2025-12-07T16:05:22.756+0000] {logging_mixin.py:188} INFO - [2025-12-07T16:05:22.756+0000] {dag.py:3823} INFO - Setting next_dagrun for example_local_kubernetes_executor to None, run_after=None
[2025-12-07T16:05:22.788+0000] {processor.py:183} INFO - Processing /home/airflow/.local/lib/python3.8/site-packages/airflow/example_dags/example_local_kubernetes_executor.py took 0.118 seconds
[2025-12-07T16:05:53.080+0000] {processor.py:161} INFO - Started process (PID=1239) to work on /home/airflow/.local/lib/python3.8/site-packages/airflow/example_dags/example_local_kubernetes_executor.py
[2025-12-07T16:05:53.082+0000] {processor.py:830} INFO - Processing file /home/airflow/.local/lib/python3.8/site-packages/airflow/example_dags/example_local_kubernetes_executor.py for tasks to queue
[2025-12-07T16:05:53.084+0000] {logging_mixin.py:188} INFO - [2025-12-07T16:05:53.084+0000] {dagbag.py:538} INFO - Filling up the DagBag from /home/airflow/.local/lib/python3.8/site-packages/airflow/example_dags/example_local_kubernetes_executor.py
[2025-12-07T16:05:53.097+0000] {processor.py:840} INFO - DAG(s) 'example_local_kubernetes_executor' retrieved from /home/airflow/.local/lib/python3.8/site-packages/airflow/example_dags/example_local_kubernetes_executor.py
[2025-12-07T16:05:53.151+0000] {logging_mixin.py:188} INFO - [2025-12-07T16:05:53.150+0000] {dag.py:3036} INFO - Sync 1 DAGs
[2025-12-07T16:05:53.168+0000] {logging_mixin.py:188} INFO - [2025-12-07T16:05:53.167+0000] {dag.py:3823} INFO - Setting next_dagrun for example_local_kubernetes_executor to None, run_after=None
[2025-12-07T16:05:53.203+0000] {processor.py:183} INFO - Processing /home/airflow/.local/lib/python3.8/site-packages/airflow/example_dags/example_local_kubernetes_executor.py took 0.129 seconds
[2025-12-07T16:06:23.260+0000] {processor.py:161} INFO - Started process (PID=1300) to work on /home/airflow/.local/lib/python3.8/site-packages/airflow/example_dags/example_local_kubernetes_executor.py
[2025-12-07T16:06:23.262+0000] {processor.py:830} INFO - Processing file /home/airflow/.local/lib/python3.8/site-packages/airflow/example_dags/example_local_kubernetes_executor.py for tasks to queue
[2025-12-07T16:06:23.266+0000] {logging_mixin.py:188} INFO - [2025-12-07T16:06:23.265+0000] {dagbag.py:538} INFO - Filling up the DagBag from /home/airflow/.local/lib/python3.8/site-packages/airflow/example_dags/example_local_kubernetes_executor.py
[2025-12-07T16:06:23.289+0000] {processor.py:840} INFO - DAG(s) 'example_local_kubernetes_executor' retrieved from /home/airflow/.local/lib/python3.8/site-packages/airflow/example_dags/example_local_kubernetes_executor.py
[2025-12-07T16:06:23.338+0000] {logging_mixin.py:188} INFO - [2025-12-07T16:06:23.337+0000] {dag.py:3036} INFO - Sync 1 DAGs
[2025-12-07T16:06:23.357+0000] {logging_mixin.py:188} INFO - [2025-12-07T16:06:23.356+0000] {dag.py:3823} INFO - Setting next_dagrun for example_local_kubernetes_executor to None, run_after=None
[2025-12-07T16:06:23.392+0000] {processor.py:183} INFO - Processing /home/airflow/.local/lib/python3.8/site-packages/airflow/example_dags/example_local_kubernetes_executor.py took 0.137 seconds
[2025-12-07T16:06:53.878+0000] {processor.py:161} INFO - Started process (PID=1361) to work on /home/airflow/.local/lib/python3.8/site-packages/airflow/example_dags/example_local_kubernetes_executor.py
[2025-12-07T16:06:53.880+0000] {processor.py:830} INFO - Processing file /home/airflow/.local/lib/python3.8/site-packages/airflow/example_dags/example_local_kubernetes_executor.py for tasks to queue
[2025-12-07T16:06:53.883+0000] {logging_mixin.py:188} INFO - [2025-12-07T16:06:53.883+0000] {dagbag.py:538} INFO - Filling up the DagBag from /home/airflow/.local/lib/python3.8/site-packages/airflow/example_dags/example_local_kubernetes_executor.py
[2025-12-07T16:06:53.895+0000] {processor.py:840} INFO - DAG(s) 'example_local_kubernetes_executor' retrieved from /home/airflow/.local/lib/python3.8/site-packages/airflow/example_dags/example_local_kubernetes_executor.py
[2025-12-07T16:06:53.945+0000] {logging_mixin.py:188} INFO - [2025-12-07T16:06:53.945+0000] {dag.py:3036} INFO - Sync 1 DAGs
[2025-12-07T16:06:53.964+0000] {logging_mixin.py:188} INFO - [2025-12-07T16:06:53.964+0000] {dag.py:3823} INFO - Setting next_dagrun for example_local_kubernetes_executor to None, run_after=None
[2025-12-07T16:06:53.996+0000] {processor.py:183} INFO - Processing /home/airflow/.local/lib/python3.8/site-packages/airflow/example_dags/example_local_kubernetes_executor.py took 0.124 seconds
[2025-12-07T16:07:24.376+0000] {processor.py:161} INFO - Started process (PID=1422) to work on /home/airflow/.local/lib/python3.8/site-packages/airflow/example_dags/example_local_kubernetes_executor.py
[2025-12-07T16:07:24.378+0000] {processor.py:830} INFO - Processing file /home/airflow/.local/lib/python3.8/site-packages/airflow/example_dags/example_local_kubernetes_executor.py for tasks to queue
[2025-12-07T16:07:24.381+0000] {logging_mixin.py:188} INFO - [2025-12-07T16:07:24.381+0000] {dagbag.py:538} INFO - Filling up the DagBag from /home/airflow/.local/lib/python3.8/site-packages/airflow/example_dags/example_local_kubernetes_executor.py
[2025-12-07T16:07:24.393+0000] {processor.py:840} INFO - DAG(s) 'example_local_kubernetes_executor' retrieved from /home/airflow/.local/lib/python3.8/site-packages/airflow/example_dags/example_local_kubernetes_executor.py
[2025-12-07T16:07:24.445+0000] {logging_mixin.py:188} INFO - [2025-12-07T16:07:24.444+0000] {dag.py:3036} INFO - Sync 1 DAGs
[2025-12-07T16:07:24.463+0000] {logging_mixin.py:188} INFO - [2025-12-07T16:07:24.463+0000] {dag.py:3823} INFO - Setting next_dagrun for example_local_kubernetes_executor to None, run_after=None
[2025-12-07T16:07:24.500+0000] {processor.py:183} INFO - Processing /home/airflow/.local/lib/python3.8/site-packages/airflow/example_dags/example_local_kubernetes_executor.py took 0.131 seconds
[2025-12-07T16:07:54.588+0000] {processor.py:161} INFO - Started process (PID=1483) to work on /home/airflow/.local/lib/python3.8/site-packages/airflow/example_dags/example_local_kubernetes_executor.py
[2025-12-07T16:07:54.590+0000] {processor.py:830} INFO - Processing file /home/airflow/.local/lib/python3.8/site-packages/airflow/example_dags/example_local_kubernetes_executor.py for tasks to queue
[2025-12-07T16:07:54.593+0000] {logging_mixin.py:188} INFO - [2025-12-07T16:07:54.593+0000] {dagbag.py:538} INFO - Filling up the DagBag from /home/airflow/.local/lib/python3.8/site-packages/airflow/example_dags/example_local_kubernetes_executor.py
[2025-12-07T16:07:54.604+0000] {processor.py:840} INFO - DAG(s) 'example_local_kubernetes_executor' retrieved from /home/airflow/.local/lib/python3.8/site-packages/airflow/example_dags/example_local_kubernetes_executor.py
[2025-12-07T16:07:54.659+0000] {logging_mixin.py:188} INFO - [2025-12-07T16:07:54.659+0000] {dag.py:3036} INFO - Sync 1 DAGs
[2025-12-07T16:07:54.676+0000] {logging_mixin.py:188} INFO - [2025-12-07T16:07:54.676+0000] {dag.py:3823} INFO - Setting next_dagrun for example_local_kubernetes_executor to None, run_after=None
[2025-12-07T16:07:54.714+0000] {processor.py:183} INFO - Processing /home/airflow/.local/lib/python3.8/site-packages/airflow/example_dags/example_local_kubernetes_executor.py took 0.130 seconds
[2025-12-07T16:08:25.632+0000] {processor.py:161} INFO - Started process (PID=1544) to work on /home/airflow/.local/lib/python3.8/site-packages/airflow/example_dags/example_local_kubernetes_executor.py
[2025-12-07T16:08:25.634+0000] {processor.py:830} INFO - Processing file /home/airflow/.local/lib/python3.8/site-packages/airflow/example_dags/example_local_kubernetes_executor.py for tasks to queue
[2025-12-07T16:08:25.637+0000] {logging_mixin.py:188} INFO - [2025-12-07T16:08:25.637+0000] {dagbag.py:538} INFO - Filling up the DagBag from /home/airflow/.local/lib/python3.8/site-packages/airflow/example_dags/example_local_kubernetes_executor.py
[2025-12-07T16:08:25.647+0000] {processor.py:840} INFO - DAG(s) 'example_local_kubernetes_executor' retrieved from /home/airflow/.local/lib/python3.8/site-packages/airflow/example_dags/example_local_kubernetes_executor.py
[2025-12-07T16:08:25.695+0000] {logging_mixin.py:188} INFO - [2025-12-07T16:08:25.695+0000] {dag.py:3036} INFO - Sync 1 DAGs
[2025-12-07T16:08:25.711+0000] {logging_mixin.py:188} INFO - [2025-12-07T16:08:25.711+0000] {dag.py:3823} INFO - Setting next_dagrun for example_local_kubernetes_executor to None, run_after=None
[2025-12-07T16:08:25.750+0000] {processor.py:183} INFO - Processing /home/airflow/.local/lib/python3.8/site-packages/airflow/example_dags/example_local_kubernetes_executor.py took 0.123 seconds
[2025-12-07T16:08:55.817+0000] {processor.py:161} INFO - Started process (PID=1605) to work on /home/airflow/.local/lib/python3.8/site-packages/airflow/example_dags/example_local_kubernetes_executor.py
[2025-12-07T16:08:55.819+0000] {processor.py:830} INFO - Processing file /home/airflow/.local/lib/python3.8/site-packages/airflow/example_dags/example_local_kubernetes_executor.py for tasks to queue
[2025-12-07T16:08:55.822+0000] {logging_mixin.py:188} INFO - [2025-12-07T16:08:55.822+0000] {dagbag.py:538} INFO - Filling up the DagBag from /home/airflow/.local/lib/python3.8/site-packages/airflow/example_dags/example_local_kubernetes_executor.py
[2025-12-07T16:08:55.833+0000] {processor.py:840} INFO - DAG(s) 'example_local_kubernetes_executor' retrieved from /home/airflow/.local/lib/python3.8/site-packages/airflow/example_dags/example_local_kubernetes_executor.py
[2025-12-07T16:08:55.882+0000] {logging_mixin.py:188} INFO - [2025-12-07T16:08:55.881+0000] {dag.py:3036} INFO - Sync 1 DAGs
[2025-12-07T16:08:55.900+0000] {logging_mixin.py:188} INFO - [2025-12-07T16:08:55.899+0000] {dag.py:3823} INFO - Setting next_dagrun for example_local_kubernetes_executor to None, run_after=None
[2025-12-07T16:08:55.929+0000] {processor.py:183} INFO - Processing /home/airflow/.local/lib/python3.8/site-packages/airflow/example_dags/example_local_kubernetes_executor.py took 0.118 seconds
[2025-12-07T16:09:26.216+0000] {processor.py:161} INFO - Started process (PID=1666) to work on /home/airflow/.local/lib/python3.8/site-packages/airflow/example_dags/example_local_kubernetes_executor.py
[2025-12-07T16:09:26.219+0000] {processor.py:830} INFO - Processing file /home/airflow/.local/lib/python3.8/site-packages/airflow/example_dags/example_local_kubernetes_executor.py for tasks to queue
[2025-12-07T16:09:26.227+0000] {logging_mixin.py:188} INFO - [2025-12-07T16:09:26.226+0000] {dagbag.py:538} INFO - Filling up the DagBag from /home/airflow/.local/lib/python3.8/site-packages/airflow/example_dags/example_local_kubernetes_executor.py
[2025-12-07T16:09:26.239+0000] {processor.py:840} INFO - DAG(s) 'example_local_kubernetes_executor' retrieved from /home/airflow/.local/lib/python3.8/site-packages/airflow/example_dags/example_local_kubernetes_executor.py
[2025-12-07T16:09:26.293+0000] {logging_mixin.py:188} INFO - [2025-12-07T16:09:26.293+0000] {dag.py:3036} INFO - Sync 1 DAGs
[2025-12-07T16:09:26.313+0000] {logging_mixin.py:188} INFO - [2025-12-07T16:09:26.312+0000] {dag.py:3823} INFO - Setting next_dagrun for example_local_kubernetes_executor to None, run_after=None
[2025-12-07T16:09:26.348+0000] {processor.py:183} INFO - Processing /home/airflow/.local/lib/python3.8/site-packages/airflow/example_dags/example_local_kubernetes_executor.py took 0.138 seconds
[2025-12-07T16:09:56.546+0000] {processor.py:161} INFO - Started process (PID=1727) to work on /home/airflow/.local/lib/python3.8/site-packages/airflow/example_dags/example_local_kubernetes_executor.py
[2025-12-07T16:09:56.548+0000] {processor.py:830} INFO - Processing file /home/airflow/.local/lib/python3.8/site-packages/airflow/example_dags/example_local_kubernetes_executor.py for tasks to queue
[2025-12-07T16:09:56.551+0000] {logging_mixin.py:188} INFO - [2025-12-07T16:09:56.551+0000] {dagbag.py:538} INFO - Filling up the DagBag from /home/airflow/.local/lib/python3.8/site-packages/airflow/example_dags/example_local_kubernetes_executor.py
[2025-12-07T16:09:56.562+0000] {processor.py:840} INFO - DAG(s) 'example_local_kubernetes_executor' retrieved from /home/airflow/.local/lib/python3.8/site-packages/airflow/example_dags/example_local_kubernetes_executor.py
[2025-12-07T16:09:56.607+0000] {logging_mixin.py:188} INFO - [2025-12-07T16:09:56.606+0000] {dag.py:3036} INFO - Sync 1 DAGs
[2025-12-07T16:09:56.622+0000] {logging_mixin.py:188} INFO - [2025-12-07T16:09:56.621+0000] {dag.py:3823} INFO - Setting next_dagrun for example_local_kubernetes_executor to None, run_after=None
[2025-12-07T16:09:56.651+0000] {processor.py:183} INFO - Processing /home/airflow/.local/lib/python3.8/site-packages/airflow/example_dags/example_local_kubernetes_executor.py took 0.111 seconds
[2025-12-07T16:10:26.822+0000] {processor.py:161} INFO - Started process (PID=1788) to work on /home/airflow/.local/lib/python3.8/site-packages/airflow/example_dags/example_local_kubernetes_executor.py
[2025-12-07T16:10:26.824+0000] {processor.py:830} INFO - Processing file /home/airflow/.local/lib/python3.8/site-packages/airflow/example_dags/example_local_kubernetes_executor.py for tasks to queue
[2025-12-07T16:10:26.828+0000] {logging_mixin.py:188} INFO - [2025-12-07T16:10:26.827+0000] {dagbag.py:538} INFO - Filling up the DagBag from /home/airflow/.local/lib/python3.8/site-packages/airflow/example_dags/example_local_kubernetes_executor.py
[2025-12-07T16:10:26.840+0000] {processor.py:840} INFO - DAG(s) 'example_local_kubernetes_executor' retrieved from /home/airflow/.local/lib/python3.8/site-packages/airflow/example_dags/example_local_kubernetes_executor.py
[2025-12-07T16:10:26.895+0000] {logging_mixin.py:188} INFO - [2025-12-07T16:10:26.894+0000] {dag.py:3036} INFO - Sync 1 DAGs
[2025-12-07T16:10:26.933+0000] {logging_mixin.py:188} INFO - [2025-12-07T16:10:26.933+0000] {dag.py:3823} INFO - Setting next_dagrun for example_local_kubernetes_executor to None, run_after=None
[2025-12-07T16:10:26.983+0000] {processor.py:183} INFO - Processing /home/airflow/.local/lib/python3.8/site-packages/airflow/example_dags/example_local_kubernetes_executor.py took 0.166 seconds
[2025-12-07T16:10:57.354+0000] {processor.py:161} INFO - Started process (PID=1849) to work on /home/airflow/.local/lib/python3.8/site-packages/airflow/example_dags/example_local_kubernetes_executor.py
[2025-12-07T16:10:57.356+0000] {processor.py:830} INFO - Processing file /home/airflow/.local/lib/python3.8/site-packages/airflow/example_dags/example_local_kubernetes_executor.py for tasks to queue
[2025-12-07T16:10:57.359+0000] {logging_mixin.py:188} INFO - [2025-12-07T16:10:57.358+0000] {dagbag.py:538} INFO - Filling up the DagBag from /home/airflow/.local/lib/python3.8/site-packages/airflow/example_dags/example_local_kubernetes_executor.py
[2025-12-07T16:10:57.371+0000] {processor.py:840} INFO - DAG(s) 'example_local_kubernetes_executor' retrieved from /home/airflow/.local/lib/python3.8/site-packages/airflow/example_dags/example_local_kubernetes_executor.py
[2025-12-07T16:10:57.418+0000] {logging_mixin.py:188} INFO - [2025-12-07T16:10:57.417+0000] {dag.py:3036} INFO - Sync 1 DAGs
[2025-12-07T16:10:57.432+0000] {logging_mixin.py:188} INFO - [2025-12-07T16:10:57.432+0000] {dag.py:3823} INFO - Setting next_dagrun for example_local_kubernetes_executor to None, run_after=None
[2025-12-07T16:10:57.467+0000] {processor.py:183} INFO - Processing /home/airflow/.local/lib/python3.8/site-packages/airflow/example_dags/example_local_kubernetes_executor.py took 0.119 seconds
[2025-12-07T16:11:27.775+0000] {processor.py:161} INFO - Started process (PID=1910) to work on /home/airflow/.local/lib/python3.8/site-packages/airflow/example_dags/example_local_kubernetes_executor.py
[2025-12-07T16:11:27.776+0000] {processor.py:830} INFO - Processing file /home/airflow/.local/lib/python3.8/site-packages/airflow/example_dags/example_local_kubernetes_executor.py for tasks to queue
[2025-12-07T16:11:27.778+0000] {logging_mixin.py:188} INFO - [2025-12-07T16:11:27.778+0000] {dagbag.py:538} INFO - Filling up the DagBag from /home/airflow/.local/lib/python3.8/site-packages/airflow/example_dags/example_local_kubernetes_executor.py
[2025-12-07T16:11:27.793+0000] {processor.py:840} INFO - DAG(s) 'example_local_kubernetes_executor' retrieved from /home/airflow/.local/lib/python3.8/site-packages/airflow/example_dags/example_local_kubernetes_executor.py
[2025-12-07T16:11:27.844+0000] {logging_mixin.py:188} INFO - [2025-12-07T16:11:27.844+0000] {dag.py:3036} INFO - Sync 1 DAGs
[2025-12-07T16:11:27.862+0000] {logging_mixin.py:188} INFO - [2025-12-07T16:11:27.862+0000] {dag.py:3823} INFO - Setting next_dagrun for example_local_kubernetes_executor to None, run_after=None
[2025-12-07T16:11:27.892+0000] {processor.py:183} INFO - Processing /home/airflow/.local/lib/python3.8/site-packages/airflow/example_dags/example_local_kubernetes_executor.py took 0.121 seconds
[2025-12-07T16:11:58.294+0000] {processor.py:161} INFO - Started process (PID=1971) to work on /home/airflow/.local/lib/python3.8/site-packages/airflow/example_dags/example_local_kubernetes_executor.py
[2025-12-07T16:11:58.295+0000] {processor.py:830} INFO - Processing file /home/airflow/.local/lib/python3.8/site-packages/airflow/example_dags/example_local_kubernetes_executor.py for tasks to queue
[2025-12-07T16:11:58.298+0000] {logging_mixin.py:188} INFO - [2025-12-07T16:11:58.297+0000] {dagbag.py:538} INFO - Filling up the DagBag from /home/airflow/.local/lib/python3.8/site-packages/airflow/example_dags/example_local_kubernetes_executor.py
[2025-12-07T16:11:58.309+0000] {processor.py:840} INFO - DAG(s) 'example_local_kubernetes_executor' retrieved from /home/airflow/.local/lib/python3.8/site-packages/airflow/example_dags/example_local_kubernetes_executor.py
[2025-12-07T16:11:58.356+0000] {logging_mixin.py:188} INFO - [2025-12-07T16:11:58.356+0000] {dag.py:3036} INFO - Sync 1 DAGs
[2025-12-07T16:11:58.374+0000] {logging_mixin.py:188} INFO - [2025-12-07T16:11:58.373+0000] {dag.py:3823} INFO - Setting next_dagrun for example_local_kubernetes_executor to None, run_after=None
[2025-12-07T16:11:58.409+0000] {processor.py:183} INFO - Processing /home/airflow/.local/lib/python3.8/site-packages/airflow/example_dags/example_local_kubernetes_executor.py took 0.121 seconds
[2025-12-07T16:12:29.124+0000] {processor.py:161} INFO - Started process (PID=2032) to work on /home/airflow/.local/lib/python3.8/site-packages/airflow/example_dags/example_local_kubernetes_executor.py
[2025-12-07T16:12:29.126+0000] {processor.py:830} INFO - Processing file /home/airflow/.local/lib/python3.8/site-packages/airflow/example_dags/example_local_kubernetes_executor.py for tasks to queue
[2025-12-07T16:12:29.129+0000] {logging_mixin.py:188} INFO - [2025-12-07T16:12:29.128+0000] {dagbag.py:538} INFO - Filling up the DagBag from /home/airflow/.local/lib/python3.8/site-packages/airflow/example_dags/example_local_kubernetes_executor.py
[2025-12-07T16:12:29.139+0000] {processor.py:840} INFO - DAG(s) 'example_local_kubernetes_executor' retrieved from /home/airflow/.local/lib/python3.8/site-packages/airflow/example_dags/example_local_kubernetes_executor.py
[2025-12-07T16:12:29.187+0000] {logging_mixin.py:188} INFO - [2025-12-07T16:12:29.187+0000] {dag.py:3036} INFO - Sync 1 DAGs
[2025-12-07T16:12:29.202+0000] {logging_mixin.py:188} INFO - [2025-12-07T16:12:29.202+0000] {dag.py:3823} INFO - Setting next_dagrun for example_local_kubernetes_executor to None, run_after=None
[2025-12-07T16:12:29.233+0000] {processor.py:183} INFO - Processing /home/airflow/.local/lib/python3.8/site-packages/airflow/example_dags/example_local_kubernetes_executor.py took 0.115 seconds
[2025-12-07T16:12:59.790+0000] {processor.py:161} INFO - Started process (PID=2093) to work on /home/airflow/.local/lib/python3.8/site-packages/airflow/example_dags/example_local_kubernetes_executor.py
[2025-12-07T16:12:59.791+0000] {processor.py:830} INFO - Processing file /home/airflow/.local/lib/python3.8/site-packages/airflow/example_dags/example_local_kubernetes_executor.py for tasks to queue
[2025-12-07T16:12:59.796+0000] {logging_mixin.py:188} INFO - [2025-12-07T16:12:59.796+0000] {dagbag.py:538} INFO - Filling up the DagBag from /home/airflow/.local/lib/python3.8/site-packages/airflow/example_dags/example_local_kubernetes_executor.py
[2025-12-07T16:12:59.807+0000] {processor.py:840} INFO - DAG(s) 'example_local_kubernetes_executor' retrieved from /home/airflow/.local/lib/python3.8/site-packages/airflow/example_dags/example_local_kubernetes_executor.py
[2025-12-07T16:12:59.854+0000] {logging_mixin.py:188} INFO - [2025-12-07T16:12:59.854+0000] {dag.py:3036} INFO - Sync 1 DAGs
[2025-12-07T16:12:59.871+0000] {logging_mixin.py:188} INFO - [2025-12-07T16:12:59.871+0000] {dag.py:3823} INFO - Setting next_dagrun for example_local_kubernetes_executor to None, run_after=None
[2025-12-07T16:12:59.904+0000] {processor.py:183} INFO - Processing /home/airflow/.local/lib/python3.8/site-packages/airflow/example_dags/example_local_kubernetes_executor.py took 0.120 seconds
[2025-12-07T16:13:30.519+0000] {processor.py:161} INFO - Started process (PID=2154) to work on /home/airflow/.local/lib/python3.8/site-packages/airflow/example_dags/example_local_kubernetes_executor.py
[2025-12-07T16:13:30.520+0000] {processor.py:830} INFO - Processing file /home/airflow/.local/lib/python3.8/site-packages/airflow/example_dags/example_local_kubernetes_executor.py for tasks to queue
[2025-12-07T16:13:30.523+0000] {logging_mixin.py:188} INFO - [2025-12-07T16:13:30.523+0000] {dagbag.py:538} INFO - Filling up the DagBag from /home/airflow/.local/lib/python3.8/site-packages/airflow/example_dags/example_local_kubernetes_executor.py
[2025-12-07T16:13:30.539+0000] {processor.py:840} INFO - DAG(s) 'example_local_kubernetes_executor' retrieved from /home/airflow/.local/lib/python3.8/site-packages/airflow/example_dags/example_local_kubernetes_executor.py
[2025-12-07T16:13:30.591+0000] {logging_mixin.py:188} INFO - [2025-12-07T16:13:30.590+0000] {dag.py:3036} INFO - Sync 1 DAGs
[2025-12-07T16:13:30.612+0000] {logging_mixin.py:188} INFO - [2025-12-07T16:13:30.611+0000] {dag.py:3823} INFO - Setting next_dagrun for example_local_kubernetes_executor to None, run_after=None
[2025-12-07T16:13:30.656+0000] {processor.py:183} INFO - Processing /home/airflow/.local/lib/python3.8/site-packages/airflow/example_dags/example_local_kubernetes_executor.py took 0.142 seconds
[2025-12-07T16:14:01.490+0000] {processor.py:161} INFO - Started process (PID=2216) to work on /home/airflow/.local/lib/python3.8/site-packages/airflow/example_dags/example_local_kubernetes_executor.py
[2025-12-07T16:14:01.492+0000] {processor.py:830} INFO - Processing file /home/airflow/.local/lib/python3.8/site-packages/airflow/example_dags/example_local_kubernetes_executor.py for tasks to queue
[2025-12-07T16:14:01.495+0000] {logging_mixin.py:188} INFO - [2025-12-07T16:14:01.495+0000] {dagbag.py:538} INFO - Filling up the DagBag from /home/airflow/.local/lib/python3.8/site-packages/airflow/example_dags/example_local_kubernetes_executor.py
[2025-12-07T16:14:01.507+0000] {processor.py:840} INFO - DAG(s) 'example_local_kubernetes_executor' retrieved from /home/airflow/.local/lib/python3.8/site-packages/airflow/example_dags/example_local_kubernetes_executor.py
[2025-12-07T16:14:01.556+0000] {logging_mixin.py:188} INFO - [2025-12-07T16:14:01.555+0000] {dag.py:3036} INFO - Sync 1 DAGs
[2025-12-07T16:14:01.572+0000] {logging_mixin.py:188} INFO - [2025-12-07T16:14:01.572+0000] {dag.py:3823} INFO - Setting next_dagrun for example_local_kubernetes_executor to None, run_after=None
[2025-12-07T16:14:01.606+0000] {processor.py:183} INFO - Processing /home/airflow/.local/lib/python3.8/site-packages/airflow/example_dags/example_local_kubernetes_executor.py took 0.123 seconds
[2025-12-07T16:14:31.783+0000] {processor.py:161} INFO - Started process (PID=2277) to work on /home/airflow/.local/lib/python3.8/site-packages/airflow/example_dags/example_local_kubernetes_executor.py
[2025-12-07T16:14:31.785+0000] {processor.py:830} INFO - Processing file /home/airflow/.local/lib/python3.8/site-packages/airflow/example_dags/example_local_kubernetes_executor.py for tasks to queue
[2025-12-07T16:14:31.788+0000] {logging_mixin.py:188} INFO - [2025-12-07T16:14:31.788+0000] {dagbag.py:538} INFO - Filling up the DagBag from /home/airflow/.local/lib/python3.8/site-packages/airflow/example_dags/example_local_kubernetes_executor.py
[2025-12-07T16:14:31.799+0000] {processor.py:840} INFO - DAG(s) 'example_local_kubernetes_executor' retrieved from /home/airflow/.local/lib/python3.8/site-packages/airflow/example_dags/example_local_kubernetes_executor.py
[2025-12-07T16:14:31.848+0000] {logging_mixin.py:188} INFO - [2025-12-07T16:14:31.847+0000] {dag.py:3036} INFO - Sync 1 DAGs
[2025-12-07T16:14:31.865+0000] {logging_mixin.py:188} INFO - [2025-12-07T16:14:31.865+0000] {dag.py:3823} INFO - Setting next_dagrun for example_local_kubernetes_executor to None, run_after=None
[2025-12-07T16:14:31.900+0000] {processor.py:183} INFO - Processing /home/airflow/.local/lib/python3.8/site-packages/airflow/example_dags/example_local_kubernetes_executor.py took 0.123 seconds
[2025-12-07T16:15:02.414+0000] {processor.py:161} INFO - Started process (PID=2338) to work on /home/airflow/.local/lib/python3.8/site-packages/airflow/example_dags/example_local_kubernetes_executor.py
[2025-12-07T16:15:02.415+0000] {processor.py:830} INFO - Processing file /home/airflow/.local/lib/python3.8/site-packages/airflow/example_dags/example_local_kubernetes_executor.py for tasks to queue
[2025-12-07T16:15:02.417+0000] {logging_mixin.py:188} INFO - [2025-12-07T16:15:02.417+0000] {dagbag.py:538} INFO - Filling up the DagBag from /home/airflow/.local/lib/python3.8/site-packages/airflow/example_dags/example_local_kubernetes_executor.py
[2025-12-07T16:15:02.430+0000] {processor.py:840} INFO - DAG(s) 'example_local_kubernetes_executor' retrieved from /home/airflow/.local/lib/python3.8/site-packages/airflow/example_dags/example_local_kubernetes_executor.py
[2025-12-07T16:15:02.475+0000] {logging_mixin.py:188} INFO - [2025-12-07T16:15:02.474+0000] {dag.py:3036} INFO - Sync 1 DAGs
[2025-12-07T16:15:02.489+0000] {logging_mixin.py:188} INFO - [2025-12-07T16:15:02.489+0000] {dag.py:3823} INFO - Setting next_dagrun for example_local_kubernetes_executor to None, run_after=None
[2025-12-07T16:15:02.520+0000] {processor.py:183} INFO - Processing /home/airflow/.local/lib/python3.8/site-packages/airflow/example_dags/example_local_kubernetes_executor.py took 0.112 seconds
[2025-12-07T16:15:32.775+0000] {processor.py:161} INFO - Started process (PID=2399) to work on /home/airflow/.local/lib/python3.8/site-packages/airflow/example_dags/example_local_kubernetes_executor.py
[2025-12-07T16:15:32.777+0000] {processor.py:830} INFO - Processing file /home/airflow/.local/lib/python3.8/site-packages/airflow/example_dags/example_local_kubernetes_executor.py for tasks to queue
[2025-12-07T16:15:32.780+0000] {logging_mixin.py:188} INFO - [2025-12-07T16:15:32.779+0000] {dagbag.py:538} INFO - Filling up the DagBag from /home/airflow/.local/lib/python3.8/site-packages/airflow/example_dags/example_local_kubernetes_executor.py
[2025-12-07T16:15:32.792+0000] {processor.py:840} INFO - DAG(s) 'example_local_kubernetes_executor' retrieved from /home/airflow/.local/lib/python3.8/site-packages/airflow/example_dags/example_local_kubernetes_executor.py
[2025-12-07T16:15:32.838+0000] {logging_mixin.py:188} INFO - [2025-12-07T16:15:32.838+0000] {dag.py:3036} INFO - Sync 1 DAGs
[2025-12-07T16:15:32.855+0000] {logging_mixin.py:188} INFO - [2025-12-07T16:15:32.855+0000] {dag.py:3823} INFO - Setting next_dagrun for example_local_kubernetes_executor to None, run_after=None
[2025-12-07T16:15:32.888+0000] {processor.py:183} INFO - Processing /home/airflow/.local/lib/python3.8/site-packages/airflow/example_dags/example_local_kubernetes_executor.py took 0.119 seconds
[2025-12-07T16:16:03.602+0000] {processor.py:161} INFO - Started process (PID=2460) to work on /home/airflow/.local/lib/python3.8/site-packages/airflow/example_dags/example_local_kubernetes_executor.py
[2025-12-07T16:16:03.604+0000] {processor.py:830} INFO - Processing file /home/airflow/.local/lib/python3.8/site-packages/airflow/example_dags/example_local_kubernetes_executor.py for tasks to queue
[2025-12-07T16:16:03.607+0000] {logging_mixin.py:188} INFO - [2025-12-07T16:16:03.607+0000] {dagbag.py:538} INFO - Filling up the DagBag from /home/airflow/.local/lib/python3.8/site-packages/airflow/example_dags/example_local_kubernetes_executor.py
[2025-12-07T16:16:03.619+0000] {processor.py:840} INFO - DAG(s) 'example_local_kubernetes_executor' retrieved from /home/airflow/.local/lib/python3.8/site-packages/airflow/example_dags/example_local_kubernetes_executor.py
[2025-12-07T16:16:03.664+0000] {logging_mixin.py:188} INFO - [2025-12-07T16:16:03.663+0000] {dag.py:3036} INFO - Sync 1 DAGs
[2025-12-07T16:16:03.679+0000] {logging_mixin.py:188} INFO - [2025-12-07T16:16:03.679+0000] {dag.py:3823} INFO - Setting next_dagrun for example_local_kubernetes_executor to None, run_after=None
[2025-12-07T16:16:03.711+0000] {processor.py:183} INFO - Processing /home/airflow/.local/lib/python3.8/site-packages/airflow/example_dags/example_local_kubernetes_executor.py took 0.112 seconds
[2025-12-07T16:16:33.941+0000] {processor.py:161} INFO - Started process (PID=2521) to work on /home/airflow/.local/lib/python3.8/site-packages/airflow/example_dags/example_local_kubernetes_executor.py
[2025-12-07T16:16:33.942+0000] {processor.py:830} INFO - Processing file /home/airflow/.local/lib/python3.8/site-packages/airflow/example_dags/example_local_kubernetes_executor.py for tasks to queue
[2025-12-07T16:16:33.949+0000] {logging_mixin.py:188} INFO - [2025-12-07T16:16:33.949+0000] {dagbag.py:538} INFO - Filling up the DagBag from /home/airflow/.local/lib/python3.8/site-packages/airflow/example_dags/example_local_kubernetes_executor.py
[2025-12-07T16:16:33.960+0000] {processor.py:840} INFO - DAG(s) 'example_local_kubernetes_executor' retrieved from /home/airflow/.local/lib/python3.8/site-packages/airflow/example_dags/example_local_kubernetes_executor.py
[2025-12-07T16:16:34.007+0000] {logging_mixin.py:188} INFO - [2025-12-07T16:16:34.006+0000] {dag.py:3036} INFO - Sync 1 DAGs
[2025-12-07T16:16:34.023+0000] {logging_mixin.py:188} INFO - [2025-12-07T16:16:34.022+0000] {dag.py:3823} INFO - Setting next_dagrun for example_local_kubernetes_executor to None, run_after=None
[2025-12-07T16:16:34.058+0000] {processor.py:183} INFO - Processing /home/airflow/.local/lib/python3.8/site-packages/airflow/example_dags/example_local_kubernetes_executor.py took 0.124 seconds
[2025-12-07T16:17:04.878+0000] {processor.py:161} INFO - Started process (PID=2582) to work on /home/airflow/.local/lib/python3.8/site-packages/airflow/example_dags/example_local_kubernetes_executor.py
[2025-12-07T16:17:04.880+0000] {processor.py:830} INFO - Processing file /home/airflow/.local/lib/python3.8/site-packages/airflow/example_dags/example_local_kubernetes_executor.py for tasks to queue
[2025-12-07T16:17:04.884+0000] {logging_mixin.py:188} INFO - [2025-12-07T16:17:04.883+0000] {dagbag.py:538} INFO - Filling up the DagBag from /home/airflow/.local/lib/python3.8/site-packages/airflow/example_dags/example_local_kubernetes_executor.py
[2025-12-07T16:17:04.898+0000] {processor.py:840} INFO - DAG(s) 'example_local_kubernetes_executor' retrieved from /home/airflow/.local/lib/python3.8/site-packages/airflow/example_dags/example_local_kubernetes_executor.py
[2025-12-07T16:17:04.958+0000] {logging_mixin.py:188} INFO - [2025-12-07T16:17:04.958+0000] {dag.py:3036} INFO - Sync 1 DAGs
[2025-12-07T16:17:04.977+0000] {logging_mixin.py:188} INFO - [2025-12-07T16:17:04.977+0000] {dag.py:3823} INFO - Setting next_dagrun for example_local_kubernetes_executor to None, run_after=None
[2025-12-07T16:17:05.016+0000] {processor.py:183} INFO - Processing /home/airflow/.local/lib/python3.8/site-packages/airflow/example_dags/example_local_kubernetes_executor.py took 0.144 seconds
[2025-12-07T16:17:35.842+0000] {processor.py:161} INFO - Started process (PID=2643) to work on /home/airflow/.local/lib/python3.8/site-packages/airflow/example_dags/example_local_kubernetes_executor.py
[2025-12-07T16:17:35.843+0000] {processor.py:830} INFO - Processing file /home/airflow/.local/lib/python3.8/site-packages/airflow/example_dags/example_local_kubernetes_executor.py for tasks to queue
[2025-12-07T16:17:35.847+0000] {logging_mixin.py:188} INFO - [2025-12-07T16:17:35.846+0000] {dagbag.py:538} INFO - Filling up the DagBag from /home/airflow/.local/lib/python3.8/site-packages/airflow/example_dags/example_local_kubernetes_executor.py
[2025-12-07T16:17:35.859+0000] {processor.py:840} INFO - DAG(s) 'example_local_kubernetes_executor' retrieved from /home/airflow/.local/lib/python3.8/site-packages/airflow/example_dags/example_local_kubernetes_executor.py
[2025-12-07T16:17:36.070+0000] {logging_mixin.py:188} INFO - [2025-12-07T16:17:36.070+0000] {dag.py:3036} INFO - Sync 1 DAGs
[2025-12-07T16:17:36.090+0000] {logging_mixin.py:188} INFO - [2025-12-07T16:17:36.089+0000] {dag.py:3823} INFO - Setting next_dagrun for example_local_kubernetes_executor to None, run_after=None
[2025-12-07T16:17:36.123+0000] {processor.py:183} INFO - Processing /home/airflow/.local/lib/python3.8/site-packages/airflow/example_dags/example_local_kubernetes_executor.py took 0.286 seconds
[2025-12-07T16:18:06.253+0000] {processor.py:161} INFO - Started process (PID=2704) to work on /home/airflow/.local/lib/python3.8/site-packages/airflow/example_dags/example_local_kubernetes_executor.py
[2025-12-07T16:18:06.255+0000] {processor.py:830} INFO - Processing file /home/airflow/.local/lib/python3.8/site-packages/airflow/example_dags/example_local_kubernetes_executor.py for tasks to queue
[2025-12-07T16:18:06.258+0000] {logging_mixin.py:188} INFO - [2025-12-07T16:18:06.258+0000] {dagbag.py:538} INFO - Filling up the DagBag from /home/airflow/.local/lib/python3.8/site-packages/airflow/example_dags/example_local_kubernetes_executor.py
[2025-12-07T16:18:06.270+0000] {processor.py:840} INFO - DAG(s) 'example_local_kubernetes_executor' retrieved from /home/airflow/.local/lib/python3.8/site-packages/airflow/example_dags/example_local_kubernetes_executor.py
[2025-12-07T16:18:06.316+0000] {logging_mixin.py:188} INFO - [2025-12-07T16:18:06.316+0000] {dag.py:3036} INFO - Sync 1 DAGs
[2025-12-07T16:18:06.332+0000] {logging_mixin.py:188} INFO - [2025-12-07T16:18:06.332+0000] {dag.py:3823} INFO - Setting next_dagrun for example_local_kubernetes_executor to None, run_after=None
[2025-12-07T16:18:06.361+0000] {processor.py:183} INFO - Processing /home/airflow/.local/lib/python3.8/site-packages/airflow/example_dags/example_local_kubernetes_executor.py took 0.115 seconds
[2025-12-07T16:18:36.427+0000] {processor.py:161} INFO - Started process (PID=2765) to work on /home/airflow/.local/lib/python3.8/site-packages/airflow/example_dags/example_local_kubernetes_executor.py
[2025-12-07T16:18:36.429+0000] {processor.py:830} INFO - Processing file /home/airflow/.local/lib/python3.8/site-packages/airflow/example_dags/example_local_kubernetes_executor.py for tasks to queue
[2025-12-07T16:18:36.435+0000] {logging_mixin.py:188} INFO - [2025-12-07T16:18:36.434+0000] {dagbag.py:538} INFO - Filling up the DagBag from /home/airflow/.local/lib/python3.8/site-packages/airflow/example_dags/example_local_kubernetes_executor.py
[2025-12-07T16:18:36.451+0000] {processor.py:840} INFO - DAG(s) 'example_local_kubernetes_executor' retrieved from /home/airflow/.local/lib/python3.8/site-packages/airflow/example_dags/example_local_kubernetes_executor.py
[2025-12-07T16:18:36.509+0000] {logging_mixin.py:188} INFO - [2025-12-07T16:18:36.509+0000] {dag.py:3036} INFO - Sync 1 DAGs
[2025-12-07T16:18:36.530+0000] {logging_mixin.py:188} INFO - [2025-12-07T16:18:36.529+0000] {dag.py:3823} INFO - Setting next_dagrun for example_local_kubernetes_executor to None, run_after=None
[2025-12-07T16:18:36.567+0000] {processor.py:183} INFO - Processing /home/airflow/.local/lib/python3.8/site-packages/airflow/example_dags/example_local_kubernetes_executor.py took 0.146 seconds
[2025-12-07T16:19:06.714+0000] {processor.py:161} INFO - Started process (PID=2826) to work on /home/airflow/.local/lib/python3.8/site-packages/airflow/example_dags/example_local_kubernetes_executor.py
[2025-12-07T16:19:06.716+0000] {processor.py:830} INFO - Processing file /home/airflow/.local/lib/python3.8/site-packages/airflow/example_dags/example_local_kubernetes_executor.py for tasks to queue
[2025-12-07T16:19:06.719+0000] {logging_mixin.py:188} INFO - [2025-12-07T16:19:06.719+0000] {dagbag.py:538} INFO - Filling up the DagBag from /home/airflow/.local/lib/python3.8/site-packages/airflow/example_dags/example_local_kubernetes_executor.py
[2025-12-07T16:19:06.734+0000] {processor.py:840} INFO - DAG(s) 'example_local_kubernetes_executor' retrieved from /home/airflow/.local/lib/python3.8/site-packages/airflow/example_dags/example_local_kubernetes_executor.py
[2025-12-07T16:19:06.787+0000] {logging_mixin.py:188} INFO - [2025-12-07T16:19:06.786+0000] {dag.py:3036} INFO - Sync 1 DAGs
[2025-12-07T16:19:06.812+0000] {logging_mixin.py:188} INFO - [2025-12-07T16:19:06.811+0000] {dag.py:3823} INFO - Setting next_dagrun for example_local_kubernetes_executor to None, run_after=None
[2025-12-07T16:19:06.847+0000] {processor.py:183} INFO - Processing /home/airflow/.local/lib/python3.8/site-packages/airflow/example_dags/example_local_kubernetes_executor.py took 0.138 seconds
[2025-12-07T16:19:37.306+0000] {processor.py:161} INFO - Started process (PID=2887) to work on /home/airflow/.local/lib/python3.8/site-packages/airflow/example_dags/example_local_kubernetes_executor.py
[2025-12-07T16:19:37.309+0000] {processor.py:830} INFO - Processing file /home/airflow/.local/lib/python3.8/site-packages/airflow/example_dags/example_local_kubernetes_executor.py for tasks to queue
[2025-12-07T16:19:37.311+0000] {logging_mixin.py:188} INFO - [2025-12-07T16:19:37.311+0000] {dagbag.py:538} INFO - Filling up the DagBag from /home/airflow/.local/lib/python3.8/site-packages/airflow/example_dags/example_local_kubernetes_executor.py
[2025-12-07T16:19:37.325+0000] {processor.py:840} INFO - DAG(s) 'example_local_kubernetes_executor' retrieved from /home/airflow/.local/lib/python3.8/site-packages/airflow/example_dags/example_local_kubernetes_executor.py
[2025-12-07T16:19:37.381+0000] {logging_mixin.py:188} INFO - [2025-12-07T16:19:37.380+0000] {dag.py:3036} INFO - Sync 1 DAGs
[2025-12-07T16:19:37.396+0000] {logging_mixin.py:188} INFO - [2025-12-07T16:19:37.396+0000] {dag.py:3823} INFO - Setting next_dagrun for example_local_kubernetes_executor to None, run_after=None
[2025-12-07T16:19:37.432+0000] {processor.py:183} INFO - Processing /home/airflow/.local/lib/python3.8/site-packages/airflow/example_dags/example_local_kubernetes_executor.py took 0.133 seconds
[2025-12-07T16:20:07.859+0000] {processor.py:161} INFO - Started process (PID=2948) to work on /home/airflow/.local/lib/python3.8/site-packages/airflow/example_dags/example_local_kubernetes_executor.py
[2025-12-07T16:20:07.860+0000] {processor.py:830} INFO - Processing file /home/airflow/.local/lib/python3.8/site-packages/airflow/example_dags/example_local_kubernetes_executor.py for tasks to queue
[2025-12-07T16:20:07.863+0000] {logging_mixin.py:188} INFO - [2025-12-07T16:20:07.863+0000] {dagbag.py:538} INFO - Filling up the DagBag from /home/airflow/.local/lib/python3.8/site-packages/airflow/example_dags/example_local_kubernetes_executor.py
[2025-12-07T16:20:07.877+0000] {processor.py:840} INFO - DAG(s) 'example_local_kubernetes_executor' retrieved from /home/airflow/.local/lib/python3.8/site-packages/airflow/example_dags/example_local_kubernetes_executor.py
[2025-12-07T16:20:07.928+0000] {logging_mixin.py:188} INFO - [2025-12-07T16:20:07.928+0000] {dag.py:3036} INFO - Sync 1 DAGs
[2025-12-07T16:20:07.945+0000] {logging_mixin.py:188} INFO - [2025-12-07T16:20:07.945+0000] {dag.py:3823} INFO - Setting next_dagrun for example_local_kubernetes_executor to None, run_after=None
[2025-12-07T16:20:07.980+0000] {processor.py:183} INFO - Processing /home/airflow/.local/lib/python3.8/site-packages/airflow/example_dags/example_local_kubernetes_executor.py took 0.128 seconds
[2025-12-07T16:20:38.473+0000] {processor.py:161} INFO - Started process (PID=3009) to work on /home/airflow/.local/lib/python3.8/site-packages/airflow/example_dags/example_local_kubernetes_executor.py
[2025-12-07T16:20:38.474+0000] {processor.py:830} INFO - Processing file /home/airflow/.local/lib/python3.8/site-packages/airflow/example_dags/example_local_kubernetes_executor.py for tasks to queue
[2025-12-07T16:20:38.478+0000] {logging_mixin.py:188} INFO - [2025-12-07T16:20:38.477+0000] {dagbag.py:538} INFO - Filling up the DagBag from /home/airflow/.local/lib/python3.8/site-packages/airflow/example_dags/example_local_kubernetes_executor.py
[2025-12-07T16:20:38.490+0000] {processor.py:840} INFO - DAG(s) 'example_local_kubernetes_executor' retrieved from /home/airflow/.local/lib/python3.8/site-packages/airflow/example_dags/example_local_kubernetes_executor.py
[2025-12-07T16:20:38.541+0000] {logging_mixin.py:188} INFO - [2025-12-07T16:20:38.541+0000] {dag.py:3036} INFO - Sync 1 DAGs
[2025-12-07T16:20:38.561+0000] {logging_mixin.py:188} INFO - [2025-12-07T16:20:38.561+0000] {dag.py:3823} INFO - Setting next_dagrun for example_local_kubernetes_executor to None, run_after=None
[2025-12-07T16:20:38.596+0000] {processor.py:183} INFO - Processing /home/airflow/.local/lib/python3.8/site-packages/airflow/example_dags/example_local_kubernetes_executor.py took 0.128 seconds
[2025-12-07T16:21:08.997+0000] {processor.py:161} INFO - Started process (PID=3070) to work on /home/airflow/.local/lib/python3.8/site-packages/airflow/example_dags/example_local_kubernetes_executor.py
[2025-12-07T16:21:08.998+0000] {processor.py:830} INFO - Processing file /home/airflow/.local/lib/python3.8/site-packages/airflow/example_dags/example_local_kubernetes_executor.py for tasks to queue
[2025-12-07T16:21:09.001+0000] {logging_mixin.py:188} INFO - [2025-12-07T16:21:09.001+0000] {dagbag.py:538} INFO - Filling up the DagBag from /home/airflow/.local/lib/python3.8/site-packages/airflow/example_dags/example_local_kubernetes_executor.py
[2025-12-07T16:21:09.014+0000] {processor.py:840} INFO - DAG(s) 'example_local_kubernetes_executor' retrieved from /home/airflow/.local/lib/python3.8/site-packages/airflow/example_dags/example_local_kubernetes_executor.py
[2025-12-07T16:21:09.069+0000] {logging_mixin.py:188} INFO - [2025-12-07T16:21:09.068+0000] {dag.py:3036} INFO - Sync 1 DAGs
[2025-12-07T16:21:09.090+0000] {logging_mixin.py:188} INFO - [2025-12-07T16:21:09.089+0000] {dag.py:3823} INFO - Setting next_dagrun for example_local_kubernetes_executor to None, run_after=None
[2025-12-07T16:21:09.130+0000] {processor.py:183} INFO - Processing /home/airflow/.local/lib/python3.8/site-packages/airflow/example_dags/example_local_kubernetes_executor.py took 0.138 seconds
[2025-12-07T16:21:39.524+0000] {processor.py:161} INFO - Started process (PID=3131) to work on /home/airflow/.local/lib/python3.8/site-packages/airflow/example_dags/example_local_kubernetes_executor.py
[2025-12-07T16:21:39.525+0000] {processor.py:830} INFO - Processing file /home/airflow/.local/lib/python3.8/site-packages/airflow/example_dags/example_local_kubernetes_executor.py for tasks to queue
[2025-12-07T16:21:39.528+0000] {logging_mixin.py:188} INFO - [2025-12-07T16:21:39.527+0000] {dagbag.py:538} INFO - Filling up the DagBag from /home/airflow/.local/lib/python3.8/site-packages/airflow/example_dags/example_local_kubernetes_executor.py
[2025-12-07T16:21:39.539+0000] {processor.py:840} INFO - DAG(s) 'example_local_kubernetes_executor' retrieved from /home/airflow/.local/lib/python3.8/site-packages/airflow/example_dags/example_local_kubernetes_executor.py
[2025-12-07T16:21:39.592+0000] {logging_mixin.py:188} INFO - [2025-12-07T16:21:39.592+0000] {dag.py:3036} INFO - Sync 1 DAGs
[2025-12-07T16:21:39.612+0000] {logging_mixin.py:188} INFO - [2025-12-07T16:21:39.612+0000] {dag.py:3823} INFO - Setting next_dagrun for example_local_kubernetes_executor to None, run_after=None
[2025-12-07T16:21:39.650+0000] {processor.py:183} INFO - Processing /home/airflow/.local/lib/python3.8/site-packages/airflow/example_dags/example_local_kubernetes_executor.py took 0.131 seconds
[2025-12-07T16:22:10.071+0000] {processor.py:161} INFO - Started process (PID=3192) to work on /home/airflow/.local/lib/python3.8/site-packages/airflow/example_dags/example_local_kubernetes_executor.py
[2025-12-07T16:22:10.073+0000] {processor.py:830} INFO - Processing file /home/airflow/.local/lib/python3.8/site-packages/airflow/example_dags/example_local_kubernetes_executor.py for tasks to queue
[2025-12-07T16:22:10.075+0000] {logging_mixin.py:188} INFO - [2025-12-07T16:22:10.075+0000] {dagbag.py:538} INFO - Filling up the DagBag from /home/airflow/.local/lib/python3.8/site-packages/airflow/example_dags/example_local_kubernetes_executor.py
[2025-12-07T16:22:10.086+0000] {processor.py:840} INFO - DAG(s) 'example_local_kubernetes_executor' retrieved from /home/airflow/.local/lib/python3.8/site-packages/airflow/example_dags/example_local_kubernetes_executor.py
[2025-12-07T16:22:10.133+0000] {logging_mixin.py:188} INFO - [2025-12-07T16:22:10.133+0000] {dag.py:3036} INFO - Sync 1 DAGs
[2025-12-07T16:22:10.149+0000] {logging_mixin.py:188} INFO - [2025-12-07T16:22:10.148+0000] {dag.py:3823} INFO - Setting next_dagrun for example_local_kubernetes_executor to None, run_after=None
[2025-12-07T16:22:10.184+0000] {processor.py:183} INFO - Processing /home/airflow/.local/lib/python3.8/site-packages/airflow/example_dags/example_local_kubernetes_executor.py took 0.117 seconds
[2025-12-07T16:22:40.584+0000] {processor.py:161} INFO - Started process (PID=3253) to work on /home/airflow/.local/lib/python3.8/site-packages/airflow/example_dags/example_local_kubernetes_executor.py
[2025-12-07T16:22:40.586+0000] {processor.py:830} INFO - Processing file /home/airflow/.local/lib/python3.8/site-packages/airflow/example_dags/example_local_kubernetes_executor.py for tasks to queue
[2025-12-07T16:22:40.589+0000] {logging_mixin.py:188} INFO - [2025-12-07T16:22:40.588+0000] {dagbag.py:538} INFO - Filling up the DagBag from /home/airflow/.local/lib/python3.8/site-packages/airflow/example_dags/example_local_kubernetes_executor.py
[2025-12-07T16:22:40.601+0000] {processor.py:840} INFO - DAG(s) 'example_local_kubernetes_executor' retrieved from /home/airflow/.local/lib/python3.8/site-packages/airflow/example_dags/example_local_kubernetes_executor.py
[2025-12-07T16:22:40.649+0000] {logging_mixin.py:188} INFO - [2025-12-07T16:22:40.649+0000] {dag.py:3036} INFO - Sync 1 DAGs
[2025-12-07T16:22:40.666+0000] {logging_mixin.py:188} INFO - [2025-12-07T16:22:40.666+0000] {dag.py:3823} INFO - Setting next_dagrun for example_local_kubernetes_executor to None, run_after=None
[2025-12-07T16:22:40.701+0000] {processor.py:183} INFO - Processing /home/airflow/.local/lib/python3.8/site-packages/airflow/example_dags/example_local_kubernetes_executor.py took 0.123 seconds
[2025-12-07T16:23:11.200+0000] {processor.py:161} INFO - Started process (PID=3314) to work on /home/airflow/.local/lib/python3.8/site-packages/airflow/example_dags/example_local_kubernetes_executor.py
[2025-12-07T16:23:11.201+0000] {processor.py:830} INFO - Processing file /home/airflow/.local/lib/python3.8/site-packages/airflow/example_dags/example_local_kubernetes_executor.py for tasks to queue
[2025-12-07T16:23:11.205+0000] {logging_mixin.py:188} INFO - [2025-12-07T16:23:11.204+0000] {dagbag.py:538} INFO - Filling up the DagBag from /home/airflow/.local/lib/python3.8/site-packages/airflow/example_dags/example_local_kubernetes_executor.py
[2025-12-07T16:23:11.215+0000] {processor.py:840} INFO - DAG(s) 'example_local_kubernetes_executor' retrieved from /home/airflow/.local/lib/python3.8/site-packages/airflow/example_dags/example_local_kubernetes_executor.py
[2025-12-07T16:23:11.267+0000] {logging_mixin.py:188} INFO - [2025-12-07T16:23:11.267+0000] {dag.py:3036} INFO - Sync 1 DAGs
[2025-12-07T16:23:11.285+0000] {logging_mixin.py:188} INFO - [2025-12-07T16:23:11.285+0000] {dag.py:3823} INFO - Setting next_dagrun for example_local_kubernetes_executor to None, run_after=None
[2025-12-07T16:23:11.318+0000] {processor.py:183} INFO - Processing /home/airflow/.local/lib/python3.8/site-packages/airflow/example_dags/example_local_kubernetes_executor.py took 0.124 seconds
[2025-12-07T16:23:41.606+0000] {processor.py:161} INFO - Started process (PID=3375) to work on /home/airflow/.local/lib/python3.8/site-packages/airflow/example_dags/example_local_kubernetes_executor.py
[2025-12-07T16:23:41.608+0000] {processor.py:830} INFO - Processing file /home/airflow/.local/lib/python3.8/site-packages/airflow/example_dags/example_local_kubernetes_executor.py for tasks to queue
[2025-12-07T16:23:41.610+0000] {logging_mixin.py:188} INFO - [2025-12-07T16:23:41.610+0000] {dagbag.py:538} INFO - Filling up the DagBag from /home/airflow/.local/lib/python3.8/site-packages/airflow/example_dags/example_local_kubernetes_executor.py
[2025-12-07T16:23:41.625+0000] {processor.py:840} INFO - DAG(s) 'example_local_kubernetes_executor' retrieved from /home/airflow/.local/lib/python3.8/site-packages/airflow/example_dags/example_local_kubernetes_executor.py
[2025-12-07T16:23:41.675+0000] {logging_mixin.py:188} INFO - [2025-12-07T16:23:41.675+0000] {dag.py:3036} INFO - Sync 1 DAGs
[2025-12-07T16:23:41.692+0000] {logging_mixin.py:188} INFO - [2025-12-07T16:23:41.691+0000] {dag.py:3823} INFO - Setting next_dagrun for example_local_kubernetes_executor to None, run_after=None
[2025-12-07T16:23:41.727+0000] {processor.py:183} INFO - Processing /home/airflow/.local/lib/python3.8/site-packages/airflow/example_dags/example_local_kubernetes_executor.py took 0.125 seconds
[2025-12-07T16:24:11.918+0000] {processor.py:161} INFO - Started process (PID=3436) to work on /home/airflow/.local/lib/python3.8/site-packages/airflow/example_dags/example_local_kubernetes_executor.py
[2025-12-07T16:24:11.920+0000] {processor.py:830} INFO - Processing file /home/airflow/.local/lib/python3.8/site-packages/airflow/example_dags/example_local_kubernetes_executor.py for tasks to queue
[2025-12-07T16:24:11.923+0000] {logging_mixin.py:188} INFO - [2025-12-07T16:24:11.923+0000] {dagbag.py:538} INFO - Filling up the DagBag from /home/airflow/.local/lib/python3.8/site-packages/airflow/example_dags/example_local_kubernetes_executor.py
[2025-12-07T16:24:11.935+0000] {processor.py:840} INFO - DAG(s) 'example_local_kubernetes_executor' retrieved from /home/airflow/.local/lib/python3.8/site-packages/airflow/example_dags/example_local_kubernetes_executor.py
[2025-12-07T16:24:11.990+0000] {logging_mixin.py:188} INFO - [2025-12-07T16:24:11.990+0000] {dag.py:3036} INFO - Sync 1 DAGs
[2025-12-07T16:24:12.009+0000] {logging_mixin.py:188} INFO - [2025-12-07T16:24:12.008+0000] {dag.py:3823} INFO - Setting next_dagrun for example_local_kubernetes_executor to None, run_after=None
[2025-12-07T16:24:12.040+0000] {processor.py:183} INFO - Processing /home/airflow/.local/lib/python3.8/site-packages/airflow/example_dags/example_local_kubernetes_executor.py took 0.127 seconds
[2025-12-07T16:24:42.555+0000] {processor.py:161} INFO - Started process (PID=3497) to work on /home/airflow/.local/lib/python3.8/site-packages/airflow/example_dags/example_local_kubernetes_executor.py
[2025-12-07T16:24:42.557+0000] {processor.py:830} INFO - Processing file /home/airflow/.local/lib/python3.8/site-packages/airflow/example_dags/example_local_kubernetes_executor.py for tasks to queue
[2025-12-07T16:24:42.561+0000] {logging_mixin.py:188} INFO - [2025-12-07T16:24:42.561+0000] {dagbag.py:538} INFO - Filling up the DagBag from /home/airflow/.local/lib/python3.8/site-packages/airflow/example_dags/example_local_kubernetes_executor.py
[2025-12-07T16:24:42.572+0000] {processor.py:840} INFO - DAG(s) 'example_local_kubernetes_executor' retrieved from /home/airflow/.local/lib/python3.8/site-packages/airflow/example_dags/example_local_kubernetes_executor.py
[2025-12-07T16:24:42.621+0000] {logging_mixin.py:188} INFO - [2025-12-07T16:24:42.620+0000] {dag.py:3036} INFO - Sync 1 DAGs
[2025-12-07T16:24:42.639+0000] {logging_mixin.py:188} INFO - [2025-12-07T16:24:42.639+0000] {dag.py:3823} INFO - Setting next_dagrun for example_local_kubernetes_executor to None, run_after=None
[2025-12-07T16:24:42.673+0000] {processor.py:183} INFO - Processing /home/airflow/.local/lib/python3.8/site-packages/airflow/example_dags/example_local_kubernetes_executor.py took 0.124 seconds
[2025-12-07T16:25:13.195+0000] {processor.py:161} INFO - Started process (PID=3559) to work on /home/airflow/.local/lib/python3.8/site-packages/airflow/example_dags/example_local_kubernetes_executor.py
[2025-12-07T16:25:13.197+0000] {processor.py:830} INFO - Processing file /home/airflow/.local/lib/python3.8/site-packages/airflow/example_dags/example_local_kubernetes_executor.py for tasks to queue
[2025-12-07T16:25:13.201+0000] {logging_mixin.py:188} INFO - [2025-12-07T16:25:13.200+0000] {dagbag.py:538} INFO - Filling up the DagBag from /home/airflow/.local/lib/python3.8/site-packages/airflow/example_dags/example_local_kubernetes_executor.py
[2025-12-07T16:25:13.218+0000] {processor.py:840} INFO - DAG(s) 'example_local_kubernetes_executor' retrieved from /home/airflow/.local/lib/python3.8/site-packages/airflow/example_dags/example_local_kubernetes_executor.py
[2025-12-07T16:25:13.270+0000] {logging_mixin.py:188} INFO - [2025-12-07T16:25:13.269+0000] {dag.py:3036} INFO - Sync 1 DAGs
[2025-12-07T16:25:13.288+0000] {logging_mixin.py:188} INFO - [2025-12-07T16:25:13.287+0000] {dag.py:3823} INFO - Setting next_dagrun for example_local_kubernetes_executor to None, run_after=None
[2025-12-07T16:25:13.324+0000] {processor.py:183} INFO - Processing /home/airflow/.local/lib/python3.8/site-packages/airflow/example_dags/example_local_kubernetes_executor.py took 0.138 seconds
[2025-12-07T16:25:43.779+0000] {processor.py:161} INFO - Started process (PID=3620) to work on /home/airflow/.local/lib/python3.8/site-packages/airflow/example_dags/example_local_kubernetes_executor.py
[2025-12-07T16:25:43.781+0000] {processor.py:830} INFO - Processing file /home/airflow/.local/lib/python3.8/site-packages/airflow/example_dags/example_local_kubernetes_executor.py for tasks to queue
[2025-12-07T16:25:43.784+0000] {logging_mixin.py:188} INFO - [2025-12-07T16:25:43.783+0000] {dagbag.py:538} INFO - Filling up the DagBag from /home/airflow/.local/lib/python3.8/site-packages/airflow/example_dags/example_local_kubernetes_executor.py
[2025-12-07T16:25:43.795+0000] {processor.py:840} INFO - DAG(s) 'example_local_kubernetes_executor' retrieved from /home/airflow/.local/lib/python3.8/site-packages/airflow/example_dags/example_local_kubernetes_executor.py
[2025-12-07T16:25:43.842+0000] {logging_mixin.py:188} INFO - [2025-12-07T16:25:43.841+0000] {dag.py:3036} INFO - Sync 1 DAGs
[2025-12-07T16:25:43.858+0000] {logging_mixin.py:188} INFO - [2025-12-07T16:25:43.858+0000] {dag.py:3823} INFO - Setting next_dagrun for example_local_kubernetes_executor to None, run_after=None
[2025-12-07T16:25:43.889+0000] {processor.py:183} INFO - Processing /home/airflow/.local/lib/python3.8/site-packages/airflow/example_dags/example_local_kubernetes_executor.py took 0.115 seconds
[2025-12-07T16:26:14.346+0000] {processor.py:161} INFO - Started process (PID=3681) to work on /home/airflow/.local/lib/python3.8/site-packages/airflow/example_dags/example_local_kubernetes_executor.py
[2025-12-07T16:26:14.348+0000] {processor.py:830} INFO - Processing file /home/airflow/.local/lib/python3.8/site-packages/airflow/example_dags/example_local_kubernetes_executor.py for tasks to queue
[2025-12-07T16:26:14.352+0000] {logging_mixin.py:188} INFO - [2025-12-07T16:26:14.352+0000] {dagbag.py:538} INFO - Filling up the DagBag from /home/airflow/.local/lib/python3.8/site-packages/airflow/example_dags/example_local_kubernetes_executor.py
[2025-12-07T16:26:14.368+0000] {processor.py:840} INFO - DAG(s) 'example_local_kubernetes_executor' retrieved from /home/airflow/.local/lib/python3.8/site-packages/airflow/example_dags/example_local_kubernetes_executor.py
[2025-12-07T16:26:14.422+0000] {logging_mixin.py:188} INFO - [2025-12-07T16:26:14.422+0000] {dag.py:3036} INFO - Sync 1 DAGs
[2025-12-07T16:26:14.439+0000] {logging_mixin.py:188} INFO - [2025-12-07T16:26:14.438+0000] {dag.py:3823} INFO - Setting next_dagrun for example_local_kubernetes_executor to None, run_after=None
[2025-12-07T16:26:14.471+0000] {processor.py:183} INFO - Processing /home/airflow/.local/lib/python3.8/site-packages/airflow/example_dags/example_local_kubernetes_executor.py took 0.132 seconds
[2025-12-07T16:26:44.753+0000] {processor.py:161} INFO - Started process (PID=3742) to work on /home/airflow/.local/lib/python3.8/site-packages/airflow/example_dags/example_local_kubernetes_executor.py
[2025-12-07T16:26:44.755+0000] {processor.py:830} INFO - Processing file /home/airflow/.local/lib/python3.8/site-packages/airflow/example_dags/example_local_kubernetes_executor.py for tasks to queue
[2025-12-07T16:26:44.757+0000] {logging_mixin.py:188} INFO - [2025-12-07T16:26:44.757+0000] {dagbag.py:538} INFO - Filling up the DagBag from /home/airflow/.local/lib/python3.8/site-packages/airflow/example_dags/example_local_kubernetes_executor.py
[2025-12-07T16:26:44.767+0000] {processor.py:840} INFO - DAG(s) 'example_local_kubernetes_executor' retrieved from /home/airflow/.local/lib/python3.8/site-packages/airflow/example_dags/example_local_kubernetes_executor.py
[2025-12-07T16:26:44.812+0000] {logging_mixin.py:188} INFO - [2025-12-07T16:26:44.811+0000] {dag.py:3036} INFO - Sync 1 DAGs
[2025-12-07T16:26:44.826+0000] {logging_mixin.py:188} INFO - [2025-12-07T16:26:44.826+0000] {dag.py:3823} INFO - Setting next_dagrun for example_local_kubernetes_executor to None, run_after=None
[2025-12-07T16:26:44.857+0000] {processor.py:183} INFO - Processing /home/airflow/.local/lib/python3.8/site-packages/airflow/example_dags/example_local_kubernetes_executor.py took 0.107 seconds
[2025-12-07T16:27:15.044+0000] {processor.py:161} INFO - Started process (PID=3803) to work on /home/airflow/.local/lib/python3.8/site-packages/airflow/example_dags/example_local_kubernetes_executor.py
[2025-12-07T16:27:15.046+0000] {processor.py:830} INFO - Processing file /home/airflow/.local/lib/python3.8/site-packages/airflow/example_dags/example_local_kubernetes_executor.py for tasks to queue
[2025-12-07T16:27:15.049+0000] {logging_mixin.py:188} INFO - [2025-12-07T16:27:15.048+0000] {dagbag.py:538} INFO - Filling up the DagBag from /home/airflow/.local/lib/python3.8/site-packages/airflow/example_dags/example_local_kubernetes_executor.py
[2025-12-07T16:27:15.060+0000] {processor.py:840} INFO - DAG(s) 'example_local_kubernetes_executor' retrieved from /home/airflow/.local/lib/python3.8/site-packages/airflow/example_dags/example_local_kubernetes_executor.py
[2025-12-07T16:27:15.110+0000] {logging_mixin.py:188} INFO - [2025-12-07T16:27:15.110+0000] {dag.py:3036} INFO - Sync 1 DAGs
[2025-12-07T16:27:15.128+0000] {logging_mixin.py:188} INFO - [2025-12-07T16:27:15.128+0000] {dag.py:3823} INFO - Setting next_dagrun for example_local_kubernetes_executor to None, run_after=None
[2025-12-07T16:27:15.165+0000] {processor.py:183} INFO - Processing /home/airflow/.local/lib/python3.8/site-packages/airflow/example_dags/example_local_kubernetes_executor.py took 0.128 seconds
[2025-12-07T16:27:45.220+0000] {processor.py:161} INFO - Started process (PID=3864) to work on /home/airflow/.local/lib/python3.8/site-packages/airflow/example_dags/example_local_kubernetes_executor.py
[2025-12-07T16:27:45.221+0000] {processor.py:830} INFO - Processing file /home/airflow/.local/lib/python3.8/site-packages/airflow/example_dags/example_local_kubernetes_executor.py for tasks to queue
[2025-12-07T16:27:45.225+0000] {logging_mixin.py:188} INFO - [2025-12-07T16:27:45.224+0000] {dagbag.py:538} INFO - Filling up the DagBag from /home/airflow/.local/lib/python3.8/site-packages/airflow/example_dags/example_local_kubernetes_executor.py
[2025-12-07T16:27:45.237+0000] {processor.py:840} INFO - DAG(s) 'example_local_kubernetes_executor' retrieved from /home/airflow/.local/lib/python3.8/site-packages/airflow/example_dags/example_local_kubernetes_executor.py
[2025-12-07T16:27:45.286+0000] {logging_mixin.py:188} INFO - [2025-12-07T16:27:45.286+0000] {dag.py:3036} INFO - Sync 1 DAGs
[2025-12-07T16:27:45.306+0000] {logging_mixin.py:188} INFO - [2025-12-07T16:27:45.305+0000] {dag.py:3823} INFO - Setting next_dagrun for example_local_kubernetes_executor to None, run_after=None
[2025-12-07T16:27:45.341+0000] {processor.py:183} INFO - Processing /home/airflow/.local/lib/python3.8/site-packages/airflow/example_dags/example_local_kubernetes_executor.py took 0.127 seconds
[2025-12-07T16:28:15.746+0000] {processor.py:161} INFO - Started process (PID=3925) to work on /home/airflow/.local/lib/python3.8/site-packages/airflow/example_dags/example_local_kubernetes_executor.py
[2025-12-07T16:28:15.748+0000] {processor.py:830} INFO - Processing file /home/airflow/.local/lib/python3.8/site-packages/airflow/example_dags/example_local_kubernetes_executor.py for tasks to queue
[2025-12-07T16:28:15.753+0000] {logging_mixin.py:188} INFO - [2025-12-07T16:28:15.753+0000] {dagbag.py:538} INFO - Filling up the DagBag from /home/airflow/.local/lib/python3.8/site-packages/airflow/example_dags/example_local_kubernetes_executor.py
[2025-12-07T16:28:15.769+0000] {processor.py:840} INFO - DAG(s) 'example_local_kubernetes_executor' retrieved from /home/airflow/.local/lib/python3.8/site-packages/airflow/example_dags/example_local_kubernetes_executor.py
[2025-12-07T16:28:15.848+0000] {logging_mixin.py:188} INFO - [2025-12-07T16:28:15.847+0000] {dag.py:3036} INFO - Sync 1 DAGs
[2025-12-07T16:28:15.872+0000] {logging_mixin.py:188} INFO - [2025-12-07T16:28:15.871+0000] {dag.py:3823} INFO - Setting next_dagrun for example_local_kubernetes_executor to None, run_after=None
[2025-12-07T16:28:15.911+0000] {processor.py:183} INFO - Processing /home/airflow/.local/lib/python3.8/site-packages/airflow/example_dags/example_local_kubernetes_executor.py took 0.172 seconds
[2025-12-07T16:28:46.659+0000] {processor.py:161} INFO - Started process (PID=3986) to work on /home/airflow/.local/lib/python3.8/site-packages/airflow/example_dags/example_local_kubernetes_executor.py
[2025-12-07T16:28:46.662+0000] {processor.py:830} INFO - Processing file /home/airflow/.local/lib/python3.8/site-packages/airflow/example_dags/example_local_kubernetes_executor.py for tasks to queue
[2025-12-07T16:28:46.665+0000] {logging_mixin.py:188} INFO - [2025-12-07T16:28:46.664+0000] {dagbag.py:538} INFO - Filling up the DagBag from /home/airflow/.local/lib/python3.8/site-packages/airflow/example_dags/example_local_kubernetes_executor.py
[2025-12-07T16:28:46.677+0000] {processor.py:840} INFO - DAG(s) 'example_local_kubernetes_executor' retrieved from /home/airflow/.local/lib/python3.8/site-packages/airflow/example_dags/example_local_kubernetes_executor.py
[2025-12-07T16:28:46.727+0000] {logging_mixin.py:188} INFO - [2025-12-07T16:28:46.727+0000] {dag.py:3036} INFO - Sync 1 DAGs
[2025-12-07T16:28:46.743+0000] {logging_mixin.py:188} INFO - [2025-12-07T16:28:46.743+0000] {dag.py:3823} INFO - Setting next_dagrun for example_local_kubernetes_executor to None, run_after=None
[2025-12-07T16:28:46.777+0000] {processor.py:183} INFO - Processing /home/airflow/.local/lib/python3.8/site-packages/airflow/example_dags/example_local_kubernetes_executor.py took 0.124 seconds
[2025-12-07T16:29:16.978+0000] {processor.py:161} INFO - Started process (PID=4047) to work on /home/airflow/.local/lib/python3.8/site-packages/airflow/example_dags/example_local_kubernetes_executor.py
[2025-12-07T16:29:16.980+0000] {processor.py:830} INFO - Processing file /home/airflow/.local/lib/python3.8/site-packages/airflow/example_dags/example_local_kubernetes_executor.py for tasks to queue
[2025-12-07T16:29:16.983+0000] {logging_mixin.py:188} INFO - [2025-12-07T16:29:16.983+0000] {dagbag.py:538} INFO - Filling up the DagBag from /home/airflow/.local/lib/python3.8/site-packages/airflow/example_dags/example_local_kubernetes_executor.py
[2025-12-07T16:29:16.997+0000] {processor.py:840} INFO - DAG(s) 'example_local_kubernetes_executor' retrieved from /home/airflow/.local/lib/python3.8/site-packages/airflow/example_dags/example_local_kubernetes_executor.py
[2025-12-07T16:29:17.043+0000] {logging_mixin.py:188} INFO - [2025-12-07T16:29:17.043+0000] {dag.py:3036} INFO - Sync 1 DAGs
[2025-12-07T16:29:17.064+0000] {logging_mixin.py:188} INFO - [2025-12-07T16:29:17.064+0000] {dag.py:3823} INFO - Setting next_dagrun for example_local_kubernetes_executor to None, run_after=None
[2025-12-07T16:29:17.098+0000] {processor.py:183} INFO - Processing /home/airflow/.local/lib/python3.8/site-packages/airflow/example_dags/example_local_kubernetes_executor.py took 0.126 seconds
[2025-12-07T16:29:47.597+0000] {processor.py:161} INFO - Started process (PID=4108) to work on /home/airflow/.local/lib/python3.8/site-packages/airflow/example_dags/example_local_kubernetes_executor.py
[2025-12-07T16:29:47.600+0000] {processor.py:830} INFO - Processing file /home/airflow/.local/lib/python3.8/site-packages/airflow/example_dags/example_local_kubernetes_executor.py for tasks to queue
[2025-12-07T16:29:47.603+0000] {logging_mixin.py:188} INFO - [2025-12-07T16:29:47.602+0000] {dagbag.py:538} INFO - Filling up the DagBag from /home/airflow/.local/lib/python3.8/site-packages/airflow/example_dags/example_local_kubernetes_executor.py
[2025-12-07T16:29:47.614+0000] {processor.py:840} INFO - DAG(s) 'example_local_kubernetes_executor' retrieved from /home/airflow/.local/lib/python3.8/site-packages/airflow/example_dags/example_local_kubernetes_executor.py
[2025-12-07T16:29:47.661+0000] {logging_mixin.py:188} INFO - [2025-12-07T16:29:47.660+0000] {dag.py:3036} INFO - Sync 1 DAGs
[2025-12-07T16:29:47.677+0000] {logging_mixin.py:188} INFO - [2025-12-07T16:29:47.676+0000] {dag.py:3823} INFO - Setting next_dagrun for example_local_kubernetes_executor to None, run_after=None
[2025-12-07T16:29:47.707+0000] {processor.py:183} INFO - Processing /home/airflow/.local/lib/python3.8/site-packages/airflow/example_dags/example_local_kubernetes_executor.py took 0.119 seconds
[2025-12-07T16:30:18.015+0000] {processor.py:161} INFO - Started process (PID=4169) to work on /home/airflow/.local/lib/python3.8/site-packages/airflow/example_dags/example_local_kubernetes_executor.py
[2025-12-07T16:30:18.017+0000] {processor.py:830} INFO - Processing file /home/airflow/.local/lib/python3.8/site-packages/airflow/example_dags/example_local_kubernetes_executor.py for tasks to queue
[2025-12-07T16:30:18.019+0000] {logging_mixin.py:188} INFO - [2025-12-07T16:30:18.019+0000] {dagbag.py:538} INFO - Filling up the DagBag from /home/airflow/.local/lib/python3.8/site-packages/airflow/example_dags/example_local_kubernetes_executor.py
[2025-12-07T16:30:18.032+0000] {processor.py:840} INFO - DAG(s) 'example_local_kubernetes_executor' retrieved from /home/airflow/.local/lib/python3.8/site-packages/airflow/example_dags/example_local_kubernetes_executor.py
[2025-12-07T16:30:18.090+0000] {logging_mixin.py:188} INFO - [2025-12-07T16:30:18.090+0000] {dag.py:3036} INFO - Sync 1 DAGs
[2025-12-07T16:30:18.112+0000] {logging_mixin.py:188} INFO - [2025-12-07T16:30:18.112+0000] {dag.py:3823} INFO - Setting next_dagrun for example_local_kubernetes_executor to None, run_after=None
[2025-12-07T16:30:18.151+0000] {processor.py:183} INFO - Processing /home/airflow/.local/lib/python3.8/site-packages/airflow/example_dags/example_local_kubernetes_executor.py took 0.141 seconds
[2025-12-07T16:30:48.545+0000] {processor.py:161} INFO - Started process (PID=4236) to work on /home/airflow/.local/lib/python3.8/site-packages/airflow/example_dags/example_local_kubernetes_executor.py
[2025-12-07T16:30:48.547+0000] {processor.py:830} INFO - Processing file /home/airflow/.local/lib/python3.8/site-packages/airflow/example_dags/example_local_kubernetes_executor.py for tasks to queue
[2025-12-07T16:30:48.550+0000] {logging_mixin.py:188} INFO - [2025-12-07T16:30:48.550+0000] {dagbag.py:538} INFO - Filling up the DagBag from /home/airflow/.local/lib/python3.8/site-packages/airflow/example_dags/example_local_kubernetes_executor.py
[2025-12-07T16:30:48.563+0000] {processor.py:840} INFO - DAG(s) 'example_local_kubernetes_executor' retrieved from /home/airflow/.local/lib/python3.8/site-packages/airflow/example_dags/example_local_kubernetes_executor.py
[2025-12-07T16:30:48.612+0000] {logging_mixin.py:188} INFO - [2025-12-07T16:30:48.611+0000] {dag.py:3036} INFO - Sync 1 DAGs
[2025-12-07T16:30:48.629+0000] {logging_mixin.py:188} INFO - [2025-12-07T16:30:48.629+0000] {dag.py:3823} INFO - Setting next_dagrun for example_local_kubernetes_executor to None, run_after=None
[2025-12-07T16:30:48.667+0000] {processor.py:183} INFO - Processing /home/airflow/.local/lib/python3.8/site-packages/airflow/example_dags/example_local_kubernetes_executor.py took 0.128 seconds
[2025-12-07T16:31:19.268+0000] {processor.py:161} INFO - Started process (PID=4297) to work on /home/airflow/.local/lib/python3.8/site-packages/airflow/example_dags/example_local_kubernetes_executor.py
[2025-12-07T16:31:19.269+0000] {processor.py:830} INFO - Processing file /home/airflow/.local/lib/python3.8/site-packages/airflow/example_dags/example_local_kubernetes_executor.py for tasks to queue
[2025-12-07T16:31:19.272+0000] {logging_mixin.py:188} INFO - [2025-12-07T16:31:19.271+0000] {dagbag.py:538} INFO - Filling up the DagBag from /home/airflow/.local/lib/python3.8/site-packages/airflow/example_dags/example_local_kubernetes_executor.py
[2025-12-07T16:31:19.284+0000] {processor.py:840} INFO - DAG(s) 'example_local_kubernetes_executor' retrieved from /home/airflow/.local/lib/python3.8/site-packages/airflow/example_dags/example_local_kubernetes_executor.py
[2025-12-07T16:31:19.331+0000] {logging_mixin.py:188} INFO - [2025-12-07T16:31:19.331+0000] {dag.py:3036} INFO - Sync 1 DAGs
[2025-12-07T16:31:19.347+0000] {logging_mixin.py:188} INFO - [2025-12-07T16:31:19.347+0000] {dag.py:3823} INFO - Setting next_dagrun for example_local_kubernetes_executor to None, run_after=None
[2025-12-07T16:31:19.382+0000] {processor.py:183} INFO - Processing /home/airflow/.local/lib/python3.8/site-packages/airflow/example_dags/example_local_kubernetes_executor.py took 0.120 seconds
[2025-12-07T16:31:49.592+0000] {processor.py:161} INFO - Started process (PID=4358) to work on /home/airflow/.local/lib/python3.8/site-packages/airflow/example_dags/example_local_kubernetes_executor.py
[2025-12-07T16:31:49.593+0000] {processor.py:830} INFO - Processing file /home/airflow/.local/lib/python3.8/site-packages/airflow/example_dags/example_local_kubernetes_executor.py for tasks to queue
[2025-12-07T16:31:49.596+0000] {logging_mixin.py:188} INFO - [2025-12-07T16:31:49.596+0000] {dagbag.py:538} INFO - Filling up the DagBag from /home/airflow/.local/lib/python3.8/site-packages/airflow/example_dags/example_local_kubernetes_executor.py
[2025-12-07T16:31:49.612+0000] {processor.py:840} INFO - DAG(s) 'example_local_kubernetes_executor' retrieved from /home/airflow/.local/lib/python3.8/site-packages/airflow/example_dags/example_local_kubernetes_executor.py
[2025-12-07T16:31:49.667+0000] {logging_mixin.py:188} INFO - [2025-12-07T16:31:49.667+0000] {dag.py:3036} INFO - Sync 1 DAGs
[2025-12-07T16:31:49.687+0000] {logging_mixin.py:188} INFO - [2025-12-07T16:31:49.687+0000] {dag.py:3823} INFO - Setting next_dagrun for example_local_kubernetes_executor to None, run_after=None
[2025-12-07T16:31:49.722+0000] {processor.py:183} INFO - Processing /home/airflow/.local/lib/python3.8/site-packages/airflow/example_dags/example_local_kubernetes_executor.py took 0.135 seconds
[2025-12-07T16:32:19.864+0000] {processor.py:161} INFO - Started process (PID=4419) to work on /home/airflow/.local/lib/python3.8/site-packages/airflow/example_dags/example_local_kubernetes_executor.py
[2025-12-07T16:32:19.866+0000] {processor.py:830} INFO - Processing file /home/airflow/.local/lib/python3.8/site-packages/airflow/example_dags/example_local_kubernetes_executor.py for tasks to queue
[2025-12-07T16:32:19.870+0000] {logging_mixin.py:188} INFO - [2025-12-07T16:32:19.869+0000] {dagbag.py:538} INFO - Filling up the DagBag from /home/airflow/.local/lib/python3.8/site-packages/airflow/example_dags/example_local_kubernetes_executor.py
[2025-12-07T16:32:19.889+0000] {processor.py:840} INFO - DAG(s) 'example_local_kubernetes_executor' retrieved from /home/airflow/.local/lib/python3.8/site-packages/airflow/example_dags/example_local_kubernetes_executor.py
[2025-12-07T16:32:19.957+0000] {logging_mixin.py:188} INFO - [2025-12-07T16:32:19.956+0000] {dag.py:3036} INFO - Sync 1 DAGs
[2025-12-07T16:32:19.976+0000] {logging_mixin.py:188} INFO - [2025-12-07T16:32:19.975+0000] {dag.py:3823} INFO - Setting next_dagrun for example_local_kubernetes_executor to None, run_after=None
[2025-12-07T16:32:20.023+0000] {processor.py:183} INFO - Processing /home/airflow/.local/lib/python3.8/site-packages/airflow/example_dags/example_local_kubernetes_executor.py took 0.164 seconds
[2025-12-07T16:32:50.091+0000] {processor.py:161} INFO - Started process (PID=4480) to work on /home/airflow/.local/lib/python3.8/site-packages/airflow/example_dags/example_local_kubernetes_executor.py
[2025-12-07T16:32:50.093+0000] {processor.py:830} INFO - Processing file /home/airflow/.local/lib/python3.8/site-packages/airflow/example_dags/example_local_kubernetes_executor.py for tasks to queue
[2025-12-07T16:32:50.096+0000] {logging_mixin.py:188} INFO - [2025-12-07T16:32:50.096+0000] {dagbag.py:538} INFO - Filling up the DagBag from /home/airflow/.local/lib/python3.8/site-packages/airflow/example_dags/example_local_kubernetes_executor.py
[2025-12-07T16:32:50.110+0000] {processor.py:840} INFO - DAG(s) 'example_local_kubernetes_executor' retrieved from /home/airflow/.local/lib/python3.8/site-packages/airflow/example_dags/example_local_kubernetes_executor.py
[2025-12-07T16:32:50.161+0000] {logging_mixin.py:188} INFO - [2025-12-07T16:32:50.161+0000] {dag.py:3036} INFO - Sync 1 DAGs
[2025-12-07T16:32:50.183+0000] {logging_mixin.py:188} INFO - [2025-12-07T16:32:50.182+0000] {dag.py:3823} INFO - Setting next_dagrun for example_local_kubernetes_executor to None, run_after=None
[2025-12-07T16:32:50.213+0000] {processor.py:183} INFO - Processing /home/airflow/.local/lib/python3.8/site-packages/airflow/example_dags/example_local_kubernetes_executor.py took 0.128 seconds
[2025-12-07T16:33:20.475+0000] {processor.py:161} INFO - Started process (PID=4541) to work on /home/airflow/.local/lib/python3.8/site-packages/airflow/example_dags/example_local_kubernetes_executor.py
[2025-12-07T16:33:20.477+0000] {processor.py:830} INFO - Processing file /home/airflow/.local/lib/python3.8/site-packages/airflow/example_dags/example_local_kubernetes_executor.py for tasks to queue
[2025-12-07T16:33:20.481+0000] {logging_mixin.py:188} INFO - [2025-12-07T16:33:20.481+0000] {dagbag.py:538} INFO - Filling up the DagBag from /home/airflow/.local/lib/python3.8/site-packages/airflow/example_dags/example_local_kubernetes_executor.py
[2025-12-07T16:33:20.493+0000] {processor.py:840} INFO - DAG(s) 'example_local_kubernetes_executor' retrieved from /home/airflow/.local/lib/python3.8/site-packages/airflow/example_dags/example_local_kubernetes_executor.py
[2025-12-07T16:33:20.539+0000] {logging_mixin.py:188} INFO - [2025-12-07T16:33:20.538+0000] {dag.py:3036} INFO - Sync 1 DAGs
[2025-12-07T16:33:20.555+0000] {logging_mixin.py:188} INFO - [2025-12-07T16:33:20.555+0000] {dag.py:3823} INFO - Setting next_dagrun for example_local_kubernetes_executor to None, run_after=None
[2025-12-07T16:33:20.587+0000] {processor.py:183} INFO - Processing /home/airflow/.local/lib/python3.8/site-packages/airflow/example_dags/example_local_kubernetes_executor.py took 0.118 seconds
[2025-12-07T16:33:51.371+0000] {processor.py:161} INFO - Started process (PID=4602) to work on /home/airflow/.local/lib/python3.8/site-packages/airflow/example_dags/example_local_kubernetes_executor.py
[2025-12-07T16:33:51.374+0000] {processor.py:830} INFO - Processing file /home/airflow/.local/lib/python3.8/site-packages/airflow/example_dags/example_local_kubernetes_executor.py for tasks to queue
[2025-12-07T16:33:51.378+0000] {logging_mixin.py:188} INFO - [2025-12-07T16:33:51.377+0000] {dagbag.py:538} INFO - Filling up the DagBag from /home/airflow/.local/lib/python3.8/site-packages/airflow/example_dags/example_local_kubernetes_executor.py
[2025-12-07T16:33:51.392+0000] {processor.py:840} INFO - DAG(s) 'example_local_kubernetes_executor' retrieved from /home/airflow/.local/lib/python3.8/site-packages/airflow/example_dags/example_local_kubernetes_executor.py
[2025-12-07T16:33:51.454+0000] {logging_mixin.py:188} INFO - [2025-12-07T16:33:51.454+0000] {dag.py:3036} INFO - Sync 1 DAGs
[2025-12-07T16:33:51.473+0000] {logging_mixin.py:188} INFO - [2025-12-07T16:33:51.473+0000] {dag.py:3823} INFO - Setting next_dagrun for example_local_kubernetes_executor to None, run_after=None
[2025-12-07T16:33:51.510+0000] {processor.py:183} INFO - Processing /home/airflow/.local/lib/python3.8/site-packages/airflow/example_dags/example_local_kubernetes_executor.py took 0.146 seconds
[2025-12-07T16:34:22.177+0000] {processor.py:161} INFO - Started process (PID=4663) to work on /home/airflow/.local/lib/python3.8/site-packages/airflow/example_dags/example_local_kubernetes_executor.py
[2025-12-07T16:34:22.179+0000] {processor.py:830} INFO - Processing file /home/airflow/.local/lib/python3.8/site-packages/airflow/example_dags/example_local_kubernetes_executor.py for tasks to queue
[2025-12-07T16:34:22.185+0000] {logging_mixin.py:188} INFO - [2025-12-07T16:34:22.184+0000] {dagbag.py:538} INFO - Filling up the DagBag from /home/airflow/.local/lib/python3.8/site-packages/airflow/example_dags/example_local_kubernetes_executor.py
[2025-12-07T16:34:22.198+0000] {processor.py:840} INFO - DAG(s) 'example_local_kubernetes_executor' retrieved from /home/airflow/.local/lib/python3.8/site-packages/airflow/example_dags/example_local_kubernetes_executor.py
[2025-12-07T16:34:22.252+0000] {logging_mixin.py:188} INFO - [2025-12-07T16:34:22.251+0000] {dag.py:3036} INFO - Sync 1 DAGs
[2025-12-07T16:34:22.270+0000] {logging_mixin.py:188} INFO - [2025-12-07T16:34:22.270+0000] {dag.py:3823} INFO - Setting next_dagrun for example_local_kubernetes_executor to None, run_after=None
[2025-12-07T16:34:22.307+0000] {processor.py:183} INFO - Processing /home/airflow/.local/lib/python3.8/site-packages/airflow/example_dags/example_local_kubernetes_executor.py took 0.134 seconds
[2025-12-07T16:34:52.338+0000] {processor.py:161} INFO - Started process (PID=4724) to work on /home/airflow/.local/lib/python3.8/site-packages/airflow/example_dags/example_local_kubernetes_executor.py
[2025-12-07T16:34:52.341+0000] {processor.py:830} INFO - Processing file /home/airflow/.local/lib/python3.8/site-packages/airflow/example_dags/example_local_kubernetes_executor.py for tasks to queue
[2025-12-07T16:34:52.343+0000] {logging_mixin.py:188} INFO - [2025-12-07T16:34:52.343+0000] {dagbag.py:538} INFO - Filling up the DagBag from /home/airflow/.local/lib/python3.8/site-packages/airflow/example_dags/example_local_kubernetes_executor.py
[2025-12-07T16:34:52.354+0000] {processor.py:840} INFO - DAG(s) 'example_local_kubernetes_executor' retrieved from /home/airflow/.local/lib/python3.8/site-packages/airflow/example_dags/example_local_kubernetes_executor.py
[2025-12-07T16:34:52.399+0000] {logging_mixin.py:188} INFO - [2025-12-07T16:34:52.399+0000] {dag.py:3036} INFO - Sync 1 DAGs
[2025-12-07T16:34:52.415+0000] {logging_mixin.py:188} INFO - [2025-12-07T16:34:52.415+0000] {dag.py:3823} INFO - Setting next_dagrun for example_local_kubernetes_executor to None, run_after=None
[2025-12-07T16:34:52.446+0000] {processor.py:183} INFO - Processing /home/airflow/.local/lib/python3.8/site-packages/airflow/example_dags/example_local_kubernetes_executor.py took 0.112 seconds
[2025-12-07T16:35:22.517+0000] {processor.py:161} INFO - Started process (PID=4785) to work on /home/airflow/.local/lib/python3.8/site-packages/airflow/example_dags/example_local_kubernetes_executor.py
[2025-12-07T16:35:22.520+0000] {processor.py:830} INFO - Processing file /home/airflow/.local/lib/python3.8/site-packages/airflow/example_dags/example_local_kubernetes_executor.py for tasks to queue
[2025-12-07T16:35:22.523+0000] {logging_mixin.py:188} INFO - [2025-12-07T16:35:22.523+0000] {dagbag.py:538} INFO - Filling up the DagBag from /home/airflow/.local/lib/python3.8/site-packages/airflow/example_dags/example_local_kubernetes_executor.py
[2025-12-07T16:35:22.538+0000] {processor.py:840} INFO - DAG(s) 'example_local_kubernetes_executor' retrieved from /home/airflow/.local/lib/python3.8/site-packages/airflow/example_dags/example_local_kubernetes_executor.py
[2025-12-07T16:35:22.597+0000] {logging_mixin.py:188} INFO - [2025-12-07T16:35:22.596+0000] {dag.py:3036} INFO - Sync 1 DAGs
[2025-12-07T16:35:22.617+0000] {logging_mixin.py:188} INFO - [2025-12-07T16:35:22.617+0000] {dag.py:3823} INFO - Setting next_dagrun for example_local_kubernetes_executor to None, run_after=None
[2025-12-07T16:35:22.658+0000] {processor.py:183} INFO - Processing /home/airflow/.local/lib/python3.8/site-packages/airflow/example_dags/example_local_kubernetes_executor.py took 0.146 seconds
[2025-12-07T16:35:52.740+0000] {processor.py:161} INFO - Started process (PID=4846) to work on /home/airflow/.local/lib/python3.8/site-packages/airflow/example_dags/example_local_kubernetes_executor.py
[2025-12-07T16:35:52.741+0000] {processor.py:830} INFO - Processing file /home/airflow/.local/lib/python3.8/site-packages/airflow/example_dags/example_local_kubernetes_executor.py for tasks to queue
[2025-12-07T16:35:52.744+0000] {logging_mixin.py:188} INFO - [2025-12-07T16:35:52.743+0000] {dagbag.py:538} INFO - Filling up the DagBag from /home/airflow/.local/lib/python3.8/site-packages/airflow/example_dags/example_local_kubernetes_executor.py
[2025-12-07T16:35:52.755+0000] {processor.py:840} INFO - DAG(s) 'example_local_kubernetes_executor' retrieved from /home/airflow/.local/lib/python3.8/site-packages/airflow/example_dags/example_local_kubernetes_executor.py
[2025-12-07T16:35:52.796+0000] {logging_mixin.py:188} INFO - [2025-12-07T16:35:52.795+0000] {dag.py:3036} INFO - Sync 1 DAGs
[2025-12-07T16:35:52.810+0000] {logging_mixin.py:188} INFO - [2025-12-07T16:35:52.810+0000] {dag.py:3823} INFO - Setting next_dagrun for example_local_kubernetes_executor to None, run_after=None
[2025-12-07T16:35:52.836+0000] {processor.py:183} INFO - Processing /home/airflow/.local/lib/python3.8/site-packages/airflow/example_dags/example_local_kubernetes_executor.py took 0.101 seconds
[2025-12-07T16:36:23.073+0000] {processor.py:161} INFO - Started process (PID=4907) to work on /home/airflow/.local/lib/python3.8/site-packages/airflow/example_dags/example_local_kubernetes_executor.py
[2025-12-07T16:36:23.074+0000] {processor.py:830} INFO - Processing file /home/airflow/.local/lib/python3.8/site-packages/airflow/example_dags/example_local_kubernetes_executor.py for tasks to queue
[2025-12-07T16:36:23.077+0000] {logging_mixin.py:188} INFO - [2025-12-07T16:36:23.077+0000] {dagbag.py:538} INFO - Filling up the DagBag from /home/airflow/.local/lib/python3.8/site-packages/airflow/example_dags/example_local_kubernetes_executor.py
[2025-12-07T16:36:23.087+0000] {processor.py:840} INFO - DAG(s) 'example_local_kubernetes_executor' retrieved from /home/airflow/.local/lib/python3.8/site-packages/airflow/example_dags/example_local_kubernetes_executor.py
[2025-12-07T16:36:23.139+0000] {logging_mixin.py:188} INFO - [2025-12-07T16:36:23.139+0000] {dag.py:3036} INFO - Sync 1 DAGs
[2025-12-07T16:36:23.159+0000] {logging_mixin.py:188} INFO - [2025-12-07T16:36:23.158+0000] {dag.py:3823} INFO - Setting next_dagrun for example_local_kubernetes_executor to None, run_after=None
[2025-12-07T16:36:23.188+0000] {processor.py:183} INFO - Processing /home/airflow/.local/lib/python3.8/site-packages/airflow/example_dags/example_local_kubernetes_executor.py took 0.120 seconds
[2025-12-07T16:36:53.491+0000] {processor.py:161} INFO - Started process (PID=4968) to work on /home/airflow/.local/lib/python3.8/site-packages/airflow/example_dags/example_local_kubernetes_executor.py
[2025-12-07T16:36:53.492+0000] {processor.py:830} INFO - Processing file /home/airflow/.local/lib/python3.8/site-packages/airflow/example_dags/example_local_kubernetes_executor.py for tasks to queue
[2025-12-07T16:36:53.496+0000] {logging_mixin.py:188} INFO - [2025-12-07T16:36:53.495+0000] {dagbag.py:538} INFO - Filling up the DagBag from /home/airflow/.local/lib/python3.8/site-packages/airflow/example_dags/example_local_kubernetes_executor.py
[2025-12-07T16:36:53.508+0000] {processor.py:840} INFO - DAG(s) 'example_local_kubernetes_executor' retrieved from /home/airflow/.local/lib/python3.8/site-packages/airflow/example_dags/example_local_kubernetes_executor.py
[2025-12-07T16:36:53.560+0000] {logging_mixin.py:188} INFO - [2025-12-07T16:36:53.559+0000] {dag.py:3036} INFO - Sync 1 DAGs
[2025-12-07T16:36:53.578+0000] {logging_mixin.py:188} INFO - [2025-12-07T16:36:53.578+0000] {dag.py:3823} INFO - Setting next_dagrun for example_local_kubernetes_executor to None, run_after=None
[2025-12-07T16:36:53.614+0000] {processor.py:183} INFO - Processing /home/airflow/.local/lib/python3.8/site-packages/airflow/example_dags/example_local_kubernetes_executor.py took 0.128 seconds
[2025-12-07T16:37:23.894+0000] {processor.py:161} INFO - Started process (PID=5029) to work on /home/airflow/.local/lib/python3.8/site-packages/airflow/example_dags/example_local_kubernetes_executor.py
[2025-12-07T16:37:23.895+0000] {processor.py:830} INFO - Processing file /home/airflow/.local/lib/python3.8/site-packages/airflow/example_dags/example_local_kubernetes_executor.py for tasks to queue
[2025-12-07T16:37:23.898+0000] {logging_mixin.py:188} INFO - [2025-12-07T16:37:23.897+0000] {dagbag.py:538} INFO - Filling up the DagBag from /home/airflow/.local/lib/python3.8/site-packages/airflow/example_dags/example_local_kubernetes_executor.py
[2025-12-07T16:37:23.910+0000] {processor.py:840} INFO - DAG(s) 'example_local_kubernetes_executor' retrieved from /home/airflow/.local/lib/python3.8/site-packages/airflow/example_dags/example_local_kubernetes_executor.py
[2025-12-07T16:37:23.957+0000] {logging_mixin.py:188} INFO - [2025-12-07T16:37:23.957+0000] {dag.py:3036} INFO - Sync 1 DAGs
[2025-12-07T16:37:23.980+0000] {logging_mixin.py:188} INFO - [2025-12-07T16:37:23.979+0000] {dag.py:3823} INFO - Setting next_dagrun for example_local_kubernetes_executor to None, run_after=None
[2025-12-07T16:37:24.014+0000] {processor.py:183} INFO - Processing /home/airflow/.local/lib/python3.8/site-packages/airflow/example_dags/example_local_kubernetes_executor.py took 0.127 seconds
[2025-12-07T16:37:54.277+0000] {processor.py:161} INFO - Started process (PID=5090) to work on /home/airflow/.local/lib/python3.8/site-packages/airflow/example_dags/example_local_kubernetes_executor.py
[2025-12-07T16:37:54.279+0000] {processor.py:830} INFO - Processing file /home/airflow/.local/lib/python3.8/site-packages/airflow/example_dags/example_local_kubernetes_executor.py for tasks to queue
[2025-12-07T16:37:54.282+0000] {logging_mixin.py:188} INFO - [2025-12-07T16:37:54.282+0000] {dagbag.py:538} INFO - Filling up the DagBag from /home/airflow/.local/lib/python3.8/site-packages/airflow/example_dags/example_local_kubernetes_executor.py
[2025-12-07T16:37:54.292+0000] {processor.py:840} INFO - DAG(s) 'example_local_kubernetes_executor' retrieved from /home/airflow/.local/lib/python3.8/site-packages/airflow/example_dags/example_local_kubernetes_executor.py
[2025-12-07T16:37:54.340+0000] {logging_mixin.py:188} INFO - [2025-12-07T16:37:54.339+0000] {dag.py:3036} INFO - Sync 1 DAGs
[2025-12-07T16:37:54.355+0000] {logging_mixin.py:188} INFO - [2025-12-07T16:37:54.354+0000] {dag.py:3823} INFO - Setting next_dagrun for example_local_kubernetes_executor to None, run_after=None
[2025-12-07T16:37:54.388+0000] {processor.py:183} INFO - Processing /home/airflow/.local/lib/python3.8/site-packages/airflow/example_dags/example_local_kubernetes_executor.py took 0.115 seconds
[2025-12-07T16:38:24.670+0000] {processor.py:161} INFO - Started process (PID=5151) to work on /home/airflow/.local/lib/python3.8/site-packages/airflow/example_dags/example_local_kubernetes_executor.py
[2025-12-07T16:38:24.671+0000] {processor.py:830} INFO - Processing file /home/airflow/.local/lib/python3.8/site-packages/airflow/example_dags/example_local_kubernetes_executor.py for tasks to queue
[2025-12-07T16:38:24.674+0000] {logging_mixin.py:188} INFO - [2025-12-07T16:38:24.673+0000] {dagbag.py:538} INFO - Filling up the DagBag from /home/airflow/.local/lib/python3.8/site-packages/airflow/example_dags/example_local_kubernetes_executor.py
[2025-12-07T16:38:24.683+0000] {processor.py:840} INFO - DAG(s) 'example_local_kubernetes_executor' retrieved from /home/airflow/.local/lib/python3.8/site-packages/airflow/example_dags/example_local_kubernetes_executor.py
[2025-12-07T16:38:24.733+0000] {logging_mixin.py:188} INFO - [2025-12-07T16:38:24.733+0000] {dag.py:3036} INFO - Sync 1 DAGs
[2025-12-07T16:38:24.753+0000] {logging_mixin.py:188} INFO - [2025-12-07T16:38:24.752+0000] {dag.py:3823} INFO - Setting next_dagrun for example_local_kubernetes_executor to None, run_after=None
[2025-12-07T16:38:24.778+0000] {processor.py:183} INFO - Processing /home/airflow/.local/lib/python3.8/site-packages/airflow/example_dags/example_local_kubernetes_executor.py took 0.112 seconds
[2025-12-07T16:38:55.275+0000] {processor.py:161} INFO - Started process (PID=5212) to work on /home/airflow/.local/lib/python3.8/site-packages/airflow/example_dags/example_local_kubernetes_executor.py
[2025-12-07T16:38:55.277+0000] {processor.py:830} INFO - Processing file /home/airflow/.local/lib/python3.8/site-packages/airflow/example_dags/example_local_kubernetes_executor.py for tasks to queue
[2025-12-07T16:38:55.280+0000] {logging_mixin.py:188} INFO - [2025-12-07T16:38:55.279+0000] {dagbag.py:538} INFO - Filling up the DagBag from /home/airflow/.local/lib/python3.8/site-packages/airflow/example_dags/example_local_kubernetes_executor.py
[2025-12-07T16:38:55.293+0000] {processor.py:840} INFO - DAG(s) 'example_local_kubernetes_executor' retrieved from /home/airflow/.local/lib/python3.8/site-packages/airflow/example_dags/example_local_kubernetes_executor.py
[2025-12-07T16:38:55.339+0000] {logging_mixin.py:188} INFO - [2025-12-07T16:38:55.339+0000] {dag.py:3036} INFO - Sync 1 DAGs
[2025-12-07T16:38:55.360+0000] {logging_mixin.py:188} INFO - [2025-12-07T16:38:55.360+0000] {dag.py:3823} INFO - Setting next_dagrun for example_local_kubernetes_executor to None, run_after=None
[2025-12-07T16:38:55.393+0000] {processor.py:183} INFO - Processing /home/airflow/.local/lib/python3.8/site-packages/airflow/example_dags/example_local_kubernetes_executor.py took 0.123 seconds
[2025-12-07T16:39:25.748+0000] {processor.py:161} INFO - Started process (PID=5273) to work on /home/airflow/.local/lib/python3.8/site-packages/airflow/example_dags/example_local_kubernetes_executor.py
[2025-12-07T16:39:25.750+0000] {processor.py:830} INFO - Processing file /home/airflow/.local/lib/python3.8/site-packages/airflow/example_dags/example_local_kubernetes_executor.py for tasks to queue
[2025-12-07T16:39:25.753+0000] {logging_mixin.py:188} INFO - [2025-12-07T16:39:25.752+0000] {dagbag.py:538} INFO - Filling up the DagBag from /home/airflow/.local/lib/python3.8/site-packages/airflow/example_dags/example_local_kubernetes_executor.py
[2025-12-07T16:39:25.763+0000] {processor.py:840} INFO - DAG(s) 'example_local_kubernetes_executor' retrieved from /home/airflow/.local/lib/python3.8/site-packages/airflow/example_dags/example_local_kubernetes_executor.py
[2025-12-07T16:39:25.813+0000] {logging_mixin.py:188} INFO - [2025-12-07T16:39:25.813+0000] {dag.py:3036} INFO - Sync 1 DAGs
[2025-12-07T16:39:25.830+0000] {logging_mixin.py:188} INFO - [2025-12-07T16:39:25.830+0000] {dag.py:3823} INFO - Setting next_dagrun for example_local_kubernetes_executor to None, run_after=None
[2025-12-07T16:39:25.865+0000] {processor.py:183} INFO - Processing /home/airflow/.local/lib/python3.8/site-packages/airflow/example_dags/example_local_kubernetes_executor.py took 0.122 seconds
[2025-12-07T16:39:55.960+0000] {processor.py:161} INFO - Started process (PID=5334) to work on /home/airflow/.local/lib/python3.8/site-packages/airflow/example_dags/example_local_kubernetes_executor.py
[2025-12-07T16:39:55.961+0000] {processor.py:830} INFO - Processing file /home/airflow/.local/lib/python3.8/site-packages/airflow/example_dags/example_local_kubernetes_executor.py for tasks to queue
[2025-12-07T16:39:55.964+0000] {logging_mixin.py:188} INFO - [2025-12-07T16:39:55.963+0000] {dagbag.py:538} INFO - Filling up the DagBag from /home/airflow/.local/lib/python3.8/site-packages/airflow/example_dags/example_local_kubernetes_executor.py
[2025-12-07T16:39:55.975+0000] {processor.py:840} INFO - DAG(s) 'example_local_kubernetes_executor' retrieved from /home/airflow/.local/lib/python3.8/site-packages/airflow/example_dags/example_local_kubernetes_executor.py
[2025-12-07T16:39:56.019+0000] {logging_mixin.py:188} INFO - [2025-12-07T16:39:56.019+0000] {dag.py:3036} INFO - Sync 1 DAGs
[2025-12-07T16:39:56.037+0000] {logging_mixin.py:188} INFO - [2025-12-07T16:39:56.037+0000] {dag.py:3823} INFO - Setting next_dagrun for example_local_kubernetes_executor to None, run_after=None
[2025-12-07T16:39:56.069+0000] {processor.py:183} INFO - Processing /home/airflow/.local/lib/python3.8/site-packages/airflow/example_dags/example_local_kubernetes_executor.py took 0.114 seconds
[2025-12-07T16:40:26.191+0000] {processor.py:161} INFO - Started process (PID=5395) to work on /home/airflow/.local/lib/python3.8/site-packages/airflow/example_dags/example_local_kubernetes_executor.py
[2025-12-07T16:40:26.193+0000] {processor.py:830} INFO - Processing file /home/airflow/.local/lib/python3.8/site-packages/airflow/example_dags/example_local_kubernetes_executor.py for tasks to queue
[2025-12-07T16:40:26.196+0000] {logging_mixin.py:188} INFO - [2025-12-07T16:40:26.195+0000] {dagbag.py:538} INFO - Filling up the DagBag from /home/airflow/.local/lib/python3.8/site-packages/airflow/example_dags/example_local_kubernetes_executor.py
[2025-12-07T16:40:26.207+0000] {processor.py:840} INFO - DAG(s) 'example_local_kubernetes_executor' retrieved from /home/airflow/.local/lib/python3.8/site-packages/airflow/example_dags/example_local_kubernetes_executor.py
[2025-12-07T16:40:26.252+0000] {logging_mixin.py:188} INFO - [2025-12-07T16:40:26.252+0000] {dag.py:3036} INFO - Sync 1 DAGs
[2025-12-07T16:40:26.268+0000] {logging_mixin.py:188} INFO - [2025-12-07T16:40:26.267+0000] {dag.py:3823} INFO - Setting next_dagrun for example_local_kubernetes_executor to None, run_after=None
[2025-12-07T16:40:26.297+0000] {processor.py:183} INFO - Processing /home/airflow/.local/lib/python3.8/site-packages/airflow/example_dags/example_local_kubernetes_executor.py took 0.110 seconds
[2025-12-07T16:40:56.488+0000] {processor.py:161} INFO - Started process (PID=5456) to work on /home/airflow/.local/lib/python3.8/site-packages/airflow/example_dags/example_local_kubernetes_executor.py
[2025-12-07T16:40:56.490+0000] {processor.py:830} INFO - Processing file /home/airflow/.local/lib/python3.8/site-packages/airflow/example_dags/example_local_kubernetes_executor.py for tasks to queue
[2025-12-07T16:40:56.493+0000] {logging_mixin.py:188} INFO - [2025-12-07T16:40:56.492+0000] {dagbag.py:538} INFO - Filling up the DagBag from /home/airflow/.local/lib/python3.8/site-packages/airflow/example_dags/example_local_kubernetes_executor.py
[2025-12-07T16:40:56.504+0000] {processor.py:840} INFO - DAG(s) 'example_local_kubernetes_executor' retrieved from /home/airflow/.local/lib/python3.8/site-packages/airflow/example_dags/example_local_kubernetes_executor.py
[2025-12-07T16:40:56.549+0000] {logging_mixin.py:188} INFO - [2025-12-07T16:40:56.548+0000] {dag.py:3036} INFO - Sync 1 DAGs
[2025-12-07T16:40:56.565+0000] {logging_mixin.py:188} INFO - [2025-12-07T16:40:56.565+0000] {dag.py:3823} INFO - Setting next_dagrun for example_local_kubernetes_executor to None, run_after=None
[2025-12-07T16:40:56.597+0000] {processor.py:183} INFO - Processing /home/airflow/.local/lib/python3.8/site-packages/airflow/example_dags/example_local_kubernetes_executor.py took 0.113 seconds
[2025-12-07T16:41:26.824+0000] {processor.py:161} INFO - Started process (PID=5517) to work on /home/airflow/.local/lib/python3.8/site-packages/airflow/example_dags/example_local_kubernetes_executor.py
[2025-12-07T16:41:26.826+0000] {processor.py:830} INFO - Processing file /home/airflow/.local/lib/python3.8/site-packages/airflow/example_dags/example_local_kubernetes_executor.py for tasks to queue
[2025-12-07T16:41:26.829+0000] {logging_mixin.py:188} INFO - [2025-12-07T16:41:26.828+0000] {dagbag.py:538} INFO - Filling up the DagBag from /home/airflow/.local/lib/python3.8/site-packages/airflow/example_dags/example_local_kubernetes_executor.py
[2025-12-07T16:41:26.840+0000] {processor.py:840} INFO - DAG(s) 'example_local_kubernetes_executor' retrieved from /home/airflow/.local/lib/python3.8/site-packages/airflow/example_dags/example_local_kubernetes_executor.py
[2025-12-07T16:41:26.904+0000] {logging_mixin.py:188} INFO - [2025-12-07T16:41:26.904+0000] {dag.py:3036} INFO - Sync 1 DAGs
[2025-12-07T16:41:26.921+0000] {logging_mixin.py:188} INFO - [2025-12-07T16:41:26.920+0000] {dag.py:3823} INFO - Setting next_dagrun for example_local_kubernetes_executor to None, run_after=None
[2025-12-07T16:41:26.955+0000] {processor.py:183} INFO - Processing /home/airflow/.local/lib/python3.8/site-packages/airflow/example_dags/example_local_kubernetes_executor.py took 0.136 seconds
[2025-12-07T16:41:57.568+0000] {processor.py:161} INFO - Started process (PID=5578) to work on /home/airflow/.local/lib/python3.8/site-packages/airflow/example_dags/example_local_kubernetes_executor.py
[2025-12-07T16:41:57.569+0000] {processor.py:830} INFO - Processing file /home/airflow/.local/lib/python3.8/site-packages/airflow/example_dags/example_local_kubernetes_executor.py for tasks to queue
[2025-12-07T16:41:57.574+0000] {logging_mixin.py:188} INFO - [2025-12-07T16:41:57.574+0000] {dagbag.py:538} INFO - Filling up the DagBag from /home/airflow/.local/lib/python3.8/site-packages/airflow/example_dags/example_local_kubernetes_executor.py
[2025-12-07T16:41:57.585+0000] {processor.py:840} INFO - DAG(s) 'example_local_kubernetes_executor' retrieved from /home/airflow/.local/lib/python3.8/site-packages/airflow/example_dags/example_local_kubernetes_executor.py
[2025-12-07T16:41:57.633+0000] {logging_mixin.py:188} INFO - [2025-12-07T16:41:57.633+0000] {dag.py:3036} INFO - Sync 1 DAGs
[2025-12-07T16:41:57.650+0000] {logging_mixin.py:188} INFO - [2025-12-07T16:41:57.650+0000] {dag.py:3823} INFO - Setting next_dagrun for example_local_kubernetes_executor to None, run_after=None
[2025-12-07T16:41:57.682+0000] {processor.py:183} INFO - Processing /home/airflow/.local/lib/python3.8/site-packages/airflow/example_dags/example_local_kubernetes_executor.py took 0.119 seconds
[2025-12-07T16:42:27.732+0000] {processor.py:161} INFO - Started process (PID=5637) to work on /home/airflow/.local/lib/python3.8/site-packages/airflow/example_dags/example_local_kubernetes_executor.py
[2025-12-07T16:42:27.734+0000] {processor.py:830} INFO - Processing file /home/airflow/.local/lib/python3.8/site-packages/airflow/example_dags/example_local_kubernetes_executor.py for tasks to queue
[2025-12-07T16:42:27.738+0000] {logging_mixin.py:188} INFO - [2025-12-07T16:42:27.737+0000] {dagbag.py:538} INFO - Filling up the DagBag from /home/airflow/.local/lib/python3.8/site-packages/airflow/example_dags/example_local_kubernetes_executor.py
[2025-12-07T16:42:27.749+0000] {processor.py:840} INFO - DAG(s) 'example_local_kubernetes_executor' retrieved from /home/airflow/.local/lib/python3.8/site-packages/airflow/example_dags/example_local_kubernetes_executor.py
[2025-12-07T16:42:27.805+0000] {logging_mixin.py:188} INFO - [2025-12-07T16:42:27.805+0000] {dag.py:3036} INFO - Sync 1 DAGs
[2025-12-07T16:42:27.825+0000] {logging_mixin.py:188} INFO - [2025-12-07T16:42:27.825+0000] {dag.py:3823} INFO - Setting next_dagrun for example_local_kubernetes_executor to None, run_after=None
[2025-12-07T16:42:27.861+0000] {processor.py:183} INFO - Processing /home/airflow/.local/lib/python3.8/site-packages/airflow/example_dags/example_local_kubernetes_executor.py took 0.135 seconds
[2025-12-07T16:42:58.313+0000] {processor.py:161} INFO - Started process (PID=5698) to work on /home/airflow/.local/lib/python3.8/site-packages/airflow/example_dags/example_local_kubernetes_executor.py
[2025-12-07T16:42:58.314+0000] {processor.py:830} INFO - Processing file /home/airflow/.local/lib/python3.8/site-packages/airflow/example_dags/example_local_kubernetes_executor.py for tasks to queue
[2025-12-07T16:42:58.317+0000] {logging_mixin.py:188} INFO - [2025-12-07T16:42:58.316+0000] {dagbag.py:538} INFO - Filling up the DagBag from /home/airflow/.local/lib/python3.8/site-packages/airflow/example_dags/example_local_kubernetes_executor.py
[2025-12-07T16:42:58.327+0000] {processor.py:840} INFO - DAG(s) 'example_local_kubernetes_executor' retrieved from /home/airflow/.local/lib/python3.8/site-packages/airflow/example_dags/example_local_kubernetes_executor.py
[2025-12-07T16:42:58.376+0000] {logging_mixin.py:188} INFO - [2025-12-07T16:42:58.376+0000] {dag.py:3036} INFO - Sync 1 DAGs
[2025-12-07T16:42:58.393+0000] {logging_mixin.py:188} INFO - [2025-12-07T16:42:58.393+0000] {dag.py:3823} INFO - Setting next_dagrun for example_local_kubernetes_executor to None, run_after=None
[2025-12-07T16:42:58.425+0000] {processor.py:183} INFO - Processing /home/airflow/.local/lib/python3.8/site-packages/airflow/example_dags/example_local_kubernetes_executor.py took 0.116 seconds
[2025-12-07T16:43:28.838+0000] {processor.py:161} INFO - Started process (PID=5759) to work on /home/airflow/.local/lib/python3.8/site-packages/airflow/example_dags/example_local_kubernetes_executor.py
[2025-12-07T16:43:28.840+0000] {processor.py:830} INFO - Processing file /home/airflow/.local/lib/python3.8/site-packages/airflow/example_dags/example_local_kubernetes_executor.py for tasks to queue
[2025-12-07T16:43:28.843+0000] {logging_mixin.py:188} INFO - [2025-12-07T16:43:28.842+0000] {dagbag.py:538} INFO - Filling up the DagBag from /home/airflow/.local/lib/python3.8/site-packages/airflow/example_dags/example_local_kubernetes_executor.py
[2025-12-07T16:43:28.855+0000] {processor.py:840} INFO - DAG(s) 'example_local_kubernetes_executor' retrieved from /home/airflow/.local/lib/python3.8/site-packages/airflow/example_dags/example_local_kubernetes_executor.py
[2025-12-07T16:43:28.907+0000] {logging_mixin.py:188} INFO - [2025-12-07T16:43:28.906+0000] {dag.py:3036} INFO - Sync 1 DAGs
[2025-12-07T16:43:28.926+0000] {logging_mixin.py:188} INFO - [2025-12-07T16:43:28.925+0000] {dag.py:3823} INFO - Setting next_dagrun for example_local_kubernetes_executor to None, run_after=None
[2025-12-07T16:43:28.960+0000] {processor.py:183} INFO - Processing /home/airflow/.local/lib/python3.8/site-packages/airflow/example_dags/example_local_kubernetes_executor.py took 0.127 seconds
[2025-12-07T16:43:59.491+0000] {processor.py:161} INFO - Started process (PID=5820) to work on /home/airflow/.local/lib/python3.8/site-packages/airflow/example_dags/example_local_kubernetes_executor.py
[2025-12-07T16:43:59.493+0000] {processor.py:830} INFO - Processing file /home/airflow/.local/lib/python3.8/site-packages/airflow/example_dags/example_local_kubernetes_executor.py for tasks to queue
[2025-12-07T16:43:59.495+0000] {logging_mixin.py:188} INFO - [2025-12-07T16:43:59.495+0000] {dagbag.py:538} INFO - Filling up the DagBag from /home/airflow/.local/lib/python3.8/site-packages/airflow/example_dags/example_local_kubernetes_executor.py
[2025-12-07T16:43:59.505+0000] {processor.py:840} INFO - DAG(s) 'example_local_kubernetes_executor' retrieved from /home/airflow/.local/lib/python3.8/site-packages/airflow/example_dags/example_local_kubernetes_executor.py
[2025-12-07T16:43:59.554+0000] {logging_mixin.py:188} INFO - [2025-12-07T16:43:59.553+0000] {dag.py:3036} INFO - Sync 1 DAGs
[2025-12-07T16:43:59.570+0000] {logging_mixin.py:188} INFO - [2025-12-07T16:43:59.569+0000] {dag.py:3823} INFO - Setting next_dagrun for example_local_kubernetes_executor to None, run_after=None
[2025-12-07T16:43:59.600+0000] {processor.py:183} INFO - Processing /home/airflow/.local/lib/python3.8/site-packages/airflow/example_dags/example_local_kubernetes_executor.py took 0.113 seconds
[2025-12-07T16:44:29.680+0000] {processor.py:161} INFO - Started process (PID=5881) to work on /home/airflow/.local/lib/python3.8/site-packages/airflow/example_dags/example_local_kubernetes_executor.py
[2025-12-07T16:44:29.681+0000] {processor.py:830} INFO - Processing file /home/airflow/.local/lib/python3.8/site-packages/airflow/example_dags/example_local_kubernetes_executor.py for tasks to queue
[2025-12-07T16:44:29.685+0000] {logging_mixin.py:188} INFO - [2025-12-07T16:44:29.684+0000] {dagbag.py:538} INFO - Filling up the DagBag from /home/airflow/.local/lib/python3.8/site-packages/airflow/example_dags/example_local_kubernetes_executor.py
[2025-12-07T16:44:29.696+0000] {processor.py:840} INFO - DAG(s) 'example_local_kubernetes_executor' retrieved from /home/airflow/.local/lib/python3.8/site-packages/airflow/example_dags/example_local_kubernetes_executor.py
[2025-12-07T16:44:29.754+0000] {logging_mixin.py:188} INFO - [2025-12-07T16:44:29.754+0000] {dag.py:3036} INFO - Sync 1 DAGs
[2025-12-07T16:44:29.774+0000] {logging_mixin.py:188} INFO - [2025-12-07T16:44:29.774+0000] {dag.py:3823} INFO - Setting next_dagrun for example_local_kubernetes_executor to None, run_after=None
[2025-12-07T16:44:29.808+0000] {processor.py:183} INFO - Processing /home/airflow/.local/lib/python3.8/site-packages/airflow/example_dags/example_local_kubernetes_executor.py took 0.135 seconds
[2025-12-07T16:45:00.015+0000] {processor.py:161} INFO - Started process (PID=5942) to work on /home/airflow/.local/lib/python3.8/site-packages/airflow/example_dags/example_local_kubernetes_executor.py
[2025-12-07T16:45:00.017+0000] {processor.py:830} INFO - Processing file /home/airflow/.local/lib/python3.8/site-packages/airflow/example_dags/example_local_kubernetes_executor.py for tasks to queue
[2025-12-07T16:45:00.021+0000] {logging_mixin.py:188} INFO - [2025-12-07T16:45:00.020+0000] {dagbag.py:538} INFO - Filling up the DagBag from /home/airflow/.local/lib/python3.8/site-packages/airflow/example_dags/example_local_kubernetes_executor.py
[2025-12-07T16:45:00.038+0000] {processor.py:840} INFO - DAG(s) 'example_local_kubernetes_executor' retrieved from /home/airflow/.local/lib/python3.8/site-packages/airflow/example_dags/example_local_kubernetes_executor.py
[2025-12-07T16:45:00.084+0000] {logging_mixin.py:188} INFO - [2025-12-07T16:45:00.083+0000] {dag.py:3036} INFO - Sync 1 DAGs
[2025-12-07T16:45:00.100+0000] {logging_mixin.py:188} INFO - [2025-12-07T16:45:00.099+0000] {dag.py:3823} INFO - Setting next_dagrun for example_local_kubernetes_executor to None, run_after=None
[2025-12-07T16:45:00.128+0000] {processor.py:183} INFO - Processing /home/airflow/.local/lib/python3.8/site-packages/airflow/example_dags/example_local_kubernetes_executor.py took 0.118 seconds
[2025-12-07T16:45:30.309+0000] {processor.py:161} INFO - Started process (PID=6003) to work on /home/airflow/.local/lib/python3.8/site-packages/airflow/example_dags/example_local_kubernetes_executor.py
[2025-12-07T16:45:30.312+0000] {processor.py:830} INFO - Processing file /home/airflow/.local/lib/python3.8/site-packages/airflow/example_dags/example_local_kubernetes_executor.py for tasks to queue
[2025-12-07T16:45:30.316+0000] {logging_mixin.py:188} INFO - [2025-12-07T16:45:30.315+0000] {dagbag.py:538} INFO - Filling up the DagBag from /home/airflow/.local/lib/python3.8/site-packages/airflow/example_dags/example_local_kubernetes_executor.py
[2025-12-07T16:45:30.331+0000] {processor.py:840} INFO - DAG(s) 'example_local_kubernetes_executor' retrieved from /home/airflow/.local/lib/python3.8/site-packages/airflow/example_dags/example_local_kubernetes_executor.py
[2025-12-07T16:45:30.385+0000] {logging_mixin.py:188} INFO - [2025-12-07T16:45:30.385+0000] {dag.py:3036} INFO - Sync 1 DAGs
[2025-12-07T16:45:30.404+0000] {logging_mixin.py:188} INFO - [2025-12-07T16:45:30.403+0000] {dag.py:3823} INFO - Setting next_dagrun for example_local_kubernetes_executor to None, run_after=None
[2025-12-07T16:45:30.436+0000] {processor.py:183} INFO - Processing /home/airflow/.local/lib/python3.8/site-packages/airflow/example_dags/example_local_kubernetes_executor.py took 0.132 seconds
[2025-12-07T16:46:00.497+0000] {processor.py:161} INFO - Started process (PID=6064) to work on /home/airflow/.local/lib/python3.8/site-packages/airflow/example_dags/example_local_kubernetes_executor.py
[2025-12-07T16:46:00.499+0000] {processor.py:830} INFO - Processing file /home/airflow/.local/lib/python3.8/site-packages/airflow/example_dags/example_local_kubernetes_executor.py for tasks to queue
[2025-12-07T16:46:00.501+0000] {logging_mixin.py:188} INFO - [2025-12-07T16:46:00.501+0000] {dagbag.py:538} INFO - Filling up the DagBag from /home/airflow/.local/lib/python3.8/site-packages/airflow/example_dags/example_local_kubernetes_executor.py
[2025-12-07T16:46:00.514+0000] {processor.py:840} INFO - DAG(s) 'example_local_kubernetes_executor' retrieved from /home/airflow/.local/lib/python3.8/site-packages/airflow/example_dags/example_local_kubernetes_executor.py
[2025-12-07T16:46:00.558+0000] {logging_mixin.py:188} INFO - [2025-12-07T16:46:00.558+0000] {dag.py:3036} INFO - Sync 1 DAGs
[2025-12-07T16:46:00.579+0000] {logging_mixin.py:188} INFO - [2025-12-07T16:46:00.579+0000] {dag.py:3823} INFO - Setting next_dagrun for example_local_kubernetes_executor to None, run_after=None
[2025-12-07T16:46:00.609+0000] {processor.py:183} INFO - Processing /home/airflow/.local/lib/python3.8/site-packages/airflow/example_dags/example_local_kubernetes_executor.py took 0.117 seconds
[2025-12-07T16:46:31.143+0000] {processor.py:161} INFO - Started process (PID=6125) to work on /home/airflow/.local/lib/python3.8/site-packages/airflow/example_dags/example_local_kubernetes_executor.py
[2025-12-07T16:46:31.144+0000] {processor.py:830} INFO - Processing file /home/airflow/.local/lib/python3.8/site-packages/airflow/example_dags/example_local_kubernetes_executor.py for tasks to queue
[2025-12-07T16:46:31.147+0000] {logging_mixin.py:188} INFO - [2025-12-07T16:46:31.146+0000] {dagbag.py:538} INFO - Filling up the DagBag from /home/airflow/.local/lib/python3.8/site-packages/airflow/example_dags/example_local_kubernetes_executor.py
[2025-12-07T16:46:31.156+0000] {processor.py:840} INFO - DAG(s) 'example_local_kubernetes_executor' retrieved from /home/airflow/.local/lib/python3.8/site-packages/airflow/example_dags/example_local_kubernetes_executor.py
[2025-12-07T16:46:31.207+0000] {logging_mixin.py:188} INFO - [2025-12-07T16:46:31.206+0000] {dag.py:3036} INFO - Sync 1 DAGs
[2025-12-07T16:46:31.229+0000] {logging_mixin.py:188} INFO - [2025-12-07T16:46:31.229+0000] {dag.py:3823} INFO - Setting next_dagrun for example_local_kubernetes_executor to None, run_after=None
[2025-12-07T16:46:31.257+0000] {processor.py:183} INFO - Processing /home/airflow/.local/lib/python3.8/site-packages/airflow/example_dags/example_local_kubernetes_executor.py took 0.118 seconds
[2025-12-07T16:47:01.534+0000] {processor.py:161} INFO - Started process (PID=6186) to work on /home/airflow/.local/lib/python3.8/site-packages/airflow/example_dags/example_local_kubernetes_executor.py
[2025-12-07T16:47:01.536+0000] {processor.py:830} INFO - Processing file /home/airflow/.local/lib/python3.8/site-packages/airflow/example_dags/example_local_kubernetes_executor.py for tasks to queue
[2025-12-07T16:47:01.539+0000] {logging_mixin.py:188} INFO - [2025-12-07T16:47:01.539+0000] {dagbag.py:538} INFO - Filling up the DagBag from /home/airflow/.local/lib/python3.8/site-packages/airflow/example_dags/example_local_kubernetes_executor.py
[2025-12-07T16:47:01.550+0000] {processor.py:840} INFO - DAG(s) 'example_local_kubernetes_executor' retrieved from /home/airflow/.local/lib/python3.8/site-packages/airflow/example_dags/example_local_kubernetes_executor.py
[2025-12-07T16:47:01.605+0000] {logging_mixin.py:188} INFO - [2025-12-07T16:47:01.604+0000] {dag.py:3036} INFO - Sync 1 DAGs
[2025-12-07T16:47:01.628+0000] {logging_mixin.py:188} INFO - [2025-12-07T16:47:01.628+0000] {dag.py:3823} INFO - Setting next_dagrun for example_local_kubernetes_executor to None, run_after=None
[2025-12-07T16:47:01.666+0000] {processor.py:183} INFO - Processing /home/airflow/.local/lib/python3.8/site-packages/airflow/example_dags/example_local_kubernetes_executor.py took 0.139 seconds
[2025-12-07T16:47:31.963+0000] {processor.py:161} INFO - Started process (PID=6247) to work on /home/airflow/.local/lib/python3.8/site-packages/airflow/example_dags/example_local_kubernetes_executor.py
[2025-12-07T16:47:31.965+0000] {processor.py:830} INFO - Processing file /home/airflow/.local/lib/python3.8/site-packages/airflow/example_dags/example_local_kubernetes_executor.py for tasks to queue
[2025-12-07T16:47:31.968+0000] {logging_mixin.py:188} INFO - [2025-12-07T16:47:31.968+0000] {dagbag.py:538} INFO - Filling up the DagBag from /home/airflow/.local/lib/python3.8/site-packages/airflow/example_dags/example_local_kubernetes_executor.py
[2025-12-07T16:47:31.981+0000] {processor.py:840} INFO - DAG(s) 'example_local_kubernetes_executor' retrieved from /home/airflow/.local/lib/python3.8/site-packages/airflow/example_dags/example_local_kubernetes_executor.py
[2025-12-07T16:47:32.022+0000] {logging_mixin.py:188} INFO - [2025-12-07T16:47:32.022+0000] {dag.py:3036} INFO - Sync 1 DAGs
[2025-12-07T16:47:32.036+0000] {logging_mixin.py:188} INFO - [2025-12-07T16:47:32.036+0000] {dag.py:3823} INFO - Setting next_dagrun for example_local_kubernetes_executor to None, run_after=None
[2025-12-07T16:47:32.064+0000] {processor.py:183} INFO - Processing /home/airflow/.local/lib/python3.8/site-packages/airflow/example_dags/example_local_kubernetes_executor.py took 0.106 seconds
[2025-12-07T16:48:02.327+0000] {processor.py:161} INFO - Started process (PID=6308) to work on /home/airflow/.local/lib/python3.8/site-packages/airflow/example_dags/example_local_kubernetes_executor.py
[2025-12-07T16:48:02.329+0000] {processor.py:830} INFO - Processing file /home/airflow/.local/lib/python3.8/site-packages/airflow/example_dags/example_local_kubernetes_executor.py for tasks to queue
[2025-12-07T16:48:02.331+0000] {logging_mixin.py:188} INFO - [2025-12-07T16:48:02.331+0000] {dagbag.py:538} INFO - Filling up the DagBag from /home/airflow/.local/lib/python3.8/site-packages/airflow/example_dags/example_local_kubernetes_executor.py
[2025-12-07T16:48:02.345+0000] {processor.py:840} INFO - DAG(s) 'example_local_kubernetes_executor' retrieved from /home/airflow/.local/lib/python3.8/site-packages/airflow/example_dags/example_local_kubernetes_executor.py
[2025-12-07T16:48:02.400+0000] {logging_mixin.py:188} INFO - [2025-12-07T16:48:02.399+0000] {dag.py:3036} INFO - Sync 1 DAGs
[2025-12-07T16:48:02.419+0000] {logging_mixin.py:188} INFO - [2025-12-07T16:48:02.419+0000] {dag.py:3823} INFO - Setting next_dagrun for example_local_kubernetes_executor to None, run_after=None
[2025-12-07T16:48:02.452+0000] {processor.py:183} INFO - Processing /home/airflow/.local/lib/python3.8/site-packages/airflow/example_dags/example_local_kubernetes_executor.py took 0.131 seconds
[2025-12-07T16:48:32.805+0000] {processor.py:161} INFO - Started process (PID=6369) to work on /home/airflow/.local/lib/python3.8/site-packages/airflow/example_dags/example_local_kubernetes_executor.py
[2025-12-07T16:48:32.807+0000] {processor.py:830} INFO - Processing file /home/airflow/.local/lib/python3.8/site-packages/airflow/example_dags/example_local_kubernetes_executor.py for tasks to queue
[2025-12-07T16:48:32.809+0000] {logging_mixin.py:188} INFO - [2025-12-07T16:48:32.809+0000] {dagbag.py:538} INFO - Filling up the DagBag from /home/airflow/.local/lib/python3.8/site-packages/airflow/example_dags/example_local_kubernetes_executor.py
[2025-12-07T16:48:32.823+0000] {processor.py:840} INFO - DAG(s) 'example_local_kubernetes_executor' retrieved from /home/airflow/.local/lib/python3.8/site-packages/airflow/example_dags/example_local_kubernetes_executor.py
[2025-12-07T16:48:32.871+0000] {logging_mixin.py:188} INFO - [2025-12-07T16:48:32.870+0000] {dag.py:3036} INFO - Sync 1 DAGs
[2025-12-07T16:48:32.888+0000] {logging_mixin.py:188} INFO - [2025-12-07T16:48:32.887+0000] {dag.py:3823} INFO - Setting next_dagrun for example_local_kubernetes_executor to None, run_after=None
[2025-12-07T16:48:32.917+0000] {processor.py:183} INFO - Processing /home/airflow/.local/lib/python3.8/site-packages/airflow/example_dags/example_local_kubernetes_executor.py took 0.116 seconds
[2025-12-07T16:49:03.046+0000] {processor.py:161} INFO - Started process (PID=6430) to work on /home/airflow/.local/lib/python3.8/site-packages/airflow/example_dags/example_local_kubernetes_executor.py
[2025-12-07T16:49:03.049+0000] {processor.py:830} INFO - Processing file /home/airflow/.local/lib/python3.8/site-packages/airflow/example_dags/example_local_kubernetes_executor.py for tasks to queue
[2025-12-07T16:49:03.052+0000] {logging_mixin.py:188} INFO - [2025-12-07T16:49:03.051+0000] {dagbag.py:538} INFO - Filling up the DagBag from /home/airflow/.local/lib/python3.8/site-packages/airflow/example_dags/example_local_kubernetes_executor.py
[2025-12-07T16:49:03.063+0000] {processor.py:840} INFO - DAG(s) 'example_local_kubernetes_executor' retrieved from /home/airflow/.local/lib/python3.8/site-packages/airflow/example_dags/example_local_kubernetes_executor.py
[2025-12-07T16:49:03.111+0000] {logging_mixin.py:188} INFO - [2025-12-07T16:49:03.110+0000] {dag.py:3036} INFO - Sync 1 DAGs
[2025-12-07T16:49:03.128+0000] {logging_mixin.py:188} INFO - [2025-12-07T16:49:03.128+0000] {dag.py:3823} INFO - Setting next_dagrun for example_local_kubernetes_executor to None, run_after=None
[2025-12-07T16:49:03.161+0000] {processor.py:183} INFO - Processing /home/airflow/.local/lib/python3.8/site-packages/airflow/example_dags/example_local_kubernetes_executor.py took 0.119 seconds
[2025-12-07T16:49:33.563+0000] {processor.py:161} INFO - Started process (PID=6491) to work on /home/airflow/.local/lib/python3.8/site-packages/airflow/example_dags/example_local_kubernetes_executor.py
[2025-12-07T16:49:33.566+0000] {processor.py:830} INFO - Processing file /home/airflow/.local/lib/python3.8/site-packages/airflow/example_dags/example_local_kubernetes_executor.py for tasks to queue
[2025-12-07T16:49:33.569+0000] {logging_mixin.py:188} INFO - [2025-12-07T16:49:33.569+0000] {dagbag.py:538} INFO - Filling up the DagBag from /home/airflow/.local/lib/python3.8/site-packages/airflow/example_dags/example_local_kubernetes_executor.py
[2025-12-07T16:49:33.583+0000] {processor.py:840} INFO - DAG(s) 'example_local_kubernetes_executor' retrieved from /home/airflow/.local/lib/python3.8/site-packages/airflow/example_dags/example_local_kubernetes_executor.py
[2025-12-07T16:49:33.638+0000] {logging_mixin.py:188} INFO - [2025-12-07T16:49:33.638+0000] {dag.py:3036} INFO - Sync 1 DAGs
[2025-12-07T16:49:33.657+0000] {logging_mixin.py:188} INFO - [2025-12-07T16:49:33.657+0000] {dag.py:3823} INFO - Setting next_dagrun for example_local_kubernetes_executor to None, run_after=None
[2025-12-07T16:49:33.691+0000] {processor.py:183} INFO - Processing /home/airflow/.local/lib/python3.8/site-packages/airflow/example_dags/example_local_kubernetes_executor.py took 0.133 seconds
[2025-12-07T16:50:04.219+0000] {processor.py:161} INFO - Started process (PID=6552) to work on /home/airflow/.local/lib/python3.8/site-packages/airflow/example_dags/example_local_kubernetes_executor.py
[2025-12-07T16:50:04.220+0000] {processor.py:830} INFO - Processing file /home/airflow/.local/lib/python3.8/site-packages/airflow/example_dags/example_local_kubernetes_executor.py for tasks to queue
[2025-12-07T16:50:04.223+0000] {logging_mixin.py:188} INFO - [2025-12-07T16:50:04.222+0000] {dagbag.py:538} INFO - Filling up the DagBag from /home/airflow/.local/lib/python3.8/site-packages/airflow/example_dags/example_local_kubernetes_executor.py
[2025-12-07T16:50:04.235+0000] {processor.py:840} INFO - DAG(s) 'example_local_kubernetes_executor' retrieved from /home/airflow/.local/lib/python3.8/site-packages/airflow/example_dags/example_local_kubernetes_executor.py
[2025-12-07T16:50:04.281+0000] {logging_mixin.py:188} INFO - [2025-12-07T16:50:04.280+0000] {dag.py:3036} INFO - Sync 1 DAGs
[2025-12-07T16:50:04.299+0000] {logging_mixin.py:188} INFO - [2025-12-07T16:50:04.299+0000] {dag.py:3823} INFO - Setting next_dagrun for example_local_kubernetes_executor to None, run_after=None
[2025-12-07T16:50:04.332+0000] {processor.py:183} INFO - Processing /home/airflow/.local/lib/python3.8/site-packages/airflow/example_dags/example_local_kubernetes_executor.py took 0.118 seconds
[2025-12-07T16:50:34.504+0000] {processor.py:161} INFO - Started process (PID=6613) to work on /home/airflow/.local/lib/python3.8/site-packages/airflow/example_dags/example_local_kubernetes_executor.py
[2025-12-07T16:50:34.505+0000] {processor.py:830} INFO - Processing file /home/airflow/.local/lib/python3.8/site-packages/airflow/example_dags/example_local_kubernetes_executor.py for tasks to queue
[2025-12-07T16:50:34.508+0000] {logging_mixin.py:188} INFO - [2025-12-07T16:50:34.508+0000] {dagbag.py:538} INFO - Filling up the DagBag from /home/airflow/.local/lib/python3.8/site-packages/airflow/example_dags/example_local_kubernetes_executor.py
[2025-12-07T16:50:34.519+0000] {processor.py:840} INFO - DAG(s) 'example_local_kubernetes_executor' retrieved from /home/airflow/.local/lib/python3.8/site-packages/airflow/example_dags/example_local_kubernetes_executor.py
[2025-12-07T16:50:34.563+0000] {logging_mixin.py:188} INFO - [2025-12-07T16:50:34.563+0000] {dag.py:3036} INFO - Sync 1 DAGs
[2025-12-07T16:50:34.580+0000] {logging_mixin.py:188} INFO - [2025-12-07T16:50:34.579+0000] {dag.py:3823} INFO - Setting next_dagrun for example_local_kubernetes_executor to None, run_after=None
[2025-12-07T16:50:34.613+0000] {processor.py:183} INFO - Processing /home/airflow/.local/lib/python3.8/site-packages/airflow/example_dags/example_local_kubernetes_executor.py took 0.113 seconds
[2025-12-07T16:51:06.487+0000] {processor.py:161} INFO - Started process (PID=6674) to work on /home/airflow/.local/lib/python3.8/site-packages/airflow/example_dags/example_local_kubernetes_executor.py
[2025-12-07T16:51:06.489+0000] {processor.py:830} INFO - Processing file /home/airflow/.local/lib/python3.8/site-packages/airflow/example_dags/example_local_kubernetes_executor.py for tasks to queue
[2025-12-07T16:51:06.492+0000] {logging_mixin.py:188} INFO - [2025-12-07T16:51:06.491+0000] {dagbag.py:538} INFO - Filling up the DagBag from /home/airflow/.local/lib/python3.8/site-packages/airflow/example_dags/example_local_kubernetes_executor.py
[2025-12-07T16:51:06.509+0000] {processor.py:840} INFO - DAG(s) 'example_local_kubernetes_executor' retrieved from /home/airflow/.local/lib/python3.8/site-packages/airflow/example_dags/example_local_kubernetes_executor.py
[2025-12-07T16:51:06.578+0000] {logging_mixin.py:188} INFO - [2025-12-07T16:51:06.577+0000] {dag.py:3036} INFO - Sync 1 DAGs
[2025-12-07T16:51:06.605+0000] {logging_mixin.py:188} INFO - [2025-12-07T16:51:06.604+0000] {dag.py:3823} INFO - Setting next_dagrun for example_local_kubernetes_executor to None, run_after=None
[2025-12-07T16:51:06.646+0000] {processor.py:183} INFO - Processing /home/airflow/.local/lib/python3.8/site-packages/airflow/example_dags/example_local_kubernetes_executor.py took 0.163 seconds
[2025-12-07T16:51:37.176+0000] {processor.py:161} INFO - Started process (PID=6735) to work on /home/airflow/.local/lib/python3.8/site-packages/airflow/example_dags/example_local_kubernetes_executor.py
[2025-12-07T16:51:37.177+0000] {processor.py:830} INFO - Processing file /home/airflow/.local/lib/python3.8/site-packages/airflow/example_dags/example_local_kubernetes_executor.py for tasks to queue
[2025-12-07T16:51:37.180+0000] {logging_mixin.py:188} INFO - [2025-12-07T16:51:37.180+0000] {dagbag.py:538} INFO - Filling up the DagBag from /home/airflow/.local/lib/python3.8/site-packages/airflow/example_dags/example_local_kubernetes_executor.py
[2025-12-07T16:51:37.194+0000] {processor.py:840} INFO - DAG(s) 'example_local_kubernetes_executor' retrieved from /home/airflow/.local/lib/python3.8/site-packages/airflow/example_dags/example_local_kubernetes_executor.py
[2025-12-07T16:51:37.243+0000] {logging_mixin.py:188} INFO - [2025-12-07T16:51:37.243+0000] {dag.py:3036} INFO - Sync 1 DAGs
[2025-12-07T16:51:37.260+0000] {logging_mixin.py:188} INFO - [2025-12-07T16:51:37.259+0000] {dag.py:3823} INFO - Setting next_dagrun for example_local_kubernetes_executor to None, run_after=None
[2025-12-07T16:51:37.292+0000] {processor.py:183} INFO - Processing /home/airflow/.local/lib/python3.8/site-packages/airflow/example_dags/example_local_kubernetes_executor.py took 0.121 seconds
[2025-12-07T16:52:08.190+0000] {processor.py:161} INFO - Started process (PID=6796) to work on /home/airflow/.local/lib/python3.8/site-packages/airflow/example_dags/example_local_kubernetes_executor.py
[2025-12-07T16:52:08.191+0000] {processor.py:830} INFO - Processing file /home/airflow/.local/lib/python3.8/site-packages/airflow/example_dags/example_local_kubernetes_executor.py for tasks to queue
[2025-12-07T16:52:08.194+0000] {logging_mixin.py:188} INFO - [2025-12-07T16:52:08.193+0000] {dagbag.py:538} INFO - Filling up the DagBag from /home/airflow/.local/lib/python3.8/site-packages/airflow/example_dags/example_local_kubernetes_executor.py
[2025-12-07T16:52:08.204+0000] {processor.py:840} INFO - DAG(s) 'example_local_kubernetes_executor' retrieved from /home/airflow/.local/lib/python3.8/site-packages/airflow/example_dags/example_local_kubernetes_executor.py
[2025-12-07T16:52:08.250+0000] {logging_mixin.py:188} INFO - [2025-12-07T16:52:08.249+0000] {dag.py:3036} INFO - Sync 1 DAGs
[2025-12-07T16:52:08.267+0000] {logging_mixin.py:188} INFO - [2025-12-07T16:52:08.266+0000] {dag.py:3823} INFO - Setting next_dagrun for example_local_kubernetes_executor to None, run_after=None
[2025-12-07T16:52:08.302+0000] {processor.py:183} INFO - Processing /home/airflow/.local/lib/python3.8/site-packages/airflow/example_dags/example_local_kubernetes_executor.py took 0.117 seconds
[2025-12-07T16:52:38.916+0000] {processor.py:161} INFO - Started process (PID=6857) to work on /home/airflow/.local/lib/python3.8/site-packages/airflow/example_dags/example_local_kubernetes_executor.py
[2025-12-07T16:52:38.917+0000] {processor.py:830} INFO - Processing file /home/airflow/.local/lib/python3.8/site-packages/airflow/example_dags/example_local_kubernetes_executor.py for tasks to queue
[2025-12-07T16:52:38.920+0000] {logging_mixin.py:188} INFO - [2025-12-07T16:52:38.920+0000] {dagbag.py:538} INFO - Filling up the DagBag from /home/airflow/.local/lib/python3.8/site-packages/airflow/example_dags/example_local_kubernetes_executor.py
[2025-12-07T16:52:38.931+0000] {processor.py:840} INFO - DAG(s) 'example_local_kubernetes_executor' retrieved from /home/airflow/.local/lib/python3.8/site-packages/airflow/example_dags/example_local_kubernetes_executor.py
[2025-12-07T16:52:38.973+0000] {logging_mixin.py:188} INFO - [2025-12-07T16:52:38.973+0000] {dag.py:3036} INFO - Sync 1 DAGs
[2025-12-07T16:52:38.990+0000] {logging_mixin.py:188} INFO - [2025-12-07T16:52:38.990+0000] {dag.py:3823} INFO - Setting next_dagrun for example_local_kubernetes_executor to None, run_after=None
[2025-12-07T16:52:39.022+0000] {processor.py:183} INFO - Processing /home/airflow/.local/lib/python3.8/site-packages/airflow/example_dags/example_local_kubernetes_executor.py took 0.111 seconds
[2025-12-07T16:53:09.207+0000] {processor.py:161} INFO - Started process (PID=6916) to work on /home/airflow/.local/lib/python3.8/site-packages/airflow/example_dags/example_local_kubernetes_executor.py
[2025-12-07T16:53:09.208+0000] {processor.py:830} INFO - Processing file /home/airflow/.local/lib/python3.8/site-packages/airflow/example_dags/example_local_kubernetes_executor.py for tasks to queue
[2025-12-07T16:53:09.212+0000] {logging_mixin.py:188} INFO - [2025-12-07T16:53:09.211+0000] {dagbag.py:538} INFO - Filling up the DagBag from /home/airflow/.local/lib/python3.8/site-packages/airflow/example_dags/example_local_kubernetes_executor.py
[2025-12-07T16:53:09.230+0000] {processor.py:840} INFO - DAG(s) 'example_local_kubernetes_executor' retrieved from /home/airflow/.local/lib/python3.8/site-packages/airflow/example_dags/example_local_kubernetes_executor.py
[2025-12-07T16:53:09.288+0000] {logging_mixin.py:188} INFO - [2025-12-07T16:53:09.287+0000] {dag.py:3036} INFO - Sync 1 DAGs
[2025-12-07T16:53:09.304+0000] {logging_mixin.py:188} INFO - [2025-12-07T16:53:09.303+0000] {dag.py:3823} INFO - Setting next_dagrun for example_local_kubernetes_executor to None, run_after=None
[2025-12-07T16:53:09.335+0000] {processor.py:183} INFO - Processing /home/airflow/.local/lib/python3.8/site-packages/airflow/example_dags/example_local_kubernetes_executor.py took 0.134 seconds
[2025-12-07T16:53:39.628+0000] {processor.py:161} INFO - Started process (PID=6977) to work on /home/airflow/.local/lib/python3.8/site-packages/airflow/example_dags/example_local_kubernetes_executor.py
[2025-12-07T16:53:39.629+0000] {processor.py:830} INFO - Processing file /home/airflow/.local/lib/python3.8/site-packages/airflow/example_dags/example_local_kubernetes_executor.py for tasks to queue
[2025-12-07T16:53:39.631+0000] {logging_mixin.py:188} INFO - [2025-12-07T16:53:39.631+0000] {dagbag.py:538} INFO - Filling up the DagBag from /home/airflow/.local/lib/python3.8/site-packages/airflow/example_dags/example_local_kubernetes_executor.py
[2025-12-07T16:53:39.641+0000] {processor.py:840} INFO - DAG(s) 'example_local_kubernetes_executor' retrieved from /home/airflow/.local/lib/python3.8/site-packages/airflow/example_dags/example_local_kubernetes_executor.py
[2025-12-07T16:53:39.689+0000] {logging_mixin.py:188} INFO - [2025-12-07T16:53:39.689+0000] {dag.py:3036} INFO - Sync 1 DAGs
[2025-12-07T16:53:39.708+0000] {logging_mixin.py:188} INFO - [2025-12-07T16:53:39.708+0000] {dag.py:3823} INFO - Setting next_dagrun for example_local_kubernetes_executor to None, run_after=None
[2025-12-07T16:53:39.742+0000] {processor.py:183} INFO - Processing /home/airflow/.local/lib/python3.8/site-packages/airflow/example_dags/example_local_kubernetes_executor.py took 0.119 seconds
[2025-12-07T16:54:10.372+0000] {processor.py:161} INFO - Started process (PID=7038) to work on /home/airflow/.local/lib/python3.8/site-packages/airflow/example_dags/example_local_kubernetes_executor.py
[2025-12-07T16:54:10.374+0000] {processor.py:830} INFO - Processing file /home/airflow/.local/lib/python3.8/site-packages/airflow/example_dags/example_local_kubernetes_executor.py for tasks to queue
[2025-12-07T16:54:10.377+0000] {logging_mixin.py:188} INFO - [2025-12-07T16:54:10.376+0000] {dagbag.py:538} INFO - Filling up the DagBag from /home/airflow/.local/lib/python3.8/site-packages/airflow/example_dags/example_local_kubernetes_executor.py
[2025-12-07T16:54:10.393+0000] {processor.py:840} INFO - DAG(s) 'example_local_kubernetes_executor' retrieved from /home/airflow/.local/lib/python3.8/site-packages/airflow/example_dags/example_local_kubernetes_executor.py
[2025-12-07T16:54:10.448+0000] {logging_mixin.py:188} INFO - [2025-12-07T16:54:10.448+0000] {dag.py:3036} INFO - Sync 1 DAGs
[2025-12-07T16:54:10.472+0000] {logging_mixin.py:188} INFO - [2025-12-07T16:54:10.471+0000] {dag.py:3823} INFO - Setting next_dagrun for example_local_kubernetes_executor to None, run_after=None
[2025-12-07T16:54:10.510+0000] {processor.py:183} INFO - Processing /home/airflow/.local/lib/python3.8/site-packages/airflow/example_dags/example_local_kubernetes_executor.py took 0.144 seconds
[2025-12-07T16:54:40.986+0000] {processor.py:161} INFO - Started process (PID=7099) to work on /home/airflow/.local/lib/python3.8/site-packages/airflow/example_dags/example_local_kubernetes_executor.py
[2025-12-07T16:54:40.987+0000] {processor.py:830} INFO - Processing file /home/airflow/.local/lib/python3.8/site-packages/airflow/example_dags/example_local_kubernetes_executor.py for tasks to queue
[2025-12-07T16:54:40.990+0000] {logging_mixin.py:188} INFO - [2025-12-07T16:54:40.989+0000] {dagbag.py:538} INFO - Filling up the DagBag from /home/airflow/.local/lib/python3.8/site-packages/airflow/example_dags/example_local_kubernetes_executor.py
[2025-12-07T16:54:41.000+0000] {processor.py:840} INFO - DAG(s) 'example_local_kubernetes_executor' retrieved from /home/airflow/.local/lib/python3.8/site-packages/airflow/example_dags/example_local_kubernetes_executor.py
[2025-12-07T16:54:41.052+0000] {logging_mixin.py:188} INFO - [2025-12-07T16:54:41.052+0000] {dag.py:3036} INFO - Sync 1 DAGs
[2025-12-07T16:54:41.068+0000] {logging_mixin.py:188} INFO - [2025-12-07T16:54:41.068+0000] {dag.py:3823} INFO - Setting next_dagrun for example_local_kubernetes_executor to None, run_after=None
[2025-12-07T16:54:41.098+0000] {processor.py:183} INFO - Processing /home/airflow/.local/lib/python3.8/site-packages/airflow/example_dags/example_local_kubernetes_executor.py took 0.116 seconds
[2025-12-07T16:55:11.305+0000] {processor.py:161} INFO - Started process (PID=7160) to work on /home/airflow/.local/lib/python3.8/site-packages/airflow/example_dags/example_local_kubernetes_executor.py
[2025-12-07T16:55:11.307+0000] {processor.py:830} INFO - Processing file /home/airflow/.local/lib/python3.8/site-packages/airflow/example_dags/example_local_kubernetes_executor.py for tasks to queue
[2025-12-07T16:55:11.309+0000] {logging_mixin.py:188} INFO - [2025-12-07T16:55:11.309+0000] {dagbag.py:538} INFO - Filling up the DagBag from /home/airflow/.local/lib/python3.8/site-packages/airflow/example_dags/example_local_kubernetes_executor.py
[2025-12-07T16:55:11.319+0000] {processor.py:840} INFO - DAG(s) 'example_local_kubernetes_executor' retrieved from /home/airflow/.local/lib/python3.8/site-packages/airflow/example_dags/example_local_kubernetes_executor.py
[2025-12-07T16:55:11.376+0000] {logging_mixin.py:188} INFO - [2025-12-07T16:55:11.376+0000] {dag.py:3036} INFO - Sync 1 DAGs
[2025-12-07T16:55:11.392+0000] {logging_mixin.py:188} INFO - [2025-12-07T16:55:11.392+0000] {dag.py:3823} INFO - Setting next_dagrun for example_local_kubernetes_executor to None, run_after=None
[2025-12-07T16:55:11.429+0000] {processor.py:183} INFO - Processing /home/airflow/.local/lib/python3.8/site-packages/airflow/example_dags/example_local_kubernetes_executor.py took 0.130 seconds
[2025-12-07T16:55:41.921+0000] {processor.py:161} INFO - Started process (PID=7221) to work on /home/airflow/.local/lib/python3.8/site-packages/airflow/example_dags/example_local_kubernetes_executor.py
[2025-12-07T16:55:41.923+0000] {processor.py:830} INFO - Processing file /home/airflow/.local/lib/python3.8/site-packages/airflow/example_dags/example_local_kubernetes_executor.py for tasks to queue
[2025-12-07T16:55:41.926+0000] {logging_mixin.py:188} INFO - [2025-12-07T16:55:41.926+0000] {dagbag.py:538} INFO - Filling up the DagBag from /home/airflow/.local/lib/python3.8/site-packages/airflow/example_dags/example_local_kubernetes_executor.py
[2025-12-07T16:55:41.943+0000] {processor.py:840} INFO - DAG(s) 'example_local_kubernetes_executor' retrieved from /home/airflow/.local/lib/python3.8/site-packages/airflow/example_dags/example_local_kubernetes_executor.py
[2025-12-07T16:55:42.007+0000] {logging_mixin.py:188} INFO - [2025-12-07T16:55:42.007+0000] {dag.py:3036} INFO - Sync 1 DAGs
[2025-12-07T16:55:42.030+0000] {logging_mixin.py:188} INFO - [2025-12-07T16:55:42.029+0000] {dag.py:3823} INFO - Setting next_dagrun for example_local_kubernetes_executor to None, run_after=None
[2025-12-07T16:55:42.071+0000] {processor.py:183} INFO - Processing /home/airflow/.local/lib/python3.8/site-packages/airflow/example_dags/example_local_kubernetes_executor.py took 0.154 seconds
[2025-12-07T16:56:12.902+0000] {processor.py:161} INFO - Started process (PID=7282) to work on /home/airflow/.local/lib/python3.8/site-packages/airflow/example_dags/example_local_kubernetes_executor.py
[2025-12-07T16:56:12.904+0000] {processor.py:830} INFO - Processing file /home/airflow/.local/lib/python3.8/site-packages/airflow/example_dags/example_local_kubernetes_executor.py for tasks to queue
[2025-12-07T16:56:12.909+0000] {logging_mixin.py:188} INFO - [2025-12-07T16:56:12.908+0000] {dagbag.py:538} INFO - Filling up the DagBag from /home/airflow/.local/lib/python3.8/site-packages/airflow/example_dags/example_local_kubernetes_executor.py
[2025-12-07T16:56:12.921+0000] {processor.py:840} INFO - DAG(s) 'example_local_kubernetes_executor' retrieved from /home/airflow/.local/lib/python3.8/site-packages/airflow/example_dags/example_local_kubernetes_executor.py
[2025-12-07T16:56:12.966+0000] {logging_mixin.py:188} INFO - [2025-12-07T16:56:12.966+0000] {dag.py:3036} INFO - Sync 1 DAGs
[2025-12-07T16:56:12.982+0000] {logging_mixin.py:188} INFO - [2025-12-07T16:56:12.981+0000] {dag.py:3823} INFO - Setting next_dagrun for example_local_kubernetes_executor to None, run_after=None
[2025-12-07T16:56:13.014+0000] {processor.py:183} INFO - Processing /home/airflow/.local/lib/python3.8/site-packages/airflow/example_dags/example_local_kubernetes_executor.py took 0.118 seconds
[2025-12-07T16:56:43.224+0000] {processor.py:161} INFO - Started process (PID=7343) to work on /home/airflow/.local/lib/python3.8/site-packages/airflow/example_dags/example_local_kubernetes_executor.py
[2025-12-07T16:56:43.225+0000] {processor.py:830} INFO - Processing file /home/airflow/.local/lib/python3.8/site-packages/airflow/example_dags/example_local_kubernetes_executor.py for tasks to queue
[2025-12-07T16:56:43.228+0000] {logging_mixin.py:188} INFO - [2025-12-07T16:56:43.227+0000] {dagbag.py:538} INFO - Filling up the DagBag from /home/airflow/.local/lib/python3.8/site-packages/airflow/example_dags/example_local_kubernetes_executor.py
[2025-12-07T16:56:43.240+0000] {processor.py:840} INFO - DAG(s) 'example_local_kubernetes_executor' retrieved from /home/airflow/.local/lib/python3.8/site-packages/airflow/example_dags/example_local_kubernetes_executor.py
[2025-12-07T16:56:43.288+0000] {logging_mixin.py:188} INFO - [2025-12-07T16:56:43.287+0000] {dag.py:3036} INFO - Sync 1 DAGs
[2025-12-07T16:56:43.305+0000] {logging_mixin.py:188} INFO - [2025-12-07T16:56:43.305+0000] {dag.py:3823} INFO - Setting next_dagrun for example_local_kubernetes_executor to None, run_after=None
[2025-12-07T16:56:43.336+0000] {processor.py:183} INFO - Processing /home/airflow/.local/lib/python3.8/site-packages/airflow/example_dags/example_local_kubernetes_executor.py took 0.117 seconds
[2025-12-07T16:57:13.855+0000] {processor.py:161} INFO - Started process (PID=7404) to work on /home/airflow/.local/lib/python3.8/site-packages/airflow/example_dags/example_local_kubernetes_executor.py
[2025-12-07T16:57:13.857+0000] {processor.py:830} INFO - Processing file /home/airflow/.local/lib/python3.8/site-packages/airflow/example_dags/example_local_kubernetes_executor.py for tasks to queue
[2025-12-07T16:57:13.860+0000] {logging_mixin.py:188} INFO - [2025-12-07T16:57:13.859+0000] {dagbag.py:538} INFO - Filling up the DagBag from /home/airflow/.local/lib/python3.8/site-packages/airflow/example_dags/example_local_kubernetes_executor.py
[2025-12-07T16:57:13.870+0000] {processor.py:840} INFO - DAG(s) 'example_local_kubernetes_executor' retrieved from /home/airflow/.local/lib/python3.8/site-packages/airflow/example_dags/example_local_kubernetes_executor.py
[2025-12-07T16:57:13.921+0000] {logging_mixin.py:188} INFO - [2025-12-07T16:57:13.921+0000] {dag.py:3036} INFO - Sync 1 DAGs
[2025-12-07T16:57:13.942+0000] {logging_mixin.py:188} INFO - [2025-12-07T16:57:13.941+0000] {dag.py:3823} INFO - Setting next_dagrun for example_local_kubernetes_executor to None, run_after=None
[2025-12-07T16:57:13.972+0000] {processor.py:183} INFO - Processing /home/airflow/.local/lib/python3.8/site-packages/airflow/example_dags/example_local_kubernetes_executor.py took 0.121 seconds
[2025-12-07T16:57:44.381+0000] {processor.py:161} INFO - Started process (PID=7465) to work on /home/airflow/.local/lib/python3.8/site-packages/airflow/example_dags/example_local_kubernetes_executor.py
[2025-12-07T16:57:44.383+0000] {processor.py:830} INFO - Processing file /home/airflow/.local/lib/python3.8/site-packages/airflow/example_dags/example_local_kubernetes_executor.py for tasks to queue
[2025-12-07T16:57:44.385+0000] {logging_mixin.py:188} INFO - [2025-12-07T16:57:44.385+0000] {dagbag.py:538} INFO - Filling up the DagBag from /home/airflow/.local/lib/python3.8/site-packages/airflow/example_dags/example_local_kubernetes_executor.py
[2025-12-07T16:57:44.396+0000] {processor.py:840} INFO - DAG(s) 'example_local_kubernetes_executor' retrieved from /home/airflow/.local/lib/python3.8/site-packages/airflow/example_dags/example_local_kubernetes_executor.py
[2025-12-07T16:57:44.448+0000] {logging_mixin.py:188} INFO - [2025-12-07T16:57:44.448+0000] {dag.py:3036} INFO - Sync 1 DAGs
[2025-12-07T16:57:44.464+0000] {logging_mixin.py:188} INFO - [2025-12-07T16:57:44.463+0000] {dag.py:3823} INFO - Setting next_dagrun for example_local_kubernetes_executor to None, run_after=None
[2025-12-07T16:57:44.493+0000] {processor.py:183} INFO - Processing /home/airflow/.local/lib/python3.8/site-packages/airflow/example_dags/example_local_kubernetes_executor.py took 0.117 seconds
[2025-12-07T16:58:15.389+0000] {processor.py:161} INFO - Started process (PID=7526) to work on /home/airflow/.local/lib/python3.8/site-packages/airflow/example_dags/example_local_kubernetes_executor.py
[2025-12-07T16:58:15.391+0000] {processor.py:830} INFO - Processing file /home/airflow/.local/lib/python3.8/site-packages/airflow/example_dags/example_local_kubernetes_executor.py for tasks to queue
[2025-12-07T16:58:15.393+0000] {logging_mixin.py:188} INFO - [2025-12-07T16:58:15.393+0000] {dagbag.py:538} INFO - Filling up the DagBag from /home/airflow/.local/lib/python3.8/site-packages/airflow/example_dags/example_local_kubernetes_executor.py
[2025-12-07T16:58:15.405+0000] {processor.py:840} INFO - DAG(s) 'example_local_kubernetes_executor' retrieved from /home/airflow/.local/lib/python3.8/site-packages/airflow/example_dags/example_local_kubernetes_executor.py
[2025-12-07T16:58:15.453+0000] {logging_mixin.py:188} INFO - [2025-12-07T16:58:15.453+0000] {dag.py:3036} INFO - Sync 1 DAGs
[2025-12-07T16:58:15.469+0000] {logging_mixin.py:188} INFO - [2025-12-07T16:58:15.468+0000] {dag.py:3823} INFO - Setting next_dagrun for example_local_kubernetes_executor to None, run_after=None
[2025-12-07T16:58:15.499+0000] {processor.py:183} INFO - Processing /home/airflow/.local/lib/python3.8/site-packages/airflow/example_dags/example_local_kubernetes_executor.py took 0.115 seconds
[2025-12-07T16:58:46.360+0000] {processor.py:161} INFO - Started process (PID=7587) to work on /home/airflow/.local/lib/python3.8/site-packages/airflow/example_dags/example_local_kubernetes_executor.py
[2025-12-07T16:58:46.361+0000] {processor.py:830} INFO - Processing file /home/airflow/.local/lib/python3.8/site-packages/airflow/example_dags/example_local_kubernetes_executor.py for tasks to queue
[2025-12-07T16:58:46.365+0000] {logging_mixin.py:188} INFO - [2025-12-07T16:58:46.365+0000] {dagbag.py:538} INFO - Filling up the DagBag from /home/airflow/.local/lib/python3.8/site-packages/airflow/example_dags/example_local_kubernetes_executor.py
[2025-12-07T16:58:46.377+0000] {processor.py:840} INFO - DAG(s) 'example_local_kubernetes_executor' retrieved from /home/airflow/.local/lib/python3.8/site-packages/airflow/example_dags/example_local_kubernetes_executor.py
[2025-12-07T16:58:46.429+0000] {logging_mixin.py:188} INFO - [2025-12-07T16:58:46.429+0000] {dag.py:3036} INFO - Sync 1 DAGs
[2025-12-07T16:58:46.449+0000] {logging_mixin.py:188} INFO - [2025-12-07T16:58:46.448+0000] {dag.py:3823} INFO - Setting next_dagrun for example_local_kubernetes_executor to None, run_after=None
[2025-12-07T16:58:46.481+0000] {processor.py:183} INFO - Processing /home/airflow/.local/lib/python3.8/site-packages/airflow/example_dags/example_local_kubernetes_executor.py took 0.125 seconds
[2025-12-07T16:59:16.825+0000] {processor.py:161} INFO - Started process (PID=7648) to work on /home/airflow/.local/lib/python3.8/site-packages/airflow/example_dags/example_local_kubernetes_executor.py
[2025-12-07T16:59:16.826+0000] {processor.py:830} INFO - Processing file /home/airflow/.local/lib/python3.8/site-packages/airflow/example_dags/example_local_kubernetes_executor.py for tasks to queue
[2025-12-07T16:59:16.829+0000] {logging_mixin.py:188} INFO - [2025-12-07T16:59:16.829+0000] {dagbag.py:538} INFO - Filling up the DagBag from /home/airflow/.local/lib/python3.8/site-packages/airflow/example_dags/example_local_kubernetes_executor.py
[2025-12-07T16:59:16.846+0000] {processor.py:840} INFO - DAG(s) 'example_local_kubernetes_executor' retrieved from /home/airflow/.local/lib/python3.8/site-packages/airflow/example_dags/example_local_kubernetes_executor.py
[2025-12-07T16:59:16.894+0000] {logging_mixin.py:188} INFO - [2025-12-07T16:59:16.893+0000] {dag.py:3036} INFO - Sync 1 DAGs
[2025-12-07T16:59:16.917+0000] {logging_mixin.py:188} INFO - [2025-12-07T16:59:16.917+0000] {dag.py:3823} INFO - Setting next_dagrun for example_local_kubernetes_executor to None, run_after=None
[2025-12-07T16:59:16.948+0000] {processor.py:183} INFO - Processing /home/airflow/.local/lib/python3.8/site-packages/airflow/example_dags/example_local_kubernetes_executor.py took 0.131 seconds
[2025-12-07T16:59:47.735+0000] {processor.py:161} INFO - Started process (PID=7709) to work on /home/airflow/.local/lib/python3.8/site-packages/airflow/example_dags/example_local_kubernetes_executor.py
[2025-12-07T16:59:47.737+0000] {processor.py:830} INFO - Processing file /home/airflow/.local/lib/python3.8/site-packages/airflow/example_dags/example_local_kubernetes_executor.py for tasks to queue
[2025-12-07T16:59:47.741+0000] {logging_mixin.py:188} INFO - [2025-12-07T16:59:47.740+0000] {dagbag.py:538} INFO - Filling up the DagBag from /home/airflow/.local/lib/python3.8/site-packages/airflow/example_dags/example_local_kubernetes_executor.py
[2025-12-07T16:59:47.759+0000] {processor.py:840} INFO - DAG(s) 'example_local_kubernetes_executor' retrieved from /home/airflow/.local/lib/python3.8/site-packages/airflow/example_dags/example_local_kubernetes_executor.py
[2025-12-07T16:59:47.810+0000] {logging_mixin.py:188} INFO - [2025-12-07T16:59:47.810+0000] {dag.py:3036} INFO - Sync 1 DAGs
[2025-12-07T16:59:47.829+0000] {logging_mixin.py:188} INFO - [2025-12-07T16:59:47.829+0000] {dag.py:3823} INFO - Setting next_dagrun for example_local_kubernetes_executor to None, run_after=None
[2025-12-07T16:59:47.861+0000] {processor.py:183} INFO - Processing /home/airflow/.local/lib/python3.8/site-packages/airflow/example_dags/example_local_kubernetes_executor.py took 0.132 seconds
[2025-12-07T17:00:18.369+0000] {processor.py:161} INFO - Started process (PID=7770) to work on /home/airflow/.local/lib/python3.8/site-packages/airflow/example_dags/example_local_kubernetes_executor.py
[2025-12-07T17:00:18.370+0000] {processor.py:830} INFO - Processing file /home/airflow/.local/lib/python3.8/site-packages/airflow/example_dags/example_local_kubernetes_executor.py for tasks to queue
[2025-12-07T17:00:18.373+0000] {logging_mixin.py:188} INFO - [2025-12-07T17:00:18.373+0000] {dagbag.py:538} INFO - Filling up the DagBag from /home/airflow/.local/lib/python3.8/site-packages/airflow/example_dags/example_local_kubernetes_executor.py
[2025-12-07T17:00:18.384+0000] {processor.py:840} INFO - DAG(s) 'example_local_kubernetes_executor' retrieved from /home/airflow/.local/lib/python3.8/site-packages/airflow/example_dags/example_local_kubernetes_executor.py
[2025-12-07T17:00:18.440+0000] {logging_mixin.py:188} INFO - [2025-12-07T17:00:18.440+0000] {dag.py:3036} INFO - Sync 1 DAGs
[2025-12-07T17:00:18.460+0000] {logging_mixin.py:188} INFO - [2025-12-07T17:00:18.460+0000] {dag.py:3823} INFO - Setting next_dagrun for example_local_kubernetes_executor to None, run_after=None
[2025-12-07T17:00:18.492+0000] {processor.py:183} INFO - Processing /home/airflow/.local/lib/python3.8/site-packages/airflow/example_dags/example_local_kubernetes_executor.py took 0.128 seconds
[2025-12-07T17:00:48.606+0000] {processor.py:161} INFO - Started process (PID=7831) to work on /home/airflow/.local/lib/python3.8/site-packages/airflow/example_dags/example_local_kubernetes_executor.py
[2025-12-07T17:00:48.607+0000] {processor.py:830} INFO - Processing file /home/airflow/.local/lib/python3.8/site-packages/airflow/example_dags/example_local_kubernetes_executor.py for tasks to queue
[2025-12-07T17:00:48.609+0000] {logging_mixin.py:188} INFO - [2025-12-07T17:00:48.609+0000] {dagbag.py:538} INFO - Filling up the DagBag from /home/airflow/.local/lib/python3.8/site-packages/airflow/example_dags/example_local_kubernetes_executor.py
[2025-12-07T17:00:48.620+0000] {processor.py:840} INFO - DAG(s) 'example_local_kubernetes_executor' retrieved from /home/airflow/.local/lib/python3.8/site-packages/airflow/example_dags/example_local_kubernetes_executor.py
[2025-12-07T17:00:48.675+0000] {logging_mixin.py:188} INFO - [2025-12-07T17:00:48.675+0000] {dag.py:3036} INFO - Sync 1 DAGs
[2025-12-07T17:00:48.693+0000] {logging_mixin.py:188} INFO - [2025-12-07T17:00:48.693+0000] {dag.py:3823} INFO - Setting next_dagrun for example_local_kubernetes_executor to None, run_after=None
[2025-12-07T17:00:48.731+0000] {processor.py:183} INFO - Processing /home/airflow/.local/lib/python3.8/site-packages/airflow/example_dags/example_local_kubernetes_executor.py took 0.130 seconds
[2025-12-07T17:01:19.239+0000] {processor.py:161} INFO - Started process (PID=7892) to work on /home/airflow/.local/lib/python3.8/site-packages/airflow/example_dags/example_local_kubernetes_executor.py
[2025-12-07T17:01:19.240+0000] {processor.py:830} INFO - Processing file /home/airflow/.local/lib/python3.8/site-packages/airflow/example_dags/example_local_kubernetes_executor.py for tasks to queue
[2025-12-07T17:01:19.243+0000] {logging_mixin.py:188} INFO - [2025-12-07T17:01:19.242+0000] {dagbag.py:538} INFO - Filling up the DagBag from /home/airflow/.local/lib/python3.8/site-packages/airflow/example_dags/example_local_kubernetes_executor.py
[2025-12-07T17:01:19.254+0000] {processor.py:840} INFO - DAG(s) 'example_local_kubernetes_executor' retrieved from /home/airflow/.local/lib/python3.8/site-packages/airflow/example_dags/example_local_kubernetes_executor.py
[2025-12-07T17:01:19.303+0000] {logging_mixin.py:188} INFO - [2025-12-07T17:01:19.302+0000] {dag.py:3036} INFO - Sync 1 DAGs
[2025-12-07T17:01:19.319+0000] {logging_mixin.py:188} INFO - [2025-12-07T17:01:19.319+0000] {dag.py:3823} INFO - Setting next_dagrun for example_local_kubernetes_executor to None, run_after=None
[2025-12-07T17:01:19.351+0000] {processor.py:183} INFO - Processing /home/airflow/.local/lib/python3.8/site-packages/airflow/example_dags/example_local_kubernetes_executor.py took 0.117 seconds
[2025-12-07T17:01:49.467+0000] {processor.py:161} INFO - Started process (PID=7953) to work on /home/airflow/.local/lib/python3.8/site-packages/airflow/example_dags/example_local_kubernetes_executor.py
[2025-12-07T17:01:49.469+0000] {processor.py:830} INFO - Processing file /home/airflow/.local/lib/python3.8/site-packages/airflow/example_dags/example_local_kubernetes_executor.py for tasks to queue
[2025-12-07T17:01:49.472+0000] {logging_mixin.py:188} INFO - [2025-12-07T17:01:49.472+0000] {dagbag.py:538} INFO - Filling up the DagBag from /home/airflow/.local/lib/python3.8/site-packages/airflow/example_dags/example_local_kubernetes_executor.py
[2025-12-07T17:01:49.487+0000] {processor.py:840} INFO - DAG(s) 'example_local_kubernetes_executor' retrieved from /home/airflow/.local/lib/python3.8/site-packages/airflow/example_dags/example_local_kubernetes_executor.py
[2025-12-07T17:01:49.537+0000] {logging_mixin.py:188} INFO - [2025-12-07T17:01:49.537+0000] {dag.py:3036} INFO - Sync 1 DAGs
[2025-12-07T17:01:49.553+0000] {logging_mixin.py:188} INFO - [2025-12-07T17:01:49.553+0000] {dag.py:3823} INFO - Setting next_dagrun for example_local_kubernetes_executor to None, run_after=None
[2025-12-07T17:01:49.582+0000] {processor.py:183} INFO - Processing /home/airflow/.local/lib/python3.8/site-packages/airflow/example_dags/example_local_kubernetes_executor.py took 0.120 seconds
[2025-12-07T17:02:19.778+0000] {processor.py:161} INFO - Started process (PID=8014) to work on /home/airflow/.local/lib/python3.8/site-packages/airflow/example_dags/example_local_kubernetes_executor.py
[2025-12-07T17:02:19.781+0000] {processor.py:830} INFO - Processing file /home/airflow/.local/lib/python3.8/site-packages/airflow/example_dags/example_local_kubernetes_executor.py for tasks to queue
[2025-12-07T17:02:19.786+0000] {logging_mixin.py:188} INFO - [2025-12-07T17:02:19.785+0000] {dagbag.py:538} INFO - Filling up the DagBag from /home/airflow/.local/lib/python3.8/site-packages/airflow/example_dags/example_local_kubernetes_executor.py
[2025-12-07T17:02:19.808+0000] {processor.py:840} INFO - DAG(s) 'example_local_kubernetes_executor' retrieved from /home/airflow/.local/lib/python3.8/site-packages/airflow/example_dags/example_local_kubernetes_executor.py
[2025-12-07T17:02:19.866+0000] {logging_mixin.py:188} INFO - [2025-12-07T17:02:19.865+0000] {dag.py:3036} INFO - Sync 1 DAGs
[2025-12-07T17:02:19.891+0000] {logging_mixin.py:188} INFO - [2025-12-07T17:02:19.891+0000] {dag.py:3823} INFO - Setting next_dagrun for example_local_kubernetes_executor to None, run_after=None
[2025-12-07T17:02:19.928+0000] {processor.py:183} INFO - Processing /home/airflow/.local/lib/python3.8/site-packages/airflow/example_dags/example_local_kubernetes_executor.py took 0.157 seconds
[2025-12-07T17:02:50.011+0000] {processor.py:161} INFO - Started process (PID=8074) to work on /home/airflow/.local/lib/python3.8/site-packages/airflow/example_dags/example_local_kubernetes_executor.py
[2025-12-07T17:02:50.012+0000] {processor.py:830} INFO - Processing file /home/airflow/.local/lib/python3.8/site-packages/airflow/example_dags/example_local_kubernetes_executor.py for tasks to queue
[2025-12-07T17:02:50.015+0000] {logging_mixin.py:188} INFO - [2025-12-07T17:02:50.014+0000] {dagbag.py:538} INFO - Filling up the DagBag from /home/airflow/.local/lib/python3.8/site-packages/airflow/example_dags/example_local_kubernetes_executor.py
[2025-12-07T17:02:50.025+0000] {processor.py:840} INFO - DAG(s) 'example_local_kubernetes_executor' retrieved from /home/airflow/.local/lib/python3.8/site-packages/airflow/example_dags/example_local_kubernetes_executor.py
[2025-12-07T17:02:50.068+0000] {logging_mixin.py:188} INFO - [2025-12-07T17:02:50.068+0000] {dag.py:3036} INFO - Sync 1 DAGs
[2025-12-07T17:02:50.083+0000] {logging_mixin.py:188} INFO - [2025-12-07T17:02:50.083+0000] {dag.py:3823} INFO - Setting next_dagrun for example_local_kubernetes_executor to None, run_after=None
[2025-12-07T17:02:50.109+0000] {processor.py:183} INFO - Processing /home/airflow/.local/lib/python3.8/site-packages/airflow/example_dags/example_local_kubernetes_executor.py took 0.103 seconds
[2025-12-07T17:03:20.193+0000] {processor.py:161} INFO - Started process (PID=8135) to work on /home/airflow/.local/lib/python3.8/site-packages/airflow/example_dags/example_local_kubernetes_executor.py
[2025-12-07T17:03:20.194+0000] {processor.py:830} INFO - Processing file /home/airflow/.local/lib/python3.8/site-packages/airflow/example_dags/example_local_kubernetes_executor.py for tasks to queue
[2025-12-07T17:03:20.196+0000] {logging_mixin.py:188} INFO - [2025-12-07T17:03:20.196+0000] {dagbag.py:538} INFO - Filling up the DagBag from /home/airflow/.local/lib/python3.8/site-packages/airflow/example_dags/example_local_kubernetes_executor.py
[2025-12-07T17:03:20.206+0000] {processor.py:840} INFO - DAG(s) 'example_local_kubernetes_executor' retrieved from /home/airflow/.local/lib/python3.8/site-packages/airflow/example_dags/example_local_kubernetes_executor.py
[2025-12-07T17:03:20.251+0000] {logging_mixin.py:188} INFO - [2025-12-07T17:03:20.250+0000] {dag.py:3036} INFO - Sync 1 DAGs
[2025-12-07T17:03:20.264+0000] {logging_mixin.py:188} INFO - [2025-12-07T17:03:20.264+0000] {dag.py:3823} INFO - Setting next_dagrun for example_local_kubernetes_executor to None, run_after=None
[2025-12-07T17:03:20.290+0000] {processor.py:183} INFO - Processing /home/airflow/.local/lib/python3.8/site-packages/airflow/example_dags/example_local_kubernetes_executor.py took 0.101 seconds
[2025-12-07T17:03:50.922+0000] {processor.py:161} INFO - Started process (PID=8197) to work on /home/airflow/.local/lib/python3.8/site-packages/airflow/example_dags/example_local_kubernetes_executor.py
[2025-12-07T17:03:50.923+0000] {processor.py:830} INFO - Processing file /home/airflow/.local/lib/python3.8/site-packages/airflow/example_dags/example_local_kubernetes_executor.py for tasks to queue
[2025-12-07T17:03:50.926+0000] {logging_mixin.py:188} INFO - [2025-12-07T17:03:50.925+0000] {dagbag.py:538} INFO - Filling up the DagBag from /home/airflow/.local/lib/python3.8/site-packages/airflow/example_dags/example_local_kubernetes_executor.py
[2025-12-07T17:03:50.941+0000] {processor.py:840} INFO - DAG(s) 'example_local_kubernetes_executor' retrieved from /home/airflow/.local/lib/python3.8/site-packages/airflow/example_dags/example_local_kubernetes_executor.py
[2025-12-07T17:03:50.994+0000] {logging_mixin.py:188} INFO - [2025-12-07T17:03:50.994+0000] {dag.py:3036} INFO - Sync 1 DAGs
[2025-12-07T17:03:51.012+0000] {logging_mixin.py:188} INFO - [2025-12-07T17:03:51.012+0000] {dag.py:3823} INFO - Setting next_dagrun for example_local_kubernetes_executor to None, run_after=None
[2025-12-07T17:03:51.048+0000] {processor.py:183} INFO - Processing /home/airflow/.local/lib/python3.8/site-packages/airflow/example_dags/example_local_kubernetes_executor.py took 0.131 seconds
[2025-12-07T17:04:21.279+0000] {processor.py:161} INFO - Started process (PID=8258) to work on /home/airflow/.local/lib/python3.8/site-packages/airflow/example_dags/example_local_kubernetes_executor.py
[2025-12-07T17:04:21.280+0000] {processor.py:830} INFO - Processing file /home/airflow/.local/lib/python3.8/site-packages/airflow/example_dags/example_local_kubernetes_executor.py for tasks to queue
[2025-12-07T17:04:21.286+0000] {logging_mixin.py:188} INFO - [2025-12-07T17:04:21.286+0000] {dagbag.py:538} INFO - Filling up the DagBag from /home/airflow/.local/lib/python3.8/site-packages/airflow/example_dags/example_local_kubernetes_executor.py
[2025-12-07T17:04:21.298+0000] {processor.py:840} INFO - DAG(s) 'example_local_kubernetes_executor' retrieved from /home/airflow/.local/lib/python3.8/site-packages/airflow/example_dags/example_local_kubernetes_executor.py
[2025-12-07T17:04:21.346+0000] {logging_mixin.py:188} INFO - [2025-12-07T17:04:21.346+0000] {dag.py:3036} INFO - Sync 1 DAGs
[2025-12-07T17:04:21.361+0000] {logging_mixin.py:188} INFO - [2025-12-07T17:04:21.361+0000] {dag.py:3823} INFO - Setting next_dagrun for example_local_kubernetes_executor to None, run_after=None
[2025-12-07T17:04:21.393+0000] {processor.py:183} INFO - Processing /home/airflow/.local/lib/python3.8/site-packages/airflow/example_dags/example_local_kubernetes_executor.py took 0.119 seconds
[2025-12-07T17:04:51.897+0000] {processor.py:161} INFO - Started process (PID=8319) to work on /home/airflow/.local/lib/python3.8/site-packages/airflow/example_dags/example_local_kubernetes_executor.py
[2025-12-07T17:04:51.899+0000] {processor.py:830} INFO - Processing file /home/airflow/.local/lib/python3.8/site-packages/airflow/example_dags/example_local_kubernetes_executor.py for tasks to queue
[2025-12-07T17:04:51.905+0000] {logging_mixin.py:188} INFO - [2025-12-07T17:04:51.904+0000] {dagbag.py:538} INFO - Filling up the DagBag from /home/airflow/.local/lib/python3.8/site-packages/airflow/example_dags/example_local_kubernetes_executor.py
[2025-12-07T17:04:51.917+0000] {processor.py:840} INFO - DAG(s) 'example_local_kubernetes_executor' retrieved from /home/airflow/.local/lib/python3.8/site-packages/airflow/example_dags/example_local_kubernetes_executor.py
[2025-12-07T17:04:51.965+0000] {logging_mixin.py:188} INFO - [2025-12-07T17:04:51.965+0000] {dag.py:3036} INFO - Sync 1 DAGs
[2025-12-07T17:04:51.980+0000] {logging_mixin.py:188} INFO - [2025-12-07T17:04:51.980+0000] {dag.py:3823} INFO - Setting next_dagrun for example_local_kubernetes_executor to None, run_after=None
[2025-12-07T17:04:52.012+0000] {processor.py:183} INFO - Processing /home/airflow/.local/lib/python3.8/site-packages/airflow/example_dags/example_local_kubernetes_executor.py took 0.121 seconds
